# Blender 5.2.0 Alpha
# www.blender.org
mtllib FirstFloorPillars0.mtl
o FirstFloorPillars0
v 7.808880 4.057119 -2.200455
v 7.808880 4.057119 -2.200455
v 7.453113 4.057119 -2.200455
v 7.453113 4.057119 -2.200455
v 7.453113 4.076299 -2.200455
v 7.453113 4.076299 -2.200455
v 7.453113 4.076299 -2.200455
v 7.453113 4.076299 -2.200455
v 7.058987 4.057119 -2.200455
v 7.058987 4.057119 -2.200455
v 7.058987 4.076299 -2.200455
v 7.058987 4.076299 -2.200455
v 7.058987 4.076299 -2.200455
v 7.058987 4.076299 -2.200455
v 7.052274 4.057119 -2.193743
v 7.052274 4.057119 -2.193743
v 7.052274 4.076299 -2.193743
v 7.052274 4.076299 -2.193743
v 7.052274 4.076299 -2.193743
v 7.052274 4.057119 -1.639473
v 7.052274 4.057119 -1.639473
v 7.052274 4.076299 -1.639473
v 7.052274 4.076299 -1.639473
v 7.052274 4.076299 -1.639473
v 7.058987 4.057119 -1.632761
v 7.058987 4.057119 -1.632761
v 7.058987 4.076299 -1.632761
v 7.058987 4.076299 -1.632761
v 7.058987 4.076299 -1.632761
v 7.241186 4.076299 -1.632761
v 7.241186 4.076299 -1.632761
v 7.241186 4.076299 -1.632761
v 7.241186 4.076299 -1.632761
v 7.241186 4.057119 -1.632761
v 7.241186 4.057119 -1.632761
v 7.241186 4.057119 -1.450562
v 7.241186 4.057119 -1.450562
v 7.241186 4.076299 -1.450562
v 7.241186 4.076299 -1.450562
v 7.241186 4.076299 -1.450562
v 7.247899 4.076299 -1.443849
v 7.247899 4.076299 -1.443849
v 7.247899 4.076299 -1.443849
v 7.247899 4.057119 -1.443849
v 7.247899 4.057119 -1.443849
v 7.802168 4.076299 -1.443849
v 7.802168 4.076299 -1.443849
v 7.802168 4.076299 -1.443849
v 7.802168 4.057119 -1.443849
v 7.802168 4.057119 -1.443849
v 7.808880 4.076299 -1.450562
v 7.808880 4.076299 -1.450562
v 7.808880 4.076299 -1.450562
v 7.808880 4.076299 -1.450562
v 7.808880 4.057119 -1.450562
v 7.808880 4.057119 -1.450562
v 7.808880 4.076299 -1.844687
v 7.808880 4.076299 -1.844687
v 7.808880 4.076299 -1.844687
v 7.808880 4.076299 -1.844687
v 7.808880 4.057119 -1.844687
v 7.808880 4.057119 -1.844687
v 7.808880 4.076299 -2.200455
v 7.808880 4.076299 -2.200455
v 7.808880 4.076299 -2.200455
v 7.808880 4.076299 -2.200455
v 7.820387 4.076299 -2.211962
v 7.820387 4.076299 -2.211962
v 7.820387 4.076299 -2.211962
v 7.820387 4.076299 -2.211962
v 7.453113 4.076299 -2.211962
v 7.453113 4.076299 -2.211962
v 7.453113 4.076299 -2.211962
v 7.453113 4.076299 -2.211962
v 7.054192 4.076299 -2.211962
v 7.054192 4.076299 -2.211962
v 7.054192 4.076299 -2.211962
v 7.054192 4.076299 -2.211962
v 7.040767 4.076299 -2.198537
v 7.040767 4.076299 -2.198537
v 7.040767 4.076299 -2.198537
v 7.040767 4.076299 -1.634679
v 7.040767 4.076299 -1.634679
v 7.040767 4.076299 -1.634679
v 7.054192 4.076299 -1.621253
v 7.054192 4.076299 -1.621253
v 7.054192 4.076299 -1.621253
v 7.229678 4.076299 -1.621253
v 7.229678 4.076299 -1.621253
v 7.229678 4.076299 -1.621253
v 7.229678 4.076299 -1.621253
v 7.229678 4.076299 -1.445767
v 7.229678 4.076299 -1.445767
v 7.229678 4.076299 -1.445767
v 7.243104 4.076299 -1.432342
v 7.243104 4.076299 -1.432342
v 7.243104 4.076299 -1.432342
v 7.806962 4.076299 -1.432342
v 7.806962 4.076299 -1.432342
v 7.806962 4.076299 -1.432342
v 7.820387 4.076299 -1.445767
v 7.820387 4.076299 -1.445767
v 7.820387 4.076299 -1.445767
v 7.820387 4.076299 -1.445767
v 7.820387 4.076299 -1.844687
v 7.820387 4.076299 -1.844687
v 7.820387 4.076299 -1.844687
v 7.820387 4.076299 -1.844687
v 7.820387 4.094518 -2.211962
v 7.820387 4.094518 -2.211962
v 7.820387 4.094518 -2.211962
v 7.820387 4.094518 -2.211962
v 7.453113 4.094518 -2.211962
v 7.453113 4.094518 -2.211962
v 7.453113 4.094518 -2.211962
v 7.453113 4.094518 -2.211962
v 7.054192 4.094518 -2.211962
v 7.054192 4.094518 -2.211962
v 7.054192 4.094518 -2.211962
v 7.054192 4.094518 -2.211962
v 7.040767 4.094518 -2.198537
v 7.040767 4.094518 -2.198537
v 7.040767 4.094518 -2.198537
v 7.040767 4.094518 -1.634679
v 7.040767 4.094518 -1.634679
v 7.040767 4.094518 -1.634679
v 7.054192 4.094518 -1.621253
v 7.054192 4.094518 -1.621253
v 7.054192 4.094518 -1.621253
v 7.229678 4.094518 -1.621253
v 7.229678 4.094518 -1.621253
v 7.229678 4.094518 -1.621253
v 7.229678 4.094518 -1.621253
v 7.229678 4.094518 -1.445767
v 7.229678 4.094518 -1.445767
v 7.229678 4.094518 -1.445767
v 7.243104 4.094518 -1.432342
v 7.243104 4.094518 -1.432342
v 7.243104 4.094518 -1.432342
v 7.806962 4.094518 -1.432342
v 7.806962 4.094518 -1.432342
v 7.806962 4.094518 -1.432342
v 7.820387 4.094518 -1.445767
v 7.820387 4.094518 -1.445767
v 7.820387 4.094518 -1.445767
v 7.820387 4.094518 -1.445767
v 7.820387 4.094518 -1.844687
v 7.820387 4.094518 -1.844687
v 7.820387 4.094518 -1.844687
v 7.820387 4.094518 -1.844687
v 7.808880 4.094518 -1.844687
v 7.808880 4.094518 -1.844687
v 7.808880 4.094518 -1.844687
v 7.808880 4.094518 -1.844687
v 7.808880 4.094518 -2.200455
v 7.808880 4.094518 -2.200455
v 7.808880 4.094518 -2.200455
v 7.808880 4.094518 -2.200455
v 7.453113 4.094518 -2.200455
v 7.453113 4.094518 -2.200455
v 7.453113 4.094518 -2.200455
v 7.453113 4.094518 -2.200455
v 7.058987 4.094518 -2.200455
v 7.058987 4.094518 -2.200455
v 7.058987 4.094518 -2.200455
v 7.058987 4.094518 -2.200455
v 7.052274 4.094518 -2.193743
v 7.052274 4.094518 -2.193743
v 7.052274 4.094518 -2.193743
v 7.052274 4.094518 -1.639473
v 7.052274 4.094518 -1.639473
v 7.052274 4.094518 -1.639473
v 7.058987 4.094518 -1.632761
v 7.058987 4.094518 -1.632761
v 7.058987 4.094518 -1.632761
v 7.241186 4.094518 -1.632761
v 7.241186 4.094518 -1.632761
v 7.241186 4.094518 -1.632761
v 7.241186 4.094518 -1.632761
v 7.241186 4.094518 -1.450562
v 7.241186 4.094518 -1.450562
v 7.241186 4.094518 -1.450562
v 7.247899 4.094518 -1.443849
v 7.247899 4.094518 -1.443849
v 7.247899 4.094518 -1.443849
v 7.802168 4.094518 -1.443849
v 7.802168 4.094518 -1.443849
v 7.802168 4.094518 -1.443849
v 7.808880 4.094518 -1.450562
v 7.808880 4.094518 -1.450562
v 7.808880 4.094518 -1.450562
v 7.808880 4.094518 -1.450562
v 7.753262 4.150137 -1.504262
v 7.753262 4.150137 -1.504262
v 7.753262 4.150137 -1.504262
v 7.753262 4.150137 -1.504262
v 7.753262 4.150137 -1.844687
v 7.753262 4.150137 -1.844687
v 7.753262 4.150137 -1.844687
v 7.753262 4.150137 -1.844687
v 7.753262 4.150137 -2.144836
v 7.753262 4.150137 -2.144836
v 7.753262 4.150137 -2.144836
v 7.753262 4.150137 -2.144836
v 7.453113 4.150137 -2.144836
v 7.453113 4.150137 -2.144836
v 7.453113 4.150137 -2.144836
v 7.453113 4.150137 -2.144836
v 7.112688 4.150137 -2.144836
v 7.112688 4.150137 -2.144836
v 7.112688 4.150137 -2.144836
v 7.112688 4.150137 -2.144836
v 7.107893 4.150137 -2.139083
v 7.107893 4.150137 -2.139083
v 7.107893 4.150137 -2.139083
v 7.107893 4.150137 -2.139083
v 7.107893 4.150137 -1.693174
v 7.107893 4.150137 -1.693174
v 7.107893 4.150137 -1.693174
v 7.107893 4.150137 -1.693174
v 7.112688 4.150137 -1.688380
v 7.112688 4.150137 -1.688380
v 7.112688 4.150137 -1.688380
v 7.112688 4.150137 -1.688380
v 7.296804 4.150137 -1.688380
v 7.296804 4.150137 -1.688380
v 7.296804 4.150137 -1.688380
v 7.296804 4.150137 -1.688380
v 7.296804 4.150137 -1.504262
v 7.296804 4.150137 -1.504262
v 7.296804 4.150137 -1.504262
v 7.296804 4.150137 -1.504262
v 7.301600 4.150137 -1.499468
v 7.301600 4.150137 -1.499468
v 7.301600 4.150137 -1.499468
v 7.301600 4.150137 -1.499468
v 7.747508 4.150137 -1.499468
v 7.747508 4.150137 -1.499468
v 7.747508 4.150137 -1.499468
v 7.747508 4.150137 -1.499468
v 7.757097 4.156850 -1.500427
v 7.757097 4.156850 -1.500427
v 7.757097 4.156850 -1.500427
v 7.757097 4.156850 -1.844687
v 7.757097 4.156850 -1.844687
v 7.757097 4.156850 -1.844687
v 7.757097 4.156850 -1.844687
v 7.757097 4.156850 -2.148672
v 7.757097 4.156850 -2.148672
v 7.757097 4.156850 -2.148672
v 7.757097 4.156850 -2.148672
v 7.453113 4.156850 -2.148672
v 7.453113 4.156850 -2.148672
v 7.453113 4.156850 -2.148672
v 7.453113 4.156850 -2.148672
v 7.108852 4.156850 -2.148672
v 7.108852 4.156850 -2.148672
v 7.108852 4.156850 -2.148672
v 7.103098 4.156850 -2.143878
v 7.103098 4.156850 -2.143878
v 7.103098 4.156850 -2.143878
v 7.103098 4.156850 -1.689338
v 7.103098 4.156850 -1.689338
v 7.103098 4.156850 -1.689338
v 7.108852 4.156850 -1.684544
v 7.108852 4.156850 -1.684544
v 7.108852 4.156850 -1.684544
v 7.292969 4.156850 -1.684544
v 7.292969 4.156850 -1.684544
v 7.292969 4.156850 -1.684544
v 7.292969 4.156850 -1.684544
v 7.292969 4.156850 -1.500427
v 7.292969 4.156850 -1.500427
v 7.292969 4.156850 -1.500427
v 7.297763 4.156850 -1.494673
v 7.297763 4.156850 -1.494673
v 7.297763 4.156850 -1.494673
v 7.752303 4.156850 -1.494673
v 7.752303 4.156850 -1.494673
v 7.752303 4.156850 -1.494673
v 7.748466 4.162603 -1.509057
v 7.748466 4.162603 -1.509057
v 7.748466 4.162603 -1.509057
v 7.748466 4.162603 -1.844687
v 7.748466 4.162603 -1.844687
v 7.748466 4.162603 -1.844687
v 7.748466 4.162603 -1.844687
v 7.748466 4.162603 -2.140042
v 7.748466 4.162603 -2.140042
v 7.748466 4.162603 -2.140042
v 7.748466 4.162603 -2.140042
v 7.453113 4.162603 -2.140042
v 7.453113 4.162603 -2.140042
v 7.453113 4.162603 -2.140042
v 7.453113 4.162603 -2.140042
v 7.117482 4.162603 -2.140042
v 7.117482 4.162603 -2.140042
v 7.117482 4.162603 -2.140042
v 7.112688 4.162603 -2.134288
v 7.112688 4.162603 -2.134288
v 7.112688 4.162603 -2.134288
v 7.112688 4.162603 -1.698928
v 7.112688 4.162603 -1.698928
v 7.112688 4.162603 -1.698928
v 7.117482 4.162603 -1.693174
v 7.117482 4.162603 -1.693174
v 7.117482 4.162603 -1.693174
v 7.301600 4.162603 -1.693174
v 7.301600 4.162603 -1.693174
v 7.301600 4.162603 -1.693174
v 7.301600 4.162603 -1.693174
v 7.301600 4.162603 -1.509057
v 7.301600 4.162603 -1.509057
v 7.301600 4.162603 -1.509057
v 7.307353 4.162603 -1.504262
v 7.307353 4.162603 -1.504262
v 7.307353 4.162603 -1.504262
v 7.742713 4.162603 -1.504262
v 7.742713 4.162603 -1.504262
v 7.742713 4.162603 -1.504262
v 7.742713 5.282649 -1.504262
v 7.742713 5.282649 -1.504262
v 7.742713 5.282649 -1.504262
v 7.742713 5.282649 -1.504262
v 7.748466 5.282649 -1.510016
v 7.748466 5.282649 -1.510016
v 7.748466 5.282649 -1.510016
v 7.748466 5.282649 -1.510016
v 7.748466 5.282649 -1.844687
v 7.748466 5.282649 -1.844687
v 7.748466 5.282649 -1.844687
v 7.748466 5.282649 -1.844687
v 7.748466 5.282649 -2.140042
v 7.748466 5.282649 -2.140042
v 7.748466 5.282649 -2.140042
v 7.748466 5.282649 -2.140042
v 7.453113 5.282649 -2.140042
v 7.453113 5.282649 -2.140042
v 7.453113 5.282649 -2.140042
v 7.453113 5.282649 -2.140042
v 7.118441 5.282649 -2.140042
v 7.118441 5.282649 -2.140042
v 7.118441 5.282649 -2.140042
v 7.118441 5.282649 -2.140042
v 7.112688 5.282649 -2.134288
v 7.112688 5.282649 -2.134288
v 7.112688 5.282649 -2.134288
v 7.112688 5.282649 -2.134288
v 7.112688 5.282649 -1.698928
v 7.112688 5.282649 -1.698928
v 7.112688 5.282649 -1.698928
v 7.112688 5.282649 -1.698928
v 7.118441 5.282649 -1.693174
v 7.118441 5.282649 -1.693174
v 7.118441 5.282649 -1.693174
v 7.118441 5.282649 -1.693174
v 7.301600 5.282649 -1.693174
v 7.301600 5.282649 -1.693174
v 7.301600 5.282649 -1.693174
v 7.301600 5.282649 -1.693174
v 7.301600 5.282649 -1.510016
v 7.301600 5.282649 -1.510016
v 7.301600 5.282649 -1.510016
v 7.301600 5.282649 -1.510016
v 7.307353 5.282649 -1.504262
v 7.307353 5.282649 -1.504262
v 7.307353 5.282649 -1.504262
v 7.307353 5.282649 -1.504262
v 7.759974 5.297992 -1.486042
v 7.759974 5.297992 -1.486042
v 7.759974 5.297992 -1.486042
v 7.759974 5.297992 -1.486042
v 7.765728 5.297992 -1.492755
v 7.765728 5.297992 -1.492755
v 7.765728 5.297992 -1.492755
v 7.765728 5.297992 -1.492755
v 7.765728 5.297992 -1.844687
v 7.765728 5.297992 -1.844687
v 7.765728 5.297992 -1.844687
v 7.765728 5.297992 -1.844687
v 7.765728 5.297992 -2.157303
v 7.765728 5.297992 -2.157303
v 7.765728 5.297992 -2.157303
v 7.765728 5.297992 -2.157303
v 7.453113 5.297992 -2.157303
v 7.453113 5.297992 -2.157303
v 7.453113 5.297992 -2.157303
v 7.453113 5.297992 -2.157303
v 7.101181 5.297992 -2.157303
v 7.101181 5.297992 -2.157303
v 7.101181 5.297992 -2.157303
v 7.101181 5.297992 -2.157303
v 7.094469 5.297992 -2.151549
v 7.094469 5.297992 -2.151549
v 7.094469 5.297992 -2.151549
v 7.094469 5.297992 -2.151549
v 7.094469 5.297992 -1.681667
v 7.094469 5.297992 -1.681667
v 7.094469 5.297992 -1.681667
v 7.094469 5.297992 -1.681667
v 7.101181 5.297992 -1.675913
v 7.101181 5.297992 -1.675913
v 7.101181 5.297992 -1.675913
v 7.101181 5.297992 -1.675913
v 7.284338 5.297992 -1.675913
v 7.284338 5.297992 -1.675913
v 7.284338 5.297992 -1.675913
v 7.284338 5.297992 -1.675913
v 7.284338 5.297992 -1.492755
v 7.284338 5.297992 -1.492755
v 7.284338 5.297992 -1.492755
v 7.284338 5.297992 -1.492755
v 7.290092 5.297992 -1.486042
v 7.290092 5.297992 -1.486042
v 7.290092 5.297992 -1.486042
v 7.290092 5.297992 -1.486042
v 7.747508 5.314293 -1.499468
v 7.747508 5.314293 -1.499468
v 7.747508 5.314293 -1.499468
v 7.747508 5.314293 -1.499468
v 7.753262 5.314293 -1.505221
v 7.753262 5.314293 -1.505221
v 7.753262 5.314293 -1.505221
v 7.753262 5.314293 -1.505221
v 7.753262 5.314293 -1.844687
v 7.753262 5.314293 -1.844687
v 7.753262 5.314293 -1.844687
v 7.753262 5.314293 -1.844687
v 7.759015 5.365118 -1.844687
v 7.759015 5.365118 -1.844687
v 7.753262 5.314293 -2.144836
v 7.753262 5.314293 -2.144836
v 7.753262 5.314293 -2.144836
v 7.753262 5.314293 -2.144836
v 7.453113 5.314293 -2.144836
v 7.453113 5.314293 -2.144836
v 7.453113 5.314293 -2.144836
v 7.453113 5.314293 -2.144836
v 7.113647 5.314293 -2.144836
v 7.113647 5.314293 -2.144836
v 7.113647 5.314293 -2.144836
v 7.113647 5.314293 -2.144836
v 7.107893 5.314293 -2.139083
v 7.107893 5.314293 -2.139083
v 7.107893 5.314293 -2.139083
v 7.107893 5.314293 -2.139083
v 7.107893 5.314293 -1.694133
v 7.107893 5.314293 -1.694133
v 7.107893 5.314293 -1.694133
v 7.107893 5.314293 -1.694133
v 7.113647 5.314293 -1.688380
v 7.113647 5.314293 -1.688380
v 7.113647 5.314293 -1.688380
v 7.113647 5.314293 -1.688380
v 7.296804 5.314293 -1.688380
v 7.296804 5.314293 -1.688380
v 7.296804 5.314293 -1.688380
v 7.296804 5.314293 -1.688380
v 7.296804 5.314293 -1.505221
v 7.296804 5.314293 -1.505221
v 7.296804 5.314293 -1.505221
v 7.296804 5.314293 -1.505221
v 7.302558 5.314293 -1.499468
v 7.302558 5.314293 -1.499468
v 7.302558 5.314293 -1.499468
v 7.302558 5.314293 -1.499468
v 7.754220 5.365118 -1.493714
v 7.754220 5.365118 -1.493714
v 7.759015 5.365118 -1.498509
v 7.759015 5.365118 -1.498509
v 7.780112 5.437998 -1.844687
v 7.780112 5.437998 -1.844687
v 7.759015 5.365118 -2.150590
v 7.759015 5.365118 -2.150590
v 7.453113 5.365118 -2.150590
v 7.453113 5.365118 -2.150590
v 7.106934 5.365118 -2.150590
v 7.106934 5.365118 -2.150590
v 7.102139 5.365118 -2.145795
v 7.102139 5.365118 -2.145795
v 7.102139 5.365118 -1.687421
v 7.102139 5.365118 -1.687421
v 7.106934 5.365118 -1.682626
v 7.106934 5.365118 -1.682626
v 7.291051 5.365118 -1.682626
v 7.291051 5.365118 -1.682626
v 7.291051 5.365118 -1.498509
v 7.291051 5.365118 -1.498509
v 7.295846 5.365118 -1.493714
v 7.295846 5.365118 -1.493714
v 7.774358 5.437998 -1.472617
v 7.774358 5.437998 -1.472617
v 7.780112 5.437998 -1.478371
v 7.780112 5.437998 -1.478371
v 7.806962 5.492657 -1.451521
v 7.806962 5.492657 -1.451521
v 7.806962 5.492657 -1.451521
v 7.806962 5.492657 -1.451521
v 7.806962 5.492657 -1.844687
v 7.806962 5.492657 -1.844687
v 7.806962 5.492657 -1.844687
v 7.806962 5.492657 -1.844687
v 7.780112 5.437998 -2.171687
v 7.780112 5.437998 -2.171687
v 7.453113 5.437998 -2.171687
v 7.453113 5.437998 -2.171687
v 7.086797 5.437998 -2.171687
v 7.086797 5.437998 -2.171687
v 7.081043 5.437998 -2.165933
v 7.081043 5.437998 -2.165933
v 7.081043 5.437998 -1.667283
v 7.081043 5.437998 -1.667283
v 7.086797 5.437998 -1.661529
v 7.086797 5.437998 -1.661529
v 7.269955 5.437998 -1.661529
v 7.269955 5.437998 -1.661529
v 7.269955 5.437998 -1.478371
v 7.269955 5.437998 -1.478371
v 7.275708 5.437998 -1.472617
v 7.275708 5.437998 -1.472617
v 7.801208 5.492657 -1.445767
v 7.801208 5.492657 -1.445767
v 7.801208 5.492657 -1.445767
v 7.801208 5.492657 -1.445767
v 7.801208 5.528138 -1.445767
v 7.801208 5.528138 -1.445767
v 7.801208 5.528138 -1.445767
v 7.801208 5.528138 -1.445767
v 7.806962 5.528138 -1.451521
v 7.806962 5.528138 -1.451521
v 7.806962 5.528138 -1.451521
v 7.806962 5.528138 -1.451521
v 7.806962 5.528138 -1.844687
v 7.806962 5.528138 -1.844687
v 7.806962 5.528138 -1.844687
v 7.806962 5.528138 -1.844687
v 7.806962 5.492657 -2.198537
v 7.806962 5.492657 -2.198537
v 7.806962 5.492657 -2.198537
v 7.806962 5.492657 -2.198537
v 7.453113 5.492657 -2.198537
v 7.453113 5.492657 -2.198537
v 7.453113 5.492657 -2.198537
v 7.453113 5.492657 -2.198537
v 7.059946 5.492657 -2.198537
v 7.059946 5.492657 -2.198537
v 7.059946 5.492657 -2.198537
v 7.059946 5.492657 -2.198537
v 7.054192 5.528138 -2.192784
v 7.054192 5.528138 -2.192784
v 7.054192 5.528138 -2.192784
v 7.054192 5.528138 -2.192784
v 7.054192 5.492657 -2.192784
v 7.054192 5.492657 -2.192784
v 7.054192 5.492657 -2.192784
v 7.054192 5.492657 -2.192784
v 7.054192 5.492657 -1.640432
v 7.054192 5.492657 -1.640432
v 7.054192 5.492657 -1.640432
v 7.054192 5.492657 -1.640432
v 7.059946 5.492657 -1.634679
v 7.059946 5.492657 -1.634679
v 7.059946 5.492657 -1.634679
v 7.059946 5.492657 -1.634679
v 7.243104 5.492657 -1.634679
v 7.243104 5.492657 -1.634679
v 7.243104 5.492657 -1.634679
v 7.243104 5.492657 -1.634679
v 7.243104 5.492657 -1.451521
v 7.243104 5.492657 -1.451521
v 7.243104 5.492657 -1.451521
v 7.243104 5.492657 -1.451521
v 7.248858 5.492657 -1.445767
v 7.248858 5.492657 -1.445767
v 7.248858 5.492657 -1.445767
v 7.248858 5.492657 -1.445767
v 7.248858 5.528138 -1.445767
v 7.248858 5.528138 -1.445767
v 7.248858 5.528138 -1.445767
v 7.248858 5.528138 -1.445767
v 7.816552 5.545399 -1.429465
v 7.816552 5.545399 -1.429465
v 7.816552 5.545399 -1.429465
v 7.816552 5.545399 -1.429465
v 7.800250 5.562660 -1.445767
v 7.800250 5.562660 -1.445767
v 7.800250 5.562660 -1.445767
v 7.823264 5.545399 -1.436177
v 7.823264 5.545399 -1.436177
v 7.823264 5.545399 -1.436177
v 7.823264 5.545399 -1.436177
v 7.823264 5.545399 -1.844687
v 7.823264 5.545399 -1.844687
v 7.823264 5.545399 -1.844687
v 7.823264 5.545399 -1.844687
v 7.823264 5.545399 -2.214839
v 7.823264 5.545399 -2.214839
v 7.823264 5.545399 -2.214839
v 7.823264 5.545399 -2.214839
v 7.806962 5.528138 -2.198537
v 7.806962 5.528138 -2.198537
v 7.806962 5.528138 -2.198537
v 7.806962 5.528138 -2.198537
v 7.453113 5.528138 -2.198537
v 7.453113 5.528138 -2.198537
v 7.453113 5.528138 -2.198537
v 7.453113 5.528138 -2.198537
v 7.059946 5.528138 -2.198537
v 7.059946 5.528138 -2.198537
v 7.059946 5.528138 -2.198537
v 7.059946 5.528138 -2.198537
v 7.037890 5.545399 -2.208127
v 7.037890 5.545399 -2.208127
v 7.037890 5.545399 -2.208127
v 7.037890 5.545399 -2.208127
v 7.054192 5.528138 -1.640432
v 7.054192 5.528138 -1.640432
v 7.054192 5.528138 -1.640432
v 7.054192 5.528138 -1.640432
v 7.059946 5.528138 -1.634679
v 7.059946 5.528138 -1.634679
v 7.059946 5.528138 -1.634679
v 7.059946 5.528138 -1.634679
v 7.243104 5.528138 -1.634679
v 7.243104 5.528138 -1.634679
v 7.243104 5.528138 -1.634679
v 7.243104 5.528138 -1.634679
v 7.243104 5.528138 -1.451521
v 7.243104 5.528138 -1.451521
v 7.243104 5.528138 -1.451521
v 7.243104 5.528138 -1.451521
v 7.226802 5.545399 -1.436177
v 7.226802 5.545399 -1.436177
v 7.226802 5.545399 -1.436177
v 7.226802 5.545399 -1.436177
v 7.233514 5.545399 -1.429465
v 7.233514 5.545399 -1.429465
v 7.233514 5.545399 -1.429465
v 7.233514 5.545399 -1.429465
v 7.249817 5.562660 -1.445767
v 7.249817 5.562660 -1.445767
v 7.249817 5.562660 -1.445767
v 7.806962 5.562660 -1.452480
v 7.806962 5.562660 -1.452480
v 7.806962 5.562660 -1.452480
v 7.806962 5.562660 -1.844687
v 7.806962 5.562660 -1.844687
v 7.806962 5.562660 -1.844687
v 7.806962 5.562660 -1.844687
v 7.806962 5.562660 -2.198537
v 7.806962 5.562660 -2.198537
v 7.806962 5.562660 -2.198537
v 7.806962 5.562660 -2.198537
v 7.453113 5.545399 -2.214839
v 7.453113 5.545399 -2.214839
v 7.453113 5.545399 -2.214839
v 7.453113 5.545399 -2.214839
v 7.044603 5.545399 -2.214839
v 7.044603 5.545399 -2.214839
v 7.044603 5.545399 -2.214839
v 7.044603 5.545399 -2.214839
v 7.054192 5.562660 -2.191825
v 7.054192 5.562660 -2.191825
v 7.054192 5.562660 -2.191825
v 7.037890 5.545399 -1.625089
v 7.037890 5.545399 -1.625089
v 7.037890 5.545399 -1.625089
v 7.037890 5.545399 -1.625089
v 7.044603 5.545399 -1.618376
v 7.044603 5.545399 -1.618376
v 7.044603 5.545399 -1.618376
v 7.044603 5.545399 -1.618376
v 7.226802 5.545399 -1.618376
v 7.226802 5.545399 -1.618376
v 7.226802 5.545399 -1.618376
v 7.226802 5.545399 -1.618376
v 7.243104 5.562660 -1.452480
v 7.243104 5.562660 -1.452480
v 7.243104 5.562660 -1.452480
v 7.453113 5.562660 -1.844687
v 7.453113 5.562660 -1.844687
v 7.453113 5.562660 -1.844687
v 7.453113 5.562660 -1.844687
v 7.453113 5.562660 -2.198537
v 7.453113 5.562660 -2.198537
v 7.453113 5.562660 -2.198537
v 7.453113 5.562660 -2.198537
v 7.060905 5.562660 -2.198537
v 7.060905 5.562660 -2.198537
v 7.060905 5.562660 -2.198537
v 7.054192 5.562660 -1.641391
v 7.054192 5.562660 -1.641391
v 7.054192 5.562660 -1.641391
v 7.060905 5.562660 -1.634679
v 7.060905 5.562660 -1.634679
v 7.060905 5.562660 -1.634679
v 7.243104 5.562660 -1.634679
v 7.243104 5.562660 -1.634679
v 7.243104 5.562660 -1.634679
v 7.243104 5.562660 -1.634679
v 4.695193 4.057119 -1.632761
v 4.695193 4.057119 -1.632761
v 4.701906 4.057119 -1.639473
v 4.701906 4.057119 -1.639473
v 4.701906 4.076299 -1.639473
v 4.701906 4.076299 -1.639473
v 4.701906 4.076299 -1.639473
v 4.701906 4.076299 -2.193743
v 4.701906 4.076299 -2.193743
v 4.701906 4.076299 -2.193743
v 4.701906 4.057119 -2.193743
v 4.701906 4.057119 -2.193743
v 4.695193 4.076299 -2.200455
v 4.695193 4.076299 -2.200455
v 4.695193 4.076299 -2.200455
v 4.695193 4.057119 -2.200455
v 4.695193 4.057119 -2.200455
v 4.140924 4.076299 -2.200455
v 4.140924 4.076299 -2.200455
v 4.140924 4.076299 -2.200455
v 4.140924 4.057119 -2.200455
v 4.140924 4.057119 -2.200455
v 4.134212 4.076299 -2.193743
v 4.134212 4.076299 -2.193743
v 4.134212 4.076299 -2.193743
v 4.134212 4.057119 -2.193743
v 4.134212 4.057119 -2.193743
v 4.134212 4.076299 -1.639473
v 4.134212 4.076299 -1.639473
v 4.134212 4.076299 -1.639473
v 4.134212 4.057119 -1.639473
v 4.134212 4.057119 -1.639473
v 4.140924 4.076299 -1.632761
v 4.140924 4.076299 -1.632761
v 4.140924 4.076299 -1.632761
v 4.140924 4.076299 -1.632761
v 4.140924 4.057119 -1.632761
v 4.140924 4.057119 -1.632761
v 4.695193 4.076299 -1.632761
v 4.695193 4.076299 -1.632761
v 4.695193 4.076299 -1.632761
v 4.699988 4.076299 -1.621253
v 4.699988 4.076299 -1.621253
v 4.699988 4.076299 -1.621253
v 4.713414 4.076299 -1.634679
v 4.713414 4.076299 -1.634679
v 4.713414 4.076299 -1.634679
v 4.713414 4.076299 -2.198537
v 4.713414 4.076299 -2.198537
v 4.713414 4.076299 -2.198537
v 4.699988 4.076299 -2.211962
v 4.699988 4.076299 -2.211962
v 4.699988 4.076299 -2.211962
v 4.136129 4.076299 -2.211962
v 4.136129 4.076299 -2.211962
v 4.136129 4.076299 -2.211962
v 4.122705 4.076299 -2.198537
v 4.122705 4.076299 -2.198537
v 4.122705 4.076299 -2.198537
v 4.122705 4.076299 -1.634679
v 4.122705 4.076299 -1.634679
v 4.122705 4.076299 -1.634679
v 4.136129 4.076299 -1.621253
v 4.136129 4.076299 -1.621253
v 4.136129 4.076299 -1.621253
v 4.136129 4.076299 -1.621253
v 4.136129 4.094518 -1.621253
v 4.136129 4.094518 -1.621253
v 4.136129 4.094518 -1.621253
v 4.136129 4.094518 -1.621253
v 4.699988 4.094518 -1.621253
v 4.699988 4.094518 -1.621253
v 4.699988 4.094518 -1.621253
v 4.713414 4.094518 -1.634679
v 4.713414 4.094518 -1.634679
v 4.713414 4.094518 -1.634679
v 4.713414 4.094518 -2.198537
v 4.713414 4.094518 -2.198537
v 4.713414 4.094518 -2.198537
v 4.699988 4.094518 -2.211962
v 4.699988 4.094518 -2.211962
v 4.699988 4.094518 -2.211962
v 4.136129 4.094518 -2.211962
v 4.136129 4.094518 -2.211962
v 4.136129 4.094518 -2.211962
v 4.122705 4.094518 -2.198537
v 4.122705 4.094518 -2.198537
v 4.122705 4.094518 -2.198537
v 4.122705 4.094518 -1.634679
v 4.122705 4.094518 -1.634679
v 4.122705 4.094518 -1.634679
v 4.134212 4.094518 -1.639473
v 4.134212 4.094518 -1.639473
v 4.134212 4.094518 -1.639473
v 4.140924 4.094518 -1.632761
v 4.140924 4.094518 -1.632761
v 4.140924 4.094518 -1.632761
v 4.140924 4.094518 -1.632761
v 4.695193 4.094518 -1.632761
v 4.695193 4.094518 -1.632761
v 4.695193 4.094518 -1.632761
v 4.701906 4.094518 -1.639473
v 4.701906 4.094518 -1.639473
v 4.701906 4.094518 -1.639473
v 4.701906 4.094518 -2.193743
v 4.701906 4.094518 -2.193743
v 4.701906 4.094518 -2.193743
v 4.695193 4.094518 -2.200455
v 4.695193 4.094518 -2.200455
v 4.695193 4.094518 -2.200455
v 4.140924 4.094518 -2.200455
v 4.140924 4.094518 -2.200455
v 4.140924 4.094518 -2.200455
v 4.134212 4.094518 -2.193743
v 4.134212 4.094518 -2.193743
v 4.134212 4.094518 -2.193743
v 4.189830 4.150137 -2.139083
v 4.189830 4.150137 -2.139083
v 4.189830 4.150137 -2.139083
v 4.189830 4.150137 -2.139083
v 4.189830 4.150137 -1.693174
v 4.189830 4.150137 -1.693174
v 4.189830 4.150137 -1.693174
v 4.189830 4.150137 -1.693174
v 4.194625 4.150137 -1.688380
v 4.194625 4.150137 -1.688380
v 4.194625 4.150137 -1.688380
v 4.194625 4.150137 -1.688380
v 4.640534 4.150137 -1.688380
v 4.640534 4.150137 -1.688380
v 4.640534 4.150137 -1.688380
v 4.640534 4.150137 -1.688380
v 4.646287 4.150137 -1.693174
v 4.646287 4.150137 -1.693174
v 4.646287 4.150137 -1.693174
v 4.646287 4.150137 -1.693174
v 4.646287 4.150137 -2.139083
v 4.646287 4.150137 -2.139083
v 4.646287 4.150137 -2.139083
v 4.646287 4.150137 -2.139083
v 4.640534 4.150137 -2.144836
v 4.640534 4.150137 -2.144836
v 4.640534 4.150137 -2.144836
v 4.640534 4.150137 -2.144836
v 4.194625 4.150137 -2.144836
v 4.194625 4.150137 -2.144836
v 4.194625 4.150137 -2.144836
v 4.194625 4.150137 -2.144836
v 4.185036 4.156850 -2.143878
v 4.185036 4.156850 -2.143878
v 4.185036 4.156850 -2.143878
v 4.185036 4.156850 -1.689338
v 4.185036 4.156850 -1.689338
v 4.185036 4.156850 -1.689338
v 4.190789 4.156850 -1.684544
v 4.190789 4.156850 -1.684544
v 4.190789 4.156850 -1.684544
v 4.645329 4.156850 -1.684544
v 4.645329 4.156850 -1.684544
v 4.645329 4.156850 -1.684544
v 4.650123 4.156850 -1.689338
v 4.650123 4.156850 -1.689338
v 4.650123 4.156850 -1.689338
v 4.650123 4.156850 -2.143878
v 4.650123 4.156850 -2.143878
v 4.650123 4.156850 -2.143878
v 4.650123 4.156850 -2.143878
v 4.645329 4.156850 -2.148672
v 4.645329 4.156850 -2.148672
v 4.645329 4.156850 -2.148672
v 4.190789 4.156850 -2.148672
v 4.190789 4.156850 -2.148672
v 4.190789 4.156850 -2.148672
v 4.194625 4.162603 -2.134288
v 4.194625 4.162603 -2.134288
v 4.194625 4.162603 -2.134288
v 4.194625 4.162603 -1.698928
v 4.194625 4.162603 -1.698928
v 4.194625 4.162603 -1.698928
v 4.199419 4.162603 -1.693174
v 4.199419 4.162603 -1.693174
v 4.199419 4.162603 -1.693174
v 4.635739 4.162603 -1.693174
v 4.635739 4.162603 -1.693174
v 4.635739 4.162603 -1.693174
v 4.641493 4.162603 -1.698928
v 4.641493 4.162603 -1.698928
v 4.641493 4.162603 -1.698928
v 4.641493 4.162603 -2.134288
v 4.641493 4.162603 -2.134288
v 4.641493 4.162603 -2.134288
v 4.641493 4.162603 -2.134288
v 4.635739 4.162603 -2.140042
v 4.635739 4.162603 -2.140042
v 4.635739 4.162603 -2.140042
v 4.199419 4.162603 -2.140042
v 4.199419 4.162603 -2.140042
v 4.199419 4.162603 -2.140042
v 4.200378 5.282649 -2.140042
v 4.200378 5.282649 -2.140042
v 4.200378 5.282649 -2.140042
v 4.200378 5.282649 -2.140042
v 4.194625 5.282649 -2.134288
v 4.194625 5.282649 -2.134288
v 4.194625 5.282649 -2.134288
v 4.194625 5.282649 -2.134288
v 4.194625 5.282649 -1.698928
v 4.194625 5.282649 -1.698928
v 4.194625 5.282649 -1.698928
v 4.194625 5.282649 -1.698928
v 4.200378 5.282649 -1.693174
v 4.200378 5.282649 -1.693174
v 4.200378 5.282649 -1.693174
v 4.200378 5.282649 -1.693174
v 4.635739 5.282649 -1.693174
v 4.635739 5.282649 -1.693174
v 4.635739 5.282649 -1.693174
v 4.635739 5.282649 -1.693174
v 4.641493 5.282649 -1.698928
v 4.641493 5.282649 -1.698928
v 4.641493 5.282649 -1.698928
v 4.641493 5.282649 -1.698928
v 4.641493 5.282649 -2.134288
v 4.641493 5.282649 -2.134288
v 4.641493 5.282649 -2.134288
v 4.641493 5.282649 -2.134288
v 4.635739 5.282649 -2.140042
v 4.635739 5.282649 -2.140042
v 4.635739 5.282649 -2.140042
v 4.635739 5.282649 -2.140042
v 4.183117 5.297992 -2.157303
v 4.183117 5.297992 -2.157303
v 4.183117 5.297992 -2.157303
v 4.183117 5.297992 -2.157303
v 4.176405 5.297992 -2.151549
v 4.176405 5.297992 -2.151549
v 4.176405 5.297992 -2.151549
v 4.176405 5.297992 -2.151549
v 4.176405 5.297992 -1.681667
v 4.176405 5.297992 -1.681667
v 4.176405 5.297992 -1.681667
v 4.176405 5.297992 -1.681667
v 4.183117 5.297992 -1.675913
v 4.183117 5.297992 -1.675913
v 4.183117 5.297992 -1.675913
v 4.183117 5.297992 -1.675913
v 4.652040 5.297992 -1.675913
v 4.652040 5.297992 -1.675913
v 4.652040 5.297992 -1.675913
v 4.652040 5.297992 -1.675913
v 4.658753 5.297992 -1.681667
v 4.658753 5.297992 -1.681667
v 4.658753 5.297992 -1.681667
v 4.658753 5.297992 -1.681667
v 4.658753 5.297992 -2.151549
v 4.658753 5.297992 -2.151549
v 4.658753 5.297992 -2.151549
v 4.658753 5.297992 -2.151549
v 4.652040 5.297992 -2.157303
v 4.652040 5.297992 -2.157303
v 4.652040 5.297992 -2.157303
v 4.652040 5.297992 -2.157303
v 4.195584 5.314293 -2.144836
v 4.195584 5.314293 -2.144836
v 4.195584 5.314293 -2.144836
v 4.195584 5.314293 -2.144836
v 4.189830 5.314293 -2.139083
v 4.189830 5.314293 -2.139083
v 4.189830 5.314293 -2.139083
v 4.189830 5.314293 -2.139083
v 4.189830 5.314293 -1.694133
v 4.189830 5.314293 -1.694133
v 4.189830 5.314293 -1.694133
v 4.189830 5.314293 -1.694133
v 4.195584 5.314293 -1.688380
v 4.195584 5.314293 -1.688380
v 4.195584 5.314293 -1.688380
v 4.195584 5.314293 -1.688380
v 4.640534 5.314293 -1.688380
v 4.640534 5.314293 -1.688380
v 4.640534 5.314293 -1.688380
v 4.640534 5.314293 -1.688380
v 4.646287 5.314293 -1.694133
v 4.646287 5.314293 -1.694133
v 4.646287 5.314293 -1.694133
v 4.646287 5.314293 -1.694133
v 4.646287 5.314293 -2.139083
v 4.646287 5.314293 -2.139083
v 4.646287 5.314293 -2.139083
v 4.646287 5.314293 -2.139083
v 4.640534 5.314293 -2.144836
v 4.640534 5.314293 -2.144836
v 4.640534 5.314293 -2.144836
v 4.640534 5.314293 -2.144836
v 4.188871 5.365118 -2.150590
v 4.188871 5.365118 -2.150590
v 4.184077 5.365118 -2.145795
v 4.184077 5.365118 -2.145795
v 4.184077 5.365118 -1.687421
v 4.184077 5.365118 -1.687421
v 4.188871 5.365118 -1.682626
v 4.188871 5.365118 -1.682626
v 4.646287 5.365118 -1.682626
v 4.646287 5.365118 -1.682626
v 4.652040 5.365118 -1.687421
v 4.652040 5.365118 -1.687421
v 4.652040 5.365118 -2.145795
v 4.652040 5.365118 -2.145795
v 4.646287 5.365118 -2.150590
v 4.646287 5.365118 -2.150590
v 4.168734 5.437998 -2.171687
v 4.168734 5.437998 -2.171687
v 4.162980 5.437998 -2.165933
v 4.162980 5.437998 -2.165933
v 4.162980 5.437998 -1.667283
v 4.162980 5.437998 -1.667283
v 4.168734 5.437998 -1.661529
v 4.168734 5.437998 -1.661529
v 4.667384 5.437998 -1.661529
v 4.667384 5.437998 -1.661529
v 4.673137 5.437998 -1.667283
v 4.673137 5.437998 -1.667283
v 4.673137 5.437998 -2.165933
v 4.673137 5.437998 -2.165933
v 4.667384 5.437998 -2.171687
v 4.667384 5.437998 -2.171687
v 4.694234 5.492657 -2.198537
v 4.694234 5.492657 -2.198537
v 4.694234 5.492657 -2.198537
v 4.694234 5.492657 -2.198537
v 4.141883 5.492657 -2.198537
v 4.141883 5.492657 -2.198537
v 4.141883 5.492657 -2.198537
v 4.141883 5.492657 -2.198537
v 4.141883 5.528138 -2.198537
v 4.141883 5.528138 -2.198537
v 4.141883 5.528138 -2.198537
v 4.141883 5.528138 -2.198537
v 4.136129 5.492657 -2.192784
v 4.136129 5.492657 -2.192784
v 4.136129 5.492657 -2.192784
v 4.136129 5.492657 -2.192784
v 4.136129 5.492657 -1.640432
v 4.136129 5.492657 -1.640432
v 4.136129 5.492657 -1.640432
v 4.136129 5.492657 -1.640432
v 4.136129 5.528138 -1.640432
v 4.136129 5.528138 -1.640432
v 4.136129 5.528138 -1.640432
v 4.136129 5.528138 -1.640432
v 4.141883 5.492657 -1.634679
v 4.141883 5.492657 -1.634679
v 4.141883 5.492657 -1.634679
v 4.141883 5.492657 -1.634679
v 4.694234 5.492657 -1.634679
v 4.694234 5.492657 -1.634679
v 4.694234 5.492657 -1.634679
v 4.694234 5.492657 -1.634679
v 4.699988 5.492657 -1.640432
v 4.699988 5.492657 -1.640432
v 4.699988 5.492657 -1.640432
v 4.699988 5.492657 -1.640432
v 4.699988 5.492657 -2.192784
v 4.699988 5.492657 -2.192784
v 4.699988 5.492657 -2.192784
v 4.699988 5.492657 -2.192784
v 4.699988 5.528138 -2.192784
v 4.699988 5.528138 -2.192784
v 4.699988 5.528138 -2.192784
v 4.699988 5.528138 -2.192784
v 4.694234 5.528138 -2.198537
v 4.694234 5.528138 -2.198537
v 4.694234 5.528138 -2.198537
v 4.694234 5.528138 -2.198537
v 4.126540 5.545399 -2.214839
v 4.126540 5.545399 -2.214839
v 4.126540 5.545399 -2.214839
v 4.126540 5.545399 -2.214839
v 4.136129 5.528138 -2.192784
v 4.136129 5.528138 -2.192784
v 4.136129 5.528138 -2.192784
v 4.136129 5.528138 -2.192784
v 4.119828 5.545399 -1.625089
v 4.119828 5.545399 -1.625089
v 4.119828 5.545399 -1.625089
v 4.119828 5.545399 -1.625089
v 4.141883 5.528138 -1.634679
v 4.141883 5.528138 -1.634679
v 4.141883 5.528138 -1.634679
v 4.141883 5.528138 -1.634679
v 4.694234 5.528138 -1.634679
v 4.694234 5.528138 -1.634679
v 4.694234 5.528138 -1.634679
v 4.694234 5.528138 -1.634679
v 4.699988 5.528138 -1.640432
v 4.699988 5.528138 -1.640432
v 4.699988 5.528138 -1.640432
v 4.699988 5.528138 -1.640432
v 4.716290 5.545399 -2.208127
v 4.716290 5.545399 -2.208127
v 4.716290 5.545399 -2.208127
v 4.716290 5.545399 -2.208127
v 4.709578 5.545399 -2.214839
v 4.709578 5.545399 -2.214839
v 4.709578 5.545399 -2.214839
v 4.709578 5.545399 -2.214839
v 4.142842 5.562660 -2.198537
v 4.142842 5.562660 -2.198537
v 4.142842 5.562660 -2.198537
v 4.119828 5.545399 -2.208127
v 4.119828 5.545399 -2.208127
v 4.119828 5.545399 -2.208127
v 4.119828 5.545399 -2.208127
v 4.136129 5.562660 -1.641391
v 4.136129 5.562660 -1.641391
v 4.136129 5.562660 -1.641391
v 4.126540 5.545399 -1.618376
v 4.126540 5.545399 -1.618376
v 4.126540 5.545399 -1.618376
v 4.126540 5.545399 -1.618376
v 4.709578 5.545399 -1.618376
v 4.709578 5.545399 -1.618376
v 4.709578 5.545399 -1.618376
v 4.709578 5.545399 -1.618376
v 4.716290 5.545399 -1.625089
v 4.716290 5.545399 -1.625089
v 4.716290 5.545399 -1.625089
v 4.716290 5.545399 -1.625089
v 4.699988 5.562660 -2.191825
v 4.699988 5.562660 -2.191825
v 4.699988 5.562660 -2.191825
v 4.693275 5.562660 -2.198537
v 4.693275 5.562660 -2.198537
v 4.693275 5.562660 -2.198537
v 4.136129 5.562660 -2.191825
v 4.136129 5.562660 -2.191825
v 4.136129 5.562660 -2.191825
v 4.142842 5.562660 -1.634679
v 4.142842 5.562660 -1.634679
v 4.142842 5.562660 -1.634679
v 4.693275 5.562660 -1.634679
v 4.693275 5.562660 -1.634679
v 4.693275 5.562660 -1.634679
v 4.699988 5.562660 -1.641391
v 4.699988 5.562660 -1.641391
v 4.699988 5.562660 -1.641391
v 1.165325 4.057119 -2.200455
v 1.165325 4.057119 -2.200455
v 1.158612 4.057119 -2.193743
v 1.158612 4.057119 -2.193743
v 1.158612 4.076299 -2.193743
v 1.158612 4.076299 -2.193743
v 1.158612 4.076299 -2.193743
v 1.158612 4.076299 -1.639473
v 1.158612 4.076299 -1.639473
v 1.158612 4.076299 -1.639473
v 1.158612 4.057119 -1.639473
v 1.158612 4.057119 -1.639473
v 1.165325 4.076299 -1.632761
v 1.165325 4.076299 -1.632761
v 1.165325 4.076299 -1.632761
v 1.165325 4.057119 -1.632761
v 1.165325 4.057119 -1.632761
v 1.719594 4.076299 -1.632761
v 1.719594 4.076299 -1.632761
v 1.719594 4.076299 -1.632761
v 1.719594 4.057119 -1.632761
v 1.719594 4.057119 -1.632761
v 1.727266 4.076299 -1.639473
v 1.727266 4.076299 -1.639473
v 1.727266 4.076299 -1.639473
v 1.727266 4.057119 -1.639473
v 1.727266 4.057119 -1.639473
v 1.727266 4.076299 -2.193743
v 1.727266 4.076299 -2.193743
v 1.727266 4.076299 -2.193743
v 1.727266 4.057119 -2.193743
v 1.727266 4.057119 -2.193743
v 1.719594 4.076299 -2.200455
v 1.719594 4.076299 -2.200455
v 1.719594 4.076299 -2.200455
v 1.719594 4.076299 -2.200455
v 1.719594 4.057119 -2.200455
v 1.719594 4.057119 -2.200455
v 1.165325 4.076299 -2.200455
v 1.165325 4.076299 -2.200455
v 1.165325 4.076299 -2.200455
v 1.160530 4.076299 -2.211962
v 1.160530 4.076299 -2.211962
v 1.160530 4.076299 -2.211962
v 1.147105 4.076299 -2.198537
v 1.147105 4.076299 -2.198537
v 1.147105 4.076299 -2.198537
v 1.147105 4.076299 -1.634679
v 1.147105 4.076299 -1.634679
v 1.147105 4.076299 -1.634679
v 1.160530 4.076299 -1.621253
v 1.160530 4.076299 -1.621253
v 1.160530 4.076299 -1.621253
v 1.724389 4.076299 -1.621253
v 1.724389 4.076299 -1.621253
v 1.724389 4.076299 -1.621253
v 1.738773 4.076299 -1.634679
v 1.738773 4.076299 -1.634679
v 1.738773 4.076299 -1.634679
v 1.738773 4.076299 -2.198537
v 1.738773 4.076299 -2.198537
v 1.738773 4.076299 -2.198537
v 1.724389 4.076299 -2.211962
v 1.724389 4.076299 -2.211962
v 1.724389 4.076299 -2.211962
v 1.724389 4.076299 -2.211962
v 1.724389 4.094518 -2.211962
v 1.724389 4.094518 -2.211962
v 1.724389 4.094518 -2.211962
v 1.724389 4.094518 -2.211962
v 1.160530 4.094518 -2.211962
v 1.160530 4.094518 -2.211962
v 1.160530 4.094518 -2.211962
v 1.147105 4.094518 -2.198537
v 1.147105 4.094518 -2.198537
v 1.147105 4.094518 -2.198537
v 1.147105 4.094518 -1.634679
v 1.147105 4.094518 -1.634679
v 1.147105 4.094518 -1.634679
v 1.160530 4.094518 -1.621253
v 1.160530 4.094518 -1.621253
v 1.160530 4.094518 -1.621253
v 1.724389 4.094518 -1.621253
v 1.724389 4.094518 -1.621253
v 1.724389 4.094518 -1.621253
v 1.738773 4.094518 -1.634679
v 1.738773 4.094518 -1.634679
v 1.738773 4.094518 -1.634679
v 1.738773 4.094518 -2.198537
v 1.738773 4.094518 -2.198537
v 1.738773 4.094518 -2.198537
v 1.727266 4.094518 -2.193743
v 1.727266 4.094518 -2.193743
v 1.727266 4.094518 -2.193743
v 1.719594 4.094518 -2.200455
v 1.719594 4.094518 -2.200455
v 1.719594 4.094518 -2.200455
v 1.719594 4.094518 -2.200455
v 1.165325 4.094518 -2.200455
v 1.165325 4.094518 -2.200455
v 1.165325 4.094518 -2.200455
v 1.158612 4.094518 -2.193743
v 1.158612 4.094518 -2.193743
v 1.158612 4.094518 -2.193743
v 1.158612 4.094518 -1.639473
v 1.158612 4.094518 -1.639473
v 1.158612 4.094518 -1.639473
v 1.165325 4.094518 -1.632761
v 1.165325 4.094518 -1.632761
v 1.165325 4.094518 -1.632761
v 1.719594 4.094518 -1.632761
v 1.719594 4.094518 -1.632761
v 1.719594 4.094518 -1.632761
v 1.727266 4.094518 -1.639473
v 1.727266 4.094518 -1.639473
v 1.727266 4.094518 -1.639473
v 1.671647 4.150137 -1.693174
v 1.671647 4.150137 -1.693174
v 1.671647 4.150137 -1.693174
v 1.671647 4.150137 -1.693174
v 1.671647 4.150137 -2.139083
v 1.671647 4.150137 -2.139083
v 1.671647 4.150137 -2.139083
v 1.671647 4.150137 -2.139083
v 1.665893 4.150137 -2.144836
v 1.665893 4.150137 -2.144836
v 1.665893 4.150137 -2.144836
v 1.665893 4.150137 -2.144836
v 1.219985 4.150137 -2.144836
v 1.219985 4.150137 -2.144836
v 1.219985 4.150137 -2.144836
v 1.219985 4.150137 -2.144836
v 1.214232 4.150137 -2.139083
v 1.214232 4.150137 -2.139083
v 1.214232 4.150137 -2.139083
v 1.214232 4.150137 -2.139083
v 1.214232 4.150137 -1.693174
v 1.214232 4.150137 -1.693174
v 1.214232 4.150137 -1.693174
v 1.214232 4.150137 -1.693174
v 1.219985 4.150137 -1.688380
v 1.219985 4.150137 -1.688380
v 1.219985 4.150137 -1.688380
v 1.219985 4.150137 -1.688380
v 1.665893 4.150137 -1.688380
v 1.665893 4.150137 -1.688380
v 1.665893 4.150137 -1.688380
v 1.665893 4.150137 -1.688380
v 1.675483 4.156850 -1.689338
v 1.675483 4.156850 -1.689338
v 1.675483 4.156850 -1.689338
v 1.675483 4.156850 -2.143878
v 1.675483 4.156850 -2.143878
v 1.675483 4.156850 -2.143878
v 1.669729 4.156850 -2.148672
v 1.669729 4.156850 -2.148672
v 1.669729 4.156850 -2.148672
v 1.216149 4.156850 -2.148672
v 1.216149 4.156850 -2.148672
v 1.216149 4.156850 -2.148672
v 1.210396 4.156850 -2.143878
v 1.210396 4.156850 -2.143878
v 1.210396 4.156850 -2.143878
v 1.210396 4.156850 -1.689338
v 1.210396 4.156850 -1.689338
v 1.210396 4.156850 -1.689338
v 1.210396 4.156850 -1.689338
v 1.216149 4.156850 -1.684544
v 1.216149 4.156850 -1.684544
v 1.216149 4.156850 -1.684544
v 1.669729 4.156850 -1.684544
v 1.669729 4.156850 -1.684544
v 1.669729 4.156850 -1.684544
v 1.665893 4.162603 -1.698928
v 1.665893 4.162603 -1.698928
v 1.665893 4.162603 -1.698928
v 1.665893 4.162603 -2.134288
v 1.665893 4.162603 -2.134288
v 1.665893 4.162603 -2.134288
v 1.661099 4.162603 -2.140042
v 1.661099 4.162603 -2.140042
v 1.661099 4.162603 -2.140042
v 1.224779 4.162603 -2.140042
v 1.224779 4.162603 -2.140042
v 1.224779 4.162603 -2.140042
v 1.219026 4.162603 -2.134288
v 1.219026 4.162603 -2.134288
v 1.219026 4.162603 -2.134288
v 1.219026 4.162603 -1.698928
v 1.219026 4.162603 -1.698928
v 1.219026 4.162603 -1.698928
v 1.219026 4.162603 -1.698928
v 1.224779 4.162603 -1.693174
v 1.224779 4.162603 -1.693174
v 1.224779 4.162603 -1.693174
v 1.661099 4.162603 -1.693174
v 1.661099 4.162603 -1.693174
v 1.661099 4.162603 -1.693174
v 1.660140 5.282649 -1.693174
v 1.660140 5.282649 -1.693174
v 1.660140 5.282649 -1.693174
v 1.660140 5.282649 -1.693174
v 1.665893 5.282649 -1.698928
v 1.665893 5.282649 -1.698928
v 1.665893 5.282649 -1.698928
v 1.665893 5.282649 -1.698928
v 1.665893 5.282649 -2.134288
v 1.665893 5.282649 -2.134288
v 1.665893 5.282649 -2.134288
v 1.665893 5.282649 -2.134288
v 1.660140 5.282649 -2.140042
v 1.660140 5.282649 -2.140042
v 1.660140 5.282649 -2.140042
v 1.660140 5.282649 -2.140042
v 1.225739 5.282649 -2.140042
v 1.225739 5.282649 -2.140042
v 1.225739 5.282649 -2.140042
v 1.225739 5.282649 -2.140042
v 1.219026 5.282649 -2.134288
v 1.219026 5.282649 -2.134288
v 1.219026 5.282649 -2.134288
v 1.219026 5.282649 -2.134288
v 1.219026 5.282649 -1.698928
v 1.219026 5.282649 -1.698928
v 1.219026 5.282649 -1.698928
v 1.219026 5.282649 -1.698928
v 1.225739 5.282649 -1.693174
v 1.225739 5.282649 -1.693174
v 1.225739 5.282649 -1.693174
v 1.225739 5.282649 -1.693174
v 1.677401 5.297992 -1.675913
v 1.677401 5.297992 -1.675913
v 1.677401 5.297992 -1.675913
v 1.677401 5.297992 -1.675913
v 1.684114 5.297992 -1.681667
v 1.684114 5.297992 -1.681667
v 1.684114 5.297992 -1.681667
v 1.684114 5.297992 -1.681667
v 1.684114 5.297992 -2.151549
v 1.684114 5.297992 -2.151549
v 1.684114 5.297992 -2.151549
v 1.684114 5.297992 -2.151549
v 1.677401 5.297992 -2.157303
v 1.677401 5.297992 -2.157303
v 1.677401 5.297992 -2.157303
v 1.677401 5.297992 -2.157303
v 1.208478 5.297992 -2.157303
v 1.208478 5.297992 -2.157303
v 1.208478 5.297992 -2.157303
v 1.208478 5.297992 -2.157303
v 1.201765 5.297992 -2.151549
v 1.201765 5.297992 -2.151549
v 1.201765 5.297992 -2.151549
v 1.201765 5.297992 -2.151549
v 1.201765 5.297992 -1.681667
v 1.201765 5.297992 -1.681667
v 1.201765 5.297992 -1.681667
v 1.201765 5.297992 -1.681667
v 1.208478 5.297992 -1.675913
v 1.208478 5.297992 -1.675913
v 1.208478 5.297992 -1.675913
v 1.208478 5.297992 -1.675913
v 1.664934 5.314293 -1.688380
v 1.664934 5.314293 -1.688380
v 1.664934 5.314293 -1.688380
v 1.664934 5.314293 -1.688380
v 1.670688 5.314293 -1.694133
v 1.670688 5.314293 -1.694133
v 1.670688 5.314293 -1.694133
v 1.670688 5.314293 -1.694133
v 1.670688 5.314293 -2.139083
v 1.670688 5.314293 -2.139083
v 1.670688 5.314293 -2.139083
v 1.670688 5.314293 -2.139083
v 1.664934 5.314293 -2.144836
v 1.664934 5.314293 -2.144836
v 1.664934 5.314293 -2.144836
v 1.664934 5.314293 -2.144836
v 1.220944 5.314293 -2.144836
v 1.220944 5.314293 -2.144836
v 1.220944 5.314293 -2.144836
v 1.220944 5.314293 -2.144836
v 1.215190 5.314293 -2.139083
v 1.215190 5.314293 -2.139083
v 1.215190 5.314293 -2.139083
v 1.215190 5.314293 -2.139083
v 1.215190 5.314293 -1.694133
v 1.215190 5.314293 -1.694133
v 1.215190 5.314293 -1.694133
v 1.215190 5.314293 -1.694133
v 1.220944 5.314293 -1.688380
v 1.220944 5.314293 -1.688380
v 1.220944 5.314293 -1.688380
v 1.220944 5.314293 -1.688380
v 1.671647 5.365118 -1.682626
v 1.671647 5.365118 -1.682626
v 1.677401 5.365118 -1.687421
v 1.677401 5.365118 -1.687421
v 1.677401 5.365118 -2.145795
v 1.677401 5.365118 -2.145795
v 1.671647 5.365118 -2.150590
v 1.671647 5.365118 -2.150590
v 1.214232 5.365118 -2.150590
v 1.214232 5.365118 -2.150590
v 1.208478 5.365118 -2.145795
v 1.208478 5.365118 -2.145795
v 1.208478 5.365118 -1.687421
v 1.208478 5.365118 -1.687421
v 1.214232 5.365118 -1.682626
v 1.214232 5.365118 -1.682626
v 1.692743 5.437998 -1.661529
v 1.692743 5.437998 -1.661529
v 1.698497 5.437998 -1.667283
v 1.698497 5.437998 -1.667283
v 1.698497 5.437998 -2.165933
v 1.698497 5.437998 -2.165933
v 1.692743 5.437998 -2.171687
v 1.692743 5.437998 -2.171687
v 1.193134 5.437998 -2.171687
v 1.193134 5.437998 -2.171687
v 1.187381 5.437998 -2.165933
v 1.187381 5.437998 -2.165933
v 1.187381 5.437998 -1.667283
v 1.187381 5.437998 -1.667283
v 1.193134 5.437998 -1.661529
v 1.193134 5.437998 -1.661529
v 1.166284 5.492657 -1.634679
v 1.166284 5.492657 -1.634679
v 1.166284 5.492657 -1.634679
v 1.166284 5.492657 -1.634679
v 1.719594 5.492657 -1.634679
v 1.719594 5.492657 -1.634679
v 1.719594 5.492657 -1.634679
v 1.719594 5.492657 -1.634679
v 1.718635 5.528138 -1.634679
v 1.718635 5.528138 -1.634679
v 1.718635 5.528138 -1.634679
v 1.718635 5.528138 -1.634679
v 1.724389 5.492657 -1.640432
v 1.724389 5.492657 -1.640432
v 1.724389 5.492657 -1.640432
v 1.724389 5.492657 -1.640432
v 1.724389 5.492657 -2.192784
v 1.724389 5.492657 -2.192784
v 1.724389 5.492657 -2.192784
v 1.724389 5.492657 -2.192784
v 1.724389 5.528138 -2.192784
v 1.724389 5.528138 -2.192784
v 1.724389 5.528138 -2.192784
v 1.724389 5.528138 -2.192784
v 1.719594 5.492657 -2.198537
v 1.719594 5.492657 -2.198537
v 1.719594 5.492657 -2.198537
v 1.719594 5.492657 -2.198537
v 1.166284 5.492657 -2.198537
v 1.166284 5.492657 -2.198537
v 1.166284 5.492657 -2.198537
v 1.166284 5.492657 -2.198537
v 1.160530 5.492657 -2.192784
v 1.160530 5.492657 -2.192784
v 1.160530 5.492657 -2.192784
v 1.160530 5.492657 -2.192784
v 1.160530 5.492657 -1.640432
v 1.160530 5.492657 -1.640432
v 1.160530 5.492657 -1.640432
v 1.160530 5.492657 -1.640432
v 1.160530 5.528138 -1.640432
v 1.160530 5.528138 -1.640432
v 1.160530 5.528138 -1.640432
v 1.160530 5.528138 -1.640432
v 1.167243 5.528138 -1.634679
v 1.167243 5.528138 -1.634679
v 1.167243 5.528138 -1.634679
v 1.167243 5.528138 -1.634679
v 1.734937 5.545399 -1.618376
v 1.734937 5.545399 -1.618376
v 1.734937 5.545399 -1.618376
v 1.734937 5.545399 -1.618376
v 1.724389 5.528138 -1.640432
v 1.724389 5.528138 -1.640432
v 1.724389 5.528138 -1.640432
v 1.724389 5.528138 -1.640432
v 1.740691 5.545399 -2.208127
v 1.740691 5.545399 -2.208127
v 1.740691 5.545399 -2.208127
v 1.740691 5.545399 -2.208127
v 1.718635 5.528138 -2.198537
v 1.718635 5.528138 -2.198537
v 1.718635 5.528138 -2.198537
v 1.718635 5.528138 -2.198537
v 1.167243 5.528138 -2.198537
v 1.167243 5.528138 -2.198537
v 1.167243 5.528138 -2.198537
v 1.167243 5.528138 -2.198537
v 1.160530 5.528138 -2.192784
v 1.160530 5.528138 -2.192784
v 1.160530 5.528138 -2.192784
v 1.160530 5.528138 -2.192784
v 1.144229 5.545399 -1.625089
v 1.144229 5.545399 -1.625089
v 1.144229 5.545399 -1.625089
v 1.144229 5.545399 -1.625089
v 1.150941 5.545399 -1.618376
v 1.150941 5.545399 -1.618376
v 1.150941 5.545399 -1.618376
v 1.150941 5.545399 -1.618376
v 1.718635 5.562660 -1.634679
v 1.718635 5.562660 -1.634679
v 1.718635 5.562660 -1.634679
v 1.740691 5.545399 -1.625089
v 1.740691 5.545399 -1.625089
v 1.740691 5.545399 -1.625089
v 1.740691 5.545399 -1.625089
v 1.724389 5.562660 -2.191825
v 1.724389 5.562660 -2.191825
v 1.724389 5.562660 -2.191825
v 1.734937 5.545399 -2.214839
v 1.734937 5.545399 -2.214839
v 1.734937 5.545399 -2.214839
v 1.734937 5.545399 -2.214839
v 1.150941 5.545399 -2.214839
v 1.150941 5.545399 -2.214839
v 1.150941 5.545399 -2.214839
v 1.150941 5.545399 -2.214839
v 1.144229 5.545399 -2.208127
v 1.144229 5.545399 -2.208127
v 1.144229 5.545399 -2.208127
v 1.144229 5.545399 -2.208127
v 1.160530 5.562660 -1.641391
v 1.160530 5.562660 -1.641391
v 1.160530 5.562660 -1.641391
v 1.167243 5.562660 -1.634679
v 1.167243 5.562660 -1.634679
v 1.167243 5.562660 -1.634679
v 1.724389 5.562660 -1.641391
v 1.724389 5.562660 -1.641391
v 1.724389 5.562660 -1.641391
v 1.718635 5.562660 -2.198537
v 1.718635 5.562660 -2.198537
v 1.718635 5.562660 -2.198537
v 1.167243 5.562660 -2.198537
v 1.167243 5.562660 -2.198537
v 1.167243 5.562660 -2.198537
v 1.160530 5.562660 -2.191825
v 1.160530 5.562660 -2.191825
v 1.160530 5.562660 -2.191825
v -1.230114 4.057119 -2.200455
v -1.230114 4.057119 -2.200455
v -1.784383 4.057119 -2.200455
v -1.784383 4.057119 -2.200455
v -1.230114 4.076299 -2.200455
v -1.230114 4.076299 -2.200455
v -1.230114 4.076299 -2.200455
v -1.784383 4.076299 -2.200455
v -1.784383 4.076299 -2.200455
v -1.784383 4.076299 -2.200455
v -1.784383 4.076299 -2.200455
v -1.791095 4.057119 -2.193743
v -1.791095 4.057119 -2.193743
v -1.791095 4.076299 -2.193743
v -1.791095 4.076299 -2.193743
v -1.791095 4.076299 -2.193743
v -1.791095 4.057119 -1.639473
v -1.791095 4.057119 -1.639473
v -1.791095 4.076299 -1.639473
v -1.791095 4.076299 -1.639473
v -1.791095 4.076299 -1.639473
v -1.784383 4.057119 -1.632761
v -1.784383 4.057119 -1.632761
v -1.784383 4.076299 -1.632761
v -1.784383 4.076299 -1.632761
v -1.784383 4.076299 -1.632761
v -1.230114 4.057119 -1.632761
v -1.230114 4.057119 -1.632761
v -1.230114 4.076299 -1.632761
v -1.230114 4.076299 -1.632761
v -1.230114 4.076299 -1.632761
v -1.223401 4.057119 -1.639473
v -1.223401 4.057119 -1.639473
v -1.223401 4.076299 -1.639473
v -1.223401 4.076299 -1.639473
v -1.223401 4.076299 -1.639473
v -1.223401 4.057119 -2.193743
v -1.223401 4.057119 -2.193743
v -1.223401 4.076299 -2.193743
v -1.223401 4.076299 -2.193743
v -1.223401 4.076299 -2.193743
v -1.225319 4.076299 -2.211962
v -1.225319 4.076299 -2.211962
v -1.225319 4.076299 -2.211962
v -1.789177 4.076299 -2.211962
v -1.789177 4.076299 -2.211962
v -1.789177 4.076299 -2.211962
v -1.789177 4.076299 -2.211962
v -1.802602 4.076299 -2.198537
v -1.802602 4.076299 -2.198537
v -1.802602 4.076299 -2.198537
v -1.802602 4.076299 -1.634679
v -1.802602 4.076299 -1.634679
v -1.802602 4.076299 -1.634679
v -1.789177 4.076299 -1.621253
v -1.789177 4.076299 -1.621253
v -1.789177 4.076299 -1.621253
v -1.225319 4.076299 -1.621253
v -1.225319 4.076299 -1.621253
v -1.225319 4.076299 -1.621253
v -1.211894 4.076299 -1.634679
v -1.211894 4.076299 -1.634679
v -1.211894 4.076299 -1.634679
v -1.211894 4.076299 -2.198537
v -1.211894 4.076299 -2.198537
v -1.211894 4.076299 -2.198537
v -1.225319 4.094518 -2.211962
v -1.225319 4.094518 -2.211962
v -1.225319 4.094518 -2.211962
v -1.789177 4.094518 -2.211962
v -1.789177 4.094518 -2.211962
v -1.789177 4.094518 -2.211962
v -1.789177 4.094518 -2.211962
v -1.802602 4.094518 -2.198537
v -1.802602 4.094518 -2.198537
v -1.802602 4.094518 -2.198537
v -1.802602 4.094518 -1.634679
v -1.802602 4.094518 -1.634679
v -1.802602 4.094518 -1.634679
v -1.789177 4.094518 -1.621253
v -1.789177 4.094518 -1.621253
v -1.789177 4.094518 -1.621253
v -1.225319 4.094518 -1.621253
v -1.225319 4.094518 -1.621253
v -1.225319 4.094518 -1.621253
v -1.211894 4.094518 -1.634679
v -1.211894 4.094518 -1.634679
v -1.211894 4.094518 -1.634679
v -1.211894 4.094518 -2.198537
v -1.211894 4.094518 -2.198537
v -1.211894 4.094518 -2.198537
v -1.230114 4.094518 -2.200455
v -1.230114 4.094518 -2.200455
v -1.230114 4.094518 -2.200455
v -1.784383 4.094518 -2.200455
v -1.784383 4.094518 -2.200455
v -1.784383 4.094518 -2.200455
v -1.784383 4.094518 -2.200455
v -1.791095 4.094518 -2.193743
v -1.791095 4.094518 -2.193743
v -1.791095 4.094518 -2.193743
v -1.791095 4.094518 -1.639473
v -1.791095 4.094518 -1.639473
v -1.791095 4.094518 -1.639473
v -1.784383 4.094518 -1.632761
v -1.784383 4.094518 -1.632761
v -1.784383 4.094518 -1.632761
v -1.230114 4.094518 -1.632761
v -1.230114 4.094518 -1.632761
v -1.230114 4.094518 -1.632761
v -1.223401 4.094518 -1.639473
v -1.223401 4.094518 -1.639473
v -1.223401 4.094518 -1.639473
v -1.223401 4.094518 -2.193743
v -1.223401 4.094518 -2.193743
v -1.223401 4.094518 -2.193743
v -1.283814 4.150137 -2.144836
v -1.283814 4.150137 -2.144836
v -1.283814 4.150137 -2.144836
v -1.283814 4.150137 -2.144836
v -1.729723 4.150137 -2.144836
v -1.729723 4.150137 -2.144836
v -1.729723 4.150137 -2.144836
v -1.729723 4.150137 -2.144836
v -1.735476 4.150137 -2.139083
v -1.735476 4.150137 -2.139083
v -1.735476 4.150137 -2.139083
v -1.735476 4.150137 -2.139083
v -1.735476 4.150137 -1.693174
v -1.735476 4.150137 -1.693174
v -1.735476 4.150137 -1.693174
v -1.735476 4.150137 -1.693174
v -1.729723 4.150137 -1.688380
v -1.729723 4.150137 -1.688380
v -1.729723 4.150137 -1.688380
v -1.729723 4.150137 -1.688380
v -1.283814 4.150137 -1.688380
v -1.283814 4.150137 -1.688380
v -1.283814 4.150137 -1.688380
v -1.283814 4.150137 -1.688380
v -1.279020 4.150137 -1.693174
v -1.279020 4.150137 -1.693174
v -1.279020 4.150137 -1.693174
v -1.279020 4.150137 -1.693174
v -1.279020 4.150137 -2.139083
v -1.279020 4.150137 -2.139083
v -1.279020 4.150137 -2.139083
v -1.279020 4.150137 -2.139083
v -1.274225 4.156850 -2.143878
v -1.274225 4.156850 -2.143878
v -1.274225 4.156850 -2.143878
v -1.279979 4.156850 -2.148672
v -1.279979 4.156850 -2.148672
v -1.279979 4.156850 -2.148672
v -1.733559 4.156850 -2.148672
v -1.733559 4.156850 -2.148672
v -1.733559 4.156850 -2.148672
v -1.739312 4.156850 -2.143878
v -1.739312 4.156850 -2.143878
v -1.739312 4.156850 -2.143878
v -1.739312 4.156850 -1.689338
v -1.739312 4.156850 -1.689338
v -1.739312 4.156850 -1.689338
v -1.733559 4.156850 -1.684544
v -1.733559 4.156850 -1.684544
v -1.733559 4.156850 -1.684544
v -1.279979 4.156850 -1.684544
v -1.279979 4.156850 -1.684544
v -1.279979 4.156850 -1.684544
v -1.274225 4.156850 -1.689338
v -1.274225 4.156850 -1.689338
v -1.274225 4.156850 -1.689338
v -1.274225 4.156850 -1.689338
v -1.283814 4.162603 -1.698928
v -1.283814 4.162603 -1.698928
v -1.283814 4.162603 -1.698928
v -1.283814 4.162603 -1.698928
v -1.283814 4.162603 -2.134288
v -1.283814 4.162603 -2.134288
v -1.283814 4.162603 -2.134288
v -1.288609 4.162603 -2.140042
v -1.288609 4.162603 -2.140042
v -1.288609 4.162603 -2.140042
v -1.724928 4.162603 -2.140042
v -1.724928 4.162603 -2.140042
v -1.724928 4.162603 -2.140042
v -1.730682 4.162603 -2.134288
v -1.730682 4.162603 -2.134288
v -1.730682 4.162603 -2.134288
v -1.730682 4.162603 -1.698928
v -1.730682 4.162603 -1.698928
v -1.730682 4.162603 -1.698928
v -1.724928 4.162603 -1.693174
v -1.724928 4.162603 -1.693174
v -1.724928 4.162603 -1.693174
v -1.288609 4.162603 -1.693174
v -1.288609 4.162603 -1.693174
v -1.288609 4.162603 -1.693174
v -1.283814 5.282649 -1.698928
v -1.283814 5.282649 -1.698928
v -1.283814 5.282649 -1.698928
v -1.283814 5.282649 -1.698928
v -1.283814 5.282649 -2.134288
v -1.283814 5.282649 -2.134288
v -1.283814 5.282649 -2.134288
v -1.283814 5.282649 -2.134288
v -1.289568 5.282649 -2.140042
v -1.289568 5.282649 -2.140042
v -1.289568 5.282649 -2.140042
v -1.289568 5.282649 -2.140042
v -1.724928 5.282649 -2.140042
v -1.724928 5.282649 -2.140042
v -1.724928 5.282649 -2.140042
v -1.724928 5.282649 -2.140042
v -1.730682 5.282649 -2.134288
v -1.730682 5.282649 -2.134288
v -1.730682 5.282649 -2.134288
v -1.730682 5.282649 -2.134288
v -1.730682 5.282649 -1.698928
v -1.730682 5.282649 -1.698928
v -1.730682 5.282649 -1.698928
v -1.730682 5.282649 -1.698928
v -1.724928 5.282649 -1.693174
v -1.724928 5.282649 -1.693174
v -1.724928 5.282649 -1.693174
v -1.724928 5.282649 -1.693174
v -1.289568 5.282649 -1.693174
v -1.289568 5.282649 -1.693174
v -1.289568 5.282649 -1.693174
v -1.289568 5.282649 -1.693174
v -1.265595 5.297992 -1.681667
v -1.265595 5.297992 -1.681667
v -1.265595 5.297992 -1.681667
v -1.265595 5.297992 -1.681667
v -1.265595 5.297992 -2.151549
v -1.265595 5.297992 -2.151549
v -1.265595 5.297992 -2.151549
v -1.265595 5.297992 -2.151549
v -1.272307 5.297992 -2.157303
v -1.272307 5.297992 -2.157303
v -1.272307 5.297992 -2.157303
v -1.272307 5.297992 -2.157303
v -1.741230 5.297992 -2.157303
v -1.741230 5.297992 -2.157303
v -1.741230 5.297992 -2.157303
v -1.741230 5.297992 -2.157303
v -1.747943 5.297992 -2.151549
v -1.747943 5.297992 -2.151549
v -1.747943 5.297992 -2.151549
v -1.747943 5.297992 -2.151549
v -1.747943 5.297992 -1.681667
v -1.747943 5.297992 -1.681667
v -1.747943 5.297992 -1.681667
v -1.747943 5.297992 -1.681667
v -1.741230 5.297992 -1.675913
v -1.741230 5.297992 -1.675913
v -1.741230 5.297992 -1.675913
v -1.741230 5.297992 -1.675913
v -1.272307 5.297992 -1.675913
v -1.272307 5.297992 -1.675913
v -1.272307 5.297992 -1.675913
v -1.272307 5.297992 -1.675913
v -1.279020 5.314293 -1.694133
v -1.279020 5.314293 -1.694133
v -1.279020 5.314293 -1.694133
v -1.279020 5.314293 -1.694133
v -1.279020 5.314293 -2.139083
v -1.279020 5.314293 -2.139083
v -1.279020 5.314293 -2.139083
v -1.279020 5.314293 -2.139083
v -1.284773 5.314293 -2.144836
v -1.284773 5.314293 -2.144836
v -1.284773 5.314293 -2.144836
v -1.284773 5.314293 -2.144836
v -1.729723 5.314293 -2.144836
v -1.729723 5.314293 -2.144836
v -1.729723 5.314293 -2.144836
v -1.729723 5.314293 -2.144836
v -1.735476 5.314293 -2.139083
v -1.735476 5.314293 -2.139083
v -1.735476 5.314293 -2.139083
v -1.735476 5.314293 -2.139083
v -1.735476 5.314293 -1.694133
v -1.735476 5.314293 -1.694133
v -1.735476 5.314293 -1.694133
v -1.735476 5.314293 -1.694133
v -1.729723 5.314293 -1.688380
v -1.729723 5.314293 -1.688380
v -1.729723 5.314293 -1.688380
v -1.729723 5.314293 -1.688380
v -1.284773 5.314293 -1.688380
v -1.284773 5.314293 -1.688380
v -1.284773 5.314293 -1.688380
v -1.284773 5.314293 -1.688380
v -1.272307 5.365118 -1.687421
v -1.272307 5.365118 -1.687421
v -1.272307 5.365118 -2.145795
v -1.272307 5.365118 -2.145795
v -1.278061 5.365118 -2.150590
v -1.278061 5.365118 -2.150590
v -1.735476 5.365118 -2.150590
v -1.735476 5.365118 -2.150590
v -1.741230 5.365118 -2.145795
v -1.741230 5.365118 -2.145795
v -1.741230 5.365118 -1.687421
v -1.741230 5.365118 -1.687421
v -1.735476 5.365118 -1.682626
v -1.735476 5.365118 -1.682626
v -1.278061 5.365118 -1.682626
v -1.278061 5.365118 -1.682626
v -1.252169 5.437998 -1.667283
v -1.252169 5.437998 -1.667283
v -1.252169 5.437998 -2.165933
v -1.252169 5.437998 -2.165933
v -1.256964 5.437998 -2.171687
v -1.256964 5.437998 -2.171687
v -1.756573 5.437998 -2.171687
v -1.756573 5.437998 -2.171687
v -1.762327 5.437998 -2.165933
v -1.762327 5.437998 -2.165933
v -1.762327 5.437998 -1.667283
v -1.762327 5.437998 -1.667283
v -1.756573 5.437998 -1.661529
v -1.756573 5.437998 -1.661529
v -1.256964 5.437998 -1.661529
v -1.256964 5.437998 -1.661529
v -1.225319 5.492657 -1.640432
v -1.225319 5.492657 -1.640432
v -1.225319 5.492657 -1.640432
v -1.225319 5.492657 -1.640432
v -1.225319 5.492657 -2.192784
v -1.225319 5.492657 -2.192784
v -1.225319 5.492657 -2.192784
v -1.225319 5.492657 -2.192784
v -1.231073 5.528138 -2.198537
v -1.231073 5.528138 -2.198537
v -1.231073 5.528138 -2.198537
v -1.231073 5.528138 -2.198537
v -1.231073 5.492657 -2.198537
v -1.231073 5.492657 -2.198537
v -1.231073 5.492657 -2.198537
v -1.231073 5.492657 -2.198537
v -1.783424 5.492657 -2.198537
v -1.783424 5.492657 -2.198537
v -1.783424 5.492657 -2.198537
v -1.783424 5.492657 -2.198537
v -1.789177 5.528138 -2.192784
v -1.789177 5.528138 -2.192784
v -1.789177 5.528138 -2.192784
v -1.789177 5.528138 -2.192784
v -1.789177 5.492657 -2.192784
v -1.789177 5.492657 -2.192784
v -1.789177 5.492657 -2.192784
v -1.789177 5.492657 -2.192784
v -1.789177 5.492657 -1.640432
v -1.789177 5.492657 -1.640432
v -1.789177 5.492657 -1.640432
v -1.789177 5.492657 -1.640432
v -1.783424 5.492657 -1.634679
v -1.783424 5.492657 -1.634679
v -1.783424 5.492657 -1.634679
v -1.783424 5.492657 -1.634679
v -1.231073 5.492657 -1.634679
v -1.231073 5.492657 -1.634679
v -1.231073 5.492657 -1.634679
v -1.231073 5.492657 -1.634679
v -1.225319 5.528138 -1.640432
v -1.225319 5.528138 -1.640432
v -1.225319 5.528138 -1.640432
v -1.225319 5.528138 -1.640432
v -1.225319 5.528138 -2.192784
v -1.225319 5.528138 -2.192784
v -1.225319 5.528138 -2.192784
v -1.225319 5.528138 -2.192784
v -1.215729 5.545399 -2.214839
v -1.215729 5.545399 -2.214839
v -1.215729 5.545399 -2.214839
v -1.215729 5.545399 -2.214839
v -1.783424 5.528138 -2.198537
v -1.783424 5.528138 -2.198537
v -1.783424 5.528138 -2.198537
v -1.783424 5.528138 -2.198537
v -1.805479 5.545399 -2.208127
v -1.805479 5.545399 -2.208127
v -1.805479 5.545399 -2.208127
v -1.805479 5.545399 -2.208127
v -1.789177 5.528138 -1.640432
v -1.789177 5.528138 -1.640432
v -1.789177 5.528138 -1.640432
v -1.789177 5.528138 -1.640432
v -1.783424 5.528138 -1.634679
v -1.783424 5.528138 -1.634679
v -1.783424 5.528138 -1.634679
v -1.783424 5.528138 -1.634679
v -1.231073 5.528138 -1.634679
v -1.231073 5.528138 -1.634679
v -1.231073 5.528138 -1.634679
v -1.231073 5.528138 -1.634679
v -1.209017 5.545399 -1.625089
v -1.209017 5.545399 -1.625089
v -1.209017 5.545399 -1.625089
v -1.209017 5.545399 -1.625089
v -1.209017 5.545399 -2.208127
v -1.209017 5.545399 -2.208127
v -1.209017 5.545399 -2.208127
v -1.209017 5.545399 -2.208127
v -1.232032 5.562660 -2.198537
v -1.232032 5.562660 -2.198537
v -1.232032 5.562660 -2.198537
v -1.798767 5.545399 -2.214839
v -1.798767 5.545399 -2.214839
v -1.798767 5.545399 -2.214839
v -1.798767 5.545399 -2.214839
v -1.789177 5.562660 -2.191825
v -1.789177 5.562660 -2.191825
v -1.789177 5.562660 -2.191825
v -1.805479 5.545399 -1.625089
v -1.805479 5.545399 -1.625089
v -1.805479 5.545399 -1.625089
v -1.805479 5.545399 -1.625089
v -1.798767 5.545399 -1.618376
v -1.798767 5.545399 -1.618376
v -1.798767 5.545399 -1.618376
v -1.798767 5.545399 -1.618376
v -1.215729 5.545399 -1.618376
v -1.215729 5.545399 -1.618376
v -1.215729 5.545399 -1.618376
v -1.215729 5.545399 -1.618376
v -1.225319 5.562660 -1.641391
v -1.225319 5.562660 -1.641391
v -1.225319 5.562660 -1.641391
v -1.225319 5.562660 -2.191825
v -1.225319 5.562660 -2.191825
v -1.225319 5.562660 -2.191825
v -1.782465 5.562660 -2.198537
v -1.782465 5.562660 -2.198537
v -1.782465 5.562660 -2.198537
v -1.789177 5.562660 -1.641391
v -1.789177 5.562660 -1.641391
v -1.789177 5.562660 -1.641391
v -1.782465 5.562660 -1.634679
v -1.782465 5.562660 -1.634679
v -1.782465 5.562660 -1.634679
v -1.232032 5.562660 -1.634679
v -1.232032 5.562660 -1.634679
v -1.232032 5.562660 -1.634679
v -4.186534 4.057119 -1.632761
v -4.186534 4.057119 -1.632761
v -4.179821 4.057119 -1.639473
v -4.179821 4.057119 -1.639473
v -4.179821 4.076299 -1.639473
v -4.179821 4.076299 -1.639473
v -4.179821 4.076299 -1.639473
v -4.179821 4.076299 -2.193743
v -4.179821 4.076299 -2.193743
v -4.179821 4.076299 -2.193743
v -4.179821 4.057119 -2.193743
v -4.179821 4.057119 -2.193743
v -4.186534 4.076299 -2.200455
v -4.186534 4.076299 -2.200455
v -4.186534 4.076299 -2.200455
v -4.186534 4.057119 -2.200455
v -4.186534 4.057119 -2.200455
v -4.740803 4.076299 -2.200455
v -4.740803 4.076299 -2.200455
v -4.740803 4.076299 -2.200455
v -4.740803 4.057119 -2.200455
v -4.740803 4.057119 -2.200455
v -4.747516 4.076299 -2.193743
v -4.747516 4.076299 -2.193743
v -4.747516 4.076299 -2.193743
v -4.747516 4.057119 -2.193743
v -4.747516 4.057119 -2.193743
v -4.747516 4.076299 -1.639473
v -4.747516 4.076299 -1.639473
v -4.747516 4.076299 -1.639473
v -4.747516 4.057119 -1.639473
v -4.747516 4.057119 -1.639473
v -4.740803 4.076299 -1.632761
v -4.740803 4.076299 -1.632761
v -4.740803 4.076299 -1.632761
v -4.740803 4.076299 -1.632761
v -4.740803 4.057119 -1.632761
v -4.740803 4.057119 -1.632761
v -4.186534 4.076299 -1.632761
v -4.186534 4.076299 -1.632761
v -4.186534 4.076299 -1.632761
v -4.181739 4.076299 -1.621253
v -4.181739 4.076299 -1.621253
v -4.181739 4.076299 -1.621253
v -4.167356 4.076299 -1.634679
v -4.167356 4.076299 -1.634679
v -4.167356 4.076299 -1.634679
v -4.167356 4.076299 -2.198537
v -4.167356 4.076299 -2.198537
v -4.167356 4.076299 -2.198537
v -4.181739 4.076299 -2.211962
v -4.181739 4.076299 -2.211962
v -4.181739 4.076299 -2.211962
v -4.745597 4.076299 -2.211962
v -4.745597 4.076299 -2.211962
v -4.745597 4.076299 -2.211962
v -4.759022 4.076299 -2.198537
v -4.759022 4.076299 -2.198537
v -4.759022 4.076299 -2.198537
v -4.759022 4.076299 -1.634679
v -4.759022 4.076299 -1.634679
v -4.759022 4.076299 -1.634679
v -4.745597 4.076299 -1.621253
v -4.745597 4.076299 -1.621253
v -4.745597 4.076299 -1.621253
v -4.745597 4.076299 -1.621253
v -4.745597 4.094518 -1.621253
v -4.745597 4.094518 -1.621253
v -4.745597 4.094518 -1.621253
v -4.745597 4.094518 -1.621253
v -4.181739 4.094518 -1.621253
v -4.181739 4.094518 -1.621253
v -4.181739 4.094518 -1.621253
v -4.167356 4.094518 -1.634679
v -4.167356 4.094518 -1.634679
v -4.167356 4.094518 -1.634679
v -4.167356 4.094518 -2.198537
v -4.167356 4.094518 -2.198537
v -4.167356 4.094518 -2.198537
v -4.181739 4.094518 -2.211962
v -4.181739 4.094518 -2.211962
v -4.181739 4.094518 -2.211962
v -4.745597 4.094518 -2.211962
v -4.745597 4.094518 -2.211962
v -4.745597 4.094518 -2.211962
v -4.759022 4.094518 -2.198537
v -4.759022 4.094518 -2.198537
v -4.759022 4.094518 -2.198537
v -4.759022 4.094518 -1.634679
v -4.759022 4.094518 -1.634679
v -4.759022 4.094518 -1.634679
v -4.747516 4.094518 -1.639473
v -4.747516 4.094518 -1.639473
v -4.747516 4.094518 -1.639473
v -4.740803 4.094518 -1.632761
v -4.740803 4.094518 -1.632761
v -4.740803 4.094518 -1.632761
v -4.740803 4.094518 -1.632761
v -4.186534 4.094518 -1.632761
v -4.186534 4.094518 -1.632761
v -4.186534 4.094518 -1.632761
v -4.179821 4.094518 -1.639473
v -4.179821 4.094518 -1.639473
v -4.179821 4.094518 -1.639473
v -4.179821 4.094518 -2.193743
v -4.179821 4.094518 -2.193743
v -4.179821 4.094518 -2.193743
v -4.186534 4.094518 -2.200455
v -4.186534 4.094518 -2.200455
v -4.186534 4.094518 -2.200455
v -4.740803 4.094518 -2.200455
v -4.740803 4.094518 -2.200455
v -4.740803 4.094518 -2.200455
v -4.747516 4.094518 -2.193743
v -4.747516 4.094518 -2.193743
v -4.747516 4.094518 -2.193743
v -4.691896 4.150137 -2.139083
v -4.691896 4.150137 -2.139083
v -4.691896 4.150137 -2.139083
v -4.691896 4.150137 -2.139083
v -4.691896 4.150137 -1.693174
v -4.691896 4.150137 -1.693174
v -4.691896 4.150137 -1.693174
v -4.691896 4.150137 -1.693174
v -4.686143 4.150137 -1.688380
v -4.686143 4.150137 -1.688380
v -4.686143 4.150137 -1.688380
v -4.686143 4.150137 -1.688380
v -4.240235 4.150137 -1.688380
v -4.240235 4.150137 -1.688380
v -4.240235 4.150137 -1.688380
v -4.240235 4.150137 -1.688380
v -4.234481 4.150137 -1.693174
v -4.234481 4.150137 -1.693174
v -4.234481 4.150137 -1.693174
v -4.234481 4.150137 -1.693174
v -4.234481 4.150137 -2.139083
v -4.234481 4.150137 -2.139083
v -4.234481 4.150137 -2.139083
v -4.234481 4.150137 -2.139083
v -4.240235 4.150137 -2.144836
v -4.240235 4.150137 -2.144836
v -4.240235 4.150137 -2.144836
v -4.240235 4.150137 -2.144836
v -4.686143 4.150137 -2.144836
v -4.686143 4.150137 -2.144836
v -4.686143 4.150137 -2.144836
v -4.686143 4.150137 -2.144836
v -4.695732 4.156850 -2.143878
v -4.695732 4.156850 -2.143878
v -4.695732 4.156850 -2.143878
v -4.695732 4.156850 -1.689338
v -4.695732 4.156850 -1.689338
v -4.695732 4.156850 -1.689338
v -4.689979 4.156850 -1.684544
v -4.689979 4.156850 -1.684544
v -4.689979 4.156850 -1.684544
v -4.236399 4.156850 -1.684544
v -4.236399 4.156850 -1.684544
v -4.236399 4.156850 -1.684544
v -4.230645 4.156850 -1.689338
v -4.230645 4.156850 -1.689338
v -4.230645 4.156850 -1.689338
v -4.230645 4.156850 -2.143878
v -4.230645 4.156850 -2.143878
v -4.230645 4.156850 -2.143878
v -4.230645 4.156850 -2.143878
v -4.236399 4.156850 -2.148672
v -4.236399 4.156850 -2.148672
v -4.236399 4.156850 -2.148672
v -4.689979 4.156850 -2.148672
v -4.689979 4.156850 -2.148672
v -4.689979 4.156850 -2.148672
v -4.687102 4.162603 -2.134288
v -4.687102 4.162603 -2.134288
v -4.687102 4.162603 -2.134288
v -4.687102 4.162603 -1.698928
v -4.687102 4.162603 -1.698928
v -4.687102 4.162603 -1.698928
v -4.681348 4.162603 -1.693174
v -4.681348 4.162603 -1.693174
v -4.681348 4.162603 -1.693174
v -4.245029 4.162603 -1.693174
v -4.245029 4.162603 -1.693174
v -4.245029 4.162603 -1.693174
v -4.240235 4.162603 -1.698928
v -4.240235 4.162603 -1.698928
v -4.240235 4.162603 -1.698928
v -4.240235 4.162603 -2.134288
v -4.240235 4.162603 -2.134288
v -4.240235 4.162603 -2.134288
v -4.240235 4.162603 -2.134288
v -4.245029 4.162603 -2.140042
v -4.245029 4.162603 -2.140042
v -4.245029 4.162603 -2.140042
v -4.681348 4.162603 -2.140042
v -4.681348 4.162603 -2.140042
v -4.681348 4.162603 -2.140042
v -4.681348 5.282649 -2.140042
v -4.681348 5.282649 -2.140042
v -4.681348 5.282649 -2.140042
v -4.681348 5.282649 -2.140042
v -4.687102 5.282649 -2.134288
v -4.687102 5.282649 -2.134288
v -4.687102 5.282649 -2.134288
v -4.687102 5.282649 -2.134288
v -4.687102 5.282649 -1.698928
v -4.687102 5.282649 -1.698928
v -4.687102 5.282649 -1.698928
v -4.687102 5.282649 -1.698928
v -4.681348 5.282649 -1.693174
v -4.681348 5.282649 -1.693174
v -4.681348 5.282649 -1.693174
v -4.681348 5.282649 -1.693174
v -4.245988 5.282649 -1.693174
v -4.245988 5.282649 -1.693174
v -4.245988 5.282649 -1.693174
v -4.245988 5.282649 -1.693174
v -4.240235 5.282649 -1.698928
v -4.240235 5.282649 -1.698928
v -4.240235 5.282649 -1.698928
v -4.240235 5.282649 -1.698928
v -4.240235 5.282649 -2.134288
v -4.240235 5.282649 -2.134288
v -4.240235 5.282649 -2.134288
v -4.240235 5.282649 -2.134288
v -4.245988 5.282649 -2.140042
v -4.245988 5.282649 -2.140042
v -4.245988 5.282649 -2.140042
v -4.245988 5.282649 -2.140042
v -4.697650 5.297992 -2.157303
v -4.697650 5.297992 -2.157303
v -4.697650 5.297992 -2.157303
v -4.697650 5.297992 -2.157303
v -4.704363 5.297992 -2.151549
v -4.704363 5.297992 -2.151549
v -4.704363 5.297992 -2.151549
v -4.704363 5.297992 -2.151549
v -4.704363 5.297992 -1.681667
v -4.704363 5.297992 -1.681667
v -4.704363 5.297992 -1.681667
v -4.704363 5.297992 -1.681667
v -4.697650 5.297992 -1.675913
v -4.697650 5.297992 -1.675913
v -4.697650 5.297992 -1.675913
v -4.697650 5.297992 -1.675913
v -4.228727 5.297992 -1.675913
v -4.228727 5.297992 -1.675913
v -4.228727 5.297992 -1.675913
v -4.228727 5.297992 -1.675913
v -4.222014 5.297992 -1.681667
v -4.222014 5.297992 -1.681667
v -4.222014 5.297992 -1.681667
v -4.222014 5.297992 -1.681667
v -4.222014 5.297992 -2.151549
v -4.222014 5.297992 -2.151549
v -4.222014 5.297992 -2.151549
v -4.222014 5.297992 -2.151549
v -4.228727 5.297992 -2.157303
v -4.228727 5.297992 -2.157303
v -4.228727 5.297992 -2.157303
v -4.228727 5.297992 -2.157303
v -4.685184 5.314293 -2.144836
v -4.685184 5.314293 -2.144836
v -4.685184 5.314293 -2.144836
v -4.685184 5.314293 -2.144836
v -4.691896 5.314293 -2.139083
v -4.691896 5.314293 -2.139083
v -4.691896 5.314293 -2.139083
v -4.691896 5.314293 -2.139083
v -4.691896 5.314293 -1.694133
v -4.691896 5.314293 -1.694133
v -4.691896 5.314293 -1.694133
v -4.691896 5.314293 -1.694133
v -4.685184 5.314293 -1.688380
v -4.685184 5.314293 -1.688380
v -4.685184 5.314293 -1.688380
v -4.685184 5.314293 -1.688380
v -4.241194 5.314293 -1.688380
v -4.241194 5.314293 -1.688380
v -4.241194 5.314293 -1.688380
v -4.241194 5.314293 -1.688380
v -4.235440 5.314293 -1.694133
v -4.235440 5.314293 -1.694133
v -4.235440 5.314293 -1.694133
v -4.235440 5.314293 -1.694133
v -4.235440 5.314293 -2.139083
v -4.235440 5.314293 -2.139083
v -4.235440 5.314293 -2.139083
v -4.235440 5.314293 -2.139083
v -4.241194 5.314293 -2.144836
v -4.241194 5.314293 -2.144836
v -4.241194 5.314293 -2.144836
v -4.241194 5.314293 -2.144836
v -4.691896 5.365118 -2.150590
v -4.691896 5.365118 -2.150590
v -4.697650 5.365118 -2.145795
v -4.697650 5.365118 -2.145795
v -4.697650 5.365118 -1.687421
v -4.697650 5.365118 -1.687421
v -4.691896 5.365118 -1.682626
v -4.691896 5.365118 -1.682626
v -4.234481 5.365118 -1.682626
v -4.234481 5.365118 -1.682626
v -4.228727 5.365118 -1.687421
v -4.228727 5.365118 -1.687421
v -4.228727 5.365118 -2.145795
v -4.228727 5.365118 -2.145795
v -4.234481 5.365118 -2.150590
v -4.234481 5.365118 -2.150590
v -4.712994 5.437998 -2.171687
v -4.712994 5.437998 -2.171687
v -4.718747 5.437998 -2.165933
v -4.718747 5.437998 -2.165933
v -4.718747 5.437998 -1.667283
v -4.718747 5.437998 -1.667283
v -4.712994 5.437998 -1.661529
v -4.712994 5.437998 -1.661529
v -4.213385 5.437998 -1.661529
v -4.213385 5.437998 -1.661529
v -4.207631 5.437998 -1.667283
v -4.207631 5.437998 -1.667283
v -4.207631 5.437998 -2.165933
v -4.207631 5.437998 -2.165933
v -4.213385 5.437998 -2.171687
v -4.213385 5.437998 -2.171687
v -4.187493 5.492657 -2.198537
v -4.187493 5.492657 -2.198537
v -4.187493 5.492657 -2.198537
v -4.187493 5.492657 -2.198537
v -4.739844 5.492657 -2.198537
v -4.739844 5.492657 -2.198537
v -4.739844 5.492657 -2.198537
v -4.739844 5.492657 -2.198537
v -4.739844 5.528138 -2.198537
v -4.739844 5.528138 -2.198537
v -4.739844 5.528138 -2.198537
v -4.739844 5.528138 -2.198537
v -4.745597 5.492657 -2.192784
v -4.745597 5.492657 -2.192784
v -4.745597 5.492657 -2.192784
v -4.745597 5.492657 -2.192784
v -4.745597 5.492657 -1.640432
v -4.745597 5.492657 -1.640432
v -4.745597 5.492657 -1.640432
v -4.745597 5.492657 -1.640432
v -4.745597 5.528138 -1.640432
v -4.745597 5.528138 -1.640432
v -4.745597 5.528138 -1.640432
v -4.745597 5.528138 -1.640432
v -4.739844 5.492657 -1.634679
v -4.739844 5.492657 -1.634679
v -4.739844 5.492657 -1.634679
v -4.739844 5.492657 -1.634679
v -4.187493 5.492657 -1.634679
v -4.187493 5.492657 -1.634679
v -4.187493 5.492657 -1.634679
v -4.187493 5.492657 -1.634679
v -4.181739 5.492657 -1.640432
v -4.181739 5.492657 -1.640432
v -4.181739 5.492657 -1.640432
v -4.181739 5.492657 -1.640432
v -4.181739 5.492657 -2.192784
v -4.181739 5.492657 -2.192784
v -4.181739 5.492657 -2.192784
v -4.181739 5.492657 -2.192784
v -4.181739 5.528138 -2.192784
v -4.181739 5.528138 -2.192784
v -4.181739 5.528138 -2.192784
v -4.181739 5.528138 -2.192784
v -4.187493 5.528138 -2.198537
v -4.187493 5.528138 -2.198537
v -4.187493 5.528138 -2.198537
v -4.187493 5.528138 -2.198537
v -4.755187 5.545399 -2.214839
v -4.755187 5.545399 -2.214839
v -4.755187 5.545399 -2.214839
v -4.755187 5.545399 -2.214839
v -4.745597 5.528138 -2.192784
v -4.745597 5.528138 -2.192784
v -4.745597 5.528138 -2.192784
v -4.745597 5.528138 -2.192784
v -4.761899 5.545399 -1.625089
v -4.761899 5.545399 -1.625089
v -4.761899 5.545399 -1.625089
v -4.761899 5.545399 -1.625089
v -4.739844 5.528138 -1.634679
v -4.739844 5.528138 -1.634679
v -4.739844 5.528138 -1.634679
v -4.739844 5.528138 -1.634679
v -4.187493 5.528138 -1.634679
v -4.187493 5.528138 -1.634679
v -4.187493 5.528138 -1.634679
v -4.187493 5.528138 -1.634679
v -4.181739 5.528138 -1.640432
v -4.181739 5.528138 -1.640432
v -4.181739 5.528138 -1.640432
v -4.181739 5.528138 -1.640432
v -4.165437 5.545399 -2.208127
v -4.165437 5.545399 -2.208127
v -4.165437 5.545399 -2.208127
v -4.165437 5.545399 -2.208127
v -4.171191 5.545399 -2.214839
v -4.171191 5.545399 -2.214839
v -4.171191 5.545399 -2.214839
v -4.171191 5.545399 -2.214839
v -4.738885 5.562660 -2.198537
v -4.738885 5.562660 -2.198537
v -4.738885 5.562660 -2.198537
v -4.761899 5.545399 -2.208127
v -4.761899 5.545399 -2.208127
v -4.761899 5.545399 -2.208127
v -4.761899 5.545399 -2.208127
v -4.745597 5.562660 -1.641391
v -4.745597 5.562660 -1.641391
v -4.745597 5.562660 -1.641391
v -4.755187 5.545399 -1.618376
v -4.755187 5.545399 -1.618376
v -4.755187 5.545399 -1.618376
v -4.755187 5.545399 -1.618376
v -4.171191 5.545399 -1.618376
v -4.171191 5.545399 -1.618376
v -4.171191 5.545399 -1.618376
v -4.171191 5.545399 -1.618376
v -4.165437 5.545399 -1.625089
v -4.165437 5.545399 -1.625089
v -4.165437 5.545399 -1.625089
v -4.165437 5.545399 -1.625089
v -4.181739 5.562660 -2.191825
v -4.181739 5.562660 -2.191825
v -4.181739 5.562660 -2.191825
v -4.187493 5.562660 -2.198537
v -4.187493 5.562660 -2.198537
v -4.187493 5.562660 -2.198537
v -4.745597 5.562660 -2.191825
v -4.745597 5.562660 -2.191825
v -4.745597 5.562660 -2.191825
v -4.738885 5.562660 -1.634679
v -4.738885 5.562660 -1.634679
v -4.738885 5.562660 -1.634679
v -4.187493 5.562660 -1.634679
v -4.187493 5.562660 -1.634679
v -4.187493 5.562660 -1.634679
v -4.181739 5.562660 -1.641391
v -4.181739 5.562660 -1.641391
v -4.181739 5.562660 -1.641391
v -7.305016 4.076299 -1.450562
v -7.305016 4.076299 -1.450562
v -7.305016 4.076299 -1.450562
v -7.305016 4.057119 -1.450562
v -7.305016 4.057119 -1.450562
v -7.305016 4.076299 -1.632761
v -7.305016 4.076299 -1.632761
v -7.305016 4.076299 -1.632761
v -7.305016 4.076299 -1.632761
v -7.305016 4.057119 -1.632761
v -7.305016 4.057119 -1.632761
v -7.122817 4.057119 -1.632761
v -7.122817 4.057119 -1.632761
v -7.122817 4.076299 -1.632761
v -7.122817 4.076299 -1.632761
v -7.122817 4.076299 -1.632761
v -7.116104 4.076299 -1.639473
v -7.116104 4.076299 -1.639473
v -7.116104 4.076299 -1.639473
v -7.116104 4.057119 -1.639473
v -7.116104 4.057119 -1.639473
v -7.116104 4.076299 -2.193743
v -7.116104 4.076299 -2.193743
v -7.116104 4.076299 -2.193743
v -7.116104 4.057119 -2.193743
v -7.116104 4.057119 -2.193743
v -7.122817 4.076299 -2.200455
v -7.122817 4.076299 -2.200455
v -7.122817 4.076299 -2.200455
v -7.122817 4.076299 -2.200455
v -7.122817 4.057119 -2.200455
v -7.122817 4.057119 -2.200455
v -7.516942 4.076299 -2.200455
v -7.516942 4.076299 -2.200455
v -7.516942 4.076299 -2.200455
v -7.516942 4.076299 -2.200455
v -7.516942 4.057119 -2.200455
v -7.516942 4.057119 -2.200455
v -7.872710 4.057119 -2.200455
v -7.872710 4.057119 -2.200455
v -7.872710 4.076299 -2.200455
v -7.872710 4.076299 -2.200455
v -7.872710 4.076299 -2.200455
v -7.872710 4.076299 -2.200455
v -7.872710 4.076299 -1.844687
v -7.872710 4.076299 -1.844687
v -7.872710 4.076299 -1.844687
v -7.872710 4.076299 -1.844687
v -7.872710 4.057119 -1.844687
v -7.872710 4.057119 -1.844687
v -7.872710 4.057119 -1.450562
v -7.872710 4.057119 -1.450562
v -7.872710 4.076299 -1.450562
v -7.872710 4.076299 -1.450562
v -7.872710 4.076299 -1.450562
v -7.872710 4.076299 -1.450562
v -7.865997 4.057119 -1.443849
v -7.865997 4.057119 -1.443849
v -7.865997 4.076299 -1.443849
v -7.865997 4.076299 -1.443849
v -7.865997 4.076299 -1.443849
v -7.311728 4.057119 -1.443849
v -7.311728 4.057119 -1.443849
v -7.311728 4.076299 -1.443849
v -7.311728 4.076299 -1.443849
v -7.311728 4.076299 -1.443849
v -7.293509 4.076299 -1.445767
v -7.293509 4.076299 -1.445767
v -7.293509 4.076299 -1.445767
v -7.293509 4.076299 -1.621253
v -7.293509 4.076299 -1.621253
v -7.293509 4.076299 -1.621253
v -7.293509 4.076299 -1.621253
v -7.118021 4.076299 -1.621253
v -7.118021 4.076299 -1.621253
v -7.118021 4.076299 -1.621253
v -7.104597 4.076299 -1.634679
v -7.104597 4.076299 -1.634679
v -7.104597 4.076299 -1.634679
v -7.104597 4.076299 -2.198537
v -7.104597 4.076299 -2.198537
v -7.104597 4.076299 -2.198537
v -7.118021 4.076299 -2.211962
v -7.118021 4.076299 -2.211962
v -7.118021 4.076299 -2.211962
v -7.118021 4.076299 -2.211962
v -7.516942 4.076299 -2.211962
v -7.516942 4.076299 -2.211962
v -7.516942 4.076299 -2.211962
v -7.516942 4.076299 -2.211962
v -7.884217 4.076299 -2.211962
v -7.884217 4.076299 -2.211962
v -7.884217 4.076299 -2.211962
v -7.884217 4.076299 -2.211962
v -7.884217 4.076299 -1.844687
v -7.884217 4.076299 -1.844687
v -7.884217 4.076299 -1.844687
v -7.884217 4.076299 -1.844687
v -7.884217 4.076299 -1.445767
v -7.884217 4.076299 -1.445767
v -7.884217 4.076299 -1.445767
v -7.884217 4.076299 -1.445767
v -7.870792 4.076299 -1.432342
v -7.870792 4.076299 -1.432342
v -7.870792 4.076299 -1.432342
v -7.306933 4.076299 -1.432342
v -7.306933 4.076299 -1.432342
v -7.306933 4.076299 -1.432342
v -7.293509 4.094518 -1.445767
v -7.293509 4.094518 -1.445767
v -7.293509 4.094518 -1.445767
v -7.293509 4.094518 -1.621253
v -7.293509 4.094518 -1.621253
v -7.293509 4.094518 -1.621253
v -7.293509 4.094518 -1.621253
v -7.118021 4.094518 -1.621253
v -7.118021 4.094518 -1.621253
v -7.118021 4.094518 -1.621253
v -7.104597 4.094518 -1.634679
v -7.104597 4.094518 -1.634679
v -7.104597 4.094518 -1.634679
v -7.104597 4.094518 -2.198537
v -7.104597 4.094518 -2.198537
v -7.104597 4.094518 -2.198537
v -7.118021 4.094518 -2.211962
v -7.118021 4.094518 -2.211962
v -7.118021 4.094518 -2.211962
v -7.118021 4.094518 -2.211962
v -7.516942 4.094518 -2.211962
v -7.516942 4.094518 -2.211962
v -7.516942 4.094518 -2.211962
v -7.516942 4.094518 -2.211962
v -7.884217 4.094518 -2.211962
v -7.884217 4.094518 -2.211962
v -7.884217 4.094518 -2.211962
v -7.884217 4.094518 -2.211962
v -7.884217 4.094518 -1.844687
v -7.884217 4.094518 -1.844687
v -7.884217 4.094518 -1.844687
v -7.884217 4.094518 -1.844687
v -7.884217 4.094518 -1.445767
v -7.884217 4.094518 -1.445767
v -7.884217 4.094518 -1.445767
v -7.884217 4.094518 -1.445767
v -7.870792 4.094518 -1.432342
v -7.870792 4.094518 -1.432342
v -7.870792 4.094518 -1.432342
v -7.306933 4.094518 -1.432342
v -7.306933 4.094518 -1.432342
v -7.306933 4.094518 -1.432342
v -7.305016 4.094518 -1.450562
v -7.305016 4.094518 -1.450562
v -7.305016 4.094518 -1.450562
v -7.305016 4.094518 -1.632761
v -7.305016 4.094518 -1.632761
v -7.305016 4.094518 -1.632761
v -7.305016 4.094518 -1.632761
v -7.122817 4.094518 -1.632761
v -7.122817 4.094518 -1.632761
v -7.122817 4.094518 -1.632761
v -7.116104 4.094518 -1.639473
v -7.116104 4.094518 -1.639473
v -7.116104 4.094518 -1.639473
v -7.116104 4.094518 -2.193743
v -7.116104 4.094518 -2.193743
v -7.116104 4.094518 -2.193743
v -7.122817 4.094518 -2.200455
v -7.122817 4.094518 -2.200455
v -7.122817 4.094518 -2.200455
v -7.122817 4.094518 -2.200455
v -7.516942 4.094518 -2.200455
v -7.516942 4.094518 -2.200455
v -7.516942 4.094518 -2.200455
v -7.516942 4.094518 -2.200455
v -7.872710 4.094518 -2.200455
v -7.872710 4.094518 -2.200455
v -7.872710 4.094518 -2.200455
v -7.872710 4.094518 -2.200455
v -7.872710 4.094518 -1.844687
v -7.872710 4.094518 -1.844687
v -7.872710 4.094518 -1.844687
v -7.872710 4.094518 -1.844687
v -7.872710 4.094518 -1.450562
v -7.872710 4.094518 -1.450562
v -7.872710 4.094518 -1.450562
v -7.872710 4.094518 -1.450562
v -7.865997 4.094518 -1.443849
v -7.865997 4.094518 -1.443849
v -7.865997 4.094518 -1.443849
v -7.311728 4.094518 -1.443849
v -7.311728 4.094518 -1.443849
v -7.311728 4.094518 -1.443849
v -7.360634 4.150137 -1.504262
v -7.360634 4.150137 -1.504262
v -7.360634 4.150137 -1.504262
v -7.360634 4.150137 -1.504262
v -7.360634 4.150137 -1.688380
v -7.360634 4.150137 -1.688380
v -7.360634 4.150137 -1.688380
v -7.360634 4.150137 -1.688380
v -7.176517 4.150137 -1.688380
v -7.176517 4.150137 -1.688380
v -7.176517 4.150137 -1.688380
v -7.176517 4.150137 -1.688380
v -7.171723 4.150137 -1.693174
v -7.171723 4.150137 -1.693174
v -7.171723 4.150137 -1.693174
v -7.171723 4.150137 -1.693174
v -7.171723 4.150137 -2.139083
v -7.171723 4.150137 -2.139083
v -7.171723 4.150137 -2.139083
v -7.171723 4.150137 -2.139083
v -7.176517 4.150137 -2.144836
v -7.176517 4.150137 -2.144836
v -7.176517 4.150137 -2.144836
v -7.176517 4.150137 -2.144836
v -7.516942 4.150137 -2.144836
v -7.516942 4.150137 -2.144836
v -7.516942 4.150137 -2.144836
v -7.516942 4.150137 -2.144836
v -7.817091 4.150137 -2.144836
v -7.817091 4.150137 -2.144836
v -7.817091 4.150137 -2.144836
v -7.817091 4.150137 -2.144836
v -7.817091 4.150137 -1.844687
v -7.817091 4.150137 -1.844687
v -7.817091 4.150137 -1.844687
v -7.817091 4.150137 -1.844687
v -7.817091 4.150137 -1.504262
v -7.817091 4.150137 -1.504262
v -7.817091 4.150137 -1.504262
v -7.817091 4.150137 -1.504262
v -7.811337 4.150137 -1.499468
v -7.811337 4.150137 -1.499468
v -7.811337 4.150137 -1.499468
v -7.811337 4.150137 -1.499468
v -7.365429 4.150137 -1.499468
v -7.365429 4.150137 -1.499468
v -7.365429 4.150137 -1.499468
v -7.365429 4.150137 -1.499468
v -7.361593 4.156850 -1.494673
v -7.361593 4.156850 -1.494673
v -7.361593 4.156850 -1.494673
v -7.356798 4.156850 -1.500427
v -7.356798 4.156850 -1.500427
v -7.356798 4.156850 -1.500427
v -7.356798 4.156850 -1.684544
v -7.356798 4.156850 -1.684544
v -7.356798 4.156850 -1.684544
v -7.356798 4.156850 -1.684544
v -7.172682 4.156850 -1.684544
v -7.172682 4.156850 -1.684544
v -7.172682 4.156850 -1.684544
v -7.166928 4.156850 -1.689338
v -7.166928 4.156850 -1.689338
v -7.166928 4.156850 -1.689338
v -7.166928 4.156850 -2.143878
v -7.166928 4.156850 -2.143878
v -7.166928 4.156850 -2.143878
v -7.172682 4.156850 -2.148672
v -7.172682 4.156850 -2.148672
v -7.172682 4.156850 -2.148672
v -7.516942 4.156850 -2.148672
v -7.516942 4.156850 -2.148672
v -7.516942 4.156850 -2.148672
v -7.516942 4.156850 -2.148672
v -7.820927 4.156850 -2.148672
v -7.820927 4.156850 -2.148672
v -7.820927 4.156850 -2.148672
v -7.820927 4.156850 -2.148672
v -7.820927 4.156850 -1.844687
v -7.820927 4.156850 -1.844687
v -7.820927 4.156850 -1.844687
v -7.820927 4.156850 -1.844687
v -7.820927 4.156850 -1.500427
v -7.820927 4.156850 -1.500427
v -7.820927 4.156850 -1.500427
v -7.816132 4.156850 -1.494673
v -7.816132 4.156850 -1.494673
v -7.816132 4.156850 -1.494673
v -7.806543 4.162603 -1.504262
v -7.806543 4.162603 -1.504262
v -7.806543 4.162603 -1.504262
v -7.371182 4.162603 -1.504262
v -7.371182 4.162603 -1.504262
v -7.371182 4.162603 -1.504262
v -7.365429 4.162603 -1.509057
v -7.365429 4.162603 -1.509057
v -7.365429 4.162603 -1.509057
v -7.365429 4.162603 -1.693174
v -7.365429 4.162603 -1.693174
v -7.365429 4.162603 -1.693174
v -7.365429 4.162603 -1.693174
v -7.181312 4.162603 -1.693174
v -7.181312 4.162603 -1.693174
v -7.181312 4.162603 -1.693174
v -7.176517 4.162603 -1.698928
v -7.176517 4.162603 -1.698928
v -7.176517 4.162603 -1.698928
v -7.176517 4.162603 -2.134288
v -7.176517 4.162603 -2.134288
v -7.176517 4.162603 -2.134288
v -7.181312 4.162603 -2.140042
v -7.181312 4.162603 -2.140042
v -7.181312 4.162603 -2.140042
v -7.516942 4.162603 -2.140042
v -7.516942 4.162603 -2.140042
v -7.516942 4.162603 -2.140042
v -7.516942 4.162603 -2.140042
v -7.812296 4.162603 -2.140042
v -7.812296 4.162603 -2.140042
v -7.812296 4.162603 -2.140042
v -7.812296 4.162603 -2.140042
v -7.812296 4.162603 -1.844687
v -7.812296 4.162603 -1.844687
v -7.812296 4.162603 -1.844687
v -7.812296 4.162603 -1.844687
v -7.812296 4.162603 -1.509057
v -7.812296 4.162603 -1.509057
v -7.812296 4.162603 -1.509057
v -7.806543 5.282649 -1.504262
v -7.806543 5.282649 -1.504262
v -7.806543 5.282649 -1.504262
v -7.806543 5.282649 -1.504262
v -7.823803 5.297992 -1.486042
v -7.823803 5.297992 -1.486042
v -7.823803 5.297992 -1.486042
v -7.823803 5.297992 -1.486042
v -7.371182 5.282649 -1.504262
v -7.371182 5.282649 -1.504262
v -7.371182 5.282649 -1.504262
v -7.371182 5.282649 -1.504262
v -7.365429 5.282649 -1.510016
v -7.365429 5.282649 -1.510016
v -7.365429 5.282649 -1.510016
v -7.365429 5.282649 -1.510016
v -7.365429 5.282649 -1.693174
v -7.365429 5.282649 -1.693174
v -7.365429 5.282649 -1.693174
v -7.365429 5.282649 -1.693174
v -7.182271 5.282649 -1.693174
v -7.182271 5.282649 -1.693174
v -7.182271 5.282649 -1.693174
v -7.182271 5.282649 -1.693174
v -7.176517 5.282649 -1.698928
v -7.176517 5.282649 -1.698928
v -7.176517 5.282649 -1.698928
v -7.176517 5.282649 -1.698928
v -7.176517 5.282649 -2.134288
v -7.176517 5.282649 -2.134288
v -7.176517 5.282649 -2.134288
v -7.176517 5.282649 -2.134288
v -7.182271 5.282649 -2.140042
v -7.182271 5.282649 -2.140042
v -7.182271 5.282649 -2.140042
v -7.182271 5.282649 -2.140042
v -7.516942 5.282649 -2.140042
v -7.516942 5.282649 -2.140042
v -7.516942 5.282649 -2.140042
v -7.516942 5.282649 -2.140042
v -7.812296 5.282649 -2.140042
v -7.812296 5.282649 -2.140042
v -7.812296 5.282649 -2.140042
v -7.812296 5.282649 -2.140042
v -7.812296 5.282649 -1.844687
v -7.812296 5.282649 -1.844687
v -7.812296 5.282649 -1.844687
v -7.812296 5.282649 -1.844687
v -7.812296 5.282649 -1.510016
v -7.812296 5.282649 -1.510016
v -7.812296 5.282649 -1.510016
v -7.812296 5.282649 -1.510016
v -7.829558 5.297992 -1.492755
v -7.829558 5.297992 -1.492755
v -7.829558 5.297992 -1.492755
v -7.829558 5.297992 -1.492755
v -7.811337 5.314293 -1.499468
v -7.811337 5.314293 -1.499468
v -7.811337 5.314293 -1.499468
v -7.811337 5.314293 -1.499468
v -7.353922 5.297992 -1.486042
v -7.353922 5.297992 -1.486042
v -7.353922 5.297992 -1.486042
v -7.353922 5.297992 -1.486042
v -7.348168 5.297992 -1.492755
v -7.348168 5.297992 -1.492755
v -7.348168 5.297992 -1.492755
v -7.348168 5.297992 -1.492755
v -7.348168 5.297992 -1.675913
v -7.348168 5.297992 -1.675913
v -7.348168 5.297992 -1.675913
v -7.348168 5.297992 -1.675913
v -7.165010 5.297992 -1.675913
v -7.165010 5.297992 -1.675913
v -7.165010 5.297992 -1.675913
v -7.165010 5.297992 -1.675913
v -7.158298 5.297992 -1.681667
v -7.158298 5.297992 -1.681667
v -7.158298 5.297992 -1.681667
v -7.158298 5.297992 -1.681667
v -7.158298 5.297992 -2.151549
v -7.158298 5.297992 -2.151549
v -7.158298 5.297992 -2.151549
v -7.158298 5.297992 -2.151549
v -7.165010 5.297992 -2.157303
v -7.165010 5.297992 -2.157303
v -7.165010 5.297992 -2.157303
v -7.165010 5.297992 -2.157303
v -7.516942 5.297992 -2.157303
v -7.516942 5.297992 -2.157303
v -7.516942 5.297992 -2.157303
v -7.516942 5.297992 -2.157303
v -7.829558 5.297992 -2.157303
v -7.829558 5.297992 -2.157303
v -7.829558 5.297992 -2.157303
v -7.829558 5.297992 -2.157303
v -7.829558 5.297992 -1.844687
v -7.829558 5.297992 -1.844687
v -7.829558 5.297992 -1.844687
v -7.829558 5.297992 -1.844687
v -7.817091 5.314293 -1.844687
v -7.817091 5.314293 -1.844687
v -7.817091 5.314293 -1.844687
v -7.817091 5.314293 -1.844687
v -7.817091 5.314293 -1.505221
v -7.817091 5.314293 -1.505221
v -7.817091 5.314293 -1.505221
v -7.817091 5.314293 -1.505221
v -7.818050 5.365118 -1.493714
v -7.818050 5.365118 -1.493714
v -7.366388 5.314293 -1.499468
v -7.366388 5.314293 -1.499468
v -7.366388 5.314293 -1.499468
v -7.366388 5.314293 -1.499468
v -7.360634 5.314293 -1.505221
v -7.360634 5.314293 -1.505221
v -7.360634 5.314293 -1.505221
v -7.360634 5.314293 -1.505221
v -7.360634 5.314293 -1.688380
v -7.360634 5.314293 -1.688380
v -7.360634 5.314293 -1.688380
v -7.360634 5.314293 -1.688380
v -7.177476 5.314293 -1.688380
v -7.177476 5.314293 -1.688380
v -7.177476 5.314293 -1.688380
v -7.177476 5.314293 -1.688380
v -7.171723 5.314293 -1.694133
v -7.171723 5.314293 -1.694133
v -7.171723 5.314293 -1.694133
v -7.171723 5.314293 -1.694133
v -7.171723 5.314293 -2.139083
v -7.171723 5.314293 -2.139083
v -7.171723 5.314293 -2.139083
v -7.171723 5.314293 -2.139083
v -7.177476 5.314293 -2.144836
v -7.177476 5.314293 -2.144836
v -7.177476 5.314293 -2.144836
v -7.177476 5.314293 -2.144836
v -7.516942 5.314293 -2.144836
v -7.516942 5.314293 -2.144836
v -7.516942 5.314293 -2.144836
v -7.516942 5.314293 -2.144836
v -7.817091 5.314293 -2.144836
v -7.817091 5.314293 -2.144836
v -7.817091 5.314293 -2.144836
v -7.817091 5.314293 -2.144836
v -7.822845 5.365118 -1.844687
v -7.822845 5.365118 -1.844687
v -7.822845 5.365118 -1.498509
v -7.822845 5.365118 -1.498509
v -7.838188 5.437998 -1.472617
v -7.838188 5.437998 -1.472617
v -7.359675 5.365118 -1.493714
v -7.359675 5.365118 -1.493714
v -7.354880 5.365118 -1.498509
v -7.354880 5.365118 -1.498509
v -7.354880 5.365118 -1.682626
v -7.354880 5.365118 -1.682626
v -7.170763 5.365118 -1.682626
v -7.170763 5.365118 -1.682626
v -7.165969 5.365118 -1.687421
v -7.165969 5.365118 -1.687421
v -7.165969 5.365118 -2.145795
v -7.165969 5.365118 -2.145795
v -7.170763 5.365118 -2.150590
v -7.170763 5.365118 -2.150590
v -7.516942 5.365118 -2.150590
v -7.516942 5.365118 -2.150590
v -7.822845 5.365118 -2.150590
v -7.822845 5.365118 -2.150590
v -7.843941 5.437998 -1.844687
v -7.843941 5.437998 -1.844687
v -7.843941 5.437998 -1.478371
v -7.843941 5.437998 -1.478371
v -7.865038 5.492657 -1.445767
v -7.865038 5.492657 -1.445767
v -7.865038 5.492657 -1.445767
v -7.865038 5.492657 -1.445767
v -7.339538 5.437998 -1.472617
v -7.339538 5.437998 -1.472617
v -7.333784 5.437998 -1.478371
v -7.333784 5.437998 -1.478371
v -7.333784 5.437998 -1.661529
v -7.333784 5.437998 -1.661529
v -7.150626 5.437998 -1.661529
v -7.150626 5.437998 -1.661529
v -7.144872 5.437998 -1.667283
v -7.144872 5.437998 -1.667283
v -7.144872 5.437998 -2.165933
v -7.144872 5.437998 -2.165933
v -7.150626 5.437998 -2.171687
v -7.150626 5.437998 -2.171687
v -7.516942 5.437998 -2.171687
v -7.516942 5.437998 -2.171687
v -7.843941 5.437998 -2.171687
v -7.843941 5.437998 -2.171687
v -7.870792 5.492657 -1.844687
v -7.870792 5.492657 -1.844687
v -7.870792 5.492657 -1.844687
v -7.870792 5.492657 -1.844687
v -7.870792 5.492657 -1.451521
v -7.870792 5.492657 -1.451521
v -7.870792 5.492657 -1.451521
v -7.870792 5.492657 -1.451521
v -7.865038 5.528138 -1.445767
v -7.865038 5.528138 -1.445767
v -7.865038 5.528138 -1.445767
v -7.865038 5.528138 -1.445767
v -7.880381 5.545399 -1.429465
v -7.880381 5.545399 -1.429465
v -7.880381 5.545399 -1.429465
v -7.880381 5.545399 -1.429465
v -7.312687 5.528138 -1.445767
v -7.312687 5.528138 -1.445767
v -7.312687 5.528138 -1.445767
v -7.312687 5.528138 -1.445767
v -7.312687 5.492657 -1.445767
v -7.312687 5.492657 -1.445767
v -7.312687 5.492657 -1.445767
v -7.312687 5.492657 -1.445767
v -7.306933 5.492657 -1.451521
v -7.306933 5.492657 -1.451521
v -7.306933 5.492657 -1.451521
v -7.306933 5.492657 -1.451521
v -7.306933 5.492657 -1.634679
v -7.306933 5.492657 -1.634679
v -7.306933 5.492657 -1.634679
v -7.306933 5.492657 -1.634679
v -7.123775 5.492657 -1.634679
v -7.123775 5.492657 -1.634679
v -7.123775 5.492657 -1.634679
v -7.123775 5.492657 -1.634679
v -7.118021 5.492657 -1.640432
v -7.118021 5.492657 -1.640432
v -7.118021 5.492657 -1.640432
v -7.118021 5.492657 -1.640432
v -7.118021 5.492657 -2.192784
v -7.118021 5.492657 -2.192784
v -7.118021 5.492657 -2.192784
v -7.118021 5.492657 -2.192784
v -7.118021 5.528138 -2.192784
v -7.118021 5.528138 -2.192784
v -7.118021 5.528138 -2.192784
v -7.118021 5.528138 -2.192784
v -7.123775 5.492657 -2.198537
v -7.123775 5.492657 -2.198537
v -7.123775 5.492657 -2.198537
v -7.123775 5.492657 -2.198537
v -7.516942 5.492657 -2.198537
v -7.516942 5.492657 -2.198537
v -7.516942 5.492657 -2.198537
v -7.516942 5.492657 -2.198537
v -7.870792 5.492657 -2.198537
v -7.870792 5.492657 -2.198537
v -7.870792 5.492657 -2.198537
v -7.870792 5.492657 -2.198537
v -7.870792 5.528138 -1.844687
v -7.870792 5.528138 -1.844687
v -7.870792 5.528138 -1.844687
v -7.870792 5.528138 -1.844687
v -7.870792 5.528138 -1.451521
v -7.870792 5.528138 -1.451521
v -7.870792 5.528138 -1.451521
v -7.870792 5.528138 -1.451521
v -7.887094 5.545399 -1.436177
v -7.887094 5.545399 -1.436177
v -7.887094 5.545399 -1.436177
v -7.887094 5.545399 -1.436177
v -7.864079 5.562660 -1.445767
v -7.864079 5.562660 -1.445767
v -7.864079 5.562660 -1.445767
v -7.297344 5.545399 -1.429465
v -7.297344 5.545399 -1.429465
v -7.297344 5.545399 -1.429465
v -7.297344 5.545399 -1.429465
v -7.290631 5.545399 -1.436177
v -7.290631 5.545399 -1.436177
v -7.290631 5.545399 -1.436177
v -7.290631 5.545399 -1.436177
v -7.306933 5.528138 -1.451521
v -7.306933 5.528138 -1.451521
v -7.306933 5.528138 -1.451521
v -7.306933 5.528138 -1.451521
v -7.306933 5.528138 -1.634679
v -7.306933 5.528138 -1.634679
v -7.306933 5.528138 -1.634679
v -7.306933 5.528138 -1.634679
v -7.123775 5.528138 -1.634679
v -7.123775 5.528138 -1.634679
v -7.123775 5.528138 -1.634679
v -7.123775 5.528138 -1.634679
v -7.118021 5.528138 -1.640432
v -7.118021 5.528138 -1.640432
v -7.118021 5.528138 -1.640432
v -7.118021 5.528138 -1.640432
v -7.101720 5.545399 -2.208127
v -7.101720 5.545399 -2.208127
v -7.101720 5.545399 -2.208127
v -7.101720 5.545399 -2.208127
v -7.123775 5.528138 -2.198537
v -7.123775 5.528138 -2.198537
v -7.123775 5.528138 -2.198537
v -7.123775 5.528138 -2.198537
v -7.516942 5.528138 -2.198537
v -7.516942 5.528138 -2.198537
v -7.516942 5.528138 -2.198537
v -7.516942 5.528138 -2.198537
v -7.870792 5.528138 -2.198537
v -7.870792 5.528138 -2.198537
v -7.870792 5.528138 -2.198537
v -7.870792 5.528138 -2.198537
v -7.887094 5.545399 -2.214839
v -7.887094 5.545399 -2.214839
v -7.887094 5.545399 -2.214839
v -7.887094 5.545399 -2.214839
v -7.887094 5.545399 -1.844687
v -7.887094 5.545399 -1.844687
v -7.887094 5.545399 -1.844687
v -7.887094 5.545399 -1.844687
v -7.870792 5.562660 -1.452480
v -7.870792 5.562660 -1.452480
v -7.870792 5.562660 -1.452480
v -7.313646 5.562660 -1.445767
v -7.313646 5.562660 -1.445767
v -7.313646 5.562660 -1.445767
v -7.306933 5.562660 -1.452480
v -7.306933 5.562660 -1.452480
v -7.306933 5.562660 -1.452480
v -7.290631 5.545399 -1.618376
v -7.290631 5.545399 -1.618376
v -7.290631 5.545399 -1.618376
v -7.290631 5.545399 -1.618376
v -7.108432 5.545399 -1.618376
v -7.108432 5.545399 -1.618376
v -7.108432 5.545399 -1.618376
v -7.108432 5.545399 -1.618376
v -7.101720 5.545399 -1.625089
v -7.101720 5.545399 -1.625089
v -7.101720 5.545399 -1.625089
v -7.101720 5.545399 -1.625089
v -7.118021 5.562660 -2.191825
v -7.118021 5.562660 -2.191825
v -7.118021 5.562660 -2.191825
v -7.108432 5.545399 -2.214839
v -7.108432 5.545399 -2.214839
v -7.108432 5.545399 -2.214839
v -7.108432 5.545399 -2.214839
v -7.516942 5.545399 -2.214839
v -7.516942 5.545399 -2.214839
v -7.516942 5.545399 -2.214839
v -7.516942 5.545399 -2.214839
v -7.870792 5.562660 -2.198537
v -7.870792 5.562660 -2.198537
v -7.870792 5.562660 -2.198537
v -7.870792 5.562660 -2.198537
v -7.870792 5.562660 -1.844687
v -7.870792 5.562660 -1.844687
v -7.870792 5.562660 -1.844687
v -7.870792 5.562660 -1.844687
v -7.306933 5.562660 -1.634679
v -7.306933 5.562660 -1.634679
v -7.306933 5.562660 -1.634679
v -7.306933 5.562660 -1.634679
v -7.124734 5.562660 -1.634679
v -7.124734 5.562660 -1.634679
v -7.124734 5.562660 -1.634679
v -7.118021 5.562660 -1.641391
v -7.118021 5.562660 -1.641391
v -7.118021 5.562660 -1.641391
v -7.124734 5.562660 -2.198537
v -7.124734 5.562660 -2.198537
v -7.124734 5.562660 -2.198537
v -7.516942 5.562660 -2.198537
v -7.516942 5.562660 -2.198537
v -7.516942 5.562660 -2.198537
v -7.516942 5.562660 -2.198537
v -7.516942 5.562660 -1.844687
v -7.516942 5.562660 -1.844687
v -7.516942 5.562660 -1.844687
v -7.516942 5.562660 -1.844687
v 7.241186 4.076299 1.491475
v 7.241186 4.076299 1.491475
v 7.241186 4.076299 1.491475
v 7.241186 4.057119 1.491475
v 7.241186 4.057119 1.491475
v 7.241186 4.076299 1.673674
v 7.241186 4.076299 1.673674
v 7.241186 4.076299 1.673674
v 7.241186 4.076299 1.673674
v 7.241186 4.057119 1.673674
v 7.241186 4.057119 1.673674
v 7.058987 4.057119 1.673674
v 7.058987 4.057119 1.673674
v 7.058987 4.076299 1.673674
v 7.058987 4.076299 1.673674
v 7.058987 4.076299 1.673674
v 7.052274 4.076299 1.680387
v 7.052274 4.076299 1.680387
v 7.052274 4.076299 1.680387
v 7.052274 4.057119 1.680387
v 7.052274 4.057119 1.680387
v 7.052274 4.076299 2.234656
v 7.052274 4.076299 2.234656
v 7.052274 4.076299 2.234656
v 7.052274 4.057119 2.234656
v 7.052274 4.057119 2.234656
v 7.058987 4.076299 2.241369
v 7.058987 4.076299 2.241369
v 7.058987 4.076299 2.241369
v 7.058987 4.076299 2.241369
v 7.058987 4.057119 2.241369
v 7.058987 4.057119 2.241369
v 7.453113 4.076299 2.241369
v 7.453113 4.076299 2.241369
v 7.453113 4.076299 2.241369
v 7.453113 4.076299 2.241369
v 7.453113 4.057119 2.241369
v 7.453113 4.057119 2.241369
v 7.808880 4.057119 2.241369
v 7.808880 4.057119 2.241369
v 7.808880 4.076299 2.241369
v 7.808880 4.076299 2.241369
v 7.808880 4.076299 2.241369
v 7.808880 4.076299 2.241369
v 7.808880 4.076299 1.884642
v 7.808880 4.076299 1.884642
v 7.808880 4.076299 1.884642
v 7.808880 4.076299 1.884642
v 7.808880 4.057119 1.884642
v 7.808880 4.057119 1.884642
v 7.808880 4.057119 1.491475
v 7.808880 4.057119 1.491475
v 7.808880 4.076299 1.491475
v 7.808880 4.076299 1.491475
v 7.808880 4.076299 1.491475
v 7.808880 4.076299 1.491475
v 7.802168 4.057119 1.484763
v 7.802168 4.057119 1.484763
v 7.802168 4.076299 1.484763
v 7.802168 4.076299 1.484763
v 7.802168 4.076299 1.484763
v 7.247899 4.057119 1.484763
v 7.247899 4.057119 1.484763
v 7.247899 4.076299 1.484763
v 7.247899 4.076299 1.484763
v 7.247899 4.076299 1.484763
v 7.229678 4.076299 1.486681
v 7.229678 4.076299 1.486681
v 7.229678 4.076299 1.486681
v 7.229678 4.076299 1.662167
v 7.229678 4.076299 1.662167
v 7.229678 4.076299 1.662167
v 7.229678 4.076299 1.662167
v 7.054192 4.076299 1.662167
v 7.054192 4.076299 1.662167
v 7.054192 4.076299 1.662167
v 7.040767 4.076299 1.675592
v 7.040767 4.076299 1.675592
v 7.040767 4.076299 1.675592
v 7.040767 4.076299 2.239451
v 7.040767 4.076299 2.239451
v 7.040767 4.076299 2.239451
v 7.054192 4.076299 2.252876
v 7.054192 4.076299 2.252876
v 7.054192 4.076299 2.252876
v 7.054192 4.076299 2.252876
v 7.453113 4.076299 2.252876
v 7.453113 4.076299 2.252876
v 7.453113 4.076299 2.252876
v 7.453113 4.076299 2.252876
v 7.820387 4.076299 2.252876
v 7.820387 4.076299 2.252876
v 7.820387 4.076299 2.252876
v 7.820387 4.076299 2.252876
v 7.820387 4.076299 1.884642
v 7.820387 4.076299 1.884642
v 7.820387 4.076299 1.884642
v 7.820387 4.076299 1.884642
v 7.820387 4.076299 1.486681
v 7.820387 4.076299 1.486681
v 7.820387 4.076299 1.486681
v 7.820387 4.076299 1.486681
v 7.806962 4.076299 1.472296
v 7.806962 4.076299 1.472296
v 7.806962 4.076299 1.472296
v 7.243104 4.076299 1.472296
v 7.243104 4.076299 1.472296
v 7.243104 4.076299 1.472296
v 7.229678 4.094518 1.486681
v 7.229678 4.094518 1.486681
v 7.229678 4.094518 1.486681
v 7.229678 4.094518 1.662167
v 7.229678 4.094518 1.662167
v 7.229678 4.094518 1.662167
v 7.229678 4.094518 1.662167
v 7.054192 4.094518 1.662167
v 7.054192 4.094518 1.662167
v 7.054192 4.094518 1.662167
v 7.040767 4.094518 1.675592
v 7.040767 4.094518 1.675592
v 7.040767 4.094518 1.675592
v 7.040767 4.094518 2.239451
v 7.040767 4.094518 2.239451
v 7.040767 4.094518 2.239451
v 7.054192 4.094518 2.252876
v 7.054192 4.094518 2.252876
v 7.054192 4.094518 2.252876
v 7.054192 4.094518 2.252876
v 7.453113 4.094518 2.252876
v 7.453113 4.094518 2.252876
v 7.453113 4.094518 2.252876
v 7.453113 4.094518 2.252876
v 7.820387 4.094518 2.252876
v 7.820387 4.094518 2.252876
v 7.820387 4.094518 2.252876
v 7.820387 4.094518 2.252876
v 7.820387 4.094518 1.884642
v 7.820387 4.094518 1.884642
v 7.820387 4.094518 1.884642
v 7.820387 4.094518 1.884642
v 7.820387 4.094518 1.486681
v 7.820387 4.094518 1.486681
v 7.820387 4.094518 1.486681
v 7.820387 4.094518 1.486681
v 7.806962 4.094518 1.472296
v 7.806962 4.094518 1.472296
v 7.806962 4.094518 1.472296
v 7.243104 4.094518 1.472296
v 7.243104 4.094518 1.472296
v 7.243104 4.094518 1.472296
v 7.241186 4.094518 1.491475
v 7.241186 4.094518 1.491475
v 7.241186 4.094518 1.491475
v 7.241186 4.094518 1.673674
v 7.241186 4.094518 1.673674
v 7.241186 4.094518 1.673674
v 7.241186 4.094518 1.673674
v 7.058987 4.094518 1.673674
v 7.058987 4.094518 1.673674
v 7.058987 4.094518 1.673674
v 7.052274 4.094518 1.680387
v 7.052274 4.094518 1.680387
v 7.052274 4.094518 1.680387
v 7.052274 4.094518 2.234656
v 7.052274 4.094518 2.234656
v 7.052274 4.094518 2.234656
v 7.058987 4.094518 2.241369
v 7.058987 4.094518 2.241369
v 7.058987 4.094518 2.241369
v 7.058987 4.094518 2.241369
v 7.453113 4.094518 2.241369
v 7.453113 4.094518 2.241369
v 7.453113 4.094518 2.241369
v 7.453113 4.094518 2.241369
v 7.808880 4.094518 2.241369
v 7.808880 4.094518 2.241369
v 7.808880 4.094518 2.241369
v 7.808880 4.094518 2.241369
v 7.808880 4.094518 1.884642
v 7.808880 4.094518 1.884642
v 7.808880 4.094518 1.884642
v 7.808880 4.094518 1.884642
v 7.808880 4.094518 1.491475
v 7.808880 4.094518 1.491475
v 7.808880 4.094518 1.491475
v 7.808880 4.094518 1.491475
v 7.802168 4.094518 1.484763
v 7.802168 4.094518 1.484763
v 7.802168 4.094518 1.484763
v 7.247899 4.094518 1.484763
v 7.247899 4.094518 1.484763
v 7.247899 4.094518 1.484763
v 7.296804 4.150137 1.545176
v 7.296804 4.150137 1.545176
v 7.296804 4.150137 1.545176
v 7.296804 4.150137 1.545176
v 7.296804 4.150137 1.729293
v 7.296804 4.150137 1.729293
v 7.296804 4.150137 1.729293
v 7.296804 4.150137 1.729293
v 7.112688 4.150137 1.729293
v 7.112688 4.150137 1.729293
v 7.112688 4.150137 1.729293
v 7.112688 4.150137 1.729293
v 7.107893 4.150137 1.734088
v 7.107893 4.150137 1.734088
v 7.107893 4.150137 1.734088
v 7.107893 4.150137 1.734088
v 7.107893 4.150137 2.179996
v 7.107893 4.150137 2.179996
v 7.107893 4.150137 2.179996
v 7.107893 4.150137 2.179996
v 7.112688 4.150137 2.185750
v 7.112688 4.150137 2.185750
v 7.112688 4.150137 2.185750
v 7.112688 4.150137 2.185750
v 7.453113 4.150137 2.185750
v 7.453113 4.150137 2.185750
v 7.453113 4.150137 2.185750
v 7.453113 4.150137 2.185750
v 7.753262 4.150137 2.185750
v 7.753262 4.150137 2.185750
v 7.753262 4.150137 2.185750
v 7.753262 4.150137 2.185750
v 7.753262 4.150137 1.884642
v 7.753262 4.150137 1.884642
v 7.753262 4.150137 1.884642
v 7.753262 4.150137 1.884642
v 7.753262 4.150137 1.545176
v 7.753262 4.150137 1.545176
v 7.753262 4.150137 1.545176
v 7.753262 4.150137 1.545176
v 7.747508 4.150137 1.539422
v 7.747508 4.150137 1.539422
v 7.747508 4.150137 1.539422
v 7.747508 4.150137 1.539422
v 7.301600 4.150137 1.539422
v 7.301600 4.150137 1.539422
v 7.301600 4.150137 1.539422
v 7.301600 4.150137 1.539422
v 7.297763 4.156850 1.535587
v 7.297763 4.156850 1.535587
v 7.297763 4.156850 1.535587
v 7.292969 4.156850 1.541340
v 7.292969 4.156850 1.541340
v 7.292969 4.156850 1.541340
v 7.292969 4.156850 1.724498
v 7.292969 4.156850 1.724498
v 7.292969 4.156850 1.724498
v 7.292969 4.156850 1.724498
v 7.108852 4.156850 1.724498
v 7.108852 4.156850 1.724498
v 7.108852 4.156850 1.724498
v 7.103098 4.156850 1.730252
v 7.103098 4.156850 1.730252
v 7.103098 4.156850 1.730252
v 7.103098 4.156850 2.183832
v 7.103098 4.156850 2.183832
v 7.103098 4.156850 2.183832
v 7.108852 4.156850 2.189586
v 7.108852 4.156850 2.189586
v 7.108852 4.156850 2.189586
v 7.453113 4.156850 2.189586
v 7.453113 4.156850 2.189586
v 7.453113 4.156850 2.189586
v 7.453113 4.156850 2.189586
v 7.757097 4.156850 2.189586
v 7.757097 4.156850 2.189586
v 7.757097 4.156850 2.189586
v 7.757097 4.156850 2.189586
v 7.757097 4.156850 1.884642
v 7.757097 4.156850 1.884642
v 7.757097 4.156850 1.884642
v 7.757097 4.156850 1.884642
v 7.757097 4.156850 1.541340
v 7.757097 4.156850 1.541340
v 7.757097 4.156850 1.541340
v 7.752303 4.156850 1.535587
v 7.752303 4.156850 1.535587
v 7.752303 4.156850 1.535587
v 7.742713 4.162603 1.545176
v 7.742713 4.162603 1.545176
v 7.742713 4.162603 1.545176
v 7.307353 4.162603 1.545176
v 7.307353 4.162603 1.545176
v 7.307353 4.162603 1.545176
v 7.301600 4.162603 1.549971
v 7.301600 4.162603 1.549971
v 7.301600 4.162603 1.549971
v 7.301600 4.162603 1.734088
v 7.301600 4.162603 1.734088
v 7.301600 4.162603 1.734088
v 7.301600 4.162603 1.734088
v 7.117482 4.162603 1.734088
v 7.117482 4.162603 1.734088
v 7.117482 4.162603 1.734088
v 7.112688 4.162603 1.738882
v 7.112688 4.162603 1.738882
v 7.112688 4.162603 1.738882
v 7.112688 4.162603 2.175202
v 7.112688 4.162603 2.175202
v 7.112688 4.162603 2.175202
v 7.117482 4.162603 2.180955
v 7.117482 4.162603 2.180955
v 7.117482 4.162603 2.180955
v 7.453113 4.162603 2.180955
v 7.453113 4.162603 2.180955
v 7.453113 4.162603 2.180955
v 7.453113 4.162603 2.180955
v 7.748466 4.162603 2.180955
v 7.748466 4.162603 2.180955
v 7.748466 4.162603 2.180955
v 7.748466 4.162603 2.180955
v 7.748466 4.162603 1.884642
v 7.748466 4.162603 1.884642
v 7.748466 4.162603 1.884642
v 7.748466 4.162603 1.884642
v 7.748466 4.162603 1.549971
v 7.748466 4.162603 1.549971
v 7.748466 4.162603 1.549971
v 7.742713 5.282649 1.545176
v 7.742713 5.282649 1.545176
v 7.742713 5.282649 1.545176
v 7.742713 5.282649 1.545176
v 7.759974 5.297992 1.526956
v 7.759974 5.297992 1.526956
v 7.759974 5.297992 1.526956
v 7.759974 5.297992 1.526956
v 7.307353 5.282649 1.545176
v 7.307353 5.282649 1.545176
v 7.307353 5.282649 1.545176
v 7.307353 5.282649 1.545176
v 7.301600 5.282649 1.550930
v 7.301600 5.282649 1.550930
v 7.301600 5.282649 1.550930
v 7.301600 5.282649 1.550930
v 7.301600 5.282649 1.734088
v 7.301600 5.282649 1.734088
v 7.301600 5.282649 1.734088
v 7.301600 5.282649 1.734088
v 7.118441 5.282649 1.734088
v 7.118441 5.282649 1.734088
v 7.118441 5.282649 1.734088
v 7.118441 5.282649 1.734088
v 7.112688 5.282649 1.739841
v 7.112688 5.282649 1.739841
v 7.112688 5.282649 1.739841
v 7.112688 5.282649 1.739841
v 7.112688 5.282649 2.175202
v 7.112688 5.282649 2.175202
v 7.112688 5.282649 2.175202
v 7.112688 5.282649 2.175202
v 7.118441 5.282649 2.180955
v 7.118441 5.282649 2.180955
v 7.118441 5.282649 2.180955
v 7.118441 5.282649 2.180955
v 7.453113 5.282649 2.180955
v 7.453113 5.282649 2.180955
v 7.453113 5.282649 2.180955
v 7.453113 5.282649 2.180955
v 7.748466 5.282649 2.180955
v 7.748466 5.282649 2.180955
v 7.748466 5.282649 2.180955
v 7.748466 5.282649 2.180955
v 7.748466 5.282649 1.884642
v 7.748466 5.282649 1.884642
v 7.748466 5.282649 1.884642
v 7.748466 5.282649 1.884642
v 7.748466 5.282649 1.550930
v 7.748466 5.282649 1.550930
v 7.748466 5.282649 1.550930
v 7.748466 5.282649 1.550930
v 7.765728 5.297992 1.533669
v 7.765728 5.297992 1.533669
v 7.765728 5.297992 1.533669
v 7.765728 5.297992 1.533669
v 7.747508 5.314293 1.540381
v 7.747508 5.314293 1.540381
v 7.747508 5.314293 1.540381
v 7.747508 5.314293 1.540381
v 7.290092 5.297992 1.526956
v 7.290092 5.297992 1.526956
v 7.290092 5.297992 1.526956
v 7.290092 5.297992 1.526956
v 7.284338 5.297992 1.533669
v 7.284338 5.297992 1.533669
v 7.284338 5.297992 1.533669
v 7.284338 5.297992 1.533669
v 7.284338 5.297992 1.715868
v 7.284338 5.297992 1.715868
v 7.284338 5.297992 1.715868
v 7.284338 5.297992 1.715868
v 7.101181 5.297992 1.715868
v 7.101181 5.297992 1.715868
v 7.101181 5.297992 1.715868
v 7.101181 5.297992 1.715868
v 7.094469 5.297992 1.722580
v 7.094469 5.297992 1.722580
v 7.094469 5.297992 1.722580
v 7.094469 5.297992 1.722580
v 7.094469 5.297992 2.191503
v 7.094469 5.297992 2.191503
v 7.094469 5.297992 2.191503
v 7.094469 5.297992 2.191503
v 7.101181 5.297992 2.198216
v 7.101181 5.297992 2.198216
v 7.101181 5.297992 2.198216
v 7.101181 5.297992 2.198216
v 7.453113 5.297992 2.198216
v 7.453113 5.297992 2.198216
v 7.453113 5.297992 2.198216
v 7.453113 5.297992 2.198216
v 7.765728 5.297992 2.198216
v 7.765728 5.297992 2.198216
v 7.765728 5.297992 2.198216
v 7.765728 5.297992 2.198216
v 7.765728 5.297992 1.884642
v 7.765728 5.297992 1.884642
v 7.765728 5.297992 1.884642
v 7.765728 5.297992 1.884642
v 7.753262 5.314293 1.884642
v 7.753262 5.314293 1.884642
v 7.753262 5.314293 1.884642
v 7.753262 5.314293 1.884642
v 7.753262 5.314293 1.546135
v 7.753262 5.314293 1.546135
v 7.753262 5.314293 1.546135
v 7.753262 5.314293 1.546135
v 7.754220 5.365118 1.533669
v 7.754220 5.365118 1.533669
v 7.302558 5.314293 1.540381
v 7.302558 5.314293 1.540381
v 7.302558 5.314293 1.540381
v 7.302558 5.314293 1.540381
v 7.296804 5.314293 1.546135
v 7.296804 5.314293 1.546135
v 7.296804 5.314293 1.546135
v 7.296804 5.314293 1.546135
v 7.296804 5.314293 1.729293
v 7.296804 5.314293 1.729293
v 7.296804 5.314293 1.729293
v 7.296804 5.314293 1.729293
v 7.113647 5.314293 1.729293
v 7.113647 5.314293 1.729293
v 7.113647 5.314293 1.729293
v 7.113647 5.314293 1.729293
v 7.107893 5.314293 1.735047
v 7.107893 5.314293 1.735047
v 7.107893 5.314293 1.735047
v 7.107893 5.314293 1.735047
v 7.107893 5.314293 2.179037
v 7.107893 5.314293 2.179037
v 7.107893 5.314293 2.179037
v 7.107893 5.314293 2.179037
v 7.113647 5.314293 2.185750
v 7.113647 5.314293 2.185750
v 7.113647 5.314293 2.185750
v 7.113647 5.314293 2.185750
v 7.453113 5.314293 2.185750
v 7.453113 5.314293 2.185750
v 7.453113 5.314293 2.185750
v 7.453113 5.314293 2.185750
v 7.753262 5.314293 2.185750
v 7.753262 5.314293 2.185750
v 7.753262 5.314293 2.185750
v 7.753262 5.314293 2.185750
v 7.759015 5.365118 1.884642
v 7.759015 5.365118 1.884642
v 7.759015 5.365118 1.539422
v 7.759015 5.365118 1.539422
v 7.774358 5.437998 1.512572
v 7.774358 5.437998 1.512572
v 7.295846 5.365118 1.533669
v 7.295846 5.365118 1.533669
v 7.291051 5.365118 1.539422
v 7.291051 5.365118 1.539422
v 7.291051 5.365118 1.722580
v 7.291051 5.365118 1.722580
v 7.106934 5.365118 1.722580
v 7.106934 5.365118 1.722580
v 7.102139 5.365118 1.728334
v 7.102139 5.365118 1.728334
v 7.102139 5.365118 2.185750
v 7.102139 5.365118 2.185750
v 7.106934 5.365118 2.191503
v 7.106934 5.365118 2.191503
v 7.453113 5.365118 2.191503
v 7.453113 5.365118 2.191503
v 7.759015 5.365118 2.191503
v 7.759015 5.365118 2.191503
v 7.780112 5.437998 1.884642
v 7.780112 5.437998 1.884642
v 7.780112 5.437998 1.518326
v 7.780112 5.437998 1.518326
v 7.801208 5.492657 1.486681
v 7.801208 5.492657 1.486681
v 7.801208 5.492657 1.486681
v 7.801208 5.492657 1.486681
v 7.275708 5.437998 1.512572
v 7.275708 5.437998 1.512572
v 7.269955 5.437998 1.518326
v 7.269955 5.437998 1.518326
v 7.269955 5.437998 1.702443
v 7.269955 5.437998 1.702443
v 7.086797 5.437998 1.702443
v 7.086797 5.437998 1.702443
v 7.081043 5.437998 1.707237
v 7.081043 5.437998 1.707237
v 7.081043 5.437998 2.206847
v 7.081043 5.437998 2.206847
v 7.086797 5.437998 2.212600
v 7.086797 5.437998 2.212600
v 7.453113 5.437998 2.212600
v 7.453113 5.437998 2.212600
v 7.780112 5.437998 2.212600
v 7.780112 5.437998 2.212600
v 7.806962 5.492657 1.884642
v 7.806962 5.492657 1.884642
v 7.806962 5.492657 1.884642
v 7.806962 5.492657 1.884642
v 7.806962 5.492657 1.492434
v 7.806962 5.492657 1.492434
v 7.806962 5.492657 1.492434
v 7.806962 5.492657 1.492434
v 7.801208 5.528138 1.486681
v 7.801208 5.528138 1.486681
v 7.801208 5.528138 1.486681
v 7.801208 5.528138 1.486681
v 7.816552 5.545399 1.470378
v 7.816552 5.545399 1.470378
v 7.816552 5.545399 1.470378
v 7.816552 5.545399 1.470378
v 7.248858 5.528138 1.486681
v 7.248858 5.528138 1.486681
v 7.248858 5.528138 1.486681
v 7.248858 5.528138 1.486681
v 7.248858 5.492657 1.486681
v 7.248858 5.492657 1.486681
v 7.248858 5.492657 1.486681
v 7.248858 5.492657 1.486681
v 7.243104 5.492657 1.492434
v 7.243104 5.492657 1.492434
v 7.243104 5.492657 1.492434
v 7.243104 5.492657 1.492434
v 7.243104 5.492657 1.675592
v 7.243104 5.492657 1.675592
v 7.243104 5.492657 1.675592
v 7.243104 5.492657 1.675592
v 7.059946 5.492657 1.675592
v 7.059946 5.492657 1.675592
v 7.059946 5.492657 1.675592
v 7.059946 5.492657 1.675592
v 7.054192 5.492657 1.681346
v 7.054192 5.492657 1.681346
v 7.054192 5.492657 1.681346
v 7.054192 5.492657 1.681346
v 7.054192 5.492657 2.233697
v 7.054192 5.492657 2.233697
v 7.054192 5.492657 2.233697
v 7.054192 5.492657 2.233697
v 7.054192 5.528138 2.233697
v 7.054192 5.528138 2.233697
v 7.054192 5.528138 2.233697
v 7.054192 5.528138 2.233697
v 7.059946 5.492657 2.239451
v 7.059946 5.492657 2.239451
v 7.059946 5.492657 2.239451
v 7.059946 5.492657 2.239451
v 7.453113 5.492657 2.239451
v 7.453113 5.492657 2.239451
v 7.453113 5.492657 2.239451
v 7.453113 5.492657 2.239451
v 7.806962 5.492657 2.239451
v 7.806962 5.492657 2.239451
v 7.806962 5.492657 2.239451
v 7.806962 5.492657 2.239451
v 7.806962 5.528138 1.884642
v 7.806962 5.528138 1.884642
v 7.806962 5.528138 1.884642
v 7.806962 5.528138 1.884642
v 7.806962 5.528138 1.492434
v 7.806962 5.528138 1.492434
v 7.806962 5.528138 1.492434
v 7.806962 5.528138 1.492434
v 7.823264 5.545399 1.476132
v 7.823264 5.545399 1.476132
v 7.823264 5.545399 1.476132
v 7.823264 5.545399 1.476132
v 7.800250 5.562660 1.486681
v 7.800250 5.562660 1.486681
v 7.800250 5.562660 1.486681
v 7.233514 5.545399 1.470378
v 7.233514 5.545399 1.470378
v 7.233514 5.545399 1.470378
v 7.233514 5.545399 1.470378
v 7.226802 5.545399 1.476132
v 7.226802 5.545399 1.476132
v 7.226802 5.545399 1.476132
v 7.226802 5.545399 1.476132
v 7.243104 5.528138 1.492434
v 7.243104 5.528138 1.492434
v 7.243104 5.528138 1.492434
v 7.243104 5.528138 1.492434
v 7.243104 5.528138 1.675592
v 7.243104 5.528138 1.675592
v 7.243104 5.528138 1.675592
v 7.243104 5.528138 1.675592
v 7.059946 5.528138 1.675592
v 7.059946 5.528138 1.675592
v 7.059946 5.528138 1.675592
v 7.059946 5.528138 1.675592
v 7.054192 5.528138 1.681346
v 7.054192 5.528138 1.681346
v 7.054192 5.528138 1.681346
v 7.054192 5.528138 1.681346
v 7.037890 5.545399 2.249040
v 7.037890 5.545399 2.249040
v 7.037890 5.545399 2.249040
v 7.037890 5.545399 2.249040
v 7.059946 5.528138 2.239451
v 7.059946 5.528138 2.239451
v 7.059946 5.528138 2.239451
v 7.059946 5.528138 2.239451
v 7.453113 5.528138 2.239451
v 7.453113 5.528138 2.239451
v 7.453113 5.528138 2.239451
v 7.453113 5.528138 2.239451
v 7.806962 5.528138 2.239451
v 7.806962 5.528138 2.239451
v 7.806962 5.528138 2.239451
v 7.806962 5.528138 2.239451
v 7.823264 5.545399 2.255753
v 7.823264 5.545399 2.255753
v 7.823264 5.545399 2.255753
v 7.823264 5.545399 2.255753
v 7.823264 5.545399 1.884642
v 7.823264 5.545399 1.884642
v 7.823264 5.545399 1.884642
v 7.823264 5.545399 1.884642
v 7.806962 5.562660 1.492434
v 7.806962 5.562660 1.492434
v 7.806962 5.562660 1.492434
v 7.249817 5.562660 1.486681
v 7.249817 5.562660 1.486681
v 7.249817 5.562660 1.486681
v 7.243104 5.562660 1.492434
v 7.243104 5.562660 1.492434
v 7.243104 5.562660 1.492434
v 7.226802 5.545399 1.659290
v 7.226802 5.545399 1.659290
v 7.226802 5.545399 1.659290
v 7.226802 5.545399 1.659290
v 7.044603 5.545399 1.659290
v 7.044603 5.545399 1.659290
v 7.044603 5.545399 1.659290
v 7.044603 5.545399 1.659290
v 7.037890 5.545399 1.666003
v 7.037890 5.545399 1.666003
v 7.037890 5.545399 1.666003
v 7.037890 5.545399 1.666003
v 7.054192 5.562660 2.232738
v 7.054192 5.562660 2.232738
v 7.054192 5.562660 2.232738
v 7.044603 5.545399 2.255753
v 7.044603 5.545399 2.255753
v 7.044603 5.545399 2.255753
v 7.044603 5.545399 2.255753
v 7.453113 5.545399 2.255753
v 7.453113 5.545399 2.255753
v 7.453113 5.545399 2.255753
v 7.453113 5.545399 2.255753
v 7.806962 5.562660 2.239451
v 7.806962 5.562660 2.239451
v 7.806962 5.562660 2.239451
v 7.806962 5.562660 2.239451
v 7.806962 5.562660 1.884642
v 7.806962 5.562660 1.884642
v 7.806962 5.562660 1.884642
v 7.806962 5.562660 1.884642
v 7.243104 5.562660 1.675592
v 7.243104 5.562660 1.675592
v 7.243104 5.562660 1.675592
v 7.243104 5.562660 1.675592
v 7.060905 5.562660 1.675592
v 7.060905 5.562660 1.675592
v 7.060905 5.562660 1.675592
v 7.054192 5.562660 1.682305
v 7.054192 5.562660 1.682305
v 7.054192 5.562660 1.682305
v 7.060905 5.562660 2.239451
v 7.060905 5.562660 2.239451
v 7.060905 5.562660 2.239451
v 7.453113 5.562660 2.239451
v 7.453113 5.562660 2.239451
v 7.453113 5.562660 2.239451
v 7.453113 5.562660 2.239451
v 7.453113 5.562660 1.884642
v 7.453113 5.562660 1.884642
v 7.453113 5.562660 1.884642
v 7.453113 5.562660 1.884642
v 4.695193 4.057119 1.673674
v 4.695193 4.057119 1.673674
v 4.140924 4.057119 1.673674
v 4.140924 4.057119 1.673674
v 4.695193 4.076299 1.673674
v 4.695193 4.076299 1.673674
v 4.695193 4.076299 1.673674
v 4.140924 4.076299 1.673674
v 4.140924 4.076299 1.673674
v 4.140924 4.076299 1.673674
v 4.140924 4.076299 1.673674
v 4.134212 4.057119 1.680387
v 4.134212 4.057119 1.680387
v 4.134212 4.076299 1.680387
v 4.134212 4.076299 1.680387
v 4.134212 4.076299 1.680387
v 4.134212 4.057119 2.234656
v 4.134212 4.057119 2.234656
v 4.134212 4.076299 2.234656
v 4.134212 4.076299 2.234656
v 4.134212 4.076299 2.234656
v 4.140924 4.057119 2.241369
v 4.140924 4.057119 2.241369
v 4.140924 4.076299 2.241369
v 4.140924 4.076299 2.241369
v 4.140924 4.076299 2.241369
v 4.695193 4.057119 2.241369
v 4.695193 4.057119 2.241369
v 4.695193 4.076299 2.241369
v 4.695193 4.076299 2.241369
v 4.695193 4.076299 2.241369
v 4.701906 4.057119 2.234656
v 4.701906 4.057119 2.234656
v 4.701906 4.076299 2.234656
v 4.701906 4.076299 2.234656
v 4.701906 4.076299 2.234656
v 4.701906 4.057119 1.680387
v 4.701906 4.057119 1.680387
v 4.701906 4.076299 1.680387
v 4.701906 4.076299 1.680387
v 4.701906 4.076299 1.680387
v 4.699988 4.076299 1.662167
v 4.699988 4.076299 1.662167
v 4.699988 4.076299 1.662167
v 4.136129 4.076299 1.662167
v 4.136129 4.076299 1.662167
v 4.136129 4.076299 1.662167
v 4.136129 4.076299 1.662167
v 4.122705 4.076299 1.675592
v 4.122705 4.076299 1.675592
v 4.122705 4.076299 1.675592
v 4.122705 4.076299 2.239451
v 4.122705 4.076299 2.239451
v 4.122705 4.076299 2.239451
v 4.136129 4.076299 2.252876
v 4.136129 4.076299 2.252876
v 4.136129 4.076299 2.252876
v 4.699988 4.076299 2.252876
v 4.699988 4.076299 2.252876
v 4.699988 4.076299 2.252876
v 4.713414 4.076299 2.239451
v 4.713414 4.076299 2.239451
v 4.713414 4.076299 2.239451
v 4.713414 4.076299 1.675592
v 4.713414 4.076299 1.675592
v 4.713414 4.076299 1.675592
v 4.699988 4.094518 1.662167
v 4.699988 4.094518 1.662167
v 4.699988 4.094518 1.662167
v 4.136129 4.094518 1.662167
v 4.136129 4.094518 1.662167
v 4.136129 4.094518 1.662167
v 4.136129 4.094518 1.662167
v 4.122705 4.094518 1.675592
v 4.122705 4.094518 1.675592
v 4.122705 4.094518 1.675592
v 4.122705 4.094518 2.239451
v 4.122705 4.094518 2.239451
v 4.122705 4.094518 2.239451
v 4.136129 4.094518 2.252876
v 4.136129 4.094518 2.252876
v 4.136129 4.094518 2.252876
v 4.699988 4.094518 2.252876
v 4.699988 4.094518 2.252876
v 4.699988 4.094518 2.252876
v 4.713414 4.094518 2.239451
v 4.713414 4.094518 2.239451
v 4.713414 4.094518 2.239451
v 4.713414 4.094518 1.675592
v 4.713414 4.094518 1.675592
v 4.713414 4.094518 1.675592
v 4.695193 4.094518 1.673674
v 4.695193 4.094518 1.673674
v 4.695193 4.094518 1.673674
v 4.140924 4.094518 1.673674
v 4.140924 4.094518 1.673674
v 4.140924 4.094518 1.673674
v 4.140924 4.094518 1.673674
v 4.134212 4.094518 1.680387
v 4.134212 4.094518 1.680387
v 4.134212 4.094518 1.680387
v 4.134212 4.094518 2.234656
v 4.134212 4.094518 2.234656
v 4.134212 4.094518 2.234656
v 4.140924 4.094518 2.241369
v 4.140924 4.094518 2.241369
v 4.140924 4.094518 2.241369
v 4.695193 4.094518 2.241369
v 4.695193 4.094518 2.241369
v 4.695193 4.094518 2.241369
v 4.701906 4.094518 2.234656
v 4.701906 4.094518 2.234656
v 4.701906 4.094518 2.234656
v 4.701906 4.094518 1.680387
v 4.701906 4.094518 1.680387
v 4.701906 4.094518 1.680387
v 4.640534 4.150137 1.729293
v 4.640534 4.150137 1.729293
v 4.640534 4.150137 1.729293
v 4.640534 4.150137 1.729293
v 4.194625 4.150137 1.729293
v 4.194625 4.150137 1.729293
v 4.194625 4.150137 1.729293
v 4.194625 4.150137 1.729293
v 4.189830 4.150137 1.734088
v 4.189830 4.150137 1.734088
v 4.189830 4.150137 1.734088
v 4.189830 4.150137 1.734088
v 4.189830 4.150137 2.179996
v 4.189830 4.150137 2.179996
v 4.189830 4.150137 2.179996
v 4.189830 4.150137 2.179996
v 4.194625 4.150137 2.185750
v 4.194625 4.150137 2.185750
v 4.194625 4.150137 2.185750
v 4.194625 4.150137 2.185750
v 4.640534 4.150137 2.185750
v 4.640534 4.150137 2.185750
v 4.640534 4.150137 2.185750
v 4.640534 4.150137 2.185750
v 4.646287 4.150137 2.179996
v 4.646287 4.150137 2.179996
v 4.646287 4.150137 2.179996
v 4.646287 4.150137 2.179996
v 4.646287 4.150137 1.734088
v 4.646287 4.150137 1.734088
v 4.646287 4.150137 1.734088
v 4.646287 4.150137 1.734088
v 4.650123 4.156850 1.730252
v 4.650123 4.156850 1.730252
v 4.650123 4.156850 1.730252
v 4.645329 4.156850 1.724498
v 4.645329 4.156850 1.724498
v 4.645329 4.156850 1.724498
v 4.190789 4.156850 1.724498
v 4.190789 4.156850 1.724498
v 4.190789 4.156850 1.724498
v 4.185036 4.156850 1.730252
v 4.185036 4.156850 1.730252
v 4.185036 4.156850 1.730252
v 4.185036 4.156850 2.183832
v 4.185036 4.156850 2.183832
v 4.185036 4.156850 2.183832
v 4.190789 4.156850 2.189586
v 4.190789 4.156850 2.189586
v 4.190789 4.156850 2.189586
v 4.645329 4.156850 2.189586
v 4.645329 4.156850 2.189586
v 4.645329 4.156850 2.189586
v 4.650123 4.156850 2.183832
v 4.650123 4.156850 2.183832
v 4.650123 4.156850 2.183832
v 4.650123 4.156850 2.183832
v 4.641493 4.162603 2.175202
v 4.641493 4.162603 2.175202
v 4.641493 4.162603 2.175202
v 4.641493 4.162603 2.175202
v 4.641493 4.162603 1.738882
v 4.641493 4.162603 1.738882
v 4.641493 4.162603 1.738882
v 4.635739 4.162603 1.734088
v 4.635739 4.162603 1.734088
v 4.635739 4.162603 1.734088
v 4.199419 4.162603 1.734088
v 4.199419 4.162603 1.734088
v 4.199419 4.162603 1.734088
v 4.194625 4.162603 1.738882
v 4.194625 4.162603 1.738882
v 4.194625 4.162603 1.738882
v 4.194625 4.162603 2.175202
v 4.194625 4.162603 2.175202
v 4.194625 4.162603 2.175202
v 4.199419 4.162603 2.180955
v 4.199419 4.162603 2.180955
v 4.199419 4.162603 2.180955
v 4.635739 4.162603 2.180955
v 4.635739 4.162603 2.180955
v 4.635739 4.162603 2.180955
v 4.641493 5.282649 2.175202
v 4.641493 5.282649 2.175202
v 4.641493 5.282649 2.175202
v 4.641493 5.282649 2.175202
v 4.641493 5.282649 1.739841
v 4.641493 5.282649 1.739841
v 4.641493 5.282649 1.739841
v 4.641493 5.282649 1.739841
v 4.635739 5.282649 1.734088
v 4.635739 5.282649 1.734088
v 4.635739 5.282649 1.734088
v 4.635739 5.282649 1.734088
v 4.200378 5.282649 1.734088
v 4.200378 5.282649 1.734088
v 4.200378 5.282649 1.734088
v 4.200378 5.282649 1.734088
v 4.194625 5.282649 1.739841
v 4.194625 5.282649 1.739841
v 4.194625 5.282649 1.739841
v 4.194625 5.282649 1.739841
v 4.194625 5.282649 2.175202
v 4.194625 5.282649 2.175202
v 4.194625 5.282649 2.175202
v 4.194625 5.282649 2.175202
v 4.200378 5.282649 2.180955
v 4.200378 5.282649 2.180955
v 4.200378 5.282649 2.180955
v 4.200378 5.282649 2.180955
v 4.635739 5.282649 2.180955
v 4.635739 5.282649 2.180955
v 4.635739 5.282649 2.180955
v 4.635739 5.282649 2.180955
v 4.658753 5.297992 2.191503
v 4.658753 5.297992 2.191503
v 4.658753 5.297992 2.191503
v 4.658753 5.297992 2.191503
v 4.658753 5.297992 1.722580
v 4.658753 5.297992 1.722580
v 4.658753 5.297992 1.722580
v 4.658753 5.297992 1.722580
v 4.652040 5.297992 1.715868
v 4.652040 5.297992 1.715868
v 4.652040 5.297992 1.715868
v 4.652040 5.297992 1.715868
v 4.183117 5.297992 1.715868
v 4.183117 5.297992 1.715868
v 4.183117 5.297992 1.715868
v 4.183117 5.297992 1.715868
v 4.176405 5.297992 1.722580
v 4.176405 5.297992 1.722580
v 4.176405 5.297992 1.722580
v 4.176405 5.297992 1.722580
v 4.176405 5.297992 2.191503
v 4.176405 5.297992 2.191503
v 4.176405 5.297992 2.191503
v 4.176405 5.297992 2.191503
v 4.183117 5.297992 2.198216
v 4.183117 5.297992 2.198216
v 4.183117 5.297992 2.198216
v 4.183117 5.297992 2.198216
v 4.652040 5.297992 2.198216
v 4.652040 5.297992 2.198216
v 4.652040 5.297992 2.198216
v 4.652040 5.297992 2.198216
v 4.646287 5.314293 2.179037
v 4.646287 5.314293 2.179037
v 4.646287 5.314293 2.179037
v 4.646287 5.314293 2.179037
v 4.646287 5.314293 1.735047
v 4.646287 5.314293 1.735047
v 4.646287 5.314293 1.735047
v 4.646287 5.314293 1.735047
v 4.640534 5.314293 1.729293
v 4.640534 5.314293 1.729293
v 4.640534 5.314293 1.729293
v 4.640534 5.314293 1.729293
v 4.195584 5.314293 1.729293
v 4.195584 5.314293 1.729293
v 4.195584 5.314293 1.729293
v 4.195584 5.314293 1.729293
v 4.189830 5.314293 1.735047
v 4.189830 5.314293 1.735047
v 4.189830 5.314293 1.735047
v 4.189830 5.314293 1.735047
v 4.189830 5.314293 2.179037
v 4.189830 5.314293 2.179037
v 4.189830 5.314293 2.179037
v 4.189830 5.314293 2.179037
v 4.195584 5.314293 2.185750
v 4.195584 5.314293 2.185750
v 4.195584 5.314293 2.185750
v 4.195584 5.314293 2.185750
v 4.640534 5.314293 2.185750
v 4.640534 5.314293 2.185750
v 4.640534 5.314293 2.185750
v 4.640534 5.314293 2.185750
v 4.652040 5.365118 2.185750
v 4.652040 5.365118 2.185750
v 4.652040 5.365118 1.728334
v 4.652040 5.365118 1.728334
v 4.646287 5.365118 1.722580
v 4.646287 5.365118 1.722580
v 4.188871 5.365118 1.722580
v 4.188871 5.365118 1.722580
v 4.184077 5.365118 1.728334
v 4.184077 5.365118 1.728334
v 4.184077 5.365118 2.185750
v 4.184077 5.365118 2.185750
v 4.188871 5.365118 2.191503
v 4.188871 5.365118 2.191503
v 4.646287 5.365118 2.191503
v 4.646287 5.365118 2.191503
v 4.673137 5.437998 2.206847
v 4.673137 5.437998 2.206847
v 4.673137 5.437998 1.707237
v 4.673137 5.437998 1.707237
v 4.667384 5.437998 1.702443
v 4.667384 5.437998 1.702443
v 4.168734 5.437998 1.702443
v 4.168734 5.437998 1.702443
v 4.162980 5.437998 1.707237
v 4.162980 5.437998 1.707237
v 4.162980 5.437998 2.206847
v 4.162980 5.437998 2.206847
v 4.168734 5.437998 2.212600
v 4.168734 5.437998 2.212600
v 4.667384 5.437998 2.212600
v 4.667384 5.437998 2.212600
v 4.699988 5.492657 2.233697
v 4.699988 5.492657 2.233697
v 4.699988 5.492657 2.233697
v 4.699988 5.492657 2.233697
v 4.699988 5.492657 1.681346
v 4.699988 5.492657 1.681346
v 4.699988 5.492657 1.681346
v 4.699988 5.492657 1.681346
v 4.694234 5.528138 1.675592
v 4.694234 5.528138 1.675592
v 4.694234 5.528138 1.675592
v 4.694234 5.528138 1.675592
v 4.694234 5.492657 1.675592
v 4.694234 5.492657 1.675592
v 4.694234 5.492657 1.675592
v 4.694234 5.492657 1.675592
v 4.141883 5.492657 1.675592
v 4.141883 5.492657 1.675592
v 4.141883 5.492657 1.675592
v 4.141883 5.492657 1.675592
v 4.136129 5.528138 1.681346
v 4.136129 5.528138 1.681346
v 4.136129 5.528138 1.681346
v 4.136129 5.528138 1.681346
v 4.136129 5.492657 1.681346
v 4.136129 5.492657 1.681346
v 4.136129 5.492657 1.681346
v 4.136129 5.492657 1.681346
v 4.136129 5.492657 2.233697
v 4.136129 5.492657 2.233697
v 4.136129 5.492657 2.233697
v 4.136129 5.492657 2.233697
v 4.141883 5.492657 2.239451
v 4.141883 5.492657 2.239451
v 4.141883 5.492657 2.239451
v 4.141883 5.492657 2.239451
v 4.694234 5.492657 2.239451
v 4.694234 5.492657 2.239451
v 4.694234 5.492657 2.239451
v 4.694234 5.492657 2.239451
v 4.699988 5.528138 2.233697
v 4.699988 5.528138 2.233697
v 4.699988 5.528138 2.233697
v 4.699988 5.528138 2.233697
v 4.699988 5.528138 1.681346
v 4.699988 5.528138 1.681346
v 4.699988 5.528138 1.681346
v 4.699988 5.528138 1.681346
v 4.709578 5.545399 1.659290
v 4.709578 5.545399 1.659290
v 4.709578 5.545399 1.659290
v 4.709578 5.545399 1.659290
v 4.141883 5.528138 1.675592
v 4.141883 5.528138 1.675592
v 4.141883 5.528138 1.675592
v 4.141883 5.528138 1.675592
v 4.119828 5.545399 1.666003
v 4.119828 5.545399 1.666003
v 4.119828 5.545399 1.666003
v 4.119828 5.545399 1.666003
v 4.136129 5.528138 2.233697
v 4.136129 5.528138 2.233697
v 4.136129 5.528138 2.233697
v 4.136129 5.528138 2.233697
v 4.141883 5.528138 2.239451
v 4.141883 5.528138 2.239451
v 4.141883 5.528138 2.239451
v 4.141883 5.528138 2.239451
v 4.694234 5.528138 2.239451
v 4.694234 5.528138 2.239451
v 4.694234 5.528138 2.239451
v 4.694234 5.528138 2.239451
v 4.716290 5.545399 2.249040
v 4.716290 5.545399 2.249040
v 4.716290 5.545399 2.249040
v 4.716290 5.545399 2.249040
v 4.716290 5.545399 1.666003
v 4.716290 5.545399 1.666003
v 4.716290 5.545399 1.666003
v 4.716290 5.545399 1.666003
v 4.693275 5.562660 1.675592
v 4.693275 5.562660 1.675592
v 4.693275 5.562660 1.675592
v 4.126540 5.545399 1.659290
v 4.126540 5.545399 1.659290
v 4.126540 5.545399 1.659290
v 4.126540 5.545399 1.659290
v 4.136129 5.562660 1.682305
v 4.136129 5.562660 1.682305
v 4.136129 5.562660 1.682305
v 4.119828 5.545399 2.249040
v 4.119828 5.545399 2.249040
v 4.119828 5.545399 2.249040
v 4.119828 5.545399 2.249040
v 4.126540 5.545399 2.255753
v 4.126540 5.545399 2.255753
v 4.126540 5.545399 2.255753
v 4.126540 5.545399 2.255753
v 4.709578 5.545399 2.255753
v 4.709578 5.545399 2.255753
v 4.709578 5.545399 2.255753
v 4.709578 5.545399 2.255753
v 4.699988 5.562660 2.232738
v 4.699988 5.562660 2.232738
v 4.699988 5.562660 2.232738
v 4.699988 5.562660 1.682305
v 4.699988 5.562660 1.682305
v 4.699988 5.562660 1.682305
v 4.142842 5.562660 1.675592
v 4.142842 5.562660 1.675592
v 4.142842 5.562660 1.675592
v 4.136129 5.562660 2.232738
v 4.136129 5.562660 2.232738
v 4.136129 5.562660 2.232738
v 4.142842 5.562660 2.239451
v 4.142842 5.562660 2.239451
v 4.142842 5.562660 2.239451
v 4.693275 5.562660 2.239451
v 4.693275 5.562660 2.239451
v 4.693275 5.562660 2.239451
v 1.165325 4.057119 2.241369
v 1.165325 4.057119 2.241369
v 1.719594 4.057119 2.241369
v 1.719594 4.057119 2.241369
v 1.165325 4.076299 2.241369
v 1.165325 4.076299 2.241369
v 1.165325 4.076299 2.241369
v 1.719594 4.076299 2.241369
v 1.719594 4.076299 2.241369
v 1.719594 4.076299 2.241369
v 1.719594 4.076299 2.241369
v 1.727266 4.057119 2.234656
v 1.727266 4.057119 2.234656
v 1.727266 4.076299 2.234656
v 1.727266 4.076299 2.234656
v 1.727266 4.076299 2.234656
v 1.727266 4.057119 1.680387
v 1.727266 4.057119 1.680387
v 1.727266 4.076299 1.680387
v 1.727266 4.076299 1.680387
v 1.727266 4.076299 1.680387
v 1.719594 4.057119 1.673674
v 1.719594 4.057119 1.673674
v 1.719594 4.076299 1.673674
v 1.719594 4.076299 1.673674
v 1.719594 4.076299 1.673674
v 1.165325 4.057119 1.673674
v 1.165325 4.057119 1.673674
v 1.165325 4.076299 1.673674
v 1.165325 4.076299 1.673674
v 1.165325 4.076299 1.673674
v 1.158612 4.057119 1.680387
v 1.158612 4.057119 1.680387
v 1.158612 4.076299 1.680387
v 1.158612 4.076299 1.680387
v 1.158612 4.076299 1.680387
v 1.158612 4.057119 2.234656
v 1.158612 4.057119 2.234656
v 1.158612 4.076299 2.234656
v 1.158612 4.076299 2.234656
v 1.158612 4.076299 2.234656
v 1.160530 4.076299 2.252876
v 1.160530 4.076299 2.252876
v 1.160530 4.076299 2.252876
v 1.724389 4.076299 2.252876
v 1.724389 4.076299 2.252876
v 1.724389 4.076299 2.252876
v 1.724389 4.076299 2.252876
v 1.738773 4.076299 2.239451
v 1.738773 4.076299 2.239451
v 1.738773 4.076299 2.239451
v 1.738773 4.076299 1.675592
v 1.738773 4.076299 1.675592
v 1.738773 4.076299 1.675592
v 1.724389 4.076299 1.662167
v 1.724389 4.076299 1.662167
v 1.724389 4.076299 1.662167
v 1.160530 4.076299 1.662167
v 1.160530 4.076299 1.662167
v 1.160530 4.076299 1.662167
v 1.147105 4.076299 1.675592
v 1.147105 4.076299 1.675592
v 1.147105 4.076299 1.675592
v 1.147105 4.076299 2.239451
v 1.147105 4.076299 2.239451
v 1.147105 4.076299 2.239451
v 1.160530 4.094518 2.252876
v 1.160530 4.094518 2.252876
v 1.160530 4.094518 2.252876
v 1.724389 4.094518 2.252876
v 1.724389 4.094518 2.252876
v 1.724389 4.094518 2.252876
v 1.724389 4.094518 2.252876
v 1.738773 4.094518 2.239451
v 1.738773 4.094518 2.239451
v 1.738773 4.094518 2.239451
v 1.738773 4.094518 1.675592
v 1.738773 4.094518 1.675592
v 1.738773 4.094518 1.675592
v 1.724389 4.094518 1.662167
v 1.724389 4.094518 1.662167
v 1.724389 4.094518 1.662167
v 1.160530 4.094518 1.662167
v 1.160530 4.094518 1.662167
v 1.160530 4.094518 1.662167
v 1.147105 4.094518 1.675592
v 1.147105 4.094518 1.675592
v 1.147105 4.094518 1.675592
v 1.147105 4.094518 2.239451
v 1.147105 4.094518 2.239451
v 1.147105 4.094518 2.239451
v 1.165325 4.094518 2.241369
v 1.165325 4.094518 2.241369
v 1.165325 4.094518 2.241369
v 1.719594 4.094518 2.241369
v 1.719594 4.094518 2.241369
v 1.719594 4.094518 2.241369
v 1.719594 4.094518 2.241369
v 1.727266 4.094518 2.234656
v 1.727266 4.094518 2.234656
v 1.727266 4.094518 2.234656
v 1.727266 4.094518 1.680387
v 1.727266 4.094518 1.680387
v 1.727266 4.094518 1.680387
v 1.719594 4.094518 1.673674
v 1.719594 4.094518 1.673674
v 1.719594 4.094518 1.673674
v 1.165325 4.094518 1.673674
v 1.165325 4.094518 1.673674
v 1.165325 4.094518 1.673674
v 1.158612 4.094518 1.680387
v 1.158612 4.094518 1.680387
v 1.158612 4.094518 1.680387
v 1.158612 4.094518 2.234656
v 1.158612 4.094518 2.234656
v 1.158612 4.094518 2.234656
v 1.219985 4.150137 2.185750
v 1.219985 4.150137 2.185750
v 1.219985 4.150137 2.185750
v 1.219985 4.150137 2.185750
v 1.665893 4.150137 2.185750
v 1.665893 4.150137 2.185750
v 1.665893 4.150137 2.185750
v 1.665893 4.150137 2.185750
v 1.671647 4.150137 2.179996
v 1.671647 4.150137 2.179996
v 1.671647 4.150137 2.179996
v 1.671647 4.150137 2.179996
v 1.671647 4.150137 1.734088
v 1.671647 4.150137 1.734088
v 1.671647 4.150137 1.734088
v 1.671647 4.150137 1.734088
v 1.665893 4.150137 1.729293
v 1.665893 4.150137 1.729293
v 1.665893 4.150137 1.729293
v 1.665893 4.150137 1.729293
v 1.219985 4.150137 1.729293
v 1.219985 4.150137 1.729293
v 1.219985 4.150137 1.729293
v 1.219985 4.150137 1.729293
v 1.214232 4.150137 1.734088
v 1.214232 4.150137 1.734088
v 1.214232 4.150137 1.734088
v 1.214232 4.150137 1.734088
v 1.214232 4.150137 2.179996
v 1.214232 4.150137 2.179996
v 1.214232 4.150137 2.179996
v 1.214232 4.150137 2.179996
v 1.210396 4.156850 2.183832
v 1.210396 4.156850 2.183832
v 1.210396 4.156850 2.183832
v 1.216149 4.156850 2.189586
v 1.216149 4.156850 2.189586
v 1.216149 4.156850 2.189586
v 1.669729 4.156850 2.189586
v 1.669729 4.156850 2.189586
v 1.669729 4.156850 2.189586
v 1.675483 4.156850 2.183832
v 1.675483 4.156850 2.183832
v 1.675483 4.156850 2.183832
v 1.675483 4.156850 1.730252
v 1.675483 4.156850 1.730252
v 1.675483 4.156850 1.730252
v 1.669729 4.156850 1.724498
v 1.669729 4.156850 1.724498
v 1.669729 4.156850 1.724498
v 1.216149 4.156850 1.724498
v 1.216149 4.156850 1.724498
v 1.216149 4.156850 1.724498
v 1.210396 4.156850 1.730252
v 1.210396 4.156850 1.730252
v 1.210396 4.156850 1.730252
v 1.210396 4.156850 1.730252
v 1.219026 4.162603 1.738882
v 1.219026 4.162603 1.738882
v 1.219026 4.162603 1.738882
v 1.219026 4.162603 1.738882
v 1.219026 4.162603 2.175202
v 1.219026 4.162603 2.175202
v 1.219026 4.162603 2.175202
v 1.224779 4.162603 2.180955
v 1.224779 4.162603 2.180955
v 1.224779 4.162603 2.180955
v 1.661099 4.162603 2.180955
v 1.661099 4.162603 2.180955
v 1.661099 4.162603 2.180955
v 1.665893 4.162603 2.175202
v 1.665893 4.162603 2.175202
v 1.665893 4.162603 2.175202
v 1.665893 4.162603 1.738882
v 1.665893 4.162603 1.738882
v 1.665893 4.162603 1.738882
v 1.661099 4.162603 1.734088
v 1.661099 4.162603 1.734088
v 1.661099 4.162603 1.734088
v 1.224779 4.162603 1.734088
v 1.224779 4.162603 1.734088
v 1.224779 4.162603 1.734088
v 1.219026 5.282649 1.739841
v 1.219026 5.282649 1.739841
v 1.219026 5.282649 1.739841
v 1.219026 5.282649 1.739841
v 1.219026 5.282649 2.175202
v 1.219026 5.282649 2.175202
v 1.219026 5.282649 2.175202
v 1.219026 5.282649 2.175202
v 1.225739 5.282649 2.180955
v 1.225739 5.282649 2.180955
v 1.225739 5.282649 2.180955
v 1.225739 5.282649 2.180955
v 1.660140 5.282649 2.180955
v 1.660140 5.282649 2.180955
v 1.660140 5.282649 2.180955
v 1.660140 5.282649 2.180955
v 1.665893 5.282649 2.175202
v 1.665893 5.282649 2.175202
v 1.665893 5.282649 2.175202
v 1.665893 5.282649 2.175202
v 1.665893 5.282649 1.739841
v 1.665893 5.282649 1.739841
v 1.665893 5.282649 1.739841
v 1.665893 5.282649 1.739841
v 1.660140 5.282649 1.734088
v 1.660140 5.282649 1.734088
v 1.660140 5.282649 1.734088
v 1.660140 5.282649 1.734088
v 1.225739 5.282649 1.734088
v 1.225739 5.282649 1.734088
v 1.225739 5.282649 1.734088
v 1.225739 5.282649 1.734088
v 1.201765 5.297992 1.722580
v 1.201765 5.297992 1.722580
v 1.201765 5.297992 1.722580
v 1.201765 5.297992 1.722580
v 1.201765 5.297992 2.191503
v 1.201765 5.297992 2.191503
v 1.201765 5.297992 2.191503
v 1.201765 5.297992 2.191503
v 1.208478 5.297992 2.198216
v 1.208478 5.297992 2.198216
v 1.208478 5.297992 2.198216
v 1.208478 5.297992 2.198216
v 1.677401 5.297992 2.198216
v 1.677401 5.297992 2.198216
v 1.677401 5.297992 2.198216
v 1.677401 5.297992 2.198216
v 1.684114 5.297992 2.191503
v 1.684114 5.297992 2.191503
v 1.684114 5.297992 2.191503
v 1.684114 5.297992 2.191503
v 1.684114 5.297992 1.722580
v 1.684114 5.297992 1.722580
v 1.684114 5.297992 1.722580
v 1.684114 5.297992 1.722580
v 1.677401 5.297992 1.715868
v 1.677401 5.297992 1.715868
v 1.677401 5.297992 1.715868
v 1.677401 5.297992 1.715868
v 1.208478 5.297992 1.715868
v 1.208478 5.297992 1.715868
v 1.208478 5.297992 1.715868
v 1.208478 5.297992 1.715868
v 1.215190 5.314293 1.735047
v 1.215190 5.314293 1.735047
v 1.215190 5.314293 1.735047
v 1.215190 5.314293 1.735047
v 1.215190 5.314293 2.179037
v 1.215190 5.314293 2.179037
v 1.215190 5.314293 2.179037
v 1.215190 5.314293 2.179037
v 1.220944 5.314293 2.185750
v 1.220944 5.314293 2.185750
v 1.220944 5.314293 2.185750
v 1.220944 5.314293 2.185750
v 1.664934 5.314293 2.185750
v 1.664934 5.314293 2.185750
v 1.664934 5.314293 2.185750
v 1.664934 5.314293 2.185750
v 1.670688 5.314293 2.179037
v 1.670688 5.314293 2.179037
v 1.670688 5.314293 2.179037
v 1.670688 5.314293 2.179037
v 1.670688 5.314293 1.735047
v 1.670688 5.314293 1.735047
v 1.670688 5.314293 1.735047
v 1.670688 5.314293 1.735047
v 1.664934 5.314293 1.729293
v 1.664934 5.314293 1.729293
v 1.664934 5.314293 1.729293
v 1.664934 5.314293 1.729293
v 1.220944 5.314293 1.729293
v 1.220944 5.314293 1.729293
v 1.220944 5.314293 1.729293
v 1.220944 5.314293 1.729293
v 1.208478 5.365118 1.728334
v 1.208478 5.365118 1.728334
v 1.208478 5.365118 2.185750
v 1.208478 5.365118 2.185750
v 1.214232 5.365118 2.191503
v 1.214232 5.365118 2.191503
v 1.671647 5.365118 2.191503
v 1.671647 5.365118 2.191503
v 1.677401 5.365118 2.185750
v 1.677401 5.365118 2.185750
v 1.677401 5.365118 1.728334
v 1.677401 5.365118 1.728334
v 1.671647 5.365118 1.722580
v 1.671647 5.365118 1.722580
v 1.214232 5.365118 1.722580
v 1.214232 5.365118 1.722580
v 1.187381 5.437998 1.707237
v 1.187381 5.437998 1.707237
v 1.187381 5.437998 2.206847
v 1.187381 5.437998 2.206847
v 1.193134 5.437998 2.212600
v 1.193134 5.437998 2.212600
v 1.692743 5.437998 2.212600
v 1.692743 5.437998 2.212600
v 1.698497 5.437998 2.206847
v 1.698497 5.437998 2.206847
v 1.698497 5.437998 1.707237
v 1.698497 5.437998 1.707237
v 1.692743 5.437998 1.702443
v 1.692743 5.437998 1.702443
v 1.193134 5.437998 1.702443
v 1.193134 5.437998 1.702443
v 1.160530 5.492657 1.681346
v 1.160530 5.492657 1.681346
v 1.160530 5.492657 1.681346
v 1.160530 5.492657 1.681346
v 1.160530 5.492657 2.233697
v 1.160530 5.492657 2.233697
v 1.160530 5.492657 2.233697
v 1.160530 5.492657 2.233697
v 1.167243 5.528138 2.239451
v 1.167243 5.528138 2.239451
v 1.167243 5.528138 2.239451
v 1.167243 5.528138 2.239451
v 1.166284 5.492657 2.239451
v 1.166284 5.492657 2.239451
v 1.166284 5.492657 2.239451
v 1.166284 5.492657 2.239451
v 1.719594 5.492657 2.239451
v 1.719594 5.492657 2.239451
v 1.719594 5.492657 2.239451
v 1.719594 5.492657 2.239451
v 1.724389 5.528138 2.233697
v 1.724389 5.528138 2.233697
v 1.724389 5.528138 2.233697
v 1.724389 5.528138 2.233697
v 1.724389 5.492657 2.233697
v 1.724389 5.492657 2.233697
v 1.724389 5.492657 2.233697
v 1.724389 5.492657 2.233697
v 1.724389 5.492657 1.681346
v 1.724389 5.492657 1.681346
v 1.724389 5.492657 1.681346
v 1.724389 5.492657 1.681346
v 1.719594 5.492657 1.675592
v 1.719594 5.492657 1.675592
v 1.719594 5.492657 1.675592
v 1.719594 5.492657 1.675592
v 1.166284 5.492657 1.675592
v 1.166284 5.492657 1.675592
v 1.166284 5.492657 1.675592
v 1.166284 5.492657 1.675592
v 1.160530 5.528138 1.681346
v 1.160530 5.528138 1.681346
v 1.160530 5.528138 1.681346
v 1.160530 5.528138 1.681346
v 1.160530 5.528138 2.233697
v 1.160530 5.528138 2.233697
v 1.160530 5.528138 2.233697
v 1.160530 5.528138 2.233697
v 1.150941 5.545399 2.255753
v 1.150941 5.545399 2.255753
v 1.150941 5.545399 2.255753
v 1.150941 5.545399 2.255753
v 1.718635 5.528138 2.239451
v 1.718635 5.528138 2.239451
v 1.718635 5.528138 2.239451
v 1.718635 5.528138 2.239451
v 1.740691 5.545399 2.249040
v 1.740691 5.545399 2.249040
v 1.740691 5.545399 2.249040
v 1.740691 5.545399 2.249040
v 1.724389 5.528138 1.681346
v 1.724389 5.528138 1.681346
v 1.724389 5.528138 1.681346
v 1.724389 5.528138 1.681346
v 1.718635 5.528138 1.675592
v 1.718635 5.528138 1.675592
v 1.718635 5.528138 1.675592
v 1.718635 5.528138 1.675592
v 1.167243 5.528138 1.675592
v 1.167243 5.528138 1.675592
v 1.167243 5.528138 1.675592
v 1.167243 5.528138 1.675592
v 1.144229 5.545399 1.666003
v 1.144229 5.545399 1.666003
v 1.144229 5.545399 1.666003
v 1.144229 5.545399 1.666003
v 1.144229 5.545399 2.249040
v 1.144229 5.545399 2.249040
v 1.144229 5.545399 2.249040
v 1.144229 5.545399 2.249040
v 1.167243 5.562660 2.239451
v 1.167243 5.562660 2.239451
v 1.167243 5.562660 2.239451
v 1.734937 5.545399 2.255753
v 1.734937 5.545399 2.255753
v 1.734937 5.545399 2.255753
v 1.734937 5.545399 2.255753
v 1.724389 5.562660 2.232738
v 1.724389 5.562660 2.232738
v 1.724389 5.562660 2.232738
v 1.740691 5.545399 1.666003
v 1.740691 5.545399 1.666003
v 1.740691 5.545399 1.666003
v 1.740691 5.545399 1.666003
v 1.734937 5.545399 1.659290
v 1.734937 5.545399 1.659290
v 1.734937 5.545399 1.659290
v 1.734937 5.545399 1.659290
v 1.150941 5.545399 1.659290
v 1.150941 5.545399 1.659290
v 1.150941 5.545399 1.659290
v 1.150941 5.545399 1.659290
v 1.160530 5.562660 1.682305
v 1.160530 5.562660 1.682305
v 1.160530 5.562660 1.682305
v 1.160530 5.562660 2.232738
v 1.160530 5.562660 2.232738
v 1.160530 5.562660 2.232738
v 1.718635 5.562660 2.239451
v 1.718635 5.562660 2.239451
v 1.718635 5.562660 2.239451
v 1.724389 5.562660 1.682305
v 1.724389 5.562660 1.682305
v 1.724389 5.562660 1.682305
v 1.718635 5.562660 1.675592
v 1.718635 5.562660 1.675592
v 1.718635 5.562660 1.675592
v 1.167243 5.562660 1.675592
v 1.167243 5.562660 1.675592
v 1.167243 5.562660 1.675592
v -1.230114 4.057119 2.241369
v -1.230114 4.057119 2.241369
v -1.223401 4.057119 2.234656
v -1.223401 4.057119 2.234656
v -1.223401 4.076299 2.234656
v -1.223401 4.076299 2.234656
v -1.223401 4.076299 2.234656
v -1.223401 4.076299 1.680387
v -1.223401 4.076299 1.680387
v -1.223401 4.076299 1.680387
v -1.223401 4.057119 1.680387
v -1.223401 4.057119 1.680387
v -1.230114 4.076299 1.673674
v -1.230114 4.076299 1.673674
v -1.230114 4.076299 1.673674
v -1.230114 4.057119 1.673674
v -1.230114 4.057119 1.673674
v -1.784383 4.076299 1.673674
v -1.784383 4.076299 1.673674
v -1.784383 4.076299 1.673674
v -1.784383 4.057119 1.673674
v -1.784383 4.057119 1.673674
v -1.791095 4.076299 1.680387
v -1.791095 4.076299 1.680387
v -1.791095 4.076299 1.680387
v -1.791095 4.057119 1.680387
v -1.791095 4.057119 1.680387
v -1.791095 4.076299 2.234656
v -1.791095 4.076299 2.234656
v -1.791095 4.076299 2.234656
v -1.791095 4.057119 2.234656
v -1.791095 4.057119 2.234656
v -1.784383 4.076299 2.241369
v -1.784383 4.076299 2.241369
v -1.784383 4.076299 2.241369
v -1.784383 4.076299 2.241369
v -1.784383 4.057119 2.241369
v -1.784383 4.057119 2.241369
v -1.230114 4.076299 2.241369
v -1.230114 4.076299 2.241369
v -1.230114 4.076299 2.241369
v -1.225319 4.076299 2.252876
v -1.225319 4.076299 2.252876
v -1.225319 4.076299 2.252876
v -1.211894 4.076299 2.239451
v -1.211894 4.076299 2.239451
v -1.211894 4.076299 2.239451
v -1.211894 4.076299 1.675592
v -1.211894 4.076299 1.675592
v -1.211894 4.076299 1.675592
v -1.225319 4.076299 1.662167
v -1.225319 4.076299 1.662167
v -1.225319 4.076299 1.662167
v -1.789177 4.076299 1.662167
v -1.789177 4.076299 1.662167
v -1.789177 4.076299 1.662167
v -1.802602 4.076299 1.675592
v -1.802602 4.076299 1.675592
v -1.802602 4.076299 1.675592
v -1.802602 4.076299 2.239451
v -1.802602 4.076299 2.239451
v -1.802602 4.076299 2.239451
v -1.789177 4.076299 2.252876
v -1.789177 4.076299 2.252876
v -1.789177 4.076299 2.252876
v -1.789177 4.076299 2.252876
v -1.789177 4.094518 2.252876
v -1.789177 4.094518 2.252876
v -1.789177 4.094518 2.252876
v -1.789177 4.094518 2.252876
v -1.225319 4.094518 2.252876
v -1.225319 4.094518 2.252876
v -1.225319 4.094518 2.252876
v -1.211894 4.094518 2.239451
v -1.211894 4.094518 2.239451
v -1.211894 4.094518 2.239451
v -1.211894 4.094518 1.675592
v -1.211894 4.094518 1.675592
v -1.211894 4.094518 1.675592
v -1.225319 4.094518 1.662167
v -1.225319 4.094518 1.662167
v -1.225319 4.094518 1.662167
v -1.789177 4.094518 1.662167
v -1.789177 4.094518 1.662167
v -1.789177 4.094518 1.662167
v -1.802602 4.094518 1.675592
v -1.802602 4.094518 1.675592
v -1.802602 4.094518 1.675592
v -1.802602 4.094518 2.239451
v -1.802602 4.094518 2.239451
v -1.802602 4.094518 2.239451
v -1.791095 4.094518 2.234656
v -1.791095 4.094518 2.234656
v -1.791095 4.094518 2.234656
v -1.784383 4.094518 2.241369
v -1.784383 4.094518 2.241369
v -1.784383 4.094518 2.241369
v -1.784383 4.094518 2.241369
v -1.230114 4.094518 2.241369
v -1.230114 4.094518 2.241369
v -1.230114 4.094518 2.241369
v -1.223401 4.094518 2.234656
v -1.223401 4.094518 2.234656
v -1.223401 4.094518 2.234656
v -1.223401 4.094518 1.680387
v -1.223401 4.094518 1.680387
v -1.223401 4.094518 1.680387
v -1.230114 4.094518 1.673674
v -1.230114 4.094518 1.673674
v -1.230114 4.094518 1.673674
v -1.784383 4.094518 1.673674
v -1.784383 4.094518 1.673674
v -1.784383 4.094518 1.673674
v -1.791095 4.094518 1.680387
v -1.791095 4.094518 1.680387
v -1.791095 4.094518 1.680387
v -1.735476 4.150137 1.734088
v -1.735476 4.150137 1.734088
v -1.735476 4.150137 1.734088
v -1.735476 4.150137 1.734088
v -1.735476 4.150137 2.179996
v -1.735476 4.150137 2.179996
v -1.735476 4.150137 2.179996
v -1.735476 4.150137 2.179996
v -1.729723 4.150137 2.185750
v -1.729723 4.150137 2.185750
v -1.729723 4.150137 2.185750
v -1.729723 4.150137 2.185750
v -1.283814 4.150137 2.185750
v -1.283814 4.150137 2.185750
v -1.283814 4.150137 2.185750
v -1.283814 4.150137 2.185750
v -1.279020 4.150137 2.179996
v -1.279020 4.150137 2.179996
v -1.279020 4.150137 2.179996
v -1.279020 4.150137 2.179996
v -1.279020 4.150137 1.734088
v -1.279020 4.150137 1.734088
v -1.279020 4.150137 1.734088
v -1.279020 4.150137 1.734088
v -1.283814 4.150137 1.729293
v -1.283814 4.150137 1.729293
v -1.283814 4.150137 1.729293
v -1.283814 4.150137 1.729293
v -1.729723 4.150137 1.729293
v -1.729723 4.150137 1.729293
v -1.729723 4.150137 1.729293
v -1.729723 4.150137 1.729293
v -1.739312 4.156850 1.730252
v -1.739312 4.156850 1.730252
v -1.739312 4.156850 1.730252
v -1.739312 4.156850 2.183832
v -1.739312 4.156850 2.183832
v -1.739312 4.156850 2.183832
v -1.733559 4.156850 2.189586
v -1.733559 4.156850 2.189586
v -1.733559 4.156850 2.189586
v -1.279979 4.156850 2.189586
v -1.279979 4.156850 2.189586
v -1.279979 4.156850 2.189586
v -1.274225 4.156850 2.183832
v -1.274225 4.156850 2.183832
v -1.274225 4.156850 2.183832
v -1.274225 4.156850 1.730252
v -1.274225 4.156850 1.730252
v -1.274225 4.156850 1.730252
v -1.274225 4.156850 1.730252
v -1.279979 4.156850 1.724498
v -1.279979 4.156850 1.724498
v -1.279979 4.156850 1.724498
v -1.733559 4.156850 1.724498
v -1.733559 4.156850 1.724498
v -1.733559 4.156850 1.724498
v -1.730682 4.162603 1.738882
v -1.730682 4.162603 1.738882
v -1.730682 4.162603 1.738882
v -1.730682 4.162603 2.175202
v -1.730682 4.162603 2.175202
v -1.730682 4.162603 2.175202
v -1.724928 4.162603 2.180955
v -1.724928 4.162603 2.180955
v -1.724928 4.162603 2.180955
v -1.288609 4.162603 2.180955
v -1.288609 4.162603 2.180955
v -1.288609 4.162603 2.180955
v -1.283814 4.162603 2.175202
v -1.283814 4.162603 2.175202
v -1.283814 4.162603 2.175202
v -1.283814 4.162603 1.738882
v -1.283814 4.162603 1.738882
v -1.283814 4.162603 1.738882
v -1.283814 4.162603 1.738882
v -1.288609 4.162603 1.734088
v -1.288609 4.162603 1.734088
v -1.288609 4.162603 1.734088
v -1.724928 4.162603 1.734088
v -1.724928 4.162603 1.734088
v -1.724928 4.162603 1.734088
v -1.724928 5.282649 1.734088
v -1.724928 5.282649 1.734088
v -1.724928 5.282649 1.734088
v -1.724928 5.282649 1.734088
v -1.730682 5.282649 1.739841
v -1.730682 5.282649 1.739841
v -1.730682 5.282649 1.739841
v -1.730682 5.282649 1.739841
v -1.730682 5.282649 2.175202
v -1.730682 5.282649 2.175202
v -1.730682 5.282649 2.175202
v -1.730682 5.282649 2.175202
v -1.724928 5.282649 2.180955
v -1.724928 5.282649 2.180955
v -1.724928 5.282649 2.180955
v -1.724928 5.282649 2.180955
v -1.289568 5.282649 2.180955
v -1.289568 5.282649 2.180955
v -1.289568 5.282649 2.180955
v -1.289568 5.282649 2.180955
v -1.283814 5.282649 2.175202
v -1.283814 5.282649 2.175202
v -1.283814 5.282649 2.175202
v -1.283814 5.282649 2.175202
v -1.283814 5.282649 1.739841
v -1.283814 5.282649 1.739841
v -1.283814 5.282649 1.739841
v -1.283814 5.282649 1.739841
v -1.289568 5.282649 1.734088
v -1.289568 5.282649 1.734088
v -1.289568 5.282649 1.734088
v -1.289568 5.282649 1.734088
v -1.741230 5.297992 1.715868
v -1.741230 5.297992 1.715868
v -1.741230 5.297992 1.715868
v -1.741230 5.297992 1.715868
v -1.747943 5.297992 1.722580
v -1.747943 5.297992 1.722580
v -1.747943 5.297992 1.722580
v -1.747943 5.297992 1.722580
v -1.747943 5.297992 2.191503
v -1.747943 5.297992 2.191503
v -1.747943 5.297992 2.191503
v -1.747943 5.297992 2.191503
v -1.741230 5.297992 2.198216
v -1.741230 5.297992 2.198216
v -1.741230 5.297992 2.198216
v -1.741230 5.297992 2.198216
v -1.272307 5.297992 2.198216
v -1.272307 5.297992 2.198216
v -1.272307 5.297992 2.198216
v -1.272307 5.297992 2.198216
v -1.265595 5.297992 2.191503
v -1.265595 5.297992 2.191503
v -1.265595 5.297992 2.191503
v -1.265595 5.297992 2.191503
v -1.265595 5.297992 1.722580
v -1.265595 5.297992 1.722580
v -1.265595 5.297992 1.722580
v -1.265595 5.297992 1.722580
v -1.272307 5.297992 1.715868
v -1.272307 5.297992 1.715868
v -1.272307 5.297992 1.715868
v -1.272307 5.297992 1.715868
v -1.729723 5.314293 1.729293
v -1.729723 5.314293 1.729293
v -1.729723 5.314293 1.729293
v -1.729723 5.314293 1.729293
v -1.735476 5.314293 1.735047
v -1.735476 5.314293 1.735047
v -1.735476 5.314293 1.735047
v -1.735476 5.314293 1.735047
v -1.735476 5.314293 2.179037
v -1.735476 5.314293 2.179037
v -1.735476 5.314293 2.179037
v -1.735476 5.314293 2.179037
v -1.729723 5.314293 2.185750
v -1.729723 5.314293 2.185750
v -1.729723 5.314293 2.185750
v -1.729723 5.314293 2.185750
v -1.284773 5.314293 2.185750
v -1.284773 5.314293 2.185750
v -1.284773 5.314293 2.185750
v -1.284773 5.314293 2.185750
v -1.279020 5.314293 2.179037
v -1.279020 5.314293 2.179037
v -1.279020 5.314293 2.179037
v -1.279020 5.314293 2.179037
v -1.279020 5.314293 1.735047
v -1.279020 5.314293 1.735047
v -1.279020 5.314293 1.735047
v -1.279020 5.314293 1.735047
v -1.284773 5.314293 1.729293
v -1.284773 5.314293 1.729293
v -1.284773 5.314293 1.729293
v -1.284773 5.314293 1.729293
v -1.735476 5.365118 1.722580
v -1.735476 5.365118 1.722580
v -1.741230 5.365118 1.728334
v -1.741230 5.365118 1.728334
v -1.741230 5.365118 2.185750
v -1.741230 5.365118 2.185750
v -1.735476 5.365118 2.191503
v -1.735476 5.365118 2.191503
v -1.278061 5.365118 2.191503
v -1.278061 5.365118 2.191503
v -1.272307 5.365118 2.185750
v -1.272307 5.365118 2.185750
v -1.272307 5.365118 1.728334
v -1.272307 5.365118 1.728334
v -1.278061 5.365118 1.722580
v -1.278061 5.365118 1.722580
v -1.756573 5.437998 1.702443
v -1.756573 5.437998 1.702443
v -1.762327 5.437998 1.707237
v -1.762327 5.437998 1.707237
v -1.762327 5.437998 2.206847
v -1.762327 5.437998 2.206847
v -1.756573 5.437998 2.212600
v -1.756573 5.437998 2.212600
v -1.256964 5.437998 2.212600
v -1.256964 5.437998 2.212600
v -1.252169 5.437998 2.206847
v -1.252169 5.437998 2.206847
v -1.252169 5.437998 1.707237
v -1.252169 5.437998 1.707237
v -1.256964 5.437998 1.702443
v -1.256964 5.437998 1.702443
v -1.231073 5.492657 1.675592
v -1.231073 5.492657 1.675592
v -1.231073 5.492657 1.675592
v -1.231073 5.492657 1.675592
v -1.783424 5.492657 1.675592
v -1.783424 5.492657 1.675592
v -1.783424 5.492657 1.675592
v -1.783424 5.492657 1.675592
v -1.783424 5.528138 1.675592
v -1.783424 5.528138 1.675592
v -1.783424 5.528138 1.675592
v -1.783424 5.528138 1.675592
v -1.789177 5.492657 1.681346
v -1.789177 5.492657 1.681346
v -1.789177 5.492657 1.681346
v -1.789177 5.492657 1.681346
v -1.789177 5.492657 2.233697
v -1.789177 5.492657 2.233697
v -1.789177 5.492657 2.233697
v -1.789177 5.492657 2.233697
v -1.789177 5.528138 2.233697
v -1.789177 5.528138 2.233697
v -1.789177 5.528138 2.233697
v -1.789177 5.528138 2.233697
v -1.783424 5.492657 2.239451
v -1.783424 5.492657 2.239451
v -1.783424 5.492657 2.239451
v -1.783424 5.492657 2.239451
v -1.231073 5.492657 2.239451
v -1.231073 5.492657 2.239451
v -1.231073 5.492657 2.239451
v -1.231073 5.492657 2.239451
v -1.225319 5.492657 2.233697
v -1.225319 5.492657 2.233697
v -1.225319 5.492657 2.233697
v -1.225319 5.492657 2.233697
v -1.225319 5.492657 1.681346
v -1.225319 5.492657 1.681346
v -1.225319 5.492657 1.681346
v -1.225319 5.492657 1.681346
v -1.225319 5.528138 1.681346
v -1.225319 5.528138 1.681346
v -1.225319 5.528138 1.681346
v -1.225319 5.528138 1.681346
v -1.231073 5.528138 1.675592
v -1.231073 5.528138 1.675592
v -1.231073 5.528138 1.675592
v -1.231073 5.528138 1.675592
v -1.798767 5.545399 1.659290
v -1.798767 5.545399 1.659290
v -1.798767 5.545399 1.659290
v -1.798767 5.545399 1.659290
v -1.789177 5.528138 1.681346
v -1.789177 5.528138 1.681346
v -1.789177 5.528138 1.681346
v -1.789177 5.528138 1.681346
v -1.805479 5.545399 2.249040
v -1.805479 5.545399 2.249040
v -1.805479 5.545399 2.249040
v -1.805479 5.545399 2.249040
v -1.783424 5.528138 2.239451
v -1.783424 5.528138 2.239451
v -1.783424 5.528138 2.239451
v -1.783424 5.528138 2.239451
v -1.231073 5.528138 2.239451
v -1.231073 5.528138 2.239451
v -1.231073 5.528138 2.239451
v -1.231073 5.528138 2.239451
v -1.225319 5.528138 2.233697
v -1.225319 5.528138 2.233697
v -1.225319 5.528138 2.233697
v -1.225319 5.528138 2.233697
v -1.209017 5.545399 1.666003
v -1.209017 5.545399 1.666003
v -1.209017 5.545399 1.666003
v -1.209017 5.545399 1.666003
v -1.215729 5.545399 1.659290
v -1.215729 5.545399 1.659290
v -1.215729 5.545399 1.659290
v -1.215729 5.545399 1.659290
v -1.782465 5.562660 1.675592
v -1.782465 5.562660 1.675592
v -1.782465 5.562660 1.675592
v -1.805479 5.545399 1.666003
v -1.805479 5.545399 1.666003
v -1.805479 5.545399 1.666003
v -1.805479 5.545399 1.666003
v -1.789177 5.562660 2.232738
v -1.789177 5.562660 2.232738
v -1.789177 5.562660 2.232738
v -1.798767 5.545399 2.255753
v -1.798767 5.545399 2.255753
v -1.798767 5.545399 2.255753
v -1.798767 5.545399 2.255753
v -1.215729 5.545399 2.255753
v -1.215729 5.545399 2.255753
v -1.215729 5.545399 2.255753
v -1.215729 5.545399 2.255753
v -1.209017 5.545399 2.249040
v -1.209017 5.545399 2.249040
v -1.209017 5.545399 2.249040
v -1.209017 5.545399 2.249040
v -1.225319 5.562660 1.682305
v -1.225319 5.562660 1.682305
v -1.225319 5.562660 1.682305
v -1.232032 5.562660 1.675592
v -1.232032 5.562660 1.675592
v -1.232032 5.562660 1.675592
v -1.789177 5.562660 1.682305
v -1.789177 5.562660 1.682305
v -1.789177 5.562660 1.682305
v -1.782465 5.562660 2.239451
v -1.782465 5.562660 2.239451
v -1.782465 5.562660 2.239451
v -1.232032 5.562660 2.239451
v -1.232032 5.562660 2.239451
v -1.232032 5.562660 2.239451
v -1.225319 5.562660 2.232738
v -1.225319 5.562660 2.232738
v -1.225319 5.562660 2.232738
v -4.186534 4.057119 1.673674
v -4.186534 4.057119 1.673674
v -4.740803 4.057119 1.673674
v -4.740803 4.057119 1.673674
v -4.186534 4.076299 1.673674
v -4.186534 4.076299 1.673674
v -4.186534 4.076299 1.673674
v -4.740803 4.076299 1.673674
v -4.740803 4.076299 1.673674
v -4.740803 4.076299 1.673674
v -4.740803 4.076299 1.673674
v -4.747516 4.057119 1.680387
v -4.747516 4.057119 1.680387
v -4.747516 4.076299 1.680387
v -4.747516 4.076299 1.680387
v -4.747516 4.076299 1.680387
v -4.747516 4.057119 2.234656
v -4.747516 4.057119 2.234656
v -4.747516 4.076299 2.234656
v -4.747516 4.076299 2.234656
v -4.747516 4.076299 2.234656
v -4.740803 4.057119 2.241369
v -4.740803 4.057119 2.241369
v -4.740803 4.076299 2.241369
v -4.740803 4.076299 2.241369
v -4.740803 4.076299 2.241369
v -4.186534 4.057119 2.241369
v -4.186534 4.057119 2.241369
v -4.186534 4.076299 2.241369
v -4.186534 4.076299 2.241369
v -4.186534 4.076299 2.241369
v -4.179821 4.057119 2.234656
v -4.179821 4.057119 2.234656
v -4.179821 4.076299 2.234656
v -4.179821 4.076299 2.234656
v -4.179821 4.076299 2.234656
v -4.179821 4.057119 1.680387
v -4.179821 4.057119 1.680387
v -4.179821 4.076299 1.680387
v -4.179821 4.076299 1.680387
v -4.179821 4.076299 1.680387
v -4.181739 4.076299 1.662167
v -4.181739 4.076299 1.662167
v -4.181739 4.076299 1.662167
v -4.745597 4.076299 1.662167
v -4.745597 4.076299 1.662167
v -4.745597 4.076299 1.662167
v -4.745597 4.076299 1.662167
v -4.759022 4.076299 1.675592
v -4.759022 4.076299 1.675592
v -4.759022 4.076299 1.675592
v -4.759022 4.076299 2.239451
v -4.759022 4.076299 2.239451
v -4.759022 4.076299 2.239451
v -4.745597 4.076299 2.252876
v -4.745597 4.076299 2.252876
v -4.745597 4.076299 2.252876
v -4.181739 4.076299 2.252876
v -4.181739 4.076299 2.252876
v -4.181739 4.076299 2.252876
v -4.167356 4.076299 2.239451
v -4.167356 4.076299 2.239451
v -4.167356 4.076299 2.239451
v -4.167356 4.076299 1.675592
v -4.167356 4.076299 1.675592
v -4.167356 4.076299 1.675592
v -4.181739 4.094518 1.662167
v -4.181739 4.094518 1.662167
v -4.181739 4.094518 1.662167
v -4.745597 4.094518 1.662167
v -4.745597 4.094518 1.662167
v -4.745597 4.094518 1.662167
v -4.745597 4.094518 1.662167
v -4.759022 4.094518 1.675592
v -4.759022 4.094518 1.675592
v -4.759022 4.094518 1.675592
v -4.759022 4.094518 2.239451
v -4.759022 4.094518 2.239451
v -4.759022 4.094518 2.239451
v -4.745597 4.094518 2.252876
v -4.745597 4.094518 2.252876
v -4.745597 4.094518 2.252876
v -4.181739 4.094518 2.252876
v -4.181739 4.094518 2.252876
v -4.181739 4.094518 2.252876
v -4.167356 4.094518 2.239451
v -4.167356 4.094518 2.239451
v -4.167356 4.094518 2.239451
v -4.167356 4.094518 1.675592
v -4.167356 4.094518 1.675592
v -4.167356 4.094518 1.675592
v -4.186534 4.094518 1.673674
v -4.186534 4.094518 1.673674
v -4.186534 4.094518 1.673674
v -4.740803 4.094518 1.673674
v -4.740803 4.094518 1.673674
v -4.740803 4.094518 1.673674
v -4.740803 4.094518 1.673674
v -4.747516 4.094518 1.680387
v -4.747516 4.094518 1.680387
v -4.747516 4.094518 1.680387
v -4.747516 4.094518 2.234656
v -4.747516 4.094518 2.234656
v -4.747516 4.094518 2.234656
v -4.740803 4.094518 2.241369
v -4.740803 4.094518 2.241369
v -4.740803 4.094518 2.241369
v -4.186534 4.094518 2.241369
v -4.186534 4.094518 2.241369
v -4.186534 4.094518 2.241369
v -4.179821 4.094518 2.234656
v -4.179821 4.094518 2.234656
v -4.179821 4.094518 2.234656
v -4.179821 4.094518 1.680387
v -4.179821 4.094518 1.680387
v -4.179821 4.094518 1.680387
v -4.240235 4.150137 1.729293
v -4.240235 4.150137 1.729293
v -4.240235 4.150137 1.729293
v -4.240235 4.150137 1.729293
v -4.686143 4.150137 1.729293
v -4.686143 4.150137 1.729293
v -4.686143 4.150137 1.729293
v -4.686143 4.150137 1.729293
v -4.691896 4.150137 1.734088
v -4.691896 4.150137 1.734088
v -4.691896 4.150137 1.734088
v -4.691896 4.150137 1.734088
v -4.691896 4.150137 2.179996
v -4.691896 4.150137 2.179996
v -4.691896 4.150137 2.179996
v -4.691896 4.150137 2.179996
v -4.686143 4.150137 2.185750
v -4.686143 4.150137 2.185750
v -4.686143 4.150137 2.185750
v -4.686143 4.150137 2.185750
v -4.240235 4.150137 2.185750
v -4.240235 4.150137 2.185750
v -4.240235 4.150137 2.185750
v -4.240235 4.150137 2.185750
v -4.234481 4.150137 2.179996
v -4.234481 4.150137 2.179996
v -4.234481 4.150137 2.179996
v -4.234481 4.150137 2.179996
v -4.234481 4.150137 1.734088
v -4.234481 4.150137 1.734088
v -4.234481 4.150137 1.734088
v -4.234481 4.150137 1.734088
v -4.230645 4.156850 1.730252
v -4.230645 4.156850 1.730252
v -4.230645 4.156850 1.730252
v -4.236399 4.156850 1.724498
v -4.236399 4.156850 1.724498
v -4.236399 4.156850 1.724498
v -4.689979 4.156850 1.724498
v -4.689979 4.156850 1.724498
v -4.689979 4.156850 1.724498
v -4.695732 4.156850 1.730252
v -4.695732 4.156850 1.730252
v -4.695732 4.156850 1.730252
v -4.695732 4.156850 2.183832
v -4.695732 4.156850 2.183832
v -4.695732 4.156850 2.183832
v -4.689979 4.156850 2.189586
v -4.689979 4.156850 2.189586
v -4.689979 4.156850 2.189586
v -4.236399 4.156850 2.189586
v -4.236399 4.156850 2.189586
v -4.236399 4.156850 2.189586
v -4.230645 4.156850 2.183832
v -4.230645 4.156850 2.183832
v -4.230645 4.156850 2.183832
v -4.230645 4.156850 2.183832
v -4.240235 4.162603 2.175202
v -4.240235 4.162603 2.175202
v -4.240235 4.162603 2.175202
v -4.240235 4.162603 2.175202
v -4.240235 4.162603 1.738882
v -4.240235 4.162603 1.738882
v -4.240235 4.162603 1.738882
v -4.245029 4.162603 1.734088
v -4.245029 4.162603 1.734088
v -4.245029 4.162603 1.734088
v -4.681348 4.162603 1.734088
v -4.681348 4.162603 1.734088
v -4.681348 4.162603 1.734088
v -4.687102 4.162603 1.738882
v -4.687102 4.162603 1.738882
v -4.687102 4.162603 1.738882
v -4.687102 4.162603 2.175202
v -4.687102 4.162603 2.175202
v -4.687102 4.162603 2.175202
v -4.681348 4.162603 2.180955
v -4.681348 4.162603 2.180955
v -4.681348 4.162603 2.180955
v -4.245029 4.162603 2.180955
v -4.245029 4.162603 2.180955
v -4.245029 4.162603 2.180955
v -4.240235 5.282649 2.175202
v -4.240235 5.282649 2.175202
v -4.240235 5.282649 2.175202
v -4.240235 5.282649 2.175202
v -4.240235 5.282649 1.739841
v -4.240235 5.282649 1.739841
v -4.240235 5.282649 1.739841
v -4.240235 5.282649 1.739841
v -4.245988 5.282649 1.734088
v -4.245988 5.282649 1.734088
v -4.245988 5.282649 1.734088
v -4.245988 5.282649 1.734088
v -4.681348 5.282649 1.734088
v -4.681348 5.282649 1.734088
v -4.681348 5.282649 1.734088
v -4.681348 5.282649 1.734088
v -4.687102 5.282649 1.739841
v -4.687102 5.282649 1.739841
v -4.687102 5.282649 1.739841
v -4.687102 5.282649 1.739841
v -4.687102 5.282649 2.175202
v -4.687102 5.282649 2.175202
v -4.687102 5.282649 2.175202
v -4.687102 5.282649 2.175202
v -4.681348 5.282649 2.180955
v -4.681348 5.282649 2.180955
v -4.681348 5.282649 2.180955
v -4.681348 5.282649 2.180955
v -4.245988 5.282649 2.180955
v -4.245988 5.282649 2.180955
v -4.245988 5.282649 2.180955
v -4.245988 5.282649 2.180955
v -4.222014 5.297992 2.191503
v -4.222014 5.297992 2.191503
v -4.222014 5.297992 2.191503
v -4.222014 5.297992 2.191503
v -4.222014 5.297992 1.722580
v -4.222014 5.297992 1.722580
v -4.222014 5.297992 1.722580
v -4.222014 5.297992 1.722580
v -4.228727 5.297992 1.715868
v -4.228727 5.297992 1.715868
v -4.228727 5.297992 1.715868
v -4.228727 5.297992 1.715868
v -4.697650 5.297992 1.715868
v -4.697650 5.297992 1.715868
v -4.697650 5.297992 1.715868
v -4.697650 5.297992 1.715868
v -4.704363 5.297992 1.722580
v -4.704363 5.297992 1.722580
v -4.704363 5.297992 1.722580
v -4.704363 5.297992 1.722580
v -4.704363 5.297992 2.191503
v -4.704363 5.297992 2.191503
v -4.704363 5.297992 2.191503
v -4.704363 5.297992 2.191503
v -4.697650 5.297992 2.198216
v -4.697650 5.297992 2.198216
v -4.697650 5.297992 2.198216
v -4.697650 5.297992 2.198216
v -4.228727 5.297992 2.198216
v -4.228727 5.297992 2.198216
v -4.228727 5.297992 2.198216
v -4.228727 5.297992 2.198216
v -4.235440 5.314293 2.179037
v -4.235440 5.314293 2.179037
v -4.235440 5.314293 2.179037
v -4.235440 5.314293 2.179037
v -4.235440 5.314293 1.735047
v -4.235440 5.314293 1.735047
v -4.235440 5.314293 1.735047
v -4.235440 5.314293 1.735047
v -4.241194 5.314293 1.729293
v -4.241194 5.314293 1.729293
v -4.241194 5.314293 1.729293
v -4.241194 5.314293 1.729293
v -4.685184 5.314293 1.729293
v -4.685184 5.314293 1.729293
v -4.685184 5.314293 1.729293
v -4.685184 5.314293 1.729293
v -4.691896 5.314293 1.735047
v -4.691896 5.314293 1.735047
v -4.691896 5.314293 1.735047
v -4.691896 5.314293 1.735047
v -4.691896 5.314293 2.179037
v -4.691896 5.314293 2.179037
v -4.691896 5.314293 2.179037
v -4.691896 5.314293 2.179037
v -4.685184 5.314293 2.185750
v -4.685184 5.314293 2.185750
v -4.685184 5.314293 2.185750
v -4.685184 5.314293 2.185750
v -4.241194 5.314293 2.185750
v -4.241194 5.314293 2.185750
v -4.241194 5.314293 2.185750
v -4.241194 5.314293 2.185750
v -4.228727 5.365118 2.185750
v -4.228727 5.365118 2.185750
v -4.228727 5.365118 1.728334
v -4.228727 5.365118 1.728334
v -4.234481 5.365118 1.722580
v -4.234481 5.365118 1.722580
v -4.691896 5.365118 1.722580
v -4.691896 5.365118 1.722580
v -4.697650 5.365118 1.728334
v -4.697650 5.365118 1.728334
v -4.697650 5.365118 2.185750
v -4.697650 5.365118 2.185750
v -4.691896 5.365118 2.191503
v -4.691896 5.365118 2.191503
v -4.234481 5.365118 2.191503
v -4.234481 5.365118 2.191503
v -4.207631 5.437998 2.206847
v -4.207631 5.437998 2.206847
v -4.207631 5.437998 1.707237
v -4.207631 5.437998 1.707237
v -4.213385 5.437998 1.702443
v -4.213385 5.437998 1.702443
v -4.712994 5.437998 1.702443
v -4.712994 5.437998 1.702443
v -4.718747 5.437998 1.707237
v -4.718747 5.437998 1.707237
v -4.718747 5.437998 2.206847
v -4.718747 5.437998 2.206847
v -4.712994 5.437998 2.212600
v -4.712994 5.437998 2.212600
v -4.213385 5.437998 2.212600
v -4.213385 5.437998 2.212600
v -4.181739 5.492657 2.233697
v -4.181739 5.492657 2.233697
v -4.181739 5.492657 2.233697
v -4.181739 5.492657 2.233697
v -4.181739 5.492657 1.681346
v -4.181739 5.492657 1.681346
v -4.181739 5.492657 1.681346
v -4.181739 5.492657 1.681346
v -4.187493 5.528138 1.675592
v -4.187493 5.528138 1.675592
v -4.187493 5.528138 1.675592
v -4.187493 5.528138 1.675592
v -4.187493 5.492657 1.675592
v -4.187493 5.492657 1.675592
v -4.187493 5.492657 1.675592
v -4.187493 5.492657 1.675592
v -4.739844 5.492657 1.675592
v -4.739844 5.492657 1.675592
v -4.739844 5.492657 1.675592
v -4.739844 5.492657 1.675592
v -4.745597 5.528138 1.681346
v -4.745597 5.528138 1.681346
v -4.745597 5.528138 1.681346
v -4.745597 5.528138 1.681346
v -4.745597 5.492657 1.681346
v -4.745597 5.492657 1.681346
v -4.745597 5.492657 1.681346
v -4.745597 5.492657 1.681346
v -4.745597 5.492657 2.233697
v -4.745597 5.492657 2.233697
v -4.745597 5.492657 2.233697
v -4.745597 5.492657 2.233697
v -4.739844 5.492657 2.239451
v -4.739844 5.492657 2.239451
v -4.739844 5.492657 2.239451
v -4.739844 5.492657 2.239451
v -4.187493 5.492657 2.239451
v -4.187493 5.492657 2.239451
v -4.187493 5.492657 2.239451
v -4.187493 5.492657 2.239451
v -4.181739 5.528138 2.233697
v -4.181739 5.528138 2.233697
v -4.181739 5.528138 2.233697
v -4.181739 5.528138 2.233697
v -4.181739 5.528138 1.681346
v -4.181739 5.528138 1.681346
v -4.181739 5.528138 1.681346
v -4.181739 5.528138 1.681346
v -4.171191 5.545399 1.659290
v -4.171191 5.545399 1.659290
v -4.171191 5.545399 1.659290
v -4.171191 5.545399 1.659290
v -4.739844 5.528138 1.675592
v -4.739844 5.528138 1.675592
v -4.739844 5.528138 1.675592
v -4.739844 5.528138 1.675592
v -4.761899 5.545399 1.666003
v -4.761899 5.545399 1.666003
v -4.761899 5.545399 1.666003
v -4.761899 5.545399 1.666003
v -4.745597 5.528138 2.233697
v -4.745597 5.528138 2.233697
v -4.745597 5.528138 2.233697
v -4.745597 5.528138 2.233697
v -4.739844 5.528138 2.239451
v -4.739844 5.528138 2.239451
v -4.739844 5.528138 2.239451
v -4.739844 5.528138 2.239451
v -4.187493 5.528138 2.239451
v -4.187493 5.528138 2.239451
v -4.187493 5.528138 2.239451
v -4.187493 5.528138 2.239451
v -4.165437 5.545399 2.249040
v -4.165437 5.545399 2.249040
v -4.165437 5.545399 2.249040
v -4.165437 5.545399 2.249040
v -4.165437 5.545399 1.666003
v -4.165437 5.545399 1.666003
v -4.165437 5.545399 1.666003
v -4.165437 5.545399 1.666003
v -4.187493 5.562660 1.675592
v -4.187493 5.562660 1.675592
v -4.187493 5.562660 1.675592
v -4.755187 5.545399 1.659290
v -4.755187 5.545399 1.659290
v -4.755187 5.545399 1.659290
v -4.755187 5.545399 1.659290
v -4.745597 5.562660 1.682305
v -4.745597 5.562660 1.682305
v -4.745597 5.562660 1.682305
v -4.761899 5.545399 2.249040
v -4.761899 5.545399 2.249040
v -4.761899 5.545399 2.249040
v -4.761899 5.545399 2.249040
v -4.755187 5.545399 2.255753
v -4.755187 5.545399 2.255753
v -4.755187 5.545399 2.255753
v -4.755187 5.545399 2.255753
v -4.171191 5.545399 2.255753
v -4.171191 5.545399 2.255753
v -4.171191 5.545399 2.255753
v -4.171191 5.545399 2.255753
v -4.181739 5.562660 2.232738
v -4.181739 5.562660 2.232738
v -4.181739 5.562660 2.232738
v -4.181739 5.562660 1.682305
v -4.181739 5.562660 1.682305
v -4.181739 5.562660 1.682305
v -4.738885 5.562660 1.675592
v -4.738885 5.562660 1.675592
v -4.738885 5.562660 1.675592
v -4.745597 5.562660 2.232738
v -4.745597 5.562660 2.232738
v -4.745597 5.562660 2.232738
v -4.738885 5.562660 2.239451
v -4.738885 5.562660 2.239451
v -4.738885 5.562660 2.239451
v -4.187493 5.562660 2.239451
v -4.187493 5.562660 2.239451
v -4.187493 5.562660 2.239451
v -7.872710 4.057119 2.241369
v -7.872710 4.057119 2.241369
v -7.516942 4.057119 2.241369
v -7.516942 4.057119 2.241369
v -7.516942 4.076299 2.241369
v -7.516942 4.076299 2.241369
v -7.516942 4.076299 2.241369
v -7.516942 4.076299 2.241369
v -7.122817 4.057119 2.241369
v -7.122817 4.057119 2.241369
v -7.122817 4.076299 2.241369
v -7.122817 4.076299 2.241369
v -7.122817 4.076299 2.241369
v -7.122817 4.076299 2.241369
v -7.116104 4.057119 2.234656
v -7.116104 4.057119 2.234656
v -7.116104 4.076299 2.234656
v -7.116104 4.076299 2.234656
v -7.116104 4.076299 2.234656
v -7.116104 4.057119 1.680387
v -7.116104 4.057119 1.680387
v -7.116104 4.076299 1.680387
v -7.116104 4.076299 1.680387
v -7.116104 4.076299 1.680387
v -7.122817 4.057119 1.673674
v -7.122817 4.057119 1.673674
v -7.122817 4.076299 1.673674
v -7.122817 4.076299 1.673674
v -7.122817 4.076299 1.673674
v -7.305016 4.076299 1.673674
v -7.305016 4.076299 1.673674
v -7.305016 4.076299 1.673674
v -7.305016 4.076299 1.673674
v -7.305016 4.057119 1.673674
v -7.305016 4.057119 1.673674
v -7.305016 4.057119 1.491475
v -7.305016 4.057119 1.491475
v -7.305016 4.076299 1.491475
v -7.305016 4.076299 1.491475
v -7.305016 4.076299 1.491475
v -7.311728 4.076299 1.484763
v -7.311728 4.076299 1.484763
v -7.311728 4.076299 1.484763
v -7.311728 4.057119 1.484763
v -7.311728 4.057119 1.484763
v -7.865997 4.076299 1.484763
v -7.865997 4.076299 1.484763
v -7.865997 4.076299 1.484763
v -7.865997 4.057119 1.484763
v -7.865997 4.057119 1.484763
v -7.872710 4.076299 1.491475
v -7.872710 4.076299 1.491475
v -7.872710 4.076299 1.491475
v -7.872710 4.076299 1.491475
v -7.872710 4.057119 1.491475
v -7.872710 4.057119 1.491475
v -7.872710 4.076299 1.884642
v -7.872710 4.076299 1.884642
v -7.872710 4.076299 1.884642
v -7.872710 4.076299 1.884642
v -7.872710 4.057119 1.884642
v -7.872710 4.057119 1.884642
v -7.872710 4.076299 2.241369
v -7.872710 4.076299 2.241369
v -7.872710 4.076299 2.241369
v -7.872710 4.076299 2.241369
v -7.884217 4.076299 2.252876
v -7.884217 4.076299 2.252876
v -7.884217 4.076299 2.252876
v -7.884217 4.076299 2.252876
v -7.516942 4.076299 2.252876
v -7.516942 4.076299 2.252876
v -7.516942 4.076299 2.252876
v -7.516942 4.076299 2.252876
v -7.118021 4.076299 2.252876
v -7.118021 4.076299 2.252876
v -7.118021 4.076299 2.252876
v -7.118021 4.076299 2.252876
v -7.104597 4.076299 2.239451
v -7.104597 4.076299 2.239451
v -7.104597 4.076299 2.239451
v -7.104597 4.076299 1.675592
v -7.104597 4.076299 1.675592
v -7.104597 4.076299 1.675592
v -7.118021 4.076299 1.662167
v -7.118021 4.076299 1.662167
v -7.118021 4.076299 1.662167
v -7.293509 4.076299 1.662167
v -7.293509 4.076299 1.662167
v -7.293509 4.076299 1.662167
v -7.293509 4.076299 1.662167
v -7.293509 4.076299 1.486681
v -7.293509 4.076299 1.486681
v -7.293509 4.076299 1.486681
v -7.306933 4.076299 1.472296
v -7.306933 4.076299 1.472296
v -7.306933 4.076299 1.472296
v -7.870792 4.076299 1.472296
v -7.870792 4.076299 1.472296
v -7.870792 4.076299 1.472296
v -7.884217 4.076299 1.486681
v -7.884217 4.076299 1.486681
v -7.884217 4.076299 1.486681
v -7.884217 4.076299 1.486681
v -7.884217 4.076299 1.884642
v -7.884217 4.076299 1.884642
v -7.884217 4.076299 1.884642
v -7.884217 4.076299 1.884642
v -7.884217 4.094518 2.252876
v -7.884217 4.094518 2.252876
v -7.884217 4.094518 2.252876
v -7.884217 4.094518 2.252876
v -7.516942 4.094518 2.252876
v -7.516942 4.094518 2.252876
v -7.516942 4.094518 2.252876
v -7.516942 4.094518 2.252876
v -7.118021 4.094518 2.252876
v -7.118021 4.094518 2.252876
v -7.118021 4.094518 2.252876
v -7.118021 4.094518 2.252876
v -7.104597 4.094518 2.239451
v -7.104597 4.094518 2.239451
v -7.104597 4.094518 2.239451
v -7.104597 4.094518 1.675592
v -7.104597 4.094518 1.675592
v -7.104597 4.094518 1.675592
v -7.118021 4.094518 1.662167
v -7.118021 4.094518 1.662167
v -7.118021 4.094518 1.662167
v -7.293509 4.094518 1.662167
v -7.293509 4.094518 1.662167
v -7.293509 4.094518 1.662167
v -7.293509 4.094518 1.662167
v -7.293509 4.094518 1.486681
v -7.293509 4.094518 1.486681
v -7.293509 4.094518 1.486681
v -7.306933 4.094518 1.472296
v -7.306933 4.094518 1.472296
v -7.306933 4.094518 1.472296
v -7.870792 4.094518 1.472296
v -7.870792 4.094518 1.472296
v -7.870792 4.094518 1.472296
v -7.884217 4.094518 1.486681
v -7.884217 4.094518 1.486681
v -7.884217 4.094518 1.486681
v -7.884217 4.094518 1.486681
v -7.884217 4.094518 1.884642
v -7.884217 4.094518 1.884642
v -7.884217 4.094518 1.884642
v -7.884217 4.094518 1.884642
v -7.872710 4.094518 1.884642
v -7.872710 4.094518 1.884642
v -7.872710 4.094518 1.884642
v -7.872710 4.094518 1.884642
v -7.872710 4.094518 2.241369
v -7.872710 4.094518 2.241369
v -7.872710 4.094518 2.241369
v -7.872710 4.094518 2.241369
v -7.516942 4.094518 2.241369
v -7.516942 4.094518 2.241369
v -7.516942 4.094518 2.241369
v -7.516942 4.094518 2.241369
v -7.122817 4.094518 2.241369
v -7.122817 4.094518 2.241369
v -7.122817 4.094518 2.241369
v -7.122817 4.094518 2.241369
v -7.116104 4.094518 2.234656
v -7.116104 4.094518 2.234656
v -7.116104 4.094518 2.234656
v -7.116104 4.094518 1.680387
v -7.116104 4.094518 1.680387
v -7.116104 4.094518 1.680387
v -7.122817 4.094518 1.673674
v -7.122817 4.094518 1.673674
v -7.122817 4.094518 1.673674
v -7.305016 4.094518 1.673674
v -7.305016 4.094518 1.673674
v -7.305016 4.094518 1.673674
v -7.305016 4.094518 1.673674
v -7.305016 4.094518 1.491475
v -7.305016 4.094518 1.491475
v -7.305016 4.094518 1.491475
v -7.311728 4.094518 1.484763
v -7.311728 4.094518 1.484763
v -7.311728 4.094518 1.484763
v -7.865997 4.094518 1.484763
v -7.865997 4.094518 1.484763
v -7.865997 4.094518 1.484763
v -7.872710 4.094518 1.491475
v -7.872710 4.094518 1.491475
v -7.872710 4.094518 1.491475
v -7.872710 4.094518 1.491475
v -7.817091 4.150137 1.545176
v -7.817091 4.150137 1.545176
v -7.817091 4.150137 1.545176
v -7.817091 4.150137 1.545176
v -7.817091 4.150137 1.884642
v -7.817091 4.150137 1.884642
v -7.817091 4.150137 1.884642
v -7.817091 4.150137 1.884642
v -7.817091 4.150137 2.185750
v -7.817091 4.150137 2.185750
v -7.817091 4.150137 2.185750
v -7.817091 4.150137 2.185750
v -7.516942 4.150137 2.185750
v -7.516942 4.150137 2.185750
v -7.516942 4.150137 2.185750
v -7.516942 4.150137 2.185750
v -7.176517 4.150137 2.185750
v -7.176517 4.150137 2.185750
v -7.176517 4.150137 2.185750
v -7.176517 4.150137 2.185750
v -7.171723 4.150137 2.179996
v -7.171723 4.150137 2.179996
v -7.171723 4.150137 2.179996
v -7.171723 4.150137 2.179996
v -7.171723 4.150137 1.734088
v -7.171723 4.150137 1.734088
v -7.171723 4.150137 1.734088
v -7.171723 4.150137 1.734088
v -7.176517 4.150137 1.729293
v -7.176517 4.150137 1.729293
v -7.176517 4.150137 1.729293
v -7.176517 4.150137 1.729293
v -7.360634 4.150137 1.729293
v -7.360634 4.150137 1.729293
v -7.360634 4.150137 1.729293
v -7.360634 4.150137 1.729293
v -7.360634 4.150137 1.545176
v -7.360634 4.150137 1.545176
v -7.360634 4.150137 1.545176
v -7.360634 4.150137 1.545176
v -7.365429 4.150137 1.539422
v -7.365429 4.150137 1.539422
v -7.365429 4.150137 1.539422
v -7.365429 4.150137 1.539422
v -7.811337 4.150137 1.539422
v -7.811337 4.150137 1.539422
v -7.811337 4.150137 1.539422
v -7.811337 4.150137 1.539422
v -7.820927 4.156850 1.541340
v -7.820927 4.156850 1.541340
v -7.820927 4.156850 1.541340
v -7.820927 4.156850 1.884642
v -7.820927 4.156850 1.884642
v -7.820927 4.156850 1.884642
v -7.820927 4.156850 1.884642
v -7.820927 4.156850 2.189586
v -7.820927 4.156850 2.189586
v -7.820927 4.156850 2.189586
v -7.820927 4.156850 2.189586
v -7.516942 4.156850 2.189586
v -7.516942 4.156850 2.189586
v -7.516942 4.156850 2.189586
v -7.516942 4.156850 2.189586
v -7.172682 4.156850 2.189586
v -7.172682 4.156850 2.189586
v -7.172682 4.156850 2.189586
v -7.166928 4.156850 2.183832
v -7.166928 4.156850 2.183832
v -7.166928 4.156850 2.183832
v -7.166928 4.156850 1.730252
v -7.166928 4.156850 1.730252
v -7.166928 4.156850 1.730252
v -7.172682 4.156850 1.724498
v -7.172682 4.156850 1.724498
v -7.172682 4.156850 1.724498
v -7.356798 4.156850 1.724498
v -7.356798 4.156850 1.724498
v -7.356798 4.156850 1.724498
v -7.356798 4.156850 1.724498
v -7.356798 4.156850 1.541340
v -7.356798 4.156850 1.541340
v -7.356798 4.156850 1.541340
v -7.361593 4.156850 1.535587
v -7.361593 4.156850 1.535587
v -7.361593 4.156850 1.535587
v -7.816132 4.156850 1.535587
v -7.816132 4.156850 1.535587
v -7.816132 4.156850 1.535587
v -7.812296 4.162603 1.549971
v -7.812296 4.162603 1.549971
v -7.812296 4.162603 1.549971
v -7.812296 4.162603 1.884642
v -7.812296 4.162603 1.884642
v -7.812296 4.162603 1.884642
v -7.812296 4.162603 1.884642
v -7.812296 4.162603 2.180955
v -7.812296 4.162603 2.180955
v -7.812296 4.162603 2.180955
v -7.812296 4.162603 2.180955
v -7.516942 4.162603 2.180955
v -7.516942 4.162603 2.180955
v -7.516942 4.162603 2.180955
v -7.516942 4.162603 2.180955
v -7.181312 4.162603 2.180955
v -7.181312 4.162603 2.180955
v -7.181312 4.162603 2.180955
v -7.176517 4.162603 2.175202
v -7.176517 4.162603 2.175202
v -7.176517 4.162603 2.175202
v -7.176517 4.162603 1.738882
v -7.176517 4.162603 1.738882
v -7.176517 4.162603 1.738882
v -7.181312 4.162603 1.734088
v -7.181312 4.162603 1.734088
v -7.181312 4.162603 1.734088
v -7.365429 4.162603 1.734088
v -7.365429 4.162603 1.734088
v -7.365429 4.162603 1.734088
v -7.365429 4.162603 1.734088
v -7.365429 4.162603 1.549971
v -7.365429 4.162603 1.549971
v -7.365429 4.162603 1.549971
v -7.371182 4.162603 1.545176
v -7.371182 4.162603 1.545176
v -7.371182 4.162603 1.545176
v -7.806543 4.162603 1.545176
v -7.806543 4.162603 1.545176
v -7.806543 4.162603 1.545176
v -7.806543 5.282649 1.545176
v -7.806543 5.282649 1.545176
v -7.806543 5.282649 1.545176
v -7.806543 5.282649 1.545176
v -7.812296 5.282649 1.550930
v -7.812296 5.282649 1.550930
v -7.812296 5.282649 1.550930
v -7.812296 5.282649 1.550930
v -7.812296 5.282649 1.884642
v -7.812296 5.282649 1.884642
v -7.812296 5.282649 1.884642
v -7.812296 5.282649 1.884642
v -7.812296 5.282649 2.180955
v -7.812296 5.282649 2.180955
v -7.812296 5.282649 2.180955
v -7.812296 5.282649 2.180955
v -7.516942 5.282649 2.180955
v -7.516942 5.282649 2.180955
v -7.516942 5.282649 2.180955
v -7.516942 5.282649 2.180955
v -7.182271 5.282649 2.180955
v -7.182271 5.282649 2.180955
v -7.182271 5.282649 2.180955
v -7.182271 5.282649 2.180955
v -7.176517 5.282649 2.175202
v -7.176517 5.282649 2.175202
v -7.176517 5.282649 2.175202
v -7.176517 5.282649 2.175202
v -7.176517 5.282649 1.739841
v -7.176517 5.282649 1.739841
v -7.176517 5.282649 1.739841
v -7.176517 5.282649 1.739841
v -7.182271 5.282649 1.734088
v -7.182271 5.282649 1.734088
v -7.182271 5.282649 1.734088
v -7.182271 5.282649 1.734088
v -7.365429 5.282649 1.734088
v -7.365429 5.282649 1.734088
v -7.365429 5.282649 1.734088
v -7.365429 5.282649 1.734088
v -7.365429 5.282649 1.550930
v -7.365429 5.282649 1.550930
v -7.365429 5.282649 1.550930
v -7.365429 5.282649 1.550930
v -7.371182 5.282649 1.545176
v -7.371182 5.282649 1.545176
v -7.371182 5.282649 1.545176
v -7.371182 5.282649 1.545176
v -7.823803 5.297992 1.526956
v -7.823803 5.297992 1.526956
v -7.823803 5.297992 1.526956
v -7.823803 5.297992 1.526956
v -7.829558 5.297992 1.533669
v -7.829558 5.297992 1.533669
v -7.829558 5.297992 1.533669
v -7.829558 5.297992 1.533669
v -7.829558 5.297992 1.884642
v -7.829558 5.297992 1.884642
v -7.829558 5.297992 1.884642
v -7.829558 5.297992 1.884642
v -7.829558 5.297992 2.198216
v -7.829558 5.297992 2.198216
v -7.829558 5.297992 2.198216
v -7.829558 5.297992 2.198216
v -7.516942 5.297992 2.198216
v -7.516942 5.297992 2.198216
v -7.516942 5.297992 2.198216
v -7.516942 5.297992 2.198216
v -7.165010 5.297992 2.198216
v -7.165010 5.297992 2.198216
v -7.165010 5.297992 2.198216
v -7.165010 5.297992 2.198216
v -7.158298 5.297992 2.191503
v -7.158298 5.297992 2.191503
v -7.158298 5.297992 2.191503
v -7.158298 5.297992 2.191503
v -7.158298 5.297992 1.722580
v -7.158298 5.297992 1.722580
v -7.158298 5.297992 1.722580
v -7.158298 5.297992 1.722580
v -7.165010 5.297992 1.715868
v -7.165010 5.297992 1.715868
v -7.165010 5.297992 1.715868
v -7.165010 5.297992 1.715868
v -7.348168 5.297992 1.715868
v -7.348168 5.297992 1.715868
v -7.348168 5.297992 1.715868
v -7.348168 5.297992 1.715868
v -7.348168 5.297992 1.533669
v -7.348168 5.297992 1.533669
v -7.348168 5.297992 1.533669
v -7.348168 5.297992 1.533669
v -7.353922 5.297992 1.526956
v -7.353922 5.297992 1.526956
v -7.353922 5.297992 1.526956
v -7.353922 5.297992 1.526956
v -7.811337 5.314293 1.540381
v -7.811337 5.314293 1.540381
v -7.811337 5.314293 1.540381
v -7.811337 5.314293 1.540381
v -7.817091 5.314293 1.546135
v -7.817091 5.314293 1.546135
v -7.817091 5.314293 1.546135
v -7.817091 5.314293 1.546135
v -7.817091 5.314293 1.884642
v -7.817091 5.314293 1.884642
v -7.817091 5.314293 1.884642
v -7.817091 5.314293 1.884642
v -7.822845 5.365118 1.884642
v -7.822845 5.365118 1.884642
v -7.817091 5.314293 2.185750
v -7.817091 5.314293 2.185750
v -7.817091 5.314293 2.185750
v -7.817091 5.314293 2.185750
v -7.516942 5.314293 2.185750
v -7.516942 5.314293 2.185750
v -7.516942 5.314293 2.185750
v -7.516942 5.314293 2.185750
v -7.177476 5.314293 2.185750
v -7.177476 5.314293 2.185750
v -7.177476 5.314293 2.185750
v -7.177476 5.314293 2.185750
v -7.171723 5.314293 2.179037
v -7.171723 5.314293 2.179037
v -7.171723 5.314293 2.179037
v -7.171723 5.314293 2.179037
v -7.171723 5.314293 1.735047
v -7.171723 5.314293 1.735047
v -7.171723 5.314293 1.735047
v -7.171723 5.314293 1.735047
v -7.177476 5.314293 1.729293
v -7.177476 5.314293 1.729293
v -7.177476 5.314293 1.729293
v -7.177476 5.314293 1.729293
v -7.360634 5.314293 1.729293
v -7.360634 5.314293 1.729293
v -7.360634 5.314293 1.729293
v -7.360634 5.314293 1.729293
v -7.360634 5.314293 1.546135
v -7.360634 5.314293 1.546135
v -7.360634 5.314293 1.546135
v -7.360634 5.314293 1.546135
v -7.366388 5.314293 1.540381
v -7.366388 5.314293 1.540381
v -7.366388 5.314293 1.540381
v -7.366388 5.314293 1.540381
v -7.818050 5.365118 1.533669
v -7.818050 5.365118 1.533669
v -7.822845 5.365118 1.539422
v -7.822845 5.365118 1.539422
v -7.843941 5.437998 1.884642
v -7.843941 5.437998 1.884642
v -7.822845 5.365118 2.191503
v -7.822845 5.365118 2.191503
v -7.516942 5.365118 2.191503
v -7.516942 5.365118 2.191503
v -7.170763 5.365118 2.191503
v -7.170763 5.365118 2.191503
v -7.165969 5.365118 2.185750
v -7.165969 5.365118 2.185750
v -7.165969 5.365118 1.728334
v -7.165969 5.365118 1.728334
v -7.170763 5.365118 1.722580
v -7.170763 5.365118 1.722580
v -7.354880 5.365118 1.722580
v -7.354880 5.365118 1.722580
v -7.354880 5.365118 1.539422
v -7.354880 5.365118 1.539422
v -7.359675 5.365118 1.533669
v -7.359675 5.365118 1.533669
v -7.838188 5.437998 1.512572
v -7.838188 5.437998 1.512572
v -7.843941 5.437998 1.518326
v -7.843941 5.437998 1.518326
v -7.870792 5.492657 1.492434
v -7.870792 5.492657 1.492434
v -7.870792 5.492657 1.492434
v -7.870792 5.492657 1.492434
v -7.870792 5.492657 1.884642
v -7.870792 5.492657 1.884642
v -7.870792 5.492657 1.884642
v -7.870792 5.492657 1.884642
v -7.843941 5.437998 2.212600
v -7.843941 5.437998 2.212600
v -7.516942 5.437998 2.212600
v -7.516942 5.437998 2.212600
v -7.150626 5.437998 2.212600
v -7.150626 5.437998 2.212600
v -7.144872 5.437998 2.206847
v -7.144872 5.437998 2.206847
v -7.144872 5.437998 1.707237
v -7.144872 5.437998 1.707237
v -7.150626 5.437998 1.702443
v -7.150626 5.437998 1.702443
v -7.333784 5.437998 1.702443
v -7.333784 5.437998 1.702443
v -7.333784 5.437998 1.518326
v -7.333784 5.437998 1.518326
v -7.339538 5.437998 1.512572
v -7.339538 5.437998 1.512572
v -7.865038 5.492657 1.486681
v -7.865038 5.492657 1.486681
v -7.865038 5.492657 1.486681
v -7.865038 5.492657 1.486681
v -7.865038 5.528138 1.486681
v -7.865038 5.528138 1.486681
v -7.865038 5.528138 1.486681
v -7.865038 5.528138 1.486681
v -7.870792 5.528138 1.492434
v -7.870792 5.528138 1.492434
v -7.870792 5.528138 1.492434
v -7.870792 5.528138 1.492434
v -7.870792 5.528138 1.884642
v -7.870792 5.528138 1.884642
v -7.870792 5.528138 1.884642
v -7.870792 5.528138 1.884642
v -7.870792 5.492657 2.239451
v -7.870792 5.492657 2.239451
v -7.870792 5.492657 2.239451
v -7.870792 5.492657 2.239451
v -7.516942 5.492657 2.239451
v -7.516942 5.492657 2.239451
v -7.516942 5.492657 2.239451
v -7.516942 5.492657 2.239451
v -7.123775 5.492657 2.239451
v -7.123775 5.492657 2.239451
v -7.123775 5.492657 2.239451
v -7.123775 5.492657 2.239451
v -7.118021 5.528138 2.233697
v -7.118021 5.528138 2.233697
v -7.118021 5.528138 2.233697
v -7.118021 5.528138 2.233697
v -7.118021 5.492657 2.233697
v -7.118021 5.492657 2.233697
v -7.118021 5.492657 2.233697
v -7.118021 5.492657 2.233697
v -7.118021 5.492657 1.681346
v -7.118021 5.492657 1.681346
v -7.118021 5.492657 1.681346
v -7.118021 5.492657 1.681346
v -7.123775 5.492657 1.675592
v -7.123775 5.492657 1.675592
v -7.123775 5.492657 1.675592
v -7.123775 5.492657 1.675592
v -7.306933 5.492657 1.675592
v -7.306933 5.492657 1.675592
v -7.306933 5.492657 1.675592
v -7.306933 5.492657 1.675592
v -7.306933 5.492657 1.492434
v -7.306933 5.492657 1.492434
v -7.306933 5.492657 1.492434
v -7.306933 5.492657 1.492434
v -7.312687 5.492657 1.486681
v -7.312687 5.492657 1.486681
v -7.312687 5.492657 1.486681
v -7.312687 5.492657 1.486681
v -7.312687 5.528138 1.486681
v -7.312687 5.528138 1.486681
v -7.312687 5.528138 1.486681
v -7.312687 5.528138 1.486681
v -7.880381 5.545399 1.470378
v -7.880381 5.545399 1.470378
v -7.880381 5.545399 1.470378
v -7.880381 5.545399 1.470378
v -7.864079 5.562660 1.486681
v -7.864079 5.562660 1.486681
v -7.864079 5.562660 1.486681
v -7.887094 5.545399 1.476132
v -7.887094 5.545399 1.476132
v -7.887094 5.545399 1.476132
v -7.887094 5.545399 1.476132
v -7.887094 5.545399 1.884642
v -7.887094 5.545399 1.884642
v -7.887094 5.545399 1.884642
v -7.887094 5.545399 1.884642
v -7.887094 5.545399 2.255753
v -7.887094 5.545399 2.255753
v -7.887094 5.545399 2.255753
v -7.887094 5.545399 2.255753
v -7.870792 5.528138 2.239451
v -7.870792 5.528138 2.239451
v -7.870792 5.528138 2.239451
v -7.870792 5.528138 2.239451
v -7.516942 5.528138 2.239451
v -7.516942 5.528138 2.239451
v -7.516942 5.528138 2.239451
v -7.516942 5.528138 2.239451
v -7.123775 5.528138 2.239451
v -7.123775 5.528138 2.239451
v -7.123775 5.528138 2.239451
v -7.123775 5.528138 2.239451
v -7.101720 5.545399 2.249040
v -7.101720 5.545399 2.249040
v -7.101720 5.545399 2.249040
v -7.101720 5.545399 2.249040
v -7.118021 5.528138 1.681346
v -7.118021 5.528138 1.681346
v -7.118021 5.528138 1.681346
v -7.118021 5.528138 1.681346
v -7.123775 5.528138 1.675592
v -7.123775 5.528138 1.675592
v -7.123775 5.528138 1.675592
v -7.123775 5.528138 1.675592
v -7.306933 5.528138 1.675592
v -7.306933 5.528138 1.675592
v -7.306933 5.528138 1.675592
v -7.306933 5.528138 1.675592
v -7.306933 5.528138 1.492434
v -7.306933 5.528138 1.492434
v -7.306933 5.528138 1.492434
v -7.306933 5.528138 1.492434
v -7.290631 5.545399 1.476132
v -7.290631 5.545399 1.476132
v -7.290631 5.545399 1.476132
v -7.290631 5.545399 1.476132
v -7.297344 5.545399 1.470378
v -7.297344 5.545399 1.470378
v -7.297344 5.545399 1.470378
v -7.297344 5.545399 1.470378
v -7.313646 5.562660 1.486681
v -7.313646 5.562660 1.486681
v -7.313646 5.562660 1.486681
v -7.870792 5.562660 1.492434
v -7.870792 5.562660 1.492434
v -7.870792 5.562660 1.492434
v -7.870792 5.562660 1.884642
v -7.870792 5.562660 1.884642
v -7.870792 5.562660 1.884642
v -7.870792 5.562660 1.884642
v -7.870792 5.562660 2.239451
v -7.870792 5.562660 2.239451
v -7.870792 5.562660 2.239451
v -7.870792 5.562660 2.239451
v -7.516942 5.545399 2.255753
v -7.516942 5.545399 2.255753
v -7.516942 5.545399 2.255753
v -7.516942 5.545399 2.255753
v -7.108432 5.545399 2.255753
v -7.108432 5.545399 2.255753
v -7.108432 5.545399 2.255753
v -7.108432 5.545399 2.255753
v -7.118021 5.562660 2.232738
v -7.118021 5.562660 2.232738
v -7.118021 5.562660 2.232738
v -7.101720 5.545399 1.666003
v -7.101720 5.545399 1.666003
v -7.101720 5.545399 1.666003
v -7.101720 5.545399 1.666003
v -7.108432 5.545399 1.659290
v -7.108432 5.545399 1.659290
v -7.108432 5.545399 1.659290
v -7.108432 5.545399 1.659290
v -7.290631 5.545399 1.659290
v -7.290631 5.545399 1.659290
v -7.290631 5.545399 1.659290
v -7.290631 5.545399 1.659290
v -7.306933 5.562660 1.492434
v -7.306933 5.562660 1.492434
v -7.306933 5.562660 1.492434
v -7.516942 5.562660 1.884642
v -7.516942 5.562660 1.884642
v -7.516942 5.562660 1.884642
v -7.516942 5.562660 1.884642
v -7.516942 5.562660 2.239451
v -7.516942 5.562660 2.239451
v -7.516942 5.562660 2.239451
v -7.516942 5.562660 2.239451
v -7.124734 5.562660 2.239451
v -7.124734 5.562660 2.239451
v -7.124734 5.562660 2.239451
v -7.118021 5.562660 1.682305
v -7.118021 5.562660 1.682305
v -7.118021 5.562660 1.682305
v -7.124734 5.562660 1.675592
v -7.124734 5.562660 1.675592
v -7.124734 5.562660 1.675592
v -7.306933 5.562660 1.675592
v -7.306933 5.562660 1.675592
v -7.306933 5.562660 1.675592
v -7.306933 5.562660 1.675592
v -10.913815 1.491920 4.861285
v -10.913815 1.491920 4.861285
v -10.913815 1.491920 4.861285
v -10.913815 1.491920 4.861285
v -10.908476 1.543979 4.854610
v -10.908476 1.543979 4.854610
v -10.905807 1.543979 4.858615
v -10.905807 1.543979 4.858615
v -10.888453 1.616060 4.838593
v -10.888453 1.616060 4.838593
v -10.892458 1.616060 4.833252
v -10.892458 1.616060 4.833252
v -10.867096 1.670788 4.811895
v -10.867096 1.670788 4.811895
v -10.867096 1.670788 4.811895
v -10.867096 1.670788 4.811895
v -10.869766 1.670788 4.806556
v -10.869766 1.670788 4.806556
v -10.869766 1.670788 4.806556
v -10.869766 1.670788 4.806556
v -10.867096 1.705494 4.811895
v -10.867096 1.705494 4.811895
v -10.867096 1.705494 4.811895
v -10.867096 1.705494 4.811895
v -10.869766 1.705494 4.806556
v -10.869766 1.705494 4.806556
v -10.869766 1.705494 4.806556
v -10.869766 1.705494 4.806556
v -10.853747 1.722847 4.795877
v -10.853747 1.722847 4.795877
v -10.853747 1.722847 4.795877
v -10.853747 1.722847 4.795877
v -10.857753 1.722847 4.790539
v -10.857753 1.722847 4.790539
v -10.857753 1.722847 4.790539
v -10.857753 1.722847 4.790539
v -10.867096 1.741534 4.811895
v -10.867096 1.741534 4.811895
v -10.867096 1.741534 4.811895
v -10.871100 1.741534 4.807891
v -10.871100 1.741534 4.807891
v -10.871100 1.741534 4.807891
v -10.871100 1.741534 4.807891
v -10.875105 1.741534 4.802551
v -10.875105 1.741534 4.802551
v -10.875105 1.741534 4.802551
v -10.861756 1.722847 4.785199
v -10.861756 1.722847 4.785199
v -10.861756 1.722847 4.785199
v -10.861756 1.722847 4.785199
v -10.873770 1.705494 4.802551
v -10.873770 1.705494 4.802551
v -10.873770 1.705494 4.802551
v -10.873770 1.705494 4.802551
v -10.873770 1.670788 4.802551
v -10.873770 1.670788 4.802551
v -10.873770 1.670788 4.802551
v -10.873770 1.670788 4.802551
v -10.896462 1.616060 4.829249
v -10.896462 1.616060 4.829249
v -10.912480 1.543979 4.849271
v -10.912480 1.543979 4.849271
v -10.917820 1.491920 4.855945
v -10.917820 1.491920 4.855945
v -10.917820 1.491920 4.855945
v -10.917820 1.491920 4.855945
v -10.904471 1.477237 4.847936
v -10.904471 1.477237 4.847936
v -10.904471 1.477237 4.847936
v -10.904471 1.477237 4.847936
v -10.908476 1.477237 4.842597
v -10.908476 1.477237 4.842597
v -10.908476 1.477237 4.842597
v -10.908476 1.477237 4.842597
v -10.921824 1.461219 4.859950
v -10.921824 1.461219 4.859950
v -10.921824 1.461219 4.859950
v -10.917820 1.461219 4.865289
v -10.917820 1.461219 4.865289
v -10.917820 1.461219 4.865289
v -10.917820 1.461219 4.865289
v -10.921824 1.461219 4.870628
v -10.921824 1.461219 4.870628
v -10.913815 1.461219 4.870628
v -10.913815 1.461219 4.870628
v -10.913815 1.461219 4.870628
v -10.899133 1.477237 4.853276
v -10.899133 1.477237 4.853276
v -10.899133 1.477237 4.853276
v -10.899133 1.477237 4.853276
v -10.909811 1.491920 4.865289
v -10.909811 1.491920 4.865289
v -10.909811 1.491920 4.865289
v -10.909811 1.491920 4.865289
v -10.905807 1.543979 4.914679
v -10.888453 1.616060 4.914679
v -10.867096 1.670788 4.914679
v -10.867096 1.670788 4.914679
v -10.867096 1.705494 4.914679
v -10.867096 1.705494 4.914679
v -10.853747 1.722847 4.914679
v -10.853747 1.722847 4.914679
v -10.867096 1.741534 4.914679
v -10.867096 1.741534 4.914679
v -10.957865 1.741534 4.914679
v -10.957865 1.741534 4.914679
v -10.957865 1.741534 4.802551
v -10.957865 1.741534 4.802551
v -10.957865 1.722847 4.785199
v -10.957865 1.722847 4.785199
v -10.957865 1.705494 4.802551
v -10.957865 1.705494 4.802551
v -10.957865 1.670788 4.802551
v -10.957865 1.670788 4.802551
v -10.957865 1.616060 4.829249
v -10.957865 1.543979 4.849271
v -10.957865 1.491920 4.855945
v -10.957865 1.491920 4.855945
v -10.957865 1.477237 4.842597
v -10.957865 1.477237 4.842597
v -10.957865 1.461219 4.859950
v -10.957865 1.461219 4.859950
v -10.957865 1.461219 4.914679
v -10.957865 1.461219 4.914679
v -10.913815 1.461219 4.914679
v -10.913815 1.461219 4.914679
v -10.899133 1.477237 4.914679
v -10.899133 1.477237 4.914679
v -10.909811 1.491920 4.914679
v -10.909811 1.491920 4.914679
v -10.913815 1.491920 -4.800261
v -10.913815 1.491920 -4.800261
v -10.913815 1.491920 -4.800261
v -10.913815 1.491920 -4.800261
v -10.904471 1.477237 -4.786912
v -10.904471 1.477237 -4.786912
v -10.904471 1.477237 -4.786912
v -10.904471 1.477237 -4.786912
v -10.899133 1.477237 -4.792251
v -10.899133 1.477237 -4.792251
v -10.899133 1.477237 -4.792251
v -10.899133 1.477237 -4.792251
v -10.917820 1.461219 -4.804265
v -10.917820 1.461219 -4.804265
v -10.917820 1.461219 -4.804265
v -10.917820 1.461219 -4.804265
v -10.913815 1.461219 -4.809604
v -10.913815 1.461219 -4.809604
v -10.913815 1.461219 -4.809604
v -10.921824 1.461219 -4.809604
v -10.921824 1.461219 -4.809604
v -10.921824 1.461219 -4.798925
v -10.921824 1.461219 -4.798925
v -10.921824 1.461219 -4.798925
v -10.908476 1.477237 -4.781572
v -10.908476 1.477237 -4.781572
v -10.908476 1.477237 -4.781572
v -10.908476 1.477237 -4.781572
v -10.917820 1.491920 -4.794921
v -10.917820 1.491920 -4.794921
v -10.917820 1.491920 -4.794921
v -10.917820 1.491920 -4.794921
v -10.908476 1.543979 -4.793586
v -10.908476 1.543979 -4.793586
v -10.912480 1.543979 -4.788247
v -10.912480 1.543979 -4.788247
v -10.892458 1.616060 -4.772229
v -10.892458 1.616060 -4.772229
v -10.896462 1.616060 -4.768224
v -10.896462 1.616060 -4.768224
v -10.869766 1.670788 -4.745532
v -10.869766 1.670788 -4.745532
v -10.869766 1.670788 -4.745532
v -10.869766 1.670788 -4.745532
v -10.873770 1.670788 -4.741528
v -10.873770 1.670788 -4.741528
v -10.873770 1.670788 -4.741528
v -10.873770 1.670788 -4.741528
v -10.873770 1.705494 -4.741528
v -10.873770 1.705494 -4.741528
v -10.873770 1.705494 -4.741528
v -10.873770 1.705494 -4.741528
v -10.869766 1.705494 -4.745532
v -10.869766 1.705494 -4.745532
v -10.869766 1.705494 -4.745532
v -10.869766 1.705494 -4.745532
v -10.857753 1.722847 -4.729514
v -10.857753 1.722847 -4.729514
v -10.857753 1.722847 -4.729514
v -10.857753 1.722847 -4.729514
v -10.861756 1.722847 -4.724174
v -10.861756 1.722847 -4.724174
v -10.861756 1.722847 -4.724174
v -10.861756 1.722847 -4.724174
v -10.875105 1.741534 -4.741528
v -10.875105 1.741534 -4.741528
v -10.875105 1.741534 -4.741528
v -10.871100 1.741534 -4.746867
v -10.871100 1.741534 -4.746867
v -10.871100 1.741534 -4.746867
v -10.871100 1.741534 -4.746867
v -10.867096 1.741534 -4.750871
v -10.867096 1.741534 -4.750871
v -10.867096 1.741534 -4.750871
v -10.853747 1.722847 -4.734853
v -10.853747 1.722847 -4.734853
v -10.853747 1.722847 -4.734853
v -10.853747 1.722847 -4.734853
v -10.867096 1.705494 -4.750871
v -10.867096 1.705494 -4.750871
v -10.867096 1.705494 -4.750871
v -10.867096 1.705494 -4.750871
v -10.867096 1.670788 -4.750871
v -10.867096 1.670788 -4.750871
v -10.867096 1.670788 -4.750871
v -10.867096 1.670788 -4.750871
v -10.888453 1.616060 -4.777568
v -10.888453 1.616060 -4.777568
v -10.905807 1.543979 -4.797590
v -10.905807 1.543979 -4.797590
v -10.909811 1.491920 -4.804265
v -10.909811 1.491920 -4.804265
v -10.909811 1.491920 -4.804265
v -10.909811 1.491920 -4.804265
v -10.909811 1.491920 -4.853654
v -10.909811 1.491920 -4.853654
v -10.899133 1.477237 -4.853654
v -10.899133 1.477237 -4.853654
v -10.913815 1.461219 -4.853654
v -10.913815 1.461219 -4.853654
v -10.957865 1.461219 -4.853654
v -10.957865 1.461219 -4.853654
v -10.957865 1.461219 -4.798925
v -10.957865 1.461219 -4.798925
v -10.957865 1.477237 -4.781572
v -10.957865 1.477237 -4.781572
v -10.957865 1.491920 -4.794921
v -10.957865 1.491920 -4.794921
v -10.957865 1.543979 -4.788247
v -10.957865 1.616060 -4.768224
v -10.957865 1.670788 -4.741528
v -10.957865 1.670788 -4.741528
v -10.957865 1.705494 -4.741528
v -10.957865 1.705494 -4.741528
v -10.957865 1.722847 -4.724174
v -10.957865 1.722847 -4.724174
v -10.957865 1.741534 -4.741528
v -10.957865 1.741534 -4.741528
v -10.957865 1.741534 -4.853654
v -10.957865 1.741534 -4.853654
v -10.867096 1.741534 -4.853654
v -10.867096 1.741534 -4.853654
v -10.853747 1.722847 -4.853654
v -10.853747 1.722847 -4.853654
v -10.867096 1.705494 -4.853654
v -10.867096 1.705494 -4.853654
v -10.867096 1.670788 -4.853654
v -10.867096 1.670788 -4.853654
v -10.888453 1.616060 -4.853654
v -10.905807 1.543979 -4.853654
v -10.908476 1.461219 2.138218
v -10.908476 1.461219 2.138218
v -10.908476 1.461219 2.138218
v -10.908476 1.461219 1.621637
v -10.908476 1.461219 1.621637
v -10.908476 1.461219 1.621637
v -10.891124 1.477237 2.158241
v -10.891124 1.477237 2.158241
v -10.891124 1.477237 2.158241
v -10.891124 1.477237 2.158241
v -10.851078 1.741534 2.207630
v -10.851078 1.741534 2.207630
v -10.851078 1.741534 2.207630
v -10.833725 1.722847 2.226318
v -10.833725 1.722847 2.226318
v -10.833725 1.722847 2.226318
v -10.833725 1.722847 2.226318
v -10.833725 1.722847 1.533538
v -10.833725 1.722847 1.533538
v -10.833725 1.722847 1.533538
v -10.833725 1.722847 1.533538
v -10.851078 1.705494 1.552225
v -10.851078 1.705494 1.552225
v -10.851078 1.705494 1.552225
v -10.851078 1.705494 1.552225
v -10.851078 1.705494 2.207630
v -10.851078 1.705494 2.207630
v -10.851078 1.705494 2.207630
v -10.851078 1.705494 2.207630
v -10.851078 1.670788 2.207630
v -10.851078 1.670788 2.207630
v -10.851078 1.670788 2.207630
v -10.851078 1.670788 2.207630
v -10.851078 1.670788 1.552225
v -10.851078 1.670788 1.552225
v -10.851078 1.670788 1.552225
v -10.851078 1.670788 1.552225
v -10.877775 1.616060 1.584261
v -10.877775 1.616060 1.584261
v -10.877775 1.616060 2.176929
v -10.877775 1.616060 2.176929
v -10.897798 1.543979 1.608289
v -10.897798 1.543979 1.608289
v -10.897798 1.543979 2.151567
v -10.897798 1.543979 2.151567
v -10.904471 1.491920 1.616297
v -10.904471 1.491920 1.616297
v -10.904471 1.491920 1.616297
v -10.904471 1.491920 1.616297
v -10.904471 1.491920 2.143558
v -10.904471 1.491920 2.143558
v -10.904471 1.491920 2.143558
v -10.904471 1.491920 2.143558
v -10.891124 1.477237 1.601614
v -10.891124 1.477237 1.601614
v -10.891124 1.477237 1.601614
v -10.891124 1.477237 1.601614
v -10.897798 1.477237 1.593605
v -10.897798 1.477237 1.593605
v -10.897798 1.477237 1.593605
v -10.897798 1.477237 1.593605
v -10.915150 1.461219 1.614962
v -10.915150 1.461219 1.614962
v -10.915150 1.461219 1.614962
v -10.915150 1.461219 2.144893
v -10.915150 1.461219 2.144893
v -10.915150 1.461219 2.144893
v -10.897798 1.477237 2.166250
v -10.897798 1.477237 2.166250
v -10.897798 1.477237 2.166250
v -10.897798 1.477237 2.166250
v -10.909811 1.491920 2.150232
v -10.909811 1.491920 2.150232
v -10.909811 1.491920 2.150232
v -10.909811 1.491920 2.150232
v -10.903136 1.543979 2.158241
v -10.903136 1.543979 2.158241
v -10.883114 1.616060 2.183603
v -10.883114 1.616060 2.183603
v -10.856418 1.670788 2.214304
v -10.856418 1.670788 2.214304
v -10.856418 1.670788 2.214304
v -10.856418 1.670788 2.214304
v -10.856418 1.705494 2.214304
v -10.856418 1.705494 2.214304
v -10.856418 1.705494 2.214304
v -10.856418 1.705494 2.214304
v -10.840399 1.722847 2.234327
v -10.840399 1.722847 2.234327
v -10.840399 1.722847 2.234327
v -10.840399 1.722847 2.234327
v -10.857753 1.741534 2.214304
v -10.857753 1.741534 2.214304
v -10.857753 1.741534 2.214304
v -10.851078 1.741534 1.553560
v -10.851078 1.741534 1.553560
v -10.851078 1.741534 1.553560
v -10.857753 1.741534 1.545551
v -10.857753 1.741534 1.545551
v -10.857753 1.741534 1.545551
v -10.840399 1.722847 1.525529
v -10.840399 1.722847 1.525529
v -10.840399 1.722847 1.525529
v -10.840399 1.722847 1.525529
v -10.856418 1.705494 1.545551
v -10.856418 1.705494 1.545551
v -10.856418 1.705494 1.545551
v -10.856418 1.705494 1.545551
v -10.856418 1.670788 1.545551
v -10.856418 1.670788 1.545551
v -10.856418 1.670788 1.545551
v -10.856418 1.670788 1.545551
v -10.883114 1.616060 1.577587
v -10.883114 1.616060 1.577587
v -10.903136 1.543979 1.601614
v -10.903136 1.543979 1.601614
v -10.909811 1.491920 1.609623
v -10.909811 1.491920 1.609623
v -10.909811 1.491920 1.609623
v -10.909811 1.491920 1.609623
v -10.959200 1.491920 1.609623
v -10.959200 1.491920 1.609623
v -10.959200 1.477237 1.593605
v -10.959200 1.477237 1.593605
v -10.959200 1.461219 1.614962
v -10.959200 1.461219 1.614962
v -10.959200 1.461219 2.144893
v -10.959200 1.461219 2.144893
v -10.959200 1.477237 2.166250
v -10.959200 1.477237 2.166250
v -10.959200 1.491920 2.150232
v -10.959200 1.491920 2.150232
v -10.959200 1.543979 2.158241
v -10.959200 1.616060 2.183603
v -10.959200 1.670788 2.214304
v -10.959200 1.670788 2.214304
v -10.959200 1.705494 2.214304
v -10.959200 1.705494 2.214304
v -10.959200 1.722847 2.234327
v -10.959200 1.722847 2.234327
v -10.959200 1.741534 2.214304
v -10.959200 1.741534 2.214304
v -10.959200 1.741534 1.545551
v -10.959200 1.741534 1.545551
v -10.959200 1.722847 1.525529
v -10.959200 1.722847 1.525529
v -10.959200 1.705494 1.545551
v -10.959200 1.705494 1.545551
v -10.959200 1.670788 1.545551
v -10.959200 1.670788 1.545551
v -10.959200 1.616060 1.577587
v -10.959200 1.543979 1.601614
v -10.908476 1.461219 -1.559278
v -10.908476 1.461219 -1.559278
v -10.908476 1.461219 -1.559278
v -10.908476 1.461219 -2.075860
v -10.908476 1.461219 -2.075860
v -10.908476 1.461219 -2.075860
v -10.891124 1.477237 -1.539255
v -10.891124 1.477237 -1.539255
v -10.891124 1.477237 -1.539255
v -10.891124 1.477237 -1.539255
v -10.851078 1.741534 -1.491201
v -10.851078 1.741534 -1.491201
v -10.851078 1.741534 -1.491201
v -10.833725 1.722847 -1.471179
v -10.833725 1.722847 -1.471179
v -10.833725 1.722847 -1.471179
v -10.833725 1.722847 -1.471179
v -10.833725 1.722847 -2.163959
v -10.833725 1.722847 -2.163959
v -10.833725 1.722847 -2.163959
v -10.833725 1.722847 -2.163959
v -10.851078 1.705494 -2.145271
v -10.851078 1.705494 -2.145271
v -10.851078 1.705494 -2.145271
v -10.851078 1.705494 -2.145271
v -10.851078 1.705494 -1.489866
v -10.851078 1.705494 -1.489866
v -10.851078 1.705494 -1.489866
v -10.851078 1.705494 -1.489866
v -10.851078 1.670788 -1.489866
v -10.851078 1.670788 -1.489866
v -10.851078 1.670788 -1.489866
v -10.851078 1.670788 -1.489866
v -10.851078 1.670788 -2.145271
v -10.851078 1.670788 -2.145271
v -10.851078 1.670788 -2.145271
v -10.851078 1.670788 -2.145271
v -10.877775 1.616060 -2.114570
v -10.877775 1.616060 -2.114570
v -10.877775 1.616060 -1.521903
v -10.877775 1.616060 -1.521903
v -10.897798 1.543979 -2.089208
v -10.897798 1.543979 -2.089208
v -10.897798 1.543979 -1.545930
v -10.897798 1.543979 -1.545930
v -10.904471 1.491920 -2.081199
v -10.904471 1.491920 -2.081199
v -10.904471 1.491920 -2.081199
v -10.904471 1.491920 -2.081199
v -10.904471 1.491920 -1.553939
v -10.904471 1.491920 -1.553939
v -10.904471 1.491920 -1.553939
v -10.904471 1.491920 -1.553939
v -10.891124 1.477237 -2.095882
v -10.891124 1.477237 -2.095882
v -10.891124 1.477237 -2.095882
v -10.891124 1.477237 -2.095882
v -10.897798 1.477237 -2.103891
v -10.897798 1.477237 -2.103891
v -10.897798 1.477237 -2.103891
v -10.897798 1.477237 -2.103891
v -10.915150 1.461219 -2.082534
v -10.915150 1.461219 -2.082534
v -10.915150 1.461219 -2.082534
v -10.915150 1.461219 -1.552604
v -10.915150 1.461219 -1.552604
v -10.915150 1.461219 -1.552604
v -10.897798 1.477237 -1.531246
v -10.897798 1.477237 -1.531246
v -10.897798 1.477237 -1.531246
v -10.897798 1.477237 -1.531246
v -10.909811 1.491920 -1.547265
v -10.909811 1.491920 -1.547265
v -10.909811 1.491920 -1.547265
v -10.909811 1.491920 -1.547265
v -10.903136 1.543979 -1.539255
v -10.903136 1.543979 -1.539255
v -10.883114 1.616060 -1.515228
v -10.883114 1.616060 -1.515228
v -10.856418 1.670788 -1.483192
v -10.856418 1.670788 -1.483192
v -10.856418 1.670788 -1.483192
v -10.856418 1.670788 -1.483192
v -10.856418 1.705494 -1.483192
v -10.856418 1.705494 -1.483192
v -10.856418 1.705494 -1.483192
v -10.856418 1.705494 -1.483192
v -10.840399 1.722847 -1.463170
v -10.840399 1.722847 -1.463170
v -10.840399 1.722847 -1.463170
v -10.840399 1.722847 -1.463170
v -10.857753 1.741534 -1.483192
v -10.857753 1.741534 -1.483192
v -10.857753 1.741534 -1.483192
v -10.851078 1.741534 -2.143936
v -10.851078 1.741534 -2.143936
v -10.851078 1.741534 -2.143936
v -10.857753 1.741534 -2.151945
v -10.857753 1.741534 -2.151945
v -10.857753 1.741534 -2.151945
v -10.840399 1.722847 -2.171968
v -10.840399 1.722847 -2.171968
v -10.840399 1.722847 -2.171968
v -10.840399 1.722847 -2.171968
v -10.856418 1.705494 -2.151945
v -10.856418 1.705494 -2.151945
v -10.856418 1.705494 -2.151945
v -10.856418 1.705494 -2.151945
v -10.856418 1.670788 -2.151945
v -10.856418 1.670788 -2.151945
v -10.856418 1.670788 -2.151945
v -10.856418 1.670788 -2.151945
v -10.883114 1.616060 -2.121244
v -10.883114 1.616060 -2.121244
v -10.903136 1.543979 -2.095882
v -10.903136 1.543979 -2.095882
v -10.909811 1.491920 -2.087873
v -10.909811 1.491920 -2.087873
v -10.909811 1.491920 -2.087873
v -10.909811 1.491920 -2.087873
v -10.959200 1.491920 -2.087873
v -10.959200 1.491920 -2.087873
v -10.959200 1.477237 -2.103891
v -10.959200 1.477237 -2.103891
v -10.959200 1.461219 -2.082534
v -10.959200 1.461219 -2.082534
v -10.959200 1.461219 -1.552604
v -10.959200 1.461219 -1.552604
v -10.959200 1.477237 -1.531246
v -10.959200 1.477237 -1.531246
v -10.959200 1.491920 -1.547265
v -10.959200 1.491920 -1.547265
v -10.959200 1.543979 -1.539255
v -10.959200 1.616060 -1.515228
v -10.959200 1.670788 -1.483192
v -10.959200 1.670788 -1.483192
v -10.959200 1.705494 -1.483192
v -10.959200 1.705494 -1.483192
v -10.959200 1.722847 -1.463170
v -10.959200 1.722847 -1.463170
v -10.959200 1.741534 -1.483192
v -10.959200 1.741534 -1.483192
v -10.959200 1.741534 -2.151945
v -10.959200 1.741534 -2.151945
v -10.959200 1.722847 -2.171968
v -10.959200 1.722847 -2.171968
v -10.959200 1.705494 -2.151945
v -10.959200 1.705494 -2.151945
v -10.959200 1.670788 -2.151945
v -10.959200 1.670788 -2.151945
v -10.959200 1.616060 -2.121244
v -10.959200 1.543979 -2.095882
v 7.261311 1.461219 -4.816278
v 7.261311 1.461219 -4.816278
v 7.261311 1.461219 -4.816278
v 7.777893 1.461219 -4.816278
v 7.777893 1.461219 -4.816278
v 7.777893 1.461219 -4.816278
v 7.241290 1.477237 -4.798925
v 7.241290 1.477237 -4.798925
v 7.241290 1.477237 -4.798925
v 7.241290 1.477237 -4.798925
v 7.191899 1.741534 -4.758881
v 7.191899 1.741534 -4.758881
v 7.191899 1.741534 -4.758881
v 7.173212 1.722847 -4.741528
v 7.173212 1.722847 -4.741528
v 7.173212 1.722847 -4.741528
v 7.173212 1.722847 -4.741528
v 7.865993 1.722847 -4.741528
v 7.865993 1.722847 -4.741528
v 7.865993 1.722847 -4.741528
v 7.865993 1.722847 -4.741528
v 7.847303 1.705494 -4.758881
v 7.847303 1.705494 -4.758881
v 7.847303 1.705494 -4.758881
v 7.847303 1.705494 -4.758881
v 7.191899 1.705494 -4.758881
v 7.191899 1.705494 -4.758881
v 7.191899 1.705494 -4.758881
v 7.191899 1.705494 -4.758881
v 7.190565 1.670788 -4.758881
v 7.190565 1.670788 -4.758881
v 7.190565 1.670788 -4.758881
v 7.190565 1.670788 -4.758881
v 7.847303 1.670788 -4.758881
v 7.847303 1.670788 -4.758881
v 7.847303 1.670788 -4.758881
v 7.847303 1.670788 -4.758881
v 7.815268 1.616060 -4.785577
v 7.815268 1.616060 -4.785577
v 7.222600 1.616060 -4.785577
v 7.222600 1.616060 -4.785577
v 7.791241 1.543979 -4.805600
v 7.791241 1.543979 -4.805600
v 7.247963 1.543979 -4.805600
v 7.247963 1.543979 -4.805600
v 7.783233 1.491920 -4.812274
v 7.783233 1.491920 -4.812274
v 7.783233 1.491920 -4.812274
v 7.783233 1.491920 -4.812274
v 7.254637 1.491920 -4.812274
v 7.254637 1.491920 -4.812274
v 7.254637 1.491920 -4.812274
v 7.254637 1.491920 -4.812274
v 7.797915 1.477237 -4.798925
v 7.797915 1.477237 -4.798925
v 7.797915 1.477237 -4.798925
v 7.797915 1.477237 -4.798925
v 7.804589 1.477237 -4.805600
v 7.804589 1.477237 -4.805600
v 7.804589 1.477237 -4.805600
v 7.804589 1.477237 -4.805600
v 7.784567 1.461219 -4.822952
v 7.784567 1.461219 -4.822952
v 7.784567 1.461219 -4.822952
v 7.253302 1.461219 -4.822952
v 7.253302 1.461219 -4.822952
v 7.253302 1.461219 -4.822952
v 7.233280 1.477237 -4.805600
v 7.233280 1.477237 -4.805600
v 7.233280 1.477237 -4.805600
v 7.233280 1.477237 -4.805600
v 7.247963 1.491920 -4.817613
v 7.247963 1.491920 -4.817613
v 7.247963 1.491920 -4.817613
v 7.247963 1.491920 -4.817613
v 7.241290 1.543979 -4.810939
v 7.241290 1.543979 -4.810939
v 7.215927 1.616060 -4.790916
v 7.215927 1.616060 -4.790916
v 7.183891 1.670788 -4.764220
v 7.183891 1.670788 -4.764220
v 7.183891 1.670788 -4.764220
v 7.183891 1.670788 -4.764220
v 7.183891 1.705494 -4.764220
v 7.183891 1.705494 -4.764220
v 7.183891 1.705494 -4.764220
v 7.183891 1.705494 -4.764220
v 7.165204 1.722847 -4.748202
v 7.165204 1.722847 -4.748202
v 7.165204 1.722847 -4.748202
v 7.165204 1.722847 -4.748202
v 7.183891 1.741534 -4.765554
v 7.183891 1.741534 -4.765554
v 7.183891 1.741534 -4.765554
v 7.845969 1.741534 -4.758881
v 7.845969 1.741534 -4.758881
v 7.845969 1.741534 -4.758881
v 7.853979 1.741534 -4.765554
v 7.853979 1.741534 -4.765554
v 7.853979 1.741534 -4.765554
v 7.872667 1.722847 -4.748202
v 7.872667 1.722847 -4.748202
v 7.872667 1.722847 -4.748202
v 7.872667 1.722847 -4.748202
v 7.853979 1.705494 -4.764220
v 7.853979 1.705494 -4.764220
v 7.853979 1.705494 -4.764220
v 7.853979 1.705494 -4.764220
v 7.853979 1.670788 -4.764220
v 7.853979 1.670788 -4.764220
v 7.853979 1.670788 -4.764220
v 7.853979 1.670788 -4.764220
v 7.821942 1.616060 -4.790916
v 7.821942 1.616060 -4.790916
v 7.796581 1.543979 -4.810939
v 7.796581 1.543979 -4.810939
v 7.789907 1.491920 -4.817613
v 7.789907 1.491920 -4.817613
v 7.789907 1.491920 -4.817613
v 7.789907 1.491920 -4.817613
v 7.789907 1.491920 -4.867002
v 7.789907 1.491920 -4.867002
v 7.804589 1.477237 -4.867002
v 7.804589 1.477237 -4.867002
v 7.784567 1.461219 -4.867002
v 7.784567 1.461219 -4.867002
v 7.253302 1.461219 -4.867002
v 7.253302 1.461219 -4.867002
v 7.233280 1.477237 -4.867002
v 7.233280 1.477237 -4.867002
v 7.247963 1.491920 -4.867002
v 7.247963 1.491920 -4.867002
v 7.241290 1.543979 -4.867002
v 7.215927 1.616060 -4.867002
v 7.183891 1.670788 -4.867002
v 7.183891 1.670788 -4.867002
v 7.183891 1.705494 -4.867002
v 7.183891 1.705494 -4.867002
v 7.165204 1.722847 -4.867002
v 7.165204 1.722847 -4.867002
v 7.183891 1.741534 -4.867002
v 7.183891 1.741534 -4.867002
v 7.853979 1.741534 -4.867002
v 7.853979 1.741534 -4.867002
v 7.872667 1.722847 -4.867002
v 7.872667 1.722847 -4.867002
v 7.853979 1.705494 -4.867002
v 7.853979 1.705494 -4.867002
v 7.853979 1.670788 -4.867002
v 7.853979 1.670788 -4.867002
v 7.821942 1.616060 -4.867002
v 7.796581 1.543979 -4.867002
v 4.249921 1.461219 -4.816278
v 4.249921 1.461219 -4.816278
v 4.249921 1.461219 -4.816278
v 4.604988 1.461219 -4.816278
v 4.604988 1.461219 -4.816278
v 4.604988 1.461219 -4.816278
v 4.236573 1.477237 -4.798925
v 4.236573 1.477237 -4.798925
v 4.236573 1.477237 -4.798925
v 4.236573 1.477237 -4.798925
v 4.618337 1.477237 -4.798925
v 4.618337 1.477237 -4.798925
v 4.618337 1.477237 -4.798925
v 4.618337 1.477237 -4.798925
v 4.245916 1.491920 -4.812274
v 4.245916 1.491920 -4.812274
v 4.245916 1.491920 -4.812274
v 4.245916 1.491920 -4.812274
v 4.203202 1.741534 -4.758881
v 4.203202 1.741534 -4.758881
v 4.203202 1.741534 -4.758881
v 4.189854 1.722847 -4.741528
v 4.189854 1.722847 -4.741528
v 4.189854 1.722847 -4.741528
v 4.189854 1.722847 -4.741528
v 4.665055 1.722847 -4.741528
v 4.665055 1.722847 -4.741528
v 4.665055 1.722847 -4.741528
v 4.665055 1.722847 -4.741528
v 4.651707 1.705494 -4.758881
v 4.651707 1.705494 -4.758881
v 4.651707 1.705494 -4.758881
v 4.651707 1.705494 -4.758881
v 4.203202 1.705494 -4.758881
v 4.203202 1.705494 -4.758881
v 4.203202 1.705494 -4.758881
v 4.203202 1.705494 -4.758881
v 4.201868 1.670788 -4.758881
v 4.201868 1.670788 -4.758881
v 4.201868 1.670788 -4.758881
v 4.201868 1.670788 -4.758881
v 4.651707 1.670788 -4.758881
v 4.651707 1.670788 -4.758881
v 4.651707 1.670788 -4.758881
v 4.651707 1.670788 -4.758881
v 4.630349 1.616060 -4.785577
v 4.630349 1.616060 -4.785577
v 4.224559 1.616060 -4.785577
v 4.224559 1.616060 -4.785577
v 4.612997 1.543979 -4.805600
v 4.612997 1.543979 -4.805600
v 4.240578 1.543979 -4.805600
v 4.240578 1.543979 -4.805600
v 4.607658 1.491920 -4.812274
v 4.607658 1.491920 -4.812274
v 4.607658 1.491920 -4.812274
v 4.607658 1.491920 -4.812274
v 4.623675 1.477237 -4.805600
v 4.623675 1.477237 -4.805600
v 4.623675 1.477237 -4.805600
v 4.623675 1.477237 -4.805600
v 4.608993 1.461219 -4.822952
v 4.608993 1.461219 -4.822952
v 4.608993 1.461219 -4.822952
v 4.245916 1.461219 -4.822952
v 4.245916 1.461219 -4.822952
v 4.245916 1.461219 -4.822952
v 4.231234 1.477237 -4.805600
v 4.231234 1.477237 -4.805600
v 4.231234 1.477237 -4.805600
v 4.231234 1.477237 -4.805600
v 4.241912 1.491920 -4.817613
v 4.241912 1.491920 -4.817613
v 4.241912 1.491920 -4.817613
v 4.241912 1.491920 -4.817613
v 4.236573 1.543979 -4.810939
v 4.236573 1.543979 -4.810939
v 4.219220 1.616060 -4.790916
v 4.219220 1.616060 -4.790916
v 4.197863 1.670788 -4.764220
v 4.197863 1.670788 -4.764220
v 4.197863 1.670788 -4.764220
v 4.197863 1.670788 -4.764220
v 4.197863 1.705494 -4.764220
v 4.197863 1.705494 -4.764220
v 4.197863 1.705494 -4.764220
v 4.197863 1.705494 -4.764220
v 4.184514 1.722847 -4.748202
v 4.184514 1.722847 -4.748202
v 4.184514 1.722847 -4.748202
v 4.184514 1.722847 -4.748202
v 4.197863 1.741534 -4.765554
v 4.197863 1.741534 -4.765554
v 4.197863 1.741534 -4.765554
v 4.651707 1.741534 -4.758881
v 4.651707 1.741534 -4.758881
v 4.651707 1.741534 -4.758881
v 4.657046 1.741534 -4.765554
v 4.657046 1.741534 -4.765554
v 4.657046 1.741534 -4.765554
v 4.670395 1.722847 -4.748202
v 4.670395 1.722847 -4.748202
v 4.670395 1.722847 -4.748202
v 4.670395 1.722847 -4.748202
v 4.657046 1.705494 -4.764220
v 4.657046 1.705494 -4.764220
v 4.657046 1.705494 -4.764220
v 4.657046 1.705494 -4.764220
v 4.657046 1.670788 -4.764220
v 4.657046 1.670788 -4.764220
v 4.657046 1.670788 -4.764220
v 4.657046 1.670788 -4.764220
v 4.635689 1.616060 -4.790916
v 4.635689 1.616060 -4.790916
v 4.618337 1.543979 -4.810939
v 4.618337 1.543979 -4.810939
v 4.612997 1.491920 -4.817613
v 4.612997 1.491920 -4.817613
v 4.612997 1.491920 -4.817613
v 4.612997 1.491920 -4.817613
v 4.612997 1.491920 -4.867002
v 4.612997 1.491920 -4.867002
v 4.623675 1.477237 -4.867002
v 4.623675 1.477237 -4.867002
v 4.608993 1.461219 -4.867002
v 4.608993 1.461219 -4.867002
v 4.245916 1.461219 -4.867002
v 4.245916 1.461219 -4.867002
v 4.231234 1.477237 -4.867002
v 4.231234 1.477237 -4.867002
v 4.241912 1.491920 -4.867002
v 4.241912 1.491920 -4.867002
v 4.236573 1.543979 -4.867002
v 4.219220 1.616060 -4.867002
v 4.197863 1.670788 -4.867002
v 4.197863 1.670788 -4.867002
v 4.197863 1.705494 -4.867002
v 4.197863 1.705494 -4.867002
v 4.184514 1.722847 -4.867002
v 4.184514 1.722847 -4.867002
v 4.197863 1.741534 -4.867002
v 4.197863 1.741534 -4.867002
v 4.657046 1.741534 -4.867002
v 4.657046 1.741534 -4.867002
v 4.670395 1.722847 -4.867002
v 4.670395 1.722847 -4.867002
v 4.657046 1.705494 -4.867002
v 4.657046 1.705494 -4.867002
v 4.657046 1.670788 -4.867002
v 4.657046 1.670788 -4.867002
v 4.635689 1.616060 -4.867002
v 4.618337 1.543979 -4.867002
v 1.286585 1.461219 -4.816278
v 1.286585 1.461219 -4.816278
v 1.286585 1.461219 -4.816278
v 1.640317 1.461219 -4.816278
v 1.640317 1.461219 -4.816278
v 1.640317 1.461219 -4.816278
v 1.273237 1.477237 -4.798925
v 1.273237 1.477237 -4.798925
v 1.273237 1.477237 -4.798925
v 1.273237 1.477237 -4.798925
v 1.655000 1.477237 -4.798925
v 1.655000 1.477237 -4.798925
v 1.655000 1.477237 -4.798925
v 1.655000 1.477237 -4.798925
v 1.282581 1.491920 -4.812274
v 1.282581 1.491920 -4.812274
v 1.282581 1.491920 -4.812274
v 1.282581 1.491920 -4.812274
v 1.239866 1.741534 -4.758881
v 1.239866 1.741534 -4.758881
v 1.239866 1.741534 -4.758881
v 1.226518 1.722847 -4.741528
v 1.226518 1.722847 -4.741528
v 1.226518 1.722847 -4.741528
v 1.226518 1.722847 -4.741528
v 1.701719 1.722847 -4.741528
v 1.701719 1.722847 -4.741528
v 1.701719 1.722847 -4.741528
v 1.701719 1.722847 -4.741528
v 1.688371 1.705494 -4.758881
v 1.688371 1.705494 -4.758881
v 1.688371 1.705494 -4.758881
v 1.688371 1.705494 -4.758881
v 1.238531 1.705494 -4.758881
v 1.238531 1.705494 -4.758881
v 1.238531 1.705494 -4.758881
v 1.238531 1.705494 -4.758881
v 1.238531 1.670788 -4.758881
v 1.238531 1.670788 -4.758881
v 1.238531 1.670788 -4.758881
v 1.238531 1.670788 -4.758881
v 1.688371 1.670788 -4.758881
v 1.688371 1.670788 -4.758881
v 1.688371 1.670788 -4.758881
v 1.688371 1.670788 -4.758881
v 1.667014 1.616060 -4.785577
v 1.667014 1.616060 -4.785577
v 1.259889 1.616060 -4.785577
v 1.259889 1.616060 -4.785577
v 1.649660 1.543979 -4.805600
v 1.649660 1.543979 -4.805600
v 1.277241 1.543979 -4.805600
v 1.277241 1.543979 -4.805600
v 1.644322 1.491920 -4.812274
v 1.644322 1.491920 -4.812274
v 1.644322 1.491920 -4.812274
v 1.644322 1.491920 -4.812274
v 1.660339 1.477237 -4.805600
v 1.660339 1.477237 -4.805600
v 1.660339 1.477237 -4.805600
v 1.660339 1.477237 -4.805600
v 1.645656 1.461219 -4.822952
v 1.645656 1.461219 -4.822952
v 1.645656 1.461219 -4.822952
v 1.281246 1.461219 -4.822952
v 1.281246 1.461219 -4.822952
v 1.281246 1.461219 -4.822952
v 1.267898 1.477237 -4.805600
v 1.267898 1.477237 -4.805600
v 1.267898 1.477237 -4.805600
v 1.267898 1.477237 -4.805600
v 1.278576 1.491920 -4.817613
v 1.278576 1.491920 -4.817613
v 1.278576 1.491920 -4.817613
v 1.278576 1.491920 -4.817613
v 1.273237 1.543979 -4.810939
v 1.273237 1.543979 -4.810939
v 1.255884 1.616060 -4.790916
v 1.255884 1.616060 -4.790916
v 1.234527 1.670788 -4.764220
v 1.234527 1.670788 -4.764220
v 1.234527 1.670788 -4.764220
v 1.234527 1.670788 -4.764220
v 1.234527 1.705494 -4.764220
v 1.234527 1.705494 -4.764220
v 1.234527 1.705494 -4.764220
v 1.234527 1.705494 -4.764220
v 1.221179 1.722847 -4.748202
v 1.221179 1.722847 -4.748202
v 1.221179 1.722847 -4.748202
v 1.221179 1.722847 -4.748202
v 1.234527 1.741534 -4.765554
v 1.234527 1.741534 -4.765554
v 1.234527 1.741534 -4.765554
v 1.688371 1.741534 -4.758881
v 1.688371 1.741534 -4.758881
v 1.688371 1.741534 -4.758881
v 1.693710 1.741534 -4.765554
v 1.693710 1.741534 -4.765554
v 1.693710 1.741534 -4.765554
v 1.707059 1.722847 -4.748202
v 1.707059 1.722847 -4.748202
v 1.707059 1.722847 -4.748202
v 1.707059 1.722847 -4.748202
v 1.693710 1.705494 -4.764220
v 1.693710 1.705494 -4.764220
v 1.693710 1.705494 -4.764220
v 1.693710 1.705494 -4.764220
v 1.693710 1.670788 -4.764220
v 1.693710 1.670788 -4.764220
v 1.693710 1.670788 -4.764220
v 1.693710 1.670788 -4.764220
v 1.671018 1.616060 -4.790916
v 1.671018 1.616060 -4.790916
v 1.655000 1.543979 -4.810939
v 1.655000 1.543979 -4.810939
v 1.649660 1.491920 -4.817613
v 1.649660 1.491920 -4.817613
v 1.649660 1.491920 -4.817613
v 1.649660 1.491920 -4.817613
v 1.649660 1.491920 -4.867002
v 1.649660 1.491920 -4.867002
v 1.660339 1.477237 -4.867002
v 1.660339 1.477237 -4.867002
v 1.645656 1.461219 -4.867002
v 1.645656 1.461219 -4.867002
v 1.281246 1.461219 -4.867002
v 1.281246 1.461219 -4.867002
v 1.267898 1.477237 -4.867002
v 1.267898 1.477237 -4.867002
v 1.278576 1.491920 -4.867002
v 1.278576 1.491920 -4.867002
v 1.273237 1.543979 -4.867002
v 1.255884 1.616060 -4.867002
v 1.234527 1.670788 -4.867002
v 1.234527 1.670788 -4.867002
v 1.234527 1.705494 -4.867002
v 1.234527 1.705494 -4.867002
v 1.221179 1.722847 -4.867002
v 1.221179 1.722847 -4.867002
v 1.234527 1.741534 -4.867002
v 1.234527 1.741534 -4.867002
v 1.693710 1.741534 -4.867002
v 1.693710 1.741534 -4.867002
v 1.707059 1.722847 -4.867002
v 1.707059 1.722847 -4.867002
v 1.693710 1.705494 -4.867002
v 1.693710 1.705494 -4.867002
v 1.693710 1.670788 -4.867002
v 1.693710 1.670788 -4.867002
v 1.671018 1.616060 -4.867002
v 1.655000 1.543979 -4.867002
v -1.680755 1.461219 -4.816278
v -1.680755 1.461219 -4.816278
v -1.680755 1.461219 -4.816278
v -1.325688 1.461219 -4.816278
v -1.325688 1.461219 -4.816278
v -1.325688 1.461219 -4.816278
v -1.694103 1.477237 -4.798925
v -1.694103 1.477237 -4.798925
v -1.694103 1.477237 -4.798925
v -1.694103 1.477237 -4.798925
v -1.312340 1.477237 -4.798925
v -1.312340 1.477237 -4.798925
v -1.312340 1.477237 -4.798925
v -1.312340 1.477237 -4.798925
v -1.683425 1.491920 -4.812274
v -1.683425 1.491920 -4.812274
v -1.683425 1.491920 -4.812274
v -1.683425 1.491920 -4.812274
v -1.727475 1.741534 -4.758881
v -1.727475 1.741534 -4.758881
v -1.727475 1.741534 -4.758881
v -1.740822 1.722847 -4.741528
v -1.740822 1.722847 -4.741528
v -1.740822 1.722847 -4.741528
v -1.740822 1.722847 -4.741528
v -1.265621 1.722847 -4.741528
v -1.265621 1.722847 -4.741528
v -1.265621 1.722847 -4.741528
v -1.265621 1.722847 -4.741528
v -1.278970 1.705494 -4.758881
v -1.278970 1.705494 -4.758881
v -1.278970 1.705494 -4.758881
v -1.278970 1.705494 -4.758881
v -1.727475 1.705494 -4.758881
v -1.727475 1.705494 -4.758881
v -1.727475 1.705494 -4.758881
v -1.727475 1.705494 -4.758881
v -1.727475 1.670788 -4.758881
v -1.727475 1.670788 -4.758881
v -1.727475 1.670788 -4.758881
v -1.727475 1.670788 -4.758881
v -1.277635 1.670788 -4.758881
v -1.277635 1.670788 -4.758881
v -1.277635 1.670788 -4.758881
v -1.277635 1.670788 -4.758881
v -1.300327 1.616060 -4.785577
v -1.300327 1.616060 -4.785577
v -1.706117 1.616060 -4.785577
v -1.706117 1.616060 -4.785577
v -1.316345 1.543979 -4.805600
v -1.316345 1.543979 -4.805600
v -1.688763 1.543979 -4.805600
v -1.688763 1.543979 -4.805600
v -1.321684 1.491920 -4.812274
v -1.321684 1.491920 -4.812274
v -1.321684 1.491920 -4.812274
v -1.321684 1.491920 -4.812274
v -1.307001 1.477237 -4.805600
v -1.307001 1.477237 -4.805600
v -1.307001 1.477237 -4.805600
v -1.307001 1.477237 -4.805600
v -1.321684 1.461219 -4.822952
v -1.321684 1.461219 -4.822952
v -1.321684 1.461219 -4.822952
v -1.684760 1.461219 -4.822952
v -1.684760 1.461219 -4.822952
v -1.684760 1.461219 -4.822952
v -1.699442 1.477237 -4.805600
v -1.699442 1.477237 -4.805600
v -1.699442 1.477237 -4.805600
v -1.699442 1.477237 -4.805600
v -1.688763 1.491920 -4.817613
v -1.688763 1.491920 -4.817613
v -1.688763 1.491920 -4.817613
v -1.688763 1.491920 -4.817613
v -1.694103 1.543979 -4.810939
v -1.694103 1.543979 -4.810939
v -1.711456 1.616060 -4.790916
v -1.711456 1.616060 -4.790916
v -1.732813 1.670788 -4.764220
v -1.732813 1.670788 -4.764220
v -1.732813 1.670788 -4.764220
v -1.732813 1.670788 -4.764220
v -1.732813 1.705494 -4.764220
v -1.732813 1.705494 -4.764220
v -1.732813 1.705494 -4.764220
v -1.732813 1.705494 -4.764220
v -1.746162 1.722847 -4.748202
v -1.746162 1.722847 -4.748202
v -1.746162 1.722847 -4.748202
v -1.746162 1.722847 -4.748202
v -1.732813 1.741534 -4.765554
v -1.732813 1.741534 -4.765554
v -1.732813 1.741534 -4.765554
v -1.278970 1.741534 -4.758881
v -1.278970 1.741534 -4.758881
v -1.278970 1.741534 -4.758881
v -1.273630 1.741534 -4.765554
v -1.273630 1.741534 -4.765554
v -1.273630 1.741534 -4.765554
v -1.260281 1.722847 -4.748202
v -1.260281 1.722847 -4.748202
v -1.260281 1.722847 -4.748202
v -1.260281 1.722847 -4.748202
v -1.273630 1.705494 -4.764220
v -1.273630 1.705494 -4.764220
v -1.273630 1.705494 -4.764220
v -1.273630 1.705494 -4.764220
v -1.273630 1.670788 -4.764220
v -1.273630 1.670788 -4.764220
v -1.273630 1.670788 -4.764220
v -1.273630 1.670788 -4.764220
v -1.294987 1.616060 -4.790916
v -1.294987 1.616060 -4.790916
v -1.312340 1.543979 -4.810939
v -1.312340 1.543979 -4.810939
v -1.317680 1.491920 -4.817613
v -1.317680 1.491920 -4.817613
v -1.317680 1.491920 -4.817613
v -1.317680 1.491920 -4.817613
v -1.317680 1.491920 -4.867002
v -1.317680 1.491920 -4.867002
v -1.307001 1.477237 -4.867002
v -1.307001 1.477237 -4.867002
v -1.321684 1.461219 -4.867002
v -1.321684 1.461219 -4.867002
v -1.684760 1.461219 -4.867002
v -1.684760 1.461219 -4.867002
v -1.699442 1.477237 -4.867002
v -1.699442 1.477237 -4.867002
v -1.688763 1.491920 -4.867002
v -1.688763 1.491920 -4.867002
v -1.694103 1.543979 -4.867002
v -1.711456 1.616060 -4.867002
v -1.732813 1.670788 -4.867002
v -1.732813 1.670788 -4.867002
v -1.732813 1.705494 -4.867002
v -1.732813 1.705494 -4.867002
v -1.746162 1.722847 -4.867002
v -1.746162 1.722847 -4.867002
v -1.732813 1.741534 -4.867002
v -1.732813 1.741534 -4.867002
v -1.273630 1.741534 -4.867002
v -1.273630 1.741534 -4.867002
v -1.260281 1.722847 -4.867002
v -1.260281 1.722847 -4.867002
v -1.273630 1.705494 -4.867002
v -1.273630 1.705494 -4.867002
v -1.273630 1.670788 -4.867002
v -1.273630 1.670788 -4.867002
v -1.294987 1.616060 -4.867002
v -1.312340 1.543979 -4.867002
v -7.815660 1.461219 -4.816278
v -7.815660 1.461219 -4.816278
v -7.815660 1.461219 -4.816278
v -7.312428 1.461219 -4.816278
v -7.312428 1.461219 -4.816278
v -7.312428 1.461219 -4.816278
v -7.835683 1.477237 -4.798925
v -7.835683 1.477237 -4.798925
v -7.835683 1.477237 -4.798925
v -7.835683 1.477237 -4.798925
v -7.882402 1.741534 -4.758881
v -7.882402 1.741534 -4.758881
v -7.882402 1.741534 -4.758881
v -7.901090 1.722847 -4.741528
v -7.901090 1.722847 -4.741528
v -7.901090 1.722847 -4.741528
v -7.901090 1.722847 -4.741528
v -7.225663 1.722847 -4.741528
v -7.225663 1.722847 -4.741528
v -7.225663 1.722847 -4.741528
v -7.225663 1.722847 -4.741528
v -7.244350 1.705494 -4.758881
v -7.244350 1.705494 -4.758881
v -7.244350 1.705494 -4.758881
v -7.244350 1.705494 -4.758881
v -7.883737 1.705494 -4.758881
v -7.883737 1.705494 -4.758881
v -7.883737 1.705494 -4.758881
v -7.883737 1.705494 -4.758881
v -7.883737 1.670788 -4.758881
v -7.883737 1.670788 -4.758881
v -7.883737 1.670788 -4.758881
v -7.883737 1.670788 -4.758881
v -7.244350 1.670788 -4.758881
v -7.244350 1.670788 -4.758881
v -7.244350 1.670788 -4.758881
v -7.244350 1.670788 -4.758881
v -7.275052 1.616060 -4.785577
v -7.275052 1.616060 -4.785577
v -7.853036 1.616060 -4.785577
v -7.853036 1.616060 -4.785577
v -7.299079 1.543979 -4.805600
v -7.299079 1.543979 -4.805600
v -7.829009 1.543979 -4.805600
v -7.829009 1.543979 -4.805600
v -7.307088 1.491920 -4.812274
v -7.307088 1.491920 -4.812274
v -7.307088 1.491920 -4.812274
v -7.307088 1.491920 -4.812274
v -7.821000 1.491920 -4.812274
v -7.821000 1.491920 -4.812274
v -7.821000 1.491920 -4.812274
v -7.821000 1.491920 -4.812274
v -7.292405 1.477237 -4.798925
v -7.292405 1.477237 -4.798925
v -7.292405 1.477237 -4.798925
v -7.292405 1.477237 -4.798925
v -7.284396 1.477237 -4.805600
v -7.284396 1.477237 -4.805600
v -7.284396 1.477237 -4.805600
v -7.284396 1.477237 -4.805600
v -7.305753 1.461219 -4.822952
v -7.305753 1.461219 -4.822952
v -7.305753 1.461219 -4.822952
v -7.822335 1.461219 -4.822952
v -7.822335 1.461219 -4.822952
v -7.822335 1.461219 -4.822952
v -7.842357 1.477237 -4.805600
v -7.842357 1.477237 -4.805600
v -7.842357 1.477237 -4.805600
v -7.842357 1.477237 -4.805600
v -7.827673 1.491920 -4.817613
v -7.827673 1.491920 -4.817613
v -7.827673 1.491920 -4.817613
v -7.827673 1.491920 -4.817613
v -7.835683 1.543979 -4.810939
v -7.835683 1.543979 -4.810939
v -7.859710 1.616060 -4.790916
v -7.859710 1.616060 -4.790916
v -7.890412 1.670788 -4.764220
v -7.890412 1.670788 -4.764220
v -7.890412 1.670788 -4.764220
v -7.890412 1.670788 -4.764220
v -7.890412 1.705494 -4.764220
v -7.890412 1.705494 -4.764220
v -7.890412 1.705494 -4.764220
v -7.890412 1.705494 -4.764220
v -7.909100 1.722847 -4.748202
v -7.909100 1.722847 -4.748202
v -7.909100 1.722847 -4.748202
v -7.909100 1.722847 -4.748202
v -7.890412 1.741534 -4.765554
v -7.890412 1.741534 -4.765554
v -7.890412 1.741534 -4.765554
v -7.245686 1.741534 -4.758881
v -7.245686 1.741534 -4.758881
v -7.245686 1.741534 -4.758881
v -7.237677 1.741534 -4.765554
v -7.237677 1.741534 -4.765554
v -7.237677 1.741534 -4.765554
v -7.218989 1.722847 -4.748202
v -7.218989 1.722847 -4.748202
v -7.218989 1.722847 -4.748202
v -7.218989 1.722847 -4.748202
v -7.237677 1.705494 -4.764220
v -7.237677 1.705494 -4.764220
v -7.237677 1.705494 -4.764220
v -7.237677 1.705494 -4.764220
v -7.237677 1.670788 -4.764220
v -7.237677 1.670788 -4.764220
v -7.237677 1.670788 -4.764220
v -7.237677 1.670788 -4.764220
v -7.268378 1.616060 -4.790916
v -7.268378 1.616060 -4.790916
v -7.292405 1.543979 -4.810939
v -7.292405 1.543979 -4.810939
v -7.300414 1.491920 -4.817613
v -7.300414 1.491920 -4.817613
v -7.300414 1.491920 -4.817613
v -7.300414 1.491920 -4.817613
v -7.300414 1.491920 -4.867002
v -7.300414 1.491920 -4.867002
v -7.284396 1.477237 -4.867002
v -7.284396 1.477237 -4.867002
v -7.305753 1.461219 -4.867002
v -7.305753 1.461219 -4.867002
v -7.822335 1.461219 -4.867002
v -7.822335 1.461219 -4.867002
v -7.842357 1.477237 -4.867002
v -7.842357 1.477237 -4.867002
v -7.827673 1.491920 -4.867002
v -7.827673 1.491920 -4.867002
v -7.835683 1.543979 -4.867002
v -7.859710 1.616060 -4.867002
v -7.890412 1.670788 -4.867002
v -7.890412 1.670788 -4.867002
v -7.890412 1.705494 -4.867002
v -7.890412 1.705494 -4.867002
v -7.909100 1.722847 -4.867002
v -7.909100 1.722847 -4.867002
v -7.890412 1.741534 -4.867002
v -7.890412 1.741534 -4.867002
v -7.237677 1.741534 -4.867002
v -7.237677 1.741534 -4.867002
v -7.218989 1.722847 -4.867002
v -7.218989 1.722847 -4.867002
v -7.237677 1.705494 -4.867002
v -7.237677 1.705494 -4.867002
v -7.237677 1.670788 -4.867002
v -7.237677 1.670788 -4.867002
v -7.268378 1.616060 -4.867002
v -7.292405 1.543979 -4.867002
v -4.649430 1.461219 -4.816278
v -4.649430 1.461219 -4.816278
v -4.649430 1.461219 -4.816278
v -4.294363 1.461219 -4.816278
v -4.294363 1.461219 -4.816278
v -4.294363 1.461219 -4.816278
v -4.662778 1.477237 -4.798925
v -4.662778 1.477237 -4.798925
v -4.662778 1.477237 -4.798925
v -4.662778 1.477237 -4.798925
v -4.281015 1.477237 -4.798925
v -4.281015 1.477237 -4.798925
v -4.281015 1.477237 -4.798925
v -4.281015 1.477237 -4.798925
v -4.652100 1.491920 -4.812274
v -4.652100 1.491920 -4.812274
v -4.652100 1.491920 -4.812274
v -4.652100 1.491920 -4.812274
v -4.696149 1.741534 -4.758881
v -4.696149 1.741534 -4.758881
v -4.696149 1.741534 -4.758881
v -4.709497 1.722847 -4.741528
v -4.709497 1.722847 -4.741528
v -4.709497 1.722847 -4.741528
v -4.709497 1.722847 -4.741528
v -4.234296 1.722847 -4.741528
v -4.234296 1.722847 -4.741528
v -4.234296 1.722847 -4.741528
v -4.234296 1.722847 -4.741528
v -4.247644 1.705494 -4.758881
v -4.247644 1.705494 -4.758881
v -4.247644 1.705494 -4.758881
v -4.247644 1.705494 -4.758881
v -4.696149 1.705494 -4.758881
v -4.696149 1.705494 -4.758881
v -4.696149 1.705494 -4.758881
v -4.696149 1.705494 -4.758881
v -4.696149 1.670788 -4.758881
v -4.696149 1.670788 -4.758881
v -4.696149 1.670788 -4.758881
v -4.696149 1.670788 -4.758881
v -4.246309 1.670788 -4.758881
v -4.246309 1.670788 -4.758881
v -4.246309 1.670788 -4.758881
v -4.246309 1.670788 -4.758881
v -4.269002 1.616060 -4.785577
v -4.269002 1.616060 -4.785577
v -4.674792 1.616060 -4.785577
v -4.674792 1.616060 -4.785577
v -4.285020 1.543979 -4.805600
v -4.285020 1.543979 -4.805600
v -4.657439 1.543979 -4.805600
v -4.657439 1.543979 -4.805600
v -4.290359 1.491920 -4.812274
v -4.290359 1.491920 -4.812274
v -4.290359 1.491920 -4.812274
v -4.290359 1.491920 -4.812274
v -4.275676 1.477237 -4.805600
v -4.275676 1.477237 -4.805600
v -4.275676 1.477237 -4.805600
v -4.275676 1.477237 -4.805600
v -4.290359 1.461219 -4.822952
v -4.290359 1.461219 -4.822952
v -4.290359 1.461219 -4.822952
v -4.653434 1.461219 -4.822952
v -4.653434 1.461219 -4.822952
v -4.653434 1.461219 -4.822952
v -4.668118 1.477237 -4.805600
v -4.668118 1.477237 -4.805600
v -4.668118 1.477237 -4.805600
v -4.668118 1.477237 -4.805600
v -4.657439 1.491920 -4.817613
v -4.657439 1.491920 -4.817613
v -4.657439 1.491920 -4.817613
v -4.657439 1.491920 -4.817613
v -4.662778 1.543979 -4.810939
v -4.662778 1.543979 -4.810939
v -4.680131 1.616060 -4.790916
v -4.680131 1.616060 -4.790916
v -4.701488 1.670788 -4.764220
v -4.701488 1.670788 -4.764220
v -4.701488 1.670788 -4.764220
v -4.701488 1.670788 -4.764220
v -4.701488 1.705494 -4.764220
v -4.701488 1.705494 -4.764220
v -4.701488 1.705494 -4.764220
v -4.701488 1.705494 -4.764220
v -4.714837 1.722847 -4.748202
v -4.714837 1.722847 -4.748202
v -4.714837 1.722847 -4.748202
v -4.714837 1.722847 -4.748202
v -4.701488 1.741534 -4.765554
v -4.701488 1.741534 -4.765554
v -4.701488 1.741534 -4.765554
v -4.247644 1.741534 -4.758881
v -4.247644 1.741534 -4.758881
v -4.247644 1.741534 -4.758881
v -4.242305 1.741534 -4.765554
v -4.242305 1.741534 -4.765554
v -4.242305 1.741534 -4.765554
v -4.228956 1.722847 -4.748202
v -4.228956 1.722847 -4.748202
v -4.228956 1.722847 -4.748202
v -4.228956 1.722847 -4.748202
v -4.242305 1.705494 -4.764220
v -4.242305 1.705494 -4.764220
v -4.242305 1.705494 -4.764220
v -4.242305 1.705494 -4.764220
v -4.242305 1.670788 -4.764220
v -4.242305 1.670788 -4.764220
v -4.242305 1.670788 -4.764220
v -4.242305 1.670788 -4.764220
v -4.263662 1.616060 -4.790916
v -4.263662 1.616060 -4.790916
v -4.281015 1.543979 -4.810939
v -4.281015 1.543979 -4.810939
v -4.286355 1.491920 -4.817613
v -4.286355 1.491920 -4.817613
v -4.286355 1.491920 -4.817613
v -4.286355 1.491920 -4.817613
v -4.286355 1.491920 -4.867002
v -4.286355 1.491920 -4.867002
v -4.275676 1.477237 -4.867002
v -4.275676 1.477237 -4.867002
v -4.290359 1.461219 -4.867002
v -4.290359 1.461219 -4.867002
v -4.653434 1.461219 -4.867002
v -4.653434 1.461219 -4.867002
v -4.668118 1.477237 -4.867002
v -4.668118 1.477237 -4.867002
v -4.657439 1.491920 -4.867002
v -4.657439 1.491920 -4.867002
v -4.662778 1.543979 -4.867002
v -4.680131 1.616060 -4.867002
v -4.701488 1.670788 -4.867002
v -4.701488 1.670788 -4.867002
v -4.701488 1.705494 -4.867002
v -4.701488 1.705494 -4.867002
v -4.714837 1.722847 -4.867002
v -4.714837 1.722847 -4.867002
v -4.701488 1.741534 -4.867002
v -4.701488 1.741534 -4.867002
v -4.242305 1.741534 -4.867002
v -4.242305 1.741534 -4.867002
v -4.228956 1.722847 -4.867002
v -4.228956 1.722847 -4.867002
v -4.242305 1.705494 -4.867002
v -4.242305 1.705494 -4.867002
v -4.242305 1.670788 -4.867002
v -4.242305 1.670788 -4.867002
v -4.263662 1.616060 -4.867002
v -4.281015 1.543979 -4.867002
v 7.191899 1.741534 4.803886
v 7.191899 1.741534 4.803886
v 7.191899 1.741534 4.803886
v 7.865993 1.722847 4.787869
v 7.865993 1.722847 4.787869
v 7.865993 1.722847 4.787869
v 7.865993 1.722847 4.787869
v 7.173212 1.722847 4.787869
v 7.173212 1.722847 4.787869
v 7.173212 1.722847 4.787869
v 7.173212 1.722847 4.787869
v 7.847303 1.705494 4.803886
v 7.847303 1.705494 4.803886
v 7.847303 1.705494 4.803886
v 7.847303 1.705494 4.803886
v 7.191899 1.705494 4.803886
v 7.191899 1.705494 4.803886
v 7.191899 1.705494 4.803886
v 7.191899 1.705494 4.803886
v 7.190565 1.670788 4.803886
v 7.190565 1.670788 4.803886
v 7.190565 1.670788 4.803886
v 7.190565 1.670788 4.803886
v 7.847303 1.670788 4.803886
v 7.847303 1.670788 4.803886
v 7.847303 1.670788 4.803886
v 7.847303 1.670788 4.803886
v 7.815268 1.616060 4.830584
v 7.815268 1.616060 4.830584
v 7.222600 1.616060 4.830584
v 7.222600 1.616060 4.830584
v 7.261311 1.461219 4.862620
v 7.261311 1.461219 4.862620
v 7.261311 1.461219 4.862620
v 7.241290 1.477237 4.845266
v 7.241290 1.477237 4.845266
v 7.241290 1.477237 4.845266
v 7.241290 1.477237 4.845266
v 7.777893 1.461219 4.862620
v 7.777893 1.461219 4.862620
v 7.777893 1.461219 4.862620
v 7.797915 1.477237 4.845266
v 7.797915 1.477237 4.845266
v 7.797915 1.477237 4.845266
v 7.797915 1.477237 4.845266
v 7.254637 1.491920 4.857280
v 7.254637 1.491920 4.857280
v 7.254637 1.491920 4.857280
v 7.254637 1.491920 4.857280
v 7.783233 1.491920 4.857280
v 7.783233 1.491920 4.857280
v 7.783233 1.491920 4.857280
v 7.783233 1.491920 4.857280
v 7.247963 1.543979 4.851941
v 7.247963 1.543979 4.851941
v 7.791241 1.543979 4.851941
v 7.791241 1.543979 4.851941
v 7.796581 1.543979 4.857280
v 7.796581 1.543979 4.857280
v 7.821942 1.616060 4.835923
v 7.821942 1.616060 4.835923
v 7.853979 1.670788 4.809226
v 7.853979 1.670788 4.809226
v 7.853979 1.670788 4.809226
v 7.853979 1.670788 4.809226
v 7.853979 1.705494 4.810561
v 7.853979 1.705494 4.810561
v 7.853979 1.705494 4.810561
v 7.853979 1.705494 4.810561
v 7.872667 1.722847 4.794543
v 7.872667 1.722847 4.794543
v 7.872667 1.722847 4.794543
v 7.872667 1.722847 4.794543
v 7.853979 1.741534 4.810561
v 7.853979 1.741534 4.810561
v 7.853979 1.741534 4.810561
v 7.845969 1.741534 4.803886
v 7.845969 1.741534 4.803886
v 7.845969 1.741534 4.803886
v 7.183891 1.741534 4.810561
v 7.183891 1.741534 4.810561
v 7.183891 1.741534 4.810561
v 7.165204 1.722847 4.794543
v 7.165204 1.722847 4.794543
v 7.165204 1.722847 4.794543
v 7.165204 1.722847 4.794543
v 7.183891 1.705494 4.810561
v 7.183891 1.705494 4.810561
v 7.183891 1.705494 4.810561
v 7.183891 1.705494 4.810561
v 7.183891 1.670788 4.809226
v 7.183891 1.670788 4.809226
v 7.183891 1.670788 4.809226
v 7.183891 1.670788 4.809226
v 7.215927 1.616060 4.835923
v 7.215927 1.616060 4.835923
v 7.241290 1.543979 4.857280
v 7.241290 1.543979 4.857280
v 7.247963 1.491920 4.863955
v 7.247963 1.491920 4.863955
v 7.247963 1.491920 4.863955
v 7.247963 1.491920 4.863955
v 7.233280 1.477237 4.851941
v 7.233280 1.477237 4.851941
v 7.233280 1.477237 4.851941
v 7.233280 1.477237 4.851941
v 7.253302 1.461219 4.867959
v 7.253302 1.461219 4.867959
v 7.253302 1.461219 4.867959
v 7.784567 1.461219 4.867959
v 7.784567 1.461219 4.867959
v 7.784567 1.461219 4.867959
v 7.804589 1.477237 4.851941
v 7.804589 1.477237 4.851941
v 7.804589 1.477237 4.851941
v 7.804589 1.477237 4.851941
v 7.789907 1.491920 4.863955
v 7.789907 1.491920 4.863955
v 7.789907 1.491920 4.863955
v 7.789907 1.491920 4.863955
v 7.796581 1.543979 4.912008
v 7.821942 1.616060 4.912008
v 7.853979 1.670788 4.912008
v 7.853979 1.670788 4.912008
v 7.853979 1.705494 4.912008
v 7.853979 1.705494 4.912008
v 7.872667 1.722847 4.912008
v 7.872667 1.722847 4.912008
v 7.853979 1.741534 4.912008
v 7.853979 1.741534 4.912008
v 7.183891 1.741534 4.912008
v 7.183891 1.741534 4.912008
v 7.165204 1.722847 4.912008
v 7.165204 1.722847 4.912008
v 7.183891 1.705494 4.912008
v 7.183891 1.705494 4.912008
v 7.183891 1.670788 4.912008
v 7.183891 1.670788 4.912008
v 7.215927 1.616060 4.912008
v 7.241290 1.543979 4.912008
v 7.247963 1.491920 4.912008
v 7.247963 1.491920 4.912008
v 7.233280 1.477237 4.912008
v 7.233280 1.477237 4.912008
v 7.253302 1.461219 4.912008
v 7.253302 1.461219 4.912008
v 7.784567 1.461219 4.912008
v 7.784567 1.461219 4.912008
v 7.804589 1.477237 4.912008
v 7.804589 1.477237 4.912008
v 7.789907 1.491920 4.912008
v 7.789907 1.491920 4.912008
v 4.203202 1.741534 4.803886
v 4.203202 1.741534 4.803886
v 4.203202 1.741534 4.803886
v 4.665055 1.722847 4.787869
v 4.665055 1.722847 4.787869
v 4.665055 1.722847 4.787869
v 4.665055 1.722847 4.787869
v 4.189854 1.722847 4.787869
v 4.189854 1.722847 4.787869
v 4.189854 1.722847 4.787869
v 4.189854 1.722847 4.787869
v 4.651707 1.705494 4.803886
v 4.651707 1.705494 4.803886
v 4.651707 1.705494 4.803886
v 4.651707 1.705494 4.803886
v 4.203202 1.705494 4.803886
v 4.203202 1.705494 4.803886
v 4.203202 1.705494 4.803886
v 4.203202 1.705494 4.803886
v 4.201868 1.670788 4.803886
v 4.201868 1.670788 4.803886
v 4.201868 1.670788 4.803886
v 4.201868 1.670788 4.803886
v 4.651707 1.670788 4.803886
v 4.651707 1.670788 4.803886
v 4.651707 1.670788 4.803886
v 4.651707 1.670788 4.803886
v 4.630349 1.616060 4.830584
v 4.630349 1.616060 4.830584
v 4.224559 1.616060 4.830584
v 4.224559 1.616060 4.830584
v 4.612997 1.543979 4.851941
v 4.612997 1.543979 4.851941
v 4.240578 1.543979 4.851941
v 4.240578 1.543979 4.851941
v 4.249921 1.461219 4.862620
v 4.249921 1.461219 4.862620
v 4.249921 1.461219 4.862620
v 4.236573 1.477237 4.845266
v 4.236573 1.477237 4.845266
v 4.236573 1.477237 4.845266
v 4.236573 1.477237 4.845266
v 4.604988 1.461219 4.862620
v 4.604988 1.461219 4.862620
v 4.604988 1.461219 4.862620
v 4.618337 1.477237 4.845266
v 4.618337 1.477237 4.845266
v 4.618337 1.477237 4.845266
v 4.618337 1.477237 4.845266
v 4.245916 1.491920 4.857280
v 4.245916 1.491920 4.857280
v 4.245916 1.491920 4.857280
v 4.245916 1.491920 4.857280
v 4.607658 1.491920 4.857280
v 4.607658 1.491920 4.857280
v 4.607658 1.491920 4.857280
v 4.607658 1.491920 4.857280
v 4.618337 1.543979 4.857280
v 4.618337 1.543979 4.857280
v 4.635689 1.616060 4.835923
v 4.635689 1.616060 4.835923
v 4.657046 1.670788 4.809226
v 4.657046 1.670788 4.809226
v 4.657046 1.670788 4.809226
v 4.657046 1.670788 4.809226
v 4.657046 1.705494 4.810561
v 4.657046 1.705494 4.810561
v 4.657046 1.705494 4.810561
v 4.657046 1.705494 4.810561
v 4.670395 1.722847 4.794543
v 4.670395 1.722847 4.794543
v 4.670395 1.722847 4.794543
v 4.670395 1.722847 4.794543
v 4.657046 1.741534 4.810561
v 4.657046 1.741534 4.810561
v 4.657046 1.741534 4.810561
v 4.651707 1.741534 4.803886
v 4.651707 1.741534 4.803886
v 4.651707 1.741534 4.803886
v 4.197863 1.741534 4.810561
v 4.197863 1.741534 4.810561
v 4.197863 1.741534 4.810561
v 4.184514 1.722847 4.794543
v 4.184514 1.722847 4.794543
v 4.184514 1.722847 4.794543
v 4.184514 1.722847 4.794543
v 4.197863 1.705494 4.810561
v 4.197863 1.705494 4.810561
v 4.197863 1.705494 4.810561
v 4.197863 1.705494 4.810561
v 4.197863 1.670788 4.809226
v 4.197863 1.670788 4.809226
v 4.197863 1.670788 4.809226
v 4.197863 1.670788 4.809226
v 4.219220 1.616060 4.835923
v 4.219220 1.616060 4.835923
v 4.236573 1.543979 4.857280
v 4.236573 1.543979 4.857280
v 4.241912 1.491920 4.863955
v 4.241912 1.491920 4.863955
v 4.241912 1.491920 4.863955
v 4.241912 1.491920 4.863955
v 4.231234 1.477237 4.851941
v 4.231234 1.477237 4.851941
v 4.231234 1.477237 4.851941
v 4.231234 1.477237 4.851941
v 4.245916 1.461219 4.867959
v 4.245916 1.461219 4.867959
v 4.245916 1.461219 4.867959
v 4.608993 1.461219 4.867959
v 4.608993 1.461219 4.867959
v 4.608993 1.461219 4.867959
v 4.623675 1.477237 4.851941
v 4.623675 1.477237 4.851941
v 4.623675 1.477237 4.851941
v 4.623675 1.477237 4.851941
v 4.612997 1.491920 4.863955
v 4.612997 1.491920 4.863955
v 4.612997 1.491920 4.863955
v 4.612997 1.491920 4.863955
v 4.618337 1.543979 4.912008
v 4.635689 1.616060 4.912008
v 4.657046 1.670788 4.912008
v 4.657046 1.670788 4.912008
v 4.657046 1.705494 4.912008
v 4.657046 1.705494 4.912008
v 4.670395 1.722847 4.912008
v 4.670395 1.722847 4.912008
v 4.657046 1.741534 4.912008
v 4.657046 1.741534 4.912008
v 4.197863 1.741534 4.912008
v 4.197863 1.741534 4.912008
v 4.184514 1.722847 4.912008
v 4.184514 1.722847 4.912008
v 4.197863 1.705494 4.912008
v 4.197863 1.705494 4.912008
v 4.197863 1.670788 4.912008
v 4.197863 1.670788 4.912008
v 4.219220 1.616060 4.912008
v 4.236573 1.543979 4.912008
v 4.241912 1.491920 4.912008
v 4.241912 1.491920 4.912008
v 4.231234 1.477237 4.912008
v 4.231234 1.477237 4.912008
v 4.245916 1.461219 4.912008
v 4.245916 1.461219 4.912008
v 4.608993 1.461219 4.912008
v 4.608993 1.461219 4.912008
v 4.623675 1.477237 4.912008
v 4.623675 1.477237 4.912008
v 4.612997 1.491920 4.912008
v 4.612997 1.491920 4.912008
v 1.239866 1.741534 4.803886
v 1.239866 1.741534 4.803886
v 1.239866 1.741534 4.803886
v 1.701719 1.722847 4.787869
v 1.701719 1.722847 4.787869
v 1.701719 1.722847 4.787869
v 1.701719 1.722847 4.787869
v 1.226518 1.722847 4.787869
v 1.226518 1.722847 4.787869
v 1.226518 1.722847 4.787869
v 1.226518 1.722847 4.787869
v 1.688371 1.705494 4.803886
v 1.688371 1.705494 4.803886
v 1.688371 1.705494 4.803886
v 1.688371 1.705494 4.803886
v 1.238531 1.705494 4.803886
v 1.238531 1.705494 4.803886
v 1.238531 1.705494 4.803886
v 1.238531 1.705494 4.803886
v 1.238531 1.670788 4.803886
v 1.238531 1.670788 4.803886
v 1.238531 1.670788 4.803886
v 1.238531 1.670788 4.803886
v 1.688371 1.670788 4.803886
v 1.688371 1.670788 4.803886
v 1.688371 1.670788 4.803886
v 1.688371 1.670788 4.803886
v 1.667014 1.616060 4.830584
v 1.667014 1.616060 4.830584
v 1.259889 1.616060 4.830584
v 1.259889 1.616060 4.830584
v 1.649660 1.543979 4.851941
v 1.649660 1.543979 4.851941
v 1.277241 1.543979 4.851941
v 1.277241 1.543979 4.851941
v 1.286585 1.461219 4.862620
v 1.286585 1.461219 4.862620
v 1.286585 1.461219 4.862620
v 1.273237 1.477237 4.845266
v 1.273237 1.477237 4.845266
v 1.273237 1.477237 4.845266
v 1.273237 1.477237 4.845266
v 1.640317 1.461219 4.862620
v 1.640317 1.461219 4.862620
v 1.640317 1.461219 4.862620
v 1.655000 1.477237 4.845266
v 1.655000 1.477237 4.845266
v 1.655000 1.477237 4.845266
v 1.655000 1.477237 4.845266
v 1.282581 1.491920 4.857280
v 1.282581 1.491920 4.857280
v 1.282581 1.491920 4.857280
v 1.282581 1.491920 4.857280
v 1.644322 1.491920 4.857280
v 1.644322 1.491920 4.857280
v 1.644322 1.491920 4.857280
v 1.644322 1.491920 4.857280
v 1.655000 1.543979 4.857280
v 1.655000 1.543979 4.857280
v 1.671018 1.616060 4.835923
v 1.671018 1.616060 4.835923
v 1.693710 1.670788 4.809226
v 1.693710 1.670788 4.809226
v 1.693710 1.670788 4.809226
v 1.693710 1.670788 4.809226
v 1.693710 1.705494 4.810561
v 1.693710 1.705494 4.810561
v 1.693710 1.705494 4.810561
v 1.693710 1.705494 4.810561
v 1.707059 1.722847 4.794543
v 1.707059 1.722847 4.794543
v 1.707059 1.722847 4.794543
v 1.707059 1.722847 4.794543
v 1.693710 1.741534 4.810561
v 1.693710 1.741534 4.810561
v 1.693710 1.741534 4.810561
v 1.688371 1.741534 4.803886
v 1.688371 1.741534 4.803886
v 1.688371 1.741534 4.803886
v 1.234527 1.741534 4.810561
v 1.234527 1.741534 4.810561
v 1.234527 1.741534 4.810561
v 1.221179 1.722847 4.794543
v 1.221179 1.722847 4.794543
v 1.221179 1.722847 4.794543
v 1.221179 1.722847 4.794543
v 1.234527 1.705494 4.810561
v 1.234527 1.705494 4.810561
v 1.234527 1.705494 4.810561
v 1.234527 1.705494 4.810561
v 1.234527 1.670788 4.809226
v 1.234527 1.670788 4.809226
v 1.234527 1.670788 4.809226
v 1.234527 1.670788 4.809226
v 1.255884 1.616060 4.835923
v 1.255884 1.616060 4.835923
v 1.273237 1.543979 4.857280
v 1.273237 1.543979 4.857280
v 1.278576 1.491920 4.863955
v 1.278576 1.491920 4.863955
v 1.278576 1.491920 4.863955
v 1.278576 1.491920 4.863955
v 1.267898 1.477237 4.851941
v 1.267898 1.477237 4.851941
v 1.267898 1.477237 4.851941
v 1.267898 1.477237 4.851941
v 1.281246 1.461219 4.867959
v 1.281246 1.461219 4.867959
v 1.281246 1.461219 4.867959
v 1.645656 1.461219 4.867959
v 1.645656 1.461219 4.867959
v 1.645656 1.461219 4.867959
v 1.660339 1.477237 4.851941
v 1.660339 1.477237 4.851941
v 1.660339 1.477237 4.851941
v 1.660339 1.477237 4.851941
v 1.649660 1.491920 4.863955
v 1.649660 1.491920 4.863955
v 1.649660 1.491920 4.863955
v 1.649660 1.491920 4.863955
v 1.655000 1.543979 4.912008
v 1.671018 1.616060 4.912008
v 1.693710 1.670788 4.912008
v 1.693710 1.670788 4.912008
v 1.693710 1.705494 4.912008
v 1.693710 1.705494 4.912008
v 1.707059 1.722847 4.912008
v 1.707059 1.722847 4.912008
v 1.693710 1.741534 4.912008
v 1.693710 1.741534 4.912008
v 1.234527 1.741534 4.912008
v 1.234527 1.741534 4.912008
v 1.221179 1.722847 4.912008
v 1.221179 1.722847 4.912008
v 1.234527 1.705494 4.912008
v 1.234527 1.705494 4.912008
v 1.234527 1.670788 4.912008
v 1.234527 1.670788 4.912008
v 1.255884 1.616060 4.912008
v 1.273237 1.543979 4.912008
v 1.278576 1.491920 4.912008
v 1.278576 1.491920 4.912008
v 1.267898 1.477237 4.912008
v 1.267898 1.477237 4.912008
v 1.281246 1.461219 4.912008
v 1.281246 1.461219 4.912008
v 1.645656 1.461219 4.912008
v 1.645656 1.461219 4.912008
v 1.660339 1.477237 4.912008
v 1.660339 1.477237 4.912008
v 1.649660 1.491920 4.912008
v 1.649660 1.491920 4.912008
v -1.727475 1.741534 4.803886
v -1.727475 1.741534 4.803886
v -1.727475 1.741534 4.803886
v -1.265621 1.722847 4.787869
v -1.265621 1.722847 4.787869
v -1.265621 1.722847 4.787869
v -1.265621 1.722847 4.787869
v -1.740822 1.722847 4.787869
v -1.740822 1.722847 4.787869
v -1.740822 1.722847 4.787869
v -1.740822 1.722847 4.787869
v -1.278970 1.705494 4.803886
v -1.278970 1.705494 4.803886
v -1.278970 1.705494 4.803886
v -1.278970 1.705494 4.803886
v -1.727475 1.705494 4.803886
v -1.727475 1.705494 4.803886
v -1.727475 1.705494 4.803886
v -1.727475 1.705494 4.803886
v -1.727475 1.670788 4.803886
v -1.727475 1.670788 4.803886
v -1.727475 1.670788 4.803886
v -1.727475 1.670788 4.803886
v -1.277635 1.670788 4.803886
v -1.277635 1.670788 4.803886
v -1.277635 1.670788 4.803886
v -1.277635 1.670788 4.803886
v -1.300327 1.616060 4.830584
v -1.300327 1.616060 4.830584
v -1.706117 1.616060 4.830584
v -1.706117 1.616060 4.830584
v -1.316345 1.543979 4.851941
v -1.316345 1.543979 4.851941
v -1.688763 1.543979 4.851941
v -1.688763 1.543979 4.851941
v -1.680755 1.461219 4.862620
v -1.680755 1.461219 4.862620
v -1.680755 1.461219 4.862620
v -1.694103 1.477237 4.845266
v -1.694103 1.477237 4.845266
v -1.694103 1.477237 4.845266
v -1.694103 1.477237 4.845266
v -1.325688 1.461219 4.862620
v -1.325688 1.461219 4.862620
v -1.325688 1.461219 4.862620
v -1.312340 1.477237 4.845266
v -1.312340 1.477237 4.845266
v -1.312340 1.477237 4.845266
v -1.312340 1.477237 4.845266
v -1.683425 1.491920 4.857280
v -1.683425 1.491920 4.857280
v -1.683425 1.491920 4.857280
v -1.683425 1.491920 4.857280
v -1.321684 1.491920 4.857280
v -1.321684 1.491920 4.857280
v -1.321684 1.491920 4.857280
v -1.321684 1.491920 4.857280
v -1.312340 1.543979 4.857280
v -1.312340 1.543979 4.857280
v -1.294987 1.616060 4.835923
v -1.294987 1.616060 4.835923
v -1.273630 1.670788 4.809226
v -1.273630 1.670788 4.809226
v -1.273630 1.670788 4.809226
v -1.273630 1.670788 4.809226
v -1.273630 1.705494 4.810561
v -1.273630 1.705494 4.810561
v -1.273630 1.705494 4.810561
v -1.273630 1.705494 4.810561
v -1.260281 1.722847 4.794543
v -1.260281 1.722847 4.794543
v -1.260281 1.722847 4.794543
v -1.260281 1.722847 4.794543
v -1.273630 1.741534 4.810561
v -1.273630 1.741534 4.810561
v -1.273630 1.741534 4.810561
v -1.278970 1.741534 4.803886
v -1.278970 1.741534 4.803886
v -1.278970 1.741534 4.803886
v -1.732813 1.741534 4.810561
v -1.732813 1.741534 4.810561
v -1.732813 1.741534 4.810561
v -1.746162 1.722847 4.794543
v -1.746162 1.722847 4.794543
v -1.746162 1.722847 4.794543
v -1.746162 1.722847 4.794543
v -1.732813 1.705494 4.810561
v -1.732813 1.705494 4.810561
v -1.732813 1.705494 4.810561
v -1.732813 1.705494 4.810561
v -1.732813 1.670788 4.809226
v -1.732813 1.670788 4.809226
v -1.732813 1.670788 4.809226
v -1.732813 1.670788 4.809226
v -1.711456 1.616060 4.835923
v -1.711456 1.616060 4.835923
v -1.694103 1.543979 4.857280
v -1.694103 1.543979 4.857280
v -1.688763 1.491920 4.863955
v -1.688763 1.491920 4.863955
v -1.688763 1.491920 4.863955
v -1.688763 1.491920 4.863955
v -1.699442 1.477237 4.851941
v -1.699442 1.477237 4.851941
v -1.699442 1.477237 4.851941
v -1.699442 1.477237 4.851941
v -1.684760 1.461219 4.867959
v -1.684760 1.461219 4.867959
v -1.684760 1.461219 4.867959
v -1.321684 1.461219 4.867959
v -1.321684 1.461219 4.867959
v -1.321684 1.461219 4.867959
v -1.307001 1.477237 4.851941
v -1.307001 1.477237 4.851941
v -1.307001 1.477237 4.851941
v -1.307001 1.477237 4.851941
v -1.317680 1.491920 4.863955
v -1.317680 1.491920 4.863955
v -1.317680 1.491920 4.863955
v -1.317680 1.491920 4.863955
v -1.312340 1.543979 4.912008
v -1.294987 1.616060 4.912008
v -1.273630 1.670788 4.912008
v -1.273630 1.670788 4.912008
v -1.273630 1.705494 4.912008
v -1.273630 1.705494 4.912008
v -1.260281 1.722847 4.912008
v -1.260281 1.722847 4.912008
v -1.273630 1.741534 4.912008
v -1.273630 1.741534 4.912008
v -1.732813 1.741534 4.912008
v -1.732813 1.741534 4.912008
v -1.746162 1.722847 4.912008
v -1.746162 1.722847 4.912008
v -1.732813 1.705494 4.912008
v -1.732813 1.705494 4.912008
v -1.732813 1.670788 4.912008
v -1.732813 1.670788 4.912008
v -1.711456 1.616060 4.912008
v -1.694103 1.543979 4.912008
v -1.688763 1.491920 4.912008
v -1.688763 1.491920 4.912008
v -1.699442 1.477237 4.912008
v -1.699442 1.477237 4.912008
v -1.684760 1.461219 4.912008
v -1.684760 1.461219 4.912008
v -1.321684 1.461219 4.912008
v -1.321684 1.461219 4.912008
v -1.307001 1.477237 4.912008
v -1.307001 1.477237 4.912008
v -1.317680 1.491920 4.912008
v -1.317680 1.491920 4.912008
v -7.882402 1.741534 4.803886
v -7.882402 1.741534 4.803886
v -7.882402 1.741534 4.803886
v -7.225663 1.722847 4.787869
v -7.225663 1.722847 4.787869
v -7.225663 1.722847 4.787869
v -7.225663 1.722847 4.787869
v -7.901090 1.722847 4.787869
v -7.901090 1.722847 4.787869
v -7.901090 1.722847 4.787869
v -7.901090 1.722847 4.787869
v -7.244350 1.705494 4.803886
v -7.244350 1.705494 4.803886
v -7.244350 1.705494 4.803886
v -7.244350 1.705494 4.803886
v -7.883737 1.705494 4.803886
v -7.883737 1.705494 4.803886
v -7.883737 1.705494 4.803886
v -7.883737 1.705494 4.803886
v -7.883737 1.670788 4.803886
v -7.883737 1.670788 4.803886
v -7.883737 1.670788 4.803886
v -7.883737 1.670788 4.803886
v -7.244350 1.670788 4.803886
v -7.244350 1.670788 4.803886
v -7.244350 1.670788 4.803886
v -7.244350 1.670788 4.803886
v -7.275052 1.616060 4.830584
v -7.275052 1.616060 4.830584
v -7.853036 1.616060 4.830584
v -7.853036 1.616060 4.830584
v -7.815660 1.461219 4.862620
v -7.815660 1.461219 4.862620
v -7.815660 1.461219 4.862620
v -7.835683 1.477237 4.845266
v -7.835683 1.477237 4.845266
v -7.835683 1.477237 4.845266
v -7.835683 1.477237 4.845266
v -7.312428 1.461219 4.862620
v -7.312428 1.461219 4.862620
v -7.312428 1.461219 4.862620
v -7.292405 1.477237 4.845266
v -7.292405 1.477237 4.845266
v -7.292405 1.477237 4.845266
v -7.292405 1.477237 4.845266
v -7.821000 1.491920 4.857280
v -7.821000 1.491920 4.857280
v -7.821000 1.491920 4.857280
v -7.821000 1.491920 4.857280
v -7.307088 1.491920 4.857280
v -7.307088 1.491920 4.857280
v -7.307088 1.491920 4.857280
v -7.307088 1.491920 4.857280
v -7.829009 1.543979 4.851941
v -7.829009 1.543979 4.851941
v -7.299079 1.543979 4.851941
v -7.299079 1.543979 4.851941
v -7.292405 1.543979 4.857280
v -7.292405 1.543979 4.857280
v -7.268378 1.616060 4.835923
v -7.268378 1.616060 4.835923
v -7.237677 1.670788 4.809226
v -7.237677 1.670788 4.809226
v -7.237677 1.670788 4.809226
v -7.237677 1.670788 4.809226
v -7.237677 1.705494 4.810561
v -7.237677 1.705494 4.810561
v -7.237677 1.705494 4.810561
v -7.237677 1.705494 4.810561
v -7.218989 1.722847 4.794543
v -7.218989 1.722847 4.794543
v -7.218989 1.722847 4.794543
v -7.218989 1.722847 4.794543
v -7.237677 1.741534 4.810561
v -7.237677 1.741534 4.810561
v -7.237677 1.741534 4.810561
v -7.245686 1.741534 4.803886
v -7.245686 1.741534 4.803886
v -7.245686 1.741534 4.803886
v -7.890412 1.741534 4.810561
v -7.890412 1.741534 4.810561
v -7.890412 1.741534 4.810561
v -7.909100 1.722847 4.794543
v -7.909100 1.722847 4.794543
v -7.909100 1.722847 4.794543
v -7.909100 1.722847 4.794543
v -7.890412 1.705494 4.810561
v -7.890412 1.705494 4.810561
v -7.890412 1.705494 4.810561
v -7.890412 1.705494 4.810561
v -7.890412 1.670788 4.809226
v -7.890412 1.670788 4.809226
v -7.890412 1.670788 4.809226
v -7.890412 1.670788 4.809226
v -7.859710 1.616060 4.835923
v -7.859710 1.616060 4.835923
v -7.835683 1.543979 4.857280
v -7.835683 1.543979 4.857280
v -7.827673 1.491920 4.863955
v -7.827673 1.491920 4.863955
v -7.827673 1.491920 4.863955
v -7.827673 1.491920 4.863955
v -7.842357 1.477237 4.851941
v -7.842357 1.477237 4.851941
v -7.842357 1.477237 4.851941
v -7.842357 1.477237 4.851941
v -7.822335 1.461219 4.867959
v -7.822335 1.461219 4.867959
v -7.822335 1.461219 4.867959
v -7.305753 1.461219 4.867959
v -7.305753 1.461219 4.867959
v -7.305753 1.461219 4.867959
v -7.284396 1.477237 4.851941
v -7.284396 1.477237 4.851941
v -7.284396 1.477237 4.851941
v -7.284396 1.477237 4.851941
v -7.300414 1.491920 4.863955
v -7.300414 1.491920 4.863955
v -7.300414 1.491920 4.863955
v -7.300414 1.491920 4.863955
v -7.292405 1.543979 4.912008
v -7.268378 1.616060 4.912008
v -7.237677 1.670788 4.912008
v -7.237677 1.670788 4.912008
v -7.237677 1.705494 4.912008
v -7.237677 1.705494 4.912008
v -7.218989 1.722847 4.912008
v -7.218989 1.722847 4.912008
v -7.237677 1.741534 4.912008
v -7.237677 1.741534 4.912008
v -7.890412 1.741534 4.912008
v -7.890412 1.741534 4.912008
v -7.909100 1.722847 4.912008
v -7.909100 1.722847 4.912008
v -7.890412 1.705494 4.912008
v -7.890412 1.705494 4.912008
v -7.890412 1.670788 4.912008
v -7.890412 1.670788 4.912008
v -7.859710 1.616060 4.912008
v -7.835683 1.543979 4.912008
v -7.827673 1.491920 4.912008
v -7.827673 1.491920 4.912008
v -7.842357 1.477237 4.912008
v -7.842357 1.477237 4.912008
v -7.822335 1.461219 4.912008
v -7.822335 1.461219 4.912008
v -7.305753 1.461219 4.912008
v -7.305753 1.461219 4.912008
v -7.284396 1.477237 4.912008
v -7.284396 1.477237 4.912008
v -7.300414 1.491920 4.912008
v -7.300414 1.491920 4.912008
v -4.696149 1.741534 4.803886
v -4.696149 1.741534 4.803886
v -4.696149 1.741534 4.803886
v -4.234296 1.722847 4.787869
v -4.234296 1.722847 4.787869
v -4.234296 1.722847 4.787869
v -4.234296 1.722847 4.787869
v -4.709497 1.722847 4.787869
v -4.709497 1.722847 4.787869
v -4.709497 1.722847 4.787869
v -4.709497 1.722847 4.787869
v -4.247644 1.705494 4.803886
v -4.247644 1.705494 4.803886
v -4.247644 1.705494 4.803886
v -4.247644 1.705494 4.803886
v -4.696149 1.705494 4.803886
v -4.696149 1.705494 4.803886
v -4.696149 1.705494 4.803886
v -4.696149 1.705494 4.803886
v -4.696149 1.670788 4.803886
v -4.696149 1.670788 4.803886
v -4.696149 1.670788 4.803886
v -4.696149 1.670788 4.803886
v -4.246309 1.670788 4.803886
v -4.246309 1.670788 4.803886
v -4.246309 1.670788 4.803886
v -4.246309 1.670788 4.803886
v -4.269002 1.616060 4.830584
v -4.269002 1.616060 4.830584
v -4.674792 1.616060 4.830584
v -4.674792 1.616060 4.830584
v -4.285020 1.543979 4.851941
v -4.285020 1.543979 4.851941
v -4.657439 1.543979 4.851941
v -4.657439 1.543979 4.851941
v -4.649430 1.461219 4.862620
v -4.649430 1.461219 4.862620
v -4.649430 1.461219 4.862620
v -4.662778 1.477237 4.845266
v -4.662778 1.477237 4.845266
v -4.662778 1.477237 4.845266
v -4.662778 1.477237 4.845266
v -4.294363 1.461219 4.862620
v -4.294363 1.461219 4.862620
v -4.294363 1.461219 4.862620
v -4.281015 1.477237 4.845266
v -4.281015 1.477237 4.845266
v -4.281015 1.477237 4.845266
v -4.281015 1.477237 4.845266
v -4.652100 1.491920 4.857280
v -4.652100 1.491920 4.857280
v -4.652100 1.491920 4.857280
v -4.652100 1.491920 4.857280
v -4.290359 1.491920 4.857280
v -4.290359 1.491920 4.857280
v -4.290359 1.491920 4.857280
v -4.290359 1.491920 4.857280
v -4.281015 1.543979 4.857280
v -4.281015 1.543979 4.857280
v -4.263662 1.616060 4.835923
v -4.263662 1.616060 4.835923
v -4.242305 1.670788 4.809226
v -4.242305 1.670788 4.809226
v -4.242305 1.670788 4.809226
v -4.242305 1.670788 4.809226
v -4.242305 1.705494 4.810561
v -4.242305 1.705494 4.810561
v -4.242305 1.705494 4.810561
v -4.242305 1.705494 4.810561
v -4.228956 1.722847 4.794543
v -4.228956 1.722847 4.794543
v -4.228956 1.722847 4.794543
v -4.228956 1.722847 4.794543
v -4.242305 1.741534 4.810561
v -4.242305 1.741534 4.810561
v -4.242305 1.741534 4.810561
v -4.247644 1.741534 4.803886
v -4.247644 1.741534 4.803886
v -4.247644 1.741534 4.803886
v -4.701488 1.741534 4.810561
v -4.701488 1.741534 4.810561
v -4.701488 1.741534 4.810561
v -4.714837 1.722847 4.794543
v -4.714837 1.722847 4.794543
v -4.714837 1.722847 4.794543
v -4.714837 1.722847 4.794543
v -4.701488 1.705494 4.810561
v -4.701488 1.705494 4.810561
v -4.701488 1.705494 4.810561
v -4.701488 1.705494 4.810561
v -4.701488 1.670788 4.809226
v -4.701488 1.670788 4.809226
v -4.701488 1.670788 4.809226
v -4.701488 1.670788 4.809226
v -4.680131 1.616060 4.835923
v -4.680131 1.616060 4.835923
v -4.662778 1.543979 4.857280
v -4.662778 1.543979 4.857280
v -4.657439 1.491920 4.863955
v -4.657439 1.491920 4.863955
v -4.657439 1.491920 4.863955
v -4.657439 1.491920 4.863955
v -4.668118 1.477237 4.851941
v -4.668118 1.477237 4.851941
v -4.668118 1.477237 4.851941
v -4.668118 1.477237 4.851941
v -4.653434 1.461219 4.867959
v -4.653434 1.461219 4.867959
v -4.653434 1.461219 4.867959
v -4.290359 1.461219 4.867959
v -4.290359 1.461219 4.867959
v -4.290359 1.461219 4.867959
v -4.275676 1.477237 4.851941
v -4.275676 1.477237 4.851941
v -4.275676 1.477237 4.851941
v -4.275676 1.477237 4.851941
v -4.286355 1.491920 4.863955
v -4.286355 1.491920 4.863955
v -4.286355 1.491920 4.863955
v -4.286355 1.491920 4.863955
v -4.281015 1.543979 4.912008
v -4.263662 1.616060 4.912008
v -4.242305 1.670788 4.912008
v -4.242305 1.670788 4.912008
v -4.242305 1.705494 4.912008
v -4.242305 1.705494 4.912008
v -4.228956 1.722847 4.912008
v -4.228956 1.722847 4.912008
v -4.242305 1.741534 4.912008
v -4.242305 1.741534 4.912008
v -4.701488 1.741534 4.912008
v -4.701488 1.741534 4.912008
v -4.714837 1.722847 4.912008
v -4.714837 1.722847 4.912008
v -4.701488 1.705494 4.912008
v -4.701488 1.705494 4.912008
v -4.701488 1.670788 4.912008
v -4.701488 1.670788 4.912008
v -4.680131 1.616060 4.912008
v -4.662778 1.543979 4.912008
v -4.657439 1.491920 4.912008
v -4.657439 1.491920 4.912008
v -4.668118 1.477237 4.912008
v -4.668118 1.477237 4.912008
v -4.653434 1.461219 4.912008
v -4.653434 1.461219 4.912008
v -4.290359 1.461219 4.912008
v -4.290359 1.461219 4.912008
v -4.275676 1.477237 4.912008
v -4.275676 1.477237 4.912008
v -4.286355 1.491920 4.912008
v -4.286355 1.491920 4.912008
v 10.801295 1.741534 2.207630
v 10.801295 1.741534 2.207630
v 10.801295 1.741534 2.207630
v 10.783944 1.722847 1.533538
v 10.783944 1.722847 1.533538
v 10.783944 1.722847 1.533538
v 10.783944 1.722847 1.533538
v 10.783944 1.722847 2.226318
v 10.783944 1.722847 2.226318
v 10.783944 1.722847 2.226318
v 10.783944 1.722847 2.226318
v 10.801295 1.705494 1.552225
v 10.801295 1.705494 1.552225
v 10.801295 1.705494 1.552225
v 10.801295 1.705494 1.552225
v 10.801295 1.705494 2.207630
v 10.801295 1.705494 2.207630
v 10.801295 1.705494 2.207630
v 10.801295 1.705494 2.207630
v 10.801295 1.670788 2.207630
v 10.801295 1.670788 2.207630
v 10.801295 1.670788 2.207630
v 10.801295 1.670788 2.207630
v 10.801295 1.670788 1.552225
v 10.801295 1.670788 1.552225
v 10.801295 1.670788 1.552225
v 10.801295 1.670788 1.552225
v 10.827992 1.616060 1.584261
v 10.827992 1.616060 1.584261
v 10.827992 1.616060 2.176929
v 10.827992 1.616060 2.176929
v 10.858694 1.461219 2.138218
v 10.858694 1.461219 2.138218
v 10.858694 1.461219 2.138218
v 10.841340 1.477237 2.158241
v 10.841340 1.477237 2.158241
v 10.841340 1.477237 2.158241
v 10.841340 1.477237 2.158241
v 10.858694 1.461219 1.621637
v 10.858694 1.461219 1.621637
v 10.858694 1.461219 1.621637
v 10.841340 1.477237 1.601614
v 10.841340 1.477237 1.601614
v 10.841340 1.477237 1.601614
v 10.841340 1.477237 1.601614
v 10.854690 1.491920 2.143558
v 10.854690 1.491920 2.143558
v 10.854690 1.491920 2.143558
v 10.854690 1.491920 2.143558
v 10.854690 1.491920 1.616297
v 10.854690 1.491920 1.616297
v 10.854690 1.491920 1.616297
v 10.854690 1.491920 1.616297
v 10.848016 1.543979 2.151567
v 10.848016 1.543979 2.151567
v 10.848016 1.543979 1.608289
v 10.848016 1.543979 1.608289
v 10.853354 1.543979 1.601614
v 10.853354 1.543979 1.601614
v 10.833332 1.616060 1.577587
v 10.833332 1.616060 1.577587
v 10.806635 1.670788 1.545551
v 10.806635 1.670788 1.545551
v 10.806635 1.670788 1.545551
v 10.806635 1.670788 1.545551
v 10.806635 1.705494 1.545551
v 10.806635 1.705494 1.545551
v 10.806635 1.705494 1.545551
v 10.806635 1.705494 1.545551
v 10.790618 1.722847 1.525529
v 10.790618 1.722847 1.525529
v 10.790618 1.722847 1.525529
v 10.790618 1.722847 1.525529
v 10.807969 1.741534 1.545551
v 10.807969 1.741534 1.545551
v 10.807969 1.741534 1.545551
v 10.801295 1.741534 1.553560
v 10.801295 1.741534 1.553560
v 10.801295 1.741534 1.553560
v 10.807969 1.741534 2.214304
v 10.807969 1.741534 2.214304
v 10.807969 1.741534 2.214304
v 10.790618 1.722847 2.234327
v 10.790618 1.722847 2.234327
v 10.790618 1.722847 2.234327
v 10.790618 1.722847 2.234327
v 10.806635 1.705494 2.214304
v 10.806635 1.705494 2.214304
v 10.806635 1.705494 2.214304
v 10.806635 1.705494 2.214304
v 10.806635 1.670788 2.214304
v 10.806635 1.670788 2.214304
v 10.806635 1.670788 2.214304
v 10.806635 1.670788 2.214304
v 10.833332 1.616060 2.183603
v 10.833332 1.616060 2.183603
v 10.853354 1.543979 2.158241
v 10.853354 1.543979 2.158241
v 10.860027 1.491920 2.150232
v 10.860027 1.491920 2.150232
v 10.860027 1.491920 2.150232
v 10.860027 1.491920 2.150232
v 10.848016 1.477237 2.166250
v 10.848016 1.477237 2.166250
v 10.848016 1.477237 2.166250
v 10.848016 1.477237 2.166250
v 10.865368 1.461219 2.144893
v 10.865368 1.461219 2.144893
v 10.865368 1.461219 2.144893
v 10.865368 1.461219 1.614962
v 10.865368 1.461219 1.614962
v 10.865368 1.461219 1.614962
v 10.848016 1.477237 1.593605
v 10.848016 1.477237 1.593605
v 10.848016 1.477237 1.593605
v 10.848016 1.477237 1.593605
v 10.860027 1.491920 1.609623
v 10.860027 1.491920 1.609623
v 10.860027 1.491920 1.609623
v 10.860027 1.491920 1.609623
v 10.909418 1.543979 1.601614
v 10.909418 1.616060 1.577587
v 10.909418 1.670788 1.545551
v 10.909418 1.670788 1.545551
v 10.909418 1.705494 1.545551
v 10.909418 1.705494 1.545551
v 10.909418 1.722847 1.525529
v 10.909418 1.722847 1.525529
v 10.909418 1.741534 1.545551
v 10.909418 1.741534 1.545551
v 10.909418 1.741534 2.214304
v 10.909418 1.741534 2.214304
v 10.909418 1.722847 2.234327
v 10.909418 1.722847 2.234327
v 10.909418 1.705494 2.214304
v 10.909418 1.705494 2.214304
v 10.909418 1.670788 2.214304
v 10.909418 1.670788 2.214304
v 10.909418 1.616060 2.183603
v 10.909418 1.543979 2.158241
v 10.909418 1.491920 2.150232
v 10.909418 1.491920 2.150232
v 10.909418 1.477237 2.166250
v 10.909418 1.477237 2.166250
v 10.909418 1.461219 2.144893
v 10.909418 1.461219 2.144893
v 10.909418 1.461219 1.614962
v 10.909418 1.461219 1.614962
v 10.909418 1.477237 1.593605
v 10.909418 1.477237 1.593605
v 10.909418 1.491920 1.609623
v 10.909418 1.491920 1.609623
v 10.801295 1.741534 -1.491201
v 10.801295 1.741534 -1.491201
v 10.801295 1.741534 -1.491201
v 10.783944 1.722847 -2.163959
v 10.783944 1.722847 -2.163959
v 10.783944 1.722847 -2.163959
v 10.783944 1.722847 -2.163959
v 10.783944 1.722847 -1.471179
v 10.783944 1.722847 -1.471179
v 10.783944 1.722847 -1.471179
v 10.783944 1.722847 -1.471179
v 10.801295 1.705494 -2.145271
v 10.801295 1.705494 -2.145271
v 10.801295 1.705494 -2.145271
v 10.801295 1.705494 -2.145271
v 10.801295 1.705494 -1.489866
v 10.801295 1.705494 -1.489866
v 10.801295 1.705494 -1.489866
v 10.801295 1.705494 -1.489866
v 10.801295 1.670788 -1.489866
v 10.801295 1.670788 -1.489866
v 10.801295 1.670788 -1.489866
v 10.801295 1.670788 -1.489866
v 10.801295 1.670788 -2.145271
v 10.801295 1.670788 -2.145271
v 10.801295 1.670788 -2.145271
v 10.801295 1.670788 -2.145271
v 10.827992 1.616060 -2.114570
v 10.827992 1.616060 -2.114570
v 10.827992 1.616060 -1.521903
v 10.827992 1.616060 -1.521903
v 10.858694 1.461219 -1.559278
v 10.858694 1.461219 -1.559278
v 10.858694 1.461219 -1.559278
v 10.841340 1.477237 -1.539255
v 10.841340 1.477237 -1.539255
v 10.841340 1.477237 -1.539255
v 10.841340 1.477237 -1.539255
v 10.858694 1.461219 -2.075860
v 10.858694 1.461219 -2.075860
v 10.858694 1.461219 -2.075860
v 10.841340 1.477237 -2.095882
v 10.841340 1.477237 -2.095882
v 10.841340 1.477237 -2.095882
v 10.841340 1.477237 -2.095882
v 10.854690 1.491920 -1.553939
v 10.854690 1.491920 -1.553939
v 10.854690 1.491920 -1.553939
v 10.854690 1.491920 -1.553939
v 10.854690 1.491920 -2.081199
v 10.854690 1.491920 -2.081199
v 10.854690 1.491920 -2.081199
v 10.854690 1.491920 -2.081199
v 10.848016 1.543979 -1.545930
v 10.848016 1.543979 -1.545930
v 10.848016 1.543979 -2.089208
v 10.848016 1.543979 -2.089208
v 10.853354 1.543979 -2.095882
v 10.853354 1.543979 -2.095882
v 10.833332 1.616060 -2.121244
v 10.833332 1.616060 -2.121244
v 10.806635 1.670788 -2.151945
v 10.806635 1.670788 -2.151945
v 10.806635 1.670788 -2.151945
v 10.806635 1.670788 -2.151945
v 10.806635 1.705494 -2.151945
v 10.806635 1.705494 -2.151945
v 10.806635 1.705494 -2.151945
v 10.806635 1.705494 -2.151945
v 10.790618 1.722847 -2.171968
v 10.790618 1.722847 -2.171968
v 10.790618 1.722847 -2.171968
v 10.790618 1.722847 -2.171968
v 10.807969 1.741534 -2.151945
v 10.807969 1.741534 -2.151945
v 10.807969 1.741534 -2.151945
v 10.801295 1.741534 -2.143936
v 10.801295 1.741534 -2.143936
v 10.801295 1.741534 -2.143936
v 10.807969 1.741534 -1.483192
v 10.807969 1.741534 -1.483192
v 10.807969 1.741534 -1.483192
v 10.790618 1.722847 -1.463170
v 10.790618 1.722847 -1.463170
v 10.790618 1.722847 -1.463170
v 10.790618 1.722847 -1.463170
v 10.806635 1.705494 -1.483192
v 10.806635 1.705494 -1.483192
v 10.806635 1.705494 -1.483192
v 10.806635 1.705494 -1.483192
v 10.806635 1.670788 -1.483192
v 10.806635 1.670788 -1.483192
v 10.806635 1.670788 -1.483192
v 10.806635 1.670788 -1.483192
v 10.833332 1.616060 -1.515228
v 10.833332 1.616060 -1.515228
v 10.853354 1.543979 -1.539255
v 10.853354 1.543979 -1.539255
v 10.860027 1.491920 -1.547265
v 10.860027 1.491920 -1.547265
v 10.860027 1.491920 -1.547265
v 10.860027 1.491920 -1.547265
v 10.848016 1.477237 -1.531246
v 10.848016 1.477237 -1.531246
v 10.848016 1.477237 -1.531246
v 10.848016 1.477237 -1.531246
v 10.865368 1.461219 -1.552604
v 10.865368 1.461219 -1.552604
v 10.865368 1.461219 -1.552604
v 10.865368 1.461219 -2.082534
v 10.865368 1.461219 -2.082534
v 10.865368 1.461219 -2.082534
v 10.848016 1.477237 -2.103891
v 10.848016 1.477237 -2.103891
v 10.848016 1.477237 -2.103891
v 10.848016 1.477237 -2.103891
v 10.860027 1.491920 -2.087873
v 10.860027 1.491920 -2.087873
v 10.860027 1.491920 -2.087873
v 10.860027 1.491920 -2.087873
v 10.909418 1.543979 -2.095882
v 10.909418 1.616060 -2.121244
v 10.909418 1.670788 -2.151945
v 10.909418 1.670788 -2.151945
v 10.909418 1.705494 -2.151945
v 10.909418 1.705494 -2.151945
v 10.909418 1.722847 -2.171968
v 10.909418 1.722847 -2.171968
v 10.909418 1.741534 -2.151945
v 10.909418 1.741534 -2.151945
v 10.909418 1.741534 -1.483192
v 10.909418 1.741534 -1.483192
v 10.909418 1.722847 -1.463170
v 10.909418 1.722847 -1.463170
v 10.909418 1.705494 -1.483192
v 10.909418 1.705494 -1.483192
v 10.909418 1.670788 -1.483192
v 10.909418 1.670788 -1.483192
v 10.909418 1.616060 -1.515228
v 10.909418 1.543979 -1.539255
v 10.909418 1.491920 -1.547265
v 10.909418 1.491920 -1.547265
v 10.909418 1.477237 -1.531246
v 10.909418 1.477237 -1.531246
v 10.909418 1.461219 -1.552604
v 10.909418 1.461219 -1.552604
v 10.909418 1.461219 -2.082534
v 10.909418 1.461219 -2.082534
v 10.909418 1.477237 -2.103891
v 10.909418 1.477237 -2.103891
v 10.909418 1.491920 -2.087873
v 10.909418 1.491920 -2.087873
v 10.864034 1.491920 4.861285
v 10.864034 1.491920 4.861285
v 10.864034 1.491920 4.861285
v 10.864034 1.491920 4.861285
v 10.854690 1.477237 4.847936
v 10.854690 1.477237 4.847936
v 10.854690 1.477237 4.847936
v 10.854690 1.477237 4.847936
v 10.849350 1.477237 4.853276
v 10.849350 1.477237 4.853276
v 10.849350 1.477237 4.853276
v 10.849350 1.477237 4.853276
v 10.868037 1.461219 4.865289
v 10.868037 1.461219 4.865289
v 10.868037 1.461219 4.865289
v 10.868037 1.461219 4.865289
v 10.864034 1.461219 4.870628
v 10.864034 1.461219 4.870628
v 10.864034 1.461219 4.870628
v 10.872042 1.461219 4.870628
v 10.872042 1.461219 4.870628
v 10.872042 1.461219 4.859950
v 10.872042 1.461219 4.859950
v 10.872042 1.461219 4.859950
v 10.858694 1.477237 4.842597
v 10.858694 1.477237 4.842597
v 10.858694 1.477237 4.842597
v 10.858694 1.477237 4.842597
v 10.868037 1.491920 4.855945
v 10.868037 1.491920 4.855945
v 10.868037 1.491920 4.855945
v 10.868037 1.491920 4.855945
v 10.858694 1.543979 4.854610
v 10.858694 1.543979 4.854610
v 10.862698 1.543979 4.849271
v 10.862698 1.543979 4.849271
v 10.842676 1.616060 4.833252
v 10.842676 1.616060 4.833252
v 10.845346 1.616060 4.829249
v 10.845346 1.616060 4.829249
v 10.819983 1.670788 4.806556
v 10.819983 1.670788 4.806556
v 10.819983 1.670788 4.806556
v 10.819983 1.670788 4.806556
v 10.823989 1.670788 4.802551
v 10.823989 1.670788 4.802551
v 10.823989 1.670788 4.802551
v 10.823989 1.670788 4.802551
v 10.823989 1.705494 4.802551
v 10.823989 1.705494 4.802551
v 10.823989 1.705494 4.802551
v 10.823989 1.705494 4.802551
v 10.819983 1.705494 4.806556
v 10.819983 1.705494 4.806556
v 10.819983 1.705494 4.806556
v 10.819983 1.705494 4.806556
v 10.807969 1.722847 4.790539
v 10.807969 1.722847 4.790539
v 10.807969 1.722847 4.790539
v 10.807969 1.722847 4.790539
v 10.811975 1.722847 4.785199
v 10.811975 1.722847 4.785199
v 10.811975 1.722847 4.785199
v 10.811975 1.722847 4.785199
v 10.825322 1.741534 4.802551
v 10.825322 1.741534 4.802551
v 10.825322 1.741534 4.802551
v 10.821319 1.741534 4.807891
v 10.821319 1.741534 4.807891
v 10.821319 1.741534 4.807891
v 10.821319 1.741534 4.807891
v 10.815979 1.741534 4.811895
v 10.815979 1.741534 4.811895
v 10.815979 1.741534 4.811895
v 10.802631 1.722847 4.795877
v 10.802631 1.722847 4.795877
v 10.802631 1.722847 4.795877
v 10.802631 1.722847 4.795877
v 10.815979 1.705494 4.811895
v 10.815979 1.705494 4.811895
v 10.815979 1.705494 4.811895
v 10.815979 1.705494 4.811895
v 10.815979 1.670788 4.811895
v 10.815979 1.670788 4.811895
v 10.815979 1.670788 4.811895
v 10.815979 1.670788 4.811895
v 10.838671 1.616060 4.838593
v 10.838671 1.616060 4.838593
v 10.854690 1.543979 4.858615
v 10.854690 1.543979 4.858615
v 10.860027 1.491920 4.865289
v 10.860027 1.491920 4.865289
v 10.860027 1.491920 4.865289
v 10.860027 1.491920 4.865289
v 10.860027 1.491920 4.914679
v 10.860027 1.491920 4.914679
v 10.849350 1.477237 4.914679
v 10.849350 1.477237 4.914679
v 10.864034 1.461219 4.914679
v 10.864034 1.461219 4.914679
v 10.908082 1.461219 4.914679
v 10.908082 1.461219 4.914679
v 10.908082 1.461219 4.859950
v 10.908082 1.461219 4.859950
v 10.908082 1.477237 4.842597
v 10.908082 1.477237 4.842597
v 10.908082 1.491920 4.855945
v 10.908082 1.491920 4.855945
v 10.908082 1.543979 4.849271
v 10.908082 1.616060 4.829249
v 10.908082 1.670788 4.802551
v 10.908082 1.670788 4.802551
v 10.908082 1.705494 4.802551
v 10.908082 1.705494 4.802551
v 10.908082 1.722847 4.785199
v 10.908082 1.722847 4.785199
v 10.908082 1.741534 4.802551
v 10.908082 1.741534 4.802551
v 10.908082 1.741534 4.914679
v 10.908082 1.741534 4.914679
v 10.815979 1.741534 4.914679
v 10.815979 1.741534 4.914679
v 10.802631 1.722847 4.914679
v 10.802631 1.722847 4.914679
v 10.815979 1.705494 4.914679
v 10.815979 1.705494 4.914679
v 10.815979 1.670788 4.914679
v 10.815979 1.670788 4.914679
v 10.838671 1.616060 4.914679
v 10.854690 1.543979 4.914679
v 10.864034 1.491920 -4.800261
v 10.864034 1.491920 -4.800261
v 10.864034 1.491920 -4.800261
v 10.864034 1.491920 -4.800261
v 10.858694 1.543979 -4.793586
v 10.858694 1.543979 -4.793586
v 10.854690 1.543979 -4.797590
v 10.854690 1.543979 -4.797590
v 10.838671 1.616060 -4.777568
v 10.838671 1.616060 -4.777568
v 10.842676 1.616060 -4.772229
v 10.842676 1.616060 -4.772229
v 10.815979 1.670788 -4.750871
v 10.815979 1.670788 -4.750871
v 10.815979 1.670788 -4.750871
v 10.815979 1.670788 -4.750871
v 10.819983 1.670788 -4.745532
v 10.819983 1.670788 -4.745532
v 10.819983 1.670788 -4.745532
v 10.819983 1.670788 -4.745532
v 10.815979 1.705494 -4.750871
v 10.815979 1.705494 -4.750871
v 10.815979 1.705494 -4.750871
v 10.815979 1.705494 -4.750871
v 10.819983 1.705494 -4.745532
v 10.819983 1.705494 -4.745532
v 10.819983 1.705494 -4.745532
v 10.819983 1.705494 -4.745532
v 10.802631 1.722847 -4.734853
v 10.802631 1.722847 -4.734853
v 10.802631 1.722847 -4.734853
v 10.802631 1.722847 -4.734853
v 10.807969 1.722847 -4.729514
v 10.807969 1.722847 -4.729514
v 10.807969 1.722847 -4.729514
v 10.807969 1.722847 -4.729514
v 10.815979 1.741534 -4.750871
v 10.815979 1.741534 -4.750871
v 10.815979 1.741534 -4.750871
v 10.821319 1.741534 -4.746867
v 10.821319 1.741534 -4.746867
v 10.821319 1.741534 -4.746867
v 10.821319 1.741534 -4.746867
v 10.825322 1.741534 -4.741528
v 10.825322 1.741534 -4.741528
v 10.825322 1.741534 -4.741528
v 10.811975 1.722847 -4.724174
v 10.811975 1.722847 -4.724174
v 10.811975 1.722847 -4.724174
v 10.811975 1.722847 -4.724174
v 10.823989 1.705494 -4.741528
v 10.823989 1.705494 -4.741528
v 10.823989 1.705494 -4.741528
v 10.823989 1.705494 -4.741528
v 10.823989 1.670788 -4.741528
v 10.823989 1.670788 -4.741528
v 10.823989 1.670788 -4.741528
v 10.823989 1.670788 -4.741528
v 10.845346 1.616060 -4.768224
v 10.845346 1.616060 -4.768224
v 10.862698 1.543979 -4.788247
v 10.862698 1.543979 -4.788247
v 10.868037 1.491920 -4.794921
v 10.868037 1.491920 -4.794921
v 10.868037 1.491920 -4.794921
v 10.868037 1.491920 -4.794921
v 10.854690 1.477237 -4.786912
v 10.854690 1.477237 -4.786912
v 10.854690 1.477237 -4.786912
v 10.854690 1.477237 -4.786912
v 10.858694 1.477237 -4.781572
v 10.858694 1.477237 -4.781572
v 10.858694 1.477237 -4.781572
v 10.858694 1.477237 -4.781572
v 10.872042 1.461219 -4.798925
v 10.872042 1.461219 -4.798925
v 10.872042 1.461219 -4.798925
v 10.868037 1.461219 -4.804265
v 10.868037 1.461219 -4.804265
v 10.868037 1.461219 -4.804265
v 10.868037 1.461219 -4.804265
v 10.872042 1.461219 -4.809604
v 10.872042 1.461219 -4.809604
v 10.864034 1.461219 -4.809604
v 10.864034 1.461219 -4.809604
v 10.864034 1.461219 -4.809604
v 10.849350 1.477237 -4.792251
v 10.849350 1.477237 -4.792251
v 10.849350 1.477237 -4.792251
v 10.849350 1.477237 -4.792251
v 10.860027 1.491920 -4.804265
v 10.860027 1.491920 -4.804265
v 10.860027 1.491920 -4.804265
v 10.860027 1.491920 -4.804265
v 10.854690 1.543979 -4.853654
v 10.838671 1.616060 -4.853654
v 10.815979 1.670788 -4.853654
v 10.815979 1.670788 -4.853654
v 10.815979 1.705494 -4.853654
v 10.815979 1.705494 -4.853654
v 10.802631 1.722847 -4.853654
v 10.802631 1.722847 -4.853654
v 10.815979 1.741534 -4.853654
v 10.815979 1.741534 -4.853654
v 10.908082 1.741534 -4.853654
v 10.908082 1.741534 -4.853654
v 10.908082 1.741534 -4.741528
v 10.908082 1.741534 -4.741528
v 10.908082 1.722847 -4.724174
v 10.908082 1.722847 -4.724174
v 10.908082 1.705494 -4.741528
v 10.908082 1.705494 -4.741528
v 10.908082 1.670788 -4.741528
v 10.908082 1.670788 -4.741528
v 10.908082 1.616060 -4.768224
v 10.908082 1.543979 -4.788247
v 10.908082 1.491920 -4.794921
v 10.908082 1.491920 -4.794921
v 10.908082 1.477237 -4.781572
v 10.908082 1.477237 -4.781572
v 10.908082 1.461219 -4.798925
v 10.908082 1.461219 -4.798925
v 10.908082 1.461219 -4.853654
v 10.908082 1.461219 -4.853654
v 10.864034 1.461219 -4.853654
v 10.864034 1.461219 -4.853654
v 10.849350 1.477237 -4.853654
v 10.849350 1.477237 -4.853654
v 10.860027 1.491920 -4.853654
v 10.860027 1.491920 -4.853654
v -10.913815 5.313556 4.861285
v -10.913815 5.313556 4.861285
v -10.913815 5.313556 4.861285
v -10.913815 5.313556 4.861285
v -10.908476 5.365615 4.854610
v -10.908476 5.365615 4.854610
v -10.905807 5.365615 4.858615
v -10.905807 5.365615 4.858615
v -10.888453 5.437696 4.838593
v -10.888453 5.437696 4.838593
v -10.892458 5.437696 4.833252
v -10.892458 5.437696 4.833252
v -10.867096 5.492424 4.811895
v -10.867096 5.492424 4.811895
v -10.867096 5.492424 4.811895
v -10.867096 5.492424 4.811895
v -10.869766 5.492424 4.806556
v -10.869766 5.492424 4.806556
v -10.869766 5.492424 4.806556
v -10.869766 5.492424 4.806556
v -10.867096 5.527130 4.811895
v -10.867096 5.527130 4.811895
v -10.867096 5.527130 4.811895
v -10.867096 5.527130 4.811895
v -10.869766 5.527130 4.806556
v -10.869766 5.527130 4.806556
v -10.869766 5.527130 4.806556
v -10.869766 5.527130 4.806556
v -10.853747 5.544483 4.795877
v -10.853747 5.544483 4.795877
v -10.853747 5.544483 4.795877
v -10.853747 5.544483 4.795877
v -10.857753 5.544483 4.790539
v -10.857753 5.544483 4.790539
v -10.857753 5.544483 4.790539
v -10.857753 5.544483 4.790539
v -10.867096 5.563170 4.811895
v -10.867096 5.563170 4.811895
v -10.867096 5.563170 4.811895
v -10.871100 5.563170 4.807891
v -10.871100 5.563170 4.807891
v -10.871100 5.563170 4.807891
v -10.871100 5.563170 4.807891
v -10.875105 5.563170 4.802551
v -10.875105 5.563170 4.802551
v -10.875105 5.563170 4.802551
v -10.861756 5.544483 4.785199
v -10.861756 5.544483 4.785199
v -10.861756 5.544483 4.785199
v -10.861756 5.544483 4.785199
v -10.873770 5.527130 4.802551
v -10.873770 5.527130 4.802551
v -10.873770 5.527130 4.802551
v -10.873770 5.527130 4.802551
v -10.873770 5.492424 4.802551
v -10.873770 5.492424 4.802551
v -10.873770 5.492424 4.802551
v -10.873770 5.492424 4.802551
v -10.896462 5.437696 4.829249
v -10.896462 5.437696 4.829249
v -10.912480 5.365615 4.849271
v -10.912480 5.365615 4.849271
v -10.917820 5.313556 4.855945
v -10.917820 5.313556 4.855945
v -10.917820 5.313556 4.855945
v -10.917820 5.313556 4.855945
v -10.904471 5.298873 4.847936
v -10.904471 5.298873 4.847936
v -10.904471 5.298873 4.847936
v -10.904471 5.298873 4.847936
v -10.908476 5.298873 4.842597
v -10.908476 5.298873 4.842597
v -10.908476 5.298873 4.842597
v -10.908476 5.298873 4.842597
v -10.921824 5.282855 4.859950
v -10.921824 5.282855 4.859950
v -10.921824 5.282855 4.859950
v -10.917820 5.282855 4.865289
v -10.917820 5.282855 4.865289
v -10.917820 5.282855 4.865289
v -10.917820 5.282855 4.865289
v -10.921824 5.282855 4.870628
v -10.921824 5.282855 4.870628
v -10.913815 5.282855 4.870628
v -10.913815 5.282855 4.870628
v -10.913815 5.282855 4.870628
v -10.899133 5.298873 4.853276
v -10.899133 5.298873 4.853276
v -10.899133 5.298873 4.853276
v -10.899133 5.298873 4.853276
v -10.909811 5.313556 4.865289
v -10.909811 5.313556 4.865289
v -10.909811 5.313556 4.865289
v -10.909811 5.313556 4.865289
v -10.905807 5.365615 4.914679
v -10.888453 5.437696 4.914679
v -10.867096 5.492424 4.914679
v -10.867096 5.492424 4.914679
v -10.867096 5.527130 4.914679
v -10.867096 5.527130 4.914679
v -10.853747 5.544483 4.914679
v -10.853747 5.544483 4.914679
v -10.867096 5.563170 4.914679
v -10.867096 5.563170 4.914679
v -10.957865 5.563170 4.914679
v -10.957865 5.563170 4.914679
v -10.957865 5.563170 4.802551
v -10.957865 5.563170 4.802551
v -10.957865 5.544483 4.785199
v -10.957865 5.544483 4.785199
v -10.957865 5.527130 4.802551
v -10.957865 5.527130 4.802551
v -10.957865 5.492424 4.802551
v -10.957865 5.492424 4.802551
v -10.957865 5.437696 4.829249
v -10.957865 5.365615 4.849271
v -10.957865 5.313556 4.855945
v -10.957865 5.313556 4.855945
v -10.957865 5.298873 4.842597
v -10.957865 5.298873 4.842597
v -10.957865 5.282855 4.859950
v -10.957865 5.282855 4.859950
v -10.957865 5.282855 4.914679
v -10.957865 5.282855 4.914679
v -10.913815 5.282855 4.914679
v -10.913815 5.282855 4.914679
v -10.899133 5.298873 4.914679
v -10.899133 5.298873 4.914679
v -10.909811 5.313556 4.914679
v -10.909811 5.313556 4.914679
v -10.913815 5.313556 -4.800261
v -10.913815 5.313556 -4.800261
v -10.913815 5.313556 -4.800261
v -10.913815 5.313556 -4.800261
v -10.904471 5.298873 -4.786912
v -10.904471 5.298873 -4.786912
v -10.904471 5.298873 -4.786912
v -10.904471 5.298873 -4.786912
v -10.899133 5.298873 -4.792251
v -10.899133 5.298873 -4.792251
v -10.899133 5.298873 -4.792251
v -10.899133 5.298873 -4.792251
v -10.917820 5.282855 -4.804265
v -10.917820 5.282855 -4.804265
v -10.917820 5.282855 -4.804265
v -10.917820 5.282855 -4.804265
v -10.913815 5.282855 -4.809604
v -10.913815 5.282855 -4.809604
v -10.913815 5.282855 -4.809604
v -10.921824 5.282855 -4.809604
v -10.921824 5.282855 -4.809604
v -10.921824 5.282855 -4.798925
v -10.921824 5.282855 -4.798925
v -10.921824 5.282855 -4.798925
v -10.908476 5.298873 -4.781572
v -10.908476 5.298873 -4.781572
v -10.908476 5.298873 -4.781572
v -10.908476 5.298873 -4.781572
v -10.917820 5.313556 -4.794921
v -10.917820 5.313556 -4.794921
v -10.917820 5.313556 -4.794921
v -10.917820 5.313556 -4.794921
v -10.908476 5.365615 -4.793586
v -10.908476 5.365615 -4.793586
v -10.912480 5.365615 -4.788247
v -10.912480 5.365615 -4.788247
v -10.892458 5.437696 -4.772229
v -10.892458 5.437696 -4.772229
v -10.896462 5.437696 -4.768224
v -10.896462 5.437696 -4.768224
v -10.869766 5.492424 -4.745532
v -10.869766 5.492424 -4.745532
v -10.869766 5.492424 -4.745532
v -10.869766 5.492424 -4.745532
v -10.873770 5.492424 -4.741528
v -10.873770 5.492424 -4.741528
v -10.873770 5.492424 -4.741528
v -10.873770 5.492424 -4.741528
v -10.873770 5.527130 -4.741528
v -10.873770 5.527130 -4.741528
v -10.873770 5.527130 -4.741528
v -10.873770 5.527130 -4.741528
v -10.869766 5.527130 -4.745532
v -10.869766 5.527130 -4.745532
v -10.869766 5.527130 -4.745532
v -10.869766 5.527130 -4.745532
v -10.857753 5.544483 -4.729514
v -10.857753 5.544483 -4.729514
v -10.857753 5.544483 -4.729514
v -10.857753 5.544483 -4.729514
v -10.861756 5.544483 -4.724174
v -10.861756 5.544483 -4.724174
v -10.861756 5.544483 -4.724174
v -10.861756 5.544483 -4.724174
v -10.875105 5.563170 -4.741528
v -10.875105 5.563170 -4.741528
v -10.875105 5.563170 -4.741528
v -10.871100 5.563170 -4.746867
v -10.871100 5.563170 -4.746867
v -10.871100 5.563170 -4.746867
v -10.871100 5.563170 -4.746867
v -10.867096 5.563170 -4.750871
v -10.867096 5.563170 -4.750871
v -10.867096 5.563170 -4.750871
v -10.853747 5.544483 -4.734853
v -10.853747 5.544483 -4.734853
v -10.853747 5.544483 -4.734853
v -10.853747 5.544483 -4.734853
v -10.867096 5.527130 -4.750871
v -10.867096 5.527130 -4.750871
v -10.867096 5.527130 -4.750871
v -10.867096 5.527130 -4.750871
v -10.867096 5.492424 -4.750871
v -10.867096 5.492424 -4.750871
v -10.867096 5.492424 -4.750871
v -10.867096 5.492424 -4.750871
v -10.888453 5.437696 -4.777568
v -10.888453 5.437696 -4.777568
v -10.905807 5.365615 -4.797590
v -10.905807 5.365615 -4.797590
v -10.909811 5.313556 -4.804265
v -10.909811 5.313556 -4.804265
v -10.909811 5.313556 -4.804265
v -10.909811 5.313556 -4.804265
v -10.909811 5.313556 -4.853654
v -10.909811 5.313556 -4.853654
v -10.899133 5.298873 -4.853654
v -10.899133 5.298873 -4.853654
v -10.913815 5.282855 -4.853654
v -10.913815 5.282855 -4.853654
v -10.957865 5.282855 -4.853654
v -10.957865 5.282855 -4.853654
v -10.957865 5.282855 -4.798925
v -10.957865 5.282855 -4.798925
v -10.957865 5.298873 -4.781572
v -10.957865 5.298873 -4.781572
v -10.957865 5.313556 -4.794921
v -10.957865 5.313556 -4.794921
v -10.957865 5.365615 -4.788247
v -10.957865 5.437696 -4.768224
v -10.957865 5.492424 -4.741528
v -10.957865 5.492424 -4.741528
v -10.957865 5.527130 -4.741528
v -10.957865 5.527130 -4.741528
v -10.957865 5.544483 -4.724174
v -10.957865 5.544483 -4.724174
v -10.957865 5.563170 -4.741528
v -10.957865 5.563170 -4.741528
v -10.957865 5.563170 -4.853654
v -10.957865 5.563170 -4.853654
v -10.867096 5.563170 -4.853654
v -10.867096 5.563170 -4.853654
v -10.853747 5.544483 -4.853654
v -10.853747 5.544483 -4.853654
v -10.867096 5.527130 -4.853654
v -10.867096 5.527130 -4.853654
v -10.867096 5.492424 -4.853654
v -10.867096 5.492424 -4.853654
v -10.888453 5.437696 -4.853654
v -10.905807 5.365615 -4.853654
v -10.908476 5.282855 2.138218
v -10.908476 5.282855 2.138218
v -10.908476 5.282855 2.138218
v -10.908476 5.282855 1.621637
v -10.908476 5.282855 1.621637
v -10.908476 5.282855 1.621637
v -10.891124 5.298873 2.158241
v -10.891124 5.298873 2.158241
v -10.891124 5.298873 2.158241
v -10.891124 5.298873 2.158241
v -10.851078 5.563170 2.207630
v -10.851078 5.563170 2.207630
v -10.851078 5.563170 2.207630
v -10.833725 5.544483 2.226318
v -10.833725 5.544483 2.226318
v -10.833725 5.544483 2.226318
v -10.833725 5.544483 2.226318
v -10.833725 5.544483 1.533538
v -10.833725 5.544483 1.533538
v -10.833725 5.544483 1.533538
v -10.833725 5.544483 1.533538
v -10.851078 5.527130 1.552225
v -10.851078 5.527130 1.552225
v -10.851078 5.527130 1.552225
v -10.851078 5.527130 1.552225
v -10.851078 5.527130 2.207630
v -10.851078 5.527130 2.207630
v -10.851078 5.527130 2.207630
v -10.851078 5.527130 2.207630
v -10.851078 5.492424 2.207630
v -10.851078 5.492424 2.207630
v -10.851078 5.492424 2.207630
v -10.851078 5.492424 2.207630
v -10.851078 5.492424 1.552225
v -10.851078 5.492424 1.552225
v -10.851078 5.492424 1.552225
v -10.851078 5.492424 1.552225
v -10.877775 5.437696 1.584261
v -10.877775 5.437696 1.584261
v -10.877775 5.437696 2.176929
v -10.877775 5.437696 2.176929
v -10.897798 5.365615 1.608289
v -10.897798 5.365615 1.608289
v -10.897798 5.365615 2.151567
v -10.897798 5.365615 2.151567
v -10.904471 5.313556 1.616297
v -10.904471 5.313556 1.616297
v -10.904471 5.313556 1.616297
v -10.904471 5.313556 1.616297
v -10.904471 5.313556 2.143558
v -10.904471 5.313556 2.143558
v -10.904471 5.313556 2.143558
v -10.904471 5.313556 2.143558
v -10.891124 5.298873 1.601614
v -10.891124 5.298873 1.601614
v -10.891124 5.298873 1.601614
v -10.891124 5.298873 1.601614
v -10.897798 5.298873 1.593605
v -10.897798 5.298873 1.593605
v -10.897798 5.298873 1.593605
v -10.897798 5.298873 1.593605
v -10.915150 5.282855 1.614962
v -10.915150 5.282855 1.614962
v -10.915150 5.282855 1.614962
v -10.915150 5.282855 2.144893
v -10.915150 5.282855 2.144893
v -10.915150 5.282855 2.144893
v -10.897798 5.298873 2.166250
v -10.897798 5.298873 2.166250
v -10.897798 5.298873 2.166250
v -10.897798 5.298873 2.166250
v -10.909811 5.313556 2.150232
v -10.909811 5.313556 2.150232
v -10.909811 5.313556 2.150232
v -10.909811 5.313556 2.150232
v -10.903136 5.365615 2.158241
v -10.903136 5.365615 2.158241
v -10.883114 5.437696 2.183603
v -10.883114 5.437696 2.183603
v -10.856418 5.492424 2.214304
v -10.856418 5.492424 2.214304
v -10.856418 5.492424 2.214304
v -10.856418 5.492424 2.214304
v -10.856418 5.527130 2.214304
v -10.856418 5.527130 2.214304
v -10.856418 5.527130 2.214304
v -10.856418 5.527130 2.214304
v -10.840399 5.544483 2.234327
v -10.840399 5.544483 2.234327
v -10.840399 5.544483 2.234327
v -10.840399 5.544483 2.234327
v -10.857753 5.563170 2.214304
v -10.857753 5.563170 2.214304
v -10.857753 5.563170 2.214304
v -10.851078 5.563170 1.553560
v -10.851078 5.563170 1.553560
v -10.851078 5.563170 1.553560
v -10.857753 5.563170 1.545551
v -10.857753 5.563170 1.545551
v -10.857753 5.563170 1.545551
v -10.840399 5.544483 1.525529
v -10.840399 5.544483 1.525529
v -10.840399 5.544483 1.525529
v -10.840399 5.544483 1.525529
v -10.856418 5.527130 1.545551
v -10.856418 5.527130 1.545551
v -10.856418 5.527130 1.545551
v -10.856418 5.527130 1.545551
v -10.856418 5.492424 1.545551
v -10.856418 5.492424 1.545551
v -10.856418 5.492424 1.545551
v -10.856418 5.492424 1.545551
v -10.883114 5.437696 1.577587
v -10.883114 5.437696 1.577587
v -10.903136 5.365615 1.601614
v -10.903136 5.365615 1.601614
v -10.909811 5.313556 1.609623
v -10.909811 5.313556 1.609623
v -10.909811 5.313556 1.609623
v -10.909811 5.313556 1.609623
v -10.959200 5.313556 1.609623
v -10.959200 5.313556 1.609623
v -10.959200 5.298873 1.593605
v -10.959200 5.298873 1.593605
v -10.959200 5.282855 1.614962
v -10.959200 5.282855 1.614962
v -10.959200 5.282855 2.144893
v -10.959200 5.282855 2.144893
v -10.959200 5.298873 2.166250
v -10.959200 5.298873 2.166250
v -10.959200 5.313556 2.150232
v -10.959200 5.313556 2.150232
v -10.959200 5.365615 2.158241
v -10.959200 5.437696 2.183603
v -10.959200 5.492424 2.214304
v -10.959200 5.492424 2.214304
v -10.959200 5.527130 2.214304
v -10.959200 5.527130 2.214304
v -10.959200 5.544483 2.234327
v -10.959200 5.544483 2.234327
v -10.959200 5.563170 2.214304
v -10.959200 5.563170 2.214304
v -10.959200 5.563170 1.545551
v -10.959200 5.563170 1.545551
v -10.959200 5.544483 1.525529
v -10.959200 5.544483 1.525529
v -10.959200 5.527130 1.545551
v -10.959200 5.527130 1.545551
v -10.959200 5.492424 1.545551
v -10.959200 5.492424 1.545551
v -10.959200 5.437696 1.577587
v -10.959200 5.365615 1.601614
v -10.908476 5.282855 -1.559278
v -10.908476 5.282855 -1.559278
v -10.908476 5.282855 -1.559278
v -10.908476 5.282855 -2.075860
v -10.908476 5.282855 -2.075860
v -10.908476 5.282855 -2.075860
v -10.891124 5.298873 -1.539255
v -10.891124 5.298873 -1.539255
v -10.891124 5.298873 -1.539255
v -10.891124 5.298873 -1.539255
v -10.851078 5.563170 -1.491201
v -10.851078 5.563170 -1.491201
v -10.851078 5.563170 -1.491201
v -10.833725 5.544483 -1.471179
v -10.833725 5.544483 -1.471179
v -10.833725 5.544483 -1.471179
v -10.833725 5.544483 -1.471179
v -10.833725 5.544483 -2.163959
v -10.833725 5.544483 -2.163959
v -10.833725 5.544483 -2.163959
v -10.833725 5.544483 -2.163959
v -10.851078 5.527130 -2.145271
v -10.851078 5.527130 -2.145271
v -10.851078 5.527130 -2.145271
v -10.851078 5.527130 -2.145271
v -10.851078 5.527130 -1.489866
v -10.851078 5.527130 -1.489866
v -10.851078 5.527130 -1.489866
v -10.851078 5.527130 -1.489866
v -10.851078 5.492424 -1.489866
v -10.851078 5.492424 -1.489866
v -10.851078 5.492424 -1.489866
v -10.851078 5.492424 -1.489866
v -10.851078 5.492424 -2.145271
v -10.851078 5.492424 -2.145271
v -10.851078 5.492424 -2.145271
v -10.851078 5.492424 -2.145271
v -10.877775 5.437696 -2.114570
v -10.877775 5.437696 -2.114570
v -10.877775 5.437696 -1.521903
v -10.877775 5.437696 -1.521903
v -10.897798 5.365615 -2.089208
v -10.897798 5.365615 -2.089208
v -10.897798 5.365615 -1.545930
v -10.897798 5.365615 -1.545930
v -10.904471 5.313556 -2.081199
v -10.904471 5.313556 -2.081199
v -10.904471 5.313556 -2.081199
v -10.904471 5.313556 -2.081199
v -10.904471 5.313556 -1.553939
v -10.904471 5.313556 -1.553939
v -10.904471 5.313556 -1.553939
v -10.904471 5.313556 -1.553939
v -10.891124 5.298873 -2.095882
v -10.891124 5.298873 -2.095882
v -10.891124 5.298873 -2.095882
v -10.891124 5.298873 -2.095882
v -10.897798 5.298873 -2.103891
v -10.897798 5.298873 -2.103891
v -10.897798 5.298873 -2.103891
v -10.897798 5.298873 -2.103891
v -10.915150 5.282855 -2.082534
v -10.915150 5.282855 -2.082534
v -10.915150 5.282855 -2.082534
v -10.915150 5.282855 -1.552604
v -10.915150 5.282855 -1.552604
v -10.915150 5.282855 -1.552604
v -10.897798 5.298873 -1.531246
v -10.897798 5.298873 -1.531246
v -10.897798 5.298873 -1.531246
v -10.897798 5.298873 -1.531246
v -10.909811 5.313556 -1.547265
v -10.909811 5.313556 -1.547265
v -10.909811 5.313556 -1.547265
v -10.909811 5.313556 -1.547265
v -10.903136 5.365615 -1.539255
v -10.903136 5.365615 -1.539255
v -10.883114 5.437696 -1.515228
v -10.883114 5.437696 -1.515228
v -10.856418 5.492424 -1.483192
v -10.856418 5.492424 -1.483192
v -10.856418 5.492424 -1.483192
v -10.856418 5.492424 -1.483192
v -10.856418 5.527130 -1.483192
v -10.856418 5.527130 -1.483192
v -10.856418 5.527130 -1.483192
v -10.856418 5.527130 -1.483192
v -10.840399 5.544483 -1.463170
v -10.840399 5.544483 -1.463170
v -10.840399 5.544483 -1.463170
v -10.840399 5.544483 -1.463170
v -10.857753 5.563170 -1.483192
v -10.857753 5.563170 -1.483192
v -10.857753 5.563170 -1.483192
v -10.851078 5.563170 -2.143936
v -10.851078 5.563170 -2.143936
v -10.851078 5.563170 -2.143936
v -10.857753 5.563170 -2.151945
v -10.857753 5.563170 -2.151945
v -10.857753 5.563170 -2.151945
v -10.840399 5.544483 -2.171968
v -10.840399 5.544483 -2.171968
v -10.840399 5.544483 -2.171968
v -10.840399 5.544483 -2.171968
v -10.856418 5.527130 -2.151945
v -10.856418 5.527130 -2.151945
v -10.856418 5.527130 -2.151945
v -10.856418 5.527130 -2.151945
v -10.856418 5.492424 -2.151945
v -10.856418 5.492424 -2.151945
v -10.856418 5.492424 -2.151945
v -10.856418 5.492424 -2.151945
v -10.883114 5.437696 -2.121244
v -10.883114 5.437696 -2.121244
v -10.903136 5.365615 -2.095882
v -10.903136 5.365615 -2.095882
v -10.909811 5.313556 -2.087873
v -10.909811 5.313556 -2.087873
v -10.909811 5.313556 -2.087873
v -10.909811 5.313556 -2.087873
v -10.959200 5.313556 -2.087873
v -10.959200 5.313556 -2.087873
v -10.959200 5.298873 -2.103891
v -10.959200 5.298873 -2.103891
v -10.959200 5.282855 -2.082534
v -10.959200 5.282855 -2.082534
v -10.959200 5.282855 -1.552604
v -10.959200 5.282855 -1.552604
v -10.959200 5.298873 -1.531246
v -10.959200 5.298873 -1.531246
v -10.959200 5.313556 -1.547265
v -10.959200 5.313556 -1.547265
v -10.959200 5.365615 -1.539255
v -10.959200 5.437696 -1.515228
v -10.959200 5.492424 -1.483192
v -10.959200 5.492424 -1.483192
v -10.959200 5.527130 -1.483192
v -10.959200 5.527130 -1.483192
v -10.959200 5.544483 -1.463170
v -10.959200 5.544483 -1.463170
v -10.959200 5.563170 -1.483192
v -10.959200 5.563170 -1.483192
v -10.959200 5.563170 -2.151945
v -10.959200 5.563170 -2.151945
v -10.959200 5.544483 -2.171968
v -10.959200 5.544483 -2.171968
v -10.959200 5.527130 -2.151945
v -10.959200 5.527130 -2.151945
v -10.959200 5.492424 -2.151945
v -10.959200 5.492424 -2.151945
v -10.959200 5.437696 -2.121244
v -10.959200 5.365615 -2.095882
v 7.261311 5.282855 -4.816278
v 7.261311 5.282855 -4.816278
v 7.261311 5.282855 -4.816278
v 7.777893 5.282855 -4.816278
v 7.777893 5.282855 -4.816278
v 7.777893 5.282855 -4.816278
v 7.241290 5.298873 -4.798925
v 7.241290 5.298873 -4.798925
v 7.241290 5.298873 -4.798925
v 7.241290 5.298873 -4.798925
v 7.191899 5.563170 -4.758881
v 7.191899 5.563170 -4.758881
v 7.191899 5.563170 -4.758881
v 7.173212 5.544483 -4.741528
v 7.173212 5.544483 -4.741528
v 7.173212 5.544483 -4.741528
v 7.173212 5.544483 -4.741528
v 7.865993 5.544483 -4.741528
v 7.865993 5.544483 -4.741528
v 7.865993 5.544483 -4.741528
v 7.865993 5.544483 -4.741528
v 7.847303 5.527130 -4.758881
v 7.847303 5.527130 -4.758881
v 7.847303 5.527130 -4.758881
v 7.847303 5.527130 -4.758881
v 7.191899 5.527130 -4.758881
v 7.191899 5.527130 -4.758881
v 7.191899 5.527130 -4.758881
v 7.191899 5.527130 -4.758881
v 7.190565 5.492424 -4.758881
v 7.190565 5.492424 -4.758881
v 7.190565 5.492424 -4.758881
v 7.190565 5.492424 -4.758881
v 7.847303 5.492424 -4.758881
v 7.847303 5.492424 -4.758881
v 7.847303 5.492424 -4.758881
v 7.847303 5.492424 -4.758881
v 7.815268 5.437696 -4.785577
v 7.815268 5.437696 -4.785577
v 7.222600 5.437696 -4.785577
v 7.222600 5.437696 -4.785577
v 7.791241 5.365615 -4.805600
v 7.791241 5.365615 -4.805600
v 7.247963 5.365615 -4.805600
v 7.247963 5.365615 -4.805600
v 7.783233 5.313556 -4.812274
v 7.783233 5.313556 -4.812274
v 7.783233 5.313556 -4.812274
v 7.783233 5.313556 -4.812274
v 7.254637 5.313556 -4.812274
v 7.254637 5.313556 -4.812274
v 7.254637 5.313556 -4.812274
v 7.254637 5.313556 -4.812274
v 7.797915 5.298873 -4.798925
v 7.797915 5.298873 -4.798925
v 7.797915 5.298873 -4.798925
v 7.797915 5.298873 -4.798925
v 7.804589 5.298873 -4.805600
v 7.804589 5.298873 -4.805600
v 7.804589 5.298873 -4.805600
v 7.804589 5.298873 -4.805600
v 7.784567 5.282855 -4.822952
v 7.784567 5.282855 -4.822952
v 7.784567 5.282855 -4.822952
v 7.253302 5.282855 -4.822952
v 7.253302 5.282855 -4.822952
v 7.253302 5.282855 -4.822952
v 7.233280 5.298873 -4.805600
v 7.233280 5.298873 -4.805600
v 7.233280 5.298873 -4.805600
v 7.233280 5.298873 -4.805600
v 7.247963 5.313556 -4.817613
v 7.247963 5.313556 -4.817613
v 7.247963 5.313556 -4.817613
v 7.247963 5.313556 -4.817613
v 7.241290 5.365615 -4.810939
v 7.241290 5.365615 -4.810939
v 7.215927 5.437696 -4.790916
v 7.215927 5.437696 -4.790916
v 7.183891 5.492424 -4.764220
v 7.183891 5.492424 -4.764220
v 7.183891 5.492424 -4.764220
v 7.183891 5.492424 -4.764220
v 7.183891 5.527130 -4.764220
v 7.183891 5.527130 -4.764220
v 7.183891 5.527130 -4.764220
v 7.183891 5.527130 -4.764220
v 7.165204 5.544483 -4.748202
v 7.165204 5.544483 -4.748202
v 7.165204 5.544483 -4.748202
v 7.165204 5.544483 -4.748202
v 7.183891 5.563170 -4.765554
v 7.183891 5.563170 -4.765554
v 7.183891 5.563170 -4.765554
v 7.845969 5.563170 -4.758881
v 7.845969 5.563170 -4.758881
v 7.845969 5.563170 -4.758881
v 7.853979 5.563170 -4.765554
v 7.853979 5.563170 -4.765554
v 7.853979 5.563170 -4.765554
v 7.872667 5.544483 -4.748202
v 7.872667 5.544483 -4.748202
v 7.872667 5.544483 -4.748202
v 7.872667 5.544483 -4.748202
v 7.853979 5.527130 -4.764220
v 7.853979 5.527130 -4.764220
v 7.853979 5.527130 -4.764220
v 7.853979 5.527130 -4.764220
v 7.853979 5.492424 -4.764220
v 7.853979 5.492424 -4.764220
v 7.853979 5.492424 -4.764220
v 7.853979 5.492424 -4.764220
v 7.821942 5.437696 -4.790916
v 7.821942 5.437696 -4.790916
v 7.796581 5.365615 -4.810939
v 7.796581 5.365615 -4.810939
v 7.789907 5.313556 -4.817613
v 7.789907 5.313556 -4.817613
v 7.789907 5.313556 -4.817613
v 7.789907 5.313556 -4.817613
v 7.789907 5.313556 -4.867002
v 7.789907 5.313556 -4.867002
v 7.804589 5.298873 -4.867002
v 7.804589 5.298873 -4.867002
v 7.784567 5.282855 -4.867002
v 7.784567 5.282855 -4.867002
v 7.253302 5.282855 -4.867002
v 7.253302 5.282855 -4.867002
v 7.233280 5.298873 -4.867002
v 7.233280 5.298873 -4.867002
v 7.247963 5.313556 -4.867002
v 7.247963 5.313556 -4.867002
v 7.241290 5.365615 -4.867002
v 7.215927 5.437696 -4.867002
v 7.183891 5.492424 -4.867002
v 7.183891 5.492424 -4.867002
v 7.183891 5.527130 -4.867002
v 7.183891 5.527130 -4.867002
v 7.165204 5.544483 -4.867002
v 7.165204 5.544483 -4.867002
v 7.183891 5.563170 -4.867002
v 7.183891 5.563170 -4.867002
v 7.853979 5.563170 -4.867002
v 7.853979 5.563170 -4.867002
v 7.872667 5.544483 -4.867002
v 7.872667 5.544483 -4.867002
v 7.853979 5.527130 -4.867002
v 7.853979 5.527130 -4.867002
v 7.853979 5.492424 -4.867002
v 7.853979 5.492424 -4.867002
v 7.821942 5.437696 -4.867002
v 7.796581 5.365615 -4.867002
v 4.249921 5.282855 -4.816278
v 4.249921 5.282855 -4.816278
v 4.249921 5.282855 -4.816278
v 4.604988 5.282855 -4.816278
v 4.604988 5.282855 -4.816278
v 4.604988 5.282855 -4.816278
v 4.236573 5.298873 -4.798925
v 4.236573 5.298873 -4.798925
v 4.236573 5.298873 -4.798925
v 4.236573 5.298873 -4.798925
v 4.618337 5.298873 -4.798925
v 4.618337 5.298873 -4.798925
v 4.618337 5.298873 -4.798925
v 4.618337 5.298873 -4.798925
v 4.245916 5.313556 -4.812274
v 4.245916 5.313556 -4.812274
v 4.245916 5.313556 -4.812274
v 4.245916 5.313556 -4.812274
v 4.203202 5.563170 -4.758881
v 4.203202 5.563170 -4.758881
v 4.203202 5.563170 -4.758881
v 4.189854 5.544483 -4.741528
v 4.189854 5.544483 -4.741528
v 4.189854 5.544483 -4.741528
v 4.189854 5.544483 -4.741528
v 4.665055 5.544483 -4.741528
v 4.665055 5.544483 -4.741528
v 4.665055 5.544483 -4.741528
v 4.665055 5.544483 -4.741528
v 4.651707 5.527130 -4.758881
v 4.651707 5.527130 -4.758881
v 4.651707 5.527130 -4.758881
v 4.651707 5.527130 -4.758881
v 4.203202 5.527130 -4.758881
v 4.203202 5.527130 -4.758881
v 4.203202 5.527130 -4.758881
v 4.203202 5.527130 -4.758881
v 4.201868 5.492424 -4.758881
v 4.201868 5.492424 -4.758881
v 4.201868 5.492424 -4.758881
v 4.201868 5.492424 -4.758881
v 4.651707 5.492424 -4.758881
v 4.651707 5.492424 -4.758881
v 4.651707 5.492424 -4.758881
v 4.651707 5.492424 -4.758881
v 4.630349 5.437696 -4.785577
v 4.630349 5.437696 -4.785577
v 4.224559 5.437696 -4.785577
v 4.224559 5.437696 -4.785577
v 4.612997 5.365615 -4.805600
v 4.612997 5.365615 -4.805600
v 4.240578 5.365615 -4.805600
v 4.240578 5.365615 -4.805600
v 4.607658 5.313556 -4.812274
v 4.607658 5.313556 -4.812274
v 4.607658 5.313556 -4.812274
v 4.607658 5.313556 -4.812274
v 4.623675 5.298873 -4.805600
v 4.623675 5.298873 -4.805600
v 4.623675 5.298873 -4.805600
v 4.623675 5.298873 -4.805600
v 4.608993 5.282855 -4.822952
v 4.608993 5.282855 -4.822952
v 4.608993 5.282855 -4.822952
v 4.245916 5.282855 -4.822952
v 4.245916 5.282855 -4.822952
v 4.245916 5.282855 -4.822952
v 4.231234 5.298873 -4.805600
v 4.231234 5.298873 -4.805600
v 4.231234 5.298873 -4.805600
v 4.231234 5.298873 -4.805600
v 4.241912 5.313556 -4.817613
v 4.241912 5.313556 -4.817613
v 4.241912 5.313556 -4.817613
v 4.241912 5.313556 -4.817613
v 4.236573 5.365615 -4.810939
v 4.236573 5.365615 -4.810939
v 4.219220 5.437696 -4.790916
v 4.219220 5.437696 -4.790916
v 4.197863 5.492424 -4.764220
v 4.197863 5.492424 -4.764220
v 4.197863 5.492424 -4.764220
v 4.197863 5.492424 -4.764220
v 4.197863 5.527130 -4.764220
v 4.197863 5.527130 -4.764220
v 4.197863 5.527130 -4.764220
v 4.197863 5.527130 -4.764220
v 4.184514 5.544483 -4.748202
v 4.184514 5.544483 -4.748202
v 4.184514 5.544483 -4.748202
v 4.184514 5.544483 -4.748202
v 4.197863 5.563170 -4.765554
v 4.197863 5.563170 -4.765554
v 4.197863 5.563170 -4.765554
v 4.651707 5.563170 -4.758881
v 4.651707 5.563170 -4.758881
v 4.651707 5.563170 -4.758881
v 4.657046 5.563170 -4.765554
v 4.657046 5.563170 -4.765554
v 4.657046 5.563170 -4.765554
v 4.670395 5.544483 -4.748202
v 4.670395 5.544483 -4.748202
v 4.670395 5.544483 -4.748202
v 4.670395 5.544483 -4.748202
v 4.657046 5.527130 -4.764220
v 4.657046 5.527130 -4.764220
v 4.657046 5.527130 -4.764220
v 4.657046 5.527130 -4.764220
v 4.657046 5.492424 -4.764220
v 4.657046 5.492424 -4.764220
v 4.657046 5.492424 -4.764220
v 4.657046 5.492424 -4.764220
v 4.635689 5.437696 -4.790916
v 4.635689 5.437696 -4.790916
v 4.618337 5.365615 -4.810939
v 4.618337 5.365615 -4.810939
v 4.612997 5.313556 -4.817613
v 4.612997 5.313556 -4.817613
v 4.612997 5.313556 -4.817613
v 4.612997 5.313556 -4.817613
v 4.612997 5.313556 -4.867002
v 4.612997 5.313556 -4.867002
v 4.623675 5.298873 -4.867002
v 4.623675 5.298873 -4.867002
v 4.608993 5.282855 -4.867002
v 4.608993 5.282855 -4.867002
v 4.245916 5.282855 -4.867002
v 4.245916 5.282855 -4.867002
v 4.231234 5.298873 -4.867002
v 4.231234 5.298873 -4.867002
v 4.241912 5.313556 -4.867002
v 4.241912 5.313556 -4.867002
v 4.236573 5.365615 -4.867002
v 4.219220 5.437696 -4.867002
v 4.197863 5.492424 -4.867002
v 4.197863 5.492424 -4.867002
v 4.197863 5.527130 -4.867002
v 4.197863 5.527130 -4.867002
v 4.184514 5.544483 -4.867002
v 4.184514 5.544483 -4.867002
v 4.197863 5.563170 -4.867002
v 4.197863 5.563170 -4.867002
v 4.657046 5.563170 -4.867002
v 4.657046 5.563170 -4.867002
v 4.670395 5.544483 -4.867002
v 4.670395 5.544483 -4.867002
v 4.657046 5.527130 -4.867002
v 4.657046 5.527130 -4.867002
v 4.657046 5.492424 -4.867002
v 4.657046 5.492424 -4.867002
v 4.635689 5.437696 -4.867002
v 4.618337 5.365615 -4.867002
v 1.286585 5.282855 -4.816278
v 1.286585 5.282855 -4.816278
v 1.286585 5.282855 -4.816278
v 1.640317 5.282855 -4.816278
v 1.640317 5.282855 -4.816278
v 1.640317 5.282855 -4.816278
v 1.273237 5.298873 -4.798925
v 1.273237 5.298873 -4.798925
v 1.273237 5.298873 -4.798925
v 1.273237 5.298873 -4.798925
v 1.655000 5.298873 -4.798925
v 1.655000 5.298873 -4.798925
v 1.655000 5.298873 -4.798925
v 1.655000 5.298873 -4.798925
v 1.282581 5.313556 -4.812274
v 1.282581 5.313556 -4.812274
v 1.282581 5.313556 -4.812274
v 1.282581 5.313556 -4.812274
v 1.239866 5.563170 -4.758881
v 1.239866 5.563170 -4.758881
v 1.239866 5.563170 -4.758881
v 1.226518 5.544483 -4.741528
v 1.226518 5.544483 -4.741528
v 1.226518 5.544483 -4.741528
v 1.226518 5.544483 -4.741528
v 1.701719 5.544483 -4.741528
v 1.701719 5.544483 -4.741528
v 1.701719 5.544483 -4.741528
v 1.701719 5.544483 -4.741528
v 1.688371 5.527130 -4.758881
v 1.688371 5.527130 -4.758881
v 1.688371 5.527130 -4.758881
v 1.688371 5.527130 -4.758881
v 1.238531 5.527130 -4.758881
v 1.238531 5.527130 -4.758881
v 1.238531 5.527130 -4.758881
v 1.238531 5.527130 -4.758881
v 1.238531 5.492424 -4.758881
v 1.238531 5.492424 -4.758881
v 1.238531 5.492424 -4.758881
v 1.238531 5.492424 -4.758881
v 1.688371 5.492424 -4.758881
v 1.688371 5.492424 -4.758881
v 1.688371 5.492424 -4.758881
v 1.688371 5.492424 -4.758881
v 1.667014 5.437696 -4.785577
v 1.667014 5.437696 -4.785577
v 1.259889 5.437696 -4.785577
v 1.259889 5.437696 -4.785577
v 1.649660 5.365615 -4.805600
v 1.649660 5.365615 -4.805600
v 1.277241 5.365615 -4.805600
v 1.277241 5.365615 -4.805600
v 1.644322 5.313556 -4.812274
v 1.644322 5.313556 -4.812274
v 1.644322 5.313556 -4.812274
v 1.644322 5.313556 -4.812274
v 1.660339 5.298873 -4.805600
v 1.660339 5.298873 -4.805600
v 1.660339 5.298873 -4.805600
v 1.660339 5.298873 -4.805600
v 1.645656 5.282855 -4.822952
v 1.645656 5.282855 -4.822952
v 1.645656 5.282855 -4.822952
v 1.281246 5.282855 -4.822952
v 1.281246 5.282855 -4.822952
v 1.281246 5.282855 -4.822952
v 1.267898 5.298873 -4.805600
v 1.267898 5.298873 -4.805600
v 1.267898 5.298873 -4.805600
v 1.267898 5.298873 -4.805600
v 1.278576 5.313556 -4.817613
v 1.278576 5.313556 -4.817613
v 1.278576 5.313556 -4.817613
v 1.278576 5.313556 -4.817613
v 1.273237 5.365615 -4.810939
v 1.273237 5.365615 -4.810939
v 1.255884 5.437696 -4.790916
v 1.255884 5.437696 -4.790916
v 1.234527 5.492424 -4.764220
v 1.234527 5.492424 -4.764220
v 1.234527 5.492424 -4.764220
v 1.234527 5.492424 -4.764220
v 1.234527 5.527130 -4.764220
v 1.234527 5.527130 -4.764220
v 1.234527 5.527130 -4.764220
v 1.234527 5.527130 -4.764220
v 1.221179 5.544483 -4.748202
v 1.221179 5.544483 -4.748202
v 1.221179 5.544483 -4.748202
v 1.221179 5.544483 -4.748202
v 1.234527 5.563170 -4.765554
v 1.234527 5.563170 -4.765554
v 1.234527 5.563170 -4.765554
v 1.688371 5.563170 -4.758881
v 1.688371 5.563170 -4.758881
v 1.688371 5.563170 -4.758881
v 1.693710 5.563170 -4.765554
v 1.693710 5.563170 -4.765554
v 1.693710 5.563170 -4.765554
v 1.707059 5.544483 -4.748202
v 1.707059 5.544483 -4.748202
v 1.707059 5.544483 -4.748202
v 1.707059 5.544483 -4.748202
v 1.693710 5.527130 -4.764220
v 1.693710 5.527130 -4.764220
v 1.693710 5.527130 -4.764220
v 1.693710 5.527130 -4.764220
v 1.693710 5.492424 -4.764220
v 1.693710 5.492424 -4.764220
v 1.693710 5.492424 -4.764220
v 1.693710 5.492424 -4.764220
v 1.671018 5.437696 -4.790916
v 1.671018 5.437696 -4.790916
v 1.655000 5.365615 -4.810939
v 1.655000 5.365615 -4.810939
v 1.649660 5.313556 -4.817613
v 1.649660 5.313556 -4.817613
v 1.649660 5.313556 -4.817613
v 1.649660 5.313556 -4.817613
v 1.649660 5.313556 -4.867002
v 1.649660 5.313556 -4.867002
v 1.660339 5.298873 -4.867002
v 1.660339 5.298873 -4.867002
v 1.645656 5.282855 -4.867002
v 1.645656 5.282855 -4.867002
v 1.281246 5.282855 -4.867002
v 1.281246 5.282855 -4.867002
v 1.267898 5.298873 -4.867002
v 1.267898 5.298873 -4.867002
v 1.278576 5.313556 -4.867002
v 1.278576 5.313556 -4.867002
v 1.273237 5.365615 -4.867002
v 1.255884 5.437696 -4.867002
v 1.234527 5.492424 -4.867002
v 1.234527 5.492424 -4.867002
v 1.234527 5.527130 -4.867002
v 1.234527 5.527130 -4.867002
v 1.221179 5.544483 -4.867002
v 1.221179 5.544483 -4.867002
v 1.234527 5.563170 -4.867002
v 1.234527 5.563170 -4.867002
v 1.693710 5.563170 -4.867002
v 1.693710 5.563170 -4.867002
v 1.707059 5.544483 -4.867002
v 1.707059 5.544483 -4.867002
v 1.693710 5.527130 -4.867002
v 1.693710 5.527130 -4.867002
v 1.693710 5.492424 -4.867002
v 1.693710 5.492424 -4.867002
v 1.671018 5.437696 -4.867002
v 1.655000 5.365615 -4.867002
v -1.680755 5.282855 -4.816278
v -1.680755 5.282855 -4.816278
v -1.680755 5.282855 -4.816278
v -1.325688 5.282855 -4.816278
v -1.325688 5.282855 -4.816278
v -1.325688 5.282855 -4.816278
v -1.694103 5.298873 -4.798925
v -1.694103 5.298873 -4.798925
v -1.694103 5.298873 -4.798925
v -1.694103 5.298873 -4.798925
v -1.312340 5.298873 -4.798925
v -1.312340 5.298873 -4.798925
v -1.312340 5.298873 -4.798925
v -1.312340 5.298873 -4.798925
v -1.683425 5.313556 -4.812274
v -1.683425 5.313556 -4.812274
v -1.683425 5.313556 -4.812274
v -1.683425 5.313556 -4.812274
v -1.727475 5.563170 -4.758881
v -1.727475 5.563170 -4.758881
v -1.727475 5.563170 -4.758881
v -1.740822 5.544483 -4.741528
v -1.740822 5.544483 -4.741528
v -1.740822 5.544483 -4.741528
v -1.740822 5.544483 -4.741528
v -1.265621 5.544483 -4.741528
v -1.265621 5.544483 -4.741528
v -1.265621 5.544483 -4.741528
v -1.265621 5.544483 -4.741528
v -1.278970 5.527130 -4.758881
v -1.278970 5.527130 -4.758881
v -1.278970 5.527130 -4.758881
v -1.278970 5.527130 -4.758881
v -1.727475 5.527130 -4.758881
v -1.727475 5.527130 -4.758881
v -1.727475 5.527130 -4.758881
v -1.727475 5.527130 -4.758881
v -1.727475 5.492424 -4.758881
v -1.727475 5.492424 -4.758881
v -1.727475 5.492424 -4.758881
v -1.727475 5.492424 -4.758881
v -1.277635 5.492424 -4.758881
v -1.277635 5.492424 -4.758881
v -1.277635 5.492424 -4.758881
v -1.277635 5.492424 -4.758881
v -1.300327 5.437696 -4.785577
v -1.300327 5.437696 -4.785577
v -1.706117 5.437696 -4.785577
v -1.706117 5.437696 -4.785577
v -1.316345 5.365615 -4.805600
v -1.316345 5.365615 -4.805600
v -1.688763 5.365615 -4.805600
v -1.688763 5.365615 -4.805600
v -1.321684 5.313556 -4.812274
v -1.321684 5.313556 -4.812274
v -1.321684 5.313556 -4.812274
v -1.321684 5.313556 -4.812274
v -1.307001 5.298873 -4.805600
v -1.307001 5.298873 -4.805600
v -1.307001 5.298873 -4.805600
v -1.307001 5.298873 -4.805600
v -1.321684 5.282855 -4.822952
v -1.321684 5.282855 -4.822952
v -1.321684 5.282855 -4.822952
v -1.684760 5.282855 -4.822952
v -1.684760 5.282855 -4.822952
v -1.684760 5.282855 -4.822952
v -1.699442 5.298873 -4.805600
v -1.699442 5.298873 -4.805600
v -1.699442 5.298873 -4.805600
v -1.699442 5.298873 -4.805600
v -1.688763 5.313556 -4.817613
v -1.688763 5.313556 -4.817613
v -1.688763 5.313556 -4.817613
v -1.688763 5.313556 -4.817613
v -1.694103 5.365615 -4.810939
v -1.694103 5.365615 -4.810939
v -1.711456 5.437696 -4.790916
v -1.711456 5.437696 -4.790916
v -1.732813 5.492424 -4.764220
v -1.732813 5.492424 -4.764220
v -1.732813 5.492424 -4.764220
v -1.732813 5.492424 -4.764220
v -1.732813 5.527130 -4.764220
v -1.732813 5.527130 -4.764220
v -1.732813 5.527130 -4.764220
v -1.732813 5.527130 -4.764220
v -1.746162 5.544483 -4.748202
v -1.746162 5.544483 -4.748202
v -1.746162 5.544483 -4.748202
v -1.746162 5.544483 -4.748202
v -1.732813 5.563170 -4.765554
v -1.732813 5.563170 -4.765554
v -1.732813 5.563170 -4.765554
v -1.278970 5.563170 -4.758881
v -1.278970 5.563170 -4.758881
v -1.278970 5.563170 -4.758881
v -1.273630 5.563170 -4.765554
v -1.273630 5.563170 -4.765554
v -1.273630 5.563170 -4.765554
v -1.260281 5.544483 -4.748202
v -1.260281 5.544483 -4.748202
v -1.260281 5.544483 -4.748202
v -1.260281 5.544483 -4.748202
v -1.273630 5.527130 -4.764220
v -1.273630 5.527130 -4.764220
v -1.273630 5.527130 -4.764220
v -1.273630 5.527130 -4.764220
v -1.273630 5.492424 -4.764220
v -1.273630 5.492424 -4.764220
v -1.273630 5.492424 -4.764220
v -1.273630 5.492424 -4.764220
v -1.294987 5.437696 -4.790916
v -1.294987 5.437696 -4.790916
v -1.312340 5.365615 -4.810939
v -1.312340 5.365615 -4.810939
v -1.317680 5.313556 -4.817613
v -1.317680 5.313556 -4.817613
v -1.317680 5.313556 -4.817613
v -1.317680 5.313556 -4.817613
v -1.317680 5.313556 -4.867002
v -1.317680 5.313556 -4.867002
v -1.307001 5.298873 -4.867002
v -1.307001 5.298873 -4.867002
v -1.321684 5.282855 -4.867002
v -1.321684 5.282855 -4.867002
v -1.684760 5.282855 -4.867002
v -1.684760 5.282855 -4.867002
v -1.699442 5.298873 -4.867002
v -1.699442 5.298873 -4.867002
v -1.688763 5.313556 -4.867002
v -1.688763 5.313556 -4.867002
v -1.694103 5.365615 -4.867002
v -1.711456 5.437696 -4.867002
v -1.732813 5.492424 -4.867002
v -1.732813 5.492424 -4.867002
v -1.732813 5.527130 -4.867002
v -1.732813 5.527130 -4.867002
v -1.746162 5.544483 -4.867002
v -1.746162 5.544483 -4.867002
v -1.732813 5.563170 -4.867002
v -1.732813 5.563170 -4.867002
v -1.273630 5.563170 -4.867002
v -1.273630 5.563170 -4.867002
v -1.260281 5.544483 -4.867002
v -1.260281 5.544483 -4.867002
v -1.273630 5.527130 -4.867002
v -1.273630 5.527130 -4.867002
v -1.273630 5.492424 -4.867002
v -1.273630 5.492424 -4.867002
v -1.294987 5.437696 -4.867002
v -1.312340 5.365615 -4.867002
v -7.815660 5.282855 -4.816278
v -7.815660 5.282855 -4.816278
v -7.815660 5.282855 -4.816278
v -7.312428 5.282855 -4.816278
v -7.312428 5.282855 -4.816278
v -7.312428 5.282855 -4.816278
v -7.835683 5.298873 -4.798925
v -7.835683 5.298873 -4.798925
v -7.835683 5.298873 -4.798925
v -7.835683 5.298873 -4.798925
v -7.882402 5.563170 -4.758881
v -7.882402 5.563170 -4.758881
v -7.882402 5.563170 -4.758881
v -7.901090 5.544483 -4.741528
v -7.901090 5.544483 -4.741528
v -7.901090 5.544483 -4.741528
v -7.901090 5.544483 -4.741528
v -7.225663 5.544483 -4.741528
v -7.225663 5.544483 -4.741528
v -7.225663 5.544483 -4.741528
v -7.225663 5.544483 -4.741528
v -7.244350 5.527130 -4.758881
v -7.244350 5.527130 -4.758881
v -7.244350 5.527130 -4.758881
v -7.244350 5.527130 -4.758881
v -7.883737 5.527130 -4.758881
v -7.883737 5.527130 -4.758881
v -7.883737 5.527130 -4.758881
v -7.883737 5.527130 -4.758881
v -7.883737 5.492424 -4.758881
v -7.883737 5.492424 -4.758881
v -7.883737 5.492424 -4.758881
v -7.883737 5.492424 -4.758881
v -7.244350 5.492424 -4.758881
v -7.244350 5.492424 -4.758881
v -7.244350 5.492424 -4.758881
v -7.244350 5.492424 -4.758881
v -7.275052 5.437696 -4.785577
v -7.275052 5.437696 -4.785577
v -7.853036 5.437696 -4.785577
v -7.853036 5.437696 -4.785577
v -7.299079 5.365615 -4.805600
v -7.299079 5.365615 -4.805600
v -7.829009 5.365615 -4.805600
v -7.829009 5.365615 -4.805600
v -7.307088 5.313556 -4.812274
v -7.307088 5.313556 -4.812274
v -7.307088 5.313556 -4.812274
v -7.307088 5.313556 -4.812274
v -7.821000 5.313556 -4.812274
v -7.821000 5.313556 -4.812274
v -7.821000 5.313556 -4.812274
v -7.821000 5.313556 -4.812274
v -7.292405 5.298873 -4.798925
v -7.292405 5.298873 -4.798925
v -7.292405 5.298873 -4.798925
v -7.292405 5.298873 -4.798925
v -7.284396 5.298873 -4.805600
v -7.284396 5.298873 -4.805600
v -7.284396 5.298873 -4.805600
v -7.284396 5.298873 -4.805600
v -7.305753 5.282855 -4.822952
v -7.305753 5.282855 -4.822952
v -7.305753 5.282855 -4.822952
v -7.822335 5.282855 -4.822952
v -7.822335 5.282855 -4.822952
v -7.822335 5.282855 -4.822952
v -7.842357 5.298873 -4.805600
v -7.842357 5.298873 -4.805600
v -7.842357 5.298873 -4.805600
v -7.842357 5.298873 -4.805600
v -7.827673 5.313556 -4.817613
v -7.827673 5.313556 -4.817613
v -7.827673 5.313556 -4.817613
v -7.827673 5.313556 -4.817613
v -7.835683 5.365615 -4.810939
v -7.835683 5.365615 -4.810939
v -7.859710 5.437696 -4.790916
v -7.859710 5.437696 -4.790916
v -7.890412 5.492424 -4.764220
v -7.890412 5.492424 -4.764220
v -7.890412 5.492424 -4.764220
v -7.890412 5.492424 -4.764220
v -7.890412 5.527130 -4.764220
v -7.890412 5.527130 -4.764220
v -7.890412 5.527130 -4.764220
v -7.890412 5.527130 -4.764220
v -7.909100 5.544483 -4.748202
v -7.909100 5.544483 -4.748202
v -7.909100 5.544483 -4.748202
v -7.909100 5.544483 -4.748202
v -7.890412 5.563170 -4.765554
v -7.890412 5.563170 -4.765554
v -7.890412 5.563170 -4.765554
v -7.245686 5.563170 -4.758881
v -7.245686 5.563170 -4.758881
v -7.245686 5.563170 -4.758881
v -7.237677 5.563170 -4.765554
v -7.237677 5.563170 -4.765554
v -7.237677 5.563170 -4.765554
v -7.218989 5.544483 -4.748202
v -7.218989 5.544483 -4.748202
v -7.218989 5.544483 -4.748202
v -7.218989 5.544483 -4.748202
v -7.237677 5.527130 -4.764220
v -7.237677 5.527130 -4.764220
v -7.237677 5.527130 -4.764220
v -7.237677 5.527130 -4.764220
v -7.237677 5.492424 -4.764220
v -7.237677 5.492424 -4.764220
v -7.237677 5.492424 -4.764220
v -7.237677 5.492424 -4.764220
v -7.268378 5.437696 -4.790916
v -7.268378 5.437696 -4.790916
v -7.292405 5.365615 -4.810939
v -7.292405 5.365615 -4.810939
v -7.300414 5.313556 -4.817613
v -7.300414 5.313556 -4.817613
v -7.300414 5.313556 -4.817613
v -7.300414 5.313556 -4.817613
v -7.300414 5.313556 -4.867002
v -7.300414 5.313556 -4.867002
v -7.284396 5.298873 -4.867002
v -7.284396 5.298873 -4.867002
v -7.305753 5.282855 -4.867002
v -7.305753 5.282855 -4.867002
v -7.822335 5.282855 -4.867002
v -7.822335 5.282855 -4.867002
v -7.842357 5.298873 -4.867002
v -7.842357 5.298873 -4.867002
v -7.827673 5.313556 -4.867002
v -7.827673 5.313556 -4.867002
v -7.835683 5.365615 -4.867002
v -7.859710 5.437696 -4.867002
v -7.890412 5.492424 -4.867002
v -7.890412 5.492424 -4.867002
v -7.890412 5.527130 -4.867002
v -7.890412 5.527130 -4.867002
v -7.909100 5.544483 -4.867002
v -7.909100 5.544483 -4.867002
v -7.890412 5.563170 -4.867002
v -7.890412 5.563170 -4.867002
v -7.237677 5.563170 -4.867002
v -7.237677 5.563170 -4.867002
v -7.218989 5.544483 -4.867002
v -7.218989 5.544483 -4.867002
v -7.237677 5.527130 -4.867002
v -7.237677 5.527130 -4.867002
v -7.237677 5.492424 -4.867002
v -7.237677 5.492424 -4.867002
v -7.268378 5.437696 -4.867002
v -7.292405 5.365615 -4.867002
v -4.649430 5.282855 -4.816278
v -4.649430 5.282855 -4.816278
v -4.649430 5.282855 -4.816278
v -4.294363 5.282855 -4.816278
v -4.294363 5.282855 -4.816278
v -4.294363 5.282855 -4.816278
v -4.662778 5.298873 -4.798925
v -4.662778 5.298873 -4.798925
v -4.662778 5.298873 -4.798925
v -4.662778 5.298873 -4.798925
v -4.281015 5.298873 -4.798925
v -4.281015 5.298873 -4.798925
v -4.281015 5.298873 -4.798925
v -4.281015 5.298873 -4.798925
v -4.652100 5.313556 -4.812274
v -4.652100 5.313556 -4.812274
v -4.652100 5.313556 -4.812274
v -4.652100 5.313556 -4.812274
v -4.696149 5.563170 -4.758881
v -4.696149 5.563170 -4.758881
v -4.696149 5.563170 -4.758881
v -4.709497 5.544483 -4.741528
v -4.709497 5.544483 -4.741528
v -4.709497 5.544483 -4.741528
v -4.709497 5.544483 -4.741528
v -4.234296 5.544483 -4.741528
v -4.234296 5.544483 -4.741528
v -4.234296 5.544483 -4.741528
v -4.234296 5.544483 -4.741528
v -4.247644 5.527130 -4.758881
v -4.247644 5.527130 -4.758881
v -4.247644 5.527130 -4.758881
v -4.247644 5.527130 -4.758881
v -4.696149 5.527130 -4.758881
v -4.696149 5.527130 -4.758881
v -4.696149 5.527130 -4.758881
v -4.696149 5.527130 -4.758881
v -4.696149 5.492424 -4.758881
v -4.696149 5.492424 -4.758881
v -4.696149 5.492424 -4.758881
v -4.696149 5.492424 -4.758881
v -4.246309 5.492424 -4.758881
v -4.246309 5.492424 -4.758881
v -4.246309 5.492424 -4.758881
v -4.246309 5.492424 -4.758881
v -4.269002 5.437696 -4.785577
v -4.269002 5.437696 -4.785577
v -4.674792 5.437696 -4.785577
v -4.674792 5.437696 -4.785577
v -4.285020 5.365615 -4.805600
v -4.285020 5.365615 -4.805600
v -4.657439 5.365615 -4.805600
v -4.657439 5.365615 -4.805600
v -4.290359 5.313556 -4.812274
v -4.290359 5.313556 -4.812274
v -4.290359 5.313556 -4.812274
v -4.290359 5.313556 -4.812274
v -4.275676 5.298873 -4.805600
v -4.275676 5.298873 -4.805600
v -4.275676 5.298873 -4.805600
v -4.275676 5.298873 -4.805600
v -4.290359 5.282855 -4.822952
v -4.290359 5.282855 -4.822952
v -4.290359 5.282855 -4.822952
v -4.653434 5.282855 -4.822952
v -4.653434 5.282855 -4.822952
v -4.653434 5.282855 -4.822952
v -4.668118 5.298873 -4.805600
v -4.668118 5.298873 -4.805600
v -4.668118 5.298873 -4.805600
v -4.668118 5.298873 -4.805600
v -4.657439 5.313556 -4.817613
v -4.657439 5.313556 -4.817613
v -4.657439 5.313556 -4.817613
v -4.657439 5.313556 -4.817613
v -4.662778 5.365615 -4.810939
v -4.662778 5.365615 -4.810939
v -4.680131 5.437696 -4.790916
v -4.680131 5.437696 -4.790916
v -4.701488 5.492424 -4.764220
v -4.701488 5.492424 -4.764220
v -4.701488 5.492424 -4.764220
v -4.701488 5.492424 -4.764220
v -4.701488 5.527130 -4.764220
v -4.701488 5.527130 -4.764220
v -4.701488 5.527130 -4.764220
v -4.701488 5.527130 -4.764220
v -4.714837 5.544483 -4.748202
v -4.714837 5.544483 -4.748202
v -4.714837 5.544483 -4.748202
v -4.714837 5.544483 -4.748202
v -4.701488 5.563170 -4.765554
v -4.701488 5.563170 -4.765554
v -4.701488 5.563170 -4.765554
v -4.247644 5.563170 -4.758881
v -4.247644 5.563170 -4.758881
v -4.247644 5.563170 -4.758881
v -4.242305 5.563170 -4.765554
v -4.242305 5.563170 -4.765554
v -4.242305 5.563170 -4.765554
v -4.228956 5.544483 -4.748202
v -4.228956 5.544483 -4.748202
v -4.228956 5.544483 -4.748202
v -4.228956 5.544483 -4.748202
v -4.242305 5.527130 -4.764220
v -4.242305 5.527130 -4.764220
v -4.242305 5.527130 -4.764220
v -4.242305 5.527130 -4.764220
v -4.242305 5.492424 -4.764220
v -4.242305 5.492424 -4.764220
v -4.242305 5.492424 -4.764220
v -4.242305 5.492424 -4.764220
v -4.263662 5.437696 -4.790916
v -4.263662 5.437696 -4.790916
v -4.281015 5.365615 -4.810939
v -4.281015 5.365615 -4.810939
v -4.286355 5.313556 -4.817613
v -4.286355 5.313556 -4.817613
v -4.286355 5.313556 -4.817613
v -4.286355 5.313556 -4.817613
v -4.286355 5.313556 -4.867002
v -4.286355 5.313556 -4.867002
v -4.275676 5.298873 -4.867002
v -4.275676 5.298873 -4.867002
v -4.290359 5.282855 -4.867002
v -4.290359 5.282855 -4.867002
v -4.653434 5.282855 -4.867002
v -4.653434 5.282855 -4.867002
v -4.668118 5.298873 -4.867002
v -4.668118 5.298873 -4.867002
v -4.657439 5.313556 -4.867002
v -4.657439 5.313556 -4.867002
v -4.662778 5.365615 -4.867002
v -4.680131 5.437696 -4.867002
v -4.701488 5.492424 -4.867002
v -4.701488 5.492424 -4.867002
v -4.701488 5.527130 -4.867002
v -4.701488 5.527130 -4.867002
v -4.714837 5.544483 -4.867002
v -4.714837 5.544483 -4.867002
v -4.701488 5.563170 -4.867002
v -4.701488 5.563170 -4.867002
v -4.242305 5.563170 -4.867002
v -4.242305 5.563170 -4.867002
v -4.228956 5.544483 -4.867002
v -4.228956 5.544483 -4.867002
v -4.242305 5.527130 -4.867002
v -4.242305 5.527130 -4.867002
v -4.242305 5.492424 -4.867002
v -4.242305 5.492424 -4.867002
v -4.263662 5.437696 -4.867002
v -4.281015 5.365615 -4.867002
v 7.191899 5.563170 4.803886
v 7.191899 5.563170 4.803886
v 7.191899 5.563170 4.803886
v 7.865993 5.544483 4.787869
v 7.865993 5.544483 4.787869
v 7.865993 5.544483 4.787869
v 7.865993 5.544483 4.787869
v 7.173212 5.544483 4.787869
v 7.173212 5.544483 4.787869
v 7.173212 5.544483 4.787869
v 7.173212 5.544483 4.787869
v 7.847303 5.527130 4.803886
v 7.847303 5.527130 4.803886
v 7.847303 5.527130 4.803886
v 7.847303 5.527130 4.803886
v 7.191899 5.527130 4.803886
v 7.191899 5.527130 4.803886
v 7.191899 5.527130 4.803886
v 7.191899 5.527130 4.803886
v 7.190565 5.492424 4.803886
v 7.190565 5.492424 4.803886
v 7.190565 5.492424 4.803886
v 7.190565 5.492424 4.803886
v 7.847303 5.492424 4.803886
v 7.847303 5.492424 4.803886
v 7.847303 5.492424 4.803886
v 7.847303 5.492424 4.803886
v 7.815268 5.437696 4.830584
v 7.815268 5.437696 4.830584
v 7.222600 5.437696 4.830584
v 7.222600 5.437696 4.830584
v 7.261311 5.282855 4.862620
v 7.261311 5.282855 4.862620
v 7.261311 5.282855 4.862620
v 7.241290 5.298873 4.845266
v 7.241290 5.298873 4.845266
v 7.241290 5.298873 4.845266
v 7.241290 5.298873 4.845266
v 7.777893 5.282855 4.862620
v 7.777893 5.282855 4.862620
v 7.777893 5.282855 4.862620
v 7.797915 5.298873 4.845266
v 7.797915 5.298873 4.845266
v 7.797915 5.298873 4.845266
v 7.797915 5.298873 4.845266
v 7.254637 5.313556 4.857280
v 7.254637 5.313556 4.857280
v 7.254637 5.313556 4.857280
v 7.254637 5.313556 4.857280
v 7.783233 5.313556 4.857280
v 7.783233 5.313556 4.857280
v 7.783233 5.313556 4.857280
v 7.783233 5.313556 4.857280
v 7.247963 5.365615 4.851941
v 7.247963 5.365615 4.851941
v 7.791241 5.365615 4.851941
v 7.791241 5.365615 4.851941
v 7.796581 5.365615 4.857280
v 7.796581 5.365615 4.857280
v 7.821942 5.437696 4.835923
v 7.821942 5.437696 4.835923
v 7.853979 5.492424 4.809226
v 7.853979 5.492424 4.809226
v 7.853979 5.492424 4.809226
v 7.853979 5.492424 4.809226
v 7.853979 5.527130 4.810561
v 7.853979 5.527130 4.810561
v 7.853979 5.527130 4.810561
v 7.853979 5.527130 4.810561
v 7.872667 5.544483 4.794543
v 7.872667 5.544483 4.794543
v 7.872667 5.544483 4.794543
v 7.872667 5.544483 4.794543
v 7.853979 5.563170 4.810561
v 7.853979 5.563170 4.810561
v 7.853979 5.563170 4.810561
v 7.845969 5.563170 4.803886
v 7.845969 5.563170 4.803886
v 7.845969 5.563170 4.803886
v 7.183891 5.563170 4.810561
v 7.183891 5.563170 4.810561
v 7.183891 5.563170 4.810561
v 7.165204 5.544483 4.794543
v 7.165204 5.544483 4.794543
v 7.165204 5.544483 4.794543
v 7.165204 5.544483 4.794543
v 7.183891 5.527130 4.810561
v 7.183891 5.527130 4.810561
v 7.183891 5.527130 4.810561
v 7.183891 5.527130 4.810561
v 7.183891 5.492424 4.809226
v 7.183891 5.492424 4.809226
v 7.183891 5.492424 4.809226
v 7.183891 5.492424 4.809226
v 7.215927 5.437696 4.835923
v 7.215927 5.437696 4.835923
v 7.241290 5.365615 4.857280
v 7.241290 5.365615 4.857280
v 7.247963 5.313556 4.863955
v 7.247963 5.313556 4.863955
v 7.247963 5.313556 4.863955
v 7.247963 5.313556 4.863955
v 7.233280 5.298873 4.851941
v 7.233280 5.298873 4.851941
v 7.233280 5.298873 4.851941
v 7.233280 5.298873 4.851941
v 7.253302 5.282855 4.867959
v 7.253302 5.282855 4.867959
v 7.253302 5.282855 4.867959
v 7.784567 5.282855 4.867959
v 7.784567 5.282855 4.867959
v 7.784567 5.282855 4.867959
v 7.804589 5.298873 4.851941
v 7.804589 5.298873 4.851941
v 7.804589 5.298873 4.851941
v 7.804589 5.298873 4.851941
v 7.789907 5.313556 4.863955
v 7.789907 5.313556 4.863955
v 7.789907 5.313556 4.863955
v 7.789907 5.313556 4.863955
v 7.796581 5.365615 4.912008
v 7.821942 5.437696 4.912008
v 7.853979 5.492424 4.912008
v 7.853979 5.492424 4.912008
v 7.853979 5.527130 4.912008
v 7.853979 5.527130 4.912008
v 7.872667 5.544483 4.912008
v 7.872667 5.544483 4.912008
v 7.853979 5.563170 4.912008
v 7.853979 5.563170 4.912008
v 7.183891 5.563170 4.912008
v 7.183891 5.563170 4.912008
v 7.165204 5.544483 4.912008
v 7.165204 5.544483 4.912008
v 7.183891 5.527130 4.912008
v 7.183891 5.527130 4.912008
v 7.183891 5.492424 4.912008
v 7.183891 5.492424 4.912008
v 7.215927 5.437696 4.912008
v 7.241290 5.365615 4.912008
v 7.247963 5.313556 4.912008
v 7.247963 5.313556 4.912008
v 7.233280 5.298873 4.912008
v 7.233280 5.298873 4.912008
v 7.253302 5.282855 4.912008
v 7.253302 5.282855 4.912008
v 7.784567 5.282855 4.912008
v 7.784567 5.282855 4.912008
v 7.804589 5.298873 4.912008
v 7.804589 5.298873 4.912008
v 7.789907 5.313556 4.912008
v 7.789907 5.313556 4.912008
v 4.203202 5.563170 4.803886
v 4.203202 5.563170 4.803886
v 4.203202 5.563170 4.803886
v 4.665055 5.544483 4.787869
v 4.665055 5.544483 4.787869
v 4.665055 5.544483 4.787869
v 4.665055 5.544483 4.787869
v 4.189854 5.544483 4.787869
v 4.189854 5.544483 4.787869
v 4.189854 5.544483 4.787869
v 4.189854 5.544483 4.787869
v 4.651707 5.527130 4.803886
v 4.651707 5.527130 4.803886
v 4.651707 5.527130 4.803886
v 4.651707 5.527130 4.803886
v 4.203202 5.527130 4.803886
v 4.203202 5.527130 4.803886
v 4.203202 5.527130 4.803886
v 4.203202 5.527130 4.803886
v 4.201868 5.492424 4.803886
v 4.201868 5.492424 4.803886
v 4.201868 5.492424 4.803886
v 4.201868 5.492424 4.803886
v 4.651707 5.492424 4.803886
v 4.651707 5.492424 4.803886
v 4.651707 5.492424 4.803886
v 4.651707 5.492424 4.803886
v 4.630349 5.437696 4.830584
v 4.630349 5.437696 4.830584
v 4.224559 5.437696 4.830584
v 4.224559 5.437696 4.830584
v 4.612997 5.365615 4.851941
v 4.612997 5.365615 4.851941
v 4.240578 5.365615 4.851941
v 4.240578 5.365615 4.851941
v 4.249921 5.282855 4.862620
v 4.249921 5.282855 4.862620
v 4.249921 5.282855 4.862620
v 4.236573 5.298873 4.845266
v 4.236573 5.298873 4.845266
v 4.236573 5.298873 4.845266
v 4.236573 5.298873 4.845266
v 4.604988 5.282855 4.862620
v 4.604988 5.282855 4.862620
v 4.604988 5.282855 4.862620
v 4.618337 5.298873 4.845266
v 4.618337 5.298873 4.845266
v 4.618337 5.298873 4.845266
v 4.618337 5.298873 4.845266
v 4.245916 5.313556 4.857280
v 4.245916 5.313556 4.857280
v 4.245916 5.313556 4.857280
v 4.245916 5.313556 4.857280
v 4.607658 5.313556 4.857280
v 4.607658 5.313556 4.857280
v 4.607658 5.313556 4.857280
v 4.607658 5.313556 4.857280
v 4.618337 5.365615 4.857280
v 4.618337 5.365615 4.857280
v 4.635689 5.437696 4.835923
v 4.635689 5.437696 4.835923
v 4.657046 5.492424 4.809226
v 4.657046 5.492424 4.809226
v 4.657046 5.492424 4.809226
v 4.657046 5.492424 4.809226
v 4.657046 5.527130 4.810561
v 4.657046 5.527130 4.810561
v 4.657046 5.527130 4.810561
v 4.657046 5.527130 4.810561
v 4.670395 5.544483 4.794543
v 4.670395 5.544483 4.794543
v 4.670395 5.544483 4.794543
v 4.670395 5.544483 4.794543
v 4.657046 5.563170 4.810561
v 4.657046 5.563170 4.810561
v 4.657046 5.563170 4.810561
v 4.651707 5.563170 4.803886
v 4.651707 5.563170 4.803886
v 4.651707 5.563170 4.803886
v 4.197863 5.563170 4.810561
v 4.197863 5.563170 4.810561
v 4.197863 5.563170 4.810561
v 4.184514 5.544483 4.794543
v 4.184514 5.544483 4.794543
v 4.184514 5.544483 4.794543
v 4.184514 5.544483 4.794543
v 4.197863 5.527130 4.810561
v 4.197863 5.527130 4.810561
v 4.197863 5.527130 4.810561
v 4.197863 5.527130 4.810561
v 4.197863 5.492424 4.809226
v 4.197863 5.492424 4.809226
v 4.197863 5.492424 4.809226
v 4.197863 5.492424 4.809226
v 4.219220 5.437696 4.835923
v 4.219220 5.437696 4.835923
v 4.236573 5.365615 4.857280
v 4.236573 5.365615 4.857280
v 4.241912 5.313556 4.863955
v 4.241912 5.313556 4.863955
v 4.241912 5.313556 4.863955
v 4.241912 5.313556 4.863955
v 4.231234 5.298873 4.851941
v 4.231234 5.298873 4.851941
v 4.231234 5.298873 4.851941
v 4.231234 5.298873 4.851941
v 4.245916 5.282855 4.867959
v 4.245916 5.282855 4.867959
v 4.245916 5.282855 4.867959
v 4.608993 5.282855 4.867959
v 4.608993 5.282855 4.867959
v 4.608993 5.282855 4.867959
v 4.623675 5.298873 4.851941
v 4.623675 5.298873 4.851941
v 4.623675 5.298873 4.851941
v 4.623675 5.298873 4.851941
v 4.612997 5.313556 4.863955
v 4.612997 5.313556 4.863955
v 4.612997 5.313556 4.863955
v 4.612997 5.313556 4.863955
v 4.618337 5.365615 4.912008
v 4.635689 5.437696 4.912008
v 4.657046 5.492424 4.912008
v 4.657046 5.492424 4.912008
v 4.657046 5.527130 4.912008
v 4.657046 5.527130 4.912008
v 4.670395 5.544483 4.912008
v 4.670395 5.544483 4.912008
v 4.657046 5.563170 4.912008
v 4.657046 5.563170 4.912008
v 4.197863 5.563170 4.912008
v 4.197863 5.563170 4.912008
v 4.184514 5.544483 4.912008
v 4.184514 5.544483 4.912008
v 4.197863 5.527130 4.912008
v 4.197863 5.527130 4.912008
v 4.197863 5.492424 4.912008
v 4.197863 5.492424 4.912008
v 4.219220 5.437696 4.912008
v 4.236573 5.365615 4.912008
v 4.241912 5.313556 4.912008
v 4.241912 5.313556 4.912008
v 4.231234 5.298873 4.912008
v 4.231234 5.298873 4.912008
v 4.245916 5.282855 4.912008
v 4.245916 5.282855 4.912008
v 4.608993 5.282855 4.912008
v 4.608993 5.282855 4.912008
v 4.623675 5.298873 4.912008
v 4.623675 5.298873 4.912008
v 4.612997 5.313556 4.912008
v 4.612997 5.313556 4.912008
v 1.239866 5.563170 4.803886
v 1.239866 5.563170 4.803886
v 1.239866 5.563170 4.803886
v 1.701719 5.544483 4.787869
v 1.701719 5.544483 4.787869
v 1.701719 5.544483 4.787869
v 1.701719 5.544483 4.787869
v 1.226518 5.544483 4.787869
v 1.226518 5.544483 4.787869
v 1.226518 5.544483 4.787869
v 1.226518 5.544483 4.787869
v 1.688371 5.527130 4.803886
v 1.688371 5.527130 4.803886
v 1.688371 5.527130 4.803886
v 1.688371 5.527130 4.803886
v 1.238531 5.527130 4.803886
v 1.238531 5.527130 4.803886
v 1.238531 5.527130 4.803886
v 1.238531 5.527130 4.803886
v 1.238531 5.492424 4.803886
v 1.238531 5.492424 4.803886
v 1.238531 5.492424 4.803886
v 1.238531 5.492424 4.803886
v 1.688371 5.492424 4.803886
v 1.688371 5.492424 4.803886
v 1.688371 5.492424 4.803886
v 1.688371 5.492424 4.803886
v 1.667014 5.437696 4.830584
v 1.667014 5.437696 4.830584
v 1.259889 5.437696 4.830584
v 1.259889 5.437696 4.830584
v 1.649660 5.365615 4.851941
v 1.649660 5.365615 4.851941
v 1.277241 5.365615 4.851941
v 1.277241 5.365615 4.851941
v 1.286585 5.282855 4.862620
v 1.286585 5.282855 4.862620
v 1.286585 5.282855 4.862620
v 1.273237 5.298873 4.845266
v 1.273237 5.298873 4.845266
v 1.273237 5.298873 4.845266
v 1.273237 5.298873 4.845266
v 1.640317 5.282855 4.862620
v 1.640317 5.282855 4.862620
v 1.640317 5.282855 4.862620
v 1.655000 5.298873 4.845266
v 1.655000 5.298873 4.845266
v 1.655000 5.298873 4.845266
v 1.655000 5.298873 4.845266
v 1.282581 5.313556 4.857280
v 1.282581 5.313556 4.857280
v 1.282581 5.313556 4.857280
v 1.282581 5.313556 4.857280
v 1.644322 5.313556 4.857280
v 1.644322 5.313556 4.857280
v 1.644322 5.313556 4.857280
v 1.644322 5.313556 4.857280
v 1.655000 5.365615 4.857280
v 1.655000 5.365615 4.857280
v 1.671018 5.437696 4.835923
v 1.671018 5.437696 4.835923
v 1.693710 5.492424 4.809226
v 1.693710 5.492424 4.809226
v 1.693710 5.492424 4.809226
v 1.693710 5.492424 4.809226
v 1.693710 5.527130 4.810561
v 1.693710 5.527130 4.810561
v 1.693710 5.527130 4.810561
v 1.693710 5.527130 4.810561
v 1.707059 5.544483 4.794543
v 1.707059 5.544483 4.794543
v 1.707059 5.544483 4.794543
v 1.707059 5.544483 4.794543
v 1.693710 5.563170 4.810561
v 1.693710 5.563170 4.810561
v 1.693710 5.563170 4.810561
v 1.688371 5.563170 4.803886
v 1.688371 5.563170 4.803886
v 1.688371 5.563170 4.803886
v 1.234527 5.563170 4.810561
v 1.234527 5.563170 4.810561
v 1.234527 5.563170 4.810561
v 1.221179 5.544483 4.794543
v 1.221179 5.544483 4.794543
v 1.221179 5.544483 4.794543
v 1.221179 5.544483 4.794543
v 1.234527 5.527130 4.810561
v 1.234527 5.527130 4.810561
v 1.234527 5.527130 4.810561
v 1.234527 5.527130 4.810561
v 1.234527 5.492424 4.809226
v 1.234527 5.492424 4.809226
v 1.234527 5.492424 4.809226
v 1.234527 5.492424 4.809226
v 1.255884 5.437696 4.835923
v 1.255884 5.437696 4.835923
v 1.273237 5.365615 4.857280
v 1.273237 5.365615 4.857280
v 1.278576 5.313556 4.863955
v 1.278576 5.313556 4.863955
v 1.278576 5.313556 4.863955
v 1.278576 5.313556 4.863955
v 1.267898 5.298873 4.851941
v 1.267898 5.298873 4.851941
v 1.267898 5.298873 4.851941
v 1.267898 5.298873 4.851941
v 1.281246 5.282855 4.867959
v 1.281246 5.282855 4.867959
v 1.281246 5.282855 4.867959
v 1.645656 5.282855 4.867959
v 1.645656 5.282855 4.867959
v 1.645656 5.282855 4.867959
v 1.660339 5.298873 4.851941
v 1.660339 5.298873 4.851941
v 1.660339 5.298873 4.851941
v 1.660339 5.298873 4.851941
v 1.649660 5.313556 4.863955
v 1.649660 5.313556 4.863955
v 1.649660 5.313556 4.863955
v 1.649660 5.313556 4.863955
v 1.655000 5.365615 4.912008
v 1.671018 5.437696 4.912008
v 1.693710 5.492424 4.912008
v 1.693710 5.492424 4.912008
v 1.693710 5.527130 4.912008
v 1.693710 5.527130 4.912008
v 1.707059 5.544483 4.912008
v 1.707059 5.544483 4.912008
v 1.693710 5.563170 4.912008
v 1.693710 5.563170 4.912008
v 1.234527 5.563170 4.912008
v 1.234527 5.563170 4.912008
v 1.221179 5.544483 4.912008
v 1.221179 5.544483 4.912008
v 1.234527 5.527130 4.912008
v 1.234527 5.527130 4.912008
v 1.234527 5.492424 4.912008
v 1.234527 5.492424 4.912008
v 1.255884 5.437696 4.912008
v 1.273237 5.365615 4.912008
v 1.278576 5.313556 4.912008
v 1.278576 5.313556 4.912008
v 1.267898 5.298873 4.912008
v 1.267898 5.298873 4.912008
v 1.281246 5.282855 4.912008
v 1.281246 5.282855 4.912008
v 1.645656 5.282855 4.912008
v 1.645656 5.282855 4.912008
v 1.660339 5.298873 4.912008
v 1.660339 5.298873 4.912008
v 1.649660 5.313556 4.912008
v 1.649660 5.313556 4.912008
v -1.727475 5.563170 4.803886
v -1.727475 5.563170 4.803886
v -1.727475 5.563170 4.803886
v -1.265621 5.544483 4.787869
v -1.265621 5.544483 4.787869
v -1.265621 5.544483 4.787869
v -1.265621 5.544483 4.787869
v -1.740822 5.544483 4.787869
v -1.740822 5.544483 4.787869
v -1.740822 5.544483 4.787869
v -1.740822 5.544483 4.787869
v -1.278970 5.527130 4.803886
v -1.278970 5.527130 4.803886
v -1.278970 5.527130 4.803886
v -1.278970 5.527130 4.803886
v -1.727475 5.527130 4.803886
v -1.727475 5.527130 4.803886
v -1.727475 5.527130 4.803886
v -1.727475 5.527130 4.803886
v -1.727475 5.492424 4.803886
v -1.727475 5.492424 4.803886
v -1.727475 5.492424 4.803886
v -1.727475 5.492424 4.803886
v -1.277635 5.492424 4.803886
v -1.277635 5.492424 4.803886
v -1.277635 5.492424 4.803886
v -1.277635 5.492424 4.803886
v -1.300327 5.437696 4.830584
v -1.300327 5.437696 4.830584
v -1.706117 5.437696 4.830584
v -1.706117 5.437696 4.830584
v -1.316345 5.365615 4.851941
v -1.316345 5.365615 4.851941
v -1.688763 5.365615 4.851941
v -1.688763 5.365615 4.851941
v -1.680755 5.282855 4.862620
v -1.680755 5.282855 4.862620
v -1.680755 5.282855 4.862620
v -1.694103 5.298873 4.845266
v -1.694103 5.298873 4.845266
v -1.694103 5.298873 4.845266
v -1.694103 5.298873 4.845266
v -1.325688 5.282855 4.862620
v -1.325688 5.282855 4.862620
v -1.325688 5.282855 4.862620
v -1.312340 5.298873 4.845266
v -1.312340 5.298873 4.845266
v -1.312340 5.298873 4.845266
v -1.312340 5.298873 4.845266
v -1.683425 5.313556 4.857280
v -1.683425 5.313556 4.857280
v -1.683425 5.313556 4.857280
v -1.683425 5.313556 4.857280
v -1.321684 5.313556 4.857280
v -1.321684 5.313556 4.857280
v -1.321684 5.313556 4.857280
v -1.321684 5.313556 4.857280
v -1.312340 5.365615 4.857280
v -1.312340 5.365615 4.857280
v -1.294987 5.437696 4.835923
v -1.294987 5.437696 4.835923
v -1.273630 5.492424 4.809226
v -1.273630 5.492424 4.809226
v -1.273630 5.492424 4.809226
v -1.273630 5.492424 4.809226
v -1.273630 5.527130 4.810561
v -1.273630 5.527130 4.810561
v -1.273630 5.527130 4.810561
v -1.273630 5.527130 4.810561
v -1.260281 5.544483 4.794543
v -1.260281 5.544483 4.794543
v -1.260281 5.544483 4.794543
v -1.260281 5.544483 4.794543
v -1.273630 5.563170 4.810561
v -1.273630 5.563170 4.810561
v -1.273630 5.563170 4.810561
v -1.278970 5.563170 4.803886
v -1.278970 5.563170 4.803886
v -1.278970 5.563170 4.803886
v -1.732813 5.563170 4.810561
v -1.732813 5.563170 4.810561
v -1.732813 5.563170 4.810561
v -1.746162 5.544483 4.794543
v -1.746162 5.544483 4.794543
v -1.746162 5.544483 4.794543
v -1.746162 5.544483 4.794543
v -1.732813 5.527130 4.810561
v -1.732813 5.527130 4.810561
v -1.732813 5.527130 4.810561
v -1.732813 5.527130 4.810561
v -1.732813 5.492424 4.809226
v -1.732813 5.492424 4.809226
v -1.732813 5.492424 4.809226
v -1.732813 5.492424 4.809226
v -1.711456 5.437696 4.835923
v -1.711456 5.437696 4.835923
v -1.694103 5.365615 4.857280
v -1.694103 5.365615 4.857280
v -1.688763 5.313556 4.863955
v -1.688763 5.313556 4.863955
v -1.688763 5.313556 4.863955
v -1.688763 5.313556 4.863955
v -1.699442 5.298873 4.851941
v -1.699442 5.298873 4.851941
v -1.699442 5.298873 4.851941
v -1.699442 5.298873 4.851941
v -1.684760 5.282855 4.867959
v -1.684760 5.282855 4.867959
v -1.684760 5.282855 4.867959
v -1.321684 5.282855 4.867959
v -1.321684 5.282855 4.867959
v -1.321684 5.282855 4.867959
v -1.307001 5.298873 4.851941
v -1.307001 5.298873 4.851941
v -1.307001 5.298873 4.851941
v -1.307001 5.298873 4.851941
v -1.317680 5.313556 4.863955
v -1.317680 5.313556 4.863955
v -1.317680 5.313556 4.863955
v -1.317680 5.313556 4.863955
v -1.312340 5.365615 4.912008
v -1.294987 5.437696 4.912008
v -1.273630 5.492424 4.912008
v -1.273630 5.492424 4.912008
v -1.273630 5.527130 4.912008
v -1.273630 5.527130 4.912008
v -1.260281 5.544483 4.912008
v -1.260281 5.544483 4.912008
v -1.273630 5.563170 4.912008
v -1.273630 5.563170 4.912008
v -1.732813 5.563170 4.912008
v -1.732813 5.563170 4.912008
v -1.746162 5.544483 4.912008
v -1.746162 5.544483 4.912008
v -1.732813 5.527130 4.912008
v -1.732813 5.527130 4.912008
v -1.732813 5.492424 4.912008
v -1.732813 5.492424 4.912008
v -1.711456 5.437696 4.912008
v -1.694103 5.365615 4.912008
v -1.688763 5.313556 4.912008
v -1.688763 5.313556 4.912008
v -1.699442 5.298873 4.912008
v -1.699442 5.298873 4.912008
v -1.684760 5.282855 4.912008
v -1.684760 5.282855 4.912008
v -1.321684 5.282855 4.912008
v -1.321684 5.282855 4.912008
v -1.307001 5.298873 4.912008
v -1.307001 5.298873 4.912008
v -1.317680 5.313556 4.912008
v -1.317680 5.313556 4.912008
v -7.882402 5.563170 4.803886
v -7.882402 5.563170 4.803886
v -7.882402 5.563170 4.803886
v -7.225663 5.544483 4.787869
v -7.225663 5.544483 4.787869
v -7.225663 5.544483 4.787869
v -7.225663 5.544483 4.787869
v -7.901090 5.544483 4.787869
v -7.901090 5.544483 4.787869
v -7.901090 5.544483 4.787869
v -7.901090 5.544483 4.787869
v -7.244350 5.527130 4.803886
v -7.244350 5.527130 4.803886
v -7.244350 5.527130 4.803886
v -7.244350 5.527130 4.803886
v -7.883737 5.527130 4.803886
v -7.883737 5.527130 4.803886
v -7.883737 5.527130 4.803886
v -7.883737 5.527130 4.803886
v -7.883737 5.492424 4.803886
v -7.883737 5.492424 4.803886
v -7.883737 5.492424 4.803886
v -7.883737 5.492424 4.803886
v -7.244350 5.492424 4.803886
v -7.244350 5.492424 4.803886
v -7.244350 5.492424 4.803886
v -7.244350 5.492424 4.803886
v -7.275052 5.437696 4.830584
v -7.275052 5.437696 4.830584
v -7.853036 5.437696 4.830584
v -7.853036 5.437696 4.830584
v -7.815660 5.282855 4.862620
v -7.815660 5.282855 4.862620
v -7.815660 5.282855 4.862620
v -7.835683 5.298873 4.845266
v -7.835683 5.298873 4.845266
v -7.835683 5.298873 4.845266
v -7.835683 5.298873 4.845266
v -7.312428 5.282855 4.862620
v -7.312428 5.282855 4.862620
v -7.312428 5.282855 4.862620
v -7.292405 5.298873 4.845266
v -7.292405 5.298873 4.845266
v -7.292405 5.298873 4.845266
v -7.292405 5.298873 4.845266
v -7.821000 5.313556 4.857280
v -7.821000 5.313556 4.857280
v -7.821000 5.313556 4.857280
v -7.821000 5.313556 4.857280
v -7.307088 5.313556 4.857280
v -7.307088 5.313556 4.857280
v -7.307088 5.313556 4.857280
v -7.307088 5.313556 4.857280
v -7.829009 5.365615 4.851941
v -7.829009 5.365615 4.851941
v -7.299079 5.365615 4.851941
v -7.299079 5.365615 4.851941
v -7.292405 5.365615 4.857280
v -7.292405 5.365615 4.857280
v -7.268378 5.437696 4.835923
v -7.268378 5.437696 4.835923
v -7.237677 5.492424 4.809226
v -7.237677 5.492424 4.809226
v -7.237677 5.492424 4.809226
v -7.237677 5.492424 4.809226
v -7.237677 5.527130 4.810561
v -7.237677 5.527130 4.810561
v -7.237677 5.527130 4.810561
v -7.237677 5.527130 4.810561
v -7.218989 5.544483 4.794543
v -7.218989 5.544483 4.794543
v -7.218989 5.544483 4.794543
v -7.218989 5.544483 4.794543
v -7.237677 5.563170 4.810561
v -7.237677 5.563170 4.810561
v -7.237677 5.563170 4.810561
v -7.245686 5.563170 4.803886
v -7.245686 5.563170 4.803886
v -7.245686 5.563170 4.803886
v -7.890412 5.563170 4.810561
v -7.890412 5.563170 4.810561
v -7.890412 5.563170 4.810561
v -7.909100 5.544483 4.794543
v -7.909100 5.544483 4.794543
v -7.909100 5.544483 4.794543
v -7.909100 5.544483 4.794543
v -7.890412 5.527130 4.810561
v -7.890412 5.527130 4.810561
v -7.890412 5.527130 4.810561
v -7.890412 5.527130 4.810561
v -7.890412 5.492424 4.809226
v -7.890412 5.492424 4.809226
v -7.890412 5.492424 4.809226
v -7.890412 5.492424 4.809226
v -7.859710 5.437696 4.835923
v -7.859710 5.437696 4.835923
v -7.835683 5.365615 4.857280
v -7.835683 5.365615 4.857280
v -7.827673 5.313556 4.863955
v -7.827673 5.313556 4.863955
v -7.827673 5.313556 4.863955
v -7.827673 5.313556 4.863955
v -7.842357 5.298873 4.851941
v -7.842357 5.298873 4.851941
v -7.842357 5.298873 4.851941
v -7.842357 5.298873 4.851941
v -7.822335 5.282855 4.867959
v -7.822335 5.282855 4.867959
v -7.822335 5.282855 4.867959
v -7.305753 5.282855 4.867959
v -7.305753 5.282855 4.867959
v -7.305753 5.282855 4.867959
v -7.284396 5.298873 4.851941
v -7.284396 5.298873 4.851941
v -7.284396 5.298873 4.851941
v -7.284396 5.298873 4.851941
v -7.300414 5.313556 4.863955
v -7.300414 5.313556 4.863955
v -7.300414 5.313556 4.863955
v -7.300414 5.313556 4.863955
v -7.292405 5.365615 4.912008
v -7.268378 5.437696 4.912008
v -7.237677 5.492424 4.912008
v -7.237677 5.492424 4.912008
v -7.237677 5.527130 4.912008
v -7.237677 5.527130 4.912008
v -7.218989 5.544483 4.912008
v -7.218989 5.544483 4.912008
v -7.237677 5.563170 4.912008
v -7.237677 5.563170 4.912008
v -7.890412 5.563170 4.912008
v -7.890412 5.563170 4.912008
v -7.909100 5.544483 4.912008
v -7.909100 5.544483 4.912008
v -7.890412 5.527130 4.912008
v -7.890412 5.527130 4.912008
v -7.890412 5.492424 4.912008
v -7.890412 5.492424 4.912008
v -7.859710 5.437696 4.912008
v -7.835683 5.365615 4.912008
v -7.827673 5.313556 4.912008
v -7.827673 5.313556 4.912008
v -7.842357 5.298873 4.912008
v -7.842357 5.298873 4.912008
v -7.822335 5.282855 4.912008
v -7.822335 5.282855 4.912008
v -7.305753 5.282855 4.912008
v -7.305753 5.282855 4.912008
v -7.284396 5.298873 4.912008
v -7.284396 5.298873 4.912008
v -7.300414 5.313556 4.912008
v -7.300414 5.313556 4.912008
v -4.696149 5.563170 4.803886
v -4.696149 5.563170 4.803886
v -4.696149 5.563170 4.803886
v -4.234296 5.544483 4.787869
v -4.234296 5.544483 4.787869
v -4.234296 5.544483 4.787869
v -4.234296 5.544483 4.787869
v -4.709497 5.544483 4.787869
v -4.709497 5.544483 4.787869
v -4.709497 5.544483 4.787869
v -4.709497 5.544483 4.787869
v -4.247644 5.527130 4.803886
v -4.247644 5.527130 4.803886
v -4.247644 5.527130 4.803886
v -4.247644 5.527130 4.803886
v -4.696149 5.527130 4.803886
v -4.696149 5.527130 4.803886
v -4.696149 5.527130 4.803886
v -4.696149 5.527130 4.803886
v -4.696149 5.492424 4.803886
v -4.696149 5.492424 4.803886
v -4.696149 5.492424 4.803886
v -4.696149 5.492424 4.803886
v -4.246309 5.492424 4.803886
v -4.246309 5.492424 4.803886
v -4.246309 5.492424 4.803886
v -4.246309 5.492424 4.803886
v -4.269002 5.437696 4.830584
v -4.269002 5.437696 4.830584
v -4.674792 5.437696 4.830584
v -4.674792 5.437696 4.830584
v -4.285020 5.365615 4.851941
v -4.285020 5.365615 4.851941
v -4.657439 5.365615 4.851941
v -4.657439 5.365615 4.851941
v -4.649430 5.282855 4.862620
v -4.649430 5.282855 4.862620
v -4.649430 5.282855 4.862620
v -4.662778 5.298873 4.845266
v -4.662778 5.298873 4.845266
v -4.662778 5.298873 4.845266
v -4.662778 5.298873 4.845266
v -4.294363 5.282855 4.862620
v -4.294363 5.282855 4.862620
v -4.294363 5.282855 4.862620
v -4.281015 5.298873 4.845266
v -4.281015 5.298873 4.845266
v -4.281015 5.298873 4.845266
v -4.281015 5.298873 4.845266
v -4.652100 5.313556 4.857280
v -4.652100 5.313556 4.857280
v -4.652100 5.313556 4.857280
v -4.652100 5.313556 4.857280
v -4.290359 5.313556 4.857280
v -4.290359 5.313556 4.857280
v -4.290359 5.313556 4.857280
v -4.290359 5.313556 4.857280
v -4.281015 5.365615 4.857280
v -4.281015 5.365615 4.857280
v -4.263662 5.437696 4.835923
v -4.263662 5.437696 4.835923
v -4.242305 5.492424 4.809226
v -4.242305 5.492424 4.809226
v -4.242305 5.492424 4.809226
v -4.242305 5.492424 4.809226
v -4.242305 5.527130 4.810561
v -4.242305 5.527130 4.810561
v -4.242305 5.527130 4.810561
v -4.242305 5.527130 4.810561
v -4.228956 5.544483 4.794543
v -4.228956 5.544483 4.794543
v -4.228956 5.544483 4.794543
v -4.228956 5.544483 4.794543
v -4.242305 5.563170 4.810561
v -4.242305 5.563170 4.810561
v -4.242305 5.563170 4.810561
v -4.247644 5.563170 4.803886
v -4.247644 5.563170 4.803886
v -4.247644 5.563170 4.803886
v -4.701488 5.563170 4.810561
v -4.701488 5.563170 4.810561
v -4.701488 5.563170 4.810561
v -4.714837 5.544483 4.794543
v -4.714837 5.544483 4.794543
v -4.714837 5.544483 4.794543
v -4.714837 5.544483 4.794543
v -4.701488 5.527130 4.810561
v -4.701488 5.527130 4.810561
v -4.701488 5.527130 4.810561
v -4.701488 5.527130 4.810561
v -4.701488 5.492424 4.809226
v -4.701488 5.492424 4.809226
v -4.701488 5.492424 4.809226
v -4.701488 5.492424 4.809226
v -4.680131 5.437696 4.835923
v -4.680131 5.437696 4.835923
v -4.662778 5.365615 4.857280
v -4.662778 5.365615 4.857280
v -4.657439 5.313556 4.863955
v -4.657439 5.313556 4.863955
v -4.657439 5.313556 4.863955
v -4.657439 5.313556 4.863955
v -4.668118 5.298873 4.851941
v -4.668118 5.298873 4.851941
v -4.668118 5.298873 4.851941
v -4.668118 5.298873 4.851941
v -4.653434 5.282855 4.867959
v -4.653434 5.282855 4.867959
v -4.653434 5.282855 4.867959
v -4.290359 5.282855 4.867959
v -4.290359 5.282855 4.867959
v -4.290359 5.282855 4.867959
v -4.275676 5.298873 4.851941
v -4.275676 5.298873 4.851941
v -4.275676 5.298873 4.851941
v -4.275676 5.298873 4.851941
v -4.286355 5.313556 4.863955
v -4.286355 5.313556 4.863955
v -4.286355 5.313556 4.863955
v -4.286355 5.313556 4.863955
v -4.281015 5.365615 4.912008
v -4.263662 5.437696 4.912008
v -4.242305 5.492424 4.912008
v -4.242305 5.492424 4.912008
v -4.242305 5.527130 4.912008
v -4.242305 5.527130 4.912008
v -4.228956 5.544483 4.912008
v -4.228956 5.544483 4.912008
v -4.242305 5.563170 4.912008
v -4.242305 5.563170 4.912008
v -4.701488 5.563170 4.912008
v -4.701488 5.563170 4.912008
v -4.714837 5.544483 4.912008
v -4.714837 5.544483 4.912008
v -4.701488 5.527130 4.912008
v -4.701488 5.527130 4.912008
v -4.701488 5.492424 4.912008
v -4.701488 5.492424 4.912008
v -4.680131 5.437696 4.912008
v -4.662778 5.365615 4.912008
v -4.657439 5.313556 4.912008
v -4.657439 5.313556 4.912008
v -4.668118 5.298873 4.912008
v -4.668118 5.298873 4.912008
v -4.653434 5.282855 4.912008
v -4.653434 5.282855 4.912008
v -4.290359 5.282855 4.912008
v -4.290359 5.282855 4.912008
v -4.275676 5.298873 4.912008
v -4.275676 5.298873 4.912008
v -4.286355 5.313556 4.912008
v -4.286355 5.313556 4.912008
v 10.801295 5.563170 2.207630
v 10.801295 5.563170 2.207630
v 10.801295 5.563170 2.207630
v 10.783944 5.544483 1.533538
v 10.783944 5.544483 1.533538
v 10.783944 5.544483 1.533538
v 10.783944 5.544483 1.533538
v 10.783944 5.544483 2.226318
v 10.783944 5.544483 2.226318
v 10.783944 5.544483 2.226318
v 10.783944 5.544483 2.226318
v 10.801295 5.527130 1.552225
v 10.801295 5.527130 1.552225
v 10.801295 5.527130 1.552225
v 10.801295 5.527130 1.552225
v 10.801295 5.527130 2.207630
v 10.801295 5.527130 2.207630
v 10.801295 5.527130 2.207630
v 10.801295 5.527130 2.207630
v 10.801295 5.492424 2.207630
v 10.801295 5.492424 2.207630
v 10.801295 5.492424 2.207630
v 10.801295 5.492424 2.207630
v 10.801295 5.492424 1.552225
v 10.801295 5.492424 1.552225
v 10.801295 5.492424 1.552225
v 10.801295 5.492424 1.552225
v 10.827992 5.437696 1.584261
v 10.827992 5.437696 1.584261
v 10.827992 5.437696 2.176929
v 10.827992 5.437696 2.176929
v 10.858694 5.282855 2.138218
v 10.858694 5.282855 2.138218
v 10.858694 5.282855 2.138218
v 10.841340 5.298873 2.158241
v 10.841340 5.298873 2.158241
v 10.841340 5.298873 2.158241
v 10.841340 5.298873 2.158241
v 10.858694 5.282855 1.621637
v 10.858694 5.282855 1.621637
v 10.858694 5.282855 1.621637
v 10.841340 5.298873 1.601614
v 10.841340 5.298873 1.601614
v 10.841340 5.298873 1.601614
v 10.841340 5.298873 1.601614
v 10.854690 5.313556 2.143558
v 10.854690 5.313556 2.143558
v 10.854690 5.313556 2.143558
v 10.854690 5.313556 2.143558
v 10.854690 5.313556 1.616297
v 10.854690 5.313556 1.616297
v 10.854690 5.313556 1.616297
v 10.854690 5.313556 1.616297
v 10.848016 5.365615 2.151567
v 10.848016 5.365615 2.151567
v 10.848016 5.365615 1.608289
v 10.848016 5.365615 1.608289
v 10.853354 5.365615 1.601614
v 10.853354 5.365615 1.601614
v 10.833332 5.437696 1.577587
v 10.833332 5.437696 1.577587
v 10.806635 5.492424 1.545551
v 10.806635 5.492424 1.545551
v 10.806635 5.492424 1.545551
v 10.806635 5.492424 1.545551
v 10.806635 5.527130 1.545551
v 10.806635 5.527130 1.545551
v 10.806635 5.527130 1.545551
v 10.806635 5.527130 1.545551
v 10.790618 5.544483 1.525529
v 10.790618 5.544483 1.525529
v 10.790618 5.544483 1.525529
v 10.790618 5.544483 1.525529
v 10.807969 5.563170 1.545551
v 10.807969 5.563170 1.545551
v 10.807969 5.563170 1.545551
v 10.801295 5.563170 1.553560
v 10.801295 5.563170 1.553560
v 10.801295 5.563170 1.553560
v 10.807969 5.563170 2.214304
v 10.807969 5.563170 2.214304
v 10.807969 5.563170 2.214304
v 10.790618 5.544483 2.234327
v 10.790618 5.544483 2.234327
v 10.790618 5.544483 2.234327
v 10.790618 5.544483 2.234327
v 10.806635 5.527130 2.214304
v 10.806635 5.527130 2.214304
v 10.806635 5.527130 2.214304
v 10.806635 5.527130 2.214304
v 10.806635 5.492424 2.214304
v 10.806635 5.492424 2.214304
v 10.806635 5.492424 2.214304
v 10.806635 5.492424 2.214304
v 10.833332 5.437696 2.183603
v 10.833332 5.437696 2.183603
v 10.853354 5.365615 2.158241
v 10.853354 5.365615 2.158241
v 10.860027 5.313556 2.150232
v 10.860027 5.313556 2.150232
v 10.860027 5.313556 2.150232
v 10.860027 5.313556 2.150232
v 10.848016 5.298873 2.166250
v 10.848016 5.298873 2.166250
v 10.848016 5.298873 2.166250
v 10.848016 5.298873 2.166250
v 10.865368 5.282855 2.144893
v 10.865368 5.282855 2.144893
v 10.865368 5.282855 2.144893
v 10.865368 5.282855 1.614962
v 10.865368 5.282855 1.614962
v 10.865368 5.282855 1.614962
v 10.848016 5.298873 1.593605
v 10.848016 5.298873 1.593605
v 10.848016 5.298873 1.593605
v 10.848016 5.298873 1.593605
v 10.860027 5.313556 1.609623
v 10.860027 5.313556 1.609623
v 10.860027 5.313556 1.609623
v 10.860027 5.313556 1.609623
v 10.909418 5.365615 1.601614
v 10.909418 5.437696 1.577587
v 10.909418 5.492424 1.545551
v 10.909418 5.492424 1.545551
v 10.909418 5.527130 1.545551
v 10.909418 5.527130 1.545551
v 10.909418 5.544483 1.525529
v 10.909418 5.544483 1.525529
v 10.909418 5.563170 1.545551
v 10.909418 5.563170 1.545551
v 10.909418 5.563170 2.214304
v 10.909418 5.563170 2.214304
v 10.909418 5.544483 2.234327
v 10.909418 5.544483 2.234327
v 10.909418 5.527130 2.214304
v 10.909418 5.527130 2.214304
v 10.909418 5.492424 2.214304
v 10.909418 5.492424 2.214304
v 10.909418 5.437696 2.183603
v 10.909418 5.365615 2.158241
v 10.909418 5.313556 2.150232
v 10.909418 5.313556 2.150232
v 10.909418 5.298873 2.166250
v 10.909418 5.298873 2.166250
v 10.909418 5.282855 2.144893
v 10.909418 5.282855 2.144893
v 10.909418 5.282855 1.614962
v 10.909418 5.282855 1.614962
v 10.909418 5.298873 1.593605
v 10.909418 5.298873 1.593605
v 10.909418 5.313556 1.609623
v 10.909418 5.313556 1.609623
v 10.801295 5.563170 -1.491201
v 10.801295 5.563170 -1.491201
v 10.801295 5.563170 -1.491201
v 10.783944 5.544483 -2.163959
v 10.783944 5.544483 -2.163959
v 10.783944 5.544483 -2.163959
v 10.783944 5.544483 -2.163959
v 10.783944 5.544483 -1.471179
v 10.783944 5.544483 -1.471179
v 10.783944 5.544483 -1.471179
v 10.783944 5.544483 -1.471179
v 10.801295 5.527130 -2.145271
v 10.801295 5.527130 -2.145271
v 10.801295 5.527130 -2.145271
v 10.801295 5.527130 -2.145271
v 10.801295 5.527130 -1.489866
v 10.801295 5.527130 -1.489866
v 10.801295 5.527130 -1.489866
v 10.801295 5.527130 -1.489866
v 10.801295 5.492424 -1.489866
v 10.801295 5.492424 -1.489866
v 10.801295 5.492424 -1.489866
v 10.801295 5.492424 -1.489866
v 10.801295 5.492424 -2.145271
v 10.801295 5.492424 -2.145271
v 10.801295 5.492424 -2.145271
v 10.801295 5.492424 -2.145271
v 10.827992 5.437696 -2.114570
v 10.827992 5.437696 -2.114570
v 10.827992 5.437696 -1.521903
v 10.827992 5.437696 -1.521903
v 10.858694 5.282855 -1.559278
v 10.858694 5.282855 -1.559278
v 10.858694 5.282855 -1.559278
v 10.841340 5.298873 -1.539255
v 10.841340 5.298873 -1.539255
v 10.841340 5.298873 -1.539255
v 10.841340 5.298873 -1.539255
v 10.858694 5.282855 -2.075860
v 10.858694 5.282855 -2.075860
v 10.858694 5.282855 -2.075860
v 10.841340 5.298873 -2.095882
v 10.841340 5.298873 -2.095882
v 10.841340 5.298873 -2.095882
v 10.841340 5.298873 -2.095882
v 10.854690 5.313556 -1.553939
v 10.854690 5.313556 -1.553939
v 10.854690 5.313556 -1.553939
v 10.854690 5.313556 -1.553939
v 10.854690 5.313556 -2.081199
v 10.854690 5.313556 -2.081199
v 10.854690 5.313556 -2.081199
v 10.854690 5.313556 -2.081199
v 10.848016 5.365615 -1.545930
v 10.848016 5.365615 -1.545930
v 10.848016 5.365615 -2.089208
v 10.848016 5.365615 -2.089208
v 10.853354 5.365615 -2.095882
v 10.853354 5.365615 -2.095882
v 10.833332 5.437696 -2.121244
v 10.833332 5.437696 -2.121244
v 10.806635 5.492424 -2.151945
v 10.806635 5.492424 -2.151945
v 10.806635 5.492424 -2.151945
v 10.806635 5.492424 -2.151945
v 10.806635 5.527130 -2.151945
v 10.806635 5.527130 -2.151945
v 10.806635 5.527130 -2.151945
v 10.806635 5.527130 -2.151945
v 10.790618 5.544483 -2.171968
v 10.790618 5.544483 -2.171968
v 10.790618 5.544483 -2.171968
v 10.790618 5.544483 -2.171968
v 10.807969 5.563170 -2.151945
v 10.807969 5.563170 -2.151945
v 10.807969 5.563170 -2.151945
v 10.801295 5.563170 -2.143936
v 10.801295 5.563170 -2.143936
v 10.801295 5.563170 -2.143936
v 10.807969 5.563170 -1.483192
v 10.807969 5.563170 -1.483192
v 10.807969 5.563170 -1.483192
v 10.790618 5.544483 -1.463170
v 10.790618 5.544483 -1.463170
v 10.790618 5.544483 -1.463170
v 10.790618 5.544483 -1.463170
v 10.806635 5.527130 -1.483192
v 10.806635 5.527130 -1.483192
v 10.806635 5.527130 -1.483192
v 10.806635 5.527130 -1.483192
v 10.806635 5.492424 -1.483192
v 10.806635 5.492424 -1.483192
v 10.806635 5.492424 -1.483192
v 10.806635 5.492424 -1.483192
v 10.833332 5.437696 -1.515228
v 10.833332 5.437696 -1.515228
v 10.853354 5.365615 -1.539255
v 10.853354 5.365615 -1.539255
v 10.860027 5.313556 -1.547265
v 10.860027 5.313556 -1.547265
v 10.860027 5.313556 -1.547265
v 10.860027 5.313556 -1.547265
v 10.848016 5.298873 -1.531246
v 10.848016 5.298873 -1.531246
v 10.848016 5.298873 -1.531246
v 10.848016 5.298873 -1.531246
v 10.865368 5.282855 -1.552604
v 10.865368 5.282855 -1.552604
v 10.865368 5.282855 -1.552604
v 10.865368 5.282855 -2.082534
v 10.865368 5.282855 -2.082534
v 10.865368 5.282855 -2.082534
v 10.848016 5.298873 -2.103891
v 10.848016 5.298873 -2.103891
v 10.848016 5.298873 -2.103891
v 10.848016 5.298873 -2.103891
v 10.860027 5.313556 -2.087873
v 10.860027 5.313556 -2.087873
v 10.860027 5.313556 -2.087873
v 10.860027 5.313556 -2.087873
v 10.909418 5.365615 -2.095882
v 10.909418 5.437696 -2.121244
v 10.909418 5.492424 -2.151945
v 10.909418 5.492424 -2.151945
v 10.909418 5.527130 -2.151945
v 10.909418 5.527130 -2.151945
v 10.909418 5.544483 -2.171968
v 10.909418 5.544483 -2.171968
v 10.909418 5.563170 -2.151945
v 10.909418 5.563170 -2.151945
v 10.909418 5.563170 -1.483192
v 10.909418 5.563170 -1.483192
v 10.909418 5.544483 -1.463170
v 10.909418 5.544483 -1.463170
v 10.909418 5.527130 -1.483192
v 10.909418 5.527130 -1.483192
v 10.909418 5.492424 -1.483192
v 10.909418 5.492424 -1.483192
v 10.909418 5.437696 -1.515228
v 10.909418 5.365615 -1.539255
v 10.909418 5.313556 -1.547265
v 10.909418 5.313556 -1.547265
v 10.909418 5.298873 -1.531246
v 10.909418 5.298873 -1.531246
v 10.909418 5.282855 -1.552604
v 10.909418 5.282855 -1.552604
v 10.909418 5.282855 -2.082534
v 10.909418 5.282855 -2.082534
v 10.909418 5.298873 -2.103891
v 10.909418 5.298873 -2.103891
v 10.909418 5.313556 -2.087873
v 10.909418 5.313556 -2.087873
v 10.864034 5.313556 4.861285
v 10.864034 5.313556 4.861285
v 10.864034 5.313556 4.861285
v 10.864034 5.313556 4.861285
v 10.854690 5.298873 4.847936
v 10.854690 5.298873 4.847936
v 10.854690 5.298873 4.847936
v 10.854690 5.298873 4.847936
v 10.849350 5.298873 4.853276
v 10.849350 5.298873 4.853276
v 10.849350 5.298873 4.853276
v 10.849350 5.298873 4.853276
v 10.868037 5.282855 4.865289
v 10.868037 5.282855 4.865289
v 10.868037 5.282855 4.865289
v 10.868037 5.282855 4.865289
v 10.864034 5.282855 4.870628
v 10.864034 5.282855 4.870628
v 10.864034 5.282855 4.870628
v 10.872042 5.282855 4.870628
v 10.872042 5.282855 4.870628
v 10.872042 5.282855 4.859950
v 10.872042 5.282855 4.859950
v 10.872042 5.282855 4.859950
v 10.858694 5.298873 4.842597
v 10.858694 5.298873 4.842597
v 10.858694 5.298873 4.842597
v 10.858694 5.298873 4.842597
v 10.868037 5.313556 4.855945
v 10.868037 5.313556 4.855945
v 10.868037 5.313556 4.855945
v 10.868037 5.313556 4.855945
v 10.858694 5.365615 4.854610
v 10.858694 5.365615 4.854610
v 10.862698 5.365615 4.849271
v 10.862698 5.365615 4.849271
v 10.842676 5.437696 4.833252
v 10.842676 5.437696 4.833252
v 10.845346 5.437696 4.829249
v 10.845346 5.437696 4.829249
v 10.819983 5.492424 4.806556
v 10.819983 5.492424 4.806556
v 10.819983 5.492424 4.806556
v 10.819983 5.492424 4.806556
v 10.823989 5.492424 4.802551
v 10.823989 5.492424 4.802551
v 10.823989 5.492424 4.802551
v 10.823989 5.492424 4.802551
v 10.823989 5.527130 4.802551
v 10.823989 5.527130 4.802551
v 10.823989 5.527130 4.802551
v 10.823989 5.527130 4.802551
v 10.819983 5.527130 4.806556
v 10.819983 5.527130 4.806556
v 10.819983 5.527130 4.806556
v 10.819983 5.527130 4.806556
v 10.807969 5.544483 4.790539
v 10.807969 5.544483 4.790539
v 10.807969 5.544483 4.790539
v 10.807969 5.544483 4.790539
v 10.811975 5.544483 4.785199
v 10.811975 5.544483 4.785199
v 10.811975 5.544483 4.785199
v 10.811975 5.544483 4.785199
v 10.825322 5.563170 4.802551
v 10.825322 5.563170 4.802551
v 10.825322 5.563170 4.802551
v 10.821319 5.563170 4.807891
v 10.821319 5.563170 4.807891
v 10.821319 5.563170 4.807891
v 10.821319 5.563170 4.807891
v 10.815979 5.563170 4.811895
v 10.815979 5.563170 4.811895
v 10.815979 5.563170 4.811895
v 10.802631 5.544483 4.795877
v 10.802631 5.544483 4.795877
v 10.802631 5.544483 4.795877
v 10.802631 5.544483 4.795877
v 10.815979 5.527130 4.811895
v 10.815979 5.527130 4.811895
v 10.815979 5.527130 4.811895
v 10.815979 5.527130 4.811895
v 10.815979 5.492424 4.811895
v 10.815979 5.492424 4.811895
v 10.815979 5.492424 4.811895
v 10.815979 5.492424 4.811895
v 10.838671 5.437696 4.838593
v 10.838671 5.437696 4.838593
v 10.854690 5.365615 4.858615
v 10.854690 5.365615 4.858615
v 10.860027 5.313556 4.865289
v 10.860027 5.313556 4.865289
v 10.860027 5.313556 4.865289
v 10.860027 5.313556 4.865289
v 10.860027 5.313556 4.914679
v 10.860027 5.313556 4.914679
v 10.849350 5.298873 4.914679
v 10.849350 5.298873 4.914679
v 10.864034 5.282855 4.914679
v 10.864034 5.282855 4.914679
v 10.908082 5.282855 4.914679
v 10.908082 5.282855 4.914679
v 10.908082 5.282855 4.859950
v 10.908082 5.282855 4.859950
v 10.908082 5.298873 4.842597
v 10.908082 5.298873 4.842597
v 10.908082 5.313556 4.855945
v 10.908082 5.313556 4.855945
v 10.908082 5.365615 4.849271
v 10.908082 5.437696 4.829249
v 10.908082 5.492424 4.802551
v 10.908082 5.492424 4.802551
v 10.908082 5.527130 4.802551
v 10.908082 5.527130 4.802551
v 10.908082 5.544483 4.785199
v 10.908082 5.544483 4.785199
v 10.908082 5.563170 4.802551
v 10.908082 5.563170 4.802551
v 10.908082 5.563170 4.914679
v 10.908082 5.563170 4.914679
v 10.815979 5.563170 4.914679
v 10.815979 5.563170 4.914679
v 10.802631 5.544483 4.914679
v 10.802631 5.544483 4.914679
v 10.815979 5.527130 4.914679
v 10.815979 5.527130 4.914679
v 10.815979 5.492424 4.914679
v 10.815979 5.492424 4.914679
v 10.838671 5.437696 4.914679
v 10.854690 5.365615 4.914679
v 10.864034 5.313556 -4.800261
v 10.864034 5.313556 -4.800261
v 10.864034 5.313556 -4.800261
v 10.864034 5.313556 -4.800261
v 10.858694 5.365615 -4.793586
v 10.858694 5.365615 -4.793586
v 10.854690 5.365615 -4.797590
v 10.854690 5.365615 -4.797590
v 10.838671 5.437696 -4.777568
v 10.838671 5.437696 -4.777568
v 10.842676 5.437696 -4.772229
v 10.842676 5.437696 -4.772229
v 10.815979 5.492424 -4.750871
v 10.815979 5.492424 -4.750871
v 10.815979 5.492424 -4.750871
v 10.815979 5.492424 -4.750871
v 10.819983 5.492424 -4.745532
v 10.819983 5.492424 -4.745532
v 10.819983 5.492424 -4.745532
v 10.819983 5.492424 -4.745532
v 10.815979 5.527130 -4.750871
v 10.815979 5.527130 -4.750871
v 10.815979 5.527130 -4.750871
v 10.815979 5.527130 -4.750871
v 10.819983 5.527130 -4.745532
v 10.819983 5.527130 -4.745532
v 10.819983 5.527130 -4.745532
v 10.819983 5.527130 -4.745532
v 10.802631 5.544483 -4.734853
v 10.802631 5.544483 -4.734853
v 10.802631 5.544483 -4.734853
v 10.802631 5.544483 -4.734853
v 10.807969 5.544483 -4.729514
v 10.807969 5.544483 -4.729514
v 10.807969 5.544483 -4.729514
v 10.807969 5.544483 -4.729514
v 10.815979 5.563170 -4.750871
v 10.815979 5.563170 -4.750871
v 10.815979 5.563170 -4.750871
v 10.821319 5.563170 -4.746867
v 10.821319 5.563170 -4.746867
v 10.821319 5.563170 -4.746867
v 10.821319 5.563170 -4.746867
v 10.825322 5.563170 -4.741528
v 10.825322 5.563170 -4.741528
v 10.825322 5.563170 -4.741528
v 10.811975 5.544483 -4.724174
v 10.811975 5.544483 -4.724174
v 10.811975 5.544483 -4.724174
v 10.811975 5.544483 -4.724174
v 10.823989 5.527130 -4.741528
v 10.823989 5.527130 -4.741528
v 10.823989 5.527130 -4.741528
v 10.823989 5.527130 -4.741528
v 10.823989 5.492424 -4.741528
v 10.823989 5.492424 -4.741528
v 10.823989 5.492424 -4.741528
v 10.823989 5.492424 -4.741528
v 10.845346 5.437696 -4.768224
v 10.845346 5.437696 -4.768224
v 10.862698 5.365615 -4.788247
v 10.862698 5.365615 -4.788247
v 10.868037 5.313556 -4.794921
v 10.868037 5.313556 -4.794921
v 10.868037 5.313556 -4.794921
v 10.868037 5.313556 -4.794921
v 10.854690 5.298873 -4.786912
v 10.854690 5.298873 -4.786912
v 10.854690 5.298873 -4.786912
v 10.854690 5.298873 -4.786912
v 10.858694 5.298873 -4.781572
v 10.858694 5.298873 -4.781572
v 10.858694 5.298873 -4.781572
v 10.858694 5.298873 -4.781572
v 10.872042 5.282855 -4.798925
v 10.872042 5.282855 -4.798925
v 10.872042 5.282855 -4.798925
v 10.868037 5.282855 -4.804265
v 10.868037 5.282855 -4.804265
v 10.868037 5.282855 -4.804265
v 10.868037 5.282855 -4.804265
v 10.872042 5.282855 -4.809604
v 10.872042 5.282855 -4.809604
v 10.864034 5.282855 -4.809604
v 10.864034 5.282855 -4.809604
v 10.864034 5.282855 -4.809604
v 10.849350 5.298873 -4.792251
v 10.849350 5.298873 -4.792251
v 10.849350 5.298873 -4.792251
v 10.849350 5.298873 -4.792251
v 10.860027 5.313556 -4.804265
v 10.860027 5.313556 -4.804265
v 10.860027 5.313556 -4.804265
v 10.860027 5.313556 -4.804265
v 10.854690 5.365615 -4.853654
v 10.838671 5.437696 -4.853654
v 10.815979 5.492424 -4.853654
v 10.815979 5.492424 -4.853654
v 10.815979 5.527130 -4.853654
v 10.815979 5.527130 -4.853654
v 10.802631 5.544483 -4.853654
v 10.802631 5.544483 -4.853654
v 10.815979 5.563170 -4.853654
v 10.815979 5.563170 -4.853654
v 10.908082 5.563170 -4.853654
v 10.908082 5.563170 -4.853654
v 10.908082 5.563170 -4.741528
v 10.908082 5.563170 -4.741528
v 10.908082 5.544483 -4.724174
v 10.908082 5.544483 -4.724174
v 10.908082 5.527130 -4.741528
v 10.908082 5.527130 -4.741528
v 10.908082 5.492424 -4.741528
v 10.908082 5.492424 -4.741528
v 10.908082 5.437696 -4.768224
v 10.908082 5.365615 -4.788247
v 10.908082 5.313556 -4.794921
v 10.908082 5.313556 -4.794921
v 10.908082 5.298873 -4.781572
v 10.908082 5.298873 -4.781572
v 10.908082 5.282855 -4.798925
v 10.908082 5.282855 -4.798925
v 10.908082 5.282855 -4.853654
v 10.908082 5.282855 -4.853654
v 10.864034 5.282855 -4.853654
v 10.864034 5.282855 -4.853654
v 10.849350 5.298873 -4.853654
v 10.849350 5.298873 -4.853654
v 10.860027 5.313556 -4.853654
v 10.860027 5.313556 -4.853654
vn -0.0000 -0.0000 -1.0000
vn -0.7056 -0.0000 -0.7086
vn -0.7057 -0.0000 -0.7085
vn -1.0000 -0.0000 -0.0000
vn -0.7057 -0.0000 0.7085
vn -0.7056 -0.0000 0.7086
vn -0.0000 -0.0000 1.0000
vn -0.7058 -0.0000 0.7084
vn 0.7086 -0.0000 0.7056
vn 0.7085 -0.0000 0.7057
vn 1.0000 -0.0000 -0.0000
vn -0.0000 -1.0000 -0.0000
vn 0.0001 -1.0000 -0.0000
vn -0.0005 -1.0000 -0.0000
vn -0.7058 -0.0000 0.7085
vn 0.7084 -0.0000 0.7058
vn -0.0000 1.0000 -0.0000
vn 0.0001 1.0000 -0.0000
vn -0.0001 1.0000 -0.0000
vn 0.7057 0.7085 -0.0000
vn 0.7058 0.7084 -0.0000
vn -0.0000 0.7085 -0.7057
vn -0.0000 0.7084 -0.7058
vn -0.4098 0.8133 -0.4130
vn -0.4098 0.8133 -0.4131
vn -0.4099 0.8133 -0.4130
vn -0.7057 0.7085 -0.0000
vn -0.7058 0.7084 -0.0000
vn -0.7058 0.7085 -0.0000
vn -0.4098 0.8133 0.4130
vn -0.4099 0.8133 0.4130
vn -0.0000 0.7085 0.7057
vn -0.0000 0.7084 0.7058
vn 0.4099 0.8132 0.4131
vn 0.4098 0.8133 0.4130
vn 0.5248 -0.6728 0.5214
vn 0.5247 -0.6728 0.5216
vn 0.8391 -0.5440 -0.0000
vn -0.0000 -0.5440 -0.8391
vn -0.0000 -0.5441 -0.8390
vn -0.0000 -0.5441 -0.8391
vn -0.5248 -0.6728 -0.5214
vn -0.5248 -0.6728 -0.5215
vn -0.5248 -0.6727 -0.5215
vn -0.8391 -0.5440 -0.0000
vn -0.5247 -0.6729 0.5215
vn -0.5248 -0.6728 0.5215
vn -0.5247 -0.6728 0.5215
vn -0.0000 -0.5440 0.8391
vn -0.5248 -0.6728 0.5214
vn -0.5247 -0.6729 0.5214
vn -0.0000 -0.5441 0.8390
vn 0.5249 -0.6729 0.5213
vn 0.2066 0.8855 0.4162
vn 0.4188 0.8850 0.2035
vn 0.4776 0.8684 0.1332
vn 0.5722 0.8201 -0.0000
vn -0.0000 0.8201 -0.5722
vn -0.1331 0.8684 -0.4776
vn -0.2066 0.8855 -0.4162
vn -0.4188 0.8850 -0.2036
vn -0.4776 0.8684 -0.1332
vn -0.4188 0.8849 0.2036
vn -0.4776 0.8684 0.1331
vn -0.2066 0.8855 0.4162
vn -0.1332 0.8684 0.4776
vn -0.0000 0.8201 0.5722
vn -0.5722 0.8201 -0.0000
vn -0.4776 0.8684 0.1332
vn -0.4188 0.8850 0.2035
vn -0.2066 0.8855 0.4161
vn 0.1332 0.8684 0.4776
vn 0.7056 -0.0000 0.7086
vn 0.7058 -0.0000 0.7084
vn 0.7058 -0.0000 0.7085
vn -0.7058 -0.0000 -0.7084
vn -0.7056 0.0007 0.7086
vn -0.7057 -0.0000 0.7086
vn -0.0000 -0.7512 0.6601
vn 0.3789 -0.8457 0.3759
vn 0.3790 -0.8457 0.3758
vn 0.6601 -0.7512 -0.0000
vn 0.6600 -0.7512 -0.0000
vn -0.0000 -0.7512 -0.6601
vn -0.0000 -0.7512 -0.6600
vn -0.3789 -0.8456 -0.3759
vn -0.3790 -0.8456 -0.3758
vn -0.3790 -0.8457 -0.3758
vn -0.6601 -0.7512 -0.0000
vn -0.6600 -0.7512 -0.0000
vn -0.3790 -0.8456 0.3759
vn -0.3790 -0.8456 0.3758
vn -0.3791 -0.8456 0.3758
vn -0.3790 -0.8457 0.3758
vn -0.3789 -0.8457 0.3758
vn -0.0000 0.6424 0.7664
vn -0.0000 0.6423 0.7664
vn 0.4607 0.7568 0.4637
vn 0.4607 0.7568 0.4638
vn 0.4606 0.7567 0.4639
vn 0.4606 0.7567 0.4640
vn 0.7664 0.6423 -0.0000
vn 0.9928 -0.1197 -0.0000
vn 0.9796 -0.2010 -0.0000
vn -0.0000 0.6423 -0.7664
vn -0.4606 0.7568 -0.4638
vn -0.4606 0.7567 -0.4639
vn -0.7664 0.6423 -0.0000
vn -0.7664 0.6424 -0.0000
vn -0.4606 0.7568 0.4639
vn -0.4606 0.7567 0.4639
vn -0.0000 -0.1197 0.9928
vn -0.0000 -0.2090 0.9779
vn 0.6951 -0.1714 0.6982
vn 0.6950 -0.1715 0.6982
vn 0.6792 -0.2787 0.6790
vn 0.9779 -0.2091 -0.0000
vn 0.9333 -0.3591 -0.0000
vn 0.9333 -0.3592 -0.0000
vn 0.9779 -0.2090 -0.0000
vn -0.0000 -0.2090 -0.9779
vn -0.0000 -0.1197 -0.9928
vn -0.0000 -0.2010 -0.9796
vn -0.0000 -0.2091 -0.9779
vn -0.6791 -0.2787 -0.6791
vn -0.6951 -0.1715 -0.6982
vn -0.6951 -0.1715 -0.6981
vn -0.9928 -0.1197 -0.0000
vn -0.9779 -0.2090 -0.0000
vn -0.9779 -0.2091 -0.0000
vn -0.6792 -0.2787 0.6790
vn -0.6951 -0.1715 0.6982
vn -0.6791 -0.2787 0.6790
vn -0.0000 -0.1904 0.9817
vn -0.9928 -0.1198 -0.0000
vn -0.9817 -0.1904 -0.0000
vn -0.6951 -0.1715 0.6981
vn -0.6790 -0.2787 0.6792
vn -0.0000 -0.3745 0.9272
vn 0.6225 -0.4743 0.6225
vn 0.9272 -0.3745 -0.0000
vn 0.9011 -0.4336 -0.0000
vn -0.0000 -0.3745 -0.9272
vn -0.0000 -0.3591 -0.9333
vn -0.0000 -0.3592 -0.9333
vn -0.6225 -0.4743 -0.6225
vn -0.9272 -0.3745 -0.0000
vn -0.6225 -0.4743 0.6225
vn -0.0000 -0.3411 0.9400
vn -0.9400 -0.3411 -0.0000
vn -0.6224 -0.4746 0.6223
vn -0.0000 -0.4336 0.9011
vn 0.5829 -0.5625 0.5863
vn 0.7057 0.0056 0.7085
vn -0.0000 -0.4336 -0.9011
vn -0.7057 0.0056 -0.7085
vn -0.5829 -0.5626 -0.5863
vn -0.9011 -0.4336 -0.0000
vn -0.5829 -0.5625 0.5863
vn -0.5829 -0.5626 0.5862
vn -0.5829 -0.5626 0.5863
vn -0.0000 -0.6832 0.7302
vn 0.4306 -0.7932 0.4306
vn 0.4263 0.7978 0.4263
vn 0.7302 -0.6832 -0.0000
vn -0.4306 -0.7932 -0.4306
vn -0.7302 -0.6832 -0.0000
vn -0.7057 0.0056 0.7085
vn -0.4306 -0.7932 0.4306
vn -0.0000 0.6832 0.7302
vn 0.4264 0.7978 0.4263
vn 0.7302 0.6832 -0.0000
vn -0.0000 0.6832 -0.7302
vn -0.0000 -0.6832 -0.7302
vn -0.4305 -0.7932 -0.4306
vn -0.4263 0.7978 -0.4263
vn -0.4264 0.7978 -0.4264
vn -0.7302 0.6832 -0.0000
vn -0.4307 -0.7932 0.4306
vn -0.4306 -0.7932 0.4307
vn -0.4263 0.7978 0.4263
vn -0.4263 0.7978 -0.4264
vn -0.4263 0.7978 0.4264
vn 0.7084 -0.0000 -0.7058
vn 0.7085 -0.0000 -0.7057
vn -0.7085 -0.0000 0.7057
vn -0.7085 -0.0000 0.7058
vn -0.7084 -0.0000 0.7058
vn -0.0001 -1.0000 -0.0000
vn -0.4099 0.8133 0.4131
vn -0.0000 0.7085 0.7058
vn 0.4099 0.8133 0.4130
vn 0.4099 0.8133 -0.4130
vn 0.4098 0.8133 -0.4131
vn -0.5249 -0.6728 -0.5214
vn 0.5248 -0.6728 0.5215
vn 0.5248 -0.6729 0.5214
vn 0.8390 -0.5441 -0.0000
vn 0.5248 -0.6729 -0.5213
vn 0.5248 -0.6728 -0.5214
vn 0.5248 -0.6728 -0.5215
vn -0.5248 -0.6729 -0.5213
vn -0.4188 0.8850 -0.2035
vn -0.4188 0.8850 0.2036
vn -0.2065 0.8855 0.4162
vn 0.1332 0.8684 0.4777
vn 0.4777 0.8684 -0.1331
vn 0.4189 0.8849 -0.2035
vn 0.4776 0.8685 -0.1331
vn 0.4188 0.8850 -0.2036
vn 0.1331 0.8684 -0.4776
vn 0.2066 0.8855 -0.4163
vn -0.1332 0.8684 -0.4777
vn 0.7057 -0.0000 0.7085
vn 0.7057 -0.0000 -0.7085
vn 0.7058 -0.0000 -0.7084
vn -0.3789 -0.8457 -0.3758
vn -0.6600 -0.7513 -0.0000
vn -0.3789 -0.8457 0.3759
vn 0.3790 -0.8456 0.3759
vn 0.3791 -0.8456 -0.3758
vn 0.3790 -0.8456 -0.3758
vn 0.3789 -0.8457 -0.3759
vn 0.4607 0.7567 0.4638
vn 0.7664 0.6424 -0.0000
vn 0.7665 0.6423 -0.0000
vn 0.4606 0.7567 -0.4639
vn -0.6952 -0.1715 -0.6981
vn -0.6790 -0.2787 -0.6792
vn -0.6950 -0.1715 0.6982
vn -0.0000 -0.1198 0.9928
vn 0.6951 -0.1715 0.6981
vn 0.6951 -0.1715 0.6982
vn 0.6791 -0.2787 0.6791
vn 0.9928 -0.1198 -0.0000
vn 0.6951 -0.1715 -0.6982
vn 0.6791 -0.2787 -0.6791
vn 0.6224 -0.4744 0.6225
vn 0.6225 -0.4744 -0.6225
vn 0.6224 -0.4744 -0.6225
vn -0.5830 -0.5626 -0.5863
vn -0.5830 -0.5626 -0.5862
vn -0.5829 -0.5626 0.5864
vn 0.5828 -0.5626 -0.5863
vn 0.7057 0.0056 -0.7085
vn 0.7057 0.0055 -0.7085
vn 0.7057 0.0055 0.7085
vn 0.7303 -0.6832 -0.0000
vn 0.4307 -0.7932 -0.4306
vn 0.4306 -0.7932 -0.4306
vn -0.4264 0.7978 -0.4263
vn 0.4262 0.7979 -0.4263
vn 0.4263 0.7978 -0.4263
vn 0.4264 0.7978 -0.4263
vn -0.0000 0.6833 0.7302
vn 0.7085 -0.0000 -0.7058
vn -0.7085 -0.0000 -0.7057
vn 0.4098 0.8133 -0.4130
vn 0.4098 0.8133 0.4131
vn -0.5248 -0.6729 -0.5214
vn 0.4776 0.8684 0.1331
vn 0.4776 0.8684 -0.1331
vn 0.2065 0.8855 -0.4162
vn -0.1332 0.8684 -0.4776
vn -0.4189 0.8849 0.2035
vn -0.7058 -0.0000 -0.7085
vn -0.7057 0.0006 0.7085
vn 0.3790 -0.8456 0.3758
vn 0.6600 -0.7513 -0.0000
vn 0.3789 -0.8457 -0.3758
vn -0.3789 -0.8457 -0.3759
vn -0.0000 -0.7512 0.6600
vn -0.0000 0.6424 -0.7664
vn -0.6791 -0.2787 0.6791
vn 0.6225 -0.4744 0.6224
vn 0.6225 -0.4744 -0.6224
vn -0.6224 -0.4744 -0.6225
vn -0.6225 -0.4744 0.6225
vn -0.6225 -0.4744 0.6224
vn 0.5829 -0.5626 0.5863
vn 0.5829 -0.5626 -0.5863
vn -0.5829 -0.5625 -0.5863
vn -0.7057 0.0055 0.7085
vn -0.7085 0.0056 0.7057
vn -0.7057 0.0055 -0.7085
vn -0.7085 0.0056 -0.7057
vn -0.4305 -0.7932 0.4306
vn -0.4305 -0.7933 0.4306
vn -0.7084 -0.0000 -0.7058
vn -0.4098 0.8133 0.4131
vn -0.4099 0.8132 0.4131
vn 0.7058 0.7085 -0.0000
vn 0.5249 -0.6728 -0.5214
vn 0.4189 0.8849 0.2035
vn 0.4776 0.8684 -0.1332
vn 0.2066 0.8855 -0.4162
vn 0.1332 0.8684 -0.4776
vn -0.4189 0.8849 -0.2036
vn -0.4776 0.8684 -0.1331
vn 0.4188 0.8850 0.2036
vn 0.7058 -0.0000 -0.7085
vn 0.7057 0.0007 -0.7085
vn 0.3789 -0.8457 0.3758
vn -0.3791 -0.8456 -0.3758
vn 0.6225 -0.4744 0.6225
vn 0.9272 -0.3744 -0.0000
vn 0.9273 -0.3744 -0.0000
vn -0.6225 -0.4744 -0.6225
vn -0.6224 -0.4744 0.6225
vn -0.4307 -0.7932 -0.4306
vn 0.4307 -0.7932 0.4306
vn 0.4307 -0.7931 0.4306
vn -0.0000 0.6833 -0.7302
vn 0.4263 0.7978 0.4264
vn -0.7302 0.6833 -0.0000
vn -0.5247 -0.6728 0.5216
vn 0.8391 -0.5441 -0.0000
vn 0.5248 -0.6729 -0.5214
vn -0.5247 -0.6728 -0.5215
vn -0.1331 0.8684 0.4776
vn 0.2065 0.8855 -0.4163
vn -0.3790 -0.8456 -0.3759
vn 0.3788 -0.8457 0.3759
vn 0.3790 -0.8457 -0.3758
vn 0.3789 -0.8456 -0.3759
vn -0.7665 0.6423 -0.0000
vn -0.4606 0.7568 0.4638
vn 0.4606 0.7568 0.4638
vn 0.4606 0.7567 -0.4640
vn 0.4606 0.7568 -0.4638
vn -0.0000 -0.1198 -0.9928
vn 0.6225 -0.4741 -0.6226
vn -0.5830 -0.5625 -0.5863
vn -0.5828 -0.5626 0.5863
vn -0.7085 0.0055 0.7057
vn 0.5829 -0.5626 -0.5862
vn -0.4306 -0.7932 -0.4307
vn 0.4306 -0.7932 0.4307
vn 0.4262 0.7978 -0.4264
vn 0.7086 -0.0000 0.7057
vn 0.7086 -0.0000 -0.7057
vn 0.5249 -0.6728 0.5214
vn -0.0000 -0.5441 0.8391
vn 0.5248 -0.6727 0.5216
vn 0.5248 -0.6729 0.5213
vn -0.8390 -0.5441 -0.0000
vn -0.1332 0.8684 0.4777
vn 0.4188 0.8849 -0.2036
vn -0.7056 -0.0000 0.7087
vn 0.7057 0.0007 0.7085
vn 0.7057 -0.0000 0.7086
vn -0.4607 0.7568 0.4638
vn -0.6790 -0.2786 0.6792
vn 0.4607 0.7567 0.4639
vn 0.4606 0.7567 -0.4638
vn -0.9796 -0.2010 -0.0000
vn 0.9817 -0.1904 -0.0000
vn 0.6952 -0.1715 -0.6981
vn 0.6791 -0.2787 -0.6790
vn 0.6792 -0.2787 -0.6790
vn -0.9333 -0.3591 -0.0000
vn -0.5830 -0.5626 0.5863
vn 0.6225 -0.4743 0.6226
vn 0.9400 -0.3411 -0.0000
vn 0.6225 -0.4743 -0.6225
vn -0.5830 -0.5625 0.5862
vn -0.7058 0.0055 0.7084
vn 0.7058 0.0055 -0.7084
vn -0.4306 -0.7933 0.4305
vn -0.4306 -0.7932 0.4305
vn -0.4264 0.7978 0.4263
vn 0.4306 -0.7932 0.4305
vn 0.7085 0.0056 0.7057
vn 0.7085 0.0055 0.7056
vn 0.7086 0.0056 0.7056
vn 0.7058 0.0055 0.7084
vn 0.4306 -0.7932 -0.4307
vn -0.4264 0.7978 0.4262
vn 0.4264 0.7978 0.4264
vn 0.7303 0.6832 -0.0000
vn 0.4263 0.7978 -0.4264
vn 0.7086 -0.0000 -0.7056
vn -0.8391 -0.5441 -0.0000
vn -0.5249 -0.6728 0.5214
vn 0.5249 -0.6729 -0.5213
vn -0.2066 0.8855 -0.4161
vn -0.4777 0.8684 -0.1332
vn 0.5721 0.8202 -0.0000
vn 0.5723 0.8201 -0.0000
vn 0.4189 0.8850 -0.2035
vn 0.7056 -0.0000 -0.7086
vn -0.7058 0.0007 -0.7084
vn 0.3790 -0.8456 -0.3759
vn 0.4607 0.7568 -0.4638
vn -0.4607 0.7567 -0.4639
vn -0.4607 0.7567 0.4638
vn -0.6790 -0.2787 -0.6791
vn -0.0000 -0.1904 -0.9817
vn -0.0000 -0.2010 0.9796
vn 0.6226 -0.4742 -0.6225
vn -0.6225 -0.4744 -0.6224
vn -0.9401 -0.3410 -0.0000
vn -0.0000 -0.3409 -0.9401
vn -0.0000 -0.3744 -0.9273
vn -0.6224 -0.4743 0.6226
vn -0.0000 -0.3591 0.9333
vn -0.0000 -0.3592 0.9333
vn 0.5829 -0.5625 -0.5863
vn -0.5829 -0.5626 -0.5862
vn -0.4305 -0.7932 -0.4307
vn -0.4305 -0.7933 -0.4305
vn -0.4099 0.8133 -0.4131
vn -0.4099 0.8132 -0.4130
vn -0.5244 -0.6734 0.5211
vn -0.4189 0.8850 -0.2035
vn -0.4777 0.8684 0.1332
vn 0.4189 0.8849 0.2036
vn -0.7058 0.0007 0.7084
vn 0.4607 0.7567 -0.4638
vn -0.6792 -0.2787 -0.6790
vn -0.6953 -0.1707 0.6982
vn -0.6952 -0.1715 0.6981
vn 0.6224 -0.4745 0.6225
vn 0.5828 -0.5626 -0.5864
vn -0.5829 -0.5625 -0.5864
vn -0.4306 -0.7932 -0.4305
vn 0.5247 -0.6729 -0.5215
vn -0.5245 -0.6732 -0.5212
vn -0.4189 0.8849 -0.2035
vn -0.7057 0.0007 -0.7085
vn -0.6951 -0.1721 0.6980
vn 0.6791 -0.2786 0.6791
vn 0.6791 -0.2786 -0.6791
vn 0.4305 -0.7932 -0.4306
vn -0.0000 -0.5439 0.8391
vn 0.5247 -0.6728 -0.5215
vn 0.4777 0.8684 0.1332
vn -0.3789 -0.8456 0.3759
vn -0.4607 0.7567 0.4639
vn 0.4607 0.7567 -0.4639
vn -0.6224 -0.4745 0.6225
vn 0.0004 1.0000 -0.0000
vn 0.4099 0.8132 -0.4131
vn -0.5245 -0.6732 -0.5213
vn -0.5248 -0.6727 0.5215
vn 0.5247 -0.6729 0.5215
vn 0.4188 0.8849 0.2036
vn 0.4777 0.8684 0.1331
vn -0.3791 -0.8456 -0.3759
vn -0.4607 0.7567 -0.4638
vn 0.6950 -0.1715 -0.6982
vn -0.6950 -0.1722 -0.6981
vn -0.6950 -0.1715 -0.6982
vn 0.6225 -0.4741 0.6226
vn 0.5829 -0.5626 0.5862
vn -0.4305 -0.7933 0.4305
vn -0.5723 0.8201 -0.0000
vn -0.5721 0.8202 -0.0000
vn 0.4188 0.8850 -0.2035
vn 0.2066 0.8855 -0.4161
vn -0.7056 -0.0000 -0.7087
vn -0.7055 -0.0000 -0.7087
vn 0.7057 -0.0000 -0.7086
vn 0.3791 -0.8456 -0.3759
vn -0.4607 0.7568 -0.4638
vn -0.6790 -0.2786 -0.6792
vn -0.9333 -0.3592 -0.0000
vn 0.6952 -0.1715 0.6981
vn 0.6952 -0.1715 0.6980
vn 0.6951 -0.1715 -0.6981
vn -0.6226 -0.4742 -0.6225
vn 0.9401 -0.3410 -0.0000
vn -0.7058 0.0055 -0.7084
vn 0.5829 -0.5625 -0.5864
vn -0.4306 -0.7933 -0.4305
vn 0.4306 -0.7933 -0.4306
vn -0.4264 0.7978 -0.4262
vn 0.4306 -0.7931 0.4307
vn 0.4305 -0.7932 -0.4307
vn 0.7672 -0.1540 -0.6226
vn 0.7507 -0.2492 -0.6118
vn 0.7498 -0.2457 -0.6143
vn 0.6987 -0.4292 -0.5723
vn 0.6990 -0.4328 -0.5692
vn 0.6636 -0.5187 -0.5390
vn 0.7764 0.0055 -0.6302
vn 0.7765 0.0055 -0.6300
vn 0.7766 0.0055 -0.6300
vn 0.5051 -0.7576 -0.4134
vn 0.5051 -0.7577 -0.4133
vn 0.5051 -0.7577 -0.4132
vn 0.5003 0.7652 -0.4052
vn 0.5002 0.7650 -0.4056
vn 0.5003 0.7652 -0.4053
vn 0.5008 0.7626 -0.4094
vn 0.5003 0.7651 -0.4052
vn 0.5009 0.7628 -0.4090
vn 0.5002 0.7650 -0.4057
vn 0.5052 -0.7576 -0.4133
vn 0.5052 -0.7577 -0.4132
vn 0.5051 -0.7577 -0.4131
vn 0.7765 0.0055 -0.6301
vn 0.7766 0.0055 -0.6299
vn 0.6636 -0.5188 -0.5389
vn 0.6636 -0.5188 -0.5390
vn 0.6967 -0.4400 -0.5666
vn 0.6991 -0.4328 -0.5692
vn 0.7514 -0.2526 -0.6096
vn 0.7505 -0.2491 -0.6121
vn 0.7677 -0.1542 -0.6220
vn 0.7677 -0.1542 -0.6219
vn 0.5382 0.7176 -0.4420
vn 0.5383 0.7177 -0.4419
vn 0.5383 0.7176 -0.4419
vn 0.4495 -0.8161 -0.3633
vn 0.4496 -0.8161 -0.3632
vn 0.4495 -0.8161 -0.3632
vn 0.4494 -0.8160 -0.3635
vn 0.5382 0.7178 -0.4417
vn 0.5383 0.7177 -0.4418
vn 0.5382 0.7178 -0.4418
vn 0.9951 -0.0984 -0.0000
vn 0.9851 -0.1721 -0.0000
vn 0.9864 -0.1644 -0.0000
vn 0.9541 -0.2995 -0.0000
vn 0.9495 -0.3139 -0.0000
vn 0.9309 -0.3652 -0.0000
vn 0.7954 -0.6061 -0.0000
vn 0.7954 0.6061 -0.0000
vn -0.0000 0.6832 -0.7303
vn -0.0000 -0.3713 -0.9285
vn 0.7355 -0.6775 -0.0000
vn 0.8244 0.5660 -0.0000
vn 0.8245 0.5659 -0.0000
vn 0.5382 0.7177 0.4418
vn 0.5383 0.7177 0.4418
vn 0.4495 -0.8159 0.3636
vn 0.4496 -0.8161 0.3632
vn 0.4495 -0.8160 0.3635
vn 0.4495 -0.8161 0.3632
vn 0.4494 -0.8161 0.3633
vn 0.4496 -0.8160 0.3633
vn 0.5383 0.7176 0.4420
vn 0.5383 0.7175 0.4420
vn 0.7678 -0.1542 0.6219
vn 0.7506 -0.2491 0.6120
vn 0.7677 -0.1541 0.6220
vn 0.7514 -0.2526 0.6096
vn 0.6991 -0.4328 0.5691
vn 0.6967 -0.4401 0.5665
vn 0.6637 -0.5187 0.5390
vn 0.7767 0.0055 0.6299
vn 0.7766 0.0055 0.6299
vn 0.7765 0.0055 0.6301
vn 0.5051 -0.7578 0.4131
vn 0.5052 -0.7576 0.4133
vn 0.5002 0.7650 0.4057
vn 0.5008 0.7626 0.4094
vn 0.5003 0.7651 0.4053
vn 0.5003 0.7652 0.4052
vn 0.5003 0.7652 0.4053
vn 0.5002 0.7651 0.4056
vn 0.5007 0.7627 0.4094
vn 0.5052 -0.7577 0.4132
vn 0.5051 -0.7576 0.4134
vn 0.5051 -0.7576 0.4133
vn 0.7765 0.0055 0.6300
vn 0.7764 0.0055 0.6302
vn 0.6636 -0.5187 0.5390
vn 0.6990 -0.4327 0.5693
vn 0.6987 -0.4292 0.5724
vn 0.7507 -0.2492 0.6119
vn 0.7498 -0.2458 0.6143
vn 0.7672 -0.1540 0.6227
vn 0.7356 -0.6774 -0.0000
vn -0.0000 -0.3714 0.9285
vn 0.9260 -0.3775 -0.0000
vn 0.9773 -0.2117 -0.0000
vn 0.3853 -0.8630 -0.3268
vn 0.3853 -0.8630 -0.3267
vn 0.3853 -0.8630 0.3267
vn 0.3853 -0.8630 0.3268
vn 0.4779 0.7804 0.4032
vn 0.4780 0.7804 0.4032
vn 0.4780 0.7804 0.4031
vn 0.7523 -0.1842 0.6325
vn 0.7324 -0.2955 0.6133
vn 0.7310 -0.3027 0.6116
vn 0.6631 -0.4981 0.5588
vn 0.6571 -0.5088 0.5561
vn 0.6152 -0.5949 0.5173
vn 0.7640 0.0055 0.6452
vn 0.7642 0.0055 0.6450
vn 0.7641 0.0055 0.6451
vn 0.7642 0.0055 0.6449
vn 0.4439 -0.8144 0.3738
vn 0.4440 -0.8145 0.3735
vn 0.4439 -0.8144 0.3737
vn 0.4359 0.8209 0.3689
vn 0.4359 0.8209 0.3690
vn 0.4359 0.8209 -0.3690
vn 0.4359 0.8209 -0.3689
vn 0.4440 -0.8145 -0.3735
vn 0.4439 -0.8144 -0.3737
vn 0.4439 -0.8144 -0.3738
vn 0.7640 0.0055 -0.6452
vn 0.7642 0.0055 -0.6450
vn 0.7641 0.0055 -0.6451
vn 0.7642 0.0055 -0.6449
vn 0.6152 -0.5949 -0.5173
vn 0.6571 -0.5089 -0.5561
vn 0.6631 -0.4981 -0.5588
vn 0.7310 -0.3027 -0.6116
vn 0.7324 -0.2955 -0.6133
vn 0.7523 -0.1842 -0.6325
vn 0.4780 0.7804 -0.4031
vn 0.4780 0.7804 -0.4032
vn -0.0000 0.7057 -0.7085
vn -0.0000 -0.8023 -0.5969
vn -0.0000 -0.8023 0.5969
vn -0.0000 0.7057 0.7085
vn -0.0000 -0.1417 0.9899
vn -0.0000 -0.2364 0.9717
vn -0.0000 -0.2476 0.9689
vn -0.0000 -0.4148 0.9099
vn -0.0000 -0.4304 0.9026
vn -0.0000 -0.4967 0.8679
vn -0.0000 -0.7434 0.6688
vn -0.0000 -0.7435 0.6688
vn -0.0000 0.7434 0.6688
vn -0.0000 0.7434 -0.6688
vn -0.0000 -0.7434 -0.6688
vn -0.0000 -0.4967 -0.8679
vn -0.0000 -0.4305 -0.9026
vn -0.0000 -0.4148 -0.9099
vn -0.0000 -0.2476 -0.9689
vn -0.0000 -0.2364 -0.9717
vn -0.0000 -0.1417 -0.9899
vn 0.4780 0.7803 0.4033
vn 0.7324 -0.2956 0.6133
vn 0.6630 -0.4981 0.5588
vn 0.6572 -0.5089 0.5561
vn 0.7640 0.0055 0.6451
vn 0.7640 0.0055 -0.6451
vn 0.7324 -0.2955 -0.6134
vn 0.4780 0.7803 -0.4033
vn -0.0000 -0.2363 0.9717
vn -0.0000 -0.4305 0.9026
vn -0.0000 -0.7435 -0.6688
vn -0.0000 -0.4304 -0.9026
vn -0.0000 -0.3775 0.9260
vn -0.0000 -0.2117 0.9773
vn -0.0000 -0.2118 0.9773
vn 0.3267 -0.8630 0.3853
vn 0.3268 -0.8630 0.3853
vn -0.3267 -0.8630 0.3854
vn -0.3267 -0.8630 0.3853
vn -0.4031 0.7804 0.4779
vn -0.4032 0.7804 0.4779
vn -0.6326 -0.1842 0.7523
vn -0.6170 -0.2956 0.7294
vn -0.6325 -0.1842 0.7523
vn -0.6152 -0.3028 0.7279
vn -0.5587 -0.4981 0.6631
vn -0.5560 -0.5088 0.6572
vn -0.5172 -0.5949 0.6153
vn -0.6450 0.0055 0.7641
vn -0.6450 0.0055 0.7642
vn -0.3736 -0.8144 0.4439
vn -0.3737 -0.8144 0.4440
vn -0.3691 0.8208 0.4359
vn -0.3691 0.8209 0.4359
vn -0.3691 0.8209 0.4358
vn 0.3690 0.8209 0.4359
vn 0.3691 0.8208 0.4359
vn 0.3737 -0.8144 0.4440
vn 0.3737 -0.8144 0.4439
vn 0.3736 -0.8145 0.4439
vn 0.6450 0.0055 0.7641
vn 0.5173 -0.5949 0.6152
vn 0.5560 -0.5088 0.6572
vn 0.5587 -0.4981 0.6631
vn 0.6152 -0.3027 0.7280
vn 0.6169 -0.2956 0.7294
vn 0.6326 -0.1842 0.7523
vn 0.6325 -0.1842 0.7523
vn 0.4032 0.7804 0.4779
vn 0.4032 0.7804 0.4780
vn 0.7084 0.7058 -0.0000
vn 0.7085 0.7058 -0.0000
vn 0.7085 0.7057 -0.0000
vn 0.5969 -0.8023 -0.0000
vn -0.5969 -0.8023 -0.0000
vn -0.7084 0.7058 -0.0000
vn -0.7085 0.7057 -0.0000
vn -0.9899 -0.1417 -0.0000
vn -0.9717 -0.2364 -0.0000
vn -0.9689 -0.2476 -0.0000
vn -0.9099 -0.4148 -0.0000
vn -0.9026 -0.4305 -0.0000
vn -0.8679 -0.4967 -0.0000
vn -0.6688 -0.7434 -0.0000
vn -0.6688 0.7434 -0.0000
vn 0.6688 0.7434 -0.0000
vn 0.6688 -0.7434 -0.0000
vn 0.8679 -0.4967 -0.0000
vn 0.9026 -0.4305 -0.0000
vn 0.9099 -0.4148 -0.0000
vn 0.9689 -0.2476 -0.0000
vn 0.9717 -0.2364 -0.0000
vn 0.9899 -0.1417 -0.0000
vn -0.0000 0.6832 0.7303
vn -0.0000 -0.3713 0.9285
vn 0.5382 0.7177 0.4419
vn 0.4495 -0.8160 0.3634
vn -0.4495 -0.8160 0.3634
vn -0.5382 0.7177 0.4419
vn -0.5383 0.7177 0.4418
vn -0.7675 -0.1541 0.6223
vn -0.7498 -0.2457 0.6143
vn -0.7487 -0.2527 0.6128
vn -0.7018 -0.4290 0.5688
vn -0.6966 -0.4399 0.5667
vn -0.6636 -0.5188 0.5390
vn -0.7765 0.0056 0.6301
vn -0.7765 0.0055 0.6301
vn -0.5051 -0.7577 0.4134
vn -0.5051 -0.7577 0.4133
vn -0.5051 -0.7577 0.4132
vn -0.5003 0.7651 0.4054
vn -0.5003 0.7651 0.4055
vn 0.5002 0.7651 0.4055
vn 0.5003 0.7651 0.4055
vn 0.5003 0.7651 0.4054
vn 0.5051 -0.7577 0.4133
vn 0.6966 -0.4400 0.5667
vn 0.7017 -0.4290 0.5688
vn 0.7487 -0.2527 0.6129
vn 0.7674 -0.1541 0.6224
vn 0.8244 0.5659 -0.0000
vn -0.7355 -0.6775 -0.0000
vn -0.8244 0.5659 -0.0000
vn -0.8244 0.5660 -0.0000
vn -0.9951 -0.0985 -0.0000
vn -0.9864 -0.1644 -0.0000
vn -0.9851 -0.1721 -0.0000
vn -0.9541 -0.2995 -0.0000
vn -0.9494 -0.3139 -0.0000
vn -0.9309 -0.3652 -0.0000
vn -0.7954 -0.6061 -0.0000
vn -0.7954 0.6061 -0.0000
vn 0.9951 -0.0985 -0.0000
vn 0.5383 0.7177 0.4419
vn 0.5382 0.7176 0.4419
vn -0.5382 0.7177 0.4418
vn -0.5383 0.7176 0.4419
vn -0.7674 -0.1541 0.6223
vn -0.7498 -0.2458 0.6143
vn -0.7018 -0.4290 0.5687
vn -0.6967 -0.4400 0.5666
vn -0.6636 -0.5187 0.5390
vn -0.5002 0.7651 0.4054
vn 0.5002 0.7651 0.4054
vn 0.6967 -0.4400 0.5667
vn 0.7018 -0.4290 0.5688
vn 0.7487 -0.2527 0.6128
vn 0.7498 -0.2457 0.6143
vn -0.7356 -0.6775 -0.0000
vn -0.9951 -0.0984 -0.0000
vn -0.9495 -0.3139 -0.0000
vn -0.7953 -0.6062 -0.0000
vn 0.7953 -0.6062 -0.0000
vn 0.9309 -0.3653 -0.0000
vn 0.9494 -0.3140 -0.0000
vn 0.9542 -0.2993 -0.0000
vn -0.0000 0.6831 0.7303
vn 0.5383 0.7176 0.4419
vn 0.4495 -0.8161 0.3634
vn -0.5382 0.7176 0.4419
vn -0.7674 -0.1541 0.6224
vn -0.7487 -0.2527 0.6129
vn -0.7017 -0.4290 0.5688
vn -0.6966 -0.4400 0.5667
vn 0.6636 -0.5188 0.5390
vn 0.7356 -0.6775 -0.0000
vn -0.0000 -0.3776 0.9260
vn 0.3335 -0.8615 0.3829
vn 0.3335 -0.8615 0.3830
vn -0.3335 -0.8615 0.3829
vn -0.3334 -0.8615 0.3830
vn -0.4103 0.7783 0.4754
vn -0.4103 0.7782 0.4754
vn -0.4102 0.7782 0.4754
vn -0.6425 -0.1844 0.7438
vn -0.6263 -0.2923 0.7227
vn -0.6424 -0.1844 0.7438
vn -0.6246 -0.2994 0.7213
vn -0.5691 -0.4950 0.6566
vn -0.5661 -0.5021 0.6538
vn -0.5277 -0.5886 0.6124
vn -0.6539 0.0055 0.7565
vn -0.6540 0.0055 0.7565
vn -0.3806 -0.8125 0.4415
vn -0.3807 -0.8125 0.4415
vn -0.3765 0.8168 0.4372
vn -0.3765 0.8168 0.4371
vn 0.3765 0.8168 0.4371
vn 0.3807 -0.8125 0.4414
vn 0.3807 -0.8125 0.4415
vn 0.6539 0.0055 0.7565
vn 0.5278 -0.5886 0.6123
vn 0.5661 -0.5020 0.6539
vn 0.5690 -0.4949 0.6567
vn 0.6246 -0.2995 0.7212
vn 0.6263 -0.2923 0.7227
vn 0.6424 -0.1844 0.7438
vn 0.4103 0.7783 0.4753
vn 0.4103 0.7782 0.4754
vn 0.4103 0.7783 0.4754
vn 0.4103 0.7782 0.4755
vn 0.7167 0.6974 -0.0000
vn 0.6061 -0.7954 -0.0000
vn -0.6061 -0.7954 -0.0000
vn -0.7167 0.6974 -0.0000
vn -0.9906 -0.1368 -0.0000
vn -0.9730 -0.2309 -0.0000
vn -0.9703 -0.2420 -0.0000
vn -0.9142 -0.4053 -0.0000
vn -0.9071 -0.4210 -0.0000
vn -0.8733 -0.4872 -0.0000
vn -0.6774 -0.7356 -0.0000
vn -0.6775 -0.7356 -0.0000
vn -0.6775 0.7356 -0.0000
vn 0.6775 0.7355 -0.0000
vn 0.6775 -0.7355 -0.0000
vn 0.6775 -0.7356 -0.0000
vn 0.8733 -0.4872 -0.0000
vn 0.9071 -0.4210 -0.0000
vn 0.8732 -0.4873 -0.0000
vn 0.9142 -0.4053 -0.0000
vn 0.9703 -0.2420 -0.0000
vn 0.9730 -0.2308 -0.0000
vn 0.9906 -0.1368 -0.0000
vn 0.4494 -0.8160 0.3634
vn -0.4495 -0.8161 0.3633
vn -0.4494 -0.8161 0.3633
vn -0.4495 -0.8160 0.3635
vn -0.7497 -0.2457 0.6144
vn -0.7486 -0.2527 0.6129
vn -0.6987 -0.4292 0.5724
vn -0.6605 -0.5190 0.5425
vn -0.7765 0.0055 0.6300
vn 0.5051 -0.7577 0.4132
vn 0.7018 -0.4290 0.5687
vn 0.7516 -0.2526 0.6094
vn 0.7499 -0.2458 0.6143
vn 0.7648 -0.1542 0.6256
vn 0.5383 0.7176 0.4418
vn -0.9864 -0.1645 -0.0000
vn -0.9494 -0.3140 -0.0000
vn 0.7954 -0.6062 -0.0000
vn 0.9864 -0.1645 -0.0000
vn 0.9954 -0.0961 -0.0000
vn -0.0000 -0.3775 -0.9260
vn -0.0000 -0.2118 -0.9773
vn -0.0000 -0.2117 -0.9773
vn 0.6169 -0.2956 -0.7295
vn 0.5588 -0.4981 -0.6631
vn 0.6151 -0.3027 -0.7280
vn 0.5561 -0.5089 -0.6572
vn 0.5172 -0.5950 -0.6152
vn 0.6451 0.0055 -0.7641
vn 0.3737 -0.8144 -0.4439
vn 0.3691 0.8208 -0.4359
vn 0.3691 0.8209 -0.4359
vn 0.3690 0.8209 -0.4359
vn -0.3691 0.8209 -0.4358
vn -0.3691 0.8208 -0.4359
vn -0.3691 0.8209 -0.4359
vn -0.3736 -0.8144 -0.4440
vn -0.3736 -0.8144 -0.4439
vn -0.3737 -0.8144 -0.4439
vn -0.3737 -0.8145 -0.4439
vn -0.6450 0.0056 -0.7641
vn -0.6450 0.0055 -0.7641
vn -0.6451 0.0055 -0.7641
vn -0.5172 -0.5950 -0.6152
vn -0.5560 -0.5089 -0.6572
vn -0.5587 -0.4981 -0.6631
vn -0.6152 -0.3028 -0.7279
vn -0.6169 -0.2956 -0.7294
vn -0.6325 -0.1842 -0.7523
vn -0.4032 0.7804 -0.4779
vn -0.4031 0.7804 -0.4779
vn -0.3267 -0.8630 -0.3852
vn -0.3267 -0.8630 -0.3853
vn -0.3267 -0.8630 -0.3854
vn 0.3267 -0.8630 -0.3853
vn 0.4032 0.7804 -0.4780
vn 0.4032 0.7804 -0.4779
vn 0.6325 -0.1842 -0.7523
vn 0.9026 -0.4304 -0.0000
vn -0.9026 -0.4304 -0.0000
vn -0.0000 -0.3714 -0.9285
vn 0.7674 -0.1541 -0.6224
vn 0.7487 -0.2527 -0.6129
vn 0.7498 -0.2457 -0.6144
vn 0.7017 -0.4290 -0.5688
vn 0.6966 -0.4400 -0.5667
vn 0.5002 0.7651 -0.4055
vn 0.5003 0.7651 -0.4054
vn -0.5003 0.7651 -0.4055
vn -0.5003 0.7651 -0.4054
vn -0.5051 -0.7577 -0.4132
vn -0.5051 -0.7577 -0.4133
vn -0.7766 0.0055 -0.6300
vn -0.7765 0.0055 -0.6300
vn -0.7765 0.0055 -0.6301
vn -0.6636 -0.5188 -0.5390
vn -0.6966 -0.4400 -0.5667
vn -0.6636 -0.5188 -0.5389
vn -0.7018 -0.4291 -0.5687
vn -0.7487 -0.2527 -0.6129
vn -0.7498 -0.2457 -0.6143
vn -0.7674 -0.1541 -0.6223
vn -0.5375 0.7186 -0.4413
vn -0.5383 0.7176 -0.4418
vn -0.5382 0.7177 -0.4419
vn -0.4495 -0.8160 -0.3634
vn -0.4495 -0.8161 -0.3634
vn -0.4494 -0.8160 -0.3634
vn 0.4495 -0.8160 -0.3634
vn 0.4494 -0.8161 -0.3634
vn 0.4495 -0.8161 -0.3634
vn 0.5382 0.7176 -0.4419
vn 0.5382 0.7177 -0.4419
vn 0.7674 -0.1541 -0.6223
vn -0.9495 -0.3137 -0.0000
vn -0.8245 0.5659 -0.0000
vn -0.0000 -0.6832 -0.7303
vn 0.7018 -0.4291 -0.5687
vn -0.5002 0.7652 -0.4054
vn -0.5002 0.7651 -0.4054
vn -0.5051 -0.7576 -0.4133
vn -0.5050 -0.7578 -0.4132
vn -0.7765 0.0056 -0.6300
vn -0.6967 -0.4400 -0.5666
vn -0.5375 0.7185 -0.4414
vn -0.5383 0.7176 -0.4419
vn -0.5382 0.7177 -0.4418
vn -0.7954 -0.6062 -0.0000
vn 0.7766 0.0056 -0.6300
vn 0.7765 0.0056 -0.6300
vn 0.7765 0.0056 -0.6301
vn 0.5002 0.7651 -0.4054
vn -0.7017 -0.4291 -0.5687
vn -0.7498 -0.2457 -0.6144
vn -0.7674 -0.1541 -0.6224
vn -0.0000 -0.3776 -0.9260
vn 0.6263 -0.2923 -0.7227
vn 0.5690 -0.4949 -0.6567
vn 0.6246 -0.2994 -0.7212
vn 0.5661 -0.5021 -0.6538
vn 0.5277 -0.5887 -0.6123
vn 0.6539 0.0056 -0.7565
vn 0.6540 0.0055 -0.7565
vn 0.3807 -0.8125 -0.4414
vn 0.3807 -0.8125 -0.4415
vn 0.3765 0.8168 -0.4371
vn -0.3765 0.8168 -0.4371
vn -0.3806 -0.8125 -0.4415
vn -0.3808 -0.8124 -0.4416
vn -0.3807 -0.8125 -0.4414
vn -0.3807 -0.8125 -0.4415
vn -0.6540 0.0055 -0.7565
vn -0.5277 -0.5886 -0.6124
vn -0.5662 -0.5021 -0.6537
vn -0.5691 -0.4950 -0.6566
vn -0.6246 -0.2994 -0.7213
vn -0.6263 -0.2923 -0.7227
vn -0.6425 -0.1844 -0.7438
vn -0.4103 0.7782 -0.4755
vn -0.4103 0.7782 -0.4754
vn -0.4103 0.7783 -0.4754
vn -0.3335 -0.8615 -0.3829
vn 0.3335 -0.8615 -0.3830
vn 0.3335 -0.8615 -0.3829
vn 0.4103 0.7782 -0.4754
vn 0.6424 -0.1844 -0.7438
vn 0.6424 -0.1844 -0.7439
vn 0.9730 -0.2309 -0.0000
vn -0.6775 -0.7355 -0.0000
vn -0.6062 -0.7953 -0.0000
vn 0.7675 -0.1541 -0.6223
vn 0.7516 -0.2526 -0.6094
vn 0.6637 -0.5188 -0.5389
vn 0.6637 -0.5187 -0.5389
vn 0.5051 -0.7578 -0.4131
vn 0.5003 0.7651 -0.4055
vn -0.6605 -0.5190 -0.5425
vn -0.6987 -0.4293 -0.5723
vn -0.7486 -0.2527 -0.6130
vn -0.7497 -0.2457 -0.6145
vn -0.5383 0.7177 -0.4418
vn -0.4495 -0.8161 -0.3633
vn 0.4495 -0.8160 -0.3633
vn 0.7648 -0.1542 -0.6256
vn 0.9495 -0.3138 -0.0000
vn -0.9542 -0.2992 -0.0000
vn -0.7356 -0.6774 -0.0000
vn -0.7303 0.6832 -0.0000
vn -0.9260 -0.3775 -0.0000
vn -0.9773 -0.2117 -0.0000
vn -0.7323 -0.2955 -0.6135
vn -0.6631 -0.4982 -0.5587
vn -0.7279 -0.3027 -0.6152
vn -0.6572 -0.5089 -0.5560
vn -0.6153 -0.5950 -0.5171
vn -0.7642 0.0055 -0.6449
vn -0.7641 0.0055 -0.6450
vn -0.4439 -0.8144 -0.3738
vn -0.4440 -0.8144 -0.3736
vn -0.4440 -0.8145 -0.3736
vn -0.4359 0.8208 -0.3691
vn -0.4359 0.8209 -0.3691
vn -0.4359 0.8208 0.3691
vn -0.4359 0.8209 0.3691
vn -0.4439 -0.8145 0.3736
vn -0.4439 -0.8144 0.3738
vn -0.7642 0.0055 0.6449
vn -0.7641 0.0055 0.6450
vn -0.6153 -0.5950 0.5171
vn -0.6572 -0.5089 0.5560
vn -0.6631 -0.4982 0.5587
vn -0.7309 -0.3026 0.6118
vn -0.7323 -0.2955 0.6135
vn -0.7523 -0.1842 0.6325
vn -0.4780 0.7804 0.4031
vn -0.3853 -0.8630 0.3267
vn -0.3853 -0.8630 -0.3267
vn -0.4780 0.7804 -0.4032
vn -0.4780 0.7804 -0.4031
vn -0.7523 -0.1842 -0.6325
vn -0.0000 -0.2475 0.9689
vn -0.0000 -0.1418 -0.9899
vn -0.7641 0.0055 -0.6451
vn -0.4440 -0.8144 -0.3738
vn -0.4440 -0.8144 -0.3737
vn -0.4440 -0.8145 0.3736
vn -0.4439 -0.8144 0.3736
vn -0.7641 0.0055 0.6451
vn -0.7523 -0.1842 0.6326
vn -0.4780 0.7804 0.4032
vn -0.7523 -0.1843 -0.6325
vn -0.0000 -0.2475 -0.9689
vn -0.4495 -0.8160 -0.3635
vn -0.4494 -0.8160 -0.3635
vn -0.4494 -0.8160 -0.3636
vn -0.5382 0.7176 -0.4420
vn -0.7676 -0.1541 -0.6222
vn -0.7507 -0.2492 -0.6118
vn -0.7675 -0.1541 -0.6222
vn -0.7487 -0.2527 -0.6128
vn -0.6989 -0.4327 -0.5694
vn -0.6965 -0.4400 -0.5668
vn -0.7762 0.0055 -0.6304
vn -0.7763 0.0055 -0.6303
vn -0.7767 0.0055 -0.6299
vn -0.5052 -0.7577 -0.4132
vn -0.5009 0.7627 -0.4091
vn -0.5002 0.7650 -0.4056
vn -0.5002 0.7651 -0.4055
vn -0.5008 0.7628 -0.4091
vn -0.5002 0.7651 -0.4053
vn -0.6637 -0.5187 -0.5389
vn -0.6991 -0.4328 -0.5692
vn -0.7018 -0.4290 -0.5687
vn -0.7505 -0.2491 -0.6121
vn -0.9309 -0.3653 -0.0000
vn -0.9542 -0.2993 -0.0000
vn -0.7673 -0.1541 0.6225
vn -0.7505 -0.2492 0.6121
vn -0.7496 -0.2457 0.6145
vn -0.6991 -0.4327 0.5692
vn -0.6637 -0.5187 0.5390
vn -0.5051 -0.7576 0.4133
vn -0.5052 -0.7576 0.4133
vn -0.5002 0.7650 0.4056
vn -0.5009 0.7627 0.4091
vn -0.5050 -0.7577 0.4132
vn -0.5050 -0.7578 0.4132
vn -0.7767 0.0055 0.6299
vn -0.7763 0.0055 0.6304
vn -0.7766 0.0055 0.6299
vn -0.6965 -0.4400 0.5668
vn -0.6990 -0.4328 0.5694
vn -0.7488 -0.2527 0.6128
vn -0.7508 -0.2492 0.6118
vn -0.7676 -0.1541 0.6222
vn -0.7676 -0.1541 0.6221
vn -0.5383 0.7175 0.4420
vn -0.5383 0.7176 0.4420
vn -0.4494 -0.8160 0.3635
vn -0.4494 -0.8161 0.3634
vn -0.4495 -0.8160 0.3633
vn 0.7498 -0.2458 -0.6143
vn 0.6987 -0.4293 -0.5723
vn 0.7767 0.0055 -0.6298
vn 0.7767 0.0055 -0.6299
vn 0.5050 -0.7576 -0.4134
vn 0.5050 -0.7577 -0.4134
vn 0.5002 0.7652 -0.4054
vn 0.5008 0.7627 -0.4091
vn 0.5051 -0.7578 -0.4130
vn 0.5052 -0.7578 -0.4129
vn 0.6636 -0.5187 -0.5391
vn 0.6635 -0.5187 -0.5391
vn 0.7515 -0.2526 -0.6095
vn 0.7506 -0.2492 -0.6119
vn 0.7675 -0.1541 -0.6222
vn 0.7676 -0.1541 -0.6222
vn 0.5382 0.7176 -0.4421
vn 0.5383 0.7177 -0.4417
vn 0.4495 -0.8160 -0.3635
vn 0.5382 0.7177 -0.4418
vn 0.4496 -0.8161 0.3631
vn 0.4495 -0.8161 0.3633
vn 0.4495 -0.8160 0.3633
vn 0.5382 0.7178 0.4416
vn 0.5382 0.7177 0.4417
vn 0.5383 0.7175 0.4421
vn 0.5383 0.7174 0.4422
vn 0.7676 -0.1541 0.6221
vn 0.7507 -0.2491 0.6119
vn 0.7515 -0.2526 0.6095
vn 0.6636 -0.5186 0.5392
vn 0.5052 -0.7578 0.4129
vn 0.5051 -0.7578 0.4130
vn 0.5051 -0.7576 0.4135
vn 0.5003 0.7650 0.4056
vn 0.5009 0.7626 0.4093
vn 0.5009 0.7627 0.4092
vn 0.5001 0.7652 0.4054
vn 0.5008 0.7627 0.4092
vn 0.5050 -0.7576 0.4134
vn 0.7764 0.0055 0.6303
vn 0.7673 -0.1541 0.6225
vn 0.4779 0.7803 0.4033
vn 0.6571 -0.5089 0.5561
vn 0.6153 -0.5950 0.5171
vn 0.4439 -0.8145 0.3735
vn 0.4358 0.8209 0.3689
vn 0.4359 0.8209 0.3691
vn 0.4359 0.8209 -0.3691
vn 0.4439 -0.8145 -0.3735
vn 0.4440 -0.8144 -0.3736
vn 0.4440 -0.8144 -0.3737
vn 0.6153 -0.5950 -0.5171
vn 0.7523 -0.1842 -0.6326
vn 0.4779 0.7803 -0.4033
vn 0.4779 0.7803 -0.4034
vn -0.0000 -0.2365 -0.9716
vn 0.3852 -0.8630 -0.3267
vn 0.3852 -0.8631 -0.3267
vn 0.4779 0.7803 0.4034
vn 0.4779 0.7804 0.4031
vn 0.4440 -0.8144 0.3737
vn 0.4439 -0.8145 0.3736
vn 0.4440 -0.8144 0.3736
vn 0.4358 0.8209 -0.3691
vn 0.6630 -0.4981 -0.5588
vn 0.4779 0.7805 -0.4031
vn 0.4780 0.7803 -0.4034
vn -0.0000 -0.4147 0.9099
vn 0.3266 -0.8630 0.3853
vn -0.3267 -0.8631 0.3853
vn -0.3267 -0.8631 0.3852
vn -0.4031 0.7804 0.4780
vn -0.6326 -0.1842 0.7522
vn -0.6451 0.0055 0.7641
vn -0.3737 -0.8144 0.4439
vn -0.3736 -0.8144 0.4440
vn -0.3691 0.8208 0.4360
vn 0.3690 0.8208 0.4359
vn 0.3691 0.8209 0.4358
vn 0.3736 -0.8144 0.4439
vn 0.6451 0.0055 0.7641
vn 0.5172 -0.5949 0.6153
vn 0.6152 -0.3027 0.7279
vn 0.6170 -0.2956 0.7294
vn 0.5970 -0.8023 -0.0000
vn -0.5970 -0.8023 -0.0000
vn -0.6689 -0.7434 -0.0000
vn 0.6689 -0.7434 -0.0000
vn -0.4494 -0.8160 0.3634
vn -0.7764 0.0055 0.6302
vn -0.5050 -0.7576 0.4134
vn -0.5050 -0.7577 0.4134
vn -0.5008 0.7627 0.4092
vn 0.7765 0.0055 0.6302
vn 0.7674 -0.1541 0.6223
vn -0.9495 -0.3138 -0.0000
vn -0.5383 0.7177 0.4419
vn -0.5050 -0.7577 0.4133
vn 0.5051 -0.7577 0.4134
vn 0.4494 -0.8161 0.3634
vn 0.5050 -0.7577 0.4133
vn 0.3334 -0.8615 0.3829
vn -0.3335 -0.8616 0.3828
vn -0.3334 -0.8615 0.3829
vn -0.3335 -0.8615 0.3828
vn -0.4102 0.7783 0.4754
vn -0.6425 -0.1845 0.7437
vn -0.6246 -0.2994 0.7212
vn -0.3807 -0.8125 0.4414
vn 0.3765 0.8168 0.4372
vn 0.3806 -0.8125 0.4415
vn 0.6539 0.0055 0.7566
vn 0.6540 0.0055 0.7565
vn 0.5278 -0.5886 0.6124
vn 0.6246 -0.2994 0.7212
vn 0.6062 -0.7953 -0.0000
vn -0.7167 0.6973 -0.0000
vn -0.9142 -0.4052 -0.0000
vn -0.9071 -0.4209 -0.0000
vn 0.6775 0.7356 -0.0000
vn 0.6774 -0.7356 -0.0000
vn 0.9070 -0.4211 -0.0000
vn 0.9142 -0.4052 -0.0000
vn 0.4494 -0.8160 0.3635
vn -0.6966 -0.4399 0.5668
vn -0.6606 -0.5190 0.5425
vn -0.7766 0.0055 0.6300
vn 0.7766 0.0055 0.6300
vn 0.6637 -0.5187 0.5389
vn 0.7953 0.6062 -0.0000
vn 0.6169 -0.2956 -0.7294
vn 0.5587 -0.4981 -0.6631
vn 0.6152 -0.3027 -0.7280
vn 0.5560 -0.5088 -0.6572
vn 0.6450 0.0055 -0.7641
vn 0.3736 -0.8145 -0.4439
vn 0.3691 0.8209 -0.4358
vn 0.3690 0.8208 -0.4359
vn -0.3690 0.8209 -0.4359
vn -0.5171 -0.5950 -0.6153
vn -0.6326 -0.1843 -0.7522
vn -0.6326 -0.1842 -0.7522
vn -0.4032 0.7804 -0.4780
vn -0.4031 0.7804 -0.4780
vn -0.3267 -0.8631 -0.3852
vn 0.3268 -0.8630 -0.3853
vn 0.4031 0.7804 -0.4780
vn 0.6326 -0.1842 -0.7523
vn -0.0003 1.0000 -0.0000
vn -0.6688 -0.7435 -0.0000
vn -0.7085 0.7058 -0.0000
vn -0.7764 0.0055 -0.6302
vn -0.6637 -0.5188 -0.5389
vn -0.7675 -0.1541 -0.6223
vn -0.5375 0.7186 -0.4414
vn 0.9495 -0.3137 -0.0000
vn -0.5052 -0.7576 -0.4133
vn -0.4494 -0.8161 -0.3634
vn 0.9542 -0.2992 -0.0000
vn -0.7765 0.0056 -0.6301
vn -0.6636 -0.5187 -0.5390
vn -0.5382 0.7176 -0.4419
vn -0.0000 0.6423 -0.7665
vn 0.6246 -0.2994 -0.7213
vn 0.5661 -0.5020 -0.6538
vn 0.5277 -0.5887 -0.6124
vn 0.6539 0.0055 -0.7566
vn 0.3806 -0.8126 -0.4414
vn 0.3806 -0.8126 -0.4415
vn -0.3765 0.8168 -0.4370
vn -0.3765 0.8168 -0.4372
vn -0.3806 -0.8126 -0.4415
vn -0.6425 -0.1844 -0.7437
vn -0.6426 -0.1844 -0.7437
vn -0.3335 -0.8615 -0.3828
vn -0.3335 -0.8616 -0.3828
vn 0.3335 -0.8615 -0.3828
vn 0.4102 0.7782 -0.4754
vn 0.4103 0.7783 -0.4754
vn -0.6775 0.7355 -0.0000
vn -0.9070 -0.4211 -0.0000
vn 0.7167 0.6973 -0.0000
vn 0.7515 -0.2526 -0.6094
vn 0.7017 -0.4291 -0.5687
vn 0.5051 -0.7576 -0.4133
vn 0.5002 0.7652 -0.4053
vn 0.5003 0.7650 -0.4055
vn -0.6987 -0.4292 -0.5723
vn -0.7497 -0.2457 -0.6144
vn -0.9496 -0.3134 -0.0000
vn -0.6631 -0.4981 -0.5586
vn -0.7640 0.0055 -0.6452
vn -0.7640 0.0055 -0.6451
vn -0.7642 0.0055 -0.6450
vn -0.4439 -0.8144 -0.3736
vn -0.4439 -0.8145 -0.3736
vn -0.4358 0.8209 -0.3691
vn -0.4359 0.8208 -0.3690
vn -0.4359 0.8209 -0.3690
vn -0.4359 0.8209 0.3690
vn -0.4358 0.8209 0.3691
vn -0.4440 -0.8144 0.3737
vn -0.7640 0.0055 0.6452
vn -0.7640 0.0055 0.6451
vn -0.7642 0.0055 0.6450
vn -0.6631 -0.4981 0.5587
vn -0.4779 0.7804 0.4032
vn -0.4779 0.7804 0.4031
vn -0.4779 0.7804 -0.4031
vn -0.4779 0.7804 -0.4032
vn -0.9773 -0.2118 -0.0000
vn -0.3852 -0.8630 0.3267
vn -0.3852 -0.8630 -0.3267
vn -0.7523 -0.1842 -0.6326
vn -0.5383 0.7176 -0.4420
vn -0.7677 -0.1541 -0.6220
vn -0.7507 -0.2492 -0.6119
vn -0.6990 -0.4327 -0.5694
vn -0.6965 -0.4399 -0.5668
vn -0.5050 -0.7578 -0.4133
vn -0.5050 -0.7577 -0.4133
vn -0.5002 0.7651 -0.4056
vn -0.5008 0.7627 -0.4092
vn -0.5051 -0.7577 -0.4131
vn -0.7765 0.0055 -0.6302
vn -0.6637 -0.5187 -0.5390
vn -0.7505 -0.2491 -0.6122
vn -0.7496 -0.2457 -0.6146
vn -0.7676 -0.1541 -0.6221
vn -0.7504 -0.2491 0.6122
vn -0.7495 -0.2457 0.6147
vn -0.6637 -0.5187 0.5389
vn -0.5001 0.7651 0.4057
vn -0.5009 0.7627 0.4092
vn -0.5002 0.7651 0.4056
vn -0.6989 -0.4328 0.5694
vn -0.7507 -0.2492 0.6119
vn -0.7677 -0.1541 0.6220
vn -0.7678 -0.1541 0.6219
vn -0.5384 0.7175 0.4420
vn -0.5383 0.7175 0.4419
vn -0.5382 0.7178 0.4418
vn -0.4494 -0.8161 0.3635
vn -0.5381 0.7177 0.4419
vn -0.7675 -0.1541 0.6222
vt 0.484201 0.817843
vt 0.329243 0.817843
vt 0.329243 0.809637
vt 0.500614 0.817843
vt 0.500614 0.809637
vt 0.503510 0.817843
vt 0.503510 0.809637
vt 0.745119 0.817843
vt 0.745119 0.809637
vt 0.748016 0.817843
vt 0.748016 0.809637
vt 0.827184 0.809637
vt 0.827184 0.817843
vt 0.484201 0.809637
vt 0.020534 0.831842
vt 0.025603 0.827498
vt 0.176216 0.831842
vt 0.177423 0.827498
vt 0.009431 0.827498
vt 0.007500 0.831842
vt 0.984797 0.831842
vt 0.983349 0.827498
vt 0.979004 0.831842
vt 0.978763 0.827498
vt 0.740292 0.831842
vt 0.740775 0.827498
vt 0.734740 0.831842
vt 0.734499 0.827498
vt 0.660399 0.831842
vt 0.656054 0.827498
vt 0.020534 0.839808
vt 0.176216 0.839808
vt 0.007500 0.839808
vt 0.984797 0.839808
vt 0.979004 0.839808
vt 0.740292 0.839808
vt 0.734740 0.839808
vt 0.660399 0.839808
vt 0.177423 0.844152
vt 0.025603 0.844635
vt 0.009431 0.844635
vt 0.983349 0.843187
vt 0.978763 0.843911
vt 0.740775 0.843911
vt 0.734499 0.843911
vt 0.656054 0.843911
vt 0.018603 0.868289
vt 0.182974 0.868289
vt 0.037430 0.868289
vt 0.983107 0.866599
vt 0.967419 0.867323
vt 0.752119 0.867323
vt 0.723155 0.867323
vt 0.634331 0.867806
vt 0.983107 0.870220
vt 0.016913 0.870703
vt 0.182250 0.870944
vt 0.035499 0.870944
vt 0.968143 0.870461
vt 0.751153 0.869978
vt 0.723879 0.869978
vt 0.636262 0.870461
vt 0.497476 0.006124
vt 0.500131 0.006124
vt 0.500372 0.012158
vt 0.683329 0.006124
vt 0.685984 0.012158
vt 0.522096 0.012158
vt 0.520889 0.006124
vt 0.497476 0.012158
vt 0.255626 0.006124
vt 0.255867 0.012158
vt 0.252729 0.006124
vt 0.252729 0.012158
vt 0.154976 0.006124
vt 0.151114 0.012158
vt 0.496993 0.767156
vt 0.500614 0.767156
vt 0.685984 0.767156
vt 0.522096 0.767156
vt 0.255867 0.767156
vt 0.252488 0.767156
vt 0.151114 0.767156
vt 0.496993 0.779224
vt 0.500614 0.779224
vt 0.681157 0.778983
vt 0.520165 0.779224
vt 0.255867 0.778983
vt 0.252488 0.778983
vt 0.158596 0.778983
vt 0.807875 0.883254
vt 0.967901 0.883254
vt 0.963798 0.889288
vt 0.970556 0.885667
vt 0.966453 0.890253
vt 0.189732 0.882530
vt 0.309451 0.882530
vt 0.193836 0.888564
vt 0.309451 0.888564
vt 0.309451 0.908839
vt 0.207111 0.888564
vt 0.202525 0.882530
vt 0.812219 0.889288
vt 0.809564 0.890253
vt 0.805220 0.885667
vt 0.763463 0.883495
vt 0.701190 0.883495
vt 0.759118 0.889771
vt 0.696604 0.889771
vt 0.965970 0.909563
vt 0.968625 0.909080
vt 0.191663 0.908839
vt 0.309451 0.937320
vt 0.204939 0.908839
vt 0.809806 0.909563
vt 0.807392 0.909080
vt 0.761291 0.910045
vt 0.698777 0.910045
vt 0.972970 0.937803
vt 0.975384 0.936837
vt 0.184422 0.937320
vt 0.175492 0.958802
vt 0.309451 0.958802
vt 0.197698 0.937320
vt 0.802806 0.937803
vt 0.800151 0.936596
vt 0.768532 0.938285
vt 0.706018 0.938285
vt 0.982142 0.959526
vt 0.984797 0.958802
vt 0.981901 0.973284
vt 0.984797 0.972077
vt 0.175492 0.972560
vt 0.309451 0.972560
vt 0.188767 0.958802
vt 0.793634 0.959526
vt 0.790979 0.958802
vt 0.777704 0.960009
vt 0.715190 0.960009
vt 0.793634 0.973284
vt 0.987452 0.980042
vt 0.981901 0.987042
vt 0.990590 0.980042
vt 0.170182 0.979318
vt 0.309451 0.979318
vt 0.183216 0.979318
vt 0.188767 0.972560
vt 0.791220 0.972077
vt 0.777462 0.973767
vt 0.715190 0.973767
vt 0.785910 0.980042
vt 0.788324 0.980042
vt 0.793875 0.987042
vt 0.167285 0.876013
vt 0.167285 0.992352
vt 0.165596 0.993800
vt 0.984314 0.989697
vt 0.175733 0.986318
vt 0.309451 0.986318
vt 0.188767 0.986318
vt 0.783014 0.980525
vt 0.720500 0.980525
vt 0.777221 0.987524
vt 0.791703 0.989697
vt 0.165596 0.874564
vt 0.055532 0.918976
vt 0.055532 0.993800
vt 0.154976 0.993800
vt 0.715190 0.987524
vt 0.114184 0.874564
vt 0.259246 0.817843
vt 0.256350 0.817843
vt 0.256350 0.809637
vt 0.014982 0.809637
vt 0.014982 0.817843
vt 0.992279 0.809637
vt 0.992279 0.817843
vt 0.989383 0.809637
vt 0.989383 0.817843
vt 0.259246 0.809637
vt 0.245730 0.827498
vt 0.252005 0.827498
vt 0.245971 0.831842
vt 0.251764 0.831842
vt 0.489994 0.827498
vt 0.490235 0.831842
vt 0.496511 0.827498
vt 0.496028 0.831842
vt 0.245971 0.839808
vt 0.251764 0.839808
vt 0.490235 0.839808
vt 0.496028 0.839808
vt 0.245730 0.843911
vt 0.252005 0.843911
vt 0.489994 0.843911
vt 0.496511 0.843911
vt 0.234385 0.868289
vt 0.263350 0.868289
vt 0.478649 0.868530
vt 0.507613 0.868530
vt 0.235110 0.870944
vt 0.262625 0.870944
vt 0.479615 0.871185
vt 0.506889 0.871185
vt 0.741981 0.012158
vt 0.741981 0.006124
vt 0.745119 0.012158
vt 0.745119 0.006124
vt 0.986728 0.012158
vt 0.991797 0.006124
vt 0.007983 0.012158
vt 0.007983 0.006124
vt 0.010879 0.012158
vt 0.011121 0.006124
vt 0.741740 0.767156
vt 0.745119 0.767156
vt 0.986487 0.767156
vt 0.007983 0.767156
vt 0.011121 0.767156
vt 0.741740 0.778983
vt 0.745360 0.779224
vt 0.995900 0.778983
vt 0.007741 0.778983
vt 0.011121 0.778983
vt 0.603436 0.883495
vt 0.345415 0.888564
vt 0.349759 0.882530
vt 0.352414 0.884943
vt 0.348070 0.889529
vt 0.398757 0.888081
vt 0.394653 0.882047
vt 0.550336 0.888081
vt 0.554680 0.882047
vt 0.600781 0.886150
vt 0.604885 0.890736
vt 0.607540 0.889771
vt 0.347587 0.908839
vt 0.350242 0.908356
vt 0.396584 0.908356
vt 0.552508 0.908356
vt 0.602712 0.909321
vt 0.605367 0.910045
vt 0.354828 0.937320
vt 0.357483 0.936113
vt 0.389343 0.936596
vt 0.559749 0.936596
vt 0.595713 0.937320
vt 0.598126 0.938285
vt 0.589196 0.960009
vt 0.364000 0.958802
vt 0.366413 0.958319
vt 0.380413 0.958319
vt 0.568679 0.958319
vt 0.586541 0.959284
vt 0.586782 0.972560
vt 0.589196 0.973767
vt 0.363758 0.972560
vt 0.366413 0.971353
vt 0.380413 0.972077
vt 0.568679 0.972077
vt 0.573990 0.979077
vt 0.581472 0.980525
vt 0.583886 0.980525
vt 0.369310 0.979318
vt 0.371482 0.979318
vt 0.375103 0.979077
vt 0.568438 0.985835
vt 0.587023 0.989938
vt 0.589437 0.987524
vt 0.010879 0.874564
vt 0.363517 0.986318
vt 0.365931 0.988973
vt 0.380654 0.985835
vt 0.009190 0.876013
vt 0.009190 0.992352
vt 0.010879 0.993800
vt 0.607175 0.889863
vt 0.605003 0.909890
vt 0.602832 0.909408
vt 0.595593 0.937157
vt 0.597764 0.938122
vt 0.586424 0.959356
vt 0.588595 0.959838
vt 0.586665 0.972627
vt 0.588837 0.973592
vt 0.581598 0.980590
vt 0.583287 0.980590
vt 0.587147 0.990000
vt 0.589078 0.988070
vt 0.605003 0.890587
vt 0.602832 0.884313
vt 0.600660 0.886243
vt 0.007800 0.778868
vt 0.010454 0.779109
vt 0.007800 0.767285
vt 0.010696 0.767285
vt 0.447679 0.691036
vt 0.445749 0.692967
vt 0.443819 0.691036
vt 0.550471 0.888174
vt 0.552642 0.908443
vt 0.533580 0.908443
vt 0.533580 0.936674
vt 0.559640 0.936674
vt 0.533580 0.958390
vt 0.568809 0.958390
vt 0.568809 0.972144
vt 0.533580 0.972144
vt 0.533580 0.978900
vt 0.574118 0.978900
vt 0.568568 0.985898
vt 0.533580 0.985898
vt 0.009006 0.876109
vt 0.010454 0.874903
vt 0.009006 0.897584
vt 0.040616 0.897584
vt 0.533580 0.888174
vt 0.533580 0.881900
vt 0.554573 0.881900
vt 0.995900 0.779109
vt 0.986489 0.767285
vt 0.963084 0.779109
vt 0.961877 0.767285
vt 0.447679 0.674146
vt 0.426928 0.674146
vt 0.252472 0.767285
vt 0.011178 0.767285
vt 0.252472 0.779109
vt 0.777287 0.987587
vt 0.782837 0.980590
vt 0.584011 0.980590
vt 0.589319 0.973592
vt 0.777529 0.973592
vt 0.777529 0.960080
vt 0.589078 0.960080
vt 0.598247 0.938363
vt 0.768601 0.938363
vt 0.605245 0.909890
vt 0.761362 0.909890
vt 0.607657 0.889622
vt 0.759190 0.889622
vt 0.603314 0.883589
vt 0.763292 0.883589
vt 0.011178 0.779109
vt 0.445266 0.693208
vt 0.277326 0.691036
vt 0.279497 0.693208
vt 0.255850 0.767285
vt 0.255850 0.779109
vt 0.807932 0.883107
vt 0.805278 0.885761
vt 0.812034 0.889139
vt 0.809380 0.890104
vt 0.807208 0.908925
vt 0.809862 0.909649
vt 0.800210 0.936674
vt 0.802623 0.937880
vt 0.791041 0.958873
vt 0.793695 0.959597
vt 0.791282 0.972144
vt 0.793695 0.973351
vt 0.785974 0.980107
vt 0.788387 0.980107
vt 0.793937 0.987104
vt 0.791524 0.989517
vt 0.167296 0.876109
vt 0.165606 0.874661
vt 0.010937 0.874661
vt 0.589319 0.987587
vt 0.277326 0.674146
vt 0.280221 0.767285
vt 0.287460 0.779109
vt 0.828683 0.883107
vt 0.828683 0.889139
vt 0.828683 0.909649
vt 0.828683 0.937880
vt 0.828683 0.959597
vt 0.828683 0.973351
vt 0.828683 0.980107
vt 0.828683 0.987104
vt 0.167296 0.897584
s 0
usemtl FirstFloorPillars0.001
f 2/1/1 3/2/1 8/3/1
f 4/2/1 9/4/1 7/3/1
f 7/3/1 9/4/1 14/5/1
s 1
f 10/4/2 15/6/3 13/5/3
f 13/5/3 15/6/3 19/7/3
s 0
f 16/6/4 20/8/4 18/7/4
f 18/7/4 20/8/4 24/9/4
s 1
f 21/8/5 25/10/5 23/9/6
f 23/9/6 25/10/5 29/11/6
s 0
f 28/11/7 26/10/7 33/12/7
f 26/10/7 34/13/7 33/12/7
f 35/13/4 36/10/4 32/12/4
f 32/12/4 36/10/4 40/11/4
s 1
f 39/11/8 37/10/8 43/9/8
f 37/10/8 44/8/5 43/9/8
s 0
f 42/9/7 45/8/7 48/7/7
f 45/8/7 49/6/7 48/7/7
s 1
f 47/7/9 50/6/10 54/5/10
f 50/6/10 55/4/10 54/5/10
s 0
f 53/5/11 56/4/11 60/3/11
f 56/4/11 61/2/11 60/3/11
f 62/2/11 1/1/11 59/3/11
f 59/3/11 1/1/11 64/14/11
f 2/1/1 8/3/1 63/14/1
f 69/15/12 66/16/12 74/17/12
f 66/16/12 5/18/12 74/17/12
f 6/18/12 11/19/12 73/17/12
f 73/17/12 11/19/12 75/20/12
f 78/21/12 12/22/12 81/23/12
f 12/22/12 17/24/12 81/23/12
f 81/23/12 17/24/12 84/25/12
f 17/24/12 22/26/12 84/25/12
f 84/25/12 22/26/12 87/27/12
f 22/26/13 27/28/13 87/27/13
f 87/27/12 27/28/12 91/29/12
f 27/28/12 30/30/12 91/29/12
f 31/30/12 38/28/12 90/29/12
f 90/29/12 38/28/12 94/27/12
f 38/28/12 41/26/12 94/27/12
f 94/27/12 41/26/12 97/25/12
f 41/26/12 46/24/12 97/25/12
f 97/25/12 46/24/12 100/23/12
f 46/24/14 51/22/14 100/23/14
f 100/23/12 51/22/12 101/21/12
f 104/20/12 52/19/12 106/17/12
f 52/19/12 57/18/12 106/17/12
f 58/18/12 65/16/12 105/17/12
f 65/16/12 70/15/12 105/17/12
f 108/17/11 67/15/11 109/31/11
f 68/15/1 71/17/1 112/31/1
f 112/31/1 71/17/1 116/32/1
f 115/32/1 72/17/1 117/33/1
f 72/17/1 76/20/1 117/33/1
s 1
f 120/34/3 77/21/3 121/35/3
f 77/21/3 79/23/3 121/35/3
s 0
f 123/35/4 80/23/4 124/36/4
f 80/23/4 82/25/4 124/36/4
s 1
f 126/36/5 83/25/5 127/37/5
f 83/25/5 85/27/5 127/37/5
s 0
f 129/37/7 86/27/7 130/38/7
f 86/27/7 88/29/7 130/38/7
f 89/29/4 92/27/4 133/38/4
f 133/38/4 92/27/4 134/37/4
s 1
f 93/27/15 95/25/8 136/37/8
f 136/37/8 95/25/8 137/36/8
s 0
f 96/25/7 98/23/7 139/36/7
f 139/36/7 98/23/7 140/35/7
s 1
f 99/23/10 102/21/16 142/35/16
f 142/35/16 102/21/16 143/34/10
s 0
f 103/20/11 107/17/11 146/33/11
f 146/33/11 107/17/11 148/32/11
f 108/17/11 109/31/11 147/32/11
f 153/39/17 150/32/17 158/40/17
f 150/32/17 110/31/17 158/40/17
f 111/31/17 113/32/17 157/40/17
f 157/40/17 113/32/17 162/39/17
f 161/39/17 114/32/17 163/41/17
f 114/32/17 118/33/17 163/41/17
f 166/42/18 119/34/18 169/43/18
f 119/34/19 122/35/19 169/43/19
f 169/43/17 122/35/17 172/44/17
f 122/35/17 125/36/17 172/44/17
f 172/44/17 125/36/17 175/45/17
f 125/36/17 128/37/17 175/45/17
f 128/37/17 131/38/17 175/45/17
f 175/45/17 131/38/17 179/46/17
f 178/46/17 132/38/17 182/45/17
f 132/38/17 135/37/17 182/45/17
f 135/37/19 138/36/19 182/45/19
f 182/45/18 138/36/18 185/44/18
f 138/36/17 141/35/17 185/44/17
f 185/44/17 141/35/17 188/43/17
f 141/35/17 144/34/17 188/43/17
f 188/43/17 144/34/17 189/42/17
f 145/33/18 149/32/18 192/41/18
f 149/32/17 154/39/17 192/41/17
s 1
f 191/41/20 151/39/20 196/47/21
f 196/47/21 151/39/20 200/48/21
f 199/48/20 152/39/20 201/49/20
f 152/39/20 155/40/20 201/49/20
f 156/40/22 159/39/22 204/49/23
f 204/49/23 159/39/22 208/48/22
f 207/48/23 160/39/22 209/47/22
f 160/39/22 164/41/22 209/47/22
f 212/50/24 165/42/25 213/51/24
f 165/42/25 167/43/26 213/51/24
f 216/51/27 168/43/28 217/52/29
f 168/43/28 170/44/28 217/52/29
f 220/52/30 171/44/31 221/53/30
f 171/44/31 173/45/30 221/53/30
f 174/45/32 176/46/32 224/53/32
f 224/53/32 176/46/32 225/54/32
f 228/54/27 177/46/27 229/53/29
f 177/46/27 180/45/28 229/53/29
f 181/45/30 183/44/30 232/53/30
f 232/53/30 183/44/30 233/52/30
f 184/44/33 186/43/32 236/52/32
f 236/52/32 186/43/32 238/51/32
f 187/43/34 190/42/34 237/51/35
f 190/42/34 193/50/35 237/51/35
f 240/51/36 194/50/37 241/55/36
f 243/56/38 195/47/38 247/57/38
f 195/47/38 197/48/38 247/57/38
f 198/48/38 202/49/38 246/57/38
f 246/57/38 202/49/38 251/58/38
f 250/58/39 203/49/39 255/57/40
f 203/49/39 205/48/40 255/57/40
f 206/48/40 210/47/39 254/57/41
f 254/57/41 210/47/39 256/56/39
f 211/50/42 214/51/43 258/55/43
f 258/55/43 214/51/43 261/59/44
f 215/51/45 218/52/45 260/59/45
f 260/59/45 218/52/45 264/60/45
f 219/52/46 222/53/47 263/60/47
f 263/60/47 222/53/47 267/61/48
f 266/61/49 223/53/49 271/62/49
f 223/53/49 226/54/49 271/62/49
f 227/54/45 230/53/45 270/62/45
f 270/62/45 230/53/45 274/61/45
f 273/61/47 231/53/50 277/60/47
f 231/53/50 234/52/51 277/60/47
f 276/60/49 235/52/49 279/59/52
f 235/52/49 239/51/52 279/59/52
f 240/51/36 241/55/36 278/59/53
f 280/63/54 242/64/55 283/65/56
f 242/64/55 244/66/57 283/65/56
f 283/65/56 244/66/57 287/67/57
f 286/67/57 245/66/57 288/68/57
f 245/66/57 248/69/57 288/68/57
f 249/69/58 252/66/58 291/68/58
f 291/68/58 252/66/58 295/67/58
f 294/67/58 253/66/58 298/65/59
f 253/66/58 257/64/60 298/65/59
f 257/64/60 259/63/61 298/65/59
f 298/65/59 259/63/61 301/70/62
f 259/63/61 262/71/63 301/70/62
f 301/70/62 262/71/63 304/72/64
f 262/71/63 265/73/65 304/72/64
f 304/72/64 265/73/65 307/74/66
f 265/73/65 268/75/67 307/74/66
f 307/74/66 268/75/67 308/76/67
f 311/76/68 269/75/68 314/74/69
f 269/75/68 272/73/70 314/74/69
f 314/74/69 272/73/70 317/72/66
f 272/73/70 275/71/71 317/72/66
f 317/72/66 275/71/71 318/70/72
f 275/71/71 280/63/54 318/70/72
f 280/63/54 283/65/56 318/70/72
f 320/70/73 281/65/73 324/77/74
f 324/77/74 281/65/73 325/78/75
s 0
f 282/65/11 284/67/11 328/78/11
f 328/78/11 284/67/11 332/79/11
f 285/67/11 289/68/11 331/79/11
f 331/79/11 289/68/11 333/80/11
f 336/80/1 290/68/1 340/79/1
f 290/68/1 292/67/1 340/79/1
f 339/79/1 293/67/1 341/78/1
f 293/67/1 296/65/1 341/78/1
s 1
f 344/78/3 297/65/76 345/77/3
f 297/65/76 299/70/76 345/77/3
s 0
f 348/77/4 300/70/4 349/81/4
f 300/70/4 302/72/4 349/81/4
s 1
f 352/81/8 303/72/77 353/82/8
f 303/72/77 305/74/78 353/82/8
s 0
f 356/82/7 306/74/7 357/83/7
f 306/74/7 309/76/7 357/83/7
f 310/76/4 312/74/4 360/83/4
f 360/83/4 312/74/4 361/82/4
s 1
f 313/74/8 315/72/8 364/82/5
f 364/82/5 315/72/8 366/81/5
s 0
f 316/72/7 319/70/7 365/81/7
f 319/70/7 321/77/7 365/81/7
s 1
f 368/81/79 322/77/79 372/84/79
f 323/77/80 326/78/80 371/84/81
f 371/84/81 326/78/80 376/85/81
f 375/85/82 327/78/82 380/86/82
f 327/78/82 329/79/82 380/86/82
f 330/79/82 334/80/83 379/86/82
f 379/86/82 334/80/83 384/87/82
f 383/87/84 335/80/84 388/86/84
f 335/80/84 337/79/84 388/86/84
f 338/79/85 342/78/84 387/86/85
f 387/86/85 342/78/84 392/85/84
f 391/85/86 343/78/87 396/84/86
f 343/78/87 346/77/88 396/84/86
f 347/77/89 350/81/90 395/84/89
f 395/84/89 350/81/90 400/88/90
f 399/88/91 351/81/91 404/89/92
f 351/81/91 354/82/91 404/89/92
f 403/89/79 355/82/79 408/90/79
f 355/82/79 358/83/79 408/90/79
f 359/83/89 362/82/90 407/90/89
f 407/90/89 362/82/90 412/89/90
f 363/82/93 367/81/92 411/89/94
f 411/89/94 367/81/92 414/88/95
f 368/81/79 372/84/79 413/88/79
f 416/91/96 369/92/97 417/93/96
f 370/92/98 373/94/99 420/93/100
f 420/93/100 373/94/99 421/95/101
f 374/96/102 377/97/102 424/98/102
f 377/97/102 428/99/102 424/98/102
f 423/98/103 425/99/103 429/100/104
f 430/100/104 426/99/103 432/101/103
f 427/99/102 378/97/102 431/101/102
f 378/97/102 381/102/102 431/101/102
f 382/102/105 385/97/105 434/101/105
f 434/101/105 385/97/105 438/99/105
f 437/99/105 386/97/105 439/98/105
f 386/97/105 389/96/105 439/98/105
f 442/95/106 390/94/107 443/93/106
f 390/94/107 393/92/107 443/93/106
f 394/92/108 397/91/109 446/93/108
f 446/93/108 397/91/109 447/103/109
f 450/103/110 398/91/111 451/104/110
f 398/91/111 401/105/111 451/104/110
f 402/106/97 405/107/97 454/108/97
f 454/108/97 405/107/97 455/109/97
f 458/109/109 406/107/109 459/108/109
f 406/107/109 409/106/109 459/108/109
f 410/105/111 415/91/111 462/104/111
f 462/104/111 415/91/111 464/103/111
f 416/91/96 417/93/96 463/103/96
f 466/103/112 418/93/112 467/110/113
f 419/93/114 422/95/115 468/110/116
f 468/110/116 422/95/115 469/111/116
f 423/98/103 429/100/104 470/112/117
f 470/112/117 429/100/104 471/113/118
f 472/113/119 430/100/104 473/114/120
f 430/100/104 432/101/103 473/114/120
f 474/114/121 433/101/122 475/100/123
f 433/101/122 435/99/122 475/100/123
f 436/99/122 440/98/122 476/100/123
f 476/100/123 440/98/122 477/112/124
f 478/111/125 441/95/126 479/110/125
f 441/95/126 444/93/127 479/110/125
f 445/93/128 448/103/128 480/110/129
f 480/110/129 448/103/128 481/115/130
f 482/115/131 449/103/132 483/116/133
f 449/103/132 452/104/132 483/116/133
f 484/117/113 453/108/112 485/118/134
f 453/108/112 456/109/112 485/118/134
f 457/109/135 460/108/135 486/118/136
f 486/118/136 460/108/135 487/117/129
f 461/104/137 465/103/132 488/116/138
f 488/116/138 465/103/132 489/115/138
f 466/103/112 467/110/113 490/115/113
f 490/115/113 467/110/113 491/119/139
f 468/110/116 469/111/116 492/119/140
f 492/119/140 469/111/116 493/120/140
f 470/112/117 471/113/118 494/121/141
f 498/122/142 494/121/141 502/123/142
f 494/121/141 471/113/118 502/123/142
f 501/123/142 472/113/119 503/124/141
f 472/113/119 473/114/120 503/124/141
f 504/124/143 474/114/121 505/113/144
f 474/114/121 475/100/123 505/113/144
f 476/100/123 477/112/124 506/113/145
f 506/113/145 477/112/124 507/121/143
f 508/120/146 478/111/125 509/119/146
f 478/111/125 479/110/125 509/119/146
f 480/110/129 481/115/130 510/119/147
f 510/119/147 481/115/130 511/125/147
f 512/125/148 482/115/131 513/126/148
f 482/115/131 483/116/133 513/126/148
f 514/127/139 484/117/113 515/128/149
f 484/117/113 485/118/134 515/128/149
f 486/118/136 487/117/129 516/128/150
f 516/128/150 487/117/129 517/127/147
f 488/116/138 489/115/138 518/126/148
f 518/126/148 489/115/138 519/125/151
f 490/115/113 491/119/139 520/125/139
f 520/125/139 491/119/139 522/129/152
f 492/119/140 493/120/140 521/129/153
f 493/120/140 495/130/153 521/129/153
f 524/129/154 496/130/154 528/131/154
f 528/131/154 496/130/154 529/132/154
s 0
f 497/122/11 499/123/11 532/133/11
f 532/133/11 499/123/11 536/134/11
f 535/134/11 500/123/11 538/135/11
s 1
f 501/123/142 503/124/141 537/135/142
f 540/135/155 504/124/143 544/123/155
f 504/124/143 505/113/144 544/123/155
f 506/113/145 507/121/143 543/123/155
f 543/123/155 507/121/143 545/122/155
f 552/131/156 547/130/156 554/129/156
f 548/130/157 508/120/146 553/129/157
f 508/120/146 509/119/146 553/129/157
f 510/119/147 511/125/147 556/129/158
f 556/129/158 511/125/147 557/136/158
f 560/136/159 512/125/148 561/137/159
f 512/125/148 513/126/148 561/137/159
f 564/138/152 514/127/139 565/139/152
f 514/127/139 515/128/149 565/139/152
f 516/128/150 517/127/147 568/139/158
f 568/139/158 517/127/147 569/138/158
f 518/126/148 519/125/151 572/137/160
f 572/137/160 519/125/151 574/136/161
f 520/125/139 522/129/152 573/136/152
s 0
f 576/136/7 523/129/7 577/140/7
f 523/129/7 525/131/7 577/140/7
s 1
f 580/140/162 526/131/162 582/141/162
f 527/131/163 530/132/163 581/141/163
f 586/142/164 584/141/164 589/143/164
f 581/141/163 530/132/163 588/143/163
f 591/144/165 531/133/165 595/145/165
f 531/133/165 533/134/165 595/145/165
f 599/146/165 594/145/165 601/147/165
f 594/145/165 534/134/165 601/147/165
s 0
f 535/134/11 538/135/11 600/147/11
f 603/147/1 539/135/1 607/134/1
f 539/135/1 541/123/1 607/134/1
f 606/134/1 542/123/1 608/133/1
f 542/123/1 546/122/1 608/133/1
s 1
f 547/130/156 552/131/156 611/132/156
f 610/132/166 549/131/166 612/141/166
f 615/141/167 550/131/167 617/140/167
s 0
f 551/131/4 555/129/4 616/140/4
f 555/129/4 558/136/4 616/140/4
s 1
f 619/140/168 559/136/168 620/148/168
f 559/136/168 562/137/168 620/148/168
s 0
f 623/149/7 563/138/7 624/150/7
f 563/138/7 566/139/7 624/150/7
f 567/139/4 570/138/4 627/150/4
f 627/150/4 570/138/4 628/149/4
s 1
f 571/137/168 575/136/168 631/148/168
f 575/136/168 578/140/168 631/148/168
f 630/148/169 579/140/169 635/151/169
f 635/151/169 579/140/169 637/152/169
f 580/140/162 582/141/162 636/152/162
f 583/141/170 587/142/170 639/152/170
f 639/152/170 587/142/170 640/153/170
s 0
f 642/154/17 585/155/17 644/156/17
s 1
f 586/142/164 589/143/164 643/157/171
f 590/144/172 592/145/172 645/158/172
f 645/158/172 592/145/172 649/159/172
f 648/159/172 593/145/172 653/160/172
f 593/145/172 596/146/172 653/160/172
f 652/160/173 597/146/173 654/145/173
f 598/146/174 602/147/174 657/145/174
f 602/147/174 604/134/174 657/145/174
f 605/134/174 609/133/174 656/145/174
f 656/145/174 609/133/174 658/144/174
f 610/132/166 612/141/166 661/143/175
f 660/143/176 613/141/176 664/142/177
f 663/142/178 614/141/178 666/152/178
f 615/141/167 617/140/167 665/152/167
f 668/152/179 618/140/169 669/151/169
f 618/140/169 621/148/180 669/151/169
f 672/161/162 622/149/162 674/162/162
f 622/149/162 625/150/162 674/162/162
f 626/150/167 629/149/167 673/162/167
f 629/149/167 632/161/167 673/162/167
f 676/162/178 633/161/178 678/163/178
f 634/151/181 638/152/181 677/164/181
f 638/152/181 641/153/181 677/164/181
s 0
f 679/165/18 642/154/18 681/166/18
f 642/154/17 644/156/17 681/166/17
f 644/156/17 646/167/17 681/166/17
f 647/167/17 650/168/17 680/166/17
f 683/166/17 651/168/17 684/167/17
s 1
f 652/160/173 654/145/173 687/159/173
f 686/159/173 655/145/173 689/158/173
f 655/145/173 659/144/173 689/158/173
f 660/143/176 664/142/177 688/157/182
s 0
f 690/156/17 662/155/17 691/154/17
s 1
f 663/142/178 666/152/178 693/153/178
f 692/153/181 667/152/181 694/164/181
f 667/152/181 670/151/183 694/164/181
f 671/161/170 675/162/170 696/163/170
f 696/163/170 675/162/170 698/169/170
f 676/162/178 678/163/178 697/169/178
s 0
f 679/165/17 681/166/17 700/170/17
f 682/166/17 685/167/17 699/170/17
f 685/167/17 690/156/17 699/170/17
f 690/156/17 691/154/17 699/170/17
s 1
f 702/171/16 703/172/16 707/173/10
s 0
f 706/173/11 704/172/11 708/174/11
f 704/172/11 711/175/11 708/174/11
s 1
f 710/176/184 712/177/185 715/178/184
f 712/177/185 716/179/185 715/178/184
s 0
f 714/178/1 717/179/1 720/11/1
f 717/179/1 721/10/1 720/11/1
s 1
f 719/11/3 722/10/76 725/9/3
f 722/10/76 726/8/76 725/9/3
s 0
f 724/9/4 727/8/4 730/7/4
f 727/8/4 731/6/4 730/7/4
s 1
f 729/7/186 732/6/187 736/5/186
f 732/6/187 737/4/188 736/5/186
s 0
f 735/5/7 738/4/7 740/180/7
f 738/4/7 701/171/7 740/180/7
s 1
f 702/171/16 707/173/10 739/180/10
s 0
f 741/181/12 705/182/12 744/183/12
f 744/183/12 705/182/12 747/184/12
f 705/182/13 709/185/13 747/184/13
f 747/184/12 709/185/12 750/186/12
f 709/185/12 713/187/12 750/186/12
f 750/186/12 713/187/12 753/188/12
f 713/187/12 718/28/12 753/188/12
f 753/188/12 718/28/12 756/27/12
f 718/28/12 723/26/12 756/27/12
f 756/27/12 723/26/12 759/25/12
f 723/26/189 728/24/189 759/25/189
f 759/25/12 728/24/12 762/23/12
f 728/24/12 733/22/12 762/23/12
f 762/23/12 733/22/12 763/21/12
f 734/19/12 741/181/12 766/20/12
f 741/181/12 744/183/12 766/20/12
f 765/20/7 742/183/7 770/33/7
f 770/33/7 742/183/7 771/189/7
s 1
f 743/183/10 745/184/10 773/189/10
f 773/189/10 745/184/10 774/190/10
s 0
f 746/184/11 748/186/11 776/190/11
f 776/190/11 748/186/11 777/191/11
s 1
f 749/186/185 751/188/185 779/191/185
f 779/191/185 751/188/185 780/192/185
s 0
f 752/188/1 754/27/1 782/192/1
f 782/192/1 754/27/1 783/37/1
s 1
f 755/27/3 757/25/3 785/37/3
f 785/37/3 757/25/3 786/36/3
s 0
f 758/25/4 760/23/4 788/36/4
f 788/36/4 760/23/4 790/35/4
s 1
f 761/23/5 764/21/5 789/35/5
f 764/21/5 767/34/5 789/35/5
s 0
f 791/35/19 768/34/19 794/43/19
f 794/43/18 768/34/18 795/42/18
f 769/33/17 772/189/17 798/41/17
f 798/41/17 772/189/17 801/193/17
f 772/189/17 775/190/17 801/193/17
f 801/193/17 775/190/17 804/194/17
f 775/190/17 778/191/17 804/194/17
f 804/194/17 778/191/17 807/195/17
f 778/191/18 781/192/18 807/195/18
f 807/195/19 781/192/19 810/196/19
f 781/192/17 784/37/17 810/196/17
f 810/196/17 784/37/17 813/45/17
f 784/37/17 787/36/17 813/45/17
f 813/45/17 787/36/17 814/44/17
f 787/36/17 791/35/17 814/44/17
f 791/35/17 794/43/17 814/44/17
s 1
f 816/44/27 792/43/27 820/52/27
f 820/52/27 792/43/27 821/51/28
f 793/43/30 796/42/30 824/51/190
f 824/51/190 796/42/30 825/50/190
f 797/41/32 799/193/33 828/47/32
f 828/47/32 799/193/33 829/197/191
f 800/193/192 802/194/192 832/197/35
f 832/197/35 802/194/192 833/198/35
f 803/194/20 805/195/20 836/198/20
f 836/198/20 805/195/20 837/199/20
f 806/195/193 808/196/193 840/199/194
f 840/199/194 808/196/193 841/200/194
f 809/196/23 811/45/22 844/200/23
f 844/200/23 811/45/22 846/53/22
f 812/45/26 815/44/26 845/53/24
f 815/44/26 817/52/25 845/53/24
f 848/53/42 818/52/195 851/60/42
f 850/60/45 819/52/45 854/59/45
f 819/52/45 822/51/45 854/59/45
f 853/59/50 823/51/50 855/55/50
f 823/51/50 826/50/47 855/55/50
f 857/56/49 827/47/49 860/201/49
f 827/47/49 830/197/49 860/201/49
f 859/201/196 831/197/36 863/202/36
f 831/197/36 834/198/197 863/202/36
f 862/202/198 835/198/198 867/203/38
f 835/198/198 838/199/38 867/203/38
f 866/203/199 839/199/200 870/204/200
f 839/199/200 842/200/201 870/204/200
f 869/204/39 843/200/39 872/61/39
f 843/200/39 847/53/39 872/61/39
f 848/53/42 851/60/42 871/61/202
f 873/73/60 849/71/203 876/72/62
f 876/72/62 849/71/203 879/70/64
f 849/71/203 852/63/204 879/70/64
f 879/70/64 852/63/204 882/65/66
f 852/63/204 856/64/205 882/65/66
f 882/65/66 856/64/205 885/205/206
f 856/64/205 858/206/54 885/205/206
f 885/205/206 858/206/54 888/207/56
f 858/206/54 861/208/55 888/207/56
f 888/207/56 861/208/55 889/209/207
f 861/208/55 864/210/208 889/209/207
f 892/211/209 865/212/210 895/213/211
f 865/212/210 868/214/212 895/213/211
f 895/213/211 868/214/212 896/74/213
f 868/214/212 873/73/60 896/74/213
f 873/73/60 876/72/62 896/74/213
f 898/74/76 874/72/76 902/82/3
f 902/82/3 874/72/76 903/81/3
s 0
f 875/72/4 877/70/4 906/81/4
f 906/81/4 877/70/4 907/77/4
s 1
f 878/70/15 880/65/5 910/77/5
f 910/77/5 880/65/5 911/78/5
s 0
f 881/65/7 883/205/7 914/78/7
f 914/78/7 883/205/7 915/215/7
s 1
f 884/205/74 886/207/74 918/215/214
f 918/215/214 886/207/74 919/216/214
s 0
f 887/207/11 890/209/11 922/216/11
f 922/216/11 890/209/11 923/217/11
s 1
f 891/211/215 893/213/215 926/218/216
f 926/218/216 893/213/215 928/219/216
s 0
f 894/213/1 897/74/1 927/219/1
f 897/74/1 899/82/1 927/219/1
s 1
f 930/219/84 900/82/84 934/89/84
f 901/82/217 904/81/217 933/89/88
f 933/89/88 904/81/217 938/88/87
f 937/88/218 905/81/218 942/84/89
f 905/81/218 908/77/89 942/84/89
f 909/77/92 912/78/92 941/84/219
f 941/84/219 912/78/92 946/85/219
f 945/85/79 913/78/79 950/220/79
f 913/78/79 916/215/79 950/220/79
f 917/215/80 920/216/80 949/220/220
f 949/220/220 920/216/80 954/221/220
f 953/221/83 921/216/83 955/222/82
f 921/216/83 924/217/82 955/222/82
f 925/218/221 929/219/222 958/223/223
f 958/223/223 929/219/222 960/224/223
f 930/219/84 934/89/84 959/224/84
f 962/225/105 931/106/105 963/108/105
f 932/105/107 935/91/107 966/104/107
f 966/104/107 935/91/107 967/103/107
f 970/103/109 936/91/109 971/93/108
f 936/91/109 939/92/108 971/93/108
f 940/92/111 943/94/111 974/93/111
f 974/93/111 943/94/111 975/95/111
f 978/98/97 944/96/97 979/226/97
f 944/96/97 947/227/97 979/226/97
f 948/227/101 951/228/101 982/226/100
f 982/226/100 951/228/101 983/229/224
f 986/230/225 952/231/225 987/232/226
f 952/231/225 956/233/226 987/232/226
f 957/234/227 961/225/227 990/235/227
f 990/235/227 961/225/227 992/236/227
f 962/225/105 963/108/105 991/236/105
f 994/236/122 964/108/122 995/117/121
f 965/104/127 968/103/228 996/116/229
f 996/116/229 968/103/228 997/115/125
f 998/115/130 969/103/128 999/110/129
f 969/103/128 972/93/128 999/110/129
f 973/93/132 976/95/230 1000/110/131
f 1000/110/131 976/95/230 1001/111/131
f 1002/112/113 977/98/112 1003/237/113
f 977/98/112 980/226/231 1003/237/113
f 981/226/232 984/229/233 1004/237/234
f 1004/237/234 984/229/233 1005/238/234
f 1006/239/117 985/230/235 1007/240/117
f 985/230/235 988/232/103 1007/240/117
f 989/235/236 993/236/236 1008/241/237
f 1008/241/237 993/236/236 1009/242/237
f 994/236/122 995/117/121 1010/242/121
f 1010/242/121 995/117/121 1011/127/143
f 996/116/229 997/115/125 1012/126/146
f 1012/126/146 997/115/125 1013/125/146
f 1014/125/147 998/115/130 1015/119/147
f 998/115/130 999/110/129 1015/119/147
f 1000/110/131 1001/111/131 1016/119/148
f 1016/119/148 1001/111/131 1017/120/148
f 1018/121/139 1002/112/113 1019/243/139
f 1002/112/113 1003/237/113 1019/243/139
f 1004/237/234 1005/238/234 1020/243/238
f 1020/243/238 1005/238/234 1021/244/140
f 1022/245/141 1006/239/117 1023/246/141
f 1006/239/117 1007/240/117 1023/246/141
f 1008/241/237 1009/242/237 1024/247/239
f 1024/247/239 1009/242/237 1025/248/240
f 1010/242/121 1011/127/143 1026/248/143
f 1030/249/155 1026/248/143 1031/138/155
f 1026/248/143 1011/127/143 1031/138/155
f 1012/126/146 1013/125/146 1034/137/241
f 1038/148/156 1033/137/156 1040/136/156
f 1034/137/241 1013/125/146 1039/136/242
f 1042/136/158 1014/125/147 1044/129/158
f 1014/125/147 1015/119/147 1044/129/158
f 1016/119/148 1017/120/148 1043/129/161
f 1050/131/168 1046/129/168 1052/130/168
f 1043/129/161 1017/120/148 1051/130/243
f 1054/122/152 1018/121/139 1055/250/152
f 1018/121/139 1019/243/139 1055/250/152
f 1020/243/238 1021/244/140 1058/250/153
f 1058/250/153 1021/244/140 1059/251/153
f 1062/252/142 1022/245/141 1063/253/142
f 1022/245/141 1023/246/141 1063/253/142
f 1024/247/239 1025/248/240 1066/254/244
f 1025/248/240 1027/249/244 1066/254/244
f 1065/254/245 1028/249/246 1070/255/246
f 1070/255/246 1028/249/246 1072/256/246
s 0
f 1029/249/1 1032/138/1 1071/256/1
f 1032/138/1 1035/149/1 1071/256/1
s 1
f 1074/256/174 1036/149/174 1075/161/174
f 1078/151/166 1037/148/166 1081/140/175
f 1038/148/156 1040/136/156 1080/140/156
s 0
f 1041/136/4 1045/129/4 1079/140/4
f 1045/129/4 1047/131/4 1079/140/4
s 1
f 1082/140/167 1048/131/167 1083/141/167
f 1086/141/169 1049/131/169 1088/132/169
f 1050/131/168 1052/130/168 1087/132/168
s 0
f 1053/122/7 1056/250/7 1090/133/7
f 1090/133/7 1056/250/7 1091/257/7
s 1
f 1057/250/247 1060/251/247 1094/257/154
f 1094/257/154 1060/251/247 1095/258/154
s 0
f 1061/252/11 1064/253/11 1098/259/11
f 1064/253/11 1067/260/11 1098/259/11
s 1
f 1097/259/165 1068/260/248 1099/261/248
f 1069/255/249 1073/256/250 1102/262/250
f 1102/262/250 1073/256/250 1104/263/250
f 1074/256/174 1075/161/174 1103/263/174
f 1106/263/173 1076/161/173 1107/163/173
f 1109/164/182 1077/151/176 1112/152/251
f 1078/151/166 1081/140/175 1111/152/166
f 1082/140/167 1083/141/167 1110/152/167
f 1113/152/178 1084/141/178 1116/142/178
f 1115/142/181 1085/141/181 1118/143/181
f 1086/141/169 1088/132/169 1117/143/169
f 1120/144/162 1089/133/162 1121/264/162
f 1089/133/162 1092/257/162 1121/264/162
f 1093/257/163 1096/258/163 1124/264/163
f 1124/264/163 1096/258/163 1125/265/163
f 1097/259/165 1099/261/248 1128/266/165
f 1127/266/172 1100/261/172 1129/267/172
f 1101/262/252 1105/263/253 1131/268/253
f 1131/268/253 1105/263/253 1133/269/254
f 1106/263/173 1107/163/173 1132/269/173
s 0
f 1134/270/17 1108/165/17 1137/154/17
s 1
f 1109/164/182 1112/152/251 1136/153/177
f 1113/152/178 1116/142/178 1135/153/178
s 0
f 1137/154/17 1114/155/17 1139/156/17
s 1
f 1115/142/181 1118/143/181 1138/157/181
f 1140/158/255 1119/144/170 1143/271/170
f 1119/144/170 1122/264/170 1143/271/170
f 1123/264/164 1126/265/164 1142/271/171
f 1142/271/171 1126/265/164 1145/272/171
f 1127/266/172 1129/267/172 1144/273/172
s 0
f 1130/274/17 1134/270/17 1146/275/17
f 1134/270/17 1137/154/17 1146/275/17
f 1137/154/17 1139/156/17 1146/275/17
s 1
f 1148/171/3 1149/172/3 1153/173/3
s 0
f 1152/173/4 1150/172/4 1154/174/4
f 1150/172/4 1157/175/4 1154/174/4
s 1
f 1156/176/5 1158/177/5 1161/178/15
f 1158/177/5 1162/179/5 1161/178/15
s 0
f 1160/178/7 1163/179/7 1166/11/7
f 1163/179/7 1167/10/7 1166/11/7
s 1
f 1165/11/10 1168/10/10 1171/9/10
f 1168/10/10 1172/8/10 1171/9/10
s 0
f 1170/9/11 1173/8/11 1176/7/11
f 1173/8/11 1177/6/11 1176/7/11
s 1
f 1175/7/185 1178/6/185 1182/5/256
f 1178/6/185 1183/4/185 1182/5/256
s 0
f 1181/5/1 1184/4/1 1186/180/1
f 1184/4/1 1147/171/1 1186/180/1
s 1
f 1148/171/3 1153/173/3 1185/180/3
s 0
f 1187/181/12 1151/182/12 1190/183/12
f 1190/183/12 1151/182/12 1193/184/12
f 1151/182/189 1155/185/189 1193/184/189
f 1193/184/12 1155/185/12 1196/186/12
f 1155/185/12 1159/187/12 1196/186/12
f 1196/186/12 1159/187/12 1199/188/12
f 1159/187/12 1164/28/12 1199/188/12
f 1199/188/12 1164/28/12 1202/27/12
f 1164/28/12 1169/26/12 1202/27/12
f 1202/27/12 1169/26/12 1205/25/12
f 1169/26/13 1174/24/13 1205/25/13
f 1205/25/12 1174/24/12 1208/23/12
f 1174/24/12 1179/22/12 1208/23/12
f 1208/23/12 1179/22/12 1209/21/12
f 1180/19/12 1187/181/12 1212/20/12
f 1187/181/12 1190/183/12 1212/20/12
f 1211/20/1 1188/183/1 1216/33/1
f 1216/33/1 1188/183/1 1217/189/1
s 1
f 1189/183/257 1191/184/257 1219/189/257
f 1219/189/257 1191/184/257 1220/190/257
s 0
f 1192/184/4 1194/186/4 1222/190/4
f 1222/190/4 1194/186/4 1223/191/4
s 1
f 1195/186/8 1197/188/8 1225/191/8
f 1225/191/8 1197/188/8 1226/192/5
s 0
f 1198/188/7 1200/27/7 1228/192/7
f 1228/192/7 1200/27/7 1229/37/7
s 1
f 1201/27/10 1203/25/10 1231/37/10
f 1231/37/10 1203/25/10 1232/36/10
s 0
f 1204/25/11 1206/23/11 1234/36/11
f 1234/36/11 1206/23/11 1236/35/11
s 1
f 1207/23/185 1210/21/185 1235/35/185
f 1210/21/185 1213/34/185 1235/35/185
s 0
f 1237/35/18 1214/34/18 1240/43/18
f 1240/43/19 1214/34/19 1241/42/19
f 1215/33/17 1218/189/17 1244/41/17
f 1244/41/17 1218/189/17 1247/193/17
f 1218/189/17 1221/190/17 1247/193/17
f 1247/193/17 1221/190/17 1250/194/17
f 1221/190/17 1224/191/17 1250/194/17
f 1250/194/17 1224/191/17 1253/195/17
f 1224/191/19 1227/192/19 1253/195/19
f 1253/195/18 1227/192/18 1256/196/18
f 1227/192/17 1230/37/17 1256/196/17
f 1256/196/17 1230/37/17 1259/45/17
f 1230/37/17 1233/36/17 1259/45/17
f 1259/45/17 1233/36/17 1260/44/17
f 1233/36/17 1237/35/17 1260/44/17
f 1237/35/17 1240/43/17 1260/44/17
s 1
f 1262/44/20 1238/43/20 1266/52/20
f 1266/52/20 1238/43/20 1267/51/21
f 1239/43/193 1242/42/193 1270/51/258
f 1270/51/258 1242/42/193 1271/50/258
f 1243/41/22 1245/193/22 1274/47/22
f 1274/47/22 1245/193/22 1275/197/22
f 1246/193/26 1248/194/26 1278/197/24
f 1278/197/24 1248/194/26 1279/198/24
f 1249/194/27 1251/195/27 1282/198/27
f 1282/198/27 1251/195/27 1283/199/28
f 1252/195/30 1254/196/30 1286/199/31
f 1286/199/31 1254/196/30 1287/200/31
f 1255/196/32 1257/45/32 1290/200/32
f 1290/200/32 1257/45/32 1292/53/191
f 1258/45/192 1261/44/259 1291/53/259
f 1261/44/259 1263/52/35 1291/53/259
f 1294/53/196 1264/52/196 1297/60/196
f 1296/60/38 1265/52/38 1300/59/38
f 1265/52/38 1268/51/38 1300/59/38
f 1299/59/200 1269/51/200 1301/55/201
f 1269/51/200 1272/50/201 1301/55/201
f 1303/56/39 1273/47/39 1306/201/41
f 1273/47/39 1276/197/40 1306/201/41
f 1305/201/260 1277/197/43 1309/202/43
f 1277/197/43 1280/198/43 1309/202/43
f 1308/202/45 1281/198/45 1313/203/45
f 1281/198/45 1284/199/45 1313/203/45
f 1312/203/47 1285/199/47 1316/204/47
f 1285/199/47 1288/200/47 1316/204/47
f 1315/204/49 1289/200/49 1318/61/49
f 1289/200/49 1293/53/49 1318/61/49
f 1294/53/196 1297/60/196 1317/61/196
f 1319/73/54 1295/71/55 1322/72/261
f 1322/72/261 1295/71/55 1325/70/262
f 1295/71/55 1298/63/210 1325/70/262
f 1325/70/262 1298/63/210 1328/65/211
f 1298/63/210 1302/64/263 1328/65/211
f 1328/65/211 1302/64/263 1331/205/264
f 1302/64/263 1304/206/60 1331/205/264
f 1331/205/264 1304/206/60 1334/207/62
f 1304/206/60 1307/208/61 1334/207/62
f 1334/207/62 1307/208/61 1335/209/64
f 1307/208/61 1310/210/265 1335/209/64
f 1338/211/69 1311/212/204 1341/213/66
f 1311/212/204 1314/214/205 1341/213/66
f 1341/213/66 1314/214/205 1342/74/72
f 1314/214/205 1319/73/54 1342/74/72
f 1319/73/54 1322/72/261 1342/74/72
f 1344/74/214 1320/72/214 1348/82/214
f 1348/82/214 1320/72/214 1349/81/214
s 0
f 1321/72/11 1323/70/11 1352/81/11
f 1352/81/11 1323/70/11 1353/77/11
s 1
f 1324/70/215 1326/65/215 1356/77/215
f 1356/77/215 1326/65/215 1357/78/215
s 0
f 1327/65/1 1329/205/1 1360/78/1
f 1360/78/1 1329/205/1 1361/215/1
s 1
f 1330/205/266 1332/207/3 1364/215/3
f 1364/215/3 1332/207/3 1365/216/3
s 0
f 1333/207/4 1336/209/4 1368/216/4
f 1368/216/4 1336/209/4 1369/217/4
s 1
f 1337/211/5 1339/213/5 1372/218/5
f 1372/218/5 1339/213/5 1374/219/267
s 0
f 1340/213/7 1343/74/7 1373/219/7
f 1343/74/7 1345/82/7 1373/219/7
s 1
f 1376/219/79 1346/82/79 1380/89/79
f 1347/82/80 1350/81/80 1379/89/268
f 1379/89/268 1350/81/80 1384/88/268
f 1383/88/269 1351/81/269 1388/84/82
f 1351/81/269 1354/77/82 1388/84/82
f 1355/77/222 1358/78/222 1387/84/270
f 1387/84/270 1358/78/222 1392/85/270
f 1391/85/84 1359/78/84 1396/220/84
f 1359/78/84 1362/215/84 1396/220/84
f 1363/215/271 1366/216/217 1395/220/87
f 1395/220/87 1366/216/217 1400/221/87
f 1399/221/90 1367/216/90 1401/222/89
f 1367/216/90 1370/217/89 1401/222/89
f 1371/218/91 1375/219/92 1404/223/219
f 1404/223/219 1375/219/92 1406/224/219
f 1376/219/79 1380/89/79 1405/224/272
f 1408/225/97 1377/106/97 1409/108/97
f 1378/105/100 1381/91/100 1412/104/100
f 1412/104/100 1381/91/100 1413/103/100
f 1416/103/225 1382/91/225 1417/93/226
f 1382/91/225 1385/92/226 1417/93/226
f 1386/92/227 1389/94/227 1420/93/227
f 1420/93/227 1389/94/227 1421/95/227
f 1424/98/273 1390/96/273 1425/226/105
f 1390/96/273 1393/227/105 1425/226/105
f 1394/227/107 1397/228/107 1428/226/107
f 1428/226/107 1397/228/107 1429/229/107
f 1432/230/109 1398/231/109 1433/232/108
f 1398/231/109 1402/233/108 1433/232/108
f 1403/234/111 1407/225/111 1436/235/111
f 1436/235/111 1407/225/111 1438/236/111
f 1408/225/97 1409/108/97 1437/236/97
f 1440/236/112 1410/108/112 1441/117/113
f 1411/104/233 1414/103/233 1442/116/234
f 1442/116/234 1414/103/233 1443/115/234
f 1444/115/117 1415/103/235 1445/110/117
f 1415/103/235 1418/93/235 1445/110/117
f 1419/93/236 1422/95/236 1446/110/237
f 1446/110/237 1422/95/236 1447/111/237
f 1448/112/121 1423/98/122 1449/237/124
f 1423/98/122 1426/226/122 1449/237/124
f 1427/226/127 1430/229/126 1450/237/125
f 1450/237/125 1430/229/126 1451/238/125
f 1452/239/130 1431/230/128 1453/240/130
f 1431/230/128 1434/232/128 1453/240/130
f 1435/235/132 1439/236/132 1454/241/274
f 1454/241/274 1439/236/132 1455/242/274
f 1440/236/112 1441/117/113 1456/242/113
f 1456/242/113 1441/117/113 1457/127/139
f 1442/116/234 1443/115/234 1458/126/238
f 1458/126/238 1443/115/234 1459/125/275
f 1460/125/141 1444/115/117 1461/119/141
f 1444/115/117 1445/110/117 1461/119/141
f 1446/110/237 1447/111/237 1462/119/276
f 1462/119/276 1447/111/237 1463/120/276
f 1464/121/143 1448/112/121 1465/243/143
f 1448/112/121 1449/237/124 1465/243/143
f 1450/237/125 1451/238/125 1466/243/277
f 1466/243/277 1451/238/125 1467/244/146
f 1468/245/147 1452/239/130 1469/246/147
f 1452/239/130 1453/240/130 1469/246/147
f 1454/241/274 1455/242/274 1470/247/278
f 1470/247/278 1455/242/274 1471/248/279
f 1456/242/113 1457/127/139 1472/248/139
f 1476/249/152 1472/248/139 1477/138/152
f 1472/248/139 1457/127/139 1477/138/152
f 1458/126/238 1459/125/275 1480/137/280
f 1484/148/154 1479/137/154 1486/136/154
f 1480/137/280 1459/125/275 1485/136/280
f 1488/136/142 1460/125/141 1490/129/142
f 1460/125/141 1461/119/141 1490/129/142
f 1462/119/276 1463/120/276 1489/129/281
f 1496/131/245 1492/129/245 1498/130/246
f 1489/129/281 1463/120/276 1497/130/281
f 1500/122/155 1464/121/143 1501/250/155
f 1464/121/143 1465/243/143 1501/250/155
f 1466/243/277 1467/244/146 1504/250/282
f 1504/250/282 1467/244/146 1505/251/282
f 1508/252/158 1468/245/147 1509/253/158
f 1468/245/147 1469/246/147 1509/253/158
f 1470/247/278 1471/248/279 1512/254/161
f 1471/248/279 1473/249/161 1512/254/161
f 1511/254/168 1474/249/283 1516/255/168
f 1516/255/168 1474/249/283 1518/256/284
s 0
f 1475/249/7 1478/138/7 1517/256/7
f 1478/138/7 1481/149/7 1517/256/7
s 1
f 1520/256/162 1482/149/162 1521/161/162
f 1524/151/163 1483/148/163 1527/140/163
f 1484/148/154 1486/136/154 1526/140/154
s 0
f 1487/136/11 1491/129/11 1525/140/11
f 1491/129/11 1493/131/11 1525/140/11
s 1
f 1528/140/165 1494/131/248 1529/141/165
f 1532/141/250 1495/131/250 1534/132/250
f 1496/131/245 1498/130/246 1533/132/246
s 0
f 1499/122/1 1502/250/1 1536/133/1
f 1536/133/1 1502/250/1 1537/257/1
s 1
f 1503/250/285 1506/251/156 1540/257/156
f 1540/257/156 1506/251/156 1541/258/286
s 0
f 1507/252/4 1510/253/4 1544/259/4
f 1510/253/4 1513/260/4 1544/259/4
s 1
f 1543/259/167 1514/260/167 1545/261/167
f 1515/255/169 1519/256/169 1548/262/287
f 1548/262/287 1519/256/169 1550/263/288
f 1520/256/162 1521/161/162 1549/263/162
f 1552/263/170 1522/161/255 1553/163/170
f 1555/164/171 1523/151/164 1558/152/171
f 1524/151/163 1527/140/163 1557/152/163
f 1528/140/165 1529/141/165 1556/152/165
f 1559/152/172 1530/141/172 1562/142/172
f 1561/142/254 1531/141/253 1564/143/253
f 1532/141/250 1534/132/250 1563/143/250
f 1566/144/174 1535/133/174 1567/264/174
f 1535/133/174 1538/257/174 1567/264/174
f 1539/257/175 1542/258/166 1570/264/166
f 1570/264/166 1542/258/166 1571/265/166
f 1543/259/167 1545/261/167 1574/266/167
f 1573/266/178 1546/261/178 1575/267/178
f 1547/262/181 1551/263/181 1577/268/181
f 1577/268/181 1551/263/181 1579/269/181
f 1552/263/170 1553/163/170 1578/269/170
s 0
f 1580/270/17 1554/165/17 1583/154/17
s 1
f 1555/164/171 1558/152/171 1582/153/171
f 1559/152/172 1562/142/172 1581/153/172
s 0
f 1583/154/17 1560/155/17 1585/156/17
s 1
f 1561/142/254 1564/143/253 1584/157/254
f 1586/158/173 1565/144/173 1589/271/173
f 1565/144/173 1568/264/173 1589/271/173
f 1569/264/182 1572/265/182 1588/271/176
f 1588/271/176 1572/265/182 1591/272/251
f 1573/266/178 1575/267/178 1590/273/178
s 0
f 1576/274/17 1580/270/17 1592/275/17
f 1580/270/17 1583/154/17 1592/275/17
f 1583/154/17 1585/156/17 1592/275/17
f 1594/171/1 1595/4/1 1598/180/1
f 1598/180/1 1595/4/1 1603/5/1
s 1
f 1596/4/289 1604/6/257 1602/5/257
f 1602/5/257 1604/6/257 1608/7/289
s 0
f 1605/6/4 1609/8/4 1607/7/4
f 1607/7/4 1609/8/4 1613/9/4
s 1
f 1610/8/188 1614/10/188 1612/9/187
f 1612/9/187 1614/10/188 1618/11/187
s 0
f 1615/10/7 1619/179/7 1617/11/7
f 1617/11/7 1619/179/7 1623/178/7
s 1
f 1620/179/16 1624/177/16 1622/178/10
f 1622/178/10 1624/177/16 1626/176/10
s 0
f 1625/175/11 1629/172/11 1628/174/11
f 1628/174/11 1629/172/11 1632/173/11
s 1
f 1630/172/184 1593/171/185 1631/173/185
f 1593/171/185 1599/180/184 1631/173/185
s 0
f 1633/182/12 1597/181/12 1636/183/12
f 1636/183/12 1597/181/12 1637/20/12
f 1597/181/12 1600/19/12 1637/20/12
f 1640/21/12 1601/22/12 1643/23/12
f 1601/22/12 1606/24/12 1643/23/12
f 1643/23/12 1606/24/12 1646/25/12
f 1606/24/12 1611/26/12 1646/25/12
f 1646/25/12 1611/26/12 1649/27/12
f 1611/26/13 1616/28/13 1649/27/13
f 1649/27/12 1616/28/12 1652/188/12
f 1616/28/12 1621/187/12 1652/188/12
f 1652/188/12 1621/187/12 1655/186/12
f 1621/187/12 1627/185/12 1655/186/12
f 1655/186/12 1627/185/12 1656/184/12
f 1627/185/12 1633/182/12 1656/184/12
f 1633/182/12 1636/183/12 1656/184/12
s 1
f 1658/184/185 1634/183/185 1659/189/185
s 0
f 1661/189/1 1635/183/1 1662/33/1
f 1635/183/1 1638/20/1 1662/33/1
s 1
f 1665/34/76 1639/21/3 1666/35/3
f 1639/21/3 1641/23/3 1666/35/3
s 0
f 1668/35/4 1642/23/4 1669/36/4
f 1642/23/4 1644/25/4 1669/36/4
s 1
f 1671/36/5 1645/25/5 1672/37/8
f 1645/25/5 1647/27/8 1672/37/8
s 0
f 1674/37/7 1648/27/7 1675/192/7
f 1648/27/7 1650/188/7 1675/192/7
s 1
f 1677/192/10 1651/188/10 1678/191/10
f 1651/188/10 1653/186/10 1678/191/10
s 0
f 1680/191/11 1654/186/11 1682/190/11
f 1654/186/11 1657/184/11 1682/190/11
s 1
f 1658/184/185 1659/189/185 1681/190/185
s 0
f 1683/190/17 1660/189/17 1686/193/17
f 1686/193/17 1660/189/17 1687/41/17
f 1660/189/17 1663/33/17 1687/41/17
f 1690/42/18 1664/34/18 1693/43/18
f 1664/34/19 1667/35/19 1693/43/19
f 1693/43/17 1667/35/17 1696/44/17
f 1667/35/17 1670/36/17 1696/44/17
f 1696/44/17 1670/36/17 1699/45/17
f 1670/36/17 1673/37/17 1699/45/17
f 1699/45/17 1673/37/17 1702/196/17
f 1673/37/17 1676/192/17 1702/196/17
f 1702/196/19 1676/192/19 1705/195/19
f 1676/192/18 1679/191/18 1705/195/18
f 1705/195/17 1679/191/17 1706/194/17
f 1679/191/17 1683/190/17 1706/194/17
f 1683/190/17 1686/193/17 1706/194/17
s 1
f 1708/194/258 1684/193/193 1709/197/258
f 1712/197/22 1685/193/23 1713/47/23
f 1685/193/23 1688/41/22 1713/47/23
f 1716/50/25 1689/42/25 1717/51/25
f 1689/42/25 1691/43/26 1717/51/25
f 1720/51/27 1692/43/27 1721/52/27
f 1692/43/27 1694/44/27 1721/52/27
f 1724/52/290 1695/44/291 1725/53/290
f 1695/44/291 1697/45/31 1725/53/290
f 1728/53/32 1698/45/32 1729/200/32
f 1698/45/32 1700/196/32 1729/200/32
f 1732/200/35 1701/196/35 1733/199/35
f 1701/196/35 1703/195/35 1733/199/35
f 1736/199/20 1704/195/20 1738/198/20
f 1704/195/20 1707/194/292 1738/198/20
f 1708/194/258 1709/197/258 1737/198/193
f 1740/198/293 1710/197/200 1742/202/200
f 1742/202/200 1710/197/200 1746/201/201
f 1711/197/40 1714/47/39 1745/201/40
f 1745/201/40 1714/47/39 1747/56/39
f 1715/50/42 1718/51/42 1749/55/42
f 1749/55/42 1718/51/42 1752/59/42
f 1719/51/45 1722/52/45 1751/59/45
f 1751/59/45 1722/52/45 1755/60/45
f 1723/52/51 1726/53/50 1754/60/47
f 1754/60/47 1726/53/50 1758/61/47
f 1727/53/49 1730/200/49 1757/61/49
f 1757/61/49 1730/200/49 1761/204/49
f 1731/200/36 1734/199/196 1760/204/36
f 1760/204/36 1734/199/196 1763/203/196
f 1735/199/38 1739/198/198 1762/203/38
f 1739/198/198 1743/202/198 1762/203/38
f 1765/210/294 1741/208/210 1769/209/261
f 1769/209/261 1741/208/210 1772/207/295
f 1741/208/210 1744/206/296 1772/207/295
f 1772/207/295 1744/206/296 1775/205/297
f 1744/206/296 1748/64/60 1775/205/297
f 1775/205/297 1748/64/60 1778/65/59
f 1748/64/60 1750/63/298 1778/65/59
f 1778/65/59 1750/63/298 1781/70/299
f 1750/63/298 1753/71/204 1781/70/299
f 1781/70/299 1753/71/204 1784/72/69
f 1753/71/204 1756/73/65 1784/72/69
f 1784/72/69 1756/73/65 1787/74/66
f 1756/73/65 1759/214/54 1787/74/66
f 1787/74/66 1759/214/54 1788/213/72
f 1759/214/54 1764/212/300 1788/213/72
f 1764/212/300 1766/211/56 1788/213/72
f 1790/213/214 1767/211/214 1791/218/214
s 0
f 1794/217/11 1768/209/11 1795/216/11
f 1768/209/11 1770/207/11 1795/216/11
s 1
f 1798/216/301 1771/207/302 1799/215/215
f 1771/207/302 1773/205/215 1799/215/215
s 0
f 1802/215/1 1774/205/1 1803/78/1
f 1774/205/1 1776/65/1 1803/78/1
s 1
f 1806/78/3 1777/65/3 1807/77/3
f 1777/65/3 1779/70/266 1807/77/3
s 0
f 1810/77/4 1780/70/4 1811/81/4
f 1780/70/4 1782/72/4 1811/81/4
s 1
f 1814/81/5 1783/72/5 1815/82/8
f 1783/72/5 1785/74/5 1815/82/8
s 0
f 1818/82/7 1786/74/7 1820/219/7
f 1786/74/7 1789/213/7 1820/219/7
s 1
f 1790/213/214 1791/218/214 1819/219/214
f 1822/219/220 1792/218/220 1823/223/303
f 1793/217/82 1796/216/83 1826/222/82
f 1826/222/82 1796/216/83 1830/221/83
f 1829/221/222 1797/216/270 1834/220/222
f 1797/216/270 1800/215/270 1834/220/222
f 1801/215/84 1804/78/84 1833/220/84
f 1833/220/84 1804/78/84 1838/85/84
f 1837/85/217 1805/78/87 1842/84/88
f 1805/78/87 1808/77/304 1842/84/88
f 1809/77/89 1812/81/90 1841/84/89
f 1841/84/89 1812/81/90 1846/88/90
f 1845/88/92 1813/81/91 1850/89/91
f 1813/81/91 1816/82/219 1850/89/91
f 1817/82/79 1821/219/79 1849/89/79
f 1849/89/79 1821/219/79 1852/224/79
f 1822/219/220 1823/223/303 1851/224/80
f 1854/225/100 1824/234/100 1855/235/100
f 1825/233/226 1827/231/225 1858/232/226
f 1858/232/226 1827/231/225 1859/230/225
f 1862/229/227 1828/228/227 1863/226/227
f 1828/228/227 1831/227/227 1863/226/227
f 1832/227/105 1835/96/105 1866/226/105
f 1866/226/105 1835/96/105 1867/98/105
f 1870/95/107 1836/94/107 1871/93/107
f 1836/94/107 1839/92/107 1871/93/107
f 1840/92/108 1843/91/109 1874/93/108
f 1874/93/108 1843/91/109 1875/103/109
f 1878/103/111 1844/91/111 1879/104/111
f 1844/91/111 1847/105/111 1879/104/111
f 1848/106/97 1853/225/97 1882/108/97
f 1882/108/97 1853/225/97 1884/236/97
f 1854/225/100 1855/235/100 1883/236/100
f 1886/236/232 1856/235/232 1887/241/234
f 1857/232/235 1860/230/235 1888/240/120
f 1888/240/120 1860/230/235 1889/239/120
f 1890/238/237 1861/229/236 1891/237/237
f 1861/229/236 1864/226/236 1891/237/237
f 1865/226/122 1868/98/122 1892/237/124
f 1892/237/124 1868/98/122 1893/112/121
f 1894/111/125 1869/95/127 1895/110/125
f 1869/95/127 1872/93/126 1895/110/125
f 1873/93/128 1876/103/128 1896/110/129
f 1896/110/129 1876/103/128 1897/115/130
f 1898/115/274 1877/103/137 1899/116/274
f 1877/103/137 1880/104/137 1899/116/274
f 1881/108/112 1885/236/112 1900/117/113
f 1900/117/113 1885/236/112 1901/242/113
f 1886/236/232 1887/241/234 1902/242/234
f 1902/242/234 1887/241/234 1903/247/305
f 1888/240/120 1889/239/120 1904/246/306
f 1904/246/306 1889/239/120 1905/245/307
f 1906/244/240 1890/238/237 1907/243/239
f 1890/238/237 1891/237/237 1907/243/239
f 1892/237/124 1893/112/121 1908/243/143
f 1908/243/143 1893/112/121 1909/121/143
f 1910/120/308 1894/111/125 1911/119/308
f 1894/111/125 1895/110/125 1911/119/308
f 1896/110/129 1897/115/130 1912/119/147
f 1912/119/147 1897/115/130 1913/125/147
f 1914/125/148 1898/115/274 1915/126/309
f 1898/115/274 1899/116/274 1915/126/309
f 1900/117/113 1901/242/113 1916/127/139
f 1916/127/139 1901/242/113 1917/248/139
f 1902/242/234 1903/247/305 1918/248/305
f 1918/248/305 1903/247/305 1919/254/280
f 1904/246/306 1905/245/307 1922/253/142
f 1922/253/142 1905/245/307 1923/252/142
f 1930/257/245 1925/251/245 1932/250/245
f 1926/251/281 1906/244/240 1931/250/281
f 1906/244/240 1907/243/239 1931/250/281
f 1908/243/143 1909/121/143 1934/250/155
f 1934/250/155 1909/121/143 1935/122/155
f 1942/131/156 1937/130/156 1944/129/156
f 1938/130/157 1910/120/308 1943/129/157
f 1910/120/308 1911/119/308 1943/129/157
f 1912/119/147 1913/125/147 1946/129/158
f 1946/129/158 1913/125/147 1947/136/158
f 1950/136/161 1914/125/148 1951/137/161
f 1914/125/148 1915/126/309 1951/137/161
f 1916/127/139 1917/248/139 1954/138/152
f 1954/138/152 1917/248/139 1956/249/152
f 1918/248/305 1919/254/280 1955/249/280
f 1958/249/154 1920/254/154 1959/255/154
s 0
f 1962/260/11 1921/253/11 1963/259/11
f 1921/253/11 1924/252/11 1963/259/11
s 1
f 1925/251/245 1930/257/245 1966/258/245
f 1965/258/250 1927/257/250 1967/264/249
f 1970/264/174 1928/257/174 1972/133/174
s 0
f 1929/257/1 1933/250/1 1971/133/1
f 1933/250/1 1936/122/1 1971/133/1
s 1
f 1937/130/156 1942/131/156 1974/132/156
f 1973/132/310 1939/131/310 1975/141/166
f 1978/141/167 1940/131/167 1980/140/167
s 0
f 1941/131/4 1945/129/4 1979/140/4
f 1945/129/4 1948/136/4 1979/140/4
s 1
f 1982/140/168 1949/136/168 1983/148/168
f 1949/136/168 1952/137/168 1983/148/168
s 0
f 1986/149/7 1953/138/7 1988/256/7
f 1953/138/7 1957/249/7 1988/256/7
s 1
f 1958/249/154 1959/255/154 1987/256/154
f 1990/256/311 1960/255/312 1991/262/163
f 1961/260/165 1964/259/165 1994/261/165
f 1994/261/165 1964/259/165 1995/266/165
f 1965/258/250 1967/264/249 1998/265/250
f 1997/265/253 1968/264/253 2001/271/253
f 2000/271/173 1969/264/173 2003/144/313
f 1970/264/174 1972/133/174 2002/144/174
f 1973/132/310 1975/141/166 2005/143/166
f 2004/143/176 1976/141/176 2008/142/251
f 2007/142/178 1977/141/178 2010/152/178
f 1978/141/167 1980/140/167 2009/152/167
f 2012/152/179 1981/140/169 2013/151/169
f 1981/140/169 1984/148/169 2013/151/169
f 1985/149/162 1989/256/162 2016/161/162
f 2016/161/162 1989/256/162 2018/263/162
f 1990/256/311 1991/262/163 2017/263/163
f 2020/263/164 1992/262/314 2021/268/164
f 1993/261/172 1996/266/172 2023/267/172
f 2023/267/172 1996/266/172 2025/273/172
f 1997/265/253 2001/271/253 2024/272/254
s 0
f 2026/275/17 1999/276/17 2029/156/17
s 1
f 2000/271/173 2003/144/313 2028/158/313
f 2004/143/176 2008/142/251 2027/157/251
s 0
f 2029/156/17 2006/155/17 2030/154/17
s 1
f 2007/142/178 2010/152/178 2032/153/315
f 2031/153/181 2011/152/181 2033/164/181
f 2011/152/181 2014/151/181 2033/164/181
f 2015/161/255 2019/263/255 2035/163/255
f 2035/163/255 2019/263/255 2037/269/170
f 2020/263/164 2021/268/164 2036/269/171
s 0
f 2022/274/17 2026/275/17 2038/270/17
f 2026/275/17 2029/156/17 2038/270/17
f 2029/156/17 2030/154/17 2038/270/17
s 1
f 2040/171/214 2041/172/214 2045/173/74
s 0
f 2044/173/11 2042/172/11 2046/174/11
f 2042/172/11 2049/175/11 2046/174/11
s 1
f 2048/176/215 2050/177/215 2053/178/215
f 2050/177/215 2054/179/215 2053/178/215
s 0
f 2052/178/1 2055/179/1 2058/11/1
f 2055/179/1 2059/10/1 2058/11/1
s 1
f 2057/11/3 2060/10/3 2063/9/3
f 2060/10/3 2064/8/3 2063/9/3
s 0
f 2062/9/4 2065/8/4 2068/7/4
f 2065/8/4 2069/6/4 2068/7/4
s 1
f 2067/7/186 2070/6/188 2074/5/186
f 2070/6/188 2075/4/188 2074/5/186
s 0
f 2073/5/7 2076/4/7 2078/180/7
f 2076/4/7 2039/171/7 2078/180/7
s 1
f 2040/171/214 2045/173/74 2077/180/74
s 0
f 2079/181/12 2043/182/12 2082/183/12
f 2082/183/12 2043/182/12 2085/184/12
f 2043/182/13 2047/185/13 2085/184/13
f 2085/184/12 2047/185/12 2088/186/12
f 2047/185/12 2051/187/12 2088/186/12
f 2088/186/12 2051/187/12 2091/188/12
f 2051/187/12 2056/28/12 2091/188/12
f 2091/188/12 2056/28/12 2094/27/12
f 2056/28/12 2061/26/12 2094/27/12
f 2094/27/12 2061/26/12 2097/25/12
f 2061/26/189 2066/24/189 2097/25/189
f 2097/25/12 2066/24/12 2100/23/12
f 2066/24/12 2071/22/12 2100/23/12
f 2100/23/12 2071/22/12 2101/21/12
f 2072/19/12 2079/181/12 2104/20/12
f 2079/181/12 2082/183/12 2104/20/12
f 2103/20/7 2080/183/7 2108/33/7
f 2108/33/7 2080/183/7 2109/189/7
s 1
f 2081/183/10 2083/184/10 2111/189/10
f 2111/189/10 2083/184/10 2112/190/10
s 0
f 2084/184/11 2086/186/11 2114/190/11
f 2114/190/11 2086/186/11 2115/191/11
s 1
f 2087/186/185 2089/188/185 2117/191/185
f 2117/191/185 2089/188/185 2118/192/185
s 0
f 2090/188/1 2092/27/1 2120/192/1
f 2120/192/1 2092/27/1 2121/37/1
s 1
f 2093/27/3 2095/25/3 2123/37/3
f 2123/37/3 2095/25/3 2124/36/3
s 0
f 2096/25/4 2098/23/4 2126/36/4
f 2126/36/4 2098/23/4 2128/35/4
s 1
f 2099/23/5 2102/21/5 2127/35/5
f 2102/21/5 2105/34/5 2127/35/5
s 0
f 2129/35/19 2106/34/19 2132/43/19
f 2132/43/18 2106/34/18 2133/42/18
f 2107/33/17 2110/189/17 2136/41/17
f 2136/41/17 2110/189/17 2139/193/17
f 2110/189/17 2113/190/17 2139/193/17
f 2139/193/17 2113/190/17 2142/194/17
f 2113/190/17 2116/191/17 2142/194/17
f 2142/194/17 2116/191/17 2145/195/17
f 2116/191/18 2119/192/18 2145/195/18
f 2145/195/19 2119/192/19 2148/196/19
f 2119/192/17 2122/37/17 2148/196/17
f 2148/196/17 2122/37/17 2151/45/17
f 2122/37/17 2125/36/17 2151/45/17
f 2151/45/17 2125/36/17 2152/44/17
f 2125/36/17 2129/35/17 2152/44/17
f 2129/35/17 2132/43/17 2152/44/17
s 1
f 2154/44/27 2130/43/27 2158/52/27
f 2158/52/27 2130/43/27 2159/51/28
f 2131/43/30 2134/42/30 2162/51/290
f 2162/51/290 2134/42/30 2163/50/190
f 2135/41/32 2137/193/33 2166/47/32
f 2166/47/32 2137/193/33 2167/197/32
f 2138/193/34 2140/194/34 2170/197/35
f 2170/197/35 2140/194/34 2171/198/35
f 2141/194/20 2143/195/20 2174/198/20
f 2174/198/20 2143/195/20 2175/199/20
f 2144/195/193 2146/196/258 2178/199/194
f 2178/199/194 2146/196/258 2179/200/194
f 2147/196/22 2149/45/22 2182/200/22
f 2182/200/22 2149/45/22 2184/53/23
f 2150/45/26 2153/44/26 2183/53/25
f 2153/44/26 2155/52/24 2183/53/25
f 2186/53/43 2156/52/195 2189/60/43
f 2188/60/45 2157/52/45 2192/59/45
f 2157/52/45 2160/51/45 2192/59/45
f 2191/59/50 2161/51/47 2193/55/47
f 2161/51/47 2164/50/316 2193/55/47
f 2195/56/49 2165/47/49 2198/201/49
f 2165/47/49 2168/197/49 2198/201/49
f 2197/201/36 2169/197/196 2201/202/196
f 2169/197/196 2172/198/196 2201/202/196
f 2200/202/317 2173/198/317 2205/203/38
f 2173/198/317 2176/199/38 2205/203/38
f 2204/203/201 2177/199/201 2208/204/201
f 2177/199/201 2180/200/318 2208/204/201
f 2207/204/39 2181/200/39 2210/61/40
f 2181/200/39 2185/53/40 2210/61/40
f 2186/53/43 2189/60/43 2209/61/319
f 2211/73/60 2187/71/61 2214/72/62
f 2214/72/62 2187/71/61 2217/70/64
f 2187/71/61 2190/63/204 2217/70/64
f 2217/70/64 2190/63/204 2220/65/320
f 2190/63/204 2194/64/205 2220/65/320
f 2220/65/320 2194/64/205 2223/205/72
f 2194/64/205 2196/206/54 2223/205/72
f 2223/205/72 2196/206/54 2226/207/56
f 2196/206/54 2199/208/55 2226/207/56
f 2226/207/56 2199/208/55 2227/209/262
f 2199/208/55 2202/210/208 2227/209/262
f 2230/211/262 2203/212/210 2233/213/211
f 2203/212/210 2206/214/321 2233/213/211
f 2233/213/211 2206/214/321 2234/74/264
f 2206/214/321 2211/73/60 2234/74/264
f 2211/73/60 2214/72/62 2234/74/264
f 2236/74/266 2212/72/266 2240/82/3
f 2240/82/3 2212/72/266 2241/81/3
s 0
f 2213/72/4 2215/70/4 2244/81/4
f 2244/81/4 2215/70/4 2245/77/4
s 1
f 2216/70/5 2218/65/5 2248/77/5
f 2248/77/5 2218/65/5 2249/78/5
s 0
f 2219/65/7 2221/205/7 2252/78/7
f 2252/78/7 2221/205/7 2253/215/7
s 1
f 2222/205/214 2224/207/214 2256/215/214
f 2256/215/214 2224/207/214 2257/216/214
s 0
f 2225/207/11 2228/209/11 2260/216/11
f 2260/216/11 2228/209/11 2261/217/11
s 1
f 2229/211/215 2231/213/215 2264/218/215
f 2264/218/215 2231/213/215 2266/219/301
s 0
f 2232/213/1 2235/74/1 2265/219/1
f 2235/74/1 2237/82/1 2265/219/1
s 1
f 2268/219/84 2238/82/84 2272/89/84
f 2239/82/271 2242/81/271 2271/89/322
f 2271/89/322 2242/81/271 2276/88/322
f 2275/88/218 2243/81/218 2280/84/89
f 2243/81/218 2246/77/89 2280/84/89
f 2247/77/91 2250/78/91 2279/84/219
f 2279/84/219 2250/78/91 2284/85/95
f 2283/85/79 2251/78/79 2288/220/79
f 2251/78/79 2254/215/79 2288/220/79
f 2255/215/323 2258/216/80 2287/220/268
f 2287/220/268 2258/216/80 2292/221/268
f 2291/221/269 2259/216/269 2293/222/82
f 2259/216/269 2262/217/82 2293/222/82
f 2263/218/222 2267/219/324 2296/223/325
f 2296/223/325 2267/219/324 2298/224/325
f 2268/219/84 2272/89/84 2297/224/84
f 2300/225/273 2269/106/105 2301/108/105
f 2270/105/107 2273/91/107 2304/104/107
f 2304/104/107 2273/91/107 2305/103/107
f 2308/103/109 2274/91/109 2309/93/326
f 2274/91/109 2277/92/326 2309/93/326
f 2278/92/327 2281/94/110 2312/93/111
f 2312/93/111 2281/94/110 2313/95/111
f 2316/98/97 2282/96/97 2317/226/97
f 2282/96/97 2285/227/97 2317/226/97
f 2286/227/100 2289/228/100 2320/226/100
f 2320/226/100 2289/228/100 2321/229/328
f 2324/230/225 2290/231/225 2325/232/226
f 2290/231/225 2294/233/226 2325/232/226
f 2295/234/329 2299/225/227 2328/235/227
f 2328/235/227 2299/225/227 2330/236/330
f 2300/225/273 2301/108/105 2329/236/273
f 2332/236/122 2302/108/331 2333/117/124
f 2303/104/126 2306/103/126 2334/116/229
f 2334/116/229 2306/103/126 2335/115/229
f 2336/115/130 2307/103/128 2337/110/129
f 2307/103/128 2310/93/128 2337/110/129
f 2311/93/132 2314/95/132 2338/110/274
f 2338/110/274 2314/95/132 2339/111/274
f 2340/112/113 2315/98/112 2341/237/113
f 2315/98/112 2318/226/112 2341/237/113
f 2319/226/233 2322/229/115 2342/237/234
f 2342/237/234 2322/229/115 2343/238/234
f 2344/239/117 2323/230/235 2345/240/117
f 2323/230/235 2326/232/235 2345/240/117
f 2327/235/236 2331/236/236 2346/241/237
f 2346/241/237 2331/236/236 2347/242/237
f 2332/236/122 2333/117/124 2348/242/121
f 2348/242/121 2333/117/124 2349/127/143
f 2334/116/229 2335/115/229 2350/126/277
f 2350/126/277 2335/115/229 2351/125/146
f 2352/125/147 2336/115/130 2353/119/147
f 2336/115/130 2337/110/129 2353/119/147
f 2338/110/274 2339/111/274 2354/119/309
f 2354/119/309 2339/111/274 2355/120/309
f 2356/121/139 2340/112/113 2357/243/139
f 2340/112/113 2341/237/113 2357/243/139
f 2342/237/234 2343/238/234 2358/243/238
f 2358/243/238 2343/238/234 2359/244/305
f 2360/245/141 2344/239/117 2361/246/141
f 2344/239/117 2345/240/117 2361/246/141
f 2346/241/237 2347/242/237 2362/247/240
f 2362/247/240 2347/242/237 2363/248/332
f 2348/242/121 2349/127/143 2364/248/143
f 2368/249/155 2364/248/143 2369/138/155
f 2364/248/143 2349/127/143 2369/138/155
f 2350/126/277 2351/125/146 2372/137/333
f 2376/148/156 2371/137/286 2378/136/286
f 2372/137/333 2351/125/146 2377/136/333
f 2380/136/158 2352/125/147 2382/129/158
f 2352/125/147 2353/119/147 2382/129/158
f 2354/119/309 2355/120/309 2381/129/334
f 2388/131/168 2384/129/335 2390/130/335
f 2381/129/334 2355/120/309 2389/130/334
f 2392/122/152 2356/121/139 2393/250/152
f 2356/121/139 2357/243/139 2393/250/152
f 2358/243/238 2359/244/305 2396/250/280
f 2396/250/280 2359/244/305 2397/251/280
f 2400/252/142 2360/245/141 2401/253/142
f 2360/245/141 2361/246/141 2401/253/142
f 2362/247/240 2363/248/332 2404/254/281
f 2363/248/332 2365/249/336 2404/254/281
f 2403/254/245 2366/249/245 2408/255/245
f 2408/255/245 2366/249/245 2410/256/245
s 0
f 2367/249/1 2370/138/1 2409/256/1
f 2370/138/1 2373/149/1 2409/256/1
s 1
f 2412/256/174 2374/149/174 2413/161/174
f 2416/151/337 2375/148/166 2419/140/166
f 2376/148/156 2378/136/286 2418/140/156
s 0
f 2379/136/4 2383/129/4 2417/140/4
f 2383/129/4 2385/131/4 2417/140/4
s 1
f 2420/140/167 2386/131/167 2421/141/167
f 2424/141/287 2387/131/169 2426/132/169
f 2388/131/168 2390/130/335 2425/132/168
s 0
f 2391/122/7 2394/250/7 2428/133/7
f 2428/133/7 2394/250/7 2429/257/7
s 1
f 2395/250/154 2398/251/154 2432/257/154
f 2432/257/154 2398/251/154 2433/258/154
s 0
f 2399/252/11 2402/253/11 2436/259/11
f 2402/253/11 2405/260/11 2436/259/11
s 1
f 2435/259/165 2406/260/165 2437/261/165
f 2407/255/249 2411/256/250 2440/262/250
f 2440/262/250 2411/256/250 2442/263/250
f 2412/256/174 2413/161/174 2441/263/174
f 2444/263/173 2414/161/173 2445/163/173
f 2447/164/177 2415/151/176 2450/152/176
f 2416/151/337 2419/140/166 2449/152/166
f 2420/140/167 2421/141/167 2448/152/167
f 2451/152/178 2422/141/178 2454/142/178
f 2453/142/181 2423/141/183 2456/143/183
f 2424/141/287 2426/132/169 2455/143/287
f 2458/144/162 2427/133/162 2459/264/162
f 2427/133/162 2430/257/162 2459/264/162
f 2431/257/163 2434/258/163 2462/264/163
f 2462/264/163 2434/258/163 2463/265/338
f 2435/259/165 2437/261/165 2466/266/165
f 2465/266/172 2438/261/172 2467/267/172
f 2439/262/339 2443/263/339 2469/268/254
f 2469/268/254 2443/263/339 2471/269/254
f 2444/263/173 2445/163/173 2470/269/173
s 0
f 2472/270/17 2446/165/17 2475/154/17
s 1
f 2447/164/177 2450/152/176 2474/153/177
f 2451/152/178 2454/142/178 2473/153/178
s 0
f 2475/154/17 2452/155/17 2477/156/17
s 1
f 2453/142/181 2456/143/183 2476/157/181
f 2478/158/170 2457/144/170 2481/271/170
f 2457/144/170 2460/264/170 2481/271/170
f 2461/264/164 2464/265/164 2480/271/171
f 2480/271/171 2464/265/164 2483/272/171
f 2465/266/172 2467/267/172 2482/273/172
s 0
f 2468/274/17 2472/270/17 2484/275/17
f 2472/270/17 2475/154/17 2484/275/17
f 2475/154/17 2477/156/17 2484/275/17
f 2486/11/11 2489/10/11 2493/12/11
f 2489/10/11 2494/13/11 2493/12/11
f 2495/13/7 2496/10/7 2492/12/7
f 2492/12/7 2496/10/7 2500/11/7
s 1
f 2499/11/214 2497/10/74 2503/9/214
f 2497/10/74 2504/8/214 2503/9/214
s 0
f 2502/9/11 2505/8/11 2508/7/11
f 2505/8/11 2509/6/11 2508/7/11
s 1
f 2507/7/215 2510/6/215 2514/5/215
f 2510/6/215 2515/4/215 2514/5/215
s 0
f 2513/5/1 2516/4/1 2520/3/1
f 2516/4/1 2521/2/1 2520/3/1
f 2522/2/1 2523/1/1 2519/3/1
f 2519/3/1 2523/1/1 2528/14/1
f 2527/14/4 2524/1/4 2532/3/4
f 2524/1/4 2533/2/4 2532/3/4
f 2534/2/4 2535/4/4 2531/3/4
f 2531/3/4 2535/4/4 2540/5/4
s 1
f 2536/4/186 2541/6/186 2539/5/186
f 2539/5/186 2541/6/186 2545/7/186
s 0
f 2542/6/7 2546/8/7 2544/7/7
f 2544/7/7 2546/8/7 2549/9/7
s 1
f 2547/8/10 2488/10/10 2548/9/9
f 2488/10/10 2487/11/9 2548/9/9
s 0
f 2550/26/12 2485/28/12 2553/27/12
f 2553/27/13 2485/28/13 2557/29/13
f 2485/28/12 2490/30/12 2557/29/12
f 2491/30/12 2498/28/12 2556/29/12
f 2556/29/12 2498/28/12 2560/27/12
f 2498/28/12 2501/26/12 2560/27/12
f 2560/27/12 2501/26/12 2563/25/12
f 2501/26/13 2506/24/13 2563/25/13
f 2563/25/12 2506/24/12 2566/23/12
f 2506/24/12 2511/22/12 2566/23/12
f 2566/23/12 2511/22/12 2567/21/12
f 2570/20/12 2512/19/12 2574/17/12
f 2512/19/12 2517/18/12 2574/17/12
f 2518/18/12 2525/16/12 2573/17/12
f 2573/17/12 2525/16/12 2578/15/12
f 2577/15/12 2526/16/12 2582/17/12
f 2526/16/12 2529/18/12 2582/17/12
f 2530/18/12 2537/19/12 2581/17/12
f 2581/17/12 2537/19/12 2583/20/12
f 2586/21/12 2538/22/12 2589/23/12
f 2538/22/13 2543/24/13 2589/23/13
f 2589/23/12 2543/24/12 2590/25/12
f 2543/24/12 2550/26/12 2590/25/12
f 2550/26/12 2553/27/12 2590/25/12
s 1
f 2592/25/10 2551/27/10 2593/37/10
s 0
f 2595/37/11 2552/27/11 2596/38/11
f 2552/27/11 2554/29/11 2596/38/11
f 2555/29/7 2558/27/7 2599/38/7
f 2599/38/7 2558/27/7 2600/37/7
s 1
f 2559/27/340 2561/25/10 2602/37/10
f 2602/37/10 2561/25/10 2603/36/10
s 0
f 2562/25/11 2564/23/11 2605/36/11
f 2605/36/11 2564/23/11 2606/35/11
s 1
f 2565/23/185 2568/21/185 2608/35/185
f 2608/35/185 2568/21/185 2609/34/341
s 0
f 2569/20/1 2571/17/1 2612/33/1
f 2612/33/1 2571/17/1 2616/32/1
f 2615/32/1 2572/17/1 2617/31/1
f 2572/17/1 2575/15/1 2617/31/1
f 2576/15/4 2579/17/4 2620/31/4
f 2620/31/4 2579/17/4 2624/32/4
f 2623/32/4 2580/17/4 2625/33/4
f 2580/17/4 2584/20/4 2625/33/4
s 1
f 2628/34/8 2585/21/5 2629/35/5
f 2585/21/5 2587/23/5 2629/35/5
s 0
f 2631/35/7 2588/23/7 2633/36/7
f 2588/23/7 2591/25/7 2633/36/7
s 1
f 2592/25/10 2593/37/10 2632/36/340
s 0
f 2634/36/18 2594/37/18 2637/45/18
f 2594/37/17 2597/38/17 2637/45/17
f 2637/45/17 2597/38/17 2641/46/17
f 2640/46/17 2598/38/17 2644/45/17
f 2598/38/17 2601/37/17 2644/45/17
f 2601/37/17 2604/36/17 2644/45/17
f 2644/45/17 2604/36/17 2647/44/17
f 2604/36/17 2607/35/17 2647/44/17
f 2647/44/17 2607/35/17 2650/43/17
f 2607/35/18 2610/34/18 2650/43/18
f 2650/43/19 2610/34/19 2651/42/19
f 2611/33/17 2613/32/17 2654/41/17
f 2654/41/17 2613/32/17 2658/39/17
f 2657/39/17 2614/32/17 2662/40/17
f 2614/32/17 2618/31/17 2662/40/17
f 2619/31/17 2621/32/17 2661/40/17
f 2661/40/17 2621/32/17 2666/39/17
f 2665/39/17 2622/32/17 2667/41/17
f 2622/32/17 2626/33/17 2667/41/17
f 2670/42/17 2627/34/17 2673/43/17
f 2627/34/17 2630/35/17 2673/43/17
f 2673/43/17 2630/35/17 2674/44/17
f 2630/35/17 2634/36/17 2674/44/17
f 2634/36/19 2637/45/19 2674/44/19
s 1
f 2676/44/259 2635/45/259 2677/53/259
f 2636/45/20 2638/46/20 2680/53/20
f 2680/53/20 2638/46/20 2681/54/20
f 2684/54/33 2639/46/32 2685/53/33
f 2639/46/32 2642/45/32 2685/53/33
f 2643/45/35 2645/44/35 2688/53/192
f 2688/53/192 2645/44/35 2689/52/192
f 2646/44/21 2648/43/20 2692/52/20
f 2692/52/20 2648/43/20 2693/51/20
f 2649/43/193 2652/42/193 2696/51/193
f 2696/51/193 2652/42/193 2697/50/193
f 2653/41/22 2655/39/22 2700/47/22
f 2700/47/22 2655/39/22 2704/48/23
f 2703/48/22 2656/39/22 2705/49/22
f 2656/39/22 2659/40/22 2705/49/22
f 2660/40/28 2663/39/27 2708/49/27
f 2708/49/27 2663/39/27 2712/48/27
f 2711/48/28 2664/39/27 2713/47/27
f 2664/39/27 2668/41/27 2713/47/27
f 2716/50/290 2669/42/31 2717/51/290
f 2669/42/31 2671/43/31 2717/51/290
f 2720/51/32 2672/43/33 2722/52/191
f 2672/43/33 2675/44/32 2722/52/191
f 2676/44/259 2677/53/259 2721/52/259
f 2724/52/196 2678/53/196 2726/60/36
f 2726/60/36 2678/53/196 2730/61/342
f 2729/61/38 2679/53/38 2734/62/198
f 2679/53/38 2682/54/198 2734/62/198
f 2683/54/49 2686/53/343 2733/62/49
f 2733/62/49 2686/53/343 2737/61/343
f 2736/61/344 2687/53/196 2740/60/196
f 2687/53/196 2690/52/345 2740/60/196
f 2739/60/198 2691/52/198 2743/59/38
f 2691/52/198 2694/51/38 2743/59/38
f 2742/59/318 2695/51/201 2744/55/200
f 2695/51/201 2698/50/201 2744/55/200
f 2746/56/39 2699/47/39 2750/57/41
f 2699/47/39 2701/48/40 2750/57/41
f 2702/48/40 2706/49/39 2749/57/40
f 2749/57/40 2706/49/39 2754/58/39
f 2753/58/346 2707/49/346 2758/57/346
f 2707/49/346 2709/48/346 2758/57/346
f 2710/48/346 2714/47/346 2757/57/346
f 2757/57/346 2714/47/346 2759/56/346
f 2715/50/47 2718/51/50 2761/55/50
f 2761/55/50 2718/51/50 2763/59/50
f 2719/51/52 2723/52/49 2762/59/52
f 2723/52/49 2727/60/49 2762/59/52
f 2764/63/65 2725/71/54 2767/70/347
f 2767/70/347 2725/71/54 2770/72/72
f 2725/71/54 2728/73/55 2770/72/72
f 2770/72/72 2728/73/55 2773/74/56
f 2728/73/55 2731/75/57 2773/74/56
f 2773/74/56 2731/75/57 2774/76/57
f 2777/76/67 2732/75/67 2780/74/72
f 2732/75/67 2735/73/54 2780/74/72
f 2780/74/72 2735/73/54 2783/72/56
f 2735/73/54 2738/71/294 2783/72/56
f 2783/72/56 2738/71/294 2786/70/262
f 2738/71/294 2741/63/348 2786/70/262
f 2786/70/262 2741/63/348 2789/65/297
f 2741/63/348 2745/64/321 2789/65/297
f 2745/64/321 2747/66/58 2789/65/297
f 2789/65/297 2747/66/58 2793/67/58
f 2792/67/58 2748/66/58 2794/68/58
f 2748/66/58 2751/69/58 2794/68/58
f 2752/69/68 2755/66/68 2797/68/68
f 2797/68/68 2755/66/68 2801/67/68
f 2800/67/68 2756/66/68 2802/65/69
f 2756/66/68 2760/64/70 2802/65/69
f 2760/64/70 2764/63/65 2802/65/69
f 2764/63/65 2767/70/347 2802/65/69
f 2804/65/8 2765/70/15 2806/77/349
f 2811/84/79 2808/77/79 2814/81/79
s 0
f 2805/77/7 2766/70/7 2813/81/7
f 2766/70/7 2768/72/7 2813/81/7
s 1
f 2816/81/74 2769/72/350 2817/82/75
f 2769/72/350 2771/74/351 2817/82/75
s 0
f 2820/82/11 2772/74/11 2821/83/11
f 2772/74/11 2775/76/11 2821/83/11
f 2776/76/7 2778/74/7 2824/83/7
f 2824/83/7 2778/74/7 2825/82/7
s 1
f 2779/74/214 2781/72/351 2828/82/74
f 2828/82/74 2781/72/351 2829/81/74
s 0
f 2782/72/11 2784/70/11 2832/81/11
f 2832/81/11 2784/70/11 2833/77/11
s 1
f 2785/70/216 2787/65/216 2836/77/215
f 2836/77/215 2787/65/216 2837/78/215
s 0
f 2788/65/1 2790/67/1 2840/78/1
f 2840/78/1 2790/67/1 2844/79/1
f 2791/67/1 2795/68/1 2843/79/1
f 2843/79/1 2795/68/1 2845/80/1
f 2848/80/4 2796/68/4 2852/79/4
f 2796/68/4 2798/67/4 2852/79/4
f 2851/79/4 2799/67/4 2854/78/4
f 2799/67/4 2803/65/4 2854/78/4
s 1
f 2804/65/8 2806/77/349 2853/78/6
f 2807/77/95 2812/84/92 2856/78/219
f 2856/78/219 2812/84/92 2857/85/92
f 2860/94/327 2809/92/352 2861/93/111
f 2864/93/96 2810/92/96 2865/91/96
f 2811/84/79 2814/81/79 2868/88/79
f 2867/88/81 2815/81/220 2872/89/303
f 2815/81/220 2818/82/220 2872/89/303
f 2871/89/82 2819/82/82 2876/90/82
f 2819/82/82 2822/83/82 2876/90/82
f 2823/83/79 2826/82/79 2875/90/79
f 2875/90/79 2826/82/79 2880/89/79
f 2827/82/303 2830/81/303 2879/89/268
f 2879/89/268 2830/81/303 2884/88/268
f 2883/88/269 2831/81/269 2888/84/82
f 2831/81/269 2834/77/82 2888/84/82
f 2835/77/222 2838/78/222 2887/84/270
f 2887/84/270 2838/78/222 2892/85/270
f 2891/85/84 2839/78/84 2896/86/84
f 2839/78/84 2841/79/84 2896/86/84
f 2842/79/84 2846/80/84 2895/86/84
f 2895/86/84 2846/80/84 2900/87/84
f 2899/87/90 2847/80/89 2902/86/89
f 2847/80/89 2849/79/89 2902/86/89
f 2850/79/89 2855/78/89 2901/86/89
f 2855/78/89 2858/85/89 2901/86/89
f 2907/99/109 2904/97/109 2909/98/109
f 2904/97/109 2859/96/109 2909/98/109
f 2860/94/327 2861/93/111 2912/95/111
f 2911/95/132 2862/93/137 2913/110/353
f 2914/110/113 2863/93/112 2916/103/112
f 2864/93/96 2865/91/96 2915/103/96
f 2918/103/101 2866/91/100 2919/104/101
f 2866/91/100 2869/105/354 2919/104/101
f 2870/106/102 2873/107/102 2922/108/102
f 2922/108/102 2873/107/102 2923/109/102
f 2926/109/97 2874/107/97 2927/108/97
f 2874/107/97 2877/106/97 2927/108/97
f 2878/105/100 2881/91/100 2930/104/328
f 2930/104/328 2881/91/100 2931/103/99
f 2934/103/225 2882/91/225 2935/93/226
f 2882/91/225 2885/92/226 2935/93/226
f 2886/92/227 2889/94/355 2938/93/227
f 2938/93/227 2889/94/355 2939/95/227
f 2890/96/105 2893/97/105 2942/98/105
f 2942/98/105 2893/97/105 2946/99/105
f 2945/99/105 2894/97/105 2948/101/105
f 2894/97/105 2897/102/105 2948/101/105
f 2898/102/109 2903/97/109 2947/101/109
f 2903/97/109 2908/99/109 2947/101/109
f 2950/101/128 2905/99/128 2951/100/356
f 2906/99/128 2910/98/128 2952/100/356
f 2952/100/356 2910/98/128 2953/112/130
f 2911/95/132 2913/110/353 2954/111/353
f 2954/111/353 2913/110/353 2955/119/148
f 2956/119/139 2914/110/113 2957/115/113
f 2914/110/113 2916/103/112 2957/115/113
f 2958/115/234 2917/103/232 2959/116/234
f 2917/103/232 2920/104/232 2959/116/234
f 2960/117/120 2921/108/103 2961/118/357
f 2921/108/103 2924/109/103 2961/118/357
f 2925/109/112 2928/108/112 2962/118/134
f 2962/118/134 2928/108/112 2963/117/113
f 2929/104/232 2932/103/232 2964/116/116
f 2964/116/116 2932/103/232 2965/115/116
f 2966/115/117 2933/103/103 2967/110/120
f 2933/103/103 2936/93/103 2967/110/120
f 2937/93/358 2940/95/358 2968/110/359
f 2968/110/359 2940/95/358 2969/111/360
f 2970/112/124 2941/98/122 2971/100/123
f 2941/98/122 2943/99/122 2971/100/123
f 2944/99/331 2949/101/122 2972/100/123
f 2972/100/123 2949/101/122 2973/114/121
f 2950/101/128 2951/100/356 2974/114/129
f 2974/114/129 2951/100/356 2975/113/361
f 2952/100/356 2953/112/130 2976/113/361
f 2976/113/361 2953/112/130 2977/121/147
f 2954/111/353 2955/119/148 2978/120/148
f 2978/120/148 2955/119/148 2979/129/362
f 2982/129/152 2956/119/139 2983/125/139
f 2956/119/139 2957/115/113 2983/125/139
f 2984/125/363 2958/115/234 2985/126/363
f 2958/115/234 2959/116/234 2985/126/363
f 2986/127/141 2960/117/120 2987/128/364
f 2960/117/120 2961/118/357 2987/128/364
f 2962/118/134 2963/117/113 2988/128/149
f 2988/128/149 2963/117/113 2989/127/139
f 2964/116/116 2965/115/116 2990/126/140
f 2990/126/140 2965/115/116 2991/125/140
f 2992/125/141 2966/115/117 2993/119/141
f 2966/115/117 2967/110/120 2993/119/141
f 2968/110/359 2969/111/360 2994/119/365
f 2994/119/365 2969/111/360 2995/120/365
f 2996/121/143 2970/112/124 2997/113/145
f 2970/112/124 2971/100/123 2997/113/145
f 2972/100/123 2973/114/121 2998/113/145
f 2998/113/145 2973/114/121 2999/124/143
f 2974/114/129 2975/113/361 3000/124/147
f 3000/124/147 2975/113/361 3004/123/158
f 2976/113/361 2977/121/147 3003/123/158
f 3003/123/158 2977/121/147 3005/122/158
f 2978/120/148 2979/129/362 3008/130/366
f 3007/130/283 2980/129/283 3010/131/367
f 3016/141/162 3012/131/162 3017/140/162
s 0
f 3009/131/7 2981/129/7 3020/140/7
f 3020/140/7 2981/129/7 3022/136/7
s 1
f 2982/129/152 2983/125/139 3021/136/152
f 3024/136/280 2984/125/363 3025/137/153
f 2984/125/363 2985/126/363 3025/137/153
f 3028/138/142 2986/127/141 3029/139/142
f 2986/127/141 2987/128/364 3029/139/142
f 2988/128/149 2989/127/139 3032/139/152
f 3032/139/152 2989/127/139 3033/138/152
f 2990/126/140 2991/125/140 3036/137/153
f 3036/137/153 2991/125/140 3037/136/153
f 3040/136/142 2992/125/141 3042/129/142
f 2992/125/141 2993/119/141 3042/129/142
f 2994/119/365 2995/120/365 3041/129/281
f 3048/131/246 3044/129/368 3050/130/368
f 3041/129/281 2995/120/365 3049/130/281
f 3052/122/155 2996/121/143 3056/123/155
f 2996/121/143 2997/113/145 3056/123/155
f 2998/113/145 2999/124/143 3055/123/155
f 3055/123/155 2999/124/143 3058/135/155
f 3000/124/147 3004/123/158 3057/135/158
s 0
f 3060/135/4 3001/123/4 3064/134/4
f 3063/134/4 3002/123/4 3065/133/4
f 3002/123/4 3006/122/4 3065/133/4
s 1
f 3007/130/283 3010/131/367 3068/132/367
f 3011/131/169 3013/141/369 3067/132/370
f 3067/132/370 3013/141/369 3072/143/370
f 3071/143/183 3014/141/183 3075/142/371
f 3074/142/170 3015/141/170 3077/152/170
f 3016/141/162 3017/140/162 3076/152/162
f 3079/152/163 3018/140/372 3082/151/163
f 3082/151/163 3018/140/372 3085/148/372
f 3019/140/373 3023/136/374 3084/148/373
f 3023/136/374 3026/137/375 3084/148/373
s 0
f 3087/149/11 3027/138/11 3088/150/11
f 3027/138/11 3030/139/11 3088/150/11
f 3031/139/7 3034/138/7 3091/150/7
f 3091/150/7 3034/138/7 3092/149/7
s 1
f 3035/137/247 3038/136/154 3095/148/376
f 3095/148/376 3038/136/154 3097/140/376
s 0
f 3039/136/11 3043/129/11 3096/140/11
f 3043/129/11 3045/131/11 3096/140/11
s 1
f 3099/140/165 3046/131/248 3100/141/248
f 3103/141/377 3047/131/249 3105/132/250
f 3048/131/246 3050/130/368 3104/132/246
s 0
f 3051/122/1 3053/123/1 3107/133/1
f 3107/133/1 3053/123/1 3111/134/1
f 3054/123/1 3059/135/1 3110/134/1
f 3110/134/1 3059/135/1 3113/147/1
f 3060/135/4 3064/134/4 3112/147/4
s 1
f 3119/146/167 3115/147/167 3121/145/167
f 3115/147/167 3061/134/167 3121/145/167
f 3062/134/167 3066/133/167 3120/145/167
f 3066/133/167 3069/144/167 3120/145/167
f 3123/145/178 3070/144/178 3125/158/178
f 3071/143/183 3075/142/371 3124/157/378
s 0
f 3126/156/17 3073/155/17 3127/154/17
s 1
f 3074/142/170 3077/152/170 3129/153/170
f 3128/153/379 3078/152/164 3130/164/171
f 3078/152/164 3083/151/164 3130/164/171
f 3132/163/172 3080/161/380 3134/162/172
f 3081/161/165 3086/149/165 3133/162/165
f 3086/149/165 3089/150/165 3133/162/165
f 3090/150/162 3093/149/162 3136/162/162
f 3136/162/162 3093/149/162 3137/161/162
f 3094/148/338 3098/140/163 3140/151/163
f 3140/151/163 3098/140/163 3142/152/163
f 3099/140/165 3100/141/248 3141/152/165
f 3144/152/172 3101/141/172 3147/142/172
f 3146/142/253 3102/141/381 3149/143/381
f 3103/141/377 3105/132/250 3148/143/377
f 3151/144/174 3106/133/174 3153/145/174
f 3106/133/174 3108/134/174 3153/145/174
f 3109/134/174 3114/147/174 3152/145/174
f 3114/147/174 3116/146/174 3152/145/174
f 3155/145/173 3117/146/173 3159/160/173
f 3118/146/178 3122/145/178 3158/160/178
f 3158/160/178 3122/145/178 3161/159/178
f 3123/145/178 3125/158/178 3160/159/178
s 0
f 3163/167/17 3126/156/17 3164/170/17
f 3126/156/17 3127/154/17 3164/170/17
f 3127/154/17 3131/165/17 3164/170/17
s 1
f 3132/163/172 3134/162/172 3167/169/172
f 3166/169/170 3135/162/170 3168/163/170
f 3135/162/170 3138/161/170 3168/163/170
f 3139/151/314 3143/152/164 3170/164/171
f 3170/164/171 3143/152/164 3172/153/171
f 3144/152/172 3147/142/172 3171/153/172
s 0
f 3173/154/17 3145/155/17 3175/156/17
s 1
f 3146/142/253 3149/143/381 3174/157/254
f 3150/144/173 3154/145/173 3176/158/173
f 3176/158/173 3154/145/173 3178/159/173
f 3155/145/173 3159/160/173 3177/159/173
s 0
f 3180/167/17 3156/168/17 3183/166/17
f 3157/168/17 3162/167/17 3182/166/17
f 3163/167/17 3164/170/17 3181/166/17
f 3165/170/17 3169/165/17 3184/166/17
f 3169/165/17 3173/154/17 3184/166/17
f 3173/154/17 3175/156/17 3184/166/17
f 3186/11/4 3189/10/4 3193/12/4
f 3189/10/4 3194/13/4 3193/12/4
f 3195/13/1 3196/10/1 3192/12/1
f 3192/12/1 3196/10/1 3200/11/1
s 1
f 3199/11/2 3197/10/3 3203/9/3
f 3197/10/3 3204/8/3 3203/9/3
s 0
f 3202/9/4 3205/8/4 3208/7/4
f 3205/8/4 3209/6/4 3208/7/4
s 1
f 3207/7/8 3210/6/6 3214/5/5
f 3210/6/6 3215/4/6 3214/5/5
s 0
f 3213/5/7 3216/4/7 3220/3/7
f 3216/4/7 3221/2/7 3220/3/7
f 3222/2/7 3223/1/7 3219/3/7
f 3219/3/7 3223/1/7 3228/14/7
f 3227/14/11 3224/1/11 3232/3/11
f 3224/1/11 3233/2/11 3232/3/11
f 3234/2/11 3235/4/11 3231/3/11
f 3231/3/11 3235/4/11 3240/5/11
s 1
f 3236/4/185 3241/6/185 3239/5/185
f 3239/5/185 3241/6/185 3245/7/382
s 0
f 3242/6/1 3246/8/1 3244/7/1
f 3244/7/1 3246/8/1 3249/9/1
s 1
f 3247/8/76 3188/10/76 3248/9/76
f 3188/10/76 3187/11/76 3248/9/76
s 0
f 3250/26/12 3185/28/12 3253/27/12
f 3253/27/189 3185/28/189 3257/29/189
f 3185/28/12 3190/30/12 3257/29/12
f 3191/30/12 3198/28/12 3256/29/12
f 3256/29/12 3198/28/12 3260/27/12
f 3198/28/12 3201/26/12 3260/27/12
f 3260/27/12 3201/26/12 3263/25/12
f 3201/26/189 3206/24/189 3263/25/189
f 3263/25/12 3206/24/12 3266/23/12
f 3206/24/12 3211/22/12 3266/23/12
f 3266/23/12 3211/22/12 3267/21/12
f 3270/20/12 3212/19/12 3274/17/12
f 3212/19/12 3217/18/12 3274/17/12
f 3218/18/12 3225/16/12 3273/17/12
f 3273/17/12 3225/16/12 3278/15/12
f 3277/15/13 3226/16/13 3282/17/13
f 3226/16/12 3229/18/12 3282/17/12
f 3230/18/12 3237/19/12 3281/17/12
f 3281/17/12 3237/19/12 3283/20/12
f 3286/21/12 3238/22/12 3289/23/12
f 3238/22/189 3243/24/189 3289/23/189
f 3289/23/12 3243/24/12 3290/25/12
f 3243/24/12 3250/26/12 3290/25/12
f 3250/26/12 3253/27/12 3290/25/12
s 1
f 3292/25/3 3251/27/3 3293/37/3
s 0
f 3295/37/4 3252/27/4 3296/38/4
f 3252/27/4 3254/29/4 3296/38/4
f 3255/29/1 3258/27/1 3299/38/1
f 3299/38/1 3258/27/1 3300/37/1
s 1
f 3259/27/3 3261/25/3 3302/37/3
f 3302/37/3 3261/25/3 3303/36/3
s 0
f 3262/25/4 3264/23/4 3305/36/4
f 3305/36/4 3264/23/4 3306/35/4
s 1
f 3265/23/5 3268/21/5 3308/35/5
f 3308/35/5 3268/21/5 3309/34/5
s 0
f 3269/20/7 3271/17/7 3312/33/7
f 3312/33/7 3271/17/7 3316/32/7
f 3315/32/7 3272/17/7 3317/31/7
f 3272/17/7 3275/15/7 3317/31/7
f 3276/15/11 3279/17/11 3320/31/11
f 3320/31/11 3279/17/11 3324/32/11
f 3323/32/11 3280/17/11 3325/33/11
f 3280/17/11 3284/20/11 3325/33/11
s 1
f 3328/34/185 3285/21/185 3329/35/185
f 3285/21/185 3287/23/185 3329/35/185
s 0
f 3331/35/1 3288/23/1 3333/36/1
f 3288/23/1 3291/25/1 3333/36/1
s 1
f 3292/25/3 3293/37/3 3332/36/76
s 0
f 3334/36/17 3294/37/17 3337/45/17
f 3294/37/17 3297/38/17 3337/45/17
f 3337/45/17 3297/38/17 3341/46/17
f 3340/46/17 3298/38/17 3344/45/17
f 3298/38/17 3301/37/17 3344/45/17
f 3301/37/17 3304/36/17 3344/45/17
f 3344/45/17 3304/36/17 3347/44/17
f 3304/36/17 3307/35/17 3347/44/17
f 3347/44/17 3307/35/17 3350/43/17
f 3307/35/19 3310/34/19 3350/43/19
f 3350/43/18 3310/34/18 3351/42/18
f 3311/33/17 3313/32/17 3354/41/17
f 3354/41/17 3313/32/17 3358/39/17
f 3357/39/17 3314/32/17 3362/40/17
f 3314/32/17 3318/31/17 3362/40/17
f 3319/31/17 3321/32/17 3361/40/17
f 3361/40/17 3321/32/17 3366/39/17
f 3365/39/17 3322/32/17 3367/41/17
f 3322/32/17 3326/33/17 3367/41/17
f 3370/42/17 3327/34/17 3373/43/17
f 3327/34/17 3330/35/17 3373/43/17
f 3373/43/17 3330/35/17 3374/44/17
f 3330/35/17 3334/36/17 3374/44/17
f 3334/36/19 3337/45/19 3374/44/19
s 1
f 3376/44/24 3335/45/24 3377/53/24
f 3336/45/27 3338/46/27 3380/53/27
f 3380/53/27 3338/46/27 3381/54/27
f 3384/54/22 3339/46/22 3385/53/22
f 3339/46/22 3342/45/22 3385/53/22
f 3343/45/26 3345/44/26 3388/53/24
f 3388/53/24 3345/44/26 3389/52/24
f 3346/44/27 3348/43/27 3392/52/27
f 3392/52/27 3348/43/27 3393/51/27
f 3349/43/31 3352/42/31 3396/51/31
f 3396/51/31 3352/42/31 3397/50/31
f 3353/41/32 3355/39/32 3400/47/32
f 3400/47/32 3355/39/32 3404/48/33
f 3403/48/32 3356/39/32 3405/49/32
f 3356/39/32 3359/40/32 3405/49/32
f 3360/40/20 3363/39/20 3408/49/292
f 3408/49/292 3363/39/20 3412/48/20
f 3411/48/20 3364/39/20 3413/47/21
f 3364/39/20 3368/41/21 3413/47/21
f 3416/50/193 3369/42/194 3417/51/258
f 3369/42/194 3371/43/194 3417/51/258
f 3420/51/22 3372/43/22 3422/52/22
f 3372/43/22 3375/44/22 3422/52/22
f 3376/44/24 3377/53/24 3421/52/26
f 3424/52/42 3378/53/43 3426/60/43
f 3426/60/43 3378/53/43 3430/61/43
f 3429/61/346 3379/53/346 3434/62/383
f 3379/53/346 3382/54/383 3434/62/383
f 3383/54/39 3386/53/40 3433/62/39
f 3433/62/39 3386/53/40 3437/61/40
f 3436/61/43 3387/53/319 3440/60/43
f 3387/53/319 3390/52/43 3440/60/43
f 3439/60/45 3391/52/45 3443/59/45
f 3391/52/45 3394/51/45 3443/59/45
f 3442/59/48 3395/51/47 3444/55/47
f 3395/51/47 3398/50/384 3444/55/47
f 3446/56/49 3399/47/49 3450/57/49
f 3399/47/49 3401/48/49 3450/57/49
f 3402/48/49 3406/49/343 3449/57/49
f 3449/57/49 3406/49/343 3454/58/343
f 3453/58/38 3407/49/38 3458/57/38
f 3407/49/38 3409/48/38 3458/57/38
f 3410/48/38 3414/47/38 3457/57/38
f 3457/57/38 3414/47/38 3459/56/38
f 3415/50/201 3418/51/200 3461/55/200
f 3461/55/200 3418/51/200 3463/59/385
f 3419/51/39 3423/52/39 3462/59/39
f 3423/52/39 3427/60/39 3462/59/39
f 3464/63/296 3425/71/386 3467/70/211
f 3467/70/211 3425/71/386 3470/72/264
f 3425/71/386 3428/73/203 3470/72/264
f 3470/72/264 3428/73/203 3473/74/62
f 3428/73/203 3431/75/68 3473/74/62
f 3473/74/62 3431/75/68 3474/76/68
f 3477/76/58 3432/75/58 3480/74/264
f 3432/75/58 3435/73/60 3480/74/264
f 3480/74/264 3435/73/60 3483/72/387
f 3435/73/60 3438/71/298 3483/72/387
f 3483/72/387 3438/71/298 3486/70/69
f 3438/71/298 3441/63/265 3486/70/69
f 3486/70/69 3441/63/265 3489/65/66
f 3441/63/265 3445/64/65 3489/65/66
f 3445/64/65 3447/66/67 3489/65/66
f 3489/65/66 3447/66/67 3493/67/67
f 3492/67/67 3448/66/67 3494/68/67
f 3448/66/67 3451/69/67 3494/68/67
f 3452/69/388 3455/66/389 3497/68/388
f 3497/68/388 3455/66/389 3501/67/389
f 3500/67/57 3456/66/57 3502/65/295
f 3456/66/57 3460/64/390 3502/65/295
f 3460/64/390 3464/63/296 3502/65/295
f 3464/63/296 3467/70/211 3502/65/295
f 3504/65/391 3465/70/391 3506/77/216
f 3511/84/84 3508/77/84 3514/81/84
s 0
f 3505/77/1 3466/70/1 3513/81/1
f 3466/70/1 3468/72/1 3513/81/1
s 1
f 3516/81/3 3469/72/392 3517/82/3
f 3469/72/392 3471/74/76 3517/82/3
s 0
f 3520/82/4 3472/74/4 3521/83/4
f 3472/74/4 3475/76/4 3521/83/4
f 3476/76/1 3478/74/1 3524/83/1
f 3524/83/1 3478/74/1 3525/82/1
s 1
f 3479/74/3 3481/72/3 3528/82/76
f 3528/82/76 3481/72/3 3529/81/76
s 0
f 3482/72/4 3484/70/4 3532/81/4
f 3532/81/4 3484/70/4 3533/77/4
s 1
f 3485/70/8 3487/65/8 3536/77/5
f 3536/77/5 3487/65/8 3537/78/5
s 0
f 3488/65/7 3490/67/7 3540/78/7
f 3540/78/7 3490/67/7 3544/79/7
f 3491/67/7 3495/68/7 3543/79/7
f 3543/79/7 3495/68/7 3545/80/7
f 3548/80/11 3496/68/11 3552/79/11
f 3496/68/11 3498/67/11 3552/79/11
f 3551/79/11 3499/67/11 3554/78/11
f 3499/67/11 3503/65/11 3554/78/11
s 1
f 3504/65/391 3506/77/216 3553/78/216
f 3507/77/393 3512/84/222 3556/78/222
f 3556/78/222 3512/84/222 3557/85/222
f 3560/94/394 3509/92/394 3561/93/227
f 3564/93/273 3510/92/273 3565/91/105
f 3511/84/84 3514/81/84 3568/88/84
f 3567/88/88 3515/81/87 3572/89/88
f 3515/81/87 3518/82/304 3572/89/88
f 3571/89/90 3519/82/90 3576/90/89
f 3519/82/90 3522/83/89 3576/90/89
f 3523/83/85 3526/82/84 3575/90/85
f 3575/90/85 3526/82/84 3580/89/84
f 3527/82/322 3530/81/322 3579/89/88
f 3579/89/88 3530/81/322 3584/88/87
f 3583/88/218 3531/81/218 3588/84/89
f 3531/81/218 3534/77/89 3588/84/89
f 3535/77/94 3538/78/95 3587/84/219
f 3587/84/219 3538/78/95 3592/85/219
f 3591/85/79 3539/78/79 3596/86/79
f 3539/78/79 3541/79/79 3596/86/79
f 3542/79/79 3546/80/79 3595/86/272
f 3595/86/272 3546/80/79 3600/87/79
f 3599/87/83 3547/80/82 3602/86/82
f 3547/80/82 3549/79/82 3602/86/82
f 3550/79/82 3555/78/82 3601/86/82
f 3555/78/82 3558/85/83 3601/86/82
f 3607/99/225 3604/97/225 3609/98/102
f 3604/97/225 3559/96/102 3609/98/102
f 3560/94/394 3561/93/227 3612/95/329
f 3611/95/236 3562/93/236 3613/110/360
f 3614/110/124 3563/93/331 3616/103/331
f 3564/93/273 3565/91/105 3615/103/105
f 3618/103/107 3566/91/395 3619/104/107
f 3566/91/395 3569/105/395 3619/104/107
f 3570/106/109 3573/107/109 3622/108/109
f 3622/108/109 3573/107/109 3623/109/109
f 3626/109/273 3574/107/273 3627/108/273
f 3574/107/273 3577/106/273 3627/108/273
f 3578/105/395 3581/91/395 3630/104/395
f 3630/104/395 3581/91/395 3631/103/395
f 3634/103/108 3582/91/108 3635/93/108
f 3582/91/108 3585/92/108 3635/93/108
f 3586/92/111 3589/94/111 3638/93/396
f 3638/93/396 3589/94/111 3639/95/352
f 3590/96/97 3593/97/97 3642/98/97
f 3642/98/97 3593/97/97 3646/99/97
f 3645/99/97 3594/97/97 3648/101/97
f 3594/97/97 3597/102/97 3648/101/97
f 3598/102/102 3603/97/102 3647/101/102
f 3603/97/102 3608/99/102 3647/101/102
f 3650/101/103 3605/99/103 3651/100/104
f 3606/99/103 3610/98/103 3652/100/104
f 3652/100/104 3610/98/103 3653/112/120
f 3611/95/236 3613/110/360 3654/111/360
f 3654/111/360 3613/110/360 3655/119/239
f 3656/119/143 3614/110/124 3657/115/124
f 3614/110/124 3616/103/331 3657/115/124
f 3658/115/397 3617/103/127 3659/116/229
f 3617/103/127 3620/104/127 3659/116/229
f 3660/117/129 3621/108/128 3661/118/136
f 3621/108/128 3624/109/128 3661/118/136
f 3625/109/331 3628/108/331 3662/118/398
f 3662/118/398 3628/108/331 3663/117/121
f 3629/104/126 3632/103/126 3664/116/125
f 3664/116/125 3632/103/126 3665/115/125
f 3666/115/129 3633/103/128 3667/110/129
f 3633/103/128 3636/93/128 3667/110/129
f 3637/93/137 3640/95/137 3668/110/274
f 3668/110/274 3640/95/137 3669/111/274
f 3670/112/113 3641/98/112 3671/100/399
f 3641/98/112 3643/99/112 3671/100/399
f 3644/99/112 3649/101/112 3672/100/399
f 3672/100/399 3649/101/112 3673/114/113
f 3650/101/103 3651/100/104 3674/114/120
f 3674/114/120 3651/100/104 3675/113/119
f 3652/100/104 3653/112/120 3676/113/119
f 3676/113/119 3653/112/120 3677/121/141
f 3654/111/360 3655/119/239 3678/120/400
f 3678/120/400 3655/119/239 3679/129/281
f 3682/129/155 3656/119/143 3683/125/143
f 3656/119/143 3657/115/124 3683/125/143
f 3684/125/401 3658/115/397 3685/126/401
f 3658/115/397 3659/116/229 3685/126/401
f 3686/127/147 3660/117/129 3687/128/402
f 3660/117/129 3661/118/136 3687/128/402
f 3662/118/398 3663/117/121 3688/128/403
f 3688/128/403 3663/117/121 3689/127/404
f 3664/116/125 3665/115/125 3690/126/308
f 3690/126/308 3665/115/125 3691/125/308
f 3692/125/147 3666/115/129 3693/119/147
f 3666/115/129 3667/110/129 3693/119/147
f 3668/110/274 3669/111/274 3694/119/309
f 3694/119/309 3669/111/274 3695/120/405
f 3696/121/139 3670/112/113 3697/113/406
f 3670/112/113 3671/100/399 3697/113/406
f 3672/100/399 3673/114/113 3698/113/407
f 3698/113/407 3673/114/113 3699/124/139
f 3674/114/120 3675/113/119 3700/124/141
f 3700/124/141 3675/113/119 3704/123/142
f 3676/113/119 3677/121/141 3703/123/142
f 3703/123/142 3677/121/141 3705/122/142
f 3678/120/400 3679/129/281 3708/130/408
f 3707/130/245 3680/129/245 3710/131/245
f 3716/141/174 3712/131/174 3717/140/174
s 0
f 3709/131/1 3681/129/1 3720/140/1
f 3720/140/1 3681/129/1 3722/136/1
s 1
f 3682/129/155 3683/125/143 3721/136/155
f 3724/136/409 3684/125/401 3725/137/157
f 3684/125/401 3685/126/401 3725/137/157
f 3728/138/158 3686/127/147 3729/139/158
f 3686/127/147 3687/128/402 3729/139/158
f 3688/128/403 3689/127/404 3732/139/155
f 3732/139/155 3689/127/404 3733/138/155
f 3690/126/308 3691/125/308 3736/137/157
f 3736/137/157 3691/125/308 3737/136/282
f 3740/136/158 3692/125/147 3742/129/158
f 3692/125/147 3693/119/147 3742/129/158
f 3694/119/309 3695/120/405 3741/129/161
f 3748/131/168 3744/129/168 3750/130/168
f 3741/129/161 3695/120/405 3749/130/161
f 3752/122/152 3696/121/139 3756/123/152
f 3696/121/139 3697/113/406 3756/123/152
f 3698/113/407 3699/124/139 3755/123/152
f 3755/123/152 3699/124/139 3758/135/152
f 3700/124/141 3704/123/142 3757/135/142
s 0
f 3760/135/11 3701/123/11 3764/134/11
f 3763/134/11 3702/123/11 3765/133/11
f 3702/123/11 3706/122/11 3765/133/11
s 1
f 3707/130/245 3710/131/245 3768/132/245
f 3711/131/250 3713/141/250 3767/132/250
f 3767/132/250 3713/141/250 3772/143/250
f 3771/143/253 3714/141/253 3775/142/254
f 3774/142/173 3715/141/173 3777/152/173
f 3716/141/174 3717/140/174 3776/152/174
f 3779/152/337 3718/140/166 3782/151/166
f 3782/151/166 3718/140/166 3785/148/175
f 3719/140/156 3723/136/156 3784/148/156
f 3723/136/156 3726/137/156 3784/148/156
s 0
f 3787/149/4 3727/138/4 3788/150/4
f 3727/138/4 3730/139/4 3788/150/4
f 3731/139/1 3734/138/1 3791/150/1
f 3791/150/1 3734/138/1 3792/149/1
s 1
f 3735/137/156 3738/136/156 3795/148/156
f 3795/148/156 3738/136/156 3797/140/156
s 0
f 3739/136/4 3743/129/4 3796/140/4
f 3743/129/4 3745/131/4 3796/140/4
s 1
f 3799/140/167 3746/131/167 3800/141/167
f 3803/141/169 3747/131/169 3805/132/179
f 3748/131/168 3750/130/168 3804/132/168
s 0
f 3751/122/7 3753/123/7 3807/133/7
f 3807/133/7 3753/123/7 3811/134/7
f 3754/123/7 3759/135/7 3810/134/7
f 3810/134/7 3759/135/7 3813/147/7
f 3760/135/11 3764/134/11 3812/147/11
s 1
f 3819/146/165 3815/147/165 3821/145/165
f 3815/147/165 3761/134/165 3821/145/165
f 3762/134/248 3766/133/165 3820/145/248
f 3766/133/165 3769/144/165 3820/145/248
f 3823/145/172 3770/144/172 3825/158/172
f 3771/143/253 3775/142/254 3824/157/254
s 0
f 3826/156/17 3773/155/17 3827/154/17
s 1
f 3774/142/173 3777/152/173 3829/153/173
f 3828/153/182 3778/152/176 3830/164/182
f 3778/152/176 3783/151/176 3830/164/182
f 3832/163/178 3780/161/178 3834/162/178
f 3781/161/167 3786/149/167 3833/162/167
f 3786/149/167 3789/150/167 3833/162/167
f 3790/150/174 3793/149/174 3836/162/174
f 3836/162/174 3793/149/174 3837/161/174
f 3794/148/410 3798/140/337 3840/151/166
f 3840/151/166 3798/140/337 3842/152/411
f 3799/140/167 3800/141/167 3841/152/167
f 3844/152/178 3801/141/178 3847/142/178
f 3846/142/183 3802/141/181 3849/143/181
f 3803/141/169 3805/132/179 3848/143/169
f 3851/144/162 3806/133/162 3853/145/162
f 3806/133/162 3808/134/162 3853/145/162
f 3809/134/162 3814/147/162 3852/145/162
f 3814/147/162 3816/146/162 3852/145/162
f 3855/145/170 3817/146/170 3859/160/170
f 3818/146/172 3822/145/172 3858/160/172
f 3858/160/172 3822/145/172 3861/159/172
f 3823/145/172 3825/158/172 3860/159/172
s 0
f 3863/167/17 3826/156/17 3864/170/17
f 3826/156/17 3827/154/17 3864/170/17
f 3827/154/17 3831/165/17 3864/170/17
s 1
f 3832/163/178 3834/162/178 3867/169/178
f 3866/169/173 3835/162/173 3868/163/173
f 3835/162/173 3838/161/173 3868/163/173
f 3839/151/182 3843/152/182 3870/164/177
f 3870/164/177 3843/152/182 3872/153/251
f 3844/152/178 3847/142/178 3871/153/178
s 0
f 3873/154/17 3845/155/17 3875/156/17
s 1
f 3846/142/183 3849/143/181 3874/157/371
f 3850/144/170 3854/145/170 3876/158/170
f 3876/158/170 3854/145/170 3878/159/170
f 3855/145/170 3859/160/170 3877/159/170
s 0
f 3880/167/17 3856/168/17 3883/166/17
f 3857/168/17 3862/167/17 3882/166/17
f 3863/167/17 3864/170/17 3881/166/17
f 3865/170/17 3869/165/17 3884/166/17
f 3869/165/17 3873/154/17 3884/166/17
f 3873/154/17 3875/156/17 3884/166/17
f 3886/171/1 3887/4/1 3890/180/1
f 3890/180/1 3887/4/1 3895/5/1
s 1
f 3888/4/3 3896/6/3 3894/5/266
f 3894/5/266 3896/6/3 3900/7/76
s 0
f 3897/6/4 3901/8/4 3899/7/4
f 3899/7/4 3901/8/4 3905/9/4
s 1
f 3902/8/8 3906/10/8 3904/9/15
f 3904/9/15 3906/10/8 3910/11/5
s 0
f 3907/10/7 3911/179/7 3909/11/7
f 3909/11/7 3911/179/7 3915/178/7
s 1
f 3912/179/10 3916/177/10 3914/178/10
f 3914/178/10 3916/177/10 3918/176/16
s 0
f 3917/175/11 3921/172/11 3920/174/11
f 3920/174/11 3921/172/11 3924/173/11
s 1
f 3922/172/184 3885/171/184 3923/173/185
f 3885/171/184 3891/180/185 3923/173/185
s 0
f 3925/182/12 3889/181/12 3928/183/12
f 3928/183/12 3889/181/12 3929/20/12
f 3889/181/12 3892/19/12 3929/20/12
f 3932/21/12 3893/22/12 3935/23/12
f 3893/22/12 3898/24/12 3935/23/12
f 3935/23/12 3898/24/12 3938/25/12
f 3898/24/12 3903/26/12 3938/25/12
f 3938/25/12 3903/26/12 3941/27/12
f 3903/26/13 3908/28/13 3941/27/13
f 3941/27/12 3908/28/12 3944/188/12
f 3908/28/12 3913/187/12 3944/188/12
f 3944/188/12 3913/187/12 3947/186/12
f 3913/187/12 3919/185/12 3947/186/12
f 3947/186/12 3919/185/12 3948/184/12
f 3919/185/12 3925/182/12 3948/184/12
f 3925/182/12 3928/183/12 3948/184/12
s 1
f 3950/184/185 3926/183/185 3951/189/185
s 0
f 3953/189/1 3927/183/1 3954/33/1
f 3927/183/1 3930/20/1 3954/33/1
s 1
f 3957/34/3 3931/21/3 3958/35/3
f 3931/21/3 3933/23/3 3958/35/3
s 0
f 3960/35/4 3934/23/4 3961/36/4
f 3934/23/4 3936/25/4 3961/36/4
s 1
f 3963/36/5 3937/25/5 3964/37/5
f 3937/25/5 3939/27/5 3964/37/5
s 0
f 3966/37/7 3940/27/7 3967/192/7
f 3940/27/7 3942/188/7 3967/192/7
s 1
f 3969/192/10 3943/188/10 3970/191/10
f 3943/188/10 3945/186/10 3970/191/10
s 0
f 3972/191/11 3946/186/11 3974/190/11
f 3946/186/11 3949/184/11 3974/190/11
s 1
f 3950/184/185 3951/189/185 3973/190/185
s 0
f 3975/190/17 3952/189/17 3978/193/17
f 3978/193/17 3952/189/17 3979/41/17
f 3952/189/17 3955/33/17 3979/41/17
f 3982/42/18 3956/34/18 3985/43/18
f 3956/34/19 3959/35/19 3985/43/19
f 3985/43/17 3959/35/17 3988/44/17
f 3959/35/17 3962/36/17 3988/44/17
f 3988/44/17 3962/36/17 3991/45/17
f 3962/36/17 3965/37/17 3991/45/17
f 3991/45/17 3965/37/17 3994/196/17
f 3965/37/17 3968/192/17 3994/196/17
f 3994/196/19 3968/192/19 3997/195/19
f 3968/192/18 3971/191/18 3997/195/18
f 3997/195/17 3971/191/17 3998/194/17
f 3971/191/17 3975/190/17 3998/194/17
f 3975/190/17 3978/193/17 3998/194/17
s 1
f 4000/194/193 3976/193/193 4001/197/258
f 4004/197/22 3977/193/23 4005/47/22
f 3977/193/23 3980/41/22 4005/47/22
f 4008/50/412 3981/42/413 4009/51/25
f 3981/42/413 3983/43/26 4009/51/25
f 4012/51/27 3984/43/27 4013/52/27
f 3984/43/27 3986/44/27 4013/52/27
f 4016/52/30 3987/44/190 4017/53/30
f 3987/44/190 3989/45/291 4017/53/30
f 4020/53/32 3990/45/32 4021/200/33
f 3990/45/32 3992/196/32 4021/200/33
f 4024/200/259 3993/196/192 4025/199/259
f 3993/196/192 3995/195/192 4025/199/259
f 4028/199/20 3996/195/20 4030/198/292
f 3996/195/20 3999/194/21 4030/198/292
f 4000/194/193 4001/197/258 4029/198/258
f 4032/198/318 4002/197/200 4034/202/200
f 4034/202/200 4002/197/200 4038/201/201
f 4003/197/40 4006/47/40 4037/201/40
f 4037/201/40 4006/47/40 4039/56/40
f 4007/50/319 4010/51/42 4041/55/42
f 4041/55/42 4010/51/42 4044/59/42
f 4011/51/45 4014/52/45 4043/59/45
f 4043/59/45 4014/52/45 4047/60/45
f 4015/52/414 4018/53/384 4046/60/50
f 4046/60/50 4018/53/384 4050/61/384
f 4019/53/49 4022/200/49 4049/61/49
f 4049/61/49 4022/200/49 4053/204/49
f 4023/200/196 4026/199/36 4052/204/36
f 4052/204/36 4026/199/36 4055/203/345
f 4027/199/38 4031/198/198 4054/203/38
f 4031/198/198 4035/202/198 4054/203/38
f 4057/210/294 4033/208/208 4061/209/261
f 4061/209/261 4033/208/208 4064/207/295
f 4033/208/208 4036/206/296 4064/207/295
f 4064/207/295 4036/206/296 4067/205/297
f 4036/206/296 4040/64/60 4067/205/297
f 4067/205/297 4040/64/60 4070/65/264
f 4040/64/60 4042/63/415 4070/65/264
f 4070/65/264 4042/63/415 4073/70/299
f 4042/63/415 4045/71/265 4073/70/299
f 4073/70/299 4045/71/265 4076/72/416
f 4045/71/265 4048/73/65 4076/72/416
f 4076/72/416 4048/73/65 4079/74/66
f 4048/73/65 4051/214/54 4079/74/66
f 4079/74/66 4051/214/54 4080/213/72
f 4051/214/54 4056/212/417 4080/213/72
f 4056/212/417 4058/211/56 4080/213/72
f 4082/213/214 4059/211/214 4083/218/74
s 0
f 4086/217/11 4060/209/11 4087/216/11
f 4060/209/11 4062/207/11 4087/216/11
s 1
f 4090/216/215 4063/207/216 4091/215/215
f 4063/207/216 4065/205/301 4091/215/215
s 0
f 4094/215/1 4066/205/1 4095/78/1
f 4066/205/1 4068/65/1 4095/78/1
s 1
f 4098/78/266 4069/65/3 4099/77/76
f 4069/65/3 4071/70/3 4099/77/76
s 0
f 4102/77/4 4072/70/4 4103/81/4
f 4072/70/4 4074/72/4 4103/81/4
s 1
f 4106/81/5 4075/72/418 4107/82/5
f 4075/72/418 4077/74/8 4107/82/5
s 0
f 4110/82/7 4078/74/7 4112/219/7
f 4078/74/7 4081/213/7 4112/219/7
s 1
f 4082/213/214 4083/218/74 4111/219/74
f 4114/219/81 4084/218/303 4115/223/220
f 4085/217/82 4088/216/82 4118/222/82
f 4118/222/82 4088/216/82 4122/221/82
f 4121/221/222 4089/216/222 4126/220/222
f 4089/216/222 4092/215/222 4126/220/222
f 4093/215/84 4096/78/84 4125/220/84
f 4125/220/84 4096/78/84 4130/85/84
f 4129/85/217 4097/78/87 4134/84/88
f 4097/78/87 4100/77/304 4134/84/88
f 4101/77/90 4104/81/89 4133/84/90
f 4133/84/90 4104/81/89 4138/88/89
f 4137/88/92 4105/81/94 4142/89/94
f 4105/81/94 4108/82/94 4142/89/94
f 4109/82/79 4113/219/79 4141/89/79
f 4141/89/79 4113/219/79 4144/224/272
f 4114/219/81 4115/223/220 4143/224/220
f 4146/225/100 4116/234/100 4147/235/100
f 4117/233/102 4119/231/225 4150/232/102
f 4150/232/102 4119/231/225 4151/230/225
f 4154/229/419 4120/228/329 4155/226/227
f 4120/228/329 4123/227/329 4155/226/227
f 4124/227/273 4127/96/273 4158/226/273
f 4158/226/273 4127/96/273 4159/98/273
f 4162/95/107 4128/94/395 4163/93/107
f 4128/94/395 4131/92/395 4163/93/107
f 4132/92/108 4135/91/109 4166/93/108
f 4166/93/108 4135/91/109 4167/103/109
f 4170/103/111 4136/91/111 4171/104/111
f 4136/91/111 4139/105/111 4171/104/111
f 4140/106/97 4145/225/97 4174/108/97
f 4174/108/97 4145/225/97 4176/236/97
f 4146/225/100 4147/235/100 4175/236/354
f 4178/236/232 4148/235/232 4179/241/234
f 4149/232/103 4152/230/103 4180/240/120
f 4180/240/120 4152/230/103 4181/239/120
f 4182/238/237 4153/229/236 4183/237/237
f 4153/229/236 4156/226/236 4183/237/237
f 4157/226/331 4160/98/331 4184/237/124
f 4184/237/124 4160/98/331 4185/112/121
f 4186/111/420 4161/95/126 4187/110/125
f 4161/95/126 4164/93/126 4187/110/125
f 4165/93/128 4168/103/128 4188/110/129
f 4188/110/129 4168/103/128 4189/115/129
f 4190/115/274 4169/103/421 4191/116/274
f 4169/103/421 4172/104/422 4191/116/274
f 4173/108/112 4177/236/112 4192/117/113
f 4192/117/113 4177/236/112 4193/242/113
f 4178/236/232 4179/241/234 4194/242/234
f 4194/242/234 4179/241/234 4195/247/423
f 4180/240/120 4181/239/120 4196/246/141
f 4196/246/141 4181/239/120 4197/245/141
f 4198/244/240 4182/238/237 4199/243/240
f 4182/238/237 4183/237/237 4199/243/240
f 4184/237/124 4185/112/121 4200/243/404
f 4200/243/404 4185/112/121 4201/121/404
f 4202/120/308 4186/111/420 4203/119/308
f 4186/111/420 4187/110/125 4203/119/308
f 4188/110/129 4189/115/129 4204/119/147
f 4204/119/147 4189/115/129 4205/125/147
f 4206/125/278 4190/115/274 4207/126/278
f 4190/115/274 4191/116/274 4207/126/278
f 4192/117/113 4193/242/113 4208/127/139
f 4208/127/139 4193/242/113 4209/248/139
f 4194/242/234 4195/247/423 4210/248/423
f 4210/248/423 4195/247/423 4211/254/153
f 4196/246/141 4197/245/141 4214/253/142
f 4214/253/142 4197/245/141 4215/252/142
f 4222/257/246 4217/251/246 4224/250/246
f 4218/251/281 4198/244/240 4223/250/424
f 4198/244/240 4199/243/240 4223/250/424
f 4200/243/404 4201/121/404 4226/250/155
f 4226/250/155 4201/121/404 4227/122/155
f 4234/131/156 4229/130/156 4236/129/156
f 4230/130/425 4202/120/308 4235/129/282
f 4202/120/308 4203/119/308 4235/129/282
f 4204/119/147 4205/125/147 4238/129/158
f 4238/129/158 4205/125/147 4239/136/158
f 4242/136/161 4206/125/278 4243/137/161
f 4206/125/278 4207/126/278 4243/137/161
f 4208/127/139 4209/248/139 4246/138/152
f 4246/138/152 4209/248/139 4248/249/152
f 4210/248/423 4211/254/153 4247/249/153
f 4250/249/154 4212/254/154 4251/255/247
s 0
f 4254/260/11 4213/253/11 4255/259/11
f 4213/253/11 4216/252/11 4255/259/11
s 1
f 4217/251/246 4222/257/246 4258/258/245
f 4257/258/250 4219/257/250 4259/264/250
f 4262/264/174 4220/257/174 4264/133/174
s 0
f 4221/257/1 4225/250/1 4263/133/1
f 4225/250/1 4228/122/1 4263/133/1
s 1
f 4229/130/156 4234/131/156 4266/132/156
f 4265/132/166 4231/131/175 4267/141/166
f 4270/141/167 4232/131/167 4272/140/167
s 0
f 4233/131/4 4237/129/4 4271/140/4
f 4237/129/4 4240/136/4 4271/140/4
s 1
f 4274/140/168 4241/136/168 4275/148/168
f 4241/136/168 4244/137/168 4275/148/168
s 0
f 4278/149/7 4245/138/7 4280/256/7
f 4245/138/7 4249/249/7 4280/256/7
s 1
f 4250/249/154 4251/255/247 4279/256/247
f 4282/256/311 4252/255/311 4283/262/163
f 4253/260/165 4256/259/165 4286/261/165
f 4286/261/165 4256/259/165 4287/266/165
f 4257/258/250 4259/264/250 4290/265/250
f 4289/265/253 4260/264/253 4293/271/254
f 4292/271/173 4261/264/173 4295/144/173
f 4262/264/174 4264/133/174 4294/144/174
f 4265/132/166 4267/141/166 4297/143/426
f 4296/143/176 4268/141/176 4300/142/176
f 4299/142/178 4269/141/178 4302/152/178
f 4270/141/167 4272/140/167 4301/152/167
f 4304/152/179 4273/140/169 4305/151/179
f 4273/140/169 4276/148/169 4305/151/179
f 4277/149/162 4281/256/162 4308/161/162
f 4308/161/162 4281/256/162 4310/263/162
f 4282/256/311 4283/262/163 4309/263/163
f 4312/263/164 4284/262/164 4313/268/171
f 4285/261/172 4288/266/172 4315/267/172
f 4315/267/172 4288/266/172 4317/273/172
f 4289/265/253 4293/271/254 4316/272/253
s 0
f 4318/275/17 4291/276/17 4321/156/17
s 1
f 4292/271/173 4295/144/173 4320/158/173
f 4296/143/176 4300/142/176 4319/157/251
s 0
f 4321/156/17 4298/155/17 4322/154/17
s 1
f 4299/142/178 4302/152/178 4324/153/178
f 4323/153/183 4303/152/371 4325/164/181
f 4303/152/371 4306/151/378 4325/164/181
f 4307/161/170 4311/263/170 4327/163/170
f 4327/163/170 4311/263/170 4329/269/170
f 4312/263/164 4313/268/171 4328/269/171
s 0
f 4314/274/17 4318/275/17 4330/270/17
f 4318/275/17 4321/156/17 4330/270/17
f 4321/156/17 4322/154/17 4330/270/17
f 4332/171/7 4333/4/7 4336/180/7
f 4336/180/7 4333/4/7 4341/5/7
s 1
f 4334/4/10 4342/6/10 4340/5/10
f 4340/5/10 4342/6/10 4346/7/10
s 0
f 4343/6/11 4347/8/11 4345/7/11
f 4345/7/11 4347/8/11 4351/9/11
s 1
f 4348/8/185 4352/10/185 4350/9/256
f 4350/9/256 4352/10/185 4356/11/256
s 0
f 4353/10/1 4357/179/1 4355/11/1
f 4355/11/1 4357/179/1 4361/178/1
s 1
f 4358/179/3 4362/177/3 4360/178/3
f 4360/178/3 4362/177/3 4364/176/3
s 0
f 4363/175/4 4367/172/4 4366/174/4
f 4366/174/4 4367/172/4 4370/173/4
s 1
f 4368/172/5 4331/171/15 4369/173/15
f 4331/171/15 4337/180/8 4369/173/15
s 0
f 4371/182/13 4335/181/13 4374/183/13
f 4374/183/12 4335/181/12 4375/20/12
f 4335/181/12 4338/19/12 4375/20/12
f 4378/21/12 4339/22/12 4381/23/12
f 4339/22/12 4344/24/12 4381/23/12
f 4381/23/12 4344/24/12 4384/25/12
f 4344/24/12 4349/26/12 4384/25/12
f 4384/25/12 4349/26/12 4387/27/12
f 4349/26/12 4354/28/12 4387/27/12
f 4387/27/12 4354/28/12 4390/188/12
f 4354/28/12 4359/187/12 4390/188/12
f 4390/188/12 4359/187/12 4393/186/12
f 4359/187/12 4365/185/12 4393/186/12
f 4393/186/12 4365/185/12 4394/184/12
f 4365/185/12 4371/182/12 4394/184/12
f 4371/182/12 4374/183/12 4394/184/12
s 1
f 4396/184/8 4372/183/5 4397/189/8
s 0
f 4399/189/7 4373/183/7 4400/33/7
f 4373/183/7 4376/20/7 4400/33/7
s 1
f 4403/34/10 4377/21/10 4404/35/10
f 4377/21/10 4379/23/10 4404/35/10
s 0
f 4406/35/11 4380/23/11 4407/36/11
f 4380/23/11 4382/25/11 4407/36/11
s 1
f 4409/36/185 4383/25/185 4410/37/185
f 4383/25/185 4385/27/185 4410/37/185
s 0
f 4412/37/1 4386/27/1 4413/192/1
f 4386/27/1 4388/188/1 4413/192/1
s 1
f 4415/192/3 4389/188/76 4416/191/76
f 4389/188/76 4391/186/76 4416/191/76
s 0
f 4418/191/4 4392/186/4 4420/190/4
f 4392/186/4 4395/184/4 4420/190/4
s 1
f 4396/184/8 4397/189/8 4419/190/8
s 0
f 4421/190/17 4398/189/17 4424/193/17
f 4424/193/17 4398/189/17 4425/41/17
f 4398/189/17 4401/33/17 4425/41/17
f 4428/42/19 4402/34/19 4431/43/19
f 4402/34/18 4405/35/18 4431/43/18
f 4431/43/17 4405/35/17 4434/44/17
f 4405/35/17 4408/36/17 4434/44/17
f 4434/44/17 4408/36/17 4437/45/17
f 4408/36/17 4411/37/17 4437/45/17
f 4437/45/17 4411/37/17 4440/196/17
f 4411/37/17 4414/192/17 4440/196/17
f 4440/196/18 4414/192/18 4443/195/18
f 4414/192/19 4417/191/19 4443/195/19
f 4443/195/17 4417/191/17 4444/194/17
f 4417/191/17 4421/190/17 4444/194/17
f 4421/190/17 4424/193/17 4444/194/17
s 1
f 4446/194/190 4422/193/190 4447/197/30
f 4450/197/32 4423/193/191 4451/47/32
f 4423/193/191 4426/41/32 4451/47/32
f 4454/50/192 4427/42/35 4455/51/35
f 4427/42/35 4429/43/35 4455/51/35
f 4458/51/20 4430/43/20 4459/52/292
f 4430/43/20 4432/44/21 4459/52/292
f 4462/52/258 4433/44/193 4463/53/194
f 4433/44/193 4435/45/193 4463/53/194
f 4466/53/22 4436/45/22 4467/200/23
f 4436/45/22 4438/196/22 4467/200/23
f 4470/200/26 4439/196/24 4471/199/26
f 4439/196/24 4441/195/24 4471/199/26
f 4474/199/27 4442/195/27 4476/198/27
f 4442/195/27 4445/194/27 4476/198/27
f 4446/194/190 4447/197/30 4475/198/30
f 4478/198/50 4448/197/50 4480/202/50
f 4480/202/50 4448/197/50 4484/201/47
f 4449/197/49 4452/47/52 4483/201/49
f 4483/201/49 4452/47/52 4485/56/52
f 4453/50/196 4456/51/196 4487/55/196
f 4487/55/196 4456/51/196 4490/59/36
f 4457/51/38 4460/52/38 4489/59/38
f 4489/59/38 4460/52/38 4493/60/38
f 4461/52/427 4464/53/201 4492/60/201
f 4492/60/201 4464/53/201 4496/61/201
f 4465/53/40 4468/200/39 4495/61/40
f 4495/61/40 4468/200/39 4499/204/39
f 4469/200/428 4472/199/43 4498/204/42
f 4498/204/42 4472/199/43 4501/203/43
f 4473/199/45 4477/198/45 4500/203/45
f 4477/198/45 4481/202/45 4500/203/45
f 4503/210/429 4479/208/265 4507/209/299
f 4507/209/299 4479/208/265 4510/207/64
f 4479/208/265 4482/206/65 4510/207/64
f 4510/207/64 4482/206/65 4513/205/66
f 4482/206/65 4486/64/54 4513/205/66
f 4513/205/66 4486/64/54 4516/65/72
f 4486/64/54 4488/63/294 4516/65/72
f 4516/65/72 4488/63/294 4519/70/56
f 4488/63/294 4491/71/208 4519/70/56
f 4519/70/56 4491/71/208 4522/72/295
f 4491/71/208 4494/73/296 4522/72/295
f 4522/72/295 4494/73/296 4525/74/297
f 4494/73/296 4497/214/60 4525/74/297
f 4525/74/297 4497/214/60 4526/213/264
f 4497/214/60 4502/212/61 4526/213/264
f 4502/212/61 4504/211/387 4526/213/264
f 4528/213/430 4505/211/3 4529/218/3
s 0
f 4532/217/4 4506/209/4 4533/216/4
f 4506/209/4 4508/207/4 4533/216/4
s 1
f 4536/216/5 4509/207/5 4537/215/5
f 4509/207/5 4511/205/5 4537/215/5
s 0
f 4540/215/7 4512/205/7 4541/78/7
f 4512/205/7 4514/65/7 4541/78/7
s 1
f 4544/78/214 4515/65/214 4545/77/214
f 4515/65/214 4517/70/214 4545/77/214
s 0
f 4548/77/11 4518/70/11 4549/81/11
f 4518/70/11 4520/72/11 4549/81/11
s 1
f 4552/81/215 4521/72/215 4553/82/215
f 4521/72/215 4523/74/215 4553/82/215
s 0
f 4556/82/1 4524/74/1 4558/219/1
f 4524/74/1 4527/213/1 4558/219/1
s 1
f 4528/213/430 4529/218/3 4557/219/3
f 4560/219/87 4530/218/87 4561/223/88
f 4531/217/90 4534/216/89 4564/222/90
f 4564/222/90 4534/216/89 4568/221/89
f 4567/221/91 4535/216/95 4572/220/94
f 4535/216/95 4538/215/219 4572/220/94
f 4539/215/79 4542/78/79 4571/220/79
f 4571/220/79 4542/78/79 4576/85/79
f 4575/85/81 4543/78/81 4580/84/303
f 4543/78/81 4546/77/303 4580/84/303
f 4547/77/82 4550/81/83 4579/84/82
f 4579/84/82 4550/81/83 4584/88/83
f 4583/88/222 4551/81/222 4588/89/222
f 4551/81/222 4554/82/222 4588/89/222
f 4555/82/84 4559/219/84 4587/89/84
f 4587/89/84 4559/219/84 4590/224/84
f 4560/219/87 4561/223/88 4589/224/217
f 4592/225/395 4562/234/395 4593/235/107
f 4563/233/108 4565/231/109 4596/232/108
f 4596/232/108 4565/231/109 4597/230/109
f 4600/229/111 4566/228/111 4601/226/111
f 4566/228/111 4569/227/111 4601/226/111
f 4570/227/97 4573/96/97 4604/226/97
f 4604/226/97 4573/96/97 4605/98/97
f 4608/95/354 4574/94/100 4609/93/100
f 4574/94/100 4577/92/100 4609/93/100
f 4578/92/102 4581/91/225 4612/93/102
f 4612/93/102 4581/91/225 4613/103/225
f 4616/103/227 4582/91/227 4617/104/227
f 4582/91/227 4585/105/227 4617/104/227
f 4586/106/273 4591/225/273 4620/108/273
f 4620/108/273 4591/225/273 4622/236/273
f 4592/225/395 4593/235/107 4621/236/107
f 4624/236/126 4594/235/126 4625/241/125
f 4595/232/128 4598/230/128 4626/240/130
f 4626/240/130 4598/230/128 4627/239/130
f 4628/238/274 4599/229/431 4629/237/274
f 4599/229/431 4602/226/137 4629/237/274
f 4603/226/112 4606/98/112 4630/237/113
f 4630/237/113 4606/98/112 4631/112/113
f 4632/111/432 4607/95/233 4633/110/234
f 4607/95/233 4610/93/233 4633/110/234
f 4611/93/235 4614/103/235 4634/110/117
f 4634/110/117 4614/103/235 4635/115/117
f 4636/115/237 4615/103/236 4637/116/433
f 4615/103/236 4618/104/236 4637/116/433
f 4619/108/331 4623/236/331 4638/117/121
f 4638/117/121 4623/236/331 4639/242/121
f 4624/236/126 4625/241/125 4640/242/125
f 4640/242/125 4625/241/125 4641/247/308
f 4626/240/130 4627/239/130 4642/246/147
f 4642/246/147 4627/239/130 4643/245/147
f 4644/244/309 4628/238/274 4645/243/278
f 4628/238/274 4629/237/274 4645/243/278
f 4630/237/113 4631/112/113 4646/243/139
f 4646/243/139 4631/112/113 4647/121/139
f 4648/120/275 4632/111/432 4649/119/305
f 4632/111/432 4633/110/234 4649/119/305
f 4634/110/117 4635/115/117 4650/119/307
f 4650/119/307 4635/115/117 4651/125/141
f 4652/125/239 4636/115/237 4653/126/239
f 4636/115/237 4637/116/433 4653/126/239
f 4638/117/121 4639/242/121 4654/127/404
f 4654/127/404 4639/242/121 4655/248/404
f 4640/242/125 4641/247/308 4656/248/308
f 4656/248/308 4641/247/308 4657/254/157
f 4642/246/147 4643/245/147 4660/253/158
f 4660/253/158 4643/245/147 4661/252/158
f 4668/257/168 4663/251/283 4670/250/168
f 4664/251/159 4644/244/309 4669/250/159
f 4644/244/309 4645/243/278 4669/250/159
f 4646/243/139 4647/121/139 4672/250/152
f 4672/250/152 4647/121/139 4673/122/152
f 4680/131/154 4675/130/154 4682/129/247
f 4676/130/280 4648/120/275 4681/129/280
f 4648/120/275 4649/119/305 4681/129/280
f 4650/119/307 4651/125/141 4684/129/142
f 4684/129/142 4651/125/141 4685/136/142
f 4688/136/281 4652/125/239 4689/137/281
f 4652/125/239 4653/126/239 4689/137/281
f 4654/127/404 4655/248/404 4692/138/155
f 4692/138/155 4655/248/404 4694/249/155
f 4656/248/308 4657/254/157 4693/249/157
f 4696/249/156 4658/254/156 4697/255/156
s 0
f 4700/260/4 4659/253/4 4701/259/4
f 4659/253/4 4662/252/4 4701/259/4
s 1
f 4663/251/283 4668/257/168 4704/258/168
f 4703/258/169 4665/257/169 4705/264/169
f 4708/264/162 4666/257/162 4710/133/162
s 0
f 4667/257/7 4671/250/7 4709/133/7
f 4671/250/7 4674/122/7 4709/133/7
s 1
f 4675/130/154 4680/131/154 4712/132/154
f 4711/132/311 4677/131/312 4713/141/163
f 4716/141/165 4678/131/165 4718/140/165
s 0
f 4679/131/11 4683/129/11 4717/140/11
f 4683/129/11 4686/136/11 4717/140/11
s 1
f 4720/140/245 4687/136/245 4721/148/245
f 4687/136/245 4690/137/245 4721/148/245
s 0
f 4724/149/1 4691/138/1 4726/256/1
f 4691/138/1 4695/249/1 4726/256/1
s 1
f 4696/249/156 4697/255/156 4725/256/285
f 4728/256/166 4698/255/410 4729/262/166
f 4699/260/167 4702/259/167 4732/261/167
f 4732/261/167 4702/259/167 4733/266/167
f 4703/258/169 4705/264/169 4736/265/169
f 4735/265/181 4706/264/371 4739/271/181
f 4738/271/170 4707/264/170 4741/144/170
f 4708/264/162 4710/133/162 4740/144/162
f 4711/132/311 4713/141/163 4743/143/163
f 4742/143/164 4714/141/314 4746/142/171
f 4745/142/172 4715/141/172 4748/152/172
f 4716/141/165 4718/140/165 4747/152/165
f 4750/152/250 4719/140/250 4751/151/250
f 4719/140/250 4722/148/434 4751/151/250
f 4723/149/174 4727/256/174 4754/161/174
f 4754/161/174 4727/256/174 4756/263/174
f 4728/256/166 4729/262/166 4755/263/166
f 4758/263/176 4730/262/176 4759/268/177
f 4731/261/178 4734/266/178 4761/267/178
f 4761/267/178 4734/266/178 4763/273/178
f 4735/265/181 4739/271/181 4762/272/183
s 0
f 4764/275/17 4737/276/17 4767/156/17
s 1
f 4738/271/170 4741/144/170 4766/158/170
f 4742/143/164 4746/142/171 4765/157/171
s 0
f 4767/156/17 4744/155/17 4768/154/17
s 1
f 4745/142/172 4748/152/172 4770/153/172
f 4769/153/254 4749/152/253 4771/164/254
f 4749/152/253 4752/151/253 4771/164/254
f 4753/161/173 4757/263/173 4773/163/173
f 4773/163/173 4757/263/173 4775/269/173
f 4758/263/176 4759/268/177 4774/269/177
s 0
f 4760/274/17 4764/275/17 4776/270/17
f 4764/275/17 4767/156/17 4776/270/17
f 4767/156/17 4768/154/17 4776/270/17
s 1
f 4778/171/16 4779/172/10 4783/173/16
s 0
f 4782/173/11 4780/172/11 4784/174/11
f 4780/172/11 4787/175/11 4784/174/11
s 1
f 4786/176/184 4788/177/185 4791/178/185
f 4788/177/185 4792/179/184 4791/178/185
s 0
f 4790/178/1 4793/179/1 4796/11/1
f 4793/179/1 4797/10/1 4796/11/1
s 1
f 4795/11/3 4798/10/3 4801/9/3
f 4798/10/3 4802/8/3 4801/9/3
s 0
f 4800/9/4 4803/8/4 4806/7/4
f 4803/8/4 4807/6/4 4806/7/4
s 1
f 4805/7/8 4808/6/5 4812/5/8
f 4808/6/5 4813/4/5 4812/5/8
s 0
f 4811/5/7 4814/4/7 4816/180/7
f 4814/4/7 4777/171/7 4816/180/7
s 1
f 4778/171/16 4783/173/16 4815/180/16
s 0
f 4817/181/12 4781/182/12 4820/183/12
f 4820/183/12 4781/182/12 4823/184/12
f 4781/182/13 4785/185/13 4823/184/13
f 4823/184/12 4785/185/12 4826/186/12
f 4785/185/12 4789/187/12 4826/186/12
f 4826/186/12 4789/187/12 4829/188/12
f 4789/187/12 4794/28/12 4829/188/12
f 4829/188/12 4794/28/12 4832/27/12
f 4794/28/12 4799/26/12 4832/27/12
f 4832/27/12 4799/26/12 4835/25/12
f 4799/26/189 4804/24/189 4835/25/189
f 4835/25/12 4804/24/12 4838/23/12
f 4804/24/12 4809/22/12 4838/23/12
f 4838/23/12 4809/22/12 4839/21/12
f 4810/19/12 4817/181/12 4842/20/12
f 4817/181/12 4820/183/12 4842/20/12
f 4841/20/7 4818/183/7 4846/33/7
f 4846/33/7 4818/183/7 4847/189/7
s 1
f 4819/183/10 4821/184/10 4849/189/10
f 4849/189/10 4821/184/10 4850/190/10
s 0
f 4822/184/11 4824/186/11 4852/190/11
f 4852/190/11 4824/186/11 4853/191/11
s 1
f 4825/186/185 4827/188/185 4855/191/185
f 4855/191/185 4827/188/185 4856/192/185
s 0
f 4828/188/1 4830/27/1 4858/192/1
f 4858/192/1 4830/27/1 4859/37/1
s 1
f 4831/27/76 4833/25/3 4861/37/3
f 4861/37/3 4833/25/3 4862/36/3
s 0
f 4834/25/4 4836/23/4 4864/36/4
f 4864/36/4 4836/23/4 4866/35/4
s 1
f 4837/23/5 4840/21/5 4865/35/5
f 4840/21/5 4843/34/8 4865/35/5
s 0
f 4867/35/19 4844/34/19 4870/43/19
f 4870/43/18 4844/34/18 4871/42/18
f 4845/33/17 4848/189/17 4874/41/17
f 4874/41/17 4848/189/17 4877/193/17
f 4848/189/17 4851/190/17 4877/193/17
f 4877/193/17 4851/190/17 4880/194/17
f 4851/190/17 4854/191/17 4880/194/17
f 4880/194/17 4854/191/17 4883/195/17
f 4854/191/18 4857/192/18 4883/195/18
f 4883/195/19 4857/192/19 4886/196/19
f 4857/192/17 4860/37/17 4886/196/17
f 4886/196/17 4860/37/17 4889/45/17
f 4860/37/17 4863/36/17 4889/45/17
f 4889/45/17 4863/36/17 4890/44/17
f 4863/36/17 4867/35/17 4890/44/17
f 4867/35/17 4870/43/17 4890/44/17
s 1
f 4892/44/27 4868/43/27 4896/52/27
f 4896/52/27 4868/43/27 4897/51/27
f 4869/43/31 4872/42/31 4900/51/31
f 4900/51/31 4872/42/31 4901/50/31
f 4873/41/33 4875/193/33 4904/47/32
f 4904/47/32 4875/193/33 4905/197/33
f 4876/193/35 4878/194/192 4908/197/192
f 4908/197/192 4878/194/192 4909/198/192
f 4879/194/21 4881/195/20 4912/198/20
f 4912/198/20 4881/195/20 4913/199/20
f 4882/195/258 4884/196/193 4916/199/193
f 4916/199/193 4884/196/193 4917/200/193
f 4885/196/23 4887/45/22 4920/200/22
f 4920/200/22 4887/45/22 4922/53/22
f 4888/45/26 4891/44/26 4921/53/24
f 4891/44/26 4893/52/25 4921/53/24
f 4924/53/42 4894/52/43 4927/60/43
f 4926/60/45 4895/52/45 4930/59/45
f 4895/52/45 4898/51/45 4930/59/45
f 4929/59/50 4899/51/50 4931/55/50
f 4899/51/50 4902/50/384 4931/55/50
f 4933/56/52 4903/47/52 4936/201/49
f 4903/47/52 4906/197/435 4936/201/49
f 4935/201/196 4907/197/36 4939/202/36
f 4907/197/36 4910/198/197 4939/202/36
f 4938/202/198 4911/198/198 4943/203/38
f 4911/198/198 4914/199/38 4943/203/38
f 4942/203/201 4915/199/436 4946/204/200
f 4915/199/436 4918/200/427 4946/204/200
f 4945/204/39 4919/200/39 4948/61/40
f 4919/200/39 4923/53/40 4948/61/40
f 4924/53/42 4927/60/43 4947/61/43
f 4949/73/60 4925/71/429 4952/72/387
f 4952/72/387 4925/71/429 4955/70/69
f 4925/71/429 4928/63/70 4955/70/69
f 4955/70/69 4928/63/70 4958/65/347
f 4928/63/70 4932/64/65 4958/65/347
f 4958/65/347 4932/64/65 4961/205/72
f 4932/64/65 4934/206/54 4961/205/72
f 4961/205/72 4934/206/54 4964/207/437
f 4934/206/54 4937/208/294 4964/207/437
f 4964/207/437 4937/208/294 4965/209/262
f 4937/208/294 4940/210/208 4965/209/262
f 4968/211/295 4941/212/210 4971/213/297
f 4941/212/210 4944/214/296 4971/213/297
f 4971/213/297 4944/214/296 4972/74/264
f 4944/214/296 4949/73/60 4972/74/264
f 4949/73/60 4952/72/387 4972/74/264
f 4974/74/3 4950/72/3 4978/82/3
f 4978/82/3 4950/72/3 4979/81/266
s 0
f 4951/72/4 4953/70/4 4982/81/4
f 4982/81/4 4953/70/4 4983/77/4
s 1
f 4954/70/8 4956/65/5 4986/77/5
f 4986/77/5 4956/65/5 4987/78/5
s 0
f 4957/65/7 4959/205/7 4990/78/7
f 4990/78/7 4959/205/7 4991/215/7
s 1
f 4960/205/214 4962/207/214 4994/215/214
f 4994/215/214 4962/207/214 4995/216/214
s 0
f 4963/207/11 4966/209/11 4998/216/11
f 4998/216/11 4966/209/11 4999/217/11
s 1
f 4967/211/215 4969/213/215 5002/218/215
f 5002/218/215 4969/213/215 5004/219/215
s 0
f 4970/213/1 4973/74/1 5003/219/1
f 4973/74/1 4975/82/1 5003/219/1
s 1
f 5006/219/84 4976/82/84 5010/89/84
f 4977/82/322 4980/81/87 5009/89/88
f 5009/89/88 4980/81/87 5014/88/88
f 5013/88/90 4981/81/90 5018/84/89
f 4981/81/90 4984/77/89 5018/84/89
f 4985/77/91 4988/78/438 5017/84/219
f 5017/84/219 4988/78/438 5022/85/95
f 5021/85/79 4989/78/79 5026/220/79
f 4989/78/79 4992/215/79 5026/220/79
f 4993/215/303 4996/216/303 5025/220/81
f 5025/220/81 4996/216/303 5030/221/81
f 5029/221/82 4997/216/82 5031/222/82
f 4997/216/82 5000/217/82 5031/222/82
f 5001/218/221 5005/219/222 5034/223/270
f 5034/223/270 5005/219/222 5036/224/270
f 5006/219/84 5010/89/84 5035/224/84
f 5038/225/273 5007/106/273 5039/108/273
f 5008/105/107 5011/91/107 5042/104/395
f 5042/104/395 5011/91/107 5043/103/395
f 5046/103/109 5012/91/109 5047/93/108
f 5012/91/109 5015/92/108 5047/93/108
f 5016/92/111 5019/94/111 5050/93/111
f 5050/93/111 5019/94/111 5051/95/439
f 5054/98/97 5020/96/97 5055/226/97
f 5020/96/97 5023/227/97 5055/226/97
f 5024/227/100 5027/228/100 5058/226/100
f 5058/226/100 5027/228/100 5059/229/100
f 5062/230/225 5028/231/225 5063/232/102
f 5028/231/225 5032/233/102 5063/232/102
f 5033/234/440 5037/225/227 5066/235/227
f 5066/235/227 5037/225/227 5068/236/227
f 5038/225/273 5039/108/273 5067/236/273
f 5070/236/331 5040/108/331 5071/117/121
f 5041/104/127 5044/103/127 5072/116/125
f 5072/116/125 5044/103/127 5073/115/125
f 5074/115/129 5045/103/128 5075/110/129
f 5045/103/128 5048/93/128 5075/110/129
f 5049/93/137 5052/95/137 5076/110/274
f 5076/110/274 5052/95/137 5077/111/274
f 5078/112/113 5053/98/112 5079/237/113
f 5053/98/112 5056/226/112 5079/237/113
f 5057/226/232 5060/229/232 5080/237/234
f 5080/237/234 5060/229/232 5081/238/234
f 5082/239/117 5061/230/235 5083/240/120
f 5061/230/235 5064/232/235 5083/240/120
f 5065/235/236 5069/236/236 5084/241/433
f 5084/241/433 5069/236/236 5085/242/433
f 5070/236/331 5071/117/121 5086/242/121
f 5086/242/121 5071/117/121 5087/127/404
f 5072/116/125 5073/115/125 5088/126/277
f 5088/126/277 5073/115/125 5089/125/277
f 5090/125/147 5074/115/129 5091/119/147
f 5074/115/129 5075/110/129 5091/119/147
f 5076/110/274 5077/111/274 5092/119/309
f 5092/119/309 5077/111/274 5093/120/441
f 5094/121/139 5078/112/113 5095/243/139
f 5078/112/113 5079/237/113 5095/243/139
f 5080/237/234 5081/238/234 5096/243/305
f 5096/243/305 5081/238/234 5097/244/305
f 5098/245/307 5082/239/117 5099/246/307
f 5082/239/117 5083/240/120 5099/246/307
f 5084/241/433 5085/242/433 5100/247/239
f 5100/247/239 5085/242/433 5101/248/239
f 5086/242/121 5087/127/404 5102/248/404
f 5106/249/155 5102/248/404 5107/138/155
f 5102/248/404 5087/127/404 5107/138/155
f 5088/126/277 5089/125/277 5110/137/157
f 5114/148/156 5109/137/156 5116/136/156
f 5110/137/157 5089/125/277 5115/136/242
f 5118/136/158 5090/125/147 5120/129/158
f 5090/125/147 5091/119/147 5120/129/158
f 5092/119/309 5093/120/441 5119/129/161
f 5126/131/168 5122/129/168 5128/130/168
f 5119/129/161 5093/120/441 5127/130/161
f 5130/122/152 5094/121/139 5131/250/152
f 5094/121/139 5095/243/139 5131/250/152
f 5096/243/305 5097/244/305 5134/250/280
f 5134/250/280 5097/244/305 5135/251/280
f 5138/252/142 5098/245/307 5139/253/142
f 5098/245/307 5099/246/307 5139/253/142
f 5100/247/239 5101/248/239 5142/254/281
f 5101/248/239 5103/249/281 5142/254/281
f 5141/254/245 5104/249/245 5146/255/245
f 5146/255/245 5104/249/245 5148/256/245
s 0
f 5105/249/1 5108/138/1 5147/256/1
f 5108/138/1 5111/149/1 5147/256/1
s 1
f 5150/256/174 5112/149/174 5151/161/174
f 5154/151/166 5113/148/175 5157/140/166
f 5114/148/156 5116/136/156 5156/140/156
s 0
f 5117/136/4 5121/129/4 5155/140/4
f 5121/129/4 5123/131/4 5155/140/4
s 1
f 5158/140/167 5124/131/167 5159/141/167
f 5162/141/169 5125/131/169 5164/132/179
f 5126/131/168 5128/130/168 5163/132/168
s 0
f 5129/122/7 5132/250/7 5166/133/7
f 5166/133/7 5132/250/7 5167/257/7
s 1
f 5133/250/154 5136/251/154 5170/257/154
f 5170/257/154 5136/251/154 5171/258/154
s 0
f 5137/252/11 5140/253/11 5174/259/11
f 5140/253/11 5143/260/11 5174/259/11
s 1
f 5173/259/165 5144/260/165 5175/261/165
f 5145/255/250 5149/256/250 5178/262/250
f 5178/262/250 5149/256/250 5180/263/250
f 5150/256/174 5151/161/174 5179/263/174
f 5182/263/173 5152/161/173 5183/163/173
f 5185/164/251 5153/151/176 5188/152/182
f 5154/151/166 5157/140/166 5187/152/166
f 5158/140/167 5159/141/167 5186/152/167
f 5189/152/178 5160/141/178 5192/142/178
f 5191/142/371 5161/141/183 5194/143/181
f 5162/141/169 5164/132/179 5193/143/169
f 5196/144/162 5165/133/162 5197/264/162
f 5165/133/162 5168/257/162 5197/264/162
f 5169/257/163 5172/258/163 5200/264/311
f 5200/264/311 5172/258/163 5201/265/311
f 5173/259/165 5175/261/165 5204/266/165
f 5203/266/172 5176/261/172 5205/267/172
f 5177/262/253 5181/263/253 5207/268/253
f 5207/268/253 5181/263/253 5209/269/254
f 5182/263/173 5183/163/173 5208/269/173
s 0
f 5210/270/17 5184/165/17 5213/154/17
s 1
f 5185/164/251 5188/152/182 5212/153/251
f 5189/152/178 5192/142/178 5211/153/178
s 0
f 5213/154/442 5190/155/442 5215/156/442
s 1
f 5191/142/371 5194/143/181 5214/157/371
f 5216/158/170 5195/144/170 5219/271/170
f 5195/144/170 5198/264/170 5219/271/170
f 5199/264/164 5202/265/164 5218/271/164
f 5218/271/164 5202/265/164 5221/272/164
f 5203/266/172 5205/267/172 5220/273/172
s 0
f 5206/274/17 5210/270/17 5222/275/17
f 5210/270/17 5213/154/17 5222/275/17
f 5213/154/17 5215/156/17 5222/275/17
f 5224/171/1 5225/4/1 5228/180/1
f 5228/180/1 5225/4/1 5233/5/1
s 1
f 5226/4/3 5234/6/3 5232/5/3
f 5232/5/3 5234/6/3 5238/7/3
s 0
f 5235/6/4 5239/8/4 5237/7/4
f 5237/7/4 5239/8/4 5243/9/4
s 1
f 5240/8/8 5244/10/15 5242/9/5
f 5242/9/5 5244/10/15 5248/11/5
s 0
f 5245/10/7 5249/179/7 5247/11/7
f 5247/11/7 5249/179/7 5253/178/7
s 1
f 5250/179/74 5254/177/74 5252/178/74
f 5252/178/74 5254/177/74 5256/176/74
s 0
f 5255/175/11 5259/172/11 5258/174/11
f 5258/174/11 5259/172/11 5262/173/11
s 1
f 5260/172/215 5223/171/215 5261/173/215
f 5223/171/215 5229/180/215 5261/173/215
s 0
f 5263/182/12 5227/181/12 5266/183/12
f 5266/183/12 5227/181/12 5267/20/12
f 5227/181/12 5230/19/12 5267/20/12
f 5270/21/12 5231/22/12 5273/23/12
f 5231/22/12 5236/24/12 5273/23/12
f 5273/23/12 5236/24/12 5276/25/12
f 5236/24/12 5241/26/12 5276/25/12
f 5276/25/12 5241/26/12 5279/27/12
f 5241/26/13 5246/28/13 5279/27/13
f 5279/27/12 5246/28/12 5282/188/12
f 5246/28/12 5251/187/12 5282/188/12
f 5282/188/12 5251/187/12 5285/186/12
f 5251/187/12 5257/185/12 5285/186/12
f 5285/186/12 5257/185/12 5286/184/12
f 5257/185/12 5263/182/12 5286/184/12
f 5263/182/12 5266/183/12 5286/184/12
s 1
f 5288/184/185 5264/183/185 5289/189/185
s 0
f 5291/189/1 5265/183/1 5292/33/1
f 5265/183/1 5268/20/1 5292/33/1
s 1
f 5295/34/3 5269/21/3 5296/35/3
f 5269/21/3 5271/23/3 5296/35/3
s 0
f 5298/35/4 5272/23/4 5299/36/4
f 5272/23/4 5274/25/4 5299/36/4
s 1
f 5301/36/5 5275/25/5 5302/37/5
f 5275/25/5 5277/27/5 5302/37/5
s 0
f 5304/37/7 5278/27/7 5305/192/7
f 5278/27/7 5280/188/7 5305/192/7
s 1
f 5307/192/10 5281/188/10 5308/191/10
f 5281/188/10 5283/186/10 5308/191/10
s 0
f 5310/191/11 5284/186/11 5312/190/11
f 5284/186/11 5287/184/11 5312/190/11
s 1
f 5288/184/185 5289/189/185 5311/190/185
s 0
f 5313/190/17 5290/189/17 5316/193/17
f 5316/193/17 5290/189/17 5317/41/17
f 5290/189/17 5293/33/17 5317/41/17
f 5320/42/18 5294/34/18 5323/43/18
f 5294/34/19 5297/35/19 5323/43/19
f 5323/43/17 5297/35/17 5326/44/17
f 5297/35/17 5300/36/17 5326/44/17
f 5326/44/17 5300/36/17 5329/45/17
f 5300/36/17 5303/37/17 5329/45/17
f 5329/45/17 5303/37/17 5332/196/17
f 5303/37/17 5306/192/17 5332/196/17
f 5332/196/19 5306/192/19 5335/195/19
f 5306/192/17 5309/191/17 5335/195/17
f 5335/195/17 5309/191/17 5336/194/17
f 5309/191/17 5313/190/17 5336/194/17
f 5313/190/17 5316/193/17 5336/194/17
s 1
f 5338/194/443 5314/193/443 5339/197/258
f 5342/197/22 5315/193/22 5343/47/23
f 5315/193/22 5318/41/23 5343/47/23
f 5346/50/25 5319/42/24 5347/51/25
f 5319/42/24 5321/43/26 5347/51/25
f 5350/51/27 5322/43/27 5351/52/27
f 5322/43/27 5324/44/27 5351/52/27
f 5354/52/30 5325/44/190 5355/53/290
f 5325/44/190 5327/45/31 5355/53/290
f 5358/53/32 5328/45/32 5359/200/32
f 5328/45/32 5330/196/32 5359/200/32
f 5362/200/259 5331/196/192 5363/199/34
f 5331/196/192 5333/195/35 5363/199/34
f 5366/199/20 5334/195/20 5368/198/20
f 5334/195/20 5337/194/20 5368/198/20
f 5338/194/443 5339/197/258 5367/198/258
f 5370/198/436 5340/197/201 5372/202/201
f 5372/202/201 5340/197/201 5376/201/200
f 5341/197/40 5344/47/40 5375/201/40
f 5375/201/40 5344/47/40 5377/56/40
f 5345/50/444 5348/51/43 5379/55/43
f 5379/55/43 5348/51/43 5382/59/195
f 5349/51/45 5352/52/45 5381/59/45
f 5381/59/45 5352/52/45 5385/60/45
f 5353/52/50 5356/53/47 5384/60/47
f 5384/60/47 5356/53/47 5388/61/445
f 5357/53/49 5360/200/343 5387/61/49
f 5387/61/49 5360/200/343 5391/204/343
f 5361/200/36 5364/199/36 5390/204/196
f 5390/204/196 5364/199/36 5393/203/446
f 5365/199/38 5369/198/317 5392/203/38
f 5369/198/317 5373/202/317 5392/203/38
f 5395/210/294 5371/208/390 5399/209/261
f 5399/209/261 5371/208/390 5402/207/295
f 5371/208/390 5374/206/296 5402/207/295
f 5402/207/295 5374/206/296 5405/205/297
f 5374/206/296 5378/64/60 5405/205/297
f 5405/205/297 5378/64/60 5408/65/264
f 5378/64/60 5380/63/298 5408/65/264
f 5408/65/264 5380/63/298 5411/70/299
f 5380/63/298 5383/71/265 5411/70/299
f 5411/70/299 5383/71/265 5414/72/416
f 5383/71/265 5386/73/65 5414/72/416
f 5414/72/416 5386/73/65 5417/74/66
f 5386/73/65 5389/214/54 5417/74/66
f 5417/74/66 5389/214/54 5418/213/72
f 5389/214/54 5394/212/447 5418/213/72
f 5394/212/447 5396/211/448 5418/213/72
f 5420/213/214 5397/211/214 5421/218/75
s 0
f 5424/217/11 5398/209/11 5425/216/11
f 5398/209/11 5400/207/11 5425/216/11
s 1
f 5428/216/215 5401/207/215 5429/215/215
f 5401/207/215 5403/205/215 5429/215/215
s 0
f 5432/215/1 5404/205/1 5433/78/1
f 5404/205/1 5406/65/1 5433/78/1
s 1
f 5436/78/266 5407/65/430 5437/77/3
f 5407/65/430 5409/70/3 5437/77/3
s 0
f 5440/77/4 5410/70/4 5441/81/4
f 5410/70/4 5412/72/4 5441/81/4
s 1
f 5444/81/5 5413/72/5 5445/82/5
f 5413/72/5 5415/74/8 5445/82/5
s 0
f 5448/82/7 5416/74/7 5450/219/7
f 5416/74/7 5419/213/7 5450/219/7
s 1
f 5420/213/214 5421/218/75 5449/219/214
f 5452/219/303 5422/218/303 5453/223/220
f 5423/217/82 5426/216/83 5456/222/82
f 5456/222/82 5426/216/83 5460/221/83
f 5459/221/222 5427/216/222 5464/220/324
f 5427/216/222 5430/215/393 5464/220/324
f 5431/215/84 5434/78/84 5463/220/84
f 5463/220/84 5434/78/84 5468/85/84
f 5467/85/217 5435/78/322 5472/84/87
f 5435/78/322 5438/77/449 5472/84/87
f 5439/77/89 5442/81/90 5471/84/90
f 5471/84/90 5442/81/90 5476/88/90
f 5475/88/91 5443/81/438 5480/89/91
f 5443/81/438 5446/82/438 5480/89/91
f 5447/82/79 5451/219/79 5479/89/79
f 5479/89/79 5451/219/79 5482/224/79
f 5452/219/303 5453/223/220 5481/224/220
f 5484/225/100 5454/234/100 5485/235/224
f 5455/233/102 5457/231/225 5488/232/102
f 5488/232/102 5457/231/225 5489/230/225
f 5492/229/227 5458/228/227 5493/226/227
f 5458/228/227 5461/227/227 5493/226/227
f 5462/227/273 5465/96/273 5496/226/273
f 5496/226/273 5465/96/273 5497/98/273
f 5500/95/107 5466/94/395 5501/93/107
f 5466/94/395 5469/92/450 5501/93/107
f 5470/92/109 5473/91/109 5504/93/109
f 5504/93/109 5473/91/109 5505/103/109
f 5508/103/111 5474/91/111 5509/104/111
f 5474/91/111 5477/105/111 5509/104/111
f 5478/106/97 5483/225/97 5512/108/97
f 5512/108/97 5483/225/97 5514/236/97
f 5484/225/100 5485/235/224 5513/236/99
f 5516/236/232 5486/235/232 5517/241/234
f 5487/232/235 5490/230/235 5518/240/117
f 5518/240/117 5490/230/235 5519/239/117
f 5520/238/237 5491/229/236 5521/237/433
f 5491/229/236 5494/226/451 5521/237/433
f 5495/226/331 5498/98/331 5522/237/121
f 5522/237/121 5498/98/331 5523/112/121
f 5524/111/125 5499/95/452 5525/110/125
f 5499/95/452 5502/93/453 5525/110/125
f 5503/93/128 5506/103/128 5526/110/129
f 5526/110/129 5506/103/128 5527/115/129
f 5528/115/138 5507/103/132 5529/116/138
f 5507/103/132 5510/104/137 5529/116/138
f 5511/108/112 5515/236/112 5530/117/113
f 5530/117/113 5515/236/112 5531/242/113
f 5516/236/232 5517/241/234 5532/242/234
f 5532/242/234 5517/241/234 5533/247/238
f 5518/240/117 5519/239/117 5534/246/307
f 5534/246/307 5519/239/117 5535/245/141
f 5536/244/240 5520/238/237 5537/243/239
f 5520/238/237 5521/237/433 5537/243/239
f 5522/237/121 5523/112/121 5538/243/143
f 5538/243/143 5523/112/121 5539/121/404
f 5540/120/277 5524/111/125 5541/119/277
f 5524/111/125 5525/110/125 5541/119/277
f 5526/110/129 5527/115/129 5542/119/147
f 5542/119/147 5527/115/129 5543/125/147
f 5544/125/309 5528/115/138 5545/126/309
f 5528/115/138 5529/116/138 5545/126/309
f 5530/117/113 5531/242/113 5546/127/139
f 5546/127/139 5531/242/113 5547/248/139
f 5532/242/234 5533/247/238 5548/248/454
f 5548/248/454 5533/247/238 5549/254/455
f 5534/246/307 5535/245/141 5552/253/142
f 5552/253/142 5535/245/141 5553/252/142
f 5560/257/245 5555/251/245 5562/250/245
f 5556/251/281 5536/244/240 5561/250/281
f 5536/244/240 5537/243/239 5561/250/281
f 5538/243/143 5539/121/404 5564/250/155
f 5564/250/155 5539/121/404 5565/122/155
f 5572/131/156 5567/130/156 5574/129/156
f 5568/130/425 5540/120/277 5573/129/425
f 5540/120/277 5541/119/277 5573/129/425
f 5542/119/147 5543/125/147 5576/129/158
f 5576/129/158 5543/125/147 5577/136/158
f 5580/136/161 5544/125/309 5581/137/161
f 5544/125/309 5545/126/309 5581/137/161
f 5546/127/139 5547/248/139 5584/138/152
f 5584/138/152 5547/248/139 5586/249/152
f 5548/248/454 5549/254/455 5585/249/280
f 5588/249/154 5550/254/154 5589/255/154
s 0
f 5592/260/11 5551/253/11 5593/259/11
f 5551/253/11 5554/252/11 5593/259/11
s 1
f 5555/251/245 5560/257/245 5596/258/245
f 5595/258/250 5557/257/250 5597/264/250
f 5600/264/174 5558/257/174 5602/133/174
s 0
f 5559/257/1 5563/250/1 5601/133/1
f 5563/250/1 5566/122/1 5601/133/1
s 1
f 5567/130/156 5572/131/156 5604/132/156
f 5603/132/166 5569/131/166 5605/141/166
f 5608/141/167 5570/131/167 5610/140/167
s 0
f 5571/131/4 5575/129/4 5609/140/4
f 5575/129/4 5578/136/4 5609/140/4
s 1
f 5612/140/168 5579/136/168 5613/148/168
f 5579/136/168 5582/137/168 5613/148/168
s 0
f 5616/149/7 5583/138/7 5618/256/7
f 5583/138/7 5587/249/7 5618/256/7
s 1
f 5588/249/154 5589/255/154 5617/256/154
f 5620/256/163 5590/255/311 5621/262/163
f 5591/260/165 5594/259/165 5624/261/165
f 5624/261/165 5594/259/165 5625/266/165
f 5595/258/250 5597/264/250 5628/265/377
f 5627/265/381 5598/264/253 5631/271/254
f 5630/271/173 5599/264/173 5633/144/173
f 5600/264/174 5602/133/174 5632/144/174
f 5603/132/166 5605/141/166 5635/143/166
f 5634/143/182 5606/141/182 5638/142/251
f 5637/142/178 5607/141/178 5640/152/178
f 5608/141/167 5610/140/167 5639/152/167
f 5642/152/169 5611/140/169 5643/151/169
f 5611/140/169 5614/148/456 5643/151/169
f 5615/149/162 5619/256/162 5646/161/162
f 5646/161/162 5619/256/162 5648/263/162
f 5620/256/163 5621/262/163 5647/263/163
f 5650/263/314 5622/262/314 5651/268/171
f 5623/261/172 5626/266/172 5653/267/172
f 5653/267/172 5626/266/172 5655/273/172
f 5627/265/381 5631/271/254 5654/272/254
s 0
f 5656/275/17 5629/276/17 5659/156/17
s 1
f 5630/271/173 5633/144/173 5658/158/173
f 5634/143/182 5638/142/251 5657/157/251
s 0
f 5659/156/17 5636/155/17 5660/154/17
s 1
f 5637/142/178 5640/152/178 5662/153/178
f 5661/153/183 5641/152/181 5663/164/183
f 5641/152/181 5644/151/371 5663/164/183
f 5645/161/170 5649/263/170 5665/163/170
f 5665/163/170 5649/263/170 5667/269/170
f 5650/263/314 5651/268/171 5666/269/171
s 0
f 5652/274/17 5656/275/17 5668/270/17
f 5656/275/17 5659/156/17 5668/270/17
f 5659/156/17 5660/154/17 5668/270/17
f 5670/1/7 5671/2/7 5676/3/7
f 5672/2/7 5677/4/7 5675/3/7
f 5675/3/7 5677/4/7 5682/5/7
s 1
f 5678/4/214 5683/6/214 5681/5/74
f 5681/5/74 5683/6/214 5687/7/74
s 0
f 5684/6/11 5688/8/11 5686/7/11
f 5686/7/11 5688/8/11 5692/9/11
s 1
f 5689/8/215 5693/10/215 5691/9/215
f 5691/9/215 5693/10/215 5697/11/215
s 0
f 5696/11/1 5694/10/1 5701/12/1
f 5694/10/1 5702/13/1 5701/12/1
f 5703/13/11 5704/10/11 5700/12/11
f 5700/12/11 5704/10/11 5708/11/11
s 1
f 5707/11/382 5705/10/185 5711/9/185
f 5705/10/185 5712/8/185 5711/9/185
s 0
f 5710/9/1 5713/8/1 5716/7/1
f 5713/8/1 5717/6/1 5716/7/1
s 1
f 5715/7/76 5718/6/76 5722/5/76
f 5718/6/76 5723/4/76 5722/5/76
s 0
f 5721/5/4 5724/4/4 5728/3/4
f 5724/4/4 5729/2/4 5728/3/4
f 5730/2/4 5669/1/4 5727/3/4
f 5727/3/4 5669/1/4 5732/14/4
f 5670/1/7 5676/3/7 5731/14/7
f 5737/15/12 5734/16/12 5742/17/12
f 5734/16/12 5673/18/12 5742/17/12
f 5674/18/12 5679/19/12 5741/17/12
f 5741/17/12 5679/19/12 5743/20/12
f 5746/21/12 5680/22/12 5749/23/12
f 5680/22/12 5685/24/12 5749/23/12
f 5749/23/12 5685/24/12 5752/25/12
f 5685/24/12 5690/26/12 5752/25/12
f 5752/25/12 5690/26/12 5755/27/12
f 5690/26/12 5695/28/12 5755/27/12
f 5755/27/12 5695/28/12 5759/29/12
f 5695/28/12 5698/30/12 5759/29/12
f 5699/30/189 5706/28/189 5758/29/189
f 5758/29/12 5706/28/12 5762/27/12
f 5706/28/12 5709/26/12 5762/27/12
f 5762/27/12 5709/26/12 5765/25/12
f 5709/26/12 5714/24/12 5765/25/12
f 5765/25/12 5714/24/12 5768/23/12
f 5714/24/13 5719/22/13 5768/23/13
f 5768/23/12 5719/22/12 5769/21/12
f 5772/20/12 5720/19/12 5774/17/12
f 5720/19/12 5725/18/12 5774/17/12
f 5726/18/12 5733/16/12 5773/17/12
f 5733/16/189 5738/15/189 5773/17/189
f 5776/17/4 5735/15/4 5777/31/4
f 5736/15/7 5739/17/7 5780/31/7
f 5780/31/7 5739/17/7 5784/32/7
f 5783/32/7 5740/17/7 5785/33/7
f 5740/17/7 5744/20/7 5785/33/7
s 1
f 5788/34/340 5745/21/10 5789/35/10
f 5745/21/10 5747/23/10 5789/35/10
s 0
f 5791/35/11 5748/23/11 5792/36/11
f 5748/23/11 5750/25/11 5792/36/11
s 1
f 5794/36/185 5751/25/185 5795/37/185
f 5751/25/185 5753/27/341 5795/37/185
s 0
f 5797/37/1 5754/27/1 5798/38/1
f 5754/27/1 5756/29/1 5798/38/1
f 5757/29/11 5760/27/11 5801/38/11
f 5801/38/11 5760/27/11 5802/37/11
s 1
f 5761/27/185 5763/25/185 5804/37/185
f 5804/37/185 5763/25/185 5805/36/341
s 0
f 5764/25/1 5766/23/1 5807/36/1
f 5807/36/1 5766/23/1 5808/35/1
s 1
f 5767/23/3 5770/21/3 5810/35/3
f 5810/35/3 5770/21/3 5811/34/76
s 0
f 5771/20/4 5775/17/4 5814/33/4
f 5814/33/4 5775/17/4 5816/32/4
f 5776/17/4 5777/31/4 5815/32/4
f 5821/39/17 5818/32/17 5826/40/17
f 5818/32/17 5778/31/17 5826/40/17
f 5779/31/17 5781/32/17 5825/40/17
f 5825/40/17 5781/32/17 5830/39/17
f 5829/39/17 5782/32/17 5831/41/17
f 5782/32/17 5786/33/17 5831/41/17
f 5834/42/19 5787/34/19 5837/43/19
f 5787/34/18 5790/35/18 5837/43/18
f 5837/43/17 5790/35/17 5840/44/17
f 5790/35/17 5793/36/17 5840/44/17
f 5840/44/17 5793/36/17 5843/45/17
f 5793/36/17 5796/37/17 5843/45/17
f 5796/37/17 5799/38/17 5843/45/17
f 5843/45/17 5799/38/17 5847/46/17
f 5846/46/17 5800/38/17 5850/45/17
f 5800/38/17 5803/37/17 5850/45/17
f 5803/37/17 5806/36/17 5850/45/17
f 5850/45/18 5806/36/18 5853/44/18
f 5806/36/17 5809/35/17 5853/44/17
f 5853/44/17 5809/35/17 5856/43/17
f 5809/35/17 5812/34/17 5856/43/17
f 5856/43/17 5812/34/17 5857/42/17
f 5813/33/19 5817/32/19 5860/41/19
f 5817/32/17 5822/39/17 5860/41/17
s 1
f 5859/41/27 5819/39/28 5864/47/27
f 5864/47/27 5819/39/28 5868/48/27
f 5867/48/27 5820/39/27 5869/49/27
f 5820/39/27 5823/40/27 5869/49/27
f 5824/40/32 5827/39/191 5872/49/191
f 5872/49/191 5827/39/191 5876/48/32
f 5875/48/33 5828/39/32 5877/47/191
f 5828/39/32 5832/41/191 5877/47/191
f 5880/50/192 5833/42/35 5881/51/192
f 5833/42/35 5835/43/192 5881/51/192
f 5884/51/20 5836/43/20 5885/52/21
f 5836/43/20 5838/44/292 5885/52/21
f 5888/52/258 5839/44/193 5889/53/193
f 5839/44/193 5841/45/193 5889/53/193
f 5842/45/22 5844/46/22 5892/53/22
f 5892/53/22 5844/46/22 5893/54/23
f 5896/54/20 5845/46/20 5897/53/21
f 5845/46/20 5848/45/20 5897/53/21
f 5849/45/194 5851/44/194 5900/53/194
f 5900/53/194 5851/44/194 5901/52/194
f 5852/44/22 5854/43/22 5904/52/22
f 5904/52/22 5854/43/22 5906/51/22
f 5855/43/24 5858/42/24 5905/51/412
f 5858/42/24 5861/50/412 5905/51/412
f 5908/51/42 5862/50/260 5909/55/42
f 5911/56/346 5863/47/346 5915/57/346
f 5863/47/346 5865/48/346 5915/57/346
f 5866/48/346 5870/49/346 5914/57/346
f 5914/57/346 5870/49/346 5919/58/346
f 5918/58/49 5871/49/49 5923/57/49
f 5871/49/49 5873/48/49 5923/57/49
f 5874/48/49 5878/47/49 5922/57/49
f 5922/57/49 5878/47/49 5924/56/49
f 5879/50/196 5882/51/36 5926/55/36
f 5926/55/36 5882/51/36 5929/59/197
f 5883/51/38 5886/52/198 5928/59/38
f 5928/59/38 5886/52/198 5932/60/198
f 5887/52/199 5890/53/318 5931/60/200
f 5931/60/200 5890/53/318 5935/61/201
f 5934/61/40 5891/53/40 5939/62/40
f 5891/53/40 5894/54/40 5939/62/40
f 5895/54/317 5898/53/38 5938/62/317
f 5938/62/317 5898/53/38 5942/61/38
f 5941/61/200 5899/53/200 5945/60/200
f 5899/53/200 5902/52/201 5945/60/200
f 5944/60/39 5903/52/39 5947/59/39
f 5903/52/39 5907/51/39 5947/59/39
f 5908/51/42 5909/55/42 5946/59/195
f 5948/63/60 5910/64/415 5951/65/62
f 5910/64/415 5912/66/68 5951/65/62
f 5951/65/62 5912/66/68 5955/67/68
f 5954/67/457 5913/66/457 5956/68/458
f 5913/66/457 5916/69/458 5956/68/458
f 5917/69/67 5920/66/67 5959/68/67
f 5959/68/67 5920/66/67 5963/67/67
f 5962/67/67 5921/66/67 5966/65/72
f 5921/66/67 5925/64/54 5966/65/72
f 5925/64/54 5927/63/417 5966/65/72
f 5966/65/72 5927/63/417 5969/70/261
f 5927/63/417 5930/71/208 5969/70/261
f 5969/70/261 5930/71/208 5972/72/295
f 5930/71/208 5933/73/296 5972/72/295
f 5972/72/295 5933/73/296 5975/74/297
f 5933/73/296 5936/75/58 5975/74/297
f 5975/74/297 5936/75/58 5976/76/58
f 5979/76/57 5937/75/57 5982/74/295
f 5937/75/57 5940/73/459 5982/74/295
f 5982/74/295 5940/73/459 5985/72/297
f 5940/73/459 5943/71/460 5985/72/297
f 5985/72/297 5943/71/460 5986/70/59
f 5943/71/460 5948/63/60 5986/70/59
f 5948/63/60 5951/65/62 5986/70/59
f 5988/70/3 5949/65/3 5992/77/461
f 5992/77/461 5949/65/3 5993/78/462
s 0
f 5950/65/4 5952/67/4 5996/78/4
f 5996/78/4 5952/67/4 6000/79/4
f 5953/67/4 5957/68/4 5999/79/4
f 5999/79/4 5957/68/4 6001/80/4
f 6004/80/7 5958/68/7 6008/79/7
f 5958/68/7 5960/67/7 6008/79/7
f 6007/79/7 5961/67/7 6009/78/7
f 5961/67/7 5964/65/7 6009/78/7
s 1
f 6012/78/214 5965/65/74 6013/77/214
f 5965/65/74 5967/70/74 6013/77/214
s 0
f 6016/77/11 5968/70/11 6017/81/11
f 5968/70/11 5970/72/11 6017/81/11
s 1
f 6020/81/216 5971/72/463 6021/82/216
f 5971/72/463 5973/74/463 6021/82/216
s 0
f 6024/82/1 5974/74/1 6025/83/1
f 5974/74/1 5977/76/1 6025/83/1
f 5978/76/11 5980/74/11 6028/83/11
f 6028/83/11 5980/74/11 6029/82/11
s 1
f 5981/74/391 5983/72/391 6032/82/216
f 6032/82/216 5983/72/391 6034/81/216
s 0
f 5984/72/1 5987/70/1 6033/81/1
f 5987/70/1 5989/77/1 6033/81/1
s 1
f 6036/81/84 5990/77/84 6040/84/84
f 5991/77/87 5994/78/87 6039/84/88
f 6039/84/88 5994/78/87 6044/85/88
f 6043/85/90 5995/78/89 6048/86/89
f 5995/78/89 5997/79/89 6048/86/89
f 5998/79/89 6002/80/89 6047/86/89
f 6047/86/89 6002/80/89 6052/87/89
f 6051/87/79 6003/80/79 6056/86/79
f 6003/80/79 6005/79/79 6056/86/79
f 6006/79/79 6010/78/79 6055/86/272
f 6055/86/272 6010/78/79 6060/85/79
f 6059/85/81 6011/78/268 6064/84/81
f 6011/78/268 6014/77/80 6064/84/81
f 6015/77/82 6018/81/83 6063/84/82
f 6063/84/82 6018/81/83 6068/88/83
f 6067/88/324 6019/81/324 6072/89/222
f 6019/81/324 6022/82/222 6072/89/222
f 6071/89/84 6023/82/84 6076/90/84
f 6023/82/84 6026/83/84 6076/90/84
f 6027/83/82 6030/82/83 6075/90/82
f 6075/90/82 6030/82/83 6080/89/83
f 6031/82/464 6035/81/393 6079/89/223
f 6079/89/223 6035/81/393 6082/88/270
f 6036/81/84 6040/84/84 6081/88/84
f 6084/91/273 6037/92/273 6085/93/273
f 6038/92/465 6041/94/450 6088/93/107
f 6088/93/107 6041/94/450 6089/95/395
f 6042/96/108 6045/97/109 6092/98/108
f 6045/97/109 6096/99/109 6092/98/108
f 6091/98/128 6093/99/128 6097/100/356
f 6098/100/356 6094/99/128 6100/101/128
f 6095/99/109 6046/97/109 6099/101/109
f 6046/97/109 6049/102/109 6099/101/109
f 6050/102/96 6053/97/97 6102/101/96
f 6102/101/96 6053/97/97 6106/99/97
f 6105/99/97 6054/97/97 6107/98/97
f 6054/97/97 6057/96/97 6107/98/97
f 6110/95/354 6058/94/100 6111/93/354
f 6058/94/100 6061/92/328 6111/93/354
f 6062/92/225 6065/91/225 6114/93/102
f 6114/93/102 6065/91/225 6115/103/225
f 6118/103/330 6066/91/227 6119/104/330
f 6066/91/227 6069/105/227 6119/104/330
f 6070/106/273 6073/107/273 6122/108/273
f 6122/108/273 6073/107/273 6123/109/273
f 6126/109/225 6074/107/225 6127/108/225
f 6074/107/225 6077/106/225 6127/108/225
f 6078/105/440 6083/91/227 6130/104/329
f 6130/104/329 6083/91/227 6132/103/329
f 6084/91/273 6085/93/273 6131/103/273
f 6134/103/331 6086/93/331 6135/110/124
f 6087/93/127 6090/95/127 6136/110/466
f 6136/110/466 6090/95/127 6137/111/466
f 6091/98/128 6097/100/356 6138/112/129
f 6138/112/129 6097/100/356 6139/113/467
f 6140/113/467 6098/100/356 6141/114/130
f 6098/100/356 6100/101/128 6141/114/130
f 6142/114/113 6101/101/231 6143/100/399
f 6101/101/231 6103/99/231 6143/100/399
f 6104/99/112 6108/98/112 6144/100/399
f 6144/100/399 6108/98/112 6145/112/113
f 6146/111/116 6109/95/468 6147/110/116
f 6109/95/468 6112/93/469 6147/110/116
f 6113/93/103 6116/103/103 6148/110/120
f 6148/110/120 6116/103/103 6149/115/120
f 6150/115/360 6117/103/470 6151/116/360
f 6117/103/470 6120/104/470 6151/116/360
f 6152/117/121 6121/108/331 6153/118/398
f 6121/108/331 6124/109/331 6153/118/398
f 6125/109/103 6128/108/103 6154/118/357
f 6154/118/357 6128/108/103 6155/117/120
f 6129/104/470 6133/103/470 6156/116/237
f 6156/116/237 6133/103/470 6157/115/237
f 6134/103/331 6135/110/124 6158/115/124
f 6158/115/124 6135/110/124 6159/119/143
f 6136/110/466 6137/111/466 6160/119/401
f 6160/119/401 6137/111/466 6161/120/471
f 6138/112/129 6139/113/467 6162/121/147
f 6166/122/158 6162/121/147 6170/123/158
f 6162/121/147 6139/113/467 6170/123/158
f 6169/123/158 6140/113/467 6171/124/147
f 6140/113/467 6141/114/130 6171/124/147
f 6172/124/139 6142/114/113 6173/113/406
f 6142/114/113 6143/100/399 6173/113/406
f 6144/100/399 6145/112/113 6174/113/406
f 6174/113/406 6145/112/113 6175/121/139
f 6176/120/363 6146/111/116 6177/119/238
f 6146/111/116 6147/110/116 6177/119/238
f 6148/110/120 6149/115/120 6178/119/141
f 6178/119/141 6149/115/120 6179/125/141
f 6180/125/239 6150/115/360 6181/126/239
f 6150/115/360 6151/116/360 6181/126/239
f 6182/127/404 6152/117/121 6183/128/403
f 6152/117/121 6153/118/398 6183/128/403
f 6154/118/357 6155/117/120 6184/128/472
f 6184/128/472 6155/117/120 6185/127/141
f 6156/116/237 6157/115/237 6186/126/240
f 6186/126/240 6157/115/237 6187/125/240
f 6158/115/124 6159/119/143 6188/125/404
f 6188/125/404 6159/119/143 6190/129/155
f 6160/119/401 6161/120/471 6189/129/157
f 6161/120/471 6163/130/157 6189/129/157
f 6192/129/285 6164/130/285 6196/131/473
f 6196/131/473 6164/130/285 6197/132/473
s 0
f 6165/122/4 6167/123/4 6200/133/4
f 6200/133/4 6167/123/4 6204/134/4
f 6203/134/4 6168/123/4 6206/135/4
s 1
f 6169/123/158 6171/124/147 6205/135/158
f 6208/135/152 6172/124/139 6212/123/152
f 6172/124/139 6173/113/406 6212/123/152
f 6174/113/406 6175/121/139 6211/123/152
f 6211/123/152 6175/121/139 6213/122/152
f 6220/131/154 6215/130/376 6222/129/376
f 6216/130/455 6176/120/363 6221/129/280
f 6176/120/363 6177/119/238 6221/129/280
f 6178/119/141 6179/125/141 6224/129/142
f 6224/129/142 6179/125/141 6225/136/142
f 6228/136/281 6180/125/239 6229/137/408
f 6180/125/239 6181/126/239 6229/137/408
f 6232/138/155 6182/127/404 6233/139/155
f 6182/127/404 6183/128/403 6233/139/155
f 6184/128/472 6185/127/141 6236/139/142
f 6236/139/142 6185/127/141 6237/138/142
f 6186/126/240 6187/125/240 6240/137/474
f 6240/137/474 6187/125/240 6242/136/474
f 6188/125/404 6190/129/155 6241/136/155
s 0
f 6244/136/1 6191/129/1 6245/140/1
f 6191/129/1 6193/131/1 6245/140/1
s 1
f 6248/140/174 6194/131/174 6250/141/174
f 6195/131/166 6198/132/426 6249/141/475
f 6254/142/251 6252/141/182 6257/143/182
f 6249/141/475 6198/132/426 6256/143/475
f 6259/144/167 6199/133/167 6263/145/167
f 6199/133/167 6201/134/167 6263/145/167
f 6267/146/167 6262/145/167 6269/147/167
f 6262/145/167 6202/134/167 6269/147/167
s 0
f 6203/134/4 6206/135/4 6268/147/4
f 6271/147/7 6207/135/7 6275/134/7
f 6207/135/7 6209/123/7 6275/134/7
f 6274/134/7 6210/123/7 6276/133/7
f 6210/123/7 6214/122/7 6276/133/7
s 1
f 6215/130/376 6220/131/154 6279/132/247
f 6278/132/311 6217/131/311 6280/141/338
f 6283/141/165 6218/131/165 6285/140/165
s 0
f 6219/131/11 6223/129/11 6284/140/11
f 6223/129/11 6226/136/11 6284/140/11
s 1
f 6287/140/368 6227/136/246 6288/148/368
f 6227/136/246 6230/137/246 6288/148/368
s 0
f 6291/149/1 6231/138/1 6292/150/1
f 6231/138/1 6234/139/1 6292/150/1
f 6235/139/11 6238/138/11 6295/150/11
f 6295/150/11 6238/138/11 6296/149/11
s 1
f 6239/137/368 6243/136/368 6299/148/246
f 6243/136/368 6246/140/246 6299/148/246
f 6298/148/476 6247/140/250 6303/151/434
f 6303/151/434 6247/140/250 6305/152/250
f 6248/140/174 6250/141/174 6304/152/174
f 6251/141/173 6255/142/173 6307/152/173
f 6307/152/173 6255/142/173 6308/153/173
s 0
f 6310/154/17 6253/155/17 6312/156/17
s 1
f 6254/142/251 6257/143/182 6311/157/477
f 6258/144/178 6260/145/178 6313/158/178
f 6313/158/178 6260/145/178 6317/159/178
f 6316/159/178 6261/145/178 6321/160/178
f 6261/145/178 6264/146/178 6321/160/178
f 6320/160/170 6265/146/170 6322/145/170
f 6266/146/162 6270/147/162 6325/145/162
f 6270/147/162 6272/134/162 6325/145/162
f 6273/134/162 6277/133/162 6324/145/162
f 6324/145/162 6277/133/162 6326/144/162
f 6278/132/311 6280/141/338 6329/143/478
f 6328/143/314 6281/141/314 6332/142/171
f 6331/142/172 6282/141/172 6334/152/172
f 6283/141/165 6285/140/165 6333/152/165
f 6336/152/377 6286/140/479 6337/151/377
f 6286/140/479 6289/148/479 6337/151/377
f 6340/161/174 6290/149/174 6342/162/174
f 6290/149/174 6293/150/174 6342/162/174
f 6294/150/165 6297/149/165 6341/162/165
f 6297/149/165 6300/161/165 6341/162/165
f 6344/162/172 6301/161/172 6346/163/172
f 6302/151/254 6306/152/253 6345/164/253
f 6306/152/253 6309/153/253 6345/164/253
s 0
f 6347/165/17 6310/154/17 6349/166/17
f 6310/154/17 6312/156/17 6349/166/17
f 6312/156/17 6314/167/17 6349/166/17
f 6315/167/17 6318/168/17 6348/166/17
f 6351/166/17 6319/168/17 6352/167/17
s 1
f 6320/160/170 6322/145/170 6355/159/170
f 6354/159/170 6323/145/170 6357/158/170
f 6323/145/170 6327/144/170 6357/158/170
f 6328/143/314 6332/142/171 6356/157/171
s 0
f 6358/156/17 6330/155/17 6359/154/17
s 1
f 6331/142/172 6334/152/172 6361/153/172
f 6360/153/253 6335/152/381 6362/164/254
f 6335/152/381 6338/151/381 6362/164/254
f 6339/161/173 6343/162/173 6364/163/173
f 6364/163/173 6343/162/173 6366/169/173
f 6344/162/172 6346/163/172 6365/169/172
s 0
f 6347/165/17 6349/166/17 6368/170/17
f 6350/166/17 6353/167/17 6367/170/17
f 6353/167/17 6358/156/17 6367/170/17
f 6358/156/17 6359/154/17 6367/170/17
f 6363/165/17 6367/170/17 6359/154/17
f 5664/165/17 5668/270/17 5660/154/17
f 5217/276/17 5222/275/17 5215/156/17
f 4772/165/17 4776/270/17 4768/154/17
f 4326/165/17 4330/270/17 4322/154/17
f 3879/167/17 3884/166/17 3875/156/17
f 3179/167/17 3184/166/17 3175/156/17
f 2479/276/17 2484/275/17 2477/156/17
f 2034/165/17 2038/270/17 2030/154/17
f 1587/276/17 1592/275/17 1585/156/17
f 1141/276/17 1146/275/17 1139/156/17
f 695/165/17 699/170/17 691/154/17
s 1
f 6371/277/480 6374/278/481 6376/279/482
f 6376/279/482 6374/278/481 6378/280/483
f 6374/278/481 6380/281/484 6378/280/483
f 6378/280/483 6380/281/484 6384/282/485
f 6380/281/484 6388/283/485 6384/282/485
f 6383/282/486 6385/283/486 6392/284/487
f 6385/283/486 6396/285/488 6392/284/487
f 6391/284/489 6393/285/489 6400/286/490
f 6393/285/489 6404/287/491 6400/286/490
f 6407/288/492 6399/286/493 6411/289/494
f 6399/286/493 6401/287/495 6411/289/494
f 6410/289/496 6402/287/495 6414/288/497
f 6414/288/497 6402/287/495 6418/286/498
f 6417/286/499 6403/287/500 6422/284/491
f 6403/287/500 6394/285/501 6422/284/491
f 6395/285/502 6386/283/503 6421/284/502
f 6421/284/502 6386/283/503 6426/282/503
f 6425/282/504 6387/283/505 6428/280/506
f 6387/283/505 6379/281/507 6428/280/506
f 6428/280/506 6379/281/507 6430/279/508
f 6379/281/507 6373/278/509 6430/279/508
f 6430/279/508 6373/278/509 6434/290/510
f 6373/278/509 6372/277/511 6434/290/510
f 6369/277/512 6438/291/513 6433/290/512
f 6433/290/512 6438/291/513 6439/292/514
f 6442/293/515 6435/294/515 6443/295/515
f 6435/294/515 6449/296/515 6443/295/515
s 0
f 6445/297/12 6446/298/12 6450/299/12
f 6451/299/12 6447/298/12 6452/297/12
s 1
f 6454/295/516 6448/296/517 6455/293/518
f 6448/296/517 6436/294/518 6455/293/518
f 6437/291/519 6370/277/520 6458/292/521
f 6458/292/521 6370/277/520 6460/290/520
f 6371/277/480 6376/279/482 6459/290/480
f 6462/300/522 6375/301/523 6463/302/524
f 6463/302/524 6375/301/523 6464/303/525
f 6375/301/523 6377/304/526 6464/303/525
f 6464/303/525 6377/304/526 6466/305/527
f 6377/304/526 6381/306/527 6466/305/527
s 0
f 6382/306/11 6389/307/11 6465/305/11
f 6465/305/11 6389/307/11 6468/308/11
s 1
f 6467/308/528 6390/307/528 6470/309/528
f 6390/307/528 6397/310/528 6470/309/528
f 6398/310/529 6405/311/529 6469/309/529
f 6469/309/529 6405/311/529 6472/312/529
s 0
f 6406/313/17 6408/314/17 6471/315/17
f 6471/315/17 6408/314/17 6474/316/17
f 6473/316/17 6409/314/17 6476/315/17
f 6409/314/17 6412/313/17 6476/315/17
s 1
f 6475/312/173 6413/311/173 6478/309/173
f 6413/311/173 6415/310/530 6478/309/173
f 6416/310/174 6419/307/174 6477/309/174
f 6477/309/174 6419/307/174 6480/308/174
s 0
f 6479/308/1 6420/307/1 6482/305/1
f 6420/307/1 6423/306/1 6482/305/1
s 1
f 6424/306/155 6427/304/531 6481/305/155
f 6481/305/155 6427/304/531 6483/303/145
f 6427/304/531 6429/301/121 6483/303/145
f 6483/303/145 6429/301/121 6484/302/123
f 6429/301/121 6431/300/122 6484/302/123
f 6484/302/123 6431/300/122 6486/317/331
f 6485/317/273 6432/300/273 6488/318/273
f 6432/300/273 6440/319/273 6488/318/273
f 6441/320/84 6444/321/84 6487/322/84
f 6487/322/84 6444/321/84 6490/323/84
s 0
f 6445/297/12 6450/299/12 6489/324/12
f 6489/324/12 6450/299/12 6492/325/12
f 6491/325/12 6451/299/12 6494/324/12
f 6451/299/12 6452/297/12 6494/324/12
s 1
f 6493/323/532 6453/321/532 6496/322/532
f 6453/321/532 6456/320/532 6496/322/532
f 6457/319/533 6461/300/534 6495/318/534
f 6495/318/534 6461/300/534 6498/317/534
f 6462/300/522 6463/302/524 6497/317/522
f 6501/277/535 6506/291/536 6507/292/535
f 6503/294/537 6514/296/538 6510/293/539
f 6510/293/539 6514/296/538 6515/295/540
s 0
f 6517/297/12 6511/298/12 6518/299/12
f 6519/299/12 6512/298/12 6520/297/12
s 1
f 6513/296/541 6504/294/542 6522/295/541
f 6522/295/541 6504/294/542 6523/293/542
f 6526/292/535 6505/291/536 6530/290/543
f 6505/291/536 6502/277/544 6530/290/543
f 6499/277/545 6532/278/546 6529/290/547
f 6529/290/547 6532/278/546 6534/279/548
f 6532/278/546 6536/281/549 6534/279/548
f 6534/279/548 6536/281/549 6538/280/550
f 6536/281/549 6542/283/551 6538/280/550
f 6538/280/550 6542/283/551 6546/282/551
f 6545/282/552 6539/283/553 6550/284/554
f 6539/283/553 6554/285/554 6550/284/554
f 6551/285/555 6558/287/556 6549/284/555
f 6549/284/555 6558/287/556 6562/286/556
f 6561/286/557 6555/287/558 6565/288/559
f 6565/288/559 6555/287/558 6569/289/559
f 6572/288/560 6568/289/561 6576/286/562
f 6568/289/561 6556/287/563 6576/286/562
f 6557/287/564 6552/285/565 6575/286/566
f 6575/286/566 6552/285/565 6580/284/565
f 6553/285/567 6540/283/568 6579/284/554
f 6579/284/554 6540/283/568 6584/282/568
f 6541/283/569 6535/281/570 6583/282/569
f 6583/282/569 6535/281/570 6586/280/571
f 6535/281/570 6531/278/572 6586/280/571
f 6586/280/571 6531/278/572 6588/279/573
f 6531/278/572 6500/277/574 6588/279/573
f 6588/279/573 6500/277/574 6590/290/574
f 6501/277/535 6507/292/535 6589/290/535
f 6593/317/533 6592/300/533 6596/318/533
f 6592/300/533 6508/319/533 6596/318/533
f 6509/320/575 6516/321/532 6595/322/532
f 6595/322/532 6516/321/532 6598/323/532
s 0
f 6517/297/12 6518/299/12 6597/324/12
f 6597/324/12 6518/299/12 6600/325/12
f 6599/325/12 6519/299/12 6602/324/12
f 6519/299/12 6520/297/12 6602/324/12
s 1
f 6601/323/79 6521/321/79 6604/322/79
f 6521/321/79 6524/320/79 6604/322/79
f 6525/319/96 6527/300/96 6603/318/96
f 6603/318/96 6527/300/96 6606/317/96
f 6605/317/231 6528/300/112 6607/302/399
f 6528/300/112 6533/301/113 6607/302/399
f 6607/302/399 6533/301/113 6608/303/407
f 6533/301/113 6537/304/576 6608/303/407
f 6608/303/407 6537/304/576 6610/305/152
f 6537/304/576 6543/306/152 6610/305/152
s 0
f 6544/306/7 6547/307/7 6609/305/7
f 6609/305/7 6547/307/7 6612/308/7
s 1
f 6611/308/162 6548/307/162 6614/309/162
f 6548/307/162 6559/310/162 6614/309/162
f 6560/310/170 6563/311/170 6613/309/170
f 6613/309/170 6563/311/170 6616/312/170
s 0
f 6564/313/17 6566/314/17 6615/315/17
f 6615/315/17 6566/314/17 6618/316/17
f 6617/316/17 6567/314/17 6620/315/17
f 6567/314/17 6570/313/17 6620/315/17
s 1
f 6619/312/529 6571/311/529 6622/309/529
f 6571/311/529 6573/310/529 6622/309/529
f 6574/310/528 6577/307/528 6621/309/528
f 6621/309/528 6577/307/528 6624/308/528
s 0
f 6623/308/11 6578/307/11 6626/305/11
f 6578/307/11 6581/306/11 6626/305/11
s 1
f 6582/306/527 6585/304/526 6625/305/527
f 6625/305/527 6585/304/526 6627/303/525
f 6585/304/526 6587/301/523 6627/303/525
f 6627/303/525 6587/301/523 6628/302/524
f 6587/301/523 6591/300/522 6628/302/524
f 6591/300/522 6594/317/522 6628/302/524
f 6631/326/82 6633/327/82 6635/328/82
f 6641/329/172 6644/330/172 6646/331/172
f 6649/331/165 6645/330/165 6650/332/165
f 6645/330/165 6656/333/165 6650/332/165
s 0
f 6657/333/11 6660/334/11 6653/332/11
f 6653/332/11 6660/334/11 6662/335/11
s 1
f 6665/335/142 6661/334/142 6667/336/577
f 6661/334/142 6669/337/577 6667/336/577
f 6667/336/577 6669/337/577 6671/338/578
f 6669/337/577 6673/339/578 6671/338/578
f 6671/338/578 6673/339/578 6674/340/103
f 6673/339/578 6680/341/103 6674/340/103
f 6677/340/225 6681/341/225 6682/342/225
f 6681/341/225 6638/343/225 6682/342/225
f 6635/328/82 6633/327/82 6685/344/82
f 6689/293/579 6684/344/579 6690/295/580
f 6684/344/579 6634/327/580 6690/295/580
s 0
f 6692/297/12 6632/345/12 6693/346/12
f 6632/345/12 6629/347/12 6693/346/12
s 1
f 6630/326/581 6636/328/582 6695/348/581
f 6695/348/581 6636/328/582 6696/349/582
f 6699/350/583 6637/351/584 6700/352/585
f 6637/351/584 6678/353/585 6700/352/585
f 6679/353/586 6672/354/587 6703/352/586
f 6703/352/586 6672/354/587 6705/355/588
f 6672/354/587 6668/356/589 6705/355/588
f 6705/355/588 6668/356/589 6707/357/590
f 6668/356/589 6658/358/591 6707/357/590
f 6707/357/590 6658/358/591 6708/359/591
f 6659/358/592 6654/360/593 6711/359/594
f 6711/359/594 6654/360/593 6712/361/595
f 6655/360/596 6642/362/597 6715/361/598
f 6715/361/598 6642/362/597 6716/363/597
f 6719/363/599 6643/362/599 6720/364/600
f 6643/362/599 6639/365/600 6720/364/600
s 0
f 6722/366/17 6640/367/17 6723/368/17
s 1
f 6641/329/172 6646/331/172 6725/369/172
f 6724/369/601 6647/331/602 6728/288/601
f 6728/288/601 6647/331/602 6732/286/602
f 6731/286/603 6648/331/603 6736/284/604
f 6648/331/603 6651/332/605 6736/284/604
f 6652/332/606 6663/335/607 6735/284/608
f 6735/284/608 6663/335/607 6740/282/609
f 6739/282/610 6664/335/610 6742/280/611
f 6664/335/610 6666/336/612 6742/280/611
f 6742/280/611 6666/336/612 6744/279/613
f 6666/336/612 6670/338/614 6744/279/613
f 6744/279/613 6670/338/614 6746/290/615
f 6670/338/614 6675/340/615 6746/290/615
f 6676/340/616 6683/342/617 6745/290/616
f 6683/342/617 6686/292/617 6745/290/616
f 6749/317/618 6748/300/618 6752/318/618
f 6748/300/618 6687/319/618 6752/318/618
f 6688/320/619 6691/321/619 6751/322/619
f 6751/322/619 6691/321/619 6754/323/619
s 0
f 6753/324/12 6692/297/12 6756/370/12
f 6692/297/12 6693/346/12 6756/370/12
s 1
f 6755/371/620 6694/348/620 6758/372/620
f 6694/348/620 6697/349/620 6758/372/620
f 6698/350/621 6701/352/621 6757/373/621
f 6757/373/621 6701/352/621 6760/374/621
f 6759/374/622 6702/352/622 6761/375/623
f 6702/352/622 6704/355/624 6761/375/623
f 6761/375/623 6704/355/624 6762/376/625
f 6704/355/624 6706/357/626 6762/376/625
f 6762/376/625 6706/357/626 6764/377/627
f 6706/357/626 6709/359/627 6764/377/627
s 0
f 6710/359/7 6713/361/7 6763/377/7
f 6763/377/7 6713/361/7 6766/378/7
s 1
f 6765/378/628 6714/361/629 6768/379/628
f 6714/361/629 6717/363/629 6768/379/628
f 6718/363/630 6721/364/630 6767/379/630
f 6767/379/630 6721/364/630 6770/380/630
s 0
f 6769/381/17 6722/366/17 6772/315/17
f 6722/366/17 6723/368/17 6772/315/17
f 6723/368/17 6726/313/17 6772/315/17
s 1
f 6771/312/631 6727/311/631 6774/309/631
f 6727/311/631 6729/310/631 6774/309/631
f 6730/310/632 6733/307/632 6773/309/632
f 6773/309/632 6733/307/632 6776/308/632
s 0
f 6775/308/1 6734/307/1 6778/305/1
f 6734/307/1 6737/306/1 6778/305/1
s 1
f 6738/306/633 6741/304/634 6777/305/633
f 6777/305/633 6741/304/634 6779/303/635
f 6741/304/634 6743/301/636 6779/303/635
f 6779/303/635 6743/301/636 6780/302/637
f 6743/301/636 6747/300/638 6780/302/637
f 6747/300/638 6750/317/638 6780/302/637
f 6783/326/82 6785/327/82 6787/328/82
f 6793/329/380 6796/330/380 6798/331/172
f 6801/331/165 6797/330/165 6802/332/165
f 6797/330/165 6808/333/165 6802/332/165
s 0
f 6809/333/11 6812/334/11 6805/332/11
f 6805/332/11 6812/334/11 6814/335/11
s 1
f 6817/335/142 6813/334/142 6819/336/577
f 6813/334/142 6821/337/577 6819/336/577
f 6819/336/577 6821/337/577 6823/338/578
f 6821/337/577 6825/339/578 6823/338/578
f 6823/338/578 6825/339/578 6826/340/103
f 6825/339/578 6832/341/103 6826/340/103
f 6829/340/225 6833/341/225 6834/342/225
f 6833/341/225 6790/343/225 6834/342/225
f 6787/328/82 6785/327/82 6837/344/82
f 6841/293/579 6836/344/579 6842/295/580
f 6836/344/579 6786/327/580 6842/295/580
s 0
f 6844/297/12 6784/345/12 6845/346/12
f 6784/345/12 6781/347/12 6845/346/12
s 1
f 6782/326/581 6788/328/582 6847/348/581
f 6847/348/581 6788/328/582 6848/349/582
f 6851/350/639 6789/351/584 6852/352/585
f 6789/351/584 6830/353/585 6852/352/585
f 6831/353/586 6824/354/640 6855/352/586
f 6855/352/586 6824/354/640 6857/355/588
f 6824/354/640 6820/356/641 6857/355/588
f 6857/355/588 6820/356/641 6859/357/642
f 6820/356/641 6810/358/591 6859/357/642
f 6859/357/642 6810/358/591 6860/359/591
f 6811/358/592 6806/360/593 6863/359/643
f 6863/359/643 6806/360/593 6864/361/595
f 6807/360/596 6794/362/597 6867/361/598
f 6867/361/598 6794/362/597 6868/363/597
f 6871/363/599 6795/362/599 6872/364/600
f 6795/362/599 6791/365/600 6872/364/600
s 0
f 6874/366/17 6792/367/17 6875/368/17
s 1
f 6793/329/380 6798/331/172 6877/369/172
f 6876/369/601 6799/331/602 6880/288/601
f 6880/288/601 6799/331/602 6884/286/602
f 6883/286/603 6800/331/603 6888/284/604
f 6800/331/603 6803/332/605 6888/284/604
f 6804/332/606 6815/335/607 6887/284/644
f 6887/284/644 6815/335/607 6892/282/609
f 6891/282/610 6816/335/610 6894/280/611
f 6816/335/610 6818/336/612 6894/280/611
f 6894/280/611 6818/336/612 6896/279/613
f 6818/336/612 6822/338/645 6896/279/613
f 6896/279/613 6822/338/645 6898/290/615
f 6822/338/645 6827/340/615 6898/290/615
f 6828/340/616 6835/342/617 6897/290/616
f 6835/342/617 6838/292/646 6897/290/616
f 6901/317/618 6900/300/618 6904/318/618
f 6900/300/618 6839/319/618 6904/318/618
f 6840/320/619 6843/321/619 6903/322/619
f 6903/322/619 6843/321/619 6906/323/619
s 0
f 6905/324/12 6844/297/12 6908/370/12
f 6844/297/12 6845/346/12 6908/370/12
s 1
f 6907/371/620 6846/348/620 6910/372/620
f 6846/348/620 6849/349/620 6910/372/620
f 6850/350/621 6853/352/621 6909/373/621
f 6909/373/621 6853/352/621 6912/374/621
f 6911/374/622 6854/352/622 6913/375/647
f 6854/352/622 6856/355/624 6913/375/647
f 6913/375/647 6856/355/624 6914/376/625
f 6856/355/624 6858/357/648 6914/376/625
f 6914/376/625 6858/357/648 6916/377/627
f 6858/357/648 6861/359/627 6916/377/627
s 0
f 6862/359/7 6865/361/7 6915/377/7
f 6915/377/7 6865/361/7 6918/378/7
s 1
f 6917/378/628 6866/361/628 6920/379/628
f 6866/361/628 6869/363/628 6920/379/628
f 6870/363/630 6873/364/630 6919/379/630
f 6919/379/630 6873/364/630 6922/380/630
s 0
f 6921/381/17 6874/366/17 6924/315/17
f 6874/366/17 6875/368/17 6924/315/17
f 6875/368/17 6878/313/17 6924/315/17
s 1
f 6923/312/631 6879/311/631 6926/309/631
f 6879/311/631 6881/310/631 6926/309/631
f 6882/310/632 6885/307/632 6925/309/632
f 6925/309/632 6885/307/632 6928/308/649
s 0
f 6927/308/1 6886/307/1 6930/305/1
f 6886/307/1 6889/306/1 6930/305/1
s 1
f 6890/306/633 6893/304/650 6929/305/633
f 6929/305/633 6893/304/650 6931/303/635
f 6893/304/650 6895/301/636 6931/303/635
f 6931/303/635 6895/301/636 6932/302/637
f 6895/301/636 6899/300/638 6932/302/637
f 6899/300/638 6902/317/638 6932/302/637
f 6935/326/79 6937/327/79 6939/328/79
f 6945/329/170 6948/330/170 6950/331/170
f 6953/331/162 6949/330/162 6954/332/162
f 6949/330/162 6960/333/162 6954/332/162
s 0
f 6961/333/7 6964/334/7 6957/332/7
f 6957/332/7 6964/334/7 6966/335/7
s 1
f 6969/335/152 6965/334/152 6971/336/651
f 6965/334/152 6973/337/651 6971/336/651
f 6971/336/651 6973/337/651 6975/338/652
f 6973/337/651 6977/339/653 6975/338/652
f 6975/338/652 6977/339/653 6978/340/112
f 6977/339/653 6984/341/231 6978/340/112
f 6981/340/96 6985/341/97 6986/342/96
f 6985/341/97 6942/343/97 6986/342/96
f 6939/328/79 6937/327/79 6989/344/79
f 6993/293/654 6988/344/654 6994/295/655
f 6988/344/654 6938/327/655 6994/295/655
s 0
f 6996/297/12 6936/345/12 6997/346/12
f 6936/345/12 6933/347/12 6997/346/12
s 1
f 6934/326/656 6940/328/657 6999/348/657
f 6999/348/657 6940/328/657 7000/349/657
f 7003/350/658 6941/351/659 7004/352/659
f 6941/351/659 6982/353/659 7004/352/659
f 6983/353/660 6976/354/661 7007/352/662
f 7007/352/662 6976/354/661 7009/355/663
f 6976/354/661 6972/356/664 7009/355/663
f 7009/355/663 6972/356/664 7011/357/665
f 6972/356/664 6962/358/666 7011/357/665
f 7011/357/665 6962/358/666 7012/359/666
f 6963/358/667 6958/360/668 7015/359/667
f 7015/359/667 6958/360/668 7016/361/668
f 6959/360/669 6946/362/670 7019/361/669
f 7019/361/669 6946/362/670 7020/363/670
f 7023/363/671 6947/362/671 7024/364/672
f 6947/362/671 6943/365/673 7024/364/672
s 0
f 7026/366/17 6944/367/17 7027/368/17
s 1
f 6945/329/170 6950/331/170 7029/369/170
f 7028/369/674 6951/331/675 7032/288/674
f 7032/288/674 6951/331/675 7036/286/675
f 7035/286/676 6952/331/677 7040/284/677
f 6952/331/677 6955/332/678 7040/284/677
f 6956/332/679 6967/335/679 7039/284/679
f 7039/284/679 6967/335/679 7044/282/679
f 7043/282/680 6968/335/680 7046/280/681
f 6968/335/680 6970/336/682 7046/280/681
f 7046/280/681 6970/336/682 7048/279/683
f 6970/336/682 6974/338/684 7048/279/683
f 7048/279/683 6974/338/684 7050/290/685
f 6974/338/684 6979/340/686 7050/290/685
f 6980/340/687 6987/342/688 7049/290/687
f 6987/342/688 6990/292/688 7049/290/687
f 7053/317/689 7052/300/690 7056/318/691
f 7052/300/690 6991/319/690 7056/318/691
f 6992/320/692 6995/321/692 7055/322/692
f 7055/322/692 6995/321/692 7058/323/692
s 0
f 7057/324/12 6996/297/12 7060/370/12
f 6996/297/12 6997/346/12 7060/370/12
s 1
f 7059/371/693 6998/348/693 7062/372/693
f 6998/348/693 7001/349/693 7062/372/693
f 7002/350/694 7005/352/695 7061/373/695
f 7061/373/695 7005/352/695 7064/374/695
f 7063/374/696 7006/352/696 7065/375/697
f 7006/352/696 7008/355/698 7065/375/697
f 7065/375/697 7008/355/698 7066/376/699
f 7008/355/698 7010/357/700 7066/376/699
f 7066/376/699 7010/357/700 7068/377/701
f 7010/357/700 7013/359/701 7068/377/701
s 0
f 7014/359/4 7017/361/4 7067/377/4
f 7067/377/4 7017/361/4 7070/378/4
s 1
f 7069/378/702 7018/361/702 7072/379/702
f 7018/361/702 7021/363/702 7072/379/702
f 7022/363/703 7025/364/703 7071/379/703
f 7071/379/703 7025/364/703 7074/380/703
s 0
f 7073/381/17 7026/366/17 7076/315/17
f 7026/366/17 7027/368/17 7076/315/17
f 7027/368/17 7030/313/17 7076/315/17
s 1
f 7075/312/704 7031/311/704 7078/309/704
f 7031/311/704 7033/310/704 7078/309/704
f 7034/310/705 7037/307/705 7077/309/705
f 7077/309/705 7037/307/705 7080/308/705
s 0
f 7079/308/11 7038/307/11 7082/305/11
f 7038/307/11 7041/306/11 7082/305/11
s 1
f 7042/306/706 7045/304/707 7081/305/706
f 7081/305/706 7045/304/707 7083/303/708
f 7045/304/707 7047/301/709 7083/303/708
f 7083/303/708 7047/301/709 7084/302/710
f 7047/301/709 7051/300/711 7084/302/710
f 7051/300/711 7054/317/711 7084/302/710
f 7087/326/79 7089/327/79 7091/328/79
f 7089/327/79 7098/344/79 7091/328/79
f 7094/343/97 7095/342/96 7102/341/97
f 7105/329/712 7108/330/712 7110/331/712
f 7113/331/162 7109/330/162 7114/332/162
f 7109/330/162 7120/333/162 7114/332/162
s 0
f 7121/333/7 7124/334/7 7117/332/7
f 7117/332/7 7124/334/7 7126/335/7
s 1
f 7129/335/152 7125/334/152 7131/336/576
f 7125/334/152 7133/337/713 7131/336/576
f 7131/336/576 7133/337/713 7135/338/113
f 7133/337/713 7137/339/113 7135/338/113
f 7135/338/113 7137/339/113 7139/340/112
f 7137/339/113 7101/341/112 7139/340/112
f 7102/341/97 7095/342/96 7138/340/96
f 7141/340/714 7096/342/714 7142/292/714
f 7097/344/715 7090/327/715 7145/293/715
f 7145/293/715 7090/327/715 7146/295/715
s 0
f 7148/297/12 7088/345/12 7149/346/12
f 7088/345/12 7085/347/12 7149/346/12
s 1
f 7151/348/716 7086/326/716 7152/349/716
f 7086/326/716 7092/328/716 7152/349/716
f 7093/351/717 7099/353/718 7155/350/717
f 7155/350/717 7099/353/718 7156/352/718
f 7159/352/719 7100/353/719 7161/355/720
f 7100/353/719 7136/354/721 7161/355/720
f 7161/355/720 7136/354/721 7163/357/722
f 7136/354/721 7132/356/723 7163/357/722
f 7163/357/722 7132/356/723 7164/359/724
f 7132/356/723 7122/358/724 7164/359/724
f 7123/358/725 7118/360/726 7167/359/725
f 7167/359/725 7118/360/726 7168/361/726
f 7171/361/727 7119/360/728 7172/363/729
f 7119/360/728 7106/362/729 7172/363/729
f 7107/362/730 7103/365/731 7175/363/730
f 7175/363/730 7103/365/731 7176/364/731
s 0
f 7178/366/17 7104/367/17 7179/368/17
s 1
f 7105/329/712 7110/331/712 7181/369/170
f 7184/288/732 7180/369/733 7188/286/734
f 7180/369/733 7111/331/734 7188/286/734
f 7112/331/556 7115/332/735 7187/286/556
f 7187/286/556 7115/332/735 7192/284/735
f 7116/332/554 7127/335/554 7191/284/554
f 7191/284/554 7127/335/554 7196/282/554
f 7128/335/569 7130/336/736 7195/282/569
f 7195/282/569 7130/336/736 7198/280/737
f 7130/336/736 7134/338/738 7198/280/737
f 7198/280/737 7134/338/738 7200/279/573
f 7134/338/738 7140/340/739 7200/279/573
f 7200/279/573 7140/340/739 7202/290/739
f 7141/340/714 7142/292/714 7201/290/536
f 7205/317/533 7204/300/740 7208/318/533
f 7204/300/740 7143/319/740 7208/318/533
f 7144/320/532 7147/321/532 7207/322/532
f 7207/322/532 7147/321/532 7210/323/532
s 0
f 7209/324/12 7148/297/12 7212/370/12
f 7148/297/12 7149/346/12 7212/370/12
s 1
f 7211/371/741 7150/348/741 7214/372/741
f 7150/348/741 7153/349/741 7214/372/741
f 7154/350/742 7157/352/742 7213/373/743
f 7213/373/743 7157/352/742 7216/374/743
f 7215/374/744 7158/352/744 7217/375/745
f 7158/352/744 7160/355/746 7217/375/745
f 7217/375/745 7160/355/746 7218/376/747
f 7160/355/746 7162/357/748 7218/376/747
f 7218/376/747 7162/357/748 7220/377/749
f 7162/357/748 7165/359/749 7220/377/749
s 0
f 7166/359/4 7169/361/4 7219/377/4
f 7219/377/4 7169/361/4 7222/378/4
s 1
f 7221/378/750 7170/361/750 7224/379/750
f 7170/361/750 7173/363/750 7224/379/750
f 7174/363/751 7177/364/751 7223/379/751
f 7223/379/751 7177/364/751 7226/380/751
s 0
f 7225/381/17 7178/366/17 7228/315/17
f 7178/366/17 7179/368/17 7228/315/17
f 7179/368/17 7182/313/17 7228/315/17
s 1
f 7227/312/529 7183/311/529 7230/309/529
f 7183/311/529 7185/310/529 7230/309/529
f 7186/310/528 7189/307/528 7229/309/528
f 7229/309/528 7189/307/528 7232/308/528
s 0
f 7231/308/11 7190/307/11 7234/305/11
f 7190/307/11 7193/306/11 7234/305/11
s 1
f 7194/306/527 7197/304/526 7233/305/527
f 7233/305/527 7197/304/526 7235/303/525
f 7197/304/526 7199/301/523 7235/303/525
f 7235/303/525 7199/301/523 7236/302/524
f 7199/301/523 7203/300/752 7236/302/524
f 7203/300/752 7206/317/752 7236/302/524
f 7239/326/79 7241/327/79 7243/328/79
f 7241/327/79 7250/344/79 7243/328/79
f 7246/343/97 7247/342/96 7254/341/97
f 7257/329/712 7260/330/712 7262/331/170
f 7265/331/162 7261/330/162 7266/332/162
f 7261/330/162 7272/333/162 7266/332/162
s 0
f 7273/333/7 7276/334/7 7269/332/7
f 7269/332/7 7276/334/7 7278/335/7
s 1
f 7281/335/152 7277/334/152 7283/336/576
f 7277/334/152 7285/337/576 7283/336/576
f 7283/336/576 7285/337/576 7287/338/113
f 7285/337/576 7289/339/113 7287/338/113
f 7287/338/113 7289/339/113 7291/340/112
f 7289/339/113 7253/341/112 7291/340/112
f 7254/341/97 7247/342/96 7290/340/96
f 7293/340/753 7248/342/754 7294/292/714
f 7249/344/715 7242/327/715 7297/293/715
f 7297/293/715 7242/327/715 7298/295/715
s 0
f 7300/297/12 7240/345/12 7301/346/12
f 7240/345/12 7237/347/12 7301/346/12
s 1
f 7303/348/716 7238/326/716 7304/349/716
f 7238/326/716 7244/328/716 7304/349/716
f 7245/351/755 7251/353/756 7307/350/717
f 7307/350/717 7251/353/756 7308/352/756
f 7311/352/757 7252/353/757 7313/355/758
f 7252/353/757 7288/354/721 7313/355/758
f 7313/355/758 7288/354/721 7315/357/759
f 7288/354/721 7284/356/760 7315/357/759
f 7315/357/759 7284/356/760 7316/359/761
f 7284/356/760 7274/358/761 7316/359/761
f 7275/358/726 7270/360/726 7319/359/726
f 7319/359/726 7270/360/726 7320/361/726
f 7323/361/728 7271/360/728 7324/363/728
f 7271/360/728 7258/362/728 7324/363/728
f 7259/362/731 7255/365/762 7327/363/731
f 7327/363/731 7255/365/762 7328/364/730
s 0
f 7330/366/17 7256/367/17 7331/368/17
s 1
f 7257/329/712 7262/331/170 7333/369/170
f 7336/288/734 7332/369/734 7340/286/763
f 7332/369/734 7263/331/763 7340/286/763
f 7264/331/735 7267/332/735 7339/286/735
f 7339/286/735 7267/332/735 7344/284/735
f 7268/332/554 7279/335/554 7343/284/554
f 7343/284/554 7279/335/554 7348/282/554
f 7280/335/569 7282/336/764 7347/282/569
f 7347/282/569 7282/336/764 7350/280/765
f 7282/336/764 7286/338/766 7350/280/765
f 7350/280/765 7286/338/766 7352/279/767
f 7286/338/766 7292/340/739 7352/279/767
f 7352/279/767 7292/340/739 7354/290/739
f 7293/340/753 7294/292/714 7353/290/535
f 7357/317/533 7356/300/740 7360/318/533
f 7356/300/740 7295/319/740 7360/318/533
f 7296/320/532 7299/321/532 7359/322/532
f 7359/322/532 7299/321/532 7362/323/532
s 0
f 7361/324/12 7300/297/12 7364/370/12
f 7300/297/12 7301/346/12 7364/370/12
s 1
f 7363/371/768 7302/348/741 7366/372/741
f 7302/348/741 7305/349/741 7366/372/741
f 7306/350/742 7309/352/742 7365/373/743
f 7365/373/743 7309/352/742 7368/374/743
f 7367/374/769 7310/352/769 7369/375/745
f 7310/352/769 7312/355/746 7369/375/745
f 7369/375/745 7312/355/746 7370/376/747
f 7312/355/746 7314/357/770 7370/376/747
f 7370/376/747 7314/357/770 7372/377/749
f 7314/357/770 7317/359/749 7372/377/749
s 0
f 7318/359/4 7321/361/4 7371/377/4
f 7371/377/4 7321/361/4 7374/378/4
s 1
f 7373/378/771 7322/361/750 7376/379/771
f 7322/361/750 7325/363/750 7376/379/771
f 7326/363/751 7329/364/751 7375/379/751
f 7375/379/751 7329/364/751 7378/380/751
s 0
f 7377/381/17 7330/366/17 7380/315/17
f 7330/366/17 7331/368/17 7380/315/17
f 7331/368/17 7334/313/17 7380/315/17
s 1
f 7379/312/529 7335/311/529 7382/309/529
f 7335/311/529 7337/310/529 7382/309/529
f 7338/310/528 7341/307/528 7381/309/772
f 7381/309/772 7341/307/528 7384/308/772
s 0
f 7383/308/11 7342/307/11 7386/305/11
f 7342/307/11 7345/306/11 7386/305/11
s 1
f 7346/306/773 7349/304/774 7385/305/773
f 7385/305/773 7349/304/774 7387/303/775
f 7349/304/774 7351/301/523 7387/303/775
f 7387/303/775 7351/301/523 7388/302/524
f 7351/301/523 7355/300/752 7388/302/524
f 7355/300/752 7358/317/752 7388/302/524
f 7391/326/79 7393/327/79 7395/328/79
f 7393/327/79 7402/344/79 7395/328/79
f 7398/343/97 7399/342/96 7406/341/97
f 7409/329/776 7412/330/776 7414/331/170
f 7417/331/162 7413/330/162 7418/332/162
f 7413/330/162 7424/333/162 7418/332/162
s 0
f 7425/333/7 7428/334/7 7421/332/7
f 7421/332/7 7428/334/7 7430/335/7
s 1
f 7433/335/152 7429/334/152 7435/336/576
f 7429/334/152 7437/337/576 7435/336/576
f 7435/336/576 7437/337/576 7439/338/113
f 7437/337/576 7441/339/113 7439/338/113
f 7439/338/113 7441/339/113 7443/340/112
f 7441/339/113 7405/341/112 7443/340/112
f 7406/341/97 7399/342/96 7442/340/96
f 7445/340/777 7400/342/535 7446/292/714
f 7401/344/715 7394/327/715 7449/293/715
f 7449/293/715 7394/327/715 7450/295/778
s 0
f 7452/297/12 7392/345/12 7453/346/12
f 7392/345/12 7389/347/12 7453/346/12
s 1
f 7455/348/716 7390/326/716 7456/349/716
f 7390/326/716 7396/328/716 7456/349/716
f 7397/351/717 7403/353/717 7459/350/717
f 7459/350/717 7403/353/717 7460/352/779
f 7463/352/780 7404/353/780 7465/355/720
f 7404/353/780 7440/354/781 7465/355/720
f 7465/355/720 7440/354/781 7467/357/782
f 7440/354/781 7436/356/783 7467/357/782
f 7467/357/782 7436/356/783 7468/359/761
f 7436/356/783 7426/358/761 7468/359/761
f 7427/358/726 7422/360/726 7471/359/726
f 7471/359/726 7422/360/726 7472/361/726
f 7475/361/728 7423/360/728 7476/363/728
f 7423/360/728 7410/362/728 7476/363/728
f 7411/362/730 7407/365/730 7479/363/730
f 7479/363/730 7407/365/730 7480/364/730
s 0
f 7482/366/17 7408/367/17 7483/368/17
s 1
f 7409/329/776 7414/331/170 7485/369/170
f 7488/288/734 7484/369/734 7492/286/734
f 7484/369/734 7415/331/734 7492/286/734
f 7416/331/556 7419/332/735 7491/286/735
f 7491/286/735 7419/332/735 7496/284/735
f 7420/332/554 7431/335/554 7495/284/554
f 7495/284/554 7431/335/554 7500/282/567
f 7432/335/784 7434/336/736 7499/282/784
f 7499/282/784 7434/336/736 7502/280/765
f 7434/336/736 7438/338/766 7502/280/765
f 7502/280/765 7438/338/766 7504/279/767
f 7438/338/766 7444/340/739 7504/279/767
f 7504/279/767 7444/340/739 7506/290/739
f 7445/340/777 7446/292/714 7505/290/777
f 7509/317/533 7508/300/740 7512/318/533
f 7508/300/740 7447/319/740 7512/318/533
f 7448/320/785 7451/321/785 7511/322/785
f 7511/322/785 7451/321/785 7514/323/532
s 0
f 7513/324/12 7452/297/12 7516/370/12
f 7452/297/12 7453/346/12 7516/370/12
s 1
f 7515/371/741 7454/348/741 7518/372/741
f 7454/348/741 7457/349/741 7518/372/741
f 7458/350/742 7461/352/742 7517/373/743
f 7517/373/743 7461/352/742 7520/374/743
f 7519/374/744 7462/352/744 7521/375/745
f 7462/352/744 7464/355/746 7521/375/745
f 7521/375/745 7464/355/746 7522/376/747
f 7464/355/746 7466/357/748 7522/376/747
f 7522/376/747 7466/357/748 7524/377/749
f 7466/357/748 7469/359/749 7524/377/749
s 0
f 7470/359/4 7473/361/4 7523/377/4
f 7523/377/4 7473/361/4 7526/378/4
s 1
f 7525/378/750 7474/361/750 7528/379/750
f 7474/361/750 7477/363/750 7528/379/750
f 7478/363/751 7481/364/751 7527/379/751
f 7527/379/751 7481/364/751 7530/380/751
s 0
f 7529/381/17 7482/366/17 7532/315/17
f 7482/366/17 7483/368/17 7532/315/17
f 7483/368/17 7486/313/17 7532/315/17
s 1
f 7531/312/529 7487/311/529 7534/309/529
f 7487/311/529 7489/310/529 7534/309/529
f 7490/310/528 7493/307/528 7533/309/772
f 7533/309/772 7493/307/528 7536/308/772
s 0
f 7535/308/11 7494/307/11 7538/305/11
f 7494/307/11 7497/306/11 7538/305/11
s 1
f 7498/306/527 7501/304/526 7537/305/527
f 7537/305/527 7501/304/526 7539/303/525
f 7501/304/526 7503/301/523 7539/303/525
f 7539/303/525 7503/301/523 7540/302/524
f 7503/301/523 7507/300/752 7540/302/524
f 7507/300/752 7510/317/752 7540/302/524
f 7543/326/79 7545/327/79 7547/328/79
f 7553/329/170 7556/330/170 7558/331/170
f 7561/331/162 7557/330/162 7562/332/162
f 7557/330/162 7568/333/162 7562/332/162
s 0
f 7569/333/7 7572/334/7 7565/332/7
f 7565/332/7 7572/334/7 7574/335/7
s 1
f 7577/335/152 7573/334/152 7579/336/786
f 7573/334/152 7581/337/651 7579/336/786
f 7579/336/786 7581/337/651 7583/338/652
f 7581/337/651 7585/339/652 7583/338/652
f 7583/338/652 7585/339/652 7586/340/112
f 7585/339/652 7592/341/112 7586/340/112
f 7589/340/97 7593/341/97 7594/342/97
f 7593/341/97 7550/343/97 7594/342/97
f 7547/328/79 7545/327/79 7597/344/79
f 7601/293/787 7596/344/787 7602/295/787
f 7596/344/787 7546/327/788 7602/295/787
s 0
f 7604/297/12 7544/345/12 7605/346/12
f 7544/345/12 7541/347/12 7605/346/12
s 1
f 7542/326/789 7548/328/789 7607/348/789
f 7607/348/789 7548/328/789 7608/349/790
f 7611/350/791 7549/351/791 7612/352/792
f 7549/351/791 7590/353/793 7612/352/792
f 7591/353/794 7584/354/795 7615/352/796
f 7615/352/796 7584/354/795 7617/355/797
f 7584/354/795 7580/356/798 7617/355/797
f 7617/355/797 7580/356/798 7619/357/799
f 7580/356/798 7570/358/800 7619/357/799
f 7619/357/799 7570/358/800 7620/359/800
f 7571/358/801 7566/360/802 7623/359/802
f 7623/359/802 7566/360/802 7624/361/802
f 7567/360/803 7554/362/803 7627/361/803
f 7627/361/803 7554/362/803 7628/363/804
f 7631/363/805 7555/362/806 7632/364/806
f 7555/362/806 7551/365/806 7632/364/806
s 0
f 7634/366/17 7552/367/17 7635/368/17
s 1
f 7553/329/170 7558/331/170 7637/369/170
f 7636/369/807 7559/331/807 7640/288/807
f 7640/288/807 7559/331/807 7644/286/807
f 7643/286/808 7560/331/809 7648/284/809
f 7560/331/809 7563/332/809 7648/284/809
f 7564/332/810 7575/335/810 7647/284/810
f 7647/284/810 7575/335/810 7652/282/810
f 7651/282/811 7576/335/811 7654/280/812
f 7576/335/811 7578/336/813 7654/280/812
f 7654/280/812 7578/336/813 7656/279/814
f 7578/336/813 7582/338/815 7656/279/814
f 7656/279/814 7582/338/815 7658/290/816
f 7582/338/815 7587/340/816 7658/290/816
f 7588/340/817 7595/342/818 7657/290/819
f 7595/342/818 7598/292/820 7657/290/819
f 7661/317/821 7660/300/821 7664/318/821
f 7660/300/821 7599/319/821 7664/318/821
f 7600/320/822 7603/321/822 7663/322/822
f 7663/322/822 7603/321/822 7666/323/822
s 0
f 7665/324/12 7604/297/12 7668/370/12
f 7604/297/12 7605/346/12 7668/370/12
s 1
f 7667/371/823 7606/348/823 7670/372/823
f 7606/348/823 7609/349/823 7670/372/823
f 7610/350/824 7613/352/824 7669/373/824
f 7669/373/824 7613/352/824 7672/374/824
f 7671/374/825 7614/352/825 7673/375/826
f 7614/352/825 7616/355/827 7673/375/826
f 7673/375/826 7616/355/827 7674/376/828
f 7616/355/827 7618/357/829 7674/376/828
f 7674/376/828 7618/357/829 7676/377/830
f 7618/357/829 7621/359/830 7676/377/830
s 0
f 7622/359/4 7625/361/4 7675/377/4
f 7675/377/4 7625/361/4 7678/378/4
s 1
f 7677/378/831 7626/361/832 7680/379/831
f 7626/361/832 7629/363/832 7680/379/831
f 7630/363/833 7633/364/833 7679/379/833
f 7679/379/833 7633/364/833 7682/380/833
s 0
f 7681/381/17 7634/366/17 7684/315/17
f 7634/366/17 7635/368/17 7684/315/17
f 7635/368/17 7638/313/17 7684/315/17
s 1
f 7683/312/834 7639/311/834 7686/309/834
f 7639/311/834 7641/310/834 7686/309/834
f 7642/310/835 7645/307/835 7685/309/836
f 7685/309/836 7645/307/835 7688/308/836
s 0
f 7687/308/11 7646/307/11 7690/305/11
f 7646/307/11 7649/306/11 7690/305/11
s 1
f 7650/306/837 7653/304/838 7689/305/839
f 7689/305/839 7653/304/838 7691/303/840
f 7653/304/838 7655/301/841 7691/303/840
f 7691/303/840 7655/301/841 7692/302/842
f 7655/301/841 7659/300/843 7692/302/842
f 7659/300/843 7662/317/843 7692/302/842
f 7695/326/79 7697/327/79 7699/328/79
f 7697/327/79 7706/344/79 7699/328/79
f 7702/343/97 7703/342/96 7710/341/97
f 7713/329/170 7716/330/712 7718/331/712
f 7721/331/162 7717/330/162 7722/332/162
f 7717/330/162 7728/333/162 7722/332/162
s 0
f 7729/333/7 7732/334/7 7725/332/7
f 7725/332/7 7732/334/7 7734/335/7
s 1
f 7737/335/152 7733/334/152 7739/336/576
f 7733/334/152 7741/337/576 7739/336/576
f 7739/336/576 7741/337/576 7743/338/113
f 7741/337/576 7745/339/113 7743/338/113
f 7743/338/113 7745/339/113 7747/340/112
f 7745/339/113 7709/341/112 7747/340/112
f 7710/341/97 7703/342/96 7746/340/96
f 7749/340/753 7704/342/714 7750/292/714
f 7705/344/715 7698/327/715 7753/293/715
f 7753/293/715 7698/327/715 7754/295/844
s 0
f 7756/297/12 7696/345/12 7757/346/12
f 7696/345/12 7693/347/12 7757/346/12
s 1
f 7759/348/845 7694/326/846 7760/349/847
f 7694/326/846 7700/328/847 7760/349/847
f 7701/351/717 7707/353/755 7763/350/717
f 7763/350/717 7707/353/755 7764/352/718
f 7767/352/757 7708/353/780 7769/355/848
f 7708/353/780 7744/354/849 7769/355/848
f 7769/355/848 7744/354/849 7771/357/850
f 7744/354/849 7740/356/783 7771/357/850
f 7771/357/850 7740/356/783 7772/359/851
f 7740/356/783 7730/358/851 7772/359/851
f 7731/358/726 7726/360/852 7775/359/726
f 7775/359/726 7726/360/852 7776/361/852
f 7779/361/728 7727/360/728 7780/363/729
f 7727/360/728 7714/362/729 7780/363/729
f 7715/362/730 7711/365/730 7783/363/730
f 7783/363/730 7711/365/730 7784/364/730
s 0
f 7786/366/17 7712/367/17 7787/368/17
s 1
f 7713/329/170 7718/331/712 7789/369/170
f 7792/288/734 7788/369/734 7796/286/732
f 7788/369/734 7719/331/732 7796/286/732
f 7720/331/566 7723/332/853 7795/286/735
f 7795/286/735 7723/332/853 7800/284/853
f 7724/332/554 7735/335/567 7799/284/554
f 7799/284/554 7735/335/567 7804/282/567
f 7736/335/551 7738/336/736 7803/282/551
f 7803/282/551 7738/336/736 7806/280/854
f 7738/336/736 7742/338/855 7806/280/854
f 7806/280/854 7742/338/855 7808/279/856
f 7742/338/855 7748/340/857 7808/279/856
f 7808/279/856 7748/340/857 7810/290/857
f 7749/340/753 7750/292/714 7809/290/858
f 7813/317/533 7812/300/740 7816/318/533
f 7812/300/740 7751/319/740 7816/318/533
f 7752/320/532 7755/321/785 7815/322/532
f 7815/322/532 7755/321/785 7818/323/785
s 0
f 7817/324/12 7756/297/12 7820/370/12
f 7756/297/12 7757/346/12 7820/370/12
s 1
f 7819/371/768 7758/348/741 7822/372/768
f 7758/348/741 7761/349/741 7822/372/768
f 7762/350/742 7765/352/742 7821/373/743
f 7821/373/743 7765/352/742 7824/374/743
f 7823/374/769 7766/352/744 7825/375/859
f 7766/352/744 7768/355/746 7825/375/859
f 7825/375/859 7768/355/746 7826/376/747
f 7768/355/746 7770/357/860 7826/376/747
f 7826/376/747 7770/357/860 7828/377/749
f 7770/357/860 7773/359/749 7828/377/749
s 0
f 7774/359/4 7777/361/4 7827/377/4
f 7827/377/4 7777/361/4 7830/378/4
s 1
f 7829/378/750 7778/361/750 7832/379/750
f 7778/361/750 7781/363/750 7832/379/750
f 7782/363/751 7785/364/751 7831/379/751
f 7831/379/751 7785/364/751 7834/380/751
s 0
f 7833/381/17 7786/366/17 7836/315/17
f 7786/366/17 7787/368/17 7836/315/17
f 7787/368/17 7790/313/17 7836/315/17
s 1
f 7835/312/529 7791/311/529 7838/309/529
f 7791/311/529 7793/310/529 7838/309/529
f 7794/310/528 7797/307/861 7837/309/772
f 7837/309/772 7797/307/861 7840/308/772
s 0
f 7839/308/11 7798/307/11 7842/305/11
f 7798/307/11 7801/306/11 7842/305/11
s 1
f 7802/306/527 7805/304/526 7841/305/527
f 7841/305/527 7805/304/526 7843/303/525
f 7805/304/526 7807/301/523 7843/303/525
f 7843/303/525 7807/301/523 7844/302/862
f 7807/301/523 7811/300/863 7844/302/862
f 7811/300/863 7814/317/863 7844/302/862
f 7847/329/530 7851/331/173 7855/330/530
f 7848/331/174 7859/332/174 7854/330/174
f 7854/330/174 7859/332/174 7863/333/174
s 0
f 7862/333/1 7856/332/1 7867/334/1
f 7856/332/1 7871/335/1 7867/334/1
s 1
f 7868/335/155 7873/336/864 7866/334/155
f 7866/334/155 7873/336/864 7875/337/864
f 7877/326/85 7882/328/85 7885/327/84
f 7885/327/84 7882/328/85 7886/344/84
f 7879/343/273 7892/341/273 7889/342/105
f 7889/342/105 7892/341/273 7894/340/105
f 7893/341/122 7899/339/865 7897/340/122
f 7897/340/122 7899/339/865 7900/338/866
f 7899/339/865 7875/337/864 7900/338/866
f 7875/337/864 7873/336/864 7900/338/866
f 7901/338/867 7872/336/868 7903/279/869
f 7903/279/869 7872/336/868 7905/280/870
f 7872/336/868 7869/335/871 7905/280/870
f 7905/280/870 7869/335/871 7909/282/871
f 7908/282/872 7870/335/872 7913/284/872
f 7870/335/872 7857/332/872 7913/284/872
f 7858/332/873 7849/331/873 7912/284/873
f 7912/284/873 7849/331/873 7917/286/873
f 7916/286/874 7850/331/875 7920/288/876
f 7920/288/876 7850/331/875 7922/369/876
f 7851/331/173 7847/329/530 7921/369/173
s 0
f 7923/368/17 7845/367/17 7924/366/17
s 1
f 7846/365/877 7852/362/878 7926/364/879
f 7926/364/879 7852/362/878 7927/363/878
f 7930/363/880 7853/362/881 7931/361/882
f 7853/362/881 7860/360/883 7931/361/882
f 7934/361/884 7861/360/885 7935/359/885
f 7861/360/885 7864/358/886 7935/359/885
f 7938/359/887 7865/358/887 7940/357/888
f 7865/358/887 7874/356/889 7940/357/888
f 7940/357/888 7874/356/889 7942/355/890
f 7874/356/889 7898/354/891 7942/355/890
f 7942/355/890 7898/354/891 7943/352/892
f 7898/354/891 7890/353/892 7943/352/892
f 7891/353/893 7880/351/893 7946/352/893
f 7946/352/893 7880/351/893 7947/350/894
f 7950/349/895 7881/328/896 7951/348/896
f 7881/328/896 7878/326/897 7951/348/896
s 0
f 7876/347/12 7883/345/12 7953/346/12
f 7953/346/12 7883/345/12 7954/297/12
s 1
f 7884/327/898 7887/344/898 7956/295/898
f 7956/295/898 7887/344/898 7957/293/898
f 7960/292/899 7888/342/899 7962/290/900
f 7888/342/899 7895/340/900 7962/290/900
f 7896/340/901 7901/338/867 7961/290/901
f 7901/338/867 7903/279/869 7961/290/901
f 7964/300/711 7902/301/709 7965/302/710
f 7965/302/710 7902/301/709 7966/303/708
f 7902/301/709 7904/304/902 7966/303/708
f 7966/303/708 7904/304/902 7968/305/706
f 7904/304/902 7906/306/706 7968/305/706
s 0
f 7907/306/11 7910/307/11 7967/305/11
f 7967/305/11 7910/307/11 7970/308/11
s 1
f 7969/308/705 7911/307/705 7972/309/705
f 7911/307/705 7914/310/705 7972/309/705
f 7915/310/704 7918/311/704 7971/309/704
f 7971/309/704 7918/311/704 7974/312/704
s 0
f 7919/313/17 7923/368/17 7973/315/17
f 7923/368/17 7924/366/17 7973/315/17
f 7973/315/17 7924/366/17 7976/381/17
s 1
f 7975/380/703 7925/364/703 7978/379/703
f 7925/364/703 7928/363/703 7978/379/703
f 7929/363/702 7932/361/702 7977/379/702
f 7977/379/702 7932/361/702 7980/378/702
s 0
f 7979/378/4 7933/361/4 7982/377/4
f 7933/361/4 7936/359/4 7982/377/4
s 1
f 7937/359/701 7939/357/903 7981/377/701
f 7981/377/701 7939/357/903 7983/376/699
f 7939/357/903 7941/355/698 7983/376/699
f 7983/376/699 7941/355/698 7984/375/697
f 7941/355/698 7944/352/696 7984/375/697
f 7984/375/697 7944/352/696 7986/374/696
f 7985/374/695 7945/352/694 7988/373/695
f 7945/352/694 7948/350/695 7988/373/695
f 7949/349/693 7952/348/693 7987/372/693
f 7987/372/693 7952/348/693 7990/371/693
s 0
f 7953/346/12 7954/297/12 7989/370/12
f 7989/370/12 7954/297/12 7992/324/12
s 1
f 7991/323/692 7955/321/692 7994/322/692
f 7955/321/692 7958/320/692 7994/322/692
f 7959/319/689 7963/300/690 7993/318/691
f 7993/318/691 7963/300/690 7996/317/689
f 7964/300/711 7965/302/710 7995/317/711
f 7999/329/173 8003/331/173 8007/330/173
f 8000/331/174 8011/332/174 8006/330/174
f 8006/330/174 8011/332/174 8015/333/174
s 0
f 8014/333/1 8008/332/1 8019/334/1
f 8008/332/1 8023/335/1 8019/334/1
s 1
f 8020/335/155 8025/336/904 8018/334/155
f 8018/334/155 8025/336/904 8027/337/904
f 8025/336/904 8029/338/121 8027/337/904
f 8027/337/904 8029/338/121 8031/339/124
f 8033/326/85 8038/328/85 8041/327/84
f 8041/327/84 8038/328/85 8042/344/84
f 8035/343/273 8048/341/273 8045/342/105
f 8045/342/105 8048/341/273 8051/340/105
f 8049/341/122 8031/339/124 8050/340/122
f 8031/339/124 8029/338/121 8050/340/122
f 8053/340/905 8028/338/906 8055/279/907
f 8055/279/907 8028/338/906 8057/280/908
f 8028/338/906 8024/336/909 8057/280/908
f 8057/280/908 8024/336/909 8061/282/505
f 8024/336/909 8021/335/505 8061/282/505
f 8060/282/502 8022/335/502 8065/284/487
f 8022/335/502 8009/332/502 8065/284/487
f 8064/284/490 8010/332/490 8069/286/491
f 8010/332/490 8001/331/491 8069/286/491
f 8072/288/910 8068/286/911 8074/369/910
f 8068/286/911 8002/331/911 8074/369/910
f 8003/331/173 7999/329/173 8073/369/173
s 0
f 8075/368/17 7997/367/17 8076/366/17
s 1
f 8078/364/912 7998/365/912 8079/363/913
f 7998/365/912 8004/362/913 8079/363/913
f 8005/362/914 8012/360/915 8082/363/914
f 8082/363/914 8012/360/915 8083/361/915
f 8086/361/916 8013/360/917 8087/359/918
f 8013/360/917 8016/358/918 8087/359/918
f 8017/358/919 8026/356/920 8090/359/921
f 8090/359/921 8026/356/920 8092/357/922
f 8026/356/920 8030/354/923 8092/357/922
f 8092/357/922 8030/354/923 8094/355/924
f 8030/354/923 8046/353/925 8094/355/924
f 8094/355/924 8046/353/925 8095/352/925
f 8098/352/926 8047/353/927 8099/350/928
f 8047/353/927 8036/351/928 8099/350/928
f 8037/328/929 8034/326/929 8102/349/930
f 8102/349/930 8034/326/929 8103/348/931
s 0
f 8032/347/12 8039/345/12 8105/346/12
f 8105/346/12 8039/345/12 8106/297/12
s 1
f 8108/295/932 8040/327/932 8109/293/933
f 8040/327/932 8043/344/934 8109/293/933
f 8044/342/935 8052/340/513 8112/292/936
f 8112/292/936 8052/340/513 8114/290/513
f 8053/340/905 8055/279/907 8113/290/937
f 8116/300/522 8054/301/523 8117/302/524
f 8117/302/524 8054/301/523 8118/303/525
f 8054/301/523 8056/304/526 8118/303/525
f 8118/303/525 8056/304/526 8120/305/527
f 8056/304/526 8058/306/527 8120/305/527
s 0
f 8059/306/11 8062/307/11 8119/305/11
f 8119/305/11 8062/307/11 8122/308/11
s 1
f 8121/308/528 8063/307/528 8124/309/528
f 8063/307/528 8066/310/528 8124/309/528
f 8067/310/529 8070/311/529 8123/309/529
f 8123/309/529 8070/311/529 8126/312/529
s 0
f 8071/313/17 8075/368/17 8125/315/17
f 8075/368/17 8076/366/17 8125/315/17
f 8125/315/17 8076/366/17 8128/381/17
s 1
f 8127/380/751 8077/364/751 8130/379/751
f 8077/364/751 8080/363/751 8130/379/751
f 8081/363/750 8084/361/750 8129/379/750
f 8129/379/750 8084/361/750 8132/378/750
s 0
f 8131/378/4 8085/361/4 8134/377/4
f 8085/361/4 8088/359/4 8134/377/4
s 1
f 8089/359/749 8091/357/938 8133/377/749
f 8133/377/749 8091/357/938 8135/376/747
f 8091/357/938 8093/355/746 8135/376/747
f 8135/376/747 8093/355/746 8136/375/745
f 8093/355/746 8096/352/769 8136/375/745
f 8136/375/745 8096/352/769 8138/374/744
f 8137/374/939 8097/352/743 8140/373/742
f 8097/352/743 8100/350/743 8140/373/742
f 8101/349/768 8104/348/741 8139/372/741
f 8139/372/741 8104/348/741 8142/371/741
s 0
f 8105/346/12 8106/297/12 8141/370/12
f 8141/370/12 8106/297/12 8144/324/12
s 1
f 8143/323/532 8107/321/532 8146/322/532
f 8107/321/532 8110/320/785 8146/322/532
f 8111/319/533 8115/300/533 8145/318/740
f 8145/318/740 8115/300/533 8148/317/534
f 8116/300/522 8117/302/524 8147/317/752
f 8151/329/173 8155/331/173 8159/330/173
f 8152/331/174 8163/332/940 8158/330/174
f 8158/330/174 8163/332/940 8167/333/174
s 0
f 8166/333/1 8160/332/1 8171/334/1
f 8160/332/1 8175/335/1 8171/334/1
s 1
f 8172/335/155 8177/336/904 8170/334/155
f 8170/334/155 8177/336/904 8179/337/904
f 8177/336/904 8181/338/124 8179/337/904
f 8179/337/904 8181/338/124 8183/339/121
f 8185/326/84 8190/328/84 8193/327/84
f 8193/327/84 8190/328/84 8194/344/84
f 8187/343/105 8200/341/105 8197/342/105
f 8197/342/105 8200/341/105 8203/340/105
f 8201/341/331 8183/339/121 8202/340/122
f 8183/339/121 8181/338/124 8202/340/122
f 8205/340/905 8180/338/906 8207/279/907
f 8207/279/907 8180/338/906 8209/280/941
f 8180/338/906 8176/336/506 8209/280/941
f 8209/280/941 8176/336/506 8213/282/505
f 8176/336/506 8173/335/505 8213/282/505
f 8212/282/502 8174/335/502 8217/284/502
f 8174/335/502 8161/332/502 8217/284/502
f 8216/284/490 8162/332/490 8221/286/490
f 8162/332/490 8153/331/490 8221/286/490
f 8224/288/911 8220/286/911 8226/369/911
f 8220/286/911 8154/331/911 8226/369/911
f 8155/331/173 8151/329/173 8225/369/173
s 0
f 8227/368/17 8149/367/17 8228/366/17
s 1
f 8230/364/942 8150/365/943 8231/363/913
f 8150/365/943 8156/362/913 8231/363/913
f 8157/362/944 8164/360/914 8234/363/915
f 8234/363/915 8164/360/914 8235/361/945
f 8238/361/946 8165/360/946 8239/359/917
f 8165/360/946 8168/358/917 8239/359/917
f 8169/358/919 8178/356/947 8242/359/921
f 8242/359/921 8178/356/947 8244/357/922
f 8178/356/947 8182/354/923 8244/357/922
f 8244/357/922 8182/354/923 8246/355/924
f 8182/354/923 8198/353/925 8246/355/924
f 8246/355/924 8198/353/925 8247/352/925
f 8250/352/948 8199/353/949 8251/350/928
f 8199/353/949 8188/351/950 8251/350/928
f 8189/328/930 8186/326/929 8254/349/930
f 8254/349/930 8186/326/929 8255/348/929
s 0
f 8184/347/12 8191/345/12 8257/346/12
f 8257/346/12 8191/345/12 8258/297/12
s 1
f 8260/295/932 8192/327/932 8261/293/932
f 8192/327/932 8195/344/932 8261/293/932
f 8196/342/935 8204/340/514 8264/292/935
f 8264/292/935 8204/340/514 8266/290/514
f 8205/340/905 8207/279/907 8265/290/905
f 8268/300/522 8206/301/523 8269/302/524
f 8269/302/524 8206/301/523 8270/303/775
f 8206/301/523 8208/304/774 8270/303/775
f 8270/303/775 8208/304/774 8272/305/773
f 8208/304/774 8210/306/773 8272/305/773
s 0
f 8211/306/11 8214/307/11 8271/305/11
f 8271/305/11 8214/307/11 8274/308/11
s 1
f 8273/308/528 8215/307/528 8276/309/528
f 8215/307/528 8218/310/528 8276/309/528
f 8219/310/529 8222/311/529 8275/309/529
f 8275/309/529 8222/311/529 8278/312/529
s 0
f 8223/313/17 8227/368/17 8277/315/17
f 8227/368/17 8228/366/17 8277/315/17
f 8277/315/17 8228/366/17 8280/381/17
s 1
f 8279/380/751 8229/364/751 8282/379/751
f 8229/364/751 8232/363/751 8282/379/751
f 8233/363/951 8236/361/750 8281/379/750
f 8281/379/750 8236/361/750 8284/378/750
s 0
f 8283/378/4 8237/361/4 8286/377/4
f 8237/361/4 8240/359/4 8286/377/4
s 1
f 8241/359/749 8243/357/938 8285/377/749
f 8285/377/749 8243/357/938 8287/376/747
f 8243/357/938 8245/355/746 8287/376/747
f 8287/376/747 8245/355/746 8288/375/745
f 8245/355/746 8248/352/769 8288/375/745
f 8288/375/745 8248/352/769 8290/374/769
f 8289/374/939 8249/352/743 8292/373/939
f 8249/352/743 8252/350/743 8292/373/939
f 8253/349/768 8256/348/768 8291/372/741
f 8291/372/741 8256/348/768 8294/371/741
s 0
f 8257/346/12 8258/297/12 8293/370/12
f 8293/370/12 8258/297/12 8296/324/12
s 1
f 8295/323/532 8259/321/785 8298/322/532
f 8259/321/785 8262/320/785 8298/322/532
f 8263/319/533 8267/300/533 8297/318/534
f 8297/318/534 8267/300/533 8300/317/534
f 8268/300/522 8269/302/524 8299/317/752
f 8303/329/173 8307/331/173 8311/330/173
f 8304/331/940 8315/332/940 8310/330/174
f 8310/330/174 8315/332/940 8319/333/174
s 0
f 8318/333/1 8312/332/1 8323/334/1
f 8312/332/1 8327/335/1 8323/334/1
s 1
f 8324/335/155 8329/336/904 8322/334/155
f 8322/334/155 8329/336/904 8331/337/904
f 8329/336/904 8333/338/124 8331/337/904
f 8331/337/904 8333/338/124 8335/339/121
f 8337/326/85 8342/328/85 8345/327/84
f 8345/327/84 8342/328/85 8346/344/84
f 8339/343/273 8352/341/273 8349/342/105
f 8349/342/105 8352/341/273 8355/340/105
f 8353/341/122 8335/339/121 8354/340/122
f 8335/339/121 8333/338/124 8354/340/122
f 8357/340/905 8332/338/906 8359/279/482
f 8359/279/482 8332/338/906 8361/280/941
f 8332/338/906 8328/336/909 8361/280/941
f 8361/280/941 8328/336/909 8365/282/504
f 8328/336/909 8325/335/504 8365/282/504
f 8364/282/952 8326/335/953 8369/284/954
f 8326/335/953 8313/332/502 8369/284/954
f 8368/284/490 8314/332/490 8373/286/490
f 8314/332/490 8305/331/490 8373/286/490
f 8376/288/955 8372/286/911 8378/369/911
f 8372/286/911 8306/331/911 8378/369/911
f 8307/331/173 8303/329/173 8377/369/173
s 0
f 8379/368/17 8301/367/17 8380/366/17
s 1
f 8382/364/912 8302/365/912 8383/363/913
f 8302/365/912 8308/362/913 8383/363/913
f 8309/362/915 8316/360/915 8386/363/915
f 8386/363/915 8316/360/915 8387/361/914
f 8390/361/946 8317/360/918 8391/359/918
f 8317/360/918 8320/358/918 8391/359/918
f 8321/358/919 8330/356/920 8394/359/919
f 8394/359/919 8330/356/920 8396/357/956
f 8330/356/920 8334/354/923 8396/357/956
f 8396/357/956 8334/354/923 8398/355/957
f 8334/354/923 8350/353/958 8398/355/957
f 8398/355/957 8350/353/958 8399/352/958
f 8402/352/928 8351/353/928 8403/350/949
f 8351/353/928 8340/351/949 8403/350/949
f 8341/328/930 8338/326/929 8406/349/930
f 8406/349/930 8338/326/929 8407/348/929
s 0
f 8336/347/12 8343/345/12 8409/346/12
f 8409/346/12 8343/345/12 8410/297/12
s 1
f 8412/295/932 8344/327/932 8413/293/933
f 8344/327/932 8347/344/932 8413/293/933
f 8348/342/936 8356/340/514 8416/292/936
f 8416/292/936 8356/340/514 8418/290/514
f 8357/340/905 8359/279/482 8417/290/905
f 8420/300/522 8358/301/523 8421/302/524
f 8421/302/524 8358/301/523 8422/303/525
f 8358/301/523 8360/304/526 8422/303/525
f 8422/303/525 8360/304/526 8424/305/527
f 8360/304/526 8362/306/527 8424/305/527
s 0
f 8363/306/11 8366/307/11 8423/305/11
f 8423/305/11 8366/307/11 8426/308/11
s 1
f 8425/308/528 8367/307/528 8428/309/528
f 8367/307/528 8370/310/528 8428/309/528
f 8371/310/529 8374/311/529 8427/309/529
f 8427/309/529 8374/311/529 8430/312/529
s 0
f 8375/313/17 8379/368/17 8429/315/17
f 8379/368/17 8380/366/17 8429/315/17
f 8429/315/17 8380/366/17 8432/381/17
s 1
f 8431/380/751 8381/364/751 8434/379/751
f 8381/364/751 8384/363/751 8434/379/751
f 8385/363/750 8388/361/750 8433/379/750
f 8433/379/750 8388/361/750 8436/378/750
s 0
f 8435/378/4 8389/361/4 8438/377/4
f 8389/361/4 8392/359/4 8438/377/4
s 1
f 8393/359/749 8395/357/938 8437/377/749
f 8437/377/749 8395/357/938 8439/376/747
f 8395/357/938 8397/355/746 8439/376/747
f 8439/376/747 8397/355/746 8440/375/745
f 8397/355/746 8400/352/769 8440/375/745
f 8440/375/745 8400/352/769 8442/374/744
f 8441/374/939 8401/352/743 8444/373/742
f 8401/352/743 8404/350/743 8444/373/742
f 8405/349/768 8408/348/768 8443/372/741
f 8443/372/741 8408/348/768 8446/371/741
s 0
f 8409/346/12 8410/297/12 8445/370/12
f 8445/370/12 8410/297/12 8448/324/12
s 1
f 8447/323/532 8411/321/532 8450/322/785
f 8411/321/532 8414/320/532 8450/322/785
f 8415/319/533 8419/300/533 8449/318/534
f 8449/318/534 8419/300/533 8452/317/534
f 8420/300/522 8421/302/524 8451/317/752
f 8455/329/173 8459/331/173 8463/330/173
f 8456/331/174 8467/332/174 8462/330/174
f 8462/330/174 8467/332/174 8471/333/174
s 0
f 8470/333/1 8464/332/1 8475/334/1
f 8464/332/1 8479/335/1 8475/334/1
s 1
f 8476/335/155 8481/336/864 8474/334/155
f 8474/334/155 8481/336/864 8483/337/959
f 8485/326/84 8490/328/85 8493/327/84
f 8493/327/84 8490/328/85 8494/344/84
f 8487/343/105 8500/341/105 8497/342/105
f 8497/342/105 8500/341/105 8502/340/105
f 8501/341/122 8507/339/866 8505/340/122
f 8505/340/122 8507/339/866 8508/338/866
f 8507/339/866 8483/337/959 8508/338/866
f 8483/337/959 8481/336/864 8508/338/866
f 8509/338/960 8480/336/961 8511/279/962
f 8511/279/962 8480/336/961 8513/280/963
f 8480/336/961 8477/335/964 8513/280/963
f 8513/280/963 8477/335/964 8517/282/964
f 8516/282/965 8478/335/965 8521/284/966
f 8478/335/965 8465/332/966 8521/284/966
f 8466/332/967 8457/331/967 8520/284/967
f 8520/284/967 8457/331/967 8525/286/968
f 8524/286/969 8458/331/969 8528/288/969
f 8528/288/969 8458/331/969 8530/369/969
f 8459/331/173 8455/329/173 8529/369/173
s 0
f 8531/368/17 8453/367/17 8532/366/17
s 1
f 8454/365/970 8460/362/970 8534/364/970
f 8534/364/970 8460/362/970 8535/363/970
f 8538/363/971 8461/362/972 8539/361/973
f 8461/362/972 8468/360/974 8539/361/973
f 8542/361/975 8469/360/975 8543/359/975
f 8469/360/975 8472/358/975 8543/359/975
f 8546/359/976 8473/358/976 8548/357/977
f 8473/358/976 8482/356/978 8548/357/977
f 8548/357/977 8482/356/978 8550/355/979
f 8482/356/978 8506/354/980 8550/355/979
f 8550/355/979 8506/354/980 8551/352/981
f 8506/354/980 8498/353/981 8551/352/981
f 8499/353/982 8488/351/983 8554/352/983
f 8554/352/983 8488/351/983 8555/350/984
f 8558/349/985 8489/328/985 8559/348/985
f 8489/328/985 8486/326/985 8559/348/985
s 0
f 8484/347/12 8491/345/12 8561/346/12
f 8561/346/12 8491/345/12 8562/297/12
s 1
f 8492/327/986 8495/344/987 8564/295/986
f 8564/295/986 8495/344/987 8565/293/987
f 8568/292/988 8496/342/988 8570/290/988
f 8496/342/988 8503/340/988 8570/290/988
f 8504/340/989 8509/338/960 8569/290/990
f 8509/338/960 8511/279/962 8569/290/990
f 8572/300/843 8510/301/841 8573/302/991
f 8573/302/991 8510/301/841 8574/303/840
f 8510/301/841 8512/304/838 8574/303/840
f 8574/303/840 8512/304/838 8576/305/837
f 8512/304/838 8514/306/839 8576/305/837
s 0
f 8515/306/11 8518/307/11 8575/305/11
f 8575/305/11 8518/307/11 8578/308/11
s 1
f 8577/308/836 8519/307/836 8580/309/836
f 8519/307/836 8522/310/836 8580/309/836
f 8523/310/834 8526/311/834 8579/309/834
f 8579/309/834 8526/311/834 8582/312/834
s 0
f 8527/313/17 8531/368/17 8581/315/17
f 8531/368/17 8532/366/17 8581/315/17
f 8581/315/17 8532/366/17 8584/381/17
s 1
f 8583/380/833 8533/364/833 8586/379/833
f 8533/364/833 8536/363/833 8586/379/833
f 8537/363/832 8540/361/831 8585/379/992
f 8585/379/992 8540/361/831 8588/378/831
s 0
f 8587/378/4 8541/361/4 8590/377/4
f 8541/361/4 8544/359/4 8590/377/4
s 1
f 8545/359/830 8547/357/829 8589/377/830
f 8589/377/830 8547/357/829 8591/376/828
f 8547/357/829 8549/355/827 8591/376/828
f 8591/376/828 8549/355/827 8592/375/826
f 8549/355/827 8552/352/825 8592/375/826
f 8592/375/826 8552/352/825 8594/374/825
f 8593/374/824 8553/352/824 8596/373/824
f 8553/352/824 8556/350/824 8596/373/824
f 8557/349/993 8560/348/993 8595/372/823
f 8595/372/823 8560/348/993 8598/371/823
s 0
f 8561/346/12 8562/297/12 8597/370/12
f 8597/370/12 8562/297/12 8600/324/12
s 1
f 8599/323/822 8563/321/822 8602/322/822
f 8563/321/822 8566/320/822 8602/322/822
f 8567/319/821 8571/300/821 8601/318/821
f 8601/318/821 8571/300/821 8604/317/821
f 8572/300/843 8573/302/991 8603/317/843
f 8607/329/173 8611/331/173 8615/330/173
f 8608/331/174 8619/332/174 8614/330/174
f 8614/330/174 8619/332/174 8623/333/174
s 0
f 8622/333/1 8616/332/1 8627/334/1
f 8616/332/1 8631/335/1 8627/334/1
s 1
f 8628/335/155 8633/336/904 8626/334/155
f 8626/334/155 8633/336/904 8635/337/904
f 8633/336/904 8637/338/124 8635/337/904
f 8635/337/904 8637/338/124 8639/339/124
f 8641/326/85 8646/328/85 8649/327/84
f 8649/327/84 8646/328/85 8650/344/84
f 8643/343/105 8656/341/105 8653/342/105
f 8653/342/105 8656/341/105 8659/340/105
f 8657/341/122 8639/339/124 8658/340/122
f 8639/339/124 8637/338/124 8658/340/122
f 8661/340/994 8636/338/995 8663/279/482
f 8663/279/482 8636/338/995 8665/280/941
f 8636/338/995 8632/336/909 8665/280/941
f 8665/280/941 8632/336/909 8669/282/996
f 8632/336/909 8629/335/997 8669/282/996
f 8668/282/502 8630/335/502 8673/284/954
f 8630/335/502 8617/332/502 8673/284/954
f 8672/284/998 8618/332/491 8677/286/490
f 8618/332/491 8609/331/490 8677/286/490
f 8680/288/911 8676/286/999 8682/369/911
f 8676/286/999 8610/331/999 8682/369/911
f 8611/331/173 8607/329/173 8681/369/173
s 0
f 8683/368/17 8605/367/17 8684/366/17
s 1
f 8686/364/913 8606/365/913 8687/363/913
f 8606/365/913 8612/362/913 8687/363/913
f 8613/362/914 8620/360/914 8690/363/914
f 8690/363/914 8620/360/914 8691/361/915
f 8694/361/916 8621/360/916 8695/359/918
f 8621/360/916 8624/358/918 8695/359/918
f 8625/358/1000 8634/356/920 8698/359/1000
f 8698/359/1000 8634/356/920 8700/357/1001
f 8634/356/920 8638/354/1002 8700/357/1001
f 8700/357/1001 8638/354/1002 8702/355/1003
f 8638/354/1002 8654/353/958 8702/355/1003
f 8702/355/1003 8654/353/958 8703/352/925
f 8706/352/1004 8655/353/1004 8707/350/928
f 8655/353/1004 8644/351/928 8707/350/928
f 8645/328/931 8642/326/1005 8710/349/931
f 8710/349/931 8642/326/1005 8711/348/1005
s 0
f 8640/347/12 8647/345/12 8713/346/12
f 8713/346/12 8647/345/12 8714/297/12
s 1
f 8716/295/932 8648/327/932 8717/293/934
f 8648/327/932 8651/344/1006 8717/293/934
f 8652/342/512 8660/340/520 8720/292/936
f 8720/292/936 8660/340/520 8722/290/520
f 8661/340/994 8663/279/482 8721/290/1007
f 8724/300/863 8662/301/523 8725/302/524
f 8725/302/524 8662/301/523 8726/303/525
f 8662/301/523 8664/304/1008 8726/303/525
f 8726/303/525 8664/304/1008 8728/305/527
f 8664/304/1008 8666/306/527 8728/305/527
s 0
f 8667/306/11 8670/307/11 8727/305/11
f 8727/305/11 8670/307/11 8730/308/11
s 1
f 8729/308/528 8671/307/772 8732/309/772
f 8671/307/772 8674/310/772 8732/309/772
f 8675/310/529 8678/311/529 8731/309/529
f 8731/309/529 8678/311/529 8734/312/529
s 0
f 8679/313/17 8683/368/17 8733/315/17
f 8683/368/17 8684/366/17 8733/315/17
f 8733/315/17 8684/366/17 8736/381/17
s 1
f 8735/380/751 8685/364/751 8738/379/751
f 8685/364/751 8688/363/751 8738/379/751
f 8689/363/750 8692/361/750 8737/379/750
f 8737/379/750 8692/361/750 8740/378/750
s 0
f 8739/378/4 8693/361/4 8742/377/4
f 8693/361/4 8696/359/4 8742/377/4
s 1
f 8697/359/749 8699/357/938 8741/377/749
f 8741/377/749 8699/357/938 8743/376/1009
f 8699/357/938 8701/355/746 8743/376/1009
f 8743/376/1009 8701/355/746 8744/375/745
f 8701/355/746 8704/352/744 8744/375/745
f 8744/375/745 8704/352/744 8746/374/744
f 8745/374/939 8705/352/743 8748/373/742
f 8705/352/743 8708/350/743 8748/373/742
f 8709/349/1010 8712/348/741 8747/372/741
f 8747/372/741 8712/348/741 8750/371/741
s 0
f 8713/346/12 8714/297/12 8749/370/12
f 8749/370/12 8714/297/12 8752/324/12
s 1
f 8751/323/532 8715/321/532 8754/322/532
f 8715/321/532 8718/320/532 8754/322/532
f 8719/319/533 8723/300/533 8753/318/740
f 8753/318/740 8723/300/533 8756/317/534
f 8724/300/863 8725/302/524 8755/317/863
f 8759/329/1011 8763/331/178 8767/330/1011
f 8760/331/167 8771/332/167 8766/330/167
f 8766/330/167 8771/332/167 8775/333/167
s 0
f 8774/333/4 8768/332/4 8779/334/4
f 8768/332/4 8783/335/4 8779/334/4
s 1
f 8780/335/158 8785/336/1012 8778/334/158
f 8778/334/158 8785/336/1012 8787/337/1012
f 8789/326/89 8794/328/89 8797/327/89
f 8797/327/89 8794/328/89 8798/344/89
f 8791/343/108 8804/341/108 8801/342/108
f 8801/342/108 8804/341/108 8806/340/108
f 8805/341/128 8811/339/1013 8809/340/128
f 8809/340/128 8811/339/1013 8812/338/1013
f 8811/339/1013 8787/337/1012 8812/338/1013
f 8787/337/1012 8785/336/1012 8812/338/1013
f 8813/338/1014 8784/336/1015 8815/279/1016
f 8815/279/1016 8784/336/1015 8817/280/1017
f 8784/336/1015 8781/335/1018 8817/280/1017
f 8817/280/1017 8781/335/1018 8821/282/1018
f 8820/282/1019 8782/335/1019 8825/284/1020
f 8782/335/1019 8769/332/1020 8825/284/1020
f 8770/332/1021 8761/331/1022 8824/284/1021
f 8824/284/1021 8761/331/1022 8829/286/1023
f 8828/286/1024 8762/331/1024 8832/288/1025
f 8832/288/1025 8762/331/1024 8834/369/1025
f 8763/331/178 8759/329/1011 8833/369/178
s 0
f 8835/368/17 8757/367/17 8836/366/17
s 1
f 8758/365/1026 8764/362/1027 8838/364/1026
f 8838/364/1026 8764/362/1027 8839/363/1027
f 8842/363/1028 8765/362/1028 8843/361/1029
f 8765/362/1028 8772/360/1029 8843/361/1029
f 8846/361/1030 8773/360/1030 8847/359/1031
f 8773/360/1030 8776/358/1031 8847/359/1031
f 8850/359/1032 8777/358/1032 8852/357/1033
f 8777/358/1032 8786/356/1034 8852/357/1033
f 8852/357/1033 8786/356/1034 8854/355/1035
f 8786/356/1034 8810/354/1036 8854/355/1035
f 8854/355/1035 8810/354/1036 8855/352/1037
f 8810/354/1036 8802/353/1037 8855/352/1037
f 8803/353/1038 8792/351/1038 8858/352/1038
f 8858/352/1038 8792/351/1038 8859/350/1038
f 8862/349/1039 8793/328/1039 8863/348/1039
f 8793/328/1039 8790/326/1039 8863/348/1039
s 0
f 8788/347/12 8795/345/12 8865/346/12
f 8865/346/12 8795/345/12 8866/297/12
s 1
f 8796/327/1040 8799/344/1040 8868/295/1040
f 8868/295/1040 8799/344/1040 8869/293/1040
f 8872/292/1041 8800/342/1042 8874/290/1042
f 8800/342/1042 8807/340/1042 8874/290/1042
f 8808/340/1043 8813/338/1014 8873/290/1043
f 8813/338/1014 8815/279/1016 8873/290/1043
f 8876/300/638 8814/301/636 8877/302/637
f 8877/302/637 8814/301/636 8878/303/635
f 8814/301/636 8816/304/634 8878/303/635
f 8878/303/635 8816/304/634 8880/305/633
f 8816/304/634 8818/306/633 8880/305/633
s 0
f 8819/306/1 8822/307/1 8879/305/1
f 8879/305/1 8822/307/1 8882/308/1
s 1
f 8881/308/632 8823/307/632 8884/309/632
f 8823/307/632 8826/310/632 8884/309/632
f 8827/310/631 8830/311/631 8883/309/631
f 8883/309/631 8830/311/631 8886/312/631
s 0
f 8831/313/17 8835/368/17 8885/315/17
f 8835/368/17 8836/366/17 8885/315/17
f 8885/315/17 8836/366/17 8888/381/17
s 1
f 8887/380/630 8837/364/630 8890/379/630
f 8837/364/630 8840/363/630 8890/379/630
f 8841/363/629 8844/361/629 8889/379/628
f 8889/379/628 8844/361/629 8892/378/628
s 0
f 8891/378/7 8845/361/7 8894/377/7
f 8845/361/7 8848/359/7 8894/377/7
s 1
f 8849/359/627 8851/357/626 8893/377/627
f 8893/377/627 8851/357/626 8895/376/625
f 8851/357/626 8853/355/1044 8895/376/625
f 8895/376/625 8853/355/1044 8896/375/623
f 8853/355/1044 8856/352/622 8896/375/623
f 8896/375/623 8856/352/622 8898/374/622
f 8897/374/621 8857/352/621 8900/373/621
f 8857/352/621 8860/350/621 8900/373/621
f 8861/349/620 8864/348/620 8899/372/620
f 8899/372/620 8864/348/620 8902/371/620
s 0
f 8865/346/12 8866/297/12 8901/370/12
f 8901/370/12 8866/297/12 8904/324/12
s 1
f 8903/323/619 8867/321/619 8906/322/619
f 8867/321/619 8870/320/619 8906/322/619
f 8871/319/618 8875/300/618 8905/318/618
f 8905/318/618 8875/300/618 8908/317/618
f 8876/300/638 8877/302/637 8907/317/1045
f 8911/329/1011 8915/331/178 8919/330/178
f 8912/331/167 8923/332/167 8918/330/167
f 8918/330/167 8923/332/167 8927/333/167
s 0
f 8926/333/4 8920/332/4 8931/334/4
f 8920/332/4 8935/335/4 8931/334/4
s 1
f 8932/335/158 8937/336/1012 8930/334/158
f 8930/334/158 8937/336/1012 8939/337/1012
f 8941/326/89 8946/328/89 8949/327/89
f 8949/327/89 8946/328/89 8950/344/89
f 8943/343/108 8956/341/108 8953/342/108
f 8953/342/108 8956/341/108 8958/340/108
f 8957/341/128 8963/339/1013 8961/340/128
f 8961/340/128 8963/339/1013 8964/338/1013
f 8963/339/1013 8939/337/1012 8964/338/1013
f 8939/337/1012 8937/336/1012 8964/338/1013
f 8965/338/1014 8936/336/1015 8967/279/1016
f 8967/279/1016 8936/336/1015 8969/280/1017
f 8936/336/1015 8933/335/1018 8969/280/1017
f 8969/280/1017 8933/335/1018 8973/282/1018
f 8972/282/1019 8934/335/1019 8977/284/1020
f 8934/335/1019 8921/332/1046 8977/284/1020
f 8922/332/1047 8913/331/1022 8976/284/1048
f 8976/284/1048 8913/331/1022 8981/286/1023
f 8980/286/1024 8914/331/1024 8984/288/1025
f 8984/288/1025 8914/331/1024 8986/369/1025
f 8915/331/178 8911/329/1011 8985/369/178
s 0
f 8987/368/17 8909/367/17 8988/366/17
s 1
f 8910/365/1026 8916/362/1026 8990/364/1026
f 8990/364/1026 8916/362/1026 8991/363/1026
f 8994/363/1049 8917/362/1050 8995/361/1029
f 8917/362/1050 8924/360/1029 8995/361/1029
f 8998/361/1030 8925/360/1030 8999/359/1031
f 8925/360/1030 8928/358/1051 8999/359/1031
f 9002/359/1032 8929/358/1032 9004/357/1033
f 8929/358/1032 8938/356/1034 9004/357/1033
f 9004/357/1033 8938/356/1034 9006/355/1035
f 8938/356/1034 8962/354/1036 9006/355/1035
f 9006/355/1035 8962/354/1036 9007/352/1052
f 8962/354/1036 8954/353/1052 9007/352/1052
f 8955/353/1038 8944/351/1038 9010/352/1038
f 9010/352/1038 8944/351/1038 9011/350/1053
f 9014/349/1039 8945/328/1039 9015/348/1039
f 8945/328/1039 8942/326/1039 9015/348/1039
s 0
f 8940/347/12 8947/345/12 9017/346/12
f 9017/346/12 8947/345/12 9018/297/12
s 1
f 8948/327/1040 8951/344/1040 9020/295/1040
f 9020/295/1040 8951/344/1040 9021/293/1040
f 9024/292/1041 8952/342/1041 9026/290/1042
f 8952/342/1041 8959/340/1042 9026/290/1042
f 8960/340/1043 8965/338/1014 9025/290/1054
f 8965/338/1014 8967/279/1016 9025/290/1054
f 9028/300/638 8966/301/1055 9029/302/637
f 9029/302/637 8966/301/1055 9030/303/635
f 8966/301/1055 8968/304/650 9030/303/635
f 9030/303/635 8968/304/650 9032/305/633
f 8968/304/650 8970/306/633 9032/305/633
s 0
f 8971/306/1 8974/307/1 9031/305/1
f 9031/305/1 8974/307/1 9034/308/1
s 1
f 9033/308/632 8975/307/632 9036/309/632
f 8975/307/632 8978/310/632 9036/309/632
f 8979/310/631 8982/311/631 9035/309/631
f 9035/309/631 8982/311/631 9038/312/631
s 0
f 8983/313/17 8987/368/17 9037/315/17
f 8987/368/17 8988/366/17 9037/315/17
f 9037/315/17 8988/366/17 9040/381/17
s 1
f 9039/380/630 8989/364/630 9042/379/630
f 8989/364/630 8992/363/630 9042/379/630
f 8993/363/628 8996/361/628 9041/379/628
f 9041/379/628 8996/361/628 9044/378/628
s 0
f 9043/378/7 8997/361/7 9046/377/7
f 8997/361/7 9000/359/7 9046/377/7
s 1
f 9001/359/627 9003/357/626 9045/377/627
f 9045/377/627 9003/357/626 9047/376/625
f 9003/357/626 9005/355/624 9047/376/625
f 9047/376/625 9005/355/624 9048/375/623
f 9005/355/624 9008/352/622 9048/375/623
f 9048/375/623 9008/352/622 9050/374/622
f 9049/374/621 9009/352/621 9052/373/621
f 9009/352/621 9012/350/621 9052/373/621
f 9013/349/620 9016/348/620 9051/372/620
f 9051/372/620 9016/348/620 9054/371/620
s 0
f 9017/346/12 9018/297/12 9053/370/12
f 9053/370/12 9018/297/12 9056/324/12
s 1
f 9055/323/619 9019/321/619 9058/322/619
f 9019/321/619 9022/320/619 9058/322/619
f 9023/319/618 9027/300/618 9057/318/618
f 9057/318/618 9027/300/618 9060/317/618
f 9028/300/638 9029/302/637 9059/317/638
f 9063/277/950 9068/291/928 9069/292/928
f 9065/294/1005 9076/296/929 9072/293/1005
f 9072/293/1005 9076/296/929 9077/295/1056
s 0
f 9079/297/12 9073/298/12 9080/299/12
f 9081/299/12 9074/298/12 9082/297/12
s 1
f 9075/296/1056 9066/294/1057 9084/295/1056
f 9084/295/1056 9066/294/1057 9085/293/1058
f 9088/292/1004 9067/291/950 9092/290/1059
f 9067/291/950 9064/277/1059 9092/290/1059
f 9061/277/1060 9094/278/1061 9091/290/1062
f 9091/290/1062 9094/278/1061 9096/279/1063
f 9094/278/1061 9098/281/1064 9096/279/1063
f 9096/279/1063 9098/281/1064 9100/280/1065
f 9098/281/1064 9104/283/921 9100/280/1065
f 9100/280/1065 9104/283/921 9108/282/921
f 9107/282/1066 9101/283/1067 9112/284/916
f 9101/283/1067 9116/285/1068 9112/284/916
f 9113/285/914 9120/287/914 9111/284/914
f 9111/284/914 9120/287/914 9124/286/1069
f 9123/286/913 9117/287/913 9127/288/1070
f 9127/288/1070 9117/287/913 9131/289/913
f 9134/288/1071 9130/289/1072 9138/286/1073
f 9130/289/1072 9118/287/1074 9138/286/1073
f 9119/287/915 9114/285/915 9137/286/915
f 9137/286/915 9114/285/915 9142/284/915
f 9115/285/917 9102/283/917 9141/284/917
f 9141/284/917 9102/283/917 9146/282/917
f 9103/283/1075 9097/281/1076 9145/282/1075
f 9145/282/1075 9097/281/1076 9148/280/1077
f 9097/281/1076 9093/278/1078 9148/280/1077
f 9148/280/1077 9093/278/1078 9150/279/1003
f 9093/278/1078 9062/277/958 9150/279/1003
f 9150/279/1003 9062/277/958 9152/290/958
f 9063/277/950 9069/292/928 9151/290/1004
f 9155/317/939 9154/300/939 9158/318/939
f 9154/300/939 9070/319/939 9158/318/939
f 9071/320/768 9078/321/741 9157/322/768
f 9157/322/768 9078/321/741 9160/323/768
s 0
f 9079/297/12 9080/299/12 9159/324/12
f 9159/324/12 9080/299/12 9162/325/12
f 9161/325/12 9081/299/12 9164/324/12
f 9081/299/12 9082/297/12 9164/324/12
s 1
f 9163/323/84 9083/321/84 9166/322/84
f 9083/321/84 9086/320/84 9166/322/84
f 9087/319/105 9089/300/105 9165/318/273
f 9165/318/273 9089/300/105 9168/317/273
f 9167/317/122 9090/300/122 9169/302/123
f 9090/300/122 9095/301/121 9169/302/123
f 9169/302/123 9095/301/121 9170/303/145
f 9095/301/121 9099/304/904 9170/303/145
f 9170/303/145 9099/304/904 9172/305/155
f 9099/304/904 9105/306/155 9172/305/155
s 0
f 9106/306/1 9109/307/1 9171/305/1
f 9171/305/1 9109/307/1 9174/308/1
s 1
f 9173/308/174 9110/307/174 9176/309/174
f 9110/307/174 9121/310/174 9176/309/174
f 9122/310/173 9125/311/173 9175/309/173
f 9175/309/173 9125/311/173 9178/312/173
s 0
f 9126/313/17 9128/314/17 9177/315/17
f 9177/315/17 9128/314/17 9180/316/17
f 9179/316/17 9129/314/17 9182/315/17
f 9129/314/17 9132/313/17 9182/315/17
s 1
f 9181/312/751 9133/311/751 9184/309/751
f 9133/311/751 9135/310/751 9184/309/751
f 9136/310/750 9139/307/750 9183/309/771
f 9183/309/771 9139/307/750 9186/308/750
s 0
f 9185/308/4 9140/307/4 9188/305/4
f 9140/307/4 9143/306/4 9188/305/4
s 1
f 9144/306/1079 9147/304/860 9187/305/1079
f 9187/305/1079 9147/304/860 9189/303/1080
f 9147/304/860 9149/301/746 9189/303/1080
f 9189/303/1080 9149/301/746 9190/302/745
f 9149/301/746 9153/300/744 9190/302/745
f 9153/300/744 9156/317/744 9190/302/745
f 9193/277/1081 9196/278/1082 9198/279/1083
f 9198/279/1083 9196/278/1082 9200/280/759
f 9196/278/1082 9202/281/1084 9200/280/759
f 9200/280/759 9202/281/1084 9206/282/1085
f 9202/281/1084 9210/283/1085 9206/282/1085
f 9205/282/726 9207/283/726 9214/284/726
f 9207/283/726 9218/285/726 9214/284/726
f 9213/284/1086 9215/285/1086 9222/286/1087
f 9215/285/1086 9226/287/1087 9222/286/1087
f 9229/288/1088 9221/286/1089 9233/289/1088
f 9221/286/1089 9223/287/730 9233/289/1088
f 9232/289/730 9224/287/730 9236/288/730
f 9236/288/730 9224/287/730 9240/286/730
f 9239/286/1087 9225/287/1086 9244/284/1090
f 9225/287/1086 9216/285/1091 9244/284/1090
f 9217/285/1092 9208/283/1093 9243/284/1094
f 9243/284/1094 9208/283/1093 9248/282/1093
f 9247/282/761 9209/283/724 9250/280/1095
f 9209/283/724 9201/281/1096 9250/280/1095
f 9250/280/1095 9201/281/1096 9252/279/1097
f 9201/281/1096 9195/278/1098 9252/279/1097
f 9252/279/1097 9195/278/1098 9256/290/1099
f 9195/278/1098 9194/277/1100 9256/290/1099
f 9191/277/1101 9260/291/718 9255/290/1102
f 9255/290/1102 9260/291/718 9261/292/755
f 9264/293/1103 9257/294/1103 9265/295/1104
f 9257/294/1103 9271/296/1104 9265/295/1104
s 0
f 9267/297/12 9268/298/12 9272/299/12
f 9273/299/12 9269/298/12 9274/297/12
s 1
f 9276/295/847 9270/296/716 9277/293/1105
f 9270/296/716 9258/294/716 9277/293/1105
f 9259/291/717 9192/277/717 9280/292/717
f 9280/292/717 9192/277/717 9282/290/755
f 9193/277/1081 9198/279/1083 9281/290/780
f 9284/300/744 9197/301/746 9285/302/745
f 9285/302/745 9197/301/746 9286/303/1080
f 9197/301/746 9199/304/860 9286/303/1080
f 9286/303/1080 9199/304/860 9288/305/1079
f 9199/304/860 9203/306/1079 9288/305/1079
s 0
f 9204/306/4 9211/307/4 9287/305/4
f 9287/305/4 9211/307/4 9290/308/4
s 1
f 9289/308/771 9212/307/750 9292/309/750
f 9212/307/750 9219/310/750 9292/309/750
f 9220/310/751 9227/311/751 9291/309/751
f 9291/309/751 9227/311/751 9294/312/751
s 0
f 9228/313/17 9230/314/17 9293/315/17
f 9293/315/17 9230/314/17 9296/316/17
f 9295/316/17 9231/314/17 9298/315/17
f 9231/314/17 9234/313/17 9298/315/17
s 1
f 9297/312/712 9235/311/170 9300/309/170
f 9235/311/170 9237/310/170 9300/309/170
f 9238/310/162 9241/307/162 9299/309/162
f 9299/309/162 9241/307/162 9302/308/162
s 0
f 9301/308/7 9242/307/7 9304/305/7
f 9242/307/7 9245/306/7 9304/305/7
s 1
f 9246/306/152 9249/304/576 9303/305/152
f 9303/305/152 9249/304/576 9305/303/406
f 9249/304/576 9251/301/113 9305/303/406
f 9305/303/406 9251/301/113 9306/302/399
f 9251/301/113 9253/300/112 9306/302/399
f 9306/302/399 9253/300/112 9308/317/112
f 9307/317/96 9254/300/97 9310/318/96
f 9254/300/97 9262/319/97 9310/318/96
f 9263/320/79 9266/321/79 9309/322/79
f 9309/322/79 9266/321/79 9312/323/79
s 0
f 9267/297/12 9272/299/12 9311/324/12
f 9311/324/12 9272/299/12 9314/325/12
f 9313/325/12 9273/299/12 9316/324/12
f 9273/299/12 9274/297/12 9316/324/12
s 1
f 9315/323/741 9275/321/768 9318/322/741
f 9275/321/768 9278/320/741 9318/322/741
f 9279/319/743 9283/300/743 9317/318/939
f 9317/318/939 9283/300/743 9320/317/939
f 9284/300/744 9285/302/745 9319/317/744
f 9323/277/905 9326/278/481 9328/279/1106
f 9328/279/1106 9326/278/481 9330/280/1107
f 9326/278/481 9332/281/484 9330/280/1107
f 9330/280/1107 9332/281/484 9336/282/505
f 9332/281/484 9340/283/485 9336/282/505
f 9335/282/1108 9337/283/1109 9344/284/486
f 9337/283/1109 9348/285/486 9344/284/486
f 9343/284/1110 9345/285/1111 9352/286/489
f 9345/285/1111 9356/287/489 9352/286/489
f 9359/288/1112 9351/286/910 9363/289/955
f 9351/286/910 9353/287/910 9363/289/955
f 9362/289/911 9354/287/910 9366/288/1113
f 9366/288/1113 9354/287/910 9370/286/910
f 9369/286/489 9355/287/489 9374/284/1114
f 9355/287/489 9346/285/1115 9374/284/1114
f 9347/285/502 9338/283/503 9373/284/502
f 9373/284/502 9338/283/503 9378/282/1109
f 9377/282/1116 9339/283/1117 9380/280/506
f 9339/283/1117 9331/281/507 9380/280/506
f 9380/280/506 9331/281/507 9382/279/1118
f 9331/281/507 9325/278/1119 9382/279/1118
f 9382/279/1118 9325/278/1119 9386/290/1120
f 9325/278/1119 9324/277/1121 9386/290/1120
f 9321/277/1122 9390/291/520 9385/290/1122
f 9385/290/1122 9390/291/520 9391/292/1123
f 9394/293/515 9387/294/515 9395/295/515
f 9387/294/515 9401/296/515 9395/295/515
s 0
f 9397/297/189 9398/298/189 9402/299/189
f 9403/299/12 9399/298/12 9404/297/12
s 1
f 9406/295/517 9400/296/516 9407/293/1124
f 9400/296/516 9388/294/1124 9407/293/1124
f 9389/291/519 9322/277/1125 9410/292/519
f 9410/292/519 9322/277/1125 9412/290/1125
f 9323/277/905 9328/279/1106 9411/290/905
f 9414/300/522 9327/301/523 9415/302/524
f 9415/302/524 9327/301/523 9416/303/525
f 9327/301/523 9329/304/526 9416/303/525
f 9416/303/525 9329/304/526 9418/305/527
f 9329/304/526 9333/306/527 9418/305/527
s 0
f 9334/306/11 9341/307/11 9417/305/11
f 9417/305/11 9341/307/11 9420/308/11
s 1
f 9419/308/528 9342/307/528 9422/309/528
f 9342/307/528 9349/310/772 9422/309/528
f 9350/310/529 9357/311/529 9421/309/529
f 9421/309/529 9357/311/529 9424/312/529
s 0
f 9358/313/17 9360/314/17 9423/315/17
f 9423/315/17 9360/314/17 9426/316/17
f 9425/316/17 9361/314/17 9428/315/17
f 9361/314/17 9364/313/17 9428/315/17
s 1
f 9427/312/173 9365/311/173 9430/309/173
f 9365/311/173 9367/310/173 9430/309/173
f 9368/310/174 9371/307/174 9429/309/174
f 9429/309/174 9371/307/174 9432/308/174
s 0
f 9431/308/1 9372/307/1 9434/305/1
f 9372/307/1 9375/306/1 9434/305/1
s 1
f 9376/306/155 9379/304/531 9433/305/155
f 9433/305/155 9379/304/531 9435/303/145
f 9379/304/531 9381/301/121 9435/303/145
f 9435/303/145 9381/301/121 9436/302/123
f 9381/301/121 9383/300/122 9436/302/123
f 9436/302/123 9383/300/122 9438/317/331
f 9437/317/105 9384/300/273 9440/318/273
f 9384/300/273 9392/319/273 9440/318/273
f 9393/320/84 9396/321/84 9439/322/84
f 9439/322/84 9396/321/84 9442/323/85
s 0
f 9397/297/12 9402/299/12 9441/324/12
f 9441/324/12 9402/299/12 9444/325/12
f 9443/325/12 9403/299/12 9446/324/12
f 9403/299/12 9404/297/12 9446/324/12
s 1
f 9445/323/532 9405/321/575 9448/322/532
f 9405/321/575 9408/320/532 9448/322/532
f 9409/319/740 9413/300/740 9447/318/533
f 9447/318/533 9413/300/740 9450/317/533
f 9414/300/522 9415/302/524 9449/317/522
f 9453/277/535 9458/291/535 9459/292/535
f 9455/294/537 9466/296/538 9462/293/539
f 9462/293/539 9466/296/538 9467/295/1126
s 0
f 9469/297/12 9463/298/12 9470/299/12
f 9471/299/12 9464/298/12 9472/297/12
s 1
f 9465/296/541 9456/294/1127 9474/295/541
f 9474/295/541 9456/294/1127 9475/293/1128
f 9478/292/1129 9457/291/1130 9482/290/1131
f 9457/291/1130 9454/277/1132 9482/290/1131
f 9451/277/1133 9484/278/1134 9481/290/1133
f 9481/290/1133 9484/278/1134 9486/279/1135
f 9484/278/1134 9488/281/549 9486/279/1135
f 9486/279/1135 9488/281/549 9490/280/550
f 9488/281/549 9494/283/1136 9490/280/550
f 9490/280/550 9494/283/1136 9498/282/1136
f 9497/282/552 9491/283/553 9502/284/554
f 9491/283/553 9506/285/554 9502/284/554
f 9503/285/1137 9510/287/565 9501/284/1138
f 9501/284/1138 9510/287/565 9514/286/1139
f 9513/286/1140 9507/287/1141 9517/288/1142
f 9517/288/1142 9507/287/1141 9521/289/734
f 9524/288/1143 9520/289/1143 9528/286/1144
f 9520/289/1143 9508/287/1144 9528/286/1144
f 9509/287/565 9504/285/1145 9527/286/565
f 9527/286/565 9504/285/1145 9532/284/1145
f 9505/285/1146 9492/283/552 9531/284/568
f 9531/284/568 9492/283/552 9536/282/552
f 9493/283/569 9487/281/570 9535/282/569
f 9535/282/569 9487/281/570 9538/280/571
f 9487/281/570 9483/278/572 9538/280/571
f 9538/280/571 9483/278/572 9540/279/573
f 9483/278/572 9452/277/1147 9540/279/573
f 9540/279/573 9452/277/1147 9542/290/1147
f 9453/277/535 9459/292/535 9541/290/535
f 9545/317/740 9544/300/740 9548/318/533
f 9544/300/740 9460/319/533 9548/318/533
f 9461/320/532 9468/321/532 9547/322/532
f 9547/322/532 9468/321/532 9550/323/532
s 0
f 9469/297/12 9470/299/12 9549/324/12
f 9549/324/12 9470/299/12 9552/325/12
f 9551/325/12 9471/299/12 9554/324/12
f 9471/299/12 9472/297/12 9554/324/12
s 1
f 9553/323/272 9473/321/79 9556/322/79
f 9473/321/79 9476/320/79 9556/322/79
f 9477/319/96 9479/300/96 9555/318/96
f 9555/318/96 9479/300/96 9558/317/96
f 9557/317/231 9480/300/112 9559/302/399
f 9480/300/112 9485/301/113 9559/302/399
f 9559/302/399 9485/301/113 9560/303/407
f 9485/301/113 9489/304/576 9560/303/407
f 9560/303/407 9489/304/576 9562/305/152
f 9489/304/576 9495/306/152 9562/305/152
s 0
f 9496/306/7 9499/307/7 9561/305/7
f 9561/305/7 9499/307/7 9564/308/7
s 1
f 9563/308/162 9500/307/162 9566/309/162
f 9500/307/162 9511/310/162 9566/309/162
f 9512/310/170 9515/311/712 9565/309/170
f 9565/309/170 9515/311/712 9568/312/170
s 0
f 9516/313/17 9518/314/17 9567/315/17
f 9567/315/17 9518/314/17 9570/316/17
f 9569/316/17 9519/314/17 9572/315/17
f 9519/314/17 9522/313/17 9572/315/17
s 1
f 9571/312/529 9523/311/529 9574/309/529
f 9523/311/529 9525/310/529 9574/309/529
f 9526/310/772 9529/307/528 9573/309/528
f 9573/309/528 9529/307/528 9576/308/528
s 0
f 9575/308/11 9530/307/11 9578/305/11
f 9530/307/11 9533/306/11 9578/305/11
s 1
f 9534/306/527 9537/304/526 9577/305/527
f 9577/305/527 9537/304/526 9579/303/525
f 9537/304/526 9539/301/523 9579/303/525
f 9579/303/525 9539/301/523 9580/302/524
f 9539/301/523 9543/300/522 9580/302/524
f 9543/300/522 9546/317/522 9580/302/524
f 9583/326/82 9585/327/82 9587/328/82
f 9593/329/172 9596/330/172 9598/331/172
f 9601/331/165 9597/330/165 9602/332/165
f 9597/330/165 9608/333/165 9602/332/165
s 0
f 9609/333/11 9612/334/11 9605/332/11
f 9605/332/11 9612/334/11 9614/335/11
s 1
f 9617/335/142 9613/334/142 9619/336/577
f 9613/334/142 9621/337/577 9619/336/577
f 9619/336/577 9621/337/577 9623/338/578
f 9621/337/577 9625/339/578 9623/338/578
f 9623/338/578 9625/339/578 9626/340/235
f 9625/339/578 9632/341/103 9626/340/235
f 9629/340/225 9633/341/102 9634/342/225
f 9633/341/102 9590/343/102 9634/342/225
f 9587/328/82 9585/327/82 9637/344/82
f 9641/293/579 9636/344/579 9642/295/580
f 9636/344/579 9586/327/580 9642/295/580
s 0
f 9644/297/12 9584/345/12 9645/346/12
f 9584/345/12 9581/347/12 9645/346/12
s 1
f 9582/326/581 9588/328/582 9647/348/582
f 9647/348/582 9588/328/582 9648/349/582
f 9651/350/1148 9589/351/1148 9652/352/584
f 9589/351/1148 9630/353/585 9652/352/584
f 9631/353/586 9624/354/640 9655/352/586
f 9655/352/586 9624/354/640 9657/355/588
f 9624/354/640 9620/356/589 9657/355/588
f 9657/355/588 9620/356/589 9659/357/1149
f 9620/356/589 9610/358/1150 9659/357/1149
f 9659/357/1149 9610/358/1150 9660/359/1150
f 9611/358/592 9606/360/593 9663/359/643
f 9663/359/643 9606/360/593 9664/361/595
f 9607/360/598 9594/362/1151 9667/361/598
f 9667/361/598 9594/362/1151 9668/363/1151
f 9671/363/599 9595/362/1152 9672/364/1153
f 9595/362/1152 9591/365/1153 9672/364/1153
s 0
f 9674/366/18 9592/367/18 9675/368/18
s 1
f 9593/329/172 9598/331/172 9677/369/172
f 9676/369/1154 9599/331/601 9680/288/1154
f 9680/288/1154 9599/331/601 9684/286/602
f 9683/286/1155 9600/331/1155 9688/284/1156
f 9600/331/1155 9603/332/1157 9688/284/1156
f 9604/332/606 9615/335/607 9687/284/644
f 9687/284/644 9615/335/607 9692/282/609
f 9691/282/1158 9616/335/1158 9694/280/611
f 9616/335/1158 9618/336/612 9694/280/611
f 9694/280/611 9618/336/612 9696/279/613
f 9618/336/612 9622/338/614 9696/279/613
f 9696/279/613 9622/338/614 9698/290/615
f 9622/338/614 9627/340/1159 9698/290/615
f 9628/340/616 9635/342/1160 9697/290/617
f 9635/342/1160 9638/292/1161 9697/290/617
f 9701/317/618 9700/300/618 9704/318/618
f 9700/300/618 9639/319/618 9704/318/618
f 9640/320/619 9643/321/619 9703/322/619
f 9703/322/619 9643/321/619 9706/323/619
s 0
f 9705/324/12 9644/297/12 9708/370/12
f 9644/297/12 9645/346/12 9708/370/12
s 1
f 9707/371/620 9646/348/620 9710/372/620
f 9646/348/620 9649/349/620 9710/372/620
f 9650/350/621 9653/352/621 9709/373/621
f 9709/373/621 9653/352/621 9712/374/621
f 9711/374/622 9654/352/622 9713/375/623
f 9654/352/622 9656/355/624 9713/375/623
f 9713/375/623 9656/355/624 9714/376/625
f 9656/355/624 9658/357/626 9714/376/625
f 9714/376/625 9658/357/626 9716/377/627
f 9658/357/626 9661/359/627 9716/377/627
s 0
f 9662/359/7 9665/361/7 9715/377/7
f 9715/377/7 9665/361/7 9718/378/7
s 1
f 9717/378/628 9666/361/628 9720/379/628
f 9666/361/628 9669/363/628 9720/379/628
f 9670/363/630 9673/364/630 9719/379/630
f 9719/379/630 9673/364/630 9722/380/630
s 0
f 9721/381/17 9674/366/17 9724/315/17
f 9674/366/17 9675/368/17 9724/315/17
f 9675/368/17 9678/313/17 9724/315/17
s 1
f 9723/312/631 9679/311/631 9726/309/631
f 9679/311/631 9681/310/631 9726/309/631
f 9682/310/632 9685/307/632 9725/309/632
f 9725/309/632 9685/307/632 9728/308/632
s 0
f 9727/308/1 9686/307/1 9730/305/1
f 9686/307/1 9689/306/1 9730/305/1
s 1
f 9690/306/633 9693/304/650 9729/305/633
f 9729/305/633 9693/304/650 9731/303/635
f 9693/304/650 9695/301/636 9731/303/635
f 9731/303/635 9695/301/636 9732/302/1162
f 9695/301/636 9699/300/638 9732/302/1162
f 9699/300/638 9702/317/638 9732/302/1162
f 9735/326/82 9737/327/82 9739/328/82
f 9745/329/172 9748/330/172 9750/331/172
f 9753/331/165 9749/330/165 9754/332/165
f 9749/330/165 9760/333/165 9754/332/165
s 0
f 9761/333/11 9764/334/11 9757/332/11
f 9757/332/11 9764/334/11 9766/335/11
s 1
f 9769/335/142 9765/334/142 9771/336/577
f 9765/334/142 9773/337/577 9771/336/577
f 9771/336/577 9773/337/577 9775/338/578
f 9773/337/577 9777/339/578 9775/338/578
f 9775/338/578 9777/339/578 9778/340/103
f 9777/339/578 9784/341/103 9778/340/103
f 9781/340/225 9785/341/102 9786/342/225
f 9785/341/102 9742/343/102 9786/342/225
f 9739/328/82 9737/327/82 9789/344/82
f 9793/293/579 9788/344/579 9794/295/1163
f 9788/344/579 9738/327/1164 9794/295/1163
s 0
f 9796/297/12 9736/345/12 9797/346/12
f 9736/345/12 9733/347/12 9797/346/12
s 1
f 9734/326/581 9740/328/582 9799/348/582
f 9799/348/582 9740/328/582 9800/349/582
f 9803/350/1165 9741/351/1148 9804/352/583
f 9741/351/1148 9782/353/1166 9804/352/583
f 9783/353/586 9776/354/640 9807/352/586
f 9807/352/586 9776/354/640 9809/355/588
f 9776/354/640 9772/356/641 9809/355/588
f 9809/355/588 9772/356/641 9811/357/1149
f 9772/356/641 9762/358/1150 9811/357/1149
f 9811/357/1149 9762/358/1150 9812/359/1150
f 9763/358/592 9758/360/593 9815/359/643
f 9815/359/643 9758/360/593 9816/361/595
f 9759/360/1167 9746/362/1168 9819/361/1169
f 9819/361/1169 9746/362/1168 9820/363/1151
f 9823/363/599 9747/362/600 9824/364/600
f 9747/362/600 9743/365/1153 9824/364/600
s 0
f 9826/366/17 9744/367/17 9827/368/17
s 1
f 9745/329/172 9750/331/172 9829/369/172
f 9828/369/1170 9751/331/602 9832/288/1154
f 9832/288/1154 9751/331/602 9836/286/602
f 9835/286/1155 9752/331/1155 9840/284/1157
f 9752/331/1155 9755/332/1157 9840/284/1157
f 9756/332/606 9767/335/607 9839/284/644
f 9839/284/644 9767/335/607 9844/282/609
f 9843/282/1158 9768/335/1158 9846/280/611
f 9768/335/1158 9770/336/1171 9846/280/611
f 9846/280/611 9770/336/1171 9848/279/613
f 9770/336/1171 9774/338/645 9848/279/613
f 9848/279/613 9774/338/645 9850/290/615
f 9774/338/645 9779/340/615 9850/290/615
f 9780/340/1172 9787/342/646 9849/290/617
f 9787/342/646 9790/292/1173 9849/290/617
f 9853/317/618 9852/300/618 9856/318/618
f 9852/300/618 9791/319/618 9856/318/618
f 9792/320/619 9795/321/619 9855/322/619
f 9855/322/619 9795/321/619 9858/323/619
s 0
f 9857/324/12 9796/297/12 9860/370/12
f 9796/297/12 9797/346/12 9860/370/12
s 1
f 9859/371/620 9798/348/620 9862/372/620
f 9798/348/620 9801/349/620 9862/372/620
f 9802/350/621 9805/352/621 9861/373/621
f 9861/373/621 9805/352/621 9864/374/621
f 9863/374/622 9806/352/622 9865/375/623
f 9806/352/622 9808/355/624 9865/375/623
f 9865/375/623 9808/355/624 9866/376/1174
f 9808/355/624 9810/357/626 9866/376/1174
f 9866/376/1174 9810/357/626 9868/377/627
f 9810/357/626 9813/359/627 9868/377/627
s 0
f 9814/359/7 9817/361/7 9867/377/7
f 9867/377/7 9817/361/7 9870/378/7
s 1
f 9869/378/628 9818/361/628 9872/379/628
f 9818/361/628 9821/363/628 9872/379/628
f 9822/363/630 9825/364/630 9871/379/630
f 9871/379/630 9825/364/630 9874/380/630
s 0
f 9873/381/17 9826/366/17 9876/315/17
f 9826/366/17 9827/368/17 9876/315/17
f 9827/368/17 9830/313/17 9876/315/17
s 1
f 9875/312/631 9831/311/631 9878/309/631
f 9831/311/631 9833/310/631 9878/309/631
f 9834/310/632 9837/307/632 9877/309/632
f 9877/309/632 9837/307/632 9880/308/632
s 0
f 9879/308/1 9838/307/1 9882/305/1
f 9838/307/1 9841/306/1 9882/305/1
s 1
f 9842/306/633 9845/304/650 9881/305/633
f 9881/305/633 9845/304/650 9883/303/635
f 9845/304/650 9847/301/636 9883/303/635
f 9883/303/635 9847/301/636 9884/302/637
f 9847/301/636 9851/300/638 9884/302/637
f 9851/300/638 9854/317/638 9884/302/637
f 9887/326/79 9889/327/79 9891/328/79
f 9897/329/170 9900/330/170 9902/331/170
f 9905/331/162 9901/330/162 9906/332/162
f 9901/330/162 9912/333/162 9906/332/162
s 0
f 9913/333/7 9916/334/7 9909/332/7
f 9909/332/7 9916/334/7 9918/335/7
s 1
f 9921/335/152 9917/334/152 9923/336/651
f 9917/334/152 9925/337/651 9923/336/651
f 9923/336/651 9925/337/651 9927/338/652
f 9925/337/651 9929/339/653 9927/338/652
f 9927/338/652 9929/339/653 9930/340/112
f 9929/339/653 9936/341/231 9930/340/112
f 9933/340/96 9937/341/97 9938/342/96
f 9937/341/97 9894/343/97 9938/342/96
f 9891/328/79 9889/327/79 9941/344/79
f 9945/293/1175 9940/344/654 9946/295/655
f 9940/344/654 9890/327/655 9946/295/655
s 0
f 9948/297/12 9888/345/12 9949/346/12
f 9888/345/12 9885/347/12 9949/346/12
s 1
f 9886/326/656 9892/328/1176 9951/348/657
f 9951/348/657 9892/328/1176 9952/349/1177
f 9955/350/1178 9893/351/1178 9956/352/659
f 9893/351/1178 9934/353/659 9956/352/659
f 9935/353/1179 9928/354/661 9959/352/1179
f 9959/352/1179 9928/354/661 9961/355/663
f 9928/354/661 9924/356/664 9961/355/663
f 9961/355/663 9924/356/664 9963/357/665
f 9924/356/664 9914/358/666 9963/357/665
f 9963/357/665 9914/358/666 9964/359/666
f 9915/358/1180 9910/360/667 9967/359/667
f 9967/359/667 9910/360/667 9968/361/668
f 9911/360/1181 9898/362/670 9971/361/1181
f 9971/361/1181 9898/362/670 9972/363/1182
f 9975/363/1183 9899/362/671 9976/364/672
f 9899/362/671 9895/365/672 9976/364/672
s 0
f 9978/366/17 9896/367/17 9979/368/17
s 1
f 9897/329/170 9902/331/170 9981/369/170
f 9980/369/1184 9903/331/1185 9984/288/1184
f 9984/288/1184 9903/331/1185 9988/286/1185
f 9987/286/676 9904/331/677 9992/284/1186
f 9904/331/677 9907/332/678 9992/284/1186
f 9908/332/679 9919/335/1187 9991/284/679
f 9991/284/679 9919/335/1187 9996/282/1187
f 9995/282/1188 9920/335/1188 9998/280/681
f 9920/335/1188 9922/336/682 9998/280/681
f 9998/280/681 9922/336/682 10000/279/1189
f 9922/336/682 9926/338/1190 10000/279/1189
f 10000/279/1189 9926/338/1190 10002/290/685
f 9926/338/1190 9931/340/686 10002/290/685
f 9932/340/687 9939/342/688 10001/290/687
f 9939/342/688 9942/292/688 10001/290/687
f 10005/317/691 10004/300/689 10008/318/691
f 10004/300/689 9943/319/689 10008/318/691
f 9944/320/692 9947/321/692 10007/322/692
f 10007/322/692 9947/321/692 10010/323/1191
s 0
f 10009/324/12 9948/297/12 10012/370/12
f 9948/297/12 9949/346/12 10012/370/12
s 1
f 10011/371/1192 9950/348/693 10014/372/693
f 9950/348/693 9953/349/693 10014/372/693
f 9954/350/695 9957/352/695 10013/373/695
f 10013/373/695 9957/352/695 10016/374/695
f 10015/374/696 9958/352/696 10017/375/697
f 9958/352/696 9960/355/698 10017/375/697
f 10017/375/697 9960/355/698 10018/376/699
f 9960/355/698 9962/357/700 10018/376/699
f 10018/376/699 9962/357/700 10020/377/701
f 9962/357/700 9965/359/701 10020/377/701
s 0
f 9966/359/4 9969/361/4 10019/377/4
f 10019/377/4 9969/361/4 10022/378/4
s 1
f 10021/378/1193 9970/361/702 10024/379/702
f 9970/361/702 9973/363/702 10024/379/702
f 9974/363/703 9977/364/703 10023/379/703
f 10023/379/703 9977/364/703 10026/380/703
s 0
f 10025/381/17 9978/366/17 10028/315/17
f 9978/366/17 9979/368/17 10028/315/17
f 9979/368/17 9982/313/17 10028/315/17
s 1
f 10027/312/704 9983/311/704 10030/309/704
f 9983/311/704 9985/310/704 10030/309/704
f 9986/310/705 9989/307/705 10029/309/705
f 10029/309/705 9989/307/705 10032/308/1194
s 0
f 10031/308/11 9990/307/11 10034/305/11
f 9990/307/11 9993/306/11 10034/305/11
s 1
f 9994/306/706 9997/304/707 10033/305/706
f 10033/305/706 9997/304/707 10035/303/708
f 9997/304/707 9999/301/709 10035/303/708
f 10035/303/708 9999/301/709 10036/302/710
f 9999/301/709 10003/300/711 10036/302/710
f 10003/300/711 10006/317/711 10036/302/710
f 10039/326/79 10041/327/79 10043/328/79
f 10041/327/79 10050/344/79 10043/328/79
f 10046/343/97 10047/342/96 10054/341/97
f 10057/329/170 10060/330/170 10062/331/170
f 10065/331/162 10061/330/162 10066/332/162
f 10061/330/162 10072/333/162 10066/332/162
s 0
f 10073/333/7 10076/334/7 10069/332/7
f 10069/332/7 10076/334/7 10078/335/7
s 1
f 10081/335/152 10077/334/152 10083/336/576
f 10077/334/152 10085/337/713 10083/336/576
f 10083/336/576 10085/337/713 10087/338/113
f 10085/337/713 10089/339/113 10087/338/113
f 10087/338/113 10089/339/113 10091/340/112
f 10089/339/113 10053/341/112 10091/340/112
f 10054/341/97 10047/342/96 10090/340/96
f 10093/340/714 10048/342/714 10094/292/714
f 10049/344/715 10042/327/844 10097/293/715
f 10097/293/715 10042/327/844 10098/295/844
s 0
f 10100/297/12 10040/345/12 10101/346/12
f 10040/345/12 10037/347/12 10101/346/12
s 1
f 10103/348/1195 10038/326/1195 10104/349/716
f 10038/326/1195 10044/328/716 10104/349/716
f 10045/351/717 10051/353/755 10107/350/755
f 10107/350/755 10051/353/755 10108/352/755
f 10111/352/719 10052/353/719 10113/355/720
f 10052/353/719 10088/354/721 10113/355/720
f 10113/355/720 10088/354/721 10115/357/722
f 10088/354/721 10084/356/723 10115/357/722
f 10115/357/722 10084/356/723 10116/359/1085
f 10084/356/723 10074/358/1085 10116/359/1085
f 10075/358/1196 10070/360/726 10119/359/1196
f 10119/359/1196 10070/360/726 10120/361/726
f 10123/361/1197 10071/360/1198 10124/363/729
f 10071/360/1198 10058/362/729 10124/363/729
f 10059/362/730 10055/365/1199 10127/363/730
f 10127/363/730 10055/365/1199 10128/364/730
s 0
f 10130/366/17 10056/367/17 10131/368/17
s 1
f 10057/329/170 10062/331/170 10133/369/170
f 10136/288/763 10132/369/763 10140/286/733
f 10132/369/763 10063/331/733 10140/286/733
f 10064/331/566 10067/332/735 10139/286/566
f 10139/286/566 10067/332/735 10144/284/735
f 10068/332/1200 10079/335/554 10143/284/554
f 10143/284/554 10079/335/554 10148/282/554
f 10080/335/569 10082/336/736 10147/282/569
f 10147/282/569 10082/336/736 10150/280/737
f 10082/336/736 10086/338/738 10150/280/737
f 10150/280/737 10086/338/738 10152/279/573
f 10086/338/738 10092/340/1201 10152/279/573
f 10152/279/573 10092/340/1201 10154/290/1201
f 10093/340/714 10094/292/714 10153/290/535
f 10157/317/533 10156/300/533 10160/318/533
f 10156/300/533 10095/319/533 10160/318/533
f 10096/320/532 10099/321/532 10159/322/532
f 10159/322/532 10099/321/532 10162/323/532
s 0
f 10161/324/12 10100/297/12 10164/370/12
f 10100/297/12 10101/346/12 10164/370/12
s 1
f 10163/371/741 10102/348/768 10166/372/741
f 10102/348/768 10105/349/741 10166/372/741
f 10106/350/743 10109/352/743 10165/373/743
f 10165/373/743 10109/352/743 10168/374/743
f 10167/374/769 10110/352/744 10169/375/745
f 10110/352/744 10112/355/746 10169/375/745
f 10169/375/745 10112/355/746 10170/376/747
f 10112/355/746 10114/357/1202 10170/376/747
f 10170/376/747 10114/357/1202 10172/377/749
f 10114/357/1202 10117/359/749 10172/377/749
s 0
f 10118/359/4 10121/361/4 10171/377/4
f 10171/377/4 10121/361/4 10174/378/4
s 1
f 10173/378/750 10122/361/750 10176/379/750
f 10122/361/750 10125/363/750 10176/379/750
f 10126/363/751 10129/364/751 10175/379/751
f 10175/379/751 10129/364/751 10178/380/751
s 0
f 10177/381/17 10130/366/17 10180/315/17
f 10130/366/17 10131/368/17 10180/315/17
f 10131/368/17 10134/313/17 10180/315/17
s 1
f 10179/312/529 10135/311/529 10182/309/529
f 10135/311/529 10137/310/529 10182/309/529
f 10138/310/528 10141/307/528 10181/309/528
f 10181/309/528 10141/307/528 10184/308/528
s 0
f 10183/308/11 10142/307/11 10186/305/11
f 10142/307/11 10145/306/11 10186/305/11
s 1
f 10146/306/527 10149/304/1008 10185/305/527
f 10185/305/527 10149/304/1008 10187/303/525
f 10149/304/1008 10151/301/523 10187/303/525
f 10187/303/525 10151/301/523 10188/302/524
f 10151/301/523 10155/300/752 10188/302/524
f 10155/300/752 10158/317/522 10188/302/524
f 10191/326/79 10193/327/79 10195/328/79
f 10193/327/79 10202/344/79 10195/328/79
f 10198/343/97 10199/342/96 10206/341/97
f 10209/329/170 10212/330/170 10214/331/170
f 10217/331/162 10213/330/162 10218/332/162
f 10213/330/162 10224/333/162 10218/332/162
s 0
f 10225/333/7 10228/334/7 10221/332/7
f 10221/332/7 10228/334/7 10230/335/7
s 1
f 10233/335/152 10229/334/152 10235/336/576
f 10229/334/152 10237/337/576 10235/336/576
f 10235/336/576 10237/337/576 10239/338/113
f 10237/337/576 10241/339/113 10239/338/113
f 10239/338/113 10241/339/113 10243/340/112
f 10241/339/113 10205/341/112 10243/340/112
f 10206/341/97 10199/342/96 10242/340/96
f 10245/340/714 10200/342/754 10246/292/754
f 10201/344/715 10194/327/715 10249/293/715
f 10249/293/715 10194/327/715 10250/295/715
s 0
f 10252/297/12 10192/345/12 10253/346/12
f 10192/345/12 10189/347/12 10253/346/12
s 1
f 10255/348/716 10190/326/716 10256/349/716
f 10190/326/716 10196/328/716 10256/349/716
f 10197/351/1203 10203/353/717 10259/350/717
f 10259/350/717 10203/353/717 10260/352/779
f 10263/352/757 10204/353/757 10265/355/758
f 10204/353/757 10240/354/721 10265/355/758
f 10265/355/758 10240/354/721 10267/357/759
f 10240/354/721 10236/356/783 10267/357/759
f 10267/357/759 10236/356/783 10268/359/1085
f 10236/356/783 10226/358/1085 10268/359/1085
f 10227/358/726 10222/360/726 10271/359/726
f 10271/359/726 10222/360/726 10272/361/726
f 10275/361/1204 10223/360/728 10276/363/728
f 10223/360/728 10210/362/728 10276/363/728
f 10211/362/730 10207/365/762 10279/363/730
f 10279/363/730 10207/365/762 10280/364/762
s 0
f 10282/366/17 10208/367/17 10283/368/17
s 1
f 10209/329/170 10214/331/170 10285/369/170
f 10288/288/734 10284/369/734 10292/286/734
f 10284/369/734 10215/331/734 10292/286/734
f 10216/331/735 10219/332/735 10291/286/735
f 10291/286/735 10219/332/735 10296/284/1205
f 10220/332/554 10231/335/554 10295/284/554
f 10295/284/554 10231/335/554 10300/282/554
f 10232/335/784 10234/336/736 10299/282/784
f 10299/282/784 10234/336/736 10302/280/737
f 10234/336/736 10238/338/766 10302/280/737
f 10302/280/737 10238/338/766 10304/279/767
f 10238/338/766 10244/340/739 10304/279/767
f 10304/279/767 10244/340/739 10306/290/739
f 10245/340/714 10246/292/754 10305/290/714
f 10309/317/533 10308/300/533 10312/318/533
f 10308/300/533 10247/319/533 10312/318/533
f 10248/320/532 10251/321/532 10311/322/532
f 10311/322/532 10251/321/532 10314/323/532
s 0
f 10313/324/12 10252/297/12 10316/370/12
f 10252/297/12 10253/346/12 10316/370/12
s 1
f 10315/371/741 10254/348/741 10318/372/741
f 10254/348/741 10257/349/741 10318/372/741
f 10258/350/743 10261/352/743 10317/373/743
f 10317/373/743 10261/352/743 10320/374/743
f 10319/374/769 10262/352/769 10321/375/745
f 10262/352/769 10264/355/746 10321/375/745
f 10321/375/745 10264/355/746 10322/376/1009
f 10264/355/746 10266/357/1202 10322/376/1009
f 10322/376/1009 10266/357/1202 10324/377/749
f 10266/357/1202 10269/359/749 10324/377/749
s 0
f 10270/359/4 10273/361/4 10323/377/4
f 10323/377/4 10273/361/4 10326/378/4
s 1
f 10325/378/750 10274/361/771 10328/379/750
f 10274/361/771 10277/363/771 10328/379/750
f 10278/363/751 10281/364/751 10327/379/751
f 10327/379/751 10281/364/751 10330/380/751
s 0
f 10329/381/17 10282/366/17 10332/315/17
f 10282/366/17 10283/368/17 10332/315/17
f 10283/368/17 10286/313/17 10332/315/17
s 1
f 10331/312/529 10287/311/529 10334/309/529
f 10287/311/529 10289/310/529 10334/309/529
f 10290/310/772 10293/307/772 10333/309/528
f 10333/309/528 10293/307/772 10336/308/528
s 0
f 10335/308/11 10294/307/11 10338/305/11
f 10294/307/11 10297/306/11 10338/305/11
s 1
f 10298/306/773 10301/304/774 10337/305/773
f 10337/305/773 10301/304/774 10339/303/775
f 10301/304/774 10303/301/523 10339/303/775
f 10339/303/775 10303/301/523 10340/302/524
f 10303/301/523 10307/300/752 10340/302/524
f 10307/300/752 10310/317/522 10340/302/524
f 10343/326/79 10345/327/79 10347/328/79
f 10345/327/79 10354/344/79 10347/328/79
f 10350/343/97 10351/342/96 10358/341/97
f 10361/329/170 10364/330/170 10366/331/170
f 10369/331/162 10365/330/162 10370/332/162
f 10365/330/162 10376/333/162 10370/332/162
s 0
f 10377/333/7 10380/334/7 10373/332/7
f 10373/332/7 10380/334/7 10382/335/7
s 1
f 10385/335/152 10381/334/152 10387/336/576
f 10381/334/152 10389/337/576 10387/336/576
f 10387/336/576 10389/337/576 10391/338/113
f 10389/337/576 10393/339/113 10391/338/113
f 10391/338/113 10393/339/113 10395/340/112
f 10393/339/113 10357/341/112 10395/340/112
f 10358/341/97 10351/342/96 10394/340/96
f 10397/340/714 10352/342/714 10398/292/714
f 10353/344/715 10346/327/778 10401/293/715
f 10401/293/715 10346/327/778 10402/295/1206
s 0
f 10404/297/12 10344/345/12 10405/346/12
f 10344/345/12 10341/347/12 10405/346/12
s 1
f 10407/348/716 10342/326/716 10408/349/716
f 10342/326/716 10348/328/716 10408/349/716
f 10349/351/717 10355/353/717 10411/350/717
f 10411/350/717 10355/353/717 10412/352/717
f 10415/352/780 10356/353/780 10417/355/758
f 10356/353/780 10392/354/781 10417/355/758
f 10417/355/758 10392/354/781 10419/357/782
f 10392/354/781 10388/356/783 10419/357/782
f 10419/357/782 10388/356/783 10420/359/761
f 10388/356/783 10378/358/761 10420/359/761
f 10379/358/726 10374/360/726 10423/359/726
f 10423/359/726 10374/360/726 10424/361/726
f 10427/361/1204 10375/360/728 10428/363/728
f 10375/360/728 10362/362/728 10428/363/728
f 10363/362/730 10359/365/762 10431/363/730
f 10431/363/730 10359/365/762 10432/364/762
s 0
f 10434/366/17 10360/367/17 10435/368/17
s 1
f 10361/329/170 10366/331/170 10437/369/170
f 10440/288/732 10436/369/732 10444/286/734
f 10436/369/732 10367/331/734 10444/286/734
f 10368/331/735 10371/332/735 10443/286/735
f 10443/286/735 10371/332/735 10448/284/1207
f 10372/332/554 10383/335/554 10447/284/554
f 10447/284/554 10383/335/554 10452/282/554
f 10384/335/569 10386/336/736 10451/282/569
f 10451/282/569 10386/336/736 10454/280/737
f 10386/336/736 10390/338/766 10454/280/737
f 10454/280/737 10390/338/766 10456/279/767
f 10390/338/766 10396/340/739 10456/279/767
f 10456/279/767 10396/340/739 10458/290/739
f 10397/340/714 10398/292/714 10457/290/714
f 10461/317/533 10460/300/533 10464/318/533
f 10460/300/533 10399/319/533 10464/318/533
f 10400/320/532 10403/321/785 10463/322/532
f 10463/322/532 10403/321/785 10466/323/532
s 0
f 10465/324/12 10404/297/12 10468/370/12
f 10404/297/12 10405/346/12 10468/370/12
s 1
f 10467/371/741 10406/348/1010 10470/372/741
f 10406/348/1010 10409/349/741 10470/372/741
f 10410/350/743 10413/352/743 10469/373/743
f 10469/373/743 10413/352/743 10472/374/743
f 10471/374/769 10414/352/744 10473/375/745
f 10414/352/744 10416/355/746 10473/375/745
f 10473/375/745 10416/355/746 10474/376/747
f 10416/355/746 10418/357/1202 10474/376/747
f 10474/376/747 10418/357/1202 10476/377/749
f 10418/357/1202 10421/359/749 10476/377/749
s 0
f 10422/359/4 10425/361/4 10475/377/4
f 10475/377/4 10425/361/4 10478/378/4
s 1
f 10477/378/750 10426/361/750 10480/379/750
f 10426/361/750 10429/363/750 10480/379/750
f 10430/363/751 10433/364/751 10479/379/751
f 10479/379/751 10433/364/751 10482/380/751
s 0
f 10481/381/17 10434/366/17 10484/315/17
f 10434/366/17 10435/368/17 10484/315/17
f 10435/368/17 10438/313/17 10484/315/17
s 1
f 10483/312/529 10439/311/529 10486/309/529
f 10439/311/529 10441/310/529 10486/309/529
f 10442/310/772 10445/307/772 10485/309/528
f 10485/309/528 10445/307/772 10488/308/528
s 0
f 10487/308/11 10446/307/11 10490/305/11
f 10446/307/11 10449/306/11 10490/305/11
s 1
f 10450/306/527 10453/304/1008 10489/305/527
f 10489/305/527 10453/304/1008 10491/303/525
f 10453/304/1008 10455/301/523 10491/303/525
f 10491/303/525 10455/301/523 10492/302/524
f 10455/301/523 10459/300/752 10492/302/524
f 10459/300/752 10462/317/522 10492/302/524
f 10495/326/79 10497/327/79 10499/328/79
f 10505/329/170 10508/330/170 10510/331/170
f 10513/331/162 10509/330/162 10514/332/162
f 10509/330/162 10520/333/162 10514/332/162
s 0
f 10521/333/7 10524/334/7 10517/332/7
f 10517/332/7 10524/334/7 10526/335/7
s 1
f 10529/335/152 10525/334/152 10531/336/786
f 10525/334/152 10533/337/651 10531/336/786
f 10531/336/786 10533/337/651 10535/338/652
f 10533/337/651 10537/339/652 10535/338/652
f 10535/338/652 10537/339/652 10538/340/112
f 10537/339/652 10544/341/112 10538/340/112
f 10541/340/97 10545/341/97 10546/342/97
f 10545/341/97 10502/343/97 10546/342/97
f 10499/328/79 10497/327/79 10549/344/79
f 10553/293/1208 10548/344/1208 10554/295/787
f 10548/344/1208 10498/327/787 10554/295/787
s 0
f 10556/297/12 10496/345/12 10557/346/12
f 10496/345/12 10493/347/12 10557/346/12
s 1
f 10494/326/1209 10500/328/1210 10559/348/1211
f 10559/348/1211 10500/328/1210 10560/349/790
f 10563/350/1212 10501/351/791 10564/352/791
f 10501/351/791 10542/353/791 10564/352/791
f 10543/353/1213 10536/354/795 10567/352/1213
f 10567/352/1213 10536/354/795 10569/355/1214
f 10536/354/795 10532/356/798 10569/355/1214
f 10569/355/1214 10532/356/798 10571/357/799
f 10532/356/798 10522/358/800 10571/357/799
f 10571/357/799 10522/358/800 10572/359/800
f 10523/358/802 10518/360/802 10575/359/802
f 10575/359/802 10518/360/802 10576/361/802
f 10519/360/1215 10506/362/804 10579/361/804
f 10579/361/804 10506/362/804 10580/363/803
f 10583/363/805 10507/362/806 10584/364/806
f 10507/362/806 10503/365/806 10584/364/806
s 0
f 10586/366/17 10504/367/17 10587/368/17
s 1
f 10505/329/170 10510/331/170 10589/369/170
f 10588/369/807 10511/331/807 10592/288/1216
f 10592/288/1216 10511/331/807 10596/286/807
f 10595/286/1217 10512/331/808 10600/284/1217
f 10512/331/808 10515/332/1217 10600/284/1217
f 10516/332/1218 10527/335/810 10599/284/1218
f 10599/284/1218 10527/335/810 10604/282/1219
f 10603/282/1220 10528/335/1220 10606/280/812
f 10528/335/1220 10530/336/813 10606/280/812
f 10606/280/812 10530/336/813 10608/279/1221
f 10530/336/813 10534/338/815 10608/279/1221
f 10608/279/1221 10534/338/815 10610/290/816
f 10534/338/815 10539/340/816 10610/290/816
f 10540/340/817 10547/342/818 10609/290/818
f 10547/342/818 10550/292/820 10609/290/818
f 10613/317/821 10612/300/821 10616/318/821
f 10612/300/821 10551/319/821 10616/318/821
f 10552/320/822 10555/321/822 10615/322/1222
f 10615/322/1222 10555/321/822 10618/323/1222
s 0
f 10617/324/12 10556/297/12 10620/370/12
f 10556/297/12 10557/346/12 10620/370/12
s 1
f 10619/371/823 10558/348/823 10622/372/823
f 10558/348/823 10561/349/823 10622/372/823
f 10562/350/1223 10565/352/824 10621/373/824
f 10621/373/824 10565/352/824 10624/374/824
f 10623/374/825 10566/352/825 10625/375/826
f 10566/352/825 10568/355/827 10625/375/826
f 10625/375/826 10568/355/827 10626/376/1224
f 10568/355/827 10570/357/1225 10626/376/1224
f 10626/376/1224 10570/357/1225 10628/377/830
f 10570/357/1225 10573/359/830 10628/377/830
s 0
f 10574/359/4 10577/361/4 10627/377/4
f 10627/377/4 10577/361/4 10630/378/4
s 1
f 10629/378/992 10578/361/831 10632/379/832
f 10578/361/831 10581/363/831 10632/379/832
f 10582/363/833 10585/364/833 10631/379/833
f 10631/379/833 10585/364/833 10634/380/833
s 0
f 10633/381/17 10586/366/17 10636/315/17
f 10586/366/17 10587/368/17 10636/315/17
f 10587/368/17 10590/313/17 10636/315/17
s 1
f 10635/312/834 10591/311/834 10638/309/1226
f 10591/311/834 10593/310/834 10638/309/1226
f 10594/310/1227 10597/307/836 10637/309/835
f 10637/309/835 10597/307/836 10640/308/835
s 0
f 10639/308/11 10598/307/11 10642/305/11
f 10598/307/11 10601/306/11 10642/305/11
s 1
f 10602/306/837 10605/304/1228 10641/305/837
f 10641/305/837 10605/304/1228 10643/303/1229
f 10605/304/1228 10607/301/841 10643/303/1229
f 10643/303/1229 10607/301/841 10644/302/991
f 10607/301/841 10611/300/843 10644/302/991
f 10611/300/843 10614/317/843 10644/302/991
f 10647/326/79 10649/327/79 10651/328/79
f 10649/327/79 10658/344/79 10651/328/79
f 10654/343/97 10655/342/96 10662/341/97
f 10665/329/170 10668/330/170 10670/331/170
f 10673/331/162 10669/330/162 10674/332/162
f 10669/330/162 10680/333/162 10674/332/162
s 0
f 10681/333/7 10684/334/7 10677/332/7
f 10677/332/7 10684/334/7 10686/335/7
s 1
f 10689/335/152 10685/334/152 10691/336/576
f 10685/334/152 10693/337/576 10691/336/576
f 10691/336/576 10693/337/576 10695/338/113
f 10693/337/576 10697/339/113 10695/338/113
f 10695/338/113 10697/339/113 10699/340/112
f 10697/339/113 10661/341/112 10699/340/112
f 10662/341/97 10655/342/96 10698/340/96
f 10701/340/714 10656/342/714 10702/292/714
f 10657/344/778 10650/327/844 10705/293/715
f 10705/293/715 10650/327/844 10706/295/1230
s 0
f 10708/297/12 10648/345/12 10709/346/12
f 10648/345/12 10645/347/12 10709/346/12
s 1
f 10711/348/846 10646/326/1104 10712/349/847
f 10646/326/1104 10652/328/847 10712/349/847
f 10653/351/755 10659/353/755 10715/350/755
f 10715/350/755 10659/353/755 10716/352/755
f 10719/352/780 10660/353/780 10721/355/848
f 10660/353/780 10696/354/849 10721/355/848
f 10721/355/848 10696/354/849 10723/357/850
f 10696/354/849 10692/356/1231 10723/357/850
f 10723/357/850 10692/356/1231 10724/359/1232
f 10692/356/1231 10682/358/1232 10724/359/1232
f 10683/358/726 10678/360/852 10727/359/726
f 10727/359/726 10678/360/852 10728/361/1233
f 10731/361/729 10679/360/729 10732/363/729
f 10679/360/729 10666/362/729 10732/363/729
f 10667/362/730 10663/365/731 10735/363/762
f 10735/363/762 10663/365/731 10736/364/731
s 0
f 10738/366/17 10664/367/17 10739/368/17
s 1
f 10665/329/170 10670/331/170 10741/369/170
f 10744/288/559 10740/369/734 10748/286/732
f 10740/369/734 10671/331/732 10748/286/732
f 10672/331/735 10675/332/735 10747/286/735
f 10747/286/735 10675/332/735 10752/284/853
f 10676/332/554 10687/335/1234 10751/284/554
f 10751/284/554 10687/335/1234 10756/282/1234
f 10688/335/1235 10690/336/736 10755/282/1235
f 10755/282/1235 10690/336/736 10758/280/737
f 10690/336/736 10694/338/855 10758/280/737
f 10758/280/737 10694/338/855 10760/279/573
f 10694/338/855 10700/340/857 10760/279/573
f 10760/279/573 10700/340/857 10762/290/857
f 10701/340/714 10702/292/714 10761/290/714
f 10765/317/533 10764/300/533 10768/318/533
f 10764/300/533 10703/319/533 10768/318/533
f 10704/320/785 10707/321/785 10767/322/785
f 10767/322/785 10707/321/785 10770/323/785
s 0
f 10769/324/12 10708/297/12 10772/370/12
f 10708/297/12 10709/346/12 10772/370/12
s 1
f 10771/371/768 10710/348/768 10774/372/768
f 10710/348/768 10713/349/741 10774/372/768
f 10714/350/743 10717/352/743 10773/373/743
f 10773/373/743 10717/352/743 10776/374/743
f 10775/374/744 10718/352/769 10777/375/745
f 10718/352/769 10720/355/746 10777/375/745
f 10777/375/745 10720/355/746 10778/376/747
f 10720/355/746 10722/357/1202 10778/376/747
f 10778/376/747 10722/357/1202 10780/377/749
f 10722/357/1202 10725/359/749 10780/377/749
s 0
f 10726/359/4 10729/361/4 10779/377/4
f 10779/377/4 10729/361/4 10782/378/4
s 1
f 10781/378/750 10730/361/750 10784/379/750
f 10730/361/750 10733/363/771 10784/379/750
f 10734/363/751 10737/364/751 10783/379/751
f 10783/379/751 10737/364/751 10786/380/751
s 0
f 10785/381/17 10738/366/17 10788/315/17
f 10738/366/17 10739/368/17 10788/315/17
f 10739/368/17 10742/313/17 10788/315/17
s 1
f 10787/312/529 10743/311/1236 10790/309/529
f 10743/311/1236 10745/310/529 10790/309/529
f 10746/310/772 10749/307/772 10789/309/528
f 10789/309/528 10749/307/772 10792/308/528
s 0
f 10791/308/11 10750/307/11 10794/305/11
f 10750/307/11 10753/306/11 10794/305/11
s 1
f 10754/306/527 10757/304/1008 10793/305/527
f 10793/305/527 10757/304/1008 10795/303/525
f 10757/304/1008 10759/301/523 10795/303/525
f 10795/303/525 10759/301/523 10796/302/524
f 10759/301/523 10763/300/863 10796/302/524
f 10763/300/863 10766/317/863 10796/302/524
f 10799/329/173 10803/331/173 10807/330/173
f 10800/331/174 10811/332/174 10806/330/174
f 10806/330/174 10811/332/174 10815/333/174
s 0
f 10814/333/1 10808/332/1 10819/334/1
f 10808/332/1 10823/335/1 10819/334/1
s 1
f 10820/335/155 10825/336/864 10818/334/155
f 10818/334/155 10825/336/864 10827/337/864
f 10829/326/85 10834/328/85 10837/327/84
f 10837/327/84 10834/328/85 10838/344/84
f 10831/343/273 10844/341/273 10841/342/105
f 10841/342/105 10844/341/273 10846/340/105
f 10845/341/122 10851/339/865 10849/340/122
f 10849/340/122 10851/339/865 10852/338/866
f 10851/339/865 10827/337/864 10852/338/866
f 10827/337/864 10825/336/864 10852/338/866
f 10853/338/1237 10824/336/1238 10855/279/1239
f 10855/279/1239 10824/336/1238 10857/280/1240
f 10824/336/1238 10821/335/871 10857/280/1240
f 10857/280/1240 10821/335/871 10861/282/871
f 10860/282/1241 10822/335/872 10865/284/872
f 10822/335/872 10809/332/872 10865/284/872
f 10810/332/1242 10801/331/873 10864/284/1242
f 10864/284/1242 10801/331/873 10869/286/873
f 10868/286/1243 10802/331/1243 10872/288/874
f 10872/288/874 10802/331/1243 10874/369/1244
f 10803/331/173 10799/329/173 10873/369/173
s 0
f 10875/368/17 10797/367/17 10876/366/17
s 1
f 10798/365/877 10804/362/1245 10878/364/877
f 10878/364/877 10804/362/1245 10879/363/1245
f 10882/363/880 10805/362/881 10883/361/882
f 10805/362/881 10812/360/883 10883/361/882
f 10886/361/884 10813/360/885 10887/359/885
f 10813/360/885 10816/358/886 10887/359/885
f 10890/359/1246 10817/358/1246 10892/357/888
f 10817/358/1246 10826/356/889 10892/357/888
f 10892/357/888 10826/356/889 10894/355/890
f 10826/356/889 10850/354/891 10894/355/890
f 10894/355/890 10850/354/891 10895/352/1247
f 10850/354/891 10842/353/1248 10895/352/1247
f 10843/353/893 10832/351/1249 10898/352/1249
f 10898/352/1249 10832/351/1249 10899/350/1250
f 10902/349/1251 10833/328/896 10903/348/896
f 10833/328/896 10830/326/897 10903/348/896
s 0
f 10828/347/12 10835/345/12 10905/346/12
f 10905/346/12 10835/345/12 10906/297/12
s 1
f 10836/327/1252 10839/344/898 10908/295/1252
f 10908/295/1252 10839/344/898 10909/293/898
f 10912/292/1253 10840/342/899 10914/290/899
f 10840/342/899 10847/340/899 10914/290/899
f 10848/340/1254 10853/338/1237 10913/290/1254
f 10853/338/1237 10855/279/1239 10913/290/1254
f 10916/300/711 10854/301/709 10917/302/710
f 10917/302/710 10854/301/709 10918/303/708
f 10854/301/709 10856/304/902 10918/303/708
f 10918/303/708 10856/304/902 10920/305/706
f 10856/304/902 10858/306/706 10920/305/706
s 0
f 10859/306/11 10862/307/11 10919/305/11
f 10919/305/11 10862/307/11 10922/308/11
s 1
f 10921/308/705 10863/307/705 10924/309/705
f 10863/307/705 10866/310/705 10924/309/705
f 10867/310/704 10870/311/704 10923/309/704
f 10923/309/704 10870/311/704 10926/312/704
s 0
f 10871/313/1255 10875/368/1255 10925/315/1255
f 10875/368/17 10876/366/17 10925/315/17
f 10925/315/17 10876/366/17 10928/381/17
s 1
f 10927/380/703 10877/364/703 10930/379/703
f 10877/364/703 10880/363/703 10930/379/703
f 10881/363/1256 10884/361/702 10929/379/702
f 10929/379/702 10884/361/702 10932/378/702
s 0
f 10931/378/4 10885/361/4 10934/377/4
f 10885/361/4 10888/359/4 10934/377/4
s 1
f 10889/359/701 10891/357/903 10933/377/701
f 10933/377/701 10891/357/903 10935/376/699
f 10891/357/903 10893/355/698 10935/376/699
f 10935/376/699 10893/355/698 10936/375/697
f 10893/355/698 10896/352/696 10936/375/697
f 10936/375/697 10896/352/696 10938/374/696
f 10937/374/1257 10897/352/695 10940/373/695
f 10897/352/695 10900/350/695 10940/373/695
f 10901/349/693 10904/348/693 10939/372/693
f 10939/372/693 10904/348/693 10942/371/693
s 0
f 10905/346/12 10906/297/12 10941/370/12
f 10941/370/12 10906/297/12 10944/324/12
s 1
f 10943/323/692 10907/321/692 10946/322/692
f 10907/321/692 10910/320/692 10946/322/692
f 10911/319/690 10915/300/690 10945/318/689
f 10945/318/689 10915/300/690 10948/317/691
f 10916/300/711 10917/302/710 10947/317/711
f 10951/329/173 10955/331/173 10959/330/173
f 10952/331/174 10963/332/174 10958/330/174
f 10958/330/174 10963/332/174 10967/333/174
s 0
f 10966/333/1 10960/332/1 10971/334/1
f 10960/332/1 10975/335/1 10971/334/1
s 1
f 10972/335/155 10977/336/904 10970/334/155
f 10970/334/155 10977/336/904 10979/337/904
f 10977/336/904 10981/338/124 10979/337/904
f 10979/337/904 10981/338/124 10983/339/124
f 10985/326/85 10990/328/85 10993/327/84
f 10993/327/84 10990/328/85 10994/344/84
f 10987/343/273 11000/341/273 10997/342/105
f 10997/342/105 11000/341/273 11003/340/105
f 11001/341/122 10983/339/124 11002/340/122
f 10983/339/124 10981/338/124 11002/340/122
f 11005/340/905 10980/338/906 11007/279/907
f 11007/279/907 10980/338/906 11009/280/908
f 10980/338/906 10976/336/909 11009/280/908
f 11009/280/908 10976/336/909 11013/282/505
f 10976/336/909 10973/335/505 11013/282/505
f 11012/282/502 10974/335/502 11017/284/502
f 10974/335/502 10961/332/502 11017/284/502
f 11016/284/490 10962/332/490 11021/286/490
f 10962/332/490 10953/331/490 11021/286/490
f 11024/288/955 11020/286/911 11026/369/955
f 11020/286/911 10954/331/911 11026/369/955
f 10955/331/173 10951/329/173 11025/369/173
s 0
f 11027/368/17 10949/367/17 11028/366/17
s 1
f 11030/364/943 10950/365/943 11031/363/913
f 10950/365/943 10956/362/913 11031/363/913
f 10957/362/914 10964/360/944 11034/363/914
f 11034/363/914 10964/360/944 11035/361/944
f 11038/361/916 10965/360/917 11039/359/1258
f 10965/360/917 10968/358/1258 11039/359/1258
f 10969/358/1259 10978/356/920 11042/359/921
f 11042/359/921 10978/356/920 11044/357/922
f 10978/356/920 10982/354/923 11044/357/922
f 11044/357/922 10982/354/923 11046/355/924
f 10982/354/923 10998/353/925 11046/355/924
f 11046/355/924 10998/353/925 11047/352/1260
f 11050/352/1261 10999/353/1004 11051/350/928
f 10999/353/1004 10988/351/928 11051/350/928
f 10989/328/929 10986/326/929 11054/349/929
f 11054/349/929 10986/326/929 11055/348/929
s 0
f 10984/347/12 10991/345/12 11057/346/12
f 11057/346/12 10991/345/12 11058/297/12
s 1
f 11060/295/932 10992/327/932 11061/293/515
f 10992/327/932 10995/344/515 11061/293/515
f 10996/342/935 11004/340/513 11064/292/936
f 11064/292/936 11004/340/513 11066/290/513
f 11005/340/905 11007/279/907 11065/290/937
f 11068/300/752 11006/301/523 11069/302/524
f 11069/302/524 11006/301/523 11070/303/525
f 11006/301/523 11008/304/1262 11070/303/525
f 11070/303/525 11008/304/1262 11072/305/527
f 11008/304/1262 11010/306/527 11072/305/527
s 0
f 11011/306/11 11014/307/11 11071/305/11
f 11071/305/11 11014/307/11 11074/308/11
s 1
f 11073/308/528 11015/307/528 11076/309/528
f 11015/307/528 11018/310/528 11076/309/528
f 11019/310/529 11022/311/529 11075/309/529
f 11075/309/529 11022/311/529 11078/312/529
s 0
f 11023/313/17 11027/368/17 11077/315/17
f 11027/368/17 11028/366/17 11077/315/17
f 11077/315/17 11028/366/17 11080/381/17
s 1
f 11079/380/751 11029/364/751 11082/379/751
f 11029/364/751 11032/363/751 11082/379/751
f 11033/363/750 11036/361/750 11081/379/750
f 11081/379/750 11036/361/750 11084/378/750
s 0
f 11083/378/4 11037/361/4 11086/377/4
f 11037/361/4 11040/359/4 11086/377/4
s 1
f 11041/359/749 11043/357/938 11085/377/749
f 11085/377/749 11043/357/938 11087/376/747
f 11043/357/938 11045/355/746 11087/376/747
f 11087/376/747 11045/355/746 11088/375/745
f 11045/355/746 11048/352/769 11088/375/745
f 11088/375/745 11048/352/769 11090/374/769
f 11089/374/743 11049/352/742 11092/373/743
f 11049/352/742 11052/350/742 11092/373/743
f 11053/349/741 11056/348/741 11091/372/741
f 11091/372/741 11056/348/741 11094/371/741
s 0
f 11057/346/12 11058/297/12 11093/370/12
f 11093/370/12 11058/297/12 11096/324/12
s 1
f 11095/323/532 11059/321/532 11098/322/532
f 11059/321/532 11062/320/532 11098/322/532
f 11063/319/740 11067/300/740 11097/318/533
f 11097/318/533 11067/300/740 11100/317/533
f 11068/300/752 11069/302/524 11099/317/522
f 11103/329/173 11107/331/173 11111/330/173
f 11104/331/174 11115/332/174 11110/330/174
f 11110/330/174 11115/332/174 11119/333/174
s 0
f 11118/333/1 11112/332/1 11123/334/1
f 11112/332/1 11127/335/1 11123/334/1
s 1
f 11124/335/155 11129/336/904 11122/334/155
f 11122/334/155 11129/336/904 11131/337/904
f 11129/336/904 11133/338/121 11131/337/904
f 11131/337/904 11133/338/121 11135/339/121
f 11137/326/84 11142/328/84 11145/327/84
f 11145/327/84 11142/328/84 11146/344/84
f 11139/343/105 11152/341/105 11149/342/105
f 11149/342/105 11152/341/105 11155/340/105
f 11153/341/331 11135/339/121 11154/340/122
f 11135/339/121 11133/338/121 11154/340/122
f 11157/340/905 11132/338/906 11159/279/907
f 11159/279/907 11132/338/906 11161/280/941
f 11132/338/906 11128/336/909 11161/280/941
f 11161/280/941 11128/336/909 11165/282/504
f 11128/336/909 11125/335/505 11165/282/504
f 11164/282/502 11126/335/502 11169/284/502
f 11126/335/502 11113/332/502 11169/284/502
f 11168/284/490 11114/332/490 11173/286/490
f 11114/332/490 11105/331/490 11173/286/490
f 11176/288/955 11172/286/955 11178/369/955
f 11172/286/955 11106/331/911 11178/369/955
f 11107/331/173 11103/329/173 11177/369/173
s 0
f 11179/368/17 11101/367/17 11180/366/17
s 1
f 11182/364/942 11102/365/942 11183/363/913
f 11102/365/942 11108/362/913 11183/363/913
f 11109/362/1263 11116/360/914 11186/363/944
f 11186/363/944 11116/360/914 11187/361/914
f 11190/361/946 11117/360/946 11191/359/917
f 11117/360/946 11120/358/918 11191/359/917
f 11121/358/1075 11130/356/947 11194/359/1075
f 11194/359/1075 11130/356/947 11196/357/922
f 11130/356/947 11134/354/1063 11196/357/922
f 11196/357/922 11134/354/1063 11198/355/924
f 11134/354/1063 11150/353/925 11198/355/924
f 11198/355/924 11150/353/925 11199/352/925
f 11202/352/948 11151/353/949 11203/350/928
f 11151/353/949 11140/351/950 11203/350/928
f 11141/328/929 11138/326/929 11206/349/1264
f 11206/349/1264 11138/326/929 11207/348/929
s 0
f 11136/347/12 11143/345/12 11209/346/12
f 11209/346/12 11143/345/12 11210/297/12
s 1
f 11212/295/932 11144/327/932 11213/293/932
f 11144/327/932 11147/344/934 11213/293/932
f 11148/342/935 11156/340/514 11216/292/935
f 11216/292/935 11156/340/514 11218/290/514
f 11157/340/905 11159/279/907 11217/290/905
f 11220/300/752 11158/301/523 11221/302/524
f 11221/302/524 11158/301/523 11222/303/1265
f 11158/301/523 11160/304/774 11222/303/1265
f 11222/303/1265 11160/304/774 11224/305/773
f 11160/304/774 11162/306/773 11224/305/773
s 0
f 11163/306/11 11166/307/11 11223/305/11
f 11223/305/11 11166/307/11 11226/308/11
s 1
f 11225/308/528 11167/307/528 11228/309/528
f 11167/307/528 11170/310/528 11228/309/528
f 11171/310/529 11174/311/529 11227/309/529
f 11227/309/529 11174/311/529 11230/312/529
s 0
f 11175/313/17 11179/368/17 11229/315/17
f 11179/368/17 11180/366/17 11229/315/17
f 11229/315/17 11180/366/17 11232/381/17
s 1
f 11231/380/751 11181/364/751 11234/379/751
f 11181/364/751 11184/363/751 11234/379/751
f 11185/363/951 11188/361/750 11233/379/750
f 11233/379/750 11188/361/750 11236/378/750
s 0
f 11235/378/4 11189/361/4 11238/377/4
f 11189/361/4 11192/359/4 11238/377/4
s 1
f 11193/359/749 11195/357/938 11237/377/749
f 11237/377/749 11195/357/938 11239/376/1009
f 11195/357/938 11197/355/746 11239/376/1009
f 11239/376/1009 11197/355/746 11240/375/745
f 11197/355/746 11200/352/769 11240/375/745
f 11240/375/745 11200/352/769 11242/374/744
f 11241/374/743 11201/352/742 11244/373/743
f 11201/352/742 11204/350/742 11244/373/743
f 11205/349/741 11208/348/741 11243/372/741
f 11243/372/741 11208/348/741 11246/371/741
s 0
f 11209/346/12 11210/297/12 11245/370/12
f 11245/370/12 11210/297/12 11248/324/12
s 1
f 11247/323/532 11211/321/532 11250/322/532
f 11211/321/532 11214/320/532 11250/322/532
f 11215/319/740 11219/300/740 11249/318/533
f 11249/318/533 11219/300/740 11252/317/533
f 11220/300/752 11221/302/524 11251/317/522
f 11255/329/173 11259/331/173 11263/330/173
f 11256/331/174 11267/332/174 11262/330/174
f 11262/330/174 11267/332/174 11271/333/174
s 0
f 11270/333/1 11264/332/1 11275/334/1
f 11264/332/1 11279/335/1 11275/334/1
s 1
f 11276/335/155 11281/336/904 11274/334/155
f 11274/334/155 11281/336/904 11283/337/904
f 11281/336/904 11285/338/124 11283/337/904
f 11283/337/904 11285/338/124 11287/339/121
f 11289/326/85 11294/328/85 11297/327/84
f 11297/327/84 11294/328/85 11298/344/84
f 11291/343/105 11304/341/105 11301/342/105
f 11301/342/105 11304/341/105 11307/340/105
f 11305/341/122 11287/339/121 11306/340/122
f 11287/339/121 11285/338/124 11306/340/122
f 11309/340/905 11284/338/906 11311/279/482
f 11311/279/482 11284/338/906 11313/280/941
f 11284/338/906 11280/336/506 11313/280/941
f 11313/280/941 11280/336/506 11317/282/485
f 11280/336/506 11277/335/485 11317/282/485
f 11316/282/954 11278/335/954 11321/284/954
f 11278/335/954 11265/332/502 11321/284/954
f 11320/284/490 11266/332/490 11325/286/490
f 11266/332/490 11257/331/490 11325/286/490
f 11328/288/910 11324/286/911 11330/369/910
f 11324/286/911 11258/331/911 11330/369/910
f 11259/331/173 11255/329/173 11329/369/173
s 0
f 11331/368/17 11253/367/17 11332/366/17
s 1
f 11334/364/1072 11254/365/1072 11335/363/913
f 11254/365/1072 11260/362/913 11335/363/913
f 11261/362/944 11268/360/915 11338/363/944
f 11338/363/944 11268/360/915 11339/361/914
f 11342/361/1266 11269/360/918 11343/359/918
f 11269/360/918 11272/358/918 11343/359/918
f 11273/358/1267 11282/356/920 11346/359/919
f 11346/359/919 11282/356/920 11348/357/922
f 11282/356/920 11286/354/923 11348/357/922
f 11348/357/922 11286/354/923 11350/355/957
f 11286/354/923 11302/353/958 11350/355/957
f 11350/355/957 11302/353/958 11351/352/958
f 11354/352/928 11303/353/928 11355/350/1268
f 11303/353/928 11292/351/1268 11355/350/1268
f 11293/328/1264 11290/326/929 11358/349/930
f 11358/349/930 11290/326/929 11359/348/929
s 0
f 11288/347/12 11295/345/12 11361/346/12
f 11361/346/12 11295/345/12 11362/297/12
s 1
f 11364/295/932 11296/327/932 11365/293/934
f 11296/327/932 11299/344/932 11365/293/934
f 11300/342/936 11308/340/514 11368/292/513
f 11368/292/513 11308/340/514 11370/290/514
f 11309/340/905 11311/279/482 11369/290/905
f 11372/300/752 11310/301/523 11373/302/524
f 11373/302/524 11310/301/523 11374/303/525
f 11310/301/523 11312/304/1262 11374/303/525
f 11374/303/525 11312/304/1262 11376/305/527
f 11312/304/1262 11314/306/527 11376/305/527
s 0
f 11315/306/11 11318/307/11 11375/305/11
f 11375/305/11 11318/307/11 11378/308/11
s 1
f 11377/308/528 11319/307/528 11380/309/528
f 11319/307/528 11322/310/528 11380/309/528
f 11323/310/529 11326/311/529 11379/309/529
f 11379/309/529 11326/311/529 11382/312/529
s 0
f 11327/313/17 11331/368/17 11381/315/17
f 11331/368/17 11332/366/17 11381/315/17
f 11381/315/17 11332/366/17 11384/381/17
s 1
f 11383/380/751 11333/364/751 11386/379/751
f 11333/364/751 11336/363/751 11386/379/751
f 11337/363/750 11340/361/750 11385/379/750
f 11385/379/750 11340/361/750 11388/378/750
s 0
f 11387/378/4 11341/361/4 11390/377/4
f 11341/361/4 11344/359/4 11390/377/4
s 1
f 11345/359/749 11347/357/938 11389/377/749
f 11389/377/749 11347/357/938 11391/376/747
f 11347/357/938 11349/355/746 11391/376/747
f 11391/376/747 11349/355/746 11392/375/745
f 11349/355/746 11352/352/769 11392/375/745
f 11392/375/745 11352/352/769 11394/374/769
f 11393/374/743 11353/352/742 11396/373/743
f 11353/352/742 11356/350/742 11396/373/743
f 11357/349/741 11360/348/741 11395/372/741
f 11395/372/741 11360/348/741 11398/371/741
s 0
f 11361/346/12 11362/297/12 11397/370/12
f 11397/370/12 11362/297/12 11400/324/12
s 1
f 11399/323/532 11363/321/532 11402/322/575
f 11363/321/532 11366/320/532 11402/322/575
f 11367/319/740 11371/300/740 11401/318/533
f 11401/318/533 11371/300/740 11404/317/533
f 11372/300/752 11373/302/524 11403/317/522
f 11407/329/173 11411/331/173 11415/330/173
f 11408/331/174 11419/332/940 11414/330/174
f 11414/330/174 11419/332/940 11423/333/174
s 0
f 11422/333/1 11416/332/1 11427/334/1
f 11416/332/1 11431/335/1 11427/334/1
s 1
f 11428/335/155 11433/336/864 11426/334/155
f 11426/334/155 11433/336/864 11435/337/959
f 11437/326/84 11442/328/85 11445/327/84
f 11445/327/84 11442/328/85 11446/344/84
f 11439/343/105 11452/341/105 11449/342/1269
f 11449/342/1269 11452/341/105 11454/340/1269
f 11453/341/122 11459/339/866 11457/340/122
f 11457/340/122 11459/339/866 11460/338/866
f 11459/339/866 11435/337/959 11460/338/866
f 11435/337/959 11433/336/864 11460/338/866
f 11461/338/960 11432/336/961 11463/279/1270
f 11463/279/1270 11432/336/961 11465/280/1271
f 11432/336/961 11429/335/1272 11465/280/1271
f 11465/280/1271 11429/335/1272 11469/282/964
f 11468/282/965 11430/335/965 11473/284/1273
f 11430/335/965 11417/332/1273 11473/284/1273
f 11418/332/1274 11409/331/967 11472/284/1275
f 11472/284/1275 11409/331/967 11477/286/967
f 11476/286/969 11410/331/969 11480/288/969
f 11480/288/969 11410/331/969 11482/369/969
f 11411/331/173 11407/329/173 11481/369/173
s 0
f 11483/368/17 11405/367/17 11484/366/17
s 1
f 11406/365/1276 11412/362/970 11486/364/970
f 11486/364/970 11412/362/970 11487/363/1277
f 11490/363/1278 11413/362/974 11491/361/973
f 11413/362/974 11420/360/973 11491/361/973
f 11494/361/975 11421/360/975 11495/359/975
f 11421/360/975 11424/358/975 11495/359/975
f 11498/359/976 11425/358/976 11500/357/977
f 11425/358/976 11434/356/978 11500/357/977
f 11500/357/977 11434/356/978 11502/355/979
f 11434/356/978 11458/354/980 11502/355/979
f 11502/355/979 11458/354/980 11503/352/1279
f 11458/354/980 11450/353/1280 11503/352/1279
f 11451/353/983 11440/351/983 11506/352/983
f 11506/352/983 11440/351/983 11507/350/984
f 11510/349/985 11441/328/985 11511/348/1281
f 11441/328/985 11438/326/1282 11511/348/1281
s 0
f 11436/347/12 11443/345/12 11513/346/12
f 11513/346/12 11443/345/12 11514/297/12
s 1
f 11444/327/986 11447/344/987 11516/295/986
f 11516/295/986 11447/344/987 11517/293/1283
f 11520/292/1284 11448/342/988 11522/290/1285
f 11448/342/988 11455/340/1285 11522/290/1285
f 11456/340/989 11461/338/960 11521/290/989
f 11461/338/960 11463/279/1270 11521/290/989
f 11524/300/843 11462/301/841 11525/302/991
f 11525/302/991 11462/301/841 11526/303/840
f 11462/301/841 11464/304/1228 11526/303/840
f 11526/303/840 11464/304/1228 11528/305/837
f 11464/304/1228 11466/306/837 11528/305/837
s 0
f 11467/306/11 11470/307/11 11527/305/11
f 11527/305/11 11470/307/11 11530/308/11
s 1
f 11529/308/835 11471/307/836 11532/309/835
f 11471/307/836 11474/310/836 11532/309/835
f 11475/310/834 11478/311/834 11531/309/834
f 11531/309/834 11478/311/834 11534/312/834
s 0
f 11479/313/17 11483/368/17 11533/315/17
f 11483/368/17 11484/366/17 11533/315/17
f 11533/315/17 11484/366/17 11536/381/17
s 1
f 11535/380/1286 11485/364/833 11538/379/1286
f 11485/364/833 11488/363/1286 11538/379/1286
f 11489/363/832 11492/361/832 11537/379/832
f 11537/379/832 11492/361/832 11540/378/832
s 0
f 11539/378/4 11493/361/4 11542/377/4
f 11493/361/4 11496/359/4 11542/377/4
s 1
f 11497/359/830 11499/357/1287 11541/377/830
f 11541/377/830 11499/357/1287 11543/376/828
f 11499/357/1287 11501/355/827 11543/376/828
f 11543/376/828 11501/355/827 11544/375/826
f 11501/355/827 11504/352/825 11544/375/826
f 11544/375/826 11504/352/825 11546/374/825
f 11545/374/824 11505/352/824 11548/373/824
f 11505/352/824 11508/350/824 11548/373/824
f 11509/349/823 11512/348/823 11547/372/823
f 11547/372/823 11512/348/823 11550/371/823
s 0
f 11513/346/12 11514/297/12 11549/370/12
f 11549/370/12 11514/297/12 11552/324/12
s 1
f 11551/323/822 11515/321/822 11554/322/822
f 11515/321/822 11518/320/822 11554/322/822
f 11519/319/821 11523/300/821 11553/318/821
f 11553/318/821 11523/300/821 11556/317/1288
f 11524/300/843 11525/302/991 11555/317/843
f 11559/329/173 11563/331/173 11567/330/173
f 11560/331/174 11571/332/174 11566/330/174
f 11566/330/174 11571/332/174 11575/333/174
s 0
f 11574/333/1 11568/332/1 11579/334/1
f 11568/332/1 11583/335/1 11579/334/1
s 1
f 11580/335/155 11585/336/904 11578/334/155
f 11578/334/155 11585/336/904 11587/337/904
f 11585/336/904 11589/338/124 11587/337/904
f 11587/337/904 11589/338/124 11591/339/124
f 11593/326/85 11598/328/85 11601/327/84
f 11601/327/84 11598/328/85 11602/344/84
f 11595/343/105 11608/341/105 11605/342/105
f 11605/342/105 11608/341/105 11611/340/105
f 11609/341/122 11591/339/124 11610/340/122
f 11591/339/124 11589/338/124 11610/340/122
f 11613/340/994 11588/338/1289 11615/279/482
f 11615/279/482 11588/338/1289 11617/280/1290
f 11588/338/1289 11584/336/909 11617/280/1290
f 11617/280/1290 11584/336/909 11621/282/996
f 11584/336/909 11581/335/996 11621/282/996
f 11620/282/488 11582/335/488 11625/284/953
f 11582/335/488 11569/332/954 11625/284/953
f 11624/284/491 11570/332/491 11629/286/490
f 11570/332/491 11561/331/1291 11629/286/490
f 11632/288/1292 11628/286/910 11634/369/1292
f 11628/286/910 11562/331/1293 11634/369/1292
f 11563/331/173 11559/329/173 11633/369/173
s 0
f 11635/368/17 11557/367/17 11636/366/17
s 1
f 11638/364/1072 11558/365/1072 11639/363/913
f 11558/365/1072 11564/362/913 11639/363/913
f 11565/362/914 11572/360/914 11642/363/914
f 11642/363/914 11572/360/914 11643/361/914
f 11646/361/916 11573/360/916 11647/359/918
f 11573/360/916 11576/358/918 11647/359/918
f 11577/358/1000 11586/356/920 11650/359/1000
f 11650/359/1000 11586/356/920 11652/357/1294
f 11586/356/920 11590/354/1002 11652/357/1294
f 11652/357/1294 11590/354/1002 11654/355/1295
f 11590/354/1002 11606/353/958 11654/355/1295
f 11654/355/1295 11606/353/958 11655/352/925
f 11658/352/950 11607/353/950 11659/350/928
f 11607/353/950 11596/351/950 11659/350/928
f 11597/328/1056 11594/326/929 11662/349/929
f 11662/349/929 11594/326/929 11663/348/929
s 0
f 11592/347/12 11599/345/12 11665/346/12
f 11665/346/12 11599/345/12 11666/297/12
s 1
f 11668/295/1124 11600/327/1124 11669/293/932
f 11600/327/1124 11603/344/515 11669/293/932
f 11604/342/936 11612/340/520 11672/292/936
f 11672/292/936 11612/340/520 11674/290/520
f 11613/340/994 11615/279/482 11673/290/1007
f 11676/300/863 11614/301/523 11677/302/524
f 11677/302/524 11614/301/523 11678/303/525
f 11614/301/523 11616/304/1262 11678/303/525
f 11678/303/525 11616/304/1262 11680/305/527
f 11616/304/1262 11618/306/527 11680/305/527
s 0
f 11619/306/11 11622/307/11 11679/305/11
f 11679/305/11 11622/307/11 11682/308/11
s 1
f 11681/308/528 11623/307/772 11684/309/528
f 11623/307/772 11626/310/772 11684/309/528
f 11627/310/529 11630/311/529 11683/309/529
f 11683/309/529 11630/311/529 11686/312/529
s 0
f 11631/313/17 11635/368/17 11685/315/17
f 11635/368/17 11636/366/17 11685/315/17
f 11685/315/17 11636/366/17 11688/381/17
s 1
f 11687/380/751 11637/364/751 11690/379/751
f 11637/364/751 11640/363/751 11690/379/751
f 11641/363/771 11644/361/750 11689/379/750
f 11689/379/750 11644/361/750 11692/378/750
s 0
f 11691/378/4 11645/361/4 11694/377/4
f 11645/361/4 11648/359/4 11694/377/4
s 1
f 11649/359/749 11651/357/1296 11693/377/749
f 11693/377/749 11651/357/1296 11695/376/1009
f 11651/357/1296 11653/355/746 11695/376/1009
f 11695/376/1009 11653/355/746 11696/375/745
f 11653/355/746 11656/352/744 11696/375/745
f 11696/375/745 11656/352/744 11698/374/744
f 11697/374/743 11657/352/742 11700/373/743
f 11657/352/742 11660/350/742 11700/373/743
f 11661/349/741 11664/348/741 11699/372/741
f 11699/372/741 11664/348/741 11702/371/768
s 0
f 11665/346/12 11666/297/12 11701/370/12
f 11701/370/12 11666/297/12 11704/324/12
s 1
f 11703/323/785 11667/321/532 11706/322/532
f 11667/321/532 11670/320/785 11706/322/532
f 11671/319/740 11675/300/740 11705/318/533
f 11705/318/533 11675/300/740 11708/317/533
f 11676/300/863 11677/302/524 11707/317/863
f 11711/329/178 11715/331/178 11719/330/178
f 11712/331/167 11723/332/167 11718/330/167
f 11718/330/167 11723/332/167 11727/333/167
s 0
f 11726/333/4 11720/332/4 11731/334/4
f 11720/332/4 11735/335/4 11731/334/4
s 1
f 11732/335/158 11737/336/1012 11730/334/158
f 11730/334/158 11737/336/1012 11739/337/1012
f 11741/326/89 11746/328/89 11749/327/90
f 11749/327/90 11746/328/89 11750/344/90
f 11743/343/109 11756/341/109 11753/342/108
f 11753/342/108 11756/341/109 11758/340/108
f 11757/341/128 11763/339/1013 11761/340/135
f 11761/340/135 11763/339/1013 11764/338/1013
f 11763/339/1013 11739/337/1012 11764/338/1013
f 11739/337/1012 11737/336/1012 11764/338/1013
f 11765/338/1014 11736/336/1297 11767/279/1016
f 11767/279/1016 11736/336/1297 11769/280/1017
f 11736/336/1297 11733/335/1018 11769/280/1017
f 11769/280/1017 11733/335/1018 11773/282/1018
f 11772/282/1298 11734/335/1299 11777/284/1300
f 11734/335/1299 11721/332/1019 11777/284/1300
f 11722/332/1048 11713/331/1301 11776/284/1048
f 11776/284/1048 11713/331/1301 11781/286/1302
f 11780/286/1303 11714/331/1025 11784/288/1304
f 11784/288/1304 11714/331/1025 11786/369/1305
f 11715/331/178 11711/329/178 11785/369/178
s 0
f 11787/368/19 11709/367/19 11788/366/19
s 1
f 11710/365/1306 11716/362/1307 11790/364/1306
f 11790/364/1306 11716/362/1307 11791/363/1307
f 11794/363/1028 11717/362/1028 11795/361/1308
f 11717/362/1028 11724/360/1308 11795/361/1308
f 11798/361/1309 11725/360/1310 11799/359/1311
f 11725/360/1310 11728/358/1030 11799/359/1311
f 11802/359/1032 11729/358/1032 11804/357/1033
f 11729/358/1032 11738/356/1312 11804/357/1033
f 11804/357/1033 11738/356/1312 11806/355/1035
f 11738/356/1312 11762/354/1036 11806/355/1035
f 11806/355/1035 11762/354/1036 11807/352/1037
f 11762/354/1036 11754/353/1037 11807/352/1037
f 11755/353/1313 11744/351/1313 11810/352/1313
f 11810/352/1313 11744/351/1313 11811/350/1314
f 11814/349/1039 11745/328/1039 11815/348/1039
f 11745/328/1039 11742/326/1039 11815/348/1039
s 0
f 11740/347/12 11747/345/12 11817/346/12
f 11817/346/13 11747/345/13 11818/297/13
s 1
f 11748/327/1040 11751/344/1040 11820/295/1040
f 11820/295/1040 11751/344/1040 11821/293/1040
f 11824/292/1315 11752/342/1316 11826/290/1316
f 11752/342/1316 11759/340/1316 11826/290/1316
f 11760/340/1043 11765/338/1014 11825/290/1043
f 11765/338/1014 11767/279/1016 11825/290/1043
f 11828/300/638 11766/301/636 11829/302/637
f 11829/302/637 11766/301/636 11830/303/635
f 11766/301/636 11768/304/650 11830/303/635
f 11830/303/635 11768/304/650 11832/305/633
f 11768/304/650 11770/306/633 11832/305/633
s 0
f 11771/306/1 11774/307/1 11831/305/1
f 11831/305/1 11774/307/1 11834/308/1
s 1
f 11833/308/632 11775/307/632 11836/309/632
f 11775/307/632 11778/310/632 11836/309/632
f 11779/310/631 11782/311/631 11835/309/631
f 11835/309/631 11782/311/631 11838/312/631
s 0
f 11783/313/17 11787/368/17 11837/315/17
f 11787/368/17 11788/366/17 11837/315/17
f 11837/315/17 11788/366/17 11840/381/17
s 1
f 11839/380/630 11789/364/630 11842/379/630
f 11789/364/630 11792/363/630 11842/379/630
f 11793/363/628 11796/361/628 11841/379/628
f 11841/379/628 11796/361/628 11844/378/628
s 0
f 11843/378/7 11797/361/7 11846/377/7
f 11797/361/7 11800/359/7 11846/377/7
s 1
f 11801/359/627 11803/357/626 11845/377/627
f 11845/377/627 11803/357/626 11847/376/625
f 11803/357/626 11805/355/1044 11847/376/625
f 11847/376/625 11805/355/1044 11848/375/623
f 11805/355/1044 11808/352/622 11848/375/623
f 11848/375/623 11808/352/622 11850/374/622
f 11849/374/621 11809/352/621 11852/373/621
f 11809/352/621 11812/350/621 11852/373/621
f 11813/349/620 11816/348/620 11851/372/620
f 11851/372/620 11816/348/620 11854/371/620
s 0
f 11817/346/12 11818/297/12 11853/370/12
f 11853/370/12 11818/297/12 11856/324/12
s 1
f 11855/323/619 11819/321/619 11858/322/619
f 11819/321/619 11822/320/619 11858/322/619
f 11823/319/618 11827/300/618 11857/318/618
f 11857/318/618 11827/300/618 11860/317/618
f 11828/300/638 11829/302/637 11859/317/1045
f 11863/329/178 11867/331/178 11871/330/178
f 11864/331/167 11875/332/167 11870/330/167
f 11870/330/167 11875/332/167 11879/333/167
s 0
f 11878/333/4 11872/332/4 11883/334/4
f 11872/332/4 11887/335/4 11883/334/4
s 1
f 11884/335/158 11889/336/1012 11882/334/158
f 11882/334/158 11889/336/1012 11891/337/1012
f 11893/326/89 11898/328/89 11901/327/90
f 11901/327/90 11898/328/89 11902/344/90
f 11895/343/108 11908/341/108 11905/342/108
f 11905/342/108 11908/341/108 11910/340/108
f 11909/341/128 11915/339/1317 11913/340/128
f 11913/340/128 11915/339/1317 11916/338/1013
f 11915/339/1317 11891/337/1012 11916/338/1013
f 11891/337/1012 11889/336/1012 11916/338/1013
f 11917/338/1014 11888/336/1015 11919/279/1016
f 11919/279/1016 11888/336/1015 11921/280/1017
f 11888/336/1015 11885/335/1018 11921/280/1017
f 11921/280/1017 11885/335/1018 11925/282/1018
f 11924/282/1298 11886/335/1299 11929/284/1300
f 11886/335/1299 11873/332/1019 11929/284/1300
f 11874/332/1048 11865/331/1302 11928/284/1048
f 11928/284/1048 11865/331/1302 11933/286/1302
f 11932/286/1024 11866/331/1024 11936/288/1304
f 11936/288/1304 11866/331/1024 11938/369/1305
f 11867/331/178 11863/329/178 11937/369/178
s 0
f 11939/368/17 11861/367/17 11940/366/17
s 1
f 11862/365/1306 11868/362/1027 11942/364/1306
f 11942/364/1306 11868/362/1027 11943/363/1027
f 11946/363/1028 11869/362/1028 11947/361/1308
f 11869/362/1028 11876/360/1308 11947/361/1308
f 11950/361/1309 11877/360/1310 11951/359/1311
f 11877/360/1310 11880/358/1030 11951/359/1311
f 11954/359/1032 11881/358/1032 11956/357/1033
f 11881/358/1032 11890/356/1034 11956/357/1033
f 11956/357/1033 11890/356/1034 11958/355/1035
f 11890/356/1034 11914/354/1036 11958/355/1035
f 11958/355/1035 11914/354/1036 11959/352/1052
f 11914/354/1036 11906/353/1052 11959/352/1052
f 11907/353/1313 11896/351/1053 11962/352/1313
f 11962/352/1313 11896/351/1053 11963/350/1053
f 11966/349/1039 11897/328/1039 11967/348/1039
f 11897/328/1039 11894/326/1318 11967/348/1039
s 0
f 11892/347/12 11899/345/12 11969/346/12
f 11969/346/12 11899/345/12 11970/297/12
s 1
f 11900/327/1040 11903/344/1319 11972/295/1040
f 11972/295/1040 11903/344/1319 11973/293/1040
f 11976/292/1041 11904/342/1041 11978/290/1316
f 11904/342/1041 11911/340/1316 11978/290/1316
f 11912/340/1320 11917/338/1014 11977/290/1320
f 11917/338/1014 11919/279/1016 11977/290/1320
f 11980/300/638 11918/301/1055 11981/302/637
f 11981/302/637 11918/301/1055 11982/303/635
f 11918/301/1055 11920/304/650 11982/303/635
f 11982/303/635 11920/304/650 11984/305/633
f 11920/304/650 11922/306/633 11984/305/633
s 0
f 11923/306/1 11926/307/1 11983/305/1
f 11983/305/1 11926/307/1 11986/308/1
s 1
f 11985/308/632 11927/307/632 11988/309/632
f 11927/307/632 11930/310/632 11988/309/632
f 11931/310/631 11934/311/631 11987/309/631
f 11987/309/631 11934/311/631 11990/312/631
s 0
f 11935/313/17 11939/368/17 11989/315/17
f 11939/368/17 11940/366/17 11989/315/17
f 11989/315/17 11940/366/17 11992/381/17
s 1
f 11991/380/630 11941/364/630 11994/379/630
f 11941/364/630 11944/363/630 11994/379/630
f 11945/363/628 11948/361/628 11993/379/628
f 11993/379/628 11948/361/628 11996/378/628
s 0
f 11995/378/7 11949/361/7 11998/377/7
f 11949/361/7 11952/359/7 11998/377/7
s 1
f 11953/359/627 11955/357/626 11997/377/627
f 11997/377/627 11955/357/626 11999/376/625
f 11955/357/626 11957/355/624 11999/376/625
f 11999/376/625 11957/355/624 12000/375/623
f 11957/355/624 11960/352/622 12000/375/623
f 12000/375/623 11960/352/622 12002/374/622
f 12001/374/621 11961/352/621 12004/373/621
f 11961/352/621 11964/350/621 12004/373/621
f 11965/349/620 11968/348/620 12003/372/620
f 12003/372/620 11968/348/620 12006/371/620
s 0
f 11969/346/12 11970/297/12 12005/370/12
f 12005/370/12 11970/297/12 12008/324/12
s 1
f 12007/323/619 11971/321/619 12010/322/619
f 11971/321/619 11974/320/619 12010/322/619
f 11975/319/618 11979/300/618 12009/318/618
f 12009/318/618 11979/300/618 12012/317/618
f 11980/300/638 11981/302/637 12011/317/638
f 12015/277/928 12020/291/928 12021/292/928
f 12017/294/1005 12028/296/931 12024/293/1005
f 12024/293/1005 12028/296/931 12029/295/1056
s 0
f 12031/297/12 12025/298/12 12032/299/12
f 12033/299/13 12026/298/13 12034/297/13
s 1
f 12027/296/1056 12018/294/1057 12036/295/1056
f 12036/295/1056 12018/294/1057 12037/293/1058
f 12040/292/928 12019/291/928 12044/290/949
f 12019/291/928 12016/277/1321 12044/290/949
f 12013/277/1322 12046/278/1323 12043/290/1322
f 12043/290/1322 12046/278/1323 12048/279/923
f 12046/278/1323 12050/281/1324 12048/279/923
f 12048/279/923 12050/281/1324 12052/280/1325
f 12050/281/1324 12056/283/921 12052/280/1325
f 12052/280/1325 12056/283/921 12060/282/1259
f 12059/282/1258 12053/283/1258 12064/284/918
f 12053/283/1258 12068/285/918 12064/284/918
f 12065/285/1326 12072/287/915 12063/284/1327
f 12063/284/1327 12072/287/915 12076/286/915
f 12075/286/913 12069/287/913 12079/288/1073
f 12079/288/1073 12069/287/913 12083/289/913
f 12086/288/1328 12082/289/1328 12090/286/1329
f 12082/289/1328 12070/287/1072 12090/286/1329
f 12071/287/915 12066/285/1330 12089/286/915
f 12089/286/915 12066/285/1330 12094/284/1330
f 12067/285/1068 12054/283/1331 12093/284/1068
f 12093/284/1068 12054/283/1331 12098/282/1258
f 12055/283/1075 12049/281/1076 12097/282/1332
f 12097/282/1332 12049/281/1076 12100/280/1077
f 12049/281/1076 12045/278/1333 12100/280/1077
f 12100/280/1077 12045/278/1333 12102/279/1334
f 12045/278/1333 12014/277/1060 12102/279/1334
f 12102/279/1334 12014/277/1060 12104/290/1335
f 12015/277/928 12021/292/928 12103/290/950
f 12107/317/743 12106/300/939 12110/318/743
f 12106/300/939 12022/319/939 12110/318/743
f 12023/320/741 12030/321/741 12109/322/741
f 12109/322/741 12030/321/741 12112/323/741
s 0
f 12031/297/12 12032/299/12 12111/324/12
f 12111/324/12 12032/299/12 12114/325/12
f 12113/325/12 12033/299/12 12116/324/12
f 12033/299/12 12034/297/12 12116/324/12
s 1
f 12115/323/84 12035/321/84 12118/322/84
f 12035/321/84 12038/320/84 12118/322/84
f 12039/319/105 12041/300/105 12117/318/273
f 12117/318/273 12041/300/105 12120/317/273
f 12119/317/122 12042/300/122 12121/302/123
f 12042/300/122 12047/301/121 12121/302/123
f 12121/302/123 12047/301/121 12122/303/145
f 12047/301/121 12051/304/904 12122/303/145
f 12122/303/145 12051/304/904 12124/305/155
f 12051/304/904 12057/306/155 12124/305/155
s 0
f 12058/306/1 12061/307/1 12123/305/1
f 12123/305/1 12061/307/1 12126/308/1
s 1
f 12125/308/174 12062/307/174 12128/309/174
f 12062/307/174 12073/310/174 12128/309/174
f 12074/310/530 12077/311/173 12127/309/173
f 12127/309/173 12077/311/173 12130/312/173
s 0
f 12078/313/17 12080/314/17 12129/315/17
f 12129/315/17 12080/314/17 12132/316/17
f 12131/316/17 12081/314/17 12134/315/17
f 12081/314/17 12084/313/17 12134/315/17
s 1
f 12133/312/751 12085/311/751 12136/309/751
f 12085/311/751 12087/310/751 12136/309/751
f 12088/310/750 12091/307/750 12135/309/750
f 12135/309/750 12091/307/750 12138/308/750
s 0
f 12137/308/4 12092/307/4 12140/305/4
f 12092/307/4 12095/306/4 12140/305/4
s 1
f 12096/306/1079 12099/304/860 12139/305/1079
f 12139/305/1079 12099/304/860 12141/303/1080
f 12099/304/860 12101/301/746 12141/303/1080
f 12141/303/1080 12101/301/746 12142/302/745
f 12101/301/746 12105/300/744 12142/302/745
f 12105/300/744 12108/317/744 12142/302/745
f 12145/277/719 12148/278/1336 12150/279/1337
f 12150/279/1337 12148/278/1336 12152/280/759
f 12148/278/1336 12154/281/1084 12152/280/759
f 12152/280/759 12154/281/1084 12158/282/1085
f 12154/281/1084 12162/283/1338 12158/282/1085
f 12157/282/1196 12159/283/1196 12166/284/1094
f 12159/283/1196 12170/285/1092 12166/284/1094
f 12165/284/729 12167/285/729 12174/286/1086
f 12167/285/729 12178/287/1087 12174/286/1086
f 12181/288/1339 12173/286/1340 12185/289/1341
f 12173/286/1340 12175/287/731 12185/289/1341
f 12184/289/730 12176/287/730 12188/288/730
f 12188/288/730 12176/287/730 12192/286/730
f 12191/286/1087 12177/287/1086 12196/284/729
f 12177/287/1086 12168/285/1091 12196/284/729
f 12169/285/726 12160/283/1196 12195/284/726
f 12195/284/726 12160/283/1196 12200/282/1196
f 12199/282/761 12161/283/1085 12202/280/1095
f 12161/283/1085 12153/281/1342 12202/280/1095
f 12202/280/1095 12153/281/1342 12204/279/721
f 12153/281/1342 12147/278/1343 12204/279/721
f 12204/279/721 12147/278/1343 12208/290/1344
f 12147/278/1343 12146/277/1345 12208/290/1344
f 12143/277/1346 12212/291/755 12207/290/1347
f 12207/290/1347 12212/291/755 12213/292/1348
f 12216/293/1103 12209/294/1349 12217/295/1104
f 12209/294/1349 12223/296/1104 12217/295/1104
s 0
f 12219/297/12 12220/298/12 12224/299/12
f 12225/299/12 12221/298/12 12226/297/12
s 1
f 12228/295/847 12222/296/716 12229/293/716
f 12222/296/716 12210/294/716 12229/293/716
f 12211/291/1350 12144/277/717 12232/292/1350
f 12232/292/1350 12144/277/717 12234/290/718
f 12145/277/719 12150/279/1337 12233/290/1351
f 12236/300/744 12149/301/746 12237/302/745
f 12237/302/745 12149/301/746 12238/303/1080
f 12149/301/746 12151/304/860 12238/303/1080
f 12238/303/1080 12151/304/860 12240/305/1079
f 12151/304/860 12155/306/1079 12240/305/1079
s 0
f 12156/306/4 12163/307/4 12239/305/4
f 12239/305/4 12163/307/4 12242/308/4
s 1
f 12241/308/750 12164/307/771 12244/309/750
f 12164/307/771 12171/310/771 12244/309/750
f 12172/310/751 12179/311/751 12243/309/751
f 12243/309/751 12179/311/751 12246/312/751
s 0
f 12180/313/17 12182/314/17 12245/315/17
f 12245/315/17 12182/314/17 12248/316/17
f 12247/316/17 12183/314/17 12250/315/17
f 12183/314/17 12186/313/17 12250/315/17
s 1
f 12249/312/170 12187/311/170 12252/309/170
f 12187/311/170 12189/310/170 12252/309/170
f 12190/310/162 12193/307/162 12251/309/162
f 12251/309/162 12193/307/162 12254/308/162
s 0
f 12253/308/7 12194/307/7 12256/305/7
f 12194/307/7 12197/306/7 12256/305/7
s 1
f 12198/306/152 12201/304/576 12255/305/152
f 12255/305/152 12201/304/576 12257/303/406
f 12201/304/576 12203/301/113 12257/303/406
f 12257/303/406 12203/301/113 12258/302/399
f 12203/301/113 12205/300/112 12258/302/399
f 12258/302/399 12205/300/112 12260/317/112
f 12259/317/96 12206/300/97 12262/318/96
f 12206/300/97 12214/319/97 12262/318/96
f 12215/320/79 12218/321/79 12261/322/79
f 12261/322/79 12218/321/79 12264/323/79
s 0
f 12219/297/12 12224/299/12 12263/324/12
f 12263/324/12 12224/299/12 12266/325/12
f 12265/325/12 12225/299/12 12268/324/12
f 12225/299/12 12226/297/12 12268/324/12
s 1
f 12267/323/741 12227/321/741 12270/322/741
f 12227/321/741 12230/320/741 12270/322/741
f 12231/319/743 12235/300/743 12269/318/939
f 12269/318/939 12235/300/743 12272/317/742
f 12236/300/744 12237/302/745 12271/317/744
