# Blender 5.2.0 Alpha
# www.blender.org
mtllib LionHead.mtl
o LionHead
v 10.816602 2.064471 -0.028822
v 10.821115 2.079546 -0.040286
v 10.749804 2.032426 -0.077115
v 10.864533 1.207111 -0.551380
v 10.866520 1.196008 -0.530799
v 10.851174 1.212347 -0.522494
v 10.852167 1.193932 -0.505885
v 10.825448 0.700981 0.079590
v 10.831406 0.698093 0.094755
v 10.800534 0.732214 0.106399
v 10.845307 1.145729 0.532281
v 10.854063 1.174976 0.535169
v 10.813713 1.184364 0.485252
v 10.727598 1.276798 0.374584
v 10.707829 1.308120 0.398685
v 10.696816 1.322383 0.347233
v 10.784918 1.728496 0.405455
v 10.785460 1.683362 0.384152
v 10.817143 1.722267 0.412496
v 10.832037 1.688237 0.394894
v 10.853882 1.701235 0.443548
v 10.871213 1.712789 0.491119
v 10.861917 1.677405 0.500326
v 10.848015 1.650414 0.469545
v 10.843682 1.623425 0.407441
v 10.834294 1.605552 0.475322
v 10.812991 1.581450 0.453026
v 10.792591 1.618189 0.397963
v 10.775079 1.606454 0.366640
v 10.652586 1.515555 -0.209988
v 10.666036 1.504813 -0.203670
v 10.635706 1.520339 -0.179658
v 10.620902 1.505174 -0.146621
v 10.634623 1.473761 -0.133803
v 10.607993 1.476469 -0.125859
v 10.584253 1.462839 -0.110604
v 10.601133 1.463109 -0.136150
v 10.605466 1.469428 -0.158355
v 10.634623 1.479358 -0.195997
v 10.658724 1.488475 -0.217661
v 10.678131 1.473220 -0.242846
v 10.675063 1.502556 -0.227049
v 10.641393 1.526477 -0.224431
v 10.616208 1.536497 -0.188685
v 10.600773 1.527380 -0.154925
v 10.609348 1.512666 -0.114034
v 10.579920 1.514382 -0.101036
v 10.554646 1.474393 -0.101577
v 10.521969 1.501022 -0.076393
v 10.634623 1.473761 0.176627
v 10.620631 1.504994 0.189445
v 10.607993 1.476469 0.168593
v 10.584253 1.462839 0.153248
v 10.609438 1.512757 0.156768
v 10.600773 1.527380 0.197659
v 10.616208 1.536497 0.231420
v 10.635706 1.520339 0.222483
v 10.652586 1.515555 0.252813
v 10.665946 1.504813 0.246494
v 10.658814 1.488475 0.260395
v 10.634623 1.479358 0.238731
v 10.605466 1.469428 0.201090
v 10.601314 1.463019 0.178884
v 10.591656 1.430974 0.156768
v 10.554646 1.474393 0.144311
v 10.531267 1.402089 0.152887
v 10.301807 1.256487 0.108656
v 10.307944 1.324910 0.076791
v 10.276712 1.258925 0.071105
v 10.331234 1.095360 -0.003005
v 10.338726 1.146271 0.021367
v 10.313632 1.120906 -0.007157
v 10.301897 1.146812 -0.022052
v 10.316340 1.169560 -0.014289
v 10.289531 1.207653 0.021367
v 10.289982 1.211173 -0.019163
v 10.275629 1.255494 0.021367
v 10.278789 1.258564 -0.027829
v 10.317694 1.230310 -0.042181
v 10.304064 1.256307 -0.063755
v 10.310563 1.323105 -0.033154
v 10.316340 1.320397 0.021367
v 10.374382 1.385209 0.021367
v 10.366710 1.388819 0.077694
v 10.396136 1.367246 0.123099
v 10.337914 1.305954 0.120391
v 10.327443 1.233108 0.131674
v 10.320944 1.231754 0.082568
v 10.288898 1.210631 0.062349
v 10.317965 1.169831 0.057294
v 10.302258 1.146812 0.064966
v 10.314354 1.121176 0.050343
v 10.331595 1.095721 0.046191
v 10.382776 1.104206 0.021367
v 10.384221 0.954814 -0.017989
v 10.376006 0.949127 0.021367
v 10.368966 0.997691 -0.025211
v 10.358495 1.003287 0.021367
v 10.353982 1.054920 -0.021420
v 10.344865 1.053295 0.021367
v 10.331865 1.076133 -0.043625
v 10.313541 1.115219 -0.057527
v 10.308395 1.160082 -0.059783
v 10.315256 1.192307 -0.051208
v 10.329158 1.233379 -0.086683
v 10.340170 1.304510 -0.074407
v 10.367973 1.387736 -0.034418
v 10.430167 1.457603 -0.036224
v 10.433778 1.455256 0.021367
v 10.429987 1.457784 0.079048
v 10.461761 1.432057 0.121925
v 10.448491 1.339804 0.153609
v 10.372847 1.275443 0.145936
v 10.351093 1.209187 0.133118
v 10.312909 1.192398 0.095116
v 10.307674 1.160172 0.102969
v 10.313632 1.115309 0.100261
v 10.331956 1.076313 0.086360
v 10.353801 1.054830 0.064244
v 10.367702 0.997329 0.068758
v 10.381694 0.953189 0.062168
v 10.426376 0.927463 0.083652
v 10.430077 0.907423 0.021367
v 10.427730 0.930532 -0.038570
v 10.413558 0.979727 -0.067637
v 10.399205 1.030187 -0.076483
v 10.374653 1.066474 -0.101667
v 10.356148 1.119913 -0.117825
v 10.351183 1.175517 -0.108979
v 10.356058 1.208555 -0.085239
v 10.373751 1.274902 -0.101036
v 10.396859 1.366523 -0.079010
v 10.461761 1.432057 -0.079101
v 10.495702 1.530810 -0.035682
v 10.503916 1.527470 0.021367
v 10.495521 1.530900 0.078597
v 10.521969 1.501022 0.119217
v 10.579920 1.514382 0.143770
v 10.548327 1.543538 0.177169
v 10.570713 1.548503 0.215713
v 10.604202 1.556897 0.246404
v 10.641393 1.526477 0.267165
v 10.675153 1.502556 0.269783
v 10.678222 1.473220 0.285670
v 10.659356 1.447764 0.270957
v 10.637511 1.423302 0.241620
v 10.622075 1.417073 0.194049
v 10.589038 1.345040 0.191431
v 10.497958 1.304419 0.184841
v 10.400379 1.251793 0.169406
v 10.350642 1.175608 0.152345
v 10.356058 1.119913 0.160650
v 10.374743 1.066565 0.144311
v 10.404712 1.035513 0.113079
v 10.411843 0.978644 0.112808
v 10.489292 0.969347 0.139979
v 10.504006 0.922769 0.091956
v 10.510144 0.913020 0.020194
v 10.504547 0.921956 -0.052562
v 10.492001 0.973138 -0.097605
v 10.572248 1.048782 -0.118818
v 10.482341 1.023958 -0.113854
v 10.458060 1.068099 -0.152217
v 10.436756 1.136432 -0.169007
v 10.418072 1.207382 -0.160702
v 10.400830 1.251433 -0.125679
v 10.448582 1.339714 -0.110514
v 10.531267 1.402089 -0.110153
v 10.591836 1.430974 -0.113854
v 10.621985 1.417163 -0.151314
v 10.637422 1.423302 -0.198885
v 10.659356 1.447764 -0.228222
v 10.674791 1.463019 -0.266586
v 10.676597 1.508243 -0.252234
v 10.646087 1.554099 -0.240589
v 10.604202 1.556897 -0.203579
v 10.570713 1.548503 -0.172888
v 10.548508 1.543628 -0.134344
v 10.554194 1.555724 -0.093724
v 10.541738 1.597608 -0.037758
v 10.560152 1.599413 0.021367
v 10.541648 1.597608 0.080492
v 10.554284 1.555724 0.136458
v 10.562319 1.626223 0.183487
v 10.586420 1.608260 0.219414
v 10.616028 1.601399 0.258680
v 10.663960 1.591289 0.293253
v 10.646177 1.554189 0.283233
v 10.676688 1.508243 0.295058
v 10.674882 1.462929 0.309320
v 10.646267 1.409491 0.294697
v 10.617110 1.370946 0.259493
v 10.628394 1.307669 0.286844
v 10.598335 1.270659 0.241800
v 10.518359 1.246287 0.227448
v 10.418161 1.207382 0.203437
v 10.436485 1.136341 0.212554
v 10.458241 1.068551 0.194410
v 10.483876 1.027389 0.150179
v 10.569540 1.037228 0.167691
v 10.577212 0.975124 0.157129
v 10.601585 0.934594 0.092588
v 10.587955 0.912388 0.015229
v 10.599328 0.938475 -0.055541
v 10.595717 1.001392 -0.106361
v 10.620542 1.059614 -0.133171
v 10.555458 1.089131 -0.172437
v 10.537134 1.164234 -0.207100
v 10.518359 1.246287 -0.184804
v 10.497868 1.304419 -0.142107
v 10.588947 1.345040 -0.148697
v 10.617291 1.370856 -0.216668
v 10.646358 1.409491 -0.251963
v 10.694651 1.446320 -0.299353
v 10.699615 1.530720 -0.277238
v 10.704400 1.578110 -0.274078
v 10.749352 1.541462 -0.303686
v 10.827885 1.585512 -0.359381
v 10.757477 1.574500 -0.353423
v 10.750525 1.623063 -0.341147
v 10.735001 1.599413 -0.291861
v 10.725161 1.647887 -0.258101
v 10.663689 1.591650 -0.250699
v 10.616028 1.601399 -0.215946
v 10.586420 1.608260 -0.176680
v 10.562319 1.626132 -0.140663
v 10.558256 1.644457 -0.094807
v 10.572338 1.660073 -0.040556
v 10.591205 1.662330 0.021367
v 10.572338 1.660073 0.083381
v 10.558167 1.644457 0.137632
v 10.655835 1.708276 0.186827
v 10.682194 1.700784 0.220858
v 10.694740 1.674606 0.261840
v 10.719294 1.642471 0.299391
v 10.738159 1.590748 0.335678
v 10.707197 1.575131 0.313834
v 10.701962 1.528463 0.318076
v 10.693658 1.444695 0.343983
v 10.660078 1.366343 0.323763
v 10.674520 1.257661 0.296322
v 10.634533 1.191134 0.242522
v 10.537224 1.164234 0.249834
v 10.554556 1.083084 0.225101
v 10.626318 1.039033 0.195764
v 10.635886 0.990921 0.195312
v 10.652044 0.980179 0.174732
v 10.661251 0.952376 0.155505
v 10.673980 0.954091 0.113530
v 10.715773 0.935226 0.147651
v 10.721189 0.931976 0.122106
v 10.664952 0.920151 0.102879
v 10.672806 0.932156 0.064515
v 10.657822 0.899028 0.013424
v 10.660981 0.913832 -0.033245
v 10.677409 0.940732 -0.050034
v 10.682555 0.976839 -0.094356
v 10.681292 1.013578 -0.135157
v 10.685804 0.978734 -0.139580
v 10.700699 0.957522 -0.165306
v 10.727869 0.986317 -0.183901
v 10.718030 1.003016 -0.205746
v 10.689415 1.005093 -0.213148
v 10.705844 1.029555 -0.215314
v 10.667480 1.036054 -0.152127
v 10.650781 1.092201 -0.172076
v 10.646539 1.189419 -0.204211
v 10.598246 1.270659 -0.199156
v 10.628394 1.307669 -0.244019
v 10.664230 1.367426 -0.284459
v 10.715773 1.393694 -0.314699
v 10.751610 1.458325 -0.312352
v 10.790786 1.518263 -0.357485
v 10.814075 1.539205 -0.382851
v 10.848827 1.592011 -0.418596
v 10.850813 1.659261 -0.416972
v 10.814345 1.645811 -0.355770
v 10.786723 1.679751 -0.374004
v 10.754769 1.671086 -0.337265
v 10.738250 1.715407 -0.279223
v 10.691943 1.674155 -0.212877
v 10.673618 1.690042 -0.176589
v 10.654662 1.709269 -0.142468
v 10.638324 1.733822 -0.098418
v 10.646087 1.743571 -0.040286
v 10.689506 1.831040 -0.033606
v 10.658273 1.742397 0.023263
v 10.642567 1.744293 0.089068
v 10.648434 1.741585 0.149547
v 10.714149 1.811000 0.192966
v 10.692394 1.821200 0.173919
v 10.725702 1.903073 0.214539
v 10.745922 1.954796 0.186918
v 10.754950 1.957053 0.254438
v 10.749714 1.876625 0.237197
v 10.709544 1.787531 0.228260
v 10.708552 1.778324 0.258048
v 10.731750 1.764783 0.270596
v 10.793493 1.843677 0.358877
v 10.779051 1.820298 0.313834
v 10.766414 1.796919 0.350392
v 10.736626 1.744834 0.312570
v 10.752332 1.691035 0.349760
v 10.759373 1.734453 0.394172
v 10.786182 1.757833 0.451853
v 10.832309 1.743571 0.445173
v 10.847383 1.748987 0.489855
v 10.853161 1.739057 0.531739
v 10.857132 1.710171 0.546904
v 10.854605 1.670725 0.549973
v 10.841425 1.629472 0.535079
v 10.822289 1.590567 0.510617
v 10.797827 1.561140 0.490848
v 10.786903 1.551572 0.522171
v 10.772010 1.530991 0.510075
v 10.765240 1.535504 0.482092
v 10.782932 1.548412 0.436327
v 10.759824 1.538754 0.398866
v 10.742221 1.526929 0.351656
v 10.749172 1.447674 0.361946
v 10.720919 1.387556 0.358697
v 10.755582 1.333305 0.396248
v 10.773364 1.278242 0.430008
v 10.730938 1.207201 0.428925
v 10.707829 1.251433 0.411413
v 10.762080 1.249085 0.371785
v 10.724169 1.233018 0.327374
v 10.683908 1.153041 0.265992
v 10.633269 1.091749 0.222664
v 10.685985 1.027118 0.245862
v 10.680659 0.970881 0.231239
v 10.710718 0.920151 0.264818
v 10.697088 0.960320 0.208492
v 10.695373 0.940642 0.192695
v 10.709365 0.943259 0.170850
v 10.729134 0.871948 0.153880
v 10.768850 0.896320 0.187188
v 10.759281 0.824467 0.136458
v 10.752332 0.886210 0.124904
v 10.712162 0.894695 0.112086
v 10.713607 0.891717 0.071375
v 10.682735 0.862741 0.026151
v 10.678131 0.860935 -0.039202
v 10.711169 0.900382 -0.046153
v 10.709365 0.914103 -0.083433
v 10.714781 0.933059 -0.116562
v 10.723536 0.956709 -0.136059
v 10.722814 0.921595 -0.190039
v 10.745562 0.947863 -0.236437
v 10.757838 0.986588 -0.250067
v 10.712253 0.982165 -0.261441
v 10.724980 1.010418 -0.271912
v 10.701511 1.056455 -0.231652
v 10.728140 1.087146 -0.240860
v 10.699705 1.105470 -0.259455
v 10.704941 1.148798 -0.264239
v 10.712162 1.182288 -0.269745
v 10.676778 1.253599 -0.252595
v 10.711441 1.319945 -0.299353
v 10.774537 1.339533 -0.335189
v 10.769031 1.394597 -0.359291
v 10.769934 1.413011 -0.412819
v 10.800985 1.441987 -0.358659
v 10.787897 1.482337 -0.359652
v 10.779862 1.478004 -0.411014
v 10.796743 1.505355 -0.410292
v 10.826080 1.528373 -0.428074
v 10.834114 1.548954 -0.471403
v 10.845849 1.590657 -0.483138
v 10.846390 1.641929 -0.494421
v 10.833211 1.678849 -0.491171
v 10.827976 1.696722 -0.453440
v 10.806672 1.696451 -0.412187
v 10.768128 1.713782 -0.417152
v 10.775891 1.734905 -0.410563
v 10.758650 1.699159 -0.375810
v 10.767135 1.707193 -0.321108
v 10.738159 1.734634 -0.325621
v 10.758560 1.766047 -0.297819
v 10.722092 1.749348 -0.218744
v 10.715232 1.786989 -0.164132
v 10.700428 1.819124 -0.100043
v 10.687068 1.885742 -0.063394
v 10.698261 1.901448 -0.012664
v 10.711982 1.817048 0.032921
v 10.679936 1.823999 0.111183
v 10.723356 1.909753 0.139527
v 10.731931 1.977634 0.132577
v 10.737798 1.977183 0.168052
v 10.786091 1.990271 0.235933
v 10.774808 1.933674 0.277997
v 10.751429 1.853155 0.276102
v 10.738250 1.834741 0.312209
v 10.759281 1.862363 0.363842
v 10.804777 1.825804 0.410600
v 10.792952 1.795023 0.427210
v 10.768399 1.760270 0.377292
v 10.785640 1.766137 0.433889
v 10.797827 1.775525 0.457720
v 10.812539 1.760360 0.504569
v 10.827615 1.742939 0.549703
v 10.843682 1.717754 0.583553
v 10.836641 1.670364 0.588247
v 10.824365 1.621439 0.568839
v 10.805680 1.581902 0.542210
v 10.801707 1.541101 0.527858
v 10.787897 1.520610 0.507638
v 10.777155 1.513750 0.483627
v 10.795208 1.504271 0.460879
v 10.761178 1.469157 0.426668
v 10.781849 1.376453 0.429015
v 10.785189 1.302975 0.475773
v 10.781036 1.234282 0.452665
v 10.740055 1.144285 0.460157
v 10.743937 1.197633 0.386499
v 10.787265 1.176420 0.344615
v 10.721911 1.095180 0.302009
v 10.728952 1.021341 0.370251
v 10.730125 0.964743 0.298398
v 10.793855 0.904986 0.324214
v 10.764156 0.851367 0.276553
v 10.717579 0.907243 0.239002
v 10.727509 0.884766 0.221219
v 10.760817 0.828891 0.205603
v 10.792500 0.811559 0.174551
v 10.807756 0.758121 0.152435
v 10.777155 0.782403 0.118314
v 10.761810 0.834938 0.112176
v 10.735452 0.834397 0.100441
v 10.737257 0.833855 0.071917
v 10.711169 0.814267 0.025881
v 10.755310 0.763447 0.010716
v 10.701060 0.814448 -0.040556
v 10.747367 0.857415 -0.045972
v 10.731841 0.864907 -0.087495
v 10.722995 0.873844 -0.127935
v 10.746284 0.913110 -0.151766
v 10.743305 0.878718 -0.205836
v 10.777786 0.903451 -0.239777
v 10.800895 0.905257 -0.270106
v 10.794577 0.960500 -0.274710
v 10.736444 0.949668 -0.294298
v 10.740326 0.982345 -0.311900
v 10.722182 1.034791 -0.297277
v 10.759192 1.070446 -0.307206
v 10.715232 1.091569 -0.331579
v 10.778599 1.031902 -0.351889
v 10.758379 1.052483 -0.375990
v 10.738070 1.125509 -0.333745
v 10.728501 1.163151 -0.346744
v 10.729493 1.211805 -0.281480
v 10.747909 1.201514 -0.360013
v 10.724169 1.245204 -0.317136
v 10.771107 1.286185 -0.360284
v 10.772461 1.334388 -0.395939
v 10.776975 1.376904 -0.409570
v 10.806221 1.378709 -0.472215
v 10.824545 1.412650 -0.524661
v 10.790875 1.411025 -0.478534
v 10.814977 1.449479 -0.475916
v 10.813443 1.431516 -0.412548
v 10.809110 1.464464 -0.408938
v 10.795840 1.491544 -0.463098
v 10.796021 1.517451 -0.449107
v 10.799541 1.552023 -0.488102
v 10.811637 1.596254 -0.524841
v 10.815789 1.646804 -0.537749
v 10.803243 1.689500 -0.515002
v 10.785730 1.714504 -0.472215
v 10.795931 1.740953 -0.476277
v 10.800263 1.747542 -0.408125
v 10.780856 1.727683 -0.364887
v 10.745742 1.758284 -0.355590
v 10.768039 1.786448 -0.333926
v 10.746103 1.818583 -0.327878
v 10.751248 1.814430 -0.252956
v 10.748631 1.924466 -0.251963
v 10.733194 1.870938 -0.199156
v 10.723626 1.913634 -0.145808
v 10.706746 1.945138 -0.084968
v 10.708642 1.970954 -0.026114
v 10.726064 1.910656 0.045559
v 10.745200 1.981245 0.082027
v 10.762080 2.027371 0.105948
v 10.777786 2.025837 0.159476
v 10.799631 2.047591 0.208853
v 10.784286 2.031343 0.224740
v 10.830865 2.034051 0.286934
v 10.853520 2.041092 0.335678
v 10.805408 1.992528 0.309772
v 10.774086 1.907316 0.332609
v 10.870582 1.889984 0.471441
v 10.858847 1.904246 0.458352
v 10.859659 1.894949 0.451492
v 10.830413 1.881589 0.414482
v 10.821656 1.915530 0.403289
v 10.856862 1.866334 0.467018
v 10.840794 1.846205 0.471711
v 10.847022 1.815062 0.475322
v 10.853702 1.796919 0.507548
v 10.837544 1.800168 0.468642
v 10.814075 1.771824 0.446166
v 10.817955 1.776699 0.507909
v 10.837273 1.756840 0.558820
v 10.850813 1.725066 0.598447
v 10.846571 1.667385 0.601426
v 10.833843 1.614488 0.577685
v 10.818136 1.572423 0.550515
v 10.828968 1.538573 0.517296
v 10.833843 1.515916 0.571999
v 10.806041 1.512937 0.509443
v 10.837544 1.468345 0.587525
v 10.801076 1.450021 0.526143
v 10.845488 1.380334 0.583553
v 10.816060 1.368058 0.515040
v 10.866158 1.309926 0.601696
v 10.837183 1.323376 0.556653
v 10.827615 1.292324 0.544196
v 10.806312 1.250891 0.519643
v 10.783294 1.083716 0.491299
v 10.778419 1.108720 0.405545
v 10.807936 1.003287 0.422064
v 10.794667 0.944704 0.400761
v 10.831316 0.935677 0.438222
v 10.848196 0.896501 0.417641
v 10.844765 0.885127 0.404101
v 10.863542 0.849562 0.410059
v 10.834114 0.869421 0.392818
v 10.842419 0.864636 0.359870
v 10.875457 0.836292 0.372959
v 10.844765 0.832050 0.326922
v 10.833392 0.785652 0.271679
v 10.767587 0.842792 0.246946
v 10.770115 0.823294 0.232503
v 10.783383 0.789805 0.198111
v 10.805590 0.764440 0.180870
v 10.832398 0.726256 0.151533
v 10.835829 0.721743 0.133660
v 10.770926 0.784479 0.075708
v 10.810373 0.722736 0.012431
v 10.826531 0.676519 -0.020246
v 10.786543 0.719216 -0.010858
v 10.743666 0.769314 -0.050757
v 10.790786 0.739977 -0.078198
v 10.773093 0.811198 -0.074587
v 10.775891 0.826453 -0.106722
v 10.795840 0.772834 -0.163862
v 10.770385 0.821489 -0.143010
v 10.773906 0.853263 -0.171354
v 10.820031 0.792874 -0.191393
v 10.769934 0.836202 -0.208725
v 10.796291 0.853714 -0.236346
v 10.824545 0.791520 -0.252504
v 10.791688 0.846041 -0.264420
v 10.770926 0.891175 -0.289875
v 10.813352 0.860033 -0.291229
v 10.784467 0.897313 -0.308019
v 10.762893 0.939739 -0.326704
v 10.755310 1.003377 -0.332391
v 10.801888 0.984421 -0.363172
v 10.793042 0.942447 -0.396571
v 10.777335 0.999315 -0.397203
v 10.786633 1.077126 -0.388176
v 10.816240 1.037679 -0.420492
v 10.794126 1.077758 -0.418777
v 10.771468 1.115490 -0.396210
v 10.771559 1.175156 -0.340515
v 10.793583 1.157103 -0.420763
v 10.742944 1.232566 -0.371838
v 10.773544 1.245384 -0.400723
v 10.800444 1.191043 -0.451273
v 10.805680 1.284109 -0.453079
v 10.857222 1.258834 -0.586133
v 10.838808 1.268042 -0.515634
v 10.845488 1.311460 -0.545693
v 10.801707 1.336645 -0.457411
v 10.826621 1.379071 -0.527640
v 10.829961 1.401637 -0.525563
v 10.853341 1.413643 -0.562483
v 10.829600 1.428988 -0.527278
v 10.824545 1.445327 -0.530347
v 10.854424 1.440182 -0.567267
v 10.841697 1.459499 -0.531070
v 10.852167 1.495516 -0.560677
v 10.833662 1.499216 -0.515183
v 10.829961 1.482788 -0.452988
v 10.815248 1.532525 -0.504080
v 10.826892 1.588220 -0.540999
v 10.828066 1.651407 -0.552463
v 10.815067 1.705478 -0.528362
v 10.830322 1.721184 -0.459307
v 10.818498 1.746098 -0.456780
v 10.844495 1.737884 -0.487200
v 10.834384 1.747813 -0.502635
v 10.800624 1.762617 -0.471132
v 10.786995 1.770290 -0.438094
v 10.774988 1.780400 -0.395578
v 10.779411 1.809014 -0.389169
v 10.863090 1.862994 -0.485304
v 10.815609 1.836817 -0.450461
v 10.828517 1.861731 -0.438004
v 10.794938 1.854690 -0.383212
v 10.811637 1.894768 -0.433671
v 10.798819 1.883485 -0.369852
v 10.771197 1.869584 -0.308831
v 10.784376 1.942610 -0.318851
v 10.800805 1.973482 -0.358568
v 10.771648 1.979981 -0.293215
v 10.810644 2.015456 -0.315421
v 10.791868 1.997583 -0.277869
v 10.774988 1.957775 -0.212426
v 10.794667 2.022948 -0.256837
v 10.762893 2.000742 -0.193921
v 10.794395 2.059506 -0.232826
v 10.781487 2.046689 -0.173972
v 10.732563 2.010221 -0.127845
v 10.765330 1.972579 0.021457
v 10.786633 2.010582 0.042399
v 10.810012 2.044703 0.054856
v 10.772732 2.024483 0.068035
v 10.801528 2.061944 0.094755
v 10.833211 2.089746 0.121564
v 10.799993 2.067360 0.132757
v 10.838357 2.090468 0.166337
v 10.819490 2.057701 0.162455
v 10.824275 2.049036 0.178703
v 10.848104 2.075574 0.205242
v 10.814887 2.047230 0.193868
v 10.833572 2.059597 0.245772
v 10.875005 2.068804 0.285941
v 10.875005 2.059687 0.298849
v 10.875005 2.056437 0.338657
v 10.875005 2.041543 0.378104
v 10.875005 2.017713 0.352378
v 10.839801 2.003992 0.346962
v 10.875005 2.004895 0.374674
v 10.875005 1.990452 0.376389
v 10.839891 1.978176 0.359058
v 10.875005 1.973482 0.399407
v 10.875005 1.961837 0.367543
v 10.874914 1.948117 0.348045
v 10.875005 1.937284 0.399498
v 10.867784 1.910656 0.468913
v 10.875005 1.916703 0.468642
v 10.875005 1.888179 0.506825
v 10.875005 1.885742 0.492654
v 10.875005 1.878069 0.489945
v 10.875005 1.874910 0.469906
v 10.875005 1.859835 0.497528
v 10.875005 1.849544 0.501139
v 10.857492 1.841059 0.497347
v 10.875005 1.833026 0.518560
v 10.875005 1.823367 0.514769
v 10.850723 1.818944 0.513596
v 10.875005 1.805855 0.542481
v 10.875005 1.798543 0.529573
v 10.875005 1.777150 0.533996
v 10.875005 1.782205 0.509714
v 10.875005 1.782295 0.483356
v 10.875005 1.768033 0.502493
v 10.875005 1.752056 0.547175
v 10.875005 1.714595 0.572269
v 10.875005 1.664496 0.568298
v 10.875005 1.612322 0.551147
v 10.875005 1.567007 0.532732
v 10.875005 1.531442 0.571999
v 10.875005 1.513028 0.607654
v 10.875005 1.491273 0.593121
v 10.875005 1.465547 0.629770
v 10.875005 1.446049 0.616771
v 10.843501 1.434856 0.598718
v 10.875005 1.427183 0.631214
v 10.875005 1.407144 0.620833
v 10.875005 1.369502 0.640512
v 10.875005 1.348560 0.612709
v 10.875005 1.339172 0.584004
v 10.875005 1.318230 0.611355
v 10.875005 1.301531 0.639789
v 10.875005 1.287088 0.618938
v 10.851536 1.276256 0.590142
v 10.875005 1.270659 0.622368
v 10.875005 1.250981 0.597725
v 10.844133 1.230220 0.573262
v 10.875005 1.221464 0.617764
v 10.875005 1.214423 0.582289
v 10.875005 1.201063 0.556743
v 10.869227 1.164234 0.560354
v 10.875005 1.174886 0.575519
v 10.875005 1.149069 0.585358
v 10.875005 1.141757 0.558729
v 10.875005 1.123162 0.560896
v 10.875005 1.120635 0.526052
v 10.814436 1.042554 0.514950
v 10.875005 1.078660 0.540044
v 10.851716 1.007801 0.536343
v 10.875005 1.021973 0.555660
v 10.875005 0.983248 0.555028
v 10.875005 0.992906 0.515491
v 10.875005 1.012675 0.480377
v 10.875005 1.014932 0.456546
v 10.875005 1.014932 0.456546
v 10.875005 0.995975 0.455824
v 10.875005 0.976026 0.449506
v 10.875005 0.976026 0.449506
v 10.875005 0.918707 0.473968
v 10.872297 0.905528 0.472704
v 10.875005 0.877003 0.506103
v 10.875005 0.882239 0.469816
v 10.875005 0.895057 0.437229
v 10.875005 0.866442 0.434882
v 10.875005 0.850194 0.426939
v 10.875005 0.808761 0.421523
v 10.875005 0.813003 0.399678
v 10.875005 0.790888 0.381444
v 10.875005 0.802893 0.356530
v 10.863721 0.806324 0.338025
v 10.875005 0.767779 0.346691
v 10.875005 0.786194 0.319701
v 10.875005 0.770939 0.295239
v 10.857492 0.763086 0.276463
v 10.875005 0.740970 0.278810
v 10.875005 0.736457 0.260666
v 10.838176 0.746115 0.253174
v 10.875005 0.696288 0.235482
v 10.875005 0.748462 0.227357
v 10.818227 0.783215 0.219775
v 10.875005 0.757940 0.215442
v 10.874914 0.767870 0.200006
v 10.875005 0.728152 0.166427
v 10.875005 0.695204 0.128244
v 10.875005 0.697912 0.107211
v 10.875005 0.669930 0.089880
v 10.875005 0.677512 0.078145
v 10.875005 0.664784 0.067494
v 10.874914 0.702336 0.060182
v 10.875005 0.682928 0.025881
v 10.875005 0.668576 -0.003727
v 10.875005 0.644294 -0.020788
v 10.875005 0.675346 -0.035862
v 10.874914 0.709196 -0.048951
v 10.841064 0.678054 -0.119450
v 10.875005 0.669027 -0.101397
v 10.875005 0.639239 -0.158536
v 10.875005 0.695475 -0.145357
v 10.874914 0.750629 -0.143461
v 10.875005 0.737450 -0.181012
v 10.875005 0.764620 -0.185165
v 10.875005 0.757218 -0.204572
v 10.875005 0.769675 -0.218744
v 10.875005 0.737359 -0.264329
v 10.875005 0.788992 -0.269023
v 10.874914 0.836653 -0.278050
v 10.875005 0.829974 -0.286535
v 10.874914 0.855880 -0.295201
v 10.874914 0.898667 -0.314879
v 10.874914 0.936218 -0.335370
v 10.806672 0.950120 -0.353423
v 10.874914 0.921415 -0.343674
v 10.874914 0.928546 -0.363443
v 10.875005 0.884495 -0.384205
v 10.821025 0.885669 -0.400092
v 10.875005 0.850825 -0.410202
v 10.875005 0.890814 -0.414625
v 10.875005 0.957702 -0.412278
v 10.874914 1.008974 -0.415257
v 10.875005 1.011140 -0.430241
v 10.875005 1.027840 -0.438455
v 10.821115 1.051851 -0.441254
v 10.875005 1.034339 -0.459126
v 10.875005 1.063044 -0.446850
v 10.874914 1.097707 -0.434935
v 10.874914 1.127766 -0.430060
v 10.874914 1.131377 -0.451725
v 10.874914 1.156742 -0.449378
v 10.874914 1.164776 -0.476909
v 10.875005 1.181024 -0.479527
v 10.875005 1.171185 -0.517800
v 10.875005 1.183732 -0.525563
v 10.875005 1.174525 -0.543617
v 10.875005 1.187613 -0.546054
v 10.875005 1.187794 -0.568440
v 10.875005 1.230039 -0.578460
v 10.875005 1.240059 -0.608790
v 10.875005 1.265965 -0.597868
v 10.875005 1.300267 -0.582883
v 10.875005 1.334388 -0.554991
v 10.875005 1.353254 -0.527730
v 10.851265 1.381508 -0.556976
v 10.875005 1.366884 -0.549033
v 10.875005 1.377446 -0.576745
v 10.875005 1.396582 -0.573044
v 10.875005 1.407595 -0.581800
v 10.875005 1.420684 -0.574037
v 10.875005 1.430252 -0.592090
v 10.875005 1.456069 -0.574669
v 10.875005 1.476018 -0.573405
v 10.875005 1.486940 -0.590736
v 10.875005 1.517992 -0.560948
v 10.865978 1.531713 -0.536576
v 10.875005 1.541010 -0.556886
v 10.875005 1.539927 -0.524751
v 10.875005 1.533789 -0.491262
v 10.875005 1.585964 -0.501101
v 10.875005 1.650505 -0.519876
v 10.875005 1.694555 -0.503899
v 10.875005 1.729038 -0.524300
v 10.875005 1.762256 -0.503628
v 10.875005 1.783740 -0.469507
v 10.874914 1.796467 -0.455245
v 10.875005 1.793849 -0.493248
v 10.875005 1.801071 -0.514551
v 10.847745 1.826526 -0.498393
v 10.869047 1.815243 -0.523487
v 10.875005 1.803328 -0.546415
v 10.875005 1.825714 -0.529355
v 10.875005 1.850537 -0.505704
v 10.875005 1.874007 -0.520238
v 10.875005 1.873285 -0.487561
v 10.875005 1.884297 -0.456148
v 10.847293 1.910656 -0.476006
v 10.875005 1.902802 -0.484762
v 10.875005 1.928709 -0.500830
v 10.875005 1.920224 -0.472125
v 10.874914 1.909933 -0.424735
v 10.874914 1.920766 -0.377886
v 10.874914 1.952901 -0.380774
v 10.820754 1.988466 -0.389169
v 10.875005 1.978085 -0.406049
v 10.875005 2.003721 -0.413271
v 10.875005 1.999027 -0.370664
v 10.874914 2.004443 -0.334287
v 10.875005 2.022497 -0.340605
v 10.874914 2.021414 -0.314518
v 10.874914 2.022046 -0.284098
v 10.874914 2.029809 -0.277147
v 10.874914 2.034142 -0.265503
v 10.819942 2.059416 -0.278321
v 10.875005 2.048314 -0.289785
v 10.875005 2.065103 -0.303505
v 10.875005 2.065284 -0.267850
v 10.875005 2.070610 -0.211794
v 10.875005 2.068263 -0.165938
v 10.874914 2.062756 -0.133261
v 10.817955 2.054361 -0.108437
v 10.875005 2.074491 -0.120082
v 10.875005 2.077379 -0.096883
v 10.799903 2.082796 -0.074497
v 10.818678 2.100849 -0.065109
v 10.875005 2.100217 -0.077927
v 10.875005 2.118090 -0.055270
v 10.875005 2.096516 -0.043987
v 10.875005 2.103647 -0.026565
v 10.875005 2.092364 -0.018351
v 10.875005 2.089927 -0.004359
v 10.874914 2.049848 0.001779
v 10.874914 2.019699 0.018569
v 10.874914 2.043529 0.046642
v 10.875005 2.074220 0.063071
v 10.875005 2.063749 0.074986
v 10.875005 2.088663 0.110732
v 10.875005 2.107980 0.139617
v 10.875005 2.097780 0.152977
v 10.875005 2.110688 0.195312
v 10.875005 2.091642 0.200999
v 10.875005 2.087489 0.237738
v 10.875005 2.069075 0.239273
v -10.877378 2.064471 0.071539
v -10.881892 2.079546 0.083003
v -10.810581 2.032426 0.119923
v -10.925311 1.207111 0.594188
v -10.927297 1.196008 0.573516
v -10.911951 1.212347 0.565302
v -10.912944 1.193932 0.548693
v -10.886226 0.700981 -0.036782
v -10.892182 0.698093 -0.052037
v -10.861311 0.732214 -0.063591
v -10.906084 1.145729 -0.489473
v -10.914840 1.174976 -0.492361
v -10.874490 1.184364 -0.442444
v -10.788375 1.276798 -0.331776
v -10.768606 1.308120 -0.355877
v -10.757593 1.322383 -0.304515
v -10.845695 1.728496 -0.362647
v -10.846236 1.683362 -0.341344
v -10.877920 1.722267 -0.369688
v -10.892815 1.688237 -0.352086
v -10.914659 1.701235 -0.400830
v -10.931991 1.712789 -0.448311
v -10.922693 1.677405 -0.457518
v -10.908792 1.650414 -0.426737
v -10.904459 1.623425 -0.364633
v -10.895071 1.605552 -0.432604
v -10.873768 1.581450 -0.410218
v -10.853368 1.618189 -0.355245
v -10.835856 1.606454 -0.323832
v -10.713363 1.515555 0.252796
v -10.726813 1.504813 0.246478
v -10.696483 1.520339 0.222466
v -10.681680 1.505174 0.189338
v -10.695400 1.473761 0.176611
v -10.668771 1.476469 0.168667
v -10.645030 1.462839 0.153412
v -10.661911 1.463109 0.178958
v -10.666243 1.469428 0.201073
v -10.695400 1.479358 0.238805
v -10.719501 1.488475 0.260469
v -10.738909 1.473220 0.285654
v -10.735840 1.502556 0.269767
v -10.702169 1.526477 0.267149
v -10.676985 1.536497 0.231403
v -10.661550 1.527380 0.197733
v -10.670125 1.512666 0.156752
v -10.640697 1.514382 0.143844
v -10.615422 1.474393 0.144385
v -10.582746 1.501022 0.119201
v -10.695400 1.473761 -0.133819
v -10.681408 1.504994 -0.146637
v -10.668771 1.476469 -0.125785
v -10.645030 1.462839 -0.110530
v -10.670215 1.512757 -0.113960
v -10.661550 1.527380 -0.154851
v -10.676985 1.536497 -0.188611
v -10.696483 1.520339 -0.179675
v -10.713363 1.515555 -0.210005
v -10.726723 1.504813 -0.203776
v -10.719591 1.488475 -0.217678
v -10.695400 1.479358 -0.196013
v -10.666243 1.469428 -0.158282
v -10.662090 1.463019 -0.136076
v -10.652432 1.430974 -0.113960
v -10.615422 1.474393 -0.101503
v -10.592044 1.402089 -0.110169
v -10.362584 1.256487 -0.065938
v -10.368721 1.324910 -0.033983
v -10.337489 1.258925 -0.028387
v -10.392011 1.095360 0.045813
v -10.399503 1.146271 0.021351
v -10.374409 1.120906 0.049965
v -10.362674 1.146812 0.064860
v -10.377117 1.169560 0.057097
v -10.350307 1.207653 0.021351
v -10.350759 1.211173 0.061971
v -10.336406 1.255494 0.021351
v -10.339565 1.258564 0.070546
v -10.378470 1.230310 0.084989
v -10.364841 1.256307 0.106473
v -10.371340 1.323105 0.075962
v -10.377117 1.320397 0.021351
v -10.435159 1.385209 0.021351
v -10.427576 1.388819 -0.034886
v -10.456913 1.367246 -0.080381
v -10.398781 1.305954 -0.077583
v -10.388220 1.233108 -0.088866
v -10.381721 1.231754 -0.039760
v -10.349675 1.210631 -0.019631
v -10.378742 1.169831 -0.014486
v -10.363035 1.146812 -0.022158
v -10.375131 1.121176 -0.007625
v -10.392372 1.095721 -0.003383
v -10.443553 1.104206 0.021351
v -10.444998 0.954814 0.060798
v -10.436784 0.949127 0.021351
v -10.429743 0.997691 0.068019
v -10.419271 1.003287 0.021351
v -10.414759 1.054920 0.064137
v -10.405642 1.053295 0.021351
v -10.392642 1.076133 0.086433
v -10.374318 1.115219 0.100244
v -10.369173 1.160082 0.102591
v -10.376034 1.192307 0.094016
v -10.389935 1.233379 0.129401
v -10.400947 1.304510 0.117124
v -10.428750 1.387736 0.077136
v -10.490944 1.457603 0.078941
v -10.494555 1.455256 0.021351
v -10.490764 1.457784 -0.036240
v -10.522538 1.432057 -0.079117
v -10.509268 1.339804 -0.110801
v -10.433623 1.275443 -0.103128
v -10.411870 1.209187 -0.090310
v -10.373686 1.192398 -0.052308
v -10.368451 1.160172 -0.060161
v -10.374409 1.115309 -0.057453
v -10.392733 1.076313 -0.043642
v -10.414577 1.054830 -0.021436
v -10.428479 0.997329 -0.025950
v -10.442471 0.953189 -0.019450
v -10.487153 0.927463 -0.040844
v -10.490853 0.907423 0.021351
v -10.488506 0.930532 0.081378
v -10.474335 0.979727 0.110354
v -10.459982 1.030187 0.119291
v -10.435430 1.066474 0.144385
v -10.416924 1.119913 0.160633
v -10.411960 1.175517 0.151787
v -10.416835 1.208555 0.128047
v -10.434527 1.274902 0.143844
v -10.457636 1.366523 0.121728
v -10.522538 1.432057 0.121909
v -10.556479 1.530810 0.078490
v -10.564692 1.527470 0.021351
v -10.556297 1.530900 -0.035789
v -10.582746 1.501022 -0.076409
v -10.640697 1.514382 -0.100962
v -10.609104 1.543538 -0.134361
v -10.631490 1.548503 -0.172905
v -10.664979 1.556897 -0.203596
v -10.702169 1.526477 -0.224357
v -10.735929 1.502556 -0.226975
v -10.738998 1.473220 -0.242862
v -10.720133 1.447764 -0.228149
v -10.698288 1.423302 -0.198902
v -10.682852 1.417073 -0.151331
v -10.649815 1.345040 -0.148623
v -10.558735 1.304419 -0.142033
v -10.461156 1.251793 -0.126688
v -10.411419 1.175608 -0.109537
v -10.416835 1.119913 -0.117842
v -10.435520 1.066565 -0.101503
v -10.465489 1.035513 -0.070271
v -10.472620 0.978644 -0.070000
v -10.550069 0.969347 -0.097261
v -10.564783 0.922769 -0.049148
v -10.570921 0.913020 0.022524
v -10.565324 0.921956 0.095370
v -10.552777 0.973138 0.140413
v -10.633025 1.048782 0.161536
v -10.543118 1.023958 0.156661
v -10.518837 1.068099 0.195025
v -10.497534 1.136432 0.211815
v -10.478848 1.207382 0.203420
v -10.461607 1.251433 0.168487
v -10.509358 1.339714 0.153322
v -10.592044 1.402089 0.152961
v -10.652613 1.430974 0.156571
v -10.682762 1.417163 0.194122
v -10.698198 1.423302 0.241693
v -10.720133 1.447764 0.270940
v -10.735569 1.463019 0.309304
v -10.737373 1.508243 0.295042
v -10.706954 1.554099 0.283307
v -10.664979 1.556897 0.246387
v -10.631490 1.548503 0.215696
v -10.609284 1.543628 0.177152
v -10.614971 1.555724 0.136532
v -10.602514 1.597608 0.080566
v -10.620930 1.599413 0.021351
v -10.602425 1.597608 -0.037775
v -10.615061 1.555724 -0.093650
v -10.623096 1.626223 -0.140679
v -10.647286 1.608260 -0.176606
v -10.676805 1.601399 -0.215872
v -10.724737 1.591289 -0.250445
v -10.706954 1.554189 -0.240515
v -10.737465 1.508243 -0.252250
v -10.735659 1.462929 -0.266512
v -10.707044 1.409491 -0.251979
v -10.677887 1.370946 -0.216685
v -10.689172 1.307669 -0.244036
v -10.659112 1.270659 -0.198992
v -10.579136 1.246287 -0.184640
v -10.478938 1.207382 -0.160629
v -10.497262 1.136341 -0.169746
v -10.519017 1.068551 -0.151602
v -10.544653 1.027389 -0.107371
v -10.630317 1.037228 -0.124973
v -10.637990 0.975124 -0.114321
v -10.662362 0.934594 -0.049780
v -10.648731 0.912388 0.027579
v -10.660105 0.938475 0.098349
v -10.656495 1.001392 0.149169
v -10.681318 1.059614 0.175979
v -10.616235 1.089131 0.215245
v -10.598001 1.164234 0.249908
v -10.579136 1.246287 0.227612
v -10.558644 1.304419 0.184915
v -10.649724 1.345040 0.191505
v -10.678068 1.370856 0.259386
v -10.707134 1.409491 0.294680
v -10.755427 1.446320 0.342161
v -10.760392 1.530720 0.320046
v -10.765177 1.578110 0.316886
v -10.810220 1.541462 0.346494
v -10.888661 1.585512 0.402099
v -10.818254 1.574500 0.396231
v -10.811303 1.623063 0.383955
v -10.795777 1.599413 0.334579
v -10.785938 1.647887 0.300819
v -10.724465 1.591650 0.293507
v -10.676805 1.601399 0.258664
v -10.647197 1.608260 0.219397
v -10.623096 1.626132 0.183471
v -10.619034 1.644457 0.137615
v -10.633205 1.660073 0.083364
v -10.651981 1.662330 0.021351
v -10.633115 1.660073 -0.040573
v -10.618943 1.644457 -0.094914
v -10.716612 1.708276 -0.144110
v -10.742970 1.700784 -0.178050
v -10.755517 1.674606 -0.219032
v -10.780070 1.642471 -0.256673
v -10.798936 1.590748 -0.292961
v -10.767974 1.575131 -0.271026
v -10.762739 1.528463 -0.275268
v -10.754435 1.444695 -0.301175
v -10.720855 1.366343 -0.280955
v -10.735297 1.257661 -0.253514
v -10.695310 1.191134 -0.199805
v -10.598001 1.164234 -0.207026
v -10.615333 1.083084 -0.182383
v -10.687096 1.039033 -0.152956
v -10.696664 0.990921 -0.152505
v -10.712821 0.980179 -0.131924
v -10.722028 0.952376 -0.112787
v -10.734756 0.954091 -0.070722
v -10.776550 0.935226 -0.104934
v -10.781966 0.931976 -0.079298
v -10.725729 0.920151 -0.060071
v -10.733582 0.932156 -0.021797
v -10.718598 0.899028 0.029294
v -10.721758 0.913832 0.075962
v -10.738186 0.940732 0.092842
v -10.743332 0.976839 0.137164
v -10.742068 1.013578 0.177965
v -10.746581 0.978734 0.182388
v -10.761476 0.957522 0.208114
v -10.788646 0.986317 0.226709
v -10.778807 1.003016 0.248464
v -10.750192 1.005093 0.255956
v -10.766621 1.029555 0.258032
v -10.728256 1.036054 0.194935
v -10.711557 1.092201 0.214884
v -10.707315 1.189419 0.247019
v -10.659022 1.270659 0.241874
v -10.689172 1.307669 0.286827
v -10.725007 1.367426 0.327267
v -10.776550 1.393694 0.357507
v -10.812387 1.458325 0.355160
v -10.851652 1.518263 0.400293
v -10.874941 1.539205 0.425659
v -10.909604 1.592011 0.461404
v -10.911591 1.659261 0.459780
v -10.875122 1.645811 0.398488
v -10.847501 1.679751 0.416812
v -10.815546 1.671086 0.380073
v -10.799027 1.715407 0.321941
v -10.752720 1.674155 0.255685
v -10.734395 1.690042 0.219397
v -10.715439 1.709269 0.185186
v -10.699100 1.733822 0.141135
v -10.706864 1.743571 0.083094
v -10.750282 1.831040 0.076414
v -10.719049 1.742397 0.019545
v -10.703343 1.744293 -0.046350
v -10.709210 1.741585 -0.106829
v -10.774925 1.811000 -0.150158
v -10.753171 1.821200 -0.131111
v -10.786479 1.903073 -0.171731
v -10.806699 1.954796 -0.144110
v -10.815726 1.957053 -0.211630
v -10.810491 1.876625 -0.194389
v -10.770322 1.787531 -0.185452
v -10.769329 1.778324 -0.215240
v -10.792527 1.764783 -0.227788
v -10.854270 1.843677 -0.316159
v -10.839828 1.820298 -0.271116
v -10.827190 1.796919 -0.307674
v -10.797402 1.744834 -0.269762
v -10.813108 1.691035 -0.306952
v -10.820149 1.734453 -0.351364
v -10.846959 1.757833 -0.409045
v -10.893085 1.743571 -0.402365
v -10.908160 1.748987 -0.447137
v -10.913938 1.739057 -0.488931
v -10.917909 1.710171 -0.504096
v -10.915381 1.670725 -0.507256
v -10.902202 1.629472 -0.492361
v -10.883065 1.590567 -0.467899
v -10.858603 1.561140 -0.448040
v -10.847680 1.551572 -0.479363
v -10.832787 1.530991 -0.467267
v -10.826016 1.535504 -0.439374
v -10.843709 1.548412 -0.393519
v -10.820601 1.538754 -0.356058
v -10.802999 1.526929 -0.308848
v -10.809949 1.447674 -0.319228
v -10.781695 1.387556 -0.315889
v -10.816359 1.333305 -0.353440
v -10.834141 1.278242 -0.387200
v -10.791715 1.207201 -0.386207
v -10.768606 1.251433 -0.368605
v -10.822857 1.249085 -0.328977
v -10.784945 1.233018 -0.284566
v -10.744685 1.153041 -0.223184
v -10.694046 1.091749 -0.179855
v -10.746761 1.027118 -0.203144
v -10.741436 0.970881 -0.188431
v -10.771495 0.920151 -0.222010
v -10.757865 0.960320 -0.165684
v -10.756149 0.940642 -0.149887
v -10.770142 0.943259 -0.128132
v -10.790000 0.871948 -0.111072
v -10.829628 0.896320 -0.144380
v -10.820059 0.824467 -0.093650
v -10.813108 0.886210 -0.082096
v -10.772939 0.894695 -0.069278
v -10.774384 0.891717 -0.028567
v -10.743512 0.862741 0.016657
v -10.738909 0.860935 0.082010
v -10.771946 0.900382 0.088961
v -10.770142 0.914103 0.126151
v -10.775558 0.933059 0.159279
v -10.784313 0.956709 0.178867
v -10.783590 0.921595 0.232847
v -10.806338 0.947863 0.279154
v -10.818615 0.986588 0.292785
v -10.773030 0.982165 0.304249
v -10.785757 1.010418 0.314720
v -10.762288 1.056455 0.274461
v -10.788917 1.087146 0.283668
v -10.760482 1.105470 0.302263
v -10.765718 1.148798 0.307047
v -10.772939 1.182288 0.312463
v -10.737555 1.253599 0.295403
v -10.772218 1.319945 0.342161
v -10.835314 1.339533 0.377997
v -10.829808 1.394597 0.402099
v -10.830710 1.413011 0.455627
v -10.861762 1.441987 0.401467
v -10.848674 1.482337 0.402369
v -10.840640 1.478004 0.453732
v -10.857520 1.505355 0.453100
v -10.886857 1.528373 0.470882
v -10.894891 1.548954 0.514211
v -10.906626 1.590657 0.525946
v -10.907166 1.641929 0.537229
v -10.893988 1.678849 0.533979
v -10.888753 1.696722 0.496157
v -10.867449 1.696451 0.454905
v -10.828905 1.713782 0.459960
v -10.836668 1.734905 0.453371
v -10.819427 1.699159 0.418618
v -10.828003 1.707193 0.363916
v -10.798936 1.734634 0.368429
v -10.819337 1.766047 0.340627
v -10.782868 1.749348 0.261552
v -10.776009 1.786989 0.206941
v -10.761205 1.819124 0.142760
v -10.747846 1.885742 0.106202
v -10.759038 1.901448 0.055472
v -10.772758 1.817048 0.009796
v -10.740713 1.823999 -0.068466
v -10.784133 1.909753 -0.096719
v -10.792707 1.977634 -0.089769
v -10.798574 1.977183 -0.125244
v -10.846868 1.990271 -0.193125
v -10.835585 1.933674 -0.235189
v -10.812205 1.853155 -0.233294
v -10.799027 1.834741 -0.269491
v -10.820059 1.862363 -0.321124
v -10.865554 1.825804 -0.367883
v -10.853728 1.795023 -0.384402
v -10.829176 1.760270 -0.334484
v -10.846416 1.766137 -0.391081
v -10.858603 1.775525 -0.414912
v -10.873317 1.760360 -0.461761
v -10.888391 1.742939 -0.506985
v -10.904459 1.717754 -0.540745
v -10.897418 1.670364 -0.545439
v -10.885141 1.621439 -0.526031
v -10.866457 1.581902 -0.499493
v -10.862485 1.541101 -0.485140
v -10.848674 1.520610 -0.464830
v -10.837933 1.513750 -0.440909
v -10.855985 1.504271 -0.418071
v -10.821955 1.469157 -0.383860
v -10.842626 1.376453 -0.386207
v -10.845965 1.302975 -0.432965
v -10.841813 1.234282 -0.409947
v -10.800832 1.144285 -0.417439
v -10.804713 1.197633 -0.343691
v -10.848042 1.176420 -0.301807
v -10.782688 1.095180 -0.259201
v -10.789729 1.021341 -0.327443
v -10.790903 0.964743 -0.255680
v -10.854631 0.904986 -0.281497
v -10.824933 0.851367 -0.233745
v -10.778356 0.907243 -0.196284
v -10.788285 0.884766 -0.178411
v -10.821593 0.828891 -0.162795
v -10.853277 0.811559 -0.131743
v -10.868533 0.758121 -0.109627
v -10.837933 0.782403 -0.075506
v -10.822587 0.834938 -0.069368
v -10.796228 0.834397 -0.057633
v -10.798034 0.833855 -0.029109
v -10.771946 0.814267 0.016928
v -10.816088 0.763447 0.032002
v -10.761837 0.814448 0.083274
v -10.808144 0.857415 0.088780
v -10.792618 0.864907 0.130303
v -10.783772 0.873844 0.170743
v -10.807060 0.913110 0.194574
v -10.804082 0.878718 0.248644
v -10.838564 0.903451 0.282585
v -10.861672 0.905257 0.312824
v -10.855353 0.960500 0.317518
v -10.797221 0.949668 0.337016
v -10.801104 0.982345 0.354618
v -10.782959 1.034791 0.340085
v -10.819968 1.070446 0.349924
v -10.776009 1.091569 0.374387
v -10.839375 1.031902 0.394697
v -10.819156 1.052483 0.418708
v -10.798846 1.125509 0.376553
v -10.789278 1.163151 0.389552
v -10.790270 1.211805 0.324288
v -10.808685 1.201514 0.402821
v -10.784945 1.245204 0.359944
v -10.831883 1.286185 0.403092
v -10.833238 1.334388 0.438747
v -10.837751 1.376904 0.452378
v -10.866998 1.378709 0.515023
v -10.885322 1.412650 0.567378
v -10.851652 1.411025 0.521342
v -10.875753 1.449479 0.518634
v -10.874220 1.431516 0.455356
v -10.869886 1.464464 0.451656
v -10.856617 1.491544 0.505906
v -10.856797 1.517451 0.491915
v -10.860318 1.552023 0.530820
v -10.872414 1.596254 0.567649
v -10.876566 1.646804 0.580557
v -10.864019 1.689500 0.557810
v -10.846507 1.714504 0.515023
v -10.856708 1.740953 0.518995
v -10.861041 1.747542 0.450933
v -10.841633 1.727683 0.407695
v -10.806520 1.758284 0.398307
v -10.828815 1.786448 0.376643
v -10.806880 1.818583 0.370686
v -10.812025 1.814430 0.295764
v -10.809407 1.924466 0.294771
v -10.793971 1.870938 0.241874
v -10.784493 1.913634 0.188526
v -10.767523 1.945138 0.127686
v -10.769419 1.970954 0.068922
v -10.786840 1.910656 -0.002751
v -10.805977 1.981245 -0.039309
v -10.822857 2.027371 -0.063140
v -10.838564 2.025837 -0.116759
v -10.860409 2.047591 -0.166045
v -10.845063 2.031343 -0.181932
v -10.891731 2.034051 -0.244126
v -10.914299 2.041092 -0.292961
v -10.866185 1.992528 -0.266964
v -10.834863 1.907316 -0.289801
v -10.931359 1.889984 -0.428723
v -10.919623 1.904246 -0.415544
v -10.920436 1.894949 -0.408774
v -10.891191 1.881589 -0.371674
v -10.882433 1.915530 -0.360571
v -10.917639 1.866334 -0.424210
v -10.901570 1.846205 -0.428994
v -10.907799 1.815062 -0.432514
v -10.914478 1.796919 -0.464740
v -10.898321 1.800168 -0.425834
v -10.874851 1.771824 -0.403358
v -10.878733 1.776699 -0.465101
v -10.898049 1.756840 -0.516102
v -10.911591 1.725066 -0.555639
v -10.907438 1.667385 -0.558708
v -10.894620 1.614488 -0.534877
v -10.878914 1.572423 -0.507707
v -10.889746 1.538573 -0.474579
v -10.894620 1.515916 -0.529190
v -10.866817 1.512937 -0.466725
v -10.898321 1.468345 -0.544717
v -10.861854 1.450021 -0.483335
v -10.906264 1.380334 -0.540745
v -10.876838 1.368058 -0.472232
v -10.926935 1.309926 -0.558888
v -10.897960 1.323376 -0.513935
v -10.888391 1.292324 -0.501478
v -10.867088 1.250891 -0.476835
v -10.844070 1.083716 -0.448491
v -10.839196 1.108720 -0.362737
v -10.868712 1.003287 -0.379347
v -10.855444 0.944704 -0.358043
v -10.892093 0.935677 -0.395414
v -10.908973 0.896501 -0.374833
v -10.905633 0.885127 -0.361383
v -10.924318 0.849562 -0.367251
v -10.894891 0.869421 -0.350010
v -10.903195 0.864636 -0.317152
v -10.936234 0.836292 -0.330151
v -10.905541 0.832050 -0.284205
v -10.894169 0.785652 -0.228871
v -10.828364 0.842792 -0.204137
v -10.830892 0.823294 -0.189785
v -10.844160 0.789805 -0.155393
v -10.866366 0.764440 -0.138062
v -10.893175 0.726256 -0.108815
v -10.896606 0.721743 -0.090942
v -10.831704 0.784479 -0.032900
v -10.871150 0.722736 0.030377
v -10.887308 0.676519 0.062964
v -10.847320 0.719216 0.053576
v -10.804443 0.769314 0.093474
v -10.851562 0.739977 0.120916
v -10.833870 0.811198 0.117395
v -10.836668 0.826453 0.149530
v -10.856617 0.772834 0.206579
v -10.831161 0.821489 0.185818
v -10.834682 0.853263 0.214162
v -10.880809 0.792874 0.234201
v -10.830710 0.836202 0.251533
v -10.857069 0.853714 0.279154
v -10.885322 0.791520 0.295312
v -10.852465 0.846041 0.307137
v -10.831704 0.891175 0.332683
v -10.874129 0.860033 0.334037
v -10.845243 0.897313 0.350827
v -10.823669 0.939739 0.369512
v -10.816088 1.003377 0.375199
v -10.862665 0.984421 0.405980
v -10.853819 0.942447 0.439289
v -10.838112 0.999315 0.439921
v -10.847410 1.077126 0.430894
v -10.877017 1.037679 0.463300
v -10.854902 1.077758 0.461585
v -10.832245 1.115490 0.439018
v -10.832335 1.175156 0.383323
v -10.854361 1.157103 0.463571
v -10.803720 1.232566 0.414646
v -10.834321 1.245384 0.443532
v -10.861220 1.191043 0.493991
v -10.866457 1.284109 0.495887
v -10.917998 1.258834 0.628941
v -10.899585 1.268042 0.558442
v -10.906264 1.311460 0.588411
v -10.862485 1.336645 0.500219
v -10.887398 1.379071 0.570447
v -10.890738 1.401637 0.568281
v -10.914118 1.413643 0.605201
v -10.890378 1.428988 0.570086
v -10.885322 1.445327 0.573155
v -10.915201 1.440182 0.610075
v -10.902473 1.459499 0.573878
v -10.912944 1.495516 0.603395
v -10.894439 1.499216 0.557991
v -10.890738 1.482788 0.495706
v -10.876025 1.532525 0.546797
v -10.887670 1.588220 0.583807
v -10.888843 1.651407 0.595271
v -10.875844 1.705478 0.571170
v -10.891099 1.721184 0.502115
v -10.879274 1.746098 0.499588
v -10.905272 1.737884 0.530008
v -10.895162 1.747813 0.545443
v -10.861402 1.762617 0.513940
v -10.847772 1.770290 0.480812
v -10.835765 1.780400 0.438296
v -10.840188 1.809014 0.431887
v -10.923867 1.862994 0.528022
v -10.876386 1.836817 0.493178
v -10.889294 1.861731 0.480722
v -10.855715 1.854690 0.426020
v -10.872414 1.894768 0.476389
v -10.859596 1.883485 0.412660
v -10.831974 1.869584 0.351549
v -10.845153 1.942610 0.361659
v -10.861582 1.973482 0.401286
v -10.832425 1.979981 0.336023
v -10.871422 2.015456 0.358229
v -10.852645 1.997583 0.320677
v -10.835765 1.957775 0.255234
v -10.855444 2.022948 0.299555
v -10.823669 2.000742 0.236729
v -10.855172 2.059506 0.275634
v -10.842264 2.046689 0.216780
v -10.793340 2.010221 0.170653
v -10.826107 1.972579 0.021260
v -10.847410 2.010582 0.000318
v -10.870789 2.044703 -0.012048
v -10.833508 2.024483 -0.025227
v -10.862305 2.061944 -0.051947
v -10.894078 2.089746 -0.078756
v -10.860769 2.067360 -0.089949
v -10.899134 2.090468 -0.123529
v -10.880357 2.057701 -0.119647
v -10.885052 2.049036 -0.135895
v -10.908882 2.075574 -0.162524
v -10.875664 2.047230 -0.151060
v -10.894349 2.059597 -0.202964
v -10.935781 2.068804 -0.243223
v -10.935781 2.059687 -0.256041
v -10.935781 2.056437 -0.295849
v -10.935781 2.041543 -0.335296
v -10.935781 2.017713 -0.309570
v -10.900578 2.003992 -0.304154
v -10.935781 2.004895 -0.331956
v -10.935781 1.990452 -0.333581
v -10.900668 1.978176 -0.316250
v -10.935781 1.973482 -0.356689
v -10.935781 1.961837 -0.324735
v -10.935781 1.948117 -0.305327
v -10.935781 1.937284 -0.356780
v -10.928560 1.910656 -0.426105
v -10.935781 1.916703 -0.425834
v -10.935781 1.888179 -0.464017
v -10.935781 1.885742 -0.449936
v -10.935781 1.878069 -0.447137
v -10.935781 1.874910 -0.427098
v -10.935781 1.859835 -0.454810
v -10.935781 1.849544 -0.458331
v -10.918270 1.841059 -0.454630
v -10.935781 1.833026 -0.475842
v -10.935781 1.823367 -0.471961
v -10.911500 1.818944 -0.470787
v -10.935781 1.805855 -0.499763
v -10.935781 1.798543 -0.486765
v -10.935781 1.777150 -0.491188
v -10.935781 1.782205 -0.466906
v -10.935781 1.782295 -0.440548
v -10.935781 1.768033 -0.459685
v -10.935781 1.752056 -0.504367
v -10.935781 1.714595 -0.529552
v -10.935781 1.664496 -0.525580
v -10.935781 1.612322 -0.508429
v -10.935781 1.567007 -0.490014
v -10.935781 1.531442 -0.529190
v -10.935781 1.513028 -0.564846
v -10.935781 1.491273 -0.550313
v -10.935781 1.465547 -0.587052
v -10.935781 1.446049 -0.573963
v -10.904278 1.434856 -0.555910
v -10.935781 1.427183 -0.588406
v -10.935781 1.407144 -0.578116
v -10.935781 1.369502 -0.597704
v -10.935781 1.348560 -0.569901
v -10.935781 1.339172 -0.541286
v -10.935781 1.318230 -0.568637
v -10.935781 1.301531 -0.596981
v -10.935781 1.287088 -0.576130
v -10.912313 1.276256 -0.547334
v -10.935781 1.270659 -0.579560
v -10.935781 1.250981 -0.554917
v -10.904910 1.230220 -0.530454
v -10.935781 1.221464 -0.574956
v -10.935781 1.214423 -0.539571
v -10.935781 1.201063 -0.513935
v -10.930005 1.164234 -0.517636
v -10.935781 1.174886 -0.532711
v -10.935781 1.149069 -0.542550
v -10.935781 1.141757 -0.515921
v -10.935781 1.123162 -0.518088
v -10.935781 1.120635 -0.483244
v -10.875213 1.042554 -0.472142
v -10.935781 1.078660 -0.497236
v -10.912493 1.007801 -0.493535
v -10.935781 1.021973 -0.512852
v -10.935781 0.983248 -0.512311
v -10.935781 0.992906 -0.472683
v -10.935781 1.012675 -0.437569
v -10.935781 1.014932 -0.413829
v -10.935781 1.014932 -0.413829
v -10.935781 0.995975 -0.413016
v -10.935781 0.976026 -0.406698
v -10.935781 0.976026 -0.406698
v -10.935781 0.918707 -0.431160
v -10.933074 0.905528 -0.429896
v -10.935781 0.877003 -0.463386
v -10.935781 0.882239 -0.427008
v -10.935781 0.895057 -0.394512
v -10.935781 0.866442 -0.392074
v -10.935781 0.850194 -0.384131
v -10.935781 0.808761 -0.378805
v -10.935781 0.813003 -0.356960
v -10.935781 0.790888 -0.338636
v -10.935781 0.802893 -0.313812
v -10.924499 0.806324 -0.295217
v -10.935781 0.767779 -0.303883
v -10.935781 0.786194 -0.276893
v -10.935781 0.770939 -0.252431
v -10.918270 0.763086 -0.233655
v -10.935781 0.740970 -0.236092
v -10.935781 0.736457 -0.217858
v -10.898952 0.746115 -0.210366
v -10.935781 0.696288 -0.192764
v -10.935781 0.748462 -0.184549
v -10.879004 0.783215 -0.176967
v -10.935781 0.757940 -0.172634
v -10.935691 0.767870 -0.157198
v -10.935781 0.728152 -0.123709
v -10.935781 0.695204 -0.085526
v -10.935781 0.697912 -0.064403
v -10.935781 0.669930 -0.047162
v -10.935781 0.677512 -0.035337
v -10.935781 0.664784 -0.024686
v -10.935691 0.702336 -0.017464
v -10.935781 0.682928 0.016837
v -10.935781 0.668576 0.046535
v -10.935781 0.644294 0.063596
v -10.935781 0.675346 0.078580
v -10.935691 0.709196 0.091759
v -10.901841 0.678054 0.162168
v -10.935781 0.669027 0.144205
v -10.935781 0.639239 0.201344
v -10.935781 0.695475 0.188165
v -10.935691 0.750629 0.186179
v -10.935781 0.737450 0.223821
v -10.935781 0.764620 0.227973
v -10.935781 0.757218 0.247380
v -10.935781 0.769675 0.261462
v -10.935781 0.737359 0.307047
v -10.935781 0.788992 0.311831
v -10.935691 0.836653 0.320858
v -10.935781 0.829974 0.329253
v -10.935781 0.855880 0.338009
v -10.935691 0.898667 0.357687
v -10.935691 0.936218 0.378088
v -10.867449 0.950120 0.396231
v -10.935781 0.921415 0.386482
v -10.935781 0.928546 0.406161
v -10.935781 0.884495 0.427012
v -10.881802 0.885669 0.442809
v -10.935781 0.850825 0.452919
v -10.935781 0.890814 0.457342
v -10.935781 0.957702 0.455086
v -10.935781 1.008974 0.458064
v -10.935781 1.011140 0.472959
v -10.935781 1.027840 0.481263
v -10.881892 1.051851 0.484062
v -10.935781 1.034339 0.501934
v -10.935781 1.063044 0.489568
v -10.935691 1.097707 0.477743
v -10.935691 1.127766 0.472778
v -10.935691 1.131377 0.494533
v -10.935691 1.156742 0.492186
v -10.935781 1.164776 0.519717
v -10.935781 1.181024 0.522335
v -10.935781 1.171185 0.560608
v -10.935781 1.183732 0.568371
v -10.935781 1.174525 0.586335
v -10.935781 1.187613 0.588862
v -10.935781 1.187794 0.611158
v -10.935781 1.230039 0.621268
v -10.935781 1.240059 0.651598
v -10.935781 1.265965 0.640585
v -10.935781 1.300267 0.625691
v -10.935781 1.334388 0.597799
v -10.935781 1.353254 0.570538
v -10.912042 1.381508 0.599694
v -10.935781 1.366884 0.591841
v -10.935781 1.377446 0.619553
v -10.935781 1.396582 0.615762
v -10.935781 1.407595 0.624608
v -10.935781 1.420684 0.616845
v -10.935781 1.430252 0.634808
v -10.935781 1.456069 0.617477
v -10.935781 1.476018 0.616213
v -10.935781 1.486940 0.633544
v -10.935781 1.517992 0.603666
v -10.926755 1.531713 0.579384
v -10.935781 1.541010 0.599604
v -10.935781 1.539927 0.567559
v -10.935781 1.533789 0.534070
v -10.935781 1.585964 0.543819
v -10.935781 1.650505 0.562685
v -10.935781 1.694555 0.546617
v -10.935781 1.729038 0.567108
v -10.935781 1.762256 0.546436
v -10.935781 1.783740 0.512315
v -10.935781 1.796467 0.498053
v -10.935781 1.793849 0.535965
v -10.935781 1.801071 0.557359
v -10.908522 1.826526 0.541201
v -10.929824 1.815243 0.566295
v -10.935781 1.803328 0.589223
v -10.935781 1.825714 0.572163
v -10.935781 1.850537 0.548422
v -10.935781 1.874007 0.563046
v -10.935781 1.873285 0.530369
v -10.935781 1.884297 0.498956
v -10.908070 1.910656 0.518815
v -10.935781 1.902802 0.527480
v -10.935781 1.928709 0.543548
v -10.935781 1.920224 0.514933
v -10.935691 1.909933 0.467543
v -10.935691 1.920766 0.420694
v -10.935691 1.952901 0.423492
v -10.881531 1.988466 0.431977
v -10.935781 1.978085 0.448857
v -10.935781 2.003721 0.455988
v -10.935781 1.999027 0.413382
v -10.935691 2.004443 0.377095
v -10.935781 2.022497 0.383323
v -10.935691 2.021414 0.357236
v -10.935691 2.022046 0.326816
v -10.935691 2.029809 0.319955
v -10.935691 2.034142 0.308221
v -10.880718 2.059416 0.321129
v -10.935781 2.048314 0.332502
v -10.935781 2.065103 0.346313
v -10.935781 2.065284 0.310658
v -10.935781 2.070610 0.254511
v -10.935781 2.068263 0.208746
v -10.935781 2.062756 0.176069
v -10.878733 2.054361 0.151155
v -10.935781 2.074491 0.162890
v -10.935781 2.077379 0.139691
v -10.860680 2.082796 0.117305
v -10.879455 2.100849 0.107917
v -10.935781 2.100217 0.120735
v -10.935781 2.118090 0.097988
v -10.935781 2.096516 0.086795
v -10.935781 2.103647 0.069373
v -10.935781 2.092364 0.061159
v -10.935781 2.089927 0.047167
v -10.935691 2.049848 0.041029
v -10.935691 2.019699 0.024239
v -10.935691 2.043529 -0.003834
v -10.935781 2.074220 -0.020353
v -10.935781 2.063749 -0.032178
v -10.935781 2.088663 -0.067924
v -10.935781 2.107980 -0.096809
v -10.935781 2.097780 -0.110169
v -10.935781 2.110688 -0.152505
v -10.935781 2.091642 -0.158282
v -10.935781 2.087489 -0.194930
v -10.935781 2.069075 -0.196465
vn -0.5772 0.2479 0.7781
vn -0.4909 0.8640 0.1119
vn -0.6361 0.7654 0.0972
vn -0.9086 -0.2726 -0.3165
vn -0.8018 -0.5314 -0.2735
vn -0.9541 -0.2785 -0.1103
vn -0.9527 -0.1079 0.2841
vn -0.7163 -0.3533 -0.6018
vn -0.4699 -0.7591 0.4504
vn -0.7385 -0.6739 0.0225
vn -0.8437 -0.3858 0.3733
vn -0.7692 0.0998 0.6312
vn -0.6508 -0.0368 0.7584
vn -0.8507 -0.5213 -0.0676
vn -0.8165 0.3026 0.4918
vn -0.7203 -0.0878 0.6881
vn -0.3648 -0.6212 0.6935
vn -0.5293 -0.2009 0.8243
vn -0.4159 -0.6089 0.6755
vn -0.6055 -0.2039 0.7693
vn -0.9088 -0.1084 0.4030
vn -0.9837 -0.1429 0.1088
vn -0.9614 0.2746 0.0170
vn -0.9653 0.2425 0.0971
vn -0.7341 0.3736 0.5670
vn -0.8713 0.4907 -0.0079
vn -0.7327 0.6384 0.2358
vn -0.6542 0.3434 0.6738
vn -0.8055 0.2121 0.5534
vn -0.5673 -0.8060 -0.1690
vn -0.8427 -0.1103 -0.5269
vn -0.7437 -0.4661 -0.4793
vn -0.9115 -0.2505 -0.3261
vn -0.9225 0.2730 -0.2730
vn -0.5777 0.3375 -0.7432
vn -0.5022 0.1155 -0.8570
vn -0.8133 0.3572 -0.4593
vn -0.9597 0.2201 -0.1750
vn -0.7547 0.2214 -0.6175
vn -0.7060 0.4110 -0.5767
vn -0.9430 0.2240 -0.2461
vn -0.8939 -0.2554 -0.3683
vn -0.6671 -0.5896 -0.4553
vn -0.5260 -0.7581 -0.3856
vn -0.4669 -0.8164 -0.3399
vn -0.6958 -0.3792 -0.6100
vn -0.4967 -0.2923 -0.8172
vn -0.3384 0.2092 -0.9174
vn -0.5232 0.2836 -0.8036
vn -0.9236 0.2696 0.2725
vn -0.9142 -0.2496 0.3193
vn -0.5797 0.3303 0.7449
vn -0.5008 0.1216 0.8570
vn -0.6989 -0.3791 0.6065
vn -0.4676 -0.8144 0.3435
vn -0.5261 -0.7580 0.3856
vn -0.7436 -0.4627 0.4826
vn -0.5674 -0.8059 0.1690
vn -0.8405 -0.1102 0.5304
vn -0.7057 0.4077 0.5794
vn -0.7547 0.2215 0.6176
vn -0.9604 0.2169 0.1747
vn -0.8130 0.3539 0.4623
vn -0.5360 0.1165 0.8361
vn -0.3382 0.2089 0.9176
vn -0.2530 0.3199 0.9131
vn -0.7878 -0.1764 0.5902
vn -0.8036 0.5419 0.2461
vn -0.9404 0.0152 0.3396
vn -0.6438 -0.4954 0.5831
vn -0.9266 -0.3758 0.0129
vn -0.8445 -0.2949 0.4471
vn -0.9578 0.0878 0.2737
vn -0.9668 -0.1872 0.1742
vn -0.8949 -0.4462 -0.0079
vn -0.8702 -0.3279 -0.3677
vn -0.9914 0.1295 -0.0200
vn -0.9351 0.0443 -0.3517
vn -0.8167 -0.2281 -0.5301
vn -0.7739 -0.1123 -0.6233
vn -0.7974 0.5359 -0.2774
vn -0.8148 0.5793 -0.0222
vn -0.7463 0.6655 -0.0111
vn -0.7152 0.6486 0.2606
vn -0.4638 0.4311 0.7740
vn -0.5433 0.3611 0.7580
vn -0.6181 -0.1606 0.7695
vn -0.8253 -0.2239 0.5185
vn -0.8667 -0.3321 0.3722
vn -0.9595 -0.2047 -0.1936
vn -0.9488 0.0920 -0.3022
vn -0.8457 -0.2881 -0.4492
vn -0.6498 -0.4882 -0.5825
vn -0.9441 -0.3297 0.0026
vn -0.7342 -0.5498 -0.3983
vn -0.8118 -0.5831 -0.0308
vn -0.8619 -0.2883 -0.4171
vn -0.9620 -0.2728 -0.0098
vn -0.9145 -0.3943 -0.0903
vn -0.9859 0.1672 -0.0020
vn -0.7881 -0.6058 -0.1088
vn -0.8936 -0.3378 -0.2956
vn -0.9299 0.1262 -0.3455
vn -0.8984 0.0432 -0.4370
vn -0.5706 -0.1790 -0.8015
vn -0.5497 0.3578 -0.7548
vn -0.7226 0.6329 -0.2780
vn -0.7026 0.6312 -0.3285
vn -0.7499 0.6615 -0.0027
vn -0.6987 0.6373 0.3252
vn -0.4035 0.4194 0.8132
vn -0.3181 0.3484 0.8817
vn -0.4426 0.2153 0.8705
vn -0.6407 0.0845 0.7631
vn -0.9193 0.0479 0.3907
vn -0.9379 0.0990 0.3325
vn -0.8856 -0.3585 0.2952
vn -0.7924 -0.5965 0.1276
vn -0.9080 -0.4039 0.1114
vn -0.8681 -0.2351 0.4371
vn -0.7602 -0.5426 0.3573
vn -0.3691 -0.7802 0.5050
vn -0.2748 -0.9601 -0.0528
vn -0.3617 -0.7822 -0.5073
vn -0.5266 -0.4114 -0.7439
vn -0.5938 -0.4993 -0.6309
vn -0.5728 -0.5728 -0.5863
vn -0.6435 -0.1981 -0.7393
vn -0.7080 0.2121 -0.6737
vn -0.6498 0.1317 -0.7486
vn -0.4701 0.2007 -0.8595
vn -0.4845 0.4223 -0.7661
vn -0.4105 0.4168 -0.8111
vn -0.7735 0.5706 -0.2758
vn -0.7653 0.6437 -0.0027
vn -0.7716 0.5715 0.2794
vn -0.5231 0.2837 0.8037
vn -0.4966 -0.2923 0.8172
vn -0.8906 -0.4102 0.1964
vn -0.6956 -0.4008 0.5962
vn -0.6878 -0.2751 0.6718
vn -0.6668 -0.5897 0.4558
vn -0.8924 -0.2558 0.3718
vn -0.9430 0.2240 0.2461
vn -0.8536 0.3031 0.4237
vn -0.8996 0.2103 0.3826
vn -0.8919 0.0834 0.4445
vn -0.6078 0.3865 0.6937
vn -0.3072 0.4244 0.8518
vn -0.5096 0.3184 0.7993
vn -0.7020 0.1648 0.6929
vn -0.6488 -0.2152 0.7299
vn -0.5447 -0.6259 0.5582
vn -0.5616 -0.4910 0.6659
vn -0.5427 -0.3064 0.7821
vn -0.2106 -0.4693 0.8575
vn -0.0127 -0.8970 0.4419
vn 0.0020 -0.9999 -0.0139
vn -0.0410 -0.8755 -0.4815
vn -0.1278 -0.4995 -0.8568
vn -0.0000 -0.5628 -0.8266
vn -0.1545 -0.5288 -0.8346
vn -0.2516 -0.5188 -0.8170
vn -0.3973 -0.1856 -0.8987
vn -0.4960 0.2056 -0.8436
vn -0.5423 0.3208 -0.7766
vn -0.3314 0.3436 -0.8787
vn -0.2564 0.3205 -0.9119
vn -0.5349 0.1134 -0.8373
vn -0.8919 0.0833 -0.4445
vn -0.9007 0.2070 -0.3819
vn -0.8533 0.2999 -0.4266
vn -0.8793 0.2780 -0.3868
vn -0.8623 -0.1619 -0.4798
vn -0.6187 -0.1090 -0.7780
vn -0.6878 -0.2751 -0.6718
vn -0.6951 -0.3972 -0.5992
vn -0.8906 -0.4102 -0.1963
vn -0.9433 0.0337 -0.3303
vn -0.9000 0.4354 -0.0213
vn -0.8510 0.5251 -0.0000
vn -0.9000 0.4354 0.0212
vn -0.9435 0.0334 0.3297
vn -0.8279 0.3870 0.4059
vn -0.6911 0.3504 0.6322
vn -0.6532 0.2929 0.6983
vn -0.4729 0.2108 0.8555
vn -0.6002 -0.1025 0.7933
vn -0.8403 -0.1509 0.5208
vn -0.8756 0.2980 0.3801
vn -0.8478 0.2877 0.4455
vn -0.8906 0.2405 0.3859
vn -0.7329 -0.1514 0.6633
vn -0.5170 0.0914 0.8511
vn -0.3034 0.3424 0.8892
vn -0.4888 0.2052 0.8479
vn -0.4155 -0.1772 0.8922
vn -0.2943 -0.5821 0.7580
vn -0.2540 -0.5017 0.8269
vn -0.2514 -0.5152 0.8194
vn -0.2066 -0.5826 0.7861
vn 0.0124 -0.9328 0.3602
vn -0.0119 -0.9999 0.0040
vn 0.0139 -0.7902 -0.6127
vn -0.0878 -0.4957 -0.8640
vn -0.2561 -0.5340 -0.8058
vn -0.0138 -0.5817 -0.8133
vn -0.1487 -0.1388 -0.9791
vn -0.3034 0.3425 -0.8892
vn -0.3104 0.4251 -0.8503
vn -0.6044 0.3863 -0.6967
vn -0.8873 0.2412 -0.3930
vn -0.8464 0.2781 -0.4542
vn -0.5354 0.1977 -0.8212
vn -0.5624 0.0894 -0.8220
vn -0.5096 0.1698 -0.8435
vn -0.7310 -0.0665 -0.6791
vn -0.6554 0.2050 -0.7269
vn -0.6731 -0.0398 -0.7385
vn -0.7088 0.0878 -0.7000
vn -0.8342 0.0860 -0.5447
vn -0.7816 0.2001 -0.5908
vn -0.5017 0.2402 -0.8310
vn -0.6491 0.3036 -0.6975
vn -0.6886 0.3541 -0.6328
vn -0.8300 0.3863 -0.4024
vn -0.8812 0.4449 -0.1599
vn -0.8164 0.5619 0.1332
vn -0.8257 0.5641 -0.0032
vn -0.8189 0.5597 -0.1268
vn -0.8792 0.4489 0.1599
vn -0.6919 0.4579 0.5582
vn -0.7326 0.3844 0.5618
vn -0.7116 0.3821 0.5896
vn -0.6862 0.2021 0.6988
vn -0.6984 0.2433 0.6731
vn -0.5282 0.1741 0.8311
vn -0.6266 0.1476 0.7653
vn -0.5845 0.1597 0.7955
vn -0.6880 0.0340 0.7249
vn -0.5922 -0.3237 0.7379
vn -0.3027 -0.1804 0.9359
vn -0.1390 -0.0778 0.9872
vn -0.0883 -0.5158 0.8522
vn -0.4441 -0.3339 0.8314
vn -0.4983 -0.5623 0.6599
vn -0.3752 -0.7859 0.4916
vn -0.2869 -0.9021 0.3224
vn -0.1833 -0.8382 0.5137
vn -0.7141 -0.6903 -0.1160
vn -0.6143 -0.6109 0.4995
vn -0.4385 -0.7483 0.4978
vn -0.4458 -0.8801 0.1633
vn -0.6314 -0.7489 0.2011
vn -0.3821 -0.5896 -0.7116
vn -0.3430 -0.6273 -0.6992
vn -0.5018 -0.6601 -0.5590
vn -0.6149 -0.6013 -0.5102
vn -0.8678 -0.4033 -0.2903
vn -0.9045 -0.3436 -0.2525
vn -0.8723 -0.2796 -0.4012
vn -0.5066 -0.8613 0.0388
vn -0.8494 -0.4448 -0.2841
vn -0.8892 0.0053 -0.4576
vn -0.6676 -0.4663 -0.5803
vn -0.4714 -0.4614 -0.7516
vn -0.4364 -0.1787 -0.8818
vn -0.5125 0.0973 -0.8532
vn -0.7083 -0.1483 -0.6901
vn -0.6468 -0.0281 -0.7621
vn -0.5022 0.0055 -0.8647
vn -0.5525 0.1751 -0.8149
vn -0.8586 -0.0000 -0.5126
vn -0.7439 0.4115 -0.5266
vn -0.9709 0.1588 -0.1793
vn -0.9068 -0.3286 -0.2642
vn -0.5839 -0.2872 -0.7593
vn -0.4522 -0.7183 -0.5287
vn -0.8541 -0.0027 -0.5201
vn -0.9240 0.1300 -0.3595
vn -0.7039 0.3932 -0.5915
vn -0.6716 0.4802 -0.5642
vn -0.6569 0.5019 -0.5626
vn -0.7612 0.5899 -0.2695
vn -0.8162 0.5744 0.0625
vn -0.9710 0.2169 0.1009
vn -0.8088 0.5880 0.0138
vn -0.8174 0.5700 -0.0834
vn -0.8164 0.4810 0.3196
vn -0.8224 0.2547 0.5087
vn -0.8407 0.2323 0.4892
vn -0.9018 0.1757 0.3948
vn -0.9063 0.2914 0.3060
vn -0.6955 0.4682 0.5450
vn -0.8751 0.1296 0.4664
vn -0.8854 0.4115 0.2161
vn -0.8852 0.1075 0.4526
vn -0.7811 0.0309 0.6237
vn -0.8678 -0.4248 0.2579
vn -0.8098 -0.1656 0.5629
vn -0.8971 0.3916 0.2046
vn -0.8946 0.2614 0.3625
vn -0.8465 -0.0619 0.5288
vn -0.9191 -0.0561 0.3900
vn -0.8361 -0.2429 0.4918
vn -0.5246 -0.7238 0.4482
vn -0.5998 -0.7899 0.1277
vn -0.6848 -0.6388 -0.3506
vn -0.9298 -0.1910 -0.3146
vn -0.9388 0.2172 -0.2675
vn -0.8824 0.4339 -0.1817
vn -0.8025 0.5842 -0.1209
vn -0.7330 0.6800 0.0168
vn -0.8449 0.2121 0.4910
vn -0.7862 -0.1247 0.6052
vn -0.9870 0.1516 -0.0537
vn -0.9116 0.2893 0.2922
vn -0.8779 0.2045 0.4330
vn -0.8052 0.1146 0.5818
vn -0.7315 0.0485 0.6801
vn -0.5846 0.0960 0.8056
vn -0.6954 0.2680 0.6667
vn -0.7549 0.1189 0.6449
vn -0.9024 -0.0598 0.4267
vn -0.9664 -0.1127 0.2308
vn -0.8484 -0.5120 -0.1345
vn -0.6049 -0.3900 0.6942
vn -0.5965 -0.1276 0.7924
vn -0.3140 -0.2790 0.9075
vn -0.7195 -0.1548 0.6770
vn -0.7959 -0.4737 0.3770
vn -0.8320 -0.3892 0.3953
vn -0.7826 -0.5885 0.2033
vn -0.7563 -0.6483 0.0876
vn -0.5346 -0.8416 -0.0768
vn -0.8615 -0.4889 0.1369
vn -0.8138 -0.5778 -0.0622
vn -0.9059 -0.3870 0.1720
vn -0.9018 -0.3948 0.1758
vn -0.5772 -0.4699 0.6679
vn -0.7762 -0.5526 0.3035
vn -0.8013 -0.4570 0.3861
vn -0.7037 -0.3034 -0.6424
vn -0.6289 -0.4127 -0.6589
vn -0.8871 -0.4080 -0.2159
vn -0.8409 -0.2124 -0.4978
vn -0.7879 -0.6049 -0.1151
vn -0.9371 -0.3259 -0.1250
vn -0.7432 -0.1645 -0.6486
vn -0.6037 -0.7924 -0.0871
vn -0.8475 -0.5304 -0.0191
vn -0.9488 -0.0540 -0.3112
vn -0.8635 0.0245 -0.5038
vn -0.8150 -0.2926 -0.5002
vn -0.7779 -0.4816 -0.4036
vn -0.8359 0.0304 -0.5480
vn -0.8173 0.1017 -0.5671
vn -0.6427 -0.2641 -0.7192
vn -0.5838 -0.0778 -0.8081
vn -0.8463 0.0027 -0.5327
vn -0.9070 0.1323 -0.3998
vn -0.8927 0.3995 -0.2085
vn -0.8660 0.2030 -0.4569
vn -0.9139 -0.0991 -0.3936
vn -0.9424 -0.3212 -0.0929
vn -0.8384 0.5400 -0.0739
vn -0.7671 0.6411 -0.0224
vn -0.6927 0.5455 0.4718
vn -0.8821 0.2709 0.3854
vn -0.9282 -0.1005 0.3582
vn -0.7774 -0.5471 0.3103
vn -0.6540 -0.7565 0.0055
vn -0.4595 -0.8032 -0.3791
vn -0.9092 -0.2572 -0.3274
vn -0.7371 0.6753 -0.0253
vn -0.9638 -0.1162 -0.2401
vn -0.9103 -0.0291 -0.4129
vn -0.9620 -0.1766 -0.2083
vn -0.9777 0.1809 -0.1064
vn -0.8773 0.2976 -0.3767
vn -0.8783 0.2878 -0.3817
vn -0.9223 0.2615 -0.2845
vn -0.9886 0.1197 -0.0916
vn -0.9516 0.1501 0.2680
vn -0.9367 0.3497 0.0179
vn -0.9085 0.4136 -0.0594
vn -0.9472 0.3166 0.0514
vn -0.9395 0.3425 -0.0051
vn -0.8966 0.3277 0.2978
vn -0.8148 0.3803 0.4376
vn -0.8852 0.2890 0.3644
vn -0.9117 0.4008 0.0906
vn -0.8809 -0.0610 0.4694
vn -0.8390 -0.0533 0.5416
vn -0.8182 0.2990 0.4910
vn -0.8100 0.1918 0.5542
vn -0.9234 0.2552 0.2868
vn -0.6065 0.7912 0.0781
vn -0.4504 0.8899 0.0719
vn -0.8585 -0.4323 0.2759
vn -0.9481 -0.2956 0.1172
vn -0.9853 -0.0276 0.1688
vn -0.9693 0.1491 0.1954
vn -0.9471 0.1856 0.2619
vn -0.9101 0.2476 0.3323
vn -0.2081 -0.4827 0.8507
vn -0.3795 -0.6833 0.6238
vn -0.6551 -0.7554 0.0140
vn -0.9629 -0.0922 0.2536
vn -0.9312 0.0154 0.3642
vn -0.8953 0.0213 0.4450
vn -0.9120 0.0566 0.4062
vn -0.7544 0.1030 0.6483
vn -0.8976 -0.1795 0.4026
vn -0.8045 -0.2392 -0.5436
vn -0.9616 -0.1413 0.2353
vn -0.8010 0.0839 0.5928
vn -0.8679 -0.0996 0.4866
vn -0.8114 -0.2726 0.5169
vn -0.7023 -0.4916 0.5149
vn -0.6969 -0.5635 0.4435
vn -0.8679 -0.4878 0.0935
vn -0.7999 -0.5717 -0.1824
vn -0.8706 -0.3882 -0.3024
vn -0.9252 -0.3749 -0.0585
vn -0.8163 -0.5215 0.2483
vn -0.8787 -0.4109 0.2430
vn -0.8416 -0.3897 0.3739
vn -0.7192 -0.5061 0.4761
vn -0.8352 -0.4566 0.3065
vn -0.7605 -0.5534 0.3397
vn -0.6778 -0.6874 0.2610
vn -0.7510 -0.3966 -0.5280
vn -0.7219 -0.3172 -0.6150
vn -0.8041 -0.5932 0.0393
vn -0.8620 -0.3676 -0.3491
vn -0.9173 -0.3459 -0.1973
vn -0.8516 -0.4567 -0.2574
vn -0.6356 -0.2889 -0.7159
vn -0.9774 -0.0633 0.2019
vn -0.8096 -0.5448 0.2185
vn -0.8254 -0.5588 0.0802
vn -0.8176 -0.1298 -0.5610
vn -0.8503 0.1407 -0.5072
vn -0.8823 -0.3656 -0.2963
vn -0.9025 -0.2191 -0.3709
vn -0.9367 -0.3068 -0.1687
vn -0.8640 -0.1938 -0.4648
vn -0.8696 -0.0356 -0.4925
vn -0.7043 0.3213 -0.6330
vn -0.8241 -0.1077 -0.5562
vn -0.8506 -0.4739 -0.2278
vn -0.8723 -0.1266 -0.4723
vn -0.8628 0.2164 -0.4569
vn -0.9701 -0.0723 -0.2317
vn -0.9503 -0.0945 -0.2966
vn -0.8966 -0.1920 -0.3991
vn -0.8055 -0.1021 -0.5837
vn -0.9315 0.0772 -0.3555
vn -0.9088 0.4045 -0.1025
vn -0.8167 0.5382 -0.2081
vn -0.7879 -0.5326 -0.3092
vn -0.6905 -0.4927 -0.5296
vn -0.8912 0.4428 0.0981
vn -0.9658 0.2201 0.1372
vn -0.9914 0.0828 -0.1012
vn -0.9813 -0.0673 -0.1803
vn -0.9497 -0.2744 -0.1507
vn -0.9212 -0.3099 -0.2354
vn -0.2678 0.8671 -0.4199
vn -0.9449 0.1720 -0.2786
vn -0.9455 0.0869 -0.3137
vn -0.9174 0.0958 -0.3862
vn -0.9643 0.0373 -0.2622
vn -0.9672 0.0598 -0.2469
vn -0.9652 0.1024 -0.2407
vn -0.9598 0.2510 -0.1256
vn -0.9491 0.1452 -0.2796
vn -0.9117 0.1619 -0.3777
vn -0.9490 0.2631 -0.1736
vn -0.8271 0.4944 0.2674
vn -0.9359 0.3292 0.1252
vn -0.8894 0.3760 -0.2598
vn -0.8020 0.5946 -0.0568
vn -0.7102 0.6828 0.1715
vn -0.4620 0.8863 -0.0324
vn -0.7824 0.5044 0.3653
vn -0.6729 0.6729 0.3073
vn -0.7266 0.5209 0.4479
vn -0.7781 0.4070 0.4785
vn -0.7895 0.4964 0.3609
vn -0.8855 -0.4252 0.1877
vn -0.8615 0.2102 0.4622
vn -0.7544 -0.3050 0.5812
vn -0.7818 0.2102 0.5871
vn -0.6925 0.5486 0.4684
vn -0.5372 0.6816 0.4969
vn -0.7828 0.2821 0.5546
vn -0.8527 0.1564 0.4984
vn -0.8887 -0.1132 0.4443
vn -0.7452 -0.0254 0.6664
vn -0.5089 0.7402 0.4395
vn -0.4573 0.8399 0.2924
vn -0.3071 0.7107 0.6329
vn -0.0603 0.4434 0.8943
vn -0.0296 -0.1483 0.9885
vn -0.1289 -0.3923 0.9108
vn -0.2094 -0.4516 0.8673
vn -0.2873 -0.0098 0.9578
vn -0.7945 0.1056 0.5980
vn -0.7443 -0.2356 0.6249
vn -0.7557 0.1284 0.6422
vn -0.9071 -0.0078 0.4209
vn -0.8438 -0.2485 0.4756
vn -0.8873 -0.0691 0.4561
vn -0.8491 0.2673 0.4555
vn -0.7781 0.1968 0.5966
vn -0.8284 0.0279 0.5595
vn -0.8320 -0.1611 0.5309
vn -0.7886 -0.3782 0.4848
vn -0.9543 -0.2366 0.1828
vn -0.4955 -0.1060 0.8621
vn -0.7053 -0.3609 0.6102
vn -0.6994 -0.0725 0.7110
vn -0.6496 -0.4453 0.6162
vn -0.6374 -0.3432 0.6898
vn -0.7642 -0.2973 0.5723
vn -0.7292 -0.5510 0.4058
vn -0.6957 -0.6894 0.2019
vn -0.8913 -0.4511 0.0462
vn -0.6815 -0.4935 0.5404
vn -0.6870 -0.6479 0.3290
vn -0.7235 -0.6168 0.3100
vn -0.6295 -0.6126 0.4780
vn -0.7062 -0.7033 0.0817
vn -0.6558 -0.6458 0.3909
vn -0.5334 -0.7526 0.3862
vn -0.5593 -0.8102 0.1754
vn -0.7618 -0.5982 0.2487
vn -0.5094 -0.6937 0.5093
vn -0.6380 -0.7458 -0.1915
vn -0.6189 -0.7854 0.0139
vn -0.6803 -0.5630 -0.4692
vn -0.7053 -0.6205 -0.3429
vn -0.6771 -0.3434 -0.6509
vn -0.7059 -0.7057 -0.0606
vn -0.6996 -0.5631 -0.4398
vn -0.7776 -0.5618 -0.2825
vn -0.8147 -0.5620 -0.1427
vn -0.5663 -0.7905 0.2334
vn -0.7389 -0.6216 -0.2601
vn -0.8437 -0.3795 -0.3796
vn -0.7649 -0.6063 -0.2177
vn -0.8516 -0.4102 -0.3264
vn -0.8525 -0.5051 0.1343
vn -0.4414 -0.8885 -0.1253
vn -0.3209 -0.5423 -0.7765
vn -0.4618 -0.3321 -0.8224
vn -0.6398 -0.0602 -0.7662
vn -0.7679 -0.6192 0.1639
vn -0.8349 -0.5017 -0.2264
vn -0.8199 -0.2310 -0.5239
vn -0.7793 -0.1835 -0.5992
vn -0.6256 -0.7042 -0.3357
vn -0.7087 -0.1097 -0.6969
vn -0.6836 0.1385 -0.7166
vn -0.7488 0.0056 -0.6627
vn -0.6129 -0.4816 -0.6264
vn -0.8727 0.0963 -0.4787
vn -0.8102 0.2660 -0.5224
vn -0.6667 -0.5420 -0.5116
vn -0.8707 -0.1085 -0.4797
vn -0.8707 -0.1025 -0.4810
vn -0.9185 -0.2571 -0.3004
vn -0.8066 0.3175 -0.4985
vn -0.8857 -0.0750 -0.4581
vn -0.7678 -0.2623 -0.5845
vn -0.8163 -0.1331 -0.5620
vn -0.7068 0.0695 -0.7040
vn -0.8570 -0.0273 -0.5146
vn -0.8893 0.2186 -0.4018
vn -0.7636 0.0485 -0.6439
vn -0.8132 0.3133 -0.4905
vn -0.8053 0.2021 -0.5573
vn -0.8853 0.4295 -0.1783
vn -0.8330 -0.2901 -0.4711
vn -0.3468 -0.5008 -0.7930
vn -0.0862 -0.3606 -0.9287
vn -0.0992 0.0902 -0.9910
vn -0.2388 0.6158 -0.7508
vn -0.2939 0.5751 -0.7635
vn -0.7353 -0.6100 -0.2954
vn -0.6750 -0.6118 -0.4124
vn -0.6466 -0.0696 -0.7596
vn -0.8186 0.0744 -0.5695
vn -0.8997 0.1730 -0.4008
vn -0.8542 0.0943 -0.5113
vn -0.8472 0.1378 -0.5130
vn -0.7276 0.5424 -0.4200
vn -0.8270 -0.0054 -0.5622
vn -0.6112 0.7186 -0.3316
vn -0.8722 0.2990 -0.3872
vn -0.7751 0.2584 -0.5765
vn -0.7467 0.6545 -0.1190
vn -0.8820 0.2900 -0.3715
vn -0.7988 -0.0779 -0.5965
vn -0.7574 0.2420 -0.6065
vn -0.8520 0.4729 -0.2244
vn -0.5093 0.6477 -0.5667
vn -0.4952 0.8254 0.2710
vn -0.9153 0.2906 -0.2789
vn -0.5824 0.5417 -0.6062
vn -0.8559 0.2336 -0.4614
vn -0.6661 0.5583 -0.4945
vn -0.5667 0.8218 0.0595
vn -0.8124 0.5507 -0.1917
vn -0.6563 0.7455 0.1158
vn -0.5049 0.5486 -0.6664
vn -0.3926 0.8594 -0.3277
vn -0.6852 0.5717 -0.4513
vn -0.4542 0.7741 -0.4410
vn -0.3745 0.9151 -0.1492
vn -0.6533 0.7334 0.1880
vn -0.6065 0.7574 0.2420
vn -0.6636 0.5222 0.5357
vn -0.6828 0.7103 0.1714
vn -0.6439 0.7112 0.2819
vn -0.3803 0.9111 -0.1590
vn -0.4312 0.8857 0.1719
vn -0.5163 0.7809 0.3517
vn -0.5697 0.7755 0.2721
vn -0.5867 0.7903 0.1763
vn -0.8904 0.0631 0.4508
vn -0.7145 0.2961 0.6339
vn -0.6838 0.4829 0.5471
vn -0.5744 0.3961 0.7163
vn -0.5932 0.4558 0.6635
vn -0.7893 -0.1120 0.6037
vn -0.7564 -0.0877 0.6482
vn -0.4648 -0.7833 0.4128
vn -0.6831 0.2225 0.6957
vn -0.3846 0.8835 0.2674
vn -0.7256 0.5606 0.3991
vn -0.5954 0.7287 0.3383
vn -0.9861 -0.0539 0.1570
vn -0.9749 -0.1763 0.1359
vn -0.9791 -0.1487 0.1388
vn -0.8472 0.3014 0.4375
vn -0.7765 0.3383 0.5317
vn -0.5863 0.5626 0.5829
vn -0.7646 0.2486 0.5947
vn -0.7583 0.0663 0.6486
vn -0.6320 0.5238 0.5711
vn -0.8864 0.3377 0.3166
vn -0.7812 -0.0842 0.6186
vn -0.8120 -0.2385 0.5328
vn -0.8378 -0.3717 0.4000
vn -0.5582 -0.8242 -0.0954
vn -0.7796 -0.1668 0.6037
vn -0.0074 0.9544 0.2984
vn 0.2754 0.7788 0.5636
vn 0.6904 0.3144 0.6515
vn 0.6798 -0.2329 0.6954
vn 0.4108 -0.3949 0.8218
vn -0.1229 -0.0719 0.9898
vn -0.3936 0.7969 0.4582
vn -0.6426 0.1381 0.7537
vn -0.6915 0.1984 0.6946
vn -0.7415 0.0846 0.6656
vn -0.7179 0.1034 0.6884
vn -0.8276 0.0802 0.5555
vn -0.7167 0.0225 0.6970
vn -0.8208 -0.0684 0.5671
vn -0.8904 -0.0952 0.4452
vn -0.8174 -0.5042 0.2787
vn -0.8600 -0.0163 0.5100
vn -0.8118 0.4883 0.3203
vn -0.9744 -0.0093 0.2246
vn -0.9011 -0.0079 0.4335
vn -0.8761 -0.2049 0.4365
vn -0.8097 -0.1819 0.5580
vn -0.8219 -0.0713 0.5651
vn -0.8051 -0.3074 0.5072
vn -0.8256 -0.1875 0.5322
vn -0.5014 -0.8180 0.2820
vn -0.7947 -0.3397 0.5031
vn -0.9367 -0.0415 0.3477
vn -0.9538 0.1439 0.2637
vn -0.9810 -0.0925 0.1704
vn -0.8360 -0.0622 0.5451
vn -0.7751 -0.4005 0.4886
vn -0.7114 -0.2961 0.6374
vn -0.7909 -0.4344 0.4310
vn -0.5174 0.2205 0.8268
vn -0.8175 -0.4549 0.3532
vn -0.6751 0.1159 0.7286
vn -0.7999 -0.4754 0.3662
vn -0.6872 -0.6679 -0.2858
vn -0.5440 -0.8193 -0.1814
vn -0.6841 -0.5466 0.4829
vn -1.0000 -0.0000 -0.0020
vn -0.6841 -0.5466 0.4830
vn -0.5264 0.0560 0.8484
vn -0.6962 0.1748 0.6962
vn -0.9572 -0.1124 0.2667
vn -0.9980 -0.0340 0.0531
vn -0.9931 -0.1133 -0.0289
vn -0.7471 -0.4180 0.5168
vn -0.6986 -0.2329 0.6766
vn -0.7921 -0.2197 0.5695
vn -0.9633 -0.2317 0.1354
vn -0.9611 -0.2700 -0.0581
vn -0.9999 0.0099 -0.0019
vn -0.9187 -0.1606 0.3608
vn -0.8720 -0.4224 0.2474
vn -0.9609 -0.2638 0.0846
vn -0.8054 -0.5453 0.2323
vn -0.5523 -0.5929 0.5861
vn -0.6513 -0.5433 0.5298
vn -0.7515 -0.5563 0.3546
vn -0.4878 -0.5720 0.6595
vn -0.9489 -0.3155 0.0049
vn -0.8197 -0.5564 -0.1362
vn -0.6251 -0.4345 -0.6484
vn -0.6216 -0.6812 -0.3868
vn -0.3760 -0.7487 -0.5460
vn -0.3657 -0.9063 0.2119
vn -0.2156 -0.6777 0.7030
vn -0.4857 -0.8595 0.1590
vn -0.4204 -0.7555 0.5026
vn -0.5269 -0.8401 0.1288
vn -0.4766 -0.8462 0.2382
vn -0.6110 -0.7630 -0.2109
vn -0.6769 -0.6306 -0.3797
vn -0.5413 -0.7447 0.3904
vn -0.4236 -0.6439 0.6372
vn -0.5525 -0.8316 -0.0564
vn -0.2909 -0.3787 -0.8786
vn -0.5475 -0.7880 -0.2817
vn -0.8238 -0.5371 -0.1811
vn -0.4560 -0.7435 0.4891
vn -0.8504 -0.4019 -0.3396
vn -0.6325 0.0874 -0.7696
vn -0.7030 -0.6449 -0.2998
vn -0.4441 -0.7743 -0.4509
vn -0.5687 -0.6596 -0.4914
vn -0.5640 -0.8083 -0.1689
vn -0.6678 -0.7405 -0.0755
vn -0.7354 -0.6313 -0.2462
vn -0.3150 -0.1330 -0.9397
vn -0.4986 -0.7913 -0.3538
vn -0.4190 -0.8878 -0.1904
vn -0.0835 -0.3664 -0.9267
vn -0.0776 -0.4492 -0.8901
vn -0.4613 -0.8799 -0.1139
vn -0.9016 -0.4126 0.1300
vn -0.4075 -0.8583 0.3119
vn -0.4926 -0.8146 0.3063
vn -0.3098 -0.4538 0.8355
vn -0.8076 -0.5882 -0.0422
vn -0.5573 -0.7990 -0.2261
vn -0.2335 -0.0516 -0.9710
vn -0.1858 -0.0186 -0.9824
vn -0.4045 -0.5328 -0.7433
vn -0.4248 -0.7476 -0.5105
vn -0.4014 -0.6800 -0.6136
vn -0.6933 -0.4856 -0.5325
vn -0.4077 -0.4237 -0.8089
vn -0.1691 0.3495 -0.9216
vn -0.2218 0.2521 -0.9419
vn -0.4843 -0.4776 -0.7330
vn -0.4429 -0.5528 -0.7059
vn -0.4864 -0.4630 -0.7410
vn -0.4414 -0.6019 -0.6654
vn -0.7527 -0.3439 -0.5613
vn -0.7475 -0.6114 -0.2597
vn -0.8088 -0.5279 -0.2591
vn -0.9474 -0.2834 -0.1484
vn -0.9102 -0.3296 -0.2508
vn -0.9264 -0.2907 -0.2394
vn -0.8854 -0.3614 -0.2921
vn -0.8521 -0.2474 -0.4612
vn -0.6073 0.3133 -0.7301
vn -0.6453 0.3872 -0.6585
vn -0.6221 0.5848 -0.5206
vn -0.7025 -0.1485 -0.6960
vn -0.7259 -0.2016 -0.6576
vn -0.3527 -0.8198 -0.4512
vn -0.6352 -0.3323 -0.6972
vn -0.6997 -0.1582 -0.6967
vn -0.6764 -0.0816 -0.7320
vn -0.7427 -0.0877 -0.6638
vn -0.7899 -0.1665 -0.5901
vn -0.7074 0.3213 -0.6296
vn -0.7648 -0.3324 -0.5519
vn -0.8069 -0.0928 -0.5833
vn -0.7540 0.4478 -0.4806
vn -0.7960 0.5810 -0.1695
vn -0.9178 0.2779 -0.2837
vn -0.7314 0.6755 0.0940
vn -0.4440 0.2494 -0.8606
vn 0.4949 -0.3173 -0.8090
vn 0.5856 0.0509 -0.8090
vn -0.0401 0.4199 -0.9067
vn -0.6518 -0.1286 -0.7474
vn -0.2645 0.7007 -0.6626
vn -0.2212 0.7603 -0.6107
vn -0.7756 -0.1028 -0.6228
vn -0.6425 -0.7537 -0.1382
vn -0.7877 -0.5657 -0.2438
vn -0.8081 0.0027 -0.5891
vn -0.9202 -0.0643 -0.3862
vn -0.9740 -0.0974 -0.2048
vn -0.8830 0.3084 -0.3537
vn -0.8062 0.2055 -0.5548
vn -0.9500 0.1364 -0.2810
vn -0.6614 0.7415 -0.1127
vn -0.7053 -0.0339 -0.7081
vn -0.8175 0.2213 -0.5317
vn -0.3908 -0.6426 -0.6591
vn -0.7433 0.4045 -0.5328
vn -0.3466 0.9086 0.2330
vn -0.2429 0.9692 -0.0417
vn -0.5502 0.5266 -0.6481
vn -0.3480 -0.3854 -0.8546
vn -0.7279 0.3028 -0.6152
vn -0.3442 -0.4751 -0.8098
vn -0.4615 0.5550 -0.6921
vn -0.1768 0.9832 -0.0448
vn -0.4418 0.4945 -0.7485
vn -0.3588 0.5140 -0.7791
vn -0.0923 0.9957 0.0087
vn -0.2802 0.8943 -0.3488
vn -0.2128 0.7955 -0.5673
vn -0.5642 0.1299 -0.8153
vn -0.7442 0.1351 -0.6541
vn -0.2779 -0.7284 -0.6263
vn -0.4192 0.3561 -0.8352
vn -0.0962 0.9939 -0.0538
vn -0.1674 0.9857 0.0183
vn -0.2327 0.9666 0.1074
vn -0.3520 0.9120 -0.2107
vn -0.4827 0.5430 -0.6871
vn -0.3769 0.8418 -0.3864
vn -0.2971 0.8060 -0.5120
vn -0.6750 0.7310 -0.1003
vn -0.6360 0.7336 0.2393
vn -0.1516 0.7004 -0.6974
vn -0.3236 0.9160 0.2369
vn -0.4222 0.8506 0.3135
vn -0.4497 0.8501 0.2740
vn -0.4623 0.7463 0.4788
vn -0.5173 0.6018 0.6085
vn -0.4999 0.2469 0.8301
vn -0.4566 0.8896 -0.0026
vn -0.0845 0.6345 -0.7683
vn -0.4003 0.9110 -0.0993
vn -0.3477 0.9367 -0.0415
vn -0.1236 0.8179 -0.5620
vn -0.4424 0.8876 0.1284
vn -0.4198 0.9050 0.0681
vn -0.6690 0.6159 0.4160
vn -0.6557 0.6323 0.4126
vn -0.7726 0.4010 0.4922
vn -0.5746 0.7521 0.3228
vn 0.5772 0.2478 -0.7781
vn 0.4909 0.8640 -0.1120
vn 0.6361 0.7655 -0.0970
vn 0.9086 -0.2726 0.3165
vn 0.8018 -0.5314 0.2736
vn 0.9541 -0.2786 0.1103
vn 0.9527 -0.1079 -0.2843
vn 0.7163 -0.3533 0.6018
vn 0.4700 -0.7592 -0.4503
vn 0.7385 -0.6739 -0.0225
vn 0.8437 -0.3858 -0.3733
vn 0.7692 0.0998 -0.6312
vn 0.6508 -0.0368 -0.7583
vn 0.8507 -0.5212 0.0676
vn 0.8165 0.3026 -0.4918
vn 0.7203 -0.0878 -0.6881
vn 0.3648 -0.6213 -0.6935
vn 0.5293 -0.2008 -0.8243
vn 0.4159 -0.6089 -0.6755
vn 0.6055 -0.2039 -0.7693
vn 0.9088 -0.1083 -0.4030
vn 0.9838 -0.1426 -0.1087
vn 0.9614 0.2747 -0.0172
vn 0.9653 0.2426 -0.0970
vn 0.7341 0.3736 -0.5670
vn 0.8713 0.4906 0.0081
vn 0.7327 0.6384 -0.2359
vn 0.6542 0.3435 -0.6738
vn 0.8055 0.2121 -0.5534
vn 0.5674 -0.8059 0.1690
vn 0.8426 -0.1101 0.5271
vn 0.7437 -0.4661 0.4793
vn 0.9115 -0.2505 0.3261
vn 0.9225 0.2729 0.2730
vn 0.5777 0.3375 0.7432
vn 0.5022 0.1154 0.8570
vn 0.8133 0.3571 0.4594
vn 0.9597 0.2201 0.1750
vn 0.7548 0.2215 0.6175
vn 0.7060 0.4110 0.5767
vn 0.9430 0.2240 0.2461
vn 0.8940 -0.2554 0.3682
vn 0.6669 -0.5895 0.4557
vn 0.5260 -0.7580 0.3856
vn 0.4670 -0.8164 0.3399
vn 0.6957 -0.3792 0.6100
vn 0.4966 -0.2923 0.8172
vn 0.3383 0.2093 0.9175
vn 0.5232 0.2837 0.8036
vn 0.9236 0.2696 -0.2725
vn 0.9142 -0.2496 -0.3193
vn 0.5797 0.3303 -0.7449
vn 0.5009 0.1216 -0.8569
vn 0.6988 -0.3791 -0.6066
vn 0.4676 -0.8144 -0.3435
vn 0.5260 -0.7581 -0.3856
vn 0.7436 -0.4628 -0.4826
vn 0.5674 -0.8059 -0.1690
vn 0.8406 -0.1102 -0.5303
vn 0.7055 0.4075 -0.5798
vn 0.7549 0.2214 -0.6174
vn 0.9604 0.2169 -0.1746
vn 0.8130 0.3539 -0.4623
vn 0.5360 0.1165 -0.8361
vn 0.3383 0.2093 -0.9175
vn 0.2530 0.3199 -0.9131
vn 0.7877 -0.1765 -0.5903
vn 0.8036 0.5420 -0.2460
vn 0.9404 0.0152 -0.3396
vn 0.6438 -0.4955 -0.5831
vn 0.9266 -0.3758 -0.0129
vn 0.8445 -0.2950 -0.4471
vn 0.9578 0.0878 -0.2737
vn 0.9668 -0.1871 -0.1741
vn 0.8949 -0.4462 0.0079
vn 0.8702 -0.3279 0.3677
vn 0.9914 0.1295 0.0200
vn 0.9351 0.0443 0.3517
vn 0.8167 -0.2280 0.5301
vn 0.7739 -0.1122 0.6233
vn 0.7975 0.5358 0.2774
vn 0.8148 0.5793 0.0222
vn 0.7463 0.6655 0.0111
vn 0.7152 0.6485 -0.2606
vn 0.4638 0.4311 -0.7740
vn 0.5432 0.3611 -0.7580
vn 0.6180 -0.1606 -0.7696
vn 0.8253 -0.2239 -0.5185
vn 0.8668 -0.3320 -0.3720
vn 0.9594 -0.2047 0.1940
vn 0.9488 0.0919 0.3022
vn 0.8457 -0.2881 0.4492
vn 0.6499 -0.4882 0.5825
vn 0.9440 -0.3299 -0.0024
vn 0.7342 -0.5499 0.3983
vn 0.8118 -0.5831 0.0308
vn 0.8619 -0.2882 0.4172
vn 0.9620 -0.2728 0.0098
vn 0.9145 -0.3943 0.0904
vn 0.9859 0.1673 0.0021
vn 0.7881 -0.6058 0.1088
vn 0.8936 -0.3378 0.2957
vn 0.9299 0.1262 0.3456
vn 0.8984 0.0432 0.4370
vn 0.5707 -0.1790 0.8014
vn 0.5498 0.3579 0.7548
vn 0.7222 0.6332 0.2783
vn 0.7026 0.6312 0.3285
vn 0.7499 0.6615 0.0027
vn 0.6987 0.6373 -0.3251
vn 0.4034 0.4194 -0.8132
vn 0.3181 0.3484 -0.8817
vn 0.4424 0.2153 -0.8706
vn 0.6405 0.0845 -0.7633
vn 0.9193 0.0478 -0.3906
vn 0.9379 0.0990 -0.3325
vn 0.8856 -0.3585 -0.2952
vn 0.7924 -0.5965 -0.1276
vn 0.9080 -0.4039 -0.1114
vn 0.8682 -0.2351 -0.4371
vn 0.7602 -0.5425 -0.3575
vn 0.3690 -0.7802 -0.5051
vn 0.2747 -0.9601 0.0528
vn 0.3618 -0.7821 0.5074
vn 0.5266 -0.4114 0.7439
vn 0.5938 -0.4994 0.6309
vn 0.5728 -0.5728 0.5863
vn 0.6433 -0.1983 0.7394
vn 0.7080 0.2121 0.6737
vn 0.6499 0.1318 0.7485
vn 0.4701 0.2007 0.8595
vn 0.4845 0.4223 0.7661
vn 0.4104 0.4168 0.8111
vn 0.7735 0.5706 0.2759
vn 0.7653 0.6437 0.0027
vn 0.7715 0.5715 -0.2794
vn 0.5231 0.2837 -0.8037
vn 0.4966 -0.2923 -0.8173
vn 0.8905 -0.4104 -0.1966
vn 0.6956 -0.4008 -0.5962
vn 0.6877 -0.2751 -0.6718
vn 0.6668 -0.5896 -0.4558
vn 0.8923 -0.2558 -0.3718
vn 0.9430 0.2240 -0.2461
vn 0.8536 0.3031 -0.4237
vn 0.8997 0.2103 -0.3826
vn 0.8918 0.0834 -0.4446
vn 0.6078 0.3865 -0.6937
vn 0.3071 0.4242 -0.8519
vn 0.5096 0.3184 -0.7994
vn 0.7020 0.1648 -0.6929
vn 0.6489 -0.2152 -0.7298
vn 0.5446 -0.6259 -0.5582
vn 0.5616 -0.4910 -0.6659
vn 0.5426 -0.3064 -0.7821
vn 0.2107 -0.4693 -0.8576
vn 0.0125 -0.8971 -0.4417
vn -0.0020 -0.9999 0.0139
vn 0.0411 -0.8755 0.4815
vn 0.1278 -0.4995 0.8568
vn -0.0001 -0.5628 0.8266
vn 0.1545 -0.5287 0.8347
vn 0.2516 -0.5188 0.8170
vn 0.3973 -0.1856 0.8987
vn 0.4960 0.2056 0.8436
vn 0.5423 0.3208 0.7765
vn 0.3314 0.3436 0.8787
vn 0.2563 0.3205 0.9119
vn 0.5349 0.1134 0.8373
vn 0.8919 0.0834 0.4446
vn 0.9007 0.2070 0.3819
vn 0.8533 0.2999 0.4266
vn 0.8793 0.2780 0.3868
vn 0.8623 -0.1619 0.4798
vn 0.6188 -0.1089 0.7780
vn 0.6878 -0.2751 0.6718
vn 0.6951 -0.3972 0.5992
vn 0.8906 -0.4102 0.1963
vn 0.9434 0.0334 0.3300
vn 0.9000 0.4354 0.0213
vn 0.8510 0.5251 -0.0000
vn 0.9000 0.4354 -0.0213
vn 0.9435 0.0335 -0.3298
vn 0.8279 0.3870 -0.4060
vn 0.6910 0.3504 -0.6322
vn 0.6532 0.2929 -0.6983
vn 0.4729 0.2108 -0.8555
vn 0.6001 -0.1025 -0.7933
vn 0.8403 -0.1510 -0.5207
vn 0.8756 0.2980 -0.3801
vn 0.8478 0.2877 -0.4455
vn 0.8907 0.2404 -0.3859
vn 0.7329 -0.1515 -0.6632
vn 0.5170 0.0914 -0.8511
vn 0.3034 0.3425 -0.8892
vn 0.4889 0.2052 -0.8479
vn 0.4155 -0.1772 -0.8921
vn 0.2942 -0.5821 -0.7580
vn 0.2539 -0.5017 -0.8269
vn 0.2514 -0.5152 -0.8194
vn 0.2065 -0.5826 -0.7861
vn -0.0123 -0.9328 -0.3602
vn 0.0119 -0.9999 -0.0040
vn -0.0139 -0.7902 0.6127
vn 0.0879 -0.4958 0.8640
vn 0.2561 -0.5340 0.8058
vn 0.0139 -0.5818 0.8132
vn 0.1487 -0.1388 0.9791
vn 0.3034 0.3425 0.8892
vn 0.3104 0.4251 0.8503
vn 0.6044 0.3863 0.6968
vn 0.8874 0.2411 0.3930
vn 0.8464 0.2781 0.4541
vn 0.5353 0.1977 0.8212
vn 0.5625 0.0893 0.8220
vn 0.5097 0.1699 0.8434
vn 0.7310 -0.0666 0.6791
vn 0.6555 0.2050 0.7269
vn 0.6732 -0.0397 0.7384
vn 0.7088 0.0875 0.6999
vn 0.8342 0.0860 0.5447
vn 0.7816 0.2000 0.5908
vn 0.5017 0.2401 0.8310
vn 0.6491 0.3035 0.6975
vn 0.6886 0.3541 0.6328
vn 0.8299 0.3865 0.4023
vn 0.8812 0.4449 0.1600
vn 0.8164 0.5619 -0.1332
vn 0.8257 0.5641 0.0027
vn 0.8189 0.5597 0.1268
vn 0.8792 0.4488 -0.1601
vn 0.6918 0.4579 -0.5583
vn 0.7326 0.3843 -0.5618
vn 0.7116 0.3821 -0.5896
vn 0.6863 0.2019 -0.6987
vn 0.6984 0.2433 -0.6731
vn 0.5281 0.1740 -0.8311
vn 0.6266 0.1476 -0.7652
vn 0.5845 0.1597 -0.7955
vn 0.6881 0.0340 -0.7248
vn 0.5923 -0.3236 -0.7379
vn 0.3027 -0.1805 -0.9359
vn 0.1390 -0.0777 -0.9872
vn 0.0883 -0.5158 -0.8521
vn 0.4441 -0.3339 -0.8315
vn 0.4984 -0.5623 -0.6599
vn 0.3752 -0.7859 -0.4916
vn 0.2869 -0.9021 -0.3224
vn 0.1834 -0.8381 -0.5137
vn 0.7141 -0.6903 0.1161
vn 0.6143 -0.6109 -0.4995
vn 0.4384 -0.7483 -0.4978
vn 0.4457 -0.8802 -0.1634
vn 0.6313 -0.7490 -0.2013
vn 0.3821 -0.5896 0.7116
vn 0.3430 -0.6273 0.6992
vn 0.5018 -0.6601 0.5590
vn 0.6149 -0.6013 0.5102
vn 0.8678 -0.4033 0.2903
vn 0.9046 -0.3436 0.2525
vn 0.8723 -0.2796 0.4011
vn 0.5068 -0.8612 -0.0383
vn 0.8494 -0.4448 0.2842
vn 0.8893 0.0055 0.4572
vn 0.6676 -0.4663 0.5804
vn 0.4714 -0.4614 0.7516
vn 0.4364 -0.1787 0.8818
vn 0.5129 0.0972 0.8530
vn 0.7083 -0.1482 0.6902
vn 0.6468 -0.0281 0.7621
vn 0.5022 0.0056 0.8647
vn 0.5523 0.1751 0.8150
vn 0.8587 -0.0000 0.5126
vn 0.7440 0.4113 0.5265
vn 0.9709 0.1588 0.1793
vn 0.9068 -0.3287 0.2641
vn 0.5840 -0.2872 0.7593
vn 0.4522 -0.7183 0.5288
vn 0.8541 -0.0027 0.5200
vn 0.9240 0.1300 0.3596
vn 0.7039 0.3932 0.5915
vn 0.6716 0.4802 0.5643
vn 0.6569 0.5019 0.5626
vn 0.7612 0.5899 0.2695
vn 0.8162 0.5743 -0.0631
vn 0.9710 0.2169 -0.1009
vn 0.8088 0.5879 -0.0138
vn 0.8175 0.5699 0.0835
vn 0.8163 0.4811 -0.3196
vn 0.8223 0.2549 -0.5089
vn 0.8407 0.2324 -0.4891
vn 0.9018 0.1757 -0.3948
vn 0.9063 0.2914 -0.3060
vn 0.6955 0.4681 -0.5451
vn 0.8751 0.1296 -0.4663
vn 0.8854 0.4115 -0.2161
vn 0.8852 0.1075 -0.4526
vn 0.7811 0.0309 -0.6237
vn 0.8678 -0.4248 -0.2579
vn 0.8097 -0.1656 -0.5630
vn 0.8971 0.3916 -0.2046
vn 0.8946 0.2614 -0.3625
vn 0.8465 -0.0619 -0.5287
vn 0.9191 -0.0561 -0.3901
vn 0.8361 -0.2429 -0.4918
vn 0.5246 -0.7238 -0.4482
vn 0.5998 -0.7899 -0.1276
vn 0.6848 -0.6389 0.3505
vn 0.9298 -0.1910 0.3145
vn 0.9388 0.2172 0.2675
vn 0.8824 0.4339 0.1817
vn 0.8026 0.5842 0.1209
vn 0.7330 0.6800 -0.0168
vn 0.8451 0.2121 -0.4907
vn 0.7862 -0.1246 -0.6052
vn 0.9870 0.1516 0.0537
vn 0.9116 0.2893 -0.2922
vn 0.8779 0.2045 -0.4330
vn 0.8052 0.1146 -0.5819
vn 0.7315 0.0485 -0.6801
vn 0.5846 0.0960 -0.8056
vn 0.6955 0.2680 -0.6667
vn 0.7550 0.1187 -0.6449
vn 0.9024 -0.0598 -0.4267
vn 0.9665 -0.1128 -0.2307
vn 0.8484 -0.5120 0.1346
vn 0.6049 -0.3900 -0.6942
vn 0.5965 -0.1276 -0.7924
vn 0.3141 -0.2790 -0.9075
vn 0.7195 -0.1548 -0.6770
vn 0.7959 -0.4737 -0.3770
vn 0.8320 -0.3891 -0.3954
vn 0.7825 -0.5885 -0.2033
vn 0.7563 -0.6483 -0.0877
vn 0.5346 -0.8416 0.0768
vn 0.8615 -0.4890 -0.1368
vn 0.8138 -0.5777 0.0622
vn 0.9059 -0.3870 -0.1720
vn 0.9012 -0.3974 -0.1728
vn 0.5773 -0.4698 -0.6678
vn 0.7762 -0.5526 -0.3035
vn 0.8013 -0.4570 -0.3861
vn 0.7036 -0.3036 0.6425
vn 0.6290 -0.4127 0.6588
vn 0.8871 -0.4080 0.2159
vn 0.8409 -0.2124 0.4978
vn 0.7879 -0.6049 0.1151
vn 0.9371 -0.3260 0.1249
vn 0.7431 -0.1644 0.6486
vn 0.6037 -0.7924 0.0871
vn 0.8475 -0.5304 0.0191
vn 0.9488 -0.0541 0.3113
vn 0.8634 0.0245 0.5039
vn 0.8149 -0.2926 0.5003
vn 0.7779 -0.4816 0.4036
vn 0.8359 0.0304 0.5481
vn 0.8173 0.1017 0.5671
vn 0.6427 -0.2641 0.7192
vn 0.5838 -0.0777 0.8081
vn 0.8463 0.0027 0.5327
vn 0.9069 0.1324 0.3999
vn 0.8928 0.3994 0.2085
vn 0.8661 0.2029 0.4569
vn 0.9139 -0.0991 0.3937
vn 0.9419 -0.3237 0.0902
vn 0.8384 0.5400 0.0739
vn 0.7671 0.6411 0.0224
vn 0.6925 0.5487 -0.4684
vn 0.8821 0.2709 -0.3854
vn 0.9282 -0.1006 -0.3582
vn 0.7774 -0.5471 -0.3103
vn 0.6540 -0.7565 -0.0056
vn 0.4595 -0.8032 0.3791
vn 0.9094 -0.2569 0.3270
vn 0.7371 0.6753 0.0253
vn 0.9637 -0.1163 0.2403
vn 0.9103 -0.0291 0.4128
vn 0.9620 -0.1766 0.2083
vn 0.9777 0.1808 0.1064
vn 0.8773 0.2975 0.3766
vn 0.8783 0.2878 0.3818
vn 0.9223 0.2615 0.2845
vn 0.9886 0.1197 0.0916
vn 0.9516 0.1501 -0.2680
vn 0.9367 0.3496 -0.0179
vn 0.9085 0.4137 0.0595
vn 0.9472 0.3166 -0.0514
vn 0.9395 0.3425 0.0051
vn 0.8966 0.3277 -0.2979
vn 0.8148 0.3803 -0.4376
vn 0.8852 0.2890 -0.3644
vn 0.9117 0.4008 -0.0906
vn 0.8809 -0.0607 -0.4694
vn 0.8389 -0.0533 -0.5417
vn 0.8183 0.2990 -0.4910
vn 0.8100 0.1918 -0.5542
vn 0.9234 0.2550 -0.2868
vn 0.6065 0.7912 -0.0781
vn 0.4503 0.8900 -0.0720
vn 0.8584 -0.4324 -0.2759
vn 0.9481 -0.2956 -0.1172
vn 0.9852 -0.0278 -0.1693
vn 0.9693 0.1491 -0.1954
vn 0.9471 0.1858 -0.2615
vn 0.9099 0.2479 -0.3325
vn 0.2081 -0.4826 -0.8507
vn 0.3796 -0.6832 -0.6238
vn 0.6551 -0.7554 -0.0140
vn 0.9629 -0.0922 -0.2536
vn 0.9312 0.0155 -0.3642
vn 0.8953 0.0214 -0.4449
vn 0.9120 0.0566 -0.4062
vn 0.7544 0.1032 -0.6483
vn 0.8976 -0.1795 -0.4025
vn 0.8046 -0.2392 0.5435
vn 0.9615 -0.1414 -0.2356
vn 0.8010 0.0838 -0.5927
vn 0.8679 -0.0996 -0.4866
vn 0.8116 -0.2726 -0.5167
vn 0.7023 -0.4916 -0.5150
vn 0.6969 -0.5636 -0.4435
vn 0.8679 -0.4879 -0.0936
vn 0.7999 -0.5718 0.1825
vn 0.8705 -0.3884 0.3024
vn 0.9252 -0.3749 0.0586
vn 0.8163 -0.5215 -0.2483
vn 0.8788 -0.4108 -0.2429
vn 0.8417 -0.3896 -0.3739
vn 0.7192 -0.5061 -0.4761
vn 0.8352 -0.4566 -0.3065
vn 0.7605 -0.5534 -0.3397
vn 0.6778 -0.6874 -0.2609
vn 0.7510 -0.3968 0.5278
vn 0.7219 -0.3173 0.6150
vn 0.8041 -0.5932 -0.0393
vn 0.8620 -0.3676 0.3491
vn 0.9173 -0.3460 0.1972
vn 0.8516 -0.4566 0.2574
vn 0.6356 -0.2889 0.7159
vn 0.9774 -0.0632 -0.2017
vn 0.8096 -0.5448 -0.2185
vn 0.8254 -0.5588 -0.0802
vn 0.8177 -0.1299 0.5608
vn 0.8503 0.1407 0.5071
vn 0.8824 -0.3656 0.2962
vn 0.9025 -0.2191 0.3708
vn 0.9367 -0.3068 0.1686
vn 0.8640 -0.1937 0.4648
vn 0.8697 -0.0356 0.4923
vn 0.7043 0.3213 0.6330
vn 0.8240 -0.1077 0.5562
vn 0.8506 -0.4739 0.2278
vn 0.8723 -0.1266 0.4723
vn 0.8628 0.2162 0.4569
vn 0.9701 -0.0723 0.2317
vn 0.9501 -0.0949 0.2970
vn 0.8965 -0.1919 0.3993
vn 0.8055 -0.1022 0.5837
vn 0.9316 0.0774 0.3553
vn 0.9088 0.4044 0.1025
vn 0.8166 0.5384 0.2080
vn 0.7878 -0.5326 0.3093
vn 0.6905 -0.4927 0.5296
vn 0.8912 0.4428 -0.0981
vn 0.9658 0.2201 -0.1372
vn 0.9914 0.0828 0.1012
vn 0.9813 -0.0673 0.1804
vn 0.9497 -0.2744 0.1507
vn 0.9212 -0.3099 0.2354
vn 0.2679 0.8671 0.4199
vn 0.9449 0.1720 0.2785
vn 0.9456 0.0871 0.3135
vn 0.9174 0.0960 0.3861
vn 0.9643 0.0371 0.2622
vn 0.9672 0.0598 0.2468
vn 0.9652 0.1024 0.2407
vn 0.9598 0.2511 0.1256
vn 0.9491 0.1452 0.2796
vn 0.9116 0.1619 0.3778
vn 0.9490 0.2631 0.1736
vn 0.8271 0.4944 -0.2674
vn 0.9359 0.3292 -0.1251
vn 0.8894 0.3761 0.2597
vn 0.8020 0.5946 0.0568
vn 0.7102 0.6828 -0.1714
vn 0.4621 0.8862 0.0325
vn 0.7824 0.5044 -0.3653
vn 0.6729 0.6729 -0.3073
vn 0.7266 0.5209 -0.4479
vn 0.7781 0.4070 -0.4785
vn 0.7895 0.4964 -0.3609
vn 0.8855 -0.4252 -0.1876
vn 0.8615 0.2101 -0.4623
vn 0.7545 -0.3050 -0.5811
vn 0.7818 0.2100 -0.5871
vn 0.5372 0.6815 -0.4969
vn 0.7828 0.2821 -0.5546
vn 0.8527 0.1563 -0.4985
vn 0.8885 -0.1132 -0.4447
vn 0.7451 -0.0252 -0.6664
vn 0.5089 0.7402 -0.4395
vn 0.4573 0.8399 -0.2924
vn 0.3069 0.7107 -0.6330
vn 0.0602 0.4432 -0.8944
vn 0.0296 -0.1484 -0.9885
vn 0.1289 -0.3923 -0.9108
vn 0.2094 -0.4516 -0.8673
vn 0.2873 -0.0098 -0.9578
vn 0.7945 0.1056 -0.5980
vn 0.7443 -0.2356 -0.6249
vn 0.7557 0.1284 -0.6422
vn 0.9071 -0.0078 -0.4209
vn 0.8438 -0.2485 -0.4756
vn 0.8873 -0.0692 -0.4560
vn 0.8492 0.2676 -0.4554
vn 0.7781 0.1968 -0.5965
vn 0.8284 0.0278 -0.5595
vn 0.8320 -0.1611 -0.5309
vn 0.7862 -0.3785 -0.4885
vn 0.9543 -0.2368 -0.1826
vn 0.4956 -0.1059 -0.8621
vn 0.7052 -0.3608 -0.6103
vn 0.6994 -0.0725 -0.7110
vn 0.6497 -0.4453 -0.6161
vn 0.6375 -0.3433 -0.6898
vn 0.7642 -0.2973 -0.5723
vn 0.7292 -0.5510 -0.4058
vn 0.6956 -0.6895 -0.2019
vn 0.8913 -0.4510 -0.0462
vn 0.6815 -0.4935 -0.5403
vn 0.6870 -0.6479 -0.3289
vn 0.7235 -0.6168 -0.3100
vn 0.6295 -0.6127 -0.4779
vn 0.7062 -0.7033 -0.0817
vn 0.6558 -0.6459 -0.3909
vn 0.5334 -0.7526 -0.3860
vn 0.5593 -0.8102 -0.1753
vn 0.7618 -0.5982 -0.2487
vn 0.5094 -0.6937 -0.5093
vn 0.6380 -0.7459 0.1910
vn 0.6189 -0.7854 -0.0138
vn 0.6803 -0.5630 0.4692
vn 0.7053 -0.6205 0.3429
vn 0.6770 -0.3434 0.6509
vn 0.7058 -0.7058 0.0605
vn 0.6997 -0.5631 0.4398
vn 0.7776 -0.5617 0.2825
vn 0.8148 -0.5619 0.1428
vn 0.5663 -0.7905 -0.2334
vn 0.7389 -0.6216 0.2600
vn 0.8438 -0.3795 0.3795
vn 0.7649 -0.6063 0.2176
vn 0.8516 -0.4102 0.3264
vn 0.8525 -0.5051 -0.1343
vn 0.4414 -0.8885 0.1253
vn 0.3209 -0.5423 0.7765
vn 0.4618 -0.3321 0.8224
vn 0.6399 -0.0602 0.7661
vn 0.7679 -0.6193 -0.1640
vn 0.8350 -0.5016 0.2263
vn 0.8198 -0.2311 0.5239
vn 0.7794 -0.1835 0.5991
vn 0.6258 -0.7041 0.3357
vn 0.7087 -0.1097 0.6969
vn 0.6836 0.1385 0.7166
vn 0.7488 0.0056 0.6628
vn 0.6129 -0.4816 0.6264
vn 0.8725 0.0963 0.4790
vn 0.8102 0.2660 0.5224
vn 0.6666 -0.5420 0.5118
vn 0.8707 -0.1085 0.4796
vn 0.8708 -0.1024 0.4809
vn 0.9185 -0.2570 0.3004
vn 0.8066 0.3175 0.4985
vn 0.8856 -0.0750 0.4583
vn 0.7705 -0.2621 0.5810
vn 0.8163 -0.1331 0.5620
vn 0.7068 0.0695 0.7040
vn 0.8570 -0.0275 0.5146
vn 0.8893 0.2186 0.4018
vn 0.7635 0.0486 0.6440
vn 0.8132 0.3133 0.4905
vn 0.8051 0.2022 0.5576
vn 0.8853 0.4295 0.1784
vn 0.8330 -0.2902 0.4711
vn 0.3467 -0.5009 0.7930
vn 0.0862 -0.3607 0.9287
vn 0.0993 0.0901 0.9910
vn 0.2388 0.6158 0.7508
vn 0.2939 0.5750 0.7635
vn 0.7353 -0.6100 0.2954
vn 0.6750 -0.6118 0.4124
vn 0.6468 -0.0694 0.7595
vn 0.8186 0.0744 0.5695
vn 0.8997 0.1730 0.4009
vn 0.8553 0.0971 0.5090
vn 0.8472 0.1377 0.5132
vn 0.7276 0.5424 0.4200
vn 0.8270 -0.0055 0.5622
vn 0.6113 0.7186 0.3317
vn 0.8722 0.2987 0.3874
vn 0.7751 0.2584 0.5766
vn 0.7467 0.6545 0.1190
vn 0.8820 0.2900 0.3715
vn 0.7986 -0.0781 0.5968
vn 0.7574 0.2420 0.6065
vn 0.8520 0.4730 0.2244
vn 0.5093 0.6477 0.5667
vn 0.4950 0.8255 -0.2713
vn 0.9153 0.2906 0.2789
vn 0.5823 0.5417 0.6061
vn 0.8559 0.2336 0.4614
vn 0.6661 0.5583 0.4946
vn 0.5667 0.8218 -0.0595
vn 0.8124 0.5507 0.1917
vn 0.6563 0.7455 -0.1158
vn 0.5049 0.5486 0.6664
vn 0.3926 0.8594 0.3277
vn 0.6852 0.5716 0.4513
vn 0.4540 0.7742 0.4410
vn 0.3745 0.9151 0.1492
vn 0.6532 0.7334 -0.1880
vn 0.6065 0.7573 -0.2420
vn 0.6636 0.5222 -0.5356
vn 0.6827 0.7103 -0.1714
vn 0.6440 0.7113 -0.2818
vn 0.3777 0.9117 0.1619
vn 0.4312 0.8857 -0.1720
vn 0.5163 0.7809 -0.3517
vn 0.5697 0.7754 -0.2722
vn 0.5868 0.7903 -0.1763
vn 0.8904 0.0632 -0.4507
vn 0.7145 0.2961 -0.6339
vn 0.6841 0.4829 -0.5466
vn 0.5744 0.3961 -0.7163
vn 0.5932 0.4558 -0.6636
vn 0.7893 -0.1120 -0.6037
vn 0.7563 -0.0876 -0.6483
vn 0.4648 -0.7833 -0.4128
vn 0.6831 0.2225 -0.6956
vn 0.3847 0.8835 -0.2674
vn 0.7256 0.5606 -0.3991
vn 0.5954 0.7287 -0.3383
vn 0.9862 -0.0538 -0.1566
vn 0.9749 -0.1764 -0.1359
vn 0.9791 -0.1487 -0.1387
vn 0.8472 0.3011 -0.4377
vn 0.7765 0.3383 -0.5316
vn 0.5863 0.5625 -0.5829
vn 0.7646 0.2486 -0.5947
vn 0.7581 0.0662 -0.6488
vn 0.6319 0.5238 -0.5712
vn 0.8864 0.3377 -0.3166
vn 0.7812 -0.0842 -0.6185
vn 0.8119 -0.2386 -0.5329
vn 0.8378 -0.3717 -0.4000
vn 0.5582 -0.8242 0.0954
vn 0.7796 -0.1668 -0.6036
vn 0.0074 0.9544 -0.2984
vn -0.2754 0.7788 -0.5635
vn -0.6904 0.3144 -0.6515
vn -0.6798 -0.2329 -0.6955
vn -0.4108 -0.3949 -0.8217
vn 0.1229 -0.0719 -0.9898
vn 0.3936 0.7969 -0.4582
vn 0.6426 0.1381 -0.7537
vn 0.6915 0.1984 -0.6946
vn 0.7415 0.0847 -0.6656
vn 0.7179 0.1034 -0.6884
vn 0.8277 0.0802 -0.5554
vn 0.7167 0.0225 -0.6970
vn 0.8208 -0.0685 -0.5671
vn 0.8904 -0.0952 -0.4452
vn 0.8174 -0.5042 -0.2787
vn 0.8600 -0.0163 -0.5101
vn 0.8118 0.4883 -0.3202
vn 0.9744 -0.0094 -0.2246
vn 0.9011 -0.0078 -0.4336
vn 0.8760 -0.2049 -0.4365
vn 0.8097 -0.1819 -0.5580
vn 0.8219 -0.0713 -0.5651
vn 0.8051 -0.3075 -0.5072
vn 0.8256 -0.1875 -0.5323
vn 0.5014 -0.8179 -0.2821
vn 0.7947 -0.3397 -0.5031
vn 0.9367 -0.0415 -0.3477
vn 0.9538 0.1439 -0.2637
vn 0.9810 -0.0925 -0.1703
vn 0.8360 -0.0622 -0.5451
vn 0.7752 -0.4005 -0.4886
vn 0.7115 -0.2958 -0.6373
vn 0.7909 -0.4344 -0.4310
vn 0.5175 0.2205 -0.8268
vn 0.8176 -0.4549 -0.3531
vn 0.6751 0.1159 -0.7286
vn 0.7999 -0.4755 -0.3662
vn 0.6872 -0.6679 0.2858
vn 0.5440 -0.8192 0.1814
vn 0.6841 -0.5466 -0.4829
vn 1.0000 -0.0000 0.0025
vn 0.6844 -0.5466 -0.4825
vn 0.5268 0.0561 -0.8481
vn 0.5264 0.0560 -0.8484
vn 0.6962 0.1748 -0.6962
vn 0.9572 -0.1124 -0.2668
vn 0.9980 -0.0340 -0.0531
vn 0.9931 -0.1133 0.0289
vn 0.7472 -0.4180 -0.5167
vn 0.6986 -0.2329 -0.6766
vn 0.7922 -0.2197 -0.5694
vn 0.9633 -0.2317 -0.1353
vn 0.9611 -0.2699 0.0580
vn 1.0000 0.0096 0.0020
vn 0.9187 -0.1606 -0.3607
vn 0.8720 -0.4224 -0.2474
vn 0.9608 -0.2640 -0.0846
vn 0.8055 -0.5452 -0.2323
vn 0.5523 -0.5929 -0.5861
vn 0.6513 -0.5433 -0.5298
vn 0.7515 -0.5563 -0.3546
vn 0.4878 -0.5719 -0.6595
vn 0.9489 -0.3155 -0.0050
vn 0.8197 -0.5564 0.1362
vn 0.6250 -0.4345 0.6485
vn 0.6216 -0.6814 0.3865
vn 0.3760 -0.7487 0.5460
vn 0.3658 -0.9061 -0.2125
vn 0.2157 -0.6775 -0.7032
vn 0.4857 -0.8595 -0.1589
vn 0.4204 -0.7554 -0.5025
vn 0.5268 -0.8401 -0.1288
vn 0.4765 -0.8463 -0.2383
vn 0.6110 -0.7630 0.2109
vn 0.6769 -0.6306 0.3797
vn 0.5413 -0.7447 -0.3904
vn 0.4236 -0.6439 -0.6372
vn 0.5525 -0.8316 0.0564
vn 0.2909 -0.3787 0.8786
vn 0.5475 -0.7880 0.2816
vn 0.8238 -0.5371 0.1814
vn 0.4561 -0.7436 -0.4890
vn 0.8504 -0.4019 0.3395
vn 0.6326 0.0875 0.7696
vn 0.7030 -0.6449 0.2998
vn 0.4443 -0.7742 0.4509
vn 0.5688 -0.6596 0.4913
vn 0.5641 -0.8083 0.1689
vn 0.6678 -0.7405 0.0756
vn 0.7354 -0.6313 0.2462
vn 0.3150 -0.1331 0.9397
vn 0.4986 -0.7913 0.3538
vn 0.4190 -0.8878 0.1905
vn 0.0835 -0.3663 0.9267
vn 0.0776 -0.4492 0.8901
vn 0.4613 -0.8799 0.1139
vn 0.9016 -0.4127 -0.1300
vn 0.4075 -0.8583 -0.3118
vn 0.4926 -0.8146 -0.3062
vn 0.3098 -0.4537 -0.8356
vn 0.8077 -0.5881 0.0422
vn 0.5575 -0.7989 0.2258
vn 0.2335 -0.0517 0.9710
vn 0.1858 -0.0186 0.9824
vn 0.4045 -0.5328 0.7433
vn 0.4248 -0.7476 0.5105
vn 0.4013 -0.6800 0.6136
vn 0.6932 -0.4856 0.5326
vn 0.4076 -0.4237 0.8089
vn 0.1691 0.3495 0.9216
vn 0.2217 0.2522 0.9419
vn 0.4843 -0.4776 0.7330
vn 0.4429 -0.5527 0.7059
vn 0.4864 -0.4628 0.7411
vn 0.4414 -0.6019 0.6655
vn 0.7527 -0.3439 0.5614
vn 0.7475 -0.6114 0.2597
vn 0.8089 -0.5278 0.2591
vn 0.9474 -0.2834 0.1485
vn 0.9101 -0.3297 0.2509
vn 0.9264 -0.2907 0.2394
vn 0.8854 -0.3615 0.2922
vn 0.8521 -0.2474 0.4612
vn 0.6073 0.3133 0.7301
vn 0.6453 0.3872 0.6586
vn 0.6220 0.5849 0.5206
vn 0.7023 -0.1483 0.6963
vn 0.7259 -0.2016 0.6576
vn 0.3527 -0.8198 0.4511
vn 0.6353 -0.3323 0.6971
vn 0.6997 -0.1582 0.6967
vn 0.6765 -0.0817 0.7319
vn 0.7428 -0.0877 0.6638
vn 0.7899 -0.1665 0.5902
vn 0.7074 0.3213 0.6296
vn 0.7648 -0.3324 0.5519
vn 0.8045 -0.0929 0.5867
vn 0.7540 0.4478 0.4806
vn 0.7960 0.5811 0.1695
vn 0.9178 0.2779 0.2837
vn 0.7314 0.6755 -0.0940
vn 0.4440 0.2494 0.8606
vn -0.4949 -0.3173 0.8090
vn -0.5856 0.0509 0.8090
vn 0.0401 0.4199 0.9067
vn 0.6518 -0.1286 0.7474
vn 0.2644 0.7008 0.6625
vn 0.2212 0.7603 0.6107
vn 0.7757 -0.1027 0.6227
vn 0.6426 -0.7537 0.1381
vn 0.7877 -0.5657 0.2438
vn 0.8081 0.0028 0.5890
vn 0.9202 -0.0643 0.3862
vn 0.9740 -0.0973 0.2047
vn 0.8830 0.3084 0.3539
vn 0.8062 0.2054 0.5548
vn 0.9500 0.1365 0.2808
vn 0.6615 0.7414 0.1128
vn 0.7053 -0.0340 0.7081
vn 0.8175 0.2214 0.5316
vn 0.3908 -0.6425 0.6591
vn 0.7433 0.4045 0.5328
vn 0.3466 0.9086 -0.2330
vn 0.2429 0.9692 0.0417
vn 0.5502 0.5266 0.6481
vn 0.3480 -0.3854 0.8546
vn 0.7279 0.3028 0.6152
vn 0.3443 -0.4751 0.8098
vn 0.4614 0.5550 0.6921
vn 0.1769 0.9832 0.0447
vn 0.4418 0.4945 0.7485
vn 0.3589 0.5141 0.7790
vn 0.0923 0.9957 -0.0086
vn 0.2803 0.8943 0.3488
vn 0.2128 0.7955 0.5673
vn 0.5642 0.1299 0.8153
vn 0.7442 0.1351 0.6542
vn 0.2779 -0.7285 0.6262
vn 0.4191 0.3561 0.8352
vn 0.0962 0.9939 0.0538
vn 0.1673 0.9857 -0.0184
vn 0.2327 0.9666 -0.1074
vn 0.3520 0.9120 0.2106
vn 0.4827 0.5430 0.6871
vn 0.3769 0.8418 0.3864
vn 0.2971 0.8060 0.5120
vn 0.6750 0.7310 0.1003
vn 0.6360 0.7336 -0.2393
vn 0.1515 0.7005 0.6974
vn 0.3236 0.9160 -0.2370
vn 0.4223 0.8505 -0.3134
vn 0.4497 0.8501 -0.2740
vn 0.4623 0.7463 -0.4788
vn 0.5172 0.6019 -0.6085
vn 0.4999 0.2470 -0.8301
vn 0.4567 0.8896 0.0026
vn 0.0844 0.6345 0.7683
vn 0.4003 0.9110 0.0993
vn 0.3478 0.9367 0.0415
vn 0.1236 0.8179 0.5619
vn 0.4424 0.8876 -0.1284
vn 0.4198 0.9050 -0.0682
vn 0.6691 0.6158 -0.4161
vn 0.6556 0.6323 -0.4127
vn 0.7726 0.4010 -0.4923
vn 0.5746 0.7521 -0.3228
vt 0.470963 0.966812
vt 0.463031 0.974984
vt 0.438994 0.932680
vt 0.069311 0.423103
vt 0.079887 0.414691
vt 0.087579 0.425507
vt 0.096472 0.414210
vt 0.559418 0.055583
vt 0.575282 0.053660
vt 0.579849 0.077216
vt 0.902661 0.377434
vt 0.907228 0.396182
vt 0.874538 0.402432
vt 0.783439 0.443294
vt 0.794256 0.469734
vt 0.765412 0.478868
vt 0.794256 0.750482
vt 0.785122 0.718994
vt 0.807476 0.742550
vt 0.806755 0.719715
vt 0.829830 0.729330
vt 0.851703 0.736301
vt 0.856751 0.718754
vt 0.843290 0.702409
vt 0.815889 0.688949
vt 0.846656 0.677171
vt 0.834878 0.660105
vt 0.797140 0.678132
vt 0.780795 0.670921
vt 0.320253 0.607224
vt 0.317369 0.598811
vt 0.339963 0.604580
vt 0.359433 0.594485
vt 0.361596 0.583908
vt 0.370490 0.578620
vt 0.382027 0.569967
vt 0.362798 0.570688
vt 0.349578 0.574053
vt 0.327464 0.581264
vt 0.311600 0.587995
vt 0.293092 0.582707
vt 0.304630 0.597850
vt 0.319292 0.617800
vt 0.345492 0.619483
vt 0.365202 0.611070
vt 0.380826 0.595206
vt 0.395969 0.599292
vt 0.402699 0.578380
vt 0.432264 0.591841
vt 0.654122 0.583187
vt 0.657728 0.594485
vt 0.645709 0.578380
vt 0.633691 0.569006
vt 0.635614 0.594725
vt 0.650036 0.610108
vt 0.670227 0.618041
vt 0.675995 0.603619
vt 0.696427 0.604340
vt 0.699311 0.596888
vt 0.705320 0.585831
vt 0.688254 0.580543
vt 0.665419 0.573813
vt 0.651718 0.569486
vt 0.643786 0.552180
vt 0.610616 0.575255
vt 0.619990 0.534393
vt 0.538987 0.436083
vt 0.526728 0.463004
vt 0.518556 0.432478
vt 0.486827 0.373828
vt 0.505095 0.384164
vt 0.491875 0.382001
vt 0.483462 0.389693
vt 0.488990 0.397865
vt 0.500768 0.415892
vt 0.487789 0.418777
vt 0.502211 0.432958
vt 0.487308 0.436804
vt 0.475049 0.426709
vt 0.471203 0.440650
vt 0.479135 0.470456
vt 0.503893 0.467812
vt 0.503893 0.510597
vt 0.532016 0.503386
vt 0.561341 0.496896
vt 0.550284 0.461081
vt 0.553649 0.425988
vt 0.533218 0.420219
vt 0.517113 0.413248
vt 0.516873 0.395461
vt 0.524084 0.392817
vt 0.521680 0.387770
vt 0.522642 0.378155
vt 0.503172 0.370704
vt 0.491154 0.316381
vt 0.509181 0.319746
vt 0.489471 0.337773
vt 0.508941 0.340658
vt 0.484183 0.357724
vt 0.505816 0.355560
vt 0.475290 0.367579
vt 0.470723 0.383203
vt 0.471924 0.400269
vt 0.472405 0.411085
vt 0.456541 0.432718
vt 0.456781 0.465168
vt 0.475290 0.511318
vt 0.472405 0.555305
vt 0.506297 0.556987
vt 0.538506 0.550498
vt 0.569994 0.540402
vt 0.598357 0.493050
vt 0.572398 0.450746
vt 0.560620 0.417094
vt 0.534420 0.404836
vt 0.535381 0.396182
vt 0.538025 0.382962
vt 0.537785 0.368300
vt 0.529132 0.355560
vt 0.529612 0.332726
vt 0.526968 0.314218
vt 0.536102 0.294507
vt 0.507979 0.290421
vt 0.480337 0.298353
vt 0.469521 0.323592
vt 0.457022 0.339696
vt 0.447407 0.358205
vt 0.436591 0.381520
vt 0.444523 0.406037
vt 0.449811 0.421661
vt 0.438273 0.452188
vt 0.448369 0.501944
vt 0.440196 0.543287
vt 0.467838 0.603859
vt 0.508220 0.608426
vt 0.546198 0.602417
vt 0.579849 0.589437
vt 0.617106 0.598330
vt 0.619990 0.625492
vt 0.643306 0.632222
vt 0.668544 0.633905
vt 0.696667 0.615396
vt 0.712531 0.595686
vt 0.723107 0.579342
vt 0.713252 0.562516
vt 0.694744 0.547854
vt 0.669746 0.544729
vt 0.663496 0.504107
vt 0.628403 0.474542
vt 0.587781 0.440169
vt 0.562302 0.402192
vt 0.569273 0.378876
vt 0.563504 0.356522
vt 0.559899 0.336091
vt 0.548601 0.317102
vt 0.573599 0.290181
vt 0.544996 0.267106
vt 0.504855 0.259414
vt 0.466396 0.270230
vt 0.443081 0.300276
vt 0.382508 0.306285
vt 0.422890 0.323111
vt 0.405824 0.348350
vt 0.394286 0.382482
vt 0.405583 0.417575
vt 0.421207 0.441612
vt 0.415679 0.492329
vt 0.393084 0.534153
vt 0.370009 0.553622
vt 0.344290 0.545690
vt 0.318811 0.549296
vt 0.301505 0.565400
vt 0.280112 0.576457
vt 0.291890 0.603619
vt 0.314965 0.635107
vt 0.346694 0.635347
vt 0.371451 0.631982
vt 0.392604 0.627655
vt 0.416400 0.625252
vt 0.460868 0.646884
vt 0.503893 0.656018
vt 0.549803 0.647125
vt 0.594992 0.622848
vt 0.613020 0.667556
vt 0.642585 0.662749
vt 0.672630 0.658422
vt 0.707724 0.655297
vt 0.700994 0.632222
vt 0.725271 0.600494
vt 0.736087 0.570448
vt 0.724069 0.536556
vt 0.701715 0.513241
vt 0.715416 0.474782
vt 0.688254 0.453149
vt 0.652199 0.438246
vt 0.602203 0.415412
vt 0.611097 0.380559
vt 0.602203 0.345465
vt 0.592108 0.314218
vt 0.626480 0.298113
vt 0.604847 0.263500
vt 0.558697 0.232493
vt 0.498846 0.231532
vt 0.445244 0.237541
vt 0.397411 0.275038
vt 0.359433 0.299555
vt 0.362317 0.342100
vt 0.347174 0.389452
vt 0.358472 0.438487
vt 0.379143 0.477186
vt 0.345492 0.505549
vt 0.309677 0.514683
vt 0.289727 0.540402
vt 0.257518 0.567323
vt 0.275545 0.621886
vt 0.280112 0.651211
vt 0.244057 0.628617
vt 0.199589 0.660105
vt 0.228433 0.650490
vt 0.236365 0.681497
vt 0.262325 0.665873
vt 0.284920 0.698563
vt 0.308475 0.657941
vt 0.342367 0.660345
vt 0.370730 0.662989
vt 0.397892 0.669719
vt 0.425053 0.676690
vt 0.458945 0.686545
vt 0.502932 0.695198
vt 0.547400 0.687987
vt 0.584656 0.674527
vt 0.630807 0.732936
vt 0.666862 0.730772
vt 0.698590 0.712264
vt 0.728876 0.692314
vt 0.756999 0.658422
vt 0.738010 0.646884
vt 0.742337 0.615637
vt 0.756518 0.560112
vt 0.741375 0.509155
vt 0.733443 0.438487
vt 0.697628 0.394019
vt 0.657247 0.389212
vt 0.645229 0.339216
vt 0.655805 0.292585
vt 0.644507 0.257491
vt 0.629605 0.240906
vt 0.611577 0.225282
vt 0.585137 0.211581
vt 0.606530 0.193794
vt 0.590425 0.188506
vt 0.563985 0.201726
vt 0.537785 0.195957
vt 0.496201 0.193073
vt 0.458224 0.198121
vt 0.427937 0.206293
vt 0.391642 0.226484
vt 0.358952 0.252924
vt 0.364000 0.230089
vt 0.349818 0.216388
vt 0.329147 0.230089
vt 0.316167 0.240665
vt 0.310398 0.256289
vt 0.301505 0.272634
vt 0.342848 0.276240
vt 0.325061 0.320227
vt 0.299341 0.389212
vt 0.319292 0.451707
vt 0.292611 0.475263
vt 0.266411 0.515404
vt 0.235164 0.533912
vt 0.225549 0.577419
vt 0.202474 0.619723
vt 0.186610 0.633905
vt 0.170986 0.666114
vt 0.177235 0.698563
vt 0.206320 0.692794
vt 0.210406 0.718033
vt 0.237327 0.715389
vt 0.275786 0.745915
vt 0.321696 0.715629
vt 0.349818 0.725484
vt 0.379864 0.734137
vt 0.420005 0.743512
vt 0.462310 0.751203
vt 0.463512 0.808411
vt 0.507018 0.755290
vt 0.552447 0.750723
vt 0.594752 0.749521
vt 0.633691 0.798556
vt 0.611337 0.801200
vt 0.632489 0.852157
vt 0.614942 0.884607
vt 0.656766 0.884366
vt 0.658449 0.840139
vt 0.661333 0.784134
vt 0.684168 0.778605
vt 0.703878 0.770433
vt 0.753634 0.821631
vt 0.733203 0.803844
vt 0.754836 0.793989
vt 0.732962 0.757693
vt 0.760124 0.725484
vt 0.783920 0.758655
vt 0.819013 0.775961
vt 0.825503 0.754328
vt 0.849300 0.758174
vt 0.871413 0.752886
vt 0.881268 0.737983
vt 0.884393 0.716591
vt 0.878624 0.692073
vt 0.866366 0.668517
vt 0.856030 0.649048
vt 0.873577 0.642318
vt 0.866125 0.631020
vt 0.852905 0.629338
vt 0.824301 0.635347
vt 0.801707 0.625732
vt 0.772623 0.617560
vt 0.786564 0.566602
vt 0.778632 0.523096
vt 0.812283 0.496415
vt 0.837522 0.462283
vt 0.822619 0.411806
vt 0.808437 0.438246
vt 0.782718 0.417815
vt 0.757239 0.411085
vt 0.715896 0.361570
vt 0.677197 0.329120
vt 0.692821 0.282730
vt 0.671188 0.241627
vt 0.693542 0.214946
vt 0.653161 0.225282
vt 0.638739 0.212302
vt 0.622394 0.201966
vt 0.605328 0.157979
vt 0.632730 0.165911
vt 0.597155 0.129376
vt 0.586098 0.159902
vt 0.569994 0.174324
vt 0.544275 0.170238
vt 0.504614 0.167594
vt 0.464473 0.167113
vt 0.433706 0.178170
vt 0.407506 0.187064
vt 0.384431 0.195717
vt 0.368086 0.206053
vt 0.336358 0.192592
vt 0.306793 0.203409
vt 0.291890 0.221917
vt 0.280353 0.243790
vt 0.268815 0.259654
vt 0.290208 0.289460
vt 0.273863 0.308689
vt 0.267853 0.331043
vt 0.259681 0.361089
vt 0.251268 0.388250
vt 0.269536 0.436083
vt 0.238048 0.482714
vt 0.200311 0.501222
vt 0.191657 0.536797
vt 0.156083 0.547132
vt 0.184206 0.572371
vt 0.194301 0.597609
vt 0.159929 0.601215
vt 0.167380 0.615877
vt 0.159929 0.632703
vt 0.140700 0.649048
vt 0.137335 0.670681
vt 0.137094 0.696400
vt 0.142142 0.715870
vt 0.163294 0.721158
vt 0.186610 0.724042
vt 0.189254 0.743752
vt 0.191417 0.754088
vt 0.213771 0.735099
vt 0.243817 0.741108
vt 0.248384 0.762020
vt 0.266171 0.781249
vt 0.322897 0.765866
vt 0.366404 0.788460
vt 0.414717 0.803123
vt 0.442600 0.840379
vt 0.476972 0.851677
vt 0.512546 0.807209
vt 0.567350 0.801200
vt 0.581291 0.858166
vt 0.579368 0.897587
vt 0.601722 0.897106
vt 0.649315 0.908163
vt 0.677918 0.876675
vt 0.686091 0.829082
vt 0.712050 0.817064
vt 0.742096 0.838697
vt 0.785122 0.825717
vt 0.801707 0.804565
vt 0.776228 0.776442
vt 0.810601 0.781730
vt 0.828388 0.788220
vt 0.854347 0.775721
vt 0.881749 0.761780
vt 0.900017 0.743271
vt 0.905305 0.716110
vt 0.897613 0.686785
vt 0.884633 0.661306
vt 0.880547 0.637991
vt 0.869010 0.624290
vt 0.855309 0.619242
vt 0.845213 0.607945
vt 0.822379 0.583908
vt 0.831993 0.525980
vt 0.861078 0.479830
vt 0.850501 0.434881
vt 0.837281 0.376232
vt 0.801467 0.397865
vt 0.776709 0.375271
vt 0.736568 0.324794
vt 0.768296 0.282489
vt 0.725030 0.244752
vt 0.748105 0.200524
vt 0.706041 0.169757
vt 0.672390 0.197399
vt 0.661093 0.177449
vt 0.654362 0.138510
vt 0.625278 0.121203
vt 0.615423 0.090917
vt 0.583935 0.104618
vt 0.578166 0.133222
vt 0.561581 0.139231
vt 0.542111 0.138029
vt 0.507258 0.136346
vt 0.502691 0.100291
vt 0.467117 0.138750
vt 0.432985 0.150288
vt 0.407987 0.157739
vt 0.383710 0.162787
vt 0.360395 0.180574
vt 0.325301 0.168315
vt 0.297899 0.177209
vt 0.277228 0.182497
vt 0.280112 0.206053
vt 0.258479 0.223359
vt 0.246701 0.243069
vt 0.253912 0.273115
vt 0.238048 0.296911
vt 0.227232 0.324313
vt 0.214011 0.277201
vt 0.197907 0.300276
vt 0.219299 0.345465
vt 0.212329 0.370944
vt 0.239971 0.411085
vt 0.195263 0.412527
vt 0.223386 0.436804
vt 0.187812 0.470696
vt 0.167621 0.500501
vt 0.159929 0.525980
vt 0.120990 0.525980
vt 0.088781 0.546411
vt 0.118105 0.547854
vt 0.112817 0.575976
vt 0.151997 0.570688
vt 0.152478 0.587514
vt 0.130845 0.613474
vt 0.143103 0.624530
vt 0.124114 0.647365
vt 0.111856 0.678132
vt 0.114019 0.707697
vt 0.132047 0.727888
vt 0.157045 0.741589
vt 0.155843 0.749281
vt 0.188773 0.768510
vt 0.217377 0.755530
vt 0.230356 0.776682
vt 0.243817 0.794710
vt 0.250787 0.813218
vt 0.299582 0.805767
vt 0.309437 0.869223
vt 0.342848 0.836774
vt 0.385633 0.859849
vt 0.428178 0.875713
vt 0.465915 0.890616
vt 0.518556 0.862974
vt 0.547640 0.904317
vt 0.564225 0.930517
vt 0.598117 0.932199
vt 0.629845 0.943016
vt 0.638979 0.930517
vt 0.680082 0.943497
vt 0.707724 0.956476
vt 0.695706 0.915133
vt 0.718060 0.863214
vt 0.814206 0.886530
vt 0.801226 0.889895
vt 0.801467 0.882203
vt 0.780795 0.863935
vt 0.764450 0.879319
vt 0.816129 0.863935
vt 0.819494 0.849033
vt 0.830311 0.830524
vt 0.852665 0.824275
vt 0.831272 0.817064
vt 0.822619 0.796152
vt 0.859155 0.783413
vt 0.888720 0.765625
vt 0.905786 0.743992
vt 0.908910 0.715389
vt 0.903382 0.684622
vt 0.892806 0.657701
vt 0.890643 0.629818
vt 0.914199 0.610108
vt 0.876221 0.614675
vt 0.921409 0.581745
vt 0.883672 0.572852
vt 0.923573 0.531749
vt 0.883191 0.521173
vt 0.940398 0.490887
vt 0.910353 0.495934
vt 0.904103 0.476224
vt 0.888960 0.448823
vt 0.857472 0.336572
vt 0.807716 0.341619
vt 0.812764 0.274317
vt 0.793775 0.235137
vt 0.823100 0.230570
vt 0.815889 0.203649
vt 0.807716 0.195957
vt 0.814206 0.174324
vt 0.796900 0.188025
vt 0.777190 0.177209
vt 0.788968 0.157979
vt 0.755797 0.155576
vt 0.720463 0.124809
vt 0.685851 0.156056
vt 0.674794 0.139712
vt 0.644988 0.114954
vt 0.636095 0.097167
vt 0.620711 0.071928
vt 0.607972 0.066400
vt 0.551726 0.106541
vt 0.506297 0.068323
vt 0.484664 0.040921
vt 0.483462 0.071448
vt 0.455580 0.106060
vt 0.432024 0.080581
vt 0.422169 0.122405
vt 0.400055 0.129376
vt 0.364961 0.100291
vt 0.372894 0.128414
vt 0.347895 0.146201
vt 0.328185 0.109666
vt 0.320494 0.143557
vt 0.293813 0.150288
vt 0.276747 0.115915
vt 0.268575 0.152211
vt 0.254874 0.185141
vt 0.240932 0.162787
vt 0.239731 0.190188
vt 0.234443 0.219273
vt 0.231077 0.256289
vt 0.198388 0.253164
vt 0.168101 0.245953
vt 0.179879 0.274797
vt 0.179399 0.322150
vt 0.152718 0.304843
vt 0.158246 0.330803
vt 0.176755 0.348590
vt 0.202233 0.390654
vt 0.156324 0.386808
vt 0.190936 0.433199
vt 0.168342 0.443294
vt 0.138056 0.413008
vt 0.132768 0.468292
vt 0.051764 0.457957
vt 0.093588 0.457957
vt 0.077483 0.484397
vt 0.130845 0.500261
vt 0.089502 0.525980
vt 0.088300 0.539681
vt 0.063782 0.545690
vt 0.084935 0.556026
vt 0.083733 0.566602
vt 0.059216 0.562997
vt 0.078204 0.578861
vt 0.060177 0.600253
vt 0.085656 0.604820
vt 0.122672 0.598571
vt 0.110173 0.641837
vt 0.102001 0.678132
vt 0.108971 0.711062
vt 0.127239 0.734137
vt 0.149593 0.764904
vt 0.158968 0.777403
vt 0.135892 0.777403
vt 0.134210 0.788941
vt 0.159448 0.791104
vt 0.178197 0.789902
vt 0.203916 0.791585
vt 0.211367 0.810574
vt 0.151035 0.860330
vt 0.175312 0.834851
vt 0.182764 0.851436
vt 0.217136 0.840139
vt 0.194782 0.873069
vt 0.228433 0.856724
vt 0.266171 0.841822
vt 0.268094 0.886049
vt 0.249345 0.910566
vt 0.289006 0.903596
vt 0.282035 0.934122
vt 0.300543 0.917056
vt 0.338521 0.891818
vt 0.320974 0.934603
vt 0.358712 0.915374
vt 0.341406 0.954073
vt 0.374336 0.943497
vt 0.404382 0.915133
vt 0.505335 0.905999
vt 0.521680 0.930517
vt 0.530334 0.953351
vt 0.541390 0.932440
vt 0.558937 0.957197
vt 0.574080 0.979311
vt 0.581772 0.958159
vt 0.602203 0.980513
vt 0.602443 0.959120
vt 0.613020 0.956717
vt 0.628643 0.975225
vt 0.621432 0.950948
vt 0.652680 0.958159
vt 0.676957 0.970417
vt 0.684889 0.963447
vt 0.708205 0.968014
vt 0.732001 0.964649
vt 0.721905 0.946381
vt 0.718060 0.931959
vt 0.734645 0.938930
vt 0.736087 0.929555
vt 0.729357 0.918979
vt 0.751951 0.927392
vt 0.738010 0.912249
vt 0.729357 0.895664
vt 0.761326 0.893020
vt 0.805313 0.898308
vt 0.803390 0.902153
vt 0.830311 0.905519
vt 0.825984 0.893500
vt 0.827907 0.887010
vt 0.819254 0.876675
vt 0.835599 0.865858
vt 0.838723 0.858166
vt 0.837281 0.851196
vt 0.850982 0.849994
vt 0.850982 0.843504
vt 0.849300 0.836293
vt 0.868289 0.835332
vt 0.863962 0.831005
vt 0.872855 0.822592
vt 0.859395 0.817064
vt 0.846656 0.808170
vt 0.865404 0.793268
vt 0.900257 0.772596
vt 0.916362 0.744714
vt 0.923332 0.708899
vt 0.915641 0.674527
vt 0.904584 0.645923
vt 0.921650 0.620685
vt 0.937274 0.605301
vt 0.929342 0.595686
vt 0.949292 0.579582
vt 0.941841 0.569967
vt 0.928620 0.563718
vt 0.950013 0.559631
vt 0.944965 0.548815
vt 0.961551 0.528144
vt 0.944004 0.514683
vt 0.927899 0.506991
vt 0.947369 0.496896
vt 0.963954 0.487522
vt 0.951215 0.477426
vt 0.932707 0.469013
vt 0.953619 0.467571
vt 0.941119 0.453390
vt 0.924534 0.437285
vt 0.953619 0.436804
vt 0.936312 0.423584
vt 0.919727 0.413489
vt 0.923332 0.389452
vt 0.931745 0.396182
vt 0.938956 0.381039
vt 0.922611 0.375751
vt 0.922131 0.363252
vt 0.900017 0.358685
vt 0.875019 0.313496
vt 0.900498 0.333928
vt 0.895931 0.292344
vt 0.906987 0.302440
vt 0.911554 0.281768
vt 0.888239 0.275278
vt 0.861558 0.282730
vt 0.838964 0.283691
vt 0.835118 0.269509
vt 0.832714 0.255328
vt 0.859155 0.227926
vt 0.855068 0.217590
vt 0.879586 0.207735
vt 0.857712 0.201486
vt 0.833916 0.201726
vt 0.833195 0.183939
vt 0.826224 0.174805
vt 0.821898 0.151009
vt 0.807716 0.151730
vt 0.798582 0.132260
vt 0.780795 0.137789
vt 0.765893 0.140433
vt 0.776949 0.117357
vt 0.758441 0.125530
vt 0.744019 0.115915
vt 0.731760 0.110627
vt 0.739933 0.096926
vt 0.729597 0.092600
vt 0.714454 0.100532
vt 0.722386 0.067361
vt 0.699551 0.093561
vt 0.675515 0.107262
vt 0.678880 0.091398
vt 0.655805 0.095244
vt 0.630326 0.072409
vt 0.607010 0.050055
vt 0.588502 0.050295
vt 0.574801 0.034191
vt 0.563023 0.038517
vt 0.552207 0.032508
vt 0.541631 0.057747
vt 0.517113 0.044767
vt 0.498365 0.034191
vt 0.490192 0.019288
vt 0.472886 0.035393
vt 0.453657 0.056304
vt 0.406304 0.044527
vt 0.416400 0.032027
vt 0.381306 0.014000
vt 0.383950 0.048613
vt 0.384191 0.085389
vt 0.355106 0.074813
vt 0.336598 0.091398
vt 0.318811 0.087312
vt 0.301986 0.096205
vt 0.273382 0.078418
vt 0.260883 0.112550
vt 0.249345 0.146682
vt 0.239971 0.141875
vt 0.234443 0.159422
vt 0.223145 0.190188
vt 0.207762 0.219754
vt 0.198147 0.232012
vt 0.193100 0.213504
vt 0.182283 0.223359
vt 0.156564 0.205572
vt 0.150314 0.217590
vt 0.132287 0.199322
vt 0.138296 0.221436
vt 0.147911 0.257972
vt 0.153439 0.286335
vt 0.139738 0.287537
vt 0.136854 0.300757
vt 0.139498 0.317823
vt 0.125797 0.307487
vt 0.134691 0.324794
vt 0.145507 0.345706
vt 0.151516 0.366377
vt 0.135412 0.372146
vt 0.134450 0.392096
vt 0.118586 0.398826
vt 0.115221 0.408441
vt 0.089742 0.400509
vt 0.082291 0.407239
vt 0.070993 0.402192
vt 0.069311 0.409883
vt 0.056572 0.413008
vt 0.052005 0.437766
vt 0.035900 0.448342
vt 0.042390 0.462764
vt 0.052966 0.480791
vt 0.069551 0.498819
vt 0.084935 0.508914
vt 0.069311 0.526701
vt 0.070513 0.515885
vt 0.054408 0.523577
vt 0.057052 0.535114
vt 0.049601 0.541364
vt 0.052726 0.550738
vt 0.040948 0.557228
vt 0.049120 0.574294
vt 0.049120 0.588235
vt 0.038784 0.597609
vt 0.053447 0.619002
vt 0.069071 0.625973
vt 0.051764 0.636308
vt 0.073638 0.635587
vt 0.094790 0.631982
vt 0.079166 0.676690
vt 0.090223 0.728609
vt 0.114981 0.757453
vt 0.112096 0.783172
vt 0.130124 0.800238
vt 0.155602 0.807690
vt 0.166179 0.812978
vt 0.139017 0.818506
vt 0.125316 0.827400
vt 0.143103 0.836774
vt 0.124114 0.836053
vt 0.103683 0.836293
vt 0.117144 0.845908
vt 0.134931 0.855763
vt 0.130845 0.870906
vt 0.150795 0.867300
vt 0.174832 0.868262
vt 0.165938 0.886049
vt 0.159448 0.881722
vt 0.149834 0.897587
vt 0.168342 0.893020
vt 0.200311 0.881001
vt 0.230837 0.880761
vt 0.231318 0.902394
vt 0.232279 0.924508
vt 0.219780 0.920902
vt 0.218819 0.936045
vt 0.243576 0.932440
vt 0.267373 0.931719
vt 0.266171 0.944458
vt 0.282516 0.941093
vt 0.301986 0.935564
vt 0.308716 0.942295
vt 0.318330 0.946862
vt 0.314965 0.964408
vt 0.305591 0.961284
vt 0.300303 0.974023
vt 0.320734 0.973302
vt 0.353424 0.974984
vt 0.380105 0.972340
vt 0.400776 0.968735
vt 0.415919 0.964889
vt 0.407987 0.980753
vt 0.421928 0.981715
vt 0.442119 0.969937
vt 0.446446 0.983878
vt 0.436350 0.991089
vt 0.451734 0.997579
vt 0.460868 0.986762
vt 0.470963 0.993733
vt 0.476491 0.987964
vt 0.484183 0.985801
vt 0.489712 0.958640
vt 0.503893 0.938208
vt 0.523603 0.955034
vt 0.534660 0.974504
vt 0.544034 0.967293
vt 0.566869 0.981234
vt 0.584416 0.993252
vt 0.593550 0.988445
vt 0.618788 0.998300
vt 0.625759 0.987724
vt 0.647392 0.985561
vt 0.650036 0.974263
s 1
usemtl LionHead.001
f 1/1/1 2/2/2 3/3/3
f 4/4/4 5/5/5 6/6/6
f 5/5/5 7/7/7 6/6/6
f 8/8/8 9/9/9 10/10/10
f 11/11/11 12/12/12 13/13/13
f 14/14/14 15/15/15 16/16/16
f 17/17/17 18/18/18 19/19/19
f 18/18/18 20/20/20 19/19/19
f 19/19/19 20/20/20 21/21/21
f 22/22/22 21/21/21 23/23/23
f 23/23/23 21/21/21 24/24/24
f 21/21/21 20/20/20 24/24/24
f 20/20/20 25/25/25 24/24/24
f 24/24/24 25/25/25 26/26/26
f 26/26/26 25/25/25 27/27/27
f 27/27/27 25/25/25 28/28/28
f 25/25/25 20/20/20 28/28/28
f 20/20/20 18/18/18 28/28/28
f 28/28/28 18/18/18 29/29/29
f 30/30/30 31/31/31 32/32/32
f 33/33/33 34/34/34 35/35/35
f 36/36/36 35/35/35 37/37/37
f 35/35/35 34/34/34 37/37/37
f 37/37/37 34/34/34 38/38/38
f 34/34/34 33/33/33 38/38/38
f 38/38/38 33/33/33 39/39/39
f 33/33/33 32/32/32 39/39/39
f 32/32/32 31/31/31 39/39/39
f 39/39/39 31/31/31 40/40/40
f 41/41/41 40/40/40 42/42/42
f 40/40/40 31/31/31 42/42/42
f 31/31/31 30/30/30 42/42/42
f 42/42/42 30/30/30 43/43/43
f 30/30/30 32/32/32 43/43/43
f 43/43/43 32/32/32 44/44/44
f 44/44/44 32/32/32 45/45/45
f 32/32/32 33/33/33 45/45/45
f 45/45/45 33/33/33 46/46/46
f 33/33/33 35/35/35 46/46/46
f 35/35/35 36/36/36 46/46/46
f 46/46/46 36/36/36 47/47/47
f 36/36/36 48/48/48 47/47/47
f 47/47/47 48/48/48 49/49/49
f 50/50/50 51/51/51 52/52/52
f 53/53/53 52/52/52 54/54/54
f 52/52/52 51/51/51 54/54/54
f 54/54/54 51/51/51 55/55/55
f 56/56/56 55/55/55 57/57/57
f 55/55/55 51/51/51 57/57/57
f 58/58/58 57/57/57 59/59/59
f 60/60/60 59/59/59 61/61/61
f 59/59/59 57/57/57 61/61/61
f 57/57/57 51/51/51 61/61/61
f 61/61/61 51/51/51 62/62/62
f 51/51/51 50/50/50 62/62/62
f 62/62/62 50/50/50 63/63/63
f 50/50/50 52/52/52 63/63/63
f 52/52/52 53/53/53 63/63/63
f 63/63/63 53/53/53 64/64/64
f 53/53/53 65/65/65 64/64/64
f 64/64/64 65/65/65 66/66/66
f 67/67/67 68/68/68 69/69/69
f 70/70/70 71/71/71 72/72/72
f 73/73/73 72/72/72 74/74/74
f 72/72/72 71/71/71 74/74/74
f 71/71/71 75/75/75 74/74/74
f 74/74/74 75/75/75 76/76/76
f 75/75/75 77/77/77 76/76/76
f 77/77/77 78/78/78 76/76/76
f 76/76/76 78/78/78 79/79/79
f 79/79/79 78/78/78 80/80/80
f 80/80/80 78/78/78 81/81/81
f 81/81/81 78/78/78 82/82/82
f 78/78/78 77/77/77 82/82/82
f 77/77/77 69/69/69 82/82/82
f 69/69/69 68/68/68 82/82/82
f 83/83/83 82/82/82 84/84/84
f 82/82/82 68/68/68 84/84/84
f 85/85/85 84/84/84 86/86/86
f 84/84/84 68/68/68 86/86/86
f 68/68/68 67/67/67 86/86/86
f 86/86/86 67/67/67 87/87/87
f 87/87/87 67/67/67 88/88/88
f 67/67/67 69/69/69 88/88/88
f 88/88/88 69/69/69 89/89/89
f 69/69/69 77/77/77 89/89/89
f 77/77/77 75/75/75 89/89/89
f 89/89/89 75/75/75 90/90/90
f 75/75/75 71/71/71 90/90/90
f 91/91/91 90/90/90 92/92/92
f 90/90/90 71/71/71 92/92/92
f 92/92/92 71/71/71 93/93/93
f 93/93/93 71/71/71 94/94/94
f 71/71/71 70/70/70 94/94/94
f 95/95/95 96/96/96 97/97/97
f 96/96/96 98/98/98 97/97/97
f 97/97/97 98/98/98 99/99/99
f 98/98/98 100/100/100 99/99/99
f 100/100/100 94/94/94 99/99/99
f 94/94/94 70/70/70 99/99/99
f 99/99/99 70/70/70 101/101/101
f 101/101/101 70/70/70 102/102/102
f 70/70/70 72/72/72 102/102/102
f 72/72/72 73/73/73 102/102/102
f 102/102/102 73/73/73 103/103/103
f 73/73/73 74/74/74 103/103/103
f 103/103/103 74/74/74 104/104/104
f 74/74/74 76/76/76 104/104/104
f 76/76/76 79/79/79 104/104/104
f 104/104/104 79/79/79 105/105/105
f 79/79/79 80/80/80 105/105/105
f 105/105/105 80/80/80 106/106/106
f 80/80/80 81/81/81 106/106/106
f 106/106/106 81/81/81 107/107/107
f 81/81/81 82/82/82 107/107/107
f 82/82/82 83/83/83 107/107/107
f 107/107/107 83/83/83 108/108/108
f 108/108/108 83/83/83 109/109/109
f 109/109/109 83/83/83 110/110/110
f 83/83/83 84/84/84 110/110/110
f 84/84/84 85/85/85 110/110/110
f 110/110/110 85/85/85 111/111/111
f 66/66/66 111/111/111 112/112/112
f 111/111/111 85/85/85 112/112/112
f 112/112/112 85/85/85 113/113/113
f 85/85/85 86/86/86 113/113/113
f 86/86/86 87/87/87 113/113/113
f 113/113/113 87/87/87 114/114/114
f 114/114/114 87/87/87 115/115/115
f 87/87/87 88/88/88 115/115/115
f 88/88/88 89/89/89 115/115/115
f 89/89/89 90/90/90 115/115/115
f 115/115/115 90/90/90 116/116/116
f 90/90/90 91/91/91 116/116/116
f 116/116/116 91/91/91 117/117/117
f 91/91/91 92/92/92 117/117/117
f 92/92/92 93/93/93 117/117/117
f 117/117/117 93/93/93 118/118/118
f 118/118/118 93/93/93 119/119/119
f 93/93/93 94/94/94 119/119/119
f 94/94/94 100/100/100 119/119/119
f 100/100/100 98/98/98 119/119/119
f 119/119/119 98/98/98 120/120/120
f 98/98/98 96/96/96 120/120/120
f 120/120/120 96/96/96 121/121/121
f 122/122/122 121/121/121 123/123/123
f 121/121/121 96/96/96 123/123/123
f 96/96/96 95/95/95 123/123/123
f 123/123/123 95/95/95 124/124/124
f 124/124/124 95/95/95 125/125/125
f 95/95/95 97/97/97 125/125/125
f 125/125/125 97/97/97 126/126/126
f 97/97/97 99/99/99 126/126/126
f 126/126/126 99/99/99 127/127/127
f 99/99/99 101/101/101 127/127/127
f 101/101/101 102/102/102 127/127/127
f 127/127/127 102/102/102 128/128/128
f 102/102/102 103/103/103 128/128/128
f 128/128/128 103/103/103 129/129/129
f 103/103/103 104/104/104 129/129/129
f 129/129/129 104/104/104 130/130/130
f 104/104/104 105/105/105 130/130/130
f 130/130/130 105/105/105 131/131/131
f 105/105/105 106/106/106 131/131/131
f 131/131/131 106/106/106 132/132/132
f 106/106/106 107/107/107 132/132/132
f 107/107/107 108/108/108 132/132/132
f 132/132/132 108/108/108 133/133/133
f 133/133/133 108/108/108 49/49/49
f 49/49/49 108/108/108 134/134/134
f 108/108/108 109/109/109 134/134/134
f 134/134/134 109/109/109 135/135/135
f 135/135/135 109/109/109 136/136/136
f 109/109/109 110/110/110 136/136/136
f 136/136/136 110/110/110 137/137/137
f 110/110/110 111/111/111 137/137/137
f 111/111/111 66/66/66 137/137/137
f 66/66/66 65/65/65 137/137/137
f 137/137/137 65/65/65 138/138/138
f 65/65/65 53/53/53 138/138/138
f 53/53/53 54/54/54 138/138/138
f 138/138/138 54/54/54 139/139/139
f 54/54/54 55/55/55 139/139/139
f 139/139/139 55/55/55 140/140/140
f 55/55/55 56/56/56 140/140/140
f 140/140/140 56/56/56 141/141/141
f 141/141/141 56/56/56 142/142/142
f 56/56/56 57/57/57 142/142/142
f 57/57/57 58/58/58 142/142/142
f 142/142/142 58/58/58 143/143/143
f 58/58/58 59/59/59 143/143/143
f 59/59/59 60/60/60 143/143/143
f 143/143/143 60/60/60 144/144/144
f 144/144/144 60/60/60 145/145/145
f 60/60/60 61/61/61 145/145/145
f 145/145/145 61/61/61 146/146/146
f 61/61/61 62/62/62 146/146/146
f 146/146/146 62/62/62 147/147/147
f 62/62/62 63/63/63 147/147/147
f 63/63/63 64/64/64 147/147/147
f 147/147/147 64/64/64 148/148/148
f 64/64/64 66/66/66 148/148/148
f 148/148/148 66/66/66 149/149/149
f 66/66/66 112/112/112 149/149/149
f 149/149/149 112/112/112 150/150/150
f 112/112/112 113/113/113 150/150/150
f 113/113/113 114/114/114 150/150/150
f 150/150/150 114/114/114 151/151/151
f 114/114/114 115/115/115 151/151/151
f 115/115/115 116/116/116 151/151/151
f 151/151/151 116/116/116 152/152/152
f 116/116/116 117/117/117 152/152/152
f 117/117/117 118/118/118 152/152/152
f 152/152/152 118/118/118 153/153/153
f 118/118/118 119/119/119 153/153/153
f 153/153/153 119/119/119 154/154/154
f 119/119/119 120/120/120 154/154/154
f 154/154/154 120/120/120 155/155/155
f 120/120/120 121/121/121 155/155/155
f 121/121/121 122/122/122 155/155/155
f 155/155/155 122/122/122 156/156/156
f 156/156/156 122/122/122 157/157/157
f 122/122/122 123/123/123 157/157/157
f 157/157/157 123/123/123 158/158/158
f 123/123/123 124/124/124 158/158/158
f 158/158/158 124/124/124 159/159/159
f 159/159/159 124/124/124 160/160/160
f 124/124/124 125/125/125 160/160/160
f 161/161/161 160/160/160 162/162/162
f 160/160/160 125/125/125 162/162/162
f 125/125/125 126/126/126 162/162/162
f 162/162/162 126/126/126 163/163/163
f 126/126/126 127/127/127 163/163/163
f 163/163/163 127/127/127 164/164/164
f 127/127/127 128/128/128 164/164/164
f 128/128/128 129/129/129 164/164/164
f 164/164/164 129/129/129 165/165/165
f 165/165/165 129/129/129 166/166/166
f 129/129/129 130/130/130 166/166/166
f 130/130/130 131/131/131 166/166/166
f 166/166/166 131/131/131 167/167/167
f 131/131/131 132/132/132 167/167/167
f 132/132/132 133/133/133 167/167/167
f 167/167/167 133/133/133 168/168/168
f 133/133/133 49/49/49 168/168/168
f 49/49/49 48/48/48 168/168/168
f 168/168/168 48/48/48 169/169/169
f 48/48/48 36/36/36 169/169/169
f 36/36/36 37/37/37 169/169/169
f 169/169/169 37/37/37 170/170/170
f 37/37/37 38/38/38 170/170/170
f 170/170/170 38/38/38 171/171/171
f 38/38/38 39/39/39 171/171/171
f 171/171/171 39/39/39 172/172/172
f 39/39/39 40/40/40 172/172/172
f 40/40/40 41/41/41 172/172/172
f 172/172/172 41/41/41 173/173/173
f 173/173/173 41/41/41 174/174/174
f 41/41/41 42/42/42 174/174/174
f 42/42/42 43/43/43 174/174/174
f 174/174/174 43/43/43 175/175/175
f 175/175/175 43/43/43 176/176/176
f 43/43/43 44/44/44 176/176/176
f 176/176/176 44/44/44 177/177/177
f 44/44/44 45/45/45 177/177/177
f 177/177/177 45/45/45 178/178/178
f 45/45/45 46/46/46 178/178/178
f 46/46/46 47/47/47 178/178/178
f 178/178/178 47/47/47 179/179/179
f 47/47/47 49/49/49 179/179/179
f 49/49/49 134/134/134 179/179/179
f 179/179/179 134/134/134 180/180/180
f 134/134/134 135/135/135 180/180/180
f 180/180/180 135/135/135 181/181/181
f 181/181/181 135/135/135 182/182/182
f 135/135/135 136/136/136 182/182/182
f 182/182/182 136/136/136 183/183/183
f 136/136/136 137/137/137 183/183/183
f 137/137/137 138/138/138 183/183/183
f 138/138/138 139/139/139 183/183/183
f 183/183/183 139/139/139 184/184/184
f 139/139/139 140/140/140 184/184/184
f 184/184/184 140/140/140 185/185/185
f 140/140/140 141/141/141 185/185/185
f 185/185/185 141/141/141 186/186/186
f 187/187/187 186/186/186 188/188/188
f 186/186/186 141/141/141 188/188/188
f 141/141/141 142/142/142 188/188/188
f 188/188/188 142/142/142 189/189/189
f 142/142/142 143/143/143 189/189/189
f 143/143/143 144/144/144 189/189/189
f 189/189/189 144/144/144 190/190/190
f 144/144/144 145/145/145 190/190/190
f 190/190/190 145/145/145 191/191/191
f 145/145/145 146/146/146 191/191/191
f 191/191/191 146/146/146 192/192/192
f 146/146/146 147/147/147 192/192/192
f 147/147/147 148/148/148 192/192/192
f 193/193/193 192/192/192 194/194/194
f 192/192/192 148/148/148 194/194/194
f 148/148/148 149/149/149 194/194/194
f 194/194/194 149/149/149 195/195/195
f 195/195/195 149/149/149 196/196/196
f 149/149/149 150/150/150 196/196/196
f 150/150/150 151/151/151 196/196/196
f 196/196/196 151/151/151 197/197/197
f 151/151/151 152/152/152 197/197/197
f 152/152/152 153/153/153 197/197/197
f 197/197/197 153/153/153 198/198/198
f 153/153/153 154/154/154 198/198/198
f 198/198/198 154/154/154 199/199/199
f 154/154/154 155/155/155 199/199/199
f 155/155/155 156/156/156 199/199/199
f 200/200/200 199/199/199 201/201/201
f 199/199/199 156/156/156 201/201/201
f 156/156/156 157/157/157 201/201/201
f 201/201/201 157/157/157 202/202/202
f 202/202/202 157/157/157 203/203/203
f 157/157/157 158/158/158 203/203/203
f 158/158/158 159/159/159 203/203/203
f 203/203/203 159/159/159 204/204/204
f 159/159/159 160/160/160 204/204/204
f 204/204/204 160/160/160 205/205/205
f 160/160/160 161/161/161 205/205/205
f 205/205/205 161/161/161 206/206/206
f 206/206/206 161/161/161 207/207/207
f 161/161/161 162/162/162 207/207/207
f 162/162/162 163/163/163 207/207/207
f 163/163/163 164/164/164 207/207/207
f 207/207/207 164/164/164 208/208/208
f 164/164/164 165/165/165 208/208/208
f 208/208/208 165/165/165 209/209/209
f 209/209/209 165/165/165 210/210/210
f 165/165/165 166/166/166 210/210/210
f 166/166/166 167/167/167 210/210/210
f 167/167/167 168/168/168 210/210/210
f 210/210/210 168/168/168 211/211/211
f 168/168/168 169/169/169 211/211/211
f 169/169/169 170/170/170 211/211/211
f 211/211/211 170/170/170 212/212/212
f 170/170/170 171/171/171 212/212/212
f 212/212/212 171/171/171 213/213/213
f 171/171/171 172/172/172 213/213/213
f 172/172/172 173/173/173 213/213/213
f 213/213/213 173/173/173 214/214/214
f 214/214/214 173/173/173 215/215/215
f 173/173/173 174/174/174 215/215/215
f 174/174/174 175/175/175 215/215/215
f 175/175/175 216/216/216 215/215/215
f 215/215/215 216/216/216 217/217/217
f 218/218/218 219/219/219 220/220/220
f 220/220/220 219/219/219 221/221/221
f 219/219/219 217/217/217 221/221/221
f 217/217/217 216/216/216 221/221/221
f 221/221/221 216/216/216 222/222/222
f 222/222/222 216/216/216 223/223/223
f 216/216/216 175/175/175 223/223/223
f 223/223/223 175/175/175 224/224/224
f 175/175/175 176/176/176 224/224/224
f 224/224/224 176/176/176 225/225/225
f 176/176/176 177/177/177 225/225/225
f 225/225/225 177/177/177 226/226/226
f 177/177/177 178/178/178 226/226/226
f 178/178/178 179/179/179 226/226/226
f 226/226/226 179/179/179 227/227/227
f 179/179/179 180/180/180 227/227/227
f 227/227/227 180/180/180 228/228/228
f 180/180/180 181/181/181 228/228/228
f 228/228/228 181/181/181 229/229/229
f 229/229/229 181/181/181 230/230/230
f 181/181/181 182/182/182 230/230/230
f 230/230/230 182/182/182 231/231/231
f 182/182/182 183/183/183 231/231/231
f 183/183/183 184/184/184 231/231/231
f 231/231/231 184/184/184 232/232/232
f 184/184/184 185/185/185 232/232/232
f 232/232/232 185/185/185 233/233/233
f 185/185/185 186/186/186 233/233/233
f 233/233/233 186/186/186 234/234/234
f 186/186/186 187/187/187 234/234/234
f 234/234/234 187/187/187 235/235/235
f 29/29/29 235/235/235 236/236/236
f 236/236/236 235/235/235 237/237/237
f 235/235/235 187/187/187 237/237/237
f 187/187/187 188/188/188 237/237/237
f 237/237/237 188/188/188 238/238/238
f 188/188/188 189/189/189 238/238/238
f 189/189/189 190/190/190 238/238/238
f 238/238/238 190/190/190 239/239/239
f 190/190/190 191/191/191 239/239/239
f 239/239/239 191/191/191 240/240/240
f 191/191/191 192/192/192 240/240/240
f 192/192/192 193/193/193 240/240/240
f 240/240/240 193/193/193 16/16/16
f 16/16/16 193/193/193 241/241/241
f 193/193/193 194/194/194 241/241/241
f 241/241/241 194/194/194 242/242/242
f 242/242/242 194/194/194 243/243/243
f 194/194/194 195/195/195 243/243/243
f 195/195/195 196/196/196 243/243/243
f 196/196/196 197/197/197 243/243/243
f 243/243/243 197/197/197 244/244/244
f 197/197/197 198/198/198 244/244/244
f 198/198/198 199/199/199 244/244/244
f 199/199/199 200/200/200 244/244/244
f 244/244/244 200/200/200 245/245/245
f 245/245/245 200/200/200 246/246/246
f 200/200/200 201/201/201 246/246/246
f 246/246/246 201/201/201 247/247/247
f 247/247/247 201/201/201 248/248/248
f 201/201/201 202/202/202 248/248/248
f 202/202/202 249/249/249 248/248/248
f 248/248/248 249/249/249 250/250/250
f 250/250/250 249/249/249 251/251/251
f 251/251/251 249/249/249 252/252/252
f 249/249/249 202/202/202 252/252/252
f 252/252/252 202/202/202 253/253/253
f 202/202/202 203/203/203 253/253/253
f 253/253/253 203/203/203 254/254/254
f 254/254/254 203/203/203 255/255/255
f 203/203/203 204/204/204 255/255/255
f 255/255/255 204/204/204 256/256/256
f 256/256/256 204/204/204 257/257/257
f 204/204/204 205/205/205 257/257/257
f 205/205/205 258/258/258 257/257/257
f 257/257/257 258/258/258 259/259/259
f 260/260/260 259/259/259 261/261/261
f 259/259/259 258/258/258 261/261/261
f 261/261/261 258/258/258 262/262/262
f 262/262/262 258/258/258 263/263/263
f 264/264/264 263/263/263 265/265/265
f 263/263/263 258/258/258 265/265/265
f 258/258/258 205/205/205 265/265/265
f 205/205/205 206/206/206 265/265/265
f 265/265/265 206/206/206 266/266/266
f 206/206/206 207/207/207 266/266/266
f 207/207/207 208/208/208 266/266/266
f 266/266/266 208/208/208 267/267/267
f 267/267/267 208/208/208 268/268/268
f 208/208/208 209/209/209 268/268/268
f 209/209/209 210/210/210 268/268/268
f 210/210/210 211/211/211 268/268/268
f 211/211/211 212/212/212 268/268/268
f 268/268/268 212/212/212 269/269/269
f 269/269/269 212/212/212 270/270/270
f 212/212/212 213/213/213 270/270/270
f 213/213/213 214/214/214 270/270/270
f 270/270/270 214/214/214 271/271/271
f 271/271/271 214/214/214 272/272/272
f 214/214/214 215/215/215 272/272/272
f 215/215/215 217/217/217 272/272/272
f 272/272/272 217/217/217 273/273/273
f 217/217/217 219/219/219 273/273/273
f 273/273/273 219/219/219 274/274/274
f 219/219/219 218/218/218 274/274/274
f 274/274/274 218/218/218 275/275/275
f 276/276/276 275/275/275 277/277/277
f 275/275/275 218/218/218 277/277/277
f 218/218/218 220/220/220 277/277/277
f 278/278/278 277/277/277 279/279/279
f 277/277/277 220/220/220 279/279/279
f 220/220/220 221/221/221 279/279/279
f 221/221/221 222/222/222 279/279/279
f 279/279/279 222/222/222 280/280/280
f 280/280/280 222/222/222 281/281/281
f 222/222/222 223/223/223 281/281/281
f 223/223/223 224/224/224 281/281/281
f 281/281/281 224/224/224 282/282/282
f 224/224/224 225/225/225 282/282/282
f 282/282/282 225/225/225 283/283/283
f 225/225/225 226/226/226 283/283/283
f 226/226/226 227/227/227 283/283/283
f 283/283/283 227/227/227 284/284/284
f 227/227/227 228/228/228 284/284/284
f 284/284/284 228/228/228 285/285/285
f 228/228/228 229/229/229 285/285/285
f 286/286/286 285/285/285 287/287/287
f 285/285/285 229/229/229 287/287/287
f 287/287/287 229/229/229 288/288/288
f 229/229/229 230/230/230 288/288/288
f 288/288/288 230/230/230 289/289/289
f 230/230/230 231/231/231 289/289/289
f 231/231/231 232/232/232 289/289/289
f 289/289/289 290/290/290 291/291/291
f 291/291/291 290/290/290 292/292/292
f 293/293/293 292/292/292 294/294/294
f 294/294/294 292/292/292 295/295/295
f 292/292/292 290/290/290 295/295/295
f 295/295/295 290/290/290 296/296/296
f 290/290/290 289/289/289 296/296/296
f 289/289/289 232/232/232 296/296/296
f 232/232/232 233/233/233 296/296/296
f 296/296/296 233/233/233 297/297/297
f 297/297/297 233/233/233 298/298/298
f 233/233/233 234/234/234 298/298/298
f 299/299/299 300/300/300 301/301/301
f 301/301/301 300/300/300 302/302/302
f 300/300/300 298/298/298 302/302/302
f 298/298/298 234/234/234 302/302/302
f 234/234/234 235/235/235 302/302/302
f 302/302/302 235/235/235 303/303/303
f 235/235/235 29/29/29 303/303/303
f 29/29/29 18/18/18 303/303/303
f 303/303/303 18/18/18 304/304/304
f 18/18/18 17/17/17 304/304/304
f 304/304/304 17/17/17 305/305/305
f 17/17/17 19/19/19 305/305/305
f 305/305/305 19/19/19 306/306/306
f 19/19/19 21/21/21 306/306/306
f 306/306/306 21/21/21 307/307/307
f 21/21/21 22/22/22 307/307/307
f 307/307/307 22/22/22 308/308/308
f 308/308/308 22/22/22 309/309/309
f 22/22/22 23/23/23 309/309/309
f 309/309/309 23/23/23 310/310/310
f 310/310/310 23/23/23 311/311/311
f 23/23/23 24/24/24 311/311/311
f 24/24/24 26/26/26 311/311/311
f 311/311/311 26/26/26 312/312/312
f 26/26/26 27/27/27 312/312/312
f 27/27/27 313/313/313 312/312/312
f 312/312/312 313/313/313 314/314/314
f 314/314/314 313/313/313 315/315/315
f 315/315/315 313/313/313 316/316/316
f 316/316/316 313/313/313 317/317/317
f 313/313/313 27/27/27 317/317/317
f 27/27/27 28/28/28 317/317/317
f 317/317/317 28/28/28 318/318/318
f 28/28/28 29/29/29 318/318/318
f 29/29/29 236/236/236 318/318/318
f 318/318/318 236/236/236 319/319/319
f 236/236/236 237/237/237 319/319/319
f 237/237/237 238/238/238 319/319/319
f 238/238/238 239/239/239 319/319/319
f 319/319/319 239/239/239 320/320/320
f 320/320/320 239/239/239 321/321/321
f 239/239/239 240/240/240 321/321/321
f 240/240/240 16/16/16 321/321/321
f 321/321/321 16/16/16 322/322/322
f 16/16/16 15/15/15 322/322/322
f 322/322/322 15/15/15 323/323/323
f 324/324/324 323/323/323 325/325/325
f 323/323/323 15/15/15 325/325/325
f 15/15/15 14/14/14 325/325/325
f 325/325/325 14/14/14 326/326/326
f 326/326/326 14/14/14 327/327/327
f 14/14/14 16/16/16 327/327/327
f 16/16/16 241/241/241 327/327/327
f 327/327/327 241/241/241 328/328/328
f 241/241/241 242/242/242 328/328/328
f 328/328/328 242/242/242 329/329/329
f 242/242/242 243/243/243 329/329/329
f 243/243/243 244/244/244 329/329/329
f 244/244/244 245/245/245 329/329/329
f 329/329/329 245/245/245 330/330/330
f 245/245/245 246/246/246 330/330/330
f 330/330/330 246/246/246 331/331/331
f 246/246/246 247/247/247 331/331/331
f 332/332/332 331/331/331 333/333/333
f 331/331/331 247/247/247 333/333/333
f 333/333/333 247/247/247 334/334/334
f 247/247/247 248/248/248 334/334/334
f 334/334/334 248/248/248 335/335/335
f 248/248/248 250/250/250 335/335/335
f 250/250/250 336/336/336 335/335/335
f 335/335/335 336/336/336 337/337/337
f 337/337/337 336/336/336 338/338/338
f 338/338/338 336/336/336 339/339/339
f 336/336/336 250/250/250 339/339/339
f 250/250/250 251/251/251 339/339/339
f 339/339/339 251/251/251 340/340/340
f 251/251/251 252/252/252 340/340/340
f 340/340/340 252/252/252 341/341/341
f 252/252/252 253/253/253 341/341/341
f 341/341/341 253/253/253 342/342/342
f 253/253/253 254/254/254 342/342/342
f 342/342/342 254/254/254 343/343/343
f 254/254/254 255/255/255 343/343/343
f 343/343/343 255/255/255 344/344/344
f 255/255/255 256/256/256 344/344/344
f 344/344/344 256/256/256 345/345/345
f 256/256/256 257/257/257 345/345/345
f 345/345/345 257/257/257 346/346/346
f 346/346/346 257/257/257 347/347/347
f 257/257/257 259/259/259 347/347/347
f 259/259/259 260/260/260 347/347/347
f 347/347/347 260/260/260 348/348/348
f 260/260/260 261/261/261 348/348/348
f 348/348/348 261/261/261 349/349/349
f 261/261/261 262/262/262 349/349/349
f 349/349/349 262/262/262 350/350/350
f 350/350/350 262/262/262 351/351/351
f 262/262/262 263/263/263 351/351/351
f 263/263/263 264/264/264 351/351/351
f 351/351/351 264/264/264 352/352/352
f 352/352/352 264/264/264 353/353/353
f 264/264/264 265/265/265 353/353/353
f 265/265/265 266/266/266 353/353/353
f 353/353/353 266/266/266 354/354/354
f 354/354/354 266/266/266 355/355/355
f 266/266/266 267/267/267 355/355/355
f 355/355/355 267/267/267 356/356/356
f 356/356/356 267/267/267 357/357/357
f 357/357/357 267/267/267 358/358/358
f 267/267/267 268/268/268 358/358/358
f 268/268/268 269/269/269 358/358/358
f 358/358/358 269/269/269 359/359/359
f 269/269/269 270/270/270 359/359/359
f 270/270/270 271/271/271 359/359/359
f 359/359/359 271/271/271 360/360/360
f 360/360/360 271/271/271 361/361/361
f 271/271/271 272/272/272 361/361/361
f 362/362/362 361/361/361 363/363/363
f 361/361/361 272/272/272 363/363/363
f 363/363/363 272/272/272 364/364/364
f 272/272/272 273/273/273 364/364/364
f 365/365/365 364/364/364 366/366/366
f 364/364/364 273/273/273 366/366/366
f 273/273/273 274/274/274 366/366/366
f 366/366/366 274/274/274 367/367/367
f 274/274/274 275/275/275 367/367/367
f 367/367/367 275/275/275 368/368/368
f 368/368/368 275/275/275 369/369/369
f 369/369/369 275/275/275 370/370/370
f 275/275/275 276/276/276 370/370/370
f 371/371/371 370/370/370 372/372/372
f 370/370/370 276/276/276 372/372/372
f 372/372/372 276/276/276 373/373/373
f 276/276/276 277/277/277 373/373/373
f 277/277/277 278/278/278 373/373/373
f 373/373/373 278/278/278 374/374/374
f 375/375/375 374/374/374 376/376/376
f 374/374/374 278/278/278 376/376/376
f 278/278/278 279/279/279 376/376/376
f 376/376/376 279/279/279 377/377/377
f 279/279/279 280/280/280 377/377/377
f 377/377/377 280/280/280 378/378/378
f 378/378/378 280/280/280 379/379/379
f 379/379/379 280/280/280 380/380/380
f 280/280/280 281/281/281 380/380/380
f 281/281/281 282/282/282 380/380/380
f 380/380/380 282/282/282 381/381/381
f 282/282/282 283/283/283 381/381/381
f 283/283/283 284/284/284 381/381/381
f 381/381/381 284/284/284 382/382/382
f 284/284/284 285/285/285 382/382/382
f 285/285/285 286/286/286 382/382/382
f 382/382/382 286/286/286 383/383/383
f 383/383/383 286/286/286 384/384/384
f 384/384/384 286/286/286 385/385/385
f 286/286/286 287/287/287 385/385/385
f 287/287/287 288/288/288 385/385/385
f 385/385/385 288/288/288 386/386/386
f 288/288/288 289/289/289 386/386/386
f 289/289/289 291/291/291 386/386/386
f 386/386/386 291/291/291 387/387/387
f 291/291/291 292/292/292 387/387/387
f 292/292/292 293/293/293 387/387/387
f 388/388/388 387/387/387 389/389/389
f 387/387/387 293/293/293 389/389/389
f 389/389/389 293/293/293 390/390/390
f 293/293/293 294/294/294 390/390/390
f 390/390/390 294/294/294 391/391/391
f 294/294/294 295/295/295 391/391/391
f 391/391/391 295/295/295 392/392/392
f 295/295/295 296/296/296 392/392/392
f 296/296/296 297/297/297 392/392/392
f 392/392/392 297/297/297 393/393/393
f 297/297/297 298/298/298 393/393/393
f 298/298/298 300/300/300 393/393/393
f 393/393/393 300/300/300 394/394/394
f 300/300/300 299/299/299 394/394/394
f 394/394/394 299/299/299 395/395/395
f 299/299/299 301/301/301 395/395/395
f 395/395/395 301/301/301 396/396/396
f 396/396/396 301/301/301 397/397/397
f 301/301/301 302/302/302 397/397/397
f 302/302/302 303/303/303 397/397/397
f 303/303/303 304/304/304 397/397/397
f 397/397/397 304/304/304 398/398/398
f 304/304/304 305/305/305 398/398/398
f 398/398/398 305/305/305 399/399/399
f 399/399/399 305/305/305 400/400/400
f 305/305/305 306/306/306 400/400/400
f 306/306/306 307/307/307 400/400/400
f 307/307/307 308/308/308 400/400/400
f 400/400/400 308/308/308 401/401/401
f 308/308/308 309/309/309 401/401/401
f 401/401/401 309/309/309 402/402/402
f 309/309/309 310/310/310 402/402/402
f 402/402/402 310/310/310 403/403/403
f 403/403/403 310/310/310 404/404/404
f 310/310/310 311/311/311 404/404/404
f 404/404/404 311/311/311 405/405/405
f 311/311/311 312/312/312 405/405/405
f 312/312/312 314/314/314 405/405/405
f 405/405/405 314/314/314 406/406/406
f 406/406/406 314/314/314 407/407/407
f 314/314/314 315/315/315 407/407/407
f 407/407/407 315/315/315 408/408/408
f 315/315/315 316/316/316 408/408/408
f 408/408/408 316/316/316 409/409/409
f 316/316/316 317/317/317 409/409/409
f 317/317/317 318/318/318 409/409/409
f 409/409/409 318/318/318 410/410/410
f 318/318/318 319/319/319 410/410/410
f 319/319/319 320/320/320 410/410/410
f 410/410/410 320/320/320 411/411/411
f 320/320/320 321/321/321 411/411/411
f 321/321/321 322/322/322 411/411/411
f 411/411/411 322/322/322 412/412/412
f 322/322/322 323/323/323 412/412/412
f 412/412/412 323/323/323 413/413/413
f 323/323/323 324/324/324 413/413/413
f 413/413/413 324/324/324 414/414/414
f 414/414/414 324/324/324 415/415/415
f 324/324/324 325/325/325 415/415/415
f 325/325/325 326/326/326 415/415/415
f 415/415/415 326/326/326 416/416/416
f 326/326/326 327/327/327 416/416/416
f 327/327/327 328/328/328 416/416/416
f 416/416/416 328/328/328 417/417/417
f 328/328/328 329/329/329 417/417/417
f 329/329/329 330/330/330 417/417/417
f 418/418/418 417/417/417 419/419/419
f 417/417/417 330/330/330 419/419/419
f 330/330/330 331/331/331 419/419/419
f 331/331/331 332/332/332 419/419/419
f 419/419/419 332/332/332 420/420/420
f 420/420/420 332/332/332 421/421/421
f 421/421/421 332/332/332 422/422/422
f 332/332/332 333/333/333 422/422/422
f 333/333/333 334/334/334 422/422/422
f 422/422/422 334/334/334 423/423/423
f 334/334/334 335/335/335 423/423/423
f 335/335/335 337/337/337 423/423/423
f 423/423/423 337/337/337 424/424/424
f 424/424/424 337/337/337 425/425/425
f 337/337/337 338/338/338 425/425/425
f 426/426/426 425/425/425 427/427/427
f 425/425/425 338/338/338 427/427/427
f 427/427/427 338/338/338 428/428/428
f 338/338/338 339/339/339 428/428/428
f 428/428/428 339/339/339 429/429/429
f 339/339/339 340/340/340 429/429/429
f 340/340/340 341/341/341 429/429/429
f 429/429/429 341/341/341 430/430/430
f 341/341/341 342/342/342 430/430/430
f 430/430/430 342/342/342 431/431/431
f 432/432/432 431/431/431 433/433/433
f 431/431/431 342/342/342 433/433/433
f 342/342/342 343/343/343 433/433/433
f 433/433/433 343/343/343 434/434/434
f 343/343/343 344/344/344 434/434/434
f 434/434/434 344/344/344 435/435/435
f 344/344/344 345/345/345 435/435/435
f 435/435/435 345/345/345 436/436/436
f 345/345/345 346/346/346 436/436/436
f 436/436/436 346/346/346 437/437/437
f 346/346/346 347/347/347 437/437/437
f 347/347/347 348/348/348 437/437/437
f 437/437/437 348/348/348 438/438/438
f 348/348/348 349/349/349 438/438/438
f 438/438/438 349/349/349 439/439/439
f 440/440/440 439/439/439 441/441/441
f 439/439/439 349/349/349 441/441/441
f 349/349/349 350/350/350 441/441/441
f 441/441/441 350/350/350 442/442/442
f 350/350/350 351/351/351 442/442/442
f 442/442/442 351/351/351 443/443/443
f 351/351/351 352/352/352 443/443/443
f 443/443/443 352/352/352 444/444/444
f 352/352/352 353/353/353 444/444/444
f 353/353/353 354/354/354 444/444/444
f 444/444/444 354/354/354 445/445/445
f 354/354/354 355/355/355 445/445/445
f 355/355/355 446/446/446 445/445/445
f 447/447/447 445/445/445 448/448/448
f 445/445/445 446/446/446 448/448/448
f 448/448/448 446/446/446 449/449/449
f 446/446/446 355/355/355 449/449/449
f 355/355/355 356/356/356 449/449/449
f 449/449/449 356/356/356 450/450/450
f 356/356/356 357/357/357 450/450/450
f 450/450/450 357/357/357 451/451/451
f 357/357/357 358/358/358 451/451/451
f 452/452/452 451/451/451 453/453/453
f 451/451/451 358/358/358 453/453/453
f 358/358/358 359/359/359 453/453/453
f 453/453/453 359/359/359 454/454/454
f 359/359/359 360/360/360 454/454/454
f 454/454/454 360/360/360 455/455/455
f 360/360/360 361/361/361 455/455/455
f 455/455/455 361/361/361 456/456/456
f 361/361/361 362/362/362 456/456/456
f 456/456/456 362/362/362 457/457/457
f 458/458/458 457/457/457 459/459/459
f 457/457/457 362/362/362 459/459/459
f 460/460/460 459/459/459 461/461/461
f 459/459/459 362/362/362 461/461/461
f 362/362/362 363/363/363 461/461/461
f 461/461/461 363/363/363 462/462/462
f 363/363/363 364/364/364 462/462/462
f 364/364/364 365/365/365 462/462/462
f 462/462/462 365/365/365 463/463/463
f 365/365/365 366/366/366 463/463/463
f 463/463/463 366/366/366 464/464/464
f 366/366/366 367/367/367 464/464/464
f 367/367/367 368/368/368 464/464/464
f 464/464/464 368/368/368 465/465/465
f 368/368/368 369/369/369 465/465/465
f 465/465/465 369/369/369 466/466/466
f 369/369/369 370/370/370 466/466/466
f 466/466/466 370/370/370 467/467/467
f 370/370/370 371/371/371 467/467/467
f 467/467/467 371/371/371 468/468/468
f 468/468/468 371/371/371 469/469/469
f 371/371/371 372/372/372 469/469/469
f 372/372/372 373/373/373 469/469/469
f 373/373/373 374/374/374 469/469/469
f 374/374/374 375/375/375 469/469/469
f 469/469/469 375/375/375 470/470/470
f 470/470/470 375/375/375 471/471/471
f 471/471/471 375/375/375 472/472/472
f 375/375/375 376/376/376 472/472/472
f 376/376/376 377/377/377 472/472/472
f 377/377/377 378/378/378 472/472/472
f 472/472/472 378/378/378 473/473/473
f 378/378/378 379/379/379 473/473/473
f 473/473/473 379/379/379 474/474/474
f 474/474/474 379/379/379 475/475/475
f 475/475/475 379/379/379 476/476/476
f 379/379/379 380/380/380 476/476/476
f 380/380/380 381/381/381 476/476/476
f 477/477/477 476/476/476 478/478/478
f 476/476/476 381/381/381 478/478/478
f 381/381/381 382/382/382 478/478/478
f 478/478/478 382/382/382 479/479/479
f 382/382/382 383/383/383 479/479/479
f 479/479/479 383/383/383 480/480/480
f 383/383/383 384/384/384 480/480/480
f 480/480/480 384/384/384 481/481/481
f 481/481/481 384/384/384 482/482/482
f 384/384/384 385/385/385 482/482/482
f 385/385/385 386/386/386 482/482/482
f 386/386/386 387/387/387 482/482/482
f 482/482/482 387/387/387 483/483/483
f 387/387/387 388/388/388 483/483/483
f 483/483/483 388/388/388 484/484/484
f 484/484/484 388/388/388 485/485/485
f 388/388/388 389/389/389 485/485/485
f 486/486/486 485/485/485 487/487/487
f 485/485/485 389/389/389 487/487/487
f 389/389/389 390/390/390 487/487/487
f 487/487/487 390/390/390 488/488/488
f 489/489/489 488/488/488 490/490/490
f 488/488/488 390/390/390 490/490/490
f 390/390/390 391/391/391 490/490/490
f 490/490/490 391/391/391 491/491/491
f 391/391/391 392/392/392 491/491/491
f 392/392/392 393/393/393 491/491/491
f 393/393/393 394/394/394 491/491/491
f 492/492/492 493/493/493 494/494/494
f 494/494/494 493/493/493 495/495/495
f 493/493/493 496/496/496 495/495/495
f 496/496/496 491/491/491 495/495/495
f 491/491/491 394/394/394 495/495/495
f 394/394/394 395/395/395 495/495/495
f 497/497/497 495/495/495 498/498/498
f 495/495/495 395/395/395 498/498/498
f 498/498/498 395/395/395 499/499/499
f 500/500/500 499/499/499 501/501/501
f 499/499/499 395/395/395 501/501/501
f 395/395/395 396/396/396 501/501/501
f 501/501/501 396/396/396 502/502/502
f 396/396/396 397/397/397 502/502/502
f 397/397/397 398/398/398 502/502/502
f 398/398/398 399/399/399 502/502/502
f 502/502/502 399/399/399 503/503/503
f 399/399/399 400/400/400 503/503/503
f 400/400/400 401/401/401 503/503/503
f 503/503/503 401/401/401 504/504/504
f 401/401/401 402/402/402 504/504/504
f 504/504/504 402/402/402 505/505/505
f 505/505/505 402/402/402 506/506/506
f 402/402/402 403/403/403 506/506/506
f 506/506/506 403/403/403 507/507/507
f 403/403/403 404/404/404 507/507/507
f 507/507/507 404/404/404 508/508/508
f 404/404/404 405/405/405 508/508/508
f 405/405/405 406/406/406 508/508/508
f 508/508/508 406/406/406 509/509/509
f 510/510/510 509/509/509 511/511/511
f 509/509/509 406/406/406 511/511/511
f 406/406/406 407/407/407 511/511/511
f 407/407/407 408/408/408 511/511/511
f 408/408/408 409/409/409 511/511/511
f 512/512/512 511/511/511 513/513/513
f 511/511/511 409/409/409 513/513/513
f 409/409/409 410/410/410 513/513/513
f 410/410/410 411/411/411 513/513/513
f 514/514/514 513/513/513 515/515/515
f 513/513/513 411/411/411 515/515/515
f 411/411/411 412/412/412 515/515/515
f 516/516/516 517/517/517 518/518/518
f 517/517/517 515/515/515 518/518/518
f 515/515/515 412/412/412 518/518/518
f 518/518/518 412/412/412 519/519/519
f 412/412/412 413/413/413 519/519/519
f 519/519/519 413/413/413 13/13/13
f 413/413/413 414/414/414 13/13/13
f 13/13/13 414/414/414 520/520/520
f 520/520/520 414/414/414 521/521/521
f 414/414/414 415/415/415 521/521/521
f 415/415/415 416/416/416 521/521/521
f 416/416/416 417/417/417 521/521/521
f 417/417/417 418/418/418 521/521/521
f 521/521/521 418/418/418 522/522/522
f 522/522/522 418/418/418 523/523/523
f 418/418/418 419/419/419 523/523/523
f 419/419/419 420/420/420 523/523/523
f 524/524/524 523/523/523 525/525/525
f 523/523/523 526/526/526 525/525/525
f 525/525/525 526/526/526 527/527/527
f 527/527/527 526/526/526 528/528/528
f 526/526/526 523/523/523 528/528/528
f 523/523/523 420/420/420 528/528/528
f 420/420/420 529/529/529 528/528/528
f 528/528/528 529/529/529 530/530/530
f 530/530/530 529/529/529 531/531/531
f 529/529/529 420/420/420 531/531/531
f 420/420/420 421/421/421 531/531/531
f 531/531/531 421/421/421 532/532/532
f 532/532/532 421/421/421 533/533/533
f 421/421/421 422/422/422 533/533/533
f 422/422/422 423/423/423 533/533/533
f 533/533/533 423/423/423 534/534/534
f 423/423/423 424/424/424 534/534/534
f 534/534/534 424/424/424 535/535/535
f 424/424/424 425/425/425 535/535/535
f 535/535/535 425/425/425 536/536/536
f 425/425/425 426/426/426 536/536/536
f 536/536/536 426/426/426 537/537/537
f 537/537/537 426/426/426 538/538/538
f 538/538/538 426/426/426 10/10/10
f 426/426/426 427/427/427 10/10/10
f 10/10/10 427/427/427 539/539/539
f 427/427/427 428/428/428 539/539/539
f 428/428/428 429/429/429 539/539/539
f 429/429/429 430/430/430 539/539/539
f 430/430/430 431/431/431 539/539/539
f 431/431/431 432/432/432 539/539/539
f 539/539/539 432/432/432 540/540/540
f 541/541/541 540/540/540 542/542/542
f 540/540/540 432/432/432 542/542/542
f 542/542/542 432/432/432 543/543/543
f 432/432/432 433/433/433 543/543/543
f 544/544/544 543/543/543 545/545/545
f 543/543/543 433/433/433 545/545/545
f 433/433/433 434/434/434 545/545/545
f 434/434/434 435/435/435 545/545/545
f 545/545/545 435/435/435 546/546/546
f 435/435/435 436/436/436 546/546/546
f 547/547/547 546/546/546 548/548/548
f 546/546/546 436/436/436 548/548/548
f 548/548/548 436/436/436 549/549/549
f 436/436/436 437/437/437 549/549/549
f 437/437/437 438/438/438 549/549/549
f 550/550/550 549/549/549 551/551/551
f 549/549/549 438/438/438 551/551/551
f 551/551/551 438/438/438 552/552/552
f 438/438/438 439/439/439 552/552/552
f 439/439/439 440/440/440 552/552/552
f 553/553/553 552/552/552 554/554/554
f 552/552/552 440/440/440 554/554/554
f 554/554/554 440/440/440 555/555/555
f 440/440/440 441/441/441 555/555/555
f 441/441/441 442/442/442 555/555/555
f 556/556/556 555/555/555 557/557/557
f 557/557/557 555/555/555 558/558/558
f 555/555/555 442/442/442 558/558/558
f 442/442/442 443/443/443 558/558/558
f 558/558/558 443/443/443 559/559/559
f 443/443/443 444/444/444 559/559/559
f 444/444/444 445/445/445 559/559/559
f 445/445/445 447/447/447 559/559/559
f 559/559/559 447/447/447 560/560/560
f 561/561/561 560/560/560 562/562/562
f 560/560/560 447/447/447 562/562/562
f 447/447/447 448/448/448 562/562/562
f 562/562/562 448/448/448 563/563/563
f 448/448/448 449/449/449 563/563/563
f 564/564/564 563/563/563 565/565/565
f 565/565/565 563/563/563 566/566/566
f 563/563/563 449/449/449 566/566/566
f 449/449/449 450/450/450 566/566/566
f 566/566/566 450/450/450 567/567/567
f 450/450/450 451/451/451 567/567/567
f 451/451/451 452/452/452 567/567/567
f 567/567/567 452/452/452 568/568/568
f 568/568/568 452/452/452 569/569/569
f 452/452/452 453/453/453 569/569/569
f 453/453/453 454/454/454 569/569/569
f 454/454/454 570/570/570 569/569/569
f 569/569/569 570/570/570 571/571/571
f 571/571/571 570/570/570 572/572/572
f 570/570/570 454/454/454 572/572/572
f 454/454/454 455/455/455 572/572/572
f 573/573/573 574/574/574 575/575/575
f 574/574/574 572/572/572 575/575/575
f 575/575/575 572/572/572 576/576/576
f 572/572/572 455/455/455 576/576/576
f 455/455/455 456/456/456 576/576/576
f 456/456/456 457/457/457 576/576/576
f 576/576/576 457/457/457 577/577/577
f 577/577/577 457/457/457 578/578/578
f 457/457/457 458/458/458 578/578/578
f 578/578/578 458/458/458 579/579/579
f 579/579/579 458/458/458 580/580/580
f 458/458/458 459/459/459 580/580/580
f 459/459/459 460/460/460 580/580/580
f 460/460/460 581/581/581 580/580/580
f 580/580/580 581/581/581 582/582/582
f 582/582/582 581/581/581 583/583/583
f 581/581/581 460/460/460 583/583/583
f 584/584/584 583/583/583 585/585/585
f 583/583/583 460/460/460 585/585/585
f 585/585/585 460/460/460 586/586/586
f 460/460/460 461/461/461 586/586/586
f 461/461/461 462/462/462 586/586/586
f 462/462/462 463/463/463 586/586/586
f 586/586/586 463/463/463 587/587/587
f 463/463/463 464/464/464 587/587/587
f 464/464/464 465/465/465 587/587/587
f 465/465/465 466/466/466 587/587/587
f 587/587/587 466/466/466 588/588/588
f 466/466/466 467/467/467 588/588/588
f 588/588/588 467/467/467 589/589/589
f 467/467/467 468/468/468 589/589/589
f 589/589/589 468/468/468 590/590/590
f 468/468/468 469/469/469 590/590/590
f 469/469/469 470/470/470 590/590/590
f 590/590/590 470/470/470 591/591/591
f 470/470/470 471/471/471 591/591/591
f 471/471/471 592/592/592 591/591/591
f 591/591/591 592/592/592 593/593/593
f 593/593/593 592/592/592 594/594/594
f 594/594/594 592/592/592 595/595/595
f 595/595/595 592/592/592 596/596/596
f 592/592/592 471/471/471 596/596/596
f 596/596/596 471/471/471 597/597/597
f 471/471/471 472/472/472 597/597/597
f 472/472/472 473/473/473 597/597/597
f 473/473/473 474/474/474 597/597/597
f 597/597/597 474/474/474 598/598/598
f 474/474/474 475/475/475 598/598/598
f 599/599/599 600/600/600 601/601/601
f 601/601/601 600/600/600 602/602/602
f 600/600/600 598/598/598 602/602/602
f 598/598/598 475/475/475 602/602/602
f 603/603/603 602/602/602 604/604/604
f 604/604/604 602/602/602 605/605/605
f 602/602/602 475/475/475 605/605/605
f 475/475/475 476/476/476 605/605/605
f 476/476/476 477/477/477 605/605/605
f 605/605/605 477/477/477 606/606/606
f 607/607/607 606/606/606 608/608/608
f 606/606/606 477/477/477 608/608/608
f 609/609/609 608/608/608 610/610/610
f 610/610/610 608/608/608 611/611/611
f 608/608/608 477/477/477 611/611/611
f 477/477/477 478/478/478 611/611/611
f 478/478/478 479/479/479 611/611/611
f 612/612/612 611/611/611 613/613/613
f 611/611/611 479/479/479 613/613/613
f 614/614/614 613/613/613 615/615/615
f 615/615/615 613/613/613 616/616/616
f 613/613/613 479/479/479 616/616/616
f 479/479/479 480/480/480 616/616/616
f 616/616/616 480/480/480 3/3/3
f 480/480/480 481/481/481 3/3/3
f 3/3/3 481/481/481 617/617/617
f 481/481/481 482/482/482 617/617/617
f 482/482/482 483/483/483 617/617/617
f 617/617/617 483/483/483 618/618/618
f 619/619/619 618/618/618 620/620/620
f 618/618/618 483/483/483 620/620/620
f 483/483/483 484/484/484 620/620/620
f 620/620/620 484/484/484 621/621/621
f 622/622/622 621/621/621 623/623/623
f 621/621/621 484/484/484 623/623/623
f 484/484/484 485/485/485 623/623/623
f 624/624/624 623/623/623 625/625/625
f 623/623/623 485/485/485 625/625/625
f 485/485/485 626/626/626 625/625/625
f 625/625/625 626/626/626 627/627/627
f 627/627/627 626/626/626 628/628/628
f 626/626/626 485/485/485 628/628/628
f 485/485/485 486/486/486 628/628/628
f 628/628/628 486/486/486 629/629/629
f 486/486/486 487/487/487 629/629/629
f 630/630/630 629/629/629 631/631/631
f 629/629/629 487/487/487 631/631/631
f 487/487/487 488/488/488 631/631/631
f 488/488/488 489/489/489 631/631/631
f 631/631/631 489/489/489 632/632/632
f 632/632/632 489/489/489 633/633/633
f 633/633/633 489/489/489 634/634/634
f 489/489/489 490/490/490 634/634/634
f 490/490/490 635/635/635 634/634/634
f 634/634/634 635/635/635 636/636/636
f 636/636/636 635/635/635 637/637/637
f 635/635/635 490/490/490 637/637/637
f 490/490/490 638/638/638 637/637/637
f 637/637/637 638/638/638 639/639/639
f 639/639/639 638/638/638 640/640/640
f 640/640/640 638/638/638 641/641/641
f 638/638/638 490/490/490 641/641/641
f 490/490/490 491/491/491 641/641/641
f 491/491/491 496/496/496 641/641/641
f 641/641/641 496/496/496 642/642/642
f 496/496/496 493/493/493 642/642/642
f 493/493/493 643/643/643 642/642/642
f 642/642/642 643/643/643 644/644/644
f 644/644/644 643/643/643 645/645/645
f 645/645/645 643/643/643 646/646/646
f 643/643/643 493/493/493 646/646/646
f 493/493/493 492/492/492 646/646/646
f 646/646/646 492/492/492 647/647/647
f 647/647/647 492/492/492 648/648/648
f 492/492/492 494/494/494 648/648/648
f 494/494/494 495/495/495 648/648/648
f 495/495/495 497/497/497 648/648/648
f 648/648/648 497/497/497 649/649/649
f 649/649/649 497/497/497 650/650/650
f 497/497/497 498/498/498 650/650/650
f 498/498/498 651/651/651 650/650/650
f 650/650/650 651/651/651 652/652/652
f 652/652/652 651/651/651 653/653/653
f 651/651/651 498/498/498 653/653/653
f 498/498/498 499/499/499 653/653/653
f 499/499/499 654/654/654 653/653/653
f 653/653/653 654/654/654 655/655/655
f 655/655/655 654/654/654 656/656/656
f 654/654/654 499/499/499 656/656/656
f 499/499/499 500/500/500 656/656/656
f 656/656/656 500/500/500 657/657/657
f 657/657/657 500/500/500 658/658/658
f 658/658/658 500/500/500 659/659/659
f 500/500/500 501/501/501 659/659/659
f 501/501/501 502/502/502 659/659/659
f 659/659/659 502/502/502 660/660/660
f 502/502/502 503/503/503 660/660/660
f 503/503/503 504/504/504 660/660/660
f 660/660/660 504/504/504 661/661/661
f 661/661/661 504/504/504 662/662/662
f 504/504/504 505/505/505 662/662/662
f 505/505/505 506/506/506 662/662/662
f 662/662/662 506/506/506 663/663/663
f 506/506/506 507/507/507 663/663/663
f 663/663/663 507/507/507 664/664/664
f 507/507/507 508/508/508 664/664/664
f 664/664/664 508/508/508 665/665/665
f 508/508/508 509/509/509 665/665/665
f 665/665/665 509/509/509 666/666/666
f 509/509/509 510/510/510 666/666/666
f 666/666/666 510/510/510 667/667/667
f 667/667/667 510/510/510 668/668/668
f 510/510/510 511/511/511 668/668/668
f 511/511/511 512/512/512 668/668/668
f 668/668/668 512/512/512 669/669/669
f 669/669/669 512/512/512 670/670/670
f 512/512/512 513/513/513 670/670/670
f 513/513/513 671/671/671 670/670/670
f 670/670/670 671/671/671 672/672/672
f 672/672/672 671/671/671 673/673/673
f 671/671/671 513/513/513 673/673/673
f 513/513/513 514/514/514 673/673/673
f 673/673/673 514/514/514 674/674/674
f 674/674/674 514/514/514 675/675/675
f 675/675/675 514/514/514 676/676/676
f 514/514/514 515/515/515 676/676/676
f 515/515/515 517/517/517 676/676/676
f 517/517/517 516/516/516 676/676/676
f 676/676/676 516/516/516 677/677/677
f 677/677/677 516/516/516 678/678/678
f 678/678/678 516/516/516 679/679/679
f 516/516/516 518/518/518 679/679/679
f 518/518/518 680/680/680 679/679/679
f 679/679/679 680/680/680 681/681/681
f 681/681/681 680/680/680 682/682/682
f 680/680/680 518/518/518 682/682/682
f 518/518/518 519/519/519 682/682/682
f 519/519/519 683/683/683 682/682/682
f 682/682/682 683/683/683 684/684/684
f 684/684/684 683/683/683 685/685/685
f 685/685/685 683/683/683 686/686/686
f 683/683/683 519/519/519 686/686/686
f 519/519/519 13/13/13 686/686/686
f 13/13/13 12/12/12 686/686/686
f 12/12/12 687/687/687 686/686/686
f 686/686/686 687/687/687 688/688/688
f 688/688/688 687/687/687 689/689/689
f 689/689/689 687/687/687 690/690/690
f 687/687/687 12/12/12 690/690/690
f 12/12/12 11/11/11 690/690/690
f 690/690/690 11/11/11 691/691/691
f 691/691/691 11/11/11 692/692/692
f 11/11/11 13/13/13 692/692/692
f 13/13/13 520/520/520 692/692/692
f 520/520/520 693/693/693 692/692/692
f 692/692/692 693/693/693 694/694/694
f 693/693/693 695/695/695 694/694/694
f 694/694/694 695/695/695 696/696/696
f 696/696/696 695/695/695 697/697/697
f 697/697/697 695/695/695 698/698/698
f 698/698/698 695/695/695 699/699/699
f 695/695/695 693/693/693 699/699/699
f 699/699/699 693/693/693 701/700/700
f 693/693/693 520/520/520 701/700/700
f 520/520/520 521/521/521 701/700/700
f 521/521/521 522/522/522 701/700/700
f 702/701/701 700/700/702 704/702/703
f 701/700/700 522/522/522 703/702/703
f 522/522/522 523/523/523 703/702/703
f 523/523/523 524/524/524 703/702/703
f 703/702/703 524/524/524 705/703/704
f 524/524/524 706/704/705 705/703/704
f 705/703/704 706/704/705 707/705/706
f 707/705/706 706/704/705 708/706/707
f 708/706/707 706/704/705 709/707/708
f 706/704/705 524/524/524 709/707/708
f 524/524/524 525/525/525 709/707/708
f 709/707/708 525/525/525 710/708/709
f 710/708/709 525/525/525 711/709/710
f 525/525/525 527/527/527 711/709/710
f 711/709/710 527/527/527 712/710/711
f 712/710/711 527/527/527 713/711/712
f 527/527/527 528/528/528 713/711/712
f 528/528/528 530/530/530 713/711/712
f 713/711/712 530/530/530 714/712/713
f 714/712/713 530/530/530 715/713/714
f 530/530/530 531/531/531 715/713/714
f 531/531/531 716/714/715 715/713/714
f 715/713/714 716/714/715 717/715/716
f 717/715/716 716/714/715 718/716/717
f 716/714/715 531/531/531 718/716/717
f 531/531/531 532/532/532 718/716/717
f 718/716/717 532/532/532 719/717/718
f 532/532/532 720/718/719 719/717/718
f 719/717/718 720/718/719 721/719/720
f 721/719/720 720/718/719 722/720/721
f 720/718/719 532/532/532 722/720/721
f 532/532/532 723/721/722 722/720/721
f 722/720/721 723/721/722 724/722/723
f 724/722/723 723/721/722 725/723/724
f 723/721/722 532/532/532 725/723/724
f 532/532/532 533/533/533 725/723/724
f 533/533/533 534/534/534 725/723/724
f 534/534/534 726/724/725 725/723/724
f 725/723/724 726/724/725 727/725/726
f 727/725/726 726/724/725 728/726/727
f 726/724/725 534/534/534 728/726/727
f 534/534/534 535/535/535 728/726/727
f 535/535/535 536/536/536 728/726/727
f 536/536/536 537/537/537 728/726/727
f 728/726/727 537/537/537 729/727/728
f 729/727/728 537/537/537 730/728/729
f 537/537/537 538/538/538 730/728/729
f 730/728/729 538/538/538 731/729/730
f 538/538/538 10/10/10 731/729/730
f 10/10/10 9/9/9 731/729/730
f 731/729/730 9/9/9 732/730/731
f 732/730/731 9/9/9 733/731/732
f 9/9/9 8/8/8 733/731/732
f 733/731/732 8/8/8 734/732/733
f 734/732/733 8/8/8 735/733/734
f 8/8/8 10/10/10 735/733/734
f 10/10/10 539/539/539 735/733/734
f 539/539/539 540/540/540 735/733/734
f 735/733/734 540/540/540 736/734/735
f 736/734/735 540/540/540 737/735/736
f 540/540/540 541/541/541 737/735/736
f 737/735/736 541/541/541 738/736/737
f 738/736/737 541/541/541 739/737/738
f 739/737/738 541/541/541 740/738/739
f 541/541/541 542/542/542 740/738/739
f 542/542/542 543/543/543 740/738/739
f 543/543/543 544/544/544 740/738/739
f 544/544/544 741/739/740 740/738/739
f 740/738/739 741/739/740 742/740/741
f 742/740/741 741/739/740 743/741/742
f 743/741/742 741/739/740 744/742/743
f 744/742/743 741/739/740 745/743/744
f 741/739/740 544/544/544 745/743/744
f 544/544/544 545/545/545 745/743/744
f 545/545/545 546/546/546 745/743/744
f 546/546/546 547/547/547 745/743/744
f 745/743/744 547/547/547 746/744/745
f 746/744/745 547/547/547 747/745/746
f 547/547/547 548/548/548 747/745/746
f 548/548/548 549/549/549 747/745/746
f 549/549/549 550/550/550 747/745/746
f 747/745/746 550/550/550 748/746/747
f 748/746/747 550/550/550 749/747/748
f 550/550/550 551/551/551 749/747/748
f 551/551/551 552/552/552 749/747/748
f 552/552/552 553/553/553 749/747/748
f 749/747/748 553/553/553 750/748/749
f 750/748/749 553/553/553 751/749/750
f 751/749/750 553/553/553 752/750/751
f 553/553/553 554/554/554 752/750/751
f 554/554/554 555/555/555 752/750/751
f 555/555/555 556/556/556 752/750/751
f 752/750/751 556/556/556 753/751/752
f 753/751/752 556/556/556 754/752/753
f 754/752/753 556/556/556 755/753/754
f 556/556/556 557/557/557 755/753/754
f 557/557/557 558/558/558 755/753/754
f 755/753/754 558/558/558 756/754/755
f 558/558/558 559/559/559 756/754/755
f 559/559/559 560/560/560 756/754/755
f 560/560/560 757/755/756 756/754/755
f 756/754/755 757/755/756 758/756/757
f 758/756/757 757/755/756 759/757/758
f 757/755/756 560/560/560 759/757/758
f 560/560/560 561/561/561 759/757/758
f 759/757/758 561/561/561 760/758/759
f 561/561/561 761/759/760 760/758/759
f 760/758/759 761/759/760 762/760/761
f 762/760/761 761/759/760 763/761/762
f 761/759/760 561/561/561 763/761/762
f 763/761/762 561/561/561 764/762/763
f 561/561/561 562/562/562 764/762/763
f 764/762/763 562/562/562 765/763/764
f 562/562/562 563/563/563 765/763/764
f 563/563/563 564/564/564 765/763/764
f 765/763/764 564/564/564 766/764/765
f 766/764/765 564/564/564 767/765/766
f 564/564/564 565/565/565 767/765/766
f 565/565/565 768/766/767 767/765/766
f 767/765/766 768/766/767 769/767/768
f 769/767/768 768/766/767 770/768/769
f 770/768/769 768/766/767 771/769/770
f 768/766/767 565/565/565 771/769/770
f 771/769/770 565/565/565 772/770/771
f 565/565/565 566/566/566 772/770/771
f 566/566/566 567/567/567 772/770/771
f 567/567/567 568/568/568 772/770/771
f 772/770/771 568/568/568 773/771/772
f 773/771/772 568/568/568 774/772/773
f 568/568/568 569/569/569 774/772/773
f 569/569/569 571/571/571 774/772/773
f 774/772/773 571/571/571 775/773/774
f 775/773/774 571/571/571 776/774/775
f 571/571/571 572/572/572 776/774/775
f 572/572/572 574/574/574 776/774/775
f 574/574/574 6/6/6 776/774/775
f 6/6/6 7/7/7 776/774/775
f 776/774/775 7/7/7 777/775/776
f 777/775/776 7/7/7 778/776/777
f 7/7/7 5/5/5 778/776/777
f 778/776/777 5/5/5 779/777/778
f 779/777/778 5/5/5 780/778/779
f 5/5/5 4/4/4 780/778/779
f 780/778/779 4/4/4 781/779/780
f 781/779/780 4/4/4 782/780/781
f 4/4/4 6/6/6 782/780/781
f 6/6/6 574/574/574 782/780/781
f 574/574/574 573/573/573 782/780/781
f 782/780/781 573/573/573 783/781/782
f 783/781/782 573/573/573 784/782/783
f 784/782/783 573/573/573 785/783/784
f 573/573/573 575/575/575 785/783/784
f 785/783/784 575/575/575 786/784/785
f 786/784/785 575/575/575 787/785/786
f 575/575/575 576/576/576 787/785/786
f 576/576/576 577/577/577 787/785/786
f 577/577/577 788/786/787 787/785/786
f 787/785/786 788/786/787 789/787/788
f 789/787/788 788/786/787 790/788/789
f 790/788/789 788/786/787 791/789/790
f 788/786/787 577/577/577 791/789/790
f 577/577/577 578/578/578 791/789/790
f 578/578/578 579/579/579 791/789/790
f 791/789/790 579/579/579 792/790/791
f 792/790/791 579/579/579 793/791/792
f 579/579/579 580/580/580 793/791/792
f 580/580/580 582/582/582 793/791/792
f 793/791/792 582/582/582 794/792/793
f 794/792/793 582/582/582 795/793/794
f 582/582/582 583/583/583 795/793/794
f 795/793/794 583/583/583 796/794/795
f 583/583/583 584/584/584 796/794/795
f 796/794/795 584/584/584 797/795/796
f 797/795/796 584/584/584 798/796/797
f 584/584/584 585/585/585 798/796/797
f 585/585/585 799/797/798 798/796/797
f 798/796/797 799/797/798 800/798/799
f 800/798/799 799/797/798 801/799/800
f 801/799/800 799/797/798 802/800/801
f 799/797/798 585/585/585 802/800/801
f 585/585/585 586/586/586 802/800/801
f 586/586/586 587/587/587 802/800/801
f 802/800/801 587/587/587 803/801/802
f 587/587/587 588/588/588 803/801/802
f 803/801/802 588/588/588 804/802/803
f 588/588/588 589/589/589 804/802/803
f 804/802/803 589/589/589 805/803/804
f 589/589/589 590/590/590 805/803/804
f 590/590/590 591/591/591 805/803/804
f 591/591/591 593/593/593 805/803/804
f 805/803/804 593/593/593 806/804/805
f 593/593/593 594/594/594 806/804/805
f 806/804/805 594/594/594 807/805/806
f 807/805/806 594/594/594 808/806/807
f 594/594/594 595/595/595 808/806/807
f 808/806/807 595/595/595 809/807/808
f 595/595/595 596/596/596 809/807/808
f 596/596/596 597/597/597 809/807/808
f 597/597/597 598/598/598 809/807/808
f 598/598/598 600/600/600 809/807/808
f 809/807/808 600/600/600 810/808/809
f 810/808/809 600/600/600 811/809/810
f 600/600/600 812/810/811 811/809/810
f 812/810/811 813/811/812 811/809/810
f 811/809/810 813/811/812 814/812/813
f 814/812/813 813/811/812 815/813/814
f 815/813/814 813/811/812 816/814/815
f 813/811/812 812/810/811 816/814/815
f 812/810/811 600/600/600 816/814/815
f 600/600/600 599/599/599 816/814/815
f 816/814/815 599/599/599 817/815/816
f 817/815/816 599/599/599 818/816/817
f 818/816/817 599/599/599 819/817/818
f 599/599/599 601/601/601 819/817/818
f 601/601/601 602/602/602 819/817/818
f 602/602/602 603/603/603 819/817/818
f 603/603/603 820/818/819 819/817/818
f 819/817/818 820/818/819 821/819/820
f 821/819/820 820/818/819 822/820/821
f 822/820/821 820/818/819 823/821/822
f 823/821/822 820/818/819 824/822/823
f 820/818/819 603/603/603 824/822/823
f 824/822/823 603/603/603 825/823/824
f 603/603/603 604/604/604 825/823/824
f 604/604/604 605/605/605 825/823/824
f 605/605/605 606/606/606 825/823/824
f 606/606/606 607/607/607 825/823/824
f 825/823/824 607/607/607 826/824/825
f 607/607/607 827/825/826 826/824/825
f 826/824/825 827/825/826 828/826/827
f 828/826/827 827/825/826 829/827/828
f 829/827/828 827/825/826 830/828/829
f 830/828/829 827/825/826 831/829/830
f 827/825/826 607/607/607 831/829/830
f 607/607/607 608/608/608 831/829/830
f 608/608/608 609/609/609 831/829/830
f 831/829/830 609/609/609 832/830/831
f 832/830/831 609/609/609 833/831/832
f 833/831/832 609/609/609 834/832/833
f 609/609/609 610/610/610 834/832/833
f 610/610/610 611/611/611 834/832/833
f 611/611/611 612/612/612 834/832/833
f 834/832/833 612/612/612 835/833/834
f 835/833/834 612/612/612 836/834/835
f 612/612/612 613/613/613 836/834/835
f 613/613/613 614/614/614 836/834/835
f 614/614/614 837/835/836 836/834/835
f 836/834/835 837/835/836 838/836/837
f 838/836/837 837/835/836 839/837/838
f 839/837/838 837/835/836 840/838/839
f 840/838/839 837/835/836 841/839/840
f 837/835/836 614/614/614 841/839/840
f 614/614/614 615/615/615 841/839/840
f 841/839/840 615/615/615 842/840/841
f 842/840/841 615/615/615 843/841/842
f 615/615/615 616/616/616 843/841/842
f 616/616/616 3/3/3 843/841/842
f 3/3/3 844/842/843 843/841/842
f 843/841/842 844/842/843 845/843/844
f 845/843/844 844/842/843 846/844/845
f 844/842/843 3/3/3 846/844/845
f 3/3/3 847/845/846 846/844/845
f 847/845/846 848/846/847 846/844/845
f 846/844/845 848/846/847 849/847/848
f 849/847/848 848/846/847 850/848/849
f 850/848/849 848/846/847 851/849/850
f 848/846/847 847/845/846 851/849/850
f 847/845/846 3/3/3 851/849/850
f 3/3/3 2/2/2 851/849/850
f 851/849/850 2/2/2 852/850/851
f 852/850/851 2/2/2 853/851/852
f 2/2/2 1/1/1 853/851/852
f 853/851/852 1/1/1 854/852/853
f 854/852/853 1/1/1 855/853/854
f 1/1/1 3/3/3 855/853/854
f 855/853/854 3/3/3 856/854/855
f 3/3/3 617/617/617 856/854/855
f 617/617/617 618/618/618 856/854/855
f 618/618/618 619/619/619 856/854/855
f 856/854/855 619/619/619 857/855/856
f 857/855/856 619/619/619 858/856/857
f 858/856/857 619/619/619 859/857/858
f 619/619/619 620/620/620 859/857/858
f 620/620/620 621/621/621 859/857/858
f 621/621/621 622/622/622 859/857/858
f 859/857/858 622/622/622 860/858/859
f 860/858/859 622/622/622 861/859/860
f 861/859/860 622/622/622 862/860/861
f 622/622/622 623/623/623 862/860/861
f 623/623/623 624/624/624 862/860/861
f 862/860/861 624/624/624 863/861/862
f 863/861/862 624/624/624 864/862/863
f 624/624/624 625/625/625 864/862/863
f 625/625/625 627/627/627 864/862/863
f 864/862/863 627/627/627 865/863/864
f 865/863/864 627/627/627 866/864/865
f 627/627/627 628/628/628 866/864/865
f 628/628/628 629/629/629 866/864/865
f 629/629/629 630/630/630 866/864/865
f 867/1/866 868/2/867 869/3/868
f 870/4/869 871/5/870 872/6/871
f 871/5/870 873/7/872 872/6/871
f 874/8/873 875/9/874 876/10/875
f 877/11/876 878/12/877 879/13/878
f 880/14/879 881/15/880 882/16/881
f 883/17/882 884/18/883 885/19/884
f 884/18/883 886/20/885 885/19/884
f 885/19/884 886/20/885 887/21/886
f 888/22/887 887/21/886 889/23/888
f 889/23/888 887/21/886 890/24/889
f 887/21/886 886/20/885 890/24/889
f 886/20/885 891/25/890 890/24/889
f 890/24/889 891/25/890 892/26/891
f 892/26/891 891/25/890 893/27/892
f 893/27/892 891/25/890 894/28/893
f 891/25/890 886/20/885 894/28/893
f 886/20/885 884/18/883 894/28/893
f 894/28/893 884/18/883 895/29/894
f 896/30/895 897/31/896 898/32/897
f 899/33/898 900/34/899 901/35/900
f 902/36/901 901/35/900 903/37/902
f 901/35/900 900/34/899 903/37/902
f 903/37/902 900/34/899 904/38/903
f 900/34/899 899/33/898 904/38/903
f 904/38/903 899/33/898 905/39/904
f 899/33/898 898/32/897 905/39/904
f 898/32/897 897/31/896 905/39/904
f 905/39/904 897/31/896 906/40/905
f 907/41/906 906/40/905 908/42/907
f 906/40/905 897/31/896 908/42/907
f 897/31/896 896/30/895 908/42/907
f 908/42/907 896/30/895 909/43/908
f 896/30/895 898/32/897 909/43/908
f 909/43/908 898/32/897 910/44/909
f 910/44/909 898/32/897 911/45/910
f 898/32/897 899/33/898 911/45/910
f 911/45/910 899/33/898 912/46/911
f 899/33/898 901/35/900 912/46/911
f 901/35/900 902/36/901 912/46/911
f 912/46/911 902/36/901 913/47/912
f 902/36/901 914/48/913 913/47/912
f 913/47/912 914/48/913 915/49/914
f 916/50/915 917/51/916 918/52/917
f 919/53/918 918/52/917 920/54/919
f 918/52/917 917/51/916 920/54/919
f 920/54/919 917/51/916 921/55/920
f 922/56/921 921/55/920 923/57/922
f 921/55/920 917/51/916 923/57/922
f 924/58/923 923/57/922 925/59/924
f 926/60/925 925/59/924 927/61/926
f 925/59/924 923/57/922 927/61/926
f 923/57/922 917/51/916 927/61/926
f 927/61/926 917/51/916 928/62/927
f 917/51/916 916/50/915 928/62/927
f 928/62/927 916/50/915 929/63/928
f 916/50/915 918/52/917 929/63/928
f 918/52/917 919/53/918 929/63/928
f 929/63/928 919/53/918 930/64/929
f 919/53/918 931/65/930 930/64/929
f 930/64/929 931/65/930 932/66/931
f 933/67/932 934/68/933 935/69/934
f 936/70/935 937/71/936 938/72/937
f 939/73/938 938/72/937 940/74/939
f 938/72/937 937/71/936 940/74/939
f 937/71/936 941/75/940 940/74/939
f 940/74/939 941/75/940 942/76/941
f 941/75/940 943/77/942 942/76/941
f 943/77/942 944/78/943 942/76/941
f 942/76/941 944/78/943 945/79/944
f 945/79/944 944/78/943 946/80/945
f 946/80/945 944/78/943 947/81/946
f 947/81/946 944/78/943 948/82/947
f 944/78/943 943/77/942 948/82/947
f 943/77/942 935/69/934 948/82/947
f 935/69/934 934/68/933 948/82/947
f 949/83/948 948/82/947 950/84/949
f 948/82/947 934/68/933 950/84/949
f 951/85/950 950/84/949 952/86/951
f 950/84/949 934/68/933 952/86/951
f 934/68/933 933/67/932 952/86/951
f 952/86/951 933/67/932 953/87/952
f 953/87/952 933/67/932 954/88/953
f 933/67/932 935/69/934 954/88/953
f 954/88/953 935/69/934 955/89/954
f 935/69/934 943/77/942 955/89/954
f 943/77/942 941/75/940 955/89/954
f 955/89/954 941/75/940 956/90/955
f 941/75/940 937/71/936 956/90/955
f 957/91/956 956/90/955 958/92/957
f 956/90/955 937/71/936 958/92/957
f 958/92/957 937/71/936 959/93/958
f 959/93/958 937/71/936 960/94/959
f 937/71/936 936/70/935 960/94/959
f 961/95/960 962/96/961 963/97/962
f 962/96/961 964/98/963 963/97/962
f 963/97/962 964/98/963 965/99/964
f 964/98/963 966/100/965 965/99/964
f 966/100/965 960/94/959 965/99/964
f 960/94/959 936/70/935 965/99/964
f 965/99/964 936/70/935 967/101/966
f 967/101/966 936/70/935 968/102/967
f 936/70/935 938/72/937 968/102/967
f 938/72/937 939/73/938 968/102/967
f 968/102/967 939/73/938 969/103/968
f 939/73/938 940/74/939 969/103/968
f 969/103/968 940/74/939 970/104/969
f 940/74/939 942/76/941 970/104/969
f 942/76/941 945/79/944 970/104/969
f 970/104/969 945/79/944 971/105/970
f 945/79/944 946/80/945 971/105/970
f 971/105/970 946/80/945 972/106/971
f 946/80/945 947/81/946 972/106/971
f 972/106/971 947/81/946 973/107/972
f 947/81/946 948/82/947 973/107/972
f 948/82/947 949/83/948 973/107/972
f 973/107/972 949/83/948 974/108/973
f 974/108/973 949/83/948 975/109/974
f 975/109/974 949/83/948 976/110/975
f 949/83/948 950/84/949 976/110/975
f 950/84/949 951/85/950 976/110/975
f 976/110/975 951/85/950 977/111/976
f 932/66/931 977/111/976 978/112/977
f 977/111/976 951/85/950 978/112/977
f 978/112/977 951/85/950 979/113/978
f 951/85/950 952/86/951 979/113/978
f 952/86/951 953/87/952 979/113/978
f 979/113/978 953/87/952 980/114/979
f 980/114/979 953/87/952 981/115/980
f 953/87/952 954/88/953 981/115/980
f 954/88/953 955/89/954 981/115/980
f 955/89/954 956/90/955 981/115/980
f 981/115/980 956/90/955 982/116/981
f 956/90/955 957/91/956 982/116/981
f 982/116/981 957/91/956 983/117/982
f 957/91/956 958/92/957 983/117/982
f 958/92/957 959/93/958 983/117/982
f 983/117/982 959/93/958 984/118/983
f 984/118/983 959/93/958 985/119/984
f 959/93/958 960/94/959 985/119/984
f 960/94/959 966/100/965 985/119/984
f 966/100/965 964/98/963 985/119/984
f 985/119/984 964/98/963 986/120/985
f 964/98/963 962/96/961 986/120/985
f 986/120/985 962/96/961 987/121/986
f 988/122/987 987/121/986 989/123/988
f 987/121/986 962/96/961 989/123/988
f 962/96/961 961/95/960 989/123/988
f 989/123/988 961/95/960 990/124/989
f 990/124/989 961/95/960 991/125/990
f 961/95/960 963/97/962 991/125/990
f 991/125/990 963/97/962 992/126/991
f 963/97/962 965/99/964 992/126/991
f 992/126/991 965/99/964 993/127/992
f 965/99/964 967/101/966 993/127/992
f 967/101/966 968/102/967 993/127/992
f 993/127/992 968/102/967 994/128/993
f 968/102/967 969/103/968 994/128/993
f 994/128/993 969/103/968 995/129/994
f 969/103/968 970/104/969 995/129/994
f 995/129/994 970/104/969 996/130/995
f 970/104/969 971/105/970 996/130/995
f 996/130/995 971/105/970 997/131/996
f 971/105/970 972/106/971 997/131/996
f 997/131/996 972/106/971 998/132/997
f 972/106/971 973/107/972 998/132/997
f 973/107/972 974/108/973 998/132/997
f 998/132/997 974/108/973 999/133/998
f 999/133/998 974/108/973 915/49/914
f 915/49/914 974/108/973 1000/134/999
f 974/108/973 975/109/974 1000/134/999
f 1000/134/999 975/109/974 1001/135/1000
f 1001/135/1000 975/109/974 1002/136/1001
f 975/109/974 976/110/975 1002/136/1001
f 1002/136/1001 976/110/975 1003/137/1002
f 976/110/975 977/111/976 1003/137/1002
f 977/111/976 932/66/931 1003/137/1002
f 932/66/931 931/65/930 1003/137/1002
f 1003/137/1002 931/65/930 1004/138/1003
f 931/65/930 919/53/918 1004/138/1003
f 919/53/918 920/54/919 1004/138/1003
f 1004/138/1003 920/54/919 1005/139/1004
f 920/54/919 921/55/920 1005/139/1004
f 1005/139/1004 921/55/920 1006/140/1005
f 921/55/920 922/56/921 1006/140/1005
f 1006/140/1005 922/56/921 1007/141/1006
f 1007/141/1006 922/56/921 1008/142/1007
f 922/56/921 923/57/922 1008/142/1007
f 923/57/922 924/58/923 1008/142/1007
f 1008/142/1007 924/58/923 1009/143/1008
f 924/58/923 925/59/924 1009/143/1008
f 925/59/924 926/60/925 1009/143/1008
f 1009/143/1008 926/60/925 1010/144/1009
f 1010/144/1009 926/60/925 1011/145/1010
f 926/60/925 927/61/926 1011/145/1010
f 1011/145/1010 927/61/926 1012/146/1011
f 927/61/926 928/62/927 1012/146/1011
f 1012/146/1011 928/62/927 1013/147/1012
f 928/62/927 929/63/928 1013/147/1012
f 929/63/928 930/64/929 1013/147/1012
f 1013/147/1012 930/64/929 1014/148/1013
f 930/64/929 932/66/931 1014/148/1013
f 1014/148/1013 932/66/931 1015/149/1014
f 932/66/931 978/112/977 1015/149/1014
f 1015/149/1014 978/112/977 1016/150/1015
f 978/112/977 979/113/978 1016/150/1015
f 979/113/978 980/114/979 1016/150/1015
f 1016/150/1015 980/114/979 1017/151/1016
f 980/114/979 981/115/980 1017/151/1016
f 981/115/980 982/116/981 1017/151/1016
f 1017/151/1016 982/116/981 1018/152/1017
f 982/116/981 983/117/982 1018/152/1017
f 983/117/982 984/118/983 1018/152/1017
f 1018/152/1017 984/118/983 1019/153/1018
f 984/118/983 985/119/984 1019/153/1018
f 1019/153/1018 985/119/984 1020/154/1019
f 985/119/984 986/120/985 1020/154/1019
f 1020/154/1019 986/120/985 1021/155/1020
f 986/120/985 987/121/986 1021/155/1020
f 987/121/986 988/122/987 1021/155/1020
f 1021/155/1020 988/122/987 1022/156/1021
f 1022/156/1021 988/122/987 1023/157/1022
f 988/122/987 989/123/988 1023/157/1022
f 1023/157/1022 989/123/988 1024/158/1023
f 989/123/988 990/124/989 1024/158/1023
f 1024/158/1023 990/124/989 1025/159/1024
f 1025/159/1024 990/124/989 1026/160/1025
f 990/124/989 991/125/990 1026/160/1025
f 1027/161/1026 1026/160/1025 1028/162/1027
f 1026/160/1025 991/125/990 1028/162/1027
f 991/125/990 992/126/991 1028/162/1027
f 1028/162/1027 992/126/991 1029/163/1028
f 992/126/991 993/127/992 1029/163/1028
f 1029/163/1028 993/127/992 1030/164/1029
f 993/127/992 994/128/993 1030/164/1029
f 994/128/993 995/129/994 1030/164/1029
f 1030/164/1029 995/129/994 1031/165/1030
f 1031/165/1030 995/129/994 1032/166/1031
f 995/129/994 996/130/995 1032/166/1031
f 996/130/995 997/131/996 1032/166/1031
f 1032/166/1031 997/131/996 1033/167/1032
f 997/131/996 998/132/997 1033/167/1032
f 998/132/997 999/133/998 1033/167/1032
f 1033/167/1032 999/133/998 1034/168/1033
f 999/133/998 915/49/914 1034/168/1033
f 915/49/914 914/48/913 1034/168/1033
f 1034/168/1033 914/48/913 1035/169/1034
f 914/48/913 902/36/901 1035/169/1034
f 902/36/901 903/37/902 1035/169/1034
f 1035/169/1034 903/37/902 1036/170/1035
f 903/37/902 904/38/903 1036/170/1035
f 1036/170/1035 904/38/903 1037/171/1036
f 904/38/903 905/39/904 1037/171/1036
f 1037/171/1036 905/39/904 1038/172/1037
f 905/39/904 906/40/905 1038/172/1037
f 906/40/905 907/41/906 1038/172/1037
f 1038/172/1037 907/41/906 1039/173/1038
f 1039/173/1038 907/41/906 1040/174/1039
f 907/41/906 908/42/907 1040/174/1039
f 908/42/907 909/43/908 1040/174/1039
f 1040/174/1039 909/43/908 1041/175/1040
f 1041/175/1040 909/43/908 1042/176/1041
f 909/43/908 910/44/909 1042/176/1041
f 1042/176/1041 910/44/909 1043/177/1042
f 910/44/909 911/45/910 1043/177/1042
f 1043/177/1042 911/45/910 1044/178/1043
f 911/45/910 912/46/911 1044/178/1043
f 912/46/911 913/47/912 1044/178/1043
f 1044/178/1043 913/47/912 1045/179/1044
f 913/47/912 915/49/914 1045/179/1044
f 915/49/914 1000/134/999 1045/179/1044
f 1045/179/1044 1000/134/999 1046/180/1045
f 1000/134/999 1001/135/1000 1046/180/1045
f 1046/180/1045 1001/135/1000 1047/181/1046
f 1047/181/1046 1001/135/1000 1048/182/1047
f 1001/135/1000 1002/136/1001 1048/182/1047
f 1048/182/1047 1002/136/1001 1049/183/1048
f 1002/136/1001 1003/137/1002 1049/183/1048
f 1003/137/1002 1004/138/1003 1049/183/1048
f 1004/138/1003 1005/139/1004 1049/183/1048
f 1049/183/1048 1005/139/1004 1050/184/1049
f 1005/139/1004 1006/140/1005 1050/184/1049
f 1050/184/1049 1006/140/1005 1051/185/1050
f 1006/140/1005 1007/141/1006 1051/185/1050
f 1051/185/1050 1007/141/1006 1052/186/1051
f 1053/187/1052 1052/186/1051 1054/188/1053
f 1052/186/1051 1007/141/1006 1054/188/1053
f 1007/141/1006 1008/142/1007 1054/188/1053
f 1054/188/1053 1008/142/1007 1055/189/1054
f 1008/142/1007 1009/143/1008 1055/189/1054
f 1009/143/1008 1010/144/1009 1055/189/1054
f 1055/189/1054 1010/144/1009 1056/190/1055
f 1010/144/1009 1011/145/1010 1056/190/1055
f 1056/190/1055 1011/145/1010 1057/191/1056
f 1011/145/1010 1012/146/1011 1057/191/1056
f 1057/191/1056 1012/146/1011 1058/192/1057
f 1012/146/1011 1013/147/1012 1058/192/1057
f 1013/147/1012 1014/148/1013 1058/192/1057
f 1059/193/1058 1058/192/1057 1060/194/1059
f 1058/192/1057 1014/148/1013 1060/194/1059
f 1014/148/1013 1015/149/1014 1060/194/1059
f 1060/194/1059 1015/149/1014 1061/195/1060
f 1061/195/1060 1015/149/1014 1062/196/1061
f 1015/149/1014 1016/150/1015 1062/196/1061
f 1016/150/1015 1017/151/1016 1062/196/1061
f 1062/196/1061 1017/151/1016 1063/197/1062
f 1017/151/1016 1018/152/1017 1063/197/1062
f 1018/152/1017 1019/153/1018 1063/197/1062
f 1063/197/1062 1019/153/1018 1064/198/1063
f 1019/153/1018 1020/154/1019 1064/198/1063
f 1064/198/1063 1020/154/1019 1065/199/1064
f 1020/154/1019 1021/155/1020 1065/199/1064
f 1021/155/1020 1022/156/1021 1065/199/1064
f 1066/200/1065 1065/199/1064 1067/201/1066
f 1065/199/1064 1022/156/1021 1067/201/1066
f 1022/156/1021 1023/157/1022 1067/201/1066
f 1067/201/1066 1023/157/1022 1068/202/1067
f 1068/202/1067 1023/157/1022 1069/203/1068
f 1023/157/1022 1024/158/1023 1069/203/1068
f 1024/158/1023 1025/159/1024 1069/203/1068
f 1069/203/1068 1025/159/1024 1070/204/1069
f 1025/159/1024 1026/160/1025 1070/204/1069
f 1070/204/1069 1026/160/1025 1071/205/1070
f 1026/160/1025 1027/161/1026 1071/205/1070
f 1071/205/1070 1027/161/1026 1072/206/1071
f 1072/206/1071 1027/161/1026 1073/207/1072
f 1027/161/1026 1028/162/1027 1073/207/1072
f 1028/162/1027 1029/163/1028 1073/207/1072
f 1029/163/1028 1030/164/1029 1073/207/1072
f 1073/207/1072 1030/164/1029 1074/208/1073
f 1030/164/1029 1031/165/1030 1074/208/1073
f 1074/208/1073 1031/165/1030 1075/209/1074
f 1075/209/1074 1031/165/1030 1076/210/1075
f 1031/165/1030 1032/166/1031 1076/210/1075
f 1032/166/1031 1033/167/1032 1076/210/1075
f 1033/167/1032 1034/168/1033 1076/210/1075
f 1076/210/1075 1034/168/1033 1077/211/1076
f 1034/168/1033 1035/169/1034 1077/211/1076
f 1035/169/1034 1036/170/1035 1077/211/1076
f 1077/211/1076 1036/170/1035 1078/212/1077
f 1036/170/1035 1037/171/1036 1078/212/1077
f 1078/212/1077 1037/171/1036 1079/213/1078
f 1037/171/1036 1038/172/1037 1079/213/1078
f 1038/172/1037 1039/173/1038 1079/213/1078
f 1079/213/1078 1039/173/1038 1080/214/1079
f 1080/214/1079 1039/173/1038 1081/215/1080
f 1039/173/1038 1040/174/1039 1081/215/1080
f 1040/174/1039 1041/175/1040 1081/215/1080
f 1041/175/1040 1082/216/1081 1081/215/1080
f 1081/215/1080 1082/216/1081 1083/217/1082
f 1084/218/1083 1085/219/1084 1086/220/1085
f 1086/220/1085 1085/219/1084 1087/221/1086
f 1085/219/1084 1083/217/1082 1087/221/1086
f 1083/217/1082 1082/216/1081 1087/221/1086
f 1087/221/1086 1082/216/1081 1088/222/1087
f 1088/222/1087 1082/216/1081 1089/223/1088
f 1082/216/1081 1041/175/1040 1089/223/1088
f 1089/223/1088 1041/175/1040 1090/224/1089
f 1041/175/1040 1042/176/1041 1090/224/1089
f 1090/224/1089 1042/176/1041 1091/225/1090
f 1042/176/1041 1043/177/1042 1091/225/1090
f 1091/225/1090 1043/177/1042 1092/226/1091
f 1043/177/1042 1044/178/1043 1092/226/1091
f 1044/178/1043 1045/179/1044 1092/226/1091
f 1092/226/1091 1045/179/1044 1093/227/1092
f 1045/179/1044 1046/180/1045 1093/227/1092
f 1093/227/1092 1046/180/1045 1094/228/1093
f 1046/180/1045 1047/181/1046 1094/228/1093
f 1094/228/1093 1047/181/1046 1095/229/1094
f 1095/229/1094 1047/181/1046 1096/230/1095
f 1047/181/1046 1048/182/1047 1096/230/1095
f 1096/230/1095 1048/182/1047 1097/231/1096
f 1048/182/1047 1049/183/1048 1097/231/1096
f 1049/183/1048 1050/184/1049 1097/231/1096
f 1097/231/1096 1050/184/1049 1098/232/1097
f 1050/184/1049 1051/185/1050 1098/232/1097
f 1098/232/1097 1051/185/1050 1099/233/1098
f 1051/185/1050 1052/186/1051 1099/233/1098
f 1099/233/1098 1052/186/1051 1100/234/1099
f 1052/186/1051 1053/187/1052 1100/234/1099
f 1100/234/1099 1053/187/1052 1101/235/1100
f 895/29/894 1101/235/1100 1102/236/1101
f 1102/236/1101 1101/235/1100 1103/237/1102
f 1101/235/1100 1053/187/1052 1103/237/1102
f 1053/187/1052 1054/188/1053 1103/237/1102
f 1103/237/1102 1054/188/1053 1104/238/1103
f 1054/188/1053 1055/189/1054 1104/238/1103
f 1055/189/1054 1056/190/1055 1104/238/1103
f 1104/238/1103 1056/190/1055 1105/239/1104
f 1056/190/1055 1057/191/1056 1105/239/1104
f 1105/239/1104 1057/191/1056 1106/240/1105
f 1057/191/1056 1058/192/1057 1106/240/1105
f 1058/192/1057 1059/193/1058 1106/240/1105
f 1106/240/1105 1059/193/1058 882/16/881
f 882/16/881 1059/193/1058 1107/241/1106
f 1059/193/1058 1060/194/1059 1107/241/1106
f 1107/241/1106 1060/194/1059 1108/242/1107
f 1108/242/1107 1060/194/1059 1109/243/1108
f 1060/194/1059 1061/195/1060 1109/243/1108
f 1061/195/1060 1062/196/1061 1109/243/1108
f 1062/196/1061 1063/197/1062 1109/243/1108
f 1109/243/1108 1063/197/1062 1110/244/1109
f 1063/197/1062 1064/198/1063 1110/244/1109
f 1064/198/1063 1065/199/1064 1110/244/1109
f 1065/199/1064 1066/200/1065 1110/244/1109
f 1110/244/1109 1066/200/1065 1111/245/1110
f 1111/245/1110 1066/200/1065 1112/246/1111
f 1066/200/1065 1067/201/1066 1112/246/1111
f 1112/246/1111 1067/201/1066 1113/247/1112
f 1113/247/1112 1067/201/1066 1114/248/1113
f 1067/201/1066 1068/202/1067 1114/248/1113
f 1068/202/1067 1115/249/1114 1114/248/1113
f 1114/248/1113 1115/249/1114 1116/250/1115
f 1116/250/1115 1115/249/1114 1117/251/1116
f 1117/251/1116 1115/249/1114 1118/252/1117
f 1115/249/1114 1068/202/1067 1118/252/1117
f 1118/252/1117 1068/202/1067 1119/253/1118
f 1068/202/1067 1069/203/1068 1119/253/1118
f 1119/253/1118 1069/203/1068 1120/254/1119
f 1120/254/1119 1069/203/1068 1121/255/1120
f 1069/203/1068 1070/204/1069 1121/255/1120
f 1121/255/1120 1070/204/1069 1122/256/1121
f 1122/256/1121 1070/204/1069 1123/257/1122
f 1070/204/1069 1071/205/1070 1123/257/1122
f 1071/205/1070 1124/258/1123 1123/257/1122
f 1123/257/1122 1124/258/1123 1125/259/1124
f 1126/260/1125 1125/259/1124 1127/261/1126
f 1125/259/1124 1124/258/1123 1127/261/1126
f 1127/261/1126 1124/258/1123 1128/262/1127
f 1128/262/1127 1124/258/1123 1129/263/1128
f 1130/264/1129 1129/263/1128 1131/265/1130
f 1129/263/1128 1124/258/1123 1131/265/1130
f 1124/258/1123 1071/205/1070 1131/265/1130
f 1071/205/1070 1072/206/1071 1131/265/1130
f 1131/265/1130 1072/206/1071 1132/266/1131
f 1072/206/1071 1073/207/1072 1132/266/1131
f 1073/207/1072 1074/208/1073 1132/266/1131
f 1132/266/1131 1074/208/1073 1133/267/1132
f 1133/267/1132 1074/208/1073 1134/268/1133
f 1074/208/1073 1075/209/1074 1134/268/1133
f 1075/209/1074 1076/210/1075 1134/268/1133
f 1076/210/1075 1077/211/1076 1134/268/1133
f 1077/211/1076 1078/212/1077 1134/268/1133
f 1134/268/1133 1078/212/1077 1135/269/1134
f 1135/269/1134 1078/212/1077 1136/270/1135
f 1078/212/1077 1079/213/1078 1136/270/1135
f 1079/213/1078 1080/214/1079 1136/270/1135
f 1136/270/1135 1080/214/1079 1137/271/1136
f 1137/271/1136 1080/214/1079 1138/272/1137
f 1080/214/1079 1081/215/1080 1138/272/1137
f 1081/215/1080 1083/217/1082 1138/272/1137
f 1138/272/1137 1083/217/1082 1139/273/1138
f 1083/217/1082 1085/219/1084 1139/273/1138
f 1139/273/1138 1085/219/1084 1140/274/1139
f 1085/219/1084 1084/218/1083 1140/274/1139
f 1140/274/1139 1084/218/1083 1141/275/1140
f 1142/276/1141 1141/275/1140 1143/277/1142
f 1141/275/1140 1084/218/1083 1143/277/1142
f 1084/218/1083 1086/220/1085 1143/277/1142
f 1144/278/1143 1143/277/1142 1145/279/1144
f 1143/277/1142 1086/220/1085 1145/279/1144
f 1086/220/1085 1087/221/1086 1145/279/1144
f 1087/221/1086 1088/222/1087 1145/279/1144
f 1145/279/1144 1088/222/1087 1146/280/1145
f 1146/280/1145 1088/222/1087 1147/281/1146
f 1088/222/1087 1089/223/1088 1147/281/1146
f 1089/223/1088 1090/224/1089 1147/281/1146
f 1147/281/1146 1090/224/1089 1148/282/1147
f 1090/224/1089 1091/225/1090 1148/282/1147
f 1148/282/1147 1091/225/1090 1149/283/1148
f 1091/225/1090 1092/226/1091 1149/283/1148
f 1092/226/1091 1093/227/1092 1149/283/1148
f 1149/283/1148 1093/227/1092 1150/284/1149
f 1093/227/1092 1094/228/1093 1150/284/1149
f 1150/284/1149 1094/228/1093 1151/285/1150
f 1094/228/1093 1095/229/1094 1151/285/1150
f 1152/286/1151 1151/285/1150 1153/287/1152
f 1151/285/1150 1095/229/1094 1153/287/1152
f 1153/287/1152 1095/229/1094 1154/288/1153
f 1095/229/1094 1096/230/1095 1154/288/1153
f 1154/288/1153 1096/230/1095 1155/289/1154
f 1096/230/1095 1097/231/1096 1155/289/1154
f 1097/231/1096 1098/232/1097 1155/289/1154
f 1155/289/1154 1156/290/1155 1157/291/1156
f 1157/291/1156 1156/290/1155 1158/292/1157
f 1159/293/1158 1158/292/1157 1160/294/1159
f 1160/294/1159 1158/292/1157 1161/295/1160
f 1158/292/1157 1156/290/1155 1161/295/1160
f 1161/295/1160 1156/290/1155 1162/296/1161
f 1156/290/1155 1155/289/1154 1162/296/1161
f 1155/289/1154 1098/232/1097 1162/296/1161
f 1098/232/1097 1099/233/1098 1162/296/1161
f 1162/296/1161 1099/233/1098 1163/297/1162
f 1163/297/1162 1099/233/1098 1164/298/1163
f 1099/233/1098 1100/234/1099 1164/298/1163
f 1165/299/1164 1166/300/1165 1167/301/1166
f 1167/301/1166 1166/300/1165 1168/302/1167
f 1166/300/1165 1164/298/1163 1168/302/1167
f 1164/298/1163 1100/234/1099 1168/302/1167
f 1100/234/1099 1101/235/1100 1168/302/1167
f 1168/302/1167 1101/235/1100 1169/303/1168
f 1101/235/1100 895/29/894 1169/303/1168
f 895/29/894 884/18/883 1169/303/1168
f 1169/303/1168 884/18/883 1170/304/1169
f 884/18/883 883/17/882 1170/304/1169
f 1170/304/1169 883/17/882 1171/305/1170
f 883/17/882 885/19/884 1171/305/1170
f 1171/305/1170 885/19/884 1172/306/1171
f 885/19/884 887/21/886 1172/306/1171
f 1172/306/1171 887/21/886 1173/307/1172
f 887/21/886 888/22/887 1173/307/1172
f 1173/307/1172 888/22/887 1174/308/1173
f 1174/308/1173 888/22/887 1175/309/1174
f 888/22/887 889/23/888 1175/309/1174
f 1175/309/1174 889/23/888 1176/310/1175
f 1176/310/1175 889/23/888 1177/311/1176
f 889/23/888 890/24/889 1177/311/1176
f 890/24/889 892/26/891 1177/311/1176
f 1177/311/1176 892/26/891 1178/312/1177
f 892/26/891 893/27/892 1178/312/1177
f 893/27/892 1179/313/1178 1178/312/1177
f 1178/312/1177 1179/313/1178 1180/314/1179
f 1180/314/1179 1179/313/1178 1181/315/1180
f 1181/315/1180 1179/313/1178 1182/316/1181
f 1182/316/1181 1179/313/1178 1183/317/1182
f 1179/313/1178 893/27/892 1183/317/1182
f 893/27/892 894/28/893 1183/317/1182
f 1183/317/1182 894/28/893 1184/318/1183
f 894/28/893 895/29/894 1184/318/1183
f 895/29/894 1102/236/1101 1184/318/1183
f 1184/318/1183 1102/236/1101 1185/319/1184
f 1102/236/1101 1103/237/1102 1185/319/1184
f 1103/237/1102 1104/238/1103 1185/319/1184
f 1104/238/1103 1105/239/1104 1185/319/1184
f 1185/319/1184 1105/239/1104 1186/320/1185
f 1186/320/1185 1105/239/1104 1187/321/1186
f 1105/239/1104 1106/240/1105 1187/321/1186
f 1106/240/1105 882/16/881 1187/321/1186
f 1187/321/1186 882/16/881 1188/322/1187
f 882/16/881 881/15/880 1188/322/1187
f 1188/322/1187 881/15/880 1189/323/1188
f 1190/324/1189 1189/323/1188 1191/325/1190
f 1189/323/1188 881/15/880 1191/325/1190
f 881/15/880 880/14/879 1191/325/1190
f 1191/325/1190 880/14/879 1192/326/1191
f 1192/326/1191 880/14/879 1193/327/1192
f 880/14/879 882/16/881 1193/327/1192
f 882/16/881 1107/241/1106 1193/327/1192
f 1193/327/1192 1107/241/1106 1194/328/1193
f 1107/241/1106 1108/242/1107 1194/328/1193
f 1194/328/1193 1108/242/1107 1195/329/1194
f 1108/242/1107 1109/243/1108 1195/329/1194
f 1109/243/1108 1110/244/1109 1195/329/1194
f 1110/244/1109 1111/245/1110 1195/329/1194
f 1195/329/1194 1111/245/1110 1196/330/1195
f 1111/245/1110 1112/246/1111 1196/330/1195
f 1196/330/1195 1112/246/1111 1197/331/1196
f 1112/246/1111 1113/247/1112 1197/331/1196
f 1198/332/1197 1197/331/1196 1199/333/1198
f 1197/331/1196 1113/247/1112 1199/333/1198
f 1199/333/1198 1113/247/1112 1200/334/1199
f 1113/247/1112 1114/248/1113 1200/334/1199
f 1200/334/1199 1114/248/1113 1201/335/1200
f 1114/248/1113 1116/250/1115 1201/335/1200
f 1116/250/1115 1202/336/1201 1201/335/1200
f 1201/335/1200 1202/336/1201 1203/337/1202
f 1203/337/1202 1202/336/1201 1204/338/1203
f 1204/338/1203 1202/336/1201 1205/339/1204
f 1202/336/1201 1116/250/1115 1205/339/1204
f 1116/250/1115 1117/251/1116 1205/339/1204
f 1205/339/1204 1117/251/1116 1206/340/1205
f 1117/251/1116 1118/252/1117 1206/340/1205
f 1206/340/1205 1118/252/1117 1207/341/1206
f 1118/252/1117 1119/253/1118 1207/341/1206
f 1207/341/1206 1119/253/1118 1208/342/1207
f 1119/253/1118 1120/254/1119 1208/342/1207
f 1208/342/1207 1120/254/1119 1209/343/1208
f 1120/254/1119 1121/255/1120 1209/343/1208
f 1209/343/1208 1121/255/1120 1210/344/1209
f 1121/255/1120 1122/256/1121 1210/344/1209
f 1210/344/1209 1122/256/1121 1211/345/1210
f 1122/256/1121 1123/257/1122 1211/345/1210
f 1211/345/1210 1123/257/1122 1212/346/1211
f 1212/346/1211 1123/257/1122 1213/347/1212
f 1123/257/1122 1125/259/1124 1213/347/1212
f 1125/259/1124 1126/260/1125 1213/347/1212
f 1213/347/1212 1126/260/1125 1214/348/1213
f 1126/260/1125 1127/261/1126 1214/348/1213
f 1214/348/1213 1127/261/1126 1215/349/1214
f 1127/261/1126 1128/262/1127 1215/349/1214
f 1215/349/1214 1128/262/1127 1216/350/1215
f 1216/350/1215 1128/262/1127 1217/351/1216
f 1128/262/1127 1129/263/1128 1217/351/1216
f 1129/263/1128 1130/264/1129 1217/351/1216
f 1217/351/1216 1130/264/1129 1218/352/1217
f 1218/352/1217 1130/264/1129 1219/353/1218
f 1130/264/1129 1131/265/1130 1219/353/1218
f 1131/265/1130 1132/266/1131 1219/353/1218
f 1219/353/1218 1132/266/1131 1220/354/1219
f 1220/354/1219 1132/266/1131 1221/355/1220
f 1132/266/1131 1133/267/1132 1221/355/1220
f 1221/355/1220 1133/267/1132 1222/356/1221
f 1222/356/1221 1133/267/1132 1223/357/1222
f 1223/357/1222 1133/267/1132 1224/358/1223
f 1133/267/1132 1134/268/1133 1224/358/1223
f 1134/268/1133 1135/269/1134 1224/358/1223
f 1224/358/1223 1135/269/1134 1225/359/1224
f 1135/269/1134 1136/270/1135 1225/359/1224
f 1136/270/1135 1137/271/1136 1225/359/1224
f 1225/359/1224 1137/271/1136 1226/360/1225
f 1226/360/1225 1137/271/1136 1227/361/1226
f 1137/271/1136 1138/272/1137 1227/361/1226
f 1228/362/1227 1227/361/1226 1229/363/1228
f 1227/361/1226 1138/272/1137 1229/363/1228
f 1229/363/1228 1138/272/1137 1230/364/1229
f 1138/272/1137 1139/273/1138 1230/364/1229
f 1231/365/1230 1230/364/1229 1232/366/1231
f 1230/364/1229 1139/273/1138 1232/366/1231
f 1139/273/1138 1140/274/1139 1232/366/1231
f 1232/366/1231 1140/274/1139 1233/367/1232
f 1140/274/1139 1141/275/1140 1233/367/1232
f 1233/367/1232 1141/275/1140 1234/368/1233
f 1234/368/1233 1141/275/1140 1235/369/1234
f 1235/369/1234 1141/275/1140 1236/370/1235
f 1141/275/1140 1142/276/1141 1236/370/1235
f 1237/371/1236 1236/370/1235 1238/372/1237
f 1236/370/1235 1142/276/1141 1238/372/1237
f 1238/372/1237 1142/276/1141 1239/373/1238
f 1142/276/1141 1143/277/1142 1239/373/1238
f 1143/277/1142 1144/278/1143 1239/373/1238
f 1239/373/1238 1144/278/1143 1240/374/1239
f 1241/375/1240 1240/374/1239 1242/376/1241
f 1240/374/1239 1144/278/1143 1242/376/1241
f 1144/278/1143 1145/279/1144 1242/376/1241
f 1242/376/1241 1145/279/1144 1243/377/1242
f 1145/279/1144 1146/280/1145 1243/377/1242
f 1243/377/1242 1146/280/1145 1244/378/1243
f 1244/378/1243 1146/280/1145 1245/379/1244
f 1245/379/1244 1146/280/1145 1246/380/1245
f 1146/280/1145 1147/281/1146 1246/380/1245
f 1147/281/1146 1148/282/1147 1246/380/1245
f 1246/380/1245 1148/282/1147 1247/381/1246
f 1148/282/1147 1149/283/1148 1247/381/1246
f 1149/283/1148 1150/284/1149 1247/381/1246
f 1247/381/1246 1150/284/1149 1248/382/1247
f 1150/284/1149 1151/285/1150 1248/382/1247
f 1151/285/1150 1152/286/1151 1248/382/1247
f 1248/382/1247 1152/286/1151 1249/383/1248
f 1249/383/1248 1152/286/1151 1250/384/1249
f 1250/384/1249 1152/286/1151 1251/385/1250
f 1152/286/1151 1153/287/1152 1251/385/1250
f 1153/287/1152 1154/288/1153 1251/385/1250
f 1251/385/1250 1154/288/1153 1252/386/1251
f 1154/288/1153 1155/289/1154 1252/386/1251
f 1155/289/1154 1157/291/1156 1252/386/1251
f 1252/386/1251 1157/291/1156 1253/387/1252
f 1157/291/1156 1158/292/1157 1253/387/1252
f 1158/292/1157 1159/293/1158 1253/387/1252
f 1254/388/1253 1253/387/1252 1255/389/1254
f 1253/387/1252 1159/293/1158 1255/389/1254
f 1255/389/1254 1159/293/1158 1256/390/1255
f 1159/293/1158 1160/294/1159 1256/390/1255
f 1256/390/1255 1160/294/1159 1257/391/1256
f 1160/294/1159 1161/295/1160 1257/391/1256
f 1257/391/1256 1161/295/1160 1258/392/1257
f 1161/295/1160 1162/296/1161 1258/392/1257
f 1162/296/1161 1163/297/1162 1258/392/1257
f 1258/392/1257 1163/297/1162 1259/393/1258
f 1163/297/1162 1164/298/1163 1259/393/1258
f 1164/298/1163 1166/300/1165 1259/393/1258
f 1259/393/1258 1166/300/1165 1260/394/1259
f 1166/300/1165 1165/299/1164 1260/394/1259
f 1260/394/1259 1165/299/1164 1261/395/1260
f 1165/299/1164 1167/301/1166 1261/395/1260
f 1261/395/1260 1167/301/1166 1262/396/1261
f 1262/396/1261 1167/301/1166 1263/397/1262
f 1167/301/1166 1168/302/1167 1263/397/1262
f 1168/302/1167 1169/303/1168 1263/397/1262
f 1169/303/1168 1170/304/1169 1263/397/1262
f 1263/397/1262 1170/304/1169 1264/398/1263
f 1170/304/1169 1171/305/1170 1264/398/1263
f 1264/398/1263 1171/305/1170 1265/399/1264
f 1265/399/1264 1171/305/1170 1266/400/1265
f 1171/305/1170 1172/306/1171 1266/400/1265
f 1172/306/1171 1173/307/1172 1266/400/1265
f 1173/307/1172 1174/308/1173 1266/400/1265
f 1266/400/1265 1174/308/1173 1267/401/1266
f 1174/308/1173 1175/309/1174 1267/401/1266
f 1267/401/1266 1175/309/1174 1268/402/1267
f 1175/309/1174 1176/310/1175 1268/402/1267
f 1268/402/1267 1176/310/1175 1269/403/1268
f 1269/403/1268 1176/310/1175 1270/404/1269
f 1176/310/1175 1177/311/1176 1270/404/1269
f 1270/404/1269 1177/311/1176 1271/405/1270
f 1177/311/1176 1178/312/1177 1271/405/1270
f 1178/312/1177 1180/314/1179 1271/405/1270
f 1271/405/1270 1180/314/1179 1272/406/1271
f 1272/406/1271 1180/314/1179 1273/407/1272
f 1180/314/1179 1181/315/1180 1273/407/1272
f 1273/407/1272 1181/315/1180 1274/408/1273
f 1181/315/1180 1182/316/1181 1274/408/1273
f 1274/408/1273 1182/316/1181 1275/409/1274
f 1182/316/1181 1183/317/1182 1275/409/1274
f 1183/317/1182 1184/318/1183 1275/409/1274
f 1275/409/1274 1184/318/1183 1276/410/1275
f 1184/318/1183 1185/319/1184 1276/410/1275
f 1185/319/1184 1186/320/1185 1276/410/1275
f 1276/410/1275 1186/320/1185 1277/411/1276
f 1186/320/1185 1187/321/1186 1277/411/1276
f 1187/321/1186 1188/322/1187 1277/411/1276
f 1277/411/1276 1188/322/1187 1278/412/1277
f 1188/322/1187 1189/323/1188 1278/412/1277
f 1278/412/1277 1189/323/1188 1279/413/1278
f 1189/323/1188 1190/324/1189 1279/413/1278
f 1279/413/1278 1190/324/1189 1280/414/1279
f 1280/414/1279 1190/324/1189 1281/415/1280
f 1190/324/1189 1191/325/1190 1281/415/1280
f 1191/325/1190 1192/326/1191 1281/415/1280
f 1281/415/1280 1192/326/1191 1282/416/1281
f 1192/326/1191 1193/327/1192 1282/416/1281
f 1193/327/1192 1194/328/1193 1282/416/1281
f 1282/416/1281 1194/328/1193 1283/417/1282
f 1194/328/1193 1195/329/1194 1283/417/1282
f 1195/329/1194 1196/330/1195 1283/417/1282
f 1284/418/1283 1283/417/1282 1285/419/1284
f 1283/417/1282 1196/330/1195 1285/419/1284
f 1196/330/1195 1197/331/1196 1285/419/1284
f 1197/331/1196 1198/332/1197 1285/419/1284
f 1285/419/1284 1198/332/1197 1286/420/1285
f 1286/420/1285 1198/332/1197 1287/421/1286
f 1287/421/1286 1198/332/1197 1288/422/1287
f 1198/332/1197 1199/333/1198 1288/422/1287
f 1199/333/1198 1200/334/1199 1288/422/1287
f 1288/422/1287 1200/334/1199 1289/423/1288
f 1200/334/1199 1201/335/1200 1289/423/1288
f 1201/335/1200 1203/337/1202 1289/423/1288
f 1289/423/1288 1203/337/1202 1290/424/1289
f 1290/424/1289 1203/337/1202 1291/425/1290
f 1203/337/1202 1204/338/1203 1291/425/1290
f 1292/426/1291 1291/425/1290 1293/427/1292
f 1291/425/1290 1204/338/1203 1293/427/1292
f 1293/427/1292 1204/338/1203 1294/428/1293
f 1204/338/1203 1205/339/1204 1294/428/1293
f 1294/428/1293 1205/339/1204 1295/429/1294
f 1205/339/1204 1206/340/1205 1295/429/1294
f 1206/340/1205 1207/341/1206 1295/429/1294
f 1295/429/1294 1207/341/1206 1296/430/1295
f 1207/341/1206 1208/342/1207 1296/430/1295
f 1296/430/1295 1208/342/1207 1297/431/1296
f 1298/432/1297 1297/431/1296 1299/433/1298
f 1297/431/1296 1208/342/1207 1299/433/1298
f 1208/342/1207 1209/343/1208 1299/433/1298
f 1299/433/1298 1209/343/1208 1300/434/1299
f 1209/343/1208 1210/344/1209 1300/434/1299
f 1300/434/1299 1210/344/1209 1301/435/1300
f 1210/344/1209 1211/345/1210 1301/435/1300
f 1301/435/1300 1211/345/1210 1302/436/1301
f 1211/345/1210 1212/346/1211 1302/436/1301
f 1302/436/1301 1212/346/1211 1303/437/1302
f 1212/346/1211 1213/347/1212 1303/437/1302
f 1213/347/1212 1214/348/1213 1303/437/1302
f 1303/437/1302 1214/348/1213 1304/438/1303
f 1214/348/1213 1215/349/1214 1304/438/1303
f 1304/438/1303 1215/349/1214 1305/439/1304
f 1306/440/1305 1305/439/1304 1307/441/1306
f 1305/439/1304 1215/349/1214 1307/441/1306
f 1215/349/1214 1216/350/1215 1307/441/1306
f 1307/441/1306 1216/350/1215 1308/442/1307
f 1216/350/1215 1217/351/1216 1308/442/1307
f 1308/442/1307 1217/351/1216 1309/443/1308
f 1217/351/1216 1218/352/1217 1309/443/1308
f 1309/443/1308 1218/352/1217 1310/444/1309
f 1218/352/1217 1219/353/1218 1310/444/1309
f 1219/353/1218 1220/354/1219 1310/444/1309
f 1310/444/1309 1220/354/1219 1311/445/1310
f 1220/354/1219 1221/355/1220 1311/445/1310
f 1221/355/1220 1312/446/1311 1311/445/1310
f 1313/447/1312 1311/445/1310 1314/448/1313
f 1311/445/1310 1312/446/1311 1314/448/1313
f 1314/448/1313 1312/446/1311 1315/449/1314
f 1312/446/1311 1221/355/1220 1315/449/1314
f 1221/355/1220 1222/356/1221 1315/449/1314
f 1315/449/1314 1222/356/1221 1316/450/1315
f 1222/356/1221 1223/357/1222 1316/450/1315
f 1316/450/1315 1223/357/1222 1317/451/1316
f 1223/357/1222 1224/358/1223 1317/451/1316
f 1318/452/1317 1317/451/1316 1319/453/1318
f 1317/451/1316 1224/358/1223 1319/453/1318
f 1224/358/1223 1225/359/1224 1319/453/1318
f 1319/453/1318 1225/359/1224 1320/454/1319
f 1225/359/1224 1226/360/1225 1320/454/1319
f 1320/454/1319 1226/360/1225 1321/455/1320
f 1226/360/1225 1227/361/1226 1321/455/1320
f 1321/455/1320 1227/361/1226 1322/456/1321
f 1227/361/1226 1228/362/1227 1322/456/1321
f 1322/456/1321 1228/362/1227 1323/457/1322
f 1324/458/1323 1323/457/1322 1325/459/1324
f 1323/457/1322 1228/362/1227 1325/459/1324
f 1326/460/1325 1325/459/1324 1327/461/1326
f 1325/459/1324 1228/362/1227 1327/461/1326
f 1228/362/1227 1229/363/1228 1327/461/1326
f 1327/461/1326 1229/363/1228 1328/462/1327
f 1229/363/1228 1230/364/1229 1328/462/1327
f 1230/364/1229 1231/365/1230 1328/462/1327
f 1328/462/1327 1231/365/1230 1329/463/1328
f 1231/365/1230 1232/366/1231 1329/463/1328
f 1329/463/1328 1232/366/1231 1330/464/1329
f 1232/366/1231 1233/367/1232 1330/464/1329
f 1233/367/1232 1234/368/1233 1330/464/1329
f 1330/464/1329 1234/368/1233 1331/465/1330
f 1234/368/1233 1235/369/1234 1331/465/1330
f 1331/465/1330 1235/369/1234 1332/466/1331
f 1235/369/1234 1236/370/1235 1332/466/1331
f 1332/466/1331 1236/370/1235 1333/467/1332
f 1236/370/1235 1237/371/1236 1333/467/1332
f 1333/467/1332 1237/371/1236 1334/468/1333
f 1334/468/1333 1237/371/1236 1335/469/1334
f 1237/371/1236 1238/372/1237 1335/469/1334
f 1238/372/1237 1239/373/1238 1335/469/1334
f 1239/373/1238 1240/374/1239 1335/469/1334
f 1240/374/1239 1241/375/1240 1335/469/1334
f 1335/469/1334 1241/375/1240 1336/470/1335
f 1336/470/1335 1241/375/1240 1337/471/1336
f 1337/471/1336 1241/375/1240 1338/472/1337
f 1241/375/1240 1242/376/1241 1338/472/1337
f 1242/376/1241 1243/377/1242 1338/472/1337
f 1243/377/1242 1244/378/1243 1338/472/1337
f 1338/472/1337 1244/378/1243 1339/473/1338
f 1244/378/1243 1245/379/1244 1339/473/1338
f 1339/473/1338 1245/379/1244 1340/474/1339
f 1340/474/1339 1245/379/1244 1341/475/1340
f 1341/475/1340 1245/379/1244 1342/476/1341
f 1245/379/1244 1246/380/1245 1342/476/1341
f 1246/380/1245 1247/381/1246 1342/476/1341
f 1343/477/1342 1342/476/1341 1344/478/1343
f 1342/476/1341 1247/381/1246 1344/478/1343
f 1247/381/1246 1248/382/1247 1344/478/1343
f 1344/478/1343 1248/382/1247 1345/479/1344
f 1248/382/1247 1249/383/1248 1345/479/1344
f 1345/479/1344 1249/383/1248 1346/480/1345
f 1249/383/1248 1250/384/1249 1346/480/1345
f 1346/480/1345 1250/384/1249 1347/481/1346
f 1347/481/1346 1250/384/1249 1348/482/1347
f 1250/384/1249 1251/385/1250 1348/482/1347
f 1251/385/1250 1252/386/1251 1348/482/1347
f 1252/386/1251 1253/387/1252 1348/482/1347
f 1348/482/1347 1253/387/1252 1349/483/1348
f 1253/387/1252 1254/388/1253 1349/483/1348
f 1349/483/1348 1254/388/1253 1350/484/1349
f 1350/484/1349 1254/388/1253 1351/485/1350
f 1254/388/1253 1255/389/1254 1351/485/1350
f 1352/486/1351 1351/485/1350 1353/487/1352
f 1351/485/1350 1255/389/1254 1353/487/1352
f 1255/389/1254 1256/390/1255 1353/487/1352
f 1353/487/1352 1256/390/1255 1354/488/1353
f 1355/489/1354 1354/488/1353 1356/490/1355
f 1354/488/1353 1256/390/1255 1356/490/1355
f 1256/390/1255 1257/391/1256 1356/490/1355
f 1356/490/1355 1257/391/1256 1357/491/1356
f 1257/391/1256 1258/392/1257 1357/491/1356
f 1258/392/1257 1259/393/1258 1357/491/1356
f 1259/393/1258 1260/394/1259 1357/491/1356
f 1358/492/1357 1359/493/1358 1360/494/1359
f 1360/494/1359 1359/493/1358 1361/495/1360
f 1359/493/1358 1362/496/1233 1361/495/1360
f 1362/496/1233 1357/491/1356 1361/495/1360
f 1357/491/1356 1260/394/1259 1361/495/1360
f 1260/394/1259 1261/395/1260 1361/495/1360
f 1363/497/1361 1361/495/1360 1364/498/1362
f 1361/495/1360 1261/395/1260 1364/498/1362
f 1364/498/1362 1261/395/1260 1365/499/1363
f 1366/500/1364 1365/499/1363 1367/501/1365
f 1365/499/1363 1261/395/1260 1367/501/1365
f 1261/395/1260 1262/396/1261 1367/501/1365
f 1367/501/1365 1262/396/1261 1368/502/1366
f 1262/396/1261 1263/397/1262 1368/502/1366
f 1263/397/1262 1264/398/1263 1368/502/1366
f 1264/398/1263 1265/399/1264 1368/502/1366
f 1368/502/1366 1265/399/1264 1369/503/1367
f 1265/399/1264 1266/400/1265 1369/503/1367
f 1266/400/1265 1267/401/1266 1369/503/1367
f 1369/503/1367 1267/401/1266 1370/504/1368
f 1267/401/1266 1268/402/1267 1370/504/1368
f 1370/504/1368 1268/402/1267 1371/505/1369
f 1371/505/1369 1268/402/1267 1372/506/1370
f 1268/402/1267 1269/403/1268 1372/506/1370
f 1372/506/1370 1269/403/1268 1373/507/1371
f 1269/403/1268 1270/404/1269 1373/507/1371
f 1373/507/1371 1270/404/1269 1374/508/1372
f 1270/404/1269 1271/405/1270 1374/508/1372
f 1271/405/1270 1272/406/1271 1374/508/1372
f 1374/508/1372 1272/406/1271 1375/509/1373
f 1376/510/1374 1375/509/1373 1377/511/1375
f 1375/509/1373 1272/406/1271 1377/511/1375
f 1272/406/1271 1273/407/1272 1377/511/1375
f 1273/407/1272 1274/408/1273 1377/511/1375
f 1274/408/1273 1275/409/1274 1377/511/1375
f 1378/512/1376 1377/511/1375 1379/513/1377
f 1377/511/1375 1275/409/1274 1379/513/1377
f 1275/409/1274 1276/410/1275 1379/513/1377
f 1276/410/1275 1277/411/1276 1379/513/1377
f 1380/514/1378 1379/513/1377 1381/515/1379
f 1379/513/1377 1277/411/1276 1381/515/1379
f 1277/411/1276 1278/412/1277 1381/515/1379
f 1382/516/1380 1383/517/1381 1384/518/1382
f 1383/517/1381 1381/515/1379 1384/518/1382
f 1381/515/1379 1278/412/1277 1384/518/1382
f 1384/518/1382 1278/412/1277 1385/519/1383
f 1278/412/1277 1279/413/1278 1385/519/1383
f 1385/519/1383 1279/413/1278 879/13/878
f 1279/413/1278 1280/414/1279 879/13/878
f 879/13/878 1280/414/1279 1386/520/1384
f 1386/520/1384 1280/414/1279 1387/521/1385
f 1280/414/1279 1281/415/1280 1387/521/1385
f 1281/415/1280 1282/416/1281 1387/521/1385
f 1282/416/1281 1283/417/1282 1387/521/1385
f 1283/417/1282 1284/418/1283 1387/521/1385
f 1387/521/1385 1284/418/1283 1388/522/1386
f 1388/522/1386 1284/418/1283 1389/523/1387
f 1284/418/1283 1285/419/1284 1389/523/1387
f 1285/419/1284 1286/420/1285 1389/523/1387
f 1390/524/1388 1389/523/1387 1391/525/1389
f 1389/523/1387 1392/526/1390 1391/525/1389
f 1391/525/1389 1392/526/1390 1393/527/1391
f 1393/527/1391 1392/526/1390 1394/528/1392
f 1392/526/1390 1389/523/1387 1394/528/1392
f 1389/523/1387 1286/420/1285 1394/528/1392
f 1286/420/1285 1395/529/1393 1394/528/1392
f 1394/528/1392 1395/529/1393 1396/530/1394
f 1396/530/1394 1395/529/1393 1397/531/1395
f 1395/529/1393 1286/420/1285 1397/531/1395
f 1286/420/1285 1287/421/1286 1397/531/1395
f 1397/531/1395 1287/421/1286 1398/532/1396
f 1398/532/1396 1287/421/1286 1399/533/1397
f 1287/421/1286 1288/422/1287 1399/533/1397
f 1288/422/1287 1289/423/1288 1399/533/1397
f 1399/533/1397 1289/423/1288 1400/534/1398
f 1289/423/1288 1290/424/1289 1400/534/1398
f 1400/534/1398 1290/424/1289 1401/535/1399
f 1290/424/1289 1291/425/1290 1401/535/1399
f 1401/535/1399 1291/425/1290 1402/536/1400
f 1291/425/1290 1292/426/1291 1402/536/1400
f 1402/536/1400 1292/426/1291 1403/537/1401
f 1403/537/1401 1292/426/1291 1404/538/1402
f 1404/538/1402 1292/426/1291 876/10/875
f 1292/426/1291 1293/427/1292 876/10/875
f 876/10/875 1293/427/1292 1405/539/1403
f 1293/427/1292 1294/428/1293 1405/539/1403
f 1294/428/1293 1295/429/1294 1405/539/1403
f 1295/429/1294 1296/430/1295 1405/539/1403
f 1296/430/1295 1297/431/1296 1405/539/1403
f 1297/431/1296 1298/432/1297 1405/539/1403
f 1405/539/1403 1298/432/1297 1406/540/1404
f 1407/541/1405 1406/540/1404 1408/542/1406
f 1406/540/1404 1298/432/1297 1408/542/1406
f 1408/542/1406 1298/432/1297 1409/543/1407
f 1298/432/1297 1299/433/1298 1409/543/1407
f 1410/544/1408 1409/543/1407 1411/545/1409
f 1409/543/1407 1299/433/1298 1411/545/1409
f 1299/433/1298 1300/434/1299 1411/545/1409
f 1300/434/1299 1301/435/1300 1411/545/1409
f 1411/545/1409 1301/435/1300 1412/546/1410
f 1301/435/1300 1302/436/1301 1412/546/1410
f 1413/547/1411 1412/546/1410 1414/548/1412
f 1412/546/1410 1302/436/1301 1414/548/1412
f 1414/548/1412 1302/436/1301 1415/549/1413
f 1302/436/1301 1303/437/1302 1415/549/1413
f 1303/437/1302 1304/438/1303 1415/549/1413
f 1416/550/1414 1415/549/1413 1417/551/1415
f 1415/549/1413 1304/438/1303 1417/551/1415
f 1417/551/1415 1304/438/1303 1418/552/1416
f 1304/438/1303 1305/439/1304 1418/552/1416
f 1305/439/1304 1306/440/1305 1418/552/1416
f 1419/553/1417 1418/552/1416 1420/554/1418
f 1418/552/1416 1306/440/1305 1420/554/1418
f 1420/554/1418 1306/440/1305 1421/555/1419
f 1306/440/1305 1307/441/1306 1421/555/1419
f 1307/441/1306 1308/442/1307 1421/555/1419
f 1422/556/1420 1421/555/1419 1423/557/1421
f 1423/557/1421 1421/555/1419 1424/558/1422
f 1421/555/1419 1308/442/1307 1424/558/1422
f 1308/442/1307 1309/443/1308 1424/558/1422
f 1424/558/1422 1309/443/1308 1425/559/1423
f 1309/443/1308 1310/444/1309 1425/559/1423
f 1310/444/1309 1311/445/1310 1425/559/1423
f 1311/445/1310 1313/447/1312 1425/559/1423
f 1425/559/1423 1313/447/1312 1426/560/1424
f 1427/561/1425 1426/560/1424 1428/562/1426
f 1426/560/1424 1313/447/1312 1428/562/1426
f 1313/447/1312 1314/448/1313 1428/562/1426
f 1428/562/1426 1314/448/1313 1429/563/1427
f 1314/448/1313 1315/449/1314 1429/563/1427
f 1430/564/1428 1429/563/1427 1431/565/1429
f 1431/565/1429 1429/563/1427 1432/566/1430
f 1429/563/1427 1315/449/1314 1432/566/1430
f 1315/449/1314 1316/450/1315 1432/566/1430
f 1432/566/1430 1316/450/1315 1433/567/1431
f 1316/450/1315 1317/451/1316 1433/567/1431
f 1317/451/1316 1318/452/1317 1433/567/1431
f 1433/567/1431 1318/452/1317 1434/568/1432
f 1434/568/1432 1318/452/1317 1435/569/1433
f 1318/452/1317 1319/453/1318 1435/569/1433
f 1319/453/1318 1320/454/1319 1435/569/1433
f 1320/454/1319 1436/570/1434 1435/569/1433
f 1435/569/1433 1436/570/1434 1437/571/1435
f 1437/571/1435 1436/570/1434 1438/572/1436
f 1436/570/1434 1320/454/1319 1438/572/1436
f 1320/454/1319 1321/455/1320 1438/572/1436
f 1439/573/1437 1440/574/1438 1441/575/1439
f 1440/574/1438 1438/572/1436 1441/575/1439
f 1441/575/1439 1438/572/1436 1442/576/1440
f 1438/572/1436 1321/455/1320 1442/576/1440
f 1321/455/1320 1322/456/1321 1442/576/1440
f 1322/456/1321 1323/457/1322 1442/576/1440
f 1442/576/1440 1323/457/1322 1443/577/1441
f 1443/577/1441 1323/457/1322 1444/578/1442
f 1323/457/1322 1324/458/1323 1444/578/1442
f 1444/578/1442 1324/458/1323 1445/579/1443
f 1445/579/1443 1324/458/1323 1446/580/1444
f 1324/458/1323 1325/459/1324 1446/580/1444
f 1325/459/1324 1326/460/1325 1446/580/1444
f 1326/460/1325 1447/581/1445 1446/580/1444
f 1446/580/1444 1447/581/1445 1448/582/1446
f 1448/582/1446 1447/581/1445 1449/583/1447
f 1447/581/1445 1326/460/1325 1449/583/1447
f 1450/584/1448 1449/583/1447 1451/585/1449
f 1449/583/1447 1326/460/1325 1451/585/1449
f 1451/585/1449 1326/460/1325 1452/586/1450
f 1326/460/1325 1327/461/1326 1452/586/1450
f 1327/461/1326 1328/462/1327 1452/586/1450
f 1328/462/1327 1329/463/1328 1452/586/1450
f 1452/586/1450 1329/463/1328 1453/587/1451
f 1329/463/1328 1330/464/1329 1453/587/1451
f 1330/464/1329 1331/465/1330 1453/587/1451
f 1331/465/1330 1332/466/1331 1453/587/1451
f 1453/587/1451 1332/466/1331 1454/588/1452
f 1332/466/1331 1333/467/1332 1454/588/1452
f 1454/588/1452 1333/467/1332 1455/589/1453
f 1333/467/1332 1334/468/1333 1455/589/1453
f 1455/589/1453 1334/468/1333 1456/590/1454
f 1334/468/1333 1335/469/1334 1456/590/1454
f 1335/469/1334 1336/470/1335 1456/590/1454
f 1456/590/1454 1336/470/1335 1457/591/1455
f 1336/470/1335 1337/471/1336 1457/591/1455
f 1337/471/1336 1458/592/1456 1457/591/1455
f 1457/591/1455 1458/592/1456 1459/593/1457
f 1459/593/1457 1458/592/1456 1460/594/1458
f 1460/594/1458 1458/592/1456 1461/595/1459
f 1461/595/1459 1458/592/1456 1462/596/1460
f 1458/592/1456 1337/471/1336 1462/596/1460
f 1462/596/1460 1337/471/1336 1463/597/1461
f 1337/471/1336 1338/472/1337 1463/597/1461
f 1338/472/1337 1339/473/1338 1463/597/1461
f 1339/473/1338 1340/474/1339 1463/597/1461
f 1463/597/1461 1340/474/1339 1464/598/1462
f 1340/474/1339 1341/475/1340 1464/598/1462
f 1465/599/1463 1466/600/1464 1467/601/1465
f 1467/601/1465 1466/600/1464 1468/602/1466
f 1466/600/1464 1464/598/1462 1468/602/1466
f 1464/598/1462 1341/475/1340 1468/602/1466
f 1469/603/1467 1468/602/1466 1470/604/1468
f 1470/604/1468 1468/602/1466 1471/605/1469
f 1468/602/1466 1341/475/1340 1471/605/1469
f 1341/475/1340 1342/476/1341 1471/605/1469
f 1342/476/1341 1343/477/1342 1471/605/1469
f 1471/605/1469 1343/477/1342 1472/606/1470
f 1473/607/1471 1472/606/1470 1474/608/1472
f 1472/606/1470 1343/477/1342 1474/608/1472
f 1475/609/1473 1474/608/1472 1476/610/1474
f 1476/610/1474 1474/608/1472 1477/611/1475
f 1474/608/1472 1343/477/1342 1477/611/1475
f 1343/477/1342 1344/478/1343 1477/611/1475
f 1344/478/1343 1345/479/1344 1477/611/1475
f 1478/612/1476 1477/611/1475 1479/613/1477
f 1477/611/1475 1345/479/1344 1479/613/1477
f 1480/614/1478 1479/613/1477 1481/615/1479
f 1481/615/1479 1479/613/1477 1482/616/1480
f 1479/613/1477 1345/479/1344 1482/616/1480
f 1345/479/1344 1346/480/1345 1482/616/1480
f 1482/616/1480 1346/480/1345 869/3/868
f 1346/480/1345 1347/481/1346 869/3/868
f 869/3/868 1347/481/1346 1483/617/1481
f 1347/481/1346 1348/482/1347 1483/617/1481
f 1348/482/1347 1349/483/1348 1483/617/1481
f 1483/617/1481 1349/483/1348 1484/618/1482
f 1485/619/1483 1484/618/1482 1486/620/1484
f 1484/618/1482 1349/483/1348 1486/620/1484
f 1349/483/1348 1350/484/1349 1486/620/1484
f 1486/620/1484 1350/484/1349 1487/621/1485
f 1488/622/1486 1487/621/1485 1489/623/1487
f 1487/621/1485 1350/484/1349 1489/623/1487
f 1350/484/1349 1351/485/1350 1489/623/1487
f 1490/624/1488 1489/623/1487 1491/625/1489
f 1489/623/1487 1351/485/1350 1491/625/1489
f 1351/485/1350 1492/626/1490 1491/625/1489
f 1491/625/1489 1492/626/1490 1493/627/1491
f 1493/627/1491 1492/626/1490 1494/628/1492
f 1492/626/1490 1351/485/1350 1494/628/1492
f 1351/485/1350 1352/486/1351 1494/628/1492
f 1494/628/1492 1352/486/1351 1495/629/1493
f 1352/486/1351 1353/487/1352 1495/629/1493
f 1496/630/1494 1495/629/1493 1497/631/1495
f 1495/629/1493 1353/487/1352 1497/631/1495
f 1353/487/1352 1354/488/1353 1497/631/1495
f 1354/488/1353 1355/489/1354 1497/631/1495
f 1497/631/1495 1355/489/1354 1498/632/1496
f 1498/632/1496 1355/489/1354 1499/633/1497
f 1499/633/1497 1355/489/1354 1500/634/1498
f 1355/489/1354 1356/490/1355 1500/634/1498
f 1356/490/1355 1501/635/1499 1500/634/1498
f 1500/634/1498 1501/635/1499 1502/636/1500
f 1502/636/1500 1501/635/1499 1503/637/1501
f 1501/635/1499 1356/490/1355 1503/637/1501
f 1356/490/1355 1504/638/1502 1503/637/1501
f 1503/637/1501 1504/638/1502 1505/639/1503
f 1505/639/1503 1504/638/1502 1506/640/1504
f 1506/640/1504 1504/638/1502 1507/641/1505
f 1504/638/1502 1356/490/1355 1507/641/1505
f 1356/490/1355 1357/491/1356 1507/641/1505
f 1357/491/1356 1362/496/1233 1507/641/1505
f 1507/641/1505 1362/496/1233 1508/642/1506
f 1362/496/1233 1359/493/1358 1508/642/1506
f 1359/493/1358 1509/643/1507 1508/642/1506
f 1508/642/1506 1509/643/1507 1510/644/1508
f 1510/644/1508 1509/643/1507 1511/645/1509
f 1511/645/1509 1509/643/1507 1512/646/1510
f 1509/643/1507 1359/493/1358 1512/646/1510
f 1359/493/1358 1358/492/1357 1512/646/1510
f 1512/646/1510 1358/492/1357 1513/647/1511
f 1513/647/1511 1358/492/1357 1514/648/1512
f 1358/492/1357 1360/494/1359 1514/648/1512
f 1360/494/1359 1361/495/1360 1514/648/1512
f 1361/495/1360 1363/497/1361 1514/648/1512
f 1514/648/1512 1363/497/1361 1515/649/1513
f 1515/649/1513 1363/497/1361 1516/650/1514
f 1363/497/1361 1364/498/1362 1516/650/1514
f 1364/498/1362 1517/651/1515 1516/650/1514
f 1516/650/1514 1517/651/1515 1518/652/1516
f 1518/652/1516 1517/651/1515 1519/653/1517
f 1517/651/1515 1364/498/1362 1519/653/1517
f 1364/498/1362 1365/499/1363 1519/653/1517
f 1365/499/1363 1520/654/1518 1519/653/1517
f 1519/653/1517 1520/654/1518 1521/655/1519
f 1521/655/1519 1520/654/1518 1522/656/1520
f 1520/654/1518 1365/499/1363 1522/656/1520
f 1365/499/1363 1366/500/1364 1522/656/1520
f 1522/656/1520 1366/500/1364 1523/657/1521
f 1523/657/1521 1366/500/1364 1524/658/1522
f 1524/658/1522 1366/500/1364 1525/659/1523
f 1366/500/1364 1367/501/1365 1525/659/1523
f 1367/501/1365 1368/502/1366 1525/659/1523
f 1525/659/1523 1368/502/1366 1526/660/1524
f 1368/502/1366 1369/503/1367 1526/660/1524
f 1369/503/1367 1370/504/1368 1526/660/1524
f 1526/660/1524 1370/504/1368 1527/661/1525
f 1527/661/1525 1370/504/1368 1528/662/1526
f 1370/504/1368 1371/505/1369 1528/662/1526
f 1371/505/1369 1372/506/1370 1528/662/1526
f 1528/662/1526 1372/506/1370 1529/663/1527
f 1372/506/1370 1373/507/1371 1529/663/1527
f 1529/663/1527 1373/507/1371 1530/664/1528
f 1373/507/1371 1374/508/1372 1530/664/1528
f 1530/664/1528 1374/508/1372 1531/665/1529
f 1374/508/1372 1375/509/1373 1531/665/1529
f 1531/665/1529 1375/509/1373 1532/666/1530
f 1375/509/1373 1376/510/1374 1532/666/1530
f 1532/666/1530 1376/510/1374 1533/667/1531
f 1533/667/1531 1376/510/1374 1534/668/1532
f 1376/510/1374 1377/511/1375 1534/668/1532
f 1377/511/1375 1378/512/1376 1534/668/1532
f 1534/668/1532 1378/512/1376 1535/669/1533
f 1535/669/1533 1378/512/1376 1536/670/1534
f 1378/512/1376 1379/513/1377 1536/670/1534
f 1379/513/1377 1537/671/1535 1536/670/1534
f 1536/670/1534 1537/671/1535 1538/672/1536
f 1538/672/1536 1537/671/1535 1539/673/1537
f 1537/671/1535 1379/513/1377 1539/673/1537
f 1379/513/1377 1380/514/1378 1539/673/1537
f 1539/673/1537 1380/514/1378 1540/674/1538
f 1540/674/1538 1380/514/1378 1541/675/1539
f 1541/675/1539 1380/514/1378 1542/676/1540
f 1380/514/1378 1381/515/1379 1542/676/1540
f 1381/515/1379 1383/517/1381 1542/676/1540
f 1383/517/1381 1382/516/1380 1542/676/1540
f 1542/676/1540 1382/516/1380 1543/677/1541
f 1543/677/1541 1382/516/1380 1544/678/1542
f 1544/678/1542 1382/516/1380 1545/679/1543
f 1382/516/1380 1384/518/1382 1545/679/1543
f 1384/518/1382 1546/680/1544 1545/679/1543
f 1545/679/1543 1546/680/1544 1547/681/1545
f 1547/681/1545 1546/680/1544 1548/682/1546
f 1546/680/1544 1384/518/1382 1548/682/1546
f 1384/518/1382 1385/519/1383 1548/682/1546
f 1385/519/1383 1549/683/1547 1548/682/1546
f 1548/682/1546 1549/683/1547 1550/684/1548
f 1550/684/1548 1549/683/1547 1551/685/1549
f 1551/685/1549 1549/683/1547 1552/686/1550
f 1549/683/1547 1385/519/1383 1552/686/1550
f 1385/519/1383 879/13/878 1552/686/1550
f 879/13/878 878/12/877 1552/686/1550
f 878/12/877 1553/687/1551 1552/686/1550
f 1552/686/1550 1553/687/1551 1554/688/1552
f 1554/688/1552 1553/687/1551 1555/689/1553
f 1555/689/1553 1553/687/1551 1556/690/1554
f 1553/687/1551 878/12/877 1556/690/1554
f 878/12/877 877/11/876 1556/690/1554
f 1556/690/1554 877/11/876 1557/691/1555
f 1557/691/1555 877/11/876 1558/692/1556
f 877/11/876 879/13/878 1558/692/1556
f 879/13/878 1386/520/1384 1558/692/1556
f 1386/520/1384 1559/693/1557 1558/692/1556
f 1558/692/1556 1559/693/1557 1560/694/1558
f 1559/693/1557 1561/695/1559 1560/694/1558
f 1560/694/1558 1561/695/1559 1562/696/1560
f 1562/696/1560 1561/695/1559 1563/697/1561
f 1563/697/1561 1561/695/1559 1564/698/1562
f 1564/698/1562 1561/695/1559 1565/699/1563
f 1561/695/1559 1559/693/1557 1565/699/1563
f 1565/699/1563 1559/693/1557 1567/700/1564
f 1559/693/1557 1386/520/1384 1567/700/1564
f 1386/520/1384 1387/521/1385 1567/700/1564
f 1387/521/1385 1388/522/1386 1567/700/1564
f 1568/701/1565 1566/700/1566 1570/702/1567
f 1567/700/1564 1388/522/1386 1569/702/1568
f 1388/522/1386 1389/523/1387 1569/702/1568
f 1389/523/1387 1390/524/1388 1569/702/1568
f 1569/702/1568 1390/524/1388 1571/703/1569
f 1390/524/1388 1572/704/1570 1571/703/1569
f 1571/703/1569 1572/704/1570 1573/705/1571
f 1573/705/1571 1572/704/1570 1574/706/1572
f 1574/706/1572 1572/704/1570 1575/707/1573
f 1572/704/1570 1390/524/1388 1575/707/1573
f 1390/524/1388 1391/525/1389 1575/707/1573
f 1575/707/1573 1391/525/1389 1576/708/1574
f 1576/708/1574 1391/525/1389 1577/709/1575
f 1391/525/1389 1393/527/1391 1577/709/1575
f 1577/709/1575 1393/527/1391 1578/710/1576
f 1578/710/1576 1393/527/1391 1579/711/1577
f 1393/527/1391 1394/528/1392 1579/711/1577
f 1394/528/1392 1396/530/1394 1579/711/1577
f 1579/711/1577 1396/530/1394 1580/712/1578
f 1580/712/1578 1396/530/1394 1581/713/1579
f 1396/530/1394 1397/531/1395 1581/713/1579
f 1397/531/1395 1582/714/1580 1581/713/1579
f 1581/713/1579 1582/714/1580 1583/715/1581
f 1583/715/1581 1582/714/1580 1584/716/1582
f 1582/714/1580 1397/531/1395 1584/716/1582
f 1397/531/1395 1398/532/1396 1584/716/1582
f 1584/716/1582 1398/532/1396 1585/717/1583
f 1398/532/1396 1586/718/1584 1585/717/1583
f 1585/717/1583 1586/718/1584 1587/719/1585
f 1587/719/1585 1586/718/1584 1588/720/1586
f 1586/718/1584 1398/532/1396 1588/720/1586
f 1398/532/1396 1589/721/1587 1588/720/1586
f 1588/720/1586 1589/721/1587 1590/722/1588
f 1590/722/1588 1589/721/1587 1591/723/1589
f 1589/721/1587 1398/532/1396 1591/723/1589
f 1398/532/1396 1399/533/1397 1591/723/1589
f 1399/533/1397 1400/534/1398 1591/723/1589
f 1400/534/1398 1592/724/1590 1591/723/1589
f 1591/723/1589 1592/724/1590 1593/725/1591
f 1593/725/1591 1592/724/1590 1594/726/1592
f 1592/724/1590 1400/534/1398 1594/726/1592
f 1400/534/1398 1401/535/1399 1594/726/1592
f 1401/535/1399 1402/536/1400 1594/726/1592
f 1402/536/1400 1403/537/1401 1594/726/1592
f 1594/726/1592 1403/537/1401 1595/727/1593
f 1595/727/1593 1403/537/1401 1596/728/1594
f 1403/537/1401 1404/538/1402 1596/728/1594
f 1596/728/1594 1404/538/1402 1597/729/1595
f 1404/538/1402 876/10/875 1597/729/1595
f 876/10/875 875/9/874 1597/729/1595
f 1597/729/1595 875/9/874 1598/730/1596
f 1598/730/1596 875/9/874 1599/731/1597
f 875/9/874 874/8/873 1599/731/1597
f 1599/731/1597 874/8/873 1600/732/1598
f 1600/732/1598 874/8/873 1601/733/1599
f 874/8/873 876/10/875 1601/733/1599
f 876/10/875 1405/539/1403 1601/733/1599
f 1405/539/1403 1406/540/1404 1601/733/1599
f 1601/733/1599 1406/540/1404 1602/734/1600
f 1602/734/1600 1406/540/1404 1603/735/1601
f 1406/540/1404 1407/541/1405 1603/735/1601
f 1603/735/1601 1407/541/1405 1604/736/1602
f 1604/736/1602 1407/541/1405 1605/737/1603
f 1605/737/1603 1407/541/1405 1606/738/1604
f 1407/541/1405 1408/542/1406 1606/738/1604
f 1408/542/1406 1409/543/1407 1606/738/1604
f 1409/543/1407 1410/544/1408 1606/738/1604
f 1410/544/1408 1607/739/1605 1606/738/1604
f 1606/738/1604 1607/739/1605 1608/740/1606
f 1608/740/1606 1607/739/1605 1609/741/1607
f 1609/741/1607 1607/739/1605 1610/742/1608
f 1610/742/1608 1607/739/1605 1611/743/1609
f 1607/739/1605 1410/544/1408 1611/743/1609
f 1410/544/1408 1411/545/1409 1611/743/1609
f 1411/545/1409 1412/546/1410 1611/743/1609
f 1412/546/1410 1413/547/1411 1611/743/1609
f 1611/743/1609 1413/547/1411 1612/744/1610
f 1612/744/1610 1413/547/1411 1613/745/1611
f 1413/547/1411 1414/548/1412 1613/745/1611
f 1414/548/1412 1415/549/1413 1613/745/1611
f 1415/549/1413 1416/550/1414 1613/745/1611
f 1613/745/1611 1416/550/1414 1614/746/1612
f 1614/746/1612 1416/550/1414 1615/747/1613
f 1416/550/1414 1417/551/1415 1615/747/1613
f 1417/551/1415 1418/552/1416 1615/747/1613
f 1418/552/1416 1419/553/1417 1615/747/1613
f 1615/747/1613 1419/553/1417 1616/748/1614
f 1616/748/1614 1419/553/1417 1617/749/1615
f 1617/749/1615 1419/553/1417 1618/750/1616
f 1419/553/1417 1420/554/1418 1618/750/1616
f 1420/554/1418 1421/555/1419 1618/750/1616
f 1421/555/1419 1422/556/1420 1618/750/1616
f 1618/750/1616 1422/556/1420 1619/751/1617
f 1619/751/1617 1422/556/1420 1620/752/1618
f 1620/752/1618 1422/556/1420 1621/753/1619
f 1422/556/1420 1423/557/1421 1621/753/1619
f 1423/557/1421 1424/558/1422 1621/753/1619
f 1621/753/1619 1424/558/1422 1622/754/1620
f 1424/558/1422 1425/559/1423 1622/754/1620
f 1425/559/1423 1426/560/1424 1622/754/1620
f 1426/560/1424 1623/755/1621 1622/754/1620
f 1622/754/1620 1623/755/1621 1624/756/1622
f 1624/756/1622 1623/755/1621 1625/757/1623
f 1623/755/1621 1426/560/1424 1625/757/1623
f 1426/560/1424 1427/561/1425 1625/757/1623
f 1625/757/1623 1427/561/1425 1626/758/1624
f 1427/561/1425 1627/759/1625 1626/758/1624
f 1626/758/1624 1627/759/1625 1628/760/1626
f 1628/760/1626 1627/759/1625 1629/761/1627
f 1627/759/1625 1427/561/1425 1629/761/1627
f 1629/761/1627 1427/561/1425 1630/762/1628
f 1427/561/1425 1428/562/1426 1630/762/1628
f 1630/762/1628 1428/562/1426 1631/763/1629
f 1428/562/1426 1429/563/1427 1631/763/1629
f 1429/563/1427 1430/564/1428 1631/763/1629
f 1631/763/1629 1430/564/1428 1632/764/1630
f 1632/764/1630 1430/564/1428 1633/765/1631
f 1430/564/1428 1431/565/1429 1633/765/1631
f 1431/565/1429 1634/766/1632 1633/765/1631
f 1633/765/1631 1634/766/1632 1635/767/1633
f 1635/767/1633 1634/766/1632 1636/768/1634
f 1636/768/1634 1634/766/1632 1637/769/1635
f 1634/766/1632 1431/565/1429 1637/769/1635
f 1637/769/1635 1431/565/1429 1638/770/1636
f 1431/565/1429 1432/566/1430 1638/770/1636
f 1432/566/1430 1433/567/1431 1638/770/1636
f 1433/567/1431 1434/568/1432 1638/770/1636
f 1638/770/1636 1434/568/1432 1639/771/1637
f 1639/771/1637 1434/568/1432 1640/772/1638
f 1434/568/1432 1435/569/1433 1640/772/1638
f 1435/569/1433 1437/571/1435 1640/772/1638
f 1640/772/1638 1437/571/1435 1641/773/1639
f 1641/773/1639 1437/571/1435 1642/774/1640
f 1437/571/1435 1438/572/1436 1642/774/1640
f 1438/572/1436 1440/574/1438 1642/774/1640
f 1440/574/1438 872/6/871 1642/774/1640
f 872/6/871 873/7/872 1642/774/1640
f 1642/774/1640 873/7/872 1643/775/1641
f 1643/775/1641 873/7/872 1644/776/1642
f 873/7/872 871/5/870 1644/776/1642
f 1644/776/1642 871/5/870 1645/777/1643
f 1645/777/1643 871/5/870 1646/778/1644
f 871/5/870 870/4/869 1646/778/1644
f 1646/778/1644 870/4/869 1647/779/1645
f 1647/779/1645 870/4/869 1648/780/1646
f 870/4/869 872/6/871 1648/780/1646
f 872/6/871 1440/574/1438 1648/780/1646
f 1440/574/1438 1439/573/1437 1648/780/1646
f 1648/780/1646 1439/573/1437 1649/781/1647
f 1649/781/1647 1439/573/1437 1650/782/1648
f 1650/782/1648 1439/573/1437 1651/783/1649
f 1439/573/1437 1441/575/1439 1651/783/1649
f 1651/783/1649 1441/575/1439 1652/784/1650
f 1652/784/1650 1441/575/1439 1653/785/1651
f 1441/575/1439 1442/576/1440 1653/785/1651
f 1442/576/1440 1443/577/1441 1653/785/1651
f 1443/577/1441 1654/786/1652 1653/785/1651
f 1653/785/1651 1654/786/1652 1655/787/1653
f 1655/787/1653 1654/786/1652 1656/788/1654
f 1656/788/1654 1654/786/1652 1657/789/1655
f 1654/786/1652 1443/577/1441 1657/789/1655
f 1443/577/1441 1444/578/1442 1657/789/1655
f 1444/578/1442 1445/579/1443 1657/789/1655
f 1657/789/1655 1445/579/1443 1658/790/1656
f 1658/790/1656 1445/579/1443 1659/791/1657
f 1445/579/1443 1446/580/1444 1659/791/1657
f 1446/580/1444 1448/582/1446 1659/791/1657
f 1659/791/1657 1448/582/1446 1660/792/1658
f 1660/792/1658 1448/582/1446 1661/793/1659
f 1448/582/1446 1449/583/1447 1661/793/1659
f 1661/793/1659 1449/583/1447 1662/794/1660
f 1449/583/1447 1450/584/1448 1662/794/1660
f 1662/794/1660 1450/584/1448 1663/795/1661
f 1663/795/1661 1450/584/1448 1664/796/1662
f 1450/584/1448 1451/585/1449 1664/796/1662
f 1451/585/1449 1665/797/1663 1664/796/1662
f 1664/796/1662 1665/797/1663 1666/798/1664
f 1666/798/1664 1665/797/1663 1667/799/1665
f 1667/799/1665 1665/797/1663 1668/800/1666
f 1665/797/1663 1451/585/1449 1668/800/1666
f 1451/585/1449 1452/586/1450 1668/800/1666
f 1452/586/1450 1453/587/1451 1668/800/1666
f 1668/800/1666 1453/587/1451 1669/801/1667
f 1453/587/1451 1454/588/1452 1669/801/1667
f 1669/801/1667 1454/588/1452 1670/802/1668
f 1454/588/1452 1455/589/1453 1670/802/1668
f 1670/802/1668 1455/589/1453 1671/803/1669
f 1455/589/1453 1456/590/1454 1671/803/1669
f 1456/590/1454 1457/591/1455 1671/803/1669
f 1457/591/1455 1459/593/1457 1671/803/1669
f 1671/803/1669 1459/593/1457 1672/804/1670
f 1459/593/1457 1460/594/1458 1672/804/1670
f 1672/804/1670 1460/594/1458 1673/805/1671
f 1673/805/1671 1460/594/1458 1674/806/1672
f 1460/594/1458 1461/595/1459 1674/806/1672
f 1674/806/1672 1461/595/1459 1675/807/1673
f 1461/595/1459 1462/596/1460 1675/807/1673
f 1462/596/1460 1463/597/1461 1675/807/1673
f 1463/597/1461 1464/598/1462 1675/807/1673
f 1464/598/1462 1466/600/1464 1675/807/1673
f 1675/807/1673 1466/600/1464 1676/808/1674
f 1676/808/1674 1466/600/1464 1677/809/1675
f 1466/600/1464 1678/810/1676 1677/809/1675
f 1678/810/1676 1679/811/1677 1677/809/1675
f 1677/809/1675 1679/811/1677 1680/812/1678
f 1680/812/1678 1679/811/1677 1681/813/1679
f 1681/813/1679 1679/811/1677 1682/814/1680
f 1679/811/1677 1678/810/1676 1682/814/1680
f 1678/810/1676 1466/600/1464 1682/814/1680
f 1466/600/1464 1465/599/1463 1682/814/1680
f 1682/814/1680 1465/599/1463 1683/815/1681
f 1683/815/1681 1465/599/1463 1684/816/1682
f 1684/816/1682 1465/599/1463 1685/817/1683
f 1465/599/1463 1467/601/1465 1685/817/1683
f 1467/601/1465 1468/602/1466 1685/817/1683
f 1468/602/1466 1469/603/1467 1685/817/1683
f 1469/603/1467 1686/818/1684 1685/817/1683
f 1685/817/1683 1686/818/1684 1687/819/1685
f 1687/819/1685 1686/818/1684 1688/820/1686
f 1688/820/1686 1686/818/1684 1689/821/1687
f 1689/821/1687 1686/818/1684 1690/822/1688
f 1686/818/1684 1469/603/1467 1690/822/1688
f 1690/822/1688 1469/603/1467 1691/823/1689
f 1469/603/1467 1470/604/1468 1691/823/1689
f 1470/604/1468 1471/605/1469 1691/823/1689
f 1471/605/1469 1472/606/1470 1691/823/1689
f 1472/606/1470 1473/607/1471 1691/823/1689
f 1691/823/1689 1473/607/1471 1692/824/1690
f 1473/607/1471 1693/825/1691 1692/824/1690
f 1692/824/1690 1693/825/1691 1694/826/1692
f 1694/826/1692 1693/825/1691 1695/827/1693
f 1695/827/1693 1693/825/1691 1696/828/1694
f 1696/828/1694 1693/825/1691 1697/829/1695
f 1693/825/1691 1473/607/1471 1697/829/1695
f 1473/607/1471 1474/608/1472 1697/829/1695
f 1474/608/1472 1475/609/1473 1697/829/1695
f 1697/829/1695 1475/609/1473 1698/830/1696
f 1698/830/1696 1475/609/1473 1699/831/1697
f 1699/831/1697 1475/609/1473 1700/832/1698
f 1475/609/1473 1476/610/1474 1700/832/1698
f 1476/610/1474 1477/611/1475 1700/832/1698
f 1477/611/1475 1478/612/1476 1700/832/1698
f 1700/832/1698 1478/612/1476 1701/833/1699
f 1701/833/1699 1478/612/1476 1702/834/1700
f 1478/612/1476 1479/613/1477 1702/834/1700
f 1479/613/1477 1480/614/1478 1702/834/1700
f 1480/614/1478 1703/835/1701 1702/834/1700
f 1702/834/1700 1703/835/1701 1704/836/1702
f 1704/836/1702 1703/835/1701 1705/837/1703
f 1705/837/1703 1703/835/1701 1706/838/1704
f 1706/838/1704 1703/835/1701 1707/839/1705
f 1703/835/1701 1480/614/1478 1707/839/1705
f 1480/614/1478 1481/615/1479 1707/839/1705
f 1707/839/1705 1481/615/1479 1708/840/1706
f 1708/840/1706 1481/615/1479 1709/841/1707
f 1481/615/1479 1482/616/1480 1709/841/1707
f 1482/616/1480 869/3/868 1709/841/1707
f 869/3/868 1710/842/1708 1709/841/1707
f 1709/841/1707 1710/842/1708 1711/843/1709
f 1711/843/1709 1710/842/1708 1712/844/1710
f 1710/842/1708 869/3/868 1712/844/1710
f 869/3/868 1713/845/1711 1712/844/1710
f 1713/845/1711 1714/846/1712 1712/844/1710
f 1712/844/1710 1714/846/1712 1715/847/1713
f 1715/847/1713 1714/846/1712 1716/848/1714
f 1716/848/1714 1714/846/1712 1717/849/1715
f 1714/846/1712 1713/845/1711 1717/849/1715
f 1713/845/1711 869/3/868 1717/849/1715
f 869/3/868 868/2/867 1717/849/1715
f 1717/849/1715 868/2/867 1718/850/1716
f 1718/850/1716 868/2/867 1719/851/1717
f 868/2/867 867/1/866 1719/851/1717
f 1719/851/1717 867/1/866 1720/852/1718
f 1720/852/1718 867/1/866 1721/853/1719
f 867/1/866 869/3/868 1721/853/1719
f 1721/853/1719 869/3/868 1722/854/1720
f 869/3/868 1483/617/1481 1722/854/1720
f 1483/617/1481 1484/618/1482 1722/854/1720
f 1484/618/1482 1485/619/1483 1722/854/1720
f 1722/854/1720 1485/619/1483 1723/855/1721
f 1723/855/1721 1485/619/1483 1724/856/1722
f 1724/856/1722 1485/619/1483 1725/857/1723
f 1485/619/1483 1486/620/1484 1725/857/1723
f 1486/620/1484 1487/621/1485 1725/857/1723
f 1487/621/1485 1488/622/1486 1725/857/1723
f 1725/857/1723 1488/622/1486 1726/858/1724
f 1726/858/1724 1488/622/1486 1727/859/1725
f 1727/859/1725 1488/622/1486 1728/860/1726
f 1488/622/1486 1489/623/1487 1728/860/1726
f 1489/623/1487 1490/624/1488 1728/860/1726
f 1728/860/1726 1490/624/1488 1729/861/1727
f 1729/861/1727 1490/624/1488 1730/862/1728
f 1490/624/1488 1491/625/1489 1730/862/1728
f 1491/625/1489 1493/627/1491 1730/862/1728
f 1730/862/1728 1493/627/1491 1731/863/1729
f 1731/863/1729 1493/627/1491 1732/864/1730
f 1493/627/1491 1494/628/1492 1732/864/1730
f 1494/628/1492 1495/629/1493 1732/864/1730
f 1495/629/1493 1496/630/1494 1732/864/1730
