# Blender 5.2.0 Alpha
# www.blender.org
mtllib Ornament.mtl
o Ornament
v -10.885157 5.873693 -0.632868
v -10.892158 5.873175 -0.598641
v -10.900067 5.829742 -0.628719
v -10.898641 5.858783 -0.559357
v -10.881397 5.914922 -0.531612
v -10.877378 5.897160 -0.565969
v -10.832520 5.858524 -0.603697
v -10.836150 5.863580 -0.631961
v -10.849893 5.884583 -0.652575
v -10.843800 5.851912 -0.685765
v -10.830445 5.695425 -0.780409
v -10.880620 5.664828 -0.777687
v -10.830833 5.681812 -0.811266
v -10.887491 5.642917 -0.797782
v -10.877768 5.647066 -0.811395
v -10.811256 5.720836 -0.815285
v -10.846003 5.689202 -0.823194
v -10.861301 5.631637 -0.850161
v -10.838743 5.120171 -0.761740
v -10.837576 5.095407 -0.735680
v -10.857411 5.054697 -0.759276
v -10.840817 5.033823 -0.735421
v -10.821758 5.076738 -0.709491
v -10.808275 5.138451 -0.709621
v -10.811517 5.199256 -0.732050
v -10.841984 5.179031 -0.662687
v -10.839910 5.282620 -0.692118
v -10.812295 5.217536 -0.765370
v -10.833427 5.311403 -0.758239
v -10.838224 5.405787 -0.782743
v -10.847948 5.345112 -0.777427
v -10.845225 5.327220 -0.814377
v -10.870767 5.348353 -0.759665
v -10.879582 5.412011 -0.766018
v -10.832001 5.475151 -0.797653
v -10.827333 5.477614 -0.850031
v -10.820203 5.526751 -0.816063
v -10.818387 5.590539 -0.858718
v -10.815664 5.566294 -0.836548
v -10.821370 5.534789 -0.870256
v -10.850801 5.473336 -0.877257
v -10.846521 5.523899 -0.889445
v -10.855079 5.480855 -0.862996
v -10.852356 5.404881 -0.846142
v -10.862209 5.300253 -0.851716
v -10.819036 5.296494 -0.807117
v -10.806589 5.222334 -0.801283
v -10.857672 5.158287 -0.778594
v -10.902012 5.057290 -0.770167
v -10.864284 5.011005 -0.734513
v -10.865321 5.081664 -0.669559
v -10.906420 5.134561 -0.644277
v -10.906420 5.230113 -0.639351
v -10.869470 5.316329 -0.687969
v -10.879065 5.344852 -0.738273
v -10.885675 5.419142 -0.747608
v -10.876471 5.489152 -0.780150
v -10.870767 5.548532 -0.803876
v -10.868692 5.598966 -0.826564
v -10.887102 5.623729 -0.815415
v -10.903567 5.669236 -0.775353
v -10.862598 5.703074 -0.749812
v -10.842632 5.740542 -0.730883
v -10.885675 5.760509 -0.726864
v -10.864673 5.805886 -0.714418
v -10.818258 5.794607 -0.717918
v -10.788179 5.769585 -0.758498
v -10.786235 5.747933 -0.791559
v -10.801274 5.787476 -0.794930
v -10.829797 5.766732 -0.816581
v -10.832260 5.718113 -0.849123
v -10.805293 5.664568 -0.878035
v -10.862728 5.647325 -0.880239
v -10.867006 5.635138 -0.901632
v -10.814499 5.596503 -0.886463
v -10.817610 5.550477 -0.891519
v -10.815276 5.494208 -0.907077
v -10.805812 5.465427 -0.887759
v -10.808794 5.457000 -0.929377
v -10.787401 5.419531 -0.911615
v -10.803219 5.407214 -0.895149
v -10.813460 5.350427 -0.914985
v -10.883731 5.397101 -0.887240
v -10.890214 5.409418 -0.855995
v -10.892158 5.293252 -0.862477
v -10.814499 5.259154 -0.849901
v -10.807108 5.194848 -0.834343
v -10.802571 5.142080 -0.859755
v -10.886713 5.101241 -0.820341
v -10.902271 5.021507 -0.840826
v -10.889047 4.883430 -0.839529
v -10.884120 4.921288 -0.719215
v -10.891251 4.955126 -0.661521
v -10.906420 4.953959 -0.644537
v -10.906420 5.365726 -0.577897
v -10.893195 5.366374 -0.593714
v -10.900067 5.440923 -0.678375
v -10.886713 5.503674 -0.762907
v -10.887751 5.574073 -0.789874
v -10.906549 5.727578 -0.735032
v -10.908235 5.785013 -0.696007
v -10.871284 5.762583 -0.578804
v -10.834205 5.831686 -0.517350
v -10.846003 5.895604 -0.456804
v -10.870636 5.919589 -0.492717
v -10.845744 5.947074 -0.451877
v -10.797645 5.934110 -0.488568
v -10.807238 5.910384 -0.509312
v -10.798422 5.912977 -0.531871
v -10.819425 5.887177 -0.565580
v -10.790513 5.888473 -0.574655
v -10.798940 5.890288 -0.611087
v -10.830833 5.882898 -0.646741
v -10.799719 5.884583 -0.659706
v -10.801533 5.846985 -0.692248
v -10.791290 5.843095 -0.731920
v -10.793884 5.828705 -0.763814
v -10.788828 5.801219 -0.793115
v -10.781697 5.837780 -0.766796
v -10.813591 5.835706 -0.798560
v -10.784289 5.848801 -0.776779
v -10.799588 5.810295 -0.801413
v -10.808924 5.789421 -0.808932
v -10.789995 5.719799 -0.844586
v -10.808015 5.730819 -0.868182
v -10.818129 5.687776 -0.890222
v -10.830056 5.639546 -0.904095
v -10.860265 5.645251 -0.916412
v -10.876860 5.615302 -0.942082
v -10.883601 5.614783 -0.928339
v -10.818518 5.593780 -0.909540
v -10.809960 5.540883 -0.917060
v -10.811646 5.504840 -0.938063
v -10.800107 5.454536 -0.953880
v -10.791290 5.407992 -0.953621
v -10.795829 5.398528 -0.940008
v -10.811256 5.319441 -0.942342
v -10.888528 5.326053 -0.916023
v -10.866747 5.235428 -0.902539
v -10.808405 5.184865 -0.885036
v -10.828371 5.043158 -0.911744
v -10.816054 5.026304 -0.871683
v -10.784808 4.863724 -0.861181
v -10.875564 4.718646 -0.798042
v -10.881657 4.793454 -0.689655
v -10.885935 4.819772 -0.636887
v -10.906420 4.815234 -0.614847
v -10.906420 5.468279 -0.535761
v -10.880749 5.471391 -0.546910
v -10.898641 5.543216 -0.616792
v -10.865061 5.652770 -0.571155
v -10.785198 5.721096 -0.524352
v -10.800367 5.832076 -0.503089
v -10.805163 5.888343 -0.451359
v -10.786494 5.845170 -0.413112
v -10.792458 5.911810 -0.376940
v -10.834853 5.915310 -0.376681
v -10.845355 5.961725 -0.396647
v -10.852486 5.968208 -0.339601
v -10.874784 5.950835 -0.284370
v -10.821629 5.968466 -0.270238
v -10.811386 5.984025 -0.329748
v -10.809701 5.971189 -0.397295
v -10.809831 5.957187 -0.454081
v -10.812683 5.944611 -0.504645
v -10.793365 5.919459 -0.551837
v -10.801662 5.917514 -0.582823
v -10.815664 5.913885 -0.611217
v -10.816702 5.916737 -0.619644
v -10.808015 5.898715 -0.640258
v -10.805682 5.887177 -0.706120
v -10.808146 5.896512 -0.710139
v -10.826685 5.901308 -0.717270
v -10.828629 5.861895 -0.784558
v -10.827593 5.815221 -0.809710
v -10.817092 5.782679 -0.838233
v -10.830575 5.742488 -0.877257
v -10.842892 5.702685 -0.902669
v -10.856504 5.668588 -0.916541
v -10.856504 5.668588 -0.916541
v -10.857411 5.646806 -0.946620
v -10.846651 5.640194 -0.955566
v -10.843800 5.689980 -0.951935
v -10.849115 5.754804 -0.936637
v -10.839910 5.727189 -0.936118
v -10.841984 5.720448 -0.952454
v -10.847688 5.685183 -0.969179
v -10.845614 5.630600 -0.966456
v -10.854949 5.601688 -0.947398
v -10.858969 5.583148 -0.939360
v -10.812683 5.550347 -0.943897
v -10.817999 5.504840 -0.965030
v -10.807497 5.438459 -0.985255
v -10.800885 5.383099 -0.986163
v -10.801793 5.335648 -0.971772
v -10.873229 5.294938 -0.948435
v -10.859097 5.252672 -0.945453
v -10.861820 5.077645 -0.926395
v -10.826816 4.871243 -0.902150
v -10.779753 4.681177 -0.811266
v -10.772622 4.325160 -0.538743
v -10.783772 4.300396 -0.567654
v -10.877119 4.351737 -0.575952
v -10.778845 4.344737 -0.620033
v -10.888009 4.393096 -0.626515
v -10.784289 4.428360 -0.685895
v -10.881527 4.459217 -0.682783
v -10.794144 4.537266 -0.749682
v -10.882953 4.570457 -0.736069
v -10.884120 4.646301 -0.641684
v -10.865840 4.688048 -0.599937
v -10.906420 4.685715 -0.574655
v -10.906420 5.553848 -0.492198
v -10.855079 5.557608 -0.506330
v -10.838095 5.622692 -0.475733
v -10.753045 5.649010 -0.458749
v -10.754601 5.728096 -0.512164
v -10.811256 5.798496 -0.441894
v -10.800756 5.757915 -0.388349
v -10.794403 5.821185 -0.350880
v -10.787401 5.852819 -0.368902
v -10.782734 5.904161 -0.314060
v -10.830705 5.908699 -0.316912
v -10.857153 5.910643 -0.247680
v -10.852226 5.889121 -0.235622
v -10.845355 5.909865 -0.232899
v -10.814109 5.929183 -0.231603
v -10.913939 5.988692 -0.169112
v -10.913939 6.002565 -0.196079
v -10.913939 6.023049 -0.244309
v -10.913939 6.021753 -0.311208
v -10.913939 6.000879 -0.393924
v -10.913939 5.975986 -0.465231
v -10.913939 5.954983 -0.519554
v -10.913939 5.947594 -0.553652
v -10.913939 5.935277 -0.585805
v -10.913939 5.926979 -0.632998
v -10.913939 5.910773 -0.671374
v -10.913939 5.914922 -0.681357
v -10.913939 5.905068 -0.723234
v -10.913809 5.862025 -0.789096
v -10.913809 5.821962 -0.816581
v -10.913809 5.785272 -0.846660
v -10.913809 5.747155 -0.882184
v -10.913809 5.708001 -0.907336
v -10.913809 5.708001 -0.907336
v -10.913809 5.684016 -0.913689
v -10.913809 5.684016 -0.913689
v -10.913809 5.687776 -0.940915
v -10.913809 5.730300 -0.928728
v -10.913809 5.758564 -0.924061
v -10.913809 5.777104 -0.910448
v -10.913809 5.788254 -0.910966
v -10.913809 5.803423 -0.923283
v -10.913809 5.773214 -0.954658
v -10.913809 5.722522 -0.973068
v -10.913809 5.685442 -0.982662
v -10.913809 5.617246 -0.980847
v -10.913809 5.586000 -0.960881
v -10.913809 5.566035 -0.954529
v -10.913809 5.517546 -0.973328
v -10.913939 5.448572 -0.993294
v -10.913939 5.367541 -0.998350
v -10.913939 5.307514 -0.981366
v -10.913939 5.259154 -0.979680
v -10.913939 5.126523 -0.981755
v -10.913939 4.986631 -0.965289
v -10.913939 4.867224 -0.927043
v -10.913939 4.682474 -0.862218
v -10.914069 4.524560 -0.786114
v -10.913939 4.388688 -0.704694
v -10.913939 4.312842 -0.640647
v -10.913939 4.267206 -0.576082
v -10.914069 4.257482 -0.538224
v -10.914069 4.276152 -0.516184
v -10.835242 4.057044 -0.316783
v -10.872581 4.078048 -0.346991
v -10.821239 4.090235 -0.312245
v -10.914069 4.114219 -0.296557
v -10.914069 4.121869 -0.327414
v -10.914069 4.112535 -0.349584
v -10.913939 4.075325 -0.349973
v -10.913939 4.046672 -0.318079
v -10.913939 4.031633 -0.275943
v -10.833686 5.856061 0.222948
v -10.852226 5.889511 0.231635
v -10.850410 5.860468 0.267029
v -10.785198 5.722262 0.520494
v -10.871284 5.763750 0.574817
v -10.865061 5.654326 0.567168
v -10.903567 5.670403 0.771366
v -10.887102 5.625025 0.811557
v -10.887751 5.576147 0.785886
v -10.906420 5.124967 0.640290
v -10.906420 5.223371 0.635363
v -10.841984 5.170604 0.658700
v -10.839910 5.277694 0.688131
v -10.869470 5.312700 0.683982
v -10.870767 5.346279 0.755808
v -10.879065 5.342519 0.734286
v -10.879582 5.412011 0.762031
v -10.885675 5.419142 0.743621
v -10.876471 5.490838 0.776163
v -10.870767 5.550477 0.799888
v -10.886713 5.505618 0.759049
v -10.900067 5.441312 0.674388
v -10.893195 5.364040 0.589727
v -10.906420 5.363263 0.573909
v -10.906420 4.940995 0.640549
v -10.891251 4.942291 0.657533
v -10.865321 5.070774 0.665572
v -10.808275 5.129116 0.705633
v -10.821758 5.065977 0.705504
v -10.838743 5.110965 0.757752
v -10.857411 5.044066 0.755289
v -10.837576 5.085294 0.731822
v -10.840817 5.022544 0.731434
v -10.811517 5.191996 0.728063
v -10.812295 5.211184 0.761383
v -10.833427 5.308032 0.754252
v -10.847948 5.343038 0.773440
v -10.845225 5.324757 0.810520
v -10.838224 5.405529 0.778756
v -10.832001 5.476577 0.793665
v -10.827333 5.478910 0.846044
v -10.820203 5.528696 0.812075
v -10.815664 5.567980 0.832560
v -10.868692 5.600392 0.822577
v -10.877768 5.648103 0.807408
v -10.887491 5.644214 0.793795
v -10.880620 5.666124 0.773829
v -10.862598 5.704112 0.745825
v -10.906549 5.728226 0.731045
v -10.898641 5.545939 0.612804
v -10.880749 5.472299 0.542923
v -10.906420 5.469057 0.531903
v -10.906420 4.801881 0.610860
v -10.885935 4.806288 0.632900
v -10.884120 4.908453 0.715227
v -10.864284 4.999207 0.730526
v -10.902012 5.046918 0.766180
v -10.857672 5.150249 0.774607
v -10.806589 5.216370 0.797295
v -10.819036 5.293123 0.803130
v -10.862209 5.297401 0.847729
v -10.852356 5.404881 0.842154
v -10.855079 5.482281 0.859009
v -10.850801 5.474632 0.873270
v -10.846521 5.525325 0.885457
v -10.821370 5.536345 0.866269
v -10.818387 5.591705 0.854730
v -10.861301 5.632286 0.846303
v -10.846003 5.689072 0.819206
v -10.811256 5.720317 0.811298
v -10.830833 5.682201 0.807279
v -10.830445 5.696073 0.776422
v -10.842632 5.741191 0.726896
v -10.885675 5.760768 0.722877
v -10.864673 5.807183 0.710430
v -10.908235 5.786569 0.692020
v -10.900067 5.830909 0.624732
v -10.885157 5.874730 0.628881
v -10.892158 5.874212 0.594653
v -10.898641 5.859820 0.555369
v -10.834205 5.832724 0.513363
v -10.800367 5.832983 0.499102
v -10.805163 5.889121 0.447372
v -10.786494 5.846078 0.409125
v -10.792458 5.912458 0.372953
v -10.782734 5.904679 0.310202
v -10.787401 5.853597 0.364914
v -10.794403 5.821833 0.346893
v -10.800756 5.758823 0.384492
v -10.811256 5.799404 0.437907
v -10.754601 5.729263 0.508307
v -10.753045 5.650047 0.454762
v -10.838095 5.623858 0.471746
v -10.855079 5.557608 0.502343
v -10.906420 5.553718 0.488211
v -10.906420 4.674565 0.570668
v -10.865840 4.676380 0.595950
v -10.884120 4.635410 0.637697
v -10.881657 4.780229 0.685667
v -10.889047 4.871502 0.835672
v -10.902271 5.011265 0.836839
v -10.886713 5.092425 0.816354
v -10.802571 5.134561 0.855767
v -10.807108 5.188496 0.830486
v -10.814499 5.254876 0.845914
v -10.892158 5.290270 0.858490
v -10.890214 5.409678 0.852008
v -10.883731 5.397101 0.883253
v -10.813460 5.349520 0.910998
v -10.803219 5.407344 0.891162
v -10.805812 5.466593 0.883772
v -10.787401 5.420049 0.907627
v -10.808794 5.458167 0.925389
v -10.815276 5.495505 0.903089
v -10.817610 5.551773 0.887532
v -10.814499 5.597410 0.882475
v -10.867006 5.635008 0.897644
v -10.862728 5.647195 0.876252
v -10.805293 5.664179 0.874178
v -10.832260 5.716817 0.845136
v -10.829797 5.764917 0.812594
v -10.801274 5.785791 0.790943
v -10.786235 5.747285 0.787572
v -10.788179 5.769196 0.754511
v -10.818258 5.796033 0.713931
v -10.843800 5.853079 0.681778
v -10.849893 5.885750 0.648588
v -10.836150 5.864617 0.627973
v -10.832520 5.859561 0.599839
v -10.877378 5.898197 0.561982
v -10.881397 5.915699 0.527624
v -10.870636 5.920367 0.488730
v -10.846003 5.896381 0.452817
v -10.834853 5.915829 0.372693
v -10.830705 5.909217 0.312925
v -10.790124 5.844263 0.281809
v -10.798292 5.774382 0.319018
v -10.828501 5.737172 0.393178
v -10.749543 5.634879 0.381510
v -10.906420 5.614264 0.446723
v -10.906420 4.569160 0.507918
v -10.872063 4.563844 0.528921
v -10.843280 4.514707 0.572613
v -10.888009 4.391929 0.622528
v -10.881527 4.457272 0.678796
v -10.882953 4.561640 0.732211
v -10.875564 4.706459 0.794054
v -10.784808 4.851666 0.857194
v -10.816054 5.016450 0.867695
v -10.828371 5.034212 0.907757
v -10.808405 5.178901 0.881049
v -10.866747 5.231150 0.898552
v -10.888528 5.324498 0.912035
v -10.811256 5.317885 0.938354
v -10.795829 5.398787 0.936020
v -10.791290 5.408381 0.949763
v -10.800107 5.455573 0.949893
v -10.811646 5.506137 0.934205
v -10.809960 5.542179 0.913072
v -10.818518 5.594298 0.905553
v -10.883601 5.614654 0.924352
v -10.876860 5.615042 0.938224
v -10.860265 5.644602 0.912424
v -10.830056 5.639287 0.900108
v -10.818129 5.686479 0.886235
v -10.808015 5.728875 0.864195
v -10.789995 5.718762 0.840598
v -10.808924 5.787217 0.805074
v -10.799588 5.807701 0.797425
v -10.788828 5.799274 0.789127
v -10.813591 5.832465 0.794573
v -10.784289 5.848541 0.772921
v -10.781697 5.837780 0.762809
v -10.793884 5.827927 0.759827
v -10.791290 5.844133 0.727933
v -10.801533 5.848152 0.688260
v -10.799719 5.885621 0.655718
v -10.830833 5.883935 0.642883
v -10.798940 5.891195 0.607100
v -10.790513 5.889380 0.570668
v -10.819425 5.888214 0.561593
v -10.798422 5.913885 0.527884
v -10.807238 5.911162 0.505325
v -10.797645 5.934758 0.484581
v -10.845744 5.947723 0.447890
v -10.845355 5.962244 0.392789
v -10.852486 5.968596 0.335614
v -10.874784 5.951223 0.280383
v -10.857153 5.911032 0.243692
v -10.845355 5.910254 0.228912
v -10.819166 5.930479 0.199871
v -10.812035 5.901049 0.217762
v -10.836020 5.874730 0.205186
v -10.786754 5.858783 0.202075
v -10.835113 5.823130 0.238117
v -10.829668 5.761287 0.299312
v -10.752526 5.657827 0.295682
v -10.906420 5.611023 0.390585
v -10.906420 4.489425 0.432073
v -10.864414 4.472312 0.447501
v -10.860265 4.396207 0.504677
v -10.877119 4.350700 0.572094
v -10.785716 4.323604 0.481469
v -10.772622 4.324381 0.534755
v -10.783772 4.299489 0.563667
v -10.778845 4.343699 0.616045
v -10.784289 4.427064 0.681907
v -10.794144 4.529616 0.745695
v -10.779753 4.669379 0.807279
v -10.826816 4.859834 0.898163
v -10.861820 5.069866 0.922407
v -10.859097 5.249431 0.941466
v -10.873229 5.292993 0.944577
v -10.801793 5.334740 0.967785
v -10.800885 5.383229 0.982176
v -10.807497 5.439367 0.981268
v -10.817999 5.506007 0.961043
v -10.812683 5.551254 0.939910
v -10.858969 5.583537 0.935372
v -10.854949 5.601688 0.943540
v -10.846651 5.639028 0.951578
v -10.845614 5.629563 0.962469
v -10.847688 5.682590 0.965191
v -10.849115 5.750656 0.932649
v -10.841984 5.717076 0.948467
v -10.839910 5.723948 0.932131
v -10.843800 5.687516 0.947948
v -10.857411 5.645769 0.942633
v -10.856504 5.667291 0.912684
v -10.856504 5.667291 0.912684
v -10.842892 5.700740 0.898681
v -10.830575 5.739895 0.873270
v -10.817092 5.779956 0.834246
v -10.827593 5.812369 0.805852
v -10.828629 5.861765 0.780571
v -10.826685 5.902345 0.713283
v -10.808146 5.897549 0.706152
v -10.805682 5.888343 0.702133
v -10.808015 5.899753 0.636400
v -10.816702 5.917644 0.615656
v -10.815664 5.914792 0.607229
v -10.801662 5.918422 0.578836
v -10.793365 5.920367 0.547850
v -10.812683 5.945389 0.500657
v -10.809831 5.957836 0.450224
v -10.809701 5.971578 0.393308
v -10.811386 5.984284 0.325890
v -10.821629 5.968596 0.266381
v -10.814109 5.929442 0.227616
v -10.873878 5.966782 0.162661
v -10.856375 5.990637 0.099133
v -10.823185 6.006843 0.072814
v -10.818777 6.020975 0.079167
v -10.789865 6.009955 0.044551
v -10.788828 6.027976 0.046106
v -10.770158 6.022012 -0.001994
v -10.818777 6.020975 -0.083154
v -10.788828 6.027976 -0.050094
v -10.789865 6.009955 -0.048538
v -10.795051 6.007491 -0.001994
v -10.824870 6.008140 0.040013
v -10.848725 5.980394 0.082797
v -10.831612 5.896512 0.128823
v -10.799070 5.877583 0.173552
v -10.766528 5.810424 0.201686
v -10.759915 5.733153 0.231375
v -10.906420 5.622692 0.275456
v -10.906420 4.411117 0.333798
v -10.869599 4.390633 0.346893
v -10.848855 4.335920 0.389807
v -10.804774 4.297155 0.410810
v -10.808405 4.226107 0.337558
v -10.867525 4.245554 0.289718
v -10.797126 4.135223 0.284013
v -10.872581 4.078048 0.343004
v -10.835242 4.057044 0.312795
v -10.821239 4.090235 0.308258
v -10.770028 4.067676 0.272604
v -10.807627 3.967197 -0.040629
v -10.803089 3.978477 -0.001994
v -10.836927 3.953065 -0.001994
v -10.807627 3.967197 0.036642
v -10.771974 4.014260 0.047532
v -10.786494 4.030596 0.193258
v -10.739690 4.031374 0.111839
v -10.730227 4.085049 0.111320
v -10.734116 4.090235 0.042476
v -10.796996 4.039541 -0.001994
v -10.771974 4.014260 -0.051520
v -10.739690 4.031374 -0.115826
v -10.913939 3.985478 -0.141497
v -10.913939 3.977958 -0.091581
v -10.913939 3.955529 -0.066689
v -10.913939 3.944379 -0.001994
v -10.913939 3.955529 0.062701
v -10.913939 3.977958 0.087724
v -10.913939 3.985478 0.137639
v -10.913939 4.006999 0.215299
v -10.913939 4.021780 0.239673
v -10.913939 4.031633 0.271956
v -10.913939 4.046672 0.314092
v -10.913939 4.075325 0.345986
v -10.914069 4.112535 0.345597
v -10.914069 4.121869 0.323427
v -10.914069 4.114219 0.292570
v -10.914069 4.199529 0.341707
v -10.914069 4.256575 0.405624
v -10.914069 4.275115 0.472264
v -10.914069 4.275504 0.512196
v -10.914069 4.256834 0.534237
v -10.913939 4.266428 0.572094
v -10.913939 4.311935 0.636660
v -10.913939 4.387521 0.700707
v -10.914069 4.517689 0.782256
v -10.913939 4.671453 0.858231
v -10.913939 4.856463 0.923056
v -10.913939 4.977815 0.961302
v -10.913939 5.120818 0.977768
v -10.913939 5.256691 0.975693
v -10.913939 5.306217 0.977379
v -10.913939 5.367671 0.994363
v -10.913939 5.449480 0.989306
v -10.913809 5.518453 0.969340
v -10.913809 5.566553 0.950541
v -10.913809 5.586131 0.956894
v -10.913809 5.616468 0.976860
v -10.913809 5.682590 0.978675
v -10.913809 5.718632 0.969081
v -10.913809 5.768158 0.950800
v -10.913809 5.798107 0.919296
v -10.913809 5.783717 0.906979
v -10.913809 5.772826 0.906590
v -10.913809 5.754545 0.920074
v -10.913809 5.727059 0.924741
v -10.913809 5.685571 0.937058
v -10.913809 5.682330 0.909702
v -10.913809 5.682330 0.909702
v -10.913809 5.705797 0.903349
v -10.913809 5.705797 0.903349
v -10.913809 5.744303 0.878197
v -10.913809 5.782160 0.842802
v -10.913809 5.818592 0.812594
v -10.913809 5.860209 0.785108
v -10.913939 5.906105 0.719247
v -10.913939 5.915959 0.677370
v -10.913939 5.911680 0.667516
v -10.913939 5.928016 0.629010
v -10.913939 5.936054 0.581948
v -10.913939 5.948371 0.549665
v -10.913939 5.955632 0.515567
v -10.913939 5.976635 0.461244
v -10.913939 6.001138 0.389937
v -10.913939 6.021883 0.307220
v -10.913939 6.023049 0.240321
v -10.913939 6.002565 0.192092
v -10.913939 5.988692 0.165125
v -10.913939 6.004509 0.137768
v -10.913939 6.010213 0.107301
v -10.913939 6.032384 0.083575
v -10.913939 6.058962 0.061405
v -10.913939 6.068427 -0.001994
v -10.913939 6.058962 -0.065392
v -10.913939 6.032384 -0.087562
v -10.913939 6.004509 -0.141626
v -10.913939 6.010213 -0.111288
v -10.856375 5.990637 -0.103120
v -10.823185 6.006843 -0.076801
v -10.824870 6.008140 -0.044000
v -10.836538 6.003083 -0.001994
v -10.834205 5.973912 -0.001994
v -10.838354 5.976375 0.022510
v -10.803737 5.873952 0.091354
v -10.821370 5.801478 0.088502
v -10.845225 5.814573 0.124804
v -10.881657 5.727448 0.158901
v -10.906420 5.701778 0.177312
v -10.906420 4.317899 0.227875
v -10.867395 4.303508 0.239543
v -10.858450 4.133797 0.216336
v -10.780660 4.163616 0.107819
v -10.775733 4.175544 0.060627
v -10.763027 4.187342 -0.001994
v -10.760695 4.194213 0.035605
v -10.784678 4.158689 -0.001994
v -10.734116 4.090235 -0.046463
v -10.730227 4.085049 -0.115307
v -10.786494 4.030596 -0.197246
v -10.913939 4.006999 -0.219286
v -10.913939 4.021780 -0.243660
v -10.770028 4.067676 -0.276591
v -10.797126 4.135223 -0.287871
v -10.914069 4.199658 -0.345694
v -10.808405 4.226367 -0.341546
v -10.914069 4.257093 -0.409482
v -10.804774 4.297803 -0.414798
v -10.914069 4.275763 -0.476122
v -10.785716 4.324381 -0.485457
v -10.860265 4.397244 -0.508664
v -10.843280 4.518726 -0.576600
v -10.872063 4.570067 -0.532908
v -10.906420 4.574864 -0.511905
v -10.906420 5.613357 -0.450711
v -10.749543 5.633971 -0.385497
v -10.828501 5.736264 -0.397165
v -10.798292 5.773603 -0.323006
v -10.790124 5.843744 -0.285796
v -10.850410 5.859950 -0.271016
v -10.833686 5.855542 -0.226936
v -10.836020 5.874341 -0.209174
v -10.812035 5.900790 -0.221750
v -10.819166 5.930350 -0.203858
v -10.873878 5.966782 -0.166649
v -10.848725 5.980394 -0.086784
v -10.838354 5.976375 -0.026497
v -10.758230 5.889640 -0.001994
v -10.761212 5.882509 0.030678
v -10.784938 5.785401 0.053367
v -10.867525 5.712798 0.078130
v -10.906420 5.706186 0.109505
v -10.906420 4.278096 0.117414
v -10.861820 4.239720 0.113135
v -10.790383 4.211197 0.086557
v -10.746173 4.229737 0.038068
v -10.742024 4.223384 -0.001994
v -10.760695 4.194213 -0.039592
v -10.775733 4.175544 -0.064485
v -10.780660 4.163616 -0.111807
v -10.858450 4.133797 -0.220323
v -10.867525 4.245814 -0.293705
v -10.848855 4.336569 -0.393665
v -10.864414 4.473349 -0.451488
v -10.906420 4.490463 -0.436060
v -10.906420 5.609986 -0.394572
v -10.752526 5.657048 -0.299539
v -10.829668 5.760509 -0.303299
v -10.835113 5.822611 -0.242105
v -10.786754 5.858394 -0.205932
v -10.799070 5.877323 -0.177539
v -10.831612 5.896381 -0.132810
v -10.803737 5.873952 -0.095341
v -10.761212 5.882509 -0.034665
v -10.763157 5.787865 -0.001994
v -10.864673 5.695554 -0.001994
v -10.864543 5.699314 0.026529
v -10.906420 5.663142 0.055052
v -10.906420 4.273559 0.064776
v -10.906420 4.264354 -0.001994
v -10.746173 4.229737 -0.041926
v -10.790383 4.211197 -0.090544
v -10.861820 4.239720 -0.117122
v -10.867395 4.303767 -0.243531
v -10.869599 4.391281 -0.350880
v -10.906420 4.411766 -0.337786
v -10.906420 5.622044 -0.279444
v -10.759915 5.732635 -0.235233
v -10.766528 5.809906 -0.205543
v -10.845225 5.814313 -0.128661
v -10.821370 5.801348 -0.092489
v -10.784938 5.785272 -0.057354
v -10.864543 5.699185 -0.030387
v -10.906420 5.654326 -0.001994
v -10.906420 4.273559 -0.068633
v -10.906420 4.278096 -0.121401
v -10.906420 4.318159 -0.231862
v -10.906420 5.701260 -0.181299
v -10.881657 5.726930 -0.162759
v -10.867525 5.712409 -0.082117
v -10.906420 5.662883 -0.059039
v -10.906420 5.705797 -0.113492
v 10.854356 2.255864 0.652253
v 10.861357 2.255345 0.618026
v 10.869395 2.211912 0.648105
v 10.867969 2.240954 0.578742
v 10.850595 2.297092 0.550997
v 10.846706 2.279330 0.585354
v 10.801717 2.240695 0.623212
v 10.805348 2.245751 0.651346
v 10.819090 2.266754 0.671960
v 10.813127 2.234083 0.705150
v 10.799643 2.077595 0.799795
v 10.849817 2.046998 0.797202
v 10.800033 2.063982 0.830651
v 10.856688 2.025088 0.817168
v 10.846965 2.029236 0.830781
v 10.780456 2.103007 0.834670
v 10.815202 2.071373 0.842579
v 10.830500 2.013808 0.869676
v 10.808070 1.502341 0.781125
v 10.806904 1.477578 0.755195
v 10.826611 1.436868 0.778662
v 10.810015 1.415994 0.754806
v 10.790956 1.458908 0.728876
v 10.777473 1.520621 0.729006
v 10.780714 1.581427 0.751435
v 10.811182 1.561201 0.682073
v 10.809108 1.664791 0.711503
v 10.781492 1.599707 0.784755
v 10.802755 1.693574 0.777625
v 10.807423 1.787959 0.802128
v 10.817276 1.727283 0.796813
v 10.814424 1.709391 0.833892
v 10.840094 1.730524 0.779051
v 10.848910 1.794182 0.785403
v 10.801329 1.857321 0.817038
v 10.796532 1.859784 0.869416
v 10.789531 1.908922 0.835448
v 10.787586 1.972709 0.878103
v 10.784992 1.948465 0.855933
v 10.790567 1.916960 0.889642
v 10.819999 1.855506 0.896643
v 10.815849 1.906069 0.908830
v 10.824277 1.863026 0.882381
v 10.821554 1.787051 0.865527
v 10.831537 1.682424 0.871102
v 10.788234 1.678664 0.826502
v 10.775787 1.604504 0.820668
v 10.826869 1.540458 0.797980
v 10.871339 1.439461 0.789552
v 10.833482 1.393176 0.753899
v 10.834518 1.463835 0.688944
v 10.875618 1.516732 0.663663
v 10.875618 1.612283 0.658736
v 10.838798 1.698500 0.707355
v 10.848262 1.727023 0.757658
v 10.854875 1.801312 0.766993
v 10.845670 1.871323 0.799535
v 10.839964 1.930703 0.823261
v 10.837890 1.981136 0.845950
v 10.856300 2.005899 0.834930
v 10.872766 2.051406 0.794738
v 10.831797 2.085245 0.769197
v 10.811831 2.122714 0.750268
v 10.854875 2.142679 0.746249
v 10.833871 2.188057 0.733803
v 10.787457 2.176777 0.737303
v 10.757378 2.151755 0.777884
v 10.755563 2.130104 0.810944
v 10.770472 2.169647 0.814315
v 10.799125 2.148903 0.835967
v 10.801458 2.100284 0.868509
v 10.774491 2.046739 0.897550
v 10.831926 2.029496 0.899625
v 10.836205 2.017308 0.921017
v 10.783696 1.978673 0.905848
v 10.786938 1.932647 0.910904
v 10.784474 1.876380 0.926462
v 10.775139 1.847597 0.907144
v 10.777991 1.839170 0.948762
v 10.756600 1.801701 0.931000
v 10.772546 1.789385 0.914534
v 10.782660 1.732598 0.934371
v 10.852929 1.779272 0.906626
v 10.859411 1.791589 0.875380
v 10.861357 1.675423 0.881863
v 10.783696 1.641325 0.869287
v 10.776306 1.577019 0.853858
v 10.771769 1.524251 0.879140
v 10.855911 1.483412 0.839727
v 10.871469 1.403677 0.860211
v 10.858245 1.265601 0.859044
v 10.853317 1.303458 0.738600
v 10.860449 1.337297 0.680906
v 10.875618 1.336130 0.663922
v 10.875618 1.747897 0.597282
v 10.862523 1.748545 0.613099
v 10.869265 1.823094 0.697760
v 10.856040 1.885844 0.782422
v 10.856949 1.956244 0.809259
v 10.875877 2.109749 0.754417
v 10.877563 2.167183 0.715393
v 10.840483 2.144754 0.598190
v 10.803403 2.213857 0.536736
v 10.815202 2.277775 0.476189
v 10.839834 2.301760 0.512102
v 10.814941 2.329245 0.471263
v 10.766842 2.316280 0.507953
v 10.776436 2.292555 0.528697
v 10.767619 2.295148 0.551256
v 10.788624 2.269347 0.584965
v 10.759711 2.270644 0.594041
v 10.768268 2.272459 0.630472
v 10.800033 2.265069 0.666255
v 10.768916 2.266754 0.679091
v 10.770861 2.229156 0.711633
v 10.760489 2.225266 0.751306
v 10.763083 2.210875 0.783199
v 10.758026 2.183389 0.812500
v 10.750895 2.219951 0.786181
v 10.782788 2.217876 0.817945
v 10.753488 2.230971 0.796294
v 10.768786 2.192465 0.820798
v 10.778121 2.171592 0.828447
v 10.759192 2.101969 0.863971
v 10.777214 2.112990 0.887567
v 10.787457 2.069946 0.909608
v 10.799254 2.021717 0.923480
v 10.829462 2.027421 0.935797
v 10.846188 1.997472 0.961597
v 10.852799 1.996954 0.947725
v 10.787715 1.975950 0.928926
v 10.779159 1.923053 0.936445
v 10.780844 1.887011 0.957578
v 10.769435 1.836707 0.973266
v 10.760489 1.790163 0.973136
v 10.765027 1.780698 0.959393
v 10.780456 1.701612 0.961727
v 10.857856 1.708224 0.935408
v 10.835945 1.617599 0.921924
v 10.777603 1.567036 0.904422
v 10.797568 1.425329 0.931130
v 10.785253 1.408474 0.891068
v 10.754006 1.245894 0.880566
v 10.844761 1.100816 0.817427
v 10.850855 1.175624 0.709040
v 10.855263 1.201943 0.656273
v 10.875618 1.197405 0.634232
v 10.875618 1.850450 0.555275
v 10.849948 1.853561 0.566296
v 10.867839 1.925387 0.636177
v 10.834260 2.034941 0.590540
v 10.754395 2.103266 0.543866
v 10.769565 2.214246 0.522474
v 10.774362 2.270514 0.470744
v 10.755692 2.227341 0.432497
v 10.761656 2.293981 0.396325
v 10.804051 2.297481 0.396066
v 10.814553 2.343896 0.416162
v 10.821684 2.350378 0.358986
v 10.843984 2.333005 0.303755
v 10.790828 2.350637 0.289753
v 10.780584 2.366195 0.349262
v 10.778900 2.353360 0.416680
v 10.779029 2.339358 0.473596
v 10.781881 2.326782 0.524030
v 10.762564 2.301630 0.571222
v 10.770861 2.299685 0.602209
v 10.784863 2.296055 0.630602
v 10.785901 2.298907 0.639029
v 10.777214 2.280886 0.659773
v 10.774880 2.269347 0.725505
v 10.777473 2.278682 0.729525
v 10.795883 2.283479 0.736655
v 10.797957 2.244066 0.803943
v 10.796791 2.197392 0.829225
v 10.786289 2.164850 0.857618
v 10.799773 2.124658 0.896643
v 10.812089 2.084856 0.922054
v 10.825703 2.050758 0.936056
v 10.825703 2.050758 0.936056
v 10.826611 2.028977 0.966005
v 10.815979 2.022365 0.974951
v 10.812998 2.072150 0.971321
v 10.818313 2.136975 0.956022
v 10.809108 2.109360 0.955504
v 10.811182 2.102618 0.971840
v 10.816887 2.067353 0.988564
v 10.814812 2.012771 0.985842
v 10.824147 1.983859 0.966913
v 10.828166 1.965319 0.958745
v 10.782011 1.932518 0.963283
v 10.787196 1.887011 0.984416
v 10.776695 1.820630 1.004641
v 10.770213 1.765270 1.005548
v 10.771120 1.717818 0.991157
v 10.842427 1.677108 0.967950
v 10.828425 1.634843 0.964839
v 10.831018 1.459816 0.945780
v 10.796013 1.253413 0.921535
v 10.748951 1.063347 0.830651
v 10.741819 0.707330 0.558128
v 10.753099 0.682567 0.587040
v 10.846316 0.733908 0.595467
v 10.748172 0.726907 0.639418
v 10.857207 0.775266 0.645900
v 10.753617 0.810531 0.705280
v 10.850725 0.841387 0.702168
v 10.763341 0.919436 0.769068
v 10.852152 0.952626 0.755584
v 10.853448 1.028471 0.661070
v 10.835037 1.070219 0.619322
v 10.875618 1.067885 0.594041
v 10.875618 1.936018 0.511584
v 10.824277 1.939778 0.525715
v 10.807292 2.004862 0.495118
v 10.722242 2.031181 0.478134
v 10.723798 2.110267 0.531550
v 10.780456 2.180667 0.461280
v 10.770083 2.140087 0.407864
v 10.763601 2.203356 0.370266
v 10.756600 2.234990 0.388287
v 10.752062 2.286331 0.333575
v 10.799903 2.290869 0.336298
v 10.826351 2.292814 0.267065
v 10.821424 2.271292 0.255007
v 10.814553 2.292036 0.252285
v 10.783307 2.311354 0.250988
v 10.882100 2.370863 0.188497
v 10.882100 2.384735 0.215464
v 10.882100 2.405220 0.263694
v 10.882100 2.403924 0.330593
v 10.882100 2.383050 0.413309
v 10.882100 2.358157 0.484617
v 10.882100 2.337154 0.538940
v 10.882100 2.329764 0.573038
v 10.882100 2.317447 0.605320
v 10.882100 2.309150 0.652383
v 10.882100 2.292943 0.690889
v 10.882100 2.297092 0.700742
v 10.882100 2.287239 0.742619
v 10.881971 2.244195 0.808481
v 10.881971 2.204134 0.835967
v 10.881971 2.167443 0.866175
v 10.881971 2.129326 0.901569
v 10.881971 2.090172 0.926722
v 10.881971 2.090172 0.926722
v 10.881971 2.066186 0.933074
v 10.881971 2.066186 0.933074
v 10.881971 2.069946 0.960430
v 10.881971 2.112471 0.948114
v 10.881971 2.140735 0.943446
v 10.881971 2.159275 0.929963
v 10.881971 2.170425 0.930352
v 10.881971 2.185594 0.942668
v 10.881971 2.155385 0.974173
v 10.881971 2.104692 0.992454
v 10.881971 2.067613 1.002048
v 10.881971 1.999417 1.000233
v 10.881971 1.968171 0.980267
v 10.881971 1.948205 0.973914
v 10.881971 1.899716 0.992713
v 10.882100 1.830743 1.012679
v 10.882100 1.749712 1.017735
v 10.882100 1.689684 1.000751
v 10.882100 1.641325 0.999066
v 10.882100 1.508693 1.001140
v 10.882100 1.368672 0.984675
v 10.882100 1.249394 0.946428
v 10.882100 1.064644 0.881603
v 10.882100 0.906731 0.805629
v 10.882100 0.770858 0.724079
v 10.882100 0.695013 0.660032
v 10.882100 0.649376 0.595467
v 10.882100 0.639653 0.557609
v 10.882100 0.658322 0.535569
v 10.804569 0.439214 0.336168
v 10.841780 0.460218 0.366376
v 10.790438 0.472405 0.331630
v 10.882100 0.496390 0.315943
v 10.882100 0.504039 0.346799
v 10.882100 0.494704 0.368969
v 10.882100 0.457495 0.369358
v 10.882100 0.428842 0.337464
v 10.882100 0.413803 0.295328
v 10.802884 2.238231 -0.203563
v 10.821424 2.271681 -0.212250
v 10.819610 2.242640 -0.247644
v 10.754395 2.104433 -0.500979
v 10.840483 2.145921 -0.555432
v 10.834260 2.036497 -0.547783
v 10.872766 2.052573 -0.751981
v 10.856300 2.007196 -0.792043
v 10.856949 1.958318 -0.766501
v 10.875618 1.507138 -0.620905
v 10.875618 1.605542 -0.615978
v 10.811182 1.552774 -0.639315
v 10.809108 1.659865 -0.668746
v 10.838798 1.694870 -0.664597
v 10.840094 1.728449 -0.736293
v 10.848262 1.724690 -0.714901
v 10.848910 1.794182 -0.742646
v 10.854875 1.801312 -0.724236
v 10.845670 1.873009 -0.756778
v 10.839964 1.932647 -0.780504
v 10.856040 1.887789 -0.739534
v 10.869265 1.823483 -0.655003
v 10.862523 1.746211 -0.570342
v 10.875618 1.745433 -0.554524
v 10.875618 1.323165 -0.621164
v 10.860449 1.324461 -0.638148
v 10.834518 1.452944 -0.646187
v 10.777473 1.511286 -0.686248
v 10.790956 1.448147 -0.686119
v 10.808070 1.493136 -0.738368
v 10.826611 1.426236 -0.735904
v 10.806904 1.467465 -0.712308
v 10.810015 1.404714 -0.712049
v 10.780714 1.574166 -0.708678
v 10.781492 1.593355 -0.741998
v 10.802755 1.690203 -0.734867
v 10.817276 1.725208 -0.754055
v 10.814424 1.706928 -0.791005
v 10.807423 1.787699 -0.759371
v 10.801329 1.858747 -0.774280
v 10.796532 1.861081 -0.826659
v 10.789531 1.910866 -0.792691
v 10.784992 1.950150 -0.813175
v 10.837890 1.982563 -0.803192
v 10.846965 2.030273 -0.788023
v 10.856688 2.026384 -0.774410
v 10.849817 2.048295 -0.754314
v 10.831797 2.086282 -0.726440
v 10.875877 2.110397 -0.711660
v 10.867839 1.928110 -0.593419
v 10.849948 1.854469 -0.523538
v 10.875618 1.851228 -0.512388
v 10.875618 1.184051 -0.591475
v 10.855263 1.188459 -0.613515
v 10.853317 1.290623 -0.695843
v 10.833482 1.381378 -0.711141
v 10.871339 1.429089 -0.746795
v 10.826869 1.532419 -0.755222
v 10.775787 1.598541 -0.777911
v 10.788234 1.675293 -0.783745
v 10.831537 1.679572 -0.828344
v 10.821554 1.787051 -0.822769
v 10.824277 1.864452 -0.839624
v 10.819999 1.856802 -0.853885
v 10.815849 1.907495 -0.866072
v 10.790567 1.918516 -0.846884
v 10.787586 1.973876 -0.835345
v 10.830500 2.014456 -0.826789
v 10.815202 2.071243 -0.799821
v 10.780456 2.102488 -0.791913
v 10.800033 2.064371 -0.787894
v 10.799643 2.078244 -0.757037
v 10.811831 2.123362 -0.707511
v 10.854875 2.142939 -0.703492
v 10.833871 2.189353 -0.691046
v 10.877563 2.168739 -0.672635
v 10.869395 2.213079 -0.605347
v 10.854356 2.256901 -0.609496
v 10.861357 2.256382 -0.575268
v 10.867969 2.241991 -0.535985
v 10.803403 2.214895 -0.493978
v 10.769565 2.215154 -0.479717
v 10.774362 2.271292 -0.427987
v 10.755692 2.228248 -0.389740
v 10.761656 2.294629 -0.353568
v 10.752062 2.286850 -0.290688
v 10.756600 2.235768 -0.345529
v 10.763601 2.204004 -0.327508
v 10.770083 2.140994 -0.364977
v 10.780456 2.181575 -0.418522
v 10.723798 2.111434 -0.488792
v 10.722242 2.032218 -0.435377
v 10.807292 2.006029 -0.452361
v 10.824277 1.939778 -0.482958
v 10.875618 1.935889 -0.468826
v 10.875618 1.056735 -0.551283
v 10.835037 1.058550 -0.576565
v 10.853448 1.017581 -0.618312
v 10.850855 1.162400 -0.666282
v 10.858245 1.253673 -0.816157
v 10.871469 1.393435 -0.817454
v 10.855911 1.474596 -0.796969
v 10.771769 1.516732 -0.836383
v 10.776306 1.570666 -0.810971
v 10.783696 1.637046 -0.826529
v 10.861357 1.672441 -0.839105
v 10.859411 1.791848 -0.832623
v 10.852929 1.779272 -0.863868
v 10.782660 1.731691 -0.891613
v 10.772546 1.789514 -0.871777
v 10.775139 1.848764 -0.864387
v 10.756600 1.802220 -0.888243
v 10.777991 1.840337 -0.906004
v 10.784474 1.877676 -0.883705
v 10.786938 1.933944 -0.868147
v 10.783696 1.979581 -0.863090
v 10.836205 2.017179 -0.878259
v 10.831926 2.029366 -0.856867
v 10.774491 2.046350 -0.854663
v 10.801458 2.098988 -0.825751
v 10.799125 2.147088 -0.793209
v 10.770472 2.167961 -0.771558
v 10.755563 2.129455 -0.768187
v 10.757378 2.151366 -0.735126
v 10.787457 2.178204 -0.694546
v 10.813127 2.235250 -0.662393
v 10.819090 2.267921 -0.629203
v 10.805348 2.246788 -0.608588
v 10.801717 2.241732 -0.580325
v 10.846577 2.280238 -0.542597
v 10.850595 2.297870 -0.508240
v 10.839834 2.302537 -0.469345
v 10.815202 2.278552 -0.433432
v 10.804051 2.298000 -0.353308
v 10.799903 2.291388 -0.293540
v 10.759322 2.226433 -0.262424
v 10.767490 2.156552 -0.299634
v 10.797699 2.119343 -0.373793
v 10.718741 2.017049 -0.362125
v 10.875618 1.996435 -0.427338
v 10.875618 0.951330 -0.488533
v 10.841261 0.946014 -0.509536
v 10.812479 0.896877 -0.553228
v 10.857207 0.774099 -0.603143
v 10.850725 0.839442 -0.659411
v 10.852152 0.943810 -0.712697
v 10.844761 1.088629 -0.774669
v 10.754006 1.233836 -0.837809
v 10.785253 1.398621 -0.848310
v 10.797568 1.416383 -0.888372
v 10.777603 1.561072 -0.861664
v 10.835945 1.613321 -0.879167
v 10.857856 1.706668 -0.892651
v 10.780456 1.700056 -0.918969
v 10.765027 1.780958 -0.916636
v 10.760489 1.790552 -0.930249
v 10.769435 1.837744 -0.930508
v 10.780844 1.888307 -0.914691
v 10.779159 1.924350 -0.893688
v 10.787715 1.976469 -0.886168
v 10.852799 1.996824 -0.904967
v 10.846188 1.997213 -0.918710
v 10.829462 2.026773 -0.893040
v 10.799254 2.021457 -0.880723
v 10.787457 2.068650 -0.866850
v 10.777214 2.111045 -0.844810
v 10.759192 2.100932 -0.821214
v 10.778121 2.169387 -0.785560
v 10.768786 2.189872 -0.778040
v 10.758026 2.181445 -0.769743
v 10.782788 2.214635 -0.775188
v 10.753488 2.230711 -0.753407
v 10.750895 2.219951 -0.743424
v 10.763083 2.210097 -0.740442
v 10.760489 2.226304 -0.708548
v 10.770861 2.230323 -0.668875
v 10.768916 2.267792 -0.636333
v 10.800033 2.266106 -0.623368
v 10.768268 2.273366 -0.587715
v 10.759711 2.271551 -0.551283
v 10.788624 2.270384 -0.542208
v 10.767619 2.296055 -0.508499
v 10.776436 2.293332 -0.485940
v 10.766842 2.316929 -0.465196
v 10.814941 2.329894 -0.428505
v 10.814553 2.344414 -0.373274
v 10.821684 2.350767 -0.316229
v 10.843984 2.333394 -0.260998
v 10.826351 2.293203 -0.224307
v 10.814553 2.292425 -0.209527
v 10.788493 2.312650 -0.180486
v 10.781233 2.283220 -0.198377
v 10.805218 2.256901 -0.185801
v 10.755952 2.240954 -0.182560
v 10.804311 2.205300 -0.218732
v 10.798865 2.143458 -0.279927
v 10.721724 2.039997 -0.276167
v 10.875618 1.993194 -0.371200
v 10.875618 0.871596 -0.412688
v 10.833611 0.854482 -0.428116
v 10.829462 0.778378 -0.485292
v 10.846316 0.732871 -0.552580
v 10.754914 0.705774 -0.462084
v 10.741819 0.706552 -0.515370
v 10.753099 0.681659 -0.544282
v 10.748172 0.725869 -0.596661
v 10.753617 0.809234 -0.662523
v 10.763341 0.911787 -0.726310
v 10.748951 1.051549 -0.787894
v 10.796013 1.242004 -0.878778
v 10.831018 1.452036 -0.903022
v 10.828425 1.631601 -0.922081
v 10.842427 1.675163 -0.925063
v 10.771120 1.716911 -0.948400
v 10.770213 1.765400 -0.962791
v 10.776695 1.821538 -0.961883
v 10.787196 1.888178 -0.941658
v 10.782011 1.933425 -0.920525
v 10.828166 1.965708 -0.915987
v 10.824147 1.983859 -0.924026
v 10.815979 2.021198 -0.932194
v 10.814812 2.011734 -0.943084
v 10.816887 2.064760 -0.945807
v 10.818313 2.132826 -0.913265
v 10.811182 2.099247 -0.929082
v 10.809108 2.106118 -0.912746
v 10.812998 2.069687 -0.928563
v 10.826611 2.027940 -0.923248
v 10.825703 2.049462 -0.893169
v 10.825703 2.049462 -0.893169
v 10.812089 2.082911 -0.879297
v 10.799773 2.122065 -0.853885
v 10.786289 2.162127 -0.814861
v 10.796791 2.194540 -0.786338
v 10.797829 2.243936 -0.761186
v 10.795883 2.284516 -0.693898
v 10.777473 2.279719 -0.686767
v 10.774880 2.270514 -0.682748
v 10.777214 2.281923 -0.617016
v 10.785901 2.299815 -0.596272
v 10.784863 2.296962 -0.587844
v 10.770861 2.300593 -0.559451
v 10.762564 2.302537 -0.528465
v 10.781881 2.327560 -0.481273
v 10.779029 2.340006 -0.430709
v 10.778900 2.353749 -0.373923
v 10.780584 2.366455 -0.306375
v 10.790828 2.350767 -0.246866
v 10.783307 2.311613 -0.208231
v 10.843205 2.348952 -0.143276
v 10.825574 2.372808 -0.079748
v 10.792383 2.389014 -0.053429
v 10.787975 2.403146 -0.059782
v 10.759192 2.392125 -0.025165
v 10.758026 2.410147 -0.026721
v 10.739356 2.404183 0.021379
v 10.787975 2.403146 0.102539
v 10.758026 2.410147 0.069479
v 10.759192 2.392125 0.067923
v 10.764379 2.389662 0.021379
v 10.794068 2.390310 -0.020628
v 10.817924 2.362565 -0.063412
v 10.800810 2.278682 -0.109438
v 10.768268 2.259753 -0.154167
v 10.735726 2.192595 -0.182171
v 10.729243 2.115324 -0.211861
v 10.875618 2.004862 -0.256071
v 10.875618 0.793287 -0.314414
v 10.838927 0.772803 -0.327508
v 10.818053 0.718091 -0.370292
v 10.773973 0.679325 -0.391425
v 10.777603 0.608277 -0.318173
v 10.836723 0.627725 -0.270333
v 10.766324 0.517393 -0.264498
v 10.841780 0.460218 -0.323619
v 10.804569 0.439214 -0.293410
v 10.790438 0.472405 -0.288873
v 10.739227 0.449846 -0.253219
v 10.776825 0.349367 0.060014
v 10.772287 0.360647 0.021379
v 10.806126 0.335235 0.021379
v 10.776825 0.349367 -0.017257
v 10.741171 0.396430 -0.028147
v 10.755692 0.412766 -0.173873
v 10.708889 0.413544 -0.092454
v 10.699424 0.467219 -0.091935
v 10.703314 0.472405 -0.023091
v 10.766193 0.421712 0.021379
v 10.741171 0.396430 0.070905
v 10.708889 0.413544 0.135211
v 10.882100 0.367648 0.161011
v 10.882100 0.360128 0.111096
v 10.882100 0.337699 0.086074
v 10.882100 0.326549 0.021379
v 10.882100 0.337699 -0.043316
v 10.882100 0.360128 -0.068209
v 10.882100 0.367648 -0.118124
v 10.882100 0.389170 -0.195914
v 10.882100 0.403950 -0.220288
v 10.882100 0.413803 -0.252571
v 10.882100 0.428842 -0.294707
v 10.882100 0.457495 -0.326601
v 10.882100 0.494704 -0.326212
v 10.882100 0.504039 -0.304042
v 10.882100 0.496390 -0.273185
v 10.882230 0.581699 -0.322322
v 10.882230 0.638745 -0.386110
v 10.882230 0.657414 -0.452750
v 10.882100 0.657674 -0.492811
v 10.882100 0.639004 -0.514852
v 10.882100 0.648598 -0.552709
v 10.882100 0.694105 -0.617275
v 10.882100 0.769691 -0.681322
v 10.882100 0.899859 -0.762742
v 10.882100 1.053623 -0.838846
v 10.882100 1.238633 -0.903671
v 10.882100 1.359985 -0.941917
v 10.882100 1.502989 -0.958383
v 10.882100 1.638862 -0.956308
v 10.882100 1.688388 -0.957994
v 10.882100 1.749842 -0.974978
v 10.882100 1.831650 -0.969922
v 10.881971 1.900624 -0.949956
v 10.881971 1.948724 -0.931156
v 10.881971 1.968301 -0.937509
v 10.881971 1.998639 -0.957475
v 10.881971 2.064760 -0.959290
v 10.881971 2.100803 -0.949696
v 10.881971 2.150329 -0.931286
v 10.881971 2.180278 -0.899911
v 10.881971 2.165887 -0.887594
v 10.881971 2.154996 -0.887076
v 10.881971 2.136716 -0.900689
v 10.881971 2.109230 -0.905356
v 10.881971 2.067742 -0.917543
v 10.881971 2.064501 -0.890317
v 10.881971 2.064501 -0.890317
v 10.881971 2.087968 -0.883964
v 10.881971 2.087968 -0.883964
v 10.881971 2.126473 -0.858812
v 10.881971 2.164331 -0.823288
v 10.881971 2.200763 -0.793209
v 10.881971 2.242380 -0.765724
v 10.882100 2.288276 -0.699862
v 10.882100 2.298130 -0.657985
v 10.882100 2.293851 -0.648002
v 10.882100 2.310057 -0.609626
v 10.882100 2.318225 -0.562433
v 10.882100 2.330542 -0.530280
v 10.882100 2.337802 -0.496182
v 10.882100 2.358805 -0.441859
v 10.882100 2.383309 -0.370552
v 10.882100 2.404053 -0.287835
v 10.882100 2.405220 -0.220936
v 10.882100 2.384735 -0.172707
v 10.882100 2.370863 -0.145740
v 10.882100 2.386680 -0.118254
v 10.882100 2.392385 -0.087916
v 10.882100 2.414555 -0.064190
v 10.882100 2.441133 -0.042020
v 10.882100 2.450597 0.021379
v 10.882100 2.441133 0.084777
v 10.882100 2.414555 0.106947
v 10.882100 2.386680 0.161141
v 10.882100 2.392385 0.130673
v 10.825574 2.372808 0.122505
v 10.792383 2.389014 0.096187
v 10.794068 2.390310 0.063385
v 10.805737 2.385254 0.021379
v 10.803403 2.356083 0.021379
v 10.807552 2.358546 -0.003125
v 10.772936 2.256123 -0.071969
v 10.790567 2.183649 -0.069117
v 10.814424 2.196743 -0.105289
v 10.850985 2.109619 -0.139387
v 10.875618 2.083948 -0.157927
v 10.875618 0.700069 -0.208490
v 10.836593 0.685678 -0.220158
v 10.827648 0.515967 -0.196951
v 10.749858 0.545786 -0.088434
v 10.744931 0.557714 -0.041112
v 10.732226 0.569512 0.021379
v 10.730021 0.576384 -0.016220
v 10.753878 0.540860 0.021379
v 10.703314 0.472405 0.065848
v 10.699424 0.467219 0.134692
v 10.755692 0.412766 0.216631
v 10.882100 0.389170 0.238671
v 10.882100 0.403950 0.263045
v 10.739227 0.449846 0.295976
v 10.766324 0.517393 0.307386
v 10.882230 0.581829 0.365080
v 10.777603 0.608537 0.360931
v 10.882230 0.639264 0.428997
v 10.773973 0.679974 0.434183
v 10.882230 0.657933 0.495637
v 10.754914 0.706552 0.504842
v 10.829462 0.779415 0.528049
v 10.812479 0.900896 0.595985
v 10.841261 0.952238 0.552294
v 10.875618 0.957035 0.531290
v 10.875618 1.995527 0.470096
v 10.718741 2.016142 0.404882
v 10.797699 2.118435 0.416551
v 10.767490 2.155774 0.342391
v 10.759322 2.225915 0.305182
v 10.819610 2.242121 0.290402
v 10.802884 2.237713 0.246321
v 10.805218 2.256512 0.228559
v 10.781233 2.282960 0.241135
v 10.788493 2.312521 0.223243
v 10.843205 2.348952 0.186034
v 10.817924 2.362565 0.106170
v 10.807552 2.358546 0.045883
v 10.727428 2.271811 0.021379
v 10.730411 2.264680 -0.011293
v 10.754136 2.167572 -0.033982
v 10.836723 2.094969 -0.058745
v 10.875618 2.088356 -0.090120
v 10.875618 0.660267 -0.098028
v 10.831148 0.621891 -0.093750
v 10.759582 0.593368 -0.067172
v 10.715371 0.611908 -0.018553
v 10.711222 0.605555 0.021379
v 10.730021 0.576384 0.058977
v 10.744931 0.557714 0.083999
v 10.749858 0.545786 0.131192
v 10.827648 0.515967 0.239709
v 10.836723 0.627984 0.313090
v 10.818053 0.718739 0.413180
v 10.833611 0.855519 0.470874
v 10.875618 0.872633 0.455445
v 10.875618 1.992157 0.413958
v 10.721724 2.039219 0.319054
v 10.798865 2.142679 0.322684
v 10.804311 2.204782 0.261490
v 10.755952 2.240565 0.225447
v 10.768268 2.259494 0.196924
v 10.800810 2.278552 0.152195
v 10.772936 2.256123 0.114726
v 10.730411 2.264680 0.054050
v 10.732355 2.170036 0.021379
v 10.833871 2.077725 0.021379
v 10.833740 2.081485 -0.007015
v 10.875618 2.045313 -0.035667
v 10.875618 0.655729 -0.045261
v 10.875618 0.646524 0.021379
v 10.715371 0.611908 0.061440
v 10.759582 0.593368 0.109929
v 10.831148 0.621891 0.136508
v 10.836593 0.685937 0.262916
v 10.838927 0.773451 0.370266
v 10.875618 0.793936 0.357171
v 10.875618 2.004214 0.298829
v 10.729243 2.114805 0.254748
v 10.735726 2.192076 0.225058
v 10.814424 2.196484 0.148176
v 10.790567 2.183519 0.111874
v 10.754136 2.167443 0.076739
v 10.833740 2.081355 0.049772
v 10.875618 2.036497 0.021379
v 10.875618 0.655729 0.088148
v 10.875618 0.660267 0.140786
v 10.875618 0.700329 0.251247
v 10.875618 2.083430 0.200684
v 10.850985 2.109100 0.182274
v 10.836723 2.094580 0.101502
v 10.875618 2.045053 0.078425
v 10.875618 2.087968 0.132877
v -10.915213 2.255864 -0.609493
v -10.922084 2.255345 -0.575265
v -10.930122 2.211912 -0.605344
v -10.928696 2.240954 -0.535981
v -10.911323 2.297092 -0.508236
v -10.907434 2.279330 -0.542594
v -10.862445 2.240695 -0.580322
v -10.866076 2.245751 -0.608585
v -10.879818 2.266754 -0.629199
v -10.873855 2.234083 -0.662390
v -10.860371 2.077595 -0.757034
v -10.910674 2.046998 -0.754311
v -10.860760 2.063982 -0.787890
v -10.917546 2.025088 -0.774407
v -10.907693 2.029236 -0.788020
v -10.841312 2.103007 -0.791910
v -10.875930 2.071373 -0.799818
v -10.891357 2.013808 -0.826785
v -10.868798 1.502341 -0.738364
v -10.867632 1.477578 -0.712305
v -10.887467 1.436868 -0.735901
v -10.870743 1.415994 -0.712045
v -10.851685 1.458908 -0.686116
v -10.838201 1.520621 -0.686245
v -10.841442 1.581427 -0.708675
v -10.872040 1.561201 -0.639312
v -10.869966 1.664791 -0.668743
v -10.842349 1.599707 -0.741995
v -10.863482 1.693574 -0.734864
v -10.868150 1.787959 -0.759368
v -10.878004 1.727283 -0.754052
v -10.875151 1.709391 -0.791002
v -10.900822 1.730524 -0.736290
v -10.909637 1.794182 -0.742643
v -10.862057 1.857321 -0.774277
v -10.857389 1.859784 -0.826656
v -10.850259 1.908922 -0.792687
v -10.848443 1.972709 -0.835342
v -10.845720 1.948465 -0.813172
v -10.851295 1.916960 -0.846881
v -10.880856 1.855506 -0.853882
v -10.876576 1.906069 -0.866069
v -10.885135 1.863026 -0.839621
v -10.882412 1.787051 -0.822766
v -10.892264 1.682424 -0.828341
v -10.849092 1.678664 -0.783742
v -10.836515 1.604504 -0.777908
v -10.887597 1.540458 -0.755219
v -10.932067 1.439461 -0.746792
v -10.894340 1.393176 -0.711138
v -10.895247 1.463835 -0.646184
v -10.936345 1.516732 -0.620902
v -10.936345 1.612283 -0.615975
v -10.899525 1.698500 -0.664594
v -10.909119 1.727023 -0.714898
v -10.915731 1.801312 -0.724233
v -10.906396 1.871323 -0.756775
v -10.900692 1.930703 -0.780500
v -10.898618 1.981136 -0.803189
v -10.917028 2.005899 -0.792039
v -10.933493 2.051406 -0.751978
v -10.892654 2.085245 -0.726437
v -10.872559 2.122714 -0.707508
v -10.915731 2.142679 -0.703489
v -10.894729 2.188057 -0.691042
v -10.848185 2.176777 -0.694543
v -10.818235 2.151755 -0.735123
v -10.816290 2.130104 -0.768184
v -10.831200 2.169647 -0.771555
v -10.859852 2.148903 -0.793206
v -10.862186 2.100284 -0.825748
v -10.835219 2.046739 -0.854660
v -10.892783 2.029496 -0.856864
v -10.897062 2.017308 -0.878256
v -10.844553 1.978673 -0.863087
v -10.847666 1.932647 -0.868144
v -10.845201 1.876380 -0.883702
v -10.835867 1.847597 -0.864384
v -10.838719 1.839170 -0.906001
v -10.817327 1.801701 -0.888239
v -10.833274 1.789385 -0.871774
v -10.843516 1.732598 -0.891610
v -10.913787 1.779272 -0.863865
v -10.920269 1.791589 -0.832619
v -10.922084 1.675423 -0.839102
v -10.844424 1.641325 -0.826526
v -10.837164 1.577019 -0.810968
v -10.832625 1.524251 -0.836379
v -10.916638 1.483412 -0.796966
v -10.932197 1.403677 -0.817451
v -10.919103 1.265601 -0.816154
v -10.914045 1.303458 -0.695839
v -10.921307 1.337297 -0.638145
v -10.936345 1.336130 -0.621161
v -10.936345 1.747897 -0.554521
v -10.923251 1.748545 -0.570339
v -10.929993 1.823094 -0.655000
v -10.916768 1.885844 -0.739531
v -10.917806 1.956244 -0.766498
v -10.936605 2.109749 -0.711657
v -10.938291 2.167183 -0.672632
v -10.901340 2.144754 -0.555429
v -10.864261 2.213857 -0.493975
v -10.875930 2.277775 -0.433429
v -10.900692 2.301760 -0.469342
v -10.875799 2.329245 -0.428502
v -10.827699 2.316280 -0.465193
v -10.837294 2.292555 -0.485937
v -10.828347 2.295148 -0.508496
v -10.849481 2.269347 -0.542205
v -10.820569 2.270644 -0.551280
v -10.828996 2.272459 -0.587712
v -10.860889 2.265069 -0.623365
v -10.829644 2.266754 -0.636330
v -10.831589 2.229156 -0.668872
v -10.821217 2.225266 -0.708545
v -10.823939 2.210875 -0.740439
v -10.818753 2.183389 -0.769740
v -10.811752 2.219951 -0.743421
v -10.843516 2.217876 -0.775185
v -10.814216 2.230971 -0.753404
v -10.829644 2.192465 -0.778037
v -10.838979 2.171592 -0.785557
v -10.819921 2.101969 -0.821210
v -10.837942 2.112990 -0.844807
v -10.848185 2.069946 -0.866847
v -10.859982 2.021717 -0.880720
v -10.890320 2.027421 -0.893036
v -10.906915 1.997472 -0.918707
v -10.913657 1.996954 -0.904964
v -10.848443 1.975950 -0.886165
v -10.839887 1.923053 -0.893684
v -10.841702 1.887011 -0.914688
v -10.830163 1.836707 -0.930505
v -10.821217 1.790163 -0.930246
v -10.825754 1.780698 -0.916632
v -10.841312 1.701612 -0.918966
v -10.918584 1.708224 -0.892647
v -10.896672 1.617599 -0.879164
v -10.838331 1.567036 -0.861661
v -10.858296 1.425329 -0.888369
v -10.845981 1.408474 -0.848307
v -10.814864 1.245894 -0.837806
v -10.905489 1.100816 -0.774666
v -10.911583 1.175624 -0.666279
v -10.915991 1.201943 -0.613512
v -10.936345 1.197405 -0.591471
v -10.936345 1.850450 -0.512385
v -10.910805 1.853561 -0.523535
v -10.928567 1.925387 -0.593416
v -10.895117 2.034941 -0.547780
v -10.815252 2.103266 -0.500976
v -10.830293 2.214246 -0.479714
v -10.835219 2.270514 -0.427983
v -10.816549 2.227341 -0.389737
v -10.822384 2.293981 -0.353565
v -10.864779 2.297481 -0.353305
v -10.875410 2.343896 -0.373271
v -10.882412 2.350378 -0.316225
v -10.904711 2.333005 -0.260995
v -10.851555 2.350637 -0.246863
v -10.841312 2.366195 -0.306372
v -10.839626 2.353360 -0.373920
v -10.839887 2.339358 -0.430706
v -10.842609 2.326782 -0.481269
v -10.823421 2.301630 -0.528462
v -10.831589 2.299685 -0.559448
v -10.845720 2.296055 -0.587841
v -10.846758 2.298907 -0.596269
v -10.838071 2.280886 -0.617012
v -10.835608 2.269347 -0.682745
v -10.838201 2.278682 -0.686764
v -10.856741 2.283479 -0.693895
v -10.858685 2.244066 -0.761183
v -10.857518 2.197392 -0.786335
v -10.847017 2.164850 -0.814858
v -10.860631 2.124658 -0.853882
v -10.872817 2.084856 -0.879293
v -10.886560 2.050758 -0.893166
v -10.886560 2.050758 -0.893166
v -10.887338 2.028977 -0.923245
v -10.876707 2.022365 -0.932190
v -10.873725 2.072150 -0.928560
v -10.879041 2.136975 -0.913262
v -10.869966 2.109360 -0.912743
v -10.871910 2.102618 -0.929079
v -10.877744 2.067353 -0.945804
v -10.875669 2.012771 -0.943081
v -10.884874 1.983859 -0.924022
v -10.889023 1.965319 -0.915984
v -10.842739 1.932518 -0.920522
v -10.848054 1.887011 -0.941655
v -10.837552 1.820630 -0.961880
v -10.830940 1.765270 -0.962788
v -10.831848 1.717818 -0.948397
v -10.903155 1.677108 -0.925060
v -10.889153 1.634843 -0.922078
v -10.891746 1.459816 -0.903019
v -10.856741 1.253413 -0.878775
v -10.809678 1.063347 -0.787890
v -10.802676 0.707330 -0.515367
v -10.813827 0.682567 -0.544279
v -10.907044 0.733908 -0.552577
v -10.808900 0.726907 -0.596657
v -10.917935 0.775266 -0.603140
v -10.814345 0.810531 -0.662519
v -10.911453 0.841387 -0.659408
v -10.824199 0.919436 -0.726307
v -10.912879 0.952626 -0.712694
v -10.914175 1.028471 -0.618309
v -10.895765 1.070219 -0.576562
v -10.936345 1.067885 -0.551280
v -10.936345 1.936018 -0.468823
v -10.885135 1.939778 -0.482955
v -10.868020 2.004862 -0.452358
v -10.783100 2.031181 -0.435373
v -10.784656 2.110267 -0.488789
v -10.841312 2.180667 -0.418519
v -10.830812 2.140087 -0.364974
v -10.824458 2.203356 -0.327505
v -10.817327 2.234990 -0.345526
v -10.812790 2.286331 -0.290685
v -10.860631 2.290869 -0.293537
v -10.887079 2.292814 -0.224304
v -10.882152 2.271292 -0.212247
v -10.875410 2.292036 -0.209524
v -10.844165 2.311354 -0.208227
v -10.942828 2.370863 -0.145736
v -10.942828 2.384735 -0.172703
v -10.942828 2.405220 -0.220933
v -10.942828 2.403924 -0.287832
v -10.942828 2.383050 -0.370549
v -10.942828 2.358157 -0.441856
v -10.942828 2.337154 -0.496179
v -10.942828 2.329764 -0.530277
v -10.942828 2.317447 -0.562430
v -10.942828 2.309150 -0.609622
v -10.942828 2.292943 -0.647999
v -10.942828 2.297092 -0.657982
v -10.942828 2.287239 -0.699858
v -10.942828 2.244195 -0.765720
v -10.942828 2.204134 -0.793206
v -10.942828 2.167443 -0.823285
v -10.942828 2.129326 -0.858809
v -10.942828 2.090172 -0.883961
v -10.942828 2.090172 -0.883961
v -10.942828 2.066186 -0.890314
v -10.942828 2.066186 -0.890314
v -10.942828 2.069946 -0.917540
v -10.942828 2.112471 -0.905353
v -10.942698 2.140735 -0.900686
v -10.942828 2.159275 -0.887073
v -10.942698 2.170425 -0.887591
v -10.942698 2.185594 -0.899908
v -10.942698 2.155385 -0.931283
v -10.942698 2.104692 -0.949693
v -10.942698 2.067613 -0.959287
v -10.942828 1.999417 -0.957472
v -10.942828 1.968171 -0.937506
v -10.942828 1.948205 -0.931153
v -10.942828 1.899716 -0.949952
v -10.942828 1.830743 -0.969919
v -10.942828 1.749712 -0.974975
v -10.942828 1.689684 -0.957991
v -10.942828 1.641325 -0.956305
v -10.942828 1.508693 -0.958380
v -10.942828 1.368672 -0.941914
v -10.942958 1.249394 -0.903668
v -10.942958 1.064644 -0.838843
v -10.942958 0.906731 -0.762739
v -10.942958 0.770858 -0.681319
v -10.942958 0.695013 -0.617272
v -10.942958 0.649376 -0.552706
v -10.942958 0.639653 -0.514849
v -10.942958 0.658322 -0.492808
v -10.865297 0.439214 -0.293407
v -10.902508 0.460218 -0.323615
v -10.851295 0.472405 -0.288869
v -10.942958 0.496390 -0.273182
v -10.942958 0.504039 -0.304038
v -10.942958 0.494704 -0.326209
v -10.942958 0.457495 -0.326597
v -10.942828 0.428842 -0.294704
v -10.942828 0.413803 -0.252568
v -10.863612 2.238231 0.246324
v -10.882152 2.271681 0.255010
v -10.880337 2.242640 0.290405
v -10.815252 2.104433 0.543870
v -10.901340 2.145921 0.598193
v -10.895117 2.036497 0.590543
v -10.933493 2.052573 0.794741
v -10.917028 2.007196 0.834933
v -10.917806 1.958318 0.809262
v -10.936345 1.507138 0.663666
v -10.936345 1.605542 0.658739
v -10.872040 1.552774 0.682076
v -10.869966 1.659865 0.711506
v -10.899525 1.694870 0.707358
v -10.900822 1.728449 0.779054
v -10.909119 1.724690 0.757662
v -10.909637 1.794182 0.785407
v -10.915731 1.801312 0.766996
v -10.906396 1.873009 0.799538
v -10.900692 1.932647 0.823264
v -10.916768 1.887789 0.782425
v -10.929993 1.823483 0.697764
v -10.923251 1.746211 0.613102
v -10.936345 1.745433 0.597285
v -10.936345 1.323165 0.663925
v -10.921307 1.324461 0.680909
v -10.895247 1.452944 0.688947
v -10.838201 1.511286 0.729009
v -10.851685 1.448147 0.728879
v -10.868798 1.493136 0.781128
v -10.887467 1.426236 0.778665
v -10.867632 1.467465 0.755198
v -10.870743 1.404714 0.754809
v -10.841442 1.574166 0.751438
v -10.842349 1.593355 0.784758
v -10.863482 1.690203 0.777628
v -10.878004 1.725208 0.796816
v -10.875151 1.706928 0.833896
v -10.868150 1.787699 0.802131
v -10.862057 1.858747 0.817041
v -10.857389 1.861081 0.869420
v -10.850259 1.910866 0.835451
v -10.845720 1.950150 0.855936
v -10.898618 1.982563 0.845953
v -10.907693 2.030273 0.830784
v -10.917546 2.026384 0.817171
v -10.910674 2.048295 0.797205
v -10.892654 2.086282 0.769200
v -10.936605 2.110397 0.754420
v -10.928567 1.928110 0.636180
v -10.910805 1.854469 0.566299
v -10.936345 1.851228 0.555279
v -10.936345 1.184051 0.634235
v -10.915991 1.188459 0.656276
v -10.914045 1.290623 0.738603
v -10.894340 1.381378 0.753902
v -10.932067 1.429089 0.789555
v -10.887597 1.532419 0.797983
v -10.836515 1.598541 0.820671
v -10.849092 1.675293 0.826506
v -10.892264 1.679572 0.871105
v -10.882412 1.787051 0.865530
v -10.885135 1.864452 0.882384
v -10.880856 1.856802 0.896646
v -10.876576 1.907495 0.908833
v -10.851295 1.918516 0.889645
v -10.848443 1.973876 0.878106
v -10.891357 2.014456 0.869679
v -10.875930 2.071243 0.842582
v -10.841312 2.102488 0.834674
v -10.860760 2.064371 0.830654
v -10.860371 2.078244 0.799798
v -10.872559 2.123362 0.750272
v -10.915731 2.142939 0.746252
v -10.894729 2.189353 0.733806
v -10.938291 2.168739 0.715396
v -10.930122 2.213079 0.648108
v -10.915213 2.256901 0.652257
v -10.922084 2.256382 0.618029
v -10.928696 2.241991 0.578745
v -10.864261 2.214895 0.536739
v -10.830293 2.215154 0.522477
v -10.835219 2.271292 0.470747
v -10.816549 2.228248 0.432501
v -10.822384 2.294629 0.396328
v -10.812790 2.286850 0.333578
v -10.817327 2.235768 0.388290
v -10.824458 2.204004 0.370269
v -10.830812 2.140994 0.407867
v -10.841312 2.181575 0.461283
v -10.784656 2.111434 0.531553
v -10.783100 2.032218 0.478137
v -10.868020 2.006029 0.495121
v -10.885135 1.939778 0.525719
v -10.936345 1.935889 0.511587
v -10.936345 1.056735 0.594044
v -10.895765 1.058550 0.619326
v -10.914175 1.017581 0.661073
v -10.911583 1.162400 0.709043
v -10.919103 1.253673 0.859048
v -10.932197 1.393435 0.860214
v -10.916638 1.474596 0.839730
v -10.832625 1.516732 0.879143
v -10.837164 1.570666 0.853862
v -10.844424 1.637046 0.869290
v -10.922084 1.672441 0.881866
v -10.920269 1.791848 0.875383
v -10.913787 1.779272 0.906629
v -10.843516 1.731691 0.934374
v -10.833274 1.789514 0.914538
v -10.835867 1.848764 0.907148
v -10.817327 1.802220 0.931003
v -10.838719 1.840337 0.948765
v -10.845201 1.877676 0.926465
v -10.847666 1.933944 0.910907
v -10.844553 1.979581 0.905851
v -10.897062 2.017179 0.921020
v -10.892783 2.029366 0.899628
v -10.835219 2.046350 0.897554
v -10.862186 2.098988 0.868512
v -10.859852 2.147088 0.835970
v -10.831200 2.167961 0.814319
v -10.816290 2.129455 0.810948
v -10.818235 2.151366 0.777887
v -10.848185 2.178204 0.737307
v -10.873855 2.235250 0.705154
v -10.879818 2.267921 0.671963
v -10.866076 2.246788 0.651349
v -10.862445 2.241732 0.623215
v -10.907434 2.280238 0.585357
v -10.911323 2.297870 0.551000
v -10.900692 2.302537 0.512105
v -10.875930 2.278552 0.476192
v -10.864779 2.298000 0.396069
v -10.860631 2.291388 0.336301
v -10.820179 2.226433 0.305185
v -10.828347 2.156552 0.342394
v -10.858426 2.119343 0.416554
v -10.779599 2.017049 0.404885
v -10.936345 1.996435 0.470099
v -10.936345 0.951330 0.531294
v -10.901988 0.946014 0.552297
v -10.873336 0.896877 0.595989
v -10.917935 0.774099 0.645904
v -10.911453 0.839442 0.702172
v -10.912879 0.943810 0.755587
v -10.905489 1.088629 0.817430
v -10.814864 1.233836 0.880569
v -10.845981 1.398621 0.891071
v -10.858296 1.416383 0.931133
v -10.838331 1.561072 0.904425
v -10.896672 1.613321 0.921928
v -10.918584 1.706668 0.935411
v -10.841312 1.700056 0.961730
v -10.825754 1.780958 0.959396
v -10.821217 1.790552 0.973139
v -10.830163 1.837744 0.973269
v -10.841702 1.888307 0.957581
v -10.839887 1.924350 0.936448
v -10.848443 1.976469 0.928929
v -10.913657 1.996824 0.947728
v -10.906915 1.997213 0.961600
v -10.890320 2.026773 0.935800
v -10.859982 2.021457 0.923483
v -10.848185 2.068650 0.909611
v -10.837942 2.111045 0.887571
v -10.819921 2.100932 0.863974
v -10.838979 2.169387 0.828450
v -10.829644 2.189872 0.820801
v -10.818753 2.181445 0.812503
v -10.843516 2.214635 0.817949
v -10.814216 2.230711 0.796297
v -10.811752 2.219951 0.786185
v -10.823939 2.210097 0.783203
v -10.821217 2.226304 0.751309
v -10.831589 2.230323 0.711636
v -10.829644 2.267792 0.679094
v -10.860889 2.266106 0.666259
v -10.828996 2.273366 0.630475
v -10.820569 2.271551 0.594044
v -10.849481 2.270384 0.584969
v -10.828347 2.296055 0.551260
v -10.837294 2.293332 0.528701
v -10.827699 2.316929 0.507957
v -10.875799 2.329894 0.471266
v -10.875410 2.344414 0.416165
v -10.882412 2.350767 0.358989
v -10.904711 2.333394 0.303759
v -10.887079 2.293203 0.267068
v -10.875410 2.292425 0.252288
v -10.849221 2.312650 0.223246
v -10.841961 2.283220 0.241138
v -10.865946 2.256901 0.228562
v -10.816809 2.240954 0.225450
v -10.865168 2.205300 0.261493
v -10.859593 2.143458 0.322687
v -10.782452 2.039997 0.319057
v -10.936345 1.993194 0.413961
v -10.936345 0.871596 0.455449
v -10.894468 0.854482 0.470877
v -10.890190 0.778378 0.528052
v -10.907044 0.732871 0.595470
v -10.815642 0.705774 0.504845
v -10.802676 0.706552 0.558131
v -10.813827 0.681659 0.587043
v -10.808900 0.725869 0.639421
v -10.814345 0.809234 0.705283
v -10.824199 0.911787 0.769071
v -10.809678 1.051549 0.830654
v -10.856741 1.242004 0.921539
v -10.891746 1.452036 0.945783
v -10.889153 1.631601 0.964842
v -10.903155 1.675163 0.967953
v -10.831848 1.716911 0.991161
v -10.830940 1.765400 1.005552
v -10.837552 1.821538 1.004644
v -10.848054 1.888178 0.984419
v -10.842739 1.933425 0.963286
v -10.889023 1.965708 0.958748
v -10.884874 1.983859 0.966916
v -10.876707 2.021198 0.974954
v -10.875669 2.011734 0.985845
v -10.877744 2.064760 0.988567
v -10.879041 2.132826 0.956025
v -10.871910 2.099247 0.971843
v -10.869966 2.106118 0.955507
v -10.873725 2.069687 0.971324
v -10.887338 2.027940 0.966009
v -10.886560 2.049462 0.936059
v -10.886560 2.049462 0.936059
v -10.872817 2.082911 0.922057
v -10.860631 2.122065 0.896646
v -10.847017 2.162127 0.857621
v -10.857518 2.194540 0.829228
v -10.858685 2.243936 0.803947
v -10.856741 2.284516 0.736658
v -10.838201 2.279719 0.729528
v -10.835608 2.270514 0.725509
v -10.838071 2.281923 0.659776
v -10.846758 2.299815 0.639032
v -10.845720 2.296962 0.630605
v -10.831589 2.300593 0.602212
v -10.823421 2.302537 0.571226
v -10.842609 2.327560 0.524033
v -10.839887 2.340006 0.473600
v -10.839626 2.353749 0.416683
v -10.841312 2.366455 0.349266
v -10.851555 2.350767 0.289757
v -10.844165 2.311613 0.250991
v -10.903934 2.348952 0.186037
v -10.886431 2.372808 0.122509
v -10.853111 2.389014 0.096190
v -10.848832 2.403146 0.102543
v -10.819921 2.392125 0.067926
v -10.818753 2.410147 0.069482
v -10.800084 2.404183 0.021382
v -10.848832 2.403146 -0.059779
v -10.818753 2.410147 -0.026718
v -10.819921 2.392125 -0.025162
v -10.825107 2.389662 0.021382
v -10.854925 2.390310 0.063388
v -10.878651 2.362565 0.106173
v -10.861538 2.278682 0.152198
v -10.829125 2.259753 0.196927
v -10.796453 2.192595 0.225061
v -10.789971 2.115324 0.254751
v -10.936345 2.004862 0.298832
v -10.936345 0.793287 0.357174
v -10.899655 0.772803 0.370269
v -10.878781 0.718091 0.413183
v -10.834700 0.679325 0.434186
v -10.838331 0.608277 0.360934
v -10.897450 0.627725 0.313093
v -10.827180 0.517393 0.307389
v -10.902508 0.460218 0.366379
v -10.865297 0.439214 0.336171
v -10.851295 0.472405 0.331633
v -10.800084 0.449846 0.295980
v -10.837683 0.349367 -0.017254
v -10.833144 0.360647 0.021382
v -10.866853 0.335235 0.021382
v -10.837683 0.349367 0.060017
v -10.802029 0.396430 0.070908
v -10.816420 0.412766 0.216634
v -10.769616 0.413544 0.135214
v -10.760152 0.467219 0.134696
v -10.764171 0.472405 0.065852
v -10.826921 0.421712 0.021382
v -10.802029 0.396430 -0.028144
v -10.769616 0.413544 -0.092450
v -10.942828 0.367648 -0.118121
v -10.942828 0.360128 -0.068206
v -10.942828 0.337699 -0.043313
v -10.942828 0.326549 0.021382
v -10.942828 0.337699 0.086077
v -10.942828 0.360128 0.111099
v -10.942828 0.367648 0.161015
v -10.942828 0.389170 0.238675
v -10.942828 0.403950 0.263049
v -10.942828 0.413803 0.295331
v -10.942828 0.428842 0.337467
v -10.942958 0.457495 0.369361
v -10.942958 0.494704 0.368972
v -10.942958 0.504039 0.346802
v -10.942958 0.496390 0.315946
v -10.942958 0.581699 0.365083
v -10.942958 0.638745 0.429000
v -10.942958 0.657414 0.495640
v -10.942958 0.657674 0.535572
v -10.942958 0.639004 0.557612
v -10.942958 0.648598 0.595470
v -10.942958 0.694105 0.660035
v -10.942958 0.769691 0.724082
v -10.942958 0.899859 0.805632
v -10.942958 1.053623 0.881607
v -10.942958 1.238633 0.946431
v -10.942828 1.359985 0.984678
v -10.942828 1.502989 1.001143
v -10.942828 1.638862 0.999069
v -10.942828 1.688388 1.000754
v -10.942828 1.749842 1.017739
v -10.942828 1.831650 1.012682
v -10.942828 1.900624 0.992716
v -10.942828 1.948724 0.973917
v -10.942828 1.968301 0.980270
v -10.942828 1.998639 1.000236
v -10.942698 2.064760 1.002051
v -10.942698 2.100803 0.992457
v -10.942698 2.150329 0.974047
v -10.942698 2.180278 0.942672
v -10.942698 2.165887 0.930355
v -10.942828 2.154996 0.929966
v -10.942698 2.136716 0.943449
v -10.942828 2.109230 0.948117
v -10.942828 2.067742 0.960434
v -10.942828 2.064501 0.933077
v -10.942828 2.064501 0.933077
v -10.942828 2.087968 0.926725
v -10.942828 2.087968 0.926725
v -10.942828 2.126473 0.901573
v -10.942828 2.164331 0.866178
v -10.942828 2.200763 0.835970
v -10.942828 2.242380 0.808484
v -10.942828 2.288276 0.742622
v -10.942828 2.298130 0.700745
v -10.942828 2.293851 0.690892
v -10.942828 2.310057 0.652386
v -10.942828 2.318225 0.605323
v -10.942828 2.330542 0.573041
v -10.942828 2.337802 0.538943
v -10.942828 2.358805 0.484620
v -10.942828 2.383309 0.413312
v -10.942828 2.404053 0.330596
v -10.942828 2.405220 0.263697
v -10.942828 2.384735 0.215467
v -10.942828 2.370863 0.188500
v -10.942828 2.386680 0.161144
v -10.942828 2.392385 0.130676
v -10.942828 2.414555 0.106951
v -10.942828 2.441133 0.084780
v -10.942828 2.450597 0.021382
v -10.942828 2.441133 -0.042017
v -10.942828 2.414555 -0.064187
v -10.942828 2.386680 -0.118380
v -10.942828 2.392385 -0.087913
v -10.886431 2.372808 -0.079745
v -10.853111 2.389014 -0.053426
v -10.854925 2.390310 -0.020625
v -10.866465 2.385254 0.021382
v -10.864261 2.356083 0.021382
v -10.868280 2.358546 0.045886
v -10.833793 2.256123 0.114730
v -10.851295 2.183649 0.111877
v -10.875151 2.196743 0.148179
v -10.911713 2.109619 0.182277
v -10.936345 2.083948 0.200687
v -10.936345 0.700069 0.251251
v -10.897321 0.685678 0.262919
v -10.888505 0.515967 0.239712
v -10.810586 0.545786 0.131195
v -10.805659 0.557714 0.084003
v -10.792953 0.569512 0.021382
v -10.790749 0.576384 0.058980
v -10.814605 0.540860 0.021382
v -10.764171 0.472405 -0.023088
v -10.760152 0.467219 -0.091932
v -10.816420 0.412766 -0.173870
v -10.942828 0.389170 -0.195911
v -10.942828 0.403950 -0.220285
v -10.800084 0.449846 -0.253216
v -10.827180 0.517393 -0.264495
v -10.942958 0.581829 -0.322319
v -10.838331 0.608537 -0.318170
v -10.942958 0.639264 -0.386107
v -10.834700 0.679974 -0.391422
v -10.942958 0.657933 -0.452746
v -10.815642 0.706552 -0.462081
v -10.890190 0.779415 -0.485289
v -10.873336 0.900896 -0.553225
v -10.901988 0.952238 -0.509533
v -10.936345 0.957035 -0.488530
v -10.936345 1.995527 -0.427335
v -10.779599 2.016142 -0.362121
v -10.858426 2.118435 -0.373790
v -10.828347 2.155774 -0.299630
v -10.820179 2.225915 -0.262421
v -10.880337 2.242121 -0.247641
v -10.863612 2.237713 -0.203560
v -10.865946 2.256512 -0.185798
v -10.841961 2.282960 -0.198374
v -10.849221 2.312521 -0.180482
v -10.903934 2.348952 -0.143273
v -10.878651 2.362565 -0.063409
v -10.868280 2.358546 -0.003122
v -10.788286 2.271811 0.021382
v -10.791139 2.264680 0.054054
v -10.814864 2.167572 0.076742
v -10.897450 2.094969 0.101505
v -10.936345 2.088356 0.132880
v -10.936345 0.660267 0.140789
v -10.891875 0.621891 0.136511
v -10.820439 0.593368 0.109933
v -10.776098 0.611908 0.061444
v -10.771950 0.605555 0.021382
v -10.790749 0.576384 -0.016216
v -10.805659 0.557714 -0.041109
v -10.810586 0.545786 -0.088431
v -10.888505 0.515967 -0.196948
v -10.897450 0.627984 -0.270330
v -10.878781 0.718739 -0.370289
v -10.894468 0.855519 -0.428113
v -10.936345 0.872633 -0.412685
v -10.936345 1.992157 -0.371197
v -10.782452 2.039219 -0.276164
v -10.859593 2.142679 -0.279924
v -10.865168 2.204782 -0.218729
v -10.816809 2.240565 -0.182557
v -10.829125 2.259494 -0.154164
v -10.861538 2.278552 -0.109434
v -10.833793 2.256123 -0.071966
v -10.791139 2.264680 -0.011290
v -10.793213 2.170036 0.021382
v -10.894729 2.077725 0.021382
v -10.894468 2.081485 0.049775
v -10.936345 2.045313 0.078428
v -10.936345 0.655729 0.088151
v -10.936345 0.646524 0.021382
v -10.776098 0.611908 -0.018680
v -10.820439 0.593368 -0.067169
v -10.891875 0.621891 -0.093747
v -10.897321 0.685937 -0.220155
v -10.899655 0.773451 -0.327505
v -10.936345 0.793936 -0.314410
v -10.936345 2.004214 -0.256068
v -10.789971 2.114805 -0.211858
v -10.796453 2.192076 -0.182168
v -10.875151 2.196484 -0.105286
v -10.851295 2.183519 -0.069113
v -10.814864 2.167443 -0.033978
v -10.894468 2.081355 -0.007011
v -10.936345 2.036497 0.021382
v -10.936345 0.655729 -0.045258
v -10.936345 0.660267 -0.098025
v -10.936345 0.700329 -0.208487
v -10.936345 2.083430 -0.157923
v -10.911713 2.109100 -0.139384
v -10.897450 2.094580 -0.058742
v -10.936345 2.045053 -0.035664
v -10.936345 2.087968 -0.090117
vn 0.5528 -0.7915 0.2608
vn 0.6387 -0.7357 0.2254
vn 0.9872 -0.1065 0.1186
vn 0.9285 -0.0000 -0.3714
vn 0.7235 -0.6896 -0.0311
vn 0.3621 -0.8043 0.4711
vn 0.1920 -0.9705 0.1460
vn 0.2392 -0.8629 -0.4451
vn 0.2493 -0.9632 0.1002
vn 0.3094 -0.5995 0.7382
vn 0.6100 -0.6504 0.4527
vn 0.2399 -0.6849 0.6880
vn 0.6744 -0.6808 -0.2859
vn -0.3842 -0.9228 -0.0289
vn 0.6933 -0.5733 0.4366
vn 0.7972 -0.2093 -0.5663
vn 0.7644 -0.5094 -0.3954
vn 0.9143 0.1766 0.3646
vn 0.9240 0.2076 -0.3213
vn 0.8662 -0.1397 -0.4798
vn 0.4853 -0.2738 -0.8304
vn 0.8177 -0.5452 -0.1847
vn 0.9255 -0.3347 0.1772
vn 0.9880 -0.1294 0.0846
vn 0.9996 -0.0281 -0.0000
vn 0.6411 0.0224 0.7671
vn 0.7686 0.3391 0.5425
vn 0.9861 -0.1605 0.0419
vn 0.8567 0.4632 0.2271
vn 0.8776 0.0326 0.4782
vn 0.8912 0.1994 0.4075
vn 0.9326 0.2254 -0.2817
vn 0.7287 0.3562 0.5850
vn 0.7546 0.1253 0.6442
vn 0.8230 -0.0110 0.5679
vn 0.8440 -0.2918 -0.4500
vn 0.8340 0.1166 0.5394
vn 0.8614 0.3859 0.3303
vn 0.8645 0.2618 0.4291
vn 0.9067 -0.3287 -0.2642
vn 0.6801 -0.0757 0.7292
vn 0.8418 -0.4429 0.3085
vn 0.8393 -0.3257 -0.4353
vn 0.7183 -0.1192 -0.6855
vn 0.4972 0.2502 -0.8308
vn 0.8849 0.4467 -0.1317
vn 0.9844 -0.1255 0.1231
vn 0.8698 -0.4498 -0.2026
vn 0.8578 -0.0705 -0.5091
vn 0.9355 -0.3191 -0.1513
vn 0.6123 -0.2041 0.7638
vn 0.8292 -0.0568 0.5560
vn 0.8719 0.0272 0.4889
vn 0.8794 0.3033 0.3670
vn 0.8786 0.4184 0.2301
vn 0.9675 0.0755 0.2412
vn 0.6997 0.1582 0.6967
vn 0.6126 0.2919 0.7345
vn 0.6598 0.2929 0.6920
vn 0.6985 -0.0635 0.7128
vn 0.8007 -0.3286 0.5009
vn 0.2275 -0.5922 0.7730
vn 0.2974 -0.4333 0.8508
vn 0.2386 -0.3683 0.8986
vn 0.2565 -0.4882 0.8342
vn 0.4166 -0.3848 0.8236
vn 0.8939 -0.2397 0.3789
vn 0.9473 -0.2081 -0.2436
vn 0.8117 -0.0746 -0.5793
vn 0.9291 -0.3653 0.0581
vn 0.5926 -0.6432 0.4849
vn 0.8506 -0.4967 0.1725
vn 0.9112 -0.2048 0.3575
vn 0.8398 -0.2390 -0.4874
vn 0.9215 0.3882 -0.0129
vn 0.9648 -0.1564 0.2112
vn 0.8723 0.1546 0.4638
vn 0.7098 0.2891 0.6423
vn 0.9700 0.2337 0.0672
vn 0.9908 -0.0667 0.1174
vn 0.5661 -0.3007 0.7676
vn 0.5885 -0.4189 0.6915
vn 0.6589 -0.3181 0.6816
vn 0.8397 -0.2624 -0.4754
vn 0.8149 0.2926 -0.5003
vn 0.8064 0.3984 -0.4370
vn 0.9618 -0.1713 0.2134
vn 0.9454 -0.1576 0.2853
vn 0.8122 -0.3741 0.4477
vn 0.8467 -0.0677 0.5278
vn 0.7758 0.1474 0.6135
vn 0.9994 -0.0345 0.0041
vn 0.8916 -0.0159 0.4526
vn 0.9239 0.0449 0.3800
vn 0.9272 -0.1709 0.3333
vn 0.9231 -0.1538 0.3524
vn 0.9974 0.0562 0.0451
vn 0.9574 0.0610 0.2824
vn 0.9268 0.1679 0.3360
vn 0.7936 -0.2710 0.5448
vn 0.9177 -0.2895 0.2721
vn 0.8252 0.1777 -0.5362
vn 0.5547 0.4059 -0.7263
vn 0.7213 0.5219 -0.4554
vn 0.8855 -0.4594 -0.0692
vn 0.7515 -0.6390 0.1642
vn 0.9655 -0.1931 0.1749
vn 0.5559 -0.7680 0.3181
vn 0.7919 -0.5205 0.3193
vn 0.1119 -0.7918 0.6004
vn 0.8587 -0.4400 0.2628
vn 0.8834 -0.1197 -0.4531
vn 0.3563 -0.8769 -0.3227
vn 0.8928 -0.1803 0.4129
vn 0.7239 -0.3635 0.5863
vn 0.9921 0.1090 0.0614
vn 0.9174 -0.2604 0.3010
vn 0.8992 -0.3854 -0.2073
vn 0.9509 -0.2092 0.2283
vn 0.2489 0.4405 -0.8626
vn 0.7838 0.4326 -0.4455
vn 0.5620 0.1331 -0.8164
vn 0.8915 -0.0378 -0.4514
vn 0.8927 -0.2588 0.3690
vn 0.6981 0.3215 -0.6397
vn 0.6577 0.1448 -0.7392
vn 0.5717 -0.7263 -0.3816
vn 0.7835 -0.5125 -0.3514
vn 0.7660 -0.0311 0.6421
vn 0.9834 0.0991 -0.1522
vn 0.7817 0.4898 -0.3860
vn 0.9941 0.0377 0.1021
vn 0.9971 0.0626 -0.0432
vn 0.9780 0.2066 -0.0285
vn 0.9983 0.0546 0.0210
vn 0.9773 -0.1271 0.1696
vn 0.6342 -0.7293 0.2568
vn 0.8005 -0.2124 0.5604
vn 0.8922 0.3353 -0.3024
vn 0.8136 0.1622 -0.5584
vn 0.7138 -0.0282 -0.6997
vn 0.9147 -0.0704 0.3979
vn 0.9757 0.1176 0.1851
vn 0.7547 0.2113 0.6211
vn 0.9988 0.0493 -0.0000
vn 0.9082 0.1591 0.3871
vn 0.9093 0.1292 0.3957
vn 0.8319 -0.2333 0.5035
vn 0.8775 -0.2785 0.3903
vn 0.9850 -0.0397 -0.1680
vn 0.8870 -0.1779 -0.4261
vn 0.5170 -0.1604 -0.8408
vn 0.7585 0.4301 -0.4896
vn 0.6539 0.6036 -0.4561
vn 0.9675 -0.1232 -0.2207
vn 0.6490 0.7481 -0.1383
vn 0.6873 0.7222 -0.0786
vn 0.8321 -0.5370 0.1387
vn 0.8507 -0.5098 0.1282
vn 0.9541 -0.2657 -0.1382
vn 0.9862 0.1510 -0.0684
vn 0.9907 0.1356 0.0068
vn 0.9980 0.0168 -0.0610
vn 0.9251 0.2370 0.2969
vn 0.5467 0.7718 -0.3248
vn 0.9311 0.3648 -0.0075
vn 0.6259 0.7340 -0.2637
vn 0.6225 0.7630 -0.1739
vn 0.5355 0.8303 -0.1547
vn 0.9270 0.2126 0.3090
vn 0.8588 0.4728 0.1974
vn 0.6152 0.7557 0.2248
vn 0.2195 0.9466 -0.2360
vn 0.1615 0.7039 -0.6917
vn 0.2368 0.5043 -0.8304
vn 0.5313 0.6024 -0.5957
vn 0.3059 0.5354 -0.7872
vn 0.3196 0.3347 -0.8865
vn 0.7401 0.2530 -0.6231
vn 0.7913 -0.0719 0.6071
vn 0.8721 -0.0668 0.4847
vn 0.8546 -0.1562 0.4952
vn 0.7391 0.6468 0.1880
vn 0.7923 -0.0083 0.6101
vn 0.7705 0.2518 -0.5855
vn 0.6670 0.0877 -0.7399
vn 0.8019 -0.2496 -0.5429
vn 0.9123 -0.3812 0.1496
vn 0.4448 0.3375 -0.8296
vn 0.7358 0.3271 -0.5930
vn 0.6003 0.3131 -0.7359
vn 0.5829 0.1964 -0.7884
vn 0.6389 -0.0875 -0.7643
vn 0.7276 -0.4784 -0.4917
vn 0.8638 -0.4243 -0.2716
vn 0.9283 0.1529 -0.3391
vn 0.5982 0.0026 -0.8013
vn 0.5321 -0.1546 -0.8324
vn 0.9951 -0.0882 0.0441
vn 0.9896 0.0224 -0.1422
vn 0.8734 -0.4629 -0.1514
vn 0.7636 0.6443 -0.0426
vn 0.9972 -0.0192 -0.0725
vn 0.8689 0.3500 0.3500
vn 0.9967 0.0652 -0.0479
vn 0.8373 0.2895 0.4638
vn 0.9989 -0.0474 0.0063
vn 0.8226 0.2679 0.5016
vn 0.9931 0.0132 -0.1168
vn 0.9454 0.1205 0.3027
vn 0.8479 0.2150 0.4846
vn 0.7858 -0.3303 0.5229
vn 0.8439 -0.4220 0.3313
vn 0.6253 -0.7789 0.0483
vn 0.8800 -0.4101 -0.2395
vn 0.9055 0.0597 -0.4202
vn 0.9957 -0.0108 0.0924
vn 0.8523 -0.4972 -0.1628
vn 0.9860 -0.1639 -0.0300
vn 0.9973 -0.0733 -0.0001
vn 0.6725 0.5888 0.4483
vn 0.6093 0.6562 0.4453
vn 0.9303 -0.1850 -0.3166
vn 0.8612 0.0528 -0.5056
vn 0.6088 -0.3535 -0.7102
vn 0.9753 -0.2107 -0.0662
vn 0.5660 0.8185 -0.0987
vn 0.6039 0.7089 0.3644
vn 0.5375 0.8257 0.1712
vn 0.4021 0.9140 -0.0536
vn 0.2709 0.9269 -0.2596
vn 0.1972 0.9303 -0.3094
vn 0.1808 0.9347 -0.3060
vn 0.1978 0.9449 -0.2609
vn 0.1490 0.9552 -0.2556
vn 0.1714 0.9371 -0.3041
vn 0.2431 0.9699 -0.0169
vn 0.1887 0.9716 0.1428
vn 0.0533 0.9196 -0.3891
vn 0.0607 0.6972 -0.7143
vn 0.1087 0.5993 -0.7931
vn 0.0908 0.6620 -0.7440
vn 0.0841 0.6057 -0.7912
vn 0.0710 0.4208 -0.9044
vn 0.0710 0.4207 -0.9044
vn 0.1771 0.7695 -0.6137
vn 0.1771 0.7694 -0.6137
vn 0.3667 0.4464 0.8162
vn 0.1476 -0.2098 0.9665
vn 0.2322 -0.2860 0.9297
vn 1.0000 -0.0000 0.0003
vn 0.9374 0.2434 0.2491
vn 1.0000 -0.0000 0.0020
vn 0.5030 0.6178 -0.6044
vn 0.2637 0.3252 -0.9081
vn 0.2031 0.1055 -0.9735
vn 0.2541 -0.3032 -0.9184
vn 0.3135 -0.4222 -0.8506
vn 0.2420 0.0941 -0.9657
vn 0.1340 0.3280 -0.9351
vn 0.0986 0.1824 -0.9783
vn 0.1204 -0.1252 -0.9848
vn 0.3784 -0.3083 -0.8728
vn 0.5615 0.0249 -0.8271
vn 0.6637 -0.0725 -0.7445
vn 0.5610 -0.0773 -0.8242
vn 0.2746 -0.3067 -0.9113
vn 0.3176 -0.3695 -0.8733
vn 0.3014 -0.4413 -0.8453
vn 0.2716 -0.5591 -0.7834
vn 0.2538 -0.7073 -0.6597
vn 0.2492 -0.8796 -0.4053
vn 0.3521 -0.9037 0.2435
vn 0.3784 -0.8728 0.3082
vn 0.4122 -0.6782 -0.6084
vn 0.3234 -0.1856 -0.9279
vn 0.4371 0.2352 -0.8681
vn 0.3629 0.5184 -0.7743
vn 0.3340 0.9379 -0.0935
vn 0.3196 0.5844 -0.7459
vn 0.0938 -0.4084 -0.9079
vn 0.1184 -0.8579 -0.5000
vn 0.1771 -0.9378 -0.2987
vn 0.6746 0.4375 0.5945
vn 0.8612 0.0527 0.5055
vn 0.9101 0.2326 -0.3430
vn 0.5170 -0.1604 0.8408
vn 0.8252 0.1777 0.5362
vn 0.8870 -0.1780 0.4260
vn 0.8008 -0.3286 -0.5008
vn 0.6985 -0.0634 -0.7128
vn 0.9268 0.1680 -0.3360
vn 0.8293 -0.0562 -0.5559
vn 0.8712 0.0300 -0.4901
vn 0.6412 0.0225 -0.7671
vn 0.7697 0.3284 -0.5475
vn 0.8822 0.2931 -0.3686
vn 0.7334 0.3488 -0.5835
vn 0.8826 0.4085 -0.2325
vn 0.7534 0.1221 -0.6461
vn 0.9679 0.0727 -0.2408
vn 0.6986 0.1550 -0.6985
vn 0.6126 0.2919 -0.7345
vn 0.9573 0.0609 -0.2826
vn 0.9975 0.0538 -0.0449
vn 0.9234 -0.1479 -0.3543
vn 0.9280 -0.1677 -0.3326
vn 0.9239 0.0449 -0.3800
vn 0.8916 -0.0159 -0.4525
vn 0.6146 -0.2007 -0.7629
vn 0.9882 -0.1290 -0.0820
vn 0.9280 -0.3280 -0.1766
vn 0.9249 0.2043 0.3206
vn 0.4880 -0.2704 0.8299
vn 0.8654 -0.1365 0.4821
vn 0.8177 -0.5452 0.1847
vn 0.9995 -0.0323 -0.0000
vn 0.9867 -0.1575 -0.0394
vn 0.8612 0.4535 -0.2298
vn 0.8917 0.1929 -0.4094
vn 0.9356 0.2185 0.2773
vn 0.8794 0.0326 -0.4750
vn 0.8243 -0.0137 -0.5661
vn 0.8511 -0.3198 0.4164
vn 0.8339 0.1167 -0.5394
vn 0.8649 0.2649 -0.4263
vn 0.6606 0.2965 -0.6897
vn 0.6878 -0.5743 -0.4440
vn -0.3896 -0.9206 0.0261
vn 0.2364 -0.6839 -0.6902
vn 0.2240 -0.5912 -0.7748
vn 0.7942 -0.2741 -0.5423
vn 0.9848 -0.0420 0.1683
vn 0.8793 -0.2780 -0.3868
vn 0.8312 -0.2301 -0.5062
vn 0.9099 0.1320 -0.3932
vn 0.9081 0.1594 -0.3872
vn 0.9994 -0.0344 -0.0041
vn 0.9371 -0.3133 0.1538
vn 0.8578 -0.0703 0.5091
vn 0.8723 -0.4436 0.2054
vn 0.9852 -0.1225 -0.1202
vn 0.8893 0.4390 0.1282
vn 0.4991 0.2434 0.8317
vn 0.7183 -0.1192 0.6855
vn 0.8083 -0.3881 0.4427
vn 0.6817 -0.0725 -0.7281
vn 0.8673 -0.4277 -0.2547
vn 0.9199 -0.2941 0.2595
vn 0.8610 0.3919 -0.3241
vn 0.9147 0.1795 -0.3620
vn 0.7608 -0.5223 0.3852
vn 0.7972 -0.2093 0.5663
vn 0.6703 -0.6863 0.2822
vn 0.6006 -0.6543 -0.4596
vn 0.2935 -0.4325 -0.8525
vn 0.2315 -0.3634 -0.9024
vn 0.2565 -0.4882 -0.8342
vn 0.9165 -0.2900 -0.2755
vn 0.9875 -0.1066 -0.1161
vn 0.5528 -0.7914 -0.2610
vn 0.6387 -0.7357 -0.2254
vn 0.9285 -0.0000 0.3714
vn 0.5547 0.4061 0.7262
vn 0.7586 0.4302 0.4893
vn 0.6537 0.6066 0.4525
vn 0.9675 -0.1232 0.2207
vn 0.6489 0.7482 0.1383
vn 0.6725 0.5888 -0.4483
vn 0.9973 -0.0735 0.0021
vn 0.9860 -0.1639 0.0301
vn 0.8522 -0.4972 0.1628
vn 0.9957 -0.0108 -0.0925
vn 0.9063 0.0624 0.4179
vn 0.8800 -0.4103 0.2394
vn 0.6253 -0.7789 -0.0483
vn 0.8440 -0.4218 -0.3313
vn 0.7879 -0.3267 -0.5220
vn 0.8451 0.2219 -0.4863
vn 0.9465 0.1203 -0.2994
vn 0.9930 0.0176 0.1169
vn 0.9988 0.0492 -0.0000
vn 0.7748 0.1441 -0.6156
vn 0.8456 -0.0649 -0.5299
vn 0.8141 -0.3671 -0.4500
vn 0.9454 -0.1576 -0.2852
vn 0.9624 -0.1683 -0.2130
vn 0.8105 0.3877 0.4390
vn 0.8185 0.2854 0.4986
vn 0.8413 -0.2589 0.4745
vn 0.6614 -0.3144 -0.6809
vn 0.5874 -0.4115 -0.6969
vn 0.5688 -0.2973 -0.7669
vn 0.7121 0.2855 -0.6414
vn 0.9907 -0.0644 -0.1196
vn 0.9707 0.2309 -0.0671
vn 0.8715 0.1516 -0.4663
vn 0.9642 -0.1594 -0.2117
vn 0.9192 0.3933 0.0182
vn 0.8404 -0.2422 0.4849
vn 0.9122 -0.2014 -0.3568
vn 0.8506 -0.4967 -0.1724
vn 0.5857 -0.6496 -0.4847
vn 0.9288 -0.3667 -0.0528
vn 0.8117 -0.0746 0.5794
vn 0.9464 -0.2111 0.2444
vn 0.8906 -0.2405 -0.3859
vn 0.4166 -0.3847 -0.8237
vn 0.3094 -0.5995 -0.7381
vn 0.2486 -0.9637 -0.0975
vn 0.2392 -0.8629 0.4451
vn 0.1920 -0.9705 -0.1460
vn 0.3617 -0.8067 -0.4673
vn 0.7235 -0.6896 0.0311
vn 0.8855 -0.4594 0.0692
vn 0.7213 0.5219 0.4553
vn 0.6872 0.7222 0.0786
vn 0.6093 0.6561 -0.4453
vn 0.7153 -0.0139 -0.6986
vn 0.8212 -0.4923 -0.2885
vn 0.9961 0.0438 -0.0764
vn 0.8902 -0.4546 -0.0297
vn 0.7157 -0.6421 -0.2747
vn 0.8513 0.3232 -0.4133
vn 0.7837 0.4260 -0.4520
vn 0.9970 0.0764 0.0129
vn 0.8706 0.3493 -0.3465
vn 0.8403 0.2957 -0.4544
vn 0.8214 0.2749 -0.4998
vn 0.7529 0.2147 -0.6222
vn 0.9762 0.1173 -0.1822
vn 0.9147 -0.0704 -0.3979
vn 0.7138 -0.0282 0.6998
vn 0.8150 0.1588 0.5573
vn 0.8952 0.3282 0.3014
vn 0.8005 -0.2124 -0.5604
vn 0.6399 -0.7255 -0.2534
vn 0.9778 -0.1269 -0.1667
vn 0.9983 0.0544 -0.0212
vn 0.9787 0.2033 0.0281
vn 0.9971 0.0626 0.0430
vn 0.9941 0.0377 -0.1021
vn 0.7792 0.4933 0.3866
vn 0.9837 0.0965 0.1519
vn 0.7672 -0.0281 -0.6408
vn 0.7821 -0.5214 0.3412
vn 0.5718 -0.7263 0.3815
vn 0.6540 0.1612 0.7391
vn 0.6895 0.3252 0.6472
vn 0.8955 -0.2550 -0.3647
vn 0.8893 -0.0406 0.4555
vn 0.5575 0.1299 0.8199
vn 0.8988 -0.3927 0.1949
vn 0.2571 0.4175 0.8715
vn 0.7789 0.4269 0.4594
vn 0.9548 -0.1963 -0.2233
vn 0.9218 -0.2469 -0.2988
vn 0.9919 0.1178 -0.0476
vn 0.7241 -0.3634 -0.5862
vn 0.8927 -0.1804 -0.4130
vn 0.3532 -0.8770 0.3259
vn 0.8833 -0.1197 0.4532
vn 0.8582 -0.4428 -0.2596
vn 0.1118 -0.7943 -0.5972
vn 0.7919 -0.5205 -0.3193
vn 0.5587 -0.7674 -0.3146
vn 0.9656 -0.1928 -0.1748
vn 0.7505 -0.6410 -0.1611
vn 0.8321 -0.5371 -0.1387
vn 0.8518 -0.5088 -0.1251
vn 0.9541 -0.2658 0.1382
vn 0.9303 -0.1849 0.3167
vn 0.6088 -0.3535 0.7102
vn 0.8422 0.5362 -0.0561
vn 0.7438 -0.0339 0.6675
vn 0.6846 0.0725 0.7253
vn 0.7061 0.5496 0.4464
vn 0.7765 0.3209 0.5423
vn 0.9920 0.1195 -0.0406
vn 0.8908 -0.3618 -0.2749
vn 0.7846 -0.6194 -0.0280
vn 0.8529 0.3800 -0.3578
vn 0.8360 0.3880 -0.3880
vn 0.9537 0.2848 0.0966
vn 0.7635 0.6444 0.0426
vn 0.9668 -0.1315 -0.2191
vn 0.9896 0.0226 0.1423
vn 0.8734 -0.4629 0.1514
vn 0.9973 -0.0213 0.0703
vn 0.9965 0.0696 0.0456
vn 0.9988 -0.0493 -0.0021
vn 0.9950 -0.0905 -0.0419
vn 0.5288 -0.1545 0.8346
vn 0.5982 0.0027 0.8013
vn 0.9290 0.1497 0.3384
vn 0.8661 -0.4178 0.2745
vn 0.7303 -0.4713 0.4945
vn 0.6376 -0.0844 0.7657
vn 0.5829 0.1963 0.7884
vn 0.6012 0.3168 0.7337
vn 0.7334 0.3310 0.5938
vn 0.4418 0.3408 0.8299
vn 0.9081 -0.3871 -0.1594
vn 0.8722 -0.0670 -0.4846
vn 0.8001 -0.2532 0.5437
vn 0.6651 0.0908 0.7412
vn 0.7286 0.6576 -0.1915
vn 0.7716 0.2551 0.5827
vn 0.7946 -0.0083 -0.6070
vn 0.8555 -0.1593 -0.4927
vn 0.7876 -0.0750 -0.6116
vn 0.7381 0.2566 0.6240
vn 0.3275 0.3431 0.8804
vn 0.3057 0.5281 0.7923
vn 0.5243 0.6054 0.5988
vn 0.2369 0.5004 0.8327
vn 0.1615 0.6857 0.7098
vn 0.2199 0.9457 0.2392
vn 0.6175 0.7548 -0.2214
vn 0.8587 0.4729 -0.1974
vn 0.9270 0.2126 -0.3090
vn 0.5347 0.8314 0.1512
vn 0.6214 0.7646 0.1706
vn 0.6259 0.7339 0.2637
vn 0.9303 0.3668 0.0050
vn 0.5458 0.7739 0.3212
vn 0.9250 0.2370 -0.2969
vn 0.9980 0.0169 0.0610
vn 0.9908 0.1350 -0.0068
vn 0.9862 0.1510 0.0684
vn 0.9752 -0.2110 0.0661
vn 0.6417 0.7532 0.1446
vn 0.6694 0.3544 0.6530
vn 0.6449 -0.6713 0.3652
vn 0.5349 0.2880 0.7943
vn 0.6369 -0.6828 0.3579
vn 0.7224 0.5435 0.4275
vn 0.9939 0.1105 -0.0000
vn 0.5349 0.2880 -0.7943
vn 0.7224 0.5435 -0.4275
vn 0.6369 -0.6829 -0.3579
vn 0.2846 -0.9587 -0.0000
vn 0.5025 -0.8645 0.0135
vn 0.9367 -0.0335 0.3484
vn 0.9573 0.2874 0.0325
vn 0.9216 0.3044 -0.2410
vn 0.9971 0.0757 -0.0021
vn 0.9704 -0.0906 -0.2239
vn 0.8582 -0.4667 -0.2138
vn 0.8827 0.3597 -0.3023
vn 0.7922 0.4656 -0.3945
vn 0.8742 0.3807 -0.3015
vn 0.9738 -0.2093 -0.0896
vn 0.9827 -0.1143 0.1460
vn 0.9230 0.2258 -0.3115
vn 0.9073 0.3578 0.2211
vn 0.3234 -0.1856 0.9279
vn 0.4122 -0.6781 0.6084
vn 0.4370 0.2352 0.8682
vn 0.9509 -0.2255 0.2119
vn 0.5359 -0.7634 -0.3606
vn 0.8179 -0.5753 -0.0000
vn 0.2848 -0.9586 -0.0000
vn 0.5360 -0.7634 0.3606
vn 0.7437 -0.6534 -0.1416
vn 0.7208 -0.5588 0.4100
vn 0.7822 -0.6046 0.1503
vn 0.9377 0.2003 0.2838
vn 0.9243 0.0421 -0.3793
vn 0.9696 -0.2449 -0.0000
vn 0.7437 -0.6534 0.1416
vn 0.7822 -0.6046 -0.1504
vn 0.2583 -0.9488 -0.1821
vn 0.2888 -0.8600 -0.4207
vn 0.1966 -0.8666 -0.4586
vn 0.1127 -0.9936 -0.0000
vn 0.1965 -0.8666 0.4587
vn 0.2887 -0.8600 0.4207
vn 0.2582 -0.9488 0.1822
vn 0.2343 -0.8898 0.3915
vn 0.2003 -0.9029 0.3803
vn 0.1771 -0.9378 0.2987
vn 0.1184 -0.8579 0.5000
vn 0.0938 -0.4084 0.9079
vn 0.3197 0.5844 0.7458
vn 0.3340 0.9379 0.0936
vn 0.3629 0.5184 0.7743
vn 0.1803 -0.6048 0.7757
vn 0.2746 -0.8237 0.4961
vn 0.3395 -0.9300 0.1408
vn 0.3754 -0.8730 -0.3114
vn 0.3520 -0.9038 -0.2435
vn 0.2488 -0.8813 0.4017
vn 0.2537 -0.7104 0.6565
vn 0.2718 -0.5627 0.7807
vn 0.2993 -0.4552 0.8386
vn 0.3145 -0.3725 0.8731
vn 0.2707 -0.3027 0.9138
vn 0.5598 -0.0742 0.8253
vn 0.6622 -0.0694 0.7461
vn 0.5615 0.0249 0.8271
vn 0.3777 -0.3047 0.8743
vn 0.1202 -0.1226 0.9851
vn 0.0985 0.1823 0.9783
vn 0.1340 0.3281 0.9351
vn 0.2421 0.0942 0.9657
vn 0.3144 -0.4295 0.8466
vn 0.2517 -0.3095 0.9170
vn 0.2009 0.1080 0.9737
vn 0.2611 0.3315 0.9066
vn 0.4888 0.6202 0.6135
vn 1.0000 -0.0000 -0.0000
vn 0.9384 0.2433 -0.2454
vn 0.2332 -0.2930 -0.9272
vn 0.1483 -0.2159 -0.9651
vn 0.3676 0.4538 -0.8118
vn 0.1705 0.7673 0.6182
vn 0.1705 0.7674 0.6181
vn 0.7381 0.2567 0.6240
vn 0.0712 0.4273 0.9013
vn 0.0712 0.4274 0.9013
vn 0.0838 0.6119 0.7865
vn 0.0877 0.6638 0.7428
vn 0.1054 0.5915 0.7994
vn 0.0515 0.6785 0.7328
vn 0.0505 0.9161 0.3978
vn 0.1887 0.9716 -0.1428
vn 0.2425 0.9700 0.0144
vn 0.1714 0.9371 0.3040
vn 0.1487 0.9561 0.2523
vn 0.1974 0.9459 0.2575
vn 0.1777 0.9355 0.3053
vn 0.1964 0.9316 0.3059
vn 0.2681 0.9270 0.2624
vn 0.4021 0.9140 0.0536
vn 0.5351 0.8266 -0.1744
vn 0.6011 0.7095 -0.3679
vn 0.5660 0.8185 0.0987
vn 0.4246 0.8367 0.3460
vn 0.3432 0.8344 0.4313
vn 0.1775 0.6303 0.7558
vn 0.2119 0.8715 0.4423
vn 0.2674 0.9636 -0.0000
vn 0.2120 0.8717 -0.4418
vn 0.1775 0.6303 -0.7558
vn 0.4246 0.8367 -0.3460
vn 0.3432 0.8344 -0.4313
vn 0.6694 0.3544 -0.6530
vn 0.6449 -0.6713 -0.3652
vn 0.5025 -0.8645 -0.0135
vn 0.7713 -0.6365 -0.0000
vn 0.9056 0.4241 -0.0000
vn 0.9788 0.1705 0.1138
vn 0.8132 0.1238 0.5687
vn 0.6657 -0.3037 0.6817
vn 0.9346 -0.3556 -0.0076
vn 0.6712 -0.6840 -0.2858
vn 0.8202 -0.4978 -0.2818
vn 0.8197 0.5006 -0.2784
vn 0.8537 0.4451 -0.2702
vn 0.8927 0.4502 -0.0187
vn 0.7641 0.4723 0.4395
vn 0.9728 0.1422 0.1828
vn 0.8285 -0.5600 -0.0000
vn 0.8631 -0.4376 0.2522
vn 0.9956 -0.0939 -0.0000
vn 0.9243 0.0421 0.3792
vn 0.9377 0.2003 -0.2838
vn 0.7208 -0.5588 -0.4101
vn 0.2343 -0.8898 -0.3915
vn 0.2003 -0.9029 -0.3803
vn 0.9509 -0.2255 -0.2120
vn 0.9073 0.3578 -0.2210
vn 0.1802 -0.6047 -0.7758
vn 0.9826 -0.1144 -0.1460
vn 0.2745 -0.8237 -0.4961
vn 0.9738 -0.2092 0.0896
vn 0.3427 -0.9288 -0.1410
vn 0.9668 -0.1316 0.2190
vn 0.9537 0.2848 -0.0966
vn 0.9974 0.0703 -0.0124
vn 0.7858 0.4124 0.4609
vn 0.8506 0.3135 0.4222
vn 0.7178 -0.6413 0.2712
vn 0.8902 -0.4546 0.0298
vn 0.9961 0.0438 0.0764
vn 0.8213 -0.4922 0.2885
vn 0.7141 -0.0113 0.7000
vn 0.9100 0.2326 0.3431
vn 0.6746 0.4376 -0.5945
vn 0.6846 0.0725 -0.7253
vn 0.7438 -0.0340 -0.6675
vn 0.8431 0.5351 0.0532
vn 0.6429 0.7516 -0.1479
vn 0.9368 -0.0337 -0.3483
vn 0.9788 0.1705 -0.1137
vn 0.9333 0.3592 -0.0000
vn 0.8945 0.2615 0.3625
vn 0.7679 -0.4085 0.4934
vn 0.6797 -0.6402 0.3579
vn 0.8076 -0.5576 0.1920
vn 0.8814 0.4536 -0.1318
vn 0.7020 0.6929 0.1648
vn 0.6303 0.4887 0.6033
vn 0.8341 0.4516 0.3168
vn 0.9433 0.3320 -0.0000
vn 0.8631 -0.4376 -0.2522
vn 0.9728 0.1423 -0.1828
vn 0.7640 0.4724 -0.4395
vn 0.8927 0.4503 0.0187
vn 0.9230 0.2258 0.3115
vn 0.8741 0.3807 0.3015
vn 0.8379 0.3812 0.3906
vn 0.8512 0.3773 0.3649
vn 0.7845 -0.6194 0.0279
vn 0.8907 -0.3620 0.2750
vn 0.9921 0.1194 0.0385
vn 0.7765 0.3209 -0.5423
vn 0.7062 0.5496 -0.4464
vn 0.9225 0.3040 0.2378
vn 0.9570 0.2880 -0.0350
vn 0.8132 0.1238 -0.5686
vn 0.8945 0.2615 -0.3625
vn 0.9051 -0.4252 0.0025
vn 0.7043 -0.7099 0.0027
vn 0.7059 -0.6940 0.1419
vn 0.9372 -0.3277 0.1192
vn 0.8467 0.5316 0.0219
vn 0.7639 0.6453 -0.0000
vn 0.8341 0.4516 -0.3167
vn 0.6303 0.4887 -0.6033
vn 0.7020 0.6929 -0.1648
vn 0.8541 0.4425 0.2734
vn 0.7922 0.4656 0.3945
vn 0.8828 0.3598 0.3021
vn 0.8582 -0.4667 0.2138
vn 0.9704 -0.0904 0.2237
vn 0.9971 0.0758 0.0021
vn 0.9346 -0.3556 0.0076
vn 0.6656 -0.3037 -0.6817
vn 0.7680 -0.4084 -0.4934
vn 0.7066 -0.6946 -0.1353
vn 0.9344 -0.3561 -0.0000
vn 0.8467 0.5316 -0.0219
vn 0.8814 0.4536 0.1315
vn 0.8197 0.5006 0.2785
vn 0.8202 -0.4978 0.2818
vn 0.6720 -0.6817 0.2894
vn 0.6797 -0.6403 -0.3579
vn 0.9373 -0.3276 -0.1193
vn 0.8076 -0.5576 -0.1920
vn -0.5527 -0.7915 -0.2608
vn -0.6387 -0.7357 -0.2254
vn -0.9872 -0.1067 -0.1183
vn -0.9285 -0.0000 0.3714
vn -0.7235 -0.6896 0.0311
vn -0.3621 -0.8043 -0.4711
vn -0.1919 -0.9705 -0.1461
vn -0.2392 -0.8630 0.4451
vn -0.2492 -0.9633 -0.1001
vn -0.3094 -0.5995 -0.7382
vn -0.6100 -0.6504 -0.4526
vn -0.2400 -0.6848 -0.6881
vn -0.6744 -0.6808 0.2858
vn 0.3842 -0.9228 0.0288
vn -0.6933 -0.5733 -0.4366
vn -0.7973 -0.2092 0.5662
vn -0.7643 -0.5097 0.3951
vn -0.9143 0.1766 -0.3646
vn -0.9239 0.2076 0.3213
vn -0.8663 -0.1395 0.4796
vn -0.4852 -0.2737 0.8304
vn -0.8177 -0.5451 0.1847
vn -0.9255 -0.3347 -0.1772
vn -0.9880 -0.1294 -0.0846
vn -0.9996 -0.0281 -0.0000
vn -0.6412 0.0225 -0.7671
vn -0.7686 0.3391 -0.5425
vn -0.9862 -0.1605 -0.0418
vn -0.8567 0.4632 -0.2270
vn -0.8777 0.0326 -0.4782
vn -0.8912 0.1994 -0.4074
vn -0.9327 0.2254 0.2817
vn -0.7287 0.3562 -0.5849
vn -0.7546 0.1253 -0.6442
vn -0.8230 -0.0110 -0.5679
vn -0.8441 -0.2918 0.4499
vn -0.8340 0.1167 -0.5394
vn -0.8614 0.3859 -0.3303
vn -0.8643 0.2615 -0.4296
vn -0.9068 -0.3287 0.2641
vn -0.6801 -0.0755 -0.7292
vn -0.8419 -0.4428 -0.3086
vn -0.8393 -0.3257 0.4353
vn -0.7183 -0.1192 0.6855
vn -0.4972 0.2502 0.8308
vn -0.8849 0.4468 0.1317
vn -0.9844 -0.1255 -0.1230
vn -0.8698 -0.4498 0.2026
vn -0.8581 -0.0705 0.5086
vn -0.9355 -0.3192 0.1513
vn -0.6123 -0.2041 -0.7638
vn -0.8294 -0.0565 -0.5558
vn -0.8719 0.0272 -0.4889
vn -0.8794 0.3033 -0.3670
vn -0.8786 0.4184 -0.2301
vn -0.9675 0.0754 -0.2412
vn -0.6998 0.1582 -0.6966
vn -0.6125 0.2918 -0.7346
vn -0.6598 0.2929 -0.6920
vn -0.6985 -0.0635 -0.7128
vn -0.8008 -0.3286 -0.5008
vn -0.2275 -0.5922 -0.7730
vn -0.2971 -0.4332 -0.8509
vn -0.2386 -0.3683 -0.8986
vn -0.2565 -0.4881 -0.8342
vn -0.4166 -0.3848 -0.8236
vn -0.8939 -0.2397 -0.3789
vn -0.9473 -0.2081 0.2437
vn -0.8117 -0.0746 0.5793
vn -0.9291 -0.3653 -0.0582
vn -0.5927 -0.6431 -0.4849
vn -0.8506 -0.4967 -0.1725
vn -0.9112 -0.2048 -0.3575
vn -0.8399 -0.2390 0.4873
vn -0.9214 0.3884 0.0130
vn -0.9648 -0.1565 -0.2113
vn -0.8723 0.1546 -0.4639
vn -0.7098 0.2891 -0.6423
vn -0.9700 0.2337 -0.0672
vn -0.9909 -0.0667 -0.1172
vn -0.5661 -0.3006 -0.7676
vn -0.5885 -0.4189 -0.6915
vn -0.6590 -0.3181 -0.6816
vn -0.8397 -0.2624 0.4754
vn -0.8150 0.2926 0.5002
vn -0.8064 0.3984 0.4370
vn -0.9618 -0.1713 -0.2134
vn -0.9454 -0.1576 -0.2852
vn -0.8122 -0.3741 -0.4476
vn -0.8467 -0.0677 -0.5278
vn -0.7758 0.1473 -0.6135
vn -0.9994 -0.0345 -0.0041
vn -0.8916 -0.0159 -0.4526
vn -0.9239 0.0449 -0.3801
vn -0.9272 -0.1709 -0.3333
vn -0.9231 -0.1538 -0.3525
vn -0.9974 0.0561 -0.0450
vn -0.9573 0.0611 -0.2826
vn -0.9268 0.1680 -0.3360
vn -0.7936 -0.2709 -0.5448
vn -0.9177 -0.2895 -0.2722
vn -0.8252 0.1777 0.5362
vn -0.5544 0.4058 0.7266
vn -0.7212 0.5220 0.4554
vn -0.8855 -0.4594 0.0692
vn -0.7515 -0.6389 -0.1644
vn -0.9655 -0.1931 -0.1748
vn -0.5559 -0.7679 -0.3181
vn -0.7919 -0.5205 -0.3194
vn -0.1118 -0.7918 -0.6005
vn -0.8587 -0.4400 -0.2628
vn -0.8833 -0.1197 0.4532
vn -0.3562 -0.8769 0.3227
vn -0.8927 -0.1798 -0.4132
vn -0.7239 -0.3636 -0.5864
vn -0.9921 0.1091 -0.0615
vn -0.9174 -0.2604 -0.3010
vn -0.8992 -0.3854 0.2073
vn -0.9509 -0.2091 -0.2282
vn -0.2491 0.4405 0.8625
vn -0.7838 0.4326 0.4456
vn -0.5620 0.1332 0.8163
vn -0.8916 -0.0379 0.4512
vn -0.8927 -0.2589 -0.3690
vn -0.6982 0.3215 0.6397
vn -0.6577 0.1448 0.7392
vn -0.5722 -0.7261 0.3811
vn -0.7834 -0.5125 0.3515
vn -0.7660 -0.0310 -0.6421
vn -0.9834 0.0991 0.1522
vn -0.7817 0.4899 0.3859
vn -0.9941 0.0377 -0.1021
vn -0.9971 0.0626 0.0431
vn -0.9780 0.2065 0.0285
vn -0.9983 0.0546 -0.0210
vn -0.9773 -0.1270 -0.1697
vn -0.6342 -0.7293 -0.2569
vn -0.8005 -0.2124 -0.5604
vn -0.8922 0.3353 0.3025
vn -0.8136 0.1621 0.5584
vn -0.7138 -0.0282 0.6997
vn -0.9147 -0.0704 -0.3979
vn -0.9757 0.1176 -0.1851
vn -0.7547 0.2113 -0.6211
vn -0.9988 0.0492 0.0001
vn -0.9082 0.1593 -0.3871
vn -0.9093 0.1291 -0.3957
vn -0.8319 -0.2333 -0.5035
vn -0.8776 -0.2784 -0.3904
vn -0.9850 -0.0397 0.1680
vn -0.8870 -0.1780 0.4261
vn -0.5170 -0.1604 0.8408
vn -0.7587 0.4302 0.4892
vn -0.6539 0.6036 0.4561
vn -0.9675 -0.1232 0.2206
vn -0.6490 0.7481 0.1382
vn -0.6872 0.7222 0.0786
vn -0.8321 -0.5370 -0.1387
vn -0.8507 -0.5098 -0.1282
vn -0.9541 -0.2657 0.1382
vn -0.9866 0.1484 0.0682
vn -0.9908 0.1351 -0.0067
vn -0.9979 0.0148 0.0631
vn -0.9250 0.2370 -0.2969
vn -0.5466 0.7718 0.3248
vn -0.9311 0.3648 0.0075
vn -0.6259 0.7339 0.2639
vn -0.6226 0.7629 0.1739
vn -0.5356 0.8302 0.1547
vn -0.9270 0.2126 -0.3090
vn -0.8600 0.4718 -0.1942
vn -0.6175 0.7548 -0.2215
vn -0.2195 0.9466 0.2360
vn -0.1615 0.7039 0.6917
vn -0.2368 0.5044 0.8304
vn -0.5313 0.5990 0.5990
vn -0.3059 0.5354 0.7872
vn -0.3232 0.3353 0.8849
vn -0.7429 0.2529 0.6197
vn -0.7913 -0.0719 -0.6072
vn -0.8720 -0.0668 -0.4849
vn -0.8547 -0.1562 -0.4951
vn -0.7420 0.6435 -0.1879
vn -0.7947 -0.0083 -0.6070
vn -0.7736 0.2516 0.5817
vn -0.6669 0.0877 0.7400
vn -0.8036 -0.2461 0.5419
vn -0.9129 -0.3787 -0.1526
vn -0.4448 0.3375 0.8296
vn -0.7357 0.3273 0.5930
vn -0.6038 0.3132 0.7330
vn -0.5829 0.1964 0.7885
vn -0.6388 -0.0874 0.7644
vn -0.7276 -0.4784 0.4916
vn -0.8668 -0.4227 0.2647
vn -0.9295 0.1526 0.3357
vn -0.6014 0.0027 0.7990
vn -0.5322 -0.1545 0.8324
vn -0.9952 -0.0861 -0.0462
vn -0.9895 0.0223 0.1426
vn -0.8734 -0.4628 0.1514
vn -0.7636 0.6443 0.0425
vn -0.9973 -0.0193 0.0703
vn -0.8689 0.3500 -0.3500
vn -0.9967 0.0654 0.0478
vn -0.8373 0.2895 -0.4638
vn -0.9989 -0.0454 -0.0103
vn -0.8226 0.2680 -0.5016
vn -0.9931 0.0132 0.1165
vn -0.9454 0.1205 -0.3027
vn -0.8479 0.2150 -0.4846
vn -0.7858 -0.3303 -0.5228
vn -0.8439 -0.4220 -0.3312
vn -0.6254 -0.7788 -0.0483
vn -0.8801 -0.4101 0.2395
vn -0.9054 0.0596 0.4202
vn -0.9957 -0.0108 -0.0924
vn -0.8522 -0.4972 0.1628
vn -0.9860 -0.1639 0.0300
vn -0.9973 -0.0732 -0.0000
vn -0.6725 0.5889 -0.4483
vn -0.6093 0.6562 -0.4453
vn -0.9303 -0.1849 0.3167
vn -0.8612 0.0527 0.5055
vn -0.6088 -0.3535 0.7103
vn -0.9749 -0.2132 0.0638
vn -0.5729 0.8136 0.0987
vn -0.6072 0.7060 -0.3646
vn -0.5420 0.8221 -0.1746
vn -0.4076 0.9117 0.0509
vn -0.2714 0.9259 0.2630
vn -0.1999 0.9295 0.3098
vn -0.1810 0.9347 0.3061
vn -0.2004 0.9450 0.2583
vn -0.1517 0.9555 0.2529
vn -0.1745 0.9363 0.3047
vn -0.2459 0.9692 0.0169
vn -0.1916 0.9710 -0.1431
vn -0.0559 0.9204 0.3869
vn -0.0605 0.6971 0.7144
vn -0.1086 0.5960 0.7956
vn -0.0908 0.6620 0.7440
vn -0.0871 0.6070 0.7899
vn -0.0739 0.4218 0.9037
vn -0.0739 0.4217 0.9037
vn -0.7430 0.2529 0.6197
vn -0.1804 0.7678 0.6148
vn -0.1805 0.7677 0.6149
vn -0.3736 0.4439 -0.8144
vn -0.1506 -0.2103 -0.9660
vn -0.2356 -0.2868 -0.9286
vn -1.0000 -0.0000 -0.0000
vn -0.9383 0.2430 -0.2459
vn -0.5067 0.6145 0.6046
vn -0.2672 0.3258 0.9069
vn -0.2061 0.1056 0.9728
vn -0.2570 -0.3005 0.9185
vn -0.3208 -0.4236 0.8472
vn -0.2451 0.0946 0.9649
vn -0.1370 0.3288 0.9344
vn -0.0986 0.1824 0.9783
vn -0.1230 -0.1255 0.9844
vn -0.3862 -0.3127 0.8678
vn -0.5710 0.0250 0.8206
vn -0.6726 -0.0725 0.7365
vn -0.5664 -0.0743 0.8208
vn -0.2780 -0.3072 0.9101
vn -0.3211 -0.3700 0.8718
vn -0.3015 -0.4413 0.8452
vn -0.2750 -0.5564 0.7841
vn -0.2572 -0.7083 0.6574
vn -0.2523 -0.8800 0.4024
vn -0.3548 -0.9035 -0.2405
vn -0.3785 -0.8728 -0.3082
vn -0.4123 -0.6750 0.6118
vn -0.3240 -0.1888 0.9270
vn -0.4371 0.2351 0.8682
vn -0.3629 0.5184 0.7743
vn -0.3380 0.9362 0.0966
vn -0.3233 0.5817 0.7464
vn -0.0937 -0.4051 0.9095
vn -0.1216 -0.8570 0.5008
vn -0.1802 -0.9370 0.2994
vn -0.6746 0.4375 -0.5945
vn -0.8611 0.0528 -0.5056
vn -0.9101 0.2327 0.3430
vn -0.5170 -0.1604 -0.8408
vn -0.8252 0.1777 -0.5361
vn -0.8870 -0.1780 -0.4260
vn -0.8007 -0.3286 0.5009
vn -0.6984 -0.0635 0.7129
vn -0.9268 0.1680 0.3360
vn -0.8294 -0.0563 0.5559
vn -0.8713 0.0299 0.4899
vn -0.6414 0.0226 0.7669
vn -0.7697 0.3285 0.5474
vn -0.8822 0.2931 0.3686
vn -0.7334 0.3488 0.5835
vn -0.8826 0.4085 0.2325
vn -0.7534 0.1221 0.6461
vn -0.9679 0.0727 0.2407
vn -0.6986 0.1550 0.6985
vn -0.6127 0.2919 0.7344
vn -0.9573 0.0611 0.2826
vn -0.9975 0.0538 0.0449
vn -0.9234 -0.1478 0.3543
vn -0.9280 -0.1677 0.3326
vn -0.9238 0.0449 0.3801
vn -0.8916 -0.0159 0.4525
vn -0.6146 -0.2008 0.7629
vn -0.9882 -0.1291 0.0822
vn -0.9281 -0.3279 0.1765
vn -0.9249 0.2043 -0.3207
vn -0.4880 -0.2704 -0.8299
vn -0.8663 -0.1395 -0.4797
vn -0.8177 -0.5452 -0.1847
vn -0.9995 -0.0323 -0.0000
vn -0.9867 -0.1575 0.0394
vn -0.8612 0.4534 0.2297
vn -0.8917 0.1930 0.4094
vn -0.9356 0.2185 -0.2773
vn -0.8794 0.0326 0.4750
vn -0.8243 -0.0137 0.5660
vn -0.8511 -0.3199 -0.4162
vn -0.8339 0.1167 0.5394
vn -0.8649 0.2650 0.4263
vn -0.6606 0.2964 0.6897
vn -0.6879 -0.5743 0.4439
vn 0.3895 -0.9206 -0.0262
vn -0.2364 -0.6839 0.6902
vn -0.2240 -0.5912 0.7748
vn -0.7943 -0.2742 0.5422
vn -0.9848 -0.0420 -0.1683
vn -0.8793 -0.2780 0.3867
vn -0.8312 -0.2301 0.5061
vn -0.9098 0.1317 0.3936
vn -0.9081 0.1595 0.3871
vn -0.9994 -0.0344 0.0041
vn -0.9371 -0.3133 -0.1538
vn -0.8578 -0.0703 -0.5092
vn -0.8724 -0.4435 -0.2054
vn -0.9852 -0.1225 0.1201
vn -0.8893 0.4390 -0.1283
vn -0.4991 0.2434 -0.8317
vn -0.7183 -0.1191 -0.6855
vn -0.8083 -0.3881 -0.4427
vn -0.6815 -0.0727 0.7282
vn -0.8674 -0.4277 0.2545
vn -0.9199 -0.2941 -0.2595
vn -0.8610 0.3919 0.3241
vn -0.9148 0.1795 0.3619
vn -0.7608 -0.5224 -0.3852
vn -0.7972 -0.2093 -0.5663
vn -0.6703 -0.6863 -0.2822
vn -0.6006 -0.6542 0.4596
vn -0.2935 -0.4325 0.8525
vn -0.2314 -0.3634 0.9024
vn -0.2565 -0.4882 0.8342
vn -0.9165 -0.2900 0.2756
vn -0.9875 -0.1066 0.1161
vn -0.5527 -0.7916 0.2607
vn -0.6387 -0.7357 0.2254
vn -0.9285 -0.0000 -0.3713
vn -0.5546 0.4061 -0.7263
vn -0.7585 0.4303 -0.4894
vn -0.6537 0.6066 -0.4524
vn -0.9676 -0.1232 -0.2206
vn -0.6490 0.7482 -0.1382
vn -0.6725 0.5888 0.4483
vn -0.9973 -0.0735 -0.0021
vn -0.9860 -0.1639 -0.0301
vn -0.8522 -0.4972 -0.1628
vn -0.9957 -0.0108 0.0924
vn -0.9064 0.0624 -0.4179
vn -0.8800 -0.4102 -0.2395
vn -0.6254 -0.7788 0.0483
vn -0.8441 -0.4217 0.3312
vn -0.7878 -0.3267 0.5222
vn -0.8451 0.2219 0.4864
vn -0.9465 0.1203 0.2993
vn -0.9930 0.0177 -0.1170
vn -0.9988 0.0492 -0.0000
vn -0.7748 0.1442 0.6156
vn -0.8456 -0.0649 0.5299
vn -0.8141 -0.3671 0.4500
vn -0.9454 -0.1576 0.2853
vn -0.9625 -0.1683 0.2130
vn -0.8106 0.3877 -0.4389
vn -0.8185 0.2854 -0.4986
vn -0.8413 -0.2589 -0.4746
vn -0.6614 -0.3145 0.6809
vn -0.5874 -0.4115 0.6969
vn -0.5687 -0.2973 0.7669
vn -0.7121 0.2855 0.6415
vn -0.9907 -0.0644 0.1196
vn -0.9707 0.2309 0.0670
vn -0.8715 0.1516 0.4663
vn -0.9643 -0.1592 0.2115
vn -0.9193 0.3932 -0.0183
vn -0.8404 -0.2423 -0.4847
vn -0.9122 -0.2014 0.3569
vn -0.8506 -0.4968 0.1725
vn -0.5857 -0.6496 0.4847
vn -0.9288 -0.3669 0.0522
vn -0.8117 -0.0745 -0.5793
vn -0.9465 -0.2112 -0.2442
vn -0.8907 -0.2405 0.3859
vn -0.4166 -0.3848 0.8237
vn -0.3094 -0.5995 0.7381
vn -0.2487 -0.9637 0.0974
vn -0.2392 -0.8630 -0.4450
vn -0.1920 -0.9705 0.1460
vn -0.3617 -0.8067 0.4673
vn -0.7235 -0.6896 -0.0311
vn -0.8855 -0.4594 -0.0692
vn -0.7213 0.5219 -0.4553
vn -0.6872 0.7222 -0.0786
vn -0.6093 0.6561 0.4453
vn -0.7154 -0.0140 0.6986
vn -0.8213 -0.4923 0.2884
vn -0.9961 0.0437 0.0765
vn -0.8902 -0.4546 0.0297
vn -0.7156 -0.6422 0.2748
vn -0.8513 0.3232 0.4133
vn -0.7837 0.4260 0.4520
vn -0.9970 0.0764 -0.0129
vn -0.8706 0.3494 0.3464
vn -0.8403 0.2957 0.4544
vn -0.8214 0.2748 0.4997
vn -0.7529 0.2147 0.6222
vn -0.9762 0.1173 0.1822
vn -0.9147 -0.0703 0.3980
vn -0.7138 -0.0282 -0.6997
vn -0.8150 0.1588 -0.5573
vn -0.8952 0.3282 -0.3014
vn -0.8005 -0.2124 0.5604
vn -0.6399 -0.7255 0.2534
vn -0.9778 -0.1269 0.1668
vn -0.9983 0.0546 0.0211
vn -0.9786 0.2038 -0.0284
vn -0.9971 0.0626 -0.0431
vn -0.9941 0.0377 0.1021
vn -0.7793 0.4933 -0.3864
vn -0.9837 0.0965 -0.1519
vn -0.7672 -0.0281 0.6408
vn -0.7821 -0.5214 -0.3412
vn -0.5719 -0.7262 -0.3814
vn -0.6540 0.1612 -0.7392
vn -0.6895 0.3252 -0.6472
vn -0.8955 -0.2550 0.3648
vn -0.8893 -0.0407 -0.4555
vn -0.5574 0.1298 -0.8200
vn -0.8988 -0.3927 -0.1949
vn -0.2571 0.4175 -0.8715
vn -0.7788 0.4270 -0.4595
vn -0.9548 -0.1963 0.2232
vn -0.9218 -0.2470 0.2987
vn -0.9919 0.1177 0.0476
vn -0.7239 -0.3636 0.5863
vn -0.8927 -0.1803 0.4130
vn -0.3532 -0.8770 -0.3258
vn -0.8834 -0.1197 -0.4531
vn -0.8582 -0.4428 0.2596
vn -0.1118 -0.7942 0.5972
vn -0.7919 -0.5205 0.3193
vn -0.5586 -0.7674 0.3146
vn -0.9656 -0.1926 0.1746
vn -0.7504 -0.6410 0.1611
vn -0.8321 -0.5371 0.1387
vn -0.8518 -0.5088 0.1251
vn -0.9541 -0.2658 -0.1382
vn -0.9303 -0.1849 -0.3167
vn -0.6088 -0.3535 -0.7103
vn -0.8421 0.5363 0.0563
vn -0.7441 -0.0339 -0.6672
vn -0.6846 0.0725 -0.7253
vn -0.7060 0.5500 -0.4462
vn -0.7765 0.3209 -0.5423
vn -0.9920 0.1195 0.0405
vn -0.8908 -0.3617 0.2750
vn -0.7846 -0.6193 0.0280
vn -0.8530 0.3800 0.3578
vn -0.8360 0.3880 0.3880
vn -0.9537 0.2848 -0.0966
vn -0.7636 0.6443 -0.0426
vn -0.9669 -0.1315 0.2189
vn -0.9896 0.0226 -0.1424
vn -0.8744 -0.4619 -0.1482
vn -0.9972 -0.0192 -0.0724
vn -0.9966 0.0695 -0.0434
vn -0.9988 -0.0493 0.0021
vn -0.9950 -0.0904 0.0419
vn -0.5322 -0.1546 -0.8324
vn -0.6013 0.0026 -0.7990
vn -0.9303 0.1496 -0.3349
vn -0.8694 -0.4134 -0.2705
vn -0.7304 -0.4709 -0.4948
vn -0.6407 -0.0845 -0.7631
vn -0.5829 0.1963 -0.7885
vn -0.6003 0.3131 -0.7359
vn -0.7334 0.3310 -0.5938
vn -0.4455 0.3412 -0.8278
vn -0.9081 -0.3872 0.1594
vn -0.8720 -0.0669 0.4849
vn -0.8026 -0.2530 -0.5402
vn -0.6681 0.0908 -0.7385
vn -0.7316 0.6543 0.1914
vn -0.7715 0.2552 -0.5828
vn -0.7946 -0.0083 0.6070
vn -0.8555 -0.1593 0.4927
vn -0.7876 -0.0750 0.6116
vn -0.7411 0.2565 -0.6205
vn -0.3279 0.3428 -0.8803
vn -0.3055 0.5282 -0.7923
vn -0.5244 0.6052 -0.5989
vn -0.2365 0.5007 -0.8327
vn -0.1616 0.6855 -0.7099
vn -0.2203 0.9448 -0.2425
vn -0.6175 0.7548 0.2214
vn -0.8600 0.4719 0.1941
vn -0.9270 0.2126 0.3090
vn -0.5345 0.8315 -0.1514
vn -0.6226 0.7630 -0.1739
vn -0.6259 0.7339 -0.2638
vn -0.9311 0.3648 -0.0076
vn -0.5458 0.7739 -0.3212
vn -0.9250 0.2370 0.2969
vn -0.9979 0.0147 -0.0631
vn -0.9911 0.1330 0.0088
vn -0.9866 0.1483 -0.0683
vn -0.9749 -0.2131 -0.0637
vn -0.6470 0.7493 -0.1414
vn -0.6726 0.3544 -0.6496
vn -0.6449 -0.6714 -0.3653
vn -0.5384 0.2882 -0.7919
vn -0.6369 -0.6829 -0.3579
vn -0.7250 0.5430 -0.4238
vn -0.9939 0.1102 -0.0000
vn -0.5384 0.2882 0.7919
vn -0.7250 0.5430 0.4238
vn -0.6368 -0.6829 0.3579
vn -0.2846 -0.9586 -0.0000
vn -0.5024 -0.8645 -0.0134
vn -0.9368 -0.0337 -0.3483
vn -0.9573 0.2874 -0.0325
vn -0.9215 0.3044 0.2411
vn -0.9971 0.0760 0.0017
vn -0.9704 -0.0906 0.2238
vn -0.8583 -0.4665 0.2138
vn -0.8827 0.3598 0.3022
vn -0.7925 0.4651 0.3945
vn -0.8741 0.3807 0.3016
vn -0.9738 -0.2092 0.0897
vn -0.9827 -0.1143 -0.1459
vn -0.9230 0.2258 0.3115
vn -0.9073 0.3578 -0.2210
vn -0.3240 -0.1887 -0.9270
vn -0.4123 -0.6750 -0.6118
vn -0.4371 0.2352 -0.8681
vn -0.9509 -0.2255 -0.2119
vn -0.5353 -0.7656 0.3568
vn -0.8180 -0.5753 -0.0000
vn -0.2874 -0.9578 -0.0000
vn -0.5353 -0.7656 -0.3569
vn -0.7453 -0.6522 0.1383
vn -0.7208 -0.5588 -0.4102
vn -0.7822 -0.6046 -0.1504
vn -0.9377 0.2003 -0.2838
vn -0.9243 0.0421 0.3793
vn -0.9696 -0.2445 -0.0000
vn -0.7454 -0.6522 -0.1382
vn -0.7822 -0.6046 0.1504
vn -0.2583 -0.9488 0.1821
vn -0.2919 -0.8603 0.4179
vn -0.1968 -0.8647 0.4621
vn -0.1149 -0.9934 -0.0000
vn -0.1968 -0.8647 -0.4622
vn -0.2919 -0.8603 -0.4179
vn -0.2582 -0.9488 -0.1821
vn -0.2344 -0.8898 -0.3916
vn -0.2036 -0.9018 -0.3811
vn -0.1801 -0.9370 -0.2993
vn -0.1216 -0.8570 -0.5008
vn -0.0937 -0.4051 -0.9095
vn -0.3232 0.5817 -0.7465
vn -0.3380 0.9362 -0.0966
vn -0.3629 0.5184 -0.7743
vn -0.1836 -0.6058 -0.7741
vn -0.2746 -0.8237 -0.4961
vn -0.3428 -0.9288 -0.1409
vn -0.3784 -0.8728 0.3083
vn -0.3549 -0.9034 0.2406
vn -0.2519 -0.8817 -0.3989
vn -0.2573 -0.7082 -0.6574
vn -0.2754 -0.5635 -0.7788
vn -0.2993 -0.4552 -0.8386
vn -0.3182 -0.3730 -0.8716
vn -0.2741 -0.3032 -0.9126
vn -0.5683 -0.0714 -0.8197
vn -0.6713 -0.0695 -0.7379
vn -0.5710 0.0250 -0.8206
vn -0.3820 -0.3087 -0.8711
vn -0.1228 -0.1229 -0.9848
vn -0.0986 0.1823 -0.9783
vn -0.1344 0.3280 -0.9350
vn -0.2455 0.0944 -0.9648
vn -0.3180 -0.4302 -0.8449
vn -0.2580 -0.3073 -0.9160
vn -0.2037 0.1081 -0.9730
vn -0.2645 0.3322 -0.9054
vn -0.4960 0.6174 -0.6106
vn -0.9394 0.2397 0.2452
vn -1.0000 -0.0000 -0.0004
vn -0.2328 -0.2896 0.9284
vn -0.1480 -0.2129 0.9658
vn -0.3746 0.4513 0.8099
vn -0.1739 0.7657 -0.6193
vn -0.7410 0.2565 -0.6206
vn -0.0712 0.4273 -0.9013
vn -0.0712 0.4274 -0.9013
vn -0.0843 0.6122 -0.7862
vn -0.0908 0.6650 -0.7413
vn -0.1054 0.5915 -0.7994
vn -0.0515 0.6785 -0.7328
vn -0.0506 0.9160 -0.3980
vn -0.1887 0.9716 0.1428
vn -0.2453 0.9693 -0.0145
vn -0.1742 0.9374 -0.3014
vn -0.1517 0.9555 -0.2529
vn -0.2002 0.9460 -0.2550
vn -0.1808 0.9347 -0.3060
vn -0.1997 0.9307 -0.3065
vn -0.2711 0.9269 -0.2595
vn -0.4044 0.9132 -0.0509
vn -0.5409 0.8234 0.1713
vn -0.6074 0.7059 0.3645
vn -0.5715 0.8150 -0.0958
vn -0.4314 0.8344 -0.3432
vn -0.3501 0.8327 -0.4290
vn -0.1774 0.6270 -0.7585
vn -0.2151 0.8723 -0.4392
vn -0.2704 0.9627 -0.0000
vn -0.2151 0.8723 0.4392
vn -0.1774 0.6270 0.7585
vn -0.4313 0.8344 0.3432
vn -0.3501 0.8328 0.4289
vn -0.6726 0.3543 0.6497
vn -0.6449 -0.6713 0.3653
vn -0.5024 -0.8645 0.0134
vn -0.7714 -0.6364 -0.0000
vn -0.9056 0.4242 -0.0000
vn -0.9788 0.1705 -0.1138
vn -0.8132 0.1238 -0.5687
vn -0.6655 -0.3037 -0.6818
vn -0.9346 -0.3555 0.0076
vn -0.6711 -0.6840 0.2858
vn -0.8203 -0.4978 0.2818
vn -0.8196 0.5006 0.2784
vn -0.8537 0.4451 0.2702
vn -0.8927 0.4503 0.0186
vn -0.7641 0.4723 -0.4395
vn -0.9728 0.1423 -0.1828
vn -0.8285 -0.5599 -0.0000
vn -0.8631 -0.4376 -0.2522
vn -0.9956 -0.0938 -0.0000
vn -0.9243 0.0421 -0.3793
vn -0.9377 0.2003 0.2838
vn -0.7208 -0.5587 0.4102
vn -0.2344 -0.8897 0.3918
vn -0.2036 -0.9018 0.3811
vn -0.9509 -0.2255 0.2119
vn -0.9073 0.3577 0.2211
vn -0.1835 -0.6024 0.7768
vn -0.9827 -0.1143 0.1459
vn -0.2748 -0.8214 0.4997
vn -0.9738 -0.2092 -0.0896
vn -0.3435 -0.9280 0.1440
vn -0.9669 -0.1312 -0.2187
vn -0.9537 0.2849 0.0965
vn -0.9975 0.0700 0.0126
vn -0.7858 0.4124 -0.4610
vn -0.8503 0.3139 -0.4224
vn -0.7178 -0.6413 -0.2712
vn -0.8902 -0.4546 -0.0297
vn -0.9961 0.0437 -0.0763
vn -0.8212 -0.4923 -0.2886
vn -0.7141 -0.0112 -0.7000
vn -0.9101 0.2326 -0.3431
vn -0.6746 0.4376 0.5945
vn -0.6846 0.0726 0.7252
vn -0.7438 -0.0339 0.6675
vn -0.8431 0.5350 -0.0532
vn -0.6470 0.7493 0.1414
vn -0.9368 -0.0337 0.3483
vn -0.9788 0.1705 0.1137
vn -0.9333 0.3592 -0.0000
vn -0.8945 0.2615 -0.3626
vn -0.7681 -0.4083 -0.4932
vn -0.6797 -0.6402 -0.3579
vn -0.8076 -0.5577 -0.1920
vn -0.8814 0.4535 0.1320
vn -0.7020 0.6929 -0.1649
vn -0.6302 0.4887 -0.6033
vn -0.8340 0.4516 -0.3171
vn -0.9433 0.3320 -0.0000
vn -0.8631 -0.4376 0.2522
vn -0.9728 0.1422 0.1829
vn -0.7641 0.4722 0.4395
vn -0.8927 0.4503 -0.0187
vn -0.9230 0.2258 -0.3115
vn -0.8742 0.3806 -0.3016
vn -0.8379 0.3812 -0.3906
vn -0.8512 0.3773 -0.3648
vn -0.7846 -0.6194 -0.0279
vn -0.8908 -0.3615 -0.2751
vn -0.9921 0.1195 -0.0386
vn -0.7765 0.3209 0.5423
vn -0.7062 0.5496 0.4464
vn -0.9225 0.3038 -0.2379
vn -0.9571 0.2877 0.0349
vn -0.8132 0.1238 0.5687
vn -0.8945 0.2615 0.3626
vn -0.9051 -0.4252 -0.0026
vn -0.7044 -0.7098 -0.0026
vn -0.7059 -0.6940 -0.1418
vn -0.9372 -0.3277 -0.1192
vn -0.8467 0.5316 -0.0219
vn -0.7639 0.6453 -0.0000
vn -0.8341 0.4515 0.3168
vn -0.6302 0.4887 0.6033
vn -0.7020 0.6928 0.1648
vn -0.8541 0.4424 -0.2734
vn -0.7922 0.4655 -0.3945
vn -0.8827 0.3597 -0.3023
vn -0.8582 -0.4667 -0.2139
vn -0.9703 -0.0910 -0.2241
vn -0.9971 0.0757 -0.0021
vn -0.9346 -0.3556 -0.0077
vn -0.6656 -0.3037 0.6817
vn -0.7680 -0.4084 0.4933
vn -0.7066 -0.6946 0.1353
vn -0.9345 -0.3561 -0.0001
vn -0.8467 0.5316 0.0219
vn -0.8814 0.4535 -0.1320
vn -0.8197 0.5006 -0.2785
vn -0.8203 -0.4978 -0.2817
vn -0.6720 -0.6817 -0.2893
vn -0.6797 -0.6402 0.3579
vn -0.9372 -0.3277 0.1192
vn -0.8076 -0.5576 0.1920
vn 0.5528 -0.7914 0.2608
vn 0.6387 -0.7357 0.2253
vn 0.9872 -0.1066 0.1182
vn 0.2492 -0.9633 0.1001
vn 0.3094 -0.5995 0.7381
vn 0.6101 -0.6503 0.4526
vn 0.2398 -0.6849 0.6881
vn 0.6744 -0.6808 -0.2858
vn -0.3843 -0.9228 -0.0288
vn 0.7643 -0.5096 -0.3951
vn 0.9142 0.1763 0.3649
vn 0.9240 0.2075 -0.3211
vn 0.8663 -0.1396 -0.4797
vn 0.4852 -0.2738 -0.8304
vn 0.8177 -0.5451 -0.1847
vn 0.9255 -0.3348 0.1772
vn 0.9880 -0.1294 0.0847
vn 0.9996 -0.0283 -0.0001
vn 0.7685 0.3391 0.5426
vn 0.9862 -0.1604 0.0418
vn 0.8567 0.4632 0.2270
vn 0.8912 0.1995 0.4074
vn 0.7287 0.3562 0.5849
vn 0.7545 0.1253 0.6442
vn 0.8440 -0.2917 -0.4500
vn 0.8340 0.1166 0.5393
vn 0.8613 0.3859 0.3304
vn 0.9068 -0.3287 -0.2642
vn 0.6801 -0.0758 0.7292
vn 0.8418 -0.4428 0.3086
vn 0.4973 0.2502 -0.8308
vn 0.8849 0.4468 -0.1317
vn 0.9845 -0.1254 0.1229
vn 0.8699 -0.4497 -0.2025
vn 0.8579 -0.0704 -0.5090
vn 0.9355 -0.3192 -0.1513
vn 0.8293 -0.0567 0.5559
vn 0.8719 0.0273 0.4889
vn 0.8794 0.3033 0.3671
vn 0.9675 0.0754 0.2412
vn 0.6125 0.2919 0.7346
vn 0.6984 -0.0635 0.7129
vn 0.2971 -0.4332 0.8509
vn 0.2385 -0.3683 0.8986
vn 0.9473 -0.2081 -0.2437
vn 0.8116 -0.0746 -0.5794
vn 0.9291 -0.3653 0.0582
vn 0.5926 -0.6431 0.4849
vn 0.9215 0.3882 -0.0130
vn 0.9648 -0.1565 0.2112
vn 0.8723 0.1546 0.4639
vn 0.7099 0.2890 0.6423
vn 0.9700 0.2336 0.0672
vn 0.9909 -0.0667 0.1173
vn 0.8150 0.2926 -0.5002
vn 0.9618 -0.1712 0.2134
vn 0.9454 -0.1575 0.2852
vn 0.7759 0.1473 0.6135
vn 0.9994 -0.0345 0.0042
vn 0.8917 -0.0159 0.4524
vn 0.9239 0.0449 0.3801
vn 0.9231 -0.1539 0.3524
vn 0.9974 0.0560 0.0449
vn 0.9573 0.0611 0.2827
vn 0.8252 0.1777 -0.5361
vn 0.5546 0.4060 -0.7263
vn 0.7515 -0.6389 0.1642
vn 0.5558 -0.7680 0.3183
vn 0.7919 -0.5205 0.3194
vn 0.1118 -0.7918 0.6005
vn 0.3563 -0.8769 -0.3228
vn 0.8927 -0.1802 0.4129
vn 0.7239 -0.3636 0.5864
vn 0.9921 0.1092 0.0614
vn 0.9174 -0.2605 0.3010
vn 0.8991 -0.3854 -0.2073
vn 0.9509 -0.2092 0.2282
vn 0.2490 0.4405 -0.8626
vn 0.7838 0.4325 -0.4456
vn 0.5619 0.1331 -0.8164
vn 0.8916 -0.0378 -0.4513
vn 0.6982 0.3215 -0.6397
vn 0.6577 0.1449 -0.7392
vn 0.5718 -0.7263 -0.3815
vn 0.7835 -0.5125 -0.3513
vn 0.7659 -0.0310 0.6422
vn 0.9834 0.0991 -0.1521
vn 0.9941 0.0377 0.1020
vn 0.9971 0.0626 -0.0431
vn 0.9780 0.2065 -0.0285
vn 0.9983 0.0545 0.0215
vn 0.9773 -0.1272 0.1696
vn 0.6341 -0.7293 0.2569
vn 0.8922 0.3354 -0.3024
vn 0.8136 0.1624 -0.5583
vn 0.9757 0.1176 0.1852
vn 0.9083 0.1592 0.3869
vn 0.9093 0.1291 0.3957
vn 0.8320 -0.2332 0.5034
vn 0.8776 -0.2784 0.3903
vn 0.8870 -0.1780 -0.4260
vn 0.7586 0.4300 -0.4895
vn 0.6873 0.7221 -0.0786
vn 0.8324 -0.5366 0.1387
vn 0.9866 0.1483 -0.0683
vn 0.9908 0.1352 0.0066
vn 0.9979 0.0148 -0.0631
vn 0.9250 0.2370 0.2969
vn 0.5467 0.7718 -0.3247
vn 0.9311 0.3648 -0.0074
vn 0.6259 0.7339 -0.2637
vn 0.6225 0.7631 -0.1735
vn 0.5356 0.8302 -0.1546
vn 0.8601 0.4718 0.1942
vn 0.6175 0.7547 0.2215
vn 0.5313 0.5990 -0.5991
vn 0.3232 0.3352 -0.8850
vn 0.7429 0.2529 -0.6197
vn 0.7914 -0.0720 0.6071
vn 0.8547 -0.1562 0.4951
vn 0.7420 0.6435 0.1878
vn 0.7946 -0.0083 0.6070
vn 0.7737 0.2512 -0.5817
vn 0.6669 0.0876 -0.7400
vn 0.8035 -0.2461 -0.5420
vn 0.9128 -0.3787 0.1526
vn 0.4447 0.3375 -0.8296
vn 0.7356 0.3273 -0.5931
vn 0.6038 0.3132 -0.7330
vn 0.7276 -0.4784 -0.4916
vn 0.8668 -0.4227 -0.2646
vn 0.9295 0.1529 -0.3356
vn 0.6013 0.0027 -0.7990
vn 0.5323 -0.1548 -0.8323
vn 0.9952 -0.0861 0.0463
vn 0.9895 0.0226 -0.1424
vn 0.8734 -0.4628 -0.1513
vn 0.7636 0.6443 -0.0425
vn 0.9973 -0.0192 -0.0702
vn 0.9967 0.0652 -0.0478
vn 0.9989 -0.0454 0.0103
vn 0.8225 0.2679 0.5016
vn 0.9931 0.0131 -0.1166
vn 0.6254 -0.7788 0.0483
vn 0.8800 -0.4102 -0.2394
vn 0.8523 -0.4971 -0.1628
vn 0.9860 -0.1640 -0.0305
vn 0.9973 -0.0733 -0.0000
vn 0.6725 0.5889 0.4483
vn 0.6093 0.6561 0.4453
vn 0.9303 -0.1849 -0.3167
vn 0.8611 0.0528 -0.5056
vn 0.6087 -0.3534 -0.7103
vn 0.9750 -0.2131 -0.0637
vn 0.5728 0.8137 -0.0989
vn 0.6074 0.7057 0.3648
vn 0.5420 0.8221 0.1746
vn 0.4076 0.9117 -0.0509
vn 0.2714 0.9259 -0.2629
vn 0.1999 0.9296 -0.3098
vn 0.1810 0.9347 -0.3061
vn 0.2005 0.9450 -0.2583
vn 0.1517 0.9555 -0.2528
vn 0.1745 0.9363 -0.3047
vn 0.2459 0.9692 -0.0169
vn 0.1916 0.9710 0.1431
vn 0.0560 0.9204 -0.3869
vn 0.0606 0.6971 -0.7144
vn 0.1086 0.5960 -0.7956
vn 0.0871 0.6070 -0.7899
vn 0.0740 0.4218 -0.9037
vn 0.0739 0.4217 -0.9037
vn 0.7430 0.2530 -0.6196
vn 0.1804 0.7678 -0.6148
vn 0.1805 0.7677 -0.6149
vn 0.3737 0.4439 0.8144
vn 0.1506 -0.2103 0.9660
vn 0.2357 -0.2868 0.9286
vn 1.0000 -0.0001 -0.0000
vn 0.9384 0.2429 0.2458
vn 0.5061 0.6151 -0.6046
vn 0.2671 0.3258 -0.9069
vn 0.2059 0.1057 -0.9729
vn 0.2571 -0.3004 -0.9185
vn 0.3208 -0.4236 -0.8472
vn 0.2452 0.0948 -0.9648
vn 0.1370 0.3288 -0.9344
vn 0.0986 0.1823 -0.9783
vn 0.1230 -0.1256 -0.9844
vn 0.3863 -0.3128 -0.8677
vn 0.5710 0.0250 -0.8206
vn 0.6726 -0.0725 -0.7364
vn 0.5663 -0.0744 -0.8208
vn 0.2780 -0.3072 -0.9101
vn 0.3211 -0.3700 -0.8718
vn 0.3015 -0.4412 -0.8452
vn 0.2751 -0.5564 -0.7841
vn 0.2573 -0.7083 -0.6574
vn 0.2523 -0.8800 -0.4024
vn 0.3550 -0.9034 0.2406
vn 0.3785 -0.8728 0.3082
vn 0.4124 -0.6751 -0.6118
vn 0.3240 -0.1887 -0.9270
vn 0.4371 0.2351 -0.8681
vn 0.3380 0.9362 -0.0966
vn 0.3236 0.5817 -0.7463
vn 0.0937 -0.4051 -0.9094
vn 0.1216 -0.8570 -0.5008
vn 0.1801 -0.9370 -0.2993
vn 0.6747 0.4375 0.5945
vn 0.8612 0.0528 0.5056
vn 0.9101 0.2326 -0.3429
vn 0.8870 -0.1780 0.4261
vn 0.8007 -0.3286 -0.5009
vn 0.6984 -0.0634 -0.7129
vn 0.8294 -0.0558 -0.5559
vn 0.8712 0.0299 -0.4901
vn 0.6411 0.0226 -0.7671
vn 0.8826 0.4086 -0.2324
vn 0.7534 0.1220 -0.6461
vn 0.9679 0.0727 -0.2407
vn 0.6985 0.1549 -0.6986
vn 0.9573 0.0611 -0.2827
vn 0.9975 0.0537 -0.0450
vn 0.9234 -0.1478 -0.3544
vn 0.9239 0.0449 -0.3801
vn 0.6146 -0.2008 -0.7628
vn 0.9882 -0.1291 -0.0821
vn 0.9279 -0.3281 -0.1768
vn 0.9250 0.2042 0.3205
vn 0.8663 -0.1395 0.4796
vn 0.8177 -0.5451 0.1848
vn 0.8612 0.4534 -0.2299
vn 0.8917 0.1931 -0.4094
vn 0.8794 0.0325 -0.4750
vn 0.8243 -0.0137 -0.5660
vn 0.8511 -0.3198 0.4165
vn 0.8339 0.1168 -0.5394
vn 0.8649 0.2650 -0.4264
vn 0.6878 -0.5743 -0.4439
vn -0.3898 -0.9205 0.0261
vn 0.7943 -0.2742 -0.5421
vn 0.9848 -0.0421 0.1683
vn 0.8312 -0.2301 -0.5061
vn 0.9099 0.1319 -0.3933
vn 0.9994 -0.0345 -0.0041
vn 0.8578 -0.0703 0.5092
vn 0.8723 -0.4437 0.2054
vn 0.8893 0.4389 0.1283
vn 0.4990 0.2434 0.8317
vn 0.9148 0.1795 -0.3619
vn 0.7607 -0.5223 0.3853
vn 0.6703 -0.6863 0.2823
vn 0.2934 -0.4325 -0.8526
vn 0.2564 -0.4882 -0.8342
vn 0.5529 -0.7914 -0.2607
vn 0.5546 0.4061 0.7263
vn 0.9675 -0.1232 0.2206
vn 0.6490 0.7481 0.1382
vn 0.6725 0.5889 -0.4483
vn 0.9860 -0.1639 0.0303
vn 0.9957 -0.0108 -0.0924
vn 0.9064 0.0621 0.4179
vn 0.8800 -0.4102 0.2394
vn 0.6253 -0.7788 -0.0483
vn 0.8443 -0.4215 -0.3310
vn 0.7880 -0.3267 -0.5219
vn 0.8452 0.2219 -0.4863
vn 0.9465 0.1203 -0.2995
vn 0.9930 0.0176 0.1171
vn 0.9988 0.0492 0.0001
vn 0.8140 -0.3671 -0.4501
vn 0.8106 0.3877 0.4389
vn 0.8413 -0.2589 0.4746
vn 0.6615 -0.3144 -0.6809
vn 0.5688 -0.2972 -0.7669
vn 0.7120 0.2855 -0.6415
vn 0.9908 -0.0643 -0.1195
vn 0.9706 0.2309 -0.0673
vn 0.8715 0.1516 -0.4664
vn 0.9643 -0.1594 -0.2117
vn 0.9193 0.3932 0.0182
vn 0.8404 -0.2423 0.4848
vn 0.9122 -0.2014 -0.3569
vn 0.8506 -0.4967 -0.1725
vn 0.9288 -0.3667 -0.0527
vn 0.8116 -0.0746 0.5795
vn 0.9465 -0.2109 0.2444
vn 0.4166 -0.3848 -0.8236
vn 0.2485 -0.9637 -0.0974
vn 0.1919 -0.9705 -0.1460
vn 0.3617 -0.8067 -0.4674
vn 0.7235 -0.6896 0.0310
vn 0.8856 -0.4593 0.0691
vn 0.7213 0.5219 0.4554
vn 0.6093 0.6562 -0.4452
vn 0.7154 -0.0139 -0.6986
vn 0.8211 -0.4926 -0.2883
vn 0.9961 0.0437 -0.0765
vn 0.8902 -0.4546 -0.0296
vn 0.8514 0.3231 -0.4133
vn 0.7838 0.4260 -0.4520
vn 0.8706 0.3494 -0.3465
vn 0.8403 0.2956 -0.4544
vn 0.7529 0.2147 -0.6221
vn 0.9762 0.1169 -0.1825
vn 0.7138 -0.0282 0.6997
vn 0.8149 0.1589 0.5574
vn 0.9983 0.0546 -0.0210
vn 0.9786 0.2038 0.0285
vn 0.9971 0.0626 0.0432
vn 0.9941 0.0377 -0.1022
vn 0.7792 0.4935 0.3863
vn 0.9837 0.0965 0.1518
vn 0.5718 -0.7262 0.3817
vn 0.6539 0.1612 0.7392
vn 0.6894 0.3252 0.6472
vn 0.8893 -0.0407 0.4555
vn 0.5575 0.1298 0.8200
vn 0.8988 -0.3926 0.1948
vn 0.2573 0.4176 0.8715
vn 0.7789 0.4269 0.4595
vn 0.9548 -0.1963 -0.2232
vn 0.7239 -0.3636 -0.5863
vn 0.8927 -0.1802 -0.4130
vn 0.3532 -0.8770 0.3258
vn 0.8834 -0.1197 0.4531
vn 0.1117 -0.7942 -0.5973
vn 0.5586 -0.7674 -0.3147
vn 0.9655 -0.1931 -0.1748
vn 0.7504 -0.6410 -0.1610
vn 0.8321 -0.5370 -0.1387
vn 0.8518 -0.5088 -0.1250
vn 0.9303 -0.1848 0.3169
vn 0.7439 -0.0339 0.6674
vn 0.6847 0.0726 0.7252
vn 0.7062 0.5496 0.4464
vn 0.7764 0.3210 0.5424
vn 0.9920 0.1195 -0.0405
vn 0.8908 -0.3617 -0.2749
vn 0.8530 0.3798 -0.3578
vn 0.7635 0.6444 0.0425
vn 0.9668 -0.1315 -0.2190
vn 0.9895 0.0227 0.1424
vn 0.8745 -0.4619 0.1482
vn 0.9972 -0.0192 0.0724
vn 0.9966 0.0695 0.0434
vn 0.9950 -0.0904 -0.0419
vn 0.5320 -0.1546 0.8325
vn 0.6014 0.0023 0.7989
vn 0.9303 0.1495 0.3349
vn 0.8694 -0.4134 0.2705
vn 0.6407 -0.0845 0.7631
vn 0.5829 0.1964 0.7884
vn 0.6004 0.3131 0.7359
vn 0.4455 0.3413 0.8277
vn 0.8721 -0.0669 -0.4847
vn 0.8026 -0.2529 0.5403
vn 0.6682 0.0909 0.7385
vn 0.7316 0.6544 -0.1914
vn 0.7717 0.2551 0.5826
vn 0.7946 -0.0083 -0.6071
vn 0.7876 -0.0751 -0.6116
vn 0.7409 0.2565 0.6207
vn 0.3280 0.3430 0.8802
vn 0.3054 0.5281 0.7923
vn 0.5244 0.6054 0.5987
vn 0.2366 0.5008 0.8326
vn 0.1615 0.6856 0.7099
vn 0.2203 0.9448 0.2425
vn 0.6175 0.7547 -0.2215
vn 0.8600 0.4718 -0.1942
vn 0.5346 0.8314 0.1514
vn 0.6225 0.7630 0.1739
vn 0.6259 0.7340 0.2637
vn 0.9310 0.3648 0.0075
vn 0.5460 0.7738 0.3212
vn 0.9979 0.0147 0.0631
vn 0.9911 0.1330 -0.0088
vn 0.9866 0.1484 0.0683
vn 0.9750 -0.2131 0.0636
vn 0.6470 0.7493 0.1414
vn 0.6726 0.3544 0.6496
vn 0.6449 -0.6713 0.3653
vn 0.5384 0.2882 0.7918
vn 0.6369 -0.6829 0.3578
vn 0.7250 0.5429 0.4238
vn 0.9939 0.1102 -0.0000
vn 0.5384 0.2882 -0.7918
vn 0.7250 0.5429 -0.4238
vn 0.2846 -0.9586 -0.0000
vn 0.9366 -0.0332 0.3488
vn 0.9215 0.3044 -0.2411
vn 0.9704 -0.0905 -0.2238
vn 0.8583 -0.4665 -0.2138
vn 0.8741 0.3808 -0.3015
vn 0.9738 -0.2091 -0.0896
vn 0.9827 -0.1143 0.1459
vn 0.9231 0.2258 -0.3114
vn 0.9073 0.3577 0.2212
vn 0.3240 -0.1889 0.9270
vn 0.4123 -0.6750 0.6119
vn 0.4371 0.2352 0.8681
vn 0.5353 -0.7656 -0.3569
vn 0.8180 -0.5753 -0.0000
vn 0.2875 -0.9578 -0.0000
vn 0.5353 -0.7656 0.3569
vn 0.7453 -0.6522 -0.1383
vn 0.7822 -0.6047 0.1504
vn 0.9243 0.0421 -0.3792
vn 0.9696 -0.2447 -0.0000
vn 0.7454 -0.6522 0.1382
vn 0.2583 -0.9487 -0.1821
vn 0.2919 -0.8603 -0.4180
vn 0.1968 -0.8647 -0.4621
vn 0.1150 -0.9934 -0.0000
vn 0.1968 -0.8647 0.4621
vn 0.2920 -0.8603 0.4179
vn 0.2583 -0.9487 0.1822
vn 0.2344 -0.8897 0.3918
vn 0.2036 -0.9018 0.3811
vn 0.1802 -0.9370 0.2993
vn 0.1216 -0.8570 0.5009
vn 0.0937 -0.4051 0.9094
vn 0.3232 0.5817 0.7465
vn 0.3380 0.9362 0.0966
vn 0.1836 -0.6058 0.7741
vn 0.3428 -0.9288 0.1408
vn 0.3784 -0.8728 -0.3083
vn 0.3549 -0.9034 -0.2405
vn 0.2519 -0.8817 0.3989
vn 0.2573 -0.7082 0.6575
vn 0.2754 -0.5636 0.7788
vn 0.3180 -0.3730 0.8716
vn 0.2740 -0.3032 0.9127
vn 0.5683 -0.0714 0.8197
vn 0.6713 -0.0695 0.7379
vn 0.5711 0.0249 0.8205
vn 0.3822 -0.3088 0.8710
vn 0.1228 -0.1229 0.9848
vn 0.0986 0.1823 0.9783
vn 0.1341 0.3281 0.9351
vn 0.2454 0.0944 0.9648
vn 0.3181 -0.4302 0.8448
vn 0.2580 -0.3073 0.9160
vn 0.2037 0.1081 0.9731
vn 0.2645 0.3321 0.9054
vn 0.4959 0.6174 0.6106
vn 0.9393 0.2397 -0.2453
vn 0.2328 -0.2896 -0.9284
vn 0.1480 -0.2129 -0.9658
vn 0.3746 0.4514 -0.8099
vn 0.1739 0.7657 0.6193
vn 0.1739 0.7657 0.6192
vn 0.7410 0.2566 0.6206
vn 0.0843 0.6121 0.7863
vn 0.0908 0.6651 0.7413
vn 0.0514 0.6784 0.7329
vn 0.0508 0.9160 0.3979
vn 0.1887 0.9716 -0.1429
vn 0.2453 0.9693 0.0144
vn 0.1742 0.9374 0.3015
vn 0.1517 0.9555 0.2528
vn 0.2002 0.9460 0.2550
vn 0.1808 0.9347 0.3060
vn 0.1995 0.9307 0.3065
vn 0.2711 0.9269 0.2595
vn 0.4044 0.9132 0.0509
vn 0.5409 0.8234 -0.1714
vn 0.6072 0.7060 -0.3645
vn 0.5714 0.8151 0.0957
vn 0.4314 0.8343 0.3432
vn 0.3501 0.8327 0.4289
vn 0.1774 0.6270 0.7585
vn 0.2151 0.8723 0.4392
vn 0.2704 0.9627 -0.0000
vn 0.2151 0.8723 -0.4392
vn 0.1774 0.6270 -0.7585
vn 0.4313 0.8344 -0.3432
vn 0.3501 0.8327 -0.4289
vn 0.6726 0.3544 -0.6496
vn 0.6450 -0.6713 -0.3653
vn 0.7713 -0.6364 -0.0000
vn 0.9787 0.1706 0.1139
vn 0.8132 0.1237 0.5687
vn 0.6656 -0.3037 0.6817
vn 0.8203 -0.4978 -0.2817
vn 0.8197 0.5005 -0.2784
vn 0.8536 0.4453 -0.2702
vn 0.9728 0.1422 0.1829
vn 0.8286 -0.5599 -0.0000
vn 0.9956 -0.0938 -0.0000
vn 0.9378 0.2003 -0.2837
vn 0.2344 -0.8898 -0.3916
vn 0.2036 -0.9018 -0.3811
vn 0.9509 -0.2255 -0.2119
vn 0.9073 0.3579 -0.2208
vn 0.1834 -0.6026 -0.7767
vn 0.9827 -0.1144 -0.1459
vn 0.2749 -0.8214 -0.4997
vn 0.9738 -0.2091 0.0896
vn 0.3435 -0.9280 -0.1441
vn 0.9668 -0.1315 0.2190
vn 0.9975 0.0697 -0.0127
vn 0.7858 0.4123 0.4610
vn 0.7178 -0.6412 0.2712
vn 0.8902 -0.4546 0.0296
vn 0.9961 0.0436 0.0764
vn 0.8213 -0.4920 0.2887
vn 0.7140 -0.0113 0.7000
vn 0.9101 0.2326 0.3430
vn 0.6747 0.4375 -0.5945
vn 0.8432 0.5350 0.0532
vn 0.6470 0.7493 -0.1414
vn 0.9366 -0.0332 -0.3489
vn 0.9788 0.1706 -0.1138
vn 0.9333 0.3591 -0.0000
vn 0.8945 0.2616 0.3626
vn 0.8814 0.4536 -0.1320
vn 0.7020 0.6928 0.1648
vn 0.6302 0.4887 0.6033
vn 0.8341 0.4515 0.3168
vn 0.8631 -0.4375 -0.2522
vn 0.9728 0.1422 -0.1829
vn 0.7641 0.4723 -0.4395
vn 0.9230 0.2258 0.3114
vn 0.8379 0.3812 0.3905
vn 0.8512 0.3772 0.3648
vn 0.7847 -0.6193 0.0280
vn 0.8908 -0.3619 0.2748
vn 0.9921 0.1193 0.0383
vn 0.7766 0.3208 -0.5423
vn 0.7061 0.5496 -0.4464
vn 0.9225 0.3039 0.2378
vn 0.8132 0.1237 -0.5687
vn 0.8945 0.2616 -0.3626
vn 0.7044 -0.7098 0.0027
vn 0.7060 -0.6939 0.1417
vn 0.8341 0.4515 -0.3168
vn 0.6302 0.4887 -0.6033
vn 0.7020 0.6928 -0.1649
vn 0.8541 0.4424 0.2734
vn 0.8827 0.3597 0.3023
vn 0.9705 -0.0904 0.2237
vn 0.9971 0.0757 0.0021
vn 0.7680 -0.4085 -0.4933
vn 0.8815 0.4534 0.1319
vn 0.6797 -0.6402 -0.3579
vn 0.9372 -0.3277 -0.1192
vt 0.763999 0.799152
vt 0.747293 0.798914
vt 0.754930 0.772900
vt 0.730587 0.787219
vt 0.725098 0.823018
vt 0.735598 0.813472
vt 0.754214 0.816097
vt 0.764953 0.814188
vt 0.778318 0.811801
vt 0.790489 0.795572
vt 0.829152 0.742591
vt 0.818890 0.725169
vt 0.845858 0.737340
vt 0.827720 0.716577
vt 0.836789 0.714190
vt 0.854211 0.755717
vt 0.855166 0.736624
vt 0.863519 0.712758
vt 0.786910 0.506082
vt 0.777602 0.500593
vt 0.782136 0.487228
vt 0.772590 0.483171
vt 0.767578 0.497967
vt 0.769488 0.516105
vt 0.779273 0.534004
vt 0.751588 0.529709
vt 0.764237 0.562643
vt 0.792876 0.539016
vt 0.791205 0.572190
vt 0.808150 0.609420
vt 0.800990 0.586270
vt 0.816980 0.577917
vt 0.790967 0.590328
vt 0.794785 0.614671
vt 0.819844 0.637343
vt 0.848483 0.639252
vt 0.835118 0.659061
vt 0.868292 0.689609
vt 0.851108 0.676721
vt 0.869485 0.665504
vt 0.867098 0.635195
vt 0.879509 0.658583
vt 0.858268 0.636388
vt 0.838698 0.607988
vt 0.834402 0.567655
vt 0.812685 0.563598
vt 0.808627 0.539016
vt 0.796217 0.514912
vt 0.791205 0.481977
vt 0.772352 0.473624
vt 0.749441 0.497729
vt 0.736314 0.513719
vt 0.737030 0.545937
vt 0.760180 0.576008
vt 0.781182 0.589373
vt 0.786432 0.617296
vt 0.806241 0.645696
vt 0.822470 0.671471
vt 0.841085 0.695575
vt 0.835118 0.704644
vt 0.812923 0.718725
vt 0.810298 0.741397
vt 0.806718 0.756194
vt 0.794308 0.752137
vt 0.793831 0.771707
vt 0.806002 0.776480
vt 0.829152 0.773616
vt 0.844903 0.767172
vt 0.855166 0.781492
vt 0.866144 0.770991
vt 0.879031 0.754523
vt 0.899078 0.743545
vt 0.891203 0.722543
vt 0.909102 0.718964
vt 0.890009 0.693905
vt 0.887862 0.673619
vt 0.892873 0.649753
vt 0.880702 0.633524
vt 0.904806 0.635911
vt 0.891919 0.616580
vt 0.880702 0.611329
vt 0.884998 0.592237
vt 0.861848 0.601067
vt 0.848483 0.606079
vt 0.843710 0.565030
vt 0.830584 0.546892
vt 0.823901 0.526845
vt 0.837028 0.507514
vt 0.810298 0.491762
vt 0.816742 0.466942
vt 0.816026 0.428995
vt 0.765908 0.448088
vt 0.746577 0.459066
vt 0.739178 0.461214
vt 0.714358 0.588418
vt 0.724620 0.593191
vt 0.757555 0.621830
vt 0.797411 0.650708
vt 0.815071 0.681017
vt 0.795979 0.737101
vt 0.779989 0.754285
vt 0.725814 0.740920
vt 0.705289 0.780298
vt 0.693117 0.820870
vt 0.711494 0.832326
vt 0.698368 0.853327
vt 0.718892 0.860964
vt 0.724859 0.848793
vt 0.734644 0.849270
vt 0.742758 0.829939
vt 0.748486 0.837576
vt 0.763044 0.833042
vt 0.776647 0.819438
vt 0.791683 0.821586
vt 0.801706 0.801778
vt 0.823424 0.802255
vt 0.840130 0.796288
vt 0.856120 0.788651
vt 0.844665 0.800107
vt 0.866144 0.803209
vt 0.852540 0.803925
vt 0.863757 0.792709
vt 0.867098 0.784356
vt 0.882850 0.758581
vt 0.902181 0.766934
vt 0.912682 0.752853
vt 0.911489 0.732806
vt 0.923660 0.730658
vt 0.940843 0.719918
vt 0.929865 0.716100
vt 0.907909 0.695098
vt 0.906715 0.672426
vt 0.917694 0.656674
vt 0.922228 0.634956
vt 0.915307 0.615625
vt 0.906715 0.611568
vt 0.897408 0.581259
vt 0.872110 0.570996
vt 0.863519 0.538062
vt 0.848960 0.517776
vt 0.865905 0.470522
vt 0.843471 0.467419
vt 0.845858 0.413005
vt 0.802422 0.380548
vt 0.755646 0.410142
vt 0.736792 0.417540
vt 0.725575 0.420642
vt 0.700277 0.621830
vt 0.708392 0.628990
vt 0.735837 0.657629
vt 0.717222 0.695575
vt 0.694788 0.725407
vt 0.697413 0.779105
vt 0.686196 0.810846
vt 0.667343 0.787935
vt 0.662569 0.823734
vt 0.663285 0.834473
vt 0.677127 0.862635
vt 0.651114 0.860248
vt 0.624146 0.843065
vt 0.616509 0.860010
vt 0.648011 0.877909
vt 0.679275 0.877432
vt 0.703380 0.869795
vt 0.728200 0.870033
vt 0.745145 0.854282
vt 0.758510 0.849509
vt 0.770442 0.841872
vt 0.776647 0.840917
vt 0.783807 0.829700
vt 0.817219 0.824927
vt 0.821992 0.829462
vt 0.828913 0.835189
vt 0.862564 0.816097
vt 0.873303 0.799152
vt 0.887862 0.784356
vt 0.912205 0.773616
vt 0.926524 0.758581
vt 0.927717 0.742591
vt 0.950151 0.737817
vt 0.958743 0.734954
vt 0.965902 0.758342
vt 0.967096 0.788413
vt 0.963038 0.776003
vt 0.972823 0.772423
vt 0.978551 0.756194
vt 0.966857 0.731374
vt 0.946810 0.712043
vt 0.936786 0.699871
vt 0.929865 0.677437
vt 0.939889 0.657867
vt 0.942991 0.627797
vt 0.933445 0.604170
vt 0.917455 0.586748
vt 0.893828 0.558825
vt 0.891441 0.542119
vt 0.878793 0.481739
vt 0.867814 0.413960
vt 0.827243 0.356921
vt 0.716506 0.229478
vt 0.735598 0.220409
vt 0.728200 0.262890
vt 0.756839 0.236399
vt 0.744190 0.277210
vt 0.780227 0.270289
vt 0.762328 0.300598
vt 0.802900 0.311576
vt 0.779989 0.336635
vt 0.739656 0.366467
vt 0.723904 0.376968
vt 0.709346 0.382457
vt 0.684049 0.648798
vt 0.692402 0.657151
vt 0.678798 0.677199
vt 0.669013 0.702496
vt 0.690970 0.729703
vt 0.672832 0.764786
vt 0.651353 0.749989
vt 0.644193 0.776957
vt 0.653262 0.792231
vt 0.638704 0.815620
vt 0.634885 0.823973
vt 0.605769 0.817290
vt 0.599564 0.804403
vt 0.598848 0.815858
vt 0.597416 0.831132
vt 0.570209 0.861203
vt 0.581665 0.880534
vt 0.606485 0.901297
vt 0.642284 0.904400
vt 0.681662 0.897002
vt 0.710778 0.883398
vt 0.737030 0.875284
vt 0.754691 0.868363
vt 0.764715 0.854759
vt 0.783568 0.842826
vt 0.800752 0.836621
vt 0.809582 0.841395
vt 0.834402 0.843542
vt 0.867337 0.821347
vt 0.879986 0.805357
vt 0.895737 0.792947
vt 0.916739 0.777673
vt 0.932490 0.759774
vt 0.928672 0.748318
vt 0.949196 0.758819
vt 0.954208 0.777435
vt 0.954208 0.789129
vt 0.949674 0.798198
vt 0.954685 0.804403
vt 0.966857 0.809892
vt 0.983802 0.794856
vt 0.989768 0.772900
vt 0.991200 0.755001
vt 0.977597 0.723498
vt 0.956356 0.704406
vt 0.948958 0.692234
vt 0.959936 0.668846
vt 0.956595 0.629229
vt 0.944423 0.589134
vt 0.920796 0.561689
vt 0.917455 0.539732
vt 0.915784 0.492717
vt 0.901704 0.447372
vt 0.882134 0.409903
vt 0.853256 0.352387
vt 0.823901 0.300837
vt 0.798842 0.246184
vt 0.775693 0.211579
vt 0.748486 0.189384
vt 0.725814 0.190100
vt 0.708869 0.203226
vt 0.630589 0.110389
vt 0.646818 0.117310
vt 0.630112 0.134970
vt 0.630589 0.157643
vt 0.646102 0.152392
vt 0.656126 0.138789
vt 0.652068 0.112059
vt 0.638226 0.094160
vt 0.615077 0.098933
vt 0.410309 0.785788
vt 0.405536 0.804403
vt 0.395035 0.793186
vt 0.310312 0.725407
vt 0.279286 0.740920
vt 0.287878 0.695575
vt 0.192177 0.718725
vt 0.169982 0.704644
vt 0.190029 0.681017
vt 0.268786 0.513719
vt 0.268070 0.545937
vt 0.253512 0.529709
vt 0.240863 0.562643
vt 0.244920 0.576008
vt 0.214133 0.590328
vt 0.223918 0.589373
vt 0.210315 0.614671
vt 0.218668 0.617296
vt 0.199098 0.645696
vt 0.182630 0.671471
vt 0.207689 0.650708
vt 0.247545 0.621830
vt 0.280480 0.593191
vt 0.290742 0.588418
vt 0.265922 0.461214
vt 0.258523 0.459066
vt 0.255659 0.497729
vt 0.235612 0.516105
vt 0.237522 0.497967
vt 0.218190 0.506082
vt 0.222963 0.487228
vt 0.227498 0.500593
vt 0.232510 0.483171
vt 0.225827 0.534004
vt 0.212224 0.539016
vt 0.213894 0.572190
vt 0.204348 0.586270
vt 0.188120 0.577917
vt 0.196950 0.609420
vt 0.185256 0.637343
vt 0.156617 0.639252
vt 0.169982 0.659061
vt 0.153992 0.676721
vt 0.164015 0.695575
vt 0.168311 0.714190
vt 0.177380 0.716577
vt 0.186210 0.725169
vt 0.194802 0.741397
vt 0.209121 0.737101
vt 0.269263 0.657629
vt 0.296947 0.628990
vt 0.304823 0.621830
vt 0.279525 0.420642
vt 0.268308 0.417540
vt 0.239192 0.448088
vt 0.232748 0.473624
vt 0.213894 0.481977
vt 0.208883 0.514912
vt 0.196473 0.539016
vt 0.192415 0.563598
vt 0.170698 0.567655
vt 0.166402 0.607988
vt 0.146832 0.636388
vt 0.138002 0.635195
vt 0.125591 0.658583
vt 0.135615 0.665504
vt 0.136808 0.689609
vt 0.141581 0.712758
vt 0.149934 0.736624
vt 0.150889 0.755717
vt 0.159242 0.737340
vt 0.176187 0.742591
vt 0.198382 0.756194
vt 0.210792 0.752137
vt 0.211508 0.771707
vt 0.225111 0.754285
vt 0.250170 0.772900
vt 0.241101 0.799152
vt 0.257807 0.798914
vt 0.274513 0.787219
vt 0.299811 0.780298
vt 0.307687 0.779105
vt 0.318904 0.810846
vt 0.337757 0.787935
vt 0.342531 0.823734
vt 0.366396 0.815620
vt 0.351838 0.792231
vt 0.360907 0.776957
vt 0.353747 0.749989
vt 0.332268 0.764786
vt 0.314130 0.729703
vt 0.336087 0.702496
vt 0.326541 0.677199
vt 0.312698 0.657151
vt 0.321051 0.648798
vt 0.295754 0.382457
vt 0.281196 0.376968
vt 0.265444 0.366467
vt 0.249454 0.410142
vt 0.189074 0.428995
vt 0.188358 0.466942
vt 0.194802 0.491762
vt 0.168072 0.507514
vt 0.181437 0.526845
vt 0.174755 0.546892
vt 0.161390 0.565030
vt 0.156617 0.606079
vt 0.143252 0.601067
vt 0.120102 0.592237
vt 0.124637 0.611329
vt 0.124398 0.633524
vt 0.113181 0.616580
vt 0.100294 0.635911
vt 0.112227 0.649753
vt 0.117238 0.673619
vt 0.115329 0.693905
vt 0.095998 0.718964
vt 0.113897 0.722543
vt 0.106022 0.743545
vt 0.126069 0.754523
vt 0.138956 0.770991
vt 0.149934 0.781492
vt 0.160197 0.767172
vt 0.175948 0.773616
vt 0.199098 0.776480
vt 0.214610 0.795572
vt 0.226782 0.811801
vt 0.240385 0.814188
vt 0.250886 0.816097
vt 0.269502 0.813472
vt 0.280002 0.823018
vt 0.293606 0.832326
vt 0.311982 0.820870
vt 0.341815 0.834473
vt 0.370215 0.823973
vt 0.381909 0.786026
vt 0.374988 0.755955
vt 0.353747 0.740681
vt 0.358282 0.697007
vt 0.336803 0.665504
vt 0.317472 0.347852
vt 0.306016 0.340215
vt 0.288833 0.325418
vt 0.260910 0.277210
vt 0.242772 0.300598
vt 0.225111 0.336635
vt 0.202678 0.380548
vt 0.159242 0.413005
vt 0.161629 0.467419
vt 0.139195 0.470522
vt 0.156140 0.517776
vt 0.141581 0.538062
vt 0.132990 0.570996
vt 0.107692 0.581259
vt 0.098385 0.611568
vt 0.089793 0.615625
vt 0.082872 0.634956
vt 0.087406 0.656674
vt 0.098385 0.672426
vt 0.097191 0.695098
vt 0.075235 0.716100
vt 0.064257 0.719918
vt 0.081440 0.730658
vt 0.093611 0.732806
vt 0.092418 0.752853
vt 0.102919 0.766934
vt 0.122250 0.758581
vt 0.138002 0.784356
vt 0.141581 0.792709
vt 0.148980 0.788651
vt 0.138956 0.803209
vt 0.152560 0.803925
vt 0.160435 0.800107
vt 0.164970 0.796288
vt 0.181676 0.802255
vt 0.203394 0.801778
vt 0.213417 0.821586
vt 0.228453 0.819438
vt 0.242056 0.833042
vt 0.256614 0.837576
vt 0.262342 0.829939
vt 0.270456 0.849270
vt 0.280241 0.848793
vt 0.286208 0.860964
vt 0.306732 0.853327
vt 0.327973 0.862635
vt 0.353986 0.860248
vt 0.380954 0.843065
vt 0.399331 0.817290
vt 0.406252 0.815858
vt 0.418423 0.825166
vt 0.415798 0.809892
vt 0.415798 0.793663
vt 0.422481 0.779821
vt 0.404343 0.771945
vt 0.384534 0.749512
vt 0.384773 0.702974
vt 0.358521 0.659299
vt 0.342769 0.317304
vt 0.333223 0.305133
vt 0.309835 0.277210
vt 0.276900 0.262890
vt 0.311744 0.234013
vt 0.288594 0.229478
vt 0.269502 0.220409
vt 0.248261 0.236399
vt 0.224873 0.270289
vt 0.202200 0.311576
vt 0.177857 0.356921
vt 0.137286 0.413960
vt 0.126546 0.481739
vt 0.113659 0.542119
vt 0.111272 0.558825
vt 0.087645 0.586748
vt 0.071655 0.604170
vt 0.062109 0.627797
vt 0.065211 0.657867
vt 0.075235 0.677437
vt 0.068314 0.699871
vt 0.058290 0.712043
vt 0.046357 0.734954
vt 0.038243 0.731374
vt 0.026787 0.756194
vt 0.038004 0.788413
vt 0.032277 0.772423
vt 0.042062 0.776003
vt 0.039198 0.758342
vt 0.054949 0.737817
vt 0.077383 0.742591
vt 0.078576 0.758581
vt 0.092895 0.773616
vt 0.117238 0.784356
vt 0.131797 0.799152
vt 0.142536 0.816097
vt 0.176187 0.835189
vt 0.183108 0.829462
vt 0.187881 0.824927
vt 0.221293 0.829700
vt 0.228453 0.840917
vt 0.234658 0.841872
vt 0.246590 0.849509
vt 0.259955 0.854282
vt 0.276900 0.870033
vt 0.301720 0.869795
vt 0.325825 0.877432
vt 0.357089 0.877909
vt 0.388591 0.860010
vt 0.407684 0.831132
vt 0.435607 0.843065
vt 0.460188 0.849509
vt 0.472837 0.860726
vt 0.470451 0.870272
vt 0.486679 0.867885
vt 0.484770 0.877193
vt 0.502669 0.875761
vt 0.534649 0.870272
vt 0.520330 0.877193
vt 0.518421 0.867885
vt 0.502669 0.861203
vt 0.485486 0.856191
vt 0.466871 0.841633
vt 0.450403 0.797004
vt 0.430595 0.790561
vt 0.420810 0.755955
vt 0.408400 0.725885
vt 0.401240 0.661447
vt 0.376181 0.289381
vt 0.367828 0.274823
vt 0.351600 0.252151
vt 0.340621 0.228524
vt 0.368306 0.204419
vt 0.389307 0.224228
vt 0.386921 0.166712
vt 0.358282 0.117310
vt 0.374511 0.110389
vt 0.374988 0.134970
vt 0.394796 0.124231
vt 0.516989 0.060987
vt 0.502669 0.075306
vt 0.502669 0.045235
vt 0.488111 0.060987
vt 0.479281 0.100604
vt 0.422719 0.113968
vt 0.454461 0.109434
vt 0.457802 0.139982
vt 0.480713 0.143800
vt 0.502669 0.124469
vt 0.525819 0.100604
vt 0.550878 0.109434
vt 0.563765 0.070294
vt 0.543241 0.063612
vt 0.527728 0.043326
vt 0.502669 0.030916
vt 0.477372 0.043326
vt 0.461859 0.063612
vt 0.441335 0.070294
vt 0.411025 0.093921
vt 0.402911 0.101797
vt 0.390023 0.098933
vt 0.366874 0.094160
vt 0.353270 0.112059
vt 0.348974 0.138789
vt 0.358998 0.152392
vt 0.374511 0.157643
vt 0.360191 0.189623
vt 0.340383 0.205851
vt 0.315801 0.207045
vt 0.296231 0.203226
vt 0.279286 0.190100
vt 0.256614 0.189384
vt 0.229407 0.211579
vt 0.206257 0.246184
vt 0.181198 0.300837
vt 0.151844 0.352387
vt 0.122966 0.409903
vt 0.103396 0.447372
vt 0.089316 0.492717
vt 0.087645 0.539732
vt 0.084304 0.561689
vt 0.060677 0.589134
vt 0.048505 0.629229
vt 0.045164 0.668846
vt 0.056381 0.692234
vt 0.048744 0.704406
vt 0.027503 0.723498
vt 0.013900 0.755001
vt 0.015332 0.772900
vt 0.021298 0.794856
vt 0.038243 0.809892
vt 0.050415 0.804403
vt 0.055426 0.798198
vt 0.050892 0.789129
vt 0.050892 0.777435
vt 0.055904 0.758819
vt 0.076428 0.748318
vt 0.072610 0.759774
vt 0.088361 0.777673
vt 0.109363 0.792947
vt 0.125353 0.805357
vt 0.137763 0.821347
vt 0.170698 0.843542
vt 0.195518 0.841395
vt 0.204587 0.836621
vt 0.221770 0.842826
vt 0.240385 0.854759
vt 0.250409 0.868363
vt 0.268070 0.875284
vt 0.294322 0.883398
vt 0.323438 0.897002
vt 0.362816 0.904400
vt 0.398615 0.901297
vt 0.423435 0.880534
vt 0.434891 0.861203
vt 0.442289 0.864306
vt 0.452551 0.861919
vt 0.460188 0.876716
vt 0.469973 0.893422
vt 0.502669 0.899388
vt 0.535127 0.893422
vt 0.544912 0.876716
vt 0.562811 0.864306
vt 0.552787 0.861919
vt 0.544912 0.849509
vt 0.532263 0.860726
vt 0.519614 0.856191
vt 0.502669 0.845690
vt 0.502669 0.831610
vt 0.490021 0.835428
vt 0.467109 0.783401
vt 0.468064 0.746886
vt 0.453506 0.751182
vt 0.445392 0.706315
vt 0.438232 0.688654
vt 0.412218 0.258356
vt 0.406252 0.246900
vt 0.415560 0.181986
vt 0.460666 0.184372
vt 0.478326 0.186520
vt 0.502669 0.189623
vt 0.487395 0.192248
vt 0.502669 0.179838
vt 0.524626 0.143800
vt 0.547298 0.139982
vt 0.582619 0.113968
vt 0.594075 0.093921
vt 0.602189 0.101797
vt 0.610304 0.124231
vt 0.618179 0.166712
vt 0.644909 0.189623
vt 0.636795 0.204419
vt 0.664717 0.205851
vt 0.664479 0.228524
vt 0.689299 0.207045
vt 0.693356 0.234013
vt 0.695265 0.277210
vt 0.716267 0.325418
vt 0.699084 0.340215
vt 0.687628 0.347852
vt 0.668297 0.665504
vt 0.646818 0.697007
vt 0.651353 0.740681
vt 0.630112 0.755955
vt 0.623191 0.786026
vt 0.610065 0.793186
vt 0.594791 0.785788
vt 0.589302 0.793663
vt 0.589302 0.809892
vt 0.586677 0.825166
vt 0.569493 0.843065
vt 0.538229 0.841633
vt 0.515079 0.835428
vt 0.502669 0.786265
vt 0.491930 0.784117
vt 0.484770 0.741159
vt 0.472599 0.703928
vt 0.461143 0.686745
vt 0.449688 0.247378
vt 0.451358 0.227330
vt 0.468064 0.202987
vt 0.487634 0.202510
vt 0.502669 0.201794
vt 0.517705 0.192248
vt 0.526774 0.186520
vt 0.544673 0.184372
vt 0.589779 0.181986
vt 0.615793 0.224228
vt 0.653500 0.252151
vt 0.671877 0.305133
vt 0.662331 0.317304
vt 0.646579 0.659299
vt 0.620327 0.702974
vt 0.620566 0.749512
vt 0.600757 0.771945
vt 0.582619 0.779821
vt 0.574505 0.790561
vt 0.554697 0.797004
vt 0.537991 0.783401
vt 0.513409 0.784117
vt 0.502669 0.742352
vt 0.502669 0.693905
vt 0.490736 0.696769
vt 0.479281 0.671232
vt 0.467348 0.247855
vt 0.502669 0.246662
vt 0.517466 0.202510
vt 0.537036 0.202987
vt 0.553742 0.227330
vt 0.598848 0.246900
vt 0.637272 0.274823
vt 0.628919 0.289381
vt 0.603860 0.661447
vt 0.596700 0.725885
vt 0.584290 0.755955
vt 0.551594 0.751182
vt 0.537036 0.746886
vt 0.520330 0.741159
vt 0.514363 0.696769
vt 0.502669 0.666220
vt 0.537991 0.247855
vt 0.555412 0.247378
vt 0.592882 0.258356
vt 0.566868 0.688654
vt 0.559708 0.706315
vt 0.532740 0.703928
vt 0.525819 0.671232
vt 0.543957 0.686745
s 1
usemtl Ornament.001
f 1/1/1 2/2/2 3/3/3
f 3/3/3 2/2/2 4/4/4
f 5/5/5 4/4/4 6/6/6
f 4/4/4 2/2/2 6/6/6
f 6/6/6 2/2/2 7/7/7
f 2/2/2 1/1/1 7/7/7
f 7/7/7 1/1/1 8/8/8
f 8/8/8 1/1/1 9/9/9
f 9/9/9 1/1/1 10/10/10
f 1/1/1 3/3/3 10/10/10
f 11/11/11 12/12/12 13/13/13
f 12/12/12 14/14/14 13/13/13
f 14/14/14 15/15/15 13/13/13
f 16/16/16 13/13/13 17/17/17
f 13/13/13 15/15/15 17/17/17
f 17/17/17 15/15/15 18/18/18
f 19/19/19 20/20/20 21/21/21
f 21/21/21 20/20/20 22/22/22
f 22/22/22 20/20/20 23/23/23
f 23/23/23 20/20/20 24/24/24
f 20/20/20 25/25/25 24/24/24
f 24/24/24 25/25/25 26/26/26
f 26/26/26 25/25/25 27/27/27
f 25/25/25 28/28/28 27/27/27
f 27/27/27 28/28/28 29/29/29
f 30/30/30 31/31/31 32/32/32
f 32/32/32 31/31/31 29/29/29
f 29/29/29 31/31/31 33/33/33
f 31/31/31 30/30/30 33/33/33
f 33/33/33 30/30/30 34/34/34
f 34/34/34 30/30/30 35/35/35
f 35/35/35 36/36/36 37/37/37
f 38/38/38 39/39/39 40/40/40
f 39/39/39 37/37/37 40/40/40
f 37/37/37 36/36/36 40/40/40
f 41/41/41 42/42/42 43/43/43
f 42/42/42 40/40/40 43/43/43
f 40/40/40 36/36/36 43/43/43
f 43/43/43 36/36/36 44/44/44
f 36/36/36 35/35/35 44/44/44
f 35/35/35 30/30/30 44/44/44
f 30/30/30 32/32/32 44/44/44
f 44/44/44 32/32/32 45/45/45
f 45/45/45 32/32/32 46/46/46
f 32/32/32 29/29/29 46/46/46
f 29/29/29 28/28/28 46/46/46
f 46/46/46 28/28/28 47/47/47
f 47/47/47 28/28/28 48/48/48
f 28/28/28 25/25/25 48/48/48
f 25/25/25 20/20/20 48/48/48
f 20/20/20 19/19/19 48/48/48
f 48/48/48 19/19/19 49/49/49
f 19/19/19 21/21/21 49/49/49
f 49/49/49 21/21/21 50/50/50
f 21/21/21 22/22/22 50/50/50
f 22/22/22 23/23/23 50/50/50
f 50/50/50 23/23/23 51/51/51
f 23/23/23 24/24/24 51/51/51
f 24/24/24 26/26/26 51/51/51
f 51/51/51 26/26/26 52/52/52
f 52/52/52 26/26/26 53/53/53
f 26/26/26 27/27/27 53/53/53
f 53/53/53 27/27/27 54/54/54
f 27/27/27 29/29/29 54/54/54
f 54/54/54 29/29/29 55/55/55
f 29/29/29 33/33/33 55/55/55
f 33/33/33 34/34/34 55/55/55
f 55/55/55 34/34/34 56/56/56
f 56/56/56 34/34/34 57/57/57
f 34/34/34 35/35/35 57/57/57
f 35/35/35 37/37/37 57/57/57
f 57/57/57 37/37/37 58/58/58
f 37/37/37 39/39/39 58/58/58
f 58/58/58 39/39/39 59/59/59
f 39/39/39 38/38/38 59/59/59
f 38/38/38 18/18/18 59/59/59
f 18/18/18 15/15/15 59/59/59
f 59/59/59 15/15/15 60/60/60
f 60/60/60 15/15/15 61/61/61
f 15/15/15 14/14/14 61/61/61
f 14/14/14 12/12/12 61/61/61
f 61/61/61 12/12/12 62/62/62
f 12/12/12 11/11/11 62/62/62
f 62/62/62 11/11/11 63/63/63
f 64/64/64 63/63/63 65/65/65
f 10/10/10 65/65/65 66/66/66
f 65/65/65 63/63/63 66/66/66
f 66/66/66 63/63/63 67/67/67
f 63/63/63 11/11/11 67/67/67
f 67/67/67 11/11/11 68/68/68
f 11/11/11 13/13/13 68/68/68
f 13/13/13 16/16/16 68/68/68
f 68/68/68 16/16/16 69/69/69
f 69/69/69 16/16/16 70/70/70
f 70/70/70 16/16/16 71/71/71
f 16/16/16 17/17/17 71/71/71
f 72/72/72 71/71/71 73/73/73
f 71/71/71 17/17/17 73/73/73
f 17/17/17 18/18/18 73/73/73
f 74/74/74 73/73/73 75/75/75
f 73/73/73 18/18/18 75/75/75
f 18/18/18 38/38/38 75/75/75
f 75/75/75 38/38/38 76/76/76
f 38/38/38 40/40/40 76/76/76
f 40/40/40 42/42/42 76/76/76
f 76/76/76 42/42/42 77/77/77
f 42/42/42 41/41/41 77/77/77
f 41/41/41 78/78/78 77/77/77
f 77/77/77 78/78/78 79/79/79
f 79/79/79 78/78/78 80/80/80
f 80/80/80 78/78/78 81/81/81
f 78/78/78 41/41/41 81/81/81
f 82/82/82 81/81/81 83/83/83
f 81/81/81 41/41/41 83/83/83
f 83/83/83 41/41/41 84/84/84
f 41/41/41 43/43/43 84/84/84
f 43/43/43 44/44/44 84/84/84
f 44/44/44 45/45/45 84/84/84
f 84/84/84 45/45/45 85/85/85
f 85/85/85 45/45/45 86/86/86
f 45/45/45 46/46/46 86/86/86
f 46/46/46 47/47/47 86/86/86
f 86/86/86 47/47/47 87/87/87
f 47/47/47 48/48/48 87/87/87
f 88/88/88 87/87/87 89/89/89
f 87/87/87 48/48/48 89/89/89
f 48/48/48 49/49/49 89/89/89
f 89/89/89 49/49/49 90/90/90
f 49/49/49 50/50/50 90/90/90
f 91/91/91 90/90/90 92/92/92
f 90/90/90 50/50/50 92/92/92
f 92/92/92 50/50/50 93/93/93
f 50/50/50 51/51/51 93/93/93
f 51/51/51 52/52/52 93/93/93
f 93/93/93 52/52/52 94/94/94
f 94/94/94 52/52/52 95/95/95
f 52/52/52 53/53/53 95/95/95
f 95/95/95 53/53/53 96/96/96
f 53/53/53 54/54/54 96/96/96
f 96/96/96 54/54/54 97/97/97
f 54/54/54 55/55/55 97/97/97
f 55/55/55 56/56/56 97/97/97
f 97/97/97 56/56/56 98/98/98
f 56/56/56 57/57/57 98/98/98
f 57/57/57 58/58/58 98/98/98
f 98/98/98 58/58/58 99/99/99
f 58/58/58 59/59/59 99/99/99
f 59/59/59 60/60/60 99/99/99
f 60/60/60 61/61/61 99/99/99
f 99/99/99 61/61/61 100/100/100
f 61/61/61 62/62/62 100/100/100
f 62/62/62 63/63/63 100/100/100
f 63/63/63 64/64/64 100/100/100
f 100/100/100 64/64/64 101/101/101
f 64/64/64 65/65/65 101/101/101
f 65/65/65 10/10/10 101/101/101
f 10/10/10 3/3/3 101/101/101
f 101/101/101 3/3/3 102/102/102
f 3/3/3 4/4/4 102/102/102
f 102/102/102 4/4/4 103/103/103
f 4/4/4 5/5/5 103/103/103
f 103/103/103 5/5/5 104/104/104
f 5/5/5 105/105/105 104/104/104
f 104/104/104 105/105/105 106/106/106
f 106/106/106 105/105/105 107/107/107
f 107/107/107 105/105/105 108/108/108
f 105/105/105 5/5/5 108/108/108
f 108/108/108 5/5/5 109/109/109
f 109/109/109 5/5/5 110/110/110
f 5/5/5 6/6/6 110/110/110
f 6/6/6 7/7/7 110/110/110
f 110/110/110 7/7/7 111/111/111
f 111/111/111 7/7/7 112/112/112
f 7/7/7 8/8/8 112/112/112
f 112/112/112 8/8/8 113/113/113
f 8/8/8 9/9/9 113/113/113
f 113/113/113 9/9/9 114/114/114
f 9/9/9 10/10/10 114/114/114
f 114/114/114 10/10/10 115/115/115
f 10/10/10 66/66/66 115/115/115
f 115/115/115 66/66/66 116/116/116
f 66/66/66 67/67/67 116/116/116
f 116/116/116 67/67/67 117/117/117
f 67/67/67 68/68/68 117/117/117
f 68/68/68 69/69/69 117/117/117
f 69/69/69 118/118/118 117/117/117
f 117/117/117 118/118/118 119/119/119
f 120/120/120 121/121/121 122/122/122
f 121/121/121 119/119/119 122/122/122
f 119/119/119 118/118/118 122/122/122
f 118/118/118 69/69/69 122/122/122
f 122/122/122 69/69/69 123/123/123
f 69/69/69 70/70/70 123/123/123
f 123/123/123 70/70/70 124/124/124
f 70/70/70 71/71/71 124/124/124
f 71/71/71 72/72/72 124/124/124
f 125/125/125 124/124/124 126/126/126
f 124/124/124 72/72/72 126/126/126
f 126/126/126 72/72/72 127/127/127
f 72/72/72 73/73/73 127/127/127
f 73/73/73 74/74/74 127/127/127
f 127/127/127 74/74/74 128/128/128
f 129/129/129 128/128/128 130/130/130
f 128/128/128 74/74/74 130/130/130
f 130/130/130 74/74/74 131/131/131
f 74/74/74 75/75/75 131/131/131
f 75/75/75 76/76/76 131/131/131
f 131/131/131 76/76/76 132/132/132
f 76/76/76 77/77/77 132/132/132
f 132/132/132 77/77/77 133/133/133
f 77/77/77 79/79/79 133/133/133
f 133/133/133 79/79/79 134/134/134
f 134/134/134 79/79/79 135/135/135
f 135/135/135 79/79/79 136/136/136
f 79/79/79 80/80/80 136/136/136
f 80/80/80 81/81/81 136/136/136
f 81/81/81 82/82/82 136/136/136
f 136/136/136 82/82/82 137/137/137
f 137/137/137 82/82/82 138/138/138
f 82/82/82 83/83/83 138/138/138
f 83/83/83 84/84/84 138/138/138
f 84/84/84 85/85/85 138/138/138
f 138/138/138 85/85/85 139/139/139
f 85/85/85 86/86/86 139/139/139
f 139/139/139 86/86/86 140/140/140
f 86/86/86 87/87/87 140/140/140
f 87/87/87 88/88/88 140/140/140
f 140/140/140 88/88/88 141/141/141
f 141/141/141 88/88/88 142/142/142
f 88/88/88 89/89/89 142/142/142
f 89/89/89 90/90/90 142/142/142
f 90/90/90 91/91/91 142/142/142
f 142/142/142 91/91/91 143/143/143
f 143/143/143 91/91/91 144/144/144
f 144/144/144 91/91/91 145/145/145
f 91/91/91 92/92/92 145/145/145
f 145/145/145 92/92/92 146/146/146
f 92/92/92 93/93/93 146/146/146
f 93/93/93 94/94/94 146/146/146
f 146/146/146 94/94/94 147/147/147
f 147/147/147 94/94/94 148/148/148
f 94/94/94 95/95/95 148/148/148
f 148/148/148 95/95/95 149/149/149
f 95/95/95 96/96/96 149/149/149
f 96/96/96 97/97/97 149/149/149
f 149/149/149 97/97/97 150/150/150
f 97/97/97 98/98/98 150/150/150
f 98/98/98 99/99/99 150/150/150
f 99/99/99 100/100/100 150/150/150
f 150/150/150 100/100/100 151/151/151
f 100/100/100 101/101/101 151/151/151
f 101/101/101 102/102/102 151/151/151
f 151/151/151 102/102/102 152/152/152
f 102/102/102 103/103/103 152/152/152
f 152/152/152 103/103/103 153/153/153
f 103/103/103 104/104/104 153/153/153
f 153/153/153 104/104/104 154/154/154
f 155/155/155 154/154/154 156/156/156
f 156/156/156 154/154/154 157/157/157
f 154/154/154 104/104/104 157/157/157
f 104/104/104 106/106/106 157/157/157
f 106/106/106 158/158/158 157/157/157
f 157/157/157 158/158/158 159/159/159
f 160/160/160 159/159/159 161/161/161
f 161/161/161 159/159/159 162/162/162
f 162/162/162 159/159/159 163/163/163
f 159/159/159 158/158/158 163/163/163
f 163/163/163 158/158/158 164/164/164
f 158/158/158 106/106/106 164/164/164
f 106/106/106 107/107/107 164/164/164
f 164/164/164 107/107/107 165/165/165
f 107/107/107 108/108/108 165/165/165
f 108/108/108 109/109/109 165/165/165
f 165/165/165 109/109/109 166/166/166
f 109/109/109 110/110/110 166/166/166
f 110/110/110 111/111/111 166/166/166
f 166/166/166 111/111/111 167/167/167
f 111/111/111 112/112/112 167/167/167
f 167/167/167 112/112/112 168/168/168
f 112/112/112 113/113/113 168/168/168
f 169/169/169 168/168/168 170/170/170
f 168/168/168 113/113/113 170/170/170
f 113/113/113 114/114/114 170/170/170
f 170/170/170 114/114/114 171/171/171
f 114/114/114 115/115/115 171/171/171
f 115/115/115 116/116/116 171/171/171
f 116/116/116 117/117/117 171/171/171
f 117/117/117 119/119/119 171/171/171
f 171/171/171 119/119/119 172/172/172
f 119/119/119 121/121/121 172/172/172
f 172/172/172 121/121/121 173/173/173
f 173/173/173 121/121/121 174/174/174
f 121/121/121 120/120/120 174/174/174
f 174/174/174 120/120/120 175/175/175
f 120/120/120 122/122/122 175/175/175
f 122/122/122 123/123/123 175/175/175
f 175/175/175 123/123/123 176/176/176
f 123/123/123 124/124/124 176/176/176
f 124/124/124 125/125/125 176/176/176
f 176/176/176 125/125/125 177/177/177
f 177/177/177 125/125/125 178/178/178
f 125/125/125 126/126/126 178/178/178
f 126/126/126 127/127/127 178/178/178
f 127/127/127 128/128/128 178/178/178
f 178/178/178 128/128/128 180/179/179
f 180/179/179 128/128/128 181/180/180
f 128/128/128 129/129/129 181/180/180
f 129/129/129 182/181/181 181/180/180
f 181/180/180 182/181/181 183/182/182
f 184/183/183 185/184/184 186/185/185
f 185/184/184 183/182/182 186/185/185
f 186/185/185 183/182/182 187/186/186
f 183/182/182 182/181/181 187/186/186
f 187/186/186 182/181/181 188/187/187
f 188/187/187 182/181/181 189/188/188
f 182/181/181 129/129/129 189/188/188
f 189/188/188 129/129/129 190/189/189
f 129/129/129 130/130/130 190/189/189
f 130/130/130 131/131/131 190/189/189
f 190/189/189 131/131/131 191/190/190
f 131/131/131 132/132/132 191/190/190
f 132/132/132 133/133/133 191/190/190
f 191/190/190 133/133/133 192/191/191
f 133/133/133 134/134/134 192/191/191
f 192/191/191 134/134/134 193/192/192
f 134/134/134 135/135/135 193/192/192
f 193/192/192 135/135/135 194/193/193
f 194/193/193 135/135/135 195/194/194
f 135/135/135 136/136/136 195/194/194
f 136/136/136 137/137/137 195/194/194
f 195/194/194 137/137/137 196/195/195
f 137/137/137 138/138/138 196/195/195
f 138/138/138 139/139/139 196/195/195
f 196/195/195 139/139/139 197/196/196
f 197/196/196 139/139/139 198/197/197
f 139/139/139 140/140/140 198/197/197
f 140/140/140 141/141/141 198/197/197
f 198/197/197 141/141/141 199/198/198
f 141/141/141 142/142/142 199/198/198
f 142/142/142 143/143/143 199/198/198
f 199/198/198 143/143/143 200/199/199
f 143/143/143 144/144/144 200/199/199
f 201/200/200 202/201/201 203/202/202
f 202/201/201 204/203/203 203/202/202
f 203/202/202 204/203/203 205/204/204
f 204/203/203 206/205/205 205/204/204
f 205/204/204 206/205/205 207/206/206
f 206/205/205 208/207/207 207/206/206
f 207/206/206 208/207/207 209/208/208
f 208/207/207 200/199/199 209/208/208
f 200/199/199 144/144/144 209/208/208
f 209/208/208 144/144/144 210/209/209
f 144/144/144 145/145/145 210/209/209
f 210/209/209 145/145/145 211/210/210
f 145/145/145 146/146/146 211/210/210
f 146/146/146 147/147/147 211/210/210
f 211/210/210 147/147/147 212/211/211
f 212/211/211 147/147/147 213/212/212
f 147/147/147 148/148/148 213/212/212
f 148/148/148 149/149/149 213/212/212
f 213/212/212 149/149/149 214/213/213
f 149/149/149 150/150/150 214/213/213
f 150/150/150 151/151/151 214/213/213
f 214/213/213 151/151/151 215/214/214
f 151/151/151 152/152/152 215/214/214
f 215/214/214 152/152/152 216/215/215
f 216/215/215 152/152/152 217/216/216
f 152/152/152 153/153/153 217/216/216
f 217/216/216 153/153/153 218/217/217
f 153/153/153 154/154/154 218/217/217
f 154/154/154 155/155/155 218/217/217
f 219/218/218 218/217/217 220/219/219
f 218/217/217 155/155/155 220/219/219
f 220/219/219 155/155/155 221/220/220
f 155/155/155 156/156/156 221/220/220
f 221/220/220 156/156/156 222/221/221
f 222/221/221 156/156/156 223/222/222
f 156/156/156 157/157/157 223/222/222
f 157/157/157 159/159/159 223/222/222
f 159/159/159 160/160/160 223/222/222
f 223/222/222 160/160/160 224/223/223
f 160/160/160 161/161/161 224/223/223
f 225/224/224 224/223/223 226/225/225
f 226/225/225 224/223/223 227/226/226
f 224/223/223 161/161/161 227/226/226
f 228/227/227 227/226/226 229/228/228
f 227/226/226 161/161/161 229/228/228
f 229/228/228 161/161/161 230/229/229
f 230/229/229 161/161/161 231/230/230
f 161/161/161 162/162/162 231/230/230
f 231/230/230 162/162/162 232/231/231
f 162/162/162 163/163/163 232/231/231
f 232/231/231 163/163/163 233/232/232
f 163/163/163 164/164/164 233/232/232
f 164/164/164 165/165/165 233/232/232
f 233/232/232 165/165/165 234/233/233
f 165/165/165 166/166/166 234/233/233
f 234/233/233 166/166/166 235/234/234
f 166/166/166 167/167/167 235/234/234
f 235/234/234 167/167/167 236/235/235
f 167/167/167 168/168/168 236/235/235
f 168/168/168 169/169/169 236/235/235
f 236/235/235 169/169/169 237/236/236
f 169/169/169 170/170/170 237/236/236
f 237/236/236 170/170/170 238/237/237
f 170/170/170 171/171/171 238/237/237
f 171/171/171 172/172/172 238/237/237
f 238/237/237 172/172/172 239/238/238
f 172/172/172 173/173/173 239/238/238
f 239/238/238 173/173/173 240/239/239
f 173/173/173 174/174/174 240/239/239
f 240/239/239 174/174/174 241/240/240
f 174/174/174 175/175/175 241/240/240
f 241/240/240 175/175/175 242/241/241
f 242/241/241 175/175/175 243/242/242
f 175/175/175 176/176/176 243/242/242
f 176/176/176 177/177/177 243/242/242
f 243/242/242 177/177/177 244/243/243
f 177/177/177 178/178/178 244/243/243
f 244/243/243 178/178/178 246/244/244
f 178/178/178 180/179/179 246/244/244
f 245/244/245 179/179/179 248/245/246
f 247/245/247 180/179/179 249/246/248
f 180/179/179 181/180/180 249/246/248
f 181/180/180 183/182/182 249/246/248
f 249/246/248 183/182/182 250/247/249
f 183/182/182 185/184/184 250/247/249
f 185/184/184 184/183/183 250/247/249
f 250/247/249 184/183/183 251/248/250
f 252/249/251 251/248/250 253/250/252
f 251/248/250 184/183/183 253/250/252
f 254/251/253 253/250/252 255/252/254
f 253/250/252 184/183/183 255/252/254
f 255/252/254 184/183/183 256/253/255
f 184/183/183 186/185/185 256/253/255
f 186/185/185 187/186/186 256/253/255
f 256/253/255 187/186/186 257/254/256
f 187/186/186 188/187/187 257/254/256
f 257/254/256 188/187/187 258/255/257
f 258/255/257 188/187/187 259/256/258
f 188/187/187 189/188/188 259/256/258
f 189/188/188 190/189/189 259/256/258
f 259/256/258 190/189/189 260/257/259
f 190/189/189 191/190/190 260/257/259
f 260/257/259 191/190/190 261/258/260
f 191/190/190 192/191/191 261/258/260
f 261/258/260 192/191/191 262/259/261
f 192/191/191 193/192/192 262/259/261
f 262/259/261 193/192/192 263/260/262
f 193/192/192 194/193/193 263/260/262
f 194/193/193 195/194/194 263/260/262
f 263/260/262 195/194/194 264/261/263
f 195/194/194 196/195/195 264/261/263
f 264/261/263 196/195/195 265/262/264
f 196/195/195 197/196/196 265/262/264
f 265/262/264 197/196/196 266/263/265
f 197/196/196 198/197/197 266/263/265
f 266/263/265 198/197/197 267/264/266
f 198/197/197 199/198/198 267/264/266
f 267/264/266 199/198/198 268/265/267
f 268/265/267 199/198/198 269/266/268
f 199/198/198 200/199/199 269/266/268
f 269/266/268 200/199/199 270/267/269
f 200/199/199 208/207/207 270/267/269
f 208/207/207 206/205/205 270/267/269
f 270/267/269 206/205/205 271/268/270
f 206/205/205 204/203/203 271/268/270
f 271/268/270 204/203/203 272/269/271
f 204/203/203 202/201/201 272/269/271
f 272/269/271 202/201/201 273/270/272
f 273/270/272 202/201/201 274/271/273
f 274/271/273 202/201/201 275/272/274
f 202/201/201 201/200/200 275/272/274
f 276/273/275 277/274/276 278/275/277
f 279/276/278 278/275/277 280/277/279
f 280/277/279 278/275/277 281/278/280
f 278/275/277 277/274/276 281/278/280
f 281/278/280 277/274/276 282/279/281
f 282/279/281 277/274/276 283/280/282
f 277/274/276 276/273/275 283/280/282
f 283/280/282 276/273/275 284/281/283
f 285/282/284 286/283/285 287/284/286
f 288/285/287 289/286/288 290/287/289
f 291/288/290 292/289/291 293/290/292
f 294/291/293 295/292/294 296/293/295
f 296/293/295 295/292/294 297/294/296
f 297/294/296 295/292/294 298/295/297
f 299/296/298 300/297/299 301/298/300
f 300/297/299 302/299/301 301/298/300
f 301/298/300 302/299/301 303/300/302
f 293/290/292 304/301/303 305/302/304
f 304/301/303 303/300/302 305/302/304
f 303/300/302 302/299/301 305/302/304
f 305/302/304 302/299/301 306/303/305
f 302/299/301 300/297/299 306/303/305
f 300/297/299 298/295/297 306/303/305
f 306/303/305 298/295/297 307/304/306
f 298/295/297 295/292/294 307/304/306
f 307/304/306 295/292/294 308/305/307
f 295/292/294 294/291/293 308/305/307
f 308/305/307 294/291/293 309/306/308
f 309/306/308 294/291/293 310/307/309
f 310/307/309 294/291/293 311/308/310
f 294/291/293 296/293/295 311/308/310
f 296/293/295 312/309/311 311/308/310
f 311/308/310 312/309/311 313/310/312
f 314/311/313 315/312/314 316/313/315
f 315/312/314 317/314/316 316/313/315
f 317/314/316 313/310/312 316/313/315
f 313/310/312 312/309/311 316/313/315
f 316/313/315 312/309/311 318/315/317
f 312/309/311 296/293/295 318/315/317
f 296/293/295 297/294/296 318/315/317
f 318/315/317 297/294/296 319/316/318
f 319/316/318 297/294/296 320/317/319
f 297/294/296 298/295/297 320/317/319
f 298/295/297 300/297/299 320/317/319
f 300/297/299 299/296/298 320/317/319
f 299/296/298 321/318/320 320/317/319
f 320/317/319 321/318/320 322/319/321
f 322/319/321 321/318/320 323/320/322
f 321/318/320 299/296/298 323/320/322
f 299/296/298 301/298/300 323/320/322
f 323/320/322 301/298/300 324/321/323
f 301/298/300 303/300/302 324/321/323
f 325/322/324 324/321/323 326/323/325
f 324/321/323 303/300/302 326/323/325
f 303/300/302 304/301/303 326/323/325
f 326/323/325 304/301/303 327/324/326
f 327/324/326 304/301/303 328/325/327
f 304/301/303 293/290/292 328/325/327
f 293/290/292 292/289/291 328/325/327
f 328/325/327 292/289/291 329/326/328
f 292/289/291 291/288/290 329/326/328
f 329/326/328 291/288/290 330/327/329
f 330/327/329 291/288/290 331/328/330
f 331/328/330 291/288/290 332/329/331
f 332/329/331 291/288/290 333/330/332
f 291/288/290 293/290/292 333/330/332
f 290/287/289 333/330/332 334/331/333
f 333/330/332 293/290/292 334/331/333
f 293/290/292 305/302/304 334/331/333
f 305/302/304 306/303/305 334/331/333
f 334/331/333 306/303/305 335/332/334
f 306/303/305 307/304/306 335/332/334
f 307/304/306 308/305/307 335/332/334
f 335/332/334 308/305/307 336/333/335
f 308/305/307 309/306/308 336/333/335
f 336/333/335 309/306/308 337/334/336
f 337/334/336 309/306/308 338/335/337
f 309/306/308 310/307/309 338/335/337
f 338/335/337 310/307/309 339/336/338
f 339/336/338 310/307/309 340/337/339
f 310/307/309 311/308/310 340/337/339
f 311/308/310 313/310/312 340/337/339
f 313/310/312 317/314/316 340/337/339
f 317/314/316 315/312/314 340/337/339
f 340/337/339 315/312/314 341/338/340
f 315/312/314 314/311/313 341/338/340
f 341/338/340 314/311/313 342/339/341
f 314/311/313 316/313/315 342/339/341
f 316/313/315 318/315/317 342/339/341
f 318/315/317 319/316/318 342/339/341
f 342/339/341 319/316/318 343/340/342
f 343/340/342 319/316/318 344/341/343
f 319/316/318 320/317/319 344/341/343
f 320/317/319 322/319/321 344/341/343
f 344/341/343 322/319/321 345/342/344
f 345/342/344 322/319/321 346/343/345
f 322/319/321 323/320/322 346/343/345
f 323/320/322 324/321/323 346/343/345
f 324/321/323 325/322/324 346/343/345
f 346/343/345 325/322/324 347/344/346
f 348/345/347 347/344/346 349/346/348
f 347/344/346 325/322/324 349/346/348
f 349/346/348 325/322/324 350/347/349
f 325/322/324 326/323/325 350/347/349
f 326/323/325 327/324/326 350/347/349
f 350/347/349 327/324/326 351/348/350
f 327/324/326 328/325/327 351/348/350
f 351/348/350 328/325/327 352/349/351
f 328/325/327 329/326/328 352/349/351
f 352/349/351 329/326/328 353/350/352
f 354/351/353 353/350/352 355/352/354
f 353/350/352 329/326/328 355/352/354
f 329/326/328 330/327/329 355/352/354
f 330/327/329 331/328/330 355/352/354
f 355/352/354 331/328/330 356/353/355
f 331/328/330 332/329/331 356/353/355
f 356/353/355 332/329/331 357/354/356
f 332/329/331 333/330/332 357/354/356
f 333/330/332 358/355/357 357/354/356
f 357/354/356 358/355/357 359/356/358
f 359/356/358 358/355/357 360/357/359
f 358/355/357 333/330/332 360/357/359
f 333/330/332 290/287/289 360/357/359
f 290/287/289 289/286/288 360/357/359
f 360/357/359 289/286/288 361/358/360
f 362/359/361 361/358/360 363/360/362
f 363/360/362 361/358/360 364/361/363
f 361/358/360 289/286/288 364/361/363
f 364/361/363 289/286/288 365/362/364
f 289/286/288 288/285/287 365/362/364
f 365/362/364 288/285/287 366/363/365
f 367/364/366 368/365/367 369/366/368
f 370/367/369 369/366/368 371/368/370
f 369/366/368 368/365/367 371/368/370
f 371/368/370 368/365/367 372/369/371
f 373/370/372 372/369/371 374/371/373
f 372/369/371 368/365/367 374/371/373
f 368/365/367 367/364/366 374/371/373
f 367/364/366 366/363/365 374/371/373
f 374/371/373 366/363/365 375/372/374
f 366/363/365 288/285/287 375/372/374
f 375/372/374 288/285/287 376/373/375
f 376/373/375 288/285/287 377/374/376
f 288/285/287 290/287/289 377/374/376
f 377/374/376 290/287/289 378/375/377
f 290/287/289 334/331/333 378/375/377
f 334/331/333 335/332/334 378/375/377
f 378/375/377 335/332/334 379/376/378
f 335/332/334 336/333/335 379/376/378
f 336/333/335 337/334/336 379/376/378
f 379/376/378 337/334/336 380/377/379
f 380/377/379 337/334/336 381/378/380
f 337/334/336 338/335/337 381/378/380
f 382/379/381 381/378/380 383/380/382
f 381/378/380 338/335/337 383/380/382
f 338/335/337 339/336/338 383/380/382
f 383/380/382 339/336/338 384/381/383
f 384/381/383 339/336/338 385/382/384
f 339/336/338 340/337/339 385/382/384
f 340/337/339 341/338/340 385/382/384
f 385/382/384 341/338/340 386/383/385
f 341/338/340 342/339/341 386/383/385
f 387/384/386 386/383/385 388/385/387
f 386/383/385 342/339/341 388/385/387
f 342/339/341 343/340/342 388/385/387
f 388/385/387 343/340/342 389/386/388
f 343/340/342 344/341/343 389/386/388
f 344/341/343 345/342/344 389/386/388
f 389/386/388 345/342/344 390/387/389
f 390/387/389 345/342/344 391/388/390
f 345/342/344 346/343/345 391/388/390
f 346/343/345 347/344/346 391/388/390
f 347/344/346 348/345/347 391/388/390
f 391/388/390 348/345/347 392/389/391
f 393/390/392 392/389/391 394/391/393
f 392/389/391 348/345/347 394/391/393
f 348/345/347 395/392/394 394/391/393
f 394/391/393 395/392/394 396/393/395
f 396/393/395 395/392/394 397/394/396
f 397/394/396 395/392/394 398/395/397
f 395/392/394 348/345/347 398/395/397
f 348/345/347 349/346/348 398/395/397
f 398/395/397 349/346/348 399/396/398
f 349/346/348 350/347/349 399/396/398
f 350/347/349 351/348/350 399/396/398
f 399/396/398 351/348/350 400/397/399
f 351/348/350 352/349/351 400/397/399
f 401/398/400 400/397/399 402/399/401
f 400/397/399 352/349/351 402/399/401
f 352/349/351 353/350/352 402/399/401
f 403/400/402 402/399/401 404/401/403
f 402/399/401 353/350/352 404/401/403
f 353/350/352 354/351/353 404/401/403
f 404/401/403 354/351/353 405/402/404
f 405/402/404 354/351/353 406/403/405
f 406/403/405 354/351/353 407/404/406
f 354/351/353 355/352/354 407/404/406
f 355/352/354 356/353/355 407/404/406
f 407/404/406 356/353/355 408/405/407
f 356/353/355 357/354/356 408/405/407
f 408/405/407 357/354/356 409/406/408
f 357/354/356 359/356/358 409/406/408
f 409/406/408 359/356/358 410/407/409
f 359/356/358 360/357/359 410/407/409
f 360/357/359 361/358/360 410/407/409
f 361/358/360 362/359/361 410/407/409
f 410/407/409 362/359/361 411/408/410
f 411/408/410 362/359/361 412/409/411
f 412/409/411 362/359/361 413/410/412
f 362/359/361 363/360/362 413/410/412
f 413/410/412 363/360/362 414/411/413
f 363/360/362 364/361/363 414/411/413
f 414/411/413 364/361/363 415/412/414
f 364/361/363 365/362/364 415/412/414
f 416/413/415 415/412/414 417/414/416
f 415/412/414 365/362/364 417/414/416
f 365/362/364 366/363/365 417/414/416
f 366/363/365 367/364/366 417/414/416
f 417/414/416 367/364/366 418/415/417
f 367/364/366 369/366/368 418/415/417
f 418/415/417 369/366/368 419/416/418
f 369/366/368 370/367/369 419/416/418
f 287/284/286 419/416/418 420/417/419
f 419/416/418 370/367/369 420/417/419
f 370/367/369 371/368/370 420/417/419
f 371/368/370 372/369/371 420/417/419
f 420/417/419 372/369/371 421/418/420
f 372/369/371 373/370/372 421/418/420
f 421/418/420 373/370/372 422/419/421
f 373/370/372 374/371/373 422/419/421
f 374/371/373 375/372/374 422/419/421
f 375/372/374 376/373/375 422/419/421
f 422/419/421 376/373/375 423/420/422
f 423/420/422 376/373/375 424/421/423
f 376/373/375 377/374/376 424/421/423
f 377/374/376 378/375/377 424/421/423
f 378/375/377 379/376/378 424/421/423
f 379/376/378 380/377/379 424/421/423
f 424/421/423 380/377/379 425/422/424
f 425/422/424 380/377/379 426/423/425
f 380/377/379 381/378/380 426/423/425
f 381/378/380 382/379/381 426/423/425
f 426/423/425 382/379/381 427/424/426
f 428/425/427 427/424/426 429/426/428
f 429/426/428 427/424/426 430/427/429
f 427/424/426 382/379/381 430/427/429
f 430/427/429 382/379/381 431/428/430
f 382/379/381 383/380/382 431/428/430
f 383/380/382 384/381/383 431/428/430
f 431/428/430 384/381/383 432/429/431
f 432/429/431 384/381/383 433/430/432
f 384/381/383 385/382/384 433/430/432
f 385/382/384 386/383/385 433/430/432
f 386/383/385 387/384/386 433/430/432
f 433/430/432 387/384/386 434/431/433
f 434/431/433 387/384/386 435/432/434
f 387/384/386 388/385/387 435/432/434
f 388/385/387 389/386/388 435/432/434
f 435/432/434 389/386/388 436/433/435
f 389/386/388 390/387/389 436/433/435
f 436/433/435 390/387/389 437/434/436
f 390/387/389 391/388/390 437/434/436
f 391/388/390 392/389/391 437/434/436
f 392/389/391 393/390/392 437/434/436
f 437/434/436 393/390/392 438/435/437
f 438/435/437 393/390/392 439/436/438
f 393/390/392 394/391/393 439/436/438
f 394/391/393 396/393/395 439/436/438
f 396/393/395 397/394/396 439/436/438
f 439/436/438 397/394/396 440/437/439
f 440/437/439 397/394/396 441/438/440
f 441/438/440 397/394/396 442/439/441
f 397/394/396 398/395/397 442/439/441
f 442/439/441 398/395/397 443/440/442
f 398/395/397 399/396/398 443/440/442
f 443/440/442 399/396/398 444/441/443
f 399/396/398 400/397/399 444/441/443
f 400/397/399 401/398/400 444/441/443
f 444/441/443 401/398/400 445/442/444
f 446/443/445 445/442/444 447/444/446
f 445/442/444 401/398/400 447/444/446
f 447/444/446 401/398/400 448/445/447
f 401/398/400 402/399/401 448/445/447
f 402/399/401 403/400/402 448/445/447
f 448/445/447 403/400/402 449/446/448
f 450/447/449 449/446/448 451/448/450
f 449/446/448 403/400/402 451/448/450
f 403/400/402 404/401/403 451/448/450
f 404/401/403 405/402/404 451/448/450
f 451/448/450 405/402/404 452/449/451
f 405/402/404 406/403/405 452/449/451
f 452/449/451 406/403/405 453/450/452
f 406/403/405 454/451/453 453/450/452
f 455/452/454 453/450/452 456/453/455
f 456/453/455 453/450/452 457/454/456
f 453/450/452 454/451/453 457/454/456
f 457/454/456 454/451/453 458/455/457
f 454/451/453 406/403/405 458/455/457
f 406/403/405 407/404/406 458/455/457
f 407/404/406 408/405/407 458/455/457
f 458/455/457 408/405/407 459/456/458
f 408/405/407 409/406/408 459/456/458
f 459/456/458 409/406/408 460/457/459
f 409/406/408 410/407/409 460/457/459
f 460/457/459 410/407/409 461/458/460
f 410/407/409 411/408/410 461/458/460
f 461/458/460 411/408/410 462/459/461
f 411/408/410 412/409/411 462/459/461
f 462/459/461 412/409/411 463/460/462
f 412/409/411 413/410/412 463/460/462
f 463/460/462 413/410/412 464/461/463
f 464/461/463 413/410/412 465/462/464
f 413/410/412 414/411/413 465/462/464
f 414/411/413 415/412/414 465/462/464
f 465/462/464 415/412/414 466/463/465
f 466/463/465 415/412/414 467/464/466
f 415/412/414 416/413/415 467/464/466
f 467/464/466 416/413/415 468/465/467
f 468/465/467 416/413/415 469/466/468
f 416/413/415 417/414/416 469/466/468
f 417/414/416 418/415/417 469/466/468
f 469/466/468 418/415/417 470/467/469
f 470/467/469 418/415/417 471/468/470
f 418/415/417 419/416/418 471/468/470
f 471/468/470 419/416/418 472/469/471
f 472/469/471 419/416/418 473/470/472
f 419/416/418 287/284/286 473/470/472
f 287/284/286 286/283/285 473/470/472
f 473/470/472 286/283/285 474/471/473
f 475/472/474 474/471/473 476/473/475
f 474/471/473 286/283/285 476/473/475
f 476/473/475 286/283/285 477/474/476
f 286/283/285 285/282/284 477/474/476
f 477/474/476 285/282/284 478/475/477
f 478/475/477 285/282/284 479/476/478
f 285/282/284 287/284/286 479/476/478
f 479/476/478 287/284/286 480/477/479
f 287/284/286 420/417/419 480/477/479
f 420/417/419 421/418/420 480/477/479
f 421/418/420 422/419/421 480/477/479
f 480/477/479 422/419/421 481/478/480
f 422/419/421 423/420/422 481/478/480
f 481/478/480 423/420/422 482/479/481
f 423/420/422 424/421/423 482/479/481
f 424/421/423 425/422/424 482/479/481
f 482/479/481 425/422/424 483/480/482
f 483/480/482 425/422/424 484/481/483
f 425/422/424 426/423/425 484/481/483
f 426/423/425 427/424/426 484/481/483
f 484/481/483 427/424/426 485/482/484
f 427/424/426 428/425/427 485/482/484
f 428/425/427 486/483/485 485/482/484
f 487/484/486 485/482/484 488/485/487
f 485/482/484 486/483/485 488/485/487
f 488/485/487 486/483/485 489/486/488
f 489/486/488 486/483/485 490/487/489
f 486/483/485 428/425/427 490/487/489
f 490/487/489 428/425/427 491/488/490
f 428/425/427 429/426/428 491/488/490
f 491/488/490 429/426/428 492/489/491
f 429/426/428 430/427/429 492/489/491
f 492/489/491 430/427/429 493/490/492
f 430/427/429 431/428/430 493/490/492
f 431/428/430 432/429/431 493/490/492
f 493/490/492 432/429/431 494/491/493
f 432/429/431 433/430/432 494/491/493
f 433/430/432 434/431/433 494/491/493
f 494/491/493 434/431/433 495/492/494
f 434/431/433 435/432/434 495/492/494
f 435/432/434 436/433/435 495/492/494
f 495/492/494 436/433/435 496/493/495
f 496/493/495 436/433/435 497/494/496
f 436/433/435 437/434/436 497/494/496
f 437/434/436 438/435/437 497/494/496
f 497/494/496 438/435/437 498/495/497
f 438/435/437 439/436/438 498/495/497
f 439/436/438 440/437/439 498/495/497
f 498/495/497 440/437/439 499/496/498
f 499/496/498 440/437/439 500/497/499
f 440/437/439 441/438/440 500/497/499
f 500/497/499 441/438/440 501/498/500
f 441/438/440 442/439/441 501/498/500
f 501/498/500 442/439/441 502/499/501
f 442/439/441 443/440/442 502/499/501
f 443/440/442 444/441/443 502/499/501
f 502/499/501 444/441/443 503/500/502
f 444/441/443 445/442/444 503/500/502
f 445/442/444 446/443/445 503/500/502
f 503/500/502 446/443/445 504/501/503
f 446/443/445 505/502/504 504/501/503
f 504/501/503 505/502/504 506/503/505
f 506/503/505 505/502/504 507/504/506
f 508/505/507 509/506/508 510/507/509
f 510/507/509 509/506/508 511/508/510
f 509/506/508 507/504/506 511/508/510
f 507/504/506 505/502/504 511/508/510
f 511/508/510 505/502/504 512/509/511
f 505/502/504 446/443/445 512/509/511
f 446/443/445 447/444/446 512/509/511
f 512/509/511 447/444/446 514/510/512
f 514/510/512 447/444/446 515/511/513
f 447/444/446 448/445/447 515/511/513
f 448/445/447 449/446/448 515/511/513
f 515/511/513 449/446/448 516/512/514
f 449/446/448 450/447/449 516/512/514
f 516/512/514 450/447/449 517/513/515
f 450/447/449 451/448/450 517/513/515
f 451/448/450 452/449/451 517/513/515
f 517/513/515 452/449/451 518/514/516
f 452/449/451 453/450/452 518/514/516
f 453/450/452 455/452/454 518/514/516
f 518/514/516 455/452/454 519/515/517
f 455/452/454 456/453/455 519/515/517
f 519/515/517 456/453/455 520/516/518
f 520/516/518 456/453/455 521/517/519
f 456/453/455 457/454/456 521/517/519
f 521/517/519 457/454/456 522/518/520
f 457/454/456 458/455/457 522/518/520
f 458/455/457 459/456/458 522/518/520
f 459/456/458 460/457/459 522/518/520
f 460/457/459 461/458/460 522/518/520
f 522/518/520 461/458/460 523/519/521
f 461/458/460 462/459/461 523/519/521
f 524/520/522 523/519/521 525/521/523
f 523/519/521 462/459/461 525/521/523
f 462/459/461 463/460/462 525/521/523
f 525/521/523 463/460/462 526/522/524
f 463/460/462 464/461/463 526/522/524
f 526/522/524 464/461/463 527/523/525
f 464/461/463 465/462/464 527/523/525
f 465/462/464 466/463/465 527/523/525
f 527/523/525 466/463/465 528/524/526
f 466/463/465 467/464/466 528/524/526
f 467/464/466 468/465/467 528/524/526
f 528/524/526 468/465/467 529/525/527
f 468/465/467 469/466/468 529/525/527
f 469/466/468 470/467/469 529/525/527
f 529/525/527 470/467/469 530/526/528
f 470/467/469 471/468/470 530/526/528
f 530/526/528 471/468/470 531/527/529
f 531/527/529 471/468/470 532/528/530
f 471/468/470 472/469/471 532/528/530
f 472/469/471 473/470/472 532/528/530
f 532/528/530 473/470/472 533/529/531
f 473/470/472 474/471/473 533/529/531
f 474/471/473 475/472/474 533/529/531
f 533/529/531 475/472/474 534/530/532
f 535/531/533 536/532/534 537/533/535
f 536/532/534 538/534/536 537/533/535
f 537/533/535 538/534/536 539/535/537
f 539/535/537 538/534/536 540/536/538
f 541/537/539 542/538/540 543/539/541
f 542/538/540 540/536/538 543/539/541
f 543/539/541 540/536/538 544/540/542
f 540/536/538 538/534/536 544/540/542
f 544/540/542 538/534/536 545/541/543
f 538/534/536 536/532/534 545/541/543
f 545/541/543 536/532/534 546/542/544
f 536/532/534 535/531/533 546/542/544
f 535/531/533 534/530/532 546/542/544
f 546/542/544 534/530/532 547/543/545
f 534/530/532 475/472/474 547/543/545
f 547/543/545 475/472/474 548/544/546
f 475/472/474 476/473/475 548/544/546
f 476/473/475 477/474/476 548/544/546
f 477/474/476 478/475/477 548/544/546
f 548/544/546 478/475/477 549/545/547
f 478/475/477 479/476/478 549/545/547
f 549/545/547 479/476/478 550/546/548
f 479/476/478 480/477/479 550/546/548
f 480/477/479 481/478/480 550/546/548
f 550/546/548 481/478/480 551/547/549
f 481/478/480 482/479/481 551/547/549
f 482/479/481 483/480/482 551/547/549
f 551/547/549 483/480/482 552/548/550
f 552/548/550 483/480/482 553/549/551
f 483/480/482 484/481/483 553/549/551
f 553/549/551 484/481/483 554/550/552
f 484/481/483 485/482/484 554/550/552
f 485/482/484 487/484/486 554/550/552
f 487/484/486 555/551/553 554/550/552
f 555/551/553 556/552/554 554/550/552
f 554/550/552 556/552/554 557/553/555
f 557/553/555 556/552/554 558/554/556
f 559/555/557 560/556/558 561/557/559
f 558/554/556 561/557/559 562/558/560
f 561/557/559 560/556/558 562/558/560
f 563/559/561 564/560/562 565/561/563
f 565/561/563 564/560/562 566/562/564
f 566/562/564 564/560/562 567/563/565
f 568/564/566 569/565/567 570/566/568
f 570/566/568 569/565/567 571/567/569
f 569/565/567 567/563/565 571/567/569
f 571/567/569 567/563/565 572/568/570
f 567/563/565 564/560/562 572/568/570
f 572/568/570 564/560/562 573/569/571
f 564/560/562 563/559/561 573/569/571
f 574/570/572 573/569/571 575/571/573
f 575/571/573 573/569/571 576/572/574
f 573/569/571 563/559/561 576/572/574
f 576/572/574 563/559/561 577/573/575
f 563/559/561 565/561/563 577/573/575
f 577/573/575 565/561/563 578/574/576
f 578/574/576 565/561/563 579/575/577
f 565/561/563 566/562/564 579/575/577
f 579/575/577 566/562/564 580/576/578
f 566/562/564 567/563/565 580/576/578
f 580/576/578 567/563/565 581/577/579
f 567/563/565 569/565/567 581/577/579
f 569/565/567 568/564/566 581/577/579
f 581/577/579 568/564/566 582/578/580
f 582/578/580 568/564/566 583/579/581
f 583/579/581 568/564/566 584/580/582
f 568/564/566 562/558/560 584/580/582
f 562/558/560 560/556/558 584/580/582
f 584/580/582 560/556/558 585/581/583
f 560/556/558 559/555/557 585/581/583
f 585/581/583 559/555/557 586/582/584
f 586/582/584 559/555/557 587/583/585
f 559/555/557 561/557/559 587/583/585
f 587/583/585 561/557/559 588/584/586
f 588/584/586 561/557/559 589/585/587
f 561/557/559 558/554/556 589/585/587
f 589/585/587 558/554/556 590/586/588
f 558/554/556 556/552/554 590/586/588
f 590/586/588 556/552/554 591/587/589
f 556/552/554 555/551/553 591/587/589
f 591/587/589 555/551/553 592/588/590
f 555/551/553 487/484/486 592/588/590
f 592/588/590 487/484/486 593/589/591
f 487/484/486 488/485/487 593/589/591
f 488/485/487 489/486/488 593/589/591
f 593/589/591 489/486/488 594/590/592
f 594/590/592 489/486/488 595/591/593
f 595/591/593 489/486/488 596/592/594
f 489/486/488 490/487/489 596/592/594
f 596/592/594 490/487/489 597/593/595
f 490/487/489 491/488/490 597/593/595
f 597/593/595 491/488/490 598/594/596
f 491/488/490 492/489/491 598/594/596
f 492/489/491 493/490/492 598/594/596
f 598/594/596 493/490/492 599/595/597
f 493/490/492 494/491/493 599/595/597
f 599/595/597 494/491/493 600/596/598
f 600/596/598 494/491/493 601/597/599
f 494/491/493 495/492/494 601/597/599
f 601/597/599 495/492/494 602/598/600
f 495/492/494 496/493/495 602/598/600
f 602/598/600 496/493/495 603/599/601
f 496/493/495 497/494/496 603/599/601
f 603/599/601 497/494/496 604/600/602
f 497/494/496 498/495/497 604/600/602
f 604/600/602 498/495/497 605/601/603
f 498/495/497 499/496/498 605/601/603
f 499/496/498 500/497/499 605/601/603
f 605/601/603 500/497/499 606/602/604
f 500/497/499 501/498/500 606/602/604
f 606/602/604 501/498/500 607/603/605
f 501/498/500 502/499/501 607/603/605
f 607/603/605 502/499/501 608/604/606
f 502/499/501 503/500/502 608/604/606
f 608/604/606 503/500/502 609/605/607
f 503/500/502 504/501/503 609/605/607
f 504/501/503 506/503/505 609/605/607
f 609/605/607 506/503/505 610/606/608
f 610/606/608 506/503/505 611/607/609
f 506/503/505 507/504/506 611/607/609
f 611/607/609 507/504/506 612/608/610
f 507/504/506 509/506/508 612/608/610
f 509/506/508 508/505/507 612/608/610
f 612/608/610 508/505/507 613/609/611
f 614/610/612 613/609/611 615/611/613
f 613/609/611 508/505/507 615/611/613
f 616/612/612 615/611/613 617/613/614
f 615/611/613 508/505/507 617/613/614
f 617/613/614 508/505/507 618/614/615
f 508/505/507 510/507/509 618/614/615
f 510/507/509 511/508/510 618/614/615
f 618/614/615 511/508/510 619/615/616
f 511/508/510 512/509/511 619/615/616
f 512/509/511 514/510/512 619/615/616
f 619/615/616 514/510/512 621/616/617
f 620/616/618 513/510/619 623/617/620
f 514/510/512 515/511/513 622/617/621
f 622/617/621 515/511/513 624/618/622
f 515/511/513 516/512/514 624/618/622
f 624/618/622 516/512/514 625/619/623
f 516/512/514 517/513/515 625/619/623
f 517/513/515 518/514/516 625/619/623
f 625/619/623 518/514/516 626/620/624
f 626/620/624 518/514/516 627/621/625
f 518/514/516 519/515/517 627/621/625
f 627/621/625 519/515/517 628/622/626
f 519/515/517 520/516/518 628/622/626
f 628/622/626 520/516/518 629/623/627
f 520/516/518 521/517/519 629/623/627
f 629/623/627 521/517/519 630/624/628
f 521/517/519 522/518/520 630/624/628
f 522/518/520 523/519/521 630/624/628
f 630/624/628 523/519/521 631/625/629
f 523/519/521 524/520/522 631/625/629
f 631/625/629 524/520/522 632/626/630
f 524/520/522 525/521/523 632/626/630
f 525/521/523 526/522/524 632/626/630
f 632/626/630 526/522/524 633/627/631
f 526/522/524 527/523/525 633/627/631
f 633/627/631 527/523/525 634/628/632
f 527/523/525 528/524/526 634/628/632
f 634/628/632 528/524/526 635/629/633
f 528/524/526 529/525/527 635/629/633
f 529/525/527 530/526/528 635/629/633
f 635/629/633 530/526/528 636/630/634
f 530/526/528 531/527/529 636/630/634
f 636/630/634 531/527/529 637/631/635
f 531/527/529 532/528/530 637/631/635
f 637/631/635 532/528/530 638/632/636
f 638/632/636 532/528/530 639/633/637
f 532/528/530 533/529/531 639/633/637
f 639/633/637 533/529/531 640/634/638
f 533/529/531 534/530/532 640/634/638
f 640/634/638 534/530/532 641/635/639
f 534/530/532 535/531/533 641/635/639
f 641/635/639 535/531/533 642/636/640
f 642/636/640 535/531/533 643/637/641
f 535/531/533 537/533/535 643/637/641
f 643/637/641 537/533/535 644/638/642
f 537/533/535 539/535/537 644/638/642
f 644/638/642 539/535/537 645/639/643
f 539/535/537 540/536/538 645/639/643
f 540/536/538 542/538/540 645/639/643
f 645/639/643 542/538/540 646/640/644
f 542/538/540 541/537/539 646/640/644
f 646/640/644 541/537/539 647/641/645
f 648/642/646 649/643/647 650/644/648
f 649/643/647 647/641/645 650/644/648
f 647/641/645 541/537/539 650/644/648
f 650/644/648 541/537/539 651/645/649
f 541/537/539 543/539/541 651/645/649
f 651/645/649 543/539/541 652/646/650
f 543/539/541 544/540/542 652/646/650
f 652/646/650 544/540/542 653/647/651
f 544/540/542 545/541/543 653/647/651
f 654/648/652 653/647/651 655/649/653
f 653/647/651 545/541/543 655/649/653
f 545/541/543 546/542/544 655/649/653
f 655/649/653 546/542/544 656/650/654
f 546/542/544 547/543/545 656/650/654
f 657/651/655 656/650/654 658/652/656
f 656/650/654 547/543/545 658/652/656
f 547/543/545 548/544/546 658/652/656
f 548/544/546 549/545/547 658/652/656
f 658/652/656 549/545/547 659/653/657
f 549/545/547 550/546/548 659/653/657
f 659/653/657 550/546/548 660/654/658
f 550/546/548 551/547/549 660/654/658
f 660/654/658 551/547/549 661/655/659
f 551/547/549 552/548/550 661/655/659
f 552/548/550 553/549/551 661/655/659
f 661/655/659 553/549/551 662/656/660
f 553/549/551 554/550/552 662/656/660
f 554/550/552 557/553/555 662/656/660
f 662/656/660 557/553/555 663/657/661
f 557/553/555 558/554/556 663/657/661
f 558/554/556 562/558/560 663/657/661
f 562/558/560 568/564/566 663/657/661
f 568/564/566 570/566/568 663/657/661
f 663/657/661 570/566/568 664/658/662
f 570/566/568 571/567/569 664/658/662
f 664/658/662 571/567/569 665/659/663
f 666/660/664 667/661/665 668/662/666
f 667/661/665 665/659/663 668/662/666
f 665/659/663 571/567/569 668/662/666
f 571/567/569 572/568/570 668/662/666
f 668/662/666 572/568/570 669/663/667
f 572/568/570 573/569/571 669/663/667
f 573/569/571 574/570/572 669/663/667
f 669/663/667 574/570/572 670/664/668
f 670/664/668 574/570/572 671/665/669
f 574/570/572 575/571/573 671/665/669
f 575/571/573 672/666/670 671/665/669
f 672/666/670 673/667/671 671/665/669
f 673/667/671 284/281/283 671/665/669
f 671/665/669 284/281/283 674/668/672
f 284/281/283 276/273/275 674/668/672
f 276/273/275 278/275/277 674/668/672
f 674/668/672 278/275/277 675/669/673
f 278/275/277 279/276/278 675/669/673
f 279/276/278 676/670/674 675/669/673
f 675/669/673 676/670/674 677/671/675
f 676/670/674 678/672/676 677/671/675
f 677/671/675 678/672/676 679/673/677
f 678/672/676 680/674/678 679/673/677
f 679/673/677 680/674/678 681/675/679
f 680/674/678 275/272/274 681/675/679
f 275/272/274 201/200/200 681/675/679
f 681/675/679 201/200/200 682/676/680
f 201/200/200 203/202/202 682/676/680
f 203/202/202 205/204/204 682/676/680
f 682/676/680 205/204/204 683/677/681
f 205/204/204 207/206/206 683/677/681
f 207/206/206 209/208/208 683/677/681
f 209/208/208 210/209/209 683/677/681
f 683/677/681 210/209/209 684/678/682
f 210/209/209 211/210/210 684/678/682
f 211/210/210 212/211/211 684/678/682
f 684/678/682 212/211/211 685/679/683
f 685/679/683 212/211/211 686/680/684
f 212/211/211 213/212/212 686/680/684
f 213/212/212 214/213/213 686/680/684
f 214/213/213 215/214/214 686/680/684
f 215/214/214 216/215/215 686/680/684
f 686/680/684 216/215/215 687/681/685
f 687/681/685 216/215/215 688/682/686
f 216/215/215 217/216/216 688/682/686
f 217/216/216 218/217/217 688/682/686
f 218/217/217 219/218/218 688/682/686
f 688/682/686 219/218/218 689/683/687
f 219/218/218 220/219/219 689/683/687
f 689/683/687 220/219/219 690/684/688
f 220/219/219 221/220/220 690/684/688
f 221/220/220 222/221/221 690/684/688
f 222/221/221 223/222/222 690/684/688
f 690/684/688 223/222/222 691/685/689
f 223/222/222 224/223/223 691/685/689
f 224/223/223 225/224/224 691/685/689
f 691/685/689 225/224/224 692/686/690
f 692/686/690 225/224/224 693/687/691
f 693/687/691 225/224/224 694/688/692
f 225/224/224 226/225/225 694/688/692
f 694/688/692 226/225/225 695/689/693
f 226/225/225 227/226/226 695/689/693
f 695/689/693 227/226/226 696/690/694
f 227/226/226 228/227/227 696/690/694
f 228/227/227 648/642/646 696/690/694
f 648/642/646 650/644/648 696/690/694
f 696/690/694 650/644/648 697/691/695
f 650/644/648 651/645/649 697/691/695
f 651/645/649 652/646/650 697/691/695
f 697/691/695 652/646/650 698/692/696
f 652/646/650 653/647/651 698/692/696
f 653/647/651 654/648/652 698/692/696
f 698/692/696 654/648/652 699/693/697
f 654/648/652 655/649/653 699/693/697
f 699/693/697 655/649/653 700/694/698
f 655/649/653 656/650/654 700/694/698
f 700/694/698 656/650/654 701/695/699
f 656/650/654 657/651/655 701/695/699
f 701/695/699 657/651/655 702/696/700
f 657/651/655 658/652/656 702/696/700
f 658/652/656 659/653/657 702/696/700
f 702/696/700 659/653/657 703/697/701
f 659/653/657 660/654/658 703/697/701
f 660/654/658 661/655/659 703/697/701
f 703/697/701 661/655/659 704/698/702
f 661/655/659 662/656/660 704/698/702
f 704/698/702 662/656/660 705/699/703
f 662/656/660 663/657/661 705/699/703
f 663/657/661 664/658/662 705/699/703
f 705/699/703 664/658/662 706/700/704
f 664/658/662 665/659/663 706/700/704
f 665/659/663 667/661/665 706/700/704
f 706/700/704 667/661/665 707/701/705
f 707/701/705 667/661/665 708/702/706
f 667/661/665 666/660/664 708/702/706
f 708/702/706 666/660/664 709/703/707
f 666/660/664 668/662/666 709/703/707
f 709/703/707 668/662/666 710/704/708
f 668/662/666 669/663/667 710/704/708
f 710/704/708 669/663/667 711/705/709
f 669/663/667 670/664/668 711/705/709
f 711/705/709 670/664/668 712/706/710
f 670/664/668 671/665/669 712/706/710
f 671/665/669 674/668/672 712/706/710
f 674/668/672 675/669/673 712/706/710
f 712/706/710 675/669/673 713/707/711
f 675/669/673 677/671/675 713/707/711
f 713/707/711 677/671/675 714/708/712
f 677/671/675 679/673/677 714/708/712
f 679/673/677 681/675/679 714/708/712
f 681/675/679 682/676/680 714/708/712
f 714/708/712 682/676/680 715/709/713
f 682/676/680 683/677/681 715/709/713
f 683/677/681 684/678/682 715/709/713
f 684/678/682 685/679/683 715/709/713
f 715/709/713 685/679/683 716/710/714
f 716/710/714 685/679/683 717/711/715
f 685/679/683 686/680/684 717/711/715
f 686/680/684 687/681/685 717/711/715
f 717/711/715 687/681/685 718/712/716
f 687/681/685 688/682/686 718/712/716
f 718/712/716 688/682/686 719/713/717
f 688/682/686 689/683/687 719/713/717
f 689/683/687 690/684/688 719/713/717
f 690/684/688 691/685/689 719/713/717
f 719/713/717 691/685/689 720/714/718
f 691/685/689 692/686/690 720/714/718
f 720/714/718 692/686/690 721/715/719
f 692/686/690 693/687/691 721/715/719
f 721/715/719 693/687/691 722/716/720
f 693/687/691 694/688/692 722/716/720
f 694/688/692 695/689/693 722/716/720
f 722/716/720 695/689/693 723/717/721
f 695/689/693 696/690/694 723/717/721
f 696/690/694 697/691/695 723/717/721
f 723/717/721 697/691/695 724/718/722
f 697/691/695 698/692/696 724/718/722
f 724/718/722 698/692/696 725/719/723
f 698/692/696 699/693/697 725/719/723
f 725/719/723 699/693/697 726/720/724
f 699/693/697 700/694/698 726/720/724
f 700/694/698 701/695/699 726/720/724
f 726/720/724 701/695/699 727/721/725
f 727/721/725 701/695/699 728/722/726
f 701/695/699 702/696/700 728/722/726
f 728/722/726 702/696/700 729/723/727
f 702/696/700 703/697/701 729/723/727
f 703/697/701 704/698/702 729/723/727
f 729/723/727 704/698/702 730/724/728
f 704/698/702 705/699/703 730/724/728
f 705/699/703 706/700/704 730/724/728
f 706/700/704 707/701/705 730/724/728
f 730/724/728 707/701/705 731/725/729
f 707/701/705 708/702/706 731/725/729
f 731/725/729 708/702/706 732/726/730
f 708/702/706 709/703/707 732/726/730
f 732/726/730 709/703/707 733/727/731
f 709/703/707 710/704/708 733/727/731
f 710/704/708 711/705/709 733/727/731
f 733/727/731 711/705/709 734/728/732
f 711/705/709 712/706/710 734/728/732
f 734/728/732 712/706/710 735/729/733
f 712/706/710 713/707/711 735/729/733
f 713/707/711 714/708/712 735/729/733
f 735/729/733 714/708/712 736/730/734
f 714/708/712 715/709/713 736/730/734
f 715/709/713 716/710/714 736/730/734
f 736/730/734 716/710/714 737/731/735
f 737/731/735 716/710/714 738/732/736
f 716/710/714 717/711/715 738/732/736
f 717/711/715 718/712/716 738/732/736
f 738/732/736 718/712/716 739/733/737
f 718/712/716 719/713/717 739/733/737
f 719/713/717 720/714/718 739/733/737
f 739/733/737 720/714/718 740/734/738
f 720/714/718 721/715/719 740/734/738
f 721/715/719 722/716/720 740/734/738
f 740/734/738 722/716/720 741/735/739
f 722/716/720 723/717/721 741/735/739
f 723/717/721 724/718/722 741/735/739
f 741/735/739 724/718/722 742/736/740
f 742/736/740 724/718/722 743/737/741
f 724/718/722 725/719/723 743/737/741
f 725/719/723 726/720/724 743/737/741
f 726/720/724 727/721/725 743/737/741
f 743/737/741 727/721/725 744/738/742
f 744/738/742 727/721/725 745/739/743
f 727/721/725 728/722/726 745/739/743
f 728/722/726 729/723/727 745/739/743
f 729/723/727 730/724/728 745/739/743
f 730/724/728 731/725/729 745/739/743
f 745/739/743 731/725/729 746/740/744
f 731/725/729 732/726/730 746/740/744
f 732/726/730 733/727/731 746/740/744
f 733/727/731 734/728/732 746/740/744
f 746/740/744 734/728/732 747/741/745
f 734/728/732 735/729/733 747/741/745
f 747/741/745 735/729/733 748/742/746
f 735/729/733 736/730/734 748/742/746
f 736/730/734 737/731/735 748/742/746
f 737/731/735 738/732/736 748/742/746
f 748/742/746 738/732/736 749/743/747
f 738/732/736 739/733/737 749/743/747
f 749/743/747 739/733/737 750/744/748
f 739/733/737 740/734/738 750/744/748
f 740/734/738 741/735/739 750/744/748
f 750/744/748 741/735/739 751/745/749
f 741/735/739 742/736/740 751/745/749
f 742/736/740 743/737/741 751/745/749
f 743/737/741 744/738/742 751/745/749
f 751/745/749 744/738/742 752/746/750
f 744/738/742 745/739/743 752/746/750
f 745/739/743 746/740/744 752/746/750
f 746/740/744 747/741/745 752/746/750
f 752/746/750 747/741/745 753/747/751
f 747/741/745 748/742/746 753/747/751
f 748/742/746 749/743/747 753/747/751
f 749/743/747 750/744/748 753/747/751
f 750/744/748 751/745/749 753/747/751
f 752/746/750 753/747/751 751/745/749
f 754/1/752 755/2/753 756/3/754
f 756/3/754 755/2/753 757/4/755
f 758/5/756 757/4/755 759/6/757
f 757/4/755 755/2/753 759/6/757
f 759/6/757 755/2/753 760/7/758
f 755/2/753 754/1/752 760/7/758
f 760/7/758 754/1/752 761/8/759
f 761/8/759 754/1/752 762/9/760
f 762/9/760 754/1/752 763/10/761
f 754/1/752 756/3/754 763/10/761
f 764/11/762 765/12/763 766/13/764
f 765/12/763 767/14/765 766/13/764
f 767/14/765 768/15/766 766/13/764
f 769/16/767 766/13/764 770/17/768
f 766/13/764 768/15/766 770/17/768
f 770/17/768 768/15/766 771/18/769
f 772/19/770 773/20/771 774/21/772
f 774/21/772 773/20/771 775/22/773
f 775/22/773 773/20/771 776/23/774
f 776/23/774 773/20/771 777/24/775
f 773/20/771 778/25/776 777/24/775
f 777/24/775 778/25/776 779/26/777
f 779/26/777 778/25/776 780/27/778
f 778/25/776 781/28/779 780/27/778
f 780/27/778 781/28/779 782/29/780
f 783/30/781 784/31/782 785/32/783
f 785/32/783 784/31/782 782/29/780
f 782/29/780 784/31/782 786/33/784
f 784/31/782 783/30/781 786/33/784
f 786/33/784 783/30/781 787/34/785
f 787/34/785 783/30/781 788/35/786
f 788/35/786 789/36/787 790/37/788
f 791/38/789 792/39/790 793/40/791
f 792/39/790 790/37/788 793/40/791
f 790/37/788 789/36/787 793/40/791
f 794/41/792 795/42/793 796/43/794
f 795/42/793 793/40/791 796/43/794
f 793/40/791 789/36/787 796/43/794
f 796/43/794 789/36/787 797/44/795
f 789/36/787 788/35/786 797/44/795
f 788/35/786 783/30/781 797/44/795
f 783/30/781 785/32/783 797/44/795
f 797/44/795 785/32/783 798/45/796
f 798/45/796 785/32/783 799/46/797
f 785/32/783 782/29/780 799/46/797
f 782/29/780 781/28/779 799/46/797
f 799/46/797 781/28/779 800/47/798
f 800/47/798 781/28/779 801/48/799
f 781/28/779 778/25/776 801/48/799
f 778/25/776 773/20/771 801/48/799
f 773/20/771 772/19/770 801/48/799
f 801/48/799 772/19/770 802/49/800
f 772/19/770 774/21/772 802/49/800
f 802/49/800 774/21/772 803/50/801
f 774/21/772 775/22/773 803/50/801
f 775/22/773 776/23/774 803/50/801
f 803/50/801 776/23/774 804/51/802
f 776/23/774 777/24/775 804/51/802
f 777/24/775 779/26/777 804/51/802
f 804/51/802 779/26/777 805/52/803
f 805/52/803 779/26/777 806/53/804
f 779/26/777 780/27/778 806/53/804
f 806/53/804 780/27/778 807/54/805
f 780/27/778 782/29/780 807/54/805
f 807/54/805 782/29/780 808/55/806
f 782/29/780 786/33/784 808/55/806
f 786/33/784 787/34/785 808/55/806
f 808/55/806 787/34/785 809/56/807
f 809/56/807 787/34/785 810/57/808
f 787/34/785 788/35/786 810/57/808
f 788/35/786 790/37/788 810/57/808
f 810/57/808 790/37/788 811/58/809
f 790/37/788 792/39/790 811/58/809
f 811/58/809 792/39/790 812/59/810
f 792/39/790 791/38/789 812/59/810
f 791/38/789 771/18/769 812/59/810
f 771/18/769 768/15/766 812/59/810
f 812/59/810 768/15/766 813/60/811
f 813/60/811 768/15/766 814/61/812
f 768/15/766 767/14/765 814/61/812
f 767/14/765 765/12/763 814/61/812
f 814/61/812 765/12/763 815/62/813
f 765/12/763 764/11/762 815/62/813
f 815/62/813 764/11/762 816/63/814
f 817/64/815 816/63/814 818/65/816
f 763/10/761 818/65/816 819/66/817
f 818/65/816 816/63/814 819/66/817
f 819/66/817 816/63/814 820/67/818
f 816/63/814 764/11/762 820/67/818
f 820/67/818 764/11/762 821/68/819
f 764/11/762 766/13/764 821/68/819
f 766/13/764 769/16/767 821/68/819
f 821/68/819 769/16/767 822/69/820
f 822/69/820 769/16/767 823/70/821
f 823/70/821 769/16/767 824/71/822
f 769/16/767 770/17/768 824/71/822
f 825/72/823 824/71/822 826/73/824
f 824/71/822 770/17/768 826/73/824
f 770/17/768 771/18/769 826/73/824
f 827/74/825 826/73/824 828/75/826
f 826/73/824 771/18/769 828/75/826
f 771/18/769 791/38/789 828/75/826
f 828/75/826 791/38/789 829/76/827
f 791/38/789 793/40/791 829/76/827
f 793/40/791 795/42/793 829/76/827
f 829/76/827 795/42/793 830/77/828
f 795/42/793 794/41/792 830/77/828
f 794/41/792 831/78/829 830/77/828
f 830/77/828 831/78/829 832/79/830
f 832/79/830 831/78/829 833/80/831
f 833/80/831 831/78/829 834/81/832
f 831/78/829 794/41/792 834/81/832
f 835/82/833 834/81/832 836/83/834
f 834/81/832 794/41/792 836/83/834
f 836/83/834 794/41/792 837/84/835
f 794/41/792 796/43/794 837/84/835
f 796/43/794 797/44/795 837/84/835
f 797/44/795 798/45/796 837/84/835
f 837/84/835 798/45/796 838/85/836
f 838/85/836 798/45/796 839/86/837
f 798/45/796 799/46/797 839/86/837
f 799/46/797 800/47/798 839/86/837
f 839/86/837 800/47/798 840/87/838
f 800/47/798 801/48/799 840/87/838
f 841/88/839 840/87/838 842/89/840
f 840/87/838 801/48/799 842/89/840
f 801/48/799 802/49/800 842/89/840
f 842/89/840 802/49/800 843/90/841
f 802/49/800 803/50/801 843/90/841
f 844/91/842 843/90/841 845/92/843
f 843/90/841 803/50/801 845/92/843
f 845/92/843 803/50/801 846/93/844
f 803/50/801 804/51/802 846/93/844
f 804/51/802 805/52/803 846/93/844
f 846/93/844 805/52/803 847/94/845
f 847/94/845 805/52/803 848/95/846
f 805/52/803 806/53/804 848/95/846
f 848/95/846 806/53/804 849/96/847
f 806/53/804 807/54/805 849/96/847
f 849/96/847 807/54/805 850/97/848
f 807/54/805 808/55/806 850/97/848
f 808/55/806 809/56/807 850/97/848
f 850/97/848 809/56/807 851/98/849
f 809/56/807 810/57/808 851/98/849
f 810/57/808 811/58/809 851/98/849
f 851/98/849 811/58/809 852/99/850
f 811/58/809 812/59/810 852/99/850
f 812/59/810 813/60/811 852/99/850
f 813/60/811 814/61/812 852/99/850
f 852/99/850 814/61/812 853/100/851
f 814/61/812 815/62/813 853/100/851
f 815/62/813 816/63/814 853/100/851
f 816/63/814 817/64/815 853/100/851
f 853/100/851 817/64/815 854/101/852
f 817/64/815 818/65/816 854/101/852
f 818/65/816 763/10/761 854/101/852
f 763/10/761 756/3/754 854/101/852
f 854/101/852 756/3/754 855/102/853
f 756/3/754 757/4/755 855/102/853
f 855/102/853 757/4/755 856/103/854
f 757/4/755 758/5/756 856/103/854
f 856/103/854 758/5/756 857/104/855
f 758/5/756 858/105/856 857/104/855
f 857/104/855 858/105/856 859/106/857
f 859/106/857 858/105/856 860/107/858
f 860/107/858 858/105/856 861/108/859
f 858/105/856 758/5/756 861/108/859
f 861/108/859 758/5/756 862/109/860
f 862/109/860 758/5/756 863/110/861
f 758/5/756 759/6/757 863/110/861
f 759/6/757 760/7/758 863/110/861
f 863/110/861 760/7/758 864/111/862
f 864/111/862 760/7/758 865/112/863
f 760/7/758 761/8/759 865/112/863
f 865/112/863 761/8/759 866/113/864
f 761/8/759 762/9/760 866/113/864
f 866/113/864 762/9/760 867/114/865
f 762/9/760 763/10/761 867/114/865
f 867/114/865 763/10/761 868/115/866
f 763/10/761 819/66/817 868/115/866
f 868/115/866 819/66/817 869/116/867
f 819/66/817 820/67/818 869/116/867
f 869/116/867 820/67/818 870/117/868
f 820/67/818 821/68/819 870/117/868
f 821/68/819 822/69/820 870/117/868
f 822/69/820 871/118/869 870/117/868
f 870/117/868 871/118/869 872/119/870
f 873/120/871 874/121/872 875/122/873
f 874/121/872 872/119/870 875/122/873
f 872/119/870 871/118/869 875/122/873
f 871/118/869 822/69/820 875/122/873
f 875/122/873 822/69/820 876/123/874
f 822/69/820 823/70/821 876/123/874
f 876/123/874 823/70/821 877/124/875
f 823/70/821 824/71/822 877/124/875
f 824/71/822 825/72/823 877/124/875
f 878/125/876 877/124/875 879/126/877
f 877/124/875 825/72/823 879/126/877
f 879/126/877 825/72/823 880/127/878
f 825/72/823 826/73/824 880/127/878
f 826/73/824 827/74/825 880/127/878
f 880/127/878 827/74/825 881/128/879
f 882/129/880 881/128/879 883/130/881
f 881/128/879 827/74/825 883/130/881
f 883/130/881 827/74/825 884/131/882
f 827/74/825 828/75/826 884/131/882
f 828/75/826 829/76/827 884/131/882
f 884/131/882 829/76/827 885/132/883
f 829/76/827 830/77/828 885/132/883
f 885/132/883 830/77/828 886/133/884
f 830/77/828 832/79/830 886/133/884
f 886/133/884 832/79/830 887/134/885
f 887/134/885 832/79/830 888/135/886
f 888/135/886 832/79/830 889/136/887
f 832/79/830 833/80/831 889/136/887
f 833/80/831 834/81/832 889/136/887
f 834/81/832 835/82/833 889/136/887
f 889/136/887 835/82/833 890/137/888
f 890/137/888 835/82/833 891/138/889
f 835/82/833 836/83/834 891/138/889
f 836/83/834 837/84/835 891/138/889
f 837/84/835 838/85/836 891/138/889
f 891/138/889 838/85/836 892/139/890
f 838/85/836 839/86/837 892/139/890
f 892/139/890 839/86/837 893/140/891
f 839/86/837 840/87/838 893/140/891
f 840/87/838 841/88/839 893/140/891
f 893/140/891 841/88/839 894/141/892
f 894/141/892 841/88/839 895/142/893
f 841/88/839 842/89/840 895/142/893
f 842/89/840 843/90/841 895/142/893
f 843/90/841 844/91/842 895/142/893
f 895/142/893 844/91/842 896/143/894
f 896/143/894 844/91/842 897/144/895
f 897/144/895 844/91/842 898/145/896
f 844/91/842 845/92/843 898/145/896
f 898/145/896 845/92/843 899/146/897
f 845/92/843 846/93/844 899/146/897
f 846/93/844 847/94/845 899/146/897
f 899/146/897 847/94/845 900/147/898
f 900/147/898 847/94/845 901/148/899
f 847/94/845 848/95/846 901/148/899
f 901/148/899 848/95/846 902/149/900
f 848/95/846 849/96/847 902/149/900
f 849/96/847 850/97/848 902/149/900
f 902/149/900 850/97/848 903/150/901
f 850/97/848 851/98/849 903/150/901
f 851/98/849 852/99/850 903/150/901
f 852/99/850 853/100/851 903/150/901
f 903/150/901 853/100/851 904/151/902
f 853/100/851 854/101/852 904/151/902
f 854/101/852 855/102/853 904/151/902
f 904/151/902 855/102/853 905/152/903
f 855/102/853 856/103/854 905/152/903
f 905/152/903 856/103/854 906/153/904
f 856/103/854 857/104/855 906/153/904
f 906/153/904 857/104/855 907/154/905
f 908/155/906 907/154/905 909/156/907
f 909/156/907 907/154/905 910/157/908
f 907/154/905 857/104/855 910/157/908
f 857/104/855 859/106/857 910/157/908
f 859/106/857 911/158/909 910/157/908
f 910/157/908 911/158/909 912/159/910
f 913/160/911 912/159/910 914/161/912
f 914/161/912 912/159/910 915/162/913
f 915/162/913 912/159/910 916/163/914
f 912/159/910 911/158/909 916/163/914
f 916/163/914 911/158/909 917/164/915
f 911/158/909 859/106/857 917/164/915
f 859/106/857 860/107/858 917/164/915
f 917/164/915 860/107/858 918/165/916
f 860/107/858 861/108/859 918/165/916
f 861/108/859 862/109/860 918/165/916
f 918/165/916 862/109/860 919/166/917
f 862/109/860 863/110/861 919/166/917
f 863/110/861 864/111/862 919/166/917
f 919/166/917 864/111/862 920/167/918
f 864/111/862 865/112/863 920/167/918
f 920/167/918 865/112/863 921/168/919
f 865/112/863 866/113/864 921/168/919
f 922/169/920 921/168/919 923/170/921
f 921/168/919 866/113/864 923/170/921
f 866/113/864 867/114/865 923/170/921
f 923/170/921 867/114/865 924/171/922
f 867/114/865 868/115/866 924/171/922
f 868/115/866 869/116/867 924/171/922
f 869/116/867 870/117/868 924/171/922
f 870/117/868 872/119/870 924/171/922
f 924/171/922 872/119/870 925/172/923
f 872/119/870 874/121/872 925/172/923
f 925/172/923 874/121/872 926/173/924
f 926/173/924 874/121/872 927/174/925
f 874/121/872 873/120/871 927/174/925
f 927/174/925 873/120/871 928/175/926
f 873/120/871 875/122/873 928/175/926
f 875/122/873 876/123/874 928/175/926
f 928/175/926 876/123/874 929/176/927
f 876/123/874 877/124/875 929/176/927
f 877/124/875 878/125/876 929/176/927
f 929/176/927 878/125/876 930/177/928
f 930/177/928 878/125/876 931/178/929
f 878/125/876 879/126/877 931/178/929
f 879/126/877 880/127/878 931/178/929
f 880/127/878 881/128/879 931/178/929
f 931/178/929 881/128/879 933/179/930
f 933/179/930 881/128/879 934/180/931
f 881/128/879 882/129/880 934/180/931
f 882/129/880 935/181/932 934/180/931
f 934/180/931 935/181/932 936/182/933
f 937/183/934 938/184/935 939/185/936
f 938/184/935 936/182/933 939/185/936
f 939/185/936 936/182/933 940/186/937
f 936/182/933 935/181/932 940/186/937
f 940/186/937 935/181/932 941/187/938
f 941/187/938 935/181/932 942/188/939
f 935/181/932 882/129/880 942/188/939
f 942/188/939 882/129/880 943/189/940
f 882/129/880 883/130/881 943/189/940
f 883/130/881 884/131/882 943/189/940
f 943/189/940 884/131/882 944/190/941
f 884/131/882 885/132/883 944/190/941
f 885/132/883 886/133/884 944/190/941
f 944/190/941 886/133/884 945/191/942
f 886/133/884 887/134/885 945/191/942
f 945/191/942 887/134/885 946/192/943
f 887/134/885 888/135/886 946/192/943
f 946/192/943 888/135/886 947/193/944
f 947/193/944 888/135/886 948/194/945
f 888/135/886 889/136/887 948/194/945
f 889/136/887 890/137/888 948/194/945
f 948/194/945 890/137/888 949/195/946
f 890/137/888 891/138/889 949/195/946
f 891/138/889 892/139/890 949/195/946
f 949/195/946 892/139/890 950/196/947
f 950/196/947 892/139/890 951/197/948
f 892/139/890 893/140/891 951/197/948
f 893/140/891 894/141/892 951/197/948
f 951/197/948 894/141/892 952/198/949
f 894/141/892 895/142/893 952/198/949
f 895/142/893 896/143/894 952/198/949
f 952/198/949 896/143/894 953/199/950
f 896/143/894 897/144/895 953/199/950
f 954/200/951 955/201/952 956/202/953
f 955/201/952 957/203/954 956/202/953
f 956/202/953 957/203/954 958/204/955
f 957/203/954 959/205/956 958/204/955
f 958/204/955 959/205/956 960/206/957
f 959/205/956 961/207/958 960/206/957
f 960/206/957 961/207/958 962/208/959
f 961/207/958 953/199/950 962/208/959
f 953/199/950 897/144/895 962/208/959
f 962/208/959 897/144/895 963/209/960
f 897/144/895 898/145/896 963/209/960
f 963/209/960 898/145/896 964/210/961
f 898/145/896 899/146/897 964/210/961
f 899/146/897 900/147/898 964/210/961
f 964/210/961 900/147/898 965/211/962
f 965/211/962 900/147/898 966/212/963
f 900/147/898 901/148/899 966/212/963
f 901/148/899 902/149/900 966/212/963
f 966/212/963 902/149/900 967/213/964
f 902/149/900 903/150/901 967/213/964
f 903/150/901 904/151/902 967/213/964
f 967/213/964 904/151/902 968/214/965
f 904/151/902 905/152/903 968/214/965
f 968/214/965 905/152/903 969/215/966
f 969/215/966 905/152/903 970/216/967
f 905/152/903 906/153/904 970/216/967
f 970/216/967 906/153/904 971/217/968
f 906/153/904 907/154/905 971/217/968
f 907/154/905 908/155/906 971/217/968
f 972/218/969 971/217/968 973/219/970
f 971/217/968 908/155/906 973/219/970
f 973/219/970 908/155/906 974/220/971
f 908/155/906 909/156/907 974/220/971
f 974/220/971 909/156/907 975/221/972
f 975/221/972 909/156/907 976/222/973
f 909/156/907 910/157/908 976/222/973
f 910/157/908 912/159/910 976/222/973
f 912/159/910 913/160/911 976/222/973
f 976/222/973 913/160/911 977/223/974
f 913/160/911 914/161/912 977/223/974
f 978/224/975 977/223/974 979/225/976
f 979/225/976 977/223/974 980/226/977
f 977/223/974 914/161/912 980/226/977
f 981/227/978 980/226/977 982/228/979
f 980/226/977 914/161/912 982/228/979
f 982/228/979 914/161/912 983/229/980
f 983/229/980 914/161/912 984/230/981
f 914/161/912 915/162/913 984/230/981
f 984/230/981 915/162/913 985/231/982
f 915/162/913 916/163/914 985/231/982
f 985/231/982 916/163/914 986/232/983
f 916/163/914 917/164/915 986/232/983
f 917/164/915 918/165/916 986/232/983
f 986/232/983 918/165/916 987/233/984
f 918/165/916 919/166/917 987/233/984
f 987/233/984 919/166/917 988/234/985
f 919/166/917 920/167/918 988/234/985
f 988/234/985 920/167/918 989/235/986
f 920/167/918 921/168/919 989/235/986
f 921/168/919 922/169/920 989/235/986
f 989/235/986 922/169/920 990/236/987
f 922/169/920 923/170/921 990/236/987
f 990/236/987 923/170/921 991/237/988
f 923/170/921 924/171/922 991/237/988
f 924/171/922 925/172/923 991/237/988
f 991/237/988 925/172/923 992/238/989
f 925/172/923 926/173/924 992/238/989
f 992/238/989 926/173/924 993/239/990
f 926/173/924 927/174/925 993/239/990
f 993/239/990 927/174/925 994/240/991
f 927/174/925 928/175/926 994/240/991
f 994/240/991 928/175/926 995/241/992
f 995/241/992 928/175/926 996/242/993
f 928/175/926 929/176/927 996/242/993
f 929/176/927 930/177/928 996/242/993
f 996/242/993 930/177/928 997/243/994
f 930/177/928 931/178/929 997/243/994
f 997/243/994 931/178/929 999/244/995
f 931/178/929 933/179/930 999/244/995
f 998/244/996 932/179/997 1001/245/998
f 1000/245/999 933/179/930 1002/246/1000
f 933/179/930 934/180/931 1002/246/1000
f 934/180/931 936/182/933 1002/246/1000
f 1002/246/1000 936/182/933 1003/247/1001
f 936/182/933 938/184/935 1003/247/1001
f 938/184/935 937/183/934 1003/247/1001
f 1003/247/1001 937/183/934 1004/248/1002
f 1005/249/1003 1004/248/1002 1006/250/1004
f 1004/248/1002 937/183/934 1006/250/1004
f 1007/251/1003 1006/250/1004 1008/252/1005
f 1006/250/1004 937/183/934 1008/252/1005
f 1008/252/1005 937/183/934 1009/253/1006
f 937/183/934 939/185/936 1009/253/1006
f 939/185/936 940/186/937 1009/253/1006
f 1009/253/1006 940/186/937 1010/254/1007
f 940/186/937 941/187/938 1010/254/1007
f 1010/254/1007 941/187/938 1011/255/1008
f 1011/255/1008 941/187/938 1012/256/1009
f 941/187/938 942/188/939 1012/256/1009
f 942/188/939 943/189/940 1012/256/1009
f 1012/256/1009 943/189/940 1013/257/1010
f 943/189/940 944/190/941 1013/257/1010
f 1013/257/1010 944/190/941 1014/258/1011
f 944/190/941 945/191/942 1014/258/1011
f 1014/258/1011 945/191/942 1015/259/1012
f 945/191/942 946/192/943 1015/259/1012
f 1015/259/1012 946/192/943 1016/260/1013
f 946/192/943 947/193/944 1016/260/1013
f 947/193/944 948/194/945 1016/260/1013
f 1016/260/1013 948/194/945 1017/261/1014
f 948/194/945 949/195/946 1017/261/1014
f 1017/261/1014 949/195/946 1018/262/1015
f 949/195/946 950/196/947 1018/262/1015
f 1018/262/1015 950/196/947 1019/263/1016
f 950/196/947 951/197/948 1019/263/1016
f 1019/263/1016 951/197/948 1020/264/1017
f 951/197/948 952/198/949 1020/264/1017
f 1020/264/1017 952/198/949 1021/265/1018
f 1021/265/1018 952/198/949 1022/266/1019
f 952/198/949 953/199/950 1022/266/1019
f 1022/266/1019 953/199/950 1023/267/1020
f 953/199/950 961/207/958 1023/267/1020
f 961/207/958 959/205/956 1023/267/1020
f 1023/267/1020 959/205/956 1024/268/1021
f 959/205/956 957/203/954 1024/268/1021
f 1024/268/1021 957/203/954 1025/269/1022
f 957/203/954 955/201/952 1025/269/1022
f 1025/269/1022 955/201/952 1026/270/1023
f 1026/270/1023 955/201/952 1027/271/1024
f 1027/271/1024 955/201/952 1028/272/1025
f 955/201/952 954/200/951 1028/272/1025
f 1029/273/1026 1030/274/1027 1031/275/1028
f 1032/276/1029 1031/275/1028 1033/277/1030
f 1033/277/1030 1031/275/1028 1034/278/1031
f 1031/275/1028 1030/274/1027 1034/278/1031
f 1034/278/1031 1030/274/1027 1035/279/1032
f 1035/279/1032 1030/274/1027 1036/280/1033
f 1030/274/1027 1029/273/1026 1036/280/1033
f 1036/280/1033 1029/273/1026 1037/281/1034
f 1038/282/1035 1039/283/1036 1040/284/1037
f 1041/285/1038 1042/286/1039 1043/287/1040
f 1044/288/1041 1045/289/1042 1046/290/1043
f 1047/291/1044 1048/292/1045 1049/293/1046
f 1049/293/1046 1048/292/1045 1050/294/1047
f 1050/294/1047 1048/292/1045 1051/295/1048
f 1052/296/1049 1053/297/1050 1054/298/1051
f 1053/297/1050 1055/299/1052 1054/298/1051
f 1054/298/1051 1055/299/1052 1056/300/1053
f 1046/290/1043 1057/301/1054 1058/302/1055
f 1057/301/1054 1056/300/1053 1058/302/1055
f 1056/300/1053 1055/299/1052 1058/302/1055
f 1058/302/1055 1055/299/1052 1059/303/1056
f 1055/299/1052 1053/297/1050 1059/303/1056
f 1053/297/1050 1051/295/1048 1059/303/1056
f 1059/303/1056 1051/295/1048 1060/304/1057
f 1051/295/1048 1048/292/1045 1060/304/1057
f 1060/304/1057 1048/292/1045 1061/305/1058
f 1048/292/1045 1047/291/1044 1061/305/1058
f 1061/305/1058 1047/291/1044 1062/306/1059
f 1062/306/1059 1047/291/1044 1063/307/1060
f 1063/307/1060 1047/291/1044 1064/308/1061
f 1047/291/1044 1049/293/1046 1064/308/1061
f 1049/293/1046 1065/309/1062 1064/308/1061
f 1064/308/1061 1065/309/1062 1066/310/1063
f 1067/311/1064 1068/312/1065 1069/313/1066
f 1068/312/1065 1070/314/1067 1069/313/1066
f 1070/314/1067 1066/310/1063 1069/313/1066
f 1066/310/1063 1065/309/1062 1069/313/1066
f 1069/313/1066 1065/309/1062 1071/315/1068
f 1065/309/1062 1049/293/1046 1071/315/1068
f 1049/293/1046 1050/294/1047 1071/315/1068
f 1071/315/1068 1050/294/1047 1072/316/1069
f 1072/316/1069 1050/294/1047 1073/317/1070
f 1050/294/1047 1051/295/1048 1073/317/1070
f 1051/295/1048 1053/297/1050 1073/317/1070
f 1053/297/1050 1052/296/1049 1073/317/1070
f 1052/296/1049 1074/318/1071 1073/317/1070
f 1073/317/1070 1074/318/1071 1075/319/1072
f 1075/319/1072 1074/318/1071 1076/320/1073
f 1074/318/1071 1052/296/1049 1076/320/1073
f 1052/296/1049 1054/298/1051 1076/320/1073
f 1076/320/1073 1054/298/1051 1077/321/1074
f 1054/298/1051 1056/300/1053 1077/321/1074
f 1078/322/1075 1077/321/1074 1079/323/1076
f 1077/321/1074 1056/300/1053 1079/323/1076
f 1056/300/1053 1057/301/1054 1079/323/1076
f 1079/323/1076 1057/301/1054 1080/324/1077
f 1080/324/1077 1057/301/1054 1081/325/1078
f 1057/301/1054 1046/290/1043 1081/325/1078
f 1046/290/1043 1045/289/1042 1081/325/1078
f 1081/325/1078 1045/289/1042 1082/326/1079
f 1045/289/1042 1044/288/1041 1082/326/1079
f 1082/326/1079 1044/288/1041 1083/327/1080
f 1083/327/1080 1044/288/1041 1084/328/1081
f 1084/328/1081 1044/288/1041 1085/329/1082
f 1085/329/1082 1044/288/1041 1086/330/1083
f 1044/288/1041 1046/290/1043 1086/330/1083
f 1043/287/1040 1086/330/1083 1087/331/1084
f 1086/330/1083 1046/290/1043 1087/331/1084
f 1046/290/1043 1058/302/1055 1087/331/1084
f 1058/302/1055 1059/303/1056 1087/331/1084
f 1087/331/1084 1059/303/1056 1088/332/1085
f 1059/303/1056 1060/304/1057 1088/332/1085
f 1060/304/1057 1061/305/1058 1088/332/1085
f 1088/332/1085 1061/305/1058 1089/333/1086
f 1061/305/1058 1062/306/1059 1089/333/1086
f 1089/333/1086 1062/306/1059 1090/334/1087
f 1090/334/1087 1062/306/1059 1091/335/1088
f 1062/306/1059 1063/307/1060 1091/335/1088
f 1091/335/1088 1063/307/1060 1092/336/1089
f 1092/336/1089 1063/307/1060 1093/337/1090
f 1063/307/1060 1064/308/1061 1093/337/1090
f 1064/308/1061 1066/310/1063 1093/337/1090
f 1066/310/1063 1070/314/1067 1093/337/1090
f 1070/314/1067 1068/312/1065 1093/337/1090
f 1093/337/1090 1068/312/1065 1094/338/1091
f 1068/312/1065 1067/311/1064 1094/338/1091
f 1094/338/1091 1067/311/1064 1095/339/1092
f 1067/311/1064 1069/313/1066 1095/339/1092
f 1069/313/1066 1071/315/1068 1095/339/1092
f 1071/315/1068 1072/316/1069 1095/339/1092
f 1095/339/1092 1072/316/1069 1096/340/1093
f 1096/340/1093 1072/316/1069 1097/341/1094
f 1072/316/1069 1073/317/1070 1097/341/1094
f 1073/317/1070 1075/319/1072 1097/341/1094
f 1097/341/1094 1075/319/1072 1098/342/1095
f 1098/342/1095 1075/319/1072 1099/343/1096
f 1075/319/1072 1076/320/1073 1099/343/1096
f 1076/320/1073 1077/321/1074 1099/343/1096
f 1077/321/1074 1078/322/1075 1099/343/1096
f 1099/343/1096 1078/322/1075 1100/344/1097
f 1101/345/1098 1100/344/1097 1102/346/1099
f 1100/344/1097 1078/322/1075 1102/346/1099
f 1102/346/1099 1078/322/1075 1103/347/1100
f 1078/322/1075 1079/323/1076 1103/347/1100
f 1079/323/1076 1080/324/1077 1103/347/1100
f 1103/347/1100 1080/324/1077 1104/348/1101
f 1080/324/1077 1081/325/1078 1104/348/1101
f 1104/348/1101 1081/325/1078 1105/349/1102
f 1081/325/1078 1082/326/1079 1105/349/1102
f 1105/349/1102 1082/326/1079 1106/350/1103
f 1107/351/1104 1106/350/1103 1108/352/1105
f 1106/350/1103 1082/326/1079 1108/352/1105
f 1082/326/1079 1083/327/1080 1108/352/1105
f 1083/327/1080 1084/328/1081 1108/352/1105
f 1108/352/1105 1084/328/1081 1109/353/1106
f 1084/328/1081 1085/329/1082 1109/353/1106
f 1109/353/1106 1085/329/1082 1110/354/1107
f 1085/329/1082 1086/330/1083 1110/354/1107
f 1086/330/1083 1111/355/1108 1110/354/1107
f 1110/354/1107 1111/355/1108 1112/356/1109
f 1112/356/1109 1111/355/1108 1113/357/1110
f 1111/355/1108 1086/330/1083 1113/357/1110
f 1086/330/1083 1043/287/1040 1113/357/1110
f 1043/287/1040 1042/286/1039 1113/357/1110
f 1113/357/1110 1042/286/1039 1114/358/1111
f 1115/359/1112 1114/358/1111 1116/360/1113
f 1116/360/1113 1114/358/1111 1117/361/1114
f 1114/358/1111 1042/286/1039 1117/361/1114
f 1117/361/1114 1042/286/1039 1118/362/1115
f 1042/286/1039 1041/285/1038 1118/362/1115
f 1118/362/1115 1041/285/1038 1119/363/1116
f 1120/364/1117 1121/365/1118 1122/366/1119
f 1123/367/1120 1122/366/1119 1124/368/1121
f 1122/366/1119 1121/365/1118 1124/368/1121
f 1124/368/1121 1121/365/1118 1125/369/1122
f 1126/370/1123 1125/369/1122 1127/371/1124
f 1125/369/1122 1121/365/1118 1127/371/1124
f 1121/365/1118 1120/364/1117 1127/371/1124
f 1120/364/1117 1119/363/1116 1127/371/1124
f 1127/371/1124 1119/363/1116 1128/372/1125
f 1119/363/1116 1041/285/1038 1128/372/1125
f 1128/372/1125 1041/285/1038 1129/373/1126
f 1129/373/1126 1041/285/1038 1130/374/1127
f 1041/285/1038 1043/287/1040 1130/374/1127
f 1130/374/1127 1043/287/1040 1131/375/1128
f 1043/287/1040 1087/331/1084 1131/375/1128
f 1087/331/1084 1088/332/1085 1131/375/1128
f 1131/375/1128 1088/332/1085 1132/376/1129
f 1088/332/1085 1089/333/1086 1132/376/1129
f 1089/333/1086 1090/334/1087 1132/376/1129
f 1132/376/1129 1090/334/1087 1133/377/1130
f 1133/377/1130 1090/334/1087 1134/378/1131
f 1090/334/1087 1091/335/1088 1134/378/1131
f 1135/379/1132 1134/378/1131 1136/380/1133
f 1134/378/1131 1091/335/1088 1136/380/1133
f 1091/335/1088 1092/336/1089 1136/380/1133
f 1136/380/1133 1092/336/1089 1137/381/1134
f 1137/381/1134 1092/336/1089 1138/382/1135
f 1092/336/1089 1093/337/1090 1138/382/1135
f 1093/337/1090 1094/338/1091 1138/382/1135
f 1138/382/1135 1094/338/1091 1139/383/1136
f 1094/338/1091 1095/339/1092 1139/383/1136
f 1140/384/1137 1139/383/1136 1141/385/1138
f 1139/383/1136 1095/339/1092 1141/385/1138
f 1095/339/1092 1096/340/1093 1141/385/1138
f 1141/385/1138 1096/340/1093 1142/386/1139
f 1096/340/1093 1097/341/1094 1142/386/1139
f 1097/341/1094 1098/342/1095 1142/386/1139
f 1142/386/1139 1098/342/1095 1143/387/1140
f 1143/387/1140 1098/342/1095 1144/388/1141
f 1098/342/1095 1099/343/1096 1144/388/1141
f 1099/343/1096 1100/344/1097 1144/388/1141
f 1100/344/1097 1101/345/1098 1144/388/1141
f 1144/388/1141 1101/345/1098 1145/389/1142
f 1146/390/1143 1145/389/1142 1147/391/1144
f 1145/389/1142 1101/345/1098 1147/391/1144
f 1101/345/1098 1148/392/1145 1147/391/1144
f 1147/391/1144 1148/392/1145 1149/393/1146
f 1149/393/1146 1148/392/1145 1150/394/1147
f 1150/394/1147 1148/392/1145 1151/395/1148
f 1148/392/1145 1101/345/1098 1151/395/1148
f 1101/345/1098 1102/346/1099 1151/395/1148
f 1151/395/1148 1102/346/1099 1152/396/1149
f 1102/346/1099 1103/347/1100 1152/396/1149
f 1103/347/1100 1104/348/1101 1152/396/1149
f 1152/396/1149 1104/348/1101 1153/397/1150
f 1104/348/1101 1105/349/1102 1153/397/1150
f 1154/398/1151 1153/397/1150 1155/399/1152
f 1153/397/1150 1105/349/1102 1155/399/1152
f 1105/349/1102 1106/350/1103 1155/399/1152
f 1156/400/1153 1155/399/1152 1157/401/1154
f 1155/399/1152 1106/350/1103 1157/401/1154
f 1106/350/1103 1107/351/1104 1157/401/1154
f 1157/401/1154 1107/351/1104 1158/402/1155
f 1158/402/1155 1107/351/1104 1159/403/1156
f 1159/403/1156 1107/351/1104 1160/404/1157
f 1107/351/1104 1108/352/1105 1160/404/1157
f 1108/352/1105 1109/353/1106 1160/404/1157
f 1160/404/1157 1109/353/1106 1161/405/1158
f 1109/353/1106 1110/354/1107 1161/405/1158
f 1161/405/1158 1110/354/1107 1162/406/1159
f 1110/354/1107 1112/356/1109 1162/406/1159
f 1162/406/1159 1112/356/1109 1163/407/1160
f 1112/356/1109 1113/357/1110 1163/407/1160
f 1113/357/1110 1114/358/1111 1163/407/1160
f 1114/358/1111 1115/359/1112 1163/407/1160
f 1163/407/1160 1115/359/1112 1164/408/1161
f 1164/408/1161 1115/359/1112 1165/409/1162
f 1165/409/1162 1115/359/1112 1166/410/1163
f 1115/359/1112 1116/360/1113 1166/410/1163
f 1166/410/1163 1116/360/1113 1167/411/1164
f 1116/360/1113 1117/361/1114 1167/411/1164
f 1167/411/1164 1117/361/1114 1168/412/1165
f 1117/361/1114 1118/362/1115 1168/412/1165
f 1169/413/1166 1168/412/1165 1170/414/1167
f 1168/412/1165 1118/362/1115 1170/414/1167
f 1118/362/1115 1119/363/1116 1170/414/1167
f 1119/363/1116 1120/364/1117 1170/414/1167
f 1170/414/1167 1120/364/1117 1171/415/1168
f 1120/364/1117 1122/366/1119 1171/415/1168
f 1171/415/1168 1122/366/1119 1172/416/1169
f 1122/366/1119 1123/367/1120 1172/416/1169
f 1040/284/1037 1172/416/1169 1173/417/1170
f 1172/416/1169 1123/367/1120 1173/417/1170
f 1123/367/1120 1124/368/1121 1173/417/1170
f 1124/368/1121 1125/369/1122 1173/417/1170
f 1173/417/1170 1125/369/1122 1174/418/1171
f 1125/369/1122 1126/370/1123 1174/418/1171
f 1174/418/1171 1126/370/1123 1175/419/1172
f 1126/370/1123 1127/371/1124 1175/419/1172
f 1127/371/1124 1128/372/1125 1175/419/1172
f 1128/372/1125 1129/373/1126 1175/419/1172
f 1175/419/1172 1129/373/1126 1176/420/1173
f 1176/420/1173 1129/373/1126 1177/421/1174
f 1129/373/1126 1130/374/1127 1177/421/1174
f 1130/374/1127 1131/375/1128 1177/421/1174
f 1131/375/1128 1132/376/1129 1177/421/1174
f 1132/376/1129 1133/377/1130 1177/421/1174
f 1177/421/1174 1133/377/1130 1178/422/1175
f 1178/422/1175 1133/377/1130 1179/423/1176
f 1133/377/1130 1134/378/1131 1179/423/1176
f 1134/378/1131 1135/379/1132 1179/423/1176
f 1179/423/1176 1135/379/1132 1180/424/1177
f 1181/425/1178 1180/424/1177 1182/426/1179
f 1182/426/1179 1180/424/1177 1183/427/1180
f 1180/424/1177 1135/379/1132 1183/427/1180
f 1183/427/1180 1135/379/1132 1184/428/1181
f 1135/379/1132 1136/380/1133 1184/428/1181
f 1136/380/1133 1137/381/1134 1184/428/1181
f 1184/428/1181 1137/381/1134 1185/429/1182
f 1185/429/1182 1137/381/1134 1186/430/1183
f 1137/381/1134 1138/382/1135 1186/430/1183
f 1138/382/1135 1139/383/1136 1186/430/1183
f 1139/383/1136 1140/384/1137 1186/430/1183
f 1186/430/1183 1140/384/1137 1187/431/1184
f 1187/431/1184 1140/384/1137 1188/432/1185
f 1140/384/1137 1141/385/1138 1188/432/1185
f 1141/385/1138 1142/386/1139 1188/432/1185
f 1188/432/1185 1142/386/1139 1189/433/1186
f 1142/386/1139 1143/387/1140 1189/433/1186
f 1189/433/1186 1143/387/1140 1190/434/1187
f 1143/387/1140 1144/388/1141 1190/434/1187
f 1144/388/1141 1145/389/1142 1190/434/1187
f 1145/389/1142 1146/390/1143 1190/434/1187
f 1190/434/1187 1146/390/1143 1191/435/1188
f 1191/435/1188 1146/390/1143 1192/436/1189
f 1146/390/1143 1147/391/1144 1192/436/1189
f 1147/391/1144 1149/393/1146 1192/436/1189
f 1149/393/1146 1150/394/1147 1192/436/1189
f 1192/436/1189 1150/394/1147 1193/437/1190
f 1193/437/1190 1150/394/1147 1194/438/1191
f 1194/438/1191 1150/394/1147 1195/439/1192
f 1150/394/1147 1151/395/1148 1195/439/1192
f 1195/439/1192 1151/395/1148 1196/440/1193
f 1151/395/1148 1152/396/1149 1196/440/1193
f 1196/440/1193 1152/396/1149 1197/441/1194
f 1152/396/1149 1153/397/1150 1197/441/1194
f 1153/397/1150 1154/398/1151 1197/441/1194
f 1197/441/1194 1154/398/1151 1198/442/1195
f 1199/443/1196 1198/442/1195 1200/444/1197
f 1198/442/1195 1154/398/1151 1200/444/1197
f 1200/444/1197 1154/398/1151 1201/445/1198
f 1154/398/1151 1155/399/1152 1201/445/1198
f 1155/399/1152 1156/400/1153 1201/445/1198
f 1201/445/1198 1156/400/1153 1202/446/1199
f 1203/447/1200 1202/446/1199 1204/448/1201
f 1202/446/1199 1156/400/1153 1204/448/1201
f 1156/400/1153 1157/401/1154 1204/448/1201
f 1157/401/1154 1158/402/1155 1204/448/1201
f 1204/448/1201 1158/402/1155 1205/449/1202
f 1158/402/1155 1159/403/1156 1205/449/1202
f 1205/449/1202 1159/403/1156 1206/450/1203
f 1159/403/1156 1207/451/1204 1206/450/1203
f 1208/452/1205 1206/450/1203 1209/453/1206
f 1209/453/1206 1206/450/1203 1210/454/1207
f 1206/450/1203 1207/451/1204 1210/454/1207
f 1210/454/1207 1207/451/1204 1211/455/1208
f 1207/451/1204 1159/403/1156 1211/455/1208
f 1159/403/1156 1160/404/1157 1211/455/1208
f 1160/404/1157 1161/405/1158 1211/455/1208
f 1211/455/1208 1161/405/1158 1212/456/1209
f 1161/405/1158 1162/406/1159 1212/456/1209
f 1212/456/1209 1162/406/1159 1213/457/1210
f 1162/406/1159 1163/407/1160 1213/457/1210
f 1213/457/1210 1163/407/1160 1214/458/1211
f 1163/407/1160 1164/408/1161 1214/458/1211
f 1214/458/1211 1164/408/1161 1215/459/1212
f 1164/408/1161 1165/409/1162 1215/459/1212
f 1215/459/1212 1165/409/1162 1216/460/1213
f 1165/409/1162 1166/410/1163 1216/460/1213
f 1216/460/1213 1166/410/1163 1217/461/1214
f 1217/461/1214 1166/410/1163 1218/462/1215
f 1166/410/1163 1167/411/1164 1218/462/1215
f 1167/411/1164 1168/412/1165 1218/462/1215
f 1218/462/1215 1168/412/1165 1219/463/1216
f 1219/463/1216 1168/412/1165 1220/464/1217
f 1168/412/1165 1169/413/1166 1220/464/1217
f 1220/464/1217 1169/413/1166 1221/465/1218
f 1221/465/1218 1169/413/1166 1222/466/1219
f 1169/413/1166 1170/414/1167 1222/466/1219
f 1170/414/1167 1171/415/1168 1222/466/1219
f 1222/466/1219 1171/415/1168 1223/467/1220
f 1223/467/1220 1171/415/1168 1224/468/1221
f 1171/415/1168 1172/416/1169 1224/468/1221
f 1224/468/1221 1172/416/1169 1225/469/1222
f 1225/469/1222 1172/416/1169 1226/470/1223
f 1172/416/1169 1040/284/1037 1226/470/1223
f 1040/284/1037 1039/283/1036 1226/470/1223
f 1226/470/1223 1039/283/1036 1227/471/1224
f 1228/472/1225 1227/471/1224 1229/473/1226
f 1227/471/1224 1039/283/1036 1229/473/1226
f 1229/473/1226 1039/283/1036 1230/474/1227
f 1039/283/1036 1038/282/1035 1230/474/1227
f 1230/474/1227 1038/282/1035 1231/475/1228
f 1231/475/1228 1038/282/1035 1232/476/1229
f 1038/282/1035 1040/284/1037 1232/476/1229
f 1232/476/1229 1040/284/1037 1233/477/1230
f 1040/284/1037 1173/417/1170 1233/477/1230
f 1173/417/1170 1174/418/1171 1233/477/1230
f 1174/418/1171 1175/419/1172 1233/477/1230
f 1233/477/1230 1175/419/1172 1234/478/1231
f 1175/419/1172 1176/420/1173 1234/478/1231
f 1234/478/1231 1176/420/1173 1235/479/1232
f 1176/420/1173 1177/421/1174 1235/479/1232
f 1177/421/1174 1178/422/1175 1235/479/1232
f 1235/479/1232 1178/422/1175 1236/480/1233
f 1236/480/1233 1178/422/1175 1237/481/1234
f 1178/422/1175 1179/423/1176 1237/481/1234
f 1179/423/1176 1180/424/1177 1237/481/1234
f 1237/481/1234 1180/424/1177 1238/482/1235
f 1180/424/1177 1181/425/1178 1238/482/1235
f 1181/425/1178 1239/483/1236 1238/482/1235
f 1240/484/1237 1238/482/1235 1241/485/1238
f 1238/482/1235 1239/483/1236 1241/485/1238
f 1241/485/1238 1239/483/1236 1242/486/1239
f 1242/486/1239 1239/483/1236 1243/487/1240
f 1239/483/1236 1181/425/1178 1243/487/1240
f 1243/487/1240 1181/425/1178 1244/488/1241
f 1181/425/1178 1182/426/1179 1244/488/1241
f 1244/488/1241 1182/426/1179 1245/489/1242
f 1182/426/1179 1183/427/1180 1245/489/1242
f 1245/489/1242 1183/427/1180 1246/490/1243
f 1183/427/1180 1184/428/1181 1246/490/1243
f 1184/428/1181 1185/429/1182 1246/490/1243
f 1246/490/1243 1185/429/1182 1247/491/1244
f 1185/429/1182 1186/430/1183 1247/491/1244
f 1186/430/1183 1187/431/1184 1247/491/1244
f 1247/491/1244 1187/431/1184 1248/492/1245
f 1187/431/1184 1188/432/1185 1248/492/1245
f 1188/432/1185 1189/433/1186 1248/492/1245
f 1248/492/1245 1189/433/1186 1249/493/1246
f 1249/493/1246 1189/433/1186 1250/494/1247
f 1189/433/1186 1190/434/1187 1250/494/1247
f 1190/434/1187 1191/435/1188 1250/494/1247
f 1250/494/1247 1191/435/1188 1251/495/1248
f 1191/435/1188 1192/436/1189 1251/495/1248
f 1192/436/1189 1193/437/1190 1251/495/1248
f 1251/495/1248 1193/437/1190 1252/496/1249
f 1252/496/1249 1193/437/1190 1253/497/1250
f 1193/437/1190 1194/438/1191 1253/497/1250
f 1253/497/1250 1194/438/1191 1254/498/1251
f 1194/438/1191 1195/439/1192 1254/498/1251
f 1254/498/1251 1195/439/1192 1255/499/1252
f 1195/439/1192 1196/440/1193 1255/499/1252
f 1196/440/1193 1197/441/1194 1255/499/1252
f 1255/499/1252 1197/441/1194 1256/500/1253
f 1197/441/1194 1198/442/1195 1256/500/1253
f 1198/442/1195 1199/443/1196 1256/500/1253
f 1256/500/1253 1199/443/1196 1257/501/1254
f 1199/443/1196 1258/502/1255 1257/501/1254
f 1257/501/1254 1258/502/1255 1259/503/1256
f 1259/503/1256 1258/502/1255 1260/504/1257
f 1261/505/1258 1262/506/1259 1263/507/1260
f 1263/507/1260 1262/506/1259 1264/508/1261
f 1262/506/1259 1260/504/1257 1264/508/1261
f 1260/504/1257 1258/502/1255 1264/508/1261
f 1264/508/1261 1258/502/1255 1265/509/1262
f 1258/502/1255 1199/443/1196 1265/509/1262
f 1199/443/1196 1200/444/1197 1265/509/1262
f 1265/509/1262 1200/444/1197 1267/510/1263
f 1267/510/1263 1200/444/1197 1268/511/1264
f 1200/444/1197 1201/445/1198 1268/511/1264
f 1201/445/1198 1202/446/1199 1268/511/1264
f 1268/511/1264 1202/446/1199 1269/512/1265
f 1202/446/1199 1203/447/1200 1269/512/1265
f 1269/512/1265 1203/447/1200 1270/513/1266
f 1203/447/1200 1204/448/1201 1270/513/1266
f 1204/448/1201 1205/449/1202 1270/513/1266
f 1270/513/1266 1205/449/1202 1271/514/1267
f 1205/449/1202 1206/450/1203 1271/514/1267
f 1206/450/1203 1208/452/1205 1271/514/1267
f 1271/514/1267 1208/452/1205 1272/515/1268
f 1208/452/1205 1209/453/1206 1272/515/1268
f 1272/515/1268 1209/453/1206 1273/516/1269
f 1273/516/1269 1209/453/1206 1274/517/1270
f 1209/453/1206 1210/454/1207 1274/517/1270
f 1274/517/1270 1210/454/1207 1275/518/1271
f 1210/454/1207 1211/455/1208 1275/518/1271
f 1211/455/1208 1212/456/1209 1275/518/1271
f 1212/456/1209 1213/457/1210 1275/518/1271
f 1213/457/1210 1214/458/1211 1275/518/1271
f 1275/518/1271 1214/458/1211 1276/519/1272
f 1214/458/1211 1215/459/1212 1276/519/1272
f 1277/520/1273 1276/519/1272 1278/521/1274
f 1276/519/1272 1215/459/1212 1278/521/1274
f 1215/459/1212 1216/460/1213 1278/521/1274
f 1278/521/1274 1216/460/1213 1279/522/1275
f 1216/460/1213 1217/461/1214 1279/522/1275
f 1279/522/1275 1217/461/1214 1280/523/1276
f 1217/461/1214 1218/462/1215 1280/523/1276
f 1218/462/1215 1219/463/1216 1280/523/1276
f 1280/523/1276 1219/463/1216 1281/524/1277
f 1219/463/1216 1220/464/1217 1281/524/1277
f 1220/464/1217 1221/465/1218 1281/524/1277
f 1281/524/1277 1221/465/1218 1282/525/1278
f 1221/465/1218 1222/466/1219 1282/525/1278
f 1222/466/1219 1223/467/1220 1282/525/1278
f 1282/525/1278 1223/467/1220 1283/526/1279
f 1223/467/1220 1224/468/1221 1283/526/1279
f 1283/526/1279 1224/468/1221 1284/527/1280
f 1284/527/1280 1224/468/1221 1285/528/1281
f 1224/468/1221 1225/469/1222 1285/528/1281
f 1225/469/1222 1226/470/1223 1285/528/1281
f 1285/528/1281 1226/470/1223 1286/529/1282
f 1226/470/1223 1227/471/1224 1286/529/1282
f 1227/471/1224 1228/472/1225 1286/529/1282
f 1286/529/1282 1228/472/1225 1287/530/1283
f 1288/531/1284 1289/532/1285 1290/533/1286
f 1289/532/1285 1291/534/1287 1290/533/1286
f 1290/533/1286 1291/534/1287 1292/535/1288
f 1292/535/1288 1291/534/1287 1293/536/1289
f 1294/537/1290 1295/538/1291 1296/539/1292
f 1295/538/1291 1293/536/1289 1296/539/1292
f 1296/539/1292 1293/536/1289 1297/540/1293
f 1293/536/1289 1291/534/1287 1297/540/1293
f 1297/540/1293 1291/534/1287 1298/541/1294
f 1291/534/1287 1289/532/1285 1298/541/1294
f 1298/541/1294 1289/532/1285 1299/542/1295
f 1289/532/1285 1288/531/1284 1299/542/1295
f 1288/531/1284 1287/530/1283 1299/542/1295
f 1299/542/1295 1287/530/1283 1300/543/1296
f 1287/530/1283 1228/472/1225 1300/543/1296
f 1300/543/1296 1228/472/1225 1301/544/1297
f 1228/472/1225 1229/473/1226 1301/544/1297
f 1229/473/1226 1230/474/1227 1301/544/1297
f 1230/474/1227 1231/475/1228 1301/544/1297
f 1301/544/1297 1231/475/1228 1302/545/1298
f 1231/475/1228 1232/476/1229 1302/545/1298
f 1302/545/1298 1232/476/1229 1303/546/1299
f 1232/476/1229 1233/477/1230 1303/546/1299
f 1233/477/1230 1234/478/1231 1303/546/1299
f 1303/546/1299 1234/478/1231 1304/547/1300
f 1234/478/1231 1235/479/1232 1304/547/1300
f 1235/479/1232 1236/480/1233 1304/547/1300
f 1304/547/1300 1236/480/1233 1305/548/1301
f 1305/548/1301 1236/480/1233 1306/549/1302
f 1236/480/1233 1237/481/1234 1306/549/1302
f 1306/549/1302 1237/481/1234 1307/550/1303
f 1237/481/1234 1238/482/1235 1307/550/1303
f 1238/482/1235 1240/484/1237 1307/550/1303
f 1240/484/1237 1308/551/1304 1307/550/1303
f 1308/551/1304 1309/552/1305 1307/550/1303
f 1307/550/1303 1309/552/1305 1310/553/1306
f 1310/553/1306 1309/552/1305 1311/554/1307
f 1312/555/1308 1313/556/1309 1314/557/1310
f 1311/554/1307 1314/557/1310 1315/558/1311
f 1314/557/1310 1313/556/1309 1315/558/1311
f 1316/559/1312 1317/560/1313 1318/561/1314
f 1318/561/1314 1317/560/1313 1319/562/1315
f 1319/562/1315 1317/560/1313 1320/563/1316
f 1321/564/1317 1322/565/1318 1323/566/1319
f 1323/566/1319 1322/565/1318 1324/567/1320
f 1322/565/1318 1320/563/1316 1324/567/1320
f 1324/567/1320 1320/563/1316 1325/568/1321
f 1320/563/1316 1317/560/1313 1325/568/1321
f 1325/568/1321 1317/560/1313 1326/569/1322
f 1317/560/1313 1316/559/1312 1326/569/1322
f 1327/570/1323 1326/569/1322 1328/571/1324
f 1328/571/1324 1326/569/1322 1329/572/1325
f 1326/569/1322 1316/559/1312 1329/572/1325
f 1329/572/1325 1316/559/1312 1330/573/1326
f 1316/559/1312 1318/561/1314 1330/573/1326
f 1330/573/1326 1318/561/1314 1331/574/1327
f 1331/574/1327 1318/561/1314 1332/575/1328
f 1318/561/1314 1319/562/1315 1332/575/1328
f 1332/575/1328 1319/562/1315 1333/576/1329
f 1319/562/1315 1320/563/1316 1333/576/1329
f 1333/576/1329 1320/563/1316 1334/577/1330
f 1320/563/1316 1322/565/1318 1334/577/1330
f 1322/565/1318 1321/564/1317 1334/577/1330
f 1334/577/1330 1321/564/1317 1335/578/1331
f 1335/578/1331 1321/564/1317 1336/579/1332
f 1336/579/1332 1321/564/1317 1337/580/1333
f 1321/564/1317 1315/558/1311 1337/580/1333
f 1315/558/1311 1313/556/1309 1337/580/1333
f 1337/580/1333 1313/556/1309 1338/581/1334
f 1313/556/1309 1312/555/1308 1338/581/1334
f 1338/581/1334 1312/555/1308 1339/582/1335
f 1339/582/1335 1312/555/1308 1340/583/1336
f 1312/555/1308 1314/557/1310 1340/583/1336
f 1340/583/1336 1314/557/1310 1341/584/1337
f 1341/584/1337 1314/557/1310 1342/585/1338
f 1314/557/1310 1311/554/1307 1342/585/1338
f 1342/585/1338 1311/554/1307 1343/586/1339
f 1311/554/1307 1309/552/1305 1343/586/1339
f 1343/586/1339 1309/552/1305 1344/587/1340
f 1309/552/1305 1308/551/1304 1344/587/1340
f 1344/587/1340 1308/551/1304 1345/588/1341
f 1308/551/1304 1240/484/1237 1345/588/1341
f 1345/588/1341 1240/484/1237 1346/589/1342
f 1240/484/1237 1241/485/1238 1346/589/1342
f 1241/485/1238 1242/486/1239 1346/589/1342
f 1346/589/1342 1242/486/1239 1347/590/1343
f 1347/590/1343 1242/486/1239 1348/591/1344
f 1348/591/1344 1242/486/1239 1349/592/1345
f 1242/486/1239 1243/487/1240 1349/592/1345
f 1349/592/1345 1243/487/1240 1350/593/1346
f 1243/487/1240 1244/488/1241 1350/593/1346
f 1350/593/1346 1244/488/1241 1351/594/1347
f 1244/488/1241 1245/489/1242 1351/594/1347
f 1245/489/1242 1246/490/1243 1351/594/1347
f 1351/594/1347 1246/490/1243 1352/595/1348
f 1246/490/1243 1247/491/1244 1352/595/1348
f 1352/595/1348 1247/491/1244 1353/596/1349
f 1353/596/1349 1247/491/1244 1354/597/1350
f 1247/491/1244 1248/492/1245 1354/597/1350
f 1354/597/1350 1248/492/1245 1355/598/1351
f 1248/492/1245 1249/493/1246 1355/598/1351
f 1355/598/1351 1249/493/1246 1356/599/1352
f 1249/493/1246 1250/494/1247 1356/599/1352
f 1356/599/1352 1250/494/1247 1357/600/1353
f 1250/494/1247 1251/495/1248 1357/600/1353
f 1357/600/1353 1251/495/1248 1358/601/1354
f 1251/495/1248 1252/496/1249 1358/601/1354
f 1252/496/1249 1253/497/1250 1358/601/1354
f 1358/601/1354 1253/497/1250 1359/602/1355
f 1253/497/1250 1254/498/1251 1359/602/1355
f 1359/602/1355 1254/498/1251 1360/603/1356
f 1254/498/1251 1255/499/1252 1360/603/1356
f 1360/603/1356 1255/499/1252 1361/604/1357
f 1255/499/1252 1256/500/1253 1361/604/1357
f 1361/604/1357 1256/500/1253 1362/605/1358
f 1256/500/1253 1257/501/1254 1362/605/1358
f 1257/501/1254 1259/503/1256 1362/605/1358
f 1362/605/1358 1259/503/1256 1363/606/1359
f 1363/606/1359 1259/503/1256 1364/607/1360
f 1259/503/1256 1260/504/1257 1364/607/1360
f 1364/607/1360 1260/504/1257 1365/608/1361
f 1260/504/1257 1262/506/1259 1365/608/1361
f 1262/506/1259 1261/505/1258 1365/608/1361
f 1365/608/1361 1261/505/1258 1366/609/1362
f 1367/610/1003 1366/609/1362 1368/611/1363
f 1366/609/1362 1261/505/1258 1368/611/1363
f 1369/612/1364 1368/611/1363 1370/613/1365
f 1368/611/1363 1261/505/1258 1370/613/1365
f 1370/613/1365 1261/505/1258 1371/614/1366
f 1261/505/1258 1263/507/1260 1371/614/1366
f 1263/507/1260 1264/508/1261 1371/614/1366
f 1371/614/1366 1264/508/1261 1372/615/1367
f 1264/508/1261 1265/509/1262 1372/615/1367
f 1265/509/1262 1267/510/1263 1372/615/1367
f 1372/615/1367 1267/510/1263 1374/616/1368
f 1373/616/1368 1266/510/1369 1376/617/1370
f 1267/510/1263 1268/511/1264 1375/617/1371
f 1375/617/1371 1268/511/1264 1377/618/1372
f 1268/511/1264 1269/512/1265 1377/618/1372
f 1377/618/1372 1269/512/1265 1378/619/1373
f 1269/512/1265 1270/513/1266 1378/619/1373
f 1270/513/1266 1271/514/1267 1378/619/1373
f 1378/619/1373 1271/514/1267 1379/620/1374
f 1379/620/1374 1271/514/1267 1380/621/1375
f 1271/514/1267 1272/515/1268 1380/621/1375
f 1380/621/1375 1272/515/1268 1381/622/1376
f 1272/515/1268 1273/516/1269 1381/622/1376
f 1381/622/1376 1273/516/1269 1382/623/1377
f 1273/516/1269 1274/517/1270 1382/623/1377
f 1382/623/1377 1274/517/1270 1383/624/1378
f 1274/517/1270 1275/518/1271 1383/624/1378
f 1275/518/1271 1276/519/1272 1383/624/1378
f 1383/624/1378 1276/519/1272 1384/625/1379
f 1276/519/1272 1277/520/1273 1384/625/1379
f 1384/625/1379 1277/520/1273 1385/626/1380
f 1277/520/1273 1278/521/1274 1385/626/1380
f 1278/521/1274 1279/522/1275 1385/626/1380
f 1385/626/1380 1279/522/1275 1386/627/1381
f 1279/522/1275 1280/523/1276 1386/627/1381
f 1386/627/1381 1280/523/1276 1387/628/1382
f 1280/523/1276 1281/524/1277 1387/628/1382
f 1387/628/1382 1281/524/1277 1388/629/1383
f 1281/524/1277 1282/525/1278 1388/629/1383
f 1282/525/1278 1283/526/1279 1388/629/1383
f 1388/629/1383 1283/526/1279 1389/630/1384
f 1283/526/1279 1284/527/1280 1389/630/1384
f 1389/630/1384 1284/527/1280 1390/631/1385
f 1284/527/1280 1285/528/1281 1390/631/1385
f 1390/631/1385 1285/528/1281 1391/632/1386
f 1391/632/1386 1285/528/1281 1392/633/1387
f 1285/528/1281 1286/529/1282 1392/633/1387
f 1392/633/1387 1286/529/1282 1393/634/1388
f 1286/529/1282 1287/530/1283 1393/634/1388
f 1393/634/1388 1287/530/1283 1394/635/1389
f 1287/530/1283 1288/531/1284 1394/635/1389
f 1394/635/1389 1288/531/1284 1395/636/1390
f 1395/636/1390 1288/531/1284 1396/637/1391
f 1288/531/1284 1290/533/1286 1396/637/1391
f 1396/637/1391 1290/533/1286 1397/638/1392
f 1290/533/1286 1292/535/1288 1397/638/1392
f 1397/638/1392 1292/535/1288 1398/639/1393
f 1292/535/1288 1293/536/1289 1398/639/1393
f 1293/536/1289 1295/538/1291 1398/639/1393
f 1398/639/1393 1295/538/1291 1399/640/1394
f 1295/538/1291 1294/537/1290 1399/640/1394
f 1399/640/1394 1294/537/1290 1400/641/1395
f 1401/642/1396 1402/643/1397 1403/644/1398
f 1402/643/1397 1400/641/1395 1403/644/1398
f 1400/641/1395 1294/537/1290 1403/644/1398
f 1403/644/1398 1294/537/1290 1404/645/1399
f 1294/537/1290 1296/539/1292 1404/645/1399
f 1404/645/1399 1296/539/1292 1405/646/1400
f 1296/539/1292 1297/540/1293 1405/646/1400
f 1405/646/1400 1297/540/1293 1406/647/1401
f 1297/540/1293 1298/541/1294 1406/647/1401
f 1407/648/1402 1406/647/1401 1408/649/1403
f 1406/647/1401 1298/541/1294 1408/649/1403
f 1298/541/1294 1299/542/1295 1408/649/1403
f 1408/649/1403 1299/542/1295 1409/650/1404
f 1299/542/1295 1300/543/1296 1409/650/1404
f 1410/651/1405 1409/650/1404 1411/652/1406
f 1409/650/1404 1300/543/1296 1411/652/1406
f 1300/543/1296 1301/544/1297 1411/652/1406
f 1301/544/1297 1302/545/1298 1411/652/1406
f 1411/652/1406 1302/545/1298 1412/653/1407
f 1302/545/1298 1303/546/1299 1412/653/1407
f 1412/653/1407 1303/546/1299 1413/654/1408
f 1303/546/1299 1304/547/1300 1413/654/1408
f 1413/654/1408 1304/547/1300 1414/655/1409
f 1304/547/1300 1305/548/1301 1414/655/1409
f 1305/548/1301 1306/549/1302 1414/655/1409
f 1414/655/1409 1306/549/1302 1415/656/1410
f 1306/549/1302 1307/550/1303 1415/656/1410
f 1307/550/1303 1310/553/1306 1415/656/1410
f 1415/656/1410 1310/553/1306 1416/657/1411
f 1310/553/1306 1311/554/1307 1416/657/1411
f 1311/554/1307 1315/558/1311 1416/657/1411
f 1315/558/1311 1321/564/1317 1416/657/1411
f 1321/564/1317 1323/566/1319 1416/657/1411
f 1416/657/1411 1323/566/1319 1417/658/1412
f 1323/566/1319 1324/567/1320 1417/658/1412
f 1417/658/1412 1324/567/1320 1418/659/1413
f 1419/660/1414 1420/661/1415 1421/662/1416
f 1420/661/1415 1418/659/1413 1421/662/1416
f 1418/659/1413 1324/567/1320 1421/662/1416
f 1324/567/1320 1325/568/1321 1421/662/1416
f 1421/662/1416 1325/568/1321 1422/663/1417
f 1325/568/1321 1326/569/1322 1422/663/1417
f 1326/569/1322 1327/570/1323 1422/663/1417
f 1422/663/1417 1327/570/1323 1423/664/1418
f 1423/664/1418 1327/570/1323 1424/665/1419
f 1327/570/1323 1328/571/1324 1424/665/1419
f 1328/571/1324 1425/666/1420 1424/665/1419
f 1425/666/1420 1426/667/1421 1424/665/1419
f 1426/667/1421 1037/281/1034 1424/665/1419
f 1424/665/1419 1037/281/1034 1427/668/1422
f 1037/281/1034 1029/273/1026 1427/668/1422
f 1029/273/1026 1031/275/1028 1427/668/1422
f 1427/668/1422 1031/275/1028 1428/669/1423
f 1031/275/1028 1032/276/1029 1428/669/1423
f 1032/276/1029 1429/670/1424 1428/669/1423
f 1428/669/1423 1429/670/1424 1430/671/1425
f 1429/670/1424 1431/672/1426 1430/671/1425
f 1430/671/1425 1431/672/1426 1432/673/1427
f 1431/672/1426 1433/674/1428 1432/673/1427
f 1432/673/1427 1433/674/1428 1434/675/1429
f 1433/674/1428 1028/272/1025 1434/675/1429
f 1028/272/1025 954/200/951 1434/675/1429
f 1434/675/1429 954/200/951 1435/676/1430
f 954/200/951 956/202/953 1435/676/1430
f 956/202/953 958/204/955 1435/676/1430
f 1435/676/1430 958/204/955 1436/677/1431
f 958/204/955 960/206/957 1436/677/1431
f 960/206/957 962/208/959 1436/677/1431
f 962/208/959 963/209/960 1436/677/1431
f 1436/677/1431 963/209/960 1437/678/1432
f 963/209/960 964/210/961 1437/678/1432
f 964/210/961 965/211/962 1437/678/1432
f 1437/678/1432 965/211/962 1438/679/1433
f 1438/679/1433 965/211/962 1439/680/1434
f 965/211/962 966/212/963 1439/680/1434
f 966/212/963 967/213/964 1439/680/1434
f 967/213/964 968/214/965 1439/680/1434
f 968/214/965 969/215/966 1439/680/1434
f 1439/680/1434 969/215/966 1440/681/1435
f 1440/681/1435 969/215/966 1441/682/1436
f 969/215/966 970/216/967 1441/682/1436
f 970/216/967 971/217/968 1441/682/1436
f 971/217/968 972/218/969 1441/682/1436
f 1441/682/1436 972/218/969 1442/683/1437
f 972/218/969 973/219/970 1442/683/1437
f 1442/683/1437 973/219/970 1443/684/1438
f 973/219/970 974/220/971 1443/684/1438
f 974/220/971 975/221/972 1443/684/1438
f 975/221/972 976/222/973 1443/684/1438
f 1443/684/1438 976/222/973 1444/685/1439
f 976/222/973 977/223/974 1444/685/1439
f 977/223/974 978/224/975 1444/685/1439
f 1444/685/1439 978/224/975 1445/686/1440
f 1445/686/1440 978/224/975 1446/687/1441
f 1446/687/1441 978/224/975 1447/688/1442
f 978/224/975 979/225/976 1447/688/1442
f 1447/688/1442 979/225/976 1448/689/1443
f 979/225/976 980/226/977 1448/689/1443
f 1448/689/1443 980/226/977 1449/690/1444
f 980/226/977 981/227/978 1449/690/1444
f 981/227/978 1401/642/1396 1449/690/1444
f 1401/642/1396 1403/644/1398 1449/690/1444
f 1449/690/1444 1403/644/1398 1450/691/1445
f 1403/644/1398 1404/645/1399 1450/691/1445
f 1404/645/1399 1405/646/1400 1450/691/1445
f 1450/691/1445 1405/646/1400 1451/692/1446
f 1405/646/1400 1406/647/1401 1451/692/1446
f 1406/647/1401 1407/648/1402 1451/692/1446
f 1451/692/1446 1407/648/1402 1452/693/1447
f 1407/648/1402 1408/649/1403 1452/693/1447
f 1452/693/1447 1408/649/1403 1453/694/1448
f 1408/649/1403 1409/650/1404 1453/694/1448
f 1453/694/1448 1409/650/1404 1454/695/1449
f 1409/650/1404 1410/651/1405 1454/695/1449
f 1454/695/1449 1410/651/1405 1455/696/1450
f 1410/651/1405 1411/652/1406 1455/696/1450
f 1411/652/1406 1412/653/1407 1455/696/1450
f 1455/696/1450 1412/653/1407 1456/697/1451
f 1412/653/1407 1413/654/1408 1456/697/1451
f 1413/654/1408 1414/655/1409 1456/697/1451
f 1456/697/1451 1414/655/1409 1457/698/1452
f 1414/655/1409 1415/656/1410 1457/698/1452
f 1457/698/1452 1415/656/1410 1458/699/1453
f 1415/656/1410 1416/657/1411 1458/699/1453
f 1416/657/1411 1417/658/1412 1458/699/1453
f 1458/699/1453 1417/658/1412 1459/700/1454
f 1417/658/1412 1418/659/1413 1459/700/1454
f 1418/659/1413 1420/661/1415 1459/700/1454
f 1459/700/1454 1420/661/1415 1460/701/1455
f 1460/701/1455 1420/661/1415 1461/702/1456
f 1420/661/1415 1419/660/1414 1461/702/1456
f 1461/702/1456 1419/660/1414 1462/703/1457
f 1419/660/1414 1421/662/1416 1462/703/1457
f 1462/703/1457 1421/662/1416 1463/704/1458
f 1421/662/1416 1422/663/1417 1463/704/1458
f 1463/704/1458 1422/663/1417 1464/705/1459
f 1422/663/1417 1423/664/1418 1464/705/1459
f 1464/705/1459 1423/664/1418 1465/706/1460
f 1423/664/1418 1424/665/1419 1465/706/1460
f 1424/665/1419 1427/668/1422 1465/706/1460
f 1427/668/1422 1428/669/1423 1465/706/1460
f 1465/706/1460 1428/669/1423 1466/707/1461
f 1428/669/1423 1430/671/1425 1466/707/1461
f 1466/707/1461 1430/671/1425 1467/708/1462
f 1430/671/1425 1432/673/1427 1467/708/1462
f 1432/673/1427 1434/675/1429 1467/708/1462
f 1434/675/1429 1435/676/1430 1467/708/1462
f 1467/708/1462 1435/676/1430 1468/709/1463
f 1435/676/1430 1436/677/1431 1468/709/1463
f 1436/677/1431 1437/678/1432 1468/709/1463
f 1437/678/1432 1438/679/1433 1468/709/1463
f 1468/709/1463 1438/679/1433 1469/710/1464
f 1469/710/1464 1438/679/1433 1470/711/1465
f 1438/679/1433 1439/680/1434 1470/711/1465
f 1439/680/1434 1440/681/1435 1470/711/1465
f 1470/711/1465 1440/681/1435 1471/712/1466
f 1440/681/1435 1441/682/1436 1471/712/1466
f 1471/712/1466 1441/682/1436 1472/713/1467
f 1441/682/1436 1442/683/1437 1472/713/1467
f 1442/683/1437 1443/684/1438 1472/713/1467
f 1443/684/1438 1444/685/1439 1472/713/1467
f 1472/713/1467 1444/685/1439 1473/714/1468
f 1444/685/1439 1445/686/1440 1473/714/1468
f 1473/714/1468 1445/686/1440 1474/715/1469
f 1445/686/1440 1446/687/1441 1474/715/1469
f 1474/715/1469 1446/687/1441 1475/716/1470
f 1446/687/1441 1447/688/1442 1475/716/1470
f 1447/688/1442 1448/689/1443 1475/716/1470
f 1475/716/1470 1448/689/1443 1476/717/1471
f 1448/689/1443 1449/690/1444 1476/717/1471
f 1449/690/1444 1450/691/1445 1476/717/1471
f 1476/717/1471 1450/691/1445 1477/718/1472
f 1450/691/1445 1451/692/1446 1477/718/1472
f 1477/718/1472 1451/692/1446 1478/719/1473
f 1451/692/1446 1452/693/1447 1478/719/1473
f 1478/719/1473 1452/693/1447 1479/720/1474
f 1452/693/1447 1453/694/1448 1479/720/1474
f 1453/694/1448 1454/695/1449 1479/720/1474
f 1479/720/1474 1454/695/1449 1480/721/1475
f 1480/721/1475 1454/695/1449 1481/722/1476
f 1454/695/1449 1455/696/1450 1481/722/1476
f 1481/722/1476 1455/696/1450 1482/723/1477
f 1455/696/1450 1456/697/1451 1482/723/1477
f 1456/697/1451 1457/698/1452 1482/723/1477
f 1482/723/1477 1457/698/1452 1483/724/1478
f 1457/698/1452 1458/699/1453 1483/724/1478
f 1458/699/1453 1459/700/1454 1483/724/1478
f 1459/700/1454 1460/701/1455 1483/724/1478
f 1483/724/1478 1460/701/1455 1484/725/1479
f 1460/701/1455 1461/702/1456 1484/725/1479
f 1484/725/1479 1461/702/1456 1485/726/1480
f 1461/702/1456 1462/703/1457 1485/726/1480
f 1485/726/1480 1462/703/1457 1486/727/1481
f 1462/703/1457 1463/704/1458 1486/727/1481
f 1463/704/1458 1464/705/1459 1486/727/1481
f 1486/727/1481 1464/705/1459 1487/728/1482
f 1464/705/1459 1465/706/1460 1487/728/1482
f 1487/728/1482 1465/706/1460 1488/729/1483
f 1465/706/1460 1466/707/1461 1488/729/1483
f 1466/707/1461 1467/708/1462 1488/729/1483
f 1488/729/1483 1467/708/1462 1489/730/1484
f 1467/708/1462 1468/709/1463 1489/730/1484
f 1468/709/1463 1469/710/1464 1489/730/1484
f 1489/730/1484 1469/710/1464 1490/731/1485
f 1490/731/1485 1469/710/1464 1491/732/1486
f 1469/710/1464 1470/711/1465 1491/732/1486
f 1470/711/1465 1471/712/1466 1491/732/1486
f 1491/732/1486 1471/712/1466 1492/733/1487
f 1471/712/1466 1472/713/1467 1492/733/1487
f 1472/713/1467 1473/714/1468 1492/733/1487
f 1492/733/1487 1473/714/1468 1493/734/1488
f 1473/714/1468 1474/715/1469 1493/734/1488
f 1474/715/1469 1475/716/1470 1493/734/1488
f 1493/734/1488 1475/716/1470 1494/735/1489
f 1475/716/1470 1476/717/1471 1494/735/1489
f 1476/717/1471 1477/718/1472 1494/735/1489
f 1494/735/1489 1477/718/1472 1495/736/1490
f 1495/736/1490 1477/718/1472 1496/737/1491
f 1477/718/1472 1478/719/1473 1496/737/1491
f 1478/719/1473 1479/720/1474 1496/737/1491
f 1479/720/1474 1480/721/1475 1496/737/1491
f 1496/737/1491 1480/721/1475 1497/738/1492
f 1497/738/1492 1480/721/1475 1498/739/1493
f 1480/721/1475 1481/722/1476 1498/739/1493
f 1481/722/1476 1482/723/1477 1498/739/1493
f 1482/723/1477 1483/724/1478 1498/739/1493
f 1483/724/1478 1484/725/1479 1498/739/1493
f 1498/739/1493 1484/725/1479 1499/740/1494
f 1484/725/1479 1485/726/1480 1499/740/1494
f 1485/726/1480 1486/727/1481 1499/740/1494
f 1486/727/1481 1487/728/1482 1499/740/1494
f 1499/740/1494 1487/728/1482 1500/741/1495
f 1487/728/1482 1488/729/1483 1500/741/1495
f 1500/741/1495 1488/729/1483 1501/742/1496
f 1488/729/1483 1489/730/1484 1501/742/1496
f 1489/730/1484 1490/731/1485 1501/742/1496
f 1490/731/1485 1491/732/1486 1501/742/1496
f 1501/742/1496 1491/732/1486 1502/743/1497
f 1491/732/1486 1492/733/1487 1502/743/1497
f 1502/743/1497 1492/733/1487 1503/744/1498
f 1492/733/1487 1493/734/1488 1503/744/1498
f 1493/734/1488 1494/735/1489 1503/744/1498
f 1503/744/1498 1494/735/1489 1504/745/1499
f 1494/735/1489 1495/736/1490 1504/745/1499
f 1495/736/1490 1496/737/1491 1504/745/1499
f 1496/737/1491 1497/738/1492 1504/745/1499
f 1504/745/1499 1497/738/1492 1505/746/1500
f 1497/738/1492 1498/739/1493 1505/746/1500
f 1498/739/1493 1499/740/1494 1505/746/1500
f 1499/740/1494 1500/741/1495 1505/746/1500
f 1505/746/1500 1500/741/1495 1506/747/1501
f 1500/741/1495 1501/742/1496 1506/747/1501
f 1501/742/1496 1502/743/1497 1506/747/1501
f 1502/743/1497 1503/744/1498 1506/747/1501
f 1503/744/1498 1504/745/1499 1506/747/1501
f 1505/746/1500 1506/747/1501 1504/745/1499
f 1507/1/1502 1508/2/1503 1509/3/1504
f 1509/3/1504 1508/2/1503 1510/4/4
f 1511/5/5 1510/4/4 1512/6/6
f 1510/4/4 1508/2/1503 1512/6/6
f 1512/6/6 1508/2/1503 1513/7/7
f 1508/2/1503 1507/1/1502 1513/7/7
f 1513/7/7 1507/1/1502 1514/8/8
f 1514/8/8 1507/1/1502 1515/9/1505
f 1515/9/1505 1507/1/1502 1516/10/1506
f 1507/1/1502 1509/3/1504 1516/10/1506
f 1517/11/1507 1518/12/1508 1519/13/1509
f 1518/12/1508 1520/14/1510 1519/13/1509
f 1520/14/1510 1521/15/15 1519/13/1509
f 1522/16/16 1519/13/1509 1523/17/1511
f 1519/13/1509 1521/15/15 1523/17/1511
f 1523/17/1511 1521/15/15 1524/18/1512
f 1525/19/1513 1526/20/1514 1527/21/1515
f 1527/21/1515 1526/20/1514 1528/22/1516
f 1528/22/1516 1526/20/1514 1529/23/1517
f 1529/23/1517 1526/20/1514 1530/24/1518
f 1526/20/1514 1531/25/1519 1530/24/1518
f 1530/24/1518 1531/25/1519 1532/26/26
f 1532/26/26 1531/25/1519 1533/27/1520
f 1531/25/1519 1534/28/1521 1533/27/1520
f 1533/27/1520 1534/28/1521 1535/29/1522
f 1536/30/30 1537/31/1523 1538/32/32
f 1538/32/32 1537/31/1523 1535/29/1522
f 1535/29/1522 1537/31/1523 1539/33/1524
f 1537/31/1523 1536/30/30 1539/33/1524
f 1539/33/1524 1536/30/30 1540/34/1525
f 1540/34/1525 1536/30/30 1541/35/35
f 1541/35/35 1542/36/1526 1543/37/1527
f 1544/38/1528 1545/39/39 1546/40/1529
f 1545/39/39 1543/37/1527 1546/40/1529
f 1543/37/1527 1542/36/1526 1546/40/1529
f 1547/41/1530 1548/42/1531 1549/43/43
f 1548/42/1531 1546/40/1529 1549/43/43
f 1546/40/1529 1542/36/1526 1549/43/43
f 1549/43/43 1542/36/1526 1550/44/44
f 1542/36/1526 1541/35/35 1550/44/44
f 1541/35/35 1536/30/30 1550/44/44
f 1536/30/30 1538/32/32 1550/44/44
f 1550/44/44 1538/32/32 1551/45/1532
f 1551/45/1532 1538/32/32 1552/46/1533
f 1538/32/32 1535/29/1522 1552/46/1533
f 1535/29/1522 1534/28/1521 1552/46/1533
f 1552/46/1533 1534/28/1521 1553/47/1534
f 1553/47/1534 1534/28/1521 1554/48/1535
f 1534/28/1521 1531/25/1519 1554/48/1535
f 1531/25/1519 1526/20/1514 1554/48/1535
f 1526/20/1514 1525/19/1513 1554/48/1535
f 1554/48/1535 1525/19/1513 1555/49/1536
f 1525/19/1513 1527/21/1515 1555/49/1536
f 1555/49/1536 1527/21/1515 1556/50/1537
f 1527/21/1515 1528/22/1516 1556/50/1537
f 1528/22/1516 1529/23/1517 1556/50/1537
f 1556/50/1537 1529/23/1517 1557/51/51
f 1529/23/1517 1530/24/1518 1557/51/51
f 1530/24/1518 1532/26/26 1557/51/51
f 1557/51/51 1532/26/26 1558/52/1538
f 1558/52/1538 1532/26/26 1559/53/1539
f 1532/26/26 1533/27/1520 1559/53/1539
f 1559/53/1539 1533/27/1520 1560/54/1540
f 1533/27/1520 1535/29/1522 1560/54/1540
f 1560/54/1540 1535/29/1522 1561/55/55
f 1535/29/1522 1539/33/1524 1561/55/55
f 1539/33/1524 1540/34/1525 1561/55/55
f 1561/55/55 1540/34/1525 1562/56/1541
f 1562/56/1541 1540/34/1525 1563/57/57
f 1540/34/1525 1541/35/35 1563/57/57
f 1541/35/35 1543/37/1527 1563/57/57
f 1563/57/57 1543/37/1527 1564/58/1542
f 1543/37/1527 1545/39/39 1564/58/1542
f 1564/58/1542 1545/39/39 1565/59/59
f 1545/39/39 1544/38/1528 1565/59/59
f 1544/38/1528 1524/18/1512 1565/59/59
f 1524/18/1512 1521/15/15 1565/59/59
f 1565/59/59 1521/15/15 1566/60/1543
f 1566/60/1543 1521/15/15 1567/61/61
f 1521/15/15 1520/14/1510 1567/61/61
f 1520/14/1510 1518/12/1508 1567/61/61
f 1567/61/61 1518/12/1508 1568/62/62
f 1518/12/1508 1517/11/1507 1568/62/62
f 1568/62/62 1517/11/1507 1569/63/1544
f 1570/64/1545 1569/63/1544 1571/65/65
f 1516/10/1506 1571/65/65 1572/66/66
f 1571/65/65 1569/63/1544 1572/66/66
f 1572/66/66 1569/63/1544 1573/67/67
f 1569/63/1544 1517/11/1507 1573/67/67
f 1573/67/67 1517/11/1507 1574/68/1546
f 1517/11/1507 1519/13/1509 1574/68/1546
f 1519/13/1509 1522/16/16 1574/68/1546
f 1574/68/1546 1522/16/16 1575/69/1547
f 1575/69/1547 1522/16/16 1576/70/1548
f 1576/70/1548 1522/16/16 1577/71/1549
f 1522/16/16 1523/17/1511 1577/71/1549
f 1578/72/72 1577/71/1549 1579/73/73
f 1577/71/1549 1523/17/1511 1579/73/73
f 1523/17/1511 1524/18/1512 1579/73/73
f 1580/74/74 1579/73/73 1581/75/1550
f 1579/73/73 1524/18/1512 1581/75/1550
f 1524/18/1512 1544/38/1528 1581/75/1550
f 1581/75/1550 1544/38/1528 1582/76/1551
f 1544/38/1528 1546/40/1529 1582/76/1551
f 1546/40/1529 1548/42/1531 1582/76/1551
f 1582/76/1551 1548/42/1531 1583/77/1552
f 1548/42/1531 1547/41/1530 1583/77/1552
f 1547/41/1530 1584/78/1553 1583/77/1552
f 1583/77/1552 1584/78/1553 1585/79/1554
f 1585/79/1554 1584/78/1553 1586/80/1555
f 1586/80/1555 1584/78/1553 1587/81/81
f 1584/78/1553 1547/41/1530 1587/81/81
f 1588/82/82 1587/81/81 1589/83/83
f 1587/81/81 1547/41/1530 1589/83/83
f 1589/83/83 1547/41/1530 1590/84/84
f 1547/41/1530 1549/43/43 1590/84/84
f 1549/43/43 1550/44/44 1590/84/84
f 1550/44/44 1551/45/1532 1590/84/84
f 1590/84/84 1551/45/1532 1591/85/1556
f 1591/85/1556 1551/45/1532 1592/86/86
f 1551/45/1532 1552/46/1533 1592/86/86
f 1552/46/1533 1553/47/1534 1592/86/86
f 1592/86/86 1553/47/1534 1593/87/1557
f 1553/47/1534 1554/48/1535 1593/87/1557
f 1594/88/1558 1593/87/1557 1595/89/89
f 1593/87/1557 1554/48/1535 1595/89/89
f 1554/48/1535 1555/49/1536 1595/89/89
f 1595/89/89 1555/49/1536 1596/90/90
f 1555/49/1536 1556/50/1537 1596/90/90
f 1597/91/1559 1596/90/90 1598/92/1560
f 1596/90/90 1556/50/1537 1598/92/1560
f 1598/92/1560 1556/50/1537 1599/93/1561
f 1556/50/1537 1557/51/51 1599/93/1561
f 1557/51/51 1558/52/1538 1599/93/1561
f 1599/93/1561 1558/52/1538 1600/94/1562
f 1600/94/1562 1558/52/1538 1601/95/95
f 1558/52/1538 1559/53/1539 1601/95/95
f 1601/95/95 1559/53/1539 1602/96/1563
f 1559/53/1539 1560/54/1540 1602/96/1563
f 1602/96/1563 1560/54/1540 1603/97/1564
f 1560/54/1540 1561/55/55 1603/97/1564
f 1561/55/55 1562/56/1541 1603/97/1564
f 1603/97/1564 1562/56/1541 1604/98/1565
f 1562/56/1541 1563/57/57 1604/98/1565
f 1563/57/57 1564/58/1542 1604/98/1565
f 1604/98/1565 1564/58/1542 1605/99/99
f 1564/58/1542 1565/59/59 1605/99/99
f 1565/59/59 1566/60/1543 1605/99/99
f 1566/60/1543 1567/61/61 1605/99/99
f 1605/99/99 1567/61/61 1606/100/100
f 1567/61/61 1568/62/62 1606/100/100
f 1568/62/62 1569/63/1544 1606/100/100
f 1569/63/1544 1570/64/1545 1606/100/100
f 1606/100/100 1570/64/1545 1607/101/101
f 1570/64/1545 1571/65/65 1607/101/101
f 1571/65/65 1516/10/1506 1607/101/101
f 1516/10/1506 1509/3/1504 1607/101/101
f 1607/101/101 1509/3/1504 1608/102/1566
f 1509/3/1504 1510/4/4 1608/102/1566
f 1608/102/1566 1510/4/4 1609/103/1567
f 1510/4/4 1511/5/5 1609/103/1567
f 1609/103/1567 1511/5/5 1610/104/104
f 1511/5/5 1611/105/105 1610/104/104
f 1610/104/104 1611/105/105 1612/106/1568
f 1612/106/1568 1611/105/105 1613/107/107
f 1613/107/107 1611/105/105 1614/108/1569
f 1611/105/105 1511/5/5 1614/108/1569
f 1614/108/1569 1511/5/5 1615/109/1570
f 1615/109/1570 1511/5/5 1616/110/1571
f 1511/5/5 1512/6/6 1616/110/1571
f 1512/6/6 1513/7/7 1616/110/1571
f 1616/110/1571 1513/7/7 1617/111/111
f 1617/111/111 1513/7/7 1618/112/112
f 1513/7/7 1514/8/8 1618/112/112
f 1618/112/112 1514/8/8 1619/113/1572
f 1514/8/8 1515/9/1505 1619/113/1572
f 1619/113/1572 1515/9/1505 1620/114/1573
f 1515/9/1505 1516/10/1506 1620/114/1573
f 1620/114/1573 1516/10/1506 1621/115/1574
f 1516/10/1506 1572/66/66 1621/115/1574
f 1621/115/1574 1572/66/66 1622/116/1575
f 1572/66/66 1573/67/67 1622/116/1575
f 1622/116/1575 1573/67/67 1623/117/1576
f 1573/67/67 1574/68/1546 1623/117/1576
f 1574/68/1546 1575/69/1547 1623/117/1576
f 1575/69/1547 1624/118/1577 1623/117/1576
f 1623/117/1576 1624/118/1577 1625/119/1578
f 1626/120/1579 1627/121/1580 1628/122/1581
f 1627/121/1580 1625/119/1578 1628/122/1581
f 1625/119/1578 1624/118/1577 1628/122/1581
f 1624/118/1577 1575/69/1547 1628/122/1581
f 1628/122/1581 1575/69/1547 1629/123/1582
f 1575/69/1547 1576/70/1548 1629/123/1582
f 1629/123/1582 1576/70/1548 1630/124/124
f 1576/70/1548 1577/71/1549 1630/124/124
f 1577/71/1549 1578/72/72 1630/124/124
f 1631/125/1583 1630/124/124 1632/126/1584
f 1630/124/124 1578/72/72 1632/126/1584
f 1632/126/1584 1578/72/72 1633/127/1585
f 1578/72/72 1579/73/73 1633/127/1585
f 1579/73/73 1580/74/74 1633/127/1585
f 1633/127/1585 1580/74/74 1634/128/1586
f 1635/129/1587 1634/128/1586 1636/130/1588
f 1634/128/1586 1580/74/74 1636/130/1588
f 1636/130/1588 1580/74/74 1637/131/131
f 1580/74/74 1581/75/1550 1637/131/131
f 1581/75/1550 1582/76/1551 1637/131/131
f 1637/131/131 1582/76/1551 1638/132/1589
f 1582/76/1551 1583/77/1552 1638/132/1589
f 1638/132/1589 1583/77/1552 1639/133/1590
f 1583/77/1552 1585/79/1554 1639/133/1590
f 1639/133/1590 1585/79/1554 1640/134/1591
f 1640/134/1591 1585/79/1554 1641/135/1592
f 1641/135/1592 1585/79/1554 1642/136/1593
f 1585/79/1554 1586/80/1555 1642/136/1593
f 1586/80/1555 1587/81/81 1642/136/1593
f 1587/81/81 1588/82/82 1642/136/1593
f 1642/136/1593 1588/82/82 1643/137/1594
f 1643/137/1594 1588/82/82 1644/138/138
f 1588/82/82 1589/83/83 1644/138/138
f 1589/83/83 1590/84/84 1644/138/138
f 1590/84/84 1591/85/1556 1644/138/138
f 1644/138/138 1591/85/1556 1645/139/1595
f 1591/85/1556 1592/86/86 1645/139/1595
f 1645/139/1595 1592/86/86 1646/140/1596
f 1592/86/86 1593/87/1557 1646/140/1596
f 1593/87/1557 1594/88/1558 1646/140/1596
f 1646/140/1596 1594/88/1558 1647/141/141
f 1647/141/141 1594/88/1558 1648/142/142
f 1594/88/1558 1595/89/89 1648/142/142
f 1595/89/89 1596/90/90 1648/142/142
f 1596/90/90 1597/91/1559 1648/142/142
f 1648/142/142 1597/91/1559 1649/143/1597
f 1649/143/1597 1597/91/1559 1650/144/144
f 1650/144/144 1597/91/1559 1651/145/382
f 1597/91/1559 1598/92/1560 1651/145/382
f 1651/145/382 1598/92/1560 1652/146/1598
f 1598/92/1560 1599/93/1561 1652/146/1598
f 1599/93/1561 1600/94/1562 1652/146/1598
f 1652/146/1598 1600/94/1562 1653/147/1599
f 1653/147/1599 1600/94/1562 1654/148/1600
f 1600/94/1562 1601/95/95 1654/148/1600
f 1654/148/1600 1601/95/95 1655/149/1601
f 1601/95/95 1602/96/1563 1655/149/1601
f 1602/96/1563 1603/97/1564 1655/149/1601
f 1655/149/1601 1603/97/1564 1656/150/150
f 1603/97/1564 1604/98/1565 1656/150/150
f 1604/98/1565 1605/99/99 1656/150/150
f 1605/99/99 1606/100/100 1656/150/150
f 1656/150/150 1606/100/100 1657/151/1602
f 1606/100/100 1607/101/101 1657/151/1602
f 1607/101/101 1608/102/1566 1657/151/1602
f 1657/151/1602 1608/102/1566 1658/152/152
f 1608/102/1566 1609/103/1567 1658/152/152
f 1658/152/152 1609/103/1567 1659/153/1603
f 1609/103/1567 1610/104/104 1659/153/1603
f 1659/153/1603 1610/104/104 1660/154/154
f 1661/155/155 1660/154/154 1662/156/156
f 1662/156/156 1660/154/154 1663/157/1604
f 1660/154/154 1610/104/104 1663/157/1604
f 1610/104/104 1612/106/1568 1663/157/1604
f 1612/106/1568 1664/158/1605 1663/157/1604
f 1663/157/1604 1664/158/1605 1665/159/159
f 1666/160/160 1665/159/159 1667/161/1606
f 1667/161/1606 1665/159/159 1668/162/1607
f 1668/162/1607 1665/159/159 1669/163/1608
f 1665/159/159 1664/158/1605 1669/163/1608
f 1669/163/1608 1664/158/1605 1670/164/1609
f 1664/158/1605 1612/106/1568 1670/164/1609
f 1612/106/1568 1613/107/107 1670/164/1609
f 1670/164/1609 1613/107/107 1671/165/1610
f 1613/107/107 1614/108/1569 1671/165/1610
f 1614/108/1569 1615/109/1570 1671/165/1610
f 1671/165/1610 1615/109/1570 1672/166/1611
f 1615/109/1570 1616/110/1571 1672/166/1611
f 1616/110/1571 1617/111/111 1672/166/1611
f 1672/166/1611 1617/111/111 1673/167/1612
f 1617/111/111 1618/112/112 1673/167/1612
f 1673/167/1612 1618/112/112 1674/168/1613
f 1618/112/112 1619/113/1572 1674/168/1613
f 1675/169/1614 1674/168/1613 1676/170/170
f 1674/168/1613 1619/113/1572 1676/170/170
f 1619/113/1572 1620/114/1573 1676/170/170
f 1676/170/170 1620/114/1573 1677/171/1615
f 1620/114/1573 1621/115/1574 1677/171/1615
f 1621/115/1574 1622/116/1575 1677/171/1615
f 1622/116/1575 1623/117/1576 1677/171/1615
f 1623/117/1576 1625/119/1578 1677/171/1615
f 1677/171/1615 1625/119/1578 1678/172/1616
f 1625/119/1578 1627/121/1580 1678/172/1616
f 1678/172/1616 1627/121/1580 1679/173/173
f 1679/173/173 1627/121/1580 1680/174/174
f 1627/121/1580 1626/120/1579 1680/174/174
f 1680/174/174 1626/120/1579 1681/175/175
f 1626/120/1579 1628/122/1581 1681/175/175
f 1628/122/1581 1629/123/1582 1681/175/175
f 1681/175/175 1629/123/1582 1682/176/1617
f 1629/123/1582 1630/124/124 1682/176/1617
f 1630/124/124 1631/125/1583 1682/176/1617
f 1682/176/1617 1631/125/1583 1683/177/177
f 1683/177/177 1631/125/1583 1684/178/1618
f 1631/125/1583 1632/126/1584 1684/178/1618
f 1632/126/1584 1633/127/1585 1684/178/1618
f 1633/127/1585 1634/128/1586 1684/178/1618
f 1684/178/1618 1634/128/1586 1686/179/1619
f 1686/179/1619 1634/128/1586 1687/180/1620
f 1634/128/1586 1635/129/1587 1687/180/1620
f 1635/129/1587 1688/181/181 1687/180/1620
f 1687/180/1620 1688/181/181 1689/182/1621
f 1690/183/1622 1691/184/1623 1692/185/1624
f 1691/184/1623 1689/182/1621 1692/185/1624
f 1692/185/1624 1689/182/1621 1693/186/1625
f 1689/182/1621 1688/181/181 1693/186/1625
f 1693/186/1625 1688/181/181 1694/187/1626
f 1694/187/1626 1688/181/181 1695/188/1627
f 1688/181/181 1635/129/1587 1695/188/1627
f 1695/188/1627 1635/129/1587 1696/189/1628
f 1635/129/1587 1636/130/1588 1696/189/1628
f 1636/130/1588 1637/131/131 1696/189/1628
f 1696/189/1628 1637/131/131 1697/190/1629
f 1637/131/131 1638/132/1589 1697/190/1629
f 1638/132/1589 1639/133/1590 1697/190/1629
f 1697/190/1629 1639/133/1590 1698/191/1630
f 1639/133/1590 1640/134/1591 1698/191/1630
f 1698/191/1630 1640/134/1591 1699/192/192
f 1640/134/1591 1641/135/1592 1699/192/192
f 1699/192/192 1641/135/1592 1700/193/193
f 1700/193/193 1641/135/1592 1701/194/1631
f 1641/135/1592 1642/136/1593 1701/194/1631
f 1642/136/1593 1643/137/1594 1701/194/1631
f 1701/194/1631 1643/137/1594 1702/195/1632
f 1643/137/1594 1644/138/138 1702/195/1632
f 1644/138/138 1645/139/1595 1702/195/1632
f 1702/195/1632 1645/139/1595 1703/196/1633
f 1703/196/1633 1645/139/1595 1704/197/1634
f 1645/139/1595 1646/140/1596 1704/197/1634
f 1646/140/1596 1647/141/141 1704/197/1634
f 1704/197/1634 1647/141/141 1705/198/1635
f 1647/141/141 1648/142/142 1705/198/1635
f 1648/142/142 1649/143/1597 1705/198/1635
f 1705/198/1635 1649/143/1597 1706/199/1636
f 1649/143/1597 1650/144/144 1706/199/1636
f 1707/200/1637 1708/201/1638 1709/202/1639
f 1708/201/1638 1710/203/1640 1709/202/1639
f 1709/202/1639 1710/203/1640 1711/204/204
f 1710/203/1640 1712/205/1641 1711/204/204
f 1711/204/204 1712/205/1641 1713/206/206
f 1712/205/1641 1714/207/1642 1713/206/206
f 1713/206/206 1714/207/1642 1715/208/1643
f 1714/207/1642 1706/199/1636 1715/208/1643
f 1706/199/1636 1650/144/144 1715/208/1643
f 1715/208/1643 1650/144/144 1716/209/1644
f 1650/144/144 1651/145/382 1716/209/1644
f 1716/209/1644 1651/145/382 1717/210/210
f 1651/145/382 1652/146/1598 1717/210/210
f 1652/146/1598 1653/147/1599 1717/210/210
f 1717/210/210 1653/147/1599 1718/211/211
f 1718/211/211 1653/147/1599 1719/212/212
f 1653/147/1599 1654/148/1600 1719/212/212
f 1654/148/1600 1655/149/1601 1719/212/212
f 1719/212/212 1655/149/1601 1720/213/213
f 1655/149/1601 1656/150/150 1720/213/213
f 1656/150/150 1657/151/1602 1720/213/213
f 1720/213/213 1657/151/1602 1721/214/1645
f 1657/151/1602 1658/152/152 1721/214/1645
f 1721/214/1645 1658/152/152 1722/215/1646
f 1722/215/1646 1658/152/152 1723/216/216
f 1658/152/152 1659/153/1603 1723/216/216
f 1723/216/216 1659/153/1603 1724/217/217
f 1659/153/1603 1660/154/154 1724/217/217
f 1660/154/154 1661/155/155 1724/217/217
f 1725/218/1647 1724/217/217 1726/219/1648
f 1724/217/217 1661/155/155 1726/219/1648
f 1726/219/1648 1661/155/155 1727/220/1649
f 1661/155/155 1662/156/156 1727/220/1649
f 1727/220/1649 1662/156/156 1728/221/1650
f 1728/221/1650 1662/156/156 1729/222/1651
f 1662/156/156 1663/157/1604 1729/222/1651
f 1663/157/1604 1665/159/159 1729/222/1651
f 1665/159/159 1666/160/160 1729/222/1651
f 1729/222/1651 1666/160/160 1730/223/1652
f 1666/160/160 1667/161/1606 1730/223/1652
f 1731/224/1653 1730/223/1652 1732/225/1654
f 1732/225/1654 1730/223/1652 1733/226/1655
f 1730/223/1652 1667/161/1606 1733/226/1655
f 1734/227/1656 1733/226/1655 1735/228/1657
f 1733/226/1655 1667/161/1606 1735/228/1657
f 1735/228/1657 1667/161/1606 1736/229/1658
f 1736/229/1658 1667/161/1606 1737/230/1659
f 1667/161/1606 1668/162/1607 1737/230/1659
f 1737/230/1659 1668/162/1607 1738/231/1660
f 1668/162/1607 1669/163/1608 1738/231/1660
f 1738/231/1660 1669/163/1608 1739/232/1661
f 1669/163/1608 1670/164/1609 1739/232/1661
f 1670/164/1609 1671/165/1610 1739/232/1661
f 1739/232/1661 1671/165/1610 1740/233/1662
f 1671/165/1610 1672/166/1611 1740/233/1662
f 1740/233/1662 1672/166/1611 1741/234/1663
f 1672/166/1611 1673/167/1612 1741/234/1663
f 1741/234/1663 1673/167/1612 1742/235/1664
f 1673/167/1612 1674/168/1613 1742/235/1664
f 1674/168/1613 1675/169/1614 1742/235/1664
f 1742/235/1664 1675/169/1614 1743/236/1665
f 1675/169/1614 1676/170/170 1743/236/1665
f 1743/236/1665 1676/170/170 1744/237/1666
f 1676/170/170 1677/171/1615 1744/237/1666
f 1677/171/1615 1678/172/1616 1744/237/1666
f 1744/237/1666 1678/172/1616 1745/238/1667
f 1678/172/1616 1679/173/173 1745/238/1667
f 1745/238/1667 1679/173/173 1746/239/1668
f 1679/173/173 1680/174/174 1746/239/1668
f 1746/239/1668 1680/174/174 1747/240/1669
f 1680/174/174 1681/175/175 1747/240/1669
f 1747/240/1669 1681/175/175 1748/241/1670
f 1748/241/1670 1681/175/175 1749/242/242
f 1681/175/175 1682/176/1617 1749/242/242
f 1682/176/1617 1683/177/177 1749/242/242
f 1749/242/242 1683/177/177 1750/243/1671
f 1683/177/177 1684/178/1618 1750/243/1671
f 1750/243/1671 1684/178/1618 1752/244/1672
f 1684/178/1618 1686/179/1619 1752/244/1672
f 1751/244/1673 1685/179/1674 1754/245/1675
f 1753/245/1676 1686/179/1619 1755/246/1677
f 1686/179/1619 1687/180/1620 1755/246/1677
f 1687/180/1620 1689/182/1621 1755/246/1677
f 1755/246/1677 1689/182/1621 1756/247/1678
f 1689/182/1621 1691/184/1623 1756/247/1678
f 1691/184/1623 1690/183/1622 1756/247/1678
f 1756/247/1678 1690/183/1622 1757/248/1679
f 1758/249/1680 1757/248/1679 1759/250/1681
f 1757/248/1679 1690/183/1622 1759/250/1681
f 1760/251/612 1759/250/1681 1761/252/1682
f 1759/250/1681 1690/183/1622 1761/252/1682
f 1761/252/1682 1690/183/1622 1762/253/1683
f 1690/183/1622 1692/185/1624 1762/253/1683
f 1692/185/1624 1693/186/1625 1762/253/1683
f 1762/253/1683 1693/186/1625 1763/254/1684
f 1693/186/1625 1694/187/1626 1763/254/1684
f 1763/254/1684 1694/187/1626 1764/255/1685
f 1764/255/1685 1694/187/1626 1765/256/1686
f 1694/187/1626 1695/188/1627 1765/256/1686
f 1695/188/1627 1696/189/1628 1765/256/1686
f 1765/256/1686 1696/189/1628 1766/257/1687
f 1696/189/1628 1697/190/1629 1766/257/1687
f 1766/257/1687 1697/190/1629 1767/258/1688
f 1697/190/1629 1698/191/1630 1767/258/1688
f 1767/258/1688 1698/191/1630 1768/259/1689
f 1698/191/1630 1699/192/192 1768/259/1689
f 1768/259/1689 1699/192/192 1769/260/1690
f 1699/192/192 1700/193/193 1769/260/1690
f 1700/193/193 1701/194/1631 1769/260/1690
f 1769/260/1690 1701/194/1631 1770/261/1691
f 1701/194/1631 1702/195/1632 1770/261/1691
f 1770/261/1691 1702/195/1632 1771/262/1692
f 1702/195/1632 1703/196/1633 1771/262/1692
f 1771/262/1692 1703/196/1633 1772/263/1693
f 1703/196/1633 1704/197/1634 1772/263/1693
f 1772/263/1693 1704/197/1634 1773/264/1694
f 1704/197/1634 1705/198/1635 1773/264/1694
f 1773/264/1694 1705/198/1635 1774/265/1695
f 1774/265/1695 1705/198/1635 1775/266/1696
f 1705/198/1635 1706/199/1636 1775/266/1696
f 1775/266/1696 1706/199/1636 1776/267/1697
f 1706/199/1636 1714/207/1642 1776/267/1697
f 1714/207/1642 1712/205/1641 1776/267/1697
f 1776/267/1697 1712/205/1641 1777/268/1698
f 1712/205/1641 1710/203/1640 1777/268/1698
f 1777/268/1698 1710/203/1640 1778/269/1699
f 1710/203/1640 1708/201/1638 1778/269/1699
f 1778/269/1699 1708/201/1638 1779/270/1700
f 1779/270/1700 1708/201/1638 1780/271/1701
f 1780/271/1701 1708/201/1638 1781/272/1702
f 1708/201/1638 1707/200/1637 1781/272/1702
f 1782/273/1703 1783/274/1704 1784/275/1705
f 1785/276/278 1784/275/1705 1786/277/1706
f 1786/277/1706 1784/275/1705 1787/278/1707
f 1784/275/1705 1783/274/1704 1787/278/1707
f 1787/278/1707 1783/274/1704 1788/279/1708
f 1788/279/1708 1783/274/1704 1789/280/1709
f 1783/274/1704 1782/273/1703 1789/280/1709
f 1789/280/1709 1782/273/1703 1790/281/1710
f 1791/282/1711 1792/283/1712 1793/284/1713
f 1794/285/287 1795/286/288 1796/287/1714
f 1797/288/1715 1798/289/1716 1799/290/292
f 1800/291/1717 1801/292/1718 1802/293/1719
f 1802/293/1719 1801/292/1718 1803/294/296
f 1803/294/296 1801/292/1718 1804/295/297
f 1805/296/298 1806/297/1720 1807/298/1721
f 1806/297/1720 1808/299/1722 1807/298/1721
f 1807/298/1721 1808/299/1722 1809/300/1723
f 1799/290/292 1810/301/303 1811/302/1724
f 1810/301/303 1809/300/1723 1811/302/1724
f 1809/300/1723 1808/299/1722 1811/302/1724
f 1811/302/1724 1808/299/1722 1812/303/1725
f 1808/299/1722 1806/297/1720 1812/303/1725
f 1806/297/1720 1804/295/297 1812/303/1725
f 1812/303/1725 1804/295/297 1813/304/1726
f 1804/295/297 1801/292/1718 1813/304/1726
f 1813/304/1726 1801/292/1718 1814/305/307
f 1801/292/1718 1800/291/1717 1814/305/307
f 1814/305/307 1800/291/1717 1815/306/1727
f 1815/306/1727 1800/291/1717 1816/307/309
f 1816/307/309 1800/291/1717 1817/308/1728
f 1800/291/1717 1802/293/1719 1817/308/1728
f 1802/293/1719 1818/309/1729 1817/308/1728
f 1817/308/1728 1818/309/1729 1819/310/1730
f 1820/311/1731 1821/312/314 1822/313/1732
f 1821/312/314 1823/314/1733 1822/313/1732
f 1823/314/1733 1819/310/1730 1822/313/1732
f 1819/310/1730 1818/309/1729 1822/313/1732
f 1822/313/1732 1818/309/1729 1824/315/317
f 1818/309/1729 1802/293/1719 1824/315/317
f 1802/293/1719 1803/294/296 1824/315/317
f 1824/315/317 1803/294/296 1825/316/318
f 1825/316/318 1803/294/296 1826/317/1734
f 1803/294/296 1804/295/297 1826/317/1734
f 1804/295/297 1806/297/1720 1826/317/1734
f 1806/297/1720 1805/296/298 1826/317/1734
f 1805/296/298 1827/318/1735 1826/317/1734
f 1826/317/1734 1827/318/1735 1828/319/321
f 1828/319/321 1827/318/1735 1829/320/1736
f 1827/318/1735 1805/296/298 1829/320/1736
f 1805/296/298 1807/298/1721 1829/320/1736
f 1829/320/1736 1807/298/1721 1830/321/1737
f 1807/298/1721 1809/300/1723 1830/321/1737
f 1831/322/1738 1830/321/1737 1832/323/1739
f 1830/321/1737 1809/300/1723 1832/323/1739
f 1809/300/1723 1810/301/303 1832/323/1739
f 1832/323/1739 1810/301/303 1833/324/1740
f 1833/324/1740 1810/301/303 1834/325/327
f 1810/301/303 1799/290/292 1834/325/327
f 1799/290/292 1798/289/1716 1834/325/327
f 1834/325/327 1798/289/1716 1835/326/1741
f 1798/289/1716 1797/288/1715 1835/326/1741
f 1835/326/1741 1797/288/1715 1836/327/1742
f 1836/327/1742 1797/288/1715 1837/328/330
f 1837/328/330 1797/288/1715 1838/329/331
f 1838/329/331 1797/288/1715 1839/330/1743
f 1797/288/1715 1799/290/292 1839/330/1743
f 1796/287/1714 1839/330/1743 1840/331/1744
f 1839/330/1743 1799/290/292 1840/331/1744
f 1799/290/292 1811/302/1724 1840/331/1744
f 1811/302/1724 1812/303/1725 1840/331/1744
f 1840/331/1744 1812/303/1725 1841/332/334
f 1812/303/1725 1813/304/1726 1841/332/334
f 1813/304/1726 1814/305/307 1841/332/334
f 1841/332/334 1814/305/307 1842/333/1745
f 1814/305/307 1815/306/1727 1842/333/1745
f 1842/333/1745 1815/306/1727 1843/334/1746
f 1843/334/1746 1815/306/1727 1844/335/337
f 1815/306/1727 1816/307/309 1844/335/337
f 1844/335/337 1816/307/309 1845/336/1747
f 1845/336/1747 1816/307/309 1846/337/339
f 1816/307/309 1817/308/1728 1846/337/339
f 1817/308/1728 1819/310/1730 1846/337/339
f 1819/310/1730 1823/314/1733 1846/337/339
f 1823/314/1733 1821/312/314 1846/337/339
f 1846/337/339 1821/312/314 1847/338/1748
f 1821/312/314 1820/311/1731 1847/338/1748
f 1847/338/1748 1820/311/1731 1848/339/1749
f 1820/311/1731 1822/313/1732 1848/339/1749
f 1822/313/1732 1824/315/317 1848/339/1749
f 1824/315/317 1825/316/318 1848/339/1749
f 1848/339/1749 1825/316/318 1849/340/342
f 1849/340/342 1825/316/318 1850/341/1750
f 1825/316/318 1826/317/1734 1850/341/1750
f 1826/317/1734 1828/319/321 1850/341/1750
f 1850/341/1750 1828/319/321 1851/342/1751
f 1851/342/1751 1828/319/321 1852/343/345
f 1828/319/321 1829/320/1736 1852/343/345
f 1829/320/1736 1830/321/1737 1852/343/345
f 1830/321/1737 1831/322/1738 1852/343/345
f 1852/343/345 1831/322/1738 1853/344/346
f 1854/345/347 1853/344/346 1855/346/348
f 1853/344/346 1831/322/1738 1855/346/348
f 1855/346/348 1831/322/1738 1856/347/349
f 1831/322/1738 1832/323/1739 1856/347/349
f 1832/323/1739 1833/324/1740 1856/347/349
f 1856/347/349 1833/324/1740 1857/348/350
f 1833/324/1740 1834/325/327 1857/348/350
f 1857/348/350 1834/325/327 1858/349/1752
f 1834/325/327 1835/326/1741 1858/349/1752
f 1858/349/1752 1835/326/1741 1859/350/1753
f 1860/351/353 1859/350/1753 1861/352/1754
f 1859/350/1753 1835/326/1741 1861/352/1754
f 1835/326/1741 1836/327/1742 1861/352/1754
f 1836/327/1742 1837/328/330 1861/352/1754
f 1861/352/1754 1837/328/330 1862/353/355
f 1837/328/330 1838/329/331 1862/353/355
f 1862/353/355 1838/329/331 1863/354/1755
f 1838/329/331 1839/330/1743 1863/354/1755
f 1839/330/1743 1864/355/357 1863/354/1755
f 1863/354/1755 1864/355/357 1865/356/1756
f 1865/356/1756 1864/355/357 1866/357/359
f 1864/355/357 1839/330/1743 1866/357/359
f 1839/330/1743 1796/287/1714 1866/357/359
f 1796/287/1714 1795/286/288 1866/357/359
f 1866/357/359 1795/286/288 1867/358/360
f 1868/359/1757 1867/358/360 1869/360/362
f 1869/360/362 1867/358/360 1870/361/363
f 1867/358/360 1795/286/288 1870/361/363
f 1870/361/363 1795/286/288 1871/362/1758
f 1795/286/288 1794/285/287 1871/362/1758
f 1871/362/1758 1794/285/287 1872/363/365
f 1873/364/366 1874/365/1759 1875/366/1760
f 1876/367/1761 1875/366/1760 1877/368/370
f 1875/366/1760 1874/365/1759 1877/368/370
f 1877/368/370 1874/365/1759 1878/369/1762
f 1879/370/372 1878/369/1762 1880/371/1763
f 1878/369/1762 1874/365/1759 1880/371/1763
f 1874/365/1759 1873/364/366 1880/371/1763
f 1873/364/366 1872/363/365 1880/371/1763
f 1880/371/1763 1872/363/365 1881/372/1764
f 1872/363/365 1794/285/287 1881/372/1764
f 1881/372/1764 1794/285/287 1882/373/1765
f 1882/373/1765 1794/285/287 1883/374/1766
f 1794/285/287 1796/287/1714 1883/374/1766
f 1883/374/1766 1796/287/1714 1884/375/1767
f 1796/287/1714 1840/331/1744 1884/375/1767
f 1840/331/1744 1841/332/334 1884/375/1767
f 1884/375/1767 1841/332/334 1885/376/1768
f 1841/332/334 1842/333/1745 1885/376/1768
f 1842/333/1745 1843/334/1746 1885/376/1768
f 1885/376/1768 1843/334/1746 1886/377/1769
f 1886/377/1769 1843/334/1746 1887/378/1770
f 1843/334/1746 1844/335/337 1887/378/1770
f 1888/379/1771 1887/378/1770 1889/380/1772
f 1887/378/1770 1844/335/337 1889/380/1772
f 1844/335/337 1845/336/1747 1889/380/1772
f 1889/380/1772 1845/336/1747 1890/381/383
f 1890/381/383 1845/336/1747 1891/382/384
f 1845/336/1747 1846/337/339 1891/382/384
f 1846/337/339 1847/338/1748 1891/382/384
f 1891/382/384 1847/338/1748 1892/383/1773
f 1847/338/1748 1848/339/1749 1892/383/1773
f 1893/384/386 1892/383/1773 1894/385/387
f 1892/383/1773 1848/339/1749 1894/385/387
f 1848/339/1749 1849/340/342 1894/385/387
f 1894/385/387 1849/340/342 1895/386/1774
f 1849/340/342 1850/341/1750 1895/386/1774
f 1850/341/1750 1851/342/1751 1895/386/1774
f 1895/386/1774 1851/342/1751 1896/387/389
f 1896/387/389 1851/342/1751 1897/388/1775
f 1851/342/1751 1852/343/345 1897/388/1775
f 1852/343/345 1853/344/346 1897/388/1775
f 1853/344/346 1854/345/347 1897/388/1775
f 1897/388/1775 1854/345/347 1898/389/1776
f 1899/390/392 1898/389/1776 1900/391/1777
f 1898/389/1776 1854/345/347 1900/391/1777
f 1854/345/347 1901/392/1778 1900/391/1777
f 1900/391/1777 1901/392/1778 1902/393/1779
f 1902/393/1779 1901/392/1778 1903/394/1780
f 1903/394/1780 1901/392/1778 1904/395/1781
f 1901/392/1778 1854/345/347 1904/395/1781
f 1854/345/347 1855/346/348 1904/395/1781
f 1904/395/1781 1855/346/348 1905/396/1782
f 1855/346/348 1856/347/349 1905/396/1782
f 1856/347/349 1857/348/350 1905/396/1782
f 1905/396/1782 1857/348/350 1906/397/1783
f 1857/348/350 1858/349/1752 1906/397/1783
f 1907/398/1784 1906/397/1783 1908/399/1785
f 1906/397/1783 1858/349/1752 1908/399/1785
f 1858/349/1752 1859/350/1753 1908/399/1785
f 1909/400/1786 1908/399/1785 1910/401/403
f 1908/399/1785 1859/350/1753 1910/401/403
f 1859/350/1753 1860/351/353 1910/401/403
f 1910/401/403 1860/351/353 1911/402/1787
f 1911/402/1787 1860/351/353 1912/403/1788
f 1912/403/1788 1860/351/353 1913/404/1789
f 1860/351/353 1861/352/1754 1913/404/1789
f 1861/352/1754 1862/353/355 1913/404/1789
f 1913/404/1789 1862/353/355 1914/405/407
f 1862/353/355 1863/354/1755 1914/405/407
f 1914/405/407 1863/354/1755 1915/406/1790
f 1863/354/1755 1865/356/1756 1915/406/1790
f 1915/406/1790 1865/356/1756 1916/407/409
f 1865/356/1756 1866/357/359 1916/407/409
f 1866/357/359 1867/358/360 1916/407/409
f 1867/358/360 1868/359/1757 1916/407/409
f 1916/407/409 1868/359/1757 1917/408/1791
f 1917/408/1791 1868/359/1757 1918/409/411
f 1918/409/411 1868/359/1757 1919/410/1792
f 1868/359/1757 1869/360/362 1919/410/1792
f 1919/410/1792 1869/360/362 1920/411/1793
f 1869/360/362 1870/361/363 1920/411/1793
f 1920/411/1793 1870/361/363 1921/412/1794
f 1870/361/363 1871/362/1758 1921/412/1794
f 1922/413/1795 1921/412/1794 1923/414/1796
f 1921/412/1794 1871/362/1758 1923/414/1796
f 1871/362/1758 1872/363/365 1923/414/1796
f 1872/363/365 1873/364/366 1923/414/1796
f 1923/414/1796 1873/364/366 1924/415/417
f 1873/364/366 1875/366/1760 1924/415/417
f 1924/415/417 1875/366/1760 1925/416/1797
f 1875/366/1760 1876/367/1761 1925/416/1797
f 1793/284/1713 1925/416/1797 1926/417/1798
f 1925/416/1797 1876/367/1761 1926/417/1798
f 1876/367/1761 1877/368/370 1926/417/1798
f 1877/368/370 1878/369/1762 1926/417/1798
f 1926/417/1798 1878/369/1762 1927/418/1799
f 1878/369/1762 1879/370/372 1927/418/1799
f 1927/418/1799 1879/370/372 1928/419/1800
f 1879/370/372 1880/371/1763 1928/419/1800
f 1880/371/1763 1881/372/1764 1928/419/1800
f 1881/372/1764 1882/373/1765 1928/419/1800
f 1928/419/1800 1882/373/1765 1929/420/1801
f 1929/420/1801 1882/373/1765 1930/421/423
f 1882/373/1765 1883/374/1766 1930/421/423
f 1883/374/1766 1884/375/1767 1930/421/423
f 1884/375/1767 1885/376/1768 1930/421/423
f 1885/376/1768 1886/377/1769 1930/421/423
f 1930/421/423 1886/377/1769 1931/422/1802
f 1931/422/1802 1886/377/1769 1932/423/1803
f 1886/377/1769 1887/378/1770 1932/423/1803
f 1887/378/1770 1888/379/1771 1932/423/1803
f 1932/423/1803 1888/379/1771 1933/424/426
f 1934/425/1804 1933/424/426 1935/426/1805
f 1935/426/1805 1933/424/426 1936/427/429
f 1933/424/426 1888/379/1771 1936/427/429
f 1936/427/429 1888/379/1771 1937/428/1806
f 1888/379/1771 1889/380/1772 1937/428/1806
f 1889/380/1772 1890/381/383 1937/428/1806
f 1937/428/1806 1890/381/383 1938/429/1807
f 1938/429/1807 1890/381/383 1939/430/432
f 1890/381/383 1891/382/384 1939/430/432
f 1891/382/384 1892/383/1773 1939/430/432
f 1892/383/1773 1893/384/386 1939/430/432
f 1939/430/432 1893/384/386 1940/431/1808
f 1940/431/1808 1893/384/386 1941/432/1809
f 1893/384/386 1894/385/387 1941/432/1809
f 1894/385/387 1895/386/1774 1941/432/1809
f 1941/432/1809 1895/386/1774 1942/433/435
f 1895/386/1774 1896/387/389 1942/433/435
f 1942/433/435 1896/387/389 1943/434/436
f 1896/387/389 1897/388/1775 1943/434/436
f 1897/388/1775 1898/389/1776 1943/434/436
f 1898/389/1776 1899/390/392 1943/434/436
f 1943/434/436 1899/390/392 1944/435/437
f 1944/435/437 1899/390/392 1945/436/438
f 1899/390/392 1900/391/1777 1945/436/438
f 1900/391/1777 1902/393/1779 1945/436/438
f 1902/393/1779 1903/394/1780 1945/436/438
f 1945/436/438 1903/394/1780 1946/437/1810
f 1946/437/1810 1903/394/1780 1947/438/1811
f 1947/438/1811 1903/394/1780 1948/439/1812
f 1903/394/1780 1904/395/1781 1948/439/1812
f 1948/439/1812 1904/395/1781 1949/440/1813
f 1904/395/1781 1905/396/1782 1949/440/1813
f 1949/440/1813 1905/396/1782 1950/441/1814
f 1905/396/1782 1906/397/1783 1950/441/1814
f 1906/397/1783 1907/398/1784 1950/441/1814
f 1950/441/1814 1907/398/1784 1951/442/1815
f 1952/443/445 1951/442/1815 1953/444/446
f 1951/442/1815 1907/398/1784 1953/444/446
f 1953/444/446 1907/398/1784 1954/445/1816
f 1907/398/1784 1908/399/1785 1954/445/1816
f 1908/399/1785 1909/400/1786 1954/445/1816
f 1954/445/1816 1909/400/1786 1955/446/1817
f 1956/447/1818 1955/446/1817 1957/448/450
f 1955/446/1817 1909/400/1786 1957/448/450
f 1909/400/1786 1910/401/403 1957/448/450
f 1910/401/403 1911/402/1787 1957/448/450
f 1957/448/450 1911/402/1787 1958/449/1819
f 1911/402/1787 1912/403/1788 1958/449/1819
f 1958/449/1819 1912/403/1788 1959/450/1820
f 1912/403/1788 1960/451/1821 1959/450/1820
f 1961/452/1822 1959/450/1820 1962/453/1823
f 1962/453/1823 1959/450/1820 1963/454/1824
f 1959/450/1820 1960/451/1821 1963/454/1824
f 1963/454/1824 1960/451/1821 1964/455/457
f 1960/451/1821 1912/403/1788 1964/455/457
f 1912/403/1788 1913/404/1789 1964/455/457
f 1913/404/1789 1914/405/407 1964/455/457
f 1964/455/457 1914/405/407 1965/456/458
f 1914/405/407 1915/406/1790 1965/456/458
f 1965/456/458 1915/406/1790 1966/457/1825
f 1915/406/1790 1916/407/409 1966/457/1825
f 1966/457/1825 1916/407/409 1967/458/1826
f 1916/407/409 1917/408/1791 1967/458/1826
f 1967/458/1826 1917/408/1791 1968/459/1827
f 1917/408/1791 1918/409/411 1968/459/1827
f 1968/459/1827 1918/409/411 1969/460/1828
f 1918/409/411 1919/410/1792 1969/460/1828
f 1969/460/1828 1919/410/1792 1970/461/463
f 1970/461/463 1919/410/1792 1971/462/1829
f 1919/410/1792 1920/411/1793 1971/462/1829
f 1920/411/1793 1921/412/1794 1971/462/1829
f 1971/462/1829 1921/412/1794 1972/463/465
f 1972/463/465 1921/412/1794 1973/464/1830
f 1921/412/1794 1922/413/1795 1973/464/1830
f 1973/464/1830 1922/413/1795 1974/465/1831
f 1974/465/1831 1922/413/1795 1975/466/1832
f 1922/413/1795 1923/414/1796 1975/466/1832
f 1923/414/1796 1924/415/417 1975/466/1832
f 1975/466/1832 1924/415/417 1976/467/1833
f 1976/467/1833 1924/415/417 1977/468/1834
f 1924/415/417 1925/416/1797 1977/468/1834
f 1977/468/1834 1925/416/1797 1978/469/471
f 1978/469/471 1925/416/1797 1979/470/1835
f 1925/416/1797 1793/284/1713 1979/470/1835
f 1793/284/1713 1792/283/1712 1979/470/1835
f 1979/470/1835 1792/283/1712 1980/471/473
f 1981/472/474 1980/471/473 1982/473/1836
f 1980/471/473 1792/283/1712 1982/473/1836
f 1982/473/1836 1792/283/1712 1983/474/1837
f 1792/283/1712 1791/282/1711 1983/474/1837
f 1983/474/1837 1791/282/1711 1984/475/1838
f 1984/475/1838 1791/282/1711 1985/476/1839
f 1791/282/1711 1793/284/1713 1985/476/1839
f 1985/476/1839 1793/284/1713 1986/477/1840
f 1793/284/1713 1926/417/1798 1986/477/1840
f 1926/417/1798 1927/418/1799 1986/477/1840
f 1927/418/1799 1928/419/1800 1986/477/1840
f 1986/477/1840 1928/419/1800 1987/478/1841
f 1928/419/1800 1929/420/1801 1987/478/1841
f 1987/478/1841 1929/420/1801 1988/479/481
f 1929/420/1801 1930/421/423 1988/479/481
f 1930/421/423 1931/422/1802 1988/479/481
f 1988/479/481 1931/422/1802 1989/480/1842
f 1989/480/1842 1931/422/1802 1990/481/483
f 1931/422/1802 1932/423/1803 1990/481/483
f 1932/423/1803 1933/424/426 1990/481/483
f 1990/481/483 1933/424/426 1991/482/484
f 1933/424/426 1934/425/1804 1991/482/484
f 1934/425/1804 1992/483/1843 1991/482/484
f 1993/484/1844 1991/482/484 1994/485/1845
f 1991/482/484 1992/483/1843 1994/485/1845
f 1994/485/1845 1992/483/1843 1995/486/1846
f 1995/486/1846 1992/483/1843 1996/487/1847
f 1992/483/1843 1934/425/1804 1996/487/1847
f 1996/487/1847 1934/425/1804 1997/488/1848
f 1934/425/1804 1935/426/1805 1997/488/1848
f 1997/488/1848 1935/426/1805 1998/489/491
f 1935/426/1805 1936/427/429 1998/489/491
f 1998/489/491 1936/427/429 1999/490/1849
f 1936/427/429 1937/428/1806 1999/490/1849
f 1937/428/1806 1938/429/1807 1999/490/1849
f 1999/490/1849 1938/429/1807 2000/491/1850
f 1938/429/1807 1939/430/432 2000/491/1850
f 1939/430/432 1940/431/1808 2000/491/1850
f 2000/491/1850 1940/431/1808 2001/492/1851
f 1940/431/1808 1941/432/1809 2001/492/1851
f 1941/432/1809 1942/433/435 2001/492/1851
f 2001/492/1851 1942/433/435 2002/493/1852
f 2002/493/1852 1942/433/435 2003/494/1853
f 1942/433/435 1943/434/436 2003/494/1853
f 1943/434/436 1944/435/437 2003/494/1853
f 2003/494/1853 1944/435/437 2004/495/497
f 1944/435/437 1945/436/438 2004/495/497
f 1945/436/438 1946/437/1810 2004/495/497
f 2004/495/497 1946/437/1810 2005/496/1854
f 2005/496/1854 1946/437/1810 2006/497/1855
f 1946/437/1810 1947/438/1811 2006/497/1855
f 2006/497/1855 1947/438/1811 2007/498/1856
f 1947/438/1811 1948/439/1812 2007/498/1856
f 2007/498/1856 1948/439/1812 2008/499/501
f 1948/439/1812 1949/440/1813 2008/499/501
f 1949/440/1813 1950/441/1814 2008/499/501
f 2008/499/501 1950/441/1814 2009/500/1857
f 1950/441/1814 1951/442/1815 2009/500/1857
f 1951/442/1815 1952/443/445 2009/500/1857
f 2009/500/1857 1952/443/445 2010/501/503
f 1952/443/445 2011/502/1858 2010/501/503
f 2010/501/503 2011/502/1858 2012/503/1859
f 2012/503/1859 2011/502/1858 2013/504/1860
f 2014/505/1861 2015/506/1862 2016/507/1863
f 2016/507/1863 2015/506/1862 2017/508/510
f 2015/506/1862 2013/504/1860 2017/508/510
f 2013/504/1860 2011/502/1858 2017/508/510
f 2017/508/510 2011/502/1858 2018/509/1864
f 2011/502/1858 1952/443/445 2018/509/1864
f 1952/443/445 1953/444/446 2018/509/1864
f 2018/509/1864 1953/444/446 2020/510/1865
f 2020/510/1865 1953/444/446 2021/511/1866
f 1953/444/446 1954/445/1816 2021/511/1866
f 1954/445/1816 1955/446/1817 2021/511/1866
f 2021/511/1866 1955/446/1817 2022/512/1867
f 1955/446/1817 1956/447/1818 2022/512/1867
f 2022/512/1867 1956/447/1818 2023/513/1868
f 1956/447/1818 1957/448/450 2023/513/1868
f 1957/448/450 1958/449/1819 2023/513/1868
f 2023/513/1868 1958/449/1819 2024/514/1869
f 1958/449/1819 1959/450/1820 2024/514/1869
f 1959/450/1820 1961/452/1822 2024/514/1869
f 2024/514/1869 1961/452/1822 2025/515/1870
f 1961/452/1822 1962/453/1823 2025/515/1870
f 2025/515/1870 1962/453/1823 2026/516/1871
f 2026/516/1871 1962/453/1823 2027/517/1872
f 1962/453/1823 1963/454/1824 2027/517/1872
f 2027/517/1872 1963/454/1824 2028/518/1873
f 1963/454/1824 1964/455/457 2028/518/1873
f 1964/455/457 1965/456/458 2028/518/1873
f 1965/456/458 1966/457/1825 2028/518/1873
f 1966/457/1825 1967/458/1826 2028/518/1873
f 2028/518/1873 1967/458/1826 2029/519/521
f 1967/458/1826 1968/459/1827 2029/519/521
f 2030/520/1874 2029/519/521 2031/521/1875
f 2029/519/521 1968/459/1827 2031/521/1875
f 1968/459/1827 1969/460/1828 2031/521/1875
f 2031/521/1875 1969/460/1828 2032/522/1876
f 1969/460/1828 1970/461/463 2032/522/1876
f 2032/522/1876 1970/461/463 2033/523/1877
f 1970/461/463 1971/462/1829 2033/523/1877
f 1971/462/1829 1972/463/465 2033/523/1877
f 2033/523/1877 1972/463/465 2034/524/1878
f 1972/463/465 1973/464/1830 2034/524/1878
f 1973/464/1830 1974/465/1831 2034/524/1878
f 2034/524/1878 1974/465/1831 2035/525/527
f 1974/465/1831 1975/466/1832 2035/525/527
f 1975/466/1832 1976/467/1833 2035/525/527
f 2035/525/527 1976/467/1833 2036/526/1879
f 1976/467/1833 1977/468/1834 2036/526/1879
f 2036/526/1879 1977/468/1834 2037/527/1880
f 2037/527/1880 1977/468/1834 2038/528/1881
f 1977/468/1834 1978/469/471 2038/528/1881
f 1978/469/471 1979/470/1835 2038/528/1881
f 2038/528/1881 1979/470/1835 2039/529/1882
f 1979/470/1835 1980/471/473 2039/529/1882
f 1980/471/473 1981/472/474 2039/529/1882
f 2039/529/1882 1981/472/474 2040/530/1883
f 2041/531/1884 2042/532/1885 2043/533/1886
f 2042/532/1885 2044/534/1887 2043/533/1886
f 2043/533/1886 2044/534/1887 2045/535/1888
f 2045/535/1888 2044/534/1887 2046/536/1889
f 2047/537/1890 2048/538/1891 2049/539/541
f 2048/538/1891 2046/536/1889 2049/539/541
f 2049/539/541 2046/536/1889 2050/540/1892
f 2046/536/1889 2044/534/1887 2050/540/1892
f 2050/540/1892 2044/534/1887 2051/541/543
f 2044/534/1887 2042/532/1885 2051/541/543
f 2051/541/543 2042/532/1885 2052/542/1893
f 2042/532/1885 2041/531/1884 2052/542/1893
f 2041/531/1884 2040/530/1883 2052/542/1893
f 2052/542/1893 2040/530/1883 2053/543/545
f 2040/530/1883 1981/472/474 2053/543/545
f 2053/543/545 1981/472/474 2054/544/1894
f 1981/472/474 1982/473/1836 2054/544/1894
f 1982/473/1836 1983/474/1837 2054/544/1894
f 1983/474/1837 1984/475/1838 2054/544/1894
f 2054/544/1894 1984/475/1838 2055/545/547
f 1984/475/1838 1985/476/1839 2055/545/547
f 2055/545/547 1985/476/1839 2056/546/1895
f 1985/476/1839 1986/477/1840 2056/546/1895
f 1986/477/1840 1987/478/1841 2056/546/1895
f 2056/546/1895 1987/478/1841 2057/547/1896
f 1987/478/1841 1988/479/481 2057/547/1896
f 1988/479/481 1989/480/1842 2057/547/1896
f 2057/547/1896 1989/480/1842 2058/548/550
f 2058/548/550 1989/480/1842 2059/549/551
f 1989/480/1842 1990/481/483 2059/549/551
f 2059/549/551 1990/481/483 2060/550/1897
f 1990/481/483 1991/482/484 2060/550/1897
f 1991/482/484 1993/484/1844 2060/550/1897
f 1993/484/1844 2061/551/1898 2060/550/1897
f 2061/551/1898 2062/552/1899 2060/550/1897
f 2060/550/1897 2062/552/1899 2063/553/1900
f 2063/553/1900 2062/552/1899 2064/554/1901
f 2065/555/1902 2066/556/1903 2067/557/1904
f 2064/554/1901 2067/557/1904 2068/558/560
f 2067/557/1904 2066/556/1903 2068/558/560
f 2069/559/1905 2070/560/1906 2071/561/1907
f 2071/561/1907 2070/560/1906 2072/562/1908
f 2072/562/1908 2070/560/1906 2073/563/1909
f 2074/564/566 2075/565/1910 2076/566/568
f 2076/566/568 2075/565/1910 2077/567/1911
f 2075/565/1910 2073/563/1909 2077/567/1911
f 2077/567/1911 2073/563/1909 2078/568/1912
f 2073/563/1909 2070/560/1906 2078/568/1912
f 2078/568/1912 2070/560/1906 2079/569/1913
f 2070/560/1906 2069/559/1905 2079/569/1913
f 2080/570/572 2079/569/1913 2081/571/1914
f 2081/571/1914 2079/569/1913 2082/572/1915
f 2079/569/1913 2069/559/1905 2082/572/1915
f 2082/572/1915 2069/559/1905 2083/573/1916
f 2069/559/1905 2071/561/1907 2083/573/1916
f 2083/573/1916 2071/561/1907 2084/574/1917
f 2084/574/1917 2071/561/1907 2085/575/1918
f 2071/561/1907 2072/562/1908 2085/575/1918
f 2085/575/1918 2072/562/1908 2086/576/1919
f 2072/562/1908 2073/563/1909 2086/576/1919
f 2086/576/1919 2073/563/1909 2087/577/1920
f 2073/563/1909 2075/565/1910 2087/577/1920
f 2075/565/1910 2074/564/566 2087/577/1920
f 2087/577/1920 2074/564/566 2088/578/1921
f 2088/578/1921 2074/564/566 2089/579/1922
f 2089/579/1922 2074/564/566 2090/580/1923
f 2074/564/566 2068/558/560 2090/580/1923
f 2068/558/560 2066/556/1903 2090/580/1923
f 2090/580/1923 2066/556/1903 2091/581/1924
f 2066/556/1903 2065/555/1902 2091/581/1924
f 2091/581/1924 2065/555/1902 2092/582/1925
f 2092/582/1925 2065/555/1902 2093/583/1926
f 2065/555/1902 2067/557/1904 2093/583/1926
f 2093/583/1926 2067/557/1904 2094/584/1927
f 2094/584/1927 2067/557/1904 2095/585/587
f 2067/557/1904 2064/554/1901 2095/585/587
f 2095/585/587 2064/554/1901 2096/586/1928
f 2064/554/1901 2062/552/1899 2096/586/1928
f 2096/586/1928 2062/552/1899 2097/587/589
f 2062/552/1899 2061/551/1898 2097/587/589
f 2097/587/589 2061/551/1898 2098/588/1929
f 2061/551/1898 1993/484/1844 2098/588/1929
f 2098/588/1929 1993/484/1844 2099/589/1930
f 1993/484/1844 1994/485/1845 2099/589/1930
f 1994/485/1845 1995/486/1846 2099/589/1930
f 2099/589/1930 1995/486/1846 2100/590/1931
f 2100/590/1931 1995/486/1846 2101/591/1932
f 2101/591/1932 1995/486/1846 2102/592/1933
f 1995/486/1846 1996/487/1847 2102/592/1933
f 2102/592/1933 1996/487/1847 2103/593/1934
f 1996/487/1847 1997/488/1848 2103/593/1934
f 2103/593/1934 1997/488/1848 2104/594/596
f 1997/488/1848 1998/489/491 2104/594/596
f 1998/489/491 1999/490/1849 2104/594/596
f 2104/594/596 1999/490/1849 2105/595/1935
f 1999/490/1849 2000/491/1850 2105/595/1935
f 2105/595/1935 2000/491/1850 2106/596/1936
f 2106/596/1936 2000/491/1850 2107/597/1937
f 2000/491/1850 2001/492/1851 2107/597/1937
f 2107/597/1937 2001/492/1851 2108/598/1938
f 2001/492/1851 2002/493/1852 2108/598/1938
f 2108/598/1938 2002/493/1852 2109/599/1939
f 2002/493/1852 2003/494/1853 2109/599/1939
f 2109/599/1939 2003/494/1853 2110/600/1940
f 2003/494/1853 2004/495/497 2110/600/1940
f 2110/600/1940 2004/495/497 2111/601/1941
f 2004/495/497 2005/496/1854 2111/601/1941
f 2005/496/1854 2006/497/1855 2111/601/1941
f 2111/601/1941 2006/497/1855 2112/602/1942
f 2006/497/1855 2007/498/1856 2112/602/1942
f 2112/602/1942 2007/498/1856 2113/603/1943
f 2007/498/1856 2008/499/501 2113/603/1943
f 2113/603/1943 2008/499/501 2114/604/1944
f 2008/499/501 2009/500/1857 2114/604/1944
f 2114/604/1944 2009/500/1857 2115/605/1945
f 2009/500/1857 2010/501/503 2115/605/1945
f 2010/501/503 2012/503/1859 2115/605/1945
f 2115/605/1945 2012/503/1859 2116/606/1946
f 2116/606/1946 2012/503/1859 2117/607/1947
f 2012/503/1859 2013/504/1860 2117/607/1947
f 2117/607/1947 2013/504/1860 2118/608/1948
f 2013/504/1860 2015/506/1862 2118/608/1948
f 2015/506/1862 2014/505/1861 2118/608/1948
f 2118/608/1948 2014/505/1861 2119/609/1949
f 2120/610/612 2119/609/1949 2121/611/1950
f 2119/609/1949 2014/505/1861 2121/611/1950
f 2122/612/1680 2121/611/1950 2123/613/1951
f 2121/611/1950 2014/505/1861 2123/613/1951
f 2123/613/1951 2014/505/1861 2124/614/1952
f 2014/505/1861 2016/507/1863 2124/614/1952
f 2016/507/1863 2017/508/510 2124/614/1952
f 2124/614/1952 2017/508/510 2125/615/1953
f 2017/508/510 2018/509/1864 2125/615/1953
f 2018/509/1864 2020/510/1865 2125/615/1953
f 2125/615/1953 2020/510/1865 2127/616/1954
f 2126/616/1955 2019/510/1956 2129/617/620
f 2020/510/1865 2021/511/1866 2128/617/621
f 2128/617/621 2021/511/1866 2130/618/1957
f 2021/511/1866 2022/512/1867 2130/618/1957
f 2130/618/1957 2022/512/1867 2131/619/1958
f 2022/512/1867 2023/513/1868 2131/619/1958
f 2023/513/1868 2024/514/1869 2131/619/1958
f 2131/619/1958 2024/514/1869 2132/620/624
f 2132/620/624 2024/514/1869 2133/621/1959
f 2024/514/1869 2025/515/1870 2133/621/1959
f 2133/621/1959 2025/515/1870 2134/622/1960
f 2025/515/1870 2026/516/1871 2134/622/1960
f 2134/622/1960 2026/516/1871 2135/623/1961
f 2026/516/1871 2027/517/1872 2135/623/1961
f 2135/623/1961 2027/517/1872 2136/624/1962
f 2027/517/1872 2028/518/1873 2136/624/1962
f 2028/518/1873 2029/519/521 2136/624/1962
f 2136/624/1962 2029/519/521 2137/625/1963
f 2029/519/521 2030/520/1874 2137/625/1963
f 2137/625/1963 2030/520/1874 2138/626/1964
f 2030/520/1874 2031/521/1875 2138/626/1964
f 2031/521/1875 2032/522/1876 2138/626/1964
f 2138/626/1964 2032/522/1876 2139/627/1965
f 2032/522/1876 2033/523/1877 2139/627/1965
f 2139/627/1965 2033/523/1877 2140/628/1966
f 2033/523/1877 2034/524/1878 2140/628/1966
f 2140/628/1966 2034/524/1878 2141/629/1967
f 2034/524/1878 2035/525/527 2141/629/1967
f 2035/525/527 2036/526/1879 2141/629/1967
f 2141/629/1967 2036/526/1879 2142/630/1968
f 2036/526/1879 2037/527/1880 2142/630/1968
f 2142/630/1968 2037/527/1880 2143/631/1969
f 2037/527/1880 2038/528/1881 2143/631/1969
f 2143/631/1969 2038/528/1881 2144/632/1970
f 2144/632/1970 2038/528/1881 2145/633/1971
f 2038/528/1881 2039/529/1882 2145/633/1971
f 2145/633/1971 2039/529/1882 2146/634/1972
f 2039/529/1882 2040/530/1883 2146/634/1972
f 2146/634/1972 2040/530/1883 2147/635/1973
f 2040/530/1883 2041/531/1884 2147/635/1973
f 2147/635/1973 2041/531/1884 2148/636/1974
f 2148/636/1974 2041/531/1884 2149/637/1975
f 2041/531/1884 2043/533/1886 2149/637/1975
f 2149/637/1975 2043/533/1886 2150/638/1976
f 2043/533/1886 2045/535/1888 2150/638/1976
f 2150/638/1976 2045/535/1888 2151/639/1977
f 2045/535/1888 2046/536/1889 2151/639/1977
f 2046/536/1889 2048/538/1891 2151/639/1977
f 2151/639/1977 2048/538/1891 2152/640/1978
f 2048/538/1891 2047/537/1890 2152/640/1978
f 2152/640/1978 2047/537/1890 2153/641/1979
f 2154/642/1980 2155/643/1981 2156/644/1982
f 2155/643/1981 2153/641/1979 2156/644/1982
f 2153/641/1979 2047/537/1890 2156/644/1982
f 2156/644/1982 2047/537/1890 2157/645/1983
f 2047/537/1890 2049/539/541 2157/645/1983
f 2157/645/1983 2049/539/541 2158/646/650
f 2049/539/541 2050/540/1892 2158/646/650
f 2158/646/650 2050/540/1892 2159/647/1984
f 2050/540/1892 2051/541/543 2159/647/1984
f 2160/648/652 2159/647/1984 2161/649/1985
f 2159/647/1984 2051/541/543 2161/649/1985
f 2051/541/543 2052/542/1893 2161/649/1985
f 2161/649/1985 2052/542/1893 2162/650/1986
f 2052/542/1893 2053/543/545 2162/650/1986
f 2163/651/1987 2162/650/1986 2164/652/656
f 2162/650/1986 2053/543/545 2164/652/656
f 2053/543/545 2054/544/1894 2164/652/656
f 2054/544/1894 2055/545/547 2164/652/656
f 2164/652/656 2055/545/547 2165/653/657
f 2055/545/547 2056/546/1895 2165/653/657
f 2165/653/657 2056/546/1895 2166/654/1988
f 2056/546/1895 2057/547/1896 2166/654/1988
f 2166/654/1988 2057/547/1896 2167/655/1989
f 2057/547/1896 2058/548/550 2167/655/1989
f 2058/548/550 2059/549/551 2167/655/1989
f 2167/655/1989 2059/549/551 2168/656/1990
f 2059/549/551 2060/550/1897 2168/656/1990
f 2060/550/1897 2063/553/1900 2168/656/1990
f 2168/656/1990 2063/553/1900 2169/657/661
f 2063/553/1900 2064/554/1901 2169/657/661
f 2064/554/1901 2068/558/560 2169/657/661
f 2068/558/560 2074/564/566 2169/657/661
f 2074/564/566 2076/566/568 2169/657/661
f 2169/657/661 2076/566/568 2170/658/662
f 2076/566/568 2077/567/1911 2170/658/662
f 2170/658/662 2077/567/1911 2171/659/1991
f 2172/660/1992 2173/661/665 2174/662/1993
f 2173/661/665 2171/659/1991 2174/662/1993
f 2171/659/1991 2077/567/1911 2174/662/1993
f 2077/567/1911 2078/568/1912 2174/662/1993
f 2174/662/1993 2078/568/1912 2175/663/667
f 2078/568/1912 2079/569/1913 2175/663/667
f 2079/569/1913 2080/570/572 2175/663/667
f 2175/663/667 2080/570/572 2176/664/1994
f 2176/664/1994 2080/570/572 2177/665/669
f 2080/570/572 2081/571/1914 2177/665/669
f 2081/571/1914 2178/666/1995 2177/665/669
f 2178/666/1995 2179/667/1996 2177/665/669
f 2179/667/1996 1790/281/1710 2177/665/669
f 2177/665/669 1790/281/1710 2180/668/1997
f 1790/281/1710 1782/273/1703 2180/668/1997
f 1782/273/1703 1784/275/1705 2180/668/1997
f 2180/668/1997 1784/275/1705 2181/669/1998
f 1784/275/1705 1785/276/278 2181/669/1998
f 1785/276/278 2182/670/1999 2181/669/1998
f 2181/669/1998 2182/670/1999 2183/671/2000
f 2182/670/1999 2184/672/2001 2183/671/2000
f 2183/671/2000 2184/672/2001 2185/673/2002
f 2184/672/2001 2186/674/2003 2185/673/2002
f 2185/673/2002 2186/674/2003 2187/675/2004
f 2186/674/2003 1781/272/1702 2187/675/2004
f 1781/272/1702 1707/200/1637 2187/675/2004
f 2187/675/2004 1707/200/1637 2188/676/680
f 1707/200/1637 1709/202/1639 2188/676/680
f 1709/202/1639 1711/204/204 2188/676/680
f 2188/676/680 1711/204/204 2189/677/2005
f 1711/204/204 1713/206/206 2189/677/2005
f 1713/206/206 1715/208/1643 2189/677/2005
f 1715/208/1643 1716/209/1644 2189/677/2005
f 2189/677/2005 1716/209/1644 2190/678/2006
f 1716/209/1644 1717/210/210 2190/678/2006
f 1717/210/210 1718/211/211 2190/678/2006
f 2190/678/2006 1718/211/211 2191/679/683
f 2191/679/683 1718/211/211 2192/680/2007
f 1718/211/211 1719/212/212 2192/680/2007
f 1719/212/212 1720/213/213 2192/680/2007
f 1720/213/213 1721/214/1645 2192/680/2007
f 1721/214/1645 1722/215/1646 2192/680/2007
f 2192/680/2007 1722/215/1646 2193/681/2008
f 2193/681/2008 1722/215/1646 2194/682/2009
f 1722/215/1646 1723/216/216 2194/682/2009
f 1723/216/216 1724/217/217 2194/682/2009
f 1724/217/217 1725/218/1647 2194/682/2009
f 2194/682/2009 1725/218/1647 2195/683/2010
f 1725/218/1647 1726/219/1648 2195/683/2010
f 2195/683/2010 1726/219/1648 2196/684/2011
f 1726/219/1648 1727/220/1649 2196/684/2011
f 1727/220/1649 1728/221/1650 2196/684/2011
f 1728/221/1650 1729/222/1651 2196/684/2011
f 2196/684/2011 1729/222/1651 2197/685/2012
f 1729/222/1651 1730/223/1652 2197/685/2012
f 1730/223/1652 1731/224/1653 2197/685/2012
f 2197/685/2012 1731/224/1653 2198/686/2013
f 2198/686/2013 1731/224/1653 2199/687/691
f 2199/687/691 1731/224/1653 2200/688/692
f 1731/224/1653 1732/225/1654 2200/688/692
f 2200/688/692 1732/225/1654 2201/689/2014
f 1732/225/1654 1733/226/1655 2201/689/2014
f 2201/689/2014 1733/226/1655 2202/690/2015
f 1733/226/1655 1734/227/1656 2202/690/2015
f 1734/227/1656 2154/642/1980 2202/690/2015
f 2154/642/1980 2156/644/1982 2202/690/2015
f 2202/690/2015 2156/644/1982 2203/691/2016
f 2156/644/1982 2157/645/1983 2203/691/2016
f 2157/645/1983 2158/646/650 2203/691/2016
f 2203/691/2016 2158/646/650 2204/692/2017
f 2158/646/650 2159/647/1984 2204/692/2017
f 2159/647/1984 2160/648/652 2204/692/2017
f 2204/692/2017 2160/648/652 2205/693/2018
f 2160/648/652 2161/649/1985 2205/693/2018
f 2205/693/2018 2161/649/1985 2206/694/2019
f 2161/649/1985 2162/650/1986 2206/694/2019
f 2206/694/2019 2162/650/1986 2207/695/699
f 2162/650/1986 2163/651/1987 2207/695/699
f 2207/695/699 2163/651/1987 2208/696/700
f 2163/651/1987 2164/652/656 2208/696/700
f 2164/652/656 2165/653/657 2208/696/700
f 2208/696/700 2165/653/657 2209/697/701
f 2165/653/657 2166/654/1988 2209/697/701
f 2166/654/1988 2167/655/1989 2209/697/701
f 2209/697/701 2167/655/1989 2210/698/2020
f 2167/655/1989 2168/656/1990 2210/698/2020
f 2210/698/2020 2168/656/1990 2211/699/2021
f 2168/656/1990 2169/657/661 2211/699/2021
f 2169/657/661 2170/658/662 2211/699/2021
f 2211/699/2021 2170/658/662 2212/700/2022
f 2170/658/662 2171/659/1991 2212/700/2022
f 2171/659/1991 2173/661/665 2212/700/2022
f 2212/700/2022 2173/661/665 2213/701/2023
f 2213/701/2023 2173/661/665 2214/702/706
f 2173/661/665 2172/660/1992 2214/702/706
f 2214/702/706 2172/660/1992 2215/703/2024
f 2172/660/1992 2174/662/1993 2215/703/2024
f 2215/703/2024 2174/662/1993 2216/704/2025
f 2174/662/1993 2175/663/667 2216/704/2025
f 2216/704/2025 2175/663/667 2217/705/2026
f 2175/663/667 2176/664/1994 2217/705/2026
f 2217/705/2026 2176/664/1994 2218/706/710
f 2176/664/1994 2177/665/669 2218/706/710
f 2177/665/669 2180/668/1997 2218/706/710
f 2180/668/1997 2181/669/1998 2218/706/710
f 2218/706/710 2181/669/1998 2219/707/2027
f 2181/669/1998 2183/671/2000 2219/707/2027
f 2219/707/2027 2183/671/2000 2220/708/712
f 2183/671/2000 2185/673/2002 2220/708/712
f 2185/673/2002 2187/675/2004 2220/708/712
f 2187/675/2004 2188/676/680 2220/708/712
f 2220/708/712 2188/676/680 2221/709/2028
f 2188/676/680 2189/677/2005 2221/709/2028
f 2189/677/2005 2190/678/2006 2221/709/2028
f 2190/678/2006 2191/679/683 2221/709/2028
f 2221/709/2028 2191/679/683 2222/710/2029
f 2222/710/2029 2191/679/683 2223/711/2030
f 2191/679/683 2192/680/2007 2223/711/2030
f 2192/680/2007 2193/681/2008 2223/711/2030
f 2223/711/2030 2193/681/2008 2224/712/2031
f 2193/681/2008 2194/682/2009 2224/712/2031
f 2224/712/2031 2194/682/2009 2225/713/2032
f 2194/682/2009 2195/683/2010 2225/713/2032
f 2195/683/2010 2196/684/2011 2225/713/2032
f 2196/684/2011 2197/685/2012 2225/713/2032
f 2225/713/2032 2197/685/2012 2226/714/2033
f 2197/685/2012 2198/686/2013 2226/714/2033
f 2226/714/2033 2198/686/2013 2227/715/2034
f 2198/686/2013 2199/687/691 2227/715/2034
f 2227/715/2034 2199/687/691 2228/716/2035
f 2199/687/691 2200/688/692 2228/716/2035
f 2200/688/692 2201/689/2014 2228/716/2035
f 2228/716/2035 2201/689/2014 2229/717/721
f 2201/689/2014 2202/690/2015 2229/717/721
f 2202/690/2015 2203/691/2016 2229/717/721
f 2229/717/721 2203/691/2016 2230/718/2036
f 2203/691/2016 2204/692/2017 2230/718/2036
f 2230/718/2036 2204/692/2017 2231/719/2037
f 2204/692/2017 2205/693/2018 2231/719/2037
f 2231/719/2037 2205/693/2018 2232/720/724
f 2205/693/2018 2206/694/2019 2232/720/724
f 2206/694/2019 2207/695/699 2232/720/724
f 2232/720/724 2207/695/699 2233/721/2038
f 2233/721/2038 2207/695/699 2234/722/2039
f 2207/695/699 2208/696/700 2234/722/2039
f 2234/722/2039 2208/696/700 2235/723/727
f 2208/696/700 2209/697/701 2235/723/727
f 2209/697/701 2210/698/2020 2235/723/727
f 2235/723/727 2210/698/2020 2236/724/728
f 2210/698/2020 2211/699/2021 2236/724/728
f 2211/699/2021 2212/700/2022 2236/724/728
f 2212/700/2022 2213/701/2023 2236/724/728
f 2236/724/728 2213/701/2023 2237/725/729
f 2213/701/2023 2214/702/706 2237/725/729
f 2237/725/729 2214/702/706 2238/726/2040
f 2214/702/706 2215/703/2024 2238/726/2040
f 2238/726/2040 2215/703/2024 2239/727/2041
f 2215/703/2024 2216/704/2025 2239/727/2041
f 2216/704/2025 2217/705/2026 2239/727/2041
f 2239/727/2041 2217/705/2026 2240/728/2042
f 2217/705/2026 2218/706/710 2240/728/2042
f 2240/728/2042 2218/706/710 2241/729/2043
f 2218/706/710 2219/707/2027 2241/729/2043
f 2219/707/2027 2220/708/712 2241/729/2043
f 2241/729/2043 2220/708/712 2242/730/734
f 2220/708/712 2221/709/2028 2242/730/734
f 2221/709/2028 2222/710/2029 2242/730/734
f 2242/730/734 2222/710/2029 2243/731/2044
f 2243/731/2044 2222/710/2029 2244/732/736
f 2222/710/2029 2223/711/2030 2244/732/736
f 2223/711/2030 2224/712/2031 2244/732/736
f 2244/732/736 2224/712/2031 2245/733/2045
f 2224/712/2031 2225/713/2032 2245/733/2045
f 2225/713/2032 2226/714/2033 2245/733/2045
f 2245/733/2045 2226/714/2033 2246/734/2046
f 2226/714/2033 2227/715/2034 2246/734/2046
f 2227/715/2034 2228/716/2035 2246/734/2046
f 2246/734/2046 2228/716/2035 2247/735/739
f 2228/716/2035 2229/717/721 2247/735/739
f 2229/717/721 2230/718/2036 2247/735/739
f 2247/735/739 2230/718/2036 2248/736/740
f 2248/736/740 2230/718/2036 2249/737/2047
f 2230/718/2036 2231/719/2037 2249/737/2047
f 2231/719/2037 2232/720/724 2249/737/2047
f 2232/720/724 2233/721/2038 2249/737/2047
f 2249/737/2047 2233/721/2038 2250/738/742
f 2250/738/742 2233/721/2038 2251/739/743
f 2233/721/2038 2234/722/2039 2251/739/743
f 2234/722/2039 2235/723/727 2251/739/743
f 2235/723/727 2236/724/728 2251/739/743
f 2236/724/728 2237/725/729 2251/739/743
f 2251/739/743 2237/725/729 2252/740/744
f 2237/725/729 2238/726/2040 2252/740/744
f 2238/726/2040 2239/727/2041 2252/740/744
f 2239/727/2041 2240/728/2042 2252/740/744
f 2252/740/744 2240/728/2042 2253/741/2048
f 2240/728/2042 2241/729/2043 2253/741/2048
f 2253/741/2048 2241/729/2043 2254/742/746
f 2241/729/2043 2242/730/734 2254/742/746
f 2242/730/734 2243/731/2044 2254/742/746
f 2243/731/2044 2244/732/736 2254/742/746
f 2254/742/746 2244/732/736 2255/743/747
f 2244/732/736 2245/733/2045 2255/743/747
f 2255/743/747 2245/733/2045 2256/744/748
f 2245/733/2045 2246/734/2046 2256/744/748
f 2246/734/2046 2247/735/739 2256/744/748
f 2256/744/748 2247/735/739 2257/745/2049
f 2247/735/739 2248/736/740 2257/745/2049
f 2248/736/740 2249/737/2047 2257/745/2049
f 2249/737/2047 2250/738/742 2257/745/2049
f 2257/745/2049 2250/738/742 2258/746/2050
f 2250/738/742 2251/739/743 2258/746/2050
f 2251/739/743 2252/740/744 2258/746/2050
f 2252/740/744 2253/741/2048 2258/746/2050
f 2258/746/2050 2253/741/2048 2259/747/751
f 2253/741/2048 2254/742/746 2259/747/751
f 2254/742/746 2255/743/747 2259/747/751
f 2255/743/747 2256/744/748 2259/747/751
f 2256/744/748 2257/745/2049 2259/747/751
f 2258/746/2050 2259/747/751 2257/745/2049
