# Blender 5.2.0 Alpha
# www.blender.org
mtllib FlamePots.mtl
o FlamePots
v 8.956752 0.595310 3.754527
v 8.945893 0.595310 3.743669
v 8.960371 0.560320 3.737636
v 8.945893 0.595310 3.727983
v 8.945893 0.595310 3.727983
v 8.960371 0.560320 3.723157
v 8.960371 0.560320 3.723157
v 8.945893 0.595310 3.349130
v 8.960371 0.560320 3.355163
v 8.960371 0.560320 3.339478
v 8.945893 0.595310 3.333445
v 8.957959 0.595310 3.322586
v 8.971231 0.560320 3.328619
v 9.225811 0.595310 3.054734
v 9.231844 0.560320 3.069212
v 9.242703 0.560320 3.058353
v 9.236670 0.595310 3.043875
v 9.251149 0.595310 3.043875
v 9.257182 0.560320 3.058353
v 9.630002 0.595310 3.045081
v 9.625176 0.560320 3.058353
v 9.639654 0.560320 3.058353
v 9.645688 0.595310 3.045081
v 9.656546 0.595310 3.055940
v 9.650514 0.560320 3.069212
v 9.924398 0.595310 3.323792
v 9.911125 0.560320 3.329825
v 9.920777 0.560320 3.340684
v 9.935256 0.595310 3.334651
v 9.935256 0.595310 3.349130
v 9.935256 0.595310 3.349130
v 9.920777 0.560320 3.355163
v 9.920777 0.560320 3.355163
v 9.935256 0.595310 3.729190
v 9.920777 0.560320 3.723157
v 9.920777 0.560320 3.738842
v 9.935256 0.595310 3.743669
v 9.924398 0.595310 3.755734
v 9.909921 0.560320 3.749701
v 9.655340 0.595310 4.023586
v 9.649307 0.560320 4.009108
v 9.639654 0.560320 4.019967
v 9.645688 0.595310 4.033238
v 9.630002 0.595310 4.033238
v 9.625176 0.560320 4.019967
v 9.251149 0.595310 4.033238
v 9.257182 0.560320 4.019967
v 9.241496 0.560320 4.018760
v 9.235463 0.595310 4.033238
v 9.224604 0.595310 4.022380
v 9.230637 0.560320 4.009108
v 8.970024 0.560320 3.748495
v 8.974850 0.542222 3.731603
v 8.974850 0.542222 3.717125
v 8.974850 0.542222 3.717125
v 8.974850 0.542222 3.359989
v 8.974850 0.542222 3.345510
v 8.984502 0.542222 3.334651
v 9.237877 0.542222 3.082484
v 9.247530 0.542222 3.072832
v 9.262008 0.542222 3.072832
v 9.619143 0.542222 3.072832
v 9.634829 0.542222 3.072832
v 9.644481 0.542222 3.083691
v 9.896646 0.542222 3.335858
v 9.907506 0.542222 3.346717
v 9.907506 0.542222 3.359989
v 9.907506 0.542222 3.359989
v 9.907506 0.542222 3.718331
v 9.907506 0.542222 3.732810
v 9.896646 0.542222 3.742462
v 9.643273 0.542222 3.995836
v 9.633621 0.542222 4.005488
v 9.619143 0.542222 4.005488
v 9.262008 0.542222 4.005488
v 9.247530 0.542222 4.005488
v 9.236670 0.542222 3.994629
v 8.984502 0.542222 3.741256
v 8.994155 0.539809 3.724364
v 8.994155 0.539809 3.709885
v 8.994155 0.539809 3.709885
v 8.994155 0.539809 3.367228
v 8.994155 0.539809 3.353956
v 9.003807 0.539809 3.343097
v 9.246323 0.539809 3.101789
v 9.255975 0.539809 3.092137
v 9.269246 0.539809 3.092137
v 9.611904 0.539809 3.092137
v 9.626383 0.539809 3.092137
v 9.636035 0.539809 3.101789
v 9.878550 0.539809 3.344304
v 9.888202 0.539809 3.353956
v 9.888202 0.539809 3.367228
v 9.888202 0.539809 3.367228
v 9.888202 0.539809 3.709885
v 9.888202 0.539809 3.724364
v 9.877342 0.539809 3.734016
v 9.634829 0.539809 3.976531
v 9.625176 0.539809 3.986183
v 9.611904 0.539809 3.986183
v 9.269246 0.539809 3.986183
v 9.254767 0.539809 3.986183
v 9.245115 0.539809 3.976531
v 9.003807 0.539809 3.734016
v 8.998981 0.533777 3.721951
v 8.998981 0.533777 3.708679
v 8.998981 0.533777 3.708679
v 8.998981 0.533777 3.369641
v 8.998981 0.533777 3.355163
v 9.008633 0.533777 3.345510
v 9.248734 0.533777 3.106615
v 9.258387 0.533777 3.096963
v 9.271661 0.533777 3.096963
v 9.610698 0.533777 3.096963
v 9.623969 0.533777 3.096963
v 9.633621 0.533777 3.106615
v 9.873723 0.533777 3.346717
v 9.883375 0.533777 3.356369
v 9.883375 0.533777 3.369641
v 9.883375 0.533777 3.369641
v 9.883375 0.533777 3.708679
v 9.882168 0.533777 3.721951
v 9.872516 0.533777 3.732810
v 9.633621 0.533777 3.971705
v 9.623969 0.533777 3.981357
v 9.610698 0.533777 3.981357
v 9.271661 0.533777 3.981357
v 9.257182 0.533777 3.981357
v 9.247530 0.533777 3.971705
v 9.008633 0.533777 3.731603
v 9.011047 0.497580 3.715918
v 9.011047 0.497580 3.703853
v 9.011047 0.497580 3.703853
v 9.011047 0.497580 3.374467
v 9.012254 0.497580 3.361195
v 9.020700 0.497580 3.351543
v 9.253561 0.497580 3.118680
v 9.263213 0.497580 3.110235
v 9.276486 0.497580 3.110235
v 9.605871 0.497580 3.110235
v 9.619143 0.497580 3.110235
v 9.628796 0.497580 3.119887
v 9.860452 0.497580 3.352750
v 9.870104 0.497580 3.361195
v 9.870104 0.497580 3.374467
v 9.870104 0.497580 3.374467
v 9.870104 0.497580 3.703853
v 9.870104 0.497580 3.717125
v 9.860452 0.497580 3.726777
v 9.627588 0.497580 3.959639
v 9.617936 0.497580 3.968085
v 9.604665 0.497580 3.968085
v 9.276486 0.497580 3.968085
v 9.263213 0.497580 3.968085
v 9.253561 0.497580 3.958433
v 9.020700 0.497580 3.725570
v 9.024319 0.483102 3.711092
v 9.024319 0.483102 3.699026
v 9.024319 0.483102 3.699026
v 9.024319 0.483102 3.379293
v 9.024319 0.483102 3.366021
v 9.033971 0.483102 3.357576
v 9.259594 0.483102 3.131953
v 9.269246 0.483102 3.123507
v 9.281313 0.483102 3.123507
v 9.599838 0.483102 3.123507
v 9.613110 0.483102 3.123507
v 9.622762 0.483102 3.131953
v 9.848385 0.483102 3.357576
v 9.856833 0.483102 3.367228
v 9.856833 0.483102 3.379293
v 9.856833 0.483102 3.379293
v 9.856833 0.483102 3.699026
v 9.856833 0.483102 3.711092
v 9.847180 0.483102 3.720744
v 9.621557 0.483102 3.946367
v 9.613110 0.483102 3.954813
v 9.599838 0.483102 3.954813
v 9.281313 0.483102 3.954813
v 9.268040 0.483102 3.954813
v 9.258387 0.483102 3.945161
v 9.033971 0.483102 3.719538
v 9.052069 0.479482 3.712298
v 9.043623 0.479482 3.703853
v 9.043623 0.479482 3.691787
v 9.043623 0.479482 3.691787
v 9.043623 0.479482 3.386533
v 9.043623 0.479482 3.374467
v 9.052069 0.479482 3.364815
v 9.268040 0.479482 3.150051
v 9.276486 0.479482 3.141605
v 9.288551 0.479482 3.141605
v 9.592600 0.479482 3.141605
v 9.605871 0.479482 3.141605
v 9.614317 0.479482 3.151257
v 9.830287 0.479482 3.366021
v 9.838733 0.479482 3.374467
v 9.838733 0.479482 3.386533
v 9.838733 0.479482 3.386533
v 9.837527 0.479482 3.691787
v 9.837527 0.479482 3.703853
v 9.829081 0.479482 3.712298
v 9.613110 0.479482 3.928269
v 9.604665 0.479482 3.936715
v 9.592600 0.479482 3.936715
v 9.288551 0.479482 3.936715
v 9.276486 0.479482 3.936715
v 9.266834 0.479482 3.927063
v 9.100330 0.443286 3.690581
v 9.091885 0.443286 3.683341
v 9.091885 0.443286 3.672482
v 9.091885 0.443286 3.672482
v 9.091885 0.443286 3.405837
v 9.093092 0.443286 3.394979
v 9.100330 0.443286 3.386533
v 9.289758 0.443286 3.198312
v 9.296996 0.443286 3.191073
v 9.307856 0.443286 3.191073
v 9.574502 0.443286 3.191073
v 9.585360 0.443286 3.191073
v 9.592600 0.443286 3.198312
v 9.782025 0.443286 3.387739
v 9.789266 0.443286 3.394979
v 9.789266 0.443286 3.405837
v 9.789266 0.443286 3.405837
v 9.789266 0.443286 3.672482
v 9.789266 0.443286 3.683341
v 9.780821 0.443286 3.691787
v 9.592600 0.443286 3.880008
v 9.585360 0.443286 3.887247
v 9.574502 0.443286 3.887247
v 9.307856 0.443286 3.887247
v 9.295792 0.443286 3.887247
v 9.288551 0.443286 3.880008
v 9.101538 0.434840 3.689374
v 9.094299 0.434840 3.682135
v 9.094299 0.434840 3.671276
v 9.094299 0.434840 3.671276
v 9.094299 0.434840 3.405837
v 9.094299 0.434840 3.394979
v 9.102744 0.434840 3.387739
v 9.289758 0.434840 3.200725
v 9.298203 0.434840 3.192280
v 9.307856 0.434840 3.192280
v 9.573296 0.434840 3.193486
v 9.584154 0.434840 3.193486
v 9.592600 0.434840 3.200725
v 9.779613 0.434840 3.388946
v 9.786852 0.434840 3.396185
v 9.786852 0.434840 3.405837
v 9.786852 0.434840 3.405837
v 9.786852 0.434840 3.671276
v 9.786852 0.434840 3.682135
v 9.779613 0.434840 3.690581
v 9.591393 0.434840 3.877594
v 9.584154 0.434840 3.884834
v 9.573296 0.434840 3.884834
v 9.307856 0.434840 3.884834
v 9.296996 0.434840 3.884834
v 9.289758 0.434840 3.877594
v 9.097919 0.423981 3.691787
v 9.090678 0.423981 3.684548
v 9.090678 0.423981 3.673689
v 9.090678 0.423981 3.673689
v 9.090678 0.423981 3.404631
v 9.090678 0.423981 3.393772
v 9.097919 0.423981 3.385326
v 9.288551 0.423981 3.195899
v 9.295792 0.423981 3.188660
v 9.306648 0.423981 3.188660
v 9.575707 0.423981 3.188660
v 9.586567 0.423981 3.188660
v 9.593805 0.423981 3.195899
v 9.784440 0.423981 3.386533
v 9.791678 0.423981 3.393772
v 9.791678 0.423981 3.404631
v 9.791678 0.423981 3.404631
v 9.791678 0.423981 3.673689
v 9.791678 0.423981 3.684548
v 9.783233 0.423981 3.692994
v 9.593805 0.423981 3.882421
v 9.585360 0.423981 3.889660
v 9.575707 0.423981 3.889660
v 9.306648 0.423981 3.889660
v 9.295792 0.423981 3.889660
v 9.287344 0.423981 3.881214
v 9.058102 0.386579 3.708679
v 9.049657 0.386579 3.700233
v 9.049657 0.386579 3.689374
v 9.049657 0.386579 3.689374
v 9.049657 0.386579 3.388946
v 9.049657 0.386579 3.376880
v 9.058102 0.386579 3.368435
v 9.270453 0.386579 3.156083
v 9.278898 0.386579 3.147638
v 9.290965 0.386579 3.147638
v 9.590186 0.386579 3.147638
v 9.603457 0.386579 3.147638
v 9.611904 0.386579 3.156083
v 9.824254 0.386579 3.368435
v 9.831494 0.386579 3.376880
v 9.831494 0.386579 3.388946
v 9.831494 0.386579 3.388946
v 9.831494 0.386579 3.689374
v 9.831494 0.386579 3.701440
v 9.823050 0.386579 3.709885
v 9.610698 0.386579 3.922236
v 9.602252 0.386579 3.930682
v 9.590186 0.386579 3.930682
v 9.290965 0.386579 3.930682
v 9.278898 0.386579 3.930682
v 9.269246 0.386579 3.921030
v 9.054482 0.376926 3.711092
v 9.046038 0.376926 3.702646
v 9.046038 0.376926 3.690581
v 9.046038 0.376926 3.690581
v 9.046038 0.376926 3.387739
v 9.046038 0.376926 3.375674
v 9.054482 0.376926 3.366021
v 9.269246 0.376926 3.152464
v 9.277692 0.376926 3.144018
v 9.289758 0.376926 3.144018
v 9.592600 0.376926 3.144018
v 9.604665 0.376926 3.144018
v 9.613110 0.376926 3.152464
v 9.827875 0.376926 3.367228
v 9.836321 0.376926 3.375674
v 9.836321 0.376926 3.387739
v 9.836321 0.376926 3.387739
v 9.836321 0.376926 3.690581
v 9.836321 0.376926 3.702646
v 9.826668 0.376926 3.712298
v 9.613110 0.376926 3.925856
v 9.604665 0.376926 3.934302
v 9.592600 0.376926 3.934302
v 9.289758 0.376926 3.934302
v 9.276486 0.376926 3.934302
v 9.268040 0.376926 3.924649
v 9.054482 0.345556 3.711092
v 9.046038 0.345556 3.702646
v 9.046038 0.345556 3.690581
v 9.046038 0.345556 3.690581
v 9.046038 0.345556 3.387739
v 9.046038 0.345556 3.375674
v 9.054482 0.345556 3.366021
v 9.269246 0.345556 3.152464
v 9.277692 0.345556 3.144018
v 9.289758 0.345556 3.144018
v 9.592600 0.345556 3.144018
v 9.604665 0.345556 3.144018
v 9.613110 0.345556 3.152464
v 9.827875 0.345556 3.367228
v 9.836321 0.345556 3.375674
v 9.836321 0.345556 3.387739
v 9.836321 0.345556 3.387739
v 9.836321 0.345556 3.690581
v 9.836321 0.345556 3.702646
v 9.826668 0.345556 3.712298
v 9.613110 0.345556 3.925856
v 9.604665 0.345556 3.934302
v 9.592600 0.345556 3.934302
v 9.289758 0.345556 3.934302
v 9.276486 0.345556 3.934302
v 9.268040 0.345556 3.924649
v 9.058102 0.340730 3.708679
v 9.049657 0.340730 3.700233
v 9.049657 0.340730 3.688168
v 9.049657 0.340730 3.688168
v 9.049657 0.340730 3.388946
v 9.049657 0.340730 3.376880
v 9.059309 0.340730 3.368435
v 9.270453 0.340730 3.156083
v 9.278898 0.340730 3.148844
v 9.290965 0.340730 3.148844
v 9.590186 0.340730 3.148844
v 9.603457 0.340730 3.148844
v 9.611904 0.340730 3.157290
v 9.823050 0.340730 3.369641
v 9.831494 0.340730 3.378087
v 9.831494 0.340730 3.388946
v 9.831494 0.340730 3.388946
v 9.831494 0.340730 3.689374
v 9.831494 0.340730 3.701440
v 9.823050 0.340730 3.709885
v 9.610698 0.340730 3.921030
v 9.602252 0.340730 3.929476
v 9.590186 0.340730 3.929476
v 9.290965 0.340730 3.929476
v 9.278898 0.340730 3.929476
v 9.270453 0.340730 3.921030
v 9.103951 0.332284 3.689374
v 9.096711 0.332284 3.680928
v 9.096711 0.332284 3.671276
v 9.096711 0.332284 3.671276
v 9.096711 0.332284 3.407044
v 9.096711 0.332284 3.396185
v 9.103951 0.332284 3.387739
v 9.290965 0.332284 3.201931
v 9.298203 0.332284 3.194693
v 9.309063 0.332284 3.194693
v 9.573296 0.332284 3.194693
v 9.584154 0.332284 3.194693
v 9.591393 0.332284 3.201931
v 9.778406 0.332284 3.388946
v 9.785646 0.332284 3.396185
v 9.785646 0.332284 3.407044
v 9.785646 0.332284 3.407044
v 9.785646 0.332284 3.671276
v 9.785646 0.332284 3.682135
v 9.777200 0.332284 3.689374
v 9.590186 0.332284 3.876388
v 9.582948 0.332284 3.883627
v 9.573296 0.332284 3.883627
v 9.309063 0.332284 3.883627
v 9.298203 0.332284 3.883627
v 9.289758 0.332284 3.876388
v 9.289758 0.325045 3.876388
v 9.103951 0.325045 3.689374
v 9.095504 0.325045 3.680928
v 9.095504 0.325045 3.671276
v 9.095504 0.325045 3.671276
v 9.096711 0.325045 3.407044
v 9.096711 0.325045 3.396185
v 9.103951 0.325045 3.387739
v 9.290965 0.325045 3.201931
v 9.298203 0.325045 3.194693
v 9.309063 0.325045 3.194693
v 9.573296 0.325045 3.194693
v 9.584154 0.325045 3.194693
v 9.591393 0.325045 3.201931
v 9.778406 0.325045 3.388946
v 9.785646 0.325045 3.396185
v 9.785646 0.325045 3.407044
v 9.785646 0.325045 3.407044
v 9.785646 0.325045 3.671276
v 9.785646 0.325045 3.682135
v 9.777200 0.325045 3.689374
v 9.590186 0.325045 3.876388
v 9.582948 0.325045 3.883627
v 9.573296 0.325045 3.883627
v 9.309063 0.325045 3.883627
v 9.298203 0.325045 3.883627
v 9.288551 0.317806 3.878801
v 9.100330 0.317806 3.690581
v 9.093092 0.317806 3.683341
v 9.093092 0.317806 3.672482
v 9.093092 0.317806 3.672482
v 9.093092 0.317806 3.405837
v 9.093092 0.317806 3.394979
v 9.100330 0.317806 3.386533
v 9.289758 0.317806 3.198312
v 9.296996 0.317806 3.191073
v 9.307856 0.317806 3.191073
v 9.574502 0.317806 3.191073
v 9.585360 0.317806 3.191073
v 9.592600 0.317806 3.199518
v 9.780821 0.317806 3.387739
v 9.789266 0.317806 3.394979
v 9.789266 0.317806 3.405837
v 9.789266 0.317806 3.405837
v 9.788059 0.317806 3.672482
v 9.788059 0.317806 3.683341
v 9.780821 0.317806 3.690581
v 9.592600 0.317806 3.880008
v 9.584154 0.317806 3.887247
v 9.574502 0.317806 3.887247
v 9.307856 0.317806 3.887247
v 9.296996 0.317806 3.887247
v 9.269246 0.273164 3.922236
v 9.056895 0.273164 3.709885
v 9.048450 0.273164 3.701440
v 9.048450 0.273164 3.689374
v 9.048450 0.273164 3.689374
v 9.048450 0.273164 3.388946
v 9.048450 0.273164 3.376880
v 9.056895 0.273164 3.367228
v 9.270453 0.273164 3.154877
v 9.278898 0.273164 3.146431
v 9.290965 0.273164 3.146431
v 9.591393 0.273164 3.146431
v 9.603457 0.273164 3.146431
v 9.611904 0.273164 3.156083
v 9.824254 0.273164 3.368435
v 9.832702 0.273164 3.376880
v 9.832702 0.273164 3.388946
v 9.832702 0.273164 3.388946
v 9.832702 0.273164 3.689374
v 9.832702 0.273164 3.701440
v 9.824254 0.273164 3.711092
v 9.611904 0.273164 3.923443
v 9.603457 0.273164 3.931889
v 9.591393 0.273164 3.931889
v 9.290965 0.273164 3.930682
v 9.277692 0.273164 3.930682
v 9.275280 0.267131 3.937922
v 9.266834 0.267131 3.928269
v 9.050863 0.267131 3.712298
v 9.042417 0.267131 3.703853
v 9.042417 0.267131 3.691787
v 9.042417 0.267131 3.691787
v 9.042417 0.267131 3.386533
v 9.042417 0.267131 3.373261
v 9.050863 0.267131 3.364815
v 9.268040 0.267131 3.148844
v 9.276486 0.267131 3.140398
v 9.288551 0.267131 3.140398
v 9.593805 0.267131 3.140398
v 9.605871 0.267131 3.140398
v 9.615523 0.267131 3.150051
v 9.830287 0.267131 3.366021
v 9.839940 0.267131 3.374467
v 9.839940 0.267131 3.386533
v 9.839940 0.267131 3.386533
v 9.838733 0.267131 3.691787
v 9.838733 0.267131 3.703853
v 9.830287 0.267131 3.713505
v 9.614317 0.267131 3.929476
v 9.605871 0.267131 3.937922
v 9.593805 0.267131 3.937922
v 9.288551 0.267131 3.937922
v 9.275280 0.257479 3.937922
v 9.266834 0.257479 3.928269
v 9.050863 0.257479 3.712298
v 9.042417 0.257479 3.703853
v 9.042417 0.257479 3.691787
v 9.042417 0.257479 3.691787
v 9.042417 0.257479 3.386533
v 9.042417 0.257479 3.373261
v 9.050863 0.257479 3.364815
v 9.268040 0.257479 3.148844
v 9.276486 0.257479 3.140398
v 9.288551 0.257479 3.140398
v 9.593805 0.257479 3.140398
v 9.605871 0.257479 3.140398
v 9.615523 0.257479 3.150051
v 9.831494 0.257479 3.366021
v 9.839940 0.257479 3.374467
v 9.839940 0.257479 3.386533
v 9.839940 0.257479 3.386533
v 9.838733 0.257479 3.691787
v 9.838733 0.257479 3.703853
v 9.830287 0.257479 3.713505
v 9.614317 0.257479 3.929476
v 9.605871 0.257479 3.937922
v 9.593805 0.257479 3.937922
v 9.288551 0.257479 3.937922
v 9.275280 -0.005547 3.937922
v 9.266834 -0.005547 3.928269
v 9.050863 -0.005547 3.712298
v 9.042417 -0.005547 3.703853
v 9.042417 -0.005547 3.691787
v 9.042417 -0.005547 3.691787
v 9.042417 -0.005547 3.386533
v 9.042417 -0.005547 3.373261
v 9.050863 -0.005547 3.364815
v 9.268040 -0.005547 3.148844
v 9.276486 -0.005547 3.140398
v 9.288551 -0.005547 3.140398
v 9.593805 -0.005547 3.140398
v 9.605871 -0.005547 3.140398
v 9.615523 -0.005547 3.150051
v 9.831494 -0.005547 3.366021
v 9.839940 -0.005547 3.374467
v 9.839940 -0.005547 3.386533
v 9.839940 -0.005547 3.386533
v 9.838733 -0.005547 3.691787
v 9.838733 -0.005547 3.703853
v 9.830287 -0.005547 3.713505
v 9.614317 -0.005547 3.929476
v 9.605871 -0.005547 3.937922
v 9.593805 -0.005547 3.937922
v 9.288551 -0.005547 3.937922
v 10.028160 0.627887 3.304488
v 10.028160 0.627887 3.304488
v 10.028160 0.627887 3.296042
v 10.028160 0.635126 3.296042
v 10.022127 0.627887 3.288803
v 10.022127 0.635126 3.288803
v 9.690329 0.627887 2.957004
v 9.690329 0.635126 2.957004
v 9.684298 0.627887 2.950972
v 9.684298 0.635126 2.950972
v 9.683090 0.641159 2.953385
v 9.617936 0.770258 3.142812
v 9.603457 0.770258 3.147638
v 9.832702 0.770258 3.376880
v 9.449021 0.770258 3.526491
v 9.278898 0.770258 3.146431
v 9.272865 0.770258 3.133159
v 9.284932 0.770258 3.133159
v 9.596219 0.770258 3.133159
v 9.608283 0.770258 3.133159
v 9.609490 0.775085 3.133159
v 9.609490 0.775085 3.133159
v 9.617936 0.775085 3.142812
v 9.617936 0.775085 3.142812
v 9.837527 0.775085 3.362402
v 9.837527 0.775085 3.362402
v 9.837527 0.770258 3.362402
v 9.847180 0.770258 3.372054
v 9.847180 0.770258 3.384120
v 9.845973 0.770258 3.694200
v 9.832702 0.770258 3.701440
v 9.603457 0.770258 3.930682
v 9.277692 0.770258 3.930682
v 9.048450 0.770258 3.701440
v 9.048450 0.770258 3.376880
v 9.043623 0.770258 3.361195
v 9.264421 0.770258 3.141605
v 9.264421 0.775085 3.141605
v 9.264421 0.775085 3.141605
v 9.272865 0.775085 3.133159
v 9.272865 0.775085 3.133159
v 9.284932 0.775085 3.133159
v 9.284932 0.775085 3.133159
v 9.596219 0.775085 3.133159
v 9.596219 0.775085 3.133159
v 9.596219 1.052589 3.133159
v 9.596219 1.052589 3.133159
v 9.609490 1.052589 3.133159
v 9.609490 1.052589 3.133159
v 9.617936 1.052589 3.142812
v 9.617936 1.052589 3.142812
v 9.837527 1.052589 3.362402
v 9.837527 1.052589 3.362402
v 9.847180 0.775085 3.370848
v 9.847180 0.775085 3.370848
v 9.847180 0.775085 3.384120
v 9.847180 0.775085 3.384120
v 9.847180 0.775085 3.384120
v 9.845973 0.775085 3.694200
v 9.845973 0.775085 3.694200
v 9.845973 0.770258 3.707472
v 9.837527 0.770258 3.715918
v 9.616731 0.770258 3.936715
v 9.608283 0.770258 3.945161
v 9.596219 0.770258 3.945161
v 9.284932 0.770258 3.945161
v 9.272865 0.770258 3.945161
v 9.263213 0.770258 3.935508
v 9.043623 0.770258 3.715918
v 9.035178 0.770258 3.706266
v 9.035178 0.770258 3.694200
v 9.035178 0.770258 3.382913
v 9.035178 0.770258 3.370848
v 9.035178 0.775085 3.370848
v 9.035178 0.775085 3.370848
v 9.043623 0.775085 3.361195
v 9.043623 0.775085 3.361195
v 9.043623 1.052589 3.361195
v 9.043623 1.052589 3.361195
v 9.264421 1.052589 3.141605
v 9.264421 1.052589 3.141605
v 9.272865 1.052589 3.133159
v 9.272865 1.052589 3.133159
v 9.284932 1.052589 3.133159
v 9.284932 1.052589 3.133159
v 9.284932 1.064654 3.133159
v 9.596219 1.064654 3.133159
v 9.609490 1.064654 3.133159
v 9.617936 1.064654 3.142812
v 9.837527 1.064654 3.362402
v 9.847180 1.052589 3.370848
v 9.847180 1.052589 3.370848
v 9.847180 1.052589 3.384120
v 9.847180 1.052589 3.384120
v 9.847180 1.052589 3.384120
v 9.845973 1.052589 3.694200
v 9.845973 1.052589 3.694200
v 9.845973 0.775085 3.707472
v 9.845973 0.775085 3.707472
v 9.837527 0.775085 3.715918
v 9.837527 0.775085 3.715918
v 9.616731 0.775085 3.936715
v 9.616731 0.775085 3.936715
v 9.608283 0.775085 3.945161
v 9.608283 0.775085 3.945161
v 9.596219 0.775085 3.945161
v 9.596219 0.775085 3.945161
v 9.284932 0.775085 3.945161
v 9.284932 0.775085 3.945161
v 9.272865 0.775085 3.945161
v 9.272865 0.775085 3.945161
v 9.263213 0.775085 3.935508
v 9.263213 0.775085 3.935508
v 9.043623 0.775085 3.715918
v 9.043623 0.775085 3.715918
v 9.035178 0.775085 3.706266
v 9.035178 0.775085 3.706266
v 9.035178 0.775085 3.694200
v 9.035178 0.775085 3.694200
v 9.035178 0.775085 3.694200
v 9.035178 0.775085 3.382913
v 9.035178 0.775085 3.382913
v 9.035178 1.052589 3.382913
v 9.035178 1.052589 3.382913
v 9.035178 1.052589 3.370848
v 9.035178 1.052589 3.370848
v 9.043623 1.064654 3.361195
v 9.264421 1.064654 3.141605
v 9.272865 1.064654 3.133159
v 9.281313 1.064654 3.122300
v 9.601046 1.064654 3.122300
v 9.614317 1.064654 3.122300
v 9.622762 1.064654 3.131953
v 9.848385 1.064654 3.357576
v 9.847180 1.064654 3.370848
v 9.847180 1.064654 3.384120
v 9.845973 1.064654 3.694200
v 9.845973 1.052589 3.707472
v 9.845973 1.052589 3.707472
v 9.837527 1.052589 3.715918
v 9.837527 1.052589 3.715918
v 9.616731 1.052589 3.936715
v 9.616731 1.052589 3.936715
v 9.608283 1.052589 3.945161
v 9.608283 1.052589 3.945161
v 9.596219 1.052589 3.945161
v 9.596219 1.052589 3.945161
v 9.284932 1.052589 3.945161
v 9.284932 1.052589 3.945161
v 9.272865 1.052589 3.945161
v 9.272865 1.052589 3.945161
v 9.263213 1.052589 3.935508
v 9.263213 1.052589 3.935508
v 9.043623 1.052589 3.715918
v 9.043623 1.052589 3.715918
v 9.035178 1.052589 3.706266
v 9.035178 1.052589 3.706266
v 9.035178 1.052589 3.694200
v 9.035178 1.052589 3.694200
v 9.035178 1.052589 3.694200
v 9.035178 1.064654 3.694200
v 9.035178 1.064654 3.382913
v 9.035178 1.064654 3.370848
v 9.032763 1.064654 3.356369
v 9.259594 1.064654 3.130746
v 9.268040 1.064654 3.122300
v 9.251149 1.055002 3.043875
v 9.631209 1.055002 3.043875
v 9.646893 1.055002 3.043875
v 9.657752 1.055002 3.054734
v 9.925604 1.055002 3.323792
v 9.858037 1.064654 3.367228
v 9.858037 1.064654 3.379293
v 9.858037 1.064654 3.699026
v 9.845973 1.064654 3.707472
v 9.837527 1.064654 3.715918
v 9.616731 1.064654 3.936715
v 9.608283 1.064654 3.945161
v 9.596219 1.064654 3.945161
v 9.284932 1.064654 3.945161
v 9.272865 1.064654 3.945161
v 9.263213 1.064654 3.935508
v 9.043623 1.064654 3.715918
v 9.035178 1.064654 3.706266
v 9.024319 1.064654 3.699026
v 9.024319 1.064654 3.379293
v 9.024319 1.064654 3.366021
v 8.956752 1.055002 3.322586
v 9.225811 1.055002 3.053527
v 9.235463 1.055002 3.043875
v 9.236670 1.041730 3.006472
v 9.644481 1.041730 3.006472
v 9.661371 1.041730 3.006472
v 9.649307 1.028458 2.994407
v 9.666198 1.028458 2.994407
v 9.651719 1.027252 2.990787
v 9.668612 1.027252 2.990787
v 9.661371 1.020012 2.963037
v 9.679471 1.020012 2.963037
v 9.692742 1.020012 2.976308
v 9.680676 1.027252 3.002852
v 9.678264 1.028458 3.006472
v 9.673438 1.041730 3.018538
v 9.961802 1.041730 3.308107
v 9.936463 1.055002 3.334651
v 9.936463 1.055002 3.349130
v 9.936463 1.055002 3.729190
v 9.858037 1.064654 3.712298
v 9.848385 1.064654 3.721951
v 9.621557 1.064654 3.947574
v 9.613110 1.064654 3.956020
v 9.601046 1.064654 3.956020
v 9.281313 1.064654 3.956020
v 9.268040 1.064654 3.956020
v 9.258387 1.064654 3.946367
v 9.032763 1.064654 3.720744
v 9.024319 1.064654 3.711092
v 8.944688 1.055002 3.729190
v 8.945893 1.055002 3.349130
v 8.945893 1.055002 3.333445
v 8.920557 1.041730 3.306901
v 9.208920 1.041730 3.018538
v 9.220984 1.041730 3.006472
v 9.231844 1.028458 2.994407
v 9.230637 1.027252 2.989580
v 9.219778 1.020012 2.963037
v 9.669819 1.003121 2.943732
v 9.687917 1.003121 2.943732
v 9.687917 0.992262 2.944939
v 9.668612 0.992262 2.944939
v 9.681883 0.975370 2.958211
v 9.663785 0.975370 2.958211
v 9.658959 0.965718 3.012505
v 9.643273 0.965718 3.012505
v 9.643273 0.946413 3.012505
v 9.658959 0.946413 3.012505
v 9.658959 0.941587 3.012505
v 9.643273 0.941587 3.012505
v 9.652926 0.939174 3.026983
v 9.652926 0.939174 3.026983
v 9.644481 0.939174 3.026983
v 9.644481 0.939174 3.026983
v 9.652926 0.707518 3.026983
v 9.644481 0.707518 3.026983
v 9.649307 0.707518 3.016124
v 9.656546 0.707518 3.016124
v 9.656546 0.684594 3.016124
v 9.649307 0.684594 3.016124
v 9.658959 0.672529 2.990787
v 9.667404 0.672529 2.990787
v 9.668612 0.654431 2.966657
v 9.677057 0.654431 2.966657
v 9.673438 0.641159 2.953385
v 9.674644 0.635126 2.950972
v 9.674644 0.627887 2.950972
v 9.205299 0.635126 2.950972
v 9.205299 0.627887 2.950972
v 9.196854 0.635126 2.950972
v 9.196854 0.627887 2.950972
v 9.190821 0.627887 2.957004
v 9.206506 0.602549 2.991993
v 9.212540 0.602549 2.987167
v 9.219778 0.602549 2.987167
v 9.660167 0.602549 2.987167
v 9.668612 0.602549 2.987167
v 9.674644 0.602549 2.993200
v 9.987139 0.602549 3.304488
v 9.991965 0.602549 3.310520
v 9.993170 0.602549 3.318966
v 9.993170 0.602549 3.318966
v 9.991965 0.602549 3.767799
v 9.991965 0.602549 3.759354
v 10.028160 0.627887 3.773832
v 10.028160 0.635126 3.304488
v 10.028160 0.635126 3.304488
v 10.025748 0.641159 3.297249
v 10.019715 0.641159 3.290009
v 9.689123 0.641159 2.960624
v 9.684298 0.654431 2.972689
v 9.673438 0.672529 2.996820
v 9.662579 0.684594 3.022157
v 9.662579 0.707518 3.022157
v 9.657752 0.707518 3.033016
v 9.657752 0.939174 3.033016
v 9.657752 0.939174 3.033016
v 9.671023 0.941587 3.024570
v 9.671023 0.946413 3.023364
v 9.671023 0.965718 3.024570
v 9.695154 0.975370 2.971483
v 9.701188 0.992262 2.958211
v 9.701188 1.003121 2.957004
v 10.004029 1.020012 3.288803
v 9.977487 1.027252 3.300868
v 9.973866 1.028458 3.302075
v 9.972660 1.041730 3.318966
v 9.972660 1.041730 3.334651
v 9.972660 1.041730 3.743669
v 9.936463 1.055002 3.744875
v 9.925604 1.055002 3.755734
v 9.656546 1.055002 4.023586
v 9.645688 1.055002 4.034445
v 9.631209 1.055002 4.034445
v 9.251149 1.055002 4.034445
v 9.235463 1.055002 4.034445
v 9.224604 1.055002 4.023586
v 8.955545 1.055002 3.754527
v 8.944688 1.055002 3.743669
v 8.908490 1.041730 3.742462
v 8.908490 1.041730 3.334651
v 8.908490 1.041730 3.317760
v 8.908490 1.028458 3.300868
v 9.204094 1.028458 3.006472
v 9.216159 1.028458 2.994407
v 9.213746 1.027252 2.989580
v 9.202887 1.020012 2.963037
v 9.194442 1.003121 2.943732
v 9.212540 1.003121 2.943732
v 9.212540 0.992262 2.944939
v 9.218573 0.975370 2.958211
v 9.239082 0.965718 3.012505
v 9.239082 0.946413 3.012505
v 9.239082 0.941587 3.012505
v 9.236670 0.939174 3.026983
v 9.236670 0.939174 3.026983
v 9.236670 0.707518 3.026983
v 9.231844 0.707518 3.016124
v 9.231844 0.684594 3.016124
v 9.222192 0.672529 2.990787
v 9.211332 0.654431 2.965450
v 9.206506 0.641159 2.953385
v 9.198061 0.641159 2.953385
v 9.190821 0.635126 2.957004
v 8.859024 0.635126 3.288803
v 8.859024 0.627887 3.288803
v 8.895219 0.602549 3.304488
v 8.889186 0.602549 3.310520
v 8.947100 0.595310 3.743669
v 8.889186 0.602549 3.759354
v 8.889186 0.602549 3.759354
v 8.947100 0.595310 3.736429
v 8.947100 0.595310 3.736429
v 8.947100 0.595310 3.341891
v 8.889186 0.602549 3.318966
v 8.947100 0.595310 3.333445
v 8.951926 0.595310 3.328619
v 9.230637 0.595310 3.049908
v 9.235463 0.595310 3.045081
v 9.242703 0.595310 3.045081
v 9.637240 0.595310 3.045081
v 9.644481 0.595310 3.045081
v 9.650514 0.595310 3.049908
v 9.929225 0.595310 3.328619
v 9.935256 0.595310 3.334651
v 9.935256 0.595310 3.341891
v 9.935256 0.595310 3.341891
v 9.935256 0.595310 3.736429
v 9.935256 0.595310 3.743669
v 9.987139 0.602549 3.773832
v 9.929225 0.595310 3.749701
v 9.674644 0.602549 4.085120
v 9.650514 0.595310 4.028412
v 9.645688 0.595310 4.033238
v 9.669819 0.602549 4.091153
v 9.684298 0.627887 4.127348
v 9.690329 0.627887 4.121316
v 10.022127 0.627887 3.789517
v 10.028160 0.627887 3.782278
v 10.028160 0.635126 3.782278
v 10.028160 0.635126 3.773832
v 10.025748 0.641159 3.305694
v 10.025748 0.641159 3.305694
v 10.013682 0.654431 3.302075
v 10.007648 0.654431 3.296042
v 9.982313 0.672529 3.305694
v 9.958182 0.684594 3.316553
v 9.958182 0.707518 3.316553
v 9.947323 0.707518 3.321379
v 9.947323 0.939174 3.321379
v 9.947323 0.939174 3.321379
v 9.956975 0.941587 3.309314
v 9.956975 0.946413 3.309314
v 9.955768 0.965718 3.310520
v 10.008856 0.975370 3.286390
v 10.022127 0.992262 3.280357
v 10.023335 1.003121 3.280357
v 10.036606 1.003121 3.292422
v 10.017301 1.020012 3.300868
v 9.989552 1.027252 3.311727
v 9.985932 1.028458 3.314140
v 9.985932 1.028458 3.329825
v 9.984725 1.028458 3.747288
v 9.972660 1.041730 3.759354
v 9.960594 1.041730 3.771419
v 9.672231 1.041730 4.059783
v 9.661371 1.041730 4.071848
v 9.644481 1.041730 4.071848
v 9.236670 1.041730 4.070642
v 9.219778 1.041730 4.070642
v 9.207713 1.041730 4.059783
v 8.919350 1.041730 3.770212
v 8.908490 1.041730 3.759354
v 8.896426 1.028458 3.747288
v 8.896426 1.028458 3.329825
v 8.896426 1.028458 3.312933
v 8.904871 1.027252 3.299662
v 9.201680 1.027252 3.001646
v 9.190821 1.020012 2.975102
v 9.181169 1.003121 2.955798
v 9.195646 0.992262 2.944939
v 9.200473 0.975370 2.958211
v 9.223399 0.965718 3.012505
v 9.223399 0.946413 3.012505
v 9.223399 0.941587 3.012505
v 9.229430 0.939174 3.026983
v 9.229430 0.939174 3.026983
v 9.228225 0.707518 3.026983
v 9.224604 0.707518 3.016124
v 9.224604 0.684594 3.016124
v 9.213746 0.672529 2.990787
v 9.202887 0.654431 2.965450
v 9.192028 0.641159 2.959417
v 8.862643 0.641159 3.290009
v 8.856609 0.641159 3.296042
v 8.852990 0.635126 3.294835
v 8.852990 0.627887 3.294835
v 8.852990 0.627887 3.304488
v 8.852990 0.627887 3.773832
v 8.852990 0.627887 3.773832
v 8.852990 0.627887 3.782278
v 8.889186 0.602549 3.767799
v 8.895219 0.602549 3.773832
v 8.951926 0.595310 3.749701
v 9.230637 0.595310 4.028412
v 9.206506 0.602549 4.085120
v 9.236670 0.595310 4.033238
v 9.212540 0.602549 4.091153
v 9.220984 0.602549 4.091153
v 9.243909 0.595310 4.033238
v 9.661371 0.602549 4.091153
v 9.638448 0.595310 4.033238
v 9.675850 0.627887 4.127348
v 9.684298 0.635126 4.127348
v 9.690329 0.635126 4.121316
v 10.022127 0.635126 3.789517
v 10.025748 0.641159 3.782278
v 10.025748 0.641159 3.772626
v 10.013682 0.654431 3.310520
v 10.013682 0.654431 3.310520
v 9.988344 0.672529 3.311727
v 9.963008 0.684594 3.322586
v 9.963008 0.707518 3.322586
v 9.952148 0.707518 3.327412
v 9.952148 0.939174 3.327412
v 9.952148 0.939174 3.327412
v 9.967834 0.941587 3.321379
v 9.967834 0.946413 3.321379
v 9.967834 0.965718 3.321379
v 10.022127 0.975370 3.298455
v 10.035400 0.992262 3.293629
v 10.036606 1.003121 3.310520
v 10.017301 1.020012 3.318966
v 9.989552 1.027252 3.328619
v 9.989552 1.027252 3.749701
v 9.984725 1.028458 3.765386
v 9.972660 1.028458 3.777452
v 9.677057 1.028458 4.071848
v 9.666198 1.028458 4.083913
v 9.649307 1.028458 4.083913
v 9.231844 1.028458 4.083913
v 9.214952 1.028458 4.082707
v 9.202887 1.028458 4.070642
v 8.908490 1.028458 3.776245
v 8.896426 1.028458 3.764180
v 8.891600 1.027252 3.749701
v 8.891600 1.027252 3.328619
v 8.891600 1.027252 3.311727
v 8.878328 1.020012 3.287596
v 8.859024 1.003121 3.279150
v 9.182375 0.992262 2.957004
v 9.188409 0.975370 2.970276
v 9.211332 0.965718 3.023364
v 9.211332 0.946413 3.023364
v 9.211332 0.941587 3.023364
v 9.223399 0.939174 3.031810
v 9.223399 0.939174 3.031810
v 9.223399 0.707518 3.031810
v 9.218573 0.707518 3.020951
v 9.218573 0.684594 3.020951
v 9.207713 0.672529 2.996820
v 9.198061 0.654431 2.971483
v 8.874707 0.654431 3.294835
v 8.868676 0.654431 3.300868
v 8.855403 0.641159 3.305694
v 8.852990 0.635126 3.304488
v 8.852990 0.635126 3.773832
v 8.852990 0.635126 3.773832
v 8.852990 0.635126 3.782278
v 8.859024 0.627887 3.789517
v 9.192028 0.627887 4.120109
v 9.198061 0.627887 4.127348
v 9.206506 0.627887 4.127348
v 9.675850 0.635126 4.127348
v 9.683090 0.641159 4.124935
v 9.689123 0.641159 4.118903
v 10.019715 0.641159 3.788311
v 10.013682 0.654431 3.776245
v 10.013682 0.654431 3.767799
v 9.988344 0.672529 3.320173
v 9.988344 0.672529 3.320173
v 9.964213 0.684594 3.331032
v 9.964213 0.684594 3.331032
v 9.963008 0.707518 3.331032
v 9.963008 0.707518 3.331032
v 9.952148 0.707518 3.334651
v 9.952148 0.707518 3.334651
v 9.952148 0.939174 3.334651
v 9.952148 0.939174 3.334651
v 9.952148 0.939174 3.334651
v 9.967834 0.941587 3.337065
v 9.967834 0.946413 3.337065
v 9.967834 0.965718 3.337065
v 10.022127 0.975370 3.316553
v 10.035400 0.992262 3.311727
v 10.036606 1.003121 3.767799
v 10.016096 1.020012 3.759354
v 9.989552 1.027252 3.766593
v 9.977487 1.027252 3.778658
v 9.679471 1.027252 4.076674
v 9.667404 1.027252 4.087533
v 9.650514 1.027252 4.087533
v 9.230637 1.027252 4.087533
v 9.212540 1.027252 4.087533
v 9.200473 1.027252 4.075468
v 8.903665 1.027252 3.777452
v 8.891600 1.027252 3.765386
v 8.865055 1.020012 3.759354
v 8.865055 1.020012 3.317760
v 8.865055 1.020012 3.299662
v 8.845750 1.003121 3.292422
v 8.846957 0.992262 3.292422
v 8.860229 0.992262 3.279150
v 8.873502 0.975370 3.285183
v 8.925383 0.965718 3.309314
v 8.925383 0.946413 3.308107
v 8.925383 0.941587 3.308107
v 8.935036 0.939174 3.321379
v 8.935036 0.939174 3.321379
v 8.935036 0.707518 3.321379
v 8.924176 0.707518 3.316553
v 8.924176 0.684594 3.316553
v 8.898838 0.672529 3.305694
v 8.892807 0.672529 3.311727
v 8.868676 0.654431 3.310520
v 8.867469 0.654431 3.767799
v 8.867469 0.654431 3.767799
v 8.855403 0.641159 3.772626
v 8.855403 0.641159 3.772626
v 8.855403 0.641159 3.781071
v 8.859024 0.635126 3.789517
v 9.190821 0.635126 4.120109
v 9.198061 0.635126 4.127348
v 9.206506 0.635126 4.127348
v 9.674644 0.641159 4.124935
v 9.678264 0.654431 4.111663
v 9.684298 0.654431 4.105631
v 10.007648 0.654431 3.782278
v 9.988344 0.672529 3.766593
v 9.988344 0.672529 3.758147
v 9.963008 0.684594 3.748495
v 9.963008 0.707518 3.748495
v 9.952148 0.707518 3.743669
v 9.952148 0.939174 3.743669
v 9.952148 0.939174 3.743669
v 9.967834 0.941587 3.741256
v 9.967834 0.946413 3.741256
v 9.967834 0.965718 3.741256
v 10.022127 0.975370 3.761767
v 10.035400 0.992262 3.766593
v 10.035400 0.992262 3.785897
v 10.036606 1.003121 3.785897
v 10.016096 1.020012 3.777452
v 10.004029 1.020012 3.790724
v 9.691535 1.020012 4.103218
v 9.679471 1.020012 4.115283
v 9.661371 1.020012 4.115283
v 9.219778 1.020012 4.115283
v 9.201680 1.020012 4.115283
v 9.188409 1.020012 4.102011
v 8.877121 1.020012 3.789517
v 8.865055 1.020012 3.777452
v 8.844545 1.003121 3.785897
v 8.844545 1.003121 3.767799
v 8.845750 1.003121 3.310520
v 8.846957 0.992262 3.311727
v 8.860229 0.975370 3.298455
v 8.914524 0.965718 3.320173
v 8.914524 0.946413 3.320173
v 8.914524 0.941587 3.320173
v 8.929002 0.939174 3.326205
v 8.929002 0.939174 3.326205
v 8.929002 0.707518 3.326205
v 8.918143 0.707518 3.322586
v 8.918143 0.684594 3.322586
v 8.892807 0.672529 3.320173
v 8.892807 0.672529 3.756941
v 8.892807 0.672529 3.756941
v 8.892807 0.672529 3.765386
v 8.868676 0.654431 3.776245
v 8.862643 0.641159 3.788311
v 9.192028 0.641159 4.117696
v 9.199267 0.641159 4.123729
v 9.207713 0.641159 4.123729
v 9.669819 0.654431 4.111663
v 9.667404 0.672529 4.087533
v 9.673438 0.672529 4.081501
v 9.982313 0.672529 3.772626
v 9.963008 0.684594 3.755734
v 9.963008 0.707518 3.755734
v 9.952148 0.707518 3.750908
v 9.952148 0.939174 3.750908
v 9.952148 0.939174 3.750908
v 9.967834 0.941587 3.758147
v 9.967834 0.946413 3.758147
v 9.967834 0.965718 3.758147
v 10.022127 0.975370 3.779865
v 10.022127 0.992262 3.799170
v 10.023335 1.003121 3.799170
v 9.699981 1.003121 4.122522
v 9.686709 1.003121 4.134588
v 9.668612 1.003121 4.134588
v 9.212540 1.003121 4.134588
v 9.193234 1.003121 4.134588
v 9.179963 1.003121 4.121316
v 8.857817 1.003121 3.797963
v 8.846957 0.992262 3.784691
v 8.846957 0.992262 3.766593
v 8.860229 0.975370 3.316553
v 8.914524 0.965718 3.337065
v 8.913317 0.946413 3.337065
v 8.914524 0.941587 3.337065
v 8.929002 0.939174 3.334651
v 8.929002 0.939174 3.334651
v 8.929002 0.707518 3.334651
v 8.918143 0.707518 3.329825
v 8.918143 0.684594 3.329825
v 8.918143 0.684594 3.747288
v 8.918143 0.684594 3.747288
v 8.918143 0.684594 3.755734
v 8.898838 0.672529 3.771419
v 8.874707 0.654431 3.782278
v 9.198061 0.654431 4.105631
v 9.204094 0.654431 4.111663
v 9.212540 0.654431 4.111663
v 9.660167 0.672529 4.087533
v 9.657752 0.684594 4.062196
v 9.662579 0.684594 4.057369
v 9.958182 0.684594 3.761767
v 9.958182 0.707518 3.761767
v 9.947323 0.707518 3.756941
v 9.947323 0.939174 3.756941
v 9.947323 0.939174 3.756941
v 9.955768 0.941587 3.769006
v 9.955768 0.946413 3.769006
v 9.955768 0.965718 3.769006
v 10.008856 0.975370 3.793137
v 9.698775 0.992262 4.120109
v 9.686709 0.992262 4.133381
v 9.668612 0.992262 4.133381
v 9.212540 0.992262 4.133381
v 9.194442 0.992262 4.133381
v 9.181169 0.992262 4.120109
v 8.859024 0.992262 3.797963
v 8.872295 0.975370 3.791930
v 8.860229 0.975370 3.778658
v 8.860229 0.975370 3.761767
v 8.914524 0.965718 3.741256
v 8.913317 0.946413 3.749701
v 8.913317 0.941587 3.749701
v 8.929002 0.939174 3.743669
v 8.929002 0.939174 3.743669
v 8.929002 0.939174 3.743669
v 8.929002 0.707518 3.742462
v 8.929002 0.707518 3.742462
v 8.918143 0.707518 3.747288
v 8.918143 0.707518 3.747288
v 8.918143 0.707518 3.755734
v 8.924176 0.684594 3.761767
v 9.208920 0.672529 4.081501
v 9.213746 0.672529 4.086327
v 9.222192 0.672529 4.086327
v 9.650514 0.684594 4.062196
v 9.657752 0.707518 4.062196
v 9.662579 0.707518 4.057369
v 9.657752 0.707518 4.045304
v 9.657752 0.939174 4.045304
v 9.657752 0.939174 4.045304
v 9.669819 0.941587 4.054956
v 9.669819 0.946413 4.054956
v 9.669819 0.965718 4.054956
v 9.693950 0.975370 4.108044
v 9.680676 0.975370 4.120109
v 9.663785 0.975370 4.120109
v 9.218573 0.975370 4.120109
v 9.199267 0.975370 4.120109
v 9.187201 0.975370 4.106837
v 8.925383 0.965718 3.767799
v 8.914524 0.965718 3.756941
v 8.913317 0.946413 3.756941
v 8.913317 0.941587 3.756941
v 8.929002 0.939174 3.750908
v 8.929002 0.939174 3.750908
v 8.929002 0.707518 3.750908
v 8.924176 0.707518 3.761767
v 9.218573 0.684594 4.056163
v 9.224604 0.684594 4.062196
v 9.233051 0.684594 4.062196
v 9.650514 0.707518 4.062196
v 9.652926 0.707518 4.051337
v 9.652926 0.939174 4.051337
v 9.652926 0.939174 4.051337
v 9.658959 0.941587 4.065815
v 9.658959 0.946413 4.065815
v 9.658959 0.965718 4.065815
v 9.642067 0.965718 4.065815
v 9.239082 0.965718 4.065815
v 9.222192 0.965718 4.065815
v 9.210125 0.965718 4.053750
v 8.925383 0.946413 3.767799
v 8.925383 0.941587 3.767799
v 8.935036 0.939174 3.756941
v 8.935036 0.939174 3.756941
v 8.935036 0.707518 3.756941
v 9.223399 0.707518 4.045304
v 9.218573 0.707518 4.056163
v 9.224604 0.707518 4.062196
v 9.233051 0.707518 4.062196
v 9.236670 0.707518 4.051337
v 9.645688 0.707518 4.051337
v 9.645688 0.939174 4.051337
v 9.645688 0.939174 4.051337
v 9.643273 0.941587 4.065815
v 9.643273 0.946413 4.065815
v 9.239082 0.946413 4.065815
v 9.222192 0.946413 4.065815
v 9.210125 0.946413 4.053750
v 9.210125 0.941587 4.053750
v 9.223399 0.939174 4.045304
v 9.223399 0.939174 4.045304
v 9.229430 0.707518 4.050130
v 9.236670 0.939174 4.051337
v 9.236670 0.939174 4.051337
v 9.239082 0.941587 4.065815
v 9.222192 0.941587 4.065815
v 9.228225 0.939174 4.051337
v 9.228225 0.939174 4.051337
v 8.956752 0.595310 -3.068460
v 8.945893 0.595310 -3.079319
v 8.960371 0.560320 -3.085352
v 8.945893 0.595310 -3.093797
v 8.945893 0.595310 -3.093797
v 8.960371 0.560320 -3.099830
v 8.960371 0.560320 -3.099830
v 8.945893 0.595310 -3.472651
v 8.960371 0.560320 -3.467825
v 8.960371 0.560320 -3.482304
v 8.945893 0.595310 -3.488336
v 8.957959 0.595310 -3.499195
v 8.971231 0.560320 -3.493163
v 9.225811 0.595310 -3.767047
v 9.231844 0.560320 -3.753775
v 9.242703 0.560320 -3.763427
v 9.236670 0.595310 -3.777906
v 9.251149 0.595310 -3.777906
v 9.257182 0.560320 -3.763427
v 9.630002 0.595310 -3.777906
v 9.625176 0.560320 -3.763427
v 9.639654 0.560320 -3.763427
v 9.645688 0.595310 -3.777906
v 9.656546 0.595310 -3.767047
v 9.650514 0.560320 -3.752568
v 9.924398 0.595310 -3.497988
v 9.911125 0.560320 -3.491956
v 9.920777 0.560320 -3.482304
v 9.935256 0.595310 -3.488336
v 9.935256 0.595310 -3.472651
v 9.935256 0.595310 -3.472651
v 9.920777 0.560320 -3.467825
v 9.920777 0.560320 -3.467825
v 9.935256 0.595310 -3.093797
v 9.920777 0.560320 -3.099830
v 9.920777 0.560320 -3.084145
v 9.935256 0.595310 -3.078112
v 9.924398 0.595310 -3.067254
v 9.909921 0.560320 -3.073286
v 9.655340 0.595310 -2.799402
v 9.649307 0.560320 -2.812674
v 9.639654 0.560320 -2.803021
v 9.645688 0.595310 -2.788543
v 9.630002 0.595310 -2.788543
v 9.625176 0.560320 -2.803021
v 9.251149 0.595310 -2.788543
v 9.257182 0.560320 -2.803021
v 9.241496 0.560320 -2.803021
v 9.235463 0.595310 -2.788543
v 9.224604 0.595310 -2.800608
v 9.230637 0.560320 -2.813880
v 8.970024 0.560320 -3.074493
v 8.974850 0.542222 -3.090178
v 8.974850 0.542222 -3.104656
v 8.974850 0.542222 -3.104656
v 8.974850 0.542222 -3.461792
v 8.974850 0.542222 -3.477478
v 8.984502 0.542222 -3.487130
v 9.237877 0.542222 -3.739297
v 9.247530 0.542222 -3.750156
v 9.262008 0.542222 -3.750156
v 9.619143 0.542222 -3.750156
v 9.634829 0.542222 -3.750156
v 9.644481 0.542222 -3.739297
v 9.896646 0.542222 -3.485923
v 9.907506 0.542222 -3.476271
v 9.907506 0.542222 -3.461792
v 9.907506 0.542222 -3.461792
v 9.907506 0.542222 -3.104656
v 9.907506 0.542222 -3.090178
v 9.896646 0.542222 -3.079319
v 9.643273 0.542222 -2.827152
v 9.633621 0.542222 -2.817500
v 9.619143 0.542222 -2.817500
v 9.262008 0.542222 -2.817500
v 9.247530 0.542222 -2.817500
v 9.236670 0.542222 -2.827152
v 8.984502 0.542222 -3.080525
v 8.994155 0.539809 -3.098624
v 8.994155 0.539809 -3.111896
v 8.994155 0.539809 -3.111896
v 8.994155 0.539809 -3.454553
v 8.994155 0.539809 -3.469032
v 9.003807 0.539809 -3.478684
v 9.246323 0.539809 -3.721198
v 9.255975 0.539809 -3.730851
v 9.269246 0.539809 -3.730851
v 9.611904 0.539809 -3.730851
v 9.626383 0.539809 -3.730851
v 9.636035 0.539809 -3.719992
v 9.878550 0.539809 -3.477478
v 9.888202 0.539809 -3.467825
v 9.888202 0.539809 -3.454553
v 9.888202 0.539809 -3.454553
v 9.888202 0.539809 -3.111896
v 9.888202 0.539809 -3.097417
v 9.877342 0.539809 -3.087765
v 9.634829 0.539809 -2.846457
v 9.625176 0.539809 -2.836804
v 9.611904 0.539809 -2.836804
v 9.269246 0.539809 -2.836804
v 9.254767 0.539809 -2.836804
v 9.245115 0.539809 -2.846457
v 9.003807 0.539809 -3.088971
v 8.998981 0.533777 -3.101037
v 8.998981 0.533777 -3.114309
v 8.998981 0.533777 -3.114309
v 8.998981 0.533777 -3.453347
v 8.998981 0.533777 -3.466619
v 9.008633 0.533777 -3.476271
v 9.248734 0.533777 -3.716372
v 9.258387 0.533777 -3.726025
v 9.271661 0.533777 -3.726025
v 9.610698 0.533777 -3.726025
v 9.623969 0.533777 -3.724818
v 9.633621 0.533777 -3.715166
v 9.873723 0.533777 -3.476271
v 9.883375 0.533777 -3.466619
v 9.883375 0.533777 -3.453347
v 9.883375 0.533777 -3.453347
v 9.883375 0.533777 -3.114309
v 9.882168 0.533777 -3.099830
v 9.872516 0.533777 -3.090178
v 9.633621 0.533777 -2.851283
v 9.623969 0.533777 -2.841630
v 9.610698 0.533777 -2.841630
v 9.271661 0.533777 -2.841630
v 9.257182 0.533777 -2.841630
v 9.247530 0.533777 -2.851283
v 9.008633 0.533777 -3.091384
v 9.011047 0.497580 -3.105863
v 9.011047 0.497580 -3.119135
v 9.011047 0.497580 -3.119135
v 9.011047 0.497580 -3.448520
v 9.012254 0.497580 -3.461792
v 9.020700 0.497580 -3.471445
v 9.253561 0.497580 -3.703100
v 9.263213 0.497580 -3.712753
v 9.276486 0.497580 -3.712753
v 9.605871 0.497580 -3.712753
v 9.619143 0.497580 -3.712753
v 9.628796 0.497580 -3.703100
v 9.860452 0.497580 -3.470238
v 9.870104 0.497580 -3.460586
v 9.870104 0.497580 -3.447314
v 9.870104 0.497580 -3.447314
v 9.870104 0.497580 -3.119135
v 9.870104 0.497580 -3.105863
v 9.860452 0.497580 -3.096210
v 9.627588 0.497580 -2.863348
v 9.617936 0.497580 -2.853696
v 9.604665 0.497580 -2.853696
v 9.276486 0.497580 -2.853696
v 9.263213 0.497580 -2.854903
v 9.253561 0.497580 -2.863348
v 9.020700 0.497580 -3.096210
v 9.024319 0.483102 -3.111896
v 9.024319 0.483102 -3.123961
v 9.024319 0.483102 -3.123961
v 9.024319 0.483102 -3.442488
v 9.024319 0.483102 -3.455760
v 9.033971 0.483102 -3.465412
v 9.259594 0.483102 -3.691035
v 9.269246 0.483102 -3.699481
v 9.281313 0.483102 -3.699481
v 9.599838 0.483102 -3.699481
v 9.613110 0.483102 -3.699481
v 9.622762 0.483102 -3.689829
v 9.848385 0.483102 -3.464206
v 9.856833 0.483102 -3.455760
v 9.856833 0.483102 -3.442488
v 9.856833 0.483102 -3.442488
v 9.856833 0.483102 -3.123961
v 9.856833 0.483102 -3.110689
v 9.847180 0.483102 -3.101037
v 9.621557 0.483102 -2.876620
v 9.613110 0.483102 -2.866968
v 9.599838 0.483102 -2.866968
v 9.281313 0.483102 -2.866968
v 9.268040 0.483102 -2.866968
v 9.258387 0.483102 -2.876620
v 9.033971 0.483102 -3.102243
v 9.052069 0.479482 -3.110689
v 9.043623 0.479482 -3.119135
v 9.043623 0.479482 -3.131200
v 9.043623 0.479482 -3.131200
v 9.043623 0.479482 -3.435249
v 9.043623 0.479482 -3.448520
v 9.052069 0.479482 -3.456966
v 9.268040 0.479482 -3.672937
v 9.276486 0.479482 -3.681383
v 9.288551 0.479482 -3.681383
v 9.592600 0.479482 -3.680176
v 9.605871 0.479482 -3.680176
v 9.614317 0.479482 -3.671731
v 9.830287 0.479482 -3.455760
v 9.838733 0.479482 -3.447314
v 9.838733 0.479482 -3.435249
v 9.838733 0.479482 -3.435249
v 9.837527 0.479482 -3.131200
v 9.837527 0.479482 -3.119135
v 9.829081 0.479482 -3.109483
v 9.613110 0.479482 -2.894718
v 9.604665 0.479482 -2.886272
v 9.592600 0.479482 -2.886272
v 9.288551 0.479482 -2.886272
v 9.276486 0.479482 -2.886272
v 9.266834 0.479482 -2.894718
v 9.100330 0.443286 -3.132407
v 9.091885 0.443286 -3.139646
v 9.091885 0.443286 -3.150505
v 9.091885 0.443286 -3.150505
v 9.091885 0.443286 -3.417150
v 9.093092 0.443286 -3.428009
v 9.100330 0.443286 -3.435249
v 9.289758 0.443286 -3.624675
v 9.296996 0.443286 -3.631915
v 9.307856 0.443286 -3.631915
v 9.574502 0.443286 -3.631915
v 9.585360 0.443286 -3.631915
v 9.592600 0.443286 -3.623469
v 9.782025 0.443286 -3.435249
v 9.789266 0.443286 -3.428009
v 9.789266 0.443286 -3.417150
v 9.789266 0.443286 -3.417150
v 9.789266 0.443286 -3.150505
v 9.789266 0.443286 -3.138439
v 9.780821 0.443286 -3.131200
v 9.592600 0.443286 -2.942980
v 9.585360 0.443286 -2.934534
v 9.574502 0.443286 -2.934534
v 9.307856 0.443286 -2.934534
v 9.295792 0.443286 -2.935740
v 9.288551 0.443286 -2.942980
v 9.101538 0.434840 -3.132407
v 9.094299 0.434840 -3.140852
v 9.094299 0.434840 -3.150505
v 9.094299 0.434840 -3.150505
v 9.094299 0.434840 -3.415944
v 9.094299 0.434840 -3.426803
v 9.102744 0.434840 -3.435249
v 9.289758 0.434840 -3.622262
v 9.298203 0.434840 -3.629502
v 9.307856 0.434840 -3.629502
v 9.573296 0.434840 -3.629502
v 9.584154 0.434840 -3.629502
v 9.592600 0.434840 -3.622262
v 9.779613 0.434840 -3.434042
v 9.786852 0.434840 -3.426803
v 9.786852 0.434840 -3.415944
v 9.786852 0.434840 -3.415944
v 9.786852 0.434840 -3.150505
v 9.786852 0.434840 -3.139646
v 9.779613 0.434840 -3.132407
v 9.591393 0.434840 -2.944186
v 9.584154 0.434840 -2.936947
v 9.573296 0.434840 -2.936947
v 9.307856 0.434840 -2.936947
v 9.296996 0.434840 -2.936947
v 9.289758 0.434840 -2.945393
v 9.097919 0.423981 -3.131200
v 9.090678 0.423981 -3.138439
v 9.090678 0.423981 -3.149298
v 9.090678 0.423981 -3.149298
v 9.090678 0.423981 -3.418357
v 9.090678 0.423981 -3.429216
v 9.097919 0.423981 -3.436455
v 9.288551 0.423981 -3.627088
v 9.295792 0.423981 -3.634328
v 9.306648 0.423981 -3.634328
v 9.575707 0.423981 -3.634328
v 9.586567 0.423981 -3.634328
v 9.593805 0.423981 -3.625882
v 9.784440 0.423981 -3.436455
v 9.791678 0.423981 -3.428009
v 9.791678 0.423981 -3.418357
v 9.791678 0.423981 -3.418357
v 9.791678 0.423981 -3.149298
v 9.791678 0.423981 -3.138439
v 9.783233 0.423981 -3.129994
v 9.593805 0.423981 -2.940567
v 9.585360 0.423981 -2.933327
v 9.575707 0.423981 -2.933327
v 9.306648 0.423981 -2.933327
v 9.295792 0.423981 -2.933327
v 9.287344 0.423981 -2.940567
v 9.058102 0.386579 -3.113102
v 9.049657 0.386579 -3.121548
v 9.049657 0.386579 -3.133613
v 9.049657 0.386579 -3.133613
v 9.049657 0.386579 -3.432835
v 9.049657 0.386579 -3.446107
v 9.058102 0.386579 -3.454553
v 9.270453 0.386579 -3.666904
v 9.278898 0.386579 -3.674144
v 9.290965 0.386579 -3.674144
v 9.590186 0.386579 -3.674144
v 9.603457 0.386579 -3.674144
v 9.611904 0.386579 -3.665698
v 9.824254 0.386579 -3.453347
v 9.831494 0.386579 -3.444901
v 9.831494 0.386579 -3.432835
v 9.831494 0.386579 -3.432835
v 9.831494 0.386579 -3.133613
v 9.831494 0.386579 -3.121548
v 9.823050 0.386579 -3.111896
v 9.610698 0.386579 -2.900751
v 9.602252 0.386579 -2.892305
v 9.590186 0.386579 -2.892305
v 9.290965 0.386579 -2.892305
v 9.278898 0.386579 -2.892305
v 9.269246 0.386579 -2.900751
v 9.054482 0.376926 -3.111896
v 9.046038 0.376926 -3.120342
v 9.046038 0.376926 -3.132407
v 9.046038 0.376926 -3.132407
v 9.046038 0.376926 -3.435249
v 9.046038 0.376926 -3.447314
v 9.054482 0.376926 -3.455760
v 9.269246 0.376926 -3.670524
v 9.277692 0.376926 -3.678970
v 9.289758 0.376926 -3.678970
v 9.592600 0.376926 -3.678970
v 9.604665 0.376926 -3.678970
v 9.613110 0.376926 -3.669317
v 9.827875 0.376926 -3.455760
v 9.836321 0.376926 -3.447314
v 9.836321 0.376926 -3.435249
v 9.836321 0.376926 -3.435249
v 9.836321 0.376926 -3.132407
v 9.836321 0.376926 -3.119135
v 9.826668 0.376926 -3.110689
v 9.613110 0.376926 -2.897131
v 9.604665 0.376926 -2.888686
v 9.592600 0.376926 -2.888686
v 9.289758 0.376926 -2.888686
v 9.276486 0.376926 -2.888686
v 9.268040 0.376926 -2.897131
v 9.054482 0.345556 -3.111896
v 9.046038 0.345556 -3.120342
v 9.046038 0.345556 -3.132407
v 9.046038 0.345556 -3.132407
v 9.046038 0.345556 -3.435249
v 9.046038 0.345556 -3.447314
v 9.054482 0.345556 -3.455760
v 9.269246 0.345556 -3.670524
v 9.277692 0.345556 -3.678970
v 9.289758 0.345556 -3.678970
v 9.592600 0.345556 -3.678970
v 9.604665 0.345556 -3.678970
v 9.613110 0.345556 -3.669317
v 9.827875 0.345556 -3.455760
v 9.836321 0.345556 -3.447314
v 9.836321 0.345556 -3.435249
v 9.836321 0.345556 -3.435249
v 9.836321 0.345556 -3.132407
v 9.836321 0.345556 -3.119135
v 9.826668 0.345556 -3.110689
v 9.613110 0.345556 -2.897131
v 9.604665 0.345556 -2.888686
v 9.592600 0.345556 -2.888686
v 9.289758 0.345556 -2.888686
v 9.276486 0.345556 -2.888686
v 9.268040 0.345556 -2.897131
v 9.058102 0.340730 -3.113102
v 9.049657 0.340730 -3.121548
v 9.049657 0.340730 -3.133613
v 9.049657 0.340730 -3.133613
v 9.049657 0.340730 -3.432835
v 9.049657 0.340730 -3.446107
v 9.059309 0.340730 -3.454553
v 9.270453 0.340730 -3.665698
v 9.278898 0.340730 -3.674144
v 9.290965 0.340730 -3.674144
v 9.590186 0.340730 -3.674144
v 9.603457 0.340730 -3.674144
v 9.611904 0.340730 -3.665698
v 9.823050 0.340730 -3.453347
v 9.831494 0.340730 -3.444901
v 9.831494 0.340730 -3.432835
v 9.831494 0.340730 -3.432835
v 9.831494 0.340730 -3.133613
v 9.831494 0.340730 -3.121548
v 9.823050 0.340730 -3.113102
v 9.610698 0.340730 -2.900751
v 9.602252 0.340730 -2.892305
v 9.590186 0.340730 -2.892305
v 9.290965 0.340730 -2.892305
v 9.278898 0.340730 -2.892305
v 9.270453 0.340730 -2.901958
v 9.103951 0.332284 -3.133613
v 9.096711 0.332284 -3.140852
v 9.096711 0.332284 -3.151711
v 9.096711 0.332284 -3.151711
v 9.096711 0.332284 -3.415944
v 9.096711 0.332284 -3.426803
v 9.103951 0.332284 -3.434042
v 9.290965 0.332284 -3.621056
v 9.298203 0.332284 -3.628295
v 9.309063 0.332284 -3.628295
v 9.573296 0.332284 -3.628295
v 9.584154 0.332284 -3.628295
v 9.591393 0.332284 -3.619849
v 9.778406 0.332284 -3.432835
v 9.785646 0.332284 -3.425596
v 9.785646 0.332284 -3.415944
v 9.785646 0.332284 -3.415944
v 9.785646 0.332284 -3.151711
v 9.785646 0.332284 -3.140852
v 9.777200 0.332284 -3.132407
v 9.590186 0.332284 -2.946599
v 9.582948 0.332284 -2.939360
v 9.573296 0.332284 -2.939360
v 9.309063 0.332284 -2.939360
v 9.298203 0.332284 -2.939360
v 9.289758 0.332284 -2.946599
v 9.289758 0.325045 -2.946599
v 9.103951 0.325045 -3.133613
v 9.095504 0.325045 -3.140852
v 9.095504 0.325045 -3.151711
v 9.095504 0.325045 -3.151711
v 9.096711 0.325045 -3.415944
v 9.096711 0.325045 -3.426803
v 9.103951 0.325045 -3.434042
v 9.290965 0.325045 -3.621056
v 9.298203 0.325045 -3.628295
v 9.309063 0.325045 -3.628295
v 9.573296 0.325045 -3.628295
v 9.584154 0.325045 -3.628295
v 9.591393 0.325045 -3.619849
v 9.778406 0.325045 -3.432835
v 9.785646 0.325045 -3.425596
v 9.785646 0.325045 -3.415944
v 9.785646 0.325045 -3.415944
v 9.785646 0.325045 -3.151711
v 9.785646 0.325045 -3.140852
v 9.777200 0.325045 -3.132407
v 9.590186 0.325045 -2.946599
v 9.582948 0.325045 -2.938154
v 9.573296 0.325045 -2.938154
v 9.309063 0.325045 -2.939360
v 9.298203 0.325045 -2.939360
v 9.288551 0.317806 -2.942980
v 9.100330 0.317806 -3.132407
v 9.093092 0.317806 -3.139646
v 9.093092 0.317806 -3.150505
v 9.093092 0.317806 -3.150505
v 9.093092 0.317806 -3.417150
v 9.093092 0.317806 -3.428009
v 9.100330 0.317806 -3.435249
v 9.289758 0.317806 -3.623469
v 9.296996 0.317806 -3.631915
v 9.307856 0.317806 -3.631915
v 9.574502 0.317806 -3.630708
v 9.585360 0.317806 -3.630708
v 9.592600 0.317806 -3.623469
v 9.780821 0.317806 -3.435249
v 9.789266 0.317806 -3.426803
v 9.789266 0.317806 -3.417150
v 9.789266 0.317806 -3.417150
v 9.788059 0.317806 -3.150505
v 9.788059 0.317806 -3.139646
v 9.780821 0.317806 -3.131200
v 9.592600 0.317806 -2.942980
v 9.584154 0.317806 -2.935740
v 9.574502 0.317806 -2.935740
v 9.307856 0.317806 -2.935740
v 9.296996 0.317806 -2.935740
v 9.269246 0.273164 -2.899544
v 9.056895 0.273164 -3.113102
v 9.048450 0.273164 -3.121548
v 9.048450 0.273164 -3.133613
v 9.048450 0.273164 -3.133613
v 9.048450 0.273164 -3.434042
v 9.048450 0.273164 -3.446107
v 9.056895 0.273164 -3.454553
v 9.270453 0.273164 -3.666904
v 9.278898 0.273164 -3.675350
v 9.290965 0.273164 -3.675350
v 9.591393 0.273164 -3.675350
v 9.603457 0.273164 -3.675350
v 9.611904 0.273164 -3.666904
v 9.824254 0.273164 -3.454553
v 9.832702 0.273164 -3.446107
v 9.832702 0.273164 -3.434042
v 9.832702 0.273164 -3.434042
v 9.832702 0.273164 -3.133613
v 9.832702 0.273164 -3.120342
v 9.824254 0.273164 -3.111896
v 9.611904 0.273164 -2.899544
v 9.603457 0.273164 -2.891099
v 9.591393 0.273164 -2.891099
v 9.290965 0.273164 -2.891099
v 9.277692 0.273164 -2.891099
v 9.275280 0.267131 -2.885066
v 9.266834 0.267131 -2.893512
v 9.050863 0.267131 -3.110689
v 9.042417 0.267131 -3.119135
v 9.042417 0.267131 -3.131200
v 9.042417 0.267131 -3.131200
v 9.042417 0.267131 -3.436455
v 9.042417 0.267131 -3.448520
v 9.050863 0.267131 -3.458173
v 9.268040 0.267131 -3.672937
v 9.276486 0.267131 -3.682589
v 9.288551 0.267131 -3.682589
v 9.593805 0.267131 -3.681383
v 9.605871 0.267131 -3.681383
v 9.615523 0.267131 -3.672937
v 9.830287 0.267131 -3.456966
v 9.839940 0.267131 -3.448520
v 9.839940 0.267131 -3.436455
v 9.839940 0.267131 -3.436455
v 9.838733 0.267131 -3.131200
v 9.838733 0.267131 -3.117928
v 9.830287 0.267131 -3.109483
v 9.614317 0.267131 -2.893512
v 9.605871 0.267131 -2.885066
v 9.593805 0.267131 -2.885066
v 9.288551 0.267131 -2.885066
v 9.275280 0.257479 -2.885066
v 9.266834 0.257479 -2.893512
v 9.050863 0.257479 -3.110689
v 9.042417 0.257479 -3.119135
v 9.042417 0.257479 -3.131200
v 9.042417 0.257479 -3.131200
v 9.042417 0.257479 -3.436455
v 9.042417 0.257479 -3.448520
v 9.050863 0.257479 -3.458173
v 9.268040 0.257479 -3.674144
v 9.276486 0.257479 -3.682589
v 9.288551 0.257479 -3.682589
v 9.593805 0.257479 -3.681383
v 9.605871 0.257479 -3.681383
v 9.615523 0.257479 -3.672937
v 9.831494 0.257479 -3.456966
v 9.839940 0.257479 -3.448520
v 9.839940 0.257479 -3.436455
v 9.839940 0.257479 -3.436455
v 9.838733 0.257479 -3.131200
v 9.838733 0.257479 -3.117928
v 9.830287 0.257479 -3.109483
v 9.614317 0.257479 -2.893512
v 9.605871 0.257479 -2.885066
v 9.593805 0.257479 -2.885066
v 9.288551 0.257479 -2.885066
v 9.275280 -0.005547 -2.885066
v 9.266834 -0.005547 -2.893512
v 9.050863 -0.005547 -3.110689
v 9.042417 -0.005547 -3.119135
v 9.042417 -0.005547 -3.131200
v 9.042417 -0.005547 -3.131200
v 9.042417 -0.005547 -3.436455
v 9.042417 -0.005547 -3.448520
v 9.050863 -0.005547 -3.458173
v 9.268040 -0.005547 -3.674144
v 9.276486 -0.005547 -3.682589
v 9.288551 -0.005547 -3.682589
v 9.593805 -0.005547 -3.681383
v 9.605871 -0.005547 -3.681383
v 9.615523 -0.005547 -3.672937
v 9.831494 -0.005547 -3.456966
v 9.839940 -0.005547 -3.448520
v 9.839940 -0.005547 -3.436455
v 9.839940 -0.005547 -3.436455
v 9.838733 -0.005547 -3.131200
v 9.838733 -0.005547 -3.117928
v 9.830287 -0.005547 -3.109483
v 9.614317 -0.005547 -2.893512
v 9.605871 -0.005547 -2.885066
v 9.593805 -0.005547 -2.885066
v 9.288551 -0.005547 -2.885066
v 10.028160 0.627887 -3.517293
v 10.028160 0.627887 -3.517293
v 10.028160 0.627887 -3.526946
v 10.028160 0.635126 -3.526946
v 10.022127 0.627887 -3.532978
v 10.022127 0.635126 -3.532978
v 9.690329 0.627887 -3.864777
v 9.690329 0.635126 -3.864777
v 9.684298 0.627887 -3.870810
v 9.684298 0.635126 -3.870810
v 9.683090 0.641159 -3.868397
v 9.617936 0.770258 -3.680176
v 9.603457 0.770258 -3.675350
v 9.832702 0.770258 -3.446107
v 9.449021 0.770258 -3.296496
v 9.278898 0.770258 -3.675350
v 9.272865 0.770258 -3.689829
v 9.284932 0.770258 -3.689829
v 9.596219 0.770258 -3.688622
v 9.608283 0.770258 -3.688622
v 9.609490 0.775085 -3.688622
v 9.609490 0.775085 -3.688622
v 9.617936 0.775085 -3.680176
v 9.617936 0.775085 -3.680176
v 9.837527 0.775085 -3.459379
v 9.837527 0.775085 -3.459379
v 9.837527 0.770258 -3.459379
v 9.847180 0.770258 -3.450933
v 9.847180 0.770258 -3.438868
v 9.845973 0.770258 -3.127581
v 9.832702 0.770258 -3.120342
v 9.603457 0.770258 -2.891099
v 9.277692 0.770258 -2.891099
v 9.048450 0.770258 -3.121548
v 9.048450 0.770258 -3.446107
v 9.043623 0.770258 -3.460586
v 9.264421 0.770258 -3.680176
v 9.264421 0.775085 -3.680176
v 9.264421 0.775085 -3.680176
v 9.272865 0.775085 -3.689829
v 9.272865 0.775085 -3.689829
v 9.284932 0.775085 -3.689829
v 9.284932 0.775085 -3.689829
v 9.596219 0.775085 -3.688622
v 9.596219 0.775085 -3.688622
v 9.596219 1.052589 -3.688622
v 9.596219 1.052589 -3.688622
v 9.609490 1.052589 -3.688622
v 9.609490 1.052589 -3.688622
v 9.617936 1.052589 -3.680176
v 9.617936 1.052589 -3.680176
v 9.837527 1.052589 -3.459379
v 9.837527 1.052589 -3.459379
v 9.847180 0.775085 -3.450933
v 9.847180 0.775085 -3.450933
v 9.847180 0.775085 -3.438868
v 9.847180 0.775085 -3.438868
v 9.847180 0.775085 -3.438868
v 9.845973 0.775085 -3.127581
v 9.845973 0.775085 -3.127581
v 9.845973 0.770258 -3.115515
v 9.837527 0.770258 -3.105863
v 9.616731 0.770258 -2.886272
v 9.608283 0.770258 -2.877827
v 9.596219 0.770258 -2.877827
v 9.284932 0.770258 -2.877827
v 9.272865 0.770258 -2.877827
v 9.263213 0.770258 -2.886272
v 9.043623 0.770258 -3.107069
v 9.035178 0.770258 -3.115515
v 9.035178 0.770258 -3.127581
v 9.035178 0.770258 -3.438868
v 9.035178 0.770258 -3.452140
v 9.035178 0.775085 -3.452140
v 9.035178 0.775085 -3.452140
v 9.043623 0.775085 -3.460586
v 9.043623 0.775085 -3.460586
v 9.043623 1.052589 -3.460586
v 9.043623 1.052589 -3.460586
v 9.264421 1.052589 -3.680176
v 9.264421 1.052589 -3.680176
v 9.272865 1.052589 -3.689829
v 9.272865 1.052589 -3.689829
v 9.284932 1.052589 -3.689829
v 9.284932 1.052589 -3.689829
v 9.284932 1.064654 -3.689829
v 9.596219 1.064654 -3.688622
v 9.609490 1.064654 -3.688622
v 9.617936 1.064654 -3.680176
v 9.837527 1.064654 -3.459379
v 9.847180 1.052589 -3.450933
v 9.847180 1.052589 -3.450933
v 9.847180 1.052589 -3.438868
v 9.847180 1.052589 -3.438868
v 9.847180 1.052589 -3.438868
v 9.845973 1.052589 -3.127581
v 9.845973 1.052589 -3.127581
v 9.845973 0.775085 -3.115515
v 9.845973 0.775085 -3.115515
v 9.837527 0.775085 -3.105863
v 9.837527 0.775085 -3.105863
v 9.616731 0.775085 -2.886272
v 9.616731 0.775085 -2.886272
v 9.608283 0.775085 -2.877827
v 9.608283 0.775085 -2.877827
v 9.596219 0.775085 -2.877827
v 9.596219 0.775085 -2.877827
v 9.284932 0.775085 -2.877827
v 9.284932 0.775085 -2.877827
v 9.272865 0.775085 -2.877827
v 9.272865 0.775085 -2.877827
v 9.263213 0.775085 -2.886272
v 9.263213 0.775085 -2.886272
v 9.043623 0.775085 -3.107069
v 9.043623 0.775085 -3.107069
v 9.035178 0.775085 -3.115515
v 9.035178 0.775085 -3.115515
v 9.035178 0.775085 -3.127581
v 9.035178 0.775085 -3.127581
v 9.035178 0.775085 -3.127581
v 9.035178 0.775085 -3.438868
v 9.035178 0.775085 -3.438868
v 9.035178 1.052589 -3.438868
v 9.035178 1.052589 -3.438868
v 9.035178 1.052589 -3.452140
v 9.035178 1.052589 -3.452140
v 9.043623 1.064654 -3.460586
v 9.264421 1.064654 -3.680176
v 9.272865 1.064654 -3.689829
v 9.281313 1.064654 -3.700688
v 9.601046 1.064654 -3.700688
v 9.614317 1.064654 -3.700688
v 9.622762 1.064654 -3.691035
v 9.848385 1.064654 -3.464206
v 9.847180 1.064654 -3.450933
v 9.847180 1.064654 -3.438868
v 9.845973 1.064654 -3.127581
v 9.845973 1.052589 -3.115515
v 9.845973 1.052589 -3.115515
v 9.837527 1.052589 -3.105863
v 9.837527 1.052589 -3.105863
v 9.616731 1.052589 -2.886272
v 9.616731 1.052589 -2.886272
v 9.608283 1.052589 -2.877827
v 9.608283 1.052589 -2.877827
v 9.596219 1.052589 -2.877827
v 9.596219 1.052589 -2.877827
v 9.284932 1.052589 -2.877827
v 9.284932 1.052589 -2.877827
v 9.272865 1.052589 -2.877827
v 9.272865 1.052589 -2.877827
v 9.263213 1.052589 -2.886272
v 9.263213 1.052589 -2.886272
v 9.043623 1.052589 -3.107069
v 9.043623 1.052589 -3.107069
v 9.035178 1.052589 -3.115515
v 9.035178 1.052589 -3.115515
v 9.035178 1.052589 -3.127581
v 9.035178 1.052589 -3.127581
v 9.035178 1.052589 -3.127581
v 9.035178 1.064654 -3.127581
v 9.035178 1.064654 -3.438868
v 9.035178 1.064654 -3.452140
v 9.032763 1.064654 -3.465412
v 9.259594 1.064654 -3.691035
v 9.268040 1.064654 -3.700688
v 9.251149 1.055002 -3.779113
v 9.631209 1.055002 -3.779113
v 9.646893 1.055002 -3.779113
v 9.657752 1.055002 -3.768254
v 9.925604 1.055002 -3.499195
v 9.858037 1.064654 -3.455760
v 9.858037 1.064654 -3.443694
v 9.858037 1.064654 -3.123961
v 9.845973 1.064654 -3.115515
v 9.837527 1.064654 -3.105863
v 9.616731 1.064654 -2.886272
v 9.608283 1.064654 -2.877827
v 9.596219 1.064654 -2.877827
v 9.284932 1.064654 -2.877827
v 9.272865 1.064654 -2.877827
v 9.263213 1.064654 -2.886272
v 9.043623 1.064654 -3.107069
v 9.035178 1.064654 -3.115515
v 9.024319 1.064654 -3.123961
v 9.024319 1.064654 -3.443694
v 9.024319 1.064654 -3.456966
v 8.956752 1.055002 -3.500401
v 9.225811 1.055002 -3.768254
v 9.235463 1.055002 -3.779113
v 9.236670 1.041730 -3.815309
v 9.644481 1.041730 -3.815309
v 9.661371 1.041730 -3.815309
v 9.649307 1.028458 -3.827374
v 9.666198 1.028458 -3.827374
v 9.651719 1.027252 -3.832200
v 9.668612 1.027252 -3.832200
v 9.661371 1.020012 -3.858744
v 9.679471 1.020012 -3.858744
v 9.692742 1.020012 -3.846679
v 9.680676 1.027252 -3.820135
v 9.678264 1.028458 -3.815309
v 9.673438 1.041730 -3.803243
v 9.961802 1.041730 -3.514880
v 9.936463 1.055002 -3.488336
v 9.936463 1.055002 -3.473858
v 9.936463 1.055002 -3.093797
v 9.858037 1.064654 -3.110689
v 9.848385 1.064654 -3.101037
v 9.621557 1.064654 -2.875414
v 9.613110 1.064654 -2.866968
v 9.601046 1.064654 -2.866968
v 9.281313 1.064654 -2.866968
v 9.268040 1.064654 -2.866968
v 9.258387 1.064654 -2.875414
v 9.032763 1.064654 -3.102243
v 9.024319 1.064654 -3.110689
v 8.944688 1.055002 -3.093797
v 8.945893 1.055002 -3.473858
v 8.945893 1.055002 -3.489543
v 8.920557 1.041730 -3.516087
v 9.208920 1.041730 -3.804450
v 9.220984 1.041730 -3.815309
v 9.231844 1.028458 -3.828581
v 9.230637 1.027252 -3.832200
v 9.219778 1.020012 -3.859951
v 9.669819 1.003121 -3.879256
v 9.687917 1.003121 -3.879256
v 9.687917 0.992262 -3.878049
v 9.668612 0.992262 -3.878049
v 9.681883 0.975370 -3.864777
v 9.663785 0.975370 -3.864777
v 9.658959 0.965718 -3.810483
v 9.643273 0.965718 -3.810483
v 9.643273 0.946413 -3.810483
v 9.658959 0.946413 -3.810483
v 9.658959 0.941587 -3.810483
v 9.643273 0.941587 -3.810483
v 9.652926 0.939174 -3.794798
v 9.652926 0.939174 -3.794798
v 9.644481 0.939174 -3.794798
v 9.644481 0.939174 -3.794798
v 9.652926 0.707518 -3.794798
v 9.644481 0.707518 -3.794798
v 9.649307 0.707518 -3.806863
v 9.656546 0.707518 -3.806863
v 9.656546 0.684594 -3.806863
v 9.649307 0.684594 -3.806863
v 9.658959 0.672529 -3.830994
v 9.667404 0.672529 -3.830994
v 9.668612 0.654431 -3.856331
v 9.677057 0.654431 -3.856331
v 9.673438 0.641159 -3.868397
v 9.674644 0.635126 -3.870810
v 9.674644 0.627887 -3.870810
v 9.205299 0.635126 -3.872016
v 9.205299 0.627887 -3.872016
v 9.196854 0.635126 -3.872016
v 9.196854 0.627887 -3.872016
v 9.190821 0.627887 -3.865984
v 9.206506 0.602549 -3.829787
v 9.212540 0.602549 -3.835820
v 9.219778 0.602549 -3.835820
v 9.660167 0.602549 -3.835820
v 9.668612 0.602549 -3.835820
v 9.674644 0.602549 -3.829787
v 9.987139 0.602549 -3.518500
v 9.991965 0.602549 -3.512467
v 9.993170 0.602549 -3.504021
v 9.993170 0.602549 -3.504021
v 9.991965 0.602549 -3.053982
v 9.991965 0.602549 -3.062427
v 10.028160 0.627887 -3.049156
v 10.028160 0.635126 -3.517293
v 10.028160 0.635126 -3.517293
v 10.025748 0.641159 -3.525739
v 10.019715 0.641159 -3.531772
v 9.689123 0.641159 -3.862364
v 9.684298 0.654431 -3.850299
v 9.673438 0.672529 -3.824961
v 9.662579 0.684594 -3.800830
v 9.662579 0.707518 -3.800830
v 9.657752 0.707518 -3.789971
v 9.657752 0.939174 -3.789971
v 9.657752 0.939174 -3.789971
v 9.671023 0.941587 -3.798417
v 9.671023 0.946413 -3.798417
v 9.671023 0.965718 -3.798417
v 9.695154 0.975370 -3.851505
v 9.701188 0.992262 -3.864777
v 9.701188 1.003121 -3.865984
v 10.004029 1.020012 -3.534185
v 9.977487 1.027252 -3.522119
v 9.973866 1.028458 -3.519706
v 9.972660 1.041730 -3.504021
v 9.972660 1.041730 -3.487130
v 9.972660 1.041730 -3.079319
v 9.936463 1.055002 -3.078112
v 9.925604 1.055002 -3.067254
v 9.656546 1.055002 -2.798195
v 9.645688 1.055002 -2.787336
v 9.631209 1.055002 -2.787336
v 9.251149 1.055002 -2.788543
v 9.235463 1.055002 -2.788543
v 9.224604 1.055002 -2.799402
v 8.955545 1.055002 -3.068460
v 8.944688 1.055002 -3.078112
v 8.908490 1.041730 -3.079319
v 8.908490 1.041730 -3.487130
v 8.908490 1.041730 -3.504021
v 8.908490 1.028458 -3.520913
v 9.204094 1.028458 -3.816515
v 9.216159 1.028458 -3.828581
v 9.213746 1.027252 -3.832200
v 9.202887 1.020012 -3.859951
v 9.194442 1.003121 -3.879256
v 9.212540 1.003121 -3.879256
v 9.212540 0.992262 -3.878049
v 9.218573 0.975370 -3.864777
v 9.239082 0.965718 -3.810483
v 9.239082 0.946413 -3.810483
v 9.239082 0.941587 -3.810483
v 9.236670 0.939174 -3.794798
v 9.236670 0.939174 -3.794798
v 9.236670 0.707518 -3.794798
v 9.231844 0.707518 -3.806863
v 9.231844 0.684594 -3.806863
v 9.222192 0.672529 -3.830994
v 9.211332 0.654431 -3.856331
v 9.206506 0.641159 -3.868397
v 9.198061 0.641159 -3.868397
v 9.190821 0.635126 -3.865984
v 8.859024 0.635126 -3.532978
v 8.859024 0.627887 -3.532978
v 8.895219 0.602549 -3.518500
v 8.889186 0.602549 -3.512467
v 8.947100 0.595310 -3.079319
v 8.889186 0.602549 -3.063634
v 8.889186 0.602549 -3.063634
v 8.947100 0.595310 -3.086558
v 8.947100 0.595310 -3.086558
v 8.947100 0.595310 -3.481097
v 8.889186 0.602549 -3.504021
v 8.947100 0.595310 -3.488336
v 8.951926 0.595310 -3.494369
v 9.230637 0.595310 -3.773080
v 9.235463 0.595310 -3.777906
v 9.242703 0.595310 -3.777906
v 9.637240 0.595310 -3.777906
v 9.644481 0.595310 -3.777906
v 9.650514 0.595310 -3.771873
v 9.929225 0.595310 -3.493163
v 9.935256 0.595310 -3.488336
v 9.935256 0.595310 -3.479891
v 9.935256 0.595310 -3.479891
v 9.935256 0.595310 -3.085352
v 9.935256 0.595310 -3.078112
v 9.987139 0.602549 -3.049156
v 9.929225 0.595310 -3.073286
v 9.674644 0.602549 -2.736661
v 9.650514 0.595310 -2.794575
v 9.645688 0.595310 -2.788543
v 9.669819 0.602549 -2.731835
v 9.684298 0.627887 -2.695639
v 9.690329 0.627887 -2.701672
v 10.022127 0.627887 -3.033471
v 10.028160 0.627887 -3.039503
v 10.028160 0.635126 -3.039503
v 10.028160 0.635126 -3.047949
v 10.025748 0.641159 -3.516087
v 10.025748 0.641159 -3.516087
v 10.013682 0.654431 -3.520913
v 10.007648 0.654431 -3.526946
v 9.982313 0.672529 -3.516087
v 9.958182 0.684594 -3.505228
v 9.958182 0.707518 -3.505228
v 9.947323 0.707518 -3.501608
v 9.947323 0.939174 -3.501608
v 9.947323 0.939174 -3.501608
v 9.956975 0.941587 -3.512467
v 9.956975 0.946413 -3.512467
v 9.955768 0.965718 -3.512467
v 10.008856 0.975370 -3.536598
v 10.022127 0.992262 -3.541424
v 10.023335 1.003121 -3.542631
v 10.036606 1.003121 -3.529359
v 10.017301 1.020012 -3.522119
v 9.989552 1.027252 -3.510054
v 9.985932 1.028458 -3.508847
v 9.985932 1.028458 -3.491956
v 9.984725 1.028458 -3.074493
v 9.972660 1.041730 -3.062427
v 9.960594 1.041730 -3.050362
v 9.672231 1.041730 -2.761999
v 9.661371 1.041730 -2.751140
v 9.644481 1.041730 -2.751140
v 9.236670 1.041730 -2.751140
v 9.219778 1.041730 -2.751140
v 9.207713 1.041730 -2.763205
v 8.919350 1.041730 -3.051569
v 8.908490 1.041730 -3.063634
v 8.896426 1.028458 -3.074493
v 8.896426 1.028458 -3.491956
v 8.896426 1.028458 -3.508847
v 8.904871 1.027252 -3.523326
v 9.201680 1.027252 -3.820135
v 9.190821 1.020012 -3.846679
v 9.181169 1.003121 -3.865984
v 9.195646 0.992262 -3.878049
v 9.200473 0.975370 -3.864777
v 9.223399 0.965718 -3.810483
v 9.223399 0.946413 -3.810483
v 9.223399 0.941587 -3.810483
v 9.229430 0.939174 -3.796004
v 9.229430 0.939174 -3.796004
v 9.228225 0.707518 -3.794798
v 9.224604 0.707518 -3.806863
v 9.224604 0.684594 -3.806863
v 9.213746 0.672529 -3.830994
v 9.202887 0.654431 -3.856331
v 9.192028 0.641159 -3.862364
v 8.862643 0.641159 -3.532978
v 8.856609 0.641159 -3.525739
v 8.852990 0.635126 -3.526946
v 8.852990 0.627887 -3.526946
v 8.852990 0.627887 -3.518500
v 8.852990 0.627887 -3.049156
v 8.852990 0.627887 -3.049156
v 8.852990 0.627887 -3.039503
v 8.889186 0.602549 -3.055188
v 8.895219 0.602549 -3.049156
v 8.951926 0.595310 -3.073286
v 9.230637 0.595310 -2.794575
v 9.206506 0.602549 -2.737868
v 9.236670 0.595310 -2.789749
v 9.212540 0.602549 -2.731835
v 9.220984 0.602549 -2.731835
v 9.243909 0.595310 -2.789749
v 9.661371 0.602549 -2.731835
v 9.638448 0.595310 -2.788543
v 9.675850 0.627887 -2.695639
v 9.684298 0.635126 -2.695639
v 9.690329 0.635126 -2.701672
v 10.022127 0.635126 -3.033471
v 10.025748 0.641159 -3.040710
v 10.025748 0.641159 -3.049156
v 10.013682 0.654431 -3.511261
v 10.013682 0.654431 -3.511261
v 9.988344 0.672529 -3.510054
v 9.963008 0.684594 -3.500401
v 9.963008 0.707518 -3.500401
v 9.952148 0.707518 -3.495575
v 9.952148 0.939174 -3.495575
v 9.952148 0.939174 -3.495575
v 9.967834 0.941587 -3.501608
v 9.967834 0.946413 -3.501608
v 9.967834 0.965718 -3.501608
v 10.022127 0.975370 -3.523326
v 10.035400 0.992262 -3.529359
v 10.036606 1.003121 -3.511261
v 10.017301 1.020012 -3.504021
v 9.989552 1.027252 -3.493163
v 9.989552 1.027252 -3.073286
v 9.984725 1.028458 -3.057601
v 9.972660 1.028458 -3.045536
v 9.677057 1.028458 -2.751140
v 9.666198 1.028458 -2.739074
v 9.649307 1.028458 -2.739074
v 9.231844 1.028458 -2.739074
v 9.214952 1.028458 -2.739074
v 9.202887 1.028458 -2.751140
v 8.908490 1.028458 -3.046742
v 8.896426 1.028458 -3.058808
v 8.891600 1.027252 -3.073286
v 8.891600 1.027252 -3.494369
v 8.891600 1.027252 -3.511261
v 8.878328 1.020012 -3.535391
v 8.859024 1.003121 -3.543837
v 9.182375 0.992262 -3.864777
v 9.188409 0.975370 -3.851505
v 9.211332 0.965718 -3.798417
v 9.211332 0.946413 -3.799624
v 9.211332 0.941587 -3.799624
v 9.223399 0.939174 -3.789971
v 9.223399 0.939174 -3.789971
v 9.223399 0.707518 -3.789971
v 9.218573 0.707518 -3.800830
v 9.218573 0.684594 -3.800830
v 9.207713 0.672529 -3.826167
v 9.198061 0.654431 -3.850299
v 8.874707 0.654431 -3.526946
v 8.868676 0.654431 -3.520913
v 8.855403 0.641159 -3.517293
v 8.852990 0.635126 -3.518500
v 8.852990 0.635126 -3.049156
v 8.852990 0.635126 -3.049156
v 8.852990 0.635126 -3.039503
v 8.859024 0.627887 -3.033471
v 9.192028 0.627887 -2.701672
v 9.198061 0.627887 -2.695639
v 9.206506 0.627887 -2.695639
v 9.675850 0.635126 -2.695639
v 9.683090 0.641159 -2.698052
v 9.689123 0.641159 -2.704085
v 10.019715 0.641159 -3.034677
v 10.013682 0.654431 -3.045536
v 10.013682 0.654431 -3.053982
v 9.988344 0.672529 -3.501608
v 9.988344 0.672529 -3.501608
v 9.964213 0.684594 -3.491956
v 9.964213 0.684594 -3.491956
v 9.963008 0.707518 -3.491956
v 9.963008 0.707518 -3.491956
v 9.952148 0.707518 -3.487130
v 9.952148 0.707518 -3.487130
v 9.952148 0.939174 -3.487130
v 9.952148 0.939174 -3.487130
v 9.952148 0.939174 -3.487130
v 9.967834 0.941587 -3.485923
v 9.967834 0.946413 -3.485923
v 9.967834 0.965718 -3.484717
v 10.022127 0.975370 -3.506434
v 10.035400 0.992262 -3.511261
v 10.036606 1.003121 -3.055188
v 10.016096 1.020012 -3.062427
v 9.989552 1.027252 -3.055188
v 9.977487 1.027252 -3.043123
v 9.679471 1.027252 -2.746314
v 9.667404 1.027252 -2.734248
v 9.650514 1.027252 -2.734248
v 9.230637 1.027252 -2.734248
v 9.212540 1.027252 -2.734248
v 9.200473 1.027252 -2.747520
v 8.903665 1.027252 -3.044329
v 8.891600 1.027252 -3.056395
v 8.865055 1.020012 -3.062427
v 8.865055 1.020012 -3.504021
v 8.865055 1.020012 -3.522119
v 8.845750 1.003121 -3.530565
v 8.846957 0.992262 -3.530565
v 8.860229 0.992262 -3.543837
v 8.873502 0.975370 -3.537804
v 8.925383 0.965718 -3.513674
v 8.925383 0.946413 -3.513674
v 8.925383 0.941587 -3.513674
v 8.935036 0.939174 -3.501608
v 8.935036 0.939174 -3.501608
v 8.935036 0.707518 -3.501608
v 8.924176 0.707518 -3.506434
v 8.924176 0.684594 -3.506434
v 8.898838 0.672529 -3.516087
v 8.892807 0.672529 -3.511261
v 8.868676 0.654431 -3.512467
v 8.867469 0.654431 -3.055188
v 8.867469 0.654431 -3.055188
v 8.855403 0.641159 -3.050362
v 8.855403 0.641159 -3.050362
v 8.855403 0.641159 -3.040710
v 8.859024 0.635126 -3.033471
v 9.190821 0.635126 -2.701672
v 9.198061 0.635126 -2.695639
v 9.206506 0.635126 -2.695639
v 9.674644 0.641159 -2.698052
v 9.678264 0.654431 -2.710117
v 9.684298 0.654431 -2.716150
v 10.007648 0.654431 -3.039503
v 9.988344 0.672529 -3.056395
v 9.988344 0.672529 -3.064841
v 9.963008 0.684594 -3.074493
v 9.963008 0.707518 -3.074493
v 9.952148 0.707518 -3.079319
v 9.952148 0.939174 -3.079319
v 9.952148 0.939174 -3.079319
v 9.967834 0.941587 -3.081732
v 9.967834 0.946413 -3.081732
v 9.967834 0.965718 -3.081732
v 10.022127 0.975370 -3.061221
v 10.035400 0.992262 -3.055188
v 10.035400 0.992262 -3.037090
v 10.036606 1.003121 -3.035884
v 10.016096 1.020012 -3.044329
v 10.004029 1.020012 -3.031058
v 9.691535 1.020012 -2.719770
v 9.679471 1.020012 -2.707704
v 9.661371 1.020012 -2.707704
v 9.219778 1.020012 -2.707704
v 9.201680 1.020012 -2.707704
v 9.188409 1.020012 -2.720976
v 8.877121 1.020012 -3.033471
v 8.865055 1.020012 -3.045536
v 8.844545 1.003121 -3.037090
v 8.844545 1.003121 -3.055188
v 8.845750 1.003121 -3.512467
v 8.846957 0.992262 -3.511261
v 8.860229 0.975370 -3.524533
v 8.914524 0.965718 -3.501608
v 8.914524 0.946413 -3.501608
v 8.914524 0.941587 -3.501608
v 8.929002 0.939174 -3.495575
v 8.929002 0.939174 -3.495575
v 8.929002 0.707518 -3.495575
v 8.918143 0.707518 -3.500401
v 8.918143 0.684594 -3.500401
v 8.892807 0.672529 -3.502815
v 8.892807 0.672529 -3.064841
v 8.892807 0.672529 -3.064841
v 8.892807 0.672529 -3.056395
v 8.868676 0.654431 -3.046742
v 8.862643 0.641159 -3.034677
v 9.192028 0.641159 -2.704085
v 9.199267 0.641159 -2.698052
v 9.207713 0.641159 -2.698052
v 9.669819 0.654431 -2.710117
v 9.667404 0.672529 -2.735455
v 9.673438 0.672529 -2.741488
v 9.982313 0.672529 -3.050362
v 9.963008 0.684594 -3.066047
v 9.963008 0.707518 -3.066047
v 9.952148 0.707518 -3.070873
v 9.952148 0.939174 -3.070873
v 9.952148 0.939174 -3.070873
v 9.967834 0.941587 -3.064841
v 9.967834 0.946413 -3.064841
v 9.967834 0.965718 -3.064841
v 10.022127 0.975370 -3.041916
v 10.022127 0.992262 -3.023818
v 10.023335 1.003121 -3.022612
v 9.699981 1.003121 -2.700465
v 9.686709 1.003121 -2.687193
v 9.668612 1.003121 -2.687193
v 9.212540 1.003121 -2.688400
v 9.193234 1.003121 -2.688400
v 9.179963 1.003121 -2.701672
v 8.857817 1.003121 -3.023818
v 8.846957 0.992262 -3.038297
v 8.846957 0.992262 -3.055188
v 8.860229 0.975370 -3.506434
v 8.914524 0.965718 -3.485923
v 8.913317 0.946413 -3.485923
v 8.914524 0.941587 -3.485923
v 8.929002 0.939174 -3.488336
v 8.929002 0.939174 -3.488336
v 8.929002 0.707518 -3.488336
v 8.918143 0.707518 -3.491956
v 8.918143 0.684594 -3.491956
v 8.918143 0.684594 -3.074493
v 8.918143 0.684594 -3.074493
v 8.918143 0.684594 -3.067254
v 8.898838 0.672529 -3.050362
v 8.874707 0.654431 -3.039503
v 9.198061 0.654431 -2.716150
v 9.204094 0.654431 -2.710117
v 9.212540 0.654431 -2.710117
v 9.660167 0.672529 -2.735455
v 9.657752 0.684594 -2.760792
v 9.662579 0.684594 -2.765618
v 9.958182 0.684594 -3.061221
v 9.958182 0.707518 -3.061221
v 9.947323 0.707518 -3.066047
v 9.947323 0.939174 -3.066047
v 9.947323 0.939174 -3.066047
v 9.955768 0.941587 -3.052775
v 9.955768 0.946413 -3.052775
v 9.955768 0.965718 -3.052775
v 10.008856 0.975370 -3.029851
v 9.698775 0.992262 -2.701672
v 9.686709 0.992262 -2.689606
v 9.668612 0.992262 -2.689606
v 9.212540 0.992262 -2.689606
v 9.194442 0.992262 -2.689606
v 9.181169 0.992262 -2.702878
v 8.859024 0.992262 -3.025025
v 8.872295 0.975370 -3.031058
v 8.860229 0.975370 -3.043123
v 8.860229 0.975370 -3.061221
v 8.914524 0.965718 -3.081732
v 8.913317 0.946413 -3.073286
v 8.913317 0.941587 -3.073286
v 8.929002 0.939174 -3.079319
v 8.929002 0.939174 -3.079319
v 8.929002 0.939174 -3.079319
v 8.929002 0.707518 -3.079319
v 8.929002 0.707518 -3.079319
v 8.918143 0.707518 -3.074493
v 8.918143 0.707518 -3.074493
v 8.918143 0.707518 -3.067254
v 8.924176 0.684594 -3.061221
v 9.208920 0.672529 -2.741488
v 9.213746 0.672529 -2.735455
v 9.222192 0.672529 -2.735455
v 9.650514 0.684594 -2.760792
v 9.657752 0.707518 -2.760792
v 9.662579 0.707518 -2.765618
v 9.657752 0.707518 -2.776477
v 9.657752 0.939174 -2.776477
v 9.657752 0.939174 -2.776477
v 9.669819 0.941587 -2.768032
v 9.669819 0.946413 -2.768032
v 9.669819 0.965718 -2.768032
v 9.693950 0.975370 -2.714944
v 9.680676 0.975370 -2.702878
v 9.663785 0.975370 -2.702878
v 9.218573 0.975370 -2.702878
v 9.199267 0.975370 -2.702878
v 9.187201 0.975370 -2.716150
v 8.925383 0.965718 -3.053982
v 8.914524 0.965718 -3.066047
v 8.913317 0.946413 -3.066047
v 8.913317 0.941587 -3.066047
v 8.929002 0.939174 -3.072080
v 8.929002 0.939174 -3.072080
v 8.929002 0.707518 -3.072080
v 8.924176 0.707518 -3.061221
v 9.218573 0.684594 -2.765618
v 9.224604 0.684594 -2.760792
v 9.233051 0.684594 -2.760792
v 9.650514 0.707518 -2.760792
v 9.652926 0.707518 -2.771651
v 9.652926 0.939174 -2.771651
v 9.652926 0.939174 -2.771651
v 9.658959 0.941587 -2.755966
v 9.658959 0.946413 -2.755966
v 9.658959 0.965718 -2.757173
v 9.642067 0.965718 -2.757173
v 9.239082 0.965718 -2.757173
v 9.222192 0.965718 -2.757173
v 9.210125 0.965718 -2.768032
v 8.925383 0.946413 -3.053982
v 8.925383 0.941587 -3.053982
v 8.935036 0.939174 -3.066047
v 8.935036 0.939174 -3.066047
v 8.935036 0.707518 -3.066047
v 9.223399 0.707518 -2.777684
v 9.218573 0.707518 -2.765618
v 9.224604 0.707518 -2.760792
v 9.233051 0.707518 -2.760792
v 9.236670 0.707518 -2.771651
v 9.645688 0.707518 -2.771651
v 9.645688 0.939174 -2.771651
v 9.645688 0.939174 -2.771651
v 9.643273 0.941587 -2.755966
v 9.643273 0.946413 -2.755966
v 9.239082 0.946413 -2.755966
v 9.222192 0.946413 -2.757173
v 9.210125 0.946413 -2.768032
v 9.210125 0.941587 -2.768032
v 9.223399 0.939174 -2.777684
v 9.223399 0.939174 -2.777684
v 9.229430 0.707518 -2.771651
v 9.236670 0.939174 -2.771651
v 9.236670 0.939174 -2.771651
v 9.239082 0.941587 -2.757173
v 9.222192 0.941587 -2.757173
v 9.228225 0.939174 -2.771651
v 9.228225 0.939174 -2.771651
v -9.617937 0.595310 -3.068460
v -9.628796 0.595310 -3.079319
v -9.614317 0.560320 -3.085352
v -9.628796 0.595310 -3.093797
v -9.628796 0.595310 -3.093797
v -9.614317 0.560320 -3.099830
v -9.614317 0.560320 -3.099830
v -9.628796 0.595310 -3.472651
v -9.614317 0.560320 -3.467825
v -9.614317 0.560320 -3.482304
v -9.628796 0.595310 -3.488336
v -9.617937 0.595310 -3.499195
v -9.603458 0.560320 -3.493163
v -9.348879 0.595310 -3.767047
v -9.342845 0.560320 -3.753775
v -9.333193 0.560320 -3.763427
v -9.339226 0.595310 -3.777906
v -9.323541 0.595310 -3.777906
v -9.318714 0.560320 -3.763427
v -8.944687 0.595310 -3.777906
v -8.950721 0.560320 -3.763427
v -8.935035 0.560320 -3.763427
v -8.929003 0.595310 -3.777906
v -8.918143 0.595310 -3.767047
v -8.924176 0.560320 -3.752568
v -8.650291 0.595310 -3.497988
v -8.663563 0.560320 -3.491956
v -8.653911 0.560320 -3.482304
v -8.639432 0.595310 -3.488336
v -8.639432 0.595310 -3.472651
v -8.639432 0.595310 -3.472651
v -8.653911 0.560320 -3.467825
v -8.653911 0.560320 -3.467825
v -8.639432 0.595310 -3.093797
v -8.653911 0.560320 -3.099830
v -8.653911 0.560320 -3.084145
v -8.639432 0.595310 -3.078112
v -8.651498 0.595310 -3.067254
v -8.664770 0.560320 -3.073286
v -8.919351 0.595310 -2.799402
v -8.925383 0.560320 -2.812674
v -8.936242 0.560320 -2.803021
v -8.930208 0.595310 -2.788543
v -8.944687 0.595310 -2.788543
v -8.950721 0.560320 -2.803021
v -9.323541 0.595310 -2.788543
v -9.318714 0.560320 -2.803021
v -9.333193 0.560320 -2.803021
v -9.339226 0.595310 -2.788543
v -9.350084 0.595310 -2.800608
v -9.344052 0.560320 -2.813880
v -9.604665 0.560320 -3.074493
v -9.601046 0.542222 -3.090178
v -9.601046 0.542222 -3.104656
v -9.601046 0.542222 -3.104656
v -9.601046 0.542222 -3.461792
v -9.601046 0.542222 -3.477478
v -9.590186 0.542222 -3.487130
v -9.336813 0.542222 -3.739297
v -9.327161 0.542222 -3.750156
v -9.312682 0.542222 -3.750156
v -8.955546 0.542222 -3.750156
v -8.941068 0.542222 -3.750156
v -8.930208 0.542222 -3.739297
v -8.678041 0.542222 -3.485923
v -8.668389 0.542222 -3.476271
v -8.668389 0.542222 -3.461792
v -8.668389 0.542222 -3.461792
v -8.668389 0.542222 -3.104656
v -8.668389 0.542222 -3.090178
v -8.678041 0.542222 -3.079319
v -8.931416 0.542222 -2.827152
v -8.941068 0.542222 -2.817500
v -8.955546 0.542222 -2.817500
v -9.312682 0.542222 -2.817500
v -9.328367 0.542222 -2.817500
v -9.338019 0.542222 -2.827152
v -9.590186 0.542222 -3.080525
v -9.581741 0.539809 -3.098624
v -9.581741 0.539809 -3.111896
v -9.581741 0.539809 -3.111896
v -9.581741 0.539809 -3.454553
v -9.581741 0.539809 -3.469032
v -9.570882 0.539809 -3.478684
v -9.328367 0.539809 -3.721198
v -9.318714 0.539809 -3.730851
v -9.305443 0.539809 -3.730851
v -8.962786 0.539809 -3.730851
v -8.948307 0.539809 -3.730851
v -8.938655 0.539809 -3.719992
v -8.697347 0.539809 -3.477478
v -8.687694 0.539809 -3.467825
v -8.687694 0.539809 -3.454553
v -8.687694 0.539809 -3.454553
v -8.687694 0.539809 -3.111896
v -8.687694 0.539809 -3.097417
v -8.697347 0.539809 -3.087765
v -8.939861 0.539809 -2.846457
v -8.949513 0.539809 -2.836804
v -8.962786 0.539809 -2.836804
v -9.305443 0.539809 -2.836804
v -9.319921 0.539809 -2.836804
v -9.329574 0.539809 -2.846457
v -9.572088 0.539809 -3.088971
v -9.576915 0.533777 -3.101037
v -9.576915 0.533777 -3.114309
v -9.576915 0.533777 -3.114309
v -9.576915 0.533777 -3.453347
v -9.575707 0.533777 -3.466619
v -9.566055 0.533777 -3.476271
v -9.327161 0.533777 -3.716372
v -9.317509 0.533777 -3.726025
v -9.304236 0.533777 -3.726025
v -8.965199 0.533777 -3.726025
v -8.950721 0.533777 -3.724818
v -8.941068 0.533777 -3.715166
v -8.702172 0.533777 -3.476271
v -8.692520 0.533777 -3.466619
v -8.692520 0.533777 -3.453347
v -8.692520 0.533777 -3.453347
v -8.692520 0.533777 -3.114309
v -8.692520 0.533777 -3.099830
v -8.702172 0.533777 -3.090178
v -8.942274 0.533777 -2.851283
v -8.951926 0.533777 -2.841630
v -8.965199 0.533777 -2.841630
v -9.304236 0.533777 -2.841630
v -9.317509 0.533777 -2.841630
v -9.327161 0.533777 -2.851283
v -9.567263 0.533777 -3.091384
v -9.563643 0.497580 -3.105863
v -9.563643 0.497580 -3.119135
v -9.563643 0.497580 -3.119135
v -9.563643 0.497580 -3.448520
v -9.563643 0.497580 -3.461792
v -9.553989 0.497580 -3.471445
v -9.321128 0.497580 -3.703100
v -9.311475 0.497580 -3.712753
v -9.298203 0.497580 -3.712753
v -8.970025 0.497580 -3.712753
v -8.956753 0.497580 -3.712753
v -8.947101 0.497580 -3.703100
v -8.714238 0.497580 -3.470238
v -8.704585 0.497580 -3.460586
v -8.704585 0.497580 -3.447314
v -8.704585 0.497580 -3.447314
v -8.704585 0.497580 -3.119135
v -8.705792 0.497580 -3.105863
v -8.714238 0.497580 -3.096210
v -8.947101 0.497580 -2.863348
v -8.956753 0.497580 -2.853696
v -8.970025 0.497580 -2.853696
v -9.299410 0.497580 -2.853696
v -9.312682 0.497580 -2.854903
v -9.322334 0.497580 -2.863348
v -9.553989 0.497580 -3.096210
v -9.550371 0.483102 -3.111896
v -9.550371 0.483102 -3.123961
v -9.550371 0.483102 -3.123961
v -9.550371 0.483102 -3.442488
v -9.550371 0.483102 -3.455760
v -9.540718 0.483102 -3.465412
v -9.315095 0.483102 -3.691035
v -9.306649 0.483102 -3.699481
v -9.293378 0.483102 -3.699481
v -8.974852 0.483102 -3.699481
v -8.961578 0.483102 -3.699481
v -8.951926 0.483102 -3.689829
v -8.727510 0.483102 -3.464206
v -8.717858 0.483102 -3.455760
v -8.717858 0.483102 -3.442488
v -8.717858 0.483102 -3.442488
v -8.717858 0.483102 -3.123961
v -8.717858 0.483102 -3.110689
v -8.727510 0.483102 -3.101037
v -8.953134 0.483102 -2.876620
v -8.962786 0.483102 -2.866968
v -8.974852 0.483102 -2.866968
v -9.293378 0.483102 -2.866968
v -9.306649 0.483102 -2.866968
v -9.316301 0.483102 -2.876620
v -9.541924 0.483102 -3.102243
v -9.523827 0.479482 -3.110689
v -9.532272 0.479482 -3.119135
v -9.532272 0.479482 -3.131200
v -9.532272 0.479482 -3.131200
v -9.531066 0.479482 -3.435249
v -9.531066 0.479482 -3.448520
v -9.522620 0.479482 -3.456966
v -9.306649 0.479482 -3.672937
v -9.298203 0.479482 -3.681383
v -9.286139 0.479482 -3.681383
v -8.982090 0.479482 -3.680176
v -8.970025 0.479482 -3.680176
v -8.960373 0.479482 -3.671731
v -8.745608 0.479482 -3.455760
v -8.737163 0.479482 -3.447314
v -8.737163 0.479482 -3.435249
v -8.737163 0.479482 -3.435249
v -8.737163 0.479482 -3.131200
v -8.737163 0.479482 -3.119135
v -8.745608 0.479482 -3.109483
v -8.961578 0.479482 -2.894718
v -8.970025 0.479482 -2.886272
v -8.982090 0.479482 -2.886272
v -9.286139 0.479482 -2.886272
v -9.299410 0.479482 -2.886272
v -9.307857 0.479482 -2.894718
v -9.475565 0.443286 -3.132407
v -9.482804 0.443286 -3.139646
v -9.482804 0.443286 -3.150505
v -9.482804 0.443286 -3.150505
v -9.482804 0.443286 -3.417150
v -9.482804 0.443286 -3.428009
v -9.474359 0.443286 -3.435249
v -9.286139 0.443286 -3.624675
v -9.278899 0.443286 -3.631915
v -9.268041 0.443286 -3.631915
v -9.001395 0.443286 -3.631915
v -8.989329 0.443286 -3.631915
v -8.982090 0.443286 -3.623469
v -8.793870 0.443286 -3.435249
v -8.785424 0.443286 -3.428009
v -8.785424 0.443286 -3.417150
v -8.785424 0.443286 -3.417150
v -8.785424 0.443286 -3.150505
v -8.786631 0.443286 -3.138439
v -8.793870 0.443286 -3.131200
v -8.983296 0.443286 -2.942980
v -8.990536 0.443286 -2.934534
v -9.001395 0.443286 -2.934534
v -9.268041 0.443286 -2.934534
v -9.278899 0.443286 -2.935740
v -9.286139 0.443286 -2.942980
v -9.473152 0.434840 -3.132407
v -9.480392 0.434840 -3.140852
v -9.480392 0.434840 -3.150505
v -9.480392 0.434840 -3.150505
v -9.480392 0.434840 -3.415944
v -9.480392 0.434840 -3.426803
v -9.473152 0.434840 -3.435249
v -9.284932 0.434840 -3.622262
v -9.277692 0.434840 -3.629502
v -9.266833 0.434840 -3.629502
v -9.001395 0.434840 -3.629502
v -8.990536 0.434840 -3.629502
v -8.983296 0.434840 -3.622262
v -8.795076 0.434840 -3.434042
v -8.787838 0.434840 -3.426803
v -8.787838 0.434840 -3.415944
v -8.787838 0.434840 -3.415944
v -8.787838 0.434840 -3.150505
v -8.787838 0.434840 -3.139646
v -8.796283 0.434840 -3.132407
v -8.983296 0.434840 -2.944186
v -8.991743 0.434840 -2.936947
v -9.001395 0.434840 -2.936947
v -9.266833 0.434840 -2.936947
v -9.277692 0.434840 -2.936947
v -9.286139 0.434840 -2.945393
v -9.477978 0.423981 -3.131200
v -9.485217 0.423981 -3.138439
v -9.485217 0.423981 -3.149298
v -9.485217 0.423981 -3.149298
v -9.485217 0.423981 -3.418357
v -9.485217 0.423981 -3.429216
v -9.476772 0.423981 -3.436455
v -9.287344 0.423981 -3.627088
v -9.278899 0.423981 -3.634328
v -9.269247 0.423981 -3.634328
v -9.000188 0.423981 -3.634328
v -8.989329 0.423981 -3.634328
v -8.980884 0.423981 -3.625882
v -8.791456 0.423981 -3.436455
v -8.784218 0.423981 -3.428009
v -8.784218 0.423981 -3.418357
v -8.784218 0.423981 -3.418357
v -8.784218 0.423981 -3.149298
v -8.784218 0.423981 -3.138439
v -8.791456 0.423981 -3.129994
v -8.982090 0.423981 -2.940567
v -8.989329 0.423981 -2.933327
v -9.000188 0.423981 -2.933327
v -9.269247 0.423981 -2.933327
v -9.280107 0.423981 -2.933327
v -9.287344 0.423981 -2.940567
v -9.517794 0.386579 -3.113102
v -9.525033 0.386579 -3.121548
v -9.525033 0.386579 -3.133613
v -9.525033 0.386579 -3.133613
v -9.525033 0.386579 -3.432835
v -9.525033 0.386579 -3.446107
v -9.516587 0.386579 -3.454553
v -9.304236 0.386579 -3.666904
v -9.295791 0.386579 -3.674144
v -9.283725 0.386579 -3.674144
v -8.984504 0.386579 -3.674144
v -8.972438 0.386579 -3.674144
v -8.962786 0.386579 -3.665698
v -8.751641 0.386579 -3.453347
v -8.743195 0.386579 -3.444901
v -8.743195 0.386579 -3.432835
v -8.743195 0.386579 -3.432835
v -8.743195 0.386579 -3.133613
v -8.743195 0.386579 -3.121548
v -8.751641 0.386579 -3.111896
v -8.963992 0.386579 -2.900751
v -8.972438 0.386579 -2.892305
v -8.984504 0.386579 -2.892305
v -9.283725 0.386579 -2.892305
v -9.296997 0.386579 -2.892305
v -9.305443 0.386579 -2.900751
v -9.521414 0.376926 -3.111896
v -9.529859 0.376926 -3.120342
v -9.529859 0.376926 -3.132407
v -9.529859 0.376926 -3.132407
v -9.529859 0.376926 -3.435249
v -9.529859 0.376926 -3.447314
v -9.520206 0.376926 -3.455760
v -9.306649 0.376926 -3.670524
v -9.298203 0.376926 -3.678970
v -9.286139 0.376926 -3.678970
v -8.983296 0.376926 -3.678970
v -8.970025 0.376926 -3.678970
v -8.961578 0.376926 -3.669317
v -8.748021 0.376926 -3.455760
v -8.739575 0.376926 -3.447314
v -8.739575 0.376926 -3.435249
v -8.739575 0.376926 -3.435249
v -8.739575 0.376926 -3.132407
v -8.739575 0.376926 -3.119135
v -8.748021 0.376926 -3.110689
v -8.962786 0.376926 -2.897131
v -8.971231 0.376926 -2.888686
v -8.983296 0.376926 -2.888686
v -9.286139 0.376926 -2.888686
v -9.298203 0.376926 -2.888686
v -9.306649 0.376926 -2.897131
v -9.521414 0.345556 -3.111896
v -9.529859 0.345556 -3.120342
v -9.529859 0.345556 -3.132407
v -9.529859 0.345556 -3.132407
v -9.529859 0.345556 -3.435249
v -9.529859 0.345556 -3.447314
v -9.520206 0.345556 -3.455760
v -9.306649 0.345556 -3.670524
v -9.298203 0.345556 -3.678970
v -9.286139 0.345556 -3.678970
v -8.983296 0.345556 -3.678970
v -8.970025 0.345556 -3.678970
v -8.961578 0.345556 -3.669317
v -8.748021 0.345556 -3.455760
v -8.739575 0.345556 -3.447314
v -8.739575 0.345556 -3.435249
v -8.739575 0.345556 -3.435249
v -8.739575 0.345556 -3.132407
v -8.739575 0.345556 -3.119135
v -8.748021 0.345556 -3.110689
v -8.962786 0.345556 -2.897131
v -8.971231 0.345556 -2.888686
v -8.983296 0.345556 -2.888686
v -9.286139 0.345556 -2.888686
v -9.298203 0.345556 -2.888686
v -9.306649 0.345556 -2.897131
v -9.516587 0.340730 -3.113102
v -9.525033 0.340730 -3.121548
v -9.525033 0.340730 -3.133613
v -9.525033 0.340730 -3.133613
v -9.525033 0.340730 -3.432835
v -9.525033 0.340730 -3.446107
v -9.516587 0.340730 -3.454553
v -9.304236 0.340730 -3.665698
v -9.295791 0.340730 -3.674144
v -9.283725 0.340730 -3.674144
v -8.984504 0.340730 -3.674144
v -8.972438 0.340730 -3.674144
v -8.963992 0.340730 -3.665698
v -8.751641 0.340730 -3.453347
v -8.743195 0.340730 -3.444901
v -8.743195 0.340730 -3.432835
v -8.743195 0.340730 -3.432835
v -8.743195 0.340730 -3.133613
v -8.743195 0.340730 -3.121548
v -8.752848 0.340730 -3.113102
v -8.963992 0.340730 -2.900751
v -8.972438 0.340730 -2.892305
v -8.984504 0.340730 -2.892305
v -9.283725 0.340730 -2.892305
v -9.296997 0.340730 -2.892305
v -9.305443 0.340730 -2.901958
v -9.471946 0.332284 -3.133613
v -9.479185 0.332284 -3.140852
v -9.479185 0.332284 -3.151711
v -9.479185 0.332284 -3.151711
v -9.479185 0.332284 -3.415944
v -9.479185 0.332284 -3.426803
v -9.470739 0.332284 -3.434042
v -9.283725 0.332284 -3.621056
v -9.276486 0.332284 -3.628295
v -9.266833 0.332284 -3.628295
v -9.002602 0.332284 -3.628295
v -8.991743 0.332284 -3.628295
v -8.983296 0.332284 -3.619849
v -8.797490 0.332284 -3.432835
v -8.790251 0.332284 -3.425596
v -8.790251 0.332284 -3.415944
v -8.790251 0.332284 -3.415944
v -8.790251 0.332284 -3.151711
v -8.790251 0.332284 -3.140852
v -8.797490 0.332284 -3.132407
v -8.984504 0.332284 -2.946599
v -8.991743 0.332284 -2.939360
v -9.002602 0.332284 -2.939360
v -9.266833 0.332284 -2.939360
v -9.277692 0.332284 -2.939360
v -9.284932 0.332284 -2.946599
v -9.284932 0.325045 -2.946599
v -9.471946 0.325045 -3.133613
v -9.479185 0.325045 -3.140852
v -9.479185 0.325045 -3.151711
v -9.479185 0.325045 -3.151711
v -9.479185 0.325045 -3.415944
v -9.479185 0.325045 -3.426803
v -9.470739 0.325045 -3.434042
v -9.283725 0.325045 -3.621056
v -9.276486 0.325045 -3.628295
v -9.266833 0.325045 -3.628295
v -9.002602 0.325045 -3.628295
v -8.991743 0.325045 -3.628295
v -8.983296 0.325045 -3.619849
v -8.797490 0.325045 -3.432835
v -8.789043 0.325045 -3.425596
v -8.789043 0.325045 -3.415944
v -8.789043 0.325045 -3.415944
v -8.790251 0.325045 -3.151711
v -8.790251 0.325045 -3.140852
v -8.797490 0.325045 -3.132407
v -8.984504 0.325045 -2.946599
v -8.991743 0.325045 -2.938154
v -9.002602 0.325045 -2.938154
v -9.266833 0.325045 -2.939360
v -9.277692 0.325045 -2.939360
v -9.286139 0.317806 -2.942980
v -9.474359 0.317806 -3.132407
v -9.482804 0.317806 -3.139646
v -9.482804 0.317806 -3.150505
v -9.482804 0.317806 -3.150505
v -9.481598 0.317806 -3.417150
v -9.481598 0.317806 -3.428009
v -9.474359 0.317806 -3.435249
v -9.286139 0.317806 -3.623469
v -9.277692 0.317806 -3.631915
v -9.268041 0.317806 -3.631915
v -9.001395 0.317806 -3.630708
v -8.990536 0.317806 -3.630708
v -8.982090 0.317806 -3.623469
v -8.793870 0.317806 -3.435249
v -8.786631 0.317806 -3.426803
v -8.786631 0.317806 -3.417150
v -8.786631 0.317806 -3.417150
v -8.786631 0.317806 -3.150505
v -8.786631 0.317806 -3.139646
v -8.793870 0.317806 -3.131200
v -8.983296 0.317806 -2.942980
v -8.990536 0.317806 -2.935740
v -9.001395 0.317806 -2.935740
v -9.268041 0.317806 -2.935740
v -9.278899 0.317806 -2.935740
v -9.305443 0.273164 -2.899544
v -9.517794 0.273164 -3.113102
v -9.526240 0.273164 -3.121548
v -9.526240 0.273164 -3.133613
v -9.526240 0.273164 -3.133613
v -9.526240 0.273164 -3.434042
v -9.526240 0.273164 -3.446107
v -9.517794 0.273164 -3.454553
v -9.305443 0.273164 -3.666904
v -9.296997 0.273164 -3.675350
v -9.284932 0.273164 -3.675350
v -8.984504 0.273164 -3.675350
v -8.971231 0.273164 -3.675350
v -8.962786 0.273164 -3.666904
v -8.750434 0.273164 -3.454553
v -8.741989 0.273164 -3.446107
v -8.741989 0.273164 -3.434042
v -8.741989 0.273164 -3.434042
v -8.741989 0.273164 -3.133613
v -8.741989 0.273164 -3.120342
v -8.750434 0.273164 -3.111896
v -8.963992 0.273164 -2.899544
v -8.972438 0.273164 -2.891099
v -8.984504 0.273164 -2.891099
v -9.284932 0.273164 -2.891099
v -9.296997 0.273164 -2.891099
v -9.299410 0.267131 -2.885066
v -9.309062 0.267131 -2.893512
v -9.523827 0.267131 -3.110689
v -9.533479 0.267131 -3.119135
v -9.533479 0.267131 -3.131200
v -9.533479 0.267131 -3.131200
v -9.532272 0.267131 -3.436455
v -9.532272 0.267131 -3.448520
v -9.523827 0.267131 -3.458173
v -9.307857 0.267131 -3.672937
v -9.299410 0.267131 -3.682589
v -9.287344 0.267131 -3.682589
v -8.982090 0.267131 -3.681383
v -8.968818 0.267131 -3.681383
v -8.960373 0.267131 -3.672937
v -8.744402 0.267131 -3.456966
v -8.735955 0.267131 -3.448520
v -8.735955 0.267131 -3.436455
v -8.735955 0.267131 -3.436455
v -8.735955 0.267131 -3.131200
v -8.735955 0.267131 -3.117928
v -8.744402 0.267131 -3.109483
v -8.961578 0.267131 -2.893512
v -8.970025 0.267131 -2.885066
v -8.982090 0.267131 -2.885066
v -9.287344 0.267131 -2.885066
v -9.299410 0.257479 -2.885066
v -9.309062 0.257479 -2.893512
v -9.525033 0.257479 -3.110689
v -9.533479 0.257479 -3.119135
v -9.533479 0.257479 -3.131200
v -9.533479 0.257479 -3.131200
v -9.532272 0.257479 -3.436455
v -9.532272 0.257479 -3.448520
v -9.523827 0.257479 -3.458173
v -9.307857 0.257479 -3.674144
v -9.299410 0.257479 -3.682589
v -9.287344 0.257479 -3.682589
v -8.982090 0.257479 -3.681383
v -8.968818 0.257479 -3.681383
v -8.960373 0.257479 -3.672937
v -8.744402 0.257479 -3.456966
v -8.735955 0.257479 -3.448520
v -8.735955 0.257479 -3.436455
v -8.735955 0.257479 -3.436455
v -8.735955 0.257479 -3.131200
v -8.735955 0.257479 -3.117928
v -8.744402 0.257479 -3.109483
v -8.961578 0.257479 -2.893512
v -8.970025 0.257479 -2.885066
v -8.982090 0.257479 -2.885066
v -9.287344 0.257479 -2.885066
v -9.299410 -0.005547 -2.885066
v -9.309062 -0.005547 -2.893512
v -9.525033 -0.005547 -3.110689
v -9.533479 -0.005547 -3.119135
v -9.533479 -0.005547 -3.131200
v -9.533479 -0.005547 -3.131200
v -9.532272 -0.005547 -3.436455
v -9.532272 -0.005547 -3.448520
v -9.523827 -0.005547 -3.458173
v -9.307857 -0.005547 -3.674144
v -9.299410 -0.005547 -3.682589
v -9.287344 -0.005547 -3.682589
v -8.982090 -0.005547 -3.681383
v -8.968818 -0.005547 -3.681383
v -8.960373 -0.005547 -3.672937
v -8.744402 -0.005547 -3.456966
v -8.735955 -0.005547 -3.448520
v -8.735955 -0.005547 -3.436455
v -8.735955 -0.005547 -3.436455
v -8.735955 -0.005547 -3.131200
v -8.735955 -0.005547 -3.117928
v -8.744402 -0.005547 -3.109483
v -8.961578 -0.005547 -2.893512
v -8.970025 -0.005547 -2.885066
v -8.982090 -0.005547 -2.885066
v -9.287344 -0.005547 -2.885066
v -8.546529 0.627887 -3.517293
v -8.546529 0.627887 -3.517293
v -8.546529 0.627887 -3.526946
v -8.546529 0.635126 -3.526946
v -8.552562 0.627887 -3.532978
v -8.552562 0.635126 -3.532978
v -8.885567 0.627887 -3.864777
v -8.884360 0.635126 -3.864777
v -8.891600 0.627887 -3.870810
v -8.891600 0.635126 -3.870810
v -8.892806 0.641159 -3.868397
v -8.956753 0.770258 -3.680176
v -8.971231 0.770258 -3.675350
v -8.741989 0.770258 -3.446107
v -9.125669 0.770258 -3.296496
v -9.296997 0.770258 -3.675350
v -9.301823 0.770258 -3.689829
v -9.289758 0.770258 -3.689829
v -8.978471 0.770258 -3.688622
v -8.966405 0.770258 -3.688622
v -8.966405 0.775085 -3.688622
v -8.966405 0.775085 -3.688622
v -8.956753 0.775085 -3.680176
v -8.956753 0.775085 -3.680176
v -8.737163 0.775085 -3.459379
v -8.737163 0.775085 -3.459379
v -8.737163 0.770258 -3.459379
v -8.728717 0.770258 -3.450933
v -8.728717 0.770258 -3.438868
v -8.728717 0.770258 -3.127581
v -8.741989 0.770258 -3.120342
v -8.972438 0.770258 -2.891099
v -9.296997 0.770258 -2.891099
v -9.526240 0.770258 -3.121548
v -9.526240 0.770258 -3.446107
v -9.531066 0.770258 -3.460586
v -9.310269 0.770258 -3.680176
v -9.310269 0.775085 -3.680176
v -9.310269 0.775085 -3.680176
v -9.301823 0.775085 -3.689829
v -9.301823 0.775085 -3.689829
v -9.289758 0.775085 -3.689829
v -9.289758 0.775085 -3.689829
v -8.978471 0.775085 -3.688622
v -8.978471 0.775085 -3.688622
v -8.978471 1.052589 -3.688622
v -8.978471 1.052589 -3.688622
v -8.966405 1.052589 -3.688622
v -8.966405 1.052589 -3.688622
v -8.956753 1.052589 -3.680176
v -8.956753 1.052589 -3.680176
v -8.737163 1.052589 -3.459379
v -8.737163 1.052589 -3.459379
v -8.728717 0.775085 -3.450933
v -8.728717 0.775085 -3.450933
v -8.728717 0.775085 -3.438868
v -8.728717 0.775085 -3.438868
v -8.728717 0.775085 -3.438868
v -8.728717 0.775085 -3.127581
v -8.728717 0.775085 -3.127581
v -8.728717 0.770258 -3.115515
v -8.737163 0.770258 -3.105863
v -8.957959 0.770258 -2.886272
v -8.966405 0.770258 -2.877827
v -8.978471 0.770258 -2.877827
v -9.289758 0.770258 -2.877827
v -9.303030 0.770258 -2.877827
v -9.311475 0.770258 -2.886272
v -9.531066 0.770258 -3.107069
v -9.540718 0.770258 -3.115515
v -9.540718 0.770258 -3.127581
v -9.539512 0.770258 -3.438868
v -9.539512 0.770258 -3.452140
v -9.539512 0.775085 -3.452140
v -9.539512 0.775085 -3.452140
v -9.531066 0.775085 -3.460586
v -9.531066 0.775085 -3.460586
v -9.531066 1.052589 -3.460586
v -9.531066 1.052589 -3.460586
v -9.310269 1.052589 -3.680176
v -9.310269 1.052589 -3.680176
v -9.301823 1.052589 -3.689829
v -9.301823 1.052589 -3.689829
v -9.289758 1.052589 -3.689829
v -9.289758 1.052589 -3.689829
v -9.289758 1.064654 -3.689829
v -8.978471 1.064654 -3.688622
v -8.966405 1.064654 -3.688622
v -8.956753 1.064654 -3.680176
v -8.737163 1.064654 -3.459379
v -8.728717 1.052589 -3.450933
v -8.728717 1.052589 -3.450933
v -8.728717 1.052589 -3.438868
v -8.728717 1.052589 -3.438868
v -8.728717 1.052589 -3.438868
v -8.728717 1.052589 -3.127581
v -8.728717 1.052589 -3.127581
v -8.728717 0.775085 -3.115515
v -8.728717 0.775085 -3.115515
v -8.737163 0.775085 -3.105863
v -8.737163 0.775085 -3.105863
v -8.957959 0.775085 -2.886272
v -8.957959 0.775085 -2.886272
v -8.966405 0.775085 -2.877827
v -8.966405 0.775085 -2.877827
v -8.978471 0.775085 -2.877827
v -8.978471 0.775085 -2.877827
v -9.289758 0.775085 -2.877827
v -9.289758 0.775085 -2.877827
v -9.303030 0.775085 -2.877827
v -9.303030 0.775085 -2.877827
v -9.311475 0.775085 -2.886272
v -9.311475 0.775085 -2.886272
v -9.531066 0.775085 -3.107069
v -9.531066 0.775085 -3.107069
v -9.540718 0.775085 -3.115515
v -9.540718 0.775085 -3.115515
v -9.540718 0.775085 -3.127581
v -9.540718 0.775085 -3.127581
v -9.540718 0.775085 -3.127581
v -9.539512 0.775085 -3.438868
v -9.539512 0.775085 -3.438868
v -9.539512 1.052589 -3.438868
v -9.539512 1.052589 -3.438868
v -9.539512 1.052589 -3.452140
v -9.539512 1.052589 -3.452140
v -9.531066 1.064654 -3.460586
v -9.310269 1.064654 -3.680176
v -9.301823 1.064654 -3.689829
v -9.294583 1.064654 -3.700688
v -8.974852 1.064654 -3.700688
v -8.961578 1.064654 -3.700688
v -8.951926 1.064654 -3.691035
v -8.726303 1.064654 -3.464206
v -8.728717 1.064654 -3.450933
v -8.728717 1.064654 -3.438868
v -8.728717 1.064654 -3.127581
v -8.728717 1.052589 -3.115515
v -8.728717 1.052589 -3.115515
v -8.737163 1.052589 -3.105863
v -8.737163 1.052589 -3.105863
v -8.957959 1.052589 -2.886272
v -8.957959 1.052589 -2.886272
v -8.966405 1.052589 -2.877827
v -8.966405 1.052589 -2.877827
v -8.978471 1.052589 -2.877827
v -8.978471 1.052589 -2.877827
v -9.289758 1.052589 -2.877827
v -9.289758 1.052589 -2.877827
v -9.303030 1.052589 -2.877827
v -9.303030 1.052589 -2.877827
v -9.311475 1.052589 -2.886272
v -9.311475 1.052589 -2.886272
v -9.531066 1.052589 -3.107069
v -9.531066 1.052589 -3.107069
v -9.540718 1.052589 -3.115515
v -9.540718 1.052589 -3.115515
v -9.540718 1.052589 -3.127581
v -9.540718 1.052589 -3.127581
v -9.540718 1.052589 -3.127581
v -9.540718 1.064654 -3.127581
v -9.539512 1.064654 -3.438868
v -9.539512 1.064654 -3.452140
v -9.541924 1.064654 -3.465412
v -9.315095 1.064654 -3.691035
v -9.306649 1.064654 -3.700688
v -9.324748 1.055002 -3.779113
v -8.944687 1.055002 -3.779113
v -8.929003 1.055002 -3.779113
v -8.918143 1.055002 -3.768254
v -8.649085 1.055002 -3.499195
v -8.717858 1.064654 -3.455760
v -8.717858 1.064654 -3.443694
v -8.717858 1.064654 -3.123961
v -8.728717 1.064654 -3.115515
v -8.737163 1.064654 -3.105863
v -8.957959 1.064654 -2.886272
v -8.966405 1.064654 -2.877827
v -8.978471 1.064654 -2.877827
v -9.289758 1.064654 -2.877827
v -9.303030 1.064654 -2.877827
v -9.311475 1.064654 -2.886272
v -9.531066 1.064654 -3.107069
v -9.540718 1.064654 -3.115515
v -9.551577 1.064654 -3.123961
v -9.551577 1.064654 -3.443694
v -9.551577 1.064654 -3.456966
v -9.619143 1.055002 -3.500401
v -9.350084 1.055002 -3.768254
v -9.339226 1.055002 -3.779113
v -9.338019 1.041730 -3.815309
v -8.930208 1.041730 -3.815309
v -8.913317 1.041730 -3.815309
v -8.925383 1.028458 -3.827374
v -8.908491 1.028458 -3.827374
v -8.924176 1.027252 -3.832200
v -8.906077 1.027252 -3.832200
v -8.913317 1.020012 -3.858744
v -8.895220 1.020012 -3.858744
v -8.881947 1.020012 -3.846679
v -8.894012 1.027252 -3.820135
v -8.896425 1.028458 -3.815309
v -8.901252 1.041730 -3.803243
v -8.612889 1.041730 -3.514880
v -8.638227 1.055002 -3.488336
v -8.638227 1.055002 -3.473858
v -8.639432 1.055002 -3.093797
v -8.717858 1.064654 -3.110689
v -8.726303 1.064654 -3.101037
v -8.953134 1.064654 -2.875414
v -8.961578 1.064654 -2.866968
v -8.974852 1.064654 -2.866968
v -9.294583 1.064654 -2.866968
v -9.307857 1.064654 -2.866968
v -9.316301 1.064654 -2.875414
v -9.541924 1.064654 -3.102243
v -9.551577 1.064654 -3.110689
v -9.630003 1.055002 -3.093797
v -9.630003 1.055002 -3.473858
v -9.630003 1.055002 -3.489543
v -9.654134 1.041730 -3.516087
v -9.365770 1.041730 -3.804450
v -9.354911 1.041730 -3.815309
v -9.342845 1.028458 -3.828581
v -9.344052 1.027252 -3.832200
v -9.354911 1.020012 -3.859951
v -8.906077 1.003121 -3.879256
v -8.886773 1.003121 -3.879256
v -8.887980 0.992262 -3.878049
v -8.906077 0.992262 -3.878049
v -8.892806 0.975370 -3.864777
v -8.912111 0.975370 -3.864777
v -8.915730 0.965718 -3.810483
v -8.932622 0.965718 -3.810483
v -8.932622 0.946413 -3.810483
v -8.915730 0.946413 -3.810483
v -8.915730 0.941587 -3.810483
v -8.932622 0.941587 -3.810483
v -8.921763 0.939174 -3.794798
v -8.921763 0.939174 -3.794798
v -8.930208 0.939174 -3.794798
v -8.930208 0.939174 -3.794798
v -8.922970 0.707518 -3.794798
v -8.930208 0.707518 -3.794798
v -8.926589 0.707518 -3.806863
v -8.918143 0.707518 -3.806863
v -8.918143 0.684594 -3.806863
v -8.926589 0.684594 -3.806863
v -8.915730 0.672529 -3.830994
v -8.907285 0.672529 -3.830994
v -8.906077 0.654431 -3.856331
v -8.897633 0.654431 -3.856331
v -8.901252 0.641159 -3.868397
v -8.900045 0.635126 -3.870810
v -8.900045 0.627887 -3.870810
v -9.369390 0.635126 -3.872016
v -9.369390 0.627887 -3.872016
v -9.377835 0.635126 -3.872016
v -9.377835 0.627887 -3.872016
v -9.383868 0.627887 -3.865984
v -9.368183 0.602549 -3.829787
v -9.363357 0.602549 -3.835820
v -9.354911 0.602549 -3.835820
v -8.914524 0.602549 -3.835820
v -8.906077 0.602549 -3.835820
v -8.900045 0.602549 -3.829787
v -8.588758 0.602549 -3.518500
v -8.582726 0.602549 -3.512467
v -8.582726 0.602549 -3.504021
v -8.582726 0.602549 -3.504021
v -8.582726 0.602549 -3.053982
v -8.582726 0.602549 -3.062427
v -8.546529 0.627887 -3.049156
v -8.546529 0.635126 -3.517293
v -8.546529 0.635126 -3.517293
v -8.548942 0.641159 -3.525739
v -8.556181 0.641159 -3.531772
v -8.885567 0.641159 -3.862364
v -8.891600 0.654431 -3.850299
v -8.902458 0.672529 -3.824961
v -8.912111 0.684594 -3.800830
v -8.912111 0.707518 -3.800830
v -8.916937 0.707518 -3.789971
v -8.916937 0.939174 -3.789971
v -8.916937 0.939174 -3.789971
v -8.903665 0.941587 -3.798417
v -8.903665 0.946413 -3.798417
v -8.903665 0.965718 -3.798417
v -8.880741 0.975370 -3.851505
v -8.874707 0.992262 -3.864777
v -8.873502 1.003121 -3.865984
v -8.570660 1.020012 -3.534185
v -8.597203 1.027252 -3.522119
v -8.602030 1.028458 -3.519706
v -8.602030 1.041730 -3.504021
v -8.602030 1.041730 -3.487130
v -8.602030 1.041730 -3.079319
v -8.639432 1.055002 -3.078112
v -8.650291 1.055002 -3.067254
v -8.919351 1.055002 -2.798195
v -8.929003 1.055002 -2.787336
v -8.944687 1.055002 -2.787336
v -9.324748 1.055002 -2.788543
v -9.340432 1.055002 -2.788543
v -9.351292 1.055002 -2.799402
v -9.619143 1.055002 -3.068460
v -9.630003 1.055002 -3.078112
v -9.666199 1.041730 -3.079319
v -9.666199 1.041730 -3.487130
v -9.666199 1.041730 -3.504021
v -9.666199 1.028458 -3.520913
v -9.370596 1.028458 -3.816515
v -9.359737 1.028458 -3.828581
v -9.360944 1.027252 -3.832200
v -9.373010 1.020012 -3.859951
v -9.380249 1.003121 -3.879256
v -9.362150 1.003121 -3.879256
v -9.362150 0.992262 -3.878049
v -9.357324 0.975370 -3.864777
v -9.335606 0.965718 -3.810483
v -9.336813 0.946413 -3.810483
v -9.336813 0.941587 -3.810483
v -9.339226 0.939174 -3.794798
v -9.339226 0.939174 -3.794798
v -9.339226 0.707518 -3.794798
v -9.344052 0.707518 -3.806863
v -9.344052 0.684594 -3.806863
v -9.353704 0.672529 -3.830994
v -9.363357 0.654431 -3.856331
v -9.368183 0.641159 -3.868397
v -9.376629 0.641159 -3.868397
v -9.383868 0.635126 -3.865984
v -9.715667 0.635126 -3.532978
v -9.715667 0.627887 -3.532978
v -9.680677 0.602549 -3.518500
v -9.685504 0.602549 -3.512467
v -9.628796 0.595310 -3.079319
v -9.686709 0.602549 -3.063634
v -9.686709 0.602549 -3.063634
v -9.628796 0.595310 -3.086558
v -9.628796 0.595310 -3.086558
v -9.628796 0.595310 -3.481097
v -9.685504 0.602549 -3.504021
v -9.628796 0.595310 -3.488336
v -9.622764 0.595310 -3.494369
v -9.344052 0.595310 -3.773080
v -9.339226 0.595310 -3.777906
v -9.331987 0.595310 -3.777906
v -8.937448 0.595310 -3.777906
v -8.930208 0.595310 -3.777906
v -8.924176 0.595310 -3.771873
v -8.645466 0.595310 -3.493163
v -8.640639 0.595310 -3.488336
v -8.640639 0.595310 -3.479891
v -8.640639 0.595310 -3.479891
v -8.640639 0.595310 -3.085352
v -8.640639 0.595310 -3.078112
v -8.588758 0.602549 -3.049156
v -8.645466 0.595310 -3.073286
v -8.900045 0.602549 -2.736661
v -8.924176 0.595310 -2.794575
v -8.929003 0.595310 -2.788543
v -8.906077 0.602549 -2.731835
v -8.890393 0.627887 -2.695639
v -8.884360 0.627887 -2.701672
v -8.552562 0.627887 -3.033471
v -8.546529 0.627887 -3.039503
v -8.546529 0.635126 -3.039503
v -8.546529 0.635126 -3.047949
v -8.548942 0.641159 -3.516087
v -8.548942 0.641159 -3.516087
v -8.562215 0.654431 -3.520913
v -8.568247 0.654431 -3.526946
v -8.592378 0.672529 -3.516087
v -8.617716 0.684594 -3.505228
v -8.617716 0.707518 -3.505228
v -8.628573 0.707518 -3.501608
v -8.628573 0.939174 -3.501608
v -8.628573 0.939174 -3.501608
v -8.618921 0.941587 -3.512467
v -8.618921 0.946413 -3.512467
v -8.618921 0.965718 -3.512467
v -8.565834 0.975370 -3.536598
v -8.552562 0.992262 -3.541424
v -8.551355 1.003121 -3.542631
v -8.538084 1.003121 -3.529359
v -8.558595 1.020012 -3.522119
v -8.585138 1.027252 -3.510054
v -8.589965 1.028458 -3.508847
v -8.589965 1.028458 -3.491956
v -8.589965 1.028458 -3.074493
v -8.602030 1.041730 -3.062427
v -8.614096 1.041730 -3.050362
v -8.902458 1.041730 -2.761999
v -8.914524 1.041730 -2.751140
v -8.930208 1.041730 -2.751140
v -9.338019 1.041730 -2.751140
v -9.354911 1.041730 -2.751140
v -9.366976 1.041730 -2.763205
v -9.655339 1.041730 -3.051569
v -9.666199 1.041730 -3.063634
v -9.679470 1.028458 -3.074493
v -9.678265 1.028458 -3.491956
v -9.678265 1.028458 -3.508847
v -9.671025 1.027252 -3.523326
v -9.373010 1.027252 -3.820135
v -9.385075 1.020012 -3.846679
v -9.393520 1.003121 -3.865984
v -9.380249 0.992262 -3.878049
v -9.374215 0.975370 -3.864777
v -9.352498 0.965718 -3.810483
v -9.352498 0.946413 -3.810483
v -9.352498 0.941587 -3.810483
v -9.346465 0.939174 -3.796004
v -9.346465 0.939174 -3.796004
v -9.346465 0.707518 -3.794798
v -9.351292 0.707518 -3.806863
v -9.351292 0.684594 -3.806863
v -9.360944 0.672529 -3.830994
v -9.371802 0.654431 -3.856331
v -9.382662 0.641159 -3.862364
v -9.713254 0.641159 -3.532978
v -9.719287 0.641159 -3.525739
v -9.721700 0.635126 -3.526946
v -9.721700 0.627887 -3.526946
v -9.721700 0.627887 -3.518500
v -9.721700 0.627887 -3.049156
v -9.721700 0.627887 -3.049156
v -9.721700 0.627887 -3.039503
v -9.685504 0.602549 -3.055188
v -9.680677 0.602549 -3.049156
v -9.622764 0.595310 -3.073286
v -9.344052 0.595310 -2.794575
v -9.368183 0.602549 -2.737868
v -9.338019 0.595310 -2.789749
v -9.362150 0.602549 -2.731835
v -9.353704 0.602549 -2.731835
v -9.330780 0.595310 -2.789749
v -8.913317 0.602549 -2.731835
v -8.936242 0.595310 -2.788543
v -8.898838 0.627887 -2.695639
v -8.890393 0.635126 -2.695639
v -8.884360 0.635126 -2.701672
v -8.552562 0.635126 -3.033471
v -8.550149 0.641159 -3.040710
v -8.548942 0.641159 -3.049156
v -8.561007 0.654431 -3.511261
v -8.561007 0.654431 -3.511261
v -8.586345 0.672529 -3.510054
v -8.611682 0.684594 -3.500401
v -8.611682 0.707518 -3.500401
v -8.622541 0.707518 -3.495575
v -8.622541 0.939174 -3.495575
v -8.622541 0.939174 -3.495575
v -8.606856 0.941587 -3.501608
v -8.606856 0.946413 -3.501608
v -8.608063 0.965718 -3.501608
v -8.553768 0.975370 -3.523326
v -8.540497 0.992262 -3.529359
v -8.538084 1.003121 -3.511261
v -8.558595 1.020012 -3.504021
v -8.585138 1.027252 -3.493163
v -8.585138 1.027252 -3.073286
v -8.589965 1.028458 -3.057601
v -8.602030 1.028458 -3.045536
v -8.897633 1.028458 -2.751140
v -8.909698 1.028458 -2.739074
v -8.925383 1.028458 -2.739074
v -9.342845 1.028458 -2.739074
v -9.359737 1.028458 -2.739074
v -9.371802 1.028458 -2.751140
v -9.667405 1.028458 -3.046742
v -9.679470 1.028458 -3.058808
v -9.683090 1.027252 -3.073286
v -9.683090 1.027252 -3.494369
v -9.683090 1.027252 -3.511261
v -9.697569 1.020012 -3.535391
v -9.716874 1.003121 -3.543837
v -9.392314 0.992262 -3.864777
v -9.387488 0.975370 -3.851505
v -9.363357 0.965718 -3.798417
v -9.363357 0.946413 -3.799624
v -9.363357 0.941587 -3.799624
v -9.351292 0.939174 -3.789971
v -9.351292 0.939174 -3.789971
v -9.351292 0.707518 -3.789971
v -9.356118 0.707518 -3.800830
v -9.356118 0.684594 -3.800830
v -9.366976 0.672529 -3.826167
v -9.377835 0.654431 -3.850299
v -9.701188 0.654431 -3.526946
v -9.707221 0.654431 -3.520913
v -9.719287 0.641159 -3.517293
v -9.721700 0.635126 -3.518500
v -9.721700 0.635126 -3.049156
v -9.721700 0.635126 -3.049156
v -9.721700 0.635126 -3.039503
v -9.715667 0.627887 -3.033471
v -9.383868 0.627887 -2.701672
v -9.377835 0.627887 -2.695639
v -9.368183 0.627887 -2.695639
v -8.898838 0.635126 -2.695639
v -8.891600 0.641159 -2.698052
v -8.885567 0.641159 -2.704085
v -8.556181 0.641159 -3.034677
v -8.562215 0.654431 -3.045536
v -8.562215 0.654431 -3.053982
v -8.586345 0.672529 -3.501608
v -8.586345 0.672529 -3.501608
v -8.611682 0.684594 -3.491956
v -8.611682 0.684594 -3.491956
v -8.611682 0.707518 -3.491956
v -8.611682 0.707518 -3.491956
v -8.622541 0.707518 -3.487130
v -8.622541 0.707518 -3.487130
v -8.622541 0.939174 -3.487130
v -8.622541 0.939174 -3.487130
v -8.622541 0.939174 -3.487130
v -8.606856 0.941587 -3.485923
v -8.606856 0.946413 -3.485923
v -8.608063 0.965718 -3.484717
v -8.553768 0.975370 -3.506434
v -8.540497 0.992262 -3.511261
v -8.539289 1.003121 -3.055188
v -8.558595 1.020012 -3.062427
v -8.585138 1.027252 -3.055188
v -8.598411 1.027252 -3.043123
v -8.895220 1.027252 -2.746314
v -8.907285 1.027252 -2.734248
v -8.924176 1.027252 -2.734248
v -9.345259 1.027252 -2.734248
v -9.362150 1.027252 -2.734248
v -9.374215 1.027252 -2.747520
v -9.671025 1.027252 -3.044329
v -9.683090 1.027252 -3.056395
v -9.710840 1.020012 -3.062427
v -9.709635 1.020012 -3.504021
v -9.709635 1.020012 -3.522119
v -9.730145 1.003121 -3.530565
v -9.728939 0.992262 -3.530565
v -9.715667 0.992262 -3.543837
v -9.702395 0.975370 -3.537804
v -9.649307 0.965718 -3.513674
v -9.649307 0.946413 -3.513674
v -9.649307 0.941587 -3.513674
v -9.640861 0.939174 -3.501608
v -9.640861 0.939174 -3.501608
v -9.640861 0.707518 -3.501608
v -9.651720 0.707518 -3.506434
v -9.651720 0.684594 -3.506434
v -9.675851 0.672529 -3.516087
v -9.681884 0.672529 -3.511261
v -9.707221 0.654431 -3.512467
v -9.707221 0.654431 -3.055188
v -9.707221 0.654431 -3.055188
v -9.719287 0.641159 -3.050362
v -9.719287 0.641159 -3.050362
v -9.719287 0.641159 -3.040710
v -9.715667 0.635126 -3.033471
v -9.383868 0.635126 -2.701672
v -9.377835 0.635126 -2.695639
v -9.368183 0.635126 -2.695639
v -8.900045 0.641159 -2.698052
v -8.896425 0.654431 -2.710117
v -8.891600 0.654431 -2.716150
v -8.568247 0.654431 -3.039503
v -8.586345 0.672529 -3.056395
v -8.586345 0.672529 -3.064841
v -8.611682 0.684594 -3.074493
v -8.611682 0.707518 -3.074493
v -8.622541 0.707518 -3.079319
v -8.622541 0.939174 -3.079319
v -8.622541 0.939174 -3.079319
v -8.608063 0.941587 -3.081732
v -8.606856 0.946413 -3.081732
v -8.608063 0.965718 -3.081732
v -8.553768 0.975370 -3.061221
v -8.540497 0.992262 -3.055188
v -8.540497 0.992262 -3.037090
v -8.539289 1.003121 -3.035884
v -8.558595 1.020012 -3.044329
v -8.571867 1.020012 -3.031058
v -8.884360 1.020012 -2.719770
v -8.896425 1.020012 -2.707704
v -8.913317 1.020012 -2.707704
v -9.354911 1.020012 -2.707704
v -9.373010 1.020012 -2.707704
v -9.386281 1.020012 -2.720976
v -9.697569 1.020012 -3.033471
v -9.710840 1.020012 -3.045536
v -9.730145 1.003121 -3.037090
v -9.730145 1.003121 -3.055188
v -9.730145 1.003121 -3.512467
v -9.728939 0.992262 -3.511261
v -9.715667 0.975370 -3.524533
v -9.661373 0.965718 -3.501608
v -9.661373 0.946413 -3.501608
v -9.661373 0.941587 -3.501608
v -9.645687 0.939174 -3.495575
v -9.645687 0.939174 -3.495575
v -9.645687 0.707518 -3.495575
v -9.656547 0.707518 -3.500401
v -9.656547 0.684594 -3.500401
v -9.681884 0.672529 -3.502815
v -9.681884 0.672529 -3.064841
v -9.681884 0.672529 -3.064841
v -9.681884 0.672529 -3.056395
v -9.707221 0.654431 -3.046742
v -9.713254 0.641159 -3.034677
v -9.382662 0.641159 -2.704085
v -9.376629 0.641159 -2.698052
v -9.366976 0.641159 -2.698052
v -8.904872 0.654431 -2.710117
v -8.907285 0.672529 -2.735455
v -8.901252 0.672529 -2.741488
v -8.592378 0.672529 -3.050362
v -8.611682 0.684594 -3.066047
v -8.611682 0.707518 -3.066047
v -8.622541 0.707518 -3.070873
v -8.622541 0.939174 -3.070873
v -8.622541 0.939174 -3.070873
v -8.608063 0.941587 -3.064841
v -8.608063 0.946413 -3.064841
v -8.608063 0.965718 -3.064841
v -8.553768 0.975370 -3.041916
v -8.553768 0.992262 -3.023818
v -8.552562 1.003121 -3.022612
v -8.874707 1.003121 -2.700465
v -8.887980 1.003121 -2.687193
v -8.906077 1.003121 -2.687193
v -9.363357 1.003121 -2.688400
v -9.381454 1.003121 -2.688400
v -9.394727 1.003121 -2.701672
v -9.716874 1.003121 -3.023818
v -9.728939 0.992262 -3.038297
v -9.728939 0.992262 -3.055188
v -9.715667 0.975370 -3.506434
v -9.661373 0.965718 -3.485923
v -9.661373 0.946413 -3.485923
v -9.661373 0.941587 -3.485923
v -9.645687 0.939174 -3.488336
v -9.645687 0.939174 -3.488336
v -9.645687 0.707518 -3.488336
v -9.656547 0.707518 -3.491956
v -9.656547 0.684594 -3.491956
v -9.657753 0.684594 -3.074493
v -9.657753 0.684594 -3.074493
v -9.656547 0.684594 -3.067254
v -9.675851 0.672529 -3.050362
v -9.701188 0.654431 -3.039503
v -9.377835 0.654431 -2.716150
v -9.370596 0.654431 -2.710117
v -9.362150 0.654431 -2.710117
v -8.915730 0.672529 -2.735455
v -8.918143 0.684594 -2.760792
v -8.912111 0.684594 -2.765618
v -8.617716 0.684594 -3.061221
v -8.617716 0.707518 -3.061221
v -8.628573 0.707518 -3.066047
v -8.628573 0.939174 -3.066047
v -8.628573 0.939174 -3.066047
v -8.618921 0.941587 -3.052775
v -8.618921 0.946413 -3.052775
v -8.618921 0.965718 -3.052775
v -8.567040 0.975370 -3.029851
v -8.875915 0.992262 -2.701672
v -8.889186 0.992262 -2.689606
v -8.906077 0.992262 -2.689606
v -9.362150 0.992262 -2.689606
v -9.381454 0.992262 -2.689606
v -9.394727 0.992262 -2.702878
v -9.715667 0.992262 -3.025025
v -9.702395 0.975370 -3.031058
v -9.715667 0.975370 -3.043123
v -9.715667 0.975370 -3.061221
v -9.661373 0.965718 -3.081732
v -9.661373 0.946413 -3.073286
v -9.661373 0.941587 -3.073286
v -9.645687 0.939174 -3.079319
v -9.645687 0.939174 -3.079319
v -9.645687 0.939174 -3.079319
v -9.645687 0.707518 -3.079319
v -9.645687 0.707518 -3.079319
v -9.656547 0.707518 -3.074493
v -9.656547 0.707518 -3.074493
v -9.656547 0.707518 -3.067254
v -9.651720 0.684594 -3.061221
v -9.366976 0.672529 -2.741488
v -9.360944 0.672529 -2.735455
v -9.352498 0.672529 -2.735455
v -8.925383 0.684594 -2.760792
v -8.918143 0.707518 -2.760792
v -8.912111 0.707518 -2.765618
v -8.916937 0.707518 -2.776477
v -8.916937 0.939174 -2.776477
v -8.916937 0.939174 -2.776477
v -8.904872 0.941587 -2.768032
v -8.904872 0.946413 -2.768032
v -8.904872 0.965718 -2.768032
v -8.881947 0.975370 -2.714944
v -8.894012 0.975370 -2.702878
v -8.912111 0.975370 -2.702878
v -9.357324 0.975370 -2.702878
v -9.375422 0.975370 -2.702878
v -9.388694 0.975370 -2.716150
v -9.649307 0.965718 -3.053982
v -9.661373 0.965718 -3.066047
v -9.661373 0.946413 -3.066047
v -9.661373 0.941587 -3.066047
v -9.645687 0.939174 -3.072080
v -9.645687 0.939174 -3.072080
v -9.645687 0.707518 -3.072080
v -9.651720 0.707518 -3.061221
v -9.356118 0.684594 -2.765618
v -9.350084 0.684594 -2.760792
v -9.342845 0.684594 -2.760792
v -8.925383 0.707518 -2.760792
v -8.921763 0.707518 -2.771651
v -8.922970 0.939174 -2.771651
v -8.922970 0.939174 -2.771651
v -8.916937 0.941587 -2.755966
v -8.916937 0.946413 -2.755966
v -8.916937 0.965718 -2.757173
v -8.932622 0.965718 -2.757173
v -9.336813 0.965718 -2.757173
v -9.352498 0.965718 -2.757173
v -9.364563 0.965718 -2.768032
v -9.650514 0.946413 -3.053982
v -9.650514 0.941587 -3.053982
v -9.640861 0.939174 -3.066047
v -9.640861 0.939174 -3.066047
v -9.640861 0.707518 -3.066047
v -9.351292 0.707518 -2.777684
v -9.356118 0.707518 -2.765618
v -9.350084 0.707518 -2.760792
v -9.342845 0.707518 -2.760792
v -9.338019 0.707518 -2.771651
v -8.930208 0.707518 -2.771651
v -8.930208 0.939174 -2.771651
v -8.930208 0.939174 -2.771651
v -8.932622 0.941587 -2.755966
v -8.932622 0.946413 -2.755966
v -9.336813 0.946413 -2.755966
v -9.352498 0.946413 -2.757173
v -9.364563 0.946413 -2.768032
v -9.364563 0.941587 -2.768032
v -9.351292 0.939174 -2.777684
v -9.351292 0.939174 -2.777684
v -9.346465 0.707518 -2.771651
v -9.338019 0.939174 -2.771651
v -9.338019 0.939174 -2.771651
v -9.336813 0.941587 -2.757173
v -9.352498 0.941587 -2.757173
v -9.346465 0.939174 -2.771651
v -9.346465 0.939174 -2.771651
v -9.617937 0.595310 3.754527
v -9.628796 0.595310 3.743669
v -9.614317 0.560320 3.737636
v -9.628796 0.595310 3.727983
v -9.628796 0.595310 3.727983
v -9.614317 0.560320 3.723157
v -9.614317 0.560320 3.723157
v -9.628796 0.595310 3.349130
v -9.614317 0.560320 3.355163
v -9.614317 0.560320 3.339478
v -9.628796 0.595310 3.333445
v -9.617937 0.595310 3.322586
v -9.603458 0.560320 3.328619
v -9.348879 0.595310 3.054734
v -9.342845 0.560320 3.069212
v -9.333193 0.560320 3.058353
v -9.339226 0.595310 3.043875
v -9.323541 0.595310 3.043875
v -9.318714 0.560320 3.058353
v -8.944687 0.595310 3.045081
v -8.950721 0.560320 3.058353
v -8.935035 0.560320 3.058353
v -8.929003 0.595310 3.045081
v -8.918143 0.595310 3.055940
v -8.924176 0.560320 3.069212
v -8.650291 0.595310 3.323792
v -8.663563 0.560320 3.329825
v -8.653911 0.560320 3.340684
v -8.639432 0.595310 3.334651
v -8.639432 0.595310 3.349130
v -8.639432 0.595310 3.349130
v -8.653911 0.560320 3.355163
v -8.653911 0.560320 3.355163
v -8.639432 0.595310 3.729190
v -8.653911 0.560320 3.723157
v -8.653911 0.560320 3.738842
v -8.639432 0.595310 3.743669
v -8.651498 0.595310 3.755734
v -8.664770 0.560320 3.749701
v -8.919351 0.595310 4.023586
v -8.925383 0.560320 4.009108
v -8.936242 0.560320 4.019967
v -8.930208 0.595310 4.033238
v -8.944687 0.595310 4.033238
v -8.950721 0.560320 4.019967
v -9.323541 0.595310 4.033238
v -9.318714 0.560320 4.019967
v -9.333193 0.560320 4.018760
v -9.339226 0.595310 4.033238
v -9.350084 0.595310 4.022380
v -9.344052 0.560320 4.009108
v -9.604665 0.560320 3.748495
v -9.601046 0.542222 3.731603
v -9.601046 0.542222 3.717125
v -9.601046 0.542222 3.717125
v -9.601046 0.542222 3.359989
v -9.601046 0.542222 3.345510
v -9.590186 0.542222 3.334651
v -9.336813 0.542222 3.082484
v -9.327161 0.542222 3.072832
v -9.312682 0.542222 3.072832
v -8.955546 0.542222 3.072832
v -8.941068 0.542222 3.072832
v -8.930208 0.542222 3.083691
v -8.678041 0.542222 3.335858
v -8.668389 0.542222 3.346717
v -8.668389 0.542222 3.359989
v -8.668389 0.542222 3.359989
v -8.668389 0.542222 3.718331
v -8.668389 0.542222 3.732810
v -8.678041 0.542222 3.742462
v -8.931416 0.542222 3.995836
v -8.941068 0.542222 4.005488
v -8.955546 0.542222 4.005488
v -9.312682 0.542222 4.005488
v -9.328367 0.542222 4.005488
v -9.338019 0.542222 3.994629
v -9.590186 0.542222 3.741256
v -9.581741 0.539809 3.724364
v -9.581741 0.539809 3.709885
v -9.581741 0.539809 3.709885
v -9.581741 0.539809 3.367228
v -9.581741 0.539809 3.353956
v -9.570882 0.539809 3.343097
v -9.328367 0.539809 3.101789
v -9.318714 0.539809 3.092137
v -9.305443 0.539809 3.092137
v -8.962786 0.539809 3.092137
v -8.948307 0.539809 3.092137
v -8.938655 0.539809 3.101789
v -8.697347 0.539809 3.344304
v -8.687694 0.539809 3.353956
v -8.687694 0.539809 3.367228
v -8.687694 0.539809 3.367228
v -8.687694 0.539809 3.709885
v -8.687694 0.539809 3.724364
v -8.697347 0.539809 3.734016
v -8.939861 0.539809 3.976531
v -8.949513 0.539809 3.986183
v -8.962786 0.539809 3.986183
v -9.305443 0.539809 3.986183
v -9.319921 0.539809 3.986183
v -9.329574 0.539809 3.976531
v -9.572088 0.539809 3.734016
v -9.576915 0.533777 3.721951
v -9.576915 0.533777 3.708679
v -9.576915 0.533777 3.708679
v -9.576915 0.533777 3.369641
v -9.575707 0.533777 3.355163
v -9.566055 0.533777 3.345510
v -9.327161 0.533777 3.106615
v -9.317509 0.533777 3.096963
v -9.304236 0.533777 3.096963
v -8.965199 0.533777 3.096963
v -8.950721 0.533777 3.096963
v -8.941068 0.533777 3.106615
v -8.702172 0.533777 3.346717
v -8.692520 0.533777 3.356369
v -8.692520 0.533777 3.369641
v -8.692520 0.533777 3.369641
v -8.692520 0.533777 3.708679
v -8.692520 0.533777 3.721951
v -8.702172 0.533777 3.732810
v -8.942274 0.533777 3.971705
v -8.951926 0.533777 3.981357
v -8.965199 0.533777 3.981357
v -9.304236 0.533777 3.981357
v -9.317509 0.533777 3.981357
v -9.327161 0.533777 3.971705
v -9.567263 0.533777 3.731603
v -9.563643 0.497580 3.715918
v -9.563643 0.497580 3.703853
v -9.563643 0.497580 3.703853
v -9.563643 0.497580 3.374467
v -9.563643 0.497580 3.361195
v -9.553989 0.497580 3.351543
v -9.321128 0.497580 3.118680
v -9.311475 0.497580 3.110235
v -9.298203 0.497580 3.110235
v -8.970025 0.497580 3.110235
v -8.956753 0.497580 3.110235
v -8.947101 0.497580 3.119887
v -8.714238 0.497580 3.352750
v -8.704585 0.497580 3.361195
v -8.704585 0.497580 3.374467
v -8.704585 0.497580 3.374467
v -8.704585 0.497580 3.703853
v -8.705792 0.497580 3.717125
v -8.714238 0.497580 3.726777
v -8.947101 0.497580 3.959639
v -8.956753 0.497580 3.968085
v -8.970025 0.497580 3.968085
v -9.299410 0.497580 3.968085
v -9.312682 0.497580 3.968085
v -9.322334 0.497580 3.958433
v -9.553989 0.497580 3.725570
v -9.550371 0.483102 3.711092
v -9.550371 0.483102 3.699026
v -9.550371 0.483102 3.699026
v -9.550371 0.483102 3.379293
v -9.550371 0.483102 3.366021
v -9.540718 0.483102 3.357576
v -9.315095 0.483102 3.131953
v -9.306649 0.483102 3.123507
v -9.293378 0.483102 3.123507
v -8.974852 0.483102 3.123507
v -8.961578 0.483102 3.123507
v -8.951926 0.483102 3.131953
v -8.727510 0.483102 3.357576
v -8.717858 0.483102 3.367228
v -8.717858 0.483102 3.379293
v -8.717858 0.483102 3.379293
v -8.717858 0.483102 3.699026
v -8.717858 0.483102 3.711092
v -8.727510 0.483102 3.720744
v -8.953134 0.483102 3.946367
v -8.962786 0.483102 3.954813
v -8.974852 0.483102 3.954813
v -9.293378 0.483102 3.954813
v -9.306649 0.483102 3.954813
v -9.316301 0.483102 3.945161
v -9.541924 0.483102 3.719538
v -9.523827 0.479482 3.712298
v -9.532272 0.479482 3.703853
v -9.532272 0.479482 3.691787
v -9.532272 0.479482 3.691787
v -9.531066 0.479482 3.386533
v -9.531066 0.479482 3.374467
v -9.522620 0.479482 3.364815
v -9.306649 0.479482 3.150051
v -9.298203 0.479482 3.141605
v -9.286139 0.479482 3.141605
v -8.982090 0.479482 3.141605
v -8.970025 0.479482 3.141605
v -8.960373 0.479482 3.151257
v -8.745608 0.479482 3.366021
v -8.737163 0.479482 3.374467
v -8.737163 0.479482 3.386533
v -8.737163 0.479482 3.386533
v -8.737163 0.479482 3.691787
v -8.737163 0.479482 3.703853
v -8.745608 0.479482 3.712298
v -8.961578 0.479482 3.928269
v -8.970025 0.479482 3.936715
v -8.982090 0.479482 3.936715
v -9.286139 0.479482 3.936715
v -9.299410 0.479482 3.936715
v -9.307857 0.479482 3.927063
v -9.475565 0.443286 3.690581
v -9.482804 0.443286 3.683341
v -9.482804 0.443286 3.672482
v -9.482804 0.443286 3.672482
v -9.482804 0.443286 3.405837
v -9.482804 0.443286 3.394979
v -9.474359 0.443286 3.386533
v -9.286139 0.443286 3.198312
v -9.278899 0.443286 3.191073
v -9.268041 0.443286 3.191073
v -9.001395 0.443286 3.191073
v -8.989329 0.443286 3.191073
v -8.982090 0.443286 3.198312
v -8.793870 0.443286 3.387739
v -8.785424 0.443286 3.394979
v -8.785424 0.443286 3.405837
v -8.785424 0.443286 3.405837
v -8.785424 0.443286 3.672482
v -8.786631 0.443286 3.683341
v -8.793870 0.443286 3.691787
v -8.983296 0.443286 3.880008
v -8.990536 0.443286 3.887247
v -9.001395 0.443286 3.887247
v -9.268041 0.443286 3.887247
v -9.278899 0.443286 3.887247
v -9.286139 0.443286 3.880008
v -9.473152 0.434840 3.689374
v -9.480392 0.434840 3.682135
v -9.480392 0.434840 3.671276
v -9.480392 0.434840 3.671276
v -9.480392 0.434840 3.405837
v -9.480392 0.434840 3.394979
v -9.473152 0.434840 3.387739
v -9.284932 0.434840 3.200725
v -9.277692 0.434840 3.192280
v -9.266833 0.434840 3.192280
v -9.001395 0.434840 3.193486
v -8.990536 0.434840 3.193486
v -8.983296 0.434840 3.200725
v -8.795076 0.434840 3.388946
v -8.787838 0.434840 3.396185
v -8.787838 0.434840 3.405837
v -8.787838 0.434840 3.405837
v -8.787838 0.434840 3.671276
v -8.787838 0.434840 3.682135
v -8.796283 0.434840 3.690581
v -8.983296 0.434840 3.877594
v -8.991743 0.434840 3.884834
v -9.001395 0.434840 3.884834
v -9.266833 0.434840 3.884834
v -9.277692 0.434840 3.884834
v -9.286139 0.434840 3.877594
v -9.477978 0.423981 3.691787
v -9.485217 0.423981 3.684548
v -9.485217 0.423981 3.673689
v -9.485217 0.423981 3.673689
v -9.485217 0.423981 3.404631
v -9.485217 0.423981 3.393772
v -9.476772 0.423981 3.385326
v -9.287344 0.423981 3.195899
v -9.278899 0.423981 3.188660
v -9.269247 0.423981 3.188660
v -9.000188 0.423981 3.188660
v -8.989329 0.423981 3.188660
v -8.980884 0.423981 3.195899
v -8.791456 0.423981 3.386533
v -8.784218 0.423981 3.393772
v -8.784218 0.423981 3.404631
v -8.784218 0.423981 3.404631
v -8.784218 0.423981 3.673689
v -8.784218 0.423981 3.684548
v -8.791456 0.423981 3.692994
v -8.982090 0.423981 3.882421
v -8.989329 0.423981 3.889660
v -9.000188 0.423981 3.889660
v -9.269247 0.423981 3.889660
v -9.280107 0.423981 3.889660
v -9.287344 0.423981 3.881214
v -9.517794 0.386579 3.708679
v -9.525033 0.386579 3.700233
v -9.525033 0.386579 3.689374
v -9.525033 0.386579 3.689374
v -9.525033 0.386579 3.388946
v -9.525033 0.386579 3.376880
v -9.516587 0.386579 3.368435
v -9.304236 0.386579 3.156083
v -9.295791 0.386579 3.147638
v -9.283725 0.386579 3.147638
v -8.984504 0.386579 3.147638
v -8.972438 0.386579 3.147638
v -8.962786 0.386579 3.156083
v -8.751641 0.386579 3.368435
v -8.743195 0.386579 3.376880
v -8.743195 0.386579 3.388946
v -8.743195 0.386579 3.388946
v -8.743195 0.386579 3.689374
v -8.743195 0.386579 3.701440
v -8.751641 0.386579 3.709885
v -8.963992 0.386579 3.922236
v -8.972438 0.386579 3.930682
v -8.984504 0.386579 3.930682
v -9.283725 0.386579 3.930682
v -9.296997 0.386579 3.930682
v -9.305443 0.386579 3.921030
v -9.521414 0.376926 3.711092
v -9.529859 0.376926 3.702646
v -9.529859 0.376926 3.690581
v -9.529859 0.376926 3.690581
v -9.529859 0.376926 3.387739
v -9.529859 0.376926 3.375674
v -9.520206 0.376926 3.366021
v -9.306649 0.376926 3.152464
v -9.298203 0.376926 3.144018
v -9.286139 0.376926 3.144018
v -8.983296 0.376926 3.144018
v -8.970025 0.376926 3.144018
v -8.961578 0.376926 3.152464
v -8.748021 0.376926 3.367228
v -8.739575 0.376926 3.375674
v -8.739575 0.376926 3.387739
v -8.739575 0.376926 3.387739
v -8.739575 0.376926 3.690581
v -8.739575 0.376926 3.702646
v -8.748021 0.376926 3.712298
v -8.962786 0.376926 3.925856
v -8.971231 0.376926 3.934302
v -8.983296 0.376926 3.934302
v -9.286139 0.376926 3.934302
v -9.298203 0.376926 3.934302
v -9.306649 0.376926 3.924649
v -9.521414 0.345556 3.711092
v -9.529859 0.345556 3.702646
v -9.529859 0.345556 3.690581
v -9.529859 0.345556 3.690581
v -9.529859 0.345556 3.387739
v -9.529859 0.345556 3.375674
v -9.520206 0.345556 3.366021
v -9.306649 0.345556 3.152464
v -9.298203 0.345556 3.144018
v -9.286139 0.345556 3.144018
v -8.983296 0.345556 3.144018
v -8.970025 0.345556 3.144018
v -8.961578 0.345556 3.152464
v -8.748021 0.345556 3.367228
v -8.739575 0.345556 3.375674
v -8.739575 0.345556 3.387739
v -8.739575 0.345556 3.387739
v -8.739575 0.345556 3.690581
v -8.739575 0.345556 3.702646
v -8.748021 0.345556 3.712298
v -8.962786 0.345556 3.925856
v -8.971231 0.345556 3.934302
v -8.983296 0.345556 3.934302
v -9.286139 0.345556 3.934302
v -9.298203 0.345556 3.934302
v -9.306649 0.345556 3.924649
v -9.516587 0.340730 3.708679
v -9.525033 0.340730 3.700233
v -9.525033 0.340730 3.688168
v -9.525033 0.340730 3.688168
v -9.525033 0.340730 3.388946
v -9.525033 0.340730 3.376880
v -9.516587 0.340730 3.368435
v -9.304236 0.340730 3.156083
v -9.295791 0.340730 3.148844
v -9.283725 0.340730 3.148844
v -8.984504 0.340730 3.148844
v -8.972438 0.340730 3.148844
v -8.963992 0.340730 3.157290
v -8.751641 0.340730 3.369641
v -8.743195 0.340730 3.378087
v -8.743195 0.340730 3.388946
v -8.743195 0.340730 3.388946
v -8.743195 0.340730 3.689374
v -8.743195 0.340730 3.701440
v -8.752848 0.340730 3.709885
v -8.963992 0.340730 3.921030
v -8.972438 0.340730 3.929476
v -8.984504 0.340730 3.929476
v -9.283725 0.340730 3.929476
v -9.296997 0.340730 3.929476
v -9.305443 0.340730 3.921030
v -9.471946 0.332284 3.689374
v -9.479185 0.332284 3.680928
v -9.479185 0.332284 3.671276
v -9.479185 0.332284 3.671276
v -9.479185 0.332284 3.407044
v -9.479185 0.332284 3.396185
v -9.470739 0.332284 3.387739
v -9.283725 0.332284 3.201931
v -9.276486 0.332284 3.194693
v -9.266833 0.332284 3.194693
v -9.002602 0.332284 3.194693
v -8.991743 0.332284 3.194693
v -8.983296 0.332284 3.201931
v -8.797490 0.332284 3.388946
v -8.790251 0.332284 3.396185
v -8.790251 0.332284 3.407044
v -8.790251 0.332284 3.407044
v -8.790251 0.332284 3.671276
v -8.790251 0.332284 3.682135
v -8.797490 0.332284 3.689374
v -8.984504 0.332284 3.876388
v -8.991743 0.332284 3.883627
v -9.002602 0.332284 3.883627
v -9.266833 0.332284 3.883627
v -9.277692 0.332284 3.883627
v -9.284932 0.332284 3.876388
v -9.284932 0.325045 3.876388
v -9.471946 0.325045 3.689374
v -9.479185 0.325045 3.680928
v -9.479185 0.325045 3.671276
v -9.479185 0.325045 3.671276
v -9.479185 0.325045 3.407044
v -9.479185 0.325045 3.396185
v -9.470739 0.325045 3.387739
v -9.283725 0.325045 3.201931
v -9.276486 0.325045 3.194693
v -9.266833 0.325045 3.194693
v -9.002602 0.325045 3.194693
v -8.991743 0.325045 3.194693
v -8.983296 0.325045 3.201931
v -8.797490 0.325045 3.388946
v -8.789043 0.325045 3.396185
v -8.789043 0.325045 3.407044
v -8.789043 0.325045 3.407044
v -8.790251 0.325045 3.671276
v -8.790251 0.325045 3.682135
v -8.797490 0.325045 3.689374
v -8.984504 0.325045 3.876388
v -8.991743 0.325045 3.883627
v -9.002602 0.325045 3.883627
v -9.266833 0.325045 3.883627
v -9.277692 0.325045 3.883627
v -9.286139 0.317806 3.878801
v -9.474359 0.317806 3.690581
v -9.482804 0.317806 3.683341
v -9.482804 0.317806 3.672482
v -9.482804 0.317806 3.672482
v -9.481598 0.317806 3.405837
v -9.481598 0.317806 3.394979
v -9.474359 0.317806 3.386533
v -9.286139 0.317806 3.198312
v -9.277692 0.317806 3.191073
v -9.268041 0.317806 3.191073
v -9.001395 0.317806 3.191073
v -8.990536 0.317806 3.191073
v -8.982090 0.317806 3.199518
v -8.793870 0.317806 3.387739
v -8.786631 0.317806 3.394979
v -8.786631 0.317806 3.405837
v -8.786631 0.317806 3.405837
v -8.786631 0.317806 3.672482
v -8.786631 0.317806 3.683341
v -8.793870 0.317806 3.690581
v -8.983296 0.317806 3.880008
v -8.990536 0.317806 3.887247
v -9.001395 0.317806 3.887247
v -9.268041 0.317806 3.887247
v -9.278899 0.317806 3.887247
v -9.305443 0.273164 3.922236
v -9.517794 0.273164 3.709885
v -9.526240 0.273164 3.701440
v -9.526240 0.273164 3.689374
v -9.526240 0.273164 3.689374
v -9.526240 0.273164 3.388946
v -9.526240 0.273164 3.376880
v -9.517794 0.273164 3.367228
v -9.305443 0.273164 3.154877
v -9.296997 0.273164 3.146431
v -9.284932 0.273164 3.146431
v -8.984504 0.273164 3.146431
v -8.971231 0.273164 3.146431
v -8.962786 0.273164 3.156083
v -8.750434 0.273164 3.368435
v -8.741989 0.273164 3.376880
v -8.741989 0.273164 3.388946
v -8.741989 0.273164 3.388946
v -8.741989 0.273164 3.689374
v -8.741989 0.273164 3.701440
v -8.750434 0.273164 3.711092
v -8.963992 0.273164 3.923443
v -8.972438 0.273164 3.931889
v -8.984504 0.273164 3.931889
v -9.284932 0.273164 3.930682
v -9.296997 0.273164 3.930682
v -9.299410 0.267131 3.937922
v -9.309062 0.267131 3.928269
v -9.523827 0.267131 3.712298
v -9.533479 0.267131 3.703853
v -9.533479 0.267131 3.691787
v -9.533479 0.267131 3.691787
v -9.532272 0.267131 3.386533
v -9.532272 0.267131 3.373261
v -9.523827 0.267131 3.364815
v -9.307857 0.267131 3.148844
v -9.299410 0.267131 3.140398
v -9.287344 0.267131 3.140398
v -8.982090 0.267131 3.140398
v -8.968818 0.267131 3.140398
v -8.960373 0.267131 3.150051
v -8.744402 0.267131 3.366021
v -8.735955 0.267131 3.374467
v -8.735955 0.267131 3.386533
v -8.735955 0.267131 3.386533
v -8.735955 0.267131 3.691787
v -8.735955 0.267131 3.703853
v -8.744402 0.267131 3.713505
v -8.961578 0.267131 3.929476
v -8.970025 0.267131 3.937922
v -8.982090 0.267131 3.937922
v -9.287344 0.267131 3.937922
v -9.299410 0.257479 3.937922
v -9.309062 0.257479 3.928269
v -9.525033 0.257479 3.712298
v -9.533479 0.257479 3.703853
v -9.533479 0.257479 3.691787
v -9.533479 0.257479 3.691787
v -9.532272 0.257479 3.386533
v -9.532272 0.257479 3.373261
v -9.523827 0.257479 3.364815
v -9.307857 0.257479 3.148844
v -9.299410 0.257479 3.140398
v -9.287344 0.257479 3.140398
v -8.982090 0.257479 3.140398
v -8.968818 0.257479 3.140398
v -8.960373 0.257479 3.150051
v -8.744402 0.257479 3.366021
v -8.735955 0.257479 3.374467
v -8.735955 0.257479 3.386533
v -8.735955 0.257479 3.386533
v -8.735955 0.257479 3.691787
v -8.735955 0.257479 3.703853
v -8.744402 0.257479 3.713505
v -8.961578 0.257479 3.929476
v -8.970025 0.257479 3.937922
v -8.982090 0.257479 3.937922
v -9.287344 0.257479 3.937922
v -9.299410 -0.005547 3.937922
v -9.309062 -0.005547 3.928269
v -9.525033 -0.005547 3.712298
v -9.533479 -0.005547 3.703853
v -9.533479 -0.005547 3.691787
v -9.533479 -0.005547 3.691787
v -9.532272 -0.005547 3.386533
v -9.532272 -0.005547 3.373261
v -9.523827 -0.005547 3.364815
v -9.307857 -0.005547 3.148844
v -9.299410 -0.005547 3.140398
v -9.287344 -0.005547 3.140398
v -8.982090 -0.005547 3.140398
v -8.968818 -0.005547 3.140398
v -8.960373 -0.005547 3.150051
v -8.744402 -0.005547 3.366021
v -8.735955 -0.005547 3.374467
v -8.735955 -0.005547 3.386533
v -8.735955 -0.005547 3.386533
v -8.735955 -0.005547 3.691787
v -8.735955 -0.005547 3.703853
v -8.744402 -0.005547 3.713505
v -8.961578 -0.005547 3.929476
v -8.970025 -0.005547 3.937922
v -8.982090 -0.005547 3.937922
v -9.287344 -0.005547 3.937922
v -8.546529 0.627887 3.304488
v -8.546529 0.627887 3.304488
v -8.546529 0.627887 3.296042
v -8.546529 0.635126 3.296042
v -8.552562 0.627887 3.288803
v -8.552562 0.635126 3.288803
v -8.885567 0.627887 2.957004
v -8.884360 0.635126 2.957004
v -8.891600 0.627887 2.950972
v -8.891600 0.635126 2.950972
v -8.892806 0.641159 2.953385
v -8.956753 0.770258 3.142812
v -8.971231 0.770258 3.147638
v -8.741989 0.770258 3.376880
v -9.125669 0.770258 3.526491
v -9.296997 0.770258 3.146431
v -9.301823 0.770258 3.133159
v -9.289758 0.770258 3.133159
v -8.978471 0.770258 3.133159
v -8.966405 0.770258 3.133159
v -8.966405 0.775085 3.133159
v -8.966405 0.775085 3.133159
v -8.956753 0.775085 3.142812
v -8.956753 0.775085 3.142812
v -8.737163 0.775085 3.362402
v -8.737163 0.775085 3.362402
v -8.737163 0.770258 3.362402
v -8.728717 0.770258 3.372054
v -8.728717 0.770258 3.384120
v -8.728717 0.770258 3.694200
v -8.741989 0.770258 3.701440
v -8.972438 0.770258 3.930682
v -9.296997 0.770258 3.930682
v -9.526240 0.770258 3.701440
v -9.526240 0.770258 3.376880
v -9.531066 0.770258 3.361195
v -9.310269 0.770258 3.141605
v -9.310269 0.775085 3.141605
v -9.310269 0.775085 3.141605
v -9.301823 0.775085 3.133159
v -9.301823 0.775085 3.133159
v -9.289758 0.775085 3.133159
v -9.289758 0.775085 3.133159
v -8.978471 0.775085 3.133159
v -8.978471 0.775085 3.133159
v -8.978471 1.052589 3.133159
v -8.978471 1.052589 3.133159
v -8.966405 1.052589 3.133159
v -8.966405 1.052589 3.133159
v -8.956753 1.052589 3.142812
v -8.956753 1.052589 3.142812
v -8.737163 1.052589 3.362402
v -8.737163 1.052589 3.362402
v -8.728717 0.775085 3.370848
v -8.728717 0.775085 3.370848
v -8.728717 0.775085 3.384120
v -8.728717 0.775085 3.384120
v -8.728717 0.775085 3.384120
v -8.728717 0.775085 3.694200
v -8.728717 0.775085 3.694200
v -8.728717 0.770258 3.707472
v -8.737163 0.770258 3.715918
v -8.957959 0.770258 3.936715
v -8.966405 0.770258 3.945161
v -8.978471 0.770258 3.945161
v -9.289758 0.770258 3.945161
v -9.303030 0.770258 3.945161
v -9.311475 0.770258 3.935508
v -9.531066 0.770258 3.715918
v -9.540718 0.770258 3.706266
v -9.540718 0.770258 3.694200
v -9.539512 0.770258 3.382913
v -9.539512 0.770258 3.370848
v -9.539512 0.775085 3.370848
v -9.539512 0.775085 3.370848
v -9.531066 0.775085 3.361195
v -9.531066 0.775085 3.361195
v -9.531066 1.052589 3.361195
v -9.531066 1.052589 3.361195
v -9.310269 1.052589 3.141605
v -9.310269 1.052589 3.141605
v -9.301823 1.052589 3.133159
v -9.301823 1.052589 3.133159
v -9.289758 1.052589 3.133159
v -9.289758 1.052589 3.133159
v -9.289758 1.064654 3.133159
v -8.978471 1.064654 3.133159
v -8.966405 1.064654 3.133159
v -8.956753 1.064654 3.142812
v -8.737163 1.064654 3.362402
v -8.728717 1.052589 3.370848
v -8.728717 1.052589 3.370848
v -8.728717 1.052589 3.384120
v -8.728717 1.052589 3.384120
v -8.728717 1.052589 3.384120
v -8.728717 1.052589 3.694200
v -8.728717 1.052589 3.694200
v -8.728717 0.775085 3.707472
v -8.728717 0.775085 3.707472
v -8.737163 0.775085 3.715918
v -8.737163 0.775085 3.715918
v -8.957959 0.775085 3.936715
v -8.957959 0.775085 3.936715
v -8.966405 0.775085 3.945161
v -8.966405 0.775085 3.945161
v -8.978471 0.775085 3.945161
v -8.978471 0.775085 3.945161
v -9.289758 0.775085 3.945161
v -9.289758 0.775085 3.945161
v -9.303030 0.775085 3.945161
v -9.303030 0.775085 3.945161
v -9.311475 0.775085 3.935508
v -9.311475 0.775085 3.935508
v -9.531066 0.775085 3.715918
v -9.531066 0.775085 3.715918
v -9.540718 0.775085 3.706266
v -9.540718 0.775085 3.706266
v -9.540718 0.775085 3.694200
v -9.540718 0.775085 3.694200
v -9.540718 0.775085 3.694200
v -9.539512 0.775085 3.382913
v -9.539512 0.775085 3.382913
v -9.539512 1.052589 3.382913
v -9.539512 1.052589 3.382913
v -9.539512 1.052589 3.370848
v -9.539512 1.052589 3.370848
v -9.531066 1.064654 3.361195
v -9.310269 1.064654 3.141605
v -9.301823 1.064654 3.133159
v -9.294583 1.064654 3.122300
v -8.974852 1.064654 3.122300
v -8.961578 1.064654 3.122300
v -8.951926 1.064654 3.131953
v -8.726303 1.064654 3.357576
v -8.728717 1.064654 3.370848
v -8.728717 1.064654 3.384120
v -8.728717 1.064654 3.694200
v -8.728717 1.052589 3.707472
v -8.728717 1.052589 3.707472
v -8.737163 1.052589 3.715918
v -8.737163 1.052589 3.715918
v -8.957959 1.052589 3.936715
v -8.957959 1.052589 3.936715
v -8.966405 1.052589 3.945161
v -8.966405 1.052589 3.945161
v -8.978471 1.052589 3.945161
v -8.978471 1.052589 3.945161
v -9.289758 1.052589 3.945161
v -9.289758 1.052589 3.945161
v -9.303030 1.052589 3.945161
v -9.303030 1.052589 3.945161
v -9.311475 1.052589 3.935508
v -9.311475 1.052589 3.935508
v -9.531066 1.052589 3.715918
v -9.531066 1.052589 3.715918
v -9.540718 1.052589 3.706266
v -9.540718 1.052589 3.706266
v -9.540718 1.052589 3.694200
v -9.540718 1.052589 3.694200
v -9.540718 1.052589 3.694200
v -9.540718 1.064654 3.694200
v -9.539512 1.064654 3.382913
v -9.539512 1.064654 3.370848
v -9.541924 1.064654 3.356369
v -9.315095 1.064654 3.130746
v -9.306649 1.064654 3.122300
v -9.324748 1.055002 3.043875
v -8.944687 1.055002 3.043875
v -8.929003 1.055002 3.043875
v -8.918143 1.055002 3.054734
v -8.649085 1.055002 3.323792
v -8.717858 1.064654 3.367228
v -8.717858 1.064654 3.379293
v -8.717858 1.064654 3.699026
v -8.728717 1.064654 3.707472
v -8.737163 1.064654 3.715918
v -8.957959 1.064654 3.936715
v -8.966405 1.064654 3.945161
v -8.978471 1.064654 3.945161
v -9.289758 1.064654 3.945161
v -9.303030 1.064654 3.945161
v -9.311475 1.064654 3.935508
v -9.531066 1.064654 3.715918
v -9.540718 1.064654 3.706266
v -9.551577 1.064654 3.699026
v -9.551577 1.064654 3.379293
v -9.551577 1.064654 3.366021
v -9.619143 1.055002 3.322586
v -9.350084 1.055002 3.053527
v -9.339226 1.055002 3.043875
v -9.338019 1.041730 3.006472
v -8.930208 1.041730 3.006472
v -8.913317 1.041730 3.006472
v -8.925383 1.028458 2.994407
v -8.908491 1.028458 2.994407
v -8.924176 1.027252 2.990787
v -8.906077 1.027252 2.990787
v -8.913317 1.020012 2.963037
v -8.895220 1.020012 2.963037
v -8.881947 1.020012 2.976308
v -8.894012 1.027252 3.002852
v -8.896425 1.028458 3.006472
v -8.901252 1.041730 3.018538
v -8.612889 1.041730 3.308107
v -8.638227 1.055002 3.334651
v -8.638227 1.055002 3.349130
v -8.639432 1.055002 3.729190
v -8.717858 1.064654 3.712298
v -8.726303 1.064654 3.721951
v -8.953134 1.064654 3.947574
v -8.961578 1.064654 3.956020
v -8.974852 1.064654 3.956020
v -9.294583 1.064654 3.956020
v -9.307857 1.064654 3.956020
v -9.316301 1.064654 3.946367
v -9.541924 1.064654 3.720744
v -9.551577 1.064654 3.711092
v -9.630003 1.055002 3.729190
v -9.630003 1.055002 3.349130
v -9.630003 1.055002 3.333445
v -9.654134 1.041730 3.306901
v -9.365770 1.041730 3.018538
v -9.354911 1.041730 3.006472
v -9.342845 1.028458 2.994407
v -9.344052 1.027252 2.989580
v -9.354911 1.020012 2.963037
v -8.906077 1.003121 2.943732
v -8.886773 1.003121 2.943732
v -8.887980 0.992262 2.944939
v -8.906077 0.992262 2.944939
v -8.892806 0.975370 2.958211
v -8.912111 0.975370 2.958211
v -8.915730 0.965718 3.012505
v -8.932622 0.965718 3.012505
v -8.932622 0.946413 3.012505
v -8.915730 0.946413 3.012505
v -8.915730 0.941587 3.012505
v -8.932622 0.941587 3.012505
v -8.921763 0.939174 3.026983
v -8.921763 0.939174 3.026983
v -8.930208 0.939174 3.026983
v -8.930208 0.939174 3.026983
v -8.922970 0.707518 3.026983
v -8.930208 0.707518 3.026983
v -8.926589 0.707518 3.016124
v -8.918143 0.707518 3.016124
v -8.918143 0.684594 3.016124
v -8.926589 0.684594 3.016124
v -8.915730 0.672529 2.990787
v -8.907285 0.672529 2.990787
v -8.906077 0.654431 2.966657
v -8.897633 0.654431 2.966657
v -8.901252 0.641159 2.953385
v -8.900045 0.635126 2.950972
v -8.900045 0.627887 2.950972
v -9.369390 0.635126 2.950972
v -9.369390 0.627887 2.950972
v -9.377835 0.635126 2.950972
v -9.377835 0.627887 2.950972
v -9.383868 0.627887 2.957004
v -9.368183 0.602549 2.991993
v -9.363357 0.602549 2.987167
v -9.354911 0.602549 2.987167
v -8.914524 0.602549 2.987167
v -8.906077 0.602549 2.987167
v -8.900045 0.602549 2.993200
v -8.588758 0.602549 3.304488
v -8.582726 0.602549 3.310520
v -8.582726 0.602549 3.318966
v -8.582726 0.602549 3.318966
v -8.582726 0.602549 3.767799
v -8.582726 0.602549 3.759354
v -8.546529 0.627887 3.773832
v -8.546529 0.635126 3.304488
v -8.546529 0.635126 3.304488
v -8.548942 0.641159 3.297249
v -8.556181 0.641159 3.290009
v -8.885567 0.641159 2.960624
v -8.891600 0.654431 2.972689
v -8.902458 0.672529 2.996820
v -8.912111 0.684594 3.022157
v -8.912111 0.707518 3.022157
v -8.916937 0.707518 3.033016
v -8.916937 0.939174 3.033016
v -8.916937 0.939174 3.033016
v -8.903665 0.941587 3.024570
v -8.903665 0.946413 3.023364
v -8.903665 0.965718 3.024570
v -8.880741 0.975370 2.971483
v -8.874707 0.992262 2.958211
v -8.873502 1.003121 2.957004
v -8.570660 1.020012 3.288803
v -8.597203 1.027252 3.300868
v -8.602030 1.028458 3.302075
v -8.602030 1.041730 3.318966
v -8.602030 1.041730 3.334651
v -8.602030 1.041730 3.743669
v -8.639432 1.055002 3.744875
v -8.650291 1.055002 3.755734
v -8.919351 1.055002 4.023586
v -8.929003 1.055002 4.034445
v -8.944687 1.055002 4.034445
v -9.324748 1.055002 4.034445
v -9.340432 1.055002 4.034445
v -9.351292 1.055002 4.023586
v -9.619143 1.055002 3.754527
v -9.630003 1.055002 3.743669
v -9.666199 1.041730 3.742462
v -9.666199 1.041730 3.334651
v -9.666199 1.041730 3.317760
v -9.666199 1.028458 3.300868
v -9.370596 1.028458 3.006472
v -9.359737 1.028458 2.994407
v -9.360944 1.027252 2.989580
v -9.373010 1.020012 2.963037
v -9.380249 1.003121 2.943732
v -9.362150 1.003121 2.943732
v -9.362150 0.992262 2.944939
v -9.357324 0.975370 2.958211
v -9.335606 0.965718 3.012505
v -9.336813 0.946413 3.012505
v -9.336813 0.941587 3.012505
v -9.339226 0.939174 3.026983
v -9.339226 0.939174 3.026983
v -9.339226 0.707518 3.026983
v -9.344052 0.707518 3.016124
v -9.344052 0.684594 3.016124
v -9.353704 0.672529 2.990787
v -9.363357 0.654431 2.965450
v -9.368183 0.641159 2.953385
v -9.376629 0.641159 2.953385
v -9.383868 0.635126 2.957004
v -9.715667 0.635126 3.288803
v -9.715667 0.627887 3.288803
v -9.680677 0.602549 3.304488
v -9.685504 0.602549 3.310520
v -9.628796 0.595310 3.743669
v -9.686709 0.602549 3.759354
v -9.686709 0.602549 3.759354
v -9.628796 0.595310 3.736429
v -9.628796 0.595310 3.736429
v -9.628796 0.595310 3.341891
v -9.685504 0.602549 3.318966
v -9.628796 0.595310 3.333445
v -9.622764 0.595310 3.328619
v -9.344052 0.595310 3.049908
v -9.339226 0.595310 3.045081
v -9.331987 0.595310 3.045081
v -8.937448 0.595310 3.045081
v -8.930208 0.595310 3.045081
v -8.924176 0.595310 3.049908
v -8.645466 0.595310 3.328619
v -8.640639 0.595310 3.334651
v -8.640639 0.595310 3.341891
v -8.640639 0.595310 3.341891
v -8.640639 0.595310 3.736429
v -8.640639 0.595310 3.743669
v -8.588758 0.602549 3.773832
v -8.645466 0.595310 3.749701
v -8.900045 0.602549 4.085120
v -8.924176 0.595310 4.028412
v -8.929003 0.595310 4.033238
v -8.906077 0.602549 4.091153
v -8.890393 0.627887 4.127348
v -8.884360 0.627887 4.121316
v -8.552562 0.627887 3.789517
v -8.546529 0.627887 3.782278
v -8.546529 0.635126 3.782278
v -8.546529 0.635126 3.773832
v -8.548942 0.641159 3.305694
v -8.548942 0.641159 3.305694
v -8.562215 0.654431 3.302075
v -8.568247 0.654431 3.296042
v -8.592378 0.672529 3.305694
v -8.617716 0.684594 3.316553
v -8.617716 0.707518 3.316553
v -8.628573 0.707518 3.321379
v -8.628573 0.939174 3.321379
v -8.628573 0.939174 3.321379
v -8.618921 0.941587 3.309314
v -8.618921 0.946413 3.309314
v -8.618921 0.965718 3.310520
v -8.565834 0.975370 3.286390
v -8.552562 0.992262 3.280357
v -8.551355 1.003121 3.280357
v -8.538084 1.003121 3.292422
v -8.558595 1.020012 3.300868
v -8.585138 1.027252 3.311727
v -8.589965 1.028458 3.314140
v -8.589965 1.028458 3.329825
v -8.589965 1.028458 3.747288
v -8.602030 1.041730 3.759354
v -8.614096 1.041730 3.771419
v -8.902458 1.041730 4.059783
v -8.914524 1.041730 4.071848
v -8.930208 1.041730 4.071848
v -9.338019 1.041730 4.070642
v -9.354911 1.041730 4.070642
v -9.366976 1.041730 4.059783
v -9.655339 1.041730 3.770212
v -9.666199 1.041730 3.759354
v -9.679470 1.028458 3.747288
v -9.678265 1.028458 3.329825
v -9.678265 1.028458 3.312933
v -9.671025 1.027252 3.299662
v -9.373010 1.027252 3.001646
v -9.385075 1.020012 2.975102
v -9.393520 1.003121 2.955798
v -9.380249 0.992262 2.944939
v -9.374215 0.975370 2.958211
v -9.352498 0.965718 3.012505
v -9.352498 0.946413 3.012505
v -9.352498 0.941587 3.012505
v -9.346465 0.939174 3.026983
v -9.346465 0.939174 3.026983
v -9.346465 0.707518 3.026983
v -9.351292 0.707518 3.016124
v -9.351292 0.684594 3.016124
v -9.360944 0.672529 2.990787
v -9.371802 0.654431 2.965450
v -9.382662 0.641159 2.959417
v -9.713254 0.641159 3.290009
v -9.719287 0.641159 3.296042
v -9.721700 0.635126 3.294835
v -9.721700 0.627887 3.294835
v -9.721700 0.627887 3.304488
v -9.721700 0.627887 3.773832
v -9.721700 0.627887 3.773832
v -9.721700 0.627887 3.782278
v -9.685504 0.602549 3.767799
v -9.680677 0.602549 3.773832
v -9.622764 0.595310 3.749701
v -9.344052 0.595310 4.028412
v -9.368183 0.602549 4.085120
v -9.338019 0.595310 4.033238
v -9.362150 0.602549 4.091153
v -9.353704 0.602549 4.091153
v -9.330780 0.595310 4.033238
v -8.913317 0.602549 4.091153
v -8.936242 0.595310 4.033238
v -8.898838 0.627887 4.127348
v -8.890393 0.635126 4.127348
v -8.884360 0.635126 4.121316
v -8.552562 0.635126 3.789517
v -8.550149 0.641159 3.782278
v -8.548942 0.641159 3.772626
v -8.561007 0.654431 3.310520
v -8.561007 0.654431 3.310520
v -8.586345 0.672529 3.311727
v -8.611682 0.684594 3.322586
v -8.611682 0.707518 3.322586
v -8.622541 0.707518 3.327412
v -8.622541 0.939174 3.327412
v -8.622541 0.939174 3.327412
v -8.606856 0.941587 3.321379
v -8.606856 0.946413 3.321379
v -8.608063 0.965718 3.321379
v -8.553768 0.975370 3.298455
v -8.540497 0.992262 3.293629
v -8.538084 1.003121 3.310520
v -8.558595 1.020012 3.318966
v -8.585138 1.027252 3.328619
v -8.585138 1.027252 3.749701
v -8.589965 1.028458 3.765386
v -8.602030 1.028458 3.777452
v -8.897633 1.028458 4.071848
v -8.909698 1.028458 4.083913
v -8.925383 1.028458 4.083913
v -9.342845 1.028458 4.083913
v -9.359737 1.028458 4.082707
v -9.371802 1.028458 4.070642
v -9.667405 1.028458 3.776245
v -9.679470 1.028458 3.764180
v -9.683090 1.027252 3.749701
v -9.683090 1.027252 3.328619
v -9.683090 1.027252 3.311727
v -9.697569 1.020012 3.287596
v -9.716874 1.003121 3.279150
v -9.392314 0.992262 2.957004
v -9.387488 0.975370 2.970276
v -9.363357 0.965718 3.023364
v -9.363357 0.946413 3.023364
v -9.363357 0.941587 3.023364
v -9.351292 0.939174 3.031810
v -9.351292 0.939174 3.031810
v -9.351292 0.707518 3.031810
v -9.356118 0.707518 3.020951
v -9.356118 0.684594 3.020951
v -9.366976 0.672529 2.996820
v -9.377835 0.654431 2.971483
v -9.701188 0.654431 3.294835
v -9.707221 0.654431 3.300868
v -9.719287 0.641159 3.305694
v -9.721700 0.635126 3.304488
v -9.721700 0.635126 3.773832
v -9.721700 0.635126 3.773832
v -9.721700 0.635126 3.782278
v -9.715667 0.627887 3.789517
v -9.383868 0.627887 4.120109
v -9.377835 0.627887 4.127348
v -9.368183 0.627887 4.127348
v -8.898838 0.635126 4.127348
v -8.891600 0.641159 4.124935
v -8.885567 0.641159 4.118903
v -8.556181 0.641159 3.788311
v -8.562215 0.654431 3.776245
v -8.562215 0.654431 3.767799
v -8.586345 0.672529 3.320173
v -8.586345 0.672529 3.320173
v -8.611682 0.684594 3.331032
v -8.611682 0.684594 3.331032
v -8.611682 0.707518 3.331032
v -8.611682 0.707518 3.331032
v -8.622541 0.707518 3.334651
v -8.622541 0.707518 3.334651
v -8.622541 0.939174 3.334651
v -8.622541 0.939174 3.334651
v -8.622541 0.939174 3.334651
v -8.606856 0.941587 3.337065
v -8.606856 0.946413 3.337065
v -8.608063 0.965718 3.337065
v -8.553768 0.975370 3.316553
v -8.540497 0.992262 3.311727
v -8.539289 1.003121 3.767799
v -8.558595 1.020012 3.759354
v -8.585138 1.027252 3.766593
v -8.598411 1.027252 3.778658
v -8.895220 1.027252 4.076674
v -8.907285 1.027252 4.087533
v -8.924176 1.027252 4.087533
v -9.345259 1.027252 4.087533
v -9.362150 1.027252 4.087533
v -9.374215 1.027252 4.075468
v -9.671025 1.027252 3.777452
v -9.683090 1.027252 3.765386
v -9.710840 1.020012 3.759354
v -9.709635 1.020012 3.317760
v -9.709635 1.020012 3.299662
v -9.730145 1.003121 3.292422
v -9.728939 0.992262 3.292422
v -9.715667 0.992262 3.279150
v -9.702395 0.975370 3.285183
v -9.649307 0.965718 3.309314
v -9.649307 0.946413 3.308107
v -9.649307 0.941587 3.308107
v -9.640861 0.939174 3.321379
v -9.640861 0.939174 3.321379
v -9.640861 0.707518 3.321379
v -9.651720 0.707518 3.316553
v -9.651720 0.684594 3.316553
v -9.675851 0.672529 3.305694
v -9.681884 0.672529 3.311727
v -9.707221 0.654431 3.310520
v -9.707221 0.654431 3.767799
v -9.707221 0.654431 3.767799
v -9.719287 0.641159 3.772626
v -9.719287 0.641159 3.772626
v -9.719287 0.641159 3.781071
v -9.715667 0.635126 3.789517
v -9.383868 0.635126 4.120109
v -9.377835 0.635126 4.127348
v -9.368183 0.635126 4.127348
v -8.900045 0.641159 4.124935
v -8.896425 0.654431 4.111663
v -8.891600 0.654431 4.105631
v -8.568247 0.654431 3.782278
v -8.586345 0.672529 3.766593
v -8.586345 0.672529 3.758147
v -8.611682 0.684594 3.748495
v -8.611682 0.707518 3.748495
v -8.622541 0.707518 3.743669
v -8.622541 0.939174 3.743669
v -8.622541 0.939174 3.743669
v -8.608063 0.941587 3.741256
v -8.606856 0.946413 3.741256
v -8.608063 0.965718 3.741256
v -8.553768 0.975370 3.761767
v -8.540497 0.992262 3.766593
v -8.540497 0.992262 3.785897
v -8.539289 1.003121 3.785897
v -8.558595 1.020012 3.777452
v -8.571867 1.020012 3.790724
v -8.884360 1.020012 4.103218
v -8.896425 1.020012 4.115283
v -8.913317 1.020012 4.115283
v -9.354911 1.020012 4.115283
v -9.373010 1.020012 4.115283
v -9.386281 1.020012 4.102011
v -9.697569 1.020012 3.789517
v -9.710840 1.020012 3.777452
v -9.730145 1.003121 3.785897
v -9.730145 1.003121 3.767799
v -9.730145 1.003121 3.310520
v -9.728939 0.992262 3.311727
v -9.715667 0.975370 3.298455
v -9.661373 0.965718 3.320173
v -9.661373 0.946413 3.320173
v -9.661373 0.941587 3.320173
v -9.645687 0.939174 3.326205
v -9.645687 0.939174 3.326205
v -9.645687 0.707518 3.326205
v -9.656547 0.707518 3.322586
v -9.656547 0.684594 3.322586
v -9.681884 0.672529 3.320173
v -9.681884 0.672529 3.756941
v -9.681884 0.672529 3.756941
v -9.681884 0.672529 3.765386
v -9.707221 0.654431 3.776245
v -9.713254 0.641159 3.788311
v -9.382662 0.641159 4.117696
v -9.376629 0.641159 4.123729
v -9.366976 0.641159 4.123729
v -8.904872 0.654431 4.111663
v -8.907285 0.672529 4.087533
v -8.901252 0.672529 4.081501
v -8.592378 0.672529 3.772626
v -8.611682 0.684594 3.755734
v -8.611682 0.707518 3.755734
v -8.622541 0.707518 3.750908
v -8.622541 0.939174 3.750908
v -8.622541 0.939174 3.750908
v -8.608063 0.941587 3.758147
v -8.608063 0.946413 3.758147
v -8.608063 0.965718 3.758147
v -8.553768 0.975370 3.779865
v -8.553768 0.992262 3.799170
v -8.552562 1.003121 3.799170
v -8.874707 1.003121 4.122522
v -8.887980 1.003121 4.134588
v -8.906077 1.003121 4.134588
v -9.363357 1.003121 4.134588
v -9.381454 1.003121 4.134588
v -9.394727 1.003121 4.121316
v -9.716874 1.003121 3.797963
v -9.728939 0.992262 3.784691
v -9.728939 0.992262 3.766593
v -9.715667 0.975370 3.316553
v -9.661373 0.965718 3.337065
v -9.661373 0.946413 3.337065
v -9.661373 0.941587 3.337065
v -9.645687 0.939174 3.334651
v -9.645687 0.939174 3.334651
v -9.645687 0.707518 3.334651
v -9.656547 0.707518 3.329825
v -9.656547 0.684594 3.329825
v -9.657753 0.684594 3.747288
v -9.657753 0.684594 3.747288
v -9.656547 0.684594 3.755734
v -9.675851 0.672529 3.771419
v -9.701188 0.654431 3.782278
v -9.377835 0.654431 4.105631
v -9.370596 0.654431 4.111663
v -9.362150 0.654431 4.111663
v -8.915730 0.672529 4.087533
v -8.918143 0.684594 4.062196
v -8.912111 0.684594 4.057369
v -8.617716 0.684594 3.761767
v -8.617716 0.707518 3.761767
v -8.628573 0.707518 3.756941
v -8.628573 0.939174 3.756941
v -8.628573 0.939174 3.756941
v -8.618921 0.941587 3.769006
v -8.618921 0.946413 3.769006
v -8.618921 0.965718 3.769006
v -8.567040 0.975370 3.793137
v -8.875915 0.992262 4.120109
v -8.889186 0.992262 4.133381
v -8.906077 0.992262 4.133381
v -9.362150 0.992262 4.133381
v -9.381454 0.992262 4.133381
v -9.394727 0.992262 4.120109
v -9.715667 0.992262 3.797963
v -9.702395 0.975370 3.791930
v -9.715667 0.975370 3.778658
v -9.715667 0.975370 3.761767
v -9.661373 0.965718 3.741256
v -9.661373 0.946413 3.749701
v -9.661373 0.941587 3.749701
v -9.645687 0.939174 3.743669
v -9.645687 0.939174 3.743669
v -9.645687 0.939174 3.743669
v -9.645687 0.707518 3.742462
v -9.645687 0.707518 3.742462
v -9.656547 0.707518 3.747288
v -9.656547 0.707518 3.747288
v -9.656547 0.707518 3.755734
v -9.651720 0.684594 3.761767
v -9.366976 0.672529 4.081501
v -9.360944 0.672529 4.086327
v -9.352498 0.672529 4.086327
v -8.925383 0.684594 4.062196
v -8.918143 0.707518 4.062196
v -8.912111 0.707518 4.057369
v -8.916937 0.707518 4.045304
v -8.916937 0.939174 4.045304
v -8.916937 0.939174 4.045304
v -8.904872 0.941587 4.054956
v -8.904872 0.946413 4.054956
v -8.904872 0.965718 4.054956
v -8.881947 0.975370 4.108044
v -8.894012 0.975370 4.120109
v -8.912111 0.975370 4.120109
v -9.357324 0.975370 4.120109
v -9.375422 0.975370 4.120109
v -9.388694 0.975370 4.106837
v -9.649307 0.965718 3.767799
v -9.661373 0.965718 3.756941
v -9.661373 0.946413 3.756941
v -9.661373 0.941587 3.756941
v -9.645687 0.939174 3.750908
v -9.645687 0.939174 3.750908
v -9.645687 0.707518 3.750908
v -9.651720 0.707518 3.761767
v -9.356118 0.684594 4.056163
v -9.350084 0.684594 4.062196
v -9.342845 0.684594 4.062196
v -8.925383 0.707518 4.062196
v -8.921763 0.707518 4.051337
v -8.922970 0.939174 4.051337
v -8.922970 0.939174 4.051337
v -8.916937 0.941587 4.065815
v -8.916937 0.946413 4.065815
v -8.916937 0.965718 4.065815
v -8.932622 0.965718 4.065815
v -9.336813 0.965718 4.065815
v -9.352498 0.965718 4.065815
v -9.364563 0.965718 4.053750
v -9.650514 0.946413 3.767799
v -9.650514 0.941587 3.767799
v -9.640861 0.939174 3.756941
v -9.640861 0.939174 3.756941
v -9.640861 0.707518 3.756941
v -9.351292 0.707518 4.045304
v -9.356118 0.707518 4.056163
v -9.350084 0.707518 4.062196
v -9.342845 0.707518 4.062196
v -9.338019 0.707518 4.051337
v -8.930208 0.707518 4.051337
v -8.930208 0.939174 4.051337
v -8.930208 0.939174 4.051337
v -8.932622 0.941587 4.065815
v -8.932622 0.946413 4.065815
v -9.336813 0.946413 4.065815
v -9.352498 0.946413 4.065815
v -9.364563 0.946413 4.053750
v -9.364563 0.941587 4.053750
v -9.351292 0.939174 4.045304
v -9.351292 0.939174 4.045304
v -9.346465 0.707518 4.050130
v -9.338019 0.939174 4.051337
v -9.338019 0.939174 4.051337
v -9.336813 0.941587 4.065815
v -9.352498 0.941587 4.065815
v -9.346465 0.939174 4.051337
v -9.346465 0.939174 4.051337
vn -0.6568 -0.3763 0.6535
vn -0.8470 -0.4000 0.3500
vn -0.7958 -0.5082 0.3293
vn -0.9273 -0.3744 -0.0000
vn -0.8709 -0.4915 -0.0027
vn -0.9269 -0.3754 -0.0025
vn -0.7958 -0.5082 -0.3292
vn -0.8452 -0.4007 -0.3537
vn -0.6568 -0.3762 -0.6535
vn -0.6172 -0.4924 -0.6137
vn -0.6535 -0.3762 -0.6568
vn -0.6138 -0.4924 -0.6171
vn -0.3292 -0.5082 -0.7958
vn -0.3500 -0.4000 -0.8470
vn -0.0000 -0.3745 -0.9272
vn -0.0000 -0.4904 -0.8715
vn 0.0026 -0.3753 -0.9269
vn 0.0027 -0.4915 -0.8709
vn 0.3292 -0.5082 -0.7958
vn 0.3501 -0.4001 -0.8470
vn 0.6535 -0.3763 -0.6568
vn 0.6138 -0.4924 -0.6171
vn 0.6568 -0.3762 -0.6535
vn 0.6171 -0.4924 -0.6138
vn 0.7958 -0.5082 -0.3292
vn 0.8470 -0.4001 -0.3500
vn 0.9272 -0.3745 -0.0000
vn 0.8709 -0.4915 0.0027
vn 0.9269 -0.3754 0.0025
vn 0.7958 -0.5082 0.3292
vn 0.8452 -0.4007 0.3537
vn 0.6568 -0.3763 0.6535
vn 0.6171 -0.4924 0.6138
vn 0.6535 -0.3763 0.6567
vn 0.6138 -0.4924 0.6171
vn 0.3292 -0.5082 0.7959
vn 0.3501 -0.4001 0.8470
vn -0.0000 -0.3745 0.9272
vn -0.0000 -0.4904 0.8715
vn -0.0026 -0.3753 0.9269
vn -0.0027 -0.4915 0.8709
vn -0.3292 -0.5082 0.7958
vn -0.3501 -0.4001 0.8470
vn -0.6535 -0.3763 0.6568
vn -0.6138 -0.4924 0.6171
vn -0.6171 -0.4924 0.6138
vn -0.5004 -0.8401 0.2093
vn -0.4967 -0.8679 -0.0000
vn -0.4947 -0.8691 -0.0027
vn -0.5004 -0.8401 -0.2092
vn -0.3500 -0.8689 -0.3500
vn -0.2060 -0.8394 -0.5030
vn -0.0000 -0.8679 -0.4967
vn 0.0027 -0.8690 -0.4947
vn 0.2093 -0.8401 -0.5004
vn 0.3500 -0.8689 -0.3500
vn 0.5004 -0.8401 -0.2092
vn 0.4967 -0.8679 -0.0000
vn 0.4947 -0.8691 0.0027
vn 0.5004 -0.8401 0.2093
vn 0.3500 -0.8689 0.3500
vn 0.2061 -0.8394 0.5030
vn -0.0000 -0.8679 0.4967
vn -0.0027 -0.8691 0.4947
vn -0.2093 -0.8401 0.5004
vn -0.3500 -0.8689 0.3500
vn -0.3469 -0.9267 0.1443
vn -0.4746 -0.8802 -0.0000
vn -0.4725 -0.8813 -0.0027
vn -0.3502 -0.9255 -0.1445
vn -0.3370 -0.8803 -0.3339
vn -0.3340 -0.8803 -0.3369
vn -0.1443 -0.9268 -0.3469
vn -0.0000 -0.8802 -0.4746
vn 0.0027 -0.8813 -0.4725
vn 0.1445 -0.9255 -0.3502
vn 0.3339 -0.8803 -0.3370
vn 0.3369 -0.8803 -0.3339
vn 0.3468 -0.9268 -0.1443
vn 0.4746 -0.8802 -0.0000
vn 0.4745 -0.8802 -0.0000
vn 0.4725 -0.8813 0.0026
vn 0.3501 -0.9255 0.1445
vn 0.3370 -0.8803 0.3339
vn 0.3339 -0.8803 0.3370
vn 0.1443 -0.9267 0.3469
vn -0.0000 -0.8802 0.4746
vn -0.0027 -0.8813 0.4725
vn -0.1445 -0.9255 0.3502
vn -0.3339 -0.8803 0.3369
vn -0.3370 -0.8803 0.3340
vn -0.7765 -0.5422 0.3209
vn -0.8691 -0.4947 -0.0027
vn -0.7765 -0.5423 -0.3209
vn -0.6140 -0.4960 -0.6140
vn -0.6140 -0.4959 -0.6140
vn -0.3208 -0.5423 -0.7765
vn -0.0000 -0.4935 -0.8697
vn 0.0027 -0.4947 -0.8691
vn 0.3209 -0.5423 -0.7765
vn 0.6140 -0.4960 -0.6140
vn 0.7765 -0.5423 -0.3208
vn 0.8691 -0.4947 0.0027
vn 0.8690 -0.4947 0.0027
vn 0.7765 -0.5423 0.3209
vn 0.6140 -0.4960 0.6140
vn 0.6140 -0.4959 0.6140
vn 0.3209 -0.5423 0.7765
vn -0.0000 -0.4935 0.8697
vn -0.0027 -0.4947 0.8691
vn -0.3209 -0.5423 0.7765
vn -0.6140 -0.4960 0.6140
vn -0.6140 -0.4959 0.6140
vn -0.7929 -0.5147 0.3261
vn -0.8624 -0.5062 -0.0000
vn -0.8617 -0.5074 -0.0026
vn -0.7929 -0.5147 -0.3261
vn -0.6113 -0.5066 -0.6080
vn -0.6080 -0.5066 -0.6113
vn -0.3261 -0.5148 -0.7929
vn -0.0000 -0.5062 -0.8624
vn 0.0027 -0.5074 -0.8617
vn 0.3298 -0.5155 -0.7909
vn 0.6079 -0.5066 -0.6113
vn 0.6113 -0.5066 -0.6080
vn 0.7929 -0.5147 -0.3261
vn 0.8624 -0.5062 -0.0000
vn 0.8617 -0.5074 0.0027
vn 0.7929 -0.5147 0.3261
vn 0.6113 -0.5066 0.6079
vn 0.6079 -0.5066 0.6113
vn 0.3261 -0.5147 0.7929
vn -0.0000 -0.5062 0.8624
vn -0.0027 -0.5074 0.8617
vn -0.3298 -0.5155 0.7909
vn -0.6080 -0.5066 0.6113
vn -0.6113 -0.5066 0.6079
vn -0.4799 -0.8547 0.1979
vn -0.4809 -0.8768 -0.0000
vn -0.4820 -0.8762 -0.0027
vn -0.4799 -0.8547 -0.1980
vn -0.3411 -0.8771 -0.3381
vn -0.1980 -0.8547 -0.4799
vn -0.0000 -0.8768 -0.4809
vn 0.0027 -0.8762 -0.4820
vn 0.1980 -0.8547 -0.4799
vn 0.3381 -0.8771 -0.3411
vn 0.3411 -0.8771 -0.3381
vn 0.4799 -0.8547 -0.1979
vn 0.4809 -0.8768 -0.0000
vn 0.4820 -0.8762 0.0027
vn 0.4798 -0.8547 0.1979
vn 0.3411 -0.8771 0.3381
vn 0.1979 -0.8547 0.4799
vn -0.0000 -0.8768 0.4809
vn -0.0027 -0.8761 0.4821
vn -0.1979 -0.8547 0.4799
vn -0.3381 -0.8771 0.3411
vn -0.3411 -0.8771 0.3381
vn -0.2764 -0.9213 0.2735
vn -0.2899 -0.9495 0.1197
vn -0.3877 -0.9218 -0.0026
vn -0.2899 -0.9495 -0.1197
vn -0.2759 -0.9225 -0.2701
vn -0.2735 -0.9213 -0.2764
vn -0.1197 -0.9495 -0.2899
vn -0.0000 -0.9208 -0.3899
vn 0.0026 -0.9218 -0.3877
vn 0.1197 -0.9495 -0.2899
vn 0.2730 -0.9225 -0.2730
vn 0.2764 -0.9213 -0.2735
vn 0.2899 -0.9495 -0.1197
vn 0.3877 -0.9218 0.0026
vn 0.2899 -0.9495 0.1197
vn 0.2759 -0.9225 0.2701
vn 0.2735 -0.9213 0.2764
vn 0.1197 -0.9495 0.2899
vn -0.0000 -0.9208 0.3899
vn -0.0026 -0.9218 0.3877
vn -0.1197 -0.9495 0.2899
vn -0.2730 -0.9225 0.2730
vn -0.5862 -0.5591 0.5863
vn -0.7204 -0.6272 0.2959
vn -0.8287 -0.5597 -0.0000
vn -0.8278 -0.5610 -0.0028
vn -0.7212 -0.6246 -0.2995
vn -0.5863 -0.5625 -0.5829
vn -0.5862 -0.5591 -0.5863
vn -0.2995 -0.6280 -0.7182
vn -0.0000 -0.5597 -0.8287
vn 0.0027 -0.5610 -0.8278
vn 0.2994 -0.6246 -0.7212
vn 0.5829 -0.5626 -0.5863
vn 0.5862 -0.5591 -0.5863
vn 0.7205 -0.6272 -0.2959
vn 0.8287 -0.5597 -0.0000
vn 0.8278 -0.5610 0.0027
vn 0.7212 -0.6246 0.2994
vn 0.5863 -0.5626 0.5829
vn 0.5862 -0.5592 0.5862
vn 0.2995 -0.6281 0.7182
vn -0.0000 -0.5597 0.8287
vn -0.0027 -0.5609 0.8278
vn -0.2995 -0.6247 0.7212
vn -0.5829 -0.5626 0.5863
vn -0.7071 0.0635 0.7043
vn -0.9211 0.0727 0.3825
vn -0.9981 0.0622 -0.0000
vn -0.9980 0.0625 -0.0042
vn -0.9211 0.0727 -0.3824
vn -0.7071 0.0635 -0.7042
vn -0.7042 0.0635 -0.7071
vn -0.3824 0.0727 -0.9211
vn -0.0000 0.0622 -0.9981
vn 0.0042 0.0625 -0.9980
vn 0.3824 0.0727 -0.9211
vn 0.7042 0.0635 -0.7071
vn 0.7071 0.0635 -0.7043
vn 0.9211 0.0728 -0.3825
vn 0.9981 0.0623 -0.0000
vn 0.9980 0.0625 0.0042
vn 0.9211 0.0728 0.3824
vn 0.7071 0.0635 0.7042
vn 0.7042 0.0635 0.7071
vn 0.3824 0.0727 0.9211
vn -0.0000 0.0622 0.9981
vn -0.0042 0.0625 0.9980
vn -0.3825 0.0727 0.9211
vn -0.7042 0.0635 0.7071
vn -0.5796 0.5728 0.5796
vn -0.7205 0.6272 0.2959
vn -0.8201 0.5722 -0.0000
vn -0.8192 0.5735 -0.0027
vn -0.7205 0.6272 -0.2959
vn -0.5830 0.5728 -0.5762
vn -0.5796 0.5728 -0.5796
vn -0.2959 0.6272 -0.7205
vn -0.0000 0.5722 -0.8201
vn 0.0027 0.5735 -0.8192
vn 0.2995 0.6280 -0.7182
vn 0.5796 0.5728 -0.5796
vn 0.7205 0.6272 -0.2959
vn 0.8201 0.5722 -0.0000
vn 0.8192 0.5735 0.0027
vn 0.7204 0.6272 0.2959
vn 0.5830 0.5728 0.5762
vn 0.5796 0.5728 0.5796
vn 0.2959 0.6272 0.7205
vn -0.0000 0.5722 0.8201
vn -0.0027 0.5735 0.8192
vn -0.2995 0.6281 0.7182
vn -0.5763 0.5797 0.5761
vn -0.7496 0.5855 0.3088
vn -0.8135 0.5815 -0.0000
vn -0.8136 0.5815 -0.0000
vn -0.8139 0.5810 -0.0055
vn -0.7496 0.5855 -0.3088
vn -0.5762 0.5797 -0.5761
vn -0.5762 0.5796 -0.5762
vn -0.3088 0.5855 -0.7495
vn -0.0000 0.5815 -0.8136
vn 0.0027 0.5797 -0.8148
vn 0.3125 0.5863 -0.7474
vn 0.5728 0.5796 -0.5796
vn 0.5762 0.5796 -0.5762
vn 0.7495 0.5855 -0.3088
vn 0.8135 0.5815 -0.0000
vn 0.8139 0.5810 0.0055
vn 0.7495 0.5855 0.3089
vn 0.5763 0.5795 0.5763
vn 0.5762 0.5796 0.5762
vn 0.3088 0.5855 0.7496
vn -0.0000 0.5815 0.8135
vn -0.0027 0.5796 0.8149
vn -0.3125 0.5863 0.7474
vn -0.5728 0.5796 0.5796
vn -0.6936 0.2053 0.6905
vn -0.9042 0.2093 0.3722
vn -0.9790 0.2037 -0.0000
vn -0.9790 0.2036 -0.0000
vn -0.9788 0.2046 -0.0046
vn -0.9043 0.2093 -0.3722
vn -0.6936 0.2053 -0.6904
vn -0.6905 0.2053 -0.6936
vn -0.3756 0.2097 -0.9027
vn -0.0000 0.2037 -0.9790
vn 0.0046 0.2046 -0.9788
vn 0.3757 0.2096 -0.9027
vn 0.6905 0.2053 -0.6936
vn 0.6936 0.2053 -0.6905
vn 0.9042 0.2094 -0.3722
vn 0.9790 0.2037 -0.0000
vn 0.9788 0.2046 0.0047
vn 0.9042 0.2093 0.3722
vn 0.6936 0.2053 0.6905
vn 0.6905 0.2053 0.6936
vn 0.3757 0.2096 0.9027
vn -0.0000 0.2037 0.9790
vn -0.0046 0.2046 0.9788
vn -0.3757 0.2097 0.9027
vn -0.6905 0.2053 0.6936
vn -0.6641 -0.3435 0.6641
vn -0.8704 -0.3341 0.3616
vn -0.9390 -0.3440 -0.0000
vn -0.9395 -0.3425 -0.0050
vn -0.8704 -0.3341 -0.3616
vn -0.6674 -0.3435 -0.6608
vn -0.6641 -0.3435 -0.6641
vn -0.3616 -0.3341 -0.8704
vn -0.0000 -0.3440 -0.9390
vn 0.0050 -0.3426 -0.9395
vn 0.3616 -0.3341 -0.8704
vn 0.6641 -0.3435 -0.6641
vn 0.8704 -0.3341 -0.3617
vn 0.9390 -0.3440 -0.0000
vn 0.9395 -0.3426 0.0050
vn 0.8704 -0.3341 0.3617
vn 0.6674 -0.3435 0.6608
vn 0.6641 -0.3435 0.6641
vn 0.3616 -0.3341 0.8704
vn -0.0000 -0.3440 0.9390
vn -0.0050 -0.3425 0.9395
vn -0.3617 -0.3341 0.8704
vn -0.3542 -0.8655 0.3542
vn -0.4959 -0.8437 0.2056
vn -0.4999 -0.8661 -0.0000
vn -0.5010 -0.8654 -0.0027
vn -0.4959 -0.8437 -0.2056
vn -0.3542 -0.8655 -0.3542
vn -0.2056 -0.8437 -0.4959
vn -0.0000 -0.8661 -0.4998
vn 0.0027 -0.8654 -0.5010
vn 0.2056 -0.8437 -0.4959
vn 0.3542 -0.8655 -0.3542
vn 0.4959 -0.8437 -0.2056
vn 0.4999 -0.8661 -0.0000
vn 0.5010 -0.8654 0.0027
vn 0.4959 -0.8437 0.2057
vn 0.3542 -0.8655 0.3542
vn 0.2056 -0.8437 0.4960
vn -0.0000 -0.8661 0.4999
vn -0.0027 -0.8654 0.5010
vn -0.2056 -0.8437 0.4959
vn -0.5439 -0.6419 0.5405
vn -0.6274 -0.7351 0.2567
vn -0.7689 -0.6393 -0.0000
vn -0.7689 -0.6394 -0.0000
vn -0.7678 -0.6407 -0.0027
vn -0.6284 -0.7331 -0.2602
vn -0.5439 -0.6419 -0.5405
vn -0.2602 -0.7360 -0.6250
vn -0.0000 -0.6395 -0.7688
vn 0.0028 -0.6407 -0.7678
vn 0.2602 -0.7331 -0.6284
vn 0.5405 -0.6419 -0.5439
vn 0.5439 -0.6419 -0.5405
vn 0.6274 -0.7352 -0.2567
vn 0.7689 -0.6393 -0.0000
vn 0.7689 -0.6394 -0.0000
vn 0.7678 -0.6407 0.0028
vn 0.6284 -0.7331 0.2602
vn 0.5439 -0.6419 0.5405
vn 0.2602 -0.7360 0.6250
vn -0.0000 -0.6395 0.7688
vn -0.0028 -0.6407 0.7678
vn -0.2602 -0.7331 0.6284
vn -0.5405 -0.6419 0.5439
vn -0.6915 0.1984 0.6946
vn -0.6946 0.1985 0.6915
vn -0.9002 0.2258 0.3724
vn -0.9800 0.1988 -0.0023
vn -0.9799 0.1993 -0.0046
vn -0.9002 0.2258 -0.3724
vn -0.6946 0.1984 -0.6915
vn -0.6915 0.1985 -0.6946
vn -0.3724 0.2258 -0.9002
vn -0.0000 0.1984 -0.9801
vn 0.0046 0.1992 -0.9799
vn 0.3724 0.2258 -0.9002
vn 0.6915 0.1985 -0.6946
vn 0.6946 0.1985 -0.6915
vn 0.9002 0.2258 -0.3724
vn 0.9800 0.1988 0.0023
vn 0.9799 0.1993 0.0046
vn 0.9002 0.2258 0.3724
vn 0.6946 0.1985 0.6915
vn 0.6915 0.1985 0.6946
vn 0.3724 0.2258 0.9002
vn -0.0000 0.1983 0.9801
vn -0.0046 0.1992 0.9799
vn -0.3724 0.2258 0.9002
vn -0.5828 0.5591 0.5897
vn -0.5862 0.5591 0.5863
vn -0.7309 0.6117 0.3027
vn -0.8287 0.5597 -0.0000
vn -0.8291 0.5591 -0.0055
vn -0.7309 0.6117 -0.3027
vn -0.5863 0.5591 -0.5862
vn -0.5862 0.5591 -0.5862
vn -0.3026 0.6117 -0.7309
vn -0.0000 0.5597 -0.8287
vn 0.0027 0.5578 -0.8299
vn 0.3027 0.6118 -0.7309
vn 0.5829 0.5591 -0.5896
vn 0.5862 0.5592 -0.5862
vn 0.7309 0.6118 -0.3026
vn 0.8287 0.5598 -0.0000
vn 0.8287 0.5597 -0.0000
vn 0.8291 0.5591 0.0055
vn 0.7309 0.6118 0.3026
vn 0.5863 0.5592 0.5862
vn 0.5862 0.5591 0.5863
vn 0.3027 0.6117 0.7309
vn -0.0000 0.5597 0.8287
vn -0.0027 0.5578 0.8299
vn -0.3026 0.6118 0.7309
vn -0.4940 0.7109 0.5006
vn -0.4973 0.7109 0.4973
vn -0.6216 0.7389 0.2600
vn -0.7030 0.7112 -0.0000
vn -0.7015 0.7126 -0.0028
vn -0.6216 0.7389 -0.2601
vn -0.4973 0.7109 -0.4973
vn -0.2566 0.7381 -0.6240
vn -0.0000 0.7113 -0.7029
vn 0.0028 0.7126 -0.7015
vn 0.2566 0.7381 -0.6240
vn 0.4940 0.7109 -0.5006
vn 0.4973 0.7109 -0.4973
vn 0.6216 0.7389 -0.2601
vn 0.7029 0.7112 -0.0000
vn 0.7029 0.7113 -0.0000
vn 0.7016 0.7126 0.0028
vn 0.6216 0.7389 0.2601
vn 0.4973 0.7109 0.4973
vn 0.2566 0.7381 0.6240
vn -0.0000 0.7113 0.7029
vn -0.0028 0.7126 0.7015
vn -0.2566 0.7381 0.6240
vn -0.3538 0.3756 0.8566
vn -0.6492 0.3908 0.6525
vn -0.6525 0.3909 0.6492
vn -0.8566 0.3755 0.3538
vn -0.9209 0.3899 -0.0000
vn -0.9205 0.3908 -0.0026
vn -0.8548 0.3762 -0.3575
vn -0.6525 0.3909 -0.6492
vn -0.6492 0.3908 -0.6525
vn -0.3538 0.3755 -0.8566
vn -0.0000 0.3899 -0.9209
vn 0.0026 0.3908 -0.9205
vn 0.3539 0.3755 -0.8566
vn 0.6492 0.3909 -0.6525
vn 0.6525 0.3909 -0.6492
vn 0.8566 0.3756 -0.3539
vn 0.9209 0.3899 -0.0000
vn 0.9205 0.3908 0.0026
vn 0.8548 0.3761 0.3575
vn 0.6525 0.3908 0.6492
vn 0.6492 0.3908 0.6525
vn 0.3538 0.3755 0.8566
vn -0.0000 0.3899 0.9209
vn -0.0026 0.3908 0.9205
vn -0.3815 0.0026 0.9244
vn -0.7043 0.0028 0.7099
vn -0.7071 0.0027 0.7071
vn -0.9243 0.0026 0.3815
vn -1.0000 0.0039 -0.0000
vn -1.0000 0.0039 -0.0039
vn -0.9231 0.0025 -0.3846
vn -0.7098 0.0028 -0.7043
vn -0.7071 0.0027 -0.7071
vn -0.3815 0.0026 -0.9244
vn -0.0000 0.0039 -1.0000
vn 0.0039 0.0039 -1.0000
vn 0.3815 0.0026 -0.9243
vn 0.7043 0.0028 -0.7099
vn 0.7071 0.0028 -0.7071
vn 0.9244 0.0026 -0.3815
vn 1.0000 0.0039 -0.0000
vn 1.0000 0.0039 0.0039
vn 0.9231 0.0026 0.3846
vn 0.7099 0.0028 0.7043
vn 0.7071 0.0027 0.7071
vn 0.3815 0.0025 0.9244
vn -0.0000 0.0039 1.0000
vn -0.0039 0.0039 1.0000
vn -0.3837 -0.0000 0.9234
vn -0.7057 -0.0000 0.7085
vn -0.7085 -0.0000 0.7057
vn -0.9248 -0.0000 0.3805
vn -1.0000 -0.0000 -0.0000
vn -1.0000 -0.0000 -0.0039
vn -0.9235 -0.0000 -0.3836
vn -0.7086 -0.0000 -0.7057
vn -0.7059 -0.0000 -0.7083
vn -0.3808 -0.0000 -0.9247
vn -0.0000 -0.0000 -1.0000
vn 0.0039 -0.0000 -1.0000
vn 0.3837 -0.0000 -0.9235
vn 0.7058 -0.0000 -0.7085
vn 0.7085 -0.0000 -0.7058
vn 0.9247 -0.0000 -0.3806
vn 1.0000 -0.0000 -0.0000
vn 1.0000 -0.0000 0.0039
vn 0.9235 -0.0000 0.3836
vn 0.7085 -0.0000 0.7057
vn 0.7058 -0.0000 0.7084
vn 0.3807 -0.0000 0.9247
vn -0.0000 -0.0000 1.0000
vn -0.0039 -0.0000 1.0000
vn 0.8829 -0.4694 -0.0107
vn 0.8281 -0.4424 -0.3444
vn 0.9080 0.1839 -0.3764
vn 0.6322 -0.4708 -0.6154
vn 0.7015 0.1815 -0.6892
vn 0.6222 -0.4708 -0.6255
vn 0.6923 0.1815 -0.6984
vn 0.3445 -0.4424 -0.8280
vn 0.3764 0.1839 -0.9080
vn 0.3241 0.5358 -0.7797
vn -0.4980 0.7052 0.5047
vn -0.0000 1.0000 -0.0000
vn 0.2961 0.6306 0.7174
vn -0.0000 0.7058 0.7084
vn -0.0027 0.7071 0.7071
vn -0.2607 0.6518 0.7122
vn -0.3901 0.0181 0.9206
vn -0.5010 0.7081 0.4977
vn -0.7173 0.6373 0.2818
vn -0.7071 0.7071 -0.0027
vn 0.5014 0.7052 0.5013
vn 0.4977 0.7080 0.5010
vn -0.3901 0.0182 0.9206
vn -0.7085 -0.0000 0.7058
vn -0.9236 0.0077 0.3833
vn -0.7152 0.6314 -0.2996
vn -0.5013 0.7052 -0.5014
vn -0.4977 0.7081 -0.5010
vn -0.2960 0.6306 -0.7175
vn -0.0000 0.7058 -0.7084
vn 0.0027 0.7071 -0.7071
vn 0.2960 0.6306 -0.7174
vn 0.4980 0.7052 -0.5046
vn 0.5010 0.7081 -0.4976
vn 0.7175 0.6306 -0.2960
vn 0.7071 0.7071 0.0027
vn 0.7071 0.7071 0.0028
vn 0.7175 0.6306 0.2960
vn 0.9235 -0.0000 0.3837
vn 0.7061 -0.0000 0.7081
vn 0.3806 -0.0000 0.9247
vn -0.0000 0.7058 0.7085
vn -0.2292 0.8022 0.5513
vn -0.4976 0.7081 0.5010
vn -0.9247 -0.0000 0.3807
vn -0.9247 -0.0000 0.3806
vn -0.9235 -0.0000 -0.3837
vn -0.7084 -0.0000 -0.7058
vn -0.7057 -0.0000 -0.7085
vn -0.3807 -0.0000 -0.9247
vn 0.7058 -0.0000 -0.7084
vn 0.7085 -0.0000 -0.7057
vn 0.9234 -0.0000 0.3837
vn 0.7085 -0.0000 0.7058
vn 0.5010 0.7081 0.4977
vn 0.7062 -0.0000 0.7080
vn 0.4976 0.7081 0.5010
vn 0.2257 0.8039 0.5503
vn -0.0000 0.9982 -0.0601
vn -0.0000 0.9982 -0.0600
vn 0.0255 0.9976 -0.0638
vn 0.0424 0.9982 -0.0423
vn 0.0425 0.9982 -0.0425
vn -0.5503 0.8039 0.2257
vn -0.7058 -0.0000 -0.7084
vn -0.3806 -0.0000 -0.9247
vn 0.5514 0.8022 0.2291
vn -0.0424 0.9982 -0.0424
vn -0.0256 0.9976 -0.0639
vn -0.0000 0.9736 -0.2282
vn -0.0000 0.9730 -0.2309
vn 0.0904 0.9711 -0.2208
vn 0.1626 0.9732 -0.1626
vn 0.0638 0.9976 -0.0256
vn 0.0601 0.9982 -0.0000
vn -0.5513 0.8022 -0.2292
vn -0.5010 0.7080 -0.4977
vn -0.2257 0.8039 -0.5503
vn 0.3836 -0.0000 -0.9235
vn 0.2292 0.8022 -0.5513
vn 0.4977 0.7081 -0.5010
vn 0.5504 0.8038 -0.2257
vn -0.0598 0.9982 0.0001
vn -0.0600 0.9982 -0.0000
vn -0.0638 0.9976 -0.0255
vn -0.1627 0.9732 -0.1626
vn -0.1626 0.9732 -0.1626
vn -0.0904 0.9711 -0.2208
vn -0.0000 0.8308 -0.5565
vn 0.0027 0.8321 -0.5547
vn 0.2174 0.8237 -0.5236
vn 0.0027 0.8541 -0.5201
vn 0.1703 0.8975 -0.4069
vn -0.0000 0.9667 -0.2560
vn 0.0902 0.9718 -0.2179
vn 0.0001 0.8837 -0.4680
vn 0.1858 0.8759 -0.4453
vn 0.3293 0.8850 -0.3292
vn 0.1793 0.9668 -0.1819
vn 0.3668 0.8549 -0.3668
vn 0.3923 0.8320 -0.3923
vn 0.2209 0.9711 -0.0904
vn 0.2281 0.9736 -0.0000
vn 0.2287 0.9735 0.0023
vn 0.0638 0.9976 0.0255
vn 0.0425 0.9982 0.0425
vn 0.0255 0.9976 0.0638
vn -0.0000 0.9982 0.0601
vn -0.0000 0.9982 0.0600
vn -0.0256 0.9976 0.0639
vn -0.0424 0.9982 0.0424
vn -0.0638 0.9976 0.0255
vn -0.2282 0.9736 -0.0000
vn -0.2287 0.9735 -0.0023
vn -0.2184 0.9714 -0.0929
vn -0.3922 0.8320 -0.3923
vn -0.3923 0.8320 -0.3923
vn -0.2174 0.8237 -0.5237
vn -0.0000 0.8549 -0.5188
vn -0.0000 0.9674 -0.2532
vn -0.0000 0.8853 -0.4651
vn 0.0025 0.3508 -0.9364
vn 0.3605 0.3269 -0.8736
vn 0.3527 -0.3933 -0.8491
vn 0.0026 -0.3939 -0.9191
vn 0.2099 -0.8335 -0.5111
vn 0.0027 -0.8580 -0.5137
vn 0.2639 -0.7281 -0.6327
vn 0.0028 -0.6347 -0.7727
vn 0.0039 -0.0020 -1.0000
vn 0.3846 -0.0026 -0.9231
vn 0.3027 -0.6117 -0.7309
vn 0.0028 -0.6759 -0.7369
vn 0.0373 -0.9954 -0.0877
vn -0.0000 -0.9944 -0.1055
vn 0.4024 -0.0000 -0.9155
vn 0.2374 0.7809 -0.5778
vn 0.0028 0.6903 -0.7235
vn 0.0056 0.6888 -0.7249
vn 0.2992 0.6178 -0.7272
vn 0.2994 0.6246 -0.7213
vn 0.0054 0.5433 -0.8395
vn 0.0027 0.8654 -0.5010
vn 0.1896 0.8710 -0.4532
vn 0.0028 0.7474 -0.6643
vn 0.2487 0.7618 -0.5981
vn 0.0054 0.5307 -0.8475
vn 0.0046 0.1807 -0.9835
vn 0.0053 -0.4704 -0.8824
vn -0.0000 0.1799 -0.9837
vn -0.0000 -0.4683 -0.8836
vn -0.3764 0.1839 -0.9080
vn -0.3445 -0.4424 -0.8280
vn -0.6255 -0.4708 -0.6222
vn -0.2533 -0.9344 -0.2505
vn -0.1476 -0.9247 -0.3509
vn -0.0000 -0.9344 -0.3561
vn 0.0025 -0.9341 -0.3569
vn 0.1448 -0.9241 -0.3535
vn 0.2506 -0.9344 -0.2532
vn 0.2538 -0.9334 -0.2538
vn 0.3509 -0.9247 -0.1475
vn 0.3569 -0.9341 -0.0024
vn 0.3509 -0.9247 0.1476
vn 0.3569 -0.9341 0.0025
vn 0.8824 -0.4704 0.0053
vn 0.3570 -0.9341 -0.0025
vn 0.8829 -0.4695 -0.0107
vn 0.9834 0.1815 -0.0092
vn 0.7797 0.5358 -0.3241
vn 0.6058 0.5313 -0.5923
vn 0.5956 0.5314 -0.6024
vn 0.4652 0.7490 -0.4718
vn 0.3542 0.8655 -0.3542
vn 0.5893 0.5418 -0.5994
vn 0.5100 0.6878 -0.5167
vn 0.5097 0.6907 -0.5130
vn 0.7222 -0.0000 -0.6917
vn 0.0735 -0.9949 -0.0690
vn 0.5175 -0.6788 -0.5209
vn 0.7071 -0.0028 -0.7071
vn 0.5478 -0.6323 -0.5478
vn 0.3632 -0.8567 -0.3662
vn 0.6498 -0.3945 -0.6498
vn 0.6622 0.3508 -0.6622
vn 0.3292 0.8850 -0.3292
vn 0.5236 0.8238 -0.2174
vn 0.5565 0.8308 -0.0000
vn 0.5547 0.8320 0.0027
vn 0.2184 0.9714 0.0929
vn 0.1626 0.9732 0.1626
vn 0.0903 0.9711 0.2208
vn -0.0000 0.9736 0.2282
vn -0.0000 0.9730 0.2309
vn -0.0903 0.9711 0.2209
vn -0.1626 0.9732 0.1626
vn -0.1627 0.9732 0.1627
vn -0.2209 0.9711 0.0904
vn -0.5567 0.8307 -0.0000
vn -0.5547 0.8321 -0.0027
vn -0.5237 0.8237 -0.2174
vn -0.3669 0.8549 -0.3669
vn -0.3668 0.8549 -0.3668
vn -0.1670 0.8985 -0.4060
vn -0.0902 0.9718 -0.2179
vn -0.1858 0.8759 -0.4453
vn -0.3605 0.3268 -0.8736
vn -0.0000 0.3500 -0.9367
vn -0.0000 -0.3930 -0.9196
vn -0.0000 -0.8568 -0.5157
vn -0.0000 -0.6334 -0.7738
vn -0.0000 -0.0020 -1.0000
vn -0.0000 -0.6775 -0.7355
vn 0.0079 -0.0000 -1.0000
vn -0.0000 0.6889 -0.7249
vn -0.0000 0.5409 -0.8411
vn -0.0000 0.8643 -0.5030
vn -0.0000 0.7486 -0.6630
vn -0.0000 0.5283 -0.8491
vn -0.3241 0.5358 -0.7797
vn -0.6954 0.1816 -0.6953
vn -0.6984 0.1816 -0.6923
vn -0.6288 -0.4708 -0.6188
vn -0.3509 -0.9247 -0.1476
vn -0.1125 -0.9926 0.0450
vn -0.3569 -0.9341 0.0025
vn -0.1319 -0.9913 -0.0000
vn -0.3570 -0.9341 0.0025
vn -0.3569 -0.9341 -0.0025
vn -0.1125 -0.9926 -0.0450
vn -0.0922 -0.9912 -0.0945
vn -0.0473 -0.9928 -0.1103
vn -0.0000 -0.9913 -0.1319
vn 0.0473 -0.9928 -0.1103
vn 0.0922 -0.9912 -0.0945
vn 0.0920 -0.9915 -0.0920
vn 0.1126 -0.9926 -0.0450
vn 0.1319 -0.9913 -0.0000
vn 0.1318 -0.9913 -0.0000
vn 0.1125 -0.9926 0.0450
vn 0.2533 -0.9344 0.2505
vn 0.0922 -0.9912 0.0945
vn 0.0473 -0.9928 0.1103
vn 0.1477 -0.9247 0.3509
vn 0.3445 -0.4425 0.8280
vn 0.6255 -0.4708 0.6221
vn 0.6289 -0.4708 0.6188
vn 0.8280 -0.4424 0.3444
vn 0.9080 0.1839 0.3764
vn 0.9835 0.1807 0.0046
vn 0.8487 0.5287 -0.0081
vn 0.8488 0.5287 -0.0081
vn 0.5981 0.7618 -0.2487
vn 0.4718 0.7490 -0.4652
vn 0.3573 0.8655 -0.3511
vn 0.5995 0.5453 -0.5859
vn 0.5200 0.6877 -0.5065
vn 0.5164 0.6907 -0.5062
vn 0.0738 -0.9945 -0.0738
vn 0.5209 -0.6788 -0.5175
vn 0.3663 -0.8567 -0.3632
vn 0.8736 0.3268 -0.3605
vn 0.4453 0.8759 -0.1858
vn 0.2179 0.9718 -0.0901
vn 0.4061 0.8985 -0.1670
vn 0.5188 0.8549 -0.0000
vn 0.5200 0.8542 0.0027
vn 0.5236 0.8237 0.2174
vn 0.3923 0.8320 0.3922
vn 0.3923 0.8320 0.3923
vn 0.2174 0.8237 0.5236
vn -0.0000 0.8308 0.5566
vn -0.0027 0.8320 0.5547
vn -0.2174 0.8237 0.5236
vn -0.3923 0.8320 0.3923
vn -0.5236 0.8238 0.2174
vn -0.5188 0.8549 -0.0000
vn -0.5200 0.8541 -0.0027
vn -0.4069 0.8975 -0.1703
vn -0.1794 0.9668 -0.1819
vn -0.1793 0.9668 -0.1819
vn -0.3292 0.8850 -0.3292
vn -0.6622 0.3508 -0.6622
vn -0.3527 -0.3933 -0.8490
vn -0.2099 -0.8336 -0.5110
vn -0.2604 -0.7272 -0.6351
vn -0.3815 -0.0026 -0.9244
vn -0.3025 -0.6083 -0.7338
vn -0.0373 -0.9952 -0.0901
vn -0.3745 -0.0000 -0.9272
vn -0.2371 0.7861 -0.5708
vn -0.3028 0.6152 -0.7279
vn -0.2995 0.6280 -0.7183
vn -0.1896 0.8710 -0.4533
vn -0.2487 0.7618 -0.5981
vn -0.5989 0.5278 -0.6023
vn -0.6024 0.5314 -0.5957
vn -0.7796 0.5359 -0.3241
vn -0.9080 0.1839 -0.3764
vn -0.8280 -0.4424 -0.3445
vn -0.8824 -0.4704 -0.0053
vn -0.8829 -0.4694 0.0107
vn -0.8280 -0.4424 0.3445
vn -0.8829 -0.4695 0.0107
vn -0.3509 -0.9247 0.1476
vn -0.2538 -0.9334 0.2537
vn -0.0920 -0.9915 0.0920
vn -0.0922 -0.9912 0.0945
vn -0.2505 -0.9344 0.2533
vn -0.0473 -0.9928 0.1103
vn -0.1448 -0.9241 0.3536
vn -0.0025 -0.9341 0.3569
vn -0.0000 -0.9913 0.1319
vn -0.0000 -0.9344 0.3561
vn -0.0000 -0.4682 0.8836
vn 0.3764 0.1839 0.9080
vn 0.6953 0.1816 0.6954
vn 0.6984 0.1815 0.6923
vn 0.7797 0.5358 0.3241
vn 0.8483 0.5295 0.0027
vn 0.6628 0.7488 -0.0055
vn 0.4533 0.8710 -0.1896
vn 0.7242 0.6212 -0.2994
vn 0.7250 0.6187 -0.3028
vn 0.5788 0.7790 -0.2409
vn 0.9273 -0.0000 -0.3744
vn 0.0877 -0.9955 -0.0373
vn 0.7338 -0.6083 -0.3026
vn 0.9243 -0.0026 -0.3816
vn 0.6327 -0.7281 -0.2639
vn 0.5111 -0.8335 -0.2099
vn 0.8509 -0.3927 -0.3491
vn 0.9367 0.3500 -0.0000
vn 0.4651 0.8853 -0.0000
vn 0.2532 0.9674 -0.0000
vn 0.2538 0.9673 0.0024
vn 0.4068 0.8975 0.1703
vn 0.3668 0.8549 0.3668
vn 0.1670 0.8985 0.4060
vn -0.0000 0.8549 0.5189
vn -0.0027 0.8541 0.5200
vn -0.1703 0.8975 0.4069
vn -0.3668 0.8549 0.3669
vn -0.3668 0.8549 0.3668
vn -0.4060 0.8985 0.1670
vn -0.2531 0.9674 -0.0000
vn -0.2538 0.9673 -0.0024
vn -0.2179 0.9718 -0.0902
vn -0.6498 -0.3945 -0.6498
vn -0.3632 -0.8567 -0.3662
vn -0.5478 -0.6323 -0.5478
vn -0.7071 -0.0028 -0.7071
vn -0.5212 -0.6758 -0.5212
vn -0.0739 -0.9944 -0.0762
vn -0.5133 0.6878 -0.5133
vn -0.5960 0.5418 -0.5927
vn -0.3547 0.8638 -0.3578
vn -0.4685 0.7490 -0.4685
vn -0.4718 0.7490 -0.4652
vn -0.5981 0.7618 -0.2487
vn -0.8483 0.5296 -0.0026
vn -0.9835 0.1808 -0.0046
vn -0.9833 0.1815 0.0092
vn -0.9080 0.1839 0.3765
vn -0.6322 -0.4708 0.6154
vn -0.6222 -0.4708 0.6255
vn -0.3445 -0.4425 0.8280
vn -0.0053 -0.4705 0.8824
vn -0.0000 0.1799 0.9837
vn 0.3240 0.5359 0.7796
vn 0.5989 0.5279 0.6022
vn 0.6024 0.5313 0.5957
vn 0.5981 0.7618 0.2487
vn 0.6644 0.7474 0.0027
vn 0.5022 0.8647 -0.0054
vn 0.5022 0.8648 -0.0054
vn 0.8395 0.5433 -0.0055
vn 0.7263 0.6873 -0.0083
vn 0.7236 0.6902 -0.0084
vn 0.9999 -0.0000 0.0119
vn 0.1031 -0.9947 -0.0000
vn 0.7355 -0.6775 -0.0000
vn 1.0000 -0.0020 0.0020
vn 0.7738 -0.6334 -0.0000
vn 0.5156 -0.8568 -0.0000
vn 0.9195 -0.3930 -0.0000
vn 0.9364 0.3508 0.0025
vn 0.4662 0.8847 0.0026
vn 0.2179 0.9718 0.0902
vn 0.1793 0.9668 0.1819
vn 0.0902 0.9718 0.2179
vn -0.0000 0.9674 0.2532
vn -0.0000 0.9667 0.2561
vn -0.0902 0.9718 0.2179
vn -0.1793 0.9668 0.1819
vn -0.2179 0.9718 0.0902
vn -0.4651 0.8853 -0.0000
vn -0.4662 0.8847 -0.0026
vn -0.4453 0.8759 -0.1858
vn -0.8719 0.3273 -0.3641
vn -0.8491 -0.3933 -0.3528
vn -0.3662 -0.8567 -0.3631
vn -0.5209 -0.6788 -0.5175
vn -0.0714 -0.9947 -0.0736
vn -0.7002 -0.0000 -0.7140
vn -0.5163 0.6907 -0.5064
vn -0.5166 0.6878 -0.5100
vn -0.5960 0.5418 -0.5926
vn -0.3573 0.8655 -0.3511
vn -0.4533 0.8710 -0.1896
vn -0.6644 0.7474 -0.0028
vn -0.6628 0.7488 0.0055
vn -0.8487 0.5288 0.0081
vn -0.7796 0.5359 0.3241
vn -0.7015 0.1816 0.6892
vn -0.6923 0.1815 0.6984
vn -0.3764 0.1839 0.9080
vn -0.0046 0.1807 0.9835
vn -0.0000 0.5284 0.8490
vn 0.2487 0.7618 0.5982
vn 0.4685 0.7490 0.4685
vn 0.4718 0.7490 0.4652
vn 0.4533 0.8710 0.1896
vn 0.5010 0.8654 0.0027
vn 0.8395 0.5434 -0.0054
vn 0.8395 0.5433 0.0054
vn 0.7262 0.6874 0.0028
vn 0.7236 0.6902 -0.0083
vn 0.7235 0.6903 0.0028
vn 1.0000 -0.0000 -0.0099
vn 0.7356 -0.6775 -0.0000
vn 1.0000 -0.0020 0.0039
vn 0.7727 -0.6347 0.0028
vn 0.9191 -0.3939 0.0026
vn 0.8491 -0.3933 0.3527
vn 0.8720 0.3273 0.3641
vn 0.4453 0.8759 0.1858
vn 0.3292 0.8850 0.3293
vn 0.3292 0.8850 0.3292
vn 0.1858 0.8759 0.4453
vn -0.0000 0.8853 0.4651
vn -0.0000 0.8837 0.4680
vn -0.1858 0.8759 0.4453
vn -0.3293 0.8850 0.3293
vn -0.3293 0.8850 0.3292
vn -0.4453 0.8759 0.1858
vn -0.8736 0.3269 0.3604
vn -0.9367 0.3500 -0.0000
vn -0.9364 0.3509 -0.0025
vn -0.9191 -0.3939 -0.0026
vn -0.5085 -0.8343 -0.2131
vn -0.6327 -0.7281 -0.2639
vn -0.9231 -0.0026 -0.3846
vn -0.7309 -0.6117 -0.3026
vn -0.0877 -0.9954 -0.0373
vn -0.5753 0.7817 -0.2408
vn -0.7272 0.6178 -0.2992
vn -0.7212 0.6246 -0.2994
vn -0.5011 0.8654 -0.0027
vn -0.5022 0.8647 0.0054
vn -0.4533 0.8710 0.1896
vn -0.5981 0.7618 0.2487
vn -0.6058 0.5313 0.5922
vn -0.5957 0.5313 0.6024
vn -0.3241 0.5358 0.7796
vn -0.0054 0.5307 0.8475
vn -0.0000 0.7486 0.6630
vn 0.1896 0.8710 0.4532
vn 0.3548 0.8638 0.3578
vn 0.3573 0.8655 0.3511
vn 0.7212 0.6246 0.2994
vn 0.7272 0.6178 0.2992
vn 0.5754 0.7817 0.2407
vn 0.0877 -0.9954 0.0373
vn 0.7309 -0.6117 0.3027
vn 0.9231 -0.0026 0.3846
vn 0.6327 -0.7281 0.2639
vn 0.5085 -0.8343 0.2131
vn 0.6498 -0.3945 0.6498
vn 0.6622 0.3508 0.6622
vn 0.3604 0.3269 0.8736
vn -0.0000 0.3500 0.9367
vn -0.0025 0.3509 0.9364
vn -0.3605 0.3269 0.8736
vn -0.6622 0.3507 0.6622
vn -0.8508 -0.3927 0.3491
vn -0.9195 -0.3930 -0.0000
vn -0.5156 -0.8568 -0.0000
vn -0.7727 -0.6347 -0.0028
vn -1.0000 -0.0020 -0.0039
vn -0.7355 -0.6775 -0.0009
vn -0.1031 -0.9947 -0.0000
vn -1.0000 -0.0000 0.0099
vn -0.7235 0.6903 -0.0028
vn -0.7263 0.6874 -0.0028
vn -0.8395 0.5433 -0.0054
vn -0.8395 0.5434 0.0054
vn -0.8395 0.5433 0.0054
vn -0.7242 0.6212 0.2993
vn -0.3573 0.8655 0.3511
vn -0.4718 0.7490 0.4652
vn -0.4652 0.7490 0.4718
vn -0.2487 0.7618 0.5981
vn -0.0028 0.7474 0.6644
vn -0.0000 0.8643 0.5030
vn 0.2995 0.6280 0.7183
vn 0.5960 0.5418 0.5926
vn 0.5961 0.5418 0.5926
vn 0.5167 0.6878 0.5100
vn 0.5164 0.6907 0.5063
vn 0.7002 -0.0000 0.7139
vn 0.0714 -0.9947 0.0736
vn 0.5209 -0.6788 0.5176
vn 0.7071 -0.0028 0.7071
vn 0.5478 -0.6323 0.5478
vn 0.3663 -0.8567 0.3632
vn 0.6498 -0.3945 0.6497
vn 0.3528 -0.3933 0.8490
vn -0.0000 -0.3930 0.9195
vn -0.0026 -0.3939 0.9191
vn -0.3527 -0.3933 0.8490
vn -0.6497 -0.3945 0.6498
vn -0.6498 -0.3945 0.6498
vn -0.3663 -0.8567 0.3632
vn -0.5111 -0.8335 0.2099
vn -0.7739 -0.6334 -0.0000
vn -1.0000 -0.0020 -0.0020
vn -0.7355 -0.6775 -0.0000
vn -0.1033 -0.9946 0.0022
vn -1.0000 -0.0020 0.0039
vn -0.7236 0.6902 0.0083
vn -0.7263 0.6873 0.0083
vn -0.7249 0.6187 0.3029
vn -0.5995 0.5453 0.5859
vn -0.3542 0.8655 0.3542
vn -0.1896 0.8710 0.4532
vn -0.0027 0.8654 0.5010
vn -0.0000 0.5409 0.8411
vn 0.3028 0.6152 0.7279
vn 0.5134 0.6878 0.5133
vn 0.0739 -0.9944 0.0761
vn 0.5212 -0.6758 0.5212
vn 0.7071 -0.0027 0.7071
vn 0.3632 -0.8567 0.3663
vn 0.2099 -0.8335 0.5111
vn -0.0000 -0.8568 0.5156
vn -0.0027 -0.8580 0.5137
vn -0.2099 -0.8335 0.5111
vn -0.3632 -0.8567 0.3663
vn -0.5478 -0.6323 0.5478
vn -0.6327 -0.7280 0.2639
vn -0.9244 -0.0025 0.3815
vn -0.7338 -0.6083 0.3026
vn -0.0879 -0.9953 0.0395
vn -0.9208 -0.0000 0.3900
vn -0.5788 0.7791 0.2409
vn -0.5200 0.6877 0.5066
vn -0.5893 0.5418 0.5994
vn -0.2995 0.6247 0.7212
vn -0.0054 0.5434 0.8395
vn -0.0000 0.6889 0.7249
vn 0.2371 0.7861 0.5708
vn 0.3746 -0.0000 0.9272
vn 0.0373 -0.9952 0.0901
vn 0.3025 -0.6083 0.7338
vn 0.3815 -0.0026 0.9243
vn 0.2604 -0.7272 0.6351
vn -0.0000 -0.6334 0.7738
vn -0.0028 -0.6347 0.7727
vn -0.2639 -0.7281 0.6327
vn -0.7071 -0.0028 0.7071
vn -0.5209 -0.6788 0.5176
vn -0.0738 -0.9945 0.0738
vn -0.7056 -0.0000 0.7086
vn -0.5164 0.6907 0.5063
vn -0.5097 0.6907 0.5130
vn -0.5099 0.6878 0.5167
vn -0.2992 0.6178 0.7272
vn -0.0028 0.6874 0.7262
vn -0.0028 0.6903 0.7235
vn -0.0000 0.6889 0.7248
vn -0.0079 -0.0000 1.0000
vn -0.0000 -0.9944 0.1055
vn -0.0000 -0.6775 0.7355
vn -0.0000 -0.0019 1.0000
vn -0.0039 -0.0020 1.0000
vn -0.3846 -0.0025 0.9231
vn -0.7071 -0.0027 0.7071
vn -0.5176 -0.6788 0.5209
vn -0.0734 -0.9949 0.0690
vn -0.7222 -0.0000 0.6916
vn -0.2374 0.7809 0.5778
vn -0.0028 -0.6760 0.7369
vn -0.3026 -0.6117 0.7309
vn -0.0373 -0.9954 0.0877
vn -0.4024 -0.0000 0.9155
vn -0.8470 -0.4001 0.3500
vn -0.7958 -0.5082 0.3292
vn -0.7959 -0.5082 -0.3292
vn -0.6172 -0.4923 -0.6138
vn 0.6568 -0.3763 -0.6535
vn 0.6535 -0.3763 0.6568
vn 0.6137 -0.4924 0.6171
vn -0.3292 -0.5082 0.7959
vn -0.6535 -0.3762 0.6568
vn -0.6137 -0.4924 0.6172
vn -0.5004 -0.8401 -0.2093
vn 0.0027 -0.8691 -0.4947
vn 0.5004 -0.8401 -0.2093
vn 0.4968 -0.8679 -0.0000
vn -0.4726 -0.8813 -0.0027
vn -0.3502 -0.9254 -0.1446
vn -0.3369 -0.8803 -0.3339
vn -0.3340 -0.8803 -0.3370
vn -0.1443 -0.9267 -0.3469
vn 0.1445 -0.9255 -0.3501
vn 0.3369 -0.8803 0.3339
vn 0.1443 -0.9268 0.3468
vn -0.7765 -0.5423 0.3209
vn -0.7765 -0.5422 -0.3209
vn -0.6141 -0.4959 -0.6140
vn -0.3209 -0.5423 -0.7765
vn 0.6140 -0.4959 -0.6140
vn 0.7765 -0.5423 -0.3209
vn -0.0000 -0.4936 0.8697
vn -0.6141 -0.4959 0.6140
vn -0.8617 -0.5074 -0.0027
vn -0.6113 -0.5066 -0.6079
vn 0.6079 -0.5067 -0.6113
vn 0.7929 -0.5148 -0.3261
vn 0.7929 -0.5148 0.3261
vn 0.6113 -0.5066 0.6080
vn 0.6080 -0.5066 0.6113
vn -0.6079 -0.5066 0.6114
vn -0.4799 -0.8547 0.1980
vn -0.4799 -0.8547 -0.1979
vn 0.0026 -0.8761 -0.4821
vn 0.4799 -0.8547 -0.1980
vn 0.4798 -0.8547 0.1980
vn 0.3411 -0.8771 0.3380
vn 0.1980 -0.8547 0.4798
vn -0.0027 -0.8761 0.4820
vn -0.2759 -0.9224 -0.2701
vn -0.0000 -0.9209 -0.3899
vn 0.2759 -0.9224 0.2701
vn -0.0000 -0.9209 0.3899
vn -0.5863 -0.5626 -0.5829
vn -0.2995 -0.6281 -0.7182
vn 0.2994 -0.6246 -0.7213
vn 0.8279 -0.5609 0.0027
vn 0.7212 -0.6246 0.2995
vn 0.2995 -0.6280 0.7182
vn -0.0027 -0.5610 0.8278
vn -0.2995 -0.6246 0.7212
vn -0.5829 -0.5625 0.5863
vn -0.7071 0.0635 0.7042
vn -0.9980 0.0624 -0.0042
vn 0.3824 0.0728 -0.9211
vn 0.9211 0.0727 -0.3825
vn 0.9981 0.0622 -0.0000
vn 0.7043 0.0634 0.7071
vn -0.7042 0.0636 0.7071
vn -0.8202 0.5721 -0.0000
vn -0.2959 0.6272 -0.7204
vn 0.2995 0.6281 -0.7182
vn 0.7205 0.6272 -0.2958
vn 0.7205 0.6272 0.2959
vn -0.5762 0.5796 0.5762
vn -0.3088 0.5855 -0.7496
vn -0.0000 0.5815 -0.8135
vn 0.7495 0.5855 0.3088
vn 0.5763 0.5796 0.5762
vn -0.3125 0.5862 0.7474
vn -0.9043 0.2093 0.3722
vn -0.9788 0.2046 -0.0047
vn -0.6936 0.2053 -0.6905
vn 0.0047 0.2046 -0.9788
vn 0.3757 0.2097 -0.9027
vn 0.6936 0.2052 0.6905
vn -0.3756 0.2096 0.9027
vn -0.9390 -0.3439 -0.0000
vn 0.3617 -0.3341 -0.8704
vn 0.9390 -0.3439 -0.0000
vn 0.8704 -0.3340 0.3617
vn 0.6673 -0.3435 0.6608
vn -0.6641 -0.3435 0.6640
vn 0.4998 -0.8661 -0.0000
vn -0.0027 -0.8654 0.5011
vn -0.6283 -0.7331 -0.2602
vn -0.5439 -0.6419 -0.5406
vn 0.5439 -0.6419 -0.5406
vn 0.5439 -0.6419 0.5406
vn -0.0000 -0.6394 0.7689
vn -0.0027 -0.6407 0.7678
vn 0.0046 0.1991 -0.9800
vn 0.9799 0.1992 0.0046
vn -0.0046 0.1993 0.9799
vn -0.3723 0.2258 0.9002
vn -0.5862 0.5591 -0.5863
vn 0.0027 0.5578 -0.8300
vn 0.3027 0.6117 -0.7309
vn 0.5863 0.5591 -0.5862
vn 0.7309 0.6117 -0.3026
vn 0.5862 0.5592 0.5862
vn 0.3026 0.6117 0.7309
vn -0.0027 0.5578 0.8300
vn -0.3026 0.6117 0.7309
vn -0.4940 0.7109 0.5007
vn -0.0000 0.7112 -0.7030
vn 0.4939 0.7109 -0.5006
vn -0.0000 0.7112 0.7029
vn -0.0028 0.7126 0.7016
vn -0.8548 0.3761 -0.3574
vn -0.3538 0.3756 -0.8566
vn 0.3538 0.3755 -0.8566
vn 0.6492 0.3909 0.6525
vn -0.9231 0.0026 -0.3846
vn -0.7099 0.0028 -0.7043
vn -0.7071 0.0028 -0.7071
vn 0.3815 0.0026 -0.9244
vn 0.7098 0.0027 0.7044
vn -0.3836 -0.0000 0.9235
vn -0.7084 -0.0000 0.7059
vn -0.7086 -0.0000 -0.7056
vn 0.0038 -0.0000 -1.0000
vn 0.7057 -0.0000 -0.7085
vn 1.0000 -0.0000 0.0038
vn 0.9235 -0.0000 0.3835
vn 0.8280 -0.4424 -0.3444
vn 0.6221 -0.4708 -0.6255
vn 0.3240 0.5358 -0.7797
vn -0.4979 0.7053 0.5046
vn 0.2960 0.6306 0.7174
vn -0.0001 0.7058 0.7084
vn -0.7173 0.6372 0.2818
vn -0.7071 0.7072 -0.0026
vn 0.5013 0.7053 0.5013
vn 0.4977 0.7081 0.5010
vn -0.3837 -0.0000 0.9235
vn -0.9236 0.0077 0.3834
vn -0.5013 0.7052 -0.5013
vn 0.2960 0.6306 -0.7175
vn 0.4980 0.7052 -0.5047
vn 0.7152 0.6314 0.2996
vn 0.7084 -0.0000 0.7058
vn 0.7057 -0.0000 0.7085
vn -0.5010 0.7080 0.4977
vn -0.9234 -0.0000 -0.3837
vn -0.7085 -0.0000 -0.7057
vn -0.7061 -0.0000 -0.7081
vn 0.3837 -0.0000 -0.9234
vn 0.7083 -0.0000 -0.7059
vn 0.2257 0.8039 0.5504
vn 0.0424 0.9982 -0.0424
vn 0.0423 0.9982 -0.0424
vn 0.7081 -0.0000 -0.7061
vn 0.9247 -0.0000 -0.3807
vn 0.5513 0.8022 0.2292
vn -0.0256 0.9976 -0.0638
vn 0.1627 0.9732 -0.1627
vn 0.0638 0.9976 -0.0255
vn 0.0600 0.9982 -0.0000
vn 0.0599 0.9982 -0.0000
vn -0.5514 0.8021 -0.2293
vn -0.5010 0.7081 -0.4976
vn -0.4977 0.7080 -0.5010
vn 0.4976 0.7081 -0.5010
vn 0.5010 0.7080 -0.4977
vn 0.5503 0.8039 -0.2257
vn -0.0599 0.9982 -0.0000
vn -0.1627 0.9732 -0.1627
vn -0.0000 0.8308 -0.5566
vn 0.0027 0.8320 -0.5547
vn 0.0027 0.8542 -0.5200
vn -0.0000 0.8836 -0.4682
vn 0.0424 0.9982 0.0424
vn 0.0256 0.9976 0.0638
vn 0.0001 0.9982 0.0598
vn -0.0255 0.9976 0.0638
vn -0.0639 0.9976 0.0256
vn -0.2281 0.9736 -0.0000
vn -0.2185 0.9714 -0.0929
vn -0.3923 0.8320 -0.3924
vn -0.2174 0.8237 -0.5236
vn 0.0025 0.3509 -0.9364
vn 0.3527 -0.3933 -0.8490
vn 0.2099 -0.8335 -0.5110
vn 0.0028 -0.6760 -0.7369
vn 0.0373 -0.9955 -0.0877
vn 0.0028 0.6874 -0.7262
vn 0.2995 0.6246 -0.7213
vn 0.0027 0.8654 -0.5011
vn 0.0028 0.7474 -0.6644
vn -0.2533 -0.9344 -0.2506
vn -0.0000 -0.9344 -0.3562
vn 0.1448 -0.9242 -0.3535
vn 0.2505 -0.9344 -0.2533
vn 0.3510 -0.9247 -0.1475
vn 0.3569 -0.9341 -0.0025
vn 0.3570 -0.9341 0.0025
vn 0.8824 -0.4705 0.0053
vn 0.9833 0.1815 -0.0092
vn 0.6057 0.5313 -0.5922
vn 0.5956 0.5313 -0.6024
vn 0.5892 0.5418 -0.5994
vn 0.5176 -0.6788 -0.5209
vn 0.7071 -0.0027 -0.7071
vn 0.6498 -0.3945 -0.6497
vn 0.3669 0.8549 -0.3669
vn 0.0904 0.9711 0.2209
vn -0.0000 0.9736 0.2281
vn -0.0903 0.9711 0.2208
vn -0.1625 0.9732 0.1626
vn -0.2208 0.9711 0.0904
vn -0.5566 0.8308 -0.0000
vn -0.0000 -0.6775 -0.7356
vn -0.6954 0.1815 -0.6954
vn -0.6984 0.1815 -0.6923
vn 0.1125 -0.9926 -0.0450
vn 0.1476 -0.9247 0.3509
vn 0.6288 -0.4708 0.6188
vn 0.8280 -0.4424 0.3445
vn 0.5982 0.7618 -0.2487
vn 0.4718 0.7490 -0.4653
vn 0.5209 -0.6789 -0.5175
vn 0.2179 0.9718 -0.0902
vn 0.5236 0.8238 0.2174
vn -0.0027 0.8321 0.5547
vn -0.2175 0.8237 0.5237
vn -0.5236 0.8237 0.2174
vn -0.3527 -0.3933 -0.8491
vn -0.2099 -0.8335 -0.5110
vn -0.2487 0.7618 -0.5982
vn -0.6024 0.5313 -0.5957
vn -0.3510 -0.9247 0.1476
vn -0.2538 -0.9334 0.2538
vn -0.2505 -0.9344 0.2534
vn 0.6985 0.1815 0.6923
vn 0.7249 0.6187 -0.3028
vn 0.5788 0.7791 -0.2409
vn 0.0877 -0.9954 -0.0373
vn 0.7338 -0.6083 -0.3025
vn 0.9243 -0.0025 -0.3816
vn 0.8508 -0.3927 -0.3491
vn 0.4651 0.8852 -0.0000
vn 0.4069 0.8975 0.1703
vn 0.3668 0.8549 0.3669
vn -0.0000 0.8549 0.5188
vn -0.2528 0.9675 -0.0000
vn -0.3292 0.8850 -0.3293
vn -0.6498 -0.3945 -0.6497
vn -0.7071 -0.0027 -0.7071
vn -0.0739 -0.9944 -0.0761
vn -0.5134 0.6878 -0.5133
vn -0.3548 0.8637 -0.3579
vn -0.9833 0.1816 0.0092
vn -0.9080 0.1840 0.3765
vn -0.6222 -0.4709 0.6255
vn 0.6644 0.7474 0.0028
vn 0.8395 0.5434 -0.0055
vn 0.4661 0.8847 0.0027
vn -0.0000 0.9667 0.2560
vn -0.8719 0.3274 -0.3641
vn -0.8490 -0.3933 -0.3527
vn -0.3663 -0.8567 -0.3632
vn -0.5163 0.6907 -0.5063
vn -0.7796 0.5358 0.3241
vn -0.7014 0.1815 0.6892
vn -0.0000 0.5283 0.8491
vn 0.4685 0.7490 0.4686
vn 0.7263 0.6873 -0.0084
vn 0.8490 -0.3933 0.3527
vn 0.3292 0.8849 0.3295
vn -0.0000 0.8836 0.4683
vn -0.3292 0.8850 0.3292
vn -0.8736 0.3268 0.3605
vn -0.6327 -0.7280 -0.2639
vn -0.7309 -0.6117 -0.3027
vn -0.5010 0.8654 -0.0027
vn -0.5022 0.8648 0.0054
vn -0.3241 0.5358 0.7797
vn -0.0000 0.7486 0.6631
vn 0.3547 0.8638 0.3578
vn 0.5753 0.7817 0.2407
vn 0.6622 0.3507 0.6622
vn 0.3604 0.3268 0.8736
vn -0.8509 -0.3927 0.3491
vn -0.5157 -0.8568 -0.0000
vn -0.7262 0.6874 -0.0028
vn -0.8395 0.5434 -0.0054
vn -0.0028 0.7474 0.6643
vn 0.5960 0.5418 0.5927
vn 0.5167 0.6878 0.5099
vn 0.5164 0.6907 0.5062
vn 0.3527 -0.3933 0.8490
vn -0.0026 -0.3939 0.9192
vn -0.6498 -0.3945 0.6497
vn -0.5110 -0.8336 0.2099
vn -0.7263 0.6874 0.0083
vn -0.7249 0.6186 0.3029
vn -0.3543 0.8655 0.3542
vn 0.5133 0.6878 0.5133
vn -0.0000 -0.8568 0.5157
vn -0.3632 -0.8567 0.3662
vn -0.6327 -0.7281 0.2639
vn -0.9244 -0.0026 0.3815
vn -0.7338 -0.6083 0.3025
vn -0.0879 -0.9953 0.0396
vn -0.7236 0.6901 0.0084
vn -0.5892 0.5418 0.5994
vn -0.2994 0.6246 0.7212
vn 0.3745 -0.0000 0.9272
vn -0.5209 -0.6788 0.5175
vn -0.0000 -0.0020 1.0000
vn -0.3846 -0.0026 0.9231
vn -0.5175 -0.6788 0.5209
vn -0.7222 -0.0000 0.6917
vn -0.6568 -0.3762 0.6535
vn -0.8470 -0.4001 0.3501
vn -0.7959 -0.5082 0.3292
vn -0.9272 -0.3745 -0.0000
vn -0.8709 -0.4915 -0.0026
vn -0.6568 -0.3763 -0.6535
vn -0.6171 -0.4924 -0.6138
vn -0.6535 -0.3763 -0.6568
vn -0.3500 -0.4001 -0.8470
vn 0.0025 -0.3754 -0.9269
vn 0.0026 -0.4915 -0.8709
vn 0.3293 -0.5082 -0.7958
vn 0.3500 -0.4000 -0.8470
vn 0.8470 -0.4001 -0.3501
vn 0.8452 -0.4007 0.3538
vn 0.6568 -0.3762 0.6535
vn 0.6172 -0.4924 0.6137
vn 0.6535 -0.3762 0.6568
vn 0.3292 -0.5082 0.7958
vn -0.6138 -0.4923 0.6172
vn -0.6172 -0.4924 0.6137
vn -0.2061 -0.8394 -0.5030
vn 0.5004 -0.8401 0.2092
vn -0.3468 -0.9268 0.1443
vn -0.4745 -0.8802 -0.0000
vn -0.3501 -0.9255 -0.1445
vn -0.3339 -0.8803 -0.3370
vn 0.3339 -0.8803 -0.3369
vn 0.3370 -0.8803 -0.3339
vn 0.4725 -0.8813 0.0027
vn 0.3502 -0.9255 0.1445
vn 0.3369 -0.8803 0.3340
vn -0.3340 -0.8803 0.3369
vn -0.3370 -0.8803 0.3339
vn -0.8690 -0.4947 -0.0027
vn 0.0027 -0.4947 -0.8690
vn 0.6140 -0.4959 0.6141
vn -0.0027 -0.4947 0.8690
vn -0.6140 -0.4959 0.6141
vn -0.7929 -0.5148 0.3261
vn -0.7929 -0.5148 -0.3262
vn -0.6079 -0.5066 -0.6113
vn 0.6080 -0.5066 -0.6113
vn 0.8617 -0.5074 0.0026
vn 0.3262 -0.5147 0.7929
vn -0.6079 -0.5066 0.6113
vn -0.6113 -0.5066 0.6080
vn -0.4798 -0.8547 0.1980
vn -0.4798 -0.8547 -0.1979
vn -0.1979 -0.8547 -0.4799
vn 0.4798 -0.8547 -0.1979
vn 0.4820 -0.8761 0.0026
vn 0.4799 -0.8547 0.1980
vn 0.1979 -0.8547 0.4798
vn -0.0027 -0.8762 0.4820
vn -0.1979 -0.8547 0.4798
vn -0.5863 -0.5591 0.5862
vn -0.7205 -0.6272 0.2959
vn -0.8278 -0.5610 -0.0027
vn -0.5862 -0.5591 -0.5862
vn -0.2995 -0.6280 -0.7183
vn 0.2995 -0.6246 -0.7212
vn 0.7204 -0.6272 -0.2959
vn 0.8278 -0.5610 0.0028
vn 0.5863 -0.5625 0.5829
vn 0.5862 -0.5591 0.5863
vn 0.2995 -0.6280 0.7183
vn -0.2994 -0.6246 0.7212
vn -0.9211 0.0727 0.3824
vn -0.7043 0.0635 -0.7071
vn -0.0000 0.0623 -0.9981
vn 0.7042 0.0635 -0.7072
vn 0.9211 0.0727 0.3825
vn 0.7071 0.0636 0.7042
vn 0.7042 0.0635 0.7072
vn -0.3824 0.0727 0.9211
vn -0.5796 0.5729 -0.5796
vn -0.0027 0.5734 0.8192
vn -0.2996 0.6280 0.7182
vn -0.8139 0.5809 -0.0055
vn -0.5762 0.5796 -0.5763
vn 0.7496 0.5855 -0.3088
vn 0.8136 0.5815 -0.0000
vn 0.7496 0.5855 0.3088
vn -0.0000 0.5815 0.8136
vn -0.0027 0.5797 0.8149
vn -0.9043 0.2093 0.3721
vn 0.6935 0.2053 -0.6906
vn 0.9042 0.2093 -0.3722
vn 0.9788 0.2046 0.0046
vn 0.3756 0.2097 0.9027
vn -0.3756 0.2097 0.9027
vn -0.6905 0.2052 0.6936
vn -0.8704 -0.3340 -0.3617
vn -0.6673 -0.3435 -0.6608
vn -0.0000 -0.3439 -0.9390
vn 0.0050 -0.3425 -0.9395
vn 0.9395 -0.3425 0.0050
vn 0.3616 -0.3340 0.8704
vn -0.0000 -0.3439 0.9390
vn -0.3616 -0.3341 0.8704
vn -0.5011 -0.8654 -0.0027
vn -0.4959 -0.8437 -0.2057
vn -0.0000 -0.8661 -0.4999
vn 0.3542 -0.8655 -0.3543
vn 0.4959 -0.8437 0.2056
vn 0.2056 -0.8437 0.4959
vn -0.5439 -0.6419 0.5406
vn -0.2601 -0.7360 -0.6250
vn -0.0000 -0.6398 -0.7685
vn 0.6275 -0.7351 -0.2567
vn 0.7678 -0.6407 0.0027
vn 0.6283 -0.7331 0.2603
vn 0.2601 -0.7360 0.6250
vn -0.6946 0.1984 0.6915
vn -0.9799 0.1992 -0.0046
vn -0.6916 0.1985 -0.6945
vn -0.0000 0.1983 -0.9801
vn 0.3723 0.2258 -0.9002
vn 0.6915 0.1984 -0.6946
vn 0.6947 0.1985 0.6914
vn 0.6915 0.1985 0.6945
vn -0.0000 0.1984 0.9801
vn -0.5829 0.5591 0.5896
vn -0.7308 0.6118 0.3027
vn -0.5863 0.5592 -0.5862
vn 0.3026 0.6118 -0.7308
vn 0.5828 0.5591 -0.5897
vn 0.5863 0.5591 -0.5863
vn 0.7309 0.6118 0.3027
vn 0.5862 0.5591 0.5862
vn -0.0000 0.5598 0.8287
vn -0.3027 0.6117 0.7309
vn -0.6216 0.7389 0.2601
vn -0.7016 0.7126 -0.0028
vn 0.2566 0.7381 -0.6241
vn 0.4936 0.7137 -0.4970
vn 0.6216 0.7389 -0.2600
vn 0.7030 0.7112 -0.0000
vn 0.7015 0.7126 0.0028
vn 0.6216 0.7389 0.2600
vn 0.4970 0.7137 0.4936
vn -0.0000 0.7112 0.7030
vn -0.8548 0.3761 -0.3575
vn 0.3538 0.3756 -0.8566
vn 0.6492 0.3908 -0.6525
vn 0.8566 0.3755 -0.3539
vn 0.6525 0.3909 0.6492
vn -0.7071 0.0028 0.7071
vn -0.9243 0.0026 0.3816
vn -0.7098 0.0028 -0.7044
vn -0.3815 0.0026 -0.9243
vn 0.3816 0.0025 -0.9243
vn 0.7044 0.0027 -0.7098
vn 0.7071 0.0027 -0.7071
vn 0.9243 0.0026 -0.3815
vn 0.9231 0.0025 0.3846
vn -0.7081 -0.0000 0.7061
vn -1.0000 -0.0000 -0.0038
vn 0.8835 -0.4684 -0.0080
vn 0.8280 -0.4424 -0.3445
vn 0.2960 0.6306 0.7175
vn -0.3900 0.0182 0.9206
vn -0.7084 -0.0000 0.7058
vn -0.7175 0.6306 -0.2960
vn -0.5014 0.7052 -0.5013
vn -0.2961 0.6306 -0.7175
vn 0.0028 0.7071 -0.7071
vn 0.7085 0.7058 -0.0000
vn 0.7058 -0.0000 0.7085
vn -0.4977 0.7081 0.5010
vn -0.5010 0.7081 0.4976
vn 0.0256 0.9976 -0.0638
vn 0.0428 0.9982 -0.0428
vn 0.3835 -0.0000 -0.9235
vn 0.7058 0.7085 0.0001
vn -0.0424 0.9982 -0.0423
vn -0.0255 0.9976 -0.0638
vn 0.0903 0.9711 -0.2209
vn 0.1627 0.9732 -0.1626
vn 0.0639 0.9976 -0.0256
vn 0.0598 0.9982 -0.0001
vn -0.5010 0.7081 -0.4977
vn -0.0000 0.7058 -0.7085
vn 0.5010 0.7081 -0.4977
vn -0.0903 0.9711 -0.2209
vn 0.0027 0.8320 -0.5548
vn 0.2174 0.8237 -0.5237
vn 0.0027 0.8541 -0.5200
vn 0.3292 0.8850 -0.3293
vn 0.2209 0.9711 -0.0903
vn 0.2282 0.9736 -0.0000
vn 0.2287 0.9735 0.0022
vn -0.0000 0.9982 0.0599
vn 0.4022 -0.0000 -0.9156
vn 0.0028 0.6875 -0.7262
vn 0.2995 0.6247 -0.7212
vn 0.1896 0.8710 -0.4533
vn 0.2487 0.7619 -0.5981
vn -0.0000 -0.4682 -0.8836
vn -0.3444 -0.4424 -0.8280
vn -0.2533 -0.9344 -0.2504
vn 0.2538 -0.9334 -0.2537
vn 0.3510 -0.9247 -0.1476
vn 0.3535 -0.9242 0.1447
vn 0.8835 -0.4683 -0.0080
vn 0.7797 0.5358 -0.3240
vn 0.6057 0.5313 -0.5923
vn 0.4652 0.7490 -0.4717
vn 0.5893 0.5418 -0.5993
vn 0.5099 0.6878 -0.5166
vn 0.5096 0.6907 -0.5130
vn 0.7221 -0.0000 -0.6918
vn 0.0734 -0.9949 -0.0690
vn 0.3632 -0.8567 -0.3663
vn 0.6622 0.3507 -0.6622
vn 0.3668 0.8549 -0.3669
vn 0.5237 0.8237 -0.2175
vn 0.5566 0.8307 -0.0000
vn 0.5547 0.8321 0.0026
vn 0.2184 0.9714 0.0928
vn 0.1626 0.9732 0.1625
vn -0.0904 0.9711 0.2208
vn -0.1627 0.9732 0.1626
vn -0.5547 0.8320 -0.0027
vn -0.5236 0.8237 -0.2174
vn -0.1671 0.8985 -0.4060
vn -0.3604 0.3268 -0.8736
vn -0.0000 0.3501 -0.9367
vn -0.0000 0.5283 -0.8490
vn -0.6953 0.1815 -0.6954
vn -0.6289 -0.4708 -0.6187
vn -0.3509 -0.9247 -0.1477
vn -0.1126 -0.9926 0.0450
vn -0.3569 -0.9341 0.0026
vn -0.0000 -0.9913 -0.1318
vn 0.2533 -0.9344 0.2504
vn 0.0920 -0.9915 0.0920
vn 0.3445 -0.4424 0.8280
vn 0.6255 -0.4708 0.6222
vn 0.9080 0.1840 0.3763
vn 0.8487 0.5288 -0.0081
vn 0.5200 0.6877 -0.5066
vn 0.5164 0.6907 -0.5063
vn 0.5209 -0.6788 -0.5176
vn 0.8736 0.3269 -0.3604
vn 0.4060 0.8985 -0.1671
vn 0.5237 0.8237 0.2174
vn 0.3923 0.8319 0.3924
vn -0.2174 0.8238 0.5236
vn -0.5201 0.8541 -0.0027
vn -0.6622 0.3507 -0.6622
vn -0.2099 -0.8335 -0.5111
vn -0.3746 -0.0000 -0.9272
vn -0.2370 0.7861 -0.5709
vn -0.2996 0.6281 -0.7182
vn -0.6024 0.5313 -0.5956
vn -0.7797 0.5358 -0.3240
vn -0.9080 0.1839 -0.3765
vn -0.8280 -0.4425 -0.3444
vn -0.3509 -0.9247 0.1477
vn -0.2506 -0.9344 0.2532
vn -0.0000 -0.9913 0.1318
vn 0.6954 0.1815 0.6954
vn 0.7797 0.5358 0.3240
vn 0.6628 0.7488 -0.0056
vn 0.7250 0.6186 -0.3029
vn 0.5787 0.7791 -0.2411
vn 0.9272 -0.0000 -0.3745
vn 0.9244 -0.0026 -0.3815
vn 0.2528 0.9675 -0.0000
vn -0.0027 0.8542 0.5200
vn -0.2532 0.9674 -0.0000
vn -0.3632 -0.8567 -0.3663
vn -0.5212 -0.6759 -0.5211
vn -0.5132 0.6878 -0.5134
vn -0.3548 0.8638 -0.3579
vn -0.4685 0.7489 -0.4686
vn -0.8483 0.5295 -0.0027
vn -0.9835 0.1807 -0.0046
vn -0.6221 -0.4708 0.6255
vn -0.3444 -0.4424 0.8280
vn -0.0053 -0.4704 0.8824
vn 0.3240 0.5358 0.7797
vn 0.5989 0.5278 0.6023
vn 0.8395 0.5433 -0.0054
vn 0.7262 0.6874 -0.0083
vn 0.9364 0.3509 0.0025
vn 0.2179 0.9718 0.0901
vn -0.0000 0.9675 0.2528
vn -0.7001 -0.0000 -0.7140
vn -0.6644 0.7474 -0.0027
vn -0.7797 0.5358 0.3241
vn -0.7015 0.1815 0.6892
vn -0.6922 0.1815 0.6985
vn -0.0000 0.5283 0.8490
vn 0.2487 0.7619 0.5980
vn 0.4683 0.7493 0.4682
vn 0.5011 0.8654 0.0027
vn 0.8395 0.5434 0.0054
vn 0.7356 -0.6774 -0.0000
vn 0.8720 0.3274 0.3640
vn -0.8736 0.3269 0.3605
vn -0.9364 0.3508 -0.0025
vn -0.9231 -0.0026 -0.3847
vn -0.9234 -0.0000 -0.3838
vn -0.7271 0.6178 -0.2993
vn -0.5956 0.5313 0.6024
vn -0.3241 0.5359 0.7796
vn -0.0000 0.7487 0.6630
vn 0.1896 0.8710 0.4533
vn 0.3548 0.8638 0.3579
vn 0.7212 0.6246 0.2995
vn 0.5753 0.7817 0.2408
vn 0.7309 -0.6117 0.3026
vn 0.9231 -0.0026 0.3845
vn 0.6497 -0.3945 0.6498
vn 0.3604 0.3268 0.8737
vn -0.3605 0.3268 0.8736
vn -0.6622 0.3508 0.6622
vn -0.5156 -0.8569 -0.0000
vn -0.7356 -0.6775 -0.0000
vn -0.8395 0.5433 0.0057
vn -0.7242 0.6212 0.2995
vn -0.4652 0.7489 0.4719
vn -0.2487 0.7618 0.5982
vn 0.5163 0.6907 0.5063
vn 0.5209 -0.6788 0.5175
vn 0.3527 -0.3933 0.8491
vn -0.7738 -0.6334 -0.0000
vn -0.1034 -0.9946 0.0021
vn -0.5994 0.5453 0.5860
vn 0.5132 0.6878 0.5134
vn 0.0739 -0.9943 0.0762
vn 0.3632 -0.8567 0.3662
vn -0.9243 -0.0026 0.3816
vn -0.7236 0.6902 0.0084
vn -0.9208 -0.0000 0.3899
vn -0.5200 0.6878 0.5065
vn 0.2370 0.7861 0.5709
vn 0.3744 -0.0000 0.9273
vn 0.0374 -0.9952 0.0901
vn 0.3815 -0.0026 0.9244
vn -0.0737 -0.9945 0.0737
vn -0.5163 0.6907 0.5063
vn -0.2991 0.6178 0.7272
vn -0.0028 0.6874 0.7263
vn -0.0735 -0.9949 0.0690
vn -0.7221 -0.0000 0.6918
vn -0.3027 -0.6117 0.7309
vn -0.4022 -0.0000 0.9156
vn -0.8708 -0.4916 -0.0027
vn 0.6535 -0.3762 -0.6568
vn 0.6138 -0.4923 -0.6171
vn 0.8708 -0.4915 0.0027
vn 0.6138 -0.4923 0.6172
vn -0.0000 -0.3744 0.9273
vn -0.0027 -0.4917 0.8708
vn -0.4968 -0.8679 -0.0000
vn -0.5005 -0.8401 -0.2092
vn -0.1443 -0.9268 -0.3468
vn 0.3369 -0.8803 -0.3340
vn 0.3340 -0.8803 0.3369
vn -0.3340 -0.8803 0.3370
vn -0.8690 -0.4948 -0.0024
vn 0.3208 -0.5423 -0.7765
vn 0.6140 -0.4959 -0.6141
vn -0.7929 -0.5148 -0.3261
vn -0.3411 -0.8771 -0.3380
vn 0.1979 -0.8547 -0.4799
vn 0.3381 -0.8771 -0.3412
vn 0.4808 -0.8768 -0.0000
vn 0.4820 -0.8762 0.0026
vn -0.3878 -0.9218 -0.0026
vn -0.7212 -0.6246 -0.2994
vn -0.9981 0.0623 -0.0000
vn -0.0000 0.0623 0.9981
vn -0.0000 0.5721 -0.8202
vn 0.7205 0.6271 -0.2960
vn 0.2959 0.6272 0.7204
vn -0.5763 0.5795 -0.5763
vn 0.0027 0.5797 -0.8149
vn 0.8135 0.5816 -0.0000
vn 0.5762 0.5797 0.5762
vn 0.3756 0.2097 -0.9027
vn 0.9790 0.2036 -0.0000
vn 0.9043 0.2093 0.3722
vn -0.3616 -0.3340 -0.8704
vn 0.8704 -0.3340 -0.3617
vn -0.6640 -0.3435 0.6641
vn -0.2056 -0.8436 -0.4960
vn 0.0027 -0.8654 -0.5011
vn 0.4959 -0.8437 -0.2057
vn -0.2057 -0.8437 0.4959
vn -0.6274 -0.7352 0.2566
vn -0.7678 -0.6407 -0.0028
vn 0.0027 -0.6407 -0.7678
vn -0.0000 -0.6393 0.7689
vn -0.6915 0.1985 0.6946
vn -0.9002 0.2257 -0.3724
vn 0.9002 0.2258 -0.3723
vn -0.5863 0.5591 0.5863
vn -0.5863 0.5591 -0.5863
vn -0.5862 0.5592 -0.5862
vn 0.5828 0.5591 -0.5896
vn 0.7309 0.6117 0.3027
vn 0.5863 0.5591 0.5862
vn -0.4939 0.7109 0.5006
vn 0.0028 0.7126 -0.7016
vn -0.6525 0.3908 0.6492
vn -0.6525 0.3908 -0.6492
vn 0.3539 0.3756 -0.8566
vn 0.6525 0.3908 -0.6492
vn 0.3538 0.3756 0.8566
vn -0.7044 0.0027 0.7098
vn -0.3816 0.0025 -0.9243
vn 0.3816 0.0026 -0.9243
vn 0.7044 0.0028 -0.7098
vn -0.3835 -0.0000 0.9235
vn -0.7058 -0.0000 0.7085
vn -0.7085 -0.0000 -0.7058
vn 0.9080 0.1839 -0.3763
vn 0.7015 0.1816 -0.6892
vn 0.3444 -0.4424 -0.8280
vn -0.0028 0.7071 0.7071
vn -0.7058 -0.0000 0.7084
vn 0.5013 0.7052 0.5013
vn -0.4976 0.7081 -0.5010
vn -0.0000 0.7057 -0.7085
vn -0.4977 0.7080 0.5010
vn 0.7084 -0.0000 -0.7058
vn 0.2257 0.8038 0.5504
vn 0.0256 0.9976 -0.0639
vn 0.3838 -0.0000 -0.9234
vn 0.7058 0.7084 0.0001
vn 0.0903 0.9711 -0.2208
vn 0.1625 0.9732 -0.1625
vn 0.4977 0.7081 -0.5009
vn 0.5503 0.8039 -0.2258
vn -0.0601 0.9982 -0.0000
vn -0.0639 0.9976 -0.0256
vn -0.1626 0.9732 -0.1627
vn -0.0903 0.9711 -0.2208
vn 0.1702 0.8975 -0.4069
vn -0.0000 0.9667 -0.2561
vn 0.3293 0.8850 -0.3293
vn 0.2208 0.9711 -0.0903
vn -0.0000 0.8852 -0.4651
vn 0.3026 -0.6117 -0.7309
vn 0.0054 0.5434 -0.8395
vn 0.0054 0.5308 -0.8475
vn 0.0025 -0.9341 -0.3570
vn 0.3509 -0.9247 -0.1476
vn 0.3536 -0.9241 0.1447
vn 0.5099 0.6878 -0.5167
vn 0.5175 -0.6789 -0.5209
vn 0.5567 0.8307 -0.0000
vn 0.1627 0.9732 0.1627
vn -0.3668 0.8549 -0.3669
vn -0.3604 0.3269 -0.8736
vn -0.0000 -0.3930 -0.9195
vn -0.0000 -0.8568 -0.5156
vn -0.6953 0.1816 -0.6954
vn -0.3510 -0.9247 -0.1477
vn 0.2532 -0.9344 0.2505
vn 0.2533 -0.9344 0.2506
vn 0.3444 -0.4424 0.8280
vn 0.9081 0.1839 0.3763
vn 0.3662 -0.8567 -0.3632
vn 0.4060 0.8985 -0.1670
vn 0.2174 0.8238 0.5236
vn -0.3293 0.8849 -0.3293
vn -0.2995 0.6280 -0.7182
vn -0.6024 0.5314 -0.5956
vn -0.8280 -0.4424 -0.3444
vn -0.8824 -0.4705 -0.0053
vn -0.8280 -0.4425 0.3444
vn -0.2566 -0.9334 0.2510
vn 0.3764 0.1840 0.9080
vn 0.6985 0.1816 0.6922
vn 0.7242 0.6212 -0.2993
vn 0.5110 -0.8336 -0.2099
vn 0.8509 -0.3927 -0.3490
vn 0.3669 0.8549 0.3669
vn 0.1670 0.8985 0.4061
vn -0.4061 0.8984 0.1670
vn -0.3293 0.8850 -0.3293
vn -0.6497 -0.3945 -0.6498
vn -0.3548 0.8638 -0.3578
vn -0.9834 0.1815 0.0092
vn -0.6322 -0.4708 0.6153
vn 0.3240 0.5359 0.7797
vn 0.6643 0.7474 0.0028
vn 0.7263 0.6874 -0.0083
vn -0.1793 0.9668 0.1820
vn -0.4661 0.8847 -0.0026
vn -0.3662 -0.8567 -0.3632
vn -0.4532 0.8710 -0.1896
vn -0.6923 0.1816 0.6984
vn 0.4718 0.7490 0.4653
vn 0.5157 -0.8568 -0.0000
vn -0.0054 0.5308 0.8475
vn -0.0000 0.7487 0.6629
vn 0.3548 0.8637 0.3579
vn 0.7309 -0.6118 0.3026
vn -0.0000 0.3501 0.9367
vn -0.8395 0.5433 0.0056
vn 0.2995 0.6280 0.7182
vn 0.5166 0.6878 0.5099
vn 0.3663 -0.8567 0.3631
vn 0.6498 -0.3946 0.6497
vn 0.3527 -0.3934 0.8490
vn -0.0000 -0.3930 0.9196
vn -0.3528 -0.3933 0.8491
vn -0.5110 -0.8335 0.2099
vn -0.0027 0.8654 0.5011
vn 0.5134 0.6878 0.5132
vn 0.0739 -0.9944 0.0762
vn 0.5212 -0.6758 0.5211
vn 0.2099 -0.8335 0.5110
vn -0.0000 -0.8569 0.5155
vn -0.2099 -0.8335 0.5110
vn -0.9209 -0.0000 0.3899
vn -0.5892 0.5418 0.5993
vn -0.0054 0.5433 0.8395
vn -0.0028 0.6875 0.7262
vn -0.2375 0.7809 0.5778
vn -0.3027 -0.6118 0.7309
vt 0.021970 0.988700
vt 0.016455 0.988700
vt 0.016455 0.975992
vt 0.010700 0.988700
vt 0.010700 0.975992
vt 0.687600 0.988700
vt 0.529824 0.988700
vt 0.687600 0.975992
vt 0.529824 0.975992
vt 0.524069 0.975992
vt 0.524069 0.988700
vt 0.518315 0.988700
vt 0.518315 0.975992
vt 0.360300 0.988700
vt 0.360300 0.975992
vt 0.354785 0.975992
vt 0.354785 0.988700
vt 0.349270 0.988700
vt 0.349270 0.975992
vt 0.191494 0.988700
vt 0.191494 0.975992
vt 0.185500 0.975992
vt 0.185500 0.988700
vt 0.179745 0.988700
vt 0.179745 0.975992
vt 0.021970 0.975992
vt 0.016455 0.955371
vt 0.010700 0.955371
vt 0.687600 0.955371
vt 0.529824 0.955371
vt 0.524069 0.955371
vt 0.518315 0.955371
vt 0.360300 0.955371
vt 0.354785 0.955371
vt 0.349270 0.955371
vt 0.191494 0.955371
vt 0.185500 0.955371
vt 0.179745 0.955371
vt 0.021970 0.955371
vt 0.016455 0.953212
vt 0.010700 0.953212
vt 0.687600 0.953212
vt 0.529824 0.953212
vt 0.524069 0.953212
vt 0.518315 0.953212
vt 0.360300 0.953212
vt 0.354785 0.953212
vt 0.349270 0.953212
vt 0.191494 0.953212
vt 0.185500 0.953212
vt 0.179745 0.953212
vt 0.021970 0.953212
vt 0.016455 0.946499
vt 0.010700 0.946499
vt 0.687600 0.946499
vt 0.529824 0.946499
vt 0.524069 0.946499
vt 0.518315 0.946499
vt 0.360300 0.946499
vt 0.354785 0.946499
vt 0.349270 0.946499
vt 0.191494 0.946499
vt 0.185500 0.946499
vt 0.179745 0.946499
vt 0.021970 0.946499
vt 0.016455 0.925398
vt 0.010700 0.925398
vt 0.687600 0.925398
vt 0.529824 0.925398
vt 0.524069 0.925398
vt 0.518075 0.925398
vt 0.360300 0.925398
vt 0.354785 0.925398
vt 0.349270 0.925398
vt 0.191494 0.925398
vt 0.185500 0.925398
vt 0.179745 0.925398
vt 0.021970 0.925398
vt 0.016455 0.912450
vt 0.010700 0.912450
vt 0.687600 0.912450
vt 0.529824 0.912450
vt 0.524069 0.912450
vt 0.518075 0.912450
vt 0.360300 0.912450
vt 0.354785 0.912450
vt 0.349270 0.912450
vt 0.191494 0.912450
vt 0.185500 0.912450
vt 0.179745 0.912450
vt 0.021970 0.912450
vt 0.021970 0.904537
vt 0.016455 0.904537
vt 0.010700 0.904537
vt 0.687600 0.904537
vt 0.529824 0.904537
vt 0.524069 0.904537
vt 0.518075 0.904537
vt 0.360300 0.904537
vt 0.354785 0.904537
vt 0.349270 0.904537
vt 0.191494 0.904537
vt 0.185500 0.904537
vt 0.179745 0.904537
vt 0.021970 0.862815
vt 0.016455 0.862815
vt 0.010700 0.862815
vt 0.687600 0.862815
vt 0.529824 0.862815
vt 0.524069 0.862815
vt 0.518075 0.862815
vt 0.360300 0.862815
vt 0.354785 0.862815
vt 0.349270 0.862815
vt 0.191494 0.862815
vt 0.185500 0.862815
vt 0.179745 0.862815
vt 0.021970 0.856821
vt 0.016455 0.856821
vt 0.010700 0.856821
vt 0.687600 0.856821
vt 0.529824 0.856821
vt 0.524069 0.856821
vt 0.518075 0.856821
vt 0.360300 0.856821
vt 0.354785 0.856821
vt 0.349270 0.856821
vt 0.191494 0.856821
vt 0.185500 0.856821
vt 0.179745 0.856821
vt 0.021970 0.837159
vt 0.016455 0.837159
vt 0.010700 0.837159
vt 0.687600 0.837159
vt 0.529824 0.837159
vt 0.524069 0.837159
vt 0.518075 0.837159
vt 0.360300 0.837159
vt 0.354785 0.837159
vt 0.349270 0.837159
vt 0.191494 0.837159
vt 0.185500 0.837159
vt 0.179745 0.837159
vt 0.021970 0.820134
vt 0.016455 0.820134
vt 0.010700 0.820134
vt 0.687600 0.820134
vt 0.529824 0.820134
vt 0.524069 0.820134
vt 0.518075 0.820134
vt 0.360300 0.820134
vt 0.354785 0.820134
vt 0.349270 0.820134
vt 0.191494 0.820134
vt 0.185500 0.820134
vt 0.179745 0.820134
vt 0.021970 0.802151
vt 0.016455 0.802151
vt 0.010700 0.802151
vt 0.687600 0.802151
vt 0.529824 0.802151
vt 0.524069 0.802151
vt 0.518075 0.802151
vt 0.360300 0.802151
vt 0.354785 0.802151
vt 0.349270 0.802151
vt 0.191494 0.802151
vt 0.185500 0.802151
vt 0.179745 0.802151
vt 0.021970 0.792080
vt 0.016455 0.792080
vt 0.010700 0.792080
vt 0.687600 0.792080
vt 0.529824 0.792080
vt 0.524069 0.792080
vt 0.518075 0.792080
vt 0.360300 0.792080
vt 0.354785 0.792080
vt 0.349270 0.792080
vt 0.191494 0.792080
vt 0.185500 0.792080
vt 0.179745 0.792080
vt 0.021970 0.790402
vt 0.016455 0.790402
vt 0.010700 0.790402
vt 0.687600 0.790402
vt 0.529824 0.790402
vt 0.524069 0.790402
vt 0.518075 0.790402
vt 0.360300 0.790402
vt 0.354785 0.790402
vt 0.349270 0.790402
vt 0.191494 0.790402
vt 0.185500 0.790402
vt 0.179745 0.790402
vt 0.021970 0.764266
vt 0.016455 0.764266
vt 0.010700 0.764266
vt 0.687600 0.764266
vt 0.529824 0.764266
vt 0.524069 0.764266
vt 0.518075 0.764266
vt 0.360300 0.764266
vt 0.354785 0.764266
vt 0.349270 0.764266
vt 0.191494 0.764266
vt 0.185500 0.764266
vt 0.179745 0.764266
vt 0.179745 0.758511
vt 0.021970 0.758511
vt 0.016455 0.758511
vt 0.010700 0.758511
vt 0.687600 0.758511
vt 0.529824 0.758511
vt 0.524069 0.758511
vt 0.518075 0.758511
vt 0.360300 0.758511
vt 0.354785 0.758511
vt 0.349270 0.758511
vt 0.191494 0.758511
vt 0.185500 0.758511
vt 0.179745 0.751557
vt 0.021970 0.751557
vt 0.016455 0.751557
vt 0.010700 0.751557
vt 0.687600 0.751557
vt 0.529824 0.751557
vt 0.524069 0.751557
vt 0.518075 0.751557
vt 0.360300 0.751557
vt 0.354785 0.751557
vt 0.349270 0.751557
vt 0.191494 0.751557
vt 0.185500 0.751557
vt 0.179745 0.712233
vt 0.021970 0.712233
vt 0.016455 0.712233
vt 0.010700 0.712233
vt 0.687600 0.712233
vt 0.529824 0.712233
vt 0.524069 0.712233
vt 0.518075 0.712233
vt 0.360300 0.712233
vt 0.354785 0.712233
vt 0.349270 0.712233
vt 0.191494 0.712233
vt 0.185500 0.712233
vt 0.185500 0.706718
vt 0.179745 0.706718
vt 0.021970 0.706718
vt 0.016455 0.706718
vt 0.010700 0.706718
vt 0.687600 0.706718
vt 0.529824 0.706718
vt 0.524069 0.706718
vt 0.518075 0.706718
vt 0.360300 0.706718
vt 0.354785 0.706718
vt 0.349270 0.706718
vt 0.191494 0.706718
vt 0.185500 0.698086
vt 0.179745 0.698086
vt 0.021970 0.698086
vt 0.016455 0.698086
vt 0.010700 0.698086
vt 0.687600 0.698086
vt 0.529824 0.698086
vt 0.524069 0.698086
vt 0.518075 0.698086
vt 0.360300 0.698086
vt 0.354785 0.698086
vt 0.349270 0.698086
vt 0.191494 0.698086
vt 0.185500 0.549183
vt 0.179745 0.549183
vt 0.021970 0.549183
vt 0.016455 0.549183
vt 0.010700 0.549183
vt 0.687600 0.549183
vt 0.529824 0.549183
vt 0.524069 0.549183
vt 0.518075 0.549183
vt 0.360300 0.549183
vt 0.354785 0.549183
vt 0.349270 0.549183
vt 0.191494 0.549183
vt 0.924023 0.035813
vt 0.924023 0.039890
vt 0.916829 0.039890
vt 0.924023 0.043966
vt 0.916829 0.043966
vt 0.924023 0.271278
vt 0.916829 0.271278
vt 0.924023 0.275114
vt 0.916829 0.275114
vt 0.909636 0.275114
vt 0.326251 0.395723
vt 0.321935 0.394525
vt 0.391711 0.325228
vt 0.274938 0.279670
vt 0.223385 0.394764
vt 0.221707 0.398601
vt 0.225303 0.398601
vt 0.319537 0.398601
vt 0.323373 0.398601
vt 0.324093 0.399800
vt 0.326730 0.396922
vt 0.394109 0.329544
vt 0.392670 0.329065
vt 0.395307 0.326427
vt 0.395307 0.322590
vt 0.395307 0.228597
vt 0.391471 0.226199
vt 0.321695 0.156663
vt 0.223145 0.156663
vt 0.153369 0.226439
vt 0.153609 0.324988
vt 0.152410 0.329304
vt 0.219069 0.395963
vt 0.218589 0.397162
vt 0.221227 0.399800
vt 0.224824 0.399800
vt 0.320016 0.399800
vt 0.672254 0.152107
vt 0.672254 0.147791
vt 0.565551 0.152107
vt 0.565551 0.147791
vt 0.672254 0.142995
vt 0.565551 0.142995
vt 0.672254 0.020228
vt 0.565551 0.020228
vt 0.672254 0.015912
vt 0.396506 0.326907
vt 0.396506 0.323310
vt 0.396506 0.228117
vt 0.395307 0.224760
vt 0.392670 0.221883
vt 0.326011 0.155464
vt 0.323373 0.152826
vt 0.319537 0.152826
vt 0.225303 0.152826
vt 0.221467 0.152826
vt 0.218829 0.155703
vt 0.152410 0.222123
vt 0.149533 0.225000
vt 0.149533 0.228597
vt 0.149773 0.322590
vt 0.149773 0.326667
vt 0.148334 0.327146
vt 0.151211 0.329784
vt 0.672254 0.406514
vt 0.672254 0.283746
vt 0.565551 0.406514
vt 0.565551 0.283746
vt 0.672254 0.279430
vt 0.565551 0.279430
vt 0.672254 0.275114
vt 0.565551 0.275114
vt 0.223385 0.404356
vt 0.321935 0.404116
vt 0.222426 0.406753
vt 0.322894 0.406753
vt 0.326011 0.404116
vt 0.327210 0.406753
vt 0.328888 0.401478
vt 0.330087 0.403876
vt 0.398425 0.331702
vt 0.401062 0.332661
vt 0.401302 0.328825
vt 0.565551 0.015912
vt 0.672254 0.011596
vt 0.565551 0.011596
vt 0.672254 0.538633
vt 0.672254 0.415865
vt 0.565551 0.538633
vt 0.565551 0.415865
vt 0.672254 0.411309
vt 0.396506 0.224281
vt 0.393869 0.221403
vt 0.326491 0.154265
vt 0.323853 0.151387
vt 0.320016 0.151387
vt 0.224824 0.151627
vt 0.220987 0.151627
vt 0.218110 0.154265
vt 0.150971 0.221643
vt 0.148334 0.224281
vt 0.148334 0.228117
vt 0.148334 0.323310
vt 0.565551 0.411309
vt 0.144018 0.329065
vt 0.146895 0.331942
vt 0.144497 0.332901
vt 0.216671 0.401478
vt 0.215712 0.404116
vt 0.219549 0.404356
vt 0.218350 0.406753
vt 0.220987 0.410590
vt 0.324333 0.410350
vt 0.328649 0.410350
vt 0.331526 0.407473
vt 0.404659 0.334340
vt 0.403700 0.329784
vt 0.401302 0.324988
vt 0.403700 0.325947
vt 0.401302 0.226439
vt 0.403700 0.225479
vt 0.401302 0.222362
vt 0.144018 0.226439
vt 0.144018 0.324988
vt 0.141380 0.225479
vt 0.141380 0.325947
vt 0.141620 0.330024
vt 0.140901 0.334580
vt 0.214034 0.407712
vt 0.216911 0.410590
vt 0.211396 0.436007
vt 0.334164 0.435767
vt 0.339199 0.435767
vt 0.342796 0.432170
vt 0.429356 0.345370
vt 0.407536 0.331462
vt 0.407536 0.327386
vt 0.407296 0.224041
vt 0.403700 0.221163
vt 0.398425 0.219485
vt 0.400822 0.218286
vt 0.328649 0.149709
vt 0.329608 0.147311
vt 0.325771 0.147071
vt 0.326970 0.144434
vt 0.321935 0.147071
vt 0.322894 0.144434
vt 0.223385 0.147071
vt 0.222426 0.144434
vt 0.219309 0.147071
vt 0.218350 0.144674
vt 0.216431 0.149949
vt 0.215233 0.147551
vt 0.146895 0.219725
vt 0.144258 0.218526
vt 0.144018 0.222602
vt 0.141380 0.221403
vt 0.137784 0.224041
vt 0.137784 0.327386
vt 0.137784 0.331702
vt 0.116203 0.345609
vt 0.203004 0.432410
vt 0.206361 0.436007
vt 0.206840 0.447756
vt 0.338719 0.447756
vt 0.343994 0.447516
vt 0.340158 0.451592
vt 0.345673 0.451592
vt 0.340638 0.453031
vt 0.346392 0.453031
vt 0.343994 0.461903
vt 0.349989 0.461663
vt 0.354065 0.457587
vt 0.350229 0.449194
vt 0.349509 0.447756
vt 0.347831 0.443919
vt 0.441106 0.350405
vt 0.432953 0.342013
vt 0.432953 0.336977
vt 0.432713 0.214210
vt 0.407296 0.219725
vt 0.404419 0.216608
vt 0.331286 0.143714
vt 0.328409 0.140837
vt 0.324333 0.140837
vt 0.220987 0.140837
vt 0.216911 0.140837
vt 0.213794 0.143954
vt 0.140901 0.217087
vt 0.137784 0.219965
vt 0.112607 0.214210
vt 0.112607 0.337217
vt 0.112607 0.342013
vt 0.104454 0.350885
vt 0.197968 0.443919
vt 0.201565 0.447756
vt 0.205162 0.451592
vt 0.204682 0.453031
vt 0.201325 0.461903
vt 0.346392 0.468137
vt 0.352627 0.468137
vt 0.353586 0.470295
vt 0.347351 0.470295
vt 0.356463 0.477489
vt 0.349989 0.477489
vt 0.367253 0.503625
vt 0.360060 0.503625
vt 0.367493 0.522567
vt 0.375166 0.522567
vt 0.377804 0.529281
vt 0.369891 0.529281
vt 0.381160 0.536954
vt 0.373008 0.537194
vt 0.716853 0.275114
vt 0.843936 0.275114
vt 0.716853 0.278951
vt 0.843936 0.278951
vt 0.851609 0.278951
vt 0.851609 0.275114
vt 0.861680 0.275114
vt 0.861680 0.278951
vt 0.875108 0.278951
vt 0.875108 0.275114
vt 0.896208 0.278951
vt 0.896208 0.275114
vt 0.909636 0.278951
vt 0.916829 0.278951
vt 0.924023 0.278951
vt 0.916829 0.506262
vt 0.924023 0.506262
vt 0.916829 0.510099
vt 0.924023 0.510099
vt 0.924023 0.513695
vt 0.949200 0.513695
vt 0.949200 0.510099
vt 0.949200 0.506262
vt 0.949200 0.278951
vt 0.949200 0.275114
vt 0.949200 0.271278
vt 0.949200 0.043966
vt 0.949200 0.039890
vt 0.949200 0.035813
vt 0.949200 0.744843
vt 0.949200 0.748680
vt 0.924023 0.748680
vt 0.949200 0.975752
vt 0.924023 0.975752
vt 0.916829 0.975752
vt 0.916829 0.035813
vt 0.909636 0.039890
vt 0.909636 0.043966
vt 0.909636 0.271278
vt 0.896208 0.271278
vt 0.875108 0.271278
vt 0.861680 0.271278
vt 0.851609 0.271278
vt 0.843936 0.271278
vt 0.716853 0.271278
vt 0.386915 0.531199
vt 0.383558 0.523526
vt 0.380681 0.517052
vt 0.372289 0.498589
vt 0.361019 0.472933
vt 0.357902 0.465979
vt 0.356943 0.463821
vt 0.455013 0.356639
vt 0.446381 0.352803
vt 0.444942 0.352083
vt 0.444702 0.346808
vt 0.444702 0.341533
vt 0.444702 0.209654
vt 0.432713 0.209174
vt 0.429116 0.205578
vt 0.342316 0.119017
vt 0.338959 0.115420
vt 0.333924 0.115420
vt 0.211396 0.115420
vt 0.206121 0.115420
vt 0.202524 0.119017
vt 0.115964 0.206057
vt 0.112607 0.209414
vt 0.100618 0.209654
vt 0.100618 0.341533
vt 0.100618 0.347048
vt 0.100618 0.352563
vt 0.196050 0.447996
vt 0.199887 0.451592
vt 0.199407 0.453031
vt 0.195810 0.461903
vt 0.193173 0.468137
vt 0.198927 0.468137
vt 0.198208 0.470295
vt 0.195331 0.477489
vt 0.185260 0.503625
vt 0.178067 0.522807
vt 0.175429 0.529281
vt 0.172552 0.537194
vt 0.716853 0.506262
vt 0.843936 0.506262
vt 0.851609 0.506262
vt 0.861680 0.506262
vt 0.875108 0.506262
vt 0.896208 0.506262
vt 0.909636 0.506262
vt 0.909636 0.510099
vt 0.916829 0.513695
vt 0.916829 0.741007
vt 0.924023 0.741007
vt 0.949200 0.741007
vt 0.992600 0.039890
vt 0.992600 0.035813
vt 0.992600 0.975752
vt 0.992600 0.748680
vt 0.992600 0.744604
vt 0.992600 0.740767
vt 0.992600 0.513695
vt 0.992600 0.510099
vt 0.992600 0.506262
vt 0.992600 0.278951
vt 0.992600 0.275114
vt 0.992600 0.271278
vt 0.992600 0.043966
vt 0.924023 0.744843
vt 0.916829 0.744843
vt 0.916829 0.748680
vt 0.909636 0.975752
vt 0.909636 0.035813
vt 0.896208 0.039890
vt 0.896208 0.043966
vt 0.875108 0.043966
vt 0.861680 0.043966
vt 0.851609 0.043966
vt 0.843936 0.043966
vt 0.716853 0.043966
vt 0.528625 0.389489
vt 0.520952 0.385892
vt 0.514478 0.383015
vt 0.495775 0.374863
vt 0.470119 0.363353
vt 0.463165 0.360236
vt 0.461007 0.359517
vt 0.465084 0.355201
vt 0.458849 0.352563
vt 0.450217 0.348966
vt 0.448778 0.348487
vt 0.448778 0.343212
vt 0.448539 0.208215
vt 0.444702 0.204379
vt 0.440866 0.200303
vt 0.347591 0.107268
vt 0.343755 0.103671
vt 0.338719 0.103671
vt 0.206600 0.103671
vt 0.201325 0.103671
vt 0.197489 0.107508
vt 0.104214 0.200782
vt 0.100618 0.204619
vt 0.096781 0.208215
vt 0.096781 0.343212
vt 0.096781 0.348727
vt 0.099419 0.353282
vt 0.195571 0.449194
vt 0.191734 0.457827
vt 0.188857 0.464061
vt 0.192214 0.470295
vt 0.189096 0.477489
vt 0.178306 0.503625
vt 0.170394 0.522807
vt 0.167756 0.529281
vt 0.164639 0.537194
vt 0.716853 0.510099
vt 0.843936 0.510099
vt 0.851609 0.510099
vt 0.861680 0.510099
vt 0.875108 0.510099
vt 0.896208 0.510099
vt 0.909636 0.513695
vt 0.909636 0.741007
vt 0.909636 0.744843
vt 0.909636 0.748680
vt 0.896208 0.975752
vt 0.896208 0.035813
vt 0.875108 0.039890
vt 0.861680 0.039890
vt 0.851609 0.039890
vt 0.843936 0.039890
vt 0.716853 0.039890
vt 0.534140 0.383734
vt 0.526227 0.380617
vt 0.519753 0.377740
vt 0.500811 0.369827
vt 0.474675 0.359037
vt 0.467481 0.356160
vt 0.465084 0.349446
vt 0.458849 0.347048
vt 0.450217 0.343691
vt 0.449977 0.207496
vt 0.448539 0.202700
vt 0.444702 0.198624
vt 0.349270 0.103431
vt 0.345433 0.099595
vt 0.340158 0.099595
vt 0.205162 0.099595
vt 0.199647 0.099595
vt 0.195810 0.103671
vt 0.100378 0.199104
vt 0.096781 0.202940
vt 0.095342 0.207736
vt 0.095342 0.343691
vt 0.095342 0.349206
vt 0.090787 0.357119
vt 0.084552 0.359756
vt 0.187898 0.466219
vt 0.184780 0.473172
vt 0.173511 0.498829
vt 0.165358 0.517292
vt 0.162481 0.524006
vt 0.158884 0.531439
vt 0.716853 0.513695
vt 0.843936 0.513695
vt 0.851609 0.513695
vt 0.861680 0.513695
vt 0.875108 0.513695
vt 0.896208 0.513695
vt 0.896208 0.741007
vt 0.896208 0.744843
vt 0.896208 0.748680
vt 0.875108 0.975752
vt 0.875108 0.035813
vt 0.861680 0.035813
vt 0.851609 0.035813
vt 0.843936 0.035813
vt 0.716853 0.035813
vt 0.534140 0.375822
vt 0.526227 0.372705
vt 0.519753 0.370307
vt 0.500811 0.363113
vt 0.474675 0.353043
vt 0.467481 0.350405
vt 0.465084 0.201741
vt 0.458849 0.204379
vt 0.449977 0.201981
vt 0.446141 0.198145
vt 0.349749 0.101993
vt 0.345913 0.098396
vt 0.340638 0.098396
vt 0.204682 0.098396
vt 0.199167 0.098396
vt 0.195091 0.102232
vt 0.099179 0.198384
vt 0.095342 0.202221
vt 0.086471 0.204379
vt 0.086710 0.347048
vt 0.086710 0.352803
vt 0.080236 0.355440
vt 0.078078 0.356399
vt 0.082394 0.360716
vt 0.075201 0.363833
vt 0.049784 0.375342
vt 0.031081 0.383734
vt 0.024847 0.386612
vt 0.017174 0.389969
vt 0.716853 0.740767
vt 0.843936 0.740767
vt 0.851609 0.740767
vt 0.861680 0.740767
vt 0.875108 0.741007
vt 0.875108 0.744843
vt 0.875108 0.748680
vt 0.861680 0.975752
vt 0.861680 0.748680
vt 0.851609 0.975752
vt 0.851609 0.748680
vt 0.843936 0.975752
vt 0.843936 0.748680
vt 0.716853 0.748680
vt 0.716853 0.975752
vt 0.534140 0.175365
vt 0.526227 0.178483
vt 0.519514 0.180880
vt 0.500571 0.188314
vt 0.474435 0.198384
vt 0.467242 0.201022
vt 0.467242 0.194788
vt 0.465084 0.195747
vt 0.458849 0.198384
vt 0.454533 0.194308
vt 0.353586 0.093600
vt 0.349509 0.089524
vt 0.343994 0.089524
vt 0.201325 0.089524
vt 0.195331 0.089524
vt 0.191255 0.093600
vt 0.090547 0.194788
vt 0.086471 0.198624
vt 0.079996 0.195987
vt 0.079996 0.201981
vt 0.080236 0.349446
vt 0.078078 0.350405
vt 0.070885 0.359517
vt 0.044749 0.370307
vt 0.025806 0.378219
vt 0.019092 0.380857
vt 0.011419 0.384214
vt 0.716853 0.744604
vt 0.843936 0.744604
vt 0.851609 0.744604
vt 0.861680 0.744604
vt 0.533900 0.167213
vt 0.526227 0.170330
vt 0.519514 0.173207
vt 0.500571 0.181120
vt 0.474435 0.191910
vt 0.462925 0.190472
vt 0.461007 0.191431
vt 0.356463 0.087126
vt 0.352387 0.083050
vt 0.346392 0.083050
vt 0.198688 0.083050
vt 0.192693 0.083290
vt 0.188617 0.087366
vt 0.084313 0.191910
vt 0.077838 0.195267
vt 0.077838 0.201022
vt 0.070885 0.353043
vt 0.044749 0.363113
vt 0.025806 0.370307
vt 0.019092 0.372944
vt 0.011419 0.375822
vt 0.528146 0.161218
vt 0.520713 0.164815
vt 0.513999 0.167692
vt 0.495536 0.176085
vt 0.470119 0.187354
vt 0.357182 0.085208
vt 0.353106 0.080892
vt 0.347351 0.080892
vt 0.197968 0.080892
vt 0.191974 0.080892
vt 0.187418 0.085208
vt 0.082155 0.190951
vt 0.075201 0.187834
vt 0.070885 0.192150
vt 0.070885 0.198384
vt 0.044749 0.187354
vt 0.025566 0.177284
vt 0.019092 0.174646
vt 0.011180 0.171289
vt 0.386436 0.019748
vt 0.383079 0.027421
vt 0.380201 0.033895
vt 0.371809 0.052598
vt 0.360539 0.078015
vt 0.355984 0.073699
vt 0.349989 0.073699
vt 0.195331 0.073699
vt 0.188857 0.073938
vt 0.184301 0.078254
vt 0.049544 0.176564
vt 0.044749 0.181360
vt 0.025566 0.173447
vt 0.019092 0.170810
vt 0.011180 0.167692
vt 0.380681 0.014233
vt 0.377564 0.021906
vt 0.374686 0.028620
vt 0.367013 0.047802
vt 0.360060 0.047802
vt 0.185260 0.047802
vt 0.178067 0.047802
vt 0.173031 0.052838
vt 0.030842 0.168172
vt 0.024607 0.165295
vt 0.016695 0.161938
vt 0.372768 0.014233
vt 0.369891 0.021906
vt 0.367253 0.028620
vt 0.178067 0.028620
vt 0.170154 0.028620
vt 0.164639 0.034135
vt 0.161762 0.027901
vt 0.158405 0.019988
vt 0.172312 0.014233
vt 0.175429 0.022146
vt 0.167516 0.022146
vt 0.164159 0.014233
s 1
usemtl FlamePots.001
f 1/1/1 2/2/2 3/3/3
f 2/2/2 4/4/4 3/3/3
f 3/3/3 4/4/4 6/5/5
f 5/6/4 8/7/6 7/8/5
f 7/8/5 8/7/6 9/9/5
f 9/9/5 8/7/6 10/10/7
f 8/7/6 11/11/8 10/10/7
f 11/11/8 12/12/9 10/10/7
f 10/10/7 12/12/9 13/13/10
f 12/12/9 14/14/11 13/13/10
f 13/13/10 14/14/11 15/15/12
f 15/15/12 14/14/11 16/16/13
f 14/14/11 17/17/14 16/16/13
f 17/17/14 18/18/15 16/16/13
f 16/16/13 18/18/15 19/19/16
f 18/18/15 20/20/17 19/19/16
f 19/19/16 20/20/17 21/21/18
f 21/21/18 20/20/17 22/22/19
f 20/20/17 23/23/20 22/22/19
f 23/23/20 24/24/21 22/22/19
f 22/22/19 24/24/21 25/25/22
f 24/24/21 26/1/23 25/25/22
f 25/25/22 26/1/23 27/26/24
f 27/26/24 26/1/23 28/3/25
f 26/1/23 29/2/26 28/3/25
f 29/2/26 30/4/27 28/3/25
f 28/3/25 30/4/27 32/5/28
f 31/6/27 34/7/29 33/8/28
f 33/8/28 34/7/29 35/9/28
f 35/9/28 34/7/29 36/10/30
f 34/7/29 37/11/31 36/10/30
f 37/11/31 38/12/32 36/10/30
f 36/10/30 38/12/32 39/13/33
f 38/12/32 40/14/34 39/13/33
f 39/13/33 40/14/34 41/15/35
f 41/15/35 40/14/34 42/16/36
f 40/14/34 43/17/37 42/16/36
f 43/17/37 44/18/38 42/16/36
f 42/16/36 44/18/38 45/19/39
f 44/18/38 46/20/40 45/19/39
f 45/19/39 46/20/40 47/21/41
f 47/21/41 46/20/40 48/22/42
f 46/20/40 49/23/43 48/22/42
f 49/23/43 50/24/44 48/22/42
f 48/22/42 50/24/44 51/25/45
f 50/24/44 1/1/1 51/25/45
f 51/25/45 1/1/1 52/26/46
f 1/1/1 3/3/3 52/26/46
f 52/26/46 3/3/3 53/27/47
f 3/3/3 6/5/5 53/27/47
f 53/27/47 6/5/5 54/28/48
f 7/8/5 9/9/5 55/29/48
f 55/29/48 9/9/5 56/30/49
f 56/30/49 9/9/5 57/31/50
f 9/9/5 10/10/7 57/31/50
f 10/10/7 13/13/10 57/31/50
f 57/31/50 13/13/10 58/32/51
f 13/13/10 15/15/12 58/32/51
f 58/32/51 15/15/12 59/33/51
f 59/33/51 15/15/12 60/34/52
f 15/15/12 16/16/13 60/34/52
f 16/16/13 19/19/16 60/34/52
f 60/34/52 19/19/16 61/35/53
f 19/19/16 21/21/18 61/35/53
f 61/35/53 21/21/18 62/36/54
f 62/36/54 21/21/18 63/37/55
f 21/21/18 22/22/19 63/37/55
f 22/22/19 25/25/22 63/37/55
f 63/37/55 25/25/22 64/38/56
f 25/25/22 27/26/24 64/38/56
f 64/38/56 27/26/24 65/39/56
f 65/39/56 27/26/24 66/27/57
f 27/26/24 28/3/25 66/27/57
f 28/3/25 32/5/28 66/27/57
f 66/27/57 32/5/28 67/28/58
f 33/8/28 35/9/28 68/29/58
f 68/29/58 35/9/28 69/30/59
f 69/30/59 35/9/28 70/31/60
f 35/9/28 36/10/30 70/31/60
f 36/10/30 39/13/33 70/31/60
f 70/31/60 39/13/33 71/32/61
f 39/13/33 41/15/35 71/32/61
f 71/32/61 41/15/35 72/33/61
f 72/33/61 41/15/35 73/34/62
f 41/15/35 42/16/36 73/34/62
f 42/16/36 45/19/39 73/34/62
f 73/34/62 45/19/39 74/35/63
f 45/19/39 47/21/41 74/35/63
f 74/35/63 47/21/41 75/36/64
f 75/36/64 47/21/41 76/37/65
f 47/21/41 48/22/42 76/37/65
f 48/22/42 51/25/45 76/37/65
f 76/37/65 51/25/45 77/38/66
f 51/25/45 52/26/46 77/38/66
f 77/38/66 52/26/46 78/39/66
f 52/26/46 53/27/47 78/39/66
f 78/39/66 53/27/47 79/40/67
f 53/27/47 54/28/48 79/40/67
f 79/40/67 54/28/48 80/41/68
f 55/29/48 56/30/49 81/42/68
f 81/42/68 56/30/49 82/43/69
f 82/43/69 56/30/49 83/44/70
f 56/30/49 57/31/50 83/44/70
f 57/31/50 58/32/51 83/44/70
f 83/44/70 58/32/51 84/45/71
f 84/45/71 58/32/51 85/46/72
f 58/32/51 59/33/51 85/46/72
f 85/46/72 59/33/51 86/47/73
f 59/33/51 60/34/52 86/47/73
f 60/34/52 61/35/53 86/47/73
f 86/47/73 61/35/53 87/48/74
f 61/35/53 62/36/54 87/48/74
f 87/48/74 62/36/54 88/49/75
f 88/49/75 62/36/54 89/50/76
f 62/36/54 63/37/55 89/50/76
f 63/37/55 64/38/56 89/50/76
f 89/50/76 64/38/56 90/51/77
f 90/51/77 64/38/56 91/52/78
f 64/38/56 65/39/56 91/52/78
f 91/52/78 65/39/56 92/40/79
f 65/39/56 66/27/57 92/40/79
f 66/27/57 67/28/58 92/40/79
f 92/40/79 67/28/58 93/41/80
f 68/29/58 69/30/59 94/42/81
f 94/42/81 69/30/59 95/43/82
f 95/43/82 69/30/59 96/44/83
f 69/30/59 70/31/60 96/44/83
f 70/31/60 71/32/61 96/44/83
f 96/44/83 71/32/61 97/45/84
f 97/45/84 71/32/61 98/46/85
f 71/32/61 72/33/61 98/46/85
f 98/46/85 72/33/61 99/47/86
f 72/33/61 73/34/62 99/47/86
f 73/34/62 74/35/63 99/47/86
f 99/47/86 74/35/63 100/48/87
f 74/35/63 75/36/64 100/48/87
f 100/48/87 75/36/64 101/49/88
f 101/49/88 75/36/64 102/50/89
f 75/36/64 76/37/65 102/50/89
f 76/37/65 77/38/66 102/50/89
f 102/50/89 77/38/66 103/51/90
f 103/51/90 77/38/66 104/52/91
f 77/38/66 78/39/66 104/52/91
f 78/39/66 79/40/67 104/52/91
f 104/52/91 79/40/67 105/53/92
f 79/40/67 80/41/68 105/53/92
f 105/53/92 80/41/68 106/54/93
f 81/42/68 82/43/69 107/55/93
f 107/55/93 82/43/69 108/56/93
f 108/56/93 82/43/69 109/57/94
f 82/43/69 83/44/70 109/57/94
f 83/44/70 84/45/71 109/57/94
f 109/57/94 84/45/71 110/58/95
f 84/45/71 85/46/72 110/58/95
f 110/58/95 85/46/72 111/59/96
f 111/59/96 85/46/72 112/60/97
f 85/46/72 86/47/73 112/60/97
f 86/47/73 87/48/74 112/60/97
f 112/60/97 87/48/74 113/61/98
f 87/48/74 88/49/75 113/61/98
f 113/61/98 88/49/75 114/62/99
f 114/62/99 88/49/75 115/63/100
f 88/49/75 89/50/76 115/63/100
f 89/50/76 90/51/77 115/63/100
f 115/63/100 90/51/77 116/64/101
f 90/51/77 91/52/78 116/64/101
f 116/64/101 91/52/78 117/65/101
f 117/65/101 91/52/78 118/53/102
f 91/52/78 92/40/79 118/53/102
f 92/40/79 93/41/80 118/53/102
f 118/53/102 93/41/80 119/54/103
f 94/42/81 95/43/82 120/55/104
f 120/55/104 95/43/82 121/56/103
f 121/56/103 95/43/82 122/57/105
f 95/43/82 96/44/83 122/57/105
f 96/44/83 97/45/84 122/57/105
f 122/57/105 97/45/84 123/58/106
f 97/45/84 98/46/85 123/58/106
f 123/58/106 98/46/85 124/59/107
f 124/59/107 98/46/85 125/60/108
f 98/46/85 99/47/86 125/60/108
f 99/47/86 100/48/87 125/60/108
f 125/60/108 100/48/87 126/61/109
f 100/48/87 101/49/88 126/61/109
f 126/61/109 101/49/88 127/62/110
f 127/62/110 101/49/88 128/63/111
f 101/49/88 102/50/89 128/63/111
f 102/50/89 103/51/90 128/63/111
f 128/63/111 103/51/90 129/64/112
f 103/51/90 104/52/91 129/64/112
f 129/64/112 104/52/91 130/65/113
f 104/52/91 105/53/92 130/65/113
f 130/65/113 105/53/92 131/66/114
f 105/53/92 106/54/93 131/66/114
f 131/66/114 106/54/93 132/67/115
f 107/55/93 108/56/93 133/68/115
f 133/68/115 108/56/93 134/69/116
f 134/69/116 108/56/93 135/70/117
f 108/56/93 109/57/94 135/70/117
f 109/57/94 110/58/95 135/70/117
f 135/70/117 110/58/95 136/71/118
f 110/58/95 111/59/96 136/71/118
f 136/71/118 111/59/96 137/72/119
f 137/72/119 111/59/96 138/73/120
f 111/59/96 112/60/97 138/73/120
f 112/60/97 113/61/98 138/73/120
f 138/73/120 113/61/98 139/74/121
f 113/61/98 114/62/99 139/74/121
f 139/74/121 114/62/99 140/75/122
f 140/75/122 114/62/99 141/76/123
f 114/62/99 115/63/100 141/76/123
f 115/63/100 116/64/101 141/76/123
f 141/76/123 116/64/101 142/77/124
f 116/64/101 117/65/101 142/77/124
f 142/77/124 117/65/101 143/78/125
f 143/78/125 117/65/101 144/66/126
f 117/65/101 118/53/102 144/66/126
f 118/53/102 119/54/103 144/66/126
f 144/66/126 119/54/103 145/67/127
f 120/55/104 121/56/103 146/68/127
f 146/68/127 121/56/103 147/69/128
f 147/69/128 121/56/103 148/70/129
f 121/56/103 122/57/105 148/70/129
f 122/57/105 123/58/106 148/70/129
f 148/70/129 123/58/106 149/71/130
f 123/58/106 124/59/107 149/71/130
f 149/71/130 124/59/107 150/72/131
f 150/72/131 124/59/107 151/73/132
f 124/59/107 125/60/108 151/73/132
f 125/60/108 126/61/109 151/73/132
f 151/73/132 126/61/109 152/74/133
f 126/61/109 127/62/110 152/74/133
f 152/74/133 127/62/110 153/75/134
f 153/75/134 127/62/110 154/76/135
f 127/62/110 128/63/111 154/76/135
f 128/63/111 129/64/112 154/76/135
f 154/76/135 129/64/112 155/77/136
f 129/64/112 130/65/113 155/77/136
f 155/77/136 130/65/113 156/78/137
f 130/65/113 131/66/114 156/78/137
f 156/78/137 131/66/114 157/79/138
f 131/66/114 132/67/115 157/79/138
f 157/79/138 132/67/115 158/80/139
f 133/68/115 134/69/116 159/81/139
f 159/81/139 134/69/116 160/82/140
f 160/82/140 134/69/116 161/83/141
f 134/69/116 135/70/117 161/83/141
f 135/70/117 136/71/118 161/83/141
f 161/83/141 136/71/118 162/84/142
f 136/71/118 137/72/119 162/84/142
f 162/84/142 137/72/119 163/85/142
f 163/85/142 137/72/119 164/86/143
f 137/72/119 138/73/120 164/86/143
f 138/73/120 139/74/121 164/86/143
f 164/86/143 139/74/121 165/87/144
f 139/74/121 140/75/122 165/87/144
f 165/87/144 140/75/122 166/88/145
f 166/88/145 140/75/122 167/89/146
f 140/75/122 141/76/123 167/89/146
f 141/76/123 142/77/124 167/89/146
f 167/89/146 142/77/124 168/90/147
f 142/77/124 143/78/125 168/90/147
f 168/90/147 143/78/125 169/91/148
f 169/91/148 143/78/125 170/79/149
f 143/78/125 144/66/126 170/79/149
f 144/66/126 145/67/127 170/79/149
f 170/79/149 145/67/127 171/80/150
f 146/68/127 147/69/128 172/81/150
f 172/81/150 147/69/128 173/82/151
f 173/82/151 147/69/128 174/83/152
f 147/69/128 148/70/129 174/83/152
f 148/70/129 149/71/130 174/83/152
f 174/83/152 149/71/130 175/84/153
f 149/71/130 150/72/131 175/84/153
f 175/84/153 150/72/131 176/85/153
f 176/85/153 150/72/131 177/86/154
f 150/72/131 151/73/132 177/86/154
f 151/73/132 152/74/133 177/86/154
f 177/86/154 152/74/133 178/87/155
f 152/74/133 153/75/134 178/87/155
f 178/87/155 153/75/134 179/88/156
f 179/88/156 153/75/134 180/89/157
f 153/75/134 154/76/135 180/89/157
f 154/76/135 155/77/136 180/89/157
f 180/89/157 155/77/136 181/90/158
f 155/77/136 156/78/137 181/90/158
f 181/90/158 156/78/137 182/91/159
f 156/78/137 157/79/138 182/91/159
f 183/92/160 182/91/159 184/93/161
f 182/91/159 157/79/138 184/93/161
f 157/79/138 158/80/139 184/93/161
f 184/93/161 158/80/139 185/94/162
f 186/95/162 159/81/139 187/96/162
f 159/81/139 160/82/140 187/96/162
f 187/96/162 160/82/140 188/97/163
f 160/82/140 161/83/141 188/97/163
f 161/83/141 162/84/142 188/97/163
f 188/97/163 162/84/142 189/98/164
f 162/84/142 163/85/142 189/98/164
f 189/98/164 163/85/142 190/99/165
f 190/99/165 163/85/142 191/100/166
f 163/85/142 164/86/143 191/100/166
f 164/86/143 165/87/144 191/100/166
f 191/100/166 165/87/144 192/101/167
f 192/101/167 165/87/144 193/102/168
f 165/87/144 166/88/145 193/102/168
f 193/102/168 166/88/145 194/103/169
f 166/88/145 167/89/146 194/103/169
f 167/89/146 168/90/147 194/103/169
f 194/103/169 168/90/147 195/104/170
f 168/90/147 169/91/148 195/104/170
f 195/104/170 169/91/148 196/92/171
f 196/92/171 169/91/148 197/93/172
f 169/91/148 170/79/149 197/93/172
f 170/79/149 171/80/150 197/93/172
f 197/93/172 171/80/150 198/94/173
f 199/95/173 172/81/150 200/96/173
f 172/81/150 173/82/151 200/96/173
f 200/96/173 173/82/151 201/97/174
f 173/82/151 174/83/152 201/97/174
f 174/83/152 175/84/153 201/97/174
f 201/97/174 175/84/153 202/98/175
f 175/84/153 176/85/153 202/98/175
f 202/98/175 176/85/153 203/99/176
f 203/99/176 176/85/153 204/100/177
f 176/85/153 177/86/154 204/100/177
f 177/86/154 178/87/155 204/100/177
f 204/100/177 178/87/155 205/101/178
f 178/87/155 179/88/156 205/101/178
f 205/101/178 179/88/156 206/102/179
f 206/102/179 179/88/156 207/103/180
f 179/88/156 180/89/157 207/103/180
f 180/89/157 181/90/158 207/103/180
f 207/103/180 181/90/158 208/104/181
f 181/90/158 182/91/159 208/104/181
f 182/91/159 183/92/160 208/104/181
f 208/104/181 183/92/160 209/105/182
f 209/105/182 183/92/160 210/106/183
f 183/92/160 184/93/161 210/106/183
f 184/93/161 185/94/162 210/106/183
f 210/106/183 185/94/162 211/107/184
f 186/95/162 187/96/162 212/108/184
f 212/108/184 187/96/162 213/109/185
f 213/109/185 187/96/162 214/110/186
f 187/96/162 188/97/163 214/110/186
f 188/97/163 189/98/164 214/110/186
f 214/110/186 189/98/164 215/111/187
f 215/111/187 189/98/164 216/112/188
f 189/98/164 190/99/165 216/112/188
f 216/112/188 190/99/165 217/113/189
f 190/99/165 191/100/166 217/113/189
f 191/100/166 192/101/167 217/113/189
f 217/113/189 192/101/167 218/114/190
f 192/101/167 193/102/168 218/114/190
f 218/114/190 193/102/168 219/115/191
f 219/115/191 193/102/168 220/116/192
f 193/102/168 194/103/169 220/116/192
f 194/103/169 195/104/170 220/116/192
f 220/116/192 195/104/170 221/117/193
f 221/117/193 195/104/170 222/105/194
f 195/104/170 196/92/171 222/105/194
f 222/105/194 196/92/171 223/106/195
f 196/92/171 197/93/172 223/106/195
f 197/93/172 198/94/173 223/106/195
f 223/106/195 198/94/173 224/107/196
f 199/95/173 200/96/173 225/108/196
f 225/108/196 200/96/173 226/109/197
f 226/109/197 200/96/173 227/110/198
f 200/96/173 201/97/174 227/110/198
f 201/97/174 202/98/175 227/110/198
f 227/110/198 202/98/175 228/111/199
f 228/111/199 202/98/175 229/112/200
f 202/98/175 203/99/176 229/112/200
f 229/112/200 203/99/176 230/113/201
f 203/99/176 204/100/177 230/113/201
f 204/100/177 205/101/178 230/113/201
f 230/113/201 205/101/178 231/114/202
f 205/101/178 206/102/179 231/114/202
f 231/114/202 206/102/179 232/115/203
f 232/115/203 206/102/179 233/116/204
f 206/102/179 207/103/180 233/116/204
f 207/103/180 208/104/181 233/116/204
f 233/116/204 208/104/181 234/117/205
f 208/104/181 209/105/182 234/117/205
f 234/117/205 209/105/182 235/118/206
f 235/118/206 209/105/182 236/119/207
f 209/105/182 210/106/183 236/119/207
f 210/106/183 211/107/184 236/119/207
f 236/119/207 211/107/184 237/120/208
f 238/121/208 212/108/184 239/122/209
f 212/108/184 213/109/185 239/122/209
f 239/122/209 213/109/185 240/123/210
f 213/109/185 214/110/186 240/123/210
f 214/110/186 215/111/187 240/123/210
f 240/123/210 215/111/187 241/124/211
f 241/124/211 215/111/187 242/125/212
f 215/111/187 216/112/188 242/125/212
f 242/125/212 216/112/188 243/126/213
f 216/112/188 217/113/189 243/126/213
f 217/113/189 218/114/190 243/126/213
f 243/126/213 218/114/190 244/127/214
f 244/127/214 218/114/190 245/128/215
f 218/114/190 219/115/191 245/128/215
f 245/128/215 219/115/191 246/129/216
f 219/115/191 220/116/192 246/129/216
f 220/116/192 221/117/193 246/129/216
f 246/129/216 221/117/193 247/130/217
f 247/130/217 221/117/193 248/118/218
f 221/117/193 222/105/194 248/118/218
f 248/118/218 222/105/194 249/119/219
f 222/105/194 223/106/195 249/119/219
f 223/106/195 224/107/196 249/119/219
f 249/119/219 224/107/196 250/120/220
f 251/121/220 225/108/196 252/122/221
f 225/108/196 226/109/197 252/122/221
f 252/122/221 226/109/197 253/123/222
f 226/109/197 227/110/198 253/123/222
f 227/110/198 228/111/199 253/123/222
f 253/123/222 228/111/199 254/124/223
f 254/124/223 228/111/199 255/125/224
f 228/111/199 229/112/200 255/125/224
f 255/125/224 229/112/200 256/126/225
f 229/112/200 230/113/201 256/126/225
f 230/113/201 231/114/202 256/126/225
f 256/126/225 231/114/202 257/127/226
f 257/127/226 231/114/202 258/128/227
f 231/114/202 232/115/203 258/128/227
f 258/128/227 232/115/203 259/129/228
f 232/115/203 233/116/204 259/129/228
f 233/116/204 234/117/205 259/129/228
f 259/129/228 234/117/205 260/130/229
f 234/117/205 235/118/206 260/130/229
f 260/130/229 235/118/206 261/131/230
f 235/118/206 236/119/207 261/131/230
f 261/131/230 236/119/207 262/132/231
f 262/132/231 236/119/207 263/133/232
f 236/119/207 237/120/208 263/133/232
f 238/121/208 239/122/209 264/134/232
f 264/134/232 239/122/209 265/135/233
f 239/122/209 240/123/210 265/135/233
f 265/135/233 240/123/210 266/136/234
f 266/136/234 240/123/210 267/137/235
f 240/123/210 241/124/211 267/137/235
f 267/137/235 241/124/211 268/138/236
f 241/124/211 242/125/212 268/138/236
f 242/125/212 243/126/213 268/138/236
f 268/138/236 243/126/213 269/139/237
f 269/139/237 243/126/213 270/140/238
f 243/126/213 244/127/214 270/140/238
f 244/127/214 245/128/215 270/140/238
f 270/140/238 245/128/215 271/141/239
f 245/128/215 246/129/216 271/141/239
f 271/141/239 246/129/216 272/142/240
f 272/142/240 246/129/216 273/143/241
f 246/129/216 247/130/217 273/143/241
f 273/143/241 247/130/217 274/131/241
f 247/130/217 248/118/218 274/131/241
f 248/118/218 249/119/219 274/131/241
f 274/131/241 249/119/219 275/132/242
f 275/132/242 249/119/219 276/133/243
f 249/119/219 250/120/220 276/133/243
f 251/121/220 252/122/221 277/134/243
f 277/134/243 252/122/221 278/135/244
f 252/122/221 253/123/222 278/135/244
f 278/135/244 253/123/222 279/136/245
f 279/136/245 253/123/222 280/137/246
f 253/123/222 254/124/223 280/137/246
f 280/137/246 254/124/223 281/138/247
f 254/124/223 255/125/224 281/138/247
f 255/125/224 256/126/225 281/138/247
f 281/138/247 256/126/225 282/139/248
f 282/139/248 256/126/225 283/140/249
f 256/126/225 257/127/226 283/140/249
f 257/127/226 258/128/227 283/140/249
f 283/140/249 258/128/227 284/141/250
f 258/128/227 259/129/228 284/141/250
f 284/141/250 259/129/228 285/142/251
f 285/142/251 259/129/228 286/143/230
f 259/129/228 260/130/229 286/143/230
f 260/130/229 261/131/230 286/143/230
f 286/143/230 261/131/230 287/144/252
f 261/131/230 262/132/231 287/144/252
f 287/144/252 262/132/231 288/145/253
f 288/145/253 262/132/231 289/146/254
f 262/132/231 263/133/232 289/146/254
f 264/134/232 265/135/233 290/147/255
f 290/147/255 265/135/233 291/148/256
f 265/135/233 266/136/234 291/148/256
f 291/148/256 266/136/234 292/149/257
f 292/149/257 266/136/234 293/150/258
f 266/136/234 267/137/235 293/150/258
f 293/150/258 267/137/235 294/151/259
f 267/137/235 268/138/236 294/151/259
f 268/138/236 269/139/237 294/151/259
f 294/151/259 269/139/237 295/152/260
f 295/152/260 269/139/237 296/153/261
f 269/139/237 270/140/238 296/153/261
f 270/140/238 271/141/239 296/153/261
f 296/153/261 271/141/239 297/154/262
f 271/141/239 272/142/240 297/154/262
f 297/154/262 272/142/240 298/155/263
f 298/155/263 272/142/240 299/156/264
f 272/142/240 273/143/241 299/156/264
f 299/156/264 273/143/241 300/144/265
f 273/143/241 274/131/241 300/144/265
f 274/131/241 275/132/242 300/144/265
f 300/144/265 275/132/242 301/145/266
f 301/145/266 275/132/242 302/146/267
f 275/132/242 276/133/243 302/146/267
f 277/134/243 278/135/244 303/147/267
f 303/147/267 278/135/244 304/148/268
f 278/135/244 279/136/245 304/148/268
f 304/148/268 279/136/245 305/149/269
f 305/149/269 279/136/245 306/150/270
f 279/136/245 280/137/246 306/150/270
f 306/150/270 280/137/246 307/151/271
f 280/137/246 281/138/247 307/151/271
f 281/138/247 282/139/248 307/151/271
f 307/151/271 282/139/248 308/152/272
f 308/152/272 282/139/248 309/153/273
f 282/139/248 283/140/249 309/153/273
f 283/140/249 284/141/250 309/153/273
f 309/153/273 284/141/250 310/154/274
f 284/141/250 285/142/251 310/154/274
f 310/154/274 285/142/251 311/155/275
f 311/155/275 285/142/251 312/156/276
f 285/142/251 286/143/230 312/156/276
f 286/143/230 287/144/252 312/156/276
f 312/156/276 287/144/252 313/157/277
f 287/144/252 288/145/253 313/157/277
f 313/157/277 288/145/253 314/158/278
f 314/158/278 288/145/253 315/159/279
f 288/145/253 289/146/254 315/159/279
f 316/160/280 290/147/255 317/161/281
f 290/147/255 291/148/256 317/161/281
f 291/148/256 292/149/257 317/161/281
f 317/161/281 292/149/257 318/162/282
f 318/162/282 292/149/257 319/163/283
f 292/149/257 293/150/258 319/163/283
f 319/163/283 293/150/258 320/164/284
f 293/150/258 294/151/259 320/164/284
f 294/151/259 295/152/260 320/164/284
f 320/164/284 295/152/260 321/165/285
f 321/165/285 295/152/260 322/166/286
f 295/152/260 296/153/261 322/166/286
f 322/166/286 296/153/261 323/167/287
f 296/153/261 297/154/262 323/167/287
f 297/154/262 298/155/263 323/167/287
f 323/167/287 298/155/263 324/168/288
f 324/168/288 298/155/263 325/169/289
f 298/155/263 299/156/264 325/169/289
f 325/169/289 299/156/264 326/157/290
f 299/156/264 300/144/265 326/157/290
f 300/144/265 301/145/266 326/157/290
f 326/157/290 301/145/266 327/158/291
f 327/158/291 301/145/266 328/159/292
f 301/145/266 302/146/267 328/159/292
f 329/160/292 303/147/267 330/161/293
f 303/147/267 304/148/268 330/161/293
f 304/148/268 305/149/269 330/161/293
f 330/161/293 305/149/269 331/162/294
f 331/162/294 305/149/269 332/163/295
f 305/149/269 306/150/270 332/163/295
f 332/163/295 306/150/270 333/164/296
f 306/150/270 307/151/271 333/164/296
f 307/151/271 308/152/272 333/164/296
f 333/164/296 308/152/272 334/165/297
f 334/165/297 308/152/272 335/166/298
f 308/152/272 309/153/273 335/166/298
f 335/166/298 309/153/273 336/167/299
f 309/153/273 310/154/274 336/167/299
f 310/154/274 311/155/275 336/167/299
f 336/167/299 311/155/275 337/168/300
f 337/168/300 311/155/275 338/169/301
f 311/155/275 312/156/276 338/169/301
f 312/156/276 313/157/277 338/169/301
f 338/169/301 313/157/277 339/170/302
f 339/170/302 313/157/277 340/171/303
f 313/157/277 314/158/278 340/171/303
f 314/158/278 315/159/279 340/171/303
f 340/171/303 315/159/279 341/172/304
f 316/160/280 317/161/281 342/173/304
f 342/173/304 317/161/281 343/174/305
f 343/174/305 317/161/281 344/175/306
f 317/161/281 318/162/282 344/175/306
f 318/162/282 319/163/283 344/175/306
f 344/175/306 319/163/283 345/176/307
f 345/176/307 319/163/283 346/177/308
f 319/163/283 320/164/284 346/177/308
f 346/177/308 320/164/284 347/178/309
f 320/164/284 321/165/285 347/178/309
f 321/165/285 322/166/286 347/178/309
f 347/178/309 322/166/286 348/179/310
f 322/166/286 323/167/287 348/179/310
f 348/179/310 323/167/287 349/180/311
f 349/180/311 323/167/287 350/181/312
f 323/167/287 324/168/288 350/181/312
f 324/168/288 325/169/289 350/181/312
f 350/181/312 325/169/289 351/182/313
f 351/182/313 325/169/289 352/170/313
f 325/169/289 326/157/290 352/170/313
f 352/170/313 326/157/290 353/171/314
f 326/157/290 327/158/291 353/171/314
f 327/158/291 328/159/292 353/171/314
f 353/171/314 328/159/292 354/172/315
f 329/160/292 330/161/293 355/173/315
f 355/173/315 330/161/293 356/174/316
f 356/174/316 330/161/293 357/175/317
f 330/161/293 331/162/294 357/175/317
f 331/162/294 332/163/295 357/175/317
f 357/175/317 332/163/295 358/176/318
f 358/176/318 332/163/295 359/177/319
f 332/163/295 333/164/296 359/177/319
f 359/177/319 333/164/296 360/178/320
f 333/164/296 334/165/297 360/178/320
f 334/165/297 335/166/298 360/178/320
f 360/178/320 335/166/298 361/179/321
f 335/166/298 336/167/299 361/179/321
f 361/179/321 336/167/299 362/180/322
f 362/180/322 336/167/299 363/181/323
f 336/167/299 337/168/300 363/181/323
f 337/168/300 338/169/301 363/181/323
f 363/181/323 338/169/301 364/182/302
f 338/169/301 339/170/302 364/182/302
f 364/182/302 339/170/302 365/183/324
f 365/183/324 339/170/302 366/184/325
f 339/170/302 340/171/303 366/184/325
f 340/171/303 341/172/304 366/184/325
f 366/184/325 341/172/304 367/185/326
f 368/186/326 342/173/304 369/187/327
f 342/173/304 343/174/305 369/187/327
f 369/187/327 343/174/305 370/188/328
f 343/174/305 344/175/306 370/188/328
f 344/175/306 345/176/307 370/188/328
f 370/188/328 345/176/307 371/189/329
f 371/189/329 345/176/307 372/190/329
f 345/176/307 346/177/308 372/190/329
f 372/190/329 346/177/308 373/191/330
f 346/177/308 347/178/309 373/191/330
f 347/178/309 348/179/310 373/191/330
f 373/191/330 348/179/310 374/192/331
f 374/192/331 348/179/310 375/193/332
f 348/179/310 349/180/311 375/193/332
f 375/193/332 349/180/311 376/194/333
f 349/180/311 350/181/312 376/194/333
f 350/181/312 351/182/313 376/194/333
f 376/194/333 351/182/313 377/195/334
f 377/195/334 351/182/313 378/183/334
f 351/182/313 352/170/313 378/183/334
f 378/183/334 352/170/313 379/184/335
f 352/170/313 353/171/314 379/184/335
f 353/171/314 354/172/315 379/184/335
f 379/184/335 354/172/315 380/185/336
f 381/186/336 355/173/315 382/187/337
f 355/173/315 356/174/316 382/187/337
f 382/187/337 356/174/316 383/188/338
f 356/174/316 357/175/317 383/188/338
f 357/175/317 358/176/318 383/188/338
f 383/188/338 358/176/318 384/189/339
f 384/189/339 358/176/318 385/190/339
f 358/176/318 359/177/319 385/190/339
f 385/190/339 359/177/319 386/191/340
f 359/177/319 360/178/320 386/191/340
f 360/178/320 361/179/321 386/191/340
f 386/191/340 361/179/321 387/192/341
f 387/192/341 361/179/321 388/193/342
f 361/179/321 362/180/322 388/193/342
f 388/193/342 362/180/322 389/194/343
f 362/180/322 363/181/323 389/194/343
f 363/181/323 364/182/302 389/194/343
f 389/194/343 364/182/302 390/195/324
f 364/182/302 365/183/324 390/195/324
f 390/195/324 365/183/324 391/196/344
f 391/196/344 365/183/324 392/197/345
f 365/183/324 366/184/325 392/197/345
f 366/184/325 367/185/326 392/197/345
f 392/197/345 367/185/326 393/198/346
f 368/186/326 369/187/327 394/199/347
f 394/199/347 369/187/327 395/200/348
f 395/200/348 369/187/327 396/201/349
f 369/187/327 370/188/328 396/201/349
f 370/188/328 371/189/329 396/201/349
f 396/201/349 371/189/329 397/202/350
f 397/202/350 371/189/329 398/203/350
f 371/189/329 372/190/329 398/203/350
f 398/203/350 372/190/329 399/204/351
f 372/190/329 373/191/330 399/204/351
f 373/191/330 374/192/331 399/204/351
f 399/204/351 374/192/331 400/205/352
f 374/192/331 375/193/332 400/205/352
f 400/205/352 375/193/332 401/206/353
f 401/206/353 375/193/332 402/207/354
f 375/193/332 376/194/333 402/207/354
f 376/194/333 377/195/334 402/207/354
f 402/207/354 377/195/334 403/208/355
f 403/208/355 377/195/334 404/196/356
f 377/195/334 378/183/334 404/196/356
f 404/196/356 378/183/334 405/197/357
f 378/183/334 379/184/335 405/197/357
f 379/184/335 380/185/336 405/197/357
f 405/197/357 380/185/336 406/198/358
f 381/186/336 382/187/337 407/199/359
f 407/199/359 382/187/337 408/200/360
f 408/200/360 382/187/337 409/201/361
f 382/187/337 383/188/338 409/201/361
f 383/188/338 384/189/339 409/201/361
f 409/201/361 384/189/339 410/202/362
f 410/202/362 384/189/339 411/203/362
f 384/189/339 385/190/339 411/203/362
f 411/203/362 385/190/339 412/204/363
f 385/190/339 386/191/340 412/204/363
f 386/191/340 387/192/341 412/204/363
f 412/204/363 387/192/341 413/205/364
f 387/192/341 388/193/342 413/205/364
f 413/205/364 388/193/342 414/206/365
f 414/206/365 388/193/342 415/207/366
f 388/193/342 389/194/343 415/207/366
f 389/194/343 390/195/324 415/207/366
f 415/207/366 390/195/324 416/208/367
f 390/195/324 391/196/344 416/208/367
f 417/209/368 416/208/367 418/210/369
f 416/208/367 391/196/344 418/210/369
f 418/210/369 391/196/344 419/211/370
f 391/196/344 392/197/345 419/211/370
f 392/197/345 393/198/346 419/211/370
f 419/211/370 393/198/346 420/212/371
f 394/199/347 395/200/348 421/213/371
f 421/213/371 395/200/348 422/214/372
f 422/214/372 395/200/348 423/215/373
f 395/200/348 396/201/349 423/215/373
f 396/201/349 397/202/350 423/215/373
f 423/215/373 397/202/350 424/216/374
f 424/216/374 397/202/350 425/217/375
f 397/202/350 398/203/350 425/217/375
f 425/217/375 398/203/350 426/218/376
f 398/203/350 399/204/351 426/218/376
f 399/204/351 400/205/352 426/218/376
f 426/218/376 400/205/352 427/219/377
f 400/205/352 401/206/353 427/219/377
f 427/219/377 401/206/353 428/220/378
f 428/220/378 401/206/353 429/221/379
f 401/206/353 402/207/354 429/221/379
f 402/207/354 403/208/355 429/221/379
f 429/221/379 403/208/355 430/209/380
f 430/209/380 403/208/355 431/210/381
f 403/208/355 404/196/356 431/210/381
f 431/210/381 404/196/356 432/211/382
f 404/196/356 405/197/357 432/211/382
f 405/197/357 406/198/358 432/211/382
f 432/211/382 406/198/358 433/212/383
f 407/199/359 408/200/360 434/213/383
f 434/213/383 408/200/360 435/214/384
f 435/214/384 408/200/360 436/215/385
f 408/200/360 409/201/361 436/215/385
f 409/201/361 410/202/362 436/215/385
f 436/215/385 410/202/362 437/216/386
f 437/216/386 410/202/362 438/217/387
f 410/202/362 411/203/362 438/217/387
f 438/217/387 411/203/362 439/218/388
f 411/203/362 412/204/363 439/218/388
f 412/204/363 413/205/364 439/218/388
f 439/218/388 413/205/364 440/219/389
f 440/219/389 413/205/364 441/220/390
f 413/205/364 414/206/365 441/220/390
f 441/220/390 414/206/365 442/221/391
f 414/206/365 415/207/366 442/221/391
f 415/207/366 416/208/367 442/221/391
f 416/208/367 417/209/368 442/221/391
f 442/221/391 417/209/368 443/222/392
f 443/222/392 417/209/368 444/223/393
f 417/209/368 418/210/369 444/223/393
f 418/210/369 419/211/370 444/223/393
f 444/223/393 419/211/370 445/224/394
f 445/224/394 419/211/370 446/225/395
f 419/211/370 420/212/371 446/225/395
f 447/226/395 421/213/371 448/227/396
f 421/213/371 422/214/372 448/227/396
f 422/214/372 423/215/373 448/227/396
f 448/227/396 423/215/373 449/228/397
f 449/228/397 423/215/373 450/229/398
f 423/215/373 424/216/374 450/229/398
f 450/229/398 424/216/374 451/230/399
f 424/216/374 425/217/375 451/230/399
f 425/217/375 426/218/376 451/230/399
f 451/230/399 426/218/376 452/231/400
f 452/231/400 426/218/376 453/232/401
f 426/218/376 427/219/377 453/232/401
f 453/232/401 427/219/377 454/233/402
f 427/219/377 428/220/378 454/233/402
f 428/220/378 429/221/379 454/233/402
f 454/233/402 429/221/379 455/234/403
f 455/234/403 429/221/379 456/222/404
f 429/221/379 430/209/380 456/222/404
f 456/222/404 430/209/380 457/223/405
f 430/209/380 431/210/381 457/223/405
f 431/210/381 432/211/382 457/223/405
f 457/223/405 432/211/382 458/224/406
f 458/224/406 432/211/382 459/225/407
f 432/211/382 433/212/383 459/225/407
f 460/226/408 434/213/383 461/227/409
f 434/213/383 435/214/384 461/227/409
f 435/214/384 436/215/385 461/227/409
f 461/227/409 436/215/385 462/228/410
f 462/228/410 436/215/385 463/229/411
f 436/215/385 437/216/386 463/229/411
f 463/229/411 437/216/386 464/230/412
f 437/216/386 438/217/387 464/230/412
f 438/217/387 439/218/388 464/230/412
f 464/230/412 439/218/388 465/231/413
f 465/231/413 439/218/388 466/232/414
f 439/218/388 440/219/389 466/232/414
f 466/232/414 440/219/389 467/233/415
f 440/219/389 441/220/390 467/233/415
f 441/220/390 442/221/391 467/233/415
f 467/233/415 442/221/391 468/234/416
f 442/221/391 443/222/392 468/234/416
f 468/234/416 443/222/392 469/235/417
f 469/235/417 443/222/392 470/236/418
f 443/222/392 444/223/393 470/236/418
f 444/223/393 445/224/394 470/236/418
f 470/236/418 445/224/394 471/237/419
f 471/237/419 445/224/394 472/238/420
f 445/224/394 446/225/395 472/238/420
f 447/226/395 448/227/396 473/239/420
f 473/239/420 448/227/396 474/240/421
f 448/227/396 449/228/397 474/240/421
f 474/240/421 449/228/397 475/241/422
f 475/241/422 449/228/397 476/242/423
f 449/228/397 450/229/398 476/242/423
f 476/242/423 450/229/398 477/243/423
f 450/229/398 451/230/399 477/243/423
f 451/230/399 452/231/400 477/243/423
f 477/243/423 452/231/400 478/244/424
f 478/244/424 452/231/400 479/245/425
f 452/231/400 453/232/401 479/245/425
f 453/232/401 454/233/402 479/245/425
f 479/245/425 454/233/402 480/246/426
f 454/233/402 455/234/403 480/246/426
f 480/246/426 455/234/403 481/247/427
f 481/247/427 455/234/403 482/235/428
f 455/234/403 456/222/404 482/235/428
f 482/235/428 456/222/404 483/236/429
f 456/222/404 457/223/405 483/236/429
f 457/223/405 458/224/406 483/236/429
f 483/236/429 458/224/406 484/237/430
f 484/237/430 458/224/406 485/238/431
f 458/224/406 459/225/407 485/238/431
f 460/226/408 461/227/409 486/239/432
f 486/239/432 461/227/409 487/240/433
f 461/227/409 462/228/410 487/240/433
f 487/240/433 462/228/410 488/241/434
f 488/241/434 462/228/410 489/242/435
f 462/228/410 463/229/411 489/242/435
f 489/242/435 463/229/411 490/243/435
f 463/229/411 464/230/412 490/243/435
f 464/230/412 465/231/413 490/243/435
f 490/243/435 465/231/413 491/244/436
f 491/244/436 465/231/413 492/245/437
f 465/231/413 466/232/414 492/245/437
f 466/232/414 467/233/415 492/245/437
f 492/245/437 467/233/415 493/246/438
f 467/233/415 468/234/416 493/246/438
f 493/246/438 468/234/416 494/247/439
f 468/234/416 469/235/417 494/247/439
f 495/248/440 494/247/439 496/249/441
f 494/247/439 469/235/417 496/249/441
f 496/249/441 469/235/417 497/250/442
f 469/235/417 470/236/418 497/250/442
f 470/236/418 471/237/419 497/250/442
f 497/250/442 471/237/419 498/251/443
f 498/251/443 471/237/419 499/252/444
f 471/237/419 472/238/420 499/252/444
f 473/239/420 474/240/421 500/253/444
f 500/253/444 474/240/421 501/254/445
f 474/240/421 475/241/422 501/254/445
f 501/254/445 475/241/422 502/255/446
f 502/255/446 475/241/422 503/256/447
f 475/241/422 476/242/423 503/256/447
f 503/256/447 476/242/423 504/257/448
f 476/242/423 477/243/423 504/257/448
f 477/243/423 478/244/424 504/257/448
f 504/257/448 478/244/424 505/258/449
f 505/258/449 478/244/424 506/259/450
f 478/244/424 479/245/425 506/259/450
f 479/245/425 480/246/426 506/259/450
f 506/259/450 480/246/426 507/260/451
f 480/246/426 481/247/427 507/260/451
f 507/260/451 481/247/427 508/248/452
f 508/248/452 481/247/427 509/249/453
f 481/247/427 482/235/428 509/249/453
f 509/249/453 482/235/428 510/250/454
f 482/235/428 483/236/429 510/250/454
f 483/236/429 484/237/430 510/250/454
f 510/250/454 484/237/430 511/251/455
f 511/251/455 484/237/430 512/252/456
f 484/237/430 485/238/431 512/252/456
f 486/239/432 487/240/433 513/253/456
f 513/253/456 487/240/433 514/254/457
f 487/240/433 488/241/434 514/254/457
f 514/254/457 488/241/434 515/255/458
f 515/255/458 488/241/434 516/256/459
f 488/241/434 489/242/435 516/256/459
f 516/256/459 489/242/435 517/257/460
f 489/242/435 490/243/435 517/257/460
f 490/243/435 491/244/436 517/257/460
f 517/257/460 491/244/436 518/258/461
f 518/258/461 491/244/436 519/259/462
f 491/244/436 492/245/437 519/259/462
f 519/259/462 492/245/437 520/260/463
f 492/245/437 493/246/438 520/260/463
f 493/246/438 494/247/439 520/260/463
f 494/247/439 495/248/440 520/260/463
f 520/260/463 495/248/440 521/261/464
f 495/248/440 496/249/441 521/261/464
f 521/261/464 496/249/441 522/262/465
f 522/262/465 496/249/441 523/263/466
f 496/249/441 497/250/442 523/263/466
f 523/263/466 497/250/442 524/264/467
f 497/250/442 498/251/443 524/264/467
f 498/251/443 499/252/444 524/264/467
f 524/264/467 499/252/444 525/265/468
f 500/253/444 501/254/445 526/266/468
f 526/266/468 501/254/445 527/267/469
f 527/267/469 501/254/445 528/268/470
f 501/254/445 502/255/446 528/268/470
f 502/255/446 503/256/447 528/268/470
f 528/268/470 503/256/447 529/269/471
f 529/269/471 503/256/447 530/270/472
f 503/256/447 504/257/448 530/270/472
f 530/270/472 504/257/448 531/271/473
f 504/257/448 505/258/449 531/271/473
f 505/258/449 506/259/450 531/271/473
f 531/271/473 506/259/450 532/272/474
f 506/259/450 507/260/451 532/272/474
f 532/272/474 507/260/451 533/273/475
f 533/273/475 507/260/451 534/261/476
f 507/260/451 508/248/452 534/261/476
f 508/248/452 509/249/453 534/261/476
f 534/261/476 509/249/453 535/262/477
f 535/262/477 509/249/453 536/263/478
f 509/249/453 510/250/454 536/263/478
f 536/263/478 510/250/454 537/264/479
f 510/250/454 511/251/455 537/264/479
f 511/251/455 512/252/456 537/264/479
f 537/264/479 512/252/456 538/265/480
f 513/253/456 514/254/457 539/266/480
f 539/266/480 514/254/457 540/267/481
f 540/267/481 514/254/457 541/268/482
f 514/254/457 515/255/458 541/268/482
f 515/255/458 516/256/459 541/268/482
f 541/268/482 516/256/459 542/269/483
f 542/269/483 516/256/459 543/270/484
f 516/256/459 517/257/460 543/270/484
f 543/270/484 517/257/460 544/271/485
f 517/257/460 518/258/461 544/271/485
f 518/258/461 519/259/462 544/271/485
f 544/271/485 519/259/462 545/272/486
f 519/259/462 520/260/463 545/272/486
f 545/272/486 520/260/463 546/273/487
f 520/260/463 521/261/464 546/273/487
f 546/273/487 521/261/464 547/274/488
f 521/261/464 522/262/465 547/274/488
f 547/274/488 522/262/465 548/275/489
f 548/275/489 522/262/465 549/276/490
f 522/262/465 523/263/466 549/276/490
f 549/276/490 523/263/466 550/277/491
f 523/263/466 524/264/467 550/277/491
f 524/264/467 525/265/468 550/277/491
f 550/277/491 525/265/468 552/278/492
f 551/279/492 526/266/468 553/280/493
f 526/266/468 527/267/469 553/280/493
f 553/280/493 527/267/469 554/281/494
f 527/267/469 528/268/470 554/281/494
f 528/268/470 529/269/471 554/281/494
f 554/281/494 529/269/471 555/282/495
f 555/282/495 529/269/471 556/283/496
f 529/269/471 530/270/472 556/283/496
f 556/283/496 530/270/472 557/284/497
f 530/270/472 531/271/473 557/284/497
f 531/271/473 532/272/474 557/284/497
f 557/284/497 532/272/474 558/285/498
f 558/285/498 532/272/474 559/286/499
f 532/272/474 533/273/475 559/286/499
f 559/286/499 533/273/475 560/274/500
f 533/273/475 534/261/476 560/274/500
f 534/261/476 535/262/477 560/274/500
f 560/274/500 535/262/477 561/275/501
f 561/275/501 535/262/477 562/276/502
f 535/262/477 536/263/478 562/276/502
f 562/276/502 536/263/478 563/277/503
f 536/263/478 537/264/479 563/277/503
f 537/264/479 538/265/480 563/277/503
f 563/277/503 538/265/480 565/278/504
f 564/279/504 539/266/480 566/280/505
f 539/266/480 540/267/481 566/280/505
f 566/280/505 540/267/481 567/281/506
f 540/267/481 541/268/482 567/281/506
f 541/268/482 542/269/483 567/281/506
f 567/281/506 542/269/483 568/282/507
f 568/282/507 542/269/483 569/283/508
f 542/269/483 543/270/484 569/283/508
f 569/283/508 543/270/484 570/284/509
f 543/270/484 544/271/485 570/284/509
f 544/271/485 545/272/486 570/284/509
f 570/284/509 545/272/486 571/285/510
f 571/285/510 545/272/486 572/286/511
f 545/272/486 546/273/487 572/286/511
f 546/273/487 547/274/488 572/286/511
f 574/287/512 575/288/513 576/289/514
f 575/288/513 577/290/515 576/289/514
f 576/289/514 577/290/515 578/291/516
f 577/290/515 579/292/517 578/291/516
f 578/291/516 579/292/517 580/293/518
f 579/292/517 581/294/519 580/293/518
f 581/294/519 582/295/520 580/293/518
f 580/293/518 582/295/520 583/296/521
f 584/297/522 585/298/523 586/299/523
s 0
f 586/299/523 585/298/523 587/300/523
f 587/300/523 585/298/523 588/301/523
s 1
f 589/302/524 588/301/523 590/303/525
f 588/301/523 585/298/523 590/303/525
f 590/303/525 585/298/523 591/304/526
f 591/304/526 585/298/523 592/305/527
f 585/298/523 584/297/522 592/305/527
f 592/305/527 584/297/522 594/306/528
f 594/306/528 584/297/522 596/307/489
f 598/308/490 596/307/489 599/309/529
f 596/307/489 584/297/522 599/309/529
f 584/297/522 586/299/523 599/309/529
f 599/309/529 586/299/523 600/310/530
f 600/310/530 586/299/523 601/311/531
f 602/312/531 601/311/531 603/313/523
f 601/311/531 586/299/523 603/313/523
s 0
f 586/299/523 587/300/523 603/313/523
f 603/313/523 587/300/523 604/314/523
f 604/314/523 587/300/523 605/315/523
f 605/315/523 587/300/523 606/316/523
f 606/316/523 587/300/523 607/317/523
f 587/300/523 588/301/523 607/317/523
s 1
f 607/317/523 588/301/523 608/318/532
f 608/318/532 588/301/523 609/319/533
f 588/301/523 589/302/524 609/319/533
f 609/319/533 589/302/524 611/320/508
f 611/320/508 589/302/524 613/321/509
f 589/302/524 590/303/525 613/321/509
f 613/321/509 590/303/525 615/322/510
f 590/303/525 591/304/526 615/322/510
f 615/322/510 591/304/526 616/323/511
f 591/304/526 592/305/527 616/323/511
f 592/305/527 594/306/528 616/323/511
f 617/324/511 593/325/534 619/326/511
f 619/326/511 593/325/534 621/327/488
f 593/325/534 595/328/489 621/327/488
f 621/327/488 595/328/489 623/329/489
f 595/328/489 597/330/535 623/329/489
f 623/329/489 597/330/535 625/331/490
f 625/331/490 597/330/535 626/332/536
f 598/308/490 599/309/529 627/333/536
f 599/309/529 600/310/530 627/333/536
f 627/333/536 600/310/530 630/334/492
f 600/310/530 601/311/531 630/334/492
f 601/311/531 602/312/531 630/334/492
f 630/334/492 602/312/531 632/335/493
f 632/335/493 602/312/531 633/336/537
f 602/312/531 603/313/523 633/336/537
f 633/336/537 603/313/523 634/337/538
f 603/313/523 604/314/523 634/337/538
f 634/337/538 604/314/523 635/338/539
f 635/338/539 604/314/523 636/339/540
f 636/339/540 604/314/523 637/340/541
f 604/314/523 605/315/523 637/340/541
f 637/340/541 605/315/523 638/341/542
f 638/341/542 605/315/523 639/342/543
f 639/342/543 605/315/523 640/343/544
f 605/315/523 606/316/523 640/343/544
f 640/343/544 606/316/523 641/344/545
f 641/344/545 606/316/523 642/345/546
f 642/345/546 606/316/523 643/346/547
f 606/316/523 607/317/523 643/346/547
f 643/346/547 607/317/523 644/347/548
f 644/347/548 607/317/523 645/348/549
f 607/317/523 608/318/532 645/348/549
f 645/348/549 608/318/532 647/349/550
f 647/349/550 608/318/532 648/350/507
f 608/318/532 609/319/533 648/350/507
f 609/319/533 611/320/508 648/350/507
f 649/351/507 610/352/508 651/353/507
f 651/353/507 610/352/508 653/354/551
f 610/352/508 612/355/509 653/354/551
f 653/354/551 612/355/509 655/356/552
f 612/355/509 614/357/510 655/356/552
f 655/356/552 614/357/510 656/358/510
f 614/357/510 617/324/511 656/358/510
f 617/324/511 619/326/511 656/358/510
f 657/359/510 618/360/511 658/361/553
f 658/361/553 618/360/511 659/362/526
f 618/360/511 620/363/488 659/362/526
f 659/362/526 620/363/488 660/364/554
f 620/363/488 622/365/489 660/364/554
f 660/364/554 622/365/489 661/366/555
f 622/365/489 624/367/490 661/366/555
f 661/366/555 624/367/490 662/368/529
f 662/368/529 624/367/490 663/369/556
f 625/331/490 626/332/536 664/370/557
f 626/332/536 628/371/492 664/370/557
f 664/370/557 628/371/492 665/372/492
f 629/373/492 631/374/493 667/375/492
f 667/375/492 631/374/493 669/376/493
f 669/376/493 631/374/493 670/377/558
f 632/335/493 633/336/537 671/378/558
f 633/336/537 634/337/538 671/378/558
f 671/378/558 634/337/538 673/379/559
f 634/337/538 635/338/539 673/379/559
f 673/379/559 635/338/539 675/380/560
f 635/338/539 636/339/540 675/380/560
f 675/380/560 636/339/540 677/381/561
f 636/339/540 637/340/541 677/381/561
f 677/381/561 637/340/541 679/382/498
f 637/340/541 638/341/542 679/382/498
f 679/382/498 638/341/542 681/383/499
f 638/341/542 639/342/543 681/383/499
f 681/383/499 639/342/543 683/384/500
f 639/342/543 640/343/544 683/384/500
f 683/384/500 640/343/544 685/385/562
f 640/343/544 641/344/545 685/385/562
f 685/385/562 641/344/545 687/386/563
f 641/344/545 642/345/546 687/386/563
f 687/386/563 642/345/546 689/387/503
f 642/345/546 643/346/547 689/387/503
f 689/387/503 643/346/547 692/388/504
f 643/346/547 644/347/548 692/388/504
f 692/388/504 644/347/548 693/389/505
f 644/347/548 645/348/549 693/389/505
f 645/348/549 647/349/550 693/389/505
f 696/376/505 694/374/505 697/390/564
f 694/374/505 646/377/550 697/390/564
f 646/377/550 649/351/507 697/390/564
f 649/351/507 651/353/507 697/390/564
f 698/391/550 650/392/565 699/393/566
f 650/392/565 652/394/567 699/393/566
f 699/393/566 652/394/567 700/395/568
f 652/394/567 654/396/509 700/395/568
f 700/395/568 654/396/509 701/397/569
f 654/396/509 657/359/510 701/397/569
f 657/359/510 658/361/553 701/397/569
f 701/397/569 658/361/553 702/398/570
f 702/398/570 658/361/553 703/399/571
f 658/361/553 659/362/526 703/399/571
f 659/362/526 660/364/554 703/399/571
f 703/399/571 660/364/554 704/400/572
f 704/400/572 660/364/554 705/401/573
f 660/364/554 661/366/555 705/401/573
f 705/401/573 661/366/555 706/402/574
f 661/366/555 662/368/529 706/402/574
f 706/402/574 662/368/529 707/403/575
f 662/368/529 663/369/556 707/403/575
f 663/369/556 666/404/492 707/403/575
f 707/403/575 666/404/492 708/405/531
f 666/404/492 668/406/493 708/405/531
f 708/405/531 668/406/493 709/407/531
f 709/407/531 668/406/493 710/408/558
f 669/376/493 670/377/558 711/390/494
f 670/377/558 672/351/559 711/390/494
f 711/390/494 672/351/559 713/353/559
f 672/351/559 674/352/576 713/353/559
f 713/353/559 674/352/576 715/354/576
f 674/352/576 676/355/577 715/354/576
f 715/354/576 676/355/577 717/356/561
f 676/355/577 678/357/498 717/356/561
f 717/356/561 678/357/498 719/358/498
f 678/357/498 680/324/499 719/358/498
f 719/358/498 680/324/499 721/326/499
f 680/324/499 682/325/500 721/326/499
f 721/326/499 682/325/500 723/327/500
f 682/325/500 684/328/562 723/327/500
f 723/327/500 684/328/562 725/329/562
f 684/328/562 686/330/563 725/329/562
f 725/329/562 686/330/563 727/331/563
f 686/330/563 688/332/503 727/331/563
f 727/331/563 688/332/503 729/370/503
f 688/332/503 690/371/504 729/370/503
f 729/370/503 690/371/504 731/372/504
f 691/373/504 694/374/505 730/375/504
f 694/374/505 696/376/505 730/375/504
f 732/409/504 695/410/505 733/411/547
f 733/411/547 695/410/505 734/412/547
f 695/410/505 698/391/550 734/412/547
f 734/412/547 698/391/550 735/413/578
f 698/391/550 699/393/566 735/413/578
f 735/413/578 699/393/566 736/414/579
f 736/414/579 699/393/566 737/415/579
f 699/393/566 700/395/568 737/415/579
f 700/395/568 701/397/569 737/415/579
f 737/415/579 701/397/569 738/416/580
f 701/397/569 702/398/570 738/416/580
f 738/416/580 702/398/570 739/417/581
f 739/417/581 702/398/570 740/418/582
f 702/398/570 703/399/571 740/418/582
f 703/399/571 704/400/572 740/418/582
f 740/418/582 704/400/572 741/419/583
f 741/419/583 704/400/572 742/420/584
f 704/400/572 705/401/573 742/420/584
f 705/401/573 706/402/574 742/420/584
f 742/420/584 706/402/574 743/421/584
f 743/421/584 706/402/574 744/422/585
f 706/402/574 707/403/575 744/422/585
f 744/422/585 707/403/575 745/423/586
f 707/403/575 708/405/531 745/423/586
f 745/423/586 708/405/531 746/424/586
f 708/405/531 709/407/531 746/424/586
f 746/424/586 709/407/531 747/425/587
f 709/407/531 710/408/558 747/425/587
f 710/408/558 712/426/559 747/425/587
f 747/425/587 712/426/559 748/427/588
f 712/426/559 714/428/576 748/427/588
f 748/427/588 714/428/576 749/429/539
f 714/428/576 716/430/561 749/429/539
f 749/429/539 716/430/561 750/431/589
f 716/430/561 718/432/498 750/431/589
f 750/431/589 718/432/498 751/433/541
f 718/432/498 720/434/499 751/433/541
f 751/433/541 720/434/499 752/435/542
f 720/434/499 722/436/590 752/435/542
f 752/435/542 722/436/590 753/437/591
f 722/436/590 724/438/562 753/437/591
f 753/437/591 724/438/562 754/439/592
f 724/438/562 726/440/563 754/439/592
f 754/439/592 726/440/563 755/441/545
f 726/440/563 728/442/503 755/441/545
f 755/441/545 728/442/503 756/443/593
f 728/442/503 732/409/504 756/443/593
f 732/409/504 733/411/547 756/443/593
f 756/443/593 733/411/547 757/444/594
f 757/444/594 733/411/547 758/445/595
f 733/411/547 734/412/547 758/445/595
f 734/412/547 735/413/578 758/445/595
f 758/445/595 735/413/578 759/446/596
f 735/413/578 736/414/579 759/446/596
f 759/446/596 736/414/579 760/447/597
f 736/414/579 737/415/579 760/447/597
f 760/447/597 737/415/579 761/448/598
f 737/415/579 738/416/580 761/448/598
f 761/448/598 738/416/580 762/449/599
f 738/416/580 739/417/581 762/449/599
f 762/449/599 739/417/581 763/450/600
f 763/450/600 739/417/581 764/451/601
f 739/417/581 740/418/582 764/451/601
f 740/418/582 741/419/583 764/451/601
f 741/419/583 765/452/602 764/451/601
f 764/451/601 765/452/602 766/453/603
f 765/452/602 767/454/604 766/453/603
f 766/453/603 767/454/604 768/455/605
f 767/454/604 769/456/606 768/455/605
f 768/455/605 769/456/606 770/457/607
f 770/457/607 769/456/606 771/458/608
f 771/458/608 769/456/606 772/459/609
f 772/459/609 769/456/606 773/460/610
f 769/456/606 767/454/604 773/460/610
f 773/460/610 767/454/604 774/461/611
f 767/454/604 765/452/602 774/461/611
f 774/461/611 765/452/602 775/462/612
f 765/452/602 741/419/583 775/462/612
f 741/419/583 742/420/584 775/462/612
f 742/420/584 743/421/584 775/462/612
f 775/462/612 743/421/584 776/463/612
f 776/463/612 743/421/584 777/464/613
f 743/421/584 744/422/585 777/464/613
f 777/464/613 744/422/585 778/465/614
f 744/422/585 745/423/586 778/465/614
f 778/465/614 745/423/586 779/466/615
f 745/423/586 746/424/586 779/466/615
f 779/466/615 746/424/586 780/467/616
f 746/424/586 747/425/587 780/467/616
f 780/467/616 747/425/587 781/468/617
f 747/425/587 748/427/588 781/468/617
f 781/468/617 748/427/588 782/469/617
f 748/427/588 749/429/539 782/469/617
f 749/429/539 750/431/589 782/469/617
f 782/469/617 750/431/589 783/470/618
f 783/470/618 750/431/589 784/471/619
f 750/431/589 751/433/541 784/471/619
f 784/471/619 751/433/541 785/472/620
f 751/433/541 752/435/542 785/472/620
f 752/435/542 753/437/591 785/472/620
f 785/472/620 753/437/591 786/473/621
f 786/473/621 753/437/591 787/474/622
f 753/437/591 754/439/592 787/474/622
f 787/474/622 754/439/592 788/475/622
f 754/439/592 755/441/545 788/475/622
f 755/441/545 756/443/593 788/475/622
f 788/475/622 756/443/593 789/476/623
f 756/443/593 757/444/594 789/476/623
f 789/476/623 757/444/594 790/477/624
f 790/477/624 757/444/594 791/478/625
f 757/444/594 758/445/595 791/478/625
f 758/445/595 759/446/596 791/478/625
f 791/478/625 759/446/596 792/479/626
f 759/446/596 760/447/597 792/479/626
f 792/479/626 760/447/597 793/480/627
f 760/447/597 761/448/598 793/480/627
f 793/480/627 761/448/598 794/481/628
f 761/448/598 762/449/599 794/481/628
f 794/481/628 762/449/599 795/482/629
f 762/449/599 763/450/600 795/482/629
f 795/482/629 763/450/600 796/483/630
f 763/450/600 764/451/601 796/483/630
f 764/451/601 766/453/603 796/483/630
f 796/483/630 766/453/603 797/484/631
f 766/453/603 768/455/605 797/484/631
f 768/455/605 770/457/607 797/484/631
f 797/484/631 770/457/607 798/485/632
f 798/485/632 770/457/607 799/486/633
f 770/457/607 771/458/608 799/486/633
f 771/458/608 800/487/634 799/486/633
f 800/487/634 801/488/635 799/486/633
f 799/486/633 801/488/635 802/489/636
f 801/488/635 803/490/637 802/489/636
f 802/489/636 803/490/637 804/491/638
f 803/490/637 805/492/639 804/491/638
f 804/491/638 805/492/639 806/493/640
f 806/493/640 805/492/639 807/494/641
f 805/492/639 808/495/642 807/494/641
f 808/495/642 809/496/643 807/494/641
f 807/494/641 809/496/643 810/497/644
f 809/496/643 812/498/645 810/497/644
f 810/497/644 812/498/645 813/499/646
f 811/500/647 815/501/648 814/502/498
f 814/502/498 815/501/648 816/503/649
f 816/503/649 815/501/648 817/504/650
f 815/501/648 818/505/651 817/504/650
f 818/505/651 819/506/652 817/504/650
f 817/504/650 819/506/652 820/507/653
f 820/507/653 819/506/652 821/508/654
f 819/506/652 822/509/655 821/508/654
f 821/508/654 822/509/655 823/510/656
f 822/509/655 824/511/657 823/510/656
f 823/510/656 824/511/657 825/512/658
f 824/511/657 583/296/521 825/512/658
f 825/512/658 583/296/521 826/513/659
f 583/296/521 582/295/520 826/513/659
f 582/295/520 581/294/519 826/513/659
f 581/294/519 827/514/660 826/513/659
f 826/513/659 827/514/660 828/515/661
f 827/514/660 829/516/662 828/515/661
f 828/515/661 829/516/662 830/517/663
f 829/516/662 831/518/664 830/517/663
f 830/517/663 831/518/664 832/519/665
f 833/520/666 832/519/665 834/521/667
f 832/519/665 831/518/664 834/521/667
f 831/518/664 829/516/662 834/521/667
f 834/521/667 829/516/662 835/522/668
f 829/516/662 827/514/660 835/522/668
f 835/522/668 827/514/660 836/523/669
f 836/523/669 827/514/660 837/524/670
f 827/514/660 581/294/519 837/524/670
f 581/294/519 579/292/517 837/524/670
f 837/524/670 579/292/517 838/525/671
f 838/525/671 579/292/517 839/526/672
f 579/292/517 577/290/515 839/526/672
f 839/526/672 577/290/515 840/527/673
f 577/290/515 575/288/513 840/527/673
f 575/288/513 574/287/512 840/527/673
f 840/527/673 574/287/512 841/528/674
f 843/529/675 844/530/676 845/531/677
f 844/530/676 842/532/678 845/531/677
f 842/532/678 573/533/679 845/531/677
f 845/531/677 573/533/679 846/534/680
f 574/287/512 576/289/514 847/535/680
f 847/535/680 576/289/514 848/536/681
f 576/289/514 578/291/516 848/536/681
f 848/536/681 578/291/516 849/537/682
f 849/537/682 578/291/516 850/538/683
f 578/291/516 580/293/518 850/538/683
f 580/293/518 583/296/521 850/538/683
f 583/296/521 824/511/657 850/538/683
f 850/538/683 824/511/657 851/539/684
f 824/511/657 822/509/655 851/539/684
f 851/539/684 822/509/655 852/540/685
f 822/509/655 819/506/652 852/540/685
f 852/540/685 819/506/652 853/541/686
f 853/541/686 819/506/652 854/542/687
f 819/506/652 818/505/651 854/542/687
f 818/505/651 815/501/648 854/542/687
f 854/542/687 815/501/648 855/543/688
f 855/543/688 815/501/648 856/544/689
f 815/501/648 811/500/647 856/544/689
f 857/545/690 812/498/645 858/546/691
f 812/498/645 809/496/643 858/546/691
f 858/546/691 809/496/643 859/547/692
f 809/496/643 808/495/642 859/547/692
f 808/495/642 805/492/639 859/547/692
f 859/547/692 805/492/639 860/548/693
f 860/548/693 805/492/639 861/549/694
f 805/492/639 803/490/637 861/549/694
f 861/549/694 803/490/637 862/550/695
f 803/490/637 801/488/635 862/550/695
f 862/550/695 801/488/635 863/551/696
f 801/488/635 800/487/634 863/551/696
f 800/487/634 771/458/608 863/551/696
f 771/458/608 772/459/609 863/551/696
f 863/551/696 772/459/609 864/552/697
f 864/552/697 772/459/609 865/553/610
f 772/459/609 773/460/610 865/553/610
f 773/460/610 774/461/611 865/553/610
f 865/553/610 774/461/611 866/554/611
f 774/461/611 775/462/612 866/554/611
f 775/462/612 776/463/612 866/554/611
f 866/554/611 776/463/612 867/555/698
f 776/463/612 777/464/613 867/555/698
f 867/555/698 777/464/613 868/556/699
f 777/464/613 778/465/614 868/556/699
f 868/556/699 778/465/614 869/557/700
f 778/465/614 779/466/615 869/557/700
f 869/557/700 779/466/615 870/558/701
f 779/466/615 780/467/616 870/558/701
f 870/558/701 780/467/616 871/559/702
f 780/467/616 781/468/617 871/559/702
f 781/468/617 782/469/617 871/559/702
f 871/559/702 782/469/617 872/560/702
f 782/469/617 783/470/618 872/560/702
f 872/560/702 783/470/618 873/561/703
f 873/561/703 783/470/618 874/562/704
f 783/470/618 784/471/619 874/562/704
f 874/562/704 784/471/619 875/563/705
f 784/471/619 785/472/620 875/563/705
f 785/472/620 786/473/621 875/563/705
f 875/563/705 786/473/621 876/564/706
f 876/564/706 786/473/621 877/565/707
f 786/473/621 787/474/622 877/565/707
f 787/474/622 788/475/622 877/565/707
f 877/565/707 788/475/622 878/566/708
f 788/475/622 789/476/623 878/566/708
f 878/566/708 789/476/623 879/567/709
f 789/476/623 790/477/624 879/567/709
f 879/567/709 790/477/624 880/568/710
f 880/568/710 790/477/624 881/569/711
f 790/477/624 791/478/625 881/569/711
f 791/478/625 792/479/626 881/569/711
f 881/569/711 792/479/626 882/570/712
f 792/479/626 793/480/627 882/570/712
f 882/570/712 793/480/627 883/571/713
f 883/571/713 793/480/627 884/572/714
f 793/480/627 794/481/628 884/572/714
f 794/481/628 795/482/629 884/572/714
f 884/572/714 795/482/629 885/573/715
f 795/482/629 796/483/630 885/573/715
f 796/483/630 797/484/631 885/573/715
f 885/573/715 797/484/631 886/574/716
f 797/484/631 798/485/632 886/574/716
f 886/574/716 798/485/632 887/575/717
f 888/576/718 887/575/717 889/577/719
f 887/575/717 798/485/632 889/577/719
f 798/485/632 799/486/633 889/577/719
f 889/577/719 799/486/633 890/578/720
f 799/486/633 802/489/636 890/578/720
f 802/489/636 804/491/638 890/578/720
f 890/578/720 804/491/638 891/579/721
f 804/491/638 806/493/640 891/579/721
f 891/579/721 806/493/640 892/580/722
f 806/493/640 807/494/641 892/580/722
f 892/580/722 807/494/641 893/581/723
f 893/581/723 807/494/641 894/582/724
f 807/494/641 810/497/644 894/582/724
f 810/497/644 813/499/646 894/582/724
f 894/582/724 813/499/646 895/583/646
f 896/584/725 814/502/498 897/585/726
f 814/502/498 816/503/649 897/585/726
f 816/503/649 817/504/650 897/585/726
f 897/585/726 817/504/650 898/586/726
f 817/504/650 820/507/653 898/586/726
f 898/586/726 820/507/653 899/587/727
f 820/507/653 821/508/654 899/587/727
f 899/587/727 821/508/654 900/588/728
f 821/508/654 823/510/656 900/588/728
f 900/588/728 823/510/656 901/589/729
f 823/510/656 825/512/658 901/589/729
f 901/589/729 825/512/658 902/590/730
f 825/512/658 826/513/659 902/590/730
f 826/513/659 828/515/661 902/590/730
f 902/590/730 828/515/661 903/591/731
f 828/515/661 830/517/663 903/591/731
f 903/591/731 830/517/663 904/592/732
f 830/517/663 832/519/665 904/592/732
f 905/593/733 904/592/732 906/594/734
f 904/592/732 832/519/665 906/594/734
f 832/519/665 833/520/666 906/594/734
f 833/520/666 907/595/666 906/594/734
f 906/594/734 907/595/666 908/529/735
f 909/596/736 911/528/737 913/597/738
f 912/598/738 910/532/739 914/599/738
f 910/532/739 915/530/740 914/599/738
f 914/599/738 915/530/740 916/600/741
f 915/530/740 908/529/735 916/600/741
f 908/529/735 907/595/666 916/600/741
f 916/600/741 907/595/666 917/601/742
f 907/595/666 833/520/666 917/601/742
f 917/601/742 833/520/666 918/602/742
f 918/602/742 833/520/666 919/603/743
f 833/520/666 834/521/667 919/603/743
f 834/521/667 835/522/668 919/603/743
f 919/603/743 835/522/668 920/604/744
f 920/604/744 835/522/668 921/605/744
f 835/522/668 836/523/669 921/605/744
f 921/605/744 836/523/669 922/606/745
f 836/523/669 837/524/670 922/606/745
f 837/524/670 838/525/671 922/606/745
f 922/606/745 838/525/671 923/607/746
f 838/525/671 839/526/672 923/607/746
f 923/607/746 839/526/672 924/608/747
f 924/608/747 839/526/672 925/596/748
f 839/526/672 840/527/673 925/596/748
f 840/527/673 841/528/674 925/596/748
f 925/596/748 841/528/674 927/597/749
f 926/598/749 842/532/678 928/599/750
f 842/532/678 844/530/676 928/599/750
f 928/599/750 844/530/676 929/600/751
f 844/530/676 843/529/675 929/600/751
f 843/529/675 930/595/752 929/600/751
f 929/600/751 930/595/752 931/601/753
f 930/595/752 932/520/752 931/601/753
f 931/601/753 932/520/752 933/602/753
f 933/602/753 932/520/752 934/603/754
f 934/603/754 932/520/752 935/521/755
f 936/518/756 935/521/755 937/519/757
f 935/521/755 932/520/752 937/519/757
f 937/519/757 932/520/752 938/594/758
f 932/520/752 930/595/752 938/594/758
f 930/595/752 843/529/675 938/594/758
f 938/594/758 843/529/675 939/609/759
f 843/529/675 845/531/677 939/609/759
f 940/610/760 939/609/759 941/611/761
f 939/609/759 845/531/677 941/611/761
f 845/531/677 846/534/680 941/611/761
f 941/611/761 846/534/680 942/612/762
f 847/535/680 848/536/681 943/613/763
f 943/613/763 848/536/681 944/614/764
f 848/536/681 849/537/682 944/614/764
f 944/614/764 849/537/682 945/615/765
f 849/537/682 850/538/683 945/615/765
f 850/538/683 851/539/684 945/615/765
f 851/539/684 852/540/685 945/615/765
f 945/615/765 852/540/685 946/616/766
f 946/616/766 852/540/685 947/617/767
f 852/540/685 853/541/686 947/617/767
f 947/617/767 853/541/686 948/618/768
f 853/541/686 854/542/687 948/618/768
f 948/618/768 854/542/687 949/619/769
f 854/542/687 855/543/688 949/619/769
f 855/543/688 856/544/689 949/619/769
f 949/619/769 856/544/689 950/620/501
f 857/545/690 858/546/691 951/621/770
f 951/621/770 858/546/691 952/622/771
f 858/546/691 859/547/692 952/622/771
f 952/622/771 859/547/692 953/623/692
f 859/547/692 860/548/693 953/623/692
f 953/623/692 860/548/693 954/624/693
f 860/548/693 861/549/694 954/624/693
f 954/624/693 861/549/694 955/625/772
f 955/625/772 861/549/694 956/626/695
f 861/549/694 862/550/695 956/626/695
f 862/550/695 863/551/696 956/626/695
f 956/626/695 863/551/696 957/627/696
f 863/551/696 864/552/697 957/627/696
f 958/628/773 957/627/696 959/629/774
f 957/627/696 864/552/697 959/629/774
f 959/629/774 864/552/697 960/630/775
f 864/552/697 865/553/610 960/630/775
f 960/630/775 865/553/610 961/631/776
f 865/553/610 866/554/611 961/631/776
f 866/554/611 867/555/698 961/631/776
f 961/631/776 867/555/698 962/632/777
f 867/555/698 868/556/699 962/632/777
f 868/556/699 869/557/700 962/632/777
f 962/632/777 869/557/700 963/633/778
f 963/633/778 869/557/700 964/634/779
f 869/557/700 870/558/701 964/634/779
f 964/634/779 870/558/701 965/635/780
f 870/558/701 871/559/702 965/635/780
f 871/559/702 872/560/702 965/635/780
f 965/635/780 872/560/702 966/636/781
f 872/560/702 873/561/703 966/636/781
f 966/636/781 873/561/703 967/637/782
f 967/637/782 873/561/703 968/638/783
f 873/561/703 874/562/704 968/638/783
f 968/638/783 874/562/704 969/639/784
f 874/562/704 875/563/705 969/639/784
f 875/563/705 876/564/706 969/639/784
f 969/639/784 876/564/706 970/640/785
f 970/640/785 876/564/706 971/641/786
f 876/564/706 877/565/707 971/641/786
f 877/565/707 878/566/708 971/641/786
f 971/641/786 878/566/708 972/642/786
f 878/566/708 879/567/709 972/642/786
f 972/642/786 879/567/709 973/643/787
f 879/567/709 880/568/710 973/643/787
f 973/643/787 880/568/710 974/644/788
f 880/568/710 881/569/711 974/644/788
f 974/644/788 881/569/711 975/645/789
f 881/569/711 882/570/712 975/645/789
f 975/645/789 882/570/712 976/646/790
f 882/570/712 883/571/713 976/646/790
f 976/646/790 883/571/713 977/647/791
f 977/647/791 883/571/713 978/648/792
f 883/571/713 884/572/714 978/648/792
f 884/572/714 885/573/715 978/648/792
f 885/573/715 886/574/716 978/648/792
f 978/648/792 886/574/716 979/649/793
f 886/574/716 887/575/717 979/649/793
f 979/649/793 887/575/717 980/650/794
f 887/575/717 888/576/718 980/650/794
f 980/650/794 888/576/718 981/651/795
f 888/576/718 889/577/719 981/651/795
f 889/577/719 890/578/720 981/651/795
f 981/651/795 890/578/720 982/652/796
f 890/578/720 891/579/721 982/652/796
f 982/652/796 891/579/721 983/653/797
f 891/579/721 892/580/722 983/653/797
f 892/580/722 893/581/723 983/653/797
f 983/653/797 893/581/723 984/654/798
f 984/654/798 893/581/723 985/655/799
f 893/581/723 894/582/724 985/655/799
f 985/655/799 894/582/724 986/656/800
f 894/582/724 895/583/646 986/656/800
f 896/584/725 897/585/726 987/657/801
f 987/657/801 897/585/726 988/658/802
f 897/585/726 898/586/726 988/658/802
f 988/658/802 898/586/726 989/659/803
f 898/586/726 899/587/727 989/659/803
f 989/659/803 899/587/727 990/660/804
f 899/587/727 900/588/728 990/660/804
f 990/660/804 900/588/728 991/661/805
f 900/588/728 901/589/729 991/661/805
f 991/661/805 901/589/729 992/662/806
f 901/589/729 902/590/730 992/662/806
f 902/590/730 903/591/731 992/662/806
f 992/662/806 903/591/731 993/663/807
f 903/591/731 904/592/732 993/663/807
f 993/663/807 904/592/732 994/664/808
f 904/592/732 905/593/733 994/664/808
f 994/664/808 905/593/733 995/665/809
f 995/665/809 905/593/733 996/610/810
f 996/610/810 905/593/733 997/609/811
f 905/593/733 906/594/734 997/609/811
f 906/594/734 908/529/735 997/609/811
f 997/609/811 908/529/735 998/531/812
f 908/529/735 915/530/740 998/531/812
f 915/530/740 910/532/739 998/531/812
f 998/531/812 910/532/739 999/533/813
f 1001/288/814 1000/287/815 1002/527/816
f 1000/287/815 911/528/737 1002/527/816
f 911/528/737 909/596/736 1002/527/816
f 1002/527/816 909/596/736 1003/526/817
f 909/596/736 1004/608/818 1003/526/817
f 1004/608/818 1005/607/819 1003/526/817
f 1003/526/817 1005/607/819 1006/525/820
f 1005/607/819 1007/606/821 1006/525/820
f 1006/525/820 1007/606/821 1008/524/822
f 1008/524/822 1007/606/821 1009/523/823
f 1007/606/821 1010/605/824 1009/523/823
f 1009/523/823 1010/605/824 1011/522/825
f 1010/605/824 1012/604/824 1011/522/825
f 1012/604/824 934/603/754 1011/522/825
f 934/603/754 935/521/755 1011/522/825
f 1011/522/825 935/521/755 1013/516/826
f 935/521/755 936/518/756 1013/516/826
f 1013/516/826 936/518/756 1014/517/827
f 936/518/756 937/519/757 1014/517/827
f 1014/517/827 937/519/757 1015/592/828
f 937/519/757 938/594/758 1015/592/828
f 1015/592/828 938/594/758 1016/593/829
f 938/594/758 939/609/759 1016/593/829
f 939/609/759 940/610/760 1016/593/829
f 1016/593/829 940/610/760 1017/665/830
f 940/610/760 941/611/761 1017/665/830
f 1017/665/830 941/611/761 1018/666/831
f 941/611/761 942/612/762 1018/666/831
f 1018/666/831 942/612/762 1019/667/832
f 943/613/763 944/614/764 1020/668/832
f 1020/668/832 944/614/764 1021/669/833
f 944/614/764 945/615/765 1021/669/833
f 945/615/765 946/616/766 1021/669/833
f 1021/669/833 946/616/766 1022/670/834
f 946/616/766 947/617/767 1022/670/834
f 1022/670/834 947/617/767 1023/671/835
f 947/617/767 948/618/768 1023/671/835
f 1023/671/835 948/618/768 1024/672/836
f 948/618/768 949/619/769 1024/672/836
f 1024/672/836 949/619/769 1025/673/837
f 949/619/769 950/620/501 1025/673/837
f 951/621/770 952/622/771 1026/674/838
f 1026/674/838 952/622/771 1027/675/839
f 952/622/771 953/623/692 1027/675/839
f 1027/675/839 953/623/692 1028/676/840
f 1028/676/840 953/623/692 1029/677/841
f 953/623/692 954/624/693 1029/677/841
f 954/624/693 955/625/772 1029/677/841
f 1029/677/841 955/625/772 1030/678/842
f 955/625/772 956/626/695 1030/678/842
f 1030/678/842 956/626/695 1031/679/843
f 956/626/695 957/627/696 1031/679/843
f 957/627/696 958/628/773 1031/679/843
f 1031/679/843 958/628/773 1032/680/844
f 958/628/773 959/629/774 1032/680/844
f 1032/680/844 959/629/774 1033/681/845
f 959/629/774 960/630/775 1033/681/845
f 1033/681/845 960/630/775 1034/682/846
f 960/630/775 961/631/776 1034/682/846
f 961/631/776 962/632/777 1034/682/846
f 962/632/777 963/633/778 1034/682/846
f 1034/682/846 963/633/778 1035/683/847
f 1035/683/847 963/633/778 1036/684/848
f 963/633/778 964/634/779 1036/684/848
f 1036/684/848 964/634/779 1037/685/849
f 964/634/779 965/635/780 1037/685/849
f 1037/685/849 965/635/780 1038/686/849
f 965/635/780 966/636/781 1038/686/849
f 966/636/781 967/637/782 1038/686/849
f 1038/686/849 967/637/782 1039/687/850
f 1039/687/850 967/637/782 1040/688/851
f 967/637/782 968/638/783 1040/688/851
f 1040/688/851 968/638/783 1041/689/852
f 968/638/783 969/639/784 1041/689/852
f 969/639/784 970/640/785 1041/689/852
f 1041/689/852 970/640/785 1042/690/853
f 1042/690/853 970/640/785 1043/691/854
f 970/640/785 971/641/786 1043/691/854
f 1043/691/854 971/641/786 1044/692/855
f 971/641/786 972/642/786 1044/692/855
f 972/642/786 973/643/787 1044/692/855
f 1044/692/855 973/643/787 1045/693/856
f 973/643/787 974/644/788 1045/693/856
f 1045/693/856 974/644/788 1046/694/857
f 974/644/788 975/645/789 1046/694/857
f 1046/694/857 975/645/789 1047/695/858
f 975/645/789 976/646/790 1047/695/858
f 1047/695/858 976/646/790 1048/696/859
f 976/646/790 977/647/791 1048/696/859
f 1048/696/859 977/647/791 1049/697/793
f 977/647/791 978/648/792 1049/697/793
f 978/648/792 979/649/793 1049/697/793
f 1049/697/793 979/649/793 1050/698/794
f 979/649/793 980/650/794 1050/698/794
f 1050/698/794 980/650/794 1051/699/860
f 980/650/794 981/651/795 1051/699/860
f 981/651/795 982/652/796 1051/699/860
f 1051/699/860 982/652/796 1052/700/861
f 982/652/796 983/653/797 1052/700/861
f 1052/700/861 983/653/797 1053/701/862
f 1053/701/862 983/653/797 1054/702/863
f 983/653/797 984/654/798 1054/702/863
f 984/654/798 985/655/799 1054/702/863
f 1054/702/863 985/655/799 1055/703/864
f 985/655/799 986/656/800 1055/703/864
f 1055/703/864 986/656/800 1056/704/865
f 1057/705/560 987/657/801 1058/706/866
f 987/657/801 988/658/802 1058/706/866
f 1058/706/866 988/658/802 1059/707/866
f 988/658/802 989/659/803 1059/707/866
f 1059/707/866 989/659/803 1060/708/867
f 989/659/803 990/660/804 1060/708/867
f 1060/708/867 990/660/804 1061/709/868
f 990/660/804 991/661/805 1061/709/868
f 1061/709/868 991/661/805 1062/710/869
f 991/661/805 992/662/806 1062/710/869
f 992/662/806 993/663/807 1062/710/869
f 993/663/807 994/664/808 1062/710/869
f 1062/710/869 994/664/808 1063/711/870
f 1063/711/870 994/664/808 1064/712/871
f 994/664/808 995/665/809 1064/712/871
f 1064/712/871 995/665/809 1065/666/872
f 1065/666/872 995/665/809 1066/611/873
f 995/665/809 996/610/810 1066/611/873
f 996/610/810 997/609/811 1066/611/873
f 997/609/811 998/531/812 1066/611/873
f 1066/611/873 998/531/812 1067/534/874
f 998/531/812 999/533/813 1067/534/874
f 1068/535/874 1000/287/815 1069/289/875
f 1000/287/815 1001/288/814 1069/289/875
f 1069/289/875 1001/288/814 1070/290/876
f 1001/288/814 1002/527/816 1070/290/876
f 1002/527/816 1003/526/817 1070/290/876
f 1070/290/876 1003/526/817 1071/292/877
f 1003/526/817 1006/525/820 1071/292/877
f 1006/525/820 1008/524/822 1071/292/877
f 1071/292/877 1008/524/822 1072/294/878
f 1072/294/878 1008/524/822 1073/514/879
f 1008/524/822 1009/523/823 1073/514/879
f 1009/523/823 1011/522/825 1073/514/879
f 1011/522/825 1013/516/826 1073/514/879
f 1073/514/879 1013/516/826 1074/515/880
f 1013/516/826 1014/517/827 1074/515/880
f 1074/515/880 1014/517/827 1075/591/881
f 1014/517/827 1015/592/828 1075/591/881
f 1075/591/881 1015/592/828 1076/663/882
f 1076/663/882 1015/592/828 1077/664/883
f 1015/592/828 1016/593/829 1077/664/883
f 1016/593/829 1017/665/830 1077/664/883
f 1077/664/883 1017/665/830 1078/712/884
f 1017/665/830 1018/666/831 1078/712/884
f 1078/712/884 1018/666/831 1079/713/885
f 1018/666/831 1019/667/832 1079/713/885
f 1079/713/885 1019/667/832 1080/714/886
f 1020/668/832 1021/669/833 1081/715/887
f 1021/669/833 1022/670/834 1081/715/887
f 1081/715/887 1022/670/834 1083/716/888
f 1022/670/834 1023/671/835 1083/716/888
f 1083/716/888 1023/671/835 1085/717/889
f 1023/671/835 1024/672/836 1085/717/889
f 1085/717/889 1024/672/836 1087/718/890
f 1024/672/836 1025/673/837 1087/718/890
f 1087/718/890 1025/673/837 1088/719/891
f 1090/720/892 1026/674/838 1091/721/893
f 1026/674/838 1027/675/839 1091/721/893
f 1091/721/893 1027/675/839 1092/722/894
f 1027/675/839 1028/676/840 1092/722/894
f 1028/676/840 1029/677/841 1092/722/894
f 1092/722/894 1029/677/841 1093/723/895
f 1093/723/895 1029/677/841 1094/724/896
f 1029/677/841 1030/678/842 1094/724/896
f 1094/724/896 1030/678/842 1095/725/897
f 1030/678/842 1031/679/843 1095/725/897
f 1031/679/843 1032/680/844 1095/725/897
f 1095/725/897 1032/680/844 1096/726/898
f 1032/680/844 1033/681/845 1096/726/898
f 1096/726/898 1033/681/845 1097/727/899
f 1033/681/845 1034/682/846 1097/727/899
f 1034/682/846 1035/683/847 1097/727/899
f 1097/727/899 1035/683/847 1098/728/900
f 1035/683/847 1036/684/848 1098/728/900
f 1098/728/900 1036/684/848 1099/729/901
f 1036/684/848 1037/685/849 1099/729/901
f 1099/729/901 1037/685/849 1100/730/901
f 1037/685/849 1038/686/849 1100/730/901
f 1038/686/849 1039/687/850 1100/730/901
f 1100/730/901 1039/687/850 1101/731/902
f 1101/731/902 1039/687/850 1102/732/903
f 1039/687/850 1040/688/851 1102/732/903
f 1102/732/903 1040/688/851 1103/733/904
f 1040/688/851 1041/689/852 1103/733/904
f 1041/689/852 1042/690/853 1103/733/904
f 1103/733/904 1042/690/853 1104/734/905
f 1104/734/905 1042/690/853 1105/735/906
f 1042/690/853 1043/691/854 1105/735/906
f 1105/735/906 1043/691/854 1106/736/906
f 1043/691/854 1044/692/855 1106/736/906
f 1044/692/855 1045/693/856 1106/736/906
f 1106/736/906 1045/693/856 1107/737/907
f 1045/693/856 1046/694/857 1107/737/907
f 1107/737/907 1046/694/857 1108/738/908
f 1108/738/908 1046/694/857 1109/739/909
f 1046/694/857 1047/695/858 1109/739/909
f 1047/695/858 1048/696/859 1109/739/909
f 1109/739/909 1048/696/859 1110/740/910
f 1048/696/859 1049/697/793 1110/740/910
f 1049/697/793 1050/698/794 1110/740/910
f 1110/740/910 1050/698/794 1111/741/911
f 1111/741/911 1050/698/794 1112/742/912
f 1112/742/912 1050/698/794 1113/743/860
f 1050/698/794 1051/699/860 1113/743/860
f 1113/743/860 1051/699/860 1114/744/913
f 1051/699/860 1052/700/861 1114/744/913
f 1052/700/861 1053/701/862 1114/744/913
f 1114/744/913 1053/701/862 1115/745/862
f 1053/701/862 1054/702/863 1115/745/862
f 1115/745/862 1054/702/863 1116/746/863
f 1054/702/863 1055/703/864 1116/746/863
f 1116/746/863 1055/703/864 1117/747/914
f 1055/703/864 1056/704/865 1117/747/914
f 1117/747/914 1056/704/865 1118/748/915
f 1057/705/560 1058/706/866 1119/749/916
f 1119/749/916 1058/706/866 1120/750/917
f 1120/750/917 1058/706/866 1121/751/918
f 1058/706/866 1059/707/866 1121/751/918
f 1121/751/918 1059/707/866 1122/752/919
f 1059/707/866 1060/708/867 1122/752/919
f 1122/752/919 1060/708/867 1123/753/920
f 1060/708/867 1061/709/868 1123/753/920
f 1061/709/868 1062/710/869 1123/753/920
f 1062/710/869 1063/711/870 1123/753/920
f 1123/753/920 1063/711/870 1124/754/921
f 1063/711/870 1064/712/871 1124/754/921
f 1124/754/921 1064/712/871 1125/713/922
f 1064/712/871 1065/666/872 1125/713/922
f 1125/713/922 1065/666/872 1127/667/923
f 1127/667/923 1065/666/872 1128/612/924
f 1065/666/872 1066/611/873 1128/612/924
f 1066/611/873 1067/534/874 1128/612/924
f 1129/613/924 1068/535/874 1130/536/925
f 1068/535/874 1069/289/875 1130/536/925
f 1130/536/925 1069/289/875 1131/291/926
f 1069/289/875 1070/290/876 1131/291/926
f 1070/290/876 1071/292/877 1131/291/926
f 1131/291/926 1071/292/877 1132/293/927
f 1071/292/877 1072/294/878 1132/293/927
f 1132/293/927 1072/294/878 1133/295/928
f 1133/295/928 1072/294/878 1134/513/929
f 1072/294/878 1073/514/879 1134/513/929
f 1073/514/879 1074/515/880 1134/513/929
f 1134/513/929 1074/515/880 1135/590/930
f 1074/515/880 1075/591/881 1135/590/930
f 1135/590/930 1075/591/881 1136/662/931
f 1075/591/881 1076/663/882 1136/662/931
f 1136/662/931 1076/663/882 1137/710/932
f 1076/663/882 1077/664/883 1137/710/932
f 1137/710/932 1077/664/883 1138/711/933
f 1077/664/883 1078/712/884 1138/711/933
f 1138/711/933 1078/712/884 1139/754/934
f 1078/712/884 1079/713/885 1139/754/934
f 1139/754/934 1079/713/885 1140/755/935
f 1079/713/885 1080/714/886 1140/755/935
f 1080/714/886 1082/756/936 1140/755/935
f 1140/755/935 1082/756/936 1141/757/937
f 1082/756/936 1084/758/889 1141/757/937
f 1141/757/937 1084/758/889 1142/759/938
f 1084/758/889 1086/760/939 1142/759/938
f 1142/759/938 1086/760/939 1143/761/940
f 1143/761/940 1086/760/939 1144/762/941
f 1086/760/939 1089/763/891 1144/762/941
f 1090/720/892 1091/721/893 1145/764/892
f 1145/764/892 1091/721/893 1146/765/942
f 1146/765/942 1091/721/893 1147/766/943
f 1091/721/893 1092/722/894 1147/766/943
f 1092/722/894 1093/723/895 1147/766/943
f 1147/766/943 1093/723/895 1148/767/944
f 1093/723/895 1094/724/896 1148/767/944
f 1148/767/944 1094/724/896 1149/768/896
f 1094/724/896 1095/725/897 1149/768/896
f 1149/768/896 1095/725/897 1150/769/945
f 1095/725/897 1096/726/898 1150/769/945
f 1150/769/945 1096/726/898 1151/770/946
f 1151/770/946 1096/726/898 1152/771/947
f 1152/771/947 1096/726/898 1153/772/948
f 1096/726/898 1097/727/899 1153/772/948
f 1097/727/899 1098/728/900 1153/772/948
f 1153/772/948 1098/728/900 1154/773/949
f 1098/728/900 1099/729/901 1154/773/949
f 1099/729/901 1100/730/901 1154/773/949
f 1154/773/949 1100/730/901 1155/774/950
f 1100/730/901 1101/731/902 1155/774/950
f 1155/774/950 1101/731/902 1156/775/951
f 1156/775/951 1101/731/902 1157/776/952
f 1101/731/902 1102/732/903 1157/776/952
f 1102/732/903 1103/733/904 1157/776/952
f 1157/776/952 1103/733/904 1158/777/953
f 1103/733/904 1104/734/905 1158/777/953
f 1158/777/953 1104/734/905 1159/778/954
f 1159/778/954 1104/734/905 1160/779/955
f 1104/734/905 1105/735/906 1160/779/955
f 1105/735/906 1106/736/906 1160/779/955
f 1160/779/955 1106/736/906 1161/780/956
f 1106/736/906 1107/737/907 1161/780/956
f 1161/780/956 1107/737/907 1162/781/957
f 1107/737/907 1108/738/908 1162/781/957
f 1163/782/958 1162/781/957 1164/783/959
f 1162/781/957 1108/738/908 1164/783/959
f 1164/783/959 1108/738/908 1165/784/960
f 1108/738/908 1109/739/909 1165/784/960
f 1109/739/909 1110/740/910 1165/784/960
f 1110/740/910 1111/741/911 1165/784/960
f 1111/741/911 1112/742/912 1165/784/960
f 1165/784/960 1112/742/912 1166/785/961
f 1166/785/961 1112/742/912 1167/786/962
f 1112/742/912 1113/743/860 1167/786/962
f 1113/743/860 1114/744/913 1167/786/962
f 1167/786/962 1114/744/913 1168/787/963
f 1114/744/913 1115/745/862 1168/787/963
f 1115/745/862 1116/746/863 1168/787/963
f 1168/787/963 1116/746/863 1169/788/964
f 1169/788/964 1116/746/863 1170/789/965
f 1116/746/863 1117/747/914 1170/789/965
f 1170/789/965 1117/747/914 1171/790/966
f 1117/747/914 1118/748/915 1171/790/966
f 1172/791/558 1119/749/916 1173/792/967
f 1119/749/916 1120/750/917 1173/792/967
f 1120/750/917 1121/751/918 1173/792/967
f 1173/792/967 1121/751/918 1174/793/968
f 1174/793/968 1121/751/918 1175/794/969
f 1121/751/918 1122/752/919 1175/794/969
f 1122/752/919 1123/753/920 1175/794/969
f 1123/753/920 1124/754/921 1175/794/969
f 1175/794/969 1124/754/921 1176/755/970
f 1124/754/921 1125/713/922 1176/755/970
f 1176/755/970 1125/713/922 1177/714/971
f 1125/713/922 1127/667/923 1177/714/971
f 1178/715/971 1126/668/923 1179/669/972
f 1179/669/972 1126/668/923 1180/614/973
f 1126/668/923 1129/613/924 1180/614/973
f 1129/613/924 1130/536/925 1180/614/973
f 1180/614/973 1130/536/925 1181/537/974
f 1130/536/925 1131/291/926 1181/537/974
f 1181/537/974 1131/291/926 1182/538/975
f 1131/291/926 1132/293/927 1182/538/975
f 1182/538/975 1132/293/927 1183/296/976
f 1132/293/927 1133/295/928 1183/296/976
f 1133/295/928 1134/513/929 1183/296/976
f 1183/296/976 1134/513/929 1184/512/977
f 1134/513/929 1135/590/930 1184/512/977
f 1184/512/977 1135/590/930 1185/589/978
f 1135/590/930 1136/662/931 1185/589/978
f 1185/589/978 1136/662/931 1186/661/979
f 1136/662/931 1137/710/932 1186/661/979
f 1186/661/979 1137/710/932 1187/709/980
f 1187/709/980 1137/710/932 1188/753/981
f 1137/710/932 1138/711/933 1188/753/981
f 1138/711/933 1139/754/934 1188/753/981
f 1188/753/981 1139/754/934 1189/794/982
f 1139/754/934 1140/755/935 1189/794/982
f 1140/755/935 1141/757/937 1189/794/982
f 1141/757/937 1142/759/938 1189/794/982
f 1189/794/982 1142/759/938 1190/793/983
f 1190/793/983 1142/759/938 1191/792/984
f 1142/759/938 1143/761/940 1191/792/984
f 1143/761/940 1144/762/941 1191/792/984
f 1191/792/984 1144/762/941 1192/791/550
f 1145/764/892 1146/765/942 1193/795/985
f 1193/795/985 1146/765/942 1194/796/986
f 1146/765/942 1147/766/943 1194/796/986
f 1194/796/986 1147/766/943 1195/797/987
f 1195/797/987 1147/766/943 1196/798/988
f 1147/766/943 1148/767/944 1196/798/988
f 1148/767/944 1149/768/896 1196/798/988
f 1196/798/988 1149/768/896 1197/799/989
f 1149/768/896 1150/769/945 1197/799/989
f 1150/769/945 1151/770/946 1197/799/989
f 1197/799/989 1151/770/946 1198/800/990
f 1198/800/990 1151/770/946 1199/801/991
f 1151/770/946 1152/771/947 1199/801/991
f 1152/771/947 1153/772/948 1199/801/991
f 1153/772/948 1154/773/949 1199/801/991
f 1154/773/949 1155/774/950 1199/801/991
f 1199/801/991 1155/774/950 1200/802/991
f 1155/774/950 1156/775/951 1200/802/991
f 1200/802/991 1156/775/951 1201/803/992
f 1201/803/992 1156/775/951 1202/804/993
f 1156/775/951 1157/776/952 1202/804/993
f 1202/804/993 1157/776/952 1203/805/994
f 1157/776/952 1158/777/953 1203/805/994
f 1158/777/953 1159/778/954 1203/805/994
f 1203/805/994 1159/778/954 1204/806/995
f 1204/806/995 1159/778/954 1205/807/996
f 1159/778/954 1160/779/955 1205/807/996
f 1160/779/955 1161/780/956 1205/807/996
f 1205/807/996 1161/780/956 1206/808/996
f 1161/780/956 1162/781/957 1206/808/996
f 1162/781/957 1163/782/958 1206/808/996
f 1206/808/996 1163/782/958 1207/809/997
f 1163/782/958 1164/783/959 1207/809/997
f 1207/809/997 1164/783/959 1208/810/998
f 1164/783/959 1165/784/960 1208/810/998
f 1165/784/960 1166/785/961 1208/810/998
f 1208/810/998 1166/785/961 1209/811/999
f 1166/785/961 1167/786/962 1209/811/999
f 1167/786/962 1168/787/963 1209/811/999
f 1209/811/999 1168/787/963 1210/812/1000
f 1210/812/1000 1168/787/963 1211/813/1001
f 1168/787/963 1169/788/964 1211/813/1001
f 1169/788/964 1170/789/965 1211/813/1001
f 1211/813/1001 1170/789/965 1212/814/1002
f 1170/789/965 1171/790/966 1212/814/1002
f 1212/814/1002 1171/790/966 1213/815/1003
f 1172/791/558 1173/792/967 1214/762/1004
f 1214/762/1004 1173/792/967 1215/761/1005
f 1215/761/1005 1173/792/967 1216/759/1006
f 1173/792/967 1174/793/968 1216/759/1006
f 1174/793/968 1175/794/969 1216/759/1006
f 1216/759/1006 1175/794/969 1217/757/1007
f 1175/794/969 1176/755/970 1217/757/1007
f 1217/757/1007 1176/755/970 1218/756/1008
f 1176/755/970 1177/714/971 1218/756/1008
f 1219/716/1009 1178/715/971 1220/670/1010
f 1178/715/971 1179/669/972 1220/670/1010
f 1220/670/1010 1179/669/972 1221/616/1011
f 1221/616/1011 1179/669/972 1222/615/1012
f 1179/669/972 1180/614/973 1222/615/1012
f 1180/614/973 1181/537/974 1222/615/1012
f 1181/537/974 1182/538/975 1222/615/1012
f 1222/615/1012 1182/538/975 1223/539/1013
f 1223/539/1013 1182/538/975 1224/511/1014
f 1182/538/975 1183/296/976 1224/511/1014
f 1183/296/976 1184/512/977 1224/511/1014
f 1224/511/1014 1184/512/977 1225/510/1015
f 1184/512/977 1185/589/978 1225/510/1015
f 1225/510/1015 1185/589/978 1226/588/1016
f 1185/589/978 1186/661/979 1226/588/1016
f 1226/588/1016 1186/661/979 1227/660/1017
f 1186/661/979 1187/709/980 1227/660/1017
f 1227/660/1017 1187/709/980 1228/708/1018
f 1187/709/980 1188/753/981 1228/708/1018
f 1228/708/1018 1188/753/981 1229/752/1019
f 1188/753/981 1189/794/982 1229/752/1019
f 1229/752/1019 1189/794/982 1230/751/1020
f 1189/794/982 1190/793/983 1230/751/1020
f 1190/793/983 1191/792/984 1230/751/1020
f 1230/751/1020 1191/792/984 1231/750/1021
f 1231/750/1021 1191/792/984 1232/749/1022
f 1191/792/984 1192/791/550 1232/749/1022
f 1233/816/1023 1193/795/985 1234/817/1024
f 1193/795/985 1194/796/986 1234/817/1024
f 1234/817/1024 1194/796/986 1235/818/1025
f 1194/796/986 1195/797/987 1235/818/1025
f 1195/797/987 1196/798/988 1235/818/1025
f 1235/818/1025 1196/798/988 1236/819/1026
f 1236/819/1026 1196/798/988 1237/820/1027
f 1196/798/988 1197/799/989 1237/820/1027
f 1197/799/989 1198/800/990 1237/820/1027
f 1237/820/1027 1198/800/990 1238/821/1028
f 1198/800/990 1199/801/991 1238/821/1028
f 1199/801/991 1200/802/991 1238/821/1028
f 1238/821/1028 1200/802/991 1239/822/1029
f 1200/802/991 1201/803/992 1239/822/1029
f 1201/803/992 1202/804/993 1239/822/1029
f 1239/822/1029 1202/804/993 1240/823/1030
f 1240/823/1030 1202/804/993 1241/824/1031
f 1202/804/993 1203/805/994 1241/824/1031
f 1241/824/1031 1203/805/994 1242/825/1032
f 1203/805/994 1204/806/995 1242/825/1032
f 1204/806/995 1205/807/996 1242/825/1032
f 1242/825/1032 1205/807/996 1243/826/1033
f 1243/826/1033 1205/807/996 1244/827/1034
f 1205/807/996 1206/808/996 1244/827/1034
f 1206/808/996 1207/809/997 1244/827/1034
f 1245/828/1035 1244/827/1034 1246/829/1036
f 1244/827/1034 1207/809/997 1246/829/1036
f 1207/809/997 1208/810/998 1246/829/1036
f 1246/829/1036 1208/810/998 1247/830/999
f 1208/810/998 1209/811/999 1247/830/999
f 1209/811/999 1210/812/1000 1247/830/999
f 1247/830/999 1210/812/1000 1248/831/1037
f 1210/812/1000 1211/813/1001 1248/831/1037
f 1248/831/1037 1211/813/1001 1249/832/1038
f 1249/832/1038 1211/813/1001 1250/833/1039
f 1211/813/1001 1212/814/1002 1250/833/1039
f 1250/833/1039 1212/814/1002 1251/834/1040
f 1212/814/1002 1213/815/1003 1251/834/1040
f 1253/763/1041 1214/762/1004 1255/760/1042
f 1214/762/1004 1215/761/1005 1255/760/1042
f 1215/761/1005 1216/759/1006 1255/760/1042
f 1255/760/1042 1216/759/1006 1256/758/1043
f 1216/759/1006 1217/757/1007 1256/758/1043
f 1217/757/1007 1218/756/1008 1256/758/1043
f 1257/717/1043 1219/716/1009 1258/671/1044
f 1219/716/1009 1220/670/1010 1258/671/1044
f 1258/671/1044 1220/670/1010 1259/617/1045
f 1220/670/1010 1221/616/1011 1259/617/1045
f 1259/617/1045 1221/616/1011 1260/540/1046
f 1221/616/1011 1222/615/1012 1260/540/1046
f 1222/615/1012 1223/539/1013 1260/540/1046
f 1260/540/1046 1223/539/1013 1261/509/1047
f 1223/539/1013 1224/511/1014 1261/509/1047
f 1224/511/1014 1225/510/1015 1261/509/1047
f 1261/509/1047 1225/510/1015 1262/508/1048
f 1225/510/1015 1226/588/1016 1262/508/1048
f 1262/508/1048 1226/588/1016 1263/587/1049
f 1226/588/1016 1227/660/1017 1263/587/1049
f 1263/587/1049 1227/660/1017 1264/659/1050
f 1227/660/1017 1228/708/1018 1264/659/1050
f 1264/659/1050 1228/708/1018 1265/707/1051
f 1228/708/1018 1229/752/1019 1265/707/1051
f 1229/752/1019 1230/751/1020 1265/707/1051
f 1265/707/1051 1230/751/1020 1266/706/1051
f 1230/751/1020 1231/750/1021 1266/706/1051
f 1231/750/1021 1232/749/1022 1266/706/1051
f 1266/706/1051 1232/749/1022 1267/705/508
f 1233/816/1023 1234/817/1024 1268/835/1052
f 1268/835/1052 1234/817/1024 1269/836/1053
f 1234/817/1024 1235/818/1025 1269/836/1053
f 1269/836/1053 1235/818/1025 1270/837/1054
f 1235/818/1025 1236/819/1026 1270/837/1054
f 1270/837/1054 1236/819/1026 1271/838/1026
f 1236/819/1026 1237/820/1027 1271/838/1026
f 1271/838/1026 1237/820/1027 1272/839/1055
f 1237/820/1027 1238/821/1028 1272/839/1055
f 1272/839/1055 1238/821/1028 1273/840/1056
f 1238/821/1028 1239/822/1029 1273/840/1056
f 1239/822/1029 1240/823/1030 1273/840/1056
f 1273/840/1056 1240/823/1030 1274/841/1057
f 1240/823/1030 1241/824/1031 1274/841/1057
f 1274/841/1057 1241/824/1031 1275/842/1058
f 1275/842/1058 1241/824/1031 1276/843/1059
f 1241/824/1031 1242/825/1032 1276/843/1059
f 1242/825/1032 1243/826/1033 1276/843/1059
f 1276/843/1059 1243/826/1033 1277/844/1060
f 1243/826/1033 1244/827/1034 1277/844/1060
f 1244/827/1034 1245/828/1035 1277/844/1060
f 1277/844/1060 1245/828/1035 1278/845/1061
f 1278/845/1061 1245/828/1035 1279/846/1062
f 1245/828/1035 1246/829/1036 1279/846/1062
f 1246/829/1036 1247/830/999 1279/846/1062
f 1247/830/999 1248/831/1037 1279/846/1062
f 1248/831/1037 1249/832/1038 1279/846/1062
f 1279/846/1062 1249/832/1038 1280/847/1063
f 1280/847/1063 1249/832/1038 1281/848/1064
f 1249/832/1038 1250/833/1039 1281/848/1064
f 1281/848/1064 1250/833/1039 1282/849/1065
f 1250/833/1039 1251/834/1040 1282/849/1065
f 1252/719/1041 1254/718/1042 1283/673/1066
f 1283/673/1066 1254/718/1042 1284/672/1067
f 1254/718/1042 1257/717/1043 1284/672/1067
f 1257/717/1043 1258/671/1044 1284/672/1067
f 1284/672/1067 1258/671/1044 1285/618/1068
f 1258/671/1044 1259/617/1045 1285/618/1068
f 1285/618/1068 1259/617/1045 1286/541/1069
f 1259/617/1045 1260/540/1046 1286/541/1069
f 1286/541/1069 1260/540/1046 1287/506/1070
f 1260/540/1046 1261/509/1047 1287/506/1070
f 1261/509/1047 1262/508/1048 1287/506/1070
f 1287/506/1070 1262/508/1048 1288/507/1071
f 1262/508/1048 1263/587/1049 1288/507/1071
f 1288/507/1071 1263/587/1049 1289/586/1072
f 1263/587/1049 1264/659/1050 1289/586/1072
f 1289/586/1072 1264/659/1050 1290/658/1073
f 1264/659/1050 1265/707/1051 1290/658/1073
f 1265/707/1051 1266/706/1051 1290/658/1073
f 1290/658/1073 1266/706/1051 1291/657/1074
f 1266/706/1051 1267/705/508 1291/657/1074
f 1268/835/1052 1269/836/1053 1292/850/1075
f 1292/850/1075 1269/836/1053 1293/851/1076
f 1269/836/1053 1270/837/1054 1293/851/1076
f 1293/851/1076 1270/837/1054 1294/852/1077
f 1294/852/1077 1270/837/1054 1295/853/1078
f 1270/837/1054 1271/838/1026 1295/853/1078
f 1271/838/1026 1272/839/1055 1295/853/1078
f 1272/839/1055 1273/840/1056 1295/853/1078
f 1273/840/1056 1274/841/1057 1295/853/1078
f 1295/853/1078 1274/841/1057 1296/854/1079
f 1296/854/1079 1274/841/1057 1297/855/1080
f 1274/841/1057 1275/842/1058 1297/855/1080
f 1297/855/1080 1275/842/1058 1298/856/1081
f 1275/842/1058 1276/843/1059 1298/856/1081
f 1276/843/1059 1277/844/1060 1298/856/1081
f 1298/856/1081 1277/844/1060 1299/857/1061
f 1277/844/1060 1278/845/1061 1299/857/1061
f 1299/857/1061 1278/845/1061 1300/858/1082
f 1278/845/1061 1279/846/1062 1300/858/1082
f 1279/846/1062 1280/847/1063 1300/858/1082
f 1280/847/1063 1281/848/1064 1300/858/1082
f 1300/858/1082 1281/848/1064 1301/859/1083
f 1281/848/1064 1282/849/1065 1301/859/1083
f 1301/859/1083 1282/849/1065 1302/860/1084
f 1303/620/1085 1283/673/1066 1304/619/1086
f 1283/673/1066 1284/672/1067 1304/619/1086
f 1284/672/1067 1285/618/1068 1304/619/1086
f 1305/543/1087 1304/619/1086 1306/542/1088
f 1304/619/1086 1285/618/1068 1306/542/1088
f 1285/618/1068 1286/541/1069 1306/542/1088
f 1286/541/1069 1287/506/1070 1306/542/1088
f 1306/542/1088 1287/506/1070 1307/505/1089
f 1307/505/1089 1287/506/1070 1308/504/1090
f 1287/506/1070 1288/507/1071 1308/504/1090
f 1288/507/1071 1289/586/1072 1308/504/1090
f 1309/503/1091 1308/504/1090 1310/585/1092
f 1308/504/1090 1289/586/1072 1310/585/1092
f 1289/586/1072 1290/658/1073 1310/585/1092
f 1290/658/1073 1291/657/1074 1310/585/1092
f 1310/585/1092 1291/657/1074 1311/584/1093
f 1312/861/1094 1292/850/1075 1313/862/1095
f 1292/850/1075 1293/851/1076 1313/862/1095
f 1313/862/1095 1293/851/1076 1314/863/1096
f 1293/851/1076 1294/852/1077 1314/863/1096
f 1294/852/1077 1295/853/1078 1314/863/1096
f 1295/853/1078 1296/854/1079 1314/863/1096
f 1314/863/1096 1296/854/1079 1315/864/1097
f 1296/854/1079 1297/855/1080 1315/864/1097
f 1297/855/1080 1298/856/1081 1315/864/1097
f 1315/864/1097 1298/856/1081 1316/865/1098
f 1316/865/1098 1298/856/1081 1317/866/1099
f 1298/856/1081 1299/857/1061 1317/866/1099
f 1299/857/1061 1300/858/1082 1317/866/1099
f 1300/858/1082 1301/859/1083 1317/866/1099
f 1317/866/1099 1301/859/1083 1318/867/1100
f 1301/859/1083 1302/860/1084 1318/867/1100
f 1318/867/1100 1302/860/1084 1319/868/1101
f 1303/620/1085 1304/619/1086 1320/544/1102
f 1304/619/1086 1305/543/1087 1320/544/1102
f 1320/544/1102 1305/543/1087 1321/501/1103
f 1305/543/1087 1306/542/1088 1321/501/1103
f 1306/542/1088 1307/505/1089 1321/501/1103
f 1307/505/1089 1308/504/1090 1321/501/1103
f 1308/504/1090 1309/503/1091 1321/501/1103
f 1321/501/1103 1309/503/1091 1322/502/510
f 1309/503/1091 1310/585/1092 1322/502/510
f 1310/585/1092 1311/584/1093 1322/502/510
f 1312/861/1094 1313/862/1095 1323/869/1094
f 1323/869/1094 1313/862/1095 1324/870/1104
f 1313/862/1095 1314/863/1096 1324/870/1104
f 1314/863/1096 1315/864/1097 1324/870/1104
f 1324/870/1104 1315/864/1097 1325/871/1105
f 1315/864/1097 1316/865/1098 1325/871/1105
f 1316/865/1098 1317/866/1099 1325/871/1105
f 1317/866/1099 1318/867/1100 1325/871/1105
f 1325/871/1105 1318/867/1100 1327/872/1106
f 1318/867/1100 1319/868/1101 1327/872/1106
f 1320/544/1102 1321/501/1103 1326/500/1107
f 1321/501/1103 1322/502/510 1326/500/1107
f 1323/869/1094 1324/870/1104 1327/872/1106
f 1328/1/1 1329/2/1108 1330/3/1109
f 1329/2/1108 1331/4/4 1330/3/1109
f 1330/3/1109 1331/4/4 1333/5/5
f 1332/6/4 1335/7/6 1334/8/5
f 1334/8/5 1335/7/6 1336/9/5
f 1336/9/5 1335/7/6 1337/10/1110
f 1335/7/6 1338/11/8 1337/10/1110
f 1338/11/8 1339/12/9 1337/10/1110
f 1337/10/1110 1339/12/9 1340/13/1111
f 1339/12/9 1341/14/11 1340/13/1111
f 1340/13/1111 1341/14/11 1342/15/12
f 1342/15/12 1341/14/11 1343/16/13
f 1341/14/11 1344/17/14 1343/16/13
f 1344/17/14 1345/18/15 1343/16/13
f 1343/16/13 1345/18/15 1346/19/16
f 1345/18/15 1347/20/17 1346/19/16
f 1346/19/16 1347/20/17 1348/21/18
f 1348/21/18 1347/20/17 1349/22/19
f 1347/20/17 1350/23/20 1349/22/19
f 1350/23/20 1351/24/21 1349/22/19
f 1349/22/19 1351/24/21 1352/25/22
f 1351/24/21 1353/1/1112 1352/25/22
f 1352/25/22 1353/1/1112 1354/26/24
f 1354/26/24 1353/1/1112 1355/3/25
f 1353/1/1112 1356/2/26 1355/3/25
f 1356/2/26 1357/4/27 1355/3/25
f 1355/3/25 1357/4/27 1359/5/28
f 1358/6/27 1361/7/29 1360/8/28
f 1360/8/28 1361/7/29 1362/9/28
f 1362/9/28 1361/7/29 1363/10/30
f 1361/7/29 1364/11/31 1363/10/30
f 1364/11/31 1365/12/32 1363/10/30
f 1363/10/30 1365/12/32 1366/13/33
f 1365/12/32 1367/14/1113 1366/13/33
f 1366/13/33 1367/14/1113 1368/15/1114
f 1368/15/1114 1367/14/1113 1369/16/36
f 1367/14/1113 1370/17/37 1369/16/36
f 1370/17/37 1371/18/38 1369/16/36
f 1369/16/36 1371/18/38 1372/19/39
f 1371/18/38 1373/20/40 1372/19/39
f 1372/19/39 1373/20/40 1374/21/41
f 1374/21/41 1373/20/40 1375/22/1115
f 1373/20/40 1376/23/43 1375/22/1115
f 1376/23/43 1377/24/1116 1375/22/1115
f 1375/22/1115 1377/24/1116 1378/25/1117
f 1377/24/1116 1328/1/1 1378/25/1117
f 1378/25/1117 1328/1/1 1379/26/46
f 1328/1/1 1330/3/1109 1379/26/46
f 1379/26/46 1330/3/1109 1380/27/47
f 1330/3/1109 1333/5/5 1380/27/47
f 1380/27/47 1333/5/5 1381/28/48
f 1334/8/5 1336/9/5 1382/29/48
f 1382/29/48 1336/9/5 1383/30/49
f 1383/30/49 1336/9/5 1384/31/1118
f 1336/9/5 1337/10/1110 1384/31/1118
f 1337/10/1110 1340/13/1111 1384/31/1118
f 1384/31/1118 1340/13/1111 1385/32/51
f 1340/13/1111 1342/15/12 1385/32/51
f 1385/32/51 1342/15/12 1386/33/51
f 1386/33/51 1342/15/12 1387/34/52
f 1342/15/12 1343/16/13 1387/34/52
f 1343/16/13 1346/19/16 1387/34/52
f 1387/34/52 1346/19/16 1388/35/53
f 1346/19/16 1348/21/18 1388/35/53
f 1388/35/53 1348/21/18 1389/36/1119
f 1389/36/1119 1348/21/18 1390/37/55
f 1348/21/18 1349/22/19 1390/37/55
f 1349/22/19 1352/25/22 1390/37/55
f 1390/37/55 1352/25/22 1391/38/56
f 1352/25/22 1354/26/24 1391/38/56
f 1391/38/56 1354/26/24 1392/39/56
f 1392/39/56 1354/26/24 1393/27/1120
f 1354/26/24 1355/3/25 1393/27/1120
f 1355/3/25 1359/5/28 1393/27/1120
f 1393/27/1120 1359/5/28 1394/28/58
f 1360/8/28 1362/9/28 1395/29/1121
f 1395/29/1121 1362/9/28 1396/30/59
f 1396/30/59 1362/9/28 1397/31/60
f 1362/9/28 1363/10/30 1397/31/60
f 1363/10/30 1366/13/33 1397/31/60
f 1397/31/60 1366/13/33 1398/32/61
f 1366/13/33 1368/15/1114 1398/32/61
f 1398/32/61 1368/15/1114 1399/33/61
f 1399/33/61 1368/15/1114 1400/34/62
f 1368/15/1114 1369/16/36 1400/34/62
f 1369/16/36 1372/19/39 1400/34/62
f 1400/34/62 1372/19/39 1401/35/63
f 1372/19/39 1374/21/41 1401/35/63
f 1401/35/63 1374/21/41 1402/36/64
f 1402/36/64 1374/21/41 1403/37/65
f 1374/21/41 1375/22/1115 1403/37/65
f 1375/22/1115 1378/25/1117 1403/37/65
f 1403/37/65 1378/25/1117 1404/38/66
f 1378/25/1117 1379/26/46 1404/38/66
f 1404/38/66 1379/26/46 1405/39/66
f 1379/26/46 1380/27/47 1405/39/66
f 1405/39/66 1380/27/47 1406/40/67
f 1380/27/47 1381/28/48 1406/40/67
f 1406/40/67 1381/28/48 1407/41/68
f 1382/29/48 1383/30/49 1408/42/68
f 1408/42/68 1383/30/49 1409/43/1122
f 1409/43/1122 1383/30/49 1410/44/1123
f 1383/30/49 1384/31/1118 1410/44/1123
f 1384/31/1118 1385/32/51 1410/44/1123
f 1410/44/1123 1385/32/51 1411/45/1124
f 1411/45/1124 1385/32/51 1412/46/1125
f 1385/32/51 1386/33/51 1412/46/1125
f 1412/46/1125 1386/33/51 1413/47/1126
f 1386/33/51 1387/34/52 1413/47/1126
f 1387/34/52 1388/35/53 1413/47/1126
f 1413/47/1126 1388/35/53 1414/48/74
f 1388/35/53 1389/36/1119 1414/48/74
f 1414/48/74 1389/36/1119 1415/49/75
f 1415/49/75 1389/36/1119 1416/50/1127
f 1389/36/1119 1390/37/55 1416/50/1127
f 1390/37/55 1391/38/56 1416/50/1127
f 1416/50/1127 1391/38/56 1417/51/77
f 1417/51/77 1391/38/56 1418/52/78
f 1391/38/56 1392/39/56 1418/52/78
f 1418/52/78 1392/39/56 1419/40/79
f 1392/39/56 1393/27/1120 1419/40/79
f 1393/27/1120 1394/28/58 1419/40/79
f 1419/40/79 1394/28/58 1420/41/80
f 1395/29/1121 1396/30/59 1421/42/81
f 1421/42/81 1396/30/59 1422/43/82
f 1422/43/82 1396/30/59 1423/44/83
f 1396/30/59 1397/31/60 1423/44/83
f 1397/31/60 1398/32/61 1423/44/83
f 1423/44/83 1398/32/61 1424/45/1128
f 1424/45/1128 1398/32/61 1425/46/85
f 1398/32/61 1399/33/61 1425/46/85
f 1425/46/85 1399/33/61 1426/47/1129
f 1399/33/61 1400/34/62 1426/47/1129
f 1400/34/62 1401/35/63 1426/47/1129
f 1426/47/1129 1401/35/63 1427/48/87
f 1401/35/63 1402/36/64 1427/48/87
f 1427/48/87 1402/36/64 1428/49/88
f 1428/49/88 1402/36/64 1429/50/89
f 1402/36/64 1403/37/65 1429/50/89
f 1403/37/65 1404/38/66 1429/50/89
f 1429/50/89 1404/38/66 1430/51/90
f 1430/51/90 1404/38/66 1431/52/91
f 1404/38/66 1405/39/66 1431/52/91
f 1405/39/66 1406/40/67 1431/52/91
f 1431/52/91 1406/40/67 1432/53/1130
f 1406/40/67 1407/41/68 1432/53/1130
f 1432/53/1130 1407/41/68 1433/54/93
f 1408/42/68 1409/43/1122 1434/55/93
f 1434/55/93 1409/43/1122 1435/56/93
f 1435/56/93 1409/43/1122 1436/57/1131
f 1409/43/1122 1410/44/1123 1436/57/1131
f 1410/44/1123 1411/45/1124 1436/57/1131
f 1436/57/1131 1411/45/1124 1437/58/1132
f 1411/45/1124 1412/46/1125 1437/58/1132
f 1437/58/1132 1412/46/1125 1438/59/95
f 1438/59/95 1412/46/1125 1439/60/1133
f 1412/46/1125 1413/47/1126 1439/60/1133
f 1413/47/1126 1414/48/74 1439/60/1133
f 1439/60/1133 1414/48/74 1440/61/98
f 1414/48/74 1415/49/75 1440/61/98
f 1440/61/98 1415/49/75 1441/62/99
f 1441/62/99 1415/49/75 1442/63/100
f 1415/49/75 1416/50/1127 1442/63/100
f 1416/50/1127 1417/51/77 1442/63/100
f 1442/63/100 1417/51/77 1443/64/1134
f 1417/51/77 1418/52/78 1443/64/1134
f 1443/64/1134 1418/52/78 1444/65/1134
f 1444/65/1134 1418/52/78 1445/53/1135
f 1418/52/78 1419/40/79 1445/53/1135
f 1419/40/79 1420/41/80 1445/53/1135
f 1445/53/1135 1420/41/80 1446/54/103
f 1421/42/81 1422/43/82 1447/55/103
f 1447/55/103 1422/43/82 1448/56/103
f 1448/56/103 1422/43/82 1449/57/105
f 1422/43/82 1423/44/83 1449/57/105
f 1423/44/83 1424/45/1128 1449/57/105
f 1449/57/105 1424/45/1128 1450/58/106
f 1424/45/1128 1425/46/85 1450/58/106
f 1450/58/106 1425/46/85 1451/59/106
f 1451/59/106 1425/46/85 1452/60/108
f 1425/46/85 1426/47/1129 1452/60/108
f 1426/47/1129 1427/48/87 1452/60/108
f 1452/60/108 1427/48/87 1453/61/1136
f 1427/48/87 1428/49/88 1453/61/1136
f 1453/61/1136 1428/49/88 1454/62/110
f 1454/62/110 1428/49/88 1455/63/111
f 1428/49/88 1429/50/89 1455/63/111
f 1429/50/89 1430/51/90 1455/63/111
f 1455/63/111 1430/51/90 1456/64/112
f 1430/51/90 1431/52/91 1456/64/112
f 1456/64/112 1431/52/91 1457/65/1137
f 1431/52/91 1432/53/1130 1457/65/1137
f 1457/65/1137 1432/53/1130 1458/66/114
f 1432/53/1130 1433/54/93 1458/66/114
f 1458/66/114 1433/54/93 1459/67/115
f 1434/55/93 1435/56/93 1460/68/115
f 1460/68/115 1435/56/93 1461/69/1138
f 1461/69/1138 1435/56/93 1462/70/117
f 1435/56/93 1436/57/1131 1462/70/117
f 1436/57/1131 1437/58/1132 1462/70/117
f 1462/70/117 1437/58/1132 1463/71/1139
f 1437/58/1132 1438/59/95 1463/71/1139
f 1463/71/1139 1438/59/95 1464/72/119
f 1464/72/119 1438/59/95 1465/73/120
f 1438/59/95 1439/60/1133 1465/73/120
f 1439/60/1133 1440/61/98 1465/73/120
f 1465/73/120 1440/61/98 1466/74/121
f 1440/61/98 1441/62/99 1466/74/121
f 1466/74/121 1441/62/99 1467/75/122
f 1467/75/122 1441/62/99 1468/76/123
f 1441/62/99 1442/63/100 1468/76/123
f 1442/63/100 1443/64/1134 1468/76/123
f 1468/76/123 1443/64/1134 1469/77/1140
f 1443/64/1134 1444/65/1134 1469/77/1140
f 1469/77/1140 1444/65/1134 1470/78/125
f 1470/78/125 1444/65/1134 1471/66/1141
f 1444/65/1134 1445/53/1135 1471/66/1141
f 1445/53/1135 1446/54/103 1471/66/1141
f 1471/66/1141 1446/54/103 1472/67/127
f 1447/55/103 1448/56/103 1473/68/127
f 1473/68/127 1448/56/103 1474/69/128
f 1474/69/128 1448/56/103 1475/70/1142
f 1448/56/103 1449/57/105 1475/70/1142
f 1449/57/105 1450/58/106 1475/70/1142
f 1475/70/1142 1450/58/106 1476/71/1143
f 1450/58/106 1451/59/106 1476/71/1143
f 1476/71/1143 1451/59/106 1477/72/1144
f 1477/72/1144 1451/59/106 1478/73/132
f 1451/59/106 1452/60/108 1478/73/132
f 1452/60/108 1453/61/1136 1478/73/132
f 1478/73/132 1453/61/1136 1479/74/133
f 1453/61/1136 1454/62/110 1479/74/133
f 1479/74/133 1454/62/110 1480/75/134
f 1480/75/134 1454/62/110 1481/76/135
f 1454/62/110 1455/63/111 1481/76/135
f 1455/63/111 1456/64/112 1481/76/135
f 1481/76/135 1456/64/112 1482/77/1145
f 1456/64/112 1457/65/1137 1482/77/1145
f 1482/77/1145 1457/65/1137 1483/78/137
f 1457/65/1137 1458/66/114 1483/78/137
f 1483/78/137 1458/66/114 1484/79/1146
f 1458/66/114 1459/67/115 1484/79/1146
f 1484/79/1146 1459/67/115 1485/80/139
f 1460/68/115 1461/69/1138 1486/81/139
f 1486/81/139 1461/69/1138 1487/82/140
f 1487/82/140 1461/69/1138 1488/83/1147
f 1461/69/1138 1462/70/117 1488/83/1147
f 1462/70/117 1463/71/1139 1488/83/1147
f 1488/83/1147 1463/71/1139 1489/84/142
f 1463/71/1139 1464/72/119 1489/84/142
f 1489/84/142 1464/72/119 1490/85/142
f 1490/85/142 1464/72/119 1491/86/143
f 1464/72/119 1465/73/120 1491/86/143
f 1465/73/120 1466/74/121 1491/86/143
f 1491/86/143 1466/74/121 1492/87/144
f 1466/74/121 1467/75/122 1492/87/144
f 1492/87/144 1467/75/122 1493/88/1148
f 1493/88/1148 1467/75/122 1494/89/146
f 1467/75/122 1468/76/123 1494/89/146
f 1468/76/123 1469/77/1140 1494/89/146
f 1494/89/146 1469/77/1140 1495/90/147
f 1469/77/1140 1470/78/125 1495/90/147
f 1495/90/147 1470/78/125 1496/91/148
f 1496/91/148 1470/78/125 1497/79/1149
f 1470/78/125 1471/66/1141 1497/79/1149
f 1471/66/1141 1472/67/127 1497/79/1149
f 1497/79/1149 1472/67/127 1498/80/150
f 1473/68/127 1474/69/128 1499/81/150
f 1499/81/150 1474/69/128 1500/82/151
f 1500/82/151 1474/69/128 1501/83/1150
f 1474/69/128 1475/70/1142 1501/83/1150
f 1475/70/1142 1476/71/1143 1501/83/1150
f 1501/83/1150 1476/71/1143 1502/84/153
f 1476/71/1143 1477/72/1144 1502/84/153
f 1502/84/153 1477/72/1144 1503/85/1151
f 1503/85/1151 1477/72/1144 1504/86/1152
f 1477/72/1144 1478/73/132 1504/86/1152
f 1478/73/132 1479/74/133 1504/86/1152
f 1504/86/1152 1479/74/133 1505/87/155
f 1479/74/133 1480/75/134 1505/87/155
f 1505/87/155 1480/75/134 1506/88/1153
f 1506/88/1153 1480/75/134 1507/89/157
f 1480/75/134 1481/76/135 1507/89/157
f 1481/76/135 1482/77/1145 1507/89/157
f 1507/89/157 1482/77/1145 1508/90/158
f 1482/77/1145 1483/78/137 1508/90/158
f 1508/90/158 1483/78/137 1509/91/159
f 1483/78/137 1484/79/1146 1509/91/159
f 1510/92/160 1509/91/159 1511/93/161
f 1509/91/159 1484/79/1146 1511/93/161
f 1484/79/1146 1485/80/139 1511/93/161
f 1511/93/161 1485/80/139 1512/94/162
f 1513/95/162 1486/81/139 1514/96/162
f 1486/81/139 1487/82/140 1514/96/162
f 1514/96/162 1487/82/140 1515/97/163
f 1487/82/140 1488/83/1147 1515/97/163
f 1488/83/1147 1489/84/142 1515/97/163
f 1515/97/163 1489/84/142 1516/98/1154
f 1489/84/142 1490/85/142 1516/98/1154
f 1516/98/1154 1490/85/142 1517/99/165
f 1517/99/165 1490/85/142 1518/100/166
f 1490/85/142 1491/86/143 1518/100/166
f 1491/86/143 1492/87/144 1518/100/166
f 1518/100/166 1492/87/144 1519/101/1155
f 1519/101/1155 1492/87/144 1520/102/168
f 1492/87/144 1493/88/1148 1520/102/168
f 1520/102/168 1493/88/1148 1521/103/169
f 1493/88/1148 1494/89/146 1521/103/169
f 1494/89/146 1495/90/147 1521/103/169
f 1521/103/169 1495/90/147 1522/104/170
f 1495/90/147 1496/91/148 1522/104/170
f 1522/104/170 1496/91/148 1523/92/171
f 1523/92/171 1496/91/148 1524/93/172
f 1496/91/148 1497/79/1149 1524/93/172
f 1497/79/1149 1498/80/150 1524/93/172
f 1524/93/172 1498/80/150 1525/94/173
f 1526/95/173 1499/81/150 1527/96/173
f 1499/81/150 1500/82/151 1527/96/173
f 1527/96/173 1500/82/151 1528/97/174
f 1500/82/151 1501/83/1150 1528/97/174
f 1501/83/1150 1502/84/153 1528/97/174
f 1528/97/174 1502/84/153 1529/98/1156
f 1502/84/153 1503/85/1151 1529/98/1156
f 1529/98/1156 1503/85/1151 1530/99/176
f 1530/99/176 1503/85/1151 1531/100/177
f 1503/85/1151 1504/86/1152 1531/100/177
f 1504/86/1152 1505/87/155 1531/100/177
f 1531/100/177 1505/87/155 1532/101/1157
f 1505/87/155 1506/88/1153 1532/101/1157
f 1532/101/1157 1506/88/1153 1533/102/179
f 1533/102/179 1506/88/1153 1534/103/180
f 1506/88/1153 1507/89/157 1534/103/180
f 1507/89/157 1508/90/158 1534/103/180
f 1534/103/180 1508/90/158 1535/104/181
f 1508/90/158 1509/91/159 1535/104/181
f 1509/91/159 1510/92/160 1535/104/181
f 1535/104/181 1510/92/160 1536/105/182
f 1536/105/182 1510/92/160 1537/106/183
f 1510/92/160 1511/93/161 1537/106/183
f 1511/93/161 1512/94/162 1537/106/183
f 1537/106/183 1512/94/162 1538/107/184
f 1513/95/162 1514/96/162 1539/108/184
f 1539/108/184 1514/96/162 1540/109/185
f 1540/109/185 1514/96/162 1541/110/186
f 1514/96/162 1515/97/163 1541/110/186
f 1515/97/163 1516/98/1154 1541/110/186
f 1541/110/186 1516/98/1154 1542/111/1158
f 1542/111/1158 1516/98/1154 1543/112/188
f 1516/98/1154 1517/99/165 1543/112/188
f 1543/112/188 1517/99/165 1544/113/1159
f 1517/99/165 1518/100/166 1544/113/1159
f 1518/100/166 1519/101/1155 1544/113/1159
f 1544/113/1159 1519/101/1155 1545/114/190
f 1519/101/1155 1520/102/168 1545/114/190
f 1545/114/190 1520/102/168 1546/115/191
f 1546/115/191 1520/102/168 1547/116/1160
f 1520/102/168 1521/103/169 1547/116/1160
f 1521/103/169 1522/104/170 1547/116/1160
f 1547/116/1160 1522/104/170 1548/117/193
f 1548/117/193 1522/104/170 1549/105/194
f 1522/104/170 1523/92/171 1549/105/194
f 1549/105/194 1523/92/171 1550/106/195
f 1523/92/171 1524/93/172 1550/106/195
f 1524/93/172 1525/94/173 1550/106/195
f 1550/106/195 1525/94/173 1551/107/196
f 1526/95/173 1527/96/173 1552/108/196
f 1552/108/196 1527/96/173 1553/109/1161
f 1553/109/1161 1527/96/173 1554/110/1162
f 1527/96/173 1528/97/174 1554/110/1162
f 1528/97/174 1529/98/1156 1554/110/1162
f 1554/110/1162 1529/98/1156 1555/111/199
f 1555/111/199 1529/98/1156 1556/112/200
f 1529/98/1156 1530/99/176 1556/112/200
f 1556/112/200 1530/99/176 1557/113/1163
f 1530/99/176 1531/100/177 1557/113/1163
f 1531/100/177 1532/101/1157 1557/113/1163
f 1557/113/1163 1532/101/1157 1558/114/202
f 1532/101/1157 1533/102/179 1558/114/202
f 1558/114/202 1533/102/179 1559/115/1164
f 1559/115/1164 1533/102/179 1560/116/1165
f 1533/102/179 1534/103/180 1560/116/1165
f 1534/103/180 1535/104/181 1560/116/1165
f 1560/116/1165 1535/104/181 1561/117/1166
f 1535/104/181 1536/105/182 1561/117/1166
f 1561/117/1166 1536/105/182 1562/118/1167
f 1562/118/1167 1536/105/182 1563/119/207
f 1536/105/182 1537/106/183 1563/119/207
f 1537/106/183 1538/107/184 1563/119/207
f 1563/119/207 1538/107/184 1564/120/208
f 1565/121/208 1539/108/184 1566/122/1168
f 1539/108/184 1540/109/185 1566/122/1168
f 1566/122/1168 1540/109/185 1567/123/210
f 1540/109/185 1541/110/186 1567/123/210
f 1541/110/186 1542/111/1158 1567/123/210
f 1567/123/210 1542/111/1158 1568/124/211
f 1568/124/211 1542/111/1158 1569/125/212
f 1542/111/1158 1543/112/188 1569/125/212
f 1569/125/212 1543/112/188 1570/126/213
f 1543/112/188 1544/113/1159 1570/126/213
f 1544/113/1159 1545/114/190 1570/126/213
f 1570/126/213 1545/114/190 1571/127/214
f 1571/127/214 1545/114/190 1572/128/215
f 1545/114/190 1546/115/191 1572/128/215
f 1572/128/215 1546/115/191 1573/129/1169
f 1546/115/191 1547/116/1160 1573/129/1169
f 1547/116/1160 1548/117/193 1573/129/1169
f 1573/129/1169 1548/117/193 1574/130/217
f 1574/130/217 1548/117/193 1575/118/218
f 1548/117/193 1549/105/194 1575/118/218
f 1575/118/218 1549/105/194 1576/119/1170
f 1549/105/194 1550/106/195 1576/119/1170
f 1550/106/195 1551/107/196 1576/119/1170
f 1576/119/1170 1551/107/196 1577/120/1171
f 1578/121/220 1552/108/196 1579/122/221
f 1552/108/196 1553/109/1161 1579/122/221
f 1579/122/221 1553/109/1161 1580/123/222
f 1553/109/1161 1554/110/1162 1580/123/222
f 1554/110/1162 1555/111/199 1580/123/222
f 1580/123/222 1555/111/199 1581/124/223
f 1581/124/223 1555/111/199 1582/125/1172
f 1555/111/199 1556/112/200 1582/125/1172
f 1582/125/1172 1556/112/200 1583/126/225
f 1556/112/200 1557/113/1163 1583/126/225
f 1557/113/1163 1558/114/202 1583/126/225
f 1583/126/225 1558/114/202 1584/127/226
f 1584/127/226 1558/114/202 1585/128/227
f 1558/114/202 1559/115/1164 1585/128/227
f 1585/128/227 1559/115/1164 1586/129/228
f 1559/115/1164 1560/116/1165 1586/129/228
f 1560/116/1165 1561/117/1166 1586/129/228
f 1586/129/228 1561/117/1166 1587/130/1173
f 1561/117/1166 1562/118/1167 1587/130/1173
f 1587/130/1173 1562/118/1167 1588/131/230
f 1562/118/1167 1563/119/207 1588/131/230
f 1588/131/230 1563/119/207 1589/132/231
f 1589/132/231 1563/119/207 1590/133/1174
f 1563/119/207 1564/120/208 1590/133/1174
f 1565/121/208 1566/122/1168 1591/134/232
f 1591/134/232 1566/122/1168 1592/135/233
f 1566/122/1168 1567/123/210 1592/135/233
f 1592/135/233 1567/123/210 1593/136/234
f 1593/136/234 1567/123/210 1594/137/235
f 1567/123/210 1568/124/211 1594/137/235
f 1594/137/235 1568/124/211 1595/138/236
f 1568/124/211 1569/125/212 1595/138/236
f 1569/125/212 1570/126/213 1595/138/236
f 1595/138/236 1570/126/213 1596/139/1175
f 1596/139/1175 1570/126/213 1597/140/238
f 1570/126/213 1571/127/214 1597/140/238
f 1571/127/214 1572/128/215 1597/140/238
f 1597/140/238 1572/128/215 1598/141/239
f 1572/128/215 1573/129/1169 1598/141/239
f 1598/141/239 1573/129/1169 1599/142/1176
f 1599/142/1176 1573/129/1169 1600/143/241
f 1573/129/1169 1574/130/217 1600/143/241
f 1600/143/241 1574/130/217 1601/131/241
f 1574/130/217 1575/118/218 1601/131/241
f 1575/118/218 1576/119/1170 1601/131/241
f 1601/131/241 1576/119/1170 1602/132/1177
f 1602/132/1177 1576/119/1170 1603/133/243
f 1576/119/1170 1577/120/1171 1603/133/243
f 1578/121/220 1579/122/221 1604/134/243
f 1604/134/243 1579/122/221 1605/135/244
f 1579/122/221 1580/123/222 1605/135/244
f 1605/135/244 1580/123/222 1606/136/1178
f 1606/136/1178 1580/123/222 1607/137/246
f 1580/123/222 1581/124/223 1607/137/246
f 1607/137/246 1581/124/223 1608/138/247
f 1581/124/223 1582/125/1172 1608/138/247
f 1582/125/1172 1583/126/225 1608/138/247
f 1608/138/247 1583/126/225 1609/139/248
f 1609/139/248 1583/126/225 1610/140/249
f 1583/126/225 1584/127/226 1610/140/249
f 1584/127/226 1585/128/227 1610/140/249
f 1610/140/249 1585/128/227 1611/141/250
f 1585/128/227 1586/129/228 1611/141/250
f 1611/141/250 1586/129/228 1612/142/251
f 1612/142/251 1586/129/228 1613/143/230
f 1586/129/228 1587/130/1173 1613/143/230
f 1587/130/1173 1588/131/230 1613/143/230
f 1613/143/230 1588/131/230 1614/144/1179
f 1588/131/230 1589/132/231 1614/144/1179
f 1614/144/1179 1589/132/231 1615/145/253
f 1615/145/253 1589/132/231 1616/146/254
f 1589/132/231 1590/133/1174 1616/146/254
f 1591/134/232 1592/135/233 1617/147/255
f 1617/147/255 1592/135/233 1618/148/256
f 1592/135/233 1593/136/234 1618/148/256
f 1618/148/256 1593/136/234 1619/149/257
f 1619/149/257 1593/136/234 1620/150/259
f 1593/136/234 1594/137/235 1620/150/259
f 1620/150/259 1594/137/235 1621/151/259
f 1594/137/235 1595/138/236 1621/151/259
f 1595/138/236 1596/139/1175 1621/151/259
f 1621/151/259 1596/139/1175 1622/152/1180
f 1622/152/1180 1596/139/1175 1623/153/1181
f 1596/139/1175 1597/140/238 1623/153/1181
f 1597/140/238 1598/141/239 1623/153/1181
f 1623/153/1181 1598/141/239 1624/154/262
f 1598/141/239 1599/142/1176 1624/154/262
f 1624/154/262 1599/142/1176 1625/155/263
f 1625/155/263 1599/142/1176 1626/156/264
f 1599/142/1176 1600/143/241 1626/156/264
f 1626/156/264 1600/143/241 1627/144/265
f 1600/143/241 1601/131/241 1627/144/265
f 1601/131/241 1602/132/1177 1627/144/265
f 1627/144/265 1602/132/1177 1628/145/266
f 1628/145/266 1602/132/1177 1629/146/267
f 1602/132/1177 1603/133/243 1629/146/267
f 1604/134/243 1605/135/244 1630/147/267
f 1630/147/267 1605/135/244 1631/148/268
f 1605/135/244 1606/136/1178 1631/148/268
f 1631/148/268 1606/136/1178 1632/149/1182
f 1632/149/1182 1606/136/1178 1633/150/1183
f 1606/136/1178 1607/137/246 1633/150/1183
f 1633/150/1183 1607/137/246 1634/151/271
f 1607/137/246 1608/138/247 1634/151/271
f 1608/138/247 1609/139/248 1634/151/271
f 1634/151/271 1609/139/248 1635/152/272
f 1635/152/272 1609/139/248 1636/153/273
f 1609/139/248 1610/140/249 1636/153/273
f 1610/140/249 1611/141/250 1636/153/273
f 1636/153/273 1611/141/250 1637/154/274
f 1611/141/250 1612/142/251 1637/154/274
f 1637/154/274 1612/142/251 1638/155/1184
f 1638/155/1184 1612/142/251 1639/156/276
f 1612/142/251 1613/143/230 1639/156/276
f 1613/143/230 1614/144/1179 1639/156/276
f 1639/156/276 1614/144/1179 1640/157/277
f 1614/144/1179 1615/145/253 1640/157/277
f 1640/157/277 1615/145/253 1641/158/1185
f 1641/158/1185 1615/145/253 1642/159/279
f 1615/145/253 1616/146/254 1642/159/279
f 1643/160/279 1617/147/255 1644/161/1186
f 1617/147/255 1618/148/256 1644/161/1186
f 1618/148/256 1619/149/257 1644/161/1186
f 1644/161/1186 1619/149/257 1645/162/282
f 1645/162/282 1619/149/257 1646/163/1187
f 1619/149/257 1620/150/259 1646/163/1187
f 1646/163/1187 1620/150/259 1647/164/284
f 1620/150/259 1621/151/259 1647/164/284
f 1621/151/259 1622/152/1180 1647/164/284
f 1647/164/284 1622/152/1180 1648/165/285
f 1648/165/285 1622/152/1180 1649/166/286
f 1622/152/1180 1623/153/1181 1649/166/286
f 1649/166/286 1623/153/1181 1650/167/1188
f 1623/153/1181 1624/154/262 1650/167/1188
f 1624/154/262 1625/155/263 1650/167/1188
f 1650/167/1188 1625/155/263 1651/168/1189
f 1651/168/1189 1625/155/263 1652/169/289
f 1625/155/263 1626/156/264 1652/169/289
f 1652/169/289 1626/156/264 1653/157/290
f 1626/156/264 1627/144/265 1653/157/290
f 1627/144/265 1628/145/266 1653/157/290
f 1653/157/290 1628/145/266 1654/158/291
f 1654/158/291 1628/145/266 1655/159/292
f 1628/145/266 1629/146/267 1655/159/292
f 1656/160/292 1630/147/267 1657/161/293
f 1630/147/267 1631/148/268 1657/161/293
f 1631/148/268 1632/149/1182 1657/161/293
f 1657/161/293 1632/149/1182 1658/162/294
f 1658/162/294 1632/149/1182 1659/163/1190
f 1632/149/1182 1633/150/1183 1659/163/1190
f 1659/163/1190 1633/150/1183 1660/164/296
f 1633/150/1183 1634/151/271 1660/164/296
f 1634/151/271 1635/152/272 1660/164/296
f 1660/164/296 1635/152/272 1661/165/297
f 1661/165/297 1635/152/272 1662/166/298
f 1635/152/272 1636/153/273 1662/166/298
f 1662/166/298 1636/153/273 1663/167/299
f 1636/153/273 1637/154/274 1663/167/299
f 1637/154/274 1638/155/1184 1663/167/299
f 1663/167/299 1638/155/1184 1664/168/1191
f 1664/168/1191 1638/155/1184 1665/169/301
f 1638/155/1184 1639/156/276 1665/169/301
f 1639/156/276 1640/157/277 1665/169/301
f 1665/169/301 1640/157/277 1666/170/302
f 1666/170/302 1640/157/277 1667/171/303
f 1640/157/277 1641/158/1185 1667/171/303
f 1641/158/1185 1642/159/279 1667/171/303
f 1667/171/303 1642/159/279 1668/172/1192
f 1643/160/279 1644/161/1186 1669/173/1192
f 1669/173/1192 1644/161/1186 1670/174/305
f 1670/174/305 1644/161/1186 1671/175/306
f 1644/161/1186 1645/162/282 1671/175/306
f 1645/162/282 1646/163/1187 1671/175/306
f 1671/175/306 1646/163/1187 1672/176/307
f 1672/176/307 1646/163/1187 1673/177/308
f 1646/163/1187 1647/164/284 1673/177/308
f 1673/177/308 1647/164/284 1674/178/309
f 1647/164/284 1648/165/285 1674/178/309
f 1648/165/285 1649/166/286 1674/178/309
f 1674/178/309 1649/166/286 1675/179/310
f 1649/166/286 1650/167/1188 1675/179/310
f 1675/179/310 1650/167/1188 1676/180/311
f 1676/180/311 1650/167/1188 1677/181/1193
f 1650/167/1188 1651/168/1189 1677/181/1193
f 1651/168/1189 1652/169/289 1677/181/1193
f 1677/181/1193 1652/169/289 1678/182/313
f 1678/182/313 1652/169/289 1679/170/313
f 1652/169/289 1653/157/290 1679/170/313
f 1679/170/313 1653/157/290 1680/171/314
f 1653/157/290 1654/158/291 1680/171/314
f 1654/158/291 1655/159/292 1680/171/314
f 1680/171/314 1655/159/292 1681/172/315
f 1656/160/292 1657/161/293 1682/173/1194
f 1682/173/1194 1657/161/293 1683/174/316
f 1683/174/316 1657/161/293 1684/175/1195
f 1657/161/293 1658/162/294 1684/175/1195
f 1658/162/294 1659/163/1190 1684/175/1195
f 1684/175/1195 1659/163/1190 1685/176/1196
f 1685/176/1196 1659/163/1190 1686/177/319
f 1659/163/1190 1660/164/296 1686/177/319
f 1686/177/319 1660/164/296 1687/178/320
f 1660/164/296 1661/165/297 1687/178/320
f 1661/165/297 1662/166/298 1687/178/320
f 1687/178/320 1662/166/298 1688/179/321
f 1662/166/298 1663/167/299 1688/179/321
f 1688/179/321 1663/167/299 1689/180/322
f 1689/180/322 1663/167/299 1690/181/323
f 1663/167/299 1664/168/1191 1690/181/323
f 1664/168/1191 1665/169/301 1690/181/323
f 1690/181/323 1665/169/301 1691/182/1197
f 1665/169/301 1666/170/302 1691/182/1197
f 1691/182/1197 1666/170/302 1692/183/324
f 1692/183/324 1666/170/302 1693/184/325
f 1666/170/302 1667/171/303 1693/184/325
f 1667/171/303 1668/172/1192 1693/184/325
f 1693/184/325 1668/172/1192 1694/185/326
f 1695/186/326 1669/173/1192 1696/187/327
f 1669/173/1192 1670/174/305 1696/187/327
f 1696/187/327 1670/174/305 1697/188/328
f 1670/174/305 1671/175/306 1697/188/328
f 1671/175/306 1672/176/307 1697/188/328
f 1697/188/328 1672/176/307 1698/189/329
f 1698/189/329 1672/176/307 1699/190/329
f 1672/176/307 1673/177/308 1699/190/329
f 1699/190/329 1673/177/308 1700/191/330
f 1673/177/308 1674/178/309 1700/191/330
f 1674/178/309 1675/179/310 1700/191/330
f 1700/191/330 1675/179/310 1701/192/331
f 1701/192/331 1675/179/310 1702/193/332
f 1675/179/310 1676/180/311 1702/193/332
f 1702/193/332 1676/180/311 1703/194/333
f 1676/180/311 1677/181/1193 1703/194/333
f 1677/181/1193 1678/182/313 1703/194/333
f 1703/194/333 1678/182/313 1704/195/334
f 1704/195/334 1678/182/313 1705/183/334
f 1678/182/313 1679/170/313 1705/183/334
f 1705/183/334 1679/170/313 1706/184/335
f 1679/170/313 1680/171/314 1706/184/335
f 1680/171/314 1681/172/315 1706/184/335
f 1706/184/335 1681/172/315 1707/185/1198
f 1708/186/336 1682/173/1194 1709/187/337
f 1682/173/1194 1683/174/316 1709/187/337
f 1709/187/337 1683/174/316 1710/188/338
f 1683/174/316 1684/175/1195 1710/188/338
f 1684/175/1195 1685/176/1196 1710/188/338
f 1710/188/338 1685/176/1196 1711/189/339
f 1711/189/339 1685/176/1196 1712/190/339
f 1685/176/1196 1686/177/319 1712/190/339
f 1712/190/339 1686/177/319 1713/191/340
f 1686/177/319 1687/178/320 1713/191/340
f 1687/178/320 1688/179/321 1713/191/340
f 1713/191/340 1688/179/321 1714/192/341
f 1714/192/341 1688/179/321 1715/193/1199
f 1688/179/321 1689/180/322 1715/193/1199
f 1715/193/1199 1689/180/322 1716/194/343
f 1689/180/322 1690/181/323 1716/194/343
f 1690/181/323 1691/182/1197 1716/194/343
f 1716/194/343 1691/182/1197 1717/195/324
f 1691/182/1197 1692/183/324 1717/195/324
f 1717/195/324 1692/183/324 1718/196/344
f 1718/196/344 1692/183/324 1719/197/345
f 1692/183/324 1693/184/325 1719/197/345
f 1693/184/325 1694/185/326 1719/197/345
f 1719/197/345 1694/185/326 1720/198/346
f 1695/186/326 1696/187/327 1721/199/347
f 1721/199/347 1696/187/327 1722/200/348
f 1722/200/348 1696/187/327 1723/201/1200
f 1696/187/327 1697/188/328 1723/201/1200
f 1697/188/328 1698/189/329 1723/201/1200
f 1723/201/1200 1698/189/329 1724/202/350
f 1724/202/350 1698/189/329 1725/203/1201
f 1698/189/329 1699/190/329 1725/203/1201
f 1725/203/1201 1699/190/329 1726/204/351
f 1699/190/329 1700/191/330 1726/204/351
f 1700/191/330 1701/192/331 1726/204/351
f 1726/204/351 1701/192/331 1727/205/352
f 1701/192/331 1702/193/332 1727/205/352
f 1727/205/352 1702/193/332 1728/206/353
f 1728/206/353 1702/193/332 1729/207/354
f 1702/193/332 1703/194/333 1729/207/354
f 1703/194/333 1704/195/334 1729/207/354
f 1729/207/354 1704/195/334 1730/208/355
f 1730/208/355 1704/195/334 1731/196/1202
f 1704/195/334 1705/183/334 1731/196/1202
f 1731/196/1202 1705/183/334 1732/197/357
f 1705/183/334 1706/184/335 1732/197/357
f 1706/184/335 1707/185/1198 1732/197/357
f 1732/197/357 1707/185/1198 1733/198/359
f 1708/186/336 1709/187/337 1734/199/359
f 1734/199/359 1709/187/337 1735/200/360
f 1735/200/360 1709/187/337 1736/201/361
f 1709/187/337 1710/188/338 1736/201/361
f 1710/188/338 1711/189/339 1736/201/361
f 1736/201/361 1711/189/339 1737/202/1203
f 1737/202/1203 1711/189/339 1738/203/362
f 1711/189/339 1712/190/339 1738/203/362
f 1738/203/362 1712/190/339 1739/204/363
f 1712/190/339 1713/191/340 1739/204/363
f 1713/191/340 1714/192/341 1739/204/363
f 1739/204/363 1714/192/341 1740/205/1204
f 1714/192/341 1715/193/1199 1740/205/1204
f 1740/205/1204 1715/193/1199 1741/206/1205
f 1741/206/1205 1715/193/1199 1742/207/366
f 1715/193/1199 1716/194/343 1742/207/366
f 1716/194/343 1717/195/324 1742/207/366
f 1742/207/366 1717/195/324 1743/208/367
f 1717/195/324 1718/196/344 1743/208/367
f 1744/209/368 1743/208/367 1745/210/369
f 1743/208/367 1718/196/344 1745/210/369
f 1745/210/369 1718/196/344 1746/211/370
f 1718/196/344 1719/197/345 1746/211/370
f 1719/197/345 1720/198/346 1746/211/370
f 1746/211/370 1720/198/346 1747/212/371
f 1721/199/347 1722/200/348 1748/213/371
f 1748/213/371 1722/200/348 1749/214/372
f 1749/214/372 1722/200/348 1750/215/373
f 1722/200/348 1723/201/1200 1750/215/373
f 1723/201/1200 1724/202/350 1750/215/373
f 1750/215/373 1724/202/350 1751/216/374
f 1751/216/374 1724/202/350 1752/217/375
f 1724/202/350 1725/203/1201 1752/217/375
f 1752/217/375 1725/203/1201 1753/218/376
f 1725/203/1201 1726/204/351 1753/218/376
f 1726/204/351 1727/205/352 1753/218/376
f 1753/218/376 1727/205/352 1754/219/377
f 1727/205/352 1728/206/353 1754/219/377
f 1754/219/377 1728/206/353 1755/220/1206
f 1755/220/1206 1728/206/353 1756/221/379
f 1728/206/353 1729/207/354 1756/221/379
f 1729/207/354 1730/208/355 1756/221/379
f 1756/221/379 1730/208/355 1757/209/380
f 1757/209/380 1730/208/355 1758/210/381
f 1730/208/355 1731/196/1202 1758/210/381
f 1758/210/381 1731/196/1202 1759/211/382
f 1731/196/1202 1732/197/357 1759/211/382
f 1732/197/357 1733/198/359 1759/211/382
f 1759/211/382 1733/198/359 1760/212/383
f 1734/199/359 1735/200/360 1761/213/383
f 1761/213/383 1735/200/360 1762/214/1207
f 1762/214/1207 1735/200/360 1763/215/385
f 1735/200/360 1736/201/361 1763/215/385
f 1736/201/361 1737/202/1203 1763/215/385
f 1763/215/385 1737/202/1203 1764/216/386
f 1764/216/386 1737/202/1203 1765/217/387
f 1737/202/1203 1738/203/362 1765/217/387
f 1765/217/387 1738/203/362 1766/218/388
f 1738/203/362 1739/204/363 1766/218/388
f 1739/204/363 1740/205/1204 1766/218/388
f 1766/218/388 1740/205/1204 1767/219/389
f 1767/219/389 1740/205/1204 1768/220/1208
f 1740/205/1204 1741/206/1205 1768/220/1208
f 1768/220/1208 1741/206/1205 1769/221/1209
f 1741/206/1205 1742/207/366 1769/221/1209
f 1742/207/366 1743/208/367 1769/221/1209
f 1743/208/367 1744/209/368 1769/221/1209
f 1769/221/1209 1744/209/368 1770/222/392
f 1770/222/392 1744/209/368 1771/223/393
f 1744/209/368 1745/210/369 1771/223/393
f 1745/210/369 1746/211/370 1771/223/393
f 1771/223/393 1746/211/370 1772/224/394
f 1772/224/394 1746/211/370 1773/225/395
f 1746/211/370 1747/212/371 1773/225/395
f 1774/226/395 1748/213/371 1775/227/396
f 1748/213/371 1749/214/372 1775/227/396
f 1749/214/372 1750/215/373 1775/227/396
f 1775/227/396 1750/215/373 1776/228/397
f 1776/228/397 1750/215/373 1777/229/1210
f 1750/215/373 1751/216/374 1777/229/1210
f 1777/229/1210 1751/216/374 1778/230/399
f 1751/216/374 1752/217/375 1778/230/399
f 1752/217/375 1753/218/376 1778/230/399
f 1778/230/399 1753/218/376 1779/231/400
f 1779/231/400 1753/218/376 1780/232/401
f 1753/218/376 1754/219/377 1780/232/401
f 1780/232/401 1754/219/377 1781/233/1211
f 1754/219/377 1755/220/1206 1781/233/1211
f 1755/220/1206 1756/221/379 1781/233/1211
f 1781/233/1211 1756/221/379 1782/234/1212
f 1782/234/1212 1756/221/379 1783/222/404
f 1756/221/379 1757/209/380 1783/222/404
f 1783/222/404 1757/209/380 1784/223/1213
f 1757/209/380 1758/210/381 1784/223/1213
f 1758/210/381 1759/211/382 1784/223/1213
f 1784/223/1213 1759/211/382 1785/224/1214
f 1785/224/1214 1759/211/382 1786/225/408
f 1759/211/382 1760/212/383 1786/225/408
f 1787/226/408 1761/213/383 1788/227/409
f 1761/213/383 1762/214/1207 1788/227/409
f 1762/214/1207 1763/215/385 1788/227/409
f 1788/227/409 1763/215/385 1789/228/410
f 1789/228/410 1763/215/385 1790/229/411
f 1763/215/385 1764/216/386 1790/229/411
f 1790/229/411 1764/216/386 1791/230/1215
f 1764/216/386 1765/217/387 1791/230/1215
f 1765/217/387 1766/218/388 1791/230/1215
f 1791/230/1215 1766/218/388 1792/231/1216
f 1792/231/1216 1766/218/388 1793/232/414
f 1766/218/388 1767/219/389 1793/232/414
f 1793/232/414 1767/219/389 1794/233/1217
f 1767/219/389 1768/220/1208 1794/233/1217
f 1768/220/1208 1769/221/1209 1794/233/1217
f 1794/233/1217 1769/221/1209 1795/234/1218
f 1769/221/1209 1770/222/392 1795/234/1218
f 1795/234/1218 1770/222/392 1796/235/1219
f 1796/235/1219 1770/222/392 1797/236/418
f 1770/222/392 1771/223/393 1797/236/418
f 1771/223/393 1772/224/394 1797/236/418
f 1797/236/418 1772/224/394 1798/237/419
f 1798/237/419 1772/224/394 1799/238/420
f 1772/224/394 1773/225/395 1799/238/420
f 1774/226/395 1775/227/396 1800/239/420
f 1800/239/420 1775/227/396 1801/240/421
f 1775/227/396 1776/228/397 1801/240/421
f 1801/240/421 1776/228/397 1802/241/422
f 1802/241/422 1776/228/397 1803/242/423
f 1776/228/397 1777/229/1210 1803/242/423
f 1803/242/423 1777/229/1210 1804/243/423
f 1777/229/1210 1778/230/399 1804/243/423
f 1778/230/399 1779/231/400 1804/243/423
f 1804/243/423 1779/231/400 1805/244/424
f 1805/244/424 1779/231/400 1806/245/1220
f 1779/231/400 1780/232/401 1806/245/1220
f 1780/232/401 1781/233/1211 1806/245/1220
f 1806/245/1220 1781/233/1211 1807/246/426
f 1781/233/1211 1782/234/1212 1807/246/426
f 1807/246/426 1782/234/1212 1808/247/427
f 1808/247/427 1782/234/1212 1809/235/1221
f 1782/234/1212 1783/222/404 1809/235/1221
f 1809/235/1221 1783/222/404 1810/236/429
f 1783/222/404 1784/223/1213 1810/236/429
f 1784/223/1213 1785/224/1214 1810/236/429
f 1810/236/429 1785/224/1214 1811/237/430
f 1811/237/430 1785/224/1214 1812/238/432
f 1785/224/1214 1786/225/408 1812/238/432
f 1787/226/408 1788/227/409 1813/239/432
f 1813/239/432 1788/227/409 1814/240/433
f 1788/227/409 1789/228/410 1814/240/433
f 1814/240/433 1789/228/410 1815/241/434
f 1815/241/434 1789/228/410 1816/242/435
f 1789/228/410 1790/229/411 1816/242/435
f 1816/242/435 1790/229/411 1817/243/435
f 1790/229/411 1791/230/1215 1817/243/435
f 1791/230/1215 1792/231/1216 1817/243/435
f 1817/243/435 1792/231/1216 1818/244/436
f 1818/244/436 1792/231/1216 1819/245/1222
f 1792/231/1216 1793/232/414 1819/245/1222
f 1793/232/414 1794/233/1217 1819/245/1222
f 1819/245/1222 1794/233/1217 1820/246/1223
f 1794/233/1217 1795/234/1218 1820/246/1223
f 1820/246/1223 1795/234/1218 1821/247/439
f 1795/234/1218 1796/235/1219 1821/247/439
f 1822/248/440 1821/247/439 1823/249/441
f 1821/247/439 1796/235/1219 1823/249/441
f 1823/249/441 1796/235/1219 1824/250/442
f 1796/235/1219 1797/236/418 1824/250/442
f 1797/236/418 1798/237/419 1824/250/442
f 1824/250/442 1798/237/419 1825/251/443
f 1825/251/443 1798/237/419 1826/252/444
f 1798/237/419 1799/238/420 1826/252/444
f 1800/239/420 1801/240/421 1827/253/444
f 1827/253/444 1801/240/421 1828/254/445
f 1801/240/421 1802/241/422 1828/254/445
f 1828/254/445 1802/241/422 1829/255/1224
f 1829/255/1224 1802/241/422 1830/256/447
f 1802/241/422 1803/242/423 1830/256/447
f 1830/256/447 1803/242/423 1831/257/448
f 1803/242/423 1804/243/423 1831/257/448
f 1804/243/423 1805/244/424 1831/257/448
f 1831/257/448 1805/244/424 1832/258/1225
f 1832/258/1225 1805/244/424 1833/259/450
f 1805/244/424 1806/245/1220 1833/259/450
f 1806/245/1220 1807/246/426 1833/259/450
f 1833/259/450 1807/246/426 1834/260/451
f 1807/246/426 1808/247/427 1834/260/451
f 1834/260/451 1808/247/427 1835/248/1226
f 1835/248/1226 1808/247/427 1836/249/453
f 1808/247/427 1809/235/1221 1836/249/453
f 1836/249/453 1809/235/1221 1837/250/454
f 1809/235/1221 1810/236/429 1837/250/454
f 1810/236/429 1811/237/430 1837/250/454
f 1837/250/454 1811/237/430 1838/251/455
f 1838/251/455 1811/237/430 1839/252/456
f 1811/237/430 1812/238/432 1839/252/456
f 1813/239/432 1814/240/433 1840/253/456
f 1840/253/456 1814/240/433 1841/254/457
f 1814/240/433 1815/241/434 1841/254/457
f 1841/254/457 1815/241/434 1842/255/458
f 1842/255/458 1815/241/434 1843/256/459
f 1815/241/434 1816/242/435 1843/256/459
f 1843/256/459 1816/242/435 1844/257/1227
f 1816/242/435 1817/243/435 1844/257/1227
f 1817/243/435 1818/244/436 1844/257/1227
f 1844/257/1227 1818/244/436 1845/258/461
f 1845/258/461 1818/244/436 1846/259/462
f 1818/244/436 1819/245/1222 1846/259/462
f 1846/259/462 1819/245/1222 1847/260/463
f 1819/245/1222 1820/246/1223 1847/260/463
f 1820/246/1223 1821/247/439 1847/260/463
f 1821/247/439 1822/248/440 1847/260/463
f 1847/260/463 1822/248/440 1848/261/464
f 1822/248/440 1823/249/441 1848/261/464
f 1848/261/464 1823/249/441 1849/262/465
f 1849/262/465 1823/249/441 1850/263/466
f 1823/249/441 1824/250/442 1850/263/466
f 1850/263/466 1824/250/442 1851/264/467
f 1824/250/442 1825/251/443 1851/264/467
f 1825/251/443 1826/252/444 1851/264/467
f 1851/264/467 1826/252/444 1852/265/468
f 1827/253/444 1828/254/445 1853/266/468
f 1853/266/468 1828/254/445 1854/267/469
f 1854/267/469 1828/254/445 1855/268/1228
f 1828/254/445 1829/255/1224 1855/268/1228
f 1829/255/1224 1830/256/447 1855/268/1228
f 1855/268/1228 1830/256/447 1856/269/1229
f 1856/269/1229 1830/256/447 1857/270/1230
f 1830/256/447 1831/257/448 1857/270/1230
f 1857/270/1230 1831/257/448 1858/271/473
f 1831/257/448 1832/258/1225 1858/271/473
f 1832/258/1225 1833/259/450 1858/271/473
f 1858/271/473 1833/259/450 1859/272/474
f 1833/259/450 1834/260/451 1859/272/474
f 1859/272/474 1834/260/451 1860/273/475
f 1860/273/475 1834/260/451 1861/261/1231
f 1834/260/451 1835/248/1226 1861/261/1231
f 1835/248/1226 1836/249/453 1861/261/1231
f 1861/261/1231 1836/249/453 1862/262/477
f 1862/262/477 1836/249/453 1863/263/478
f 1836/249/453 1837/250/454 1863/263/478
f 1863/263/478 1837/250/454 1864/264/479
f 1837/250/454 1838/251/455 1864/264/479
f 1838/251/455 1839/252/456 1864/264/479
f 1864/264/479 1839/252/456 1865/265/480
f 1840/253/456 1841/254/457 1866/266/480
f 1866/266/480 1841/254/457 1867/267/481
f 1867/267/481 1841/254/457 1868/268/482
f 1841/254/457 1842/255/458 1868/268/482
f 1842/255/458 1843/256/459 1868/268/482
f 1868/268/482 1843/256/459 1869/269/1232
f 1869/269/1232 1843/256/459 1870/270/484
f 1843/256/459 1844/257/1227 1870/270/484
f 1870/270/484 1844/257/1227 1871/271/485
f 1844/257/1227 1845/258/461 1871/271/485
f 1845/258/461 1846/259/462 1871/271/485
f 1871/271/485 1846/259/462 1872/272/486
f 1846/259/462 1847/260/463 1872/272/486
f 1872/272/486 1847/260/463 1873/273/487
f 1847/260/463 1848/261/464 1873/273/487
f 1873/273/487 1848/261/464 1874/274/1233
f 1848/261/464 1849/262/465 1874/274/1233
f 1874/274/1233 1849/262/465 1875/275/489
f 1875/275/489 1849/262/465 1876/276/1234
f 1849/262/465 1850/263/466 1876/276/1234
f 1876/276/1234 1850/263/466 1877/277/491
f 1850/263/466 1851/264/467 1877/277/491
f 1851/264/467 1852/265/468 1877/277/491
f 1877/277/491 1852/265/468 1879/278/492
f 1878/279/492 1853/266/468 1880/280/493
f 1853/266/468 1854/267/469 1880/280/493
f 1880/280/493 1854/267/469 1881/281/494
f 1854/267/469 1855/268/1228 1881/281/494
f 1855/268/1228 1856/269/1229 1881/281/494
f 1881/281/494 1856/269/1229 1882/282/1235
f 1882/282/1235 1856/269/1229 1883/283/496
f 1856/269/1229 1857/270/1230 1883/283/496
f 1883/283/496 1857/270/1230 1884/284/497
f 1857/270/1230 1858/271/473 1884/284/497
f 1858/271/473 1859/272/474 1884/284/497
f 1884/284/497 1859/272/474 1885/285/498
f 1885/285/498 1859/272/474 1886/286/1236
f 1859/272/474 1860/273/475 1886/286/1236
f 1886/286/1236 1860/273/475 1887/274/500
f 1860/273/475 1861/261/1231 1887/274/500
f 1861/261/1231 1862/262/477 1887/274/500
f 1887/274/500 1862/262/477 1888/275/1237
f 1888/275/1237 1862/262/477 1889/276/502
f 1862/262/477 1863/263/478 1889/276/502
f 1889/276/502 1863/263/478 1890/277/503
f 1863/263/478 1864/264/479 1890/277/503
f 1864/264/479 1865/265/480 1890/277/503
f 1890/277/503 1865/265/480 1892/278/504
f 1891/279/504 1866/266/480 1893/280/1238
f 1866/266/480 1867/267/481 1893/280/1238
f 1893/280/1238 1867/267/481 1894/281/1239
f 1867/267/481 1868/268/482 1894/281/1239
f 1868/268/482 1869/269/1232 1894/281/1239
f 1894/281/1239 1869/269/1232 1895/282/507
f 1895/282/507 1869/269/1232 1896/283/508
f 1869/269/1232 1870/270/484 1896/283/508
f 1896/283/508 1870/270/484 1897/284/509
f 1870/270/484 1871/271/485 1897/284/509
f 1871/271/485 1872/272/486 1897/284/509
f 1897/284/509 1872/272/486 1898/285/510
f 1898/285/510 1872/272/486 1899/286/511
f 1872/272/486 1873/273/487 1899/286/511
f 1873/273/487 1874/274/1233 1899/286/511
f 1901/287/512 1902/288/1240 1903/289/514
f 1902/288/1240 1904/290/515 1903/289/514
f 1903/289/514 1904/290/515 1905/291/516
f 1904/290/515 1906/292/1241 1905/291/516
f 1905/291/516 1906/292/1241 1907/293/518
f 1906/292/1241 1908/294/519 1907/293/518
f 1908/294/519 1909/295/520 1907/293/518
f 1907/293/518 1909/295/520 1910/296/1242
f 1911/297/1243 1912/298/523 1913/299/523
s 0
f 1913/299/523 1912/298/523 1914/300/523
f 1914/300/523 1912/298/523 1915/301/523
s 1
f 1916/302/1244 1915/301/523 1917/303/1245
f 1915/301/523 1912/298/523 1917/303/1245
f 1917/303/1245 1912/298/523 1918/304/526
f 1918/304/526 1912/298/523 1919/305/527
f 1912/298/523 1911/297/1243 1919/305/527
f 1919/305/527 1911/297/1243 1921/306/534
f 1921/306/534 1911/297/1243 1923/307/489
f 1925/308/490 1923/307/489 1926/309/529
f 1923/307/489 1911/297/1243 1926/309/529
f 1911/297/1243 1913/299/523 1926/309/529
f 1926/309/529 1913/299/523 1927/310/1246
f 1927/310/1246 1913/299/523 1928/311/531
f 1929/312/1247 1928/311/531 1930/313/523
f 1928/311/531 1913/299/523 1930/313/523
s 0
f 1913/299/523 1914/300/523 1930/313/523
f 1930/313/523 1914/300/523 1931/314/523
f 1931/314/523 1914/300/523 1932/315/523
f 1932/315/523 1914/300/523 1933/316/523
f 1933/316/523 1914/300/523 1934/317/523
f 1914/300/523 1915/301/523 1934/317/523
s 1
f 1934/317/523 1915/301/523 1935/318/1248
f 1935/318/1248 1915/301/523 1936/319/1249
f 1915/301/523 1916/302/1244 1936/319/1249
f 1936/319/1249 1916/302/1244 1938/320/508
f 1938/320/508 1916/302/1244 1940/321/552
f 1916/302/1244 1917/303/1245 1940/321/552
f 1940/321/552 1917/303/1245 1942/322/510
f 1917/303/1245 1918/304/526 1942/322/510
f 1942/322/510 1918/304/526 1943/323/511
f 1918/304/526 1919/305/527 1943/323/511
f 1919/305/527 1921/306/534 1943/323/511
f 1944/324/511 1920/325/534 1946/326/511
f 1946/326/511 1920/325/534 1948/327/1250
f 1920/325/534 1922/328/489 1948/327/1250
f 1948/327/1250 1922/328/489 1950/329/489
f 1922/328/489 1924/330/490 1950/329/489
f 1950/329/489 1924/330/490 1952/331/490
f 1952/331/490 1924/330/490 1953/332/536
f 1925/308/490 1926/309/529 1954/333/1251
f 1926/309/529 1927/310/1246 1954/333/1251
f 1954/333/1251 1927/310/1246 1957/334/492
f 1927/310/1246 1928/311/531 1957/334/492
f 1928/311/531 1929/312/1247 1957/334/492
f 1957/334/492 1929/312/1247 1959/335/493
f 1959/335/493 1929/312/1247 1960/336/537
f 1929/312/1247 1930/313/523 1960/336/537
f 1960/336/537 1930/313/523 1961/337/1252
f 1930/313/523 1931/314/523 1961/337/1252
f 1961/337/1252 1931/314/523 1962/338/539
f 1962/338/539 1931/314/523 1963/339/540
f 1963/339/540 1931/314/523 1964/340/541
f 1931/314/523 1932/315/523 1964/340/541
f 1964/340/541 1932/315/523 1965/341/542
f 1965/341/542 1932/315/523 1966/342/1253
f 1966/342/1253 1932/315/523 1967/343/1254
f 1932/315/523 1933/316/523 1967/343/1254
f 1967/343/1254 1933/316/523 1968/344/545
f 1968/344/545 1933/316/523 1969/345/546
f 1969/345/546 1933/316/523 1970/346/547
f 1933/316/523 1934/317/523 1970/346/547
f 1970/346/547 1934/317/523 1971/347/547
f 1971/347/547 1934/317/523 1972/348/1255
f 1934/317/523 1935/318/1248 1972/348/1255
f 1972/348/1255 1935/318/1248 1974/349/506
f 1974/349/506 1935/318/1248 1975/350/507
f 1935/318/1248 1936/319/1249 1975/350/507
f 1936/319/1249 1938/320/508 1975/350/507
f 1976/351/507 1937/352/508 1978/353/1256
f 1978/353/1256 1937/352/508 1980/354/1257
f 1937/352/508 1939/355/509 1980/354/1257
f 1980/354/1257 1939/355/509 1982/356/552
f 1939/355/509 1941/357/510 1982/356/552
f 1982/356/552 1941/357/510 1983/358/510
f 1941/357/510 1944/324/511 1983/358/510
f 1944/324/511 1946/326/511 1983/358/510
f 1984/359/510 1945/360/511 1985/361/553
f 1985/361/553 1945/360/511 1986/362/526
f 1945/360/511 1947/363/1233 1986/362/526
f 1986/362/526 1947/363/1233 1987/364/554
f 1947/363/1233 1949/365/489 1987/364/554
f 1987/364/554 1949/365/489 1988/366/555
f 1949/365/489 1951/367/490 1988/366/555
f 1988/366/555 1951/367/490 1989/368/1258
f 1989/368/1258 1951/367/490 1990/369/556
f 1952/331/490 1953/332/536 1991/370/557
f 1953/332/536 1955/371/492 1991/370/557
f 1991/370/557 1955/371/492 1992/372/492
f 1956/373/492 1958/374/493 1994/375/492
f 1994/375/492 1958/374/493 1996/376/493
f 1996/376/493 1958/374/493 1997/377/558
f 1959/335/493 1960/336/537 1998/378/1259
f 1960/336/537 1961/337/1252 1998/378/1259
f 1998/378/1259 1961/337/1252 2000/379/1260
f 1961/337/1252 1962/338/539 2000/379/1260
f 2000/379/1260 1962/338/539 2002/380/1261
f 1962/338/539 1963/339/540 2002/380/1261
f 2002/380/1261 1963/339/540 2004/381/561
f 1963/339/540 1964/340/541 2004/381/561
f 2004/381/561 1964/340/541 2006/382/498
f 1964/340/541 1965/341/542 2006/382/498
f 2006/382/498 1965/341/542 2008/383/499
f 1965/341/542 1966/342/1253 2008/383/499
f 2008/383/499 1966/342/1253 2010/384/1262
f 1966/342/1253 1967/343/1254 2010/384/1262
f 2010/384/1262 1967/343/1254 2012/385/1237
f 1967/343/1254 1968/344/545 2012/385/1237
f 2012/385/1237 1968/344/545 2014/386/1263
f 1968/344/545 1969/345/546 2014/386/1263
f 2014/386/1263 1969/345/546 2016/387/503
f 1969/345/546 1970/346/547 2016/387/503
f 2016/387/503 1970/346/547 2019/388/504
f 1970/346/547 1971/347/547 2019/388/504
f 2019/388/504 1971/347/547 2020/389/505
f 1971/347/547 1972/348/1255 2020/389/505
f 1972/348/1255 1974/349/506 2020/389/505
f 2023/376/505 2021/374/505 2024/390/506
f 2021/374/505 1973/377/506 2024/390/506
f 1973/377/506 1976/351/507 2024/390/506
f 1976/351/507 1978/353/1256 2024/390/506
f 2025/391/506 1977/392/1256 2026/393/566
f 1977/392/1256 1979/394/508 2026/393/566
f 2026/393/566 1979/394/508 2027/395/1249
f 1979/394/508 1981/396/552 2027/395/1249
f 2027/395/1249 1981/396/552 2028/397/1264
f 1981/396/552 1984/359/510 2028/397/1264
f 1984/359/510 1985/361/553 2028/397/1264
f 2028/397/1264 1985/361/553 2029/398/570
f 2029/398/570 1985/361/553 2030/399/570
f 1985/361/553 1986/362/526 2030/399/570
f 1986/362/526 1987/364/554 2030/399/570
f 2030/399/570 1987/364/554 2031/400/572
f 2031/400/572 1987/364/554 2032/401/1265
f 1987/364/554 1988/366/555 2032/401/1265
f 2032/401/1265 1988/366/555 2033/402/1266
f 1988/366/555 1989/368/1258 2033/402/1266
f 2033/402/1266 1989/368/1258 2034/403/575
f 1989/368/1258 1990/369/556 2034/403/575
f 1990/369/556 1993/404/492 2034/403/575
f 2034/403/575 1993/404/492 2035/405/531
f 1993/404/492 1995/406/493 2035/405/531
f 2035/405/531 1995/406/493 2036/407/531
f 2036/407/531 1995/406/493 2037/408/1259
f 1996/376/493 1997/377/558 2038/390/1259
f 1997/377/558 1999/351/1260 2038/390/1259
f 2038/390/1259 1999/351/1260 2040/353/1260
f 1999/351/1260 2001/352/1261 2040/353/1260
f 2040/353/1260 2001/352/1261 2042/354/1261
f 2001/352/1261 2003/355/577 2042/354/1261
f 2042/354/1261 2003/355/577 2044/356/561
f 2003/355/577 2005/357/498 2044/356/561
f 2044/356/561 2005/357/498 2046/358/498
f 2005/357/498 2007/324/499 2046/358/498
f 2046/358/498 2007/324/499 2048/326/499
f 2007/324/499 2009/325/500 2048/326/499
f 2048/326/499 2009/325/500 2050/327/500
f 2009/325/500 2011/328/1237 2050/327/500
f 2050/327/500 2011/328/1237 2052/329/1237
f 2011/328/1237 2013/330/1267 2052/329/1237
f 2052/329/1237 2013/330/1267 2054/331/1267
f 2013/330/1267 2015/332/1268 2054/331/1267
f 2054/331/1267 2015/332/1268 2056/370/1268
f 2015/332/1268 2017/371/504 2056/370/1268
f 2056/370/1268 2017/371/504 2058/372/504
f 2018/373/504 2021/374/505 2057/375/504
f 2021/374/505 2023/376/505 2057/375/504
f 2059/409/504 2022/410/505 2060/411/547
f 2060/411/547 2022/410/505 2061/412/547
f 2022/410/505 2025/391/506 2061/412/547
f 2061/412/547 2025/391/506 2062/413/1269
f 2025/391/506 2026/393/566 2062/413/1269
f 2062/413/1269 2026/393/566 2063/414/579
f 2063/414/579 2026/393/566 2064/415/579
f 2026/393/566 2027/395/1249 2064/415/579
f 2027/395/1249 2028/397/1264 2064/415/579
f 2064/415/579 2028/397/1264 2065/416/1270
f 2028/397/1264 2029/398/570 2065/416/1270
f 2065/416/1270 2029/398/570 2066/417/582
f 2066/417/582 2029/398/570 2067/418/582
f 2029/398/570 2030/399/570 2067/418/582
f 2030/399/570 2031/400/572 2067/418/582
f 2067/418/582 2031/400/572 2068/419/583
f 2068/419/583 2031/400/572 2069/420/584
f 2031/400/572 2032/401/1265 2069/420/584
f 2032/401/1265 2033/402/1266 2069/420/584
f 2069/420/584 2033/402/1266 2070/421/1271
f 2070/421/1271 2033/402/1266 2071/422/1272
f 2033/402/1266 2034/403/575 2071/422/1272
f 2071/422/1272 2034/403/575 2072/423/1273
f 2034/403/575 2035/405/531 2072/423/1273
f 2072/423/1273 2035/405/531 2073/424/1274
f 2035/405/531 2036/407/531 2073/424/1274
f 2073/424/1274 2036/407/531 2074/425/1275
f 2036/407/531 2037/408/1259 2074/425/1275
f 2037/408/1259 2039/426/1260 2074/425/1275
f 2074/425/1275 2039/426/1260 2075/427/1276
f 2039/426/1260 2041/428/1261 2075/427/1276
f 2075/427/1276 2041/428/1261 2076/429/1277
f 2041/428/1261 2043/430/561 2076/429/1277
f 2076/429/1277 2043/430/561 2077/431/589
f 2043/430/561 2045/432/498 2077/431/589
f 2077/431/589 2045/432/498 2078/433/541
f 2045/432/498 2047/434/499 2078/433/541
f 2078/433/541 2047/434/499 2079/435/542
f 2047/434/499 2049/436/500 2079/435/542
f 2079/435/542 2049/436/500 2080/437/591
f 2049/436/500 2051/438/1237 2080/437/591
f 2080/437/591 2051/438/1237 2081/439/1278
f 2051/438/1237 2053/440/1267 2081/439/1278
f 2081/439/1278 2053/440/1267 2082/441/1279
f 2053/440/1267 2055/442/1268 2082/441/1279
f 2082/441/1279 2055/442/1268 2083/443/1280
f 2055/442/1268 2059/409/504 2083/443/1280
f 2059/409/504 2060/411/547 2083/443/1280
f 2083/443/1280 2060/411/547 2084/444/1281
f 2084/444/1281 2060/411/547 2085/445/595
f 2060/411/547 2061/412/547 2085/445/595
f 2061/412/547 2062/413/1269 2085/445/595
f 2085/445/595 2062/413/1269 2086/446/596
f 2062/413/1269 2063/414/579 2086/446/596
f 2086/446/596 2063/414/579 2087/447/1282
f 2063/414/579 2064/415/579 2087/447/1282
f 2087/447/1282 2064/415/579 2088/448/598
f 2064/415/579 2065/416/1270 2088/448/598
f 2088/448/598 2065/416/1270 2089/449/599
f 2065/416/1270 2066/417/582 2089/449/599
f 2089/449/599 2066/417/582 2090/450/1283
f 2090/450/1283 2066/417/582 2091/451/1284
f 2066/417/582 2067/418/582 2091/451/1284
f 2067/418/582 2068/419/583 2091/451/1284
f 2068/419/583 2092/452/602 2091/451/1284
f 2091/451/1284 2092/452/602 2093/453/1285
f 2092/452/602 2094/454/604 2093/453/1285
f 2093/453/1285 2094/454/604 2095/455/605
f 2094/454/604 2096/456/606 2095/455/605
f 2095/455/605 2096/456/606 2097/457/1286
f 2097/457/1286 2096/456/606 2098/458/608
f 2098/458/608 2096/456/606 2099/459/697
f 2099/459/697 2096/456/606 2100/460/610
f 2096/456/606 2094/454/604 2100/460/610
f 2100/460/610 2094/454/604 2101/461/611
f 2094/454/604 2092/452/602 2101/461/611
f 2101/461/611 2092/452/602 2102/462/612
f 2092/452/602 2068/419/583 2102/462/612
f 2068/419/583 2069/420/584 2102/462/612
f 2069/420/584 2070/421/1271 2102/462/612
f 2102/462/612 2070/421/1271 2103/463/612
f 2103/463/612 2070/421/1271 2104/464/613
f 2070/421/1271 2071/422/1272 2104/464/613
f 2104/464/613 2071/422/1272 2105/465/614
f 2071/422/1272 2072/423/1273 2105/465/614
f 2105/465/614 2072/423/1273 2106/466/615
f 2072/423/1273 2073/424/1274 2106/466/615
f 2106/466/615 2073/424/1274 2107/467/616
f 2073/424/1274 2074/425/1275 2107/467/616
f 2107/467/616 2074/425/1275 2108/468/1287
f 2074/425/1275 2075/427/1276 2108/468/1287
f 2108/468/1287 2075/427/1276 2109/469/617
f 2075/427/1276 2076/429/1277 2109/469/617
f 2076/429/1277 2077/431/589 2109/469/617
f 2109/469/617 2077/431/589 2110/470/1288
f 2110/470/1288 2077/431/589 2111/471/1289
f 2077/431/589 2078/433/541 2111/471/1289
f 2111/471/1289 2078/433/541 2112/472/620
f 2078/433/541 2079/435/542 2112/472/620
f 2079/435/542 2080/437/591 2112/472/620
f 2112/472/620 2080/437/591 2113/473/1290
f 2113/473/1290 2080/437/591 2114/474/622
f 2080/437/591 2081/439/1278 2114/474/622
f 2114/474/622 2081/439/1278 2115/475/622
f 2081/439/1278 2082/441/1279 2115/475/622
f 2082/441/1279 2083/443/1280 2115/475/622
f 2115/475/622 2083/443/1280 2116/476/1291
f 2083/443/1280 2084/444/1281 2116/476/1291
f 2116/476/1291 2084/444/1281 2117/477/1292
f 2117/477/1292 2084/444/1281 2118/478/625
f 2084/444/1281 2085/445/595 2118/478/625
f 2085/445/595 2086/446/596 2118/478/625
f 2118/478/625 2086/446/596 2119/479/1293
f 2086/446/596 2087/447/1282 2119/479/1293
f 2119/479/1293 2087/447/1282 2120/480/1294
f 2087/447/1282 2088/448/598 2120/480/1294
f 2120/480/1294 2088/448/598 2121/481/628
f 2088/448/598 2089/449/599 2121/481/628
f 2121/481/628 2089/449/599 2122/482/1295
f 2089/449/599 2090/450/1283 2122/482/1295
f 2122/482/1295 2090/450/1283 2123/483/630
f 2090/450/1283 2091/451/1284 2123/483/630
f 2091/451/1284 2093/453/1285 2123/483/630
f 2123/483/630 2093/453/1285 2124/484/631
f 2093/453/1285 2095/455/605 2124/484/631
f 2095/455/605 2097/457/1286 2124/484/631
f 2124/484/631 2097/457/1286 2125/485/632
f 2125/485/632 2097/457/1286 2126/486/1296
f 2097/457/1286 2098/458/608 2126/486/1296
f 2098/458/608 2127/487/634 2126/486/1296
f 2127/487/634 2128/488/1297 2126/486/1296
f 2126/486/1296 2128/488/1297 2129/489/636
f 2128/488/1297 2130/490/1298 2129/489/636
f 2129/489/636 2130/490/1298 2131/491/638
f 2130/490/1298 2132/492/639 2131/491/638
f 2131/491/638 2132/492/639 2133/493/640
f 2133/493/640 2132/492/639 2134/494/641
f 2132/492/639 2135/495/642 2134/494/641
f 2135/495/642 2136/496/643 2134/494/641
f 2134/494/641 2136/496/643 2137/497/1299
f 2136/496/643 2139/498/1300 2137/497/1299
f 2137/497/1299 2139/498/1300 2140/499/646
f 2138/500/647 2142/501/648 2141/502/498
f 2141/502/498 2142/501/648 2143/503/649
f 2143/503/649 2142/501/648 2144/504/1301
f 2142/501/648 2145/505/651 2144/504/1301
f 2145/505/651 2146/506/1302 2144/504/1301
f 2144/504/1301 2146/506/1302 2147/507/653
f 2147/507/653 2146/506/1302 2148/508/1303
f 2146/506/1302 2149/509/655 2148/508/1303
f 2148/508/1303 2149/509/655 2150/510/1304
f 2149/509/655 2151/511/657 2150/510/1304
f 2150/510/1304 2151/511/657 2152/512/658
f 2151/511/657 1910/296/1242 2152/512/658
f 2152/512/658 1910/296/1242 2153/513/659
f 1910/296/1242 1909/295/520 2153/513/659
f 1909/295/520 1908/294/519 2153/513/659
f 1908/294/519 2154/514/660 2153/513/659
f 2153/513/659 2154/514/660 2155/515/661
f 2154/514/660 2156/516/662 2155/515/661
f 2155/515/661 2156/516/662 2157/517/663
f 2156/516/662 2158/518/664 2157/517/663
f 2157/517/663 2158/518/664 2159/519/665
f 2160/520/1305 2159/519/665 2161/521/667
f 2159/519/665 2158/518/664 2161/521/667
f 2158/518/664 2156/516/662 2161/521/667
f 2161/521/667 2156/516/662 2162/522/1306
f 2156/516/662 2154/514/660 2162/522/1306
f 2162/522/1306 2154/514/660 2163/523/669
f 2163/523/669 2154/514/660 2164/524/1307
f 2154/514/660 1908/294/519 2164/524/1307
f 1908/294/519 1906/292/1241 2164/524/1307
f 2164/524/1307 1906/292/1241 2165/525/1308
f 2165/525/1308 1906/292/1241 2166/526/672
f 1906/292/1241 1904/290/515 2166/526/672
f 2166/526/672 1904/290/515 2167/527/1309
f 1904/290/515 1902/288/1240 2167/527/1309
f 1902/288/1240 1901/287/512 2167/527/1309
f 2167/527/1309 1901/287/512 2168/528/1310
f 2170/529/675 2171/530/1311 2172/531/1312
f 2171/530/1311 2169/532/678 2172/531/1312
f 2169/532/678 1900/533/512 2172/531/1312
f 2172/531/1312 1900/533/512 2173/534/680
f 1901/287/512 1903/289/514 2174/535/1313
f 2174/535/1313 1903/289/514 2175/536/681
f 1903/289/514 1905/291/516 2175/536/681
f 2175/536/681 1905/291/516 2176/537/1314
f 2176/537/1314 1905/291/516 2177/538/1315
f 1905/291/516 1907/293/518 2177/538/1315
f 1907/293/518 1910/296/1242 2177/538/1315
f 1910/296/1242 2151/511/657 2177/538/1315
f 2177/538/1315 2151/511/657 2178/539/684
f 2151/511/657 2149/509/655 2178/539/684
f 2178/539/684 2149/509/655 2179/540/685
f 2149/509/655 2146/506/1302 2179/540/685
f 2179/540/685 2146/506/1302 2180/541/1316
f 2180/541/1316 2146/506/1302 2181/542/687
f 2146/506/1302 2145/505/651 2181/542/687
f 2145/505/651 2142/501/648 2181/542/687
f 2181/542/687 2142/501/648 2182/543/688
f 2182/543/688 2142/501/648 2183/544/689
f 2142/501/648 2138/500/647 2183/544/689
f 2184/545/690 2139/498/1300 2185/546/1317
f 2139/498/1300 2136/496/643 2185/546/1317
f 2185/546/1317 2136/496/643 2186/547/1318
f 2136/496/643 2135/495/642 2186/547/1318
f 2135/495/642 2132/492/639 2186/547/1318
f 2186/547/1318 2132/492/639 2187/548/693
f 2187/548/693 2132/492/639 2188/549/694
f 2132/492/639 2130/490/1298 2188/549/694
f 2188/549/694 2130/490/1298 2189/550/1319
f 2130/490/1298 2128/488/1297 2189/550/1319
f 2189/550/1319 2128/488/1297 2190/551/696
f 2128/488/1297 2127/487/634 2190/551/696
f 2127/487/634 2098/458/608 2190/551/696
f 2098/458/608 2099/459/697 2190/551/696
f 2190/551/696 2099/459/697 2191/552/697
f 2191/552/697 2099/459/697 2192/553/610
f 2099/459/697 2100/460/610 2192/553/610
f 2100/460/610 2101/461/611 2192/553/610
f 2192/553/610 2101/461/611 2193/554/1320
f 2101/461/611 2102/462/612 2193/554/1320
f 2102/462/612 2103/463/612 2193/554/1320
f 2193/554/1320 2103/463/612 2194/555/698
f 2103/463/612 2104/464/613 2194/555/698
f 2194/555/698 2104/464/613 2195/556/699
f 2104/464/613 2105/465/614 2195/556/699
f 2195/556/699 2105/465/614 2196/557/700
f 2105/465/614 2106/466/615 2196/557/700
f 2196/557/700 2106/466/615 2197/558/701
f 2106/466/615 2107/467/616 2197/558/701
f 2197/558/701 2107/467/616 2198/559/702
f 2107/467/616 2108/468/1287 2198/559/702
f 2108/468/1287 2109/469/617 2198/559/702
f 2198/559/702 2109/469/617 2199/560/702
f 2109/469/617 2110/470/1288 2199/560/702
f 2199/560/702 2110/470/1288 2200/561/1321
f 2200/561/1321 2110/470/1288 2201/562/1322
f 2110/470/1288 2111/471/1289 2201/562/1322
f 2201/562/1322 2111/471/1289 2202/563/705
f 2111/471/1289 2112/472/620 2202/563/705
f 2112/472/620 2113/473/1290 2202/563/705
f 2202/563/705 2113/473/1290 2203/564/1323
f 2203/564/1323 2113/473/1290 2204/565/1324
f 2113/473/1290 2114/474/622 2204/565/1324
f 2114/474/622 2115/475/622 2204/565/1324
f 2204/565/1324 2115/475/622 2205/566/707
f 2115/475/622 2116/476/1291 2205/566/707
f 2205/566/707 2116/476/1291 2206/567/1325
f 2116/476/1291 2117/477/1292 2206/567/1325
f 2206/567/1325 2117/477/1292 2207/568/1326
f 2207/568/1326 2117/477/1292 2208/569/711
f 2117/477/1292 2118/478/625 2208/569/711
f 2118/478/625 2119/479/1293 2208/569/711
f 2208/569/711 2119/479/1293 2209/570/712
f 2119/479/1293 2120/480/1294 2209/570/712
f 2209/570/712 2120/480/1294 2210/571/714
f 2210/571/714 2120/480/1294 2211/572/714
f 2120/480/1294 2121/481/628 2211/572/714
f 2121/481/628 2122/482/1295 2211/572/714
f 2211/572/714 2122/482/1295 2212/573/715
f 2122/482/1295 2123/483/630 2212/573/715
f 2123/483/630 2124/484/631 2212/573/715
f 2212/573/715 2124/484/631 2213/574/716
f 2124/484/631 2125/485/632 2213/574/716
f 2213/574/716 2125/485/632 2214/575/717
f 2215/576/718 2214/575/717 2216/577/719
f 2214/575/717 2125/485/632 2216/577/719
f 2125/485/632 2126/486/1296 2216/577/719
f 2216/577/719 2126/486/1296 2217/578/720
f 2126/486/1296 2129/489/636 2217/578/720
f 2129/489/636 2131/491/638 2217/578/720
f 2217/578/720 2131/491/638 2218/579/721
f 2131/491/638 2133/493/640 2218/579/721
f 2218/579/721 2133/493/640 2219/580/722
f 2133/493/640 2134/494/641 2219/580/722
f 2219/580/722 2134/494/641 2220/581/723
f 2220/581/723 2134/494/641 2221/582/1327
f 2134/494/641 2137/497/1299 2221/582/1327
f 2137/497/1299 2140/499/646 2221/582/1327
f 2221/582/1327 2140/499/646 2222/583/646
f 2223/584/725 2141/502/498 2224/585/726
f 2141/502/498 2143/503/649 2224/585/726
f 2143/503/649 2144/504/1301 2224/585/726
f 2224/585/726 2144/504/1301 2225/586/726
f 2144/504/1301 2147/507/653 2225/586/726
f 2225/586/726 2147/507/653 2226/587/727
f 2147/507/653 2148/508/1303 2226/587/727
f 2226/587/727 2148/508/1303 2227/588/728
f 2148/508/1303 2150/510/1304 2227/588/728
f 2227/588/728 2150/510/1304 2228/589/729
f 2150/510/1304 2152/512/658 2228/589/729
f 2228/589/729 2152/512/658 2229/590/730
f 2152/512/658 2153/513/659 2229/590/730
f 2153/513/659 2155/515/661 2229/590/730
f 2229/590/730 2155/515/661 2230/591/731
f 2155/515/661 2157/517/663 2230/591/731
f 2230/591/731 2157/517/663 2231/592/1328
f 2157/517/663 2159/519/665 2231/592/1328
f 2232/593/1329 2231/592/1328 2233/594/734
f 2231/592/1328 2159/519/665 2233/594/734
f 2159/519/665 2160/520/1305 2233/594/734
f 2160/520/1305 2234/595/666 2233/594/734
f 2233/594/734 2234/595/666 2235/529/735
f 2236/596/736 2238/528/737 2240/597/738
f 2239/598/738 2237/532/737 2241/599/738
f 2237/532/737 2242/530/740 2241/599/738
f 2241/599/738 2242/530/740 2243/600/741
f 2242/530/740 2235/529/735 2243/600/741
f 2235/529/735 2234/595/666 2243/600/741
f 2243/600/741 2234/595/666 2244/601/742
f 2234/595/666 2160/520/1305 2244/601/742
f 2244/601/742 2160/520/1305 2245/602/742
f 2245/602/742 2160/520/1305 2246/603/743
f 2160/520/1305 2161/521/667 2246/603/743
f 2161/521/667 2162/522/1306 2246/603/743
f 2246/603/743 2162/522/1306 2247/604/744
f 2247/604/744 2162/522/1306 2248/605/744
f 2162/522/1306 2163/523/669 2248/605/744
f 2248/605/744 2163/523/669 2249/606/745
f 2163/523/669 2164/524/1307 2249/606/745
f 2164/524/1307 2165/525/1308 2249/606/745
f 2249/606/745 2165/525/1308 2250/607/746
f 2165/525/1308 2166/526/672 2250/607/746
f 2250/607/746 2166/526/672 2251/608/747
f 2251/608/747 2166/526/672 2252/596/1330
f 2166/526/672 2167/527/1309 2252/596/1330
f 2167/527/1309 2168/528/1310 2252/596/1330
f 2252/596/1330 2168/528/1310 2254/597/749
f 2253/598/749 2169/532/678 2255/599/749
f 2169/532/678 2171/530/1311 2255/599/749
f 2255/599/749 2171/530/1311 2256/600/751
f 2171/530/1311 2170/529/675 2256/600/751
f 2170/529/675 2257/595/752 2256/600/751
f 2256/600/751 2257/595/752 2258/601/753
f 2257/595/752 2259/520/752 2258/601/753
f 2258/601/753 2259/520/752 2260/602/753
f 2260/602/753 2259/520/752 2261/603/754
f 2261/603/754 2259/520/752 2262/521/1331
f 2263/518/756 2262/521/1331 2264/519/757
f 2262/521/1331 2259/520/752 2264/519/757
f 2264/519/757 2259/520/752 2265/594/1332
f 2259/520/752 2257/595/752 2265/594/1332
f 2257/595/752 2170/529/675 2265/594/1332
f 2265/594/1332 2170/529/675 2266/609/1333
f 2170/529/675 2172/531/1312 2266/609/1333
f 2267/610/760 2266/609/1333 2268/611/761
f 2266/609/1333 2172/531/1312 2268/611/761
f 2172/531/1312 2173/534/680 2268/611/761
f 2268/611/761 2173/534/680 2269/612/762
f 2174/535/1313 2175/536/681 2270/613/762
f 2270/613/762 2175/536/681 2271/614/1334
f 2175/536/681 2176/537/1314 2271/614/1334
f 2271/614/1334 2176/537/1314 2272/615/1335
f 2176/537/1314 2177/538/1315 2272/615/1335
f 2177/538/1315 2178/539/684 2272/615/1335
f 2178/539/684 2179/540/685 2272/615/1335
f 2272/615/1335 2179/540/685 2273/616/766
f 2273/616/766 2179/540/685 2274/617/767
f 2179/540/685 2180/541/1316 2274/617/767
f 2274/617/767 2180/541/1316 2275/618/768
f 2180/541/1316 2181/542/687 2275/618/768
f 2275/618/768 2181/542/687 2276/619/769
f 2181/542/687 2182/543/688 2276/619/769
f 2182/543/688 2183/544/689 2276/619/769
f 2276/619/769 2183/544/689 2277/620/501
f 2184/545/690 2185/546/1317 2278/621/770
f 2278/621/770 2185/546/1317 2279/622/1336
f 2185/546/1317 2186/547/1318 2279/622/1336
f 2279/622/1336 2186/547/1318 2280/623/1318
f 2186/547/1318 2187/548/693 2280/623/1318
f 2280/623/1318 2187/548/693 2281/624/693
f 2187/548/693 2188/549/694 2281/624/693
f 2281/624/693 2188/549/694 2282/625/772
f 2282/625/772 2188/549/694 2283/626/695
f 2188/549/694 2189/550/1319 2283/626/695
f 2189/550/1319 2190/551/696 2283/626/695
f 2283/626/695 2190/551/696 2284/627/696
f 2190/551/696 2191/552/697 2284/627/696
f 2285/628/773 2284/627/696 2286/629/774
f 2284/627/696 2191/552/697 2286/629/774
f 2286/629/774 2191/552/697 2287/630/1337
f 2191/552/697 2192/553/610 2287/630/1337
f 2287/630/1337 2192/553/610 2288/631/776
f 2192/553/610 2193/554/1320 2288/631/776
f 2193/554/1320 2194/555/698 2288/631/776
f 2288/631/776 2194/555/698 2289/632/777
f 2194/555/698 2195/556/699 2289/632/777
f 2195/556/699 2196/557/700 2289/632/777
f 2289/632/777 2196/557/700 2290/633/778
f 2290/633/778 2196/557/700 2291/634/1338
f 2196/557/700 2197/558/701 2291/634/1338
f 2291/634/1338 2197/558/701 2292/635/781
f 2197/558/701 2198/559/702 2292/635/781
f 2198/559/702 2199/560/702 2292/635/781
f 2292/635/781 2199/560/702 2293/636/781
f 2199/560/702 2200/561/1321 2293/636/781
f 2293/636/781 2200/561/1321 2294/637/782
f 2294/637/782 2200/561/1321 2295/638/783
f 2200/561/1321 2201/562/1322 2295/638/783
f 2295/638/783 2201/562/1322 2296/639/1339
f 2201/562/1322 2202/563/705 2296/639/1339
f 2202/563/705 2203/564/1323 2296/639/1339
f 2296/639/1339 2203/564/1323 2297/640/1340
f 2297/640/1340 2203/564/1323 2298/641/786
f 2203/564/1323 2204/565/1324 2298/641/786
f 2204/565/1324 2205/566/707 2298/641/786
f 2298/641/786 2205/566/707 2299/642/786
f 2205/566/707 2206/567/1325 2299/642/786
f 2299/642/786 2206/567/1325 2300/643/1341
f 2206/567/1325 2207/568/1326 2300/643/1341
f 2300/643/1341 2207/568/1326 2301/644/788
f 2207/568/1326 2208/569/711 2301/644/788
f 2301/644/788 2208/569/711 2302/645/789
f 2208/569/711 2209/570/712 2302/645/789
f 2302/645/789 2209/570/712 2303/646/790
f 2209/570/712 2210/571/714 2303/646/790
f 2303/646/790 2210/571/714 2304/647/792
f 2304/647/792 2210/571/714 2305/648/792
f 2210/571/714 2211/572/714 2305/648/792
f 2211/572/714 2212/573/715 2305/648/792
f 2212/573/715 2213/574/716 2305/648/792
f 2305/648/792 2213/574/716 2306/649/793
f 2213/574/716 2214/575/717 2306/649/793
f 2306/649/793 2214/575/717 2307/650/794
f 2214/575/717 2215/576/718 2307/650/794
f 2307/650/794 2215/576/718 2308/651/1342
f 2215/576/718 2216/577/719 2308/651/1342
f 2216/577/719 2217/578/720 2308/651/1342
f 2308/651/1342 2217/578/720 2309/652/1343
f 2217/578/720 2218/579/721 2309/652/1343
f 2309/652/1343 2218/579/721 2310/653/797
f 2218/579/721 2219/580/722 2310/653/797
f 2219/580/722 2220/581/723 2310/653/797
f 2310/653/797 2220/581/723 2311/654/798
f 2311/654/798 2220/581/723 2312/655/799
f 2220/581/723 2221/582/1327 2312/655/799
f 2312/655/799 2221/582/1327 2313/656/800
f 2221/582/1327 2222/583/646 2313/656/800
f 2223/584/725 2224/585/726 2314/657/801
f 2314/657/801 2224/585/726 2315/658/802
f 2224/585/726 2225/586/726 2315/658/802
f 2315/658/802 2225/586/726 2316/659/803
f 2225/586/726 2226/587/727 2316/659/803
f 2316/659/803 2226/587/727 2317/660/804
f 2226/587/727 2227/588/728 2317/660/804
f 2317/660/804 2227/588/728 2318/661/805
f 2227/588/728 2228/589/729 2318/661/805
f 2318/661/805 2228/589/729 2319/662/1344
f 2228/589/729 2229/590/730 2319/662/1344
f 2229/590/730 2230/591/731 2319/662/1344
f 2319/662/1344 2230/591/731 2320/663/807
f 2230/591/731 2231/592/1328 2320/663/807
f 2320/663/807 2231/592/1328 2321/664/1345
f 2231/592/1328 2232/593/1329 2321/664/1345
f 2321/664/1345 2232/593/1329 2322/665/809
f 2322/665/809 2232/593/1329 2323/610/810
f 2323/610/810 2232/593/1329 2324/609/811
f 2232/593/1329 2233/594/734 2324/609/811
f 2233/594/734 2235/529/735 2324/609/811
f 2324/609/811 2235/529/735 2325/531/812
f 2235/529/735 2242/530/740 2325/531/812
f 2242/530/740 2237/532/737 2325/531/812
f 2325/531/812 2237/532/737 2326/533/813
f 2328/288/814 2327/287/815 2329/527/1346
f 2327/287/815 2238/528/737 2329/527/1346
f 2238/528/737 2236/596/736 2329/527/1346
f 2329/527/1346 2236/596/736 2330/526/1347
f 2236/596/736 2331/608/818 2330/526/1347
f 2331/608/818 2332/607/819 2330/526/1347
f 2330/526/1347 2332/607/819 2333/525/1348
f 2332/607/819 2334/606/821 2333/525/1348
f 2333/525/1348 2334/606/821 2335/524/822
f 2335/524/822 2334/606/821 2336/523/823
f 2334/606/821 2337/605/824 2336/523/823
f 2336/523/823 2337/605/824 2338/522/825
f 2337/605/824 2339/604/824 2338/522/825
f 2339/604/824 2261/603/754 2338/522/825
f 2261/603/754 2262/521/1331 2338/522/825
f 2338/522/825 2262/521/1331 2340/516/826
f 2262/521/1331 2263/518/756 2340/516/826
f 2340/516/826 2263/518/756 2341/517/827
f 2263/518/756 2264/519/757 2341/517/827
f 2341/517/827 2264/519/757 2342/592/828
f 2264/519/757 2265/594/1332 2342/592/828
f 2342/592/828 2265/594/1332 2343/593/1349
f 2265/594/1332 2266/609/1333 2343/593/1349
f 2266/609/1333 2267/610/760 2343/593/1349
f 2343/593/1349 2267/610/760 2344/665/830
f 2267/610/760 2268/611/761 2344/665/830
f 2344/665/830 2268/611/761 2345/666/831
f 2268/611/761 2269/612/762 2345/666/831
f 2345/666/831 2269/612/762 2346/667/832
f 2270/613/762 2271/614/1334 2347/668/832
f 2347/668/832 2271/614/1334 2348/669/833
f 2271/614/1334 2272/615/1335 2348/669/833
f 2272/615/1335 2273/616/766 2348/669/833
f 2348/669/833 2273/616/766 2349/670/834
f 2273/616/766 2274/617/767 2349/670/834
f 2349/670/834 2274/617/767 2350/671/1350
f 2274/617/767 2275/618/768 2350/671/1350
f 2350/671/1350 2275/618/768 2351/672/1351
f 2275/618/768 2276/619/769 2351/672/1351
f 2351/672/1351 2276/619/769 2352/673/837
f 2276/619/769 2277/620/501 2352/673/837
f 2278/621/770 2279/622/1336 2353/674/1352
f 2353/674/1352 2279/622/1336 2354/675/1353
f 2279/622/1336 2280/623/1318 2354/675/1353
f 2354/675/1353 2280/623/1318 2355/676/1354
f 2355/676/1354 2280/623/1318 2356/677/841
f 2280/623/1318 2281/624/693 2356/677/841
f 2281/624/693 2282/625/772 2356/677/841
f 2356/677/841 2282/625/772 2357/678/842
f 2282/625/772 2283/626/695 2357/678/842
f 2357/678/842 2283/626/695 2358/679/1355
f 2283/626/695 2284/627/696 2358/679/1355
f 2284/627/696 2285/628/773 2358/679/1355
f 2358/679/1355 2285/628/773 2359/680/844
f 2285/628/773 2286/629/774 2359/680/844
f 2359/680/844 2286/629/774 2360/681/1356
f 2286/629/774 2287/630/1337 2360/681/1356
f 2360/681/1356 2287/630/1337 2361/682/846
f 2287/630/1337 2288/631/776 2361/682/846
f 2288/631/776 2289/632/777 2361/682/846
f 2289/632/777 2290/633/778 2361/682/846
f 2361/682/846 2290/633/778 2362/683/847
f 2362/683/847 2290/633/778 2363/684/1357
f 2290/633/778 2291/634/1338 2363/684/1357
f 2363/684/1357 2291/634/1338 2364/685/1358
f 2291/634/1338 2292/635/781 2364/685/1358
f 2364/685/1358 2292/635/781 2365/686/849
f 2292/635/781 2293/636/781 2365/686/849
f 2293/636/781 2294/637/782 2365/686/849
f 2365/686/849 2294/637/782 2366/687/850
f 2366/687/850 2294/637/782 2367/688/1359
f 2294/637/782 2295/638/783 2367/688/1359
f 2367/688/1359 2295/638/783 2368/689/852
f 2295/638/783 2296/639/1339 2368/689/852
f 2296/639/1339 2297/640/1340 2368/689/852
f 2368/689/852 2297/640/1340 2369/690/853
f 2369/690/853 2297/640/1340 2370/691/854
f 2297/640/1340 2298/641/786 2370/691/854
f 2370/691/854 2298/641/786 2371/692/855
f 2298/641/786 2299/642/786 2371/692/855
f 2299/642/786 2300/643/1341 2371/692/855
f 2371/692/855 2300/643/1341 2372/693/856
f 2300/643/1341 2301/644/788 2372/693/856
f 2372/693/856 2301/644/788 2373/694/1360
f 2301/644/788 2302/645/789 2373/694/1360
f 2373/694/1360 2302/645/789 2374/695/858
f 2302/645/789 2303/646/790 2374/695/858
f 2374/695/858 2303/646/790 2375/696/859
f 2303/646/790 2304/647/792 2375/696/859
f 2375/696/859 2304/647/792 2376/697/1361
f 2304/647/792 2305/648/792 2376/697/1361
f 2305/648/792 2306/649/793 2376/697/1361
f 2376/697/1361 2306/649/793 2377/698/794
f 2306/649/793 2307/650/794 2377/698/794
f 2377/698/794 2307/650/794 2378/699/1362
f 2307/650/794 2308/651/1342 2378/699/1362
f 2308/651/1342 2309/652/1343 2378/699/1362
f 2378/699/1362 2309/652/1343 2379/700/861
f 2309/652/1343 2310/653/797 2379/700/861
f 2379/700/861 2310/653/797 2380/701/862
f 2380/701/862 2310/653/797 2381/702/1363
f 2310/653/797 2311/654/798 2381/702/1363
f 2311/654/798 2312/655/799 2381/702/1363
f 2381/702/1363 2312/655/799 2382/703/864
f 2312/655/799 2313/656/800 2382/703/864
f 2382/703/864 2313/656/800 2383/704/1364
f 2384/705/576 2314/657/801 2385/706/1365
f 2314/657/801 2315/658/802 2385/706/1365
f 2385/706/1365 2315/658/802 2386/707/866
f 2315/658/802 2316/659/803 2386/707/866
f 2386/707/866 2316/659/803 2387/708/919
f 2316/659/803 2317/660/804 2387/708/919
f 2387/708/919 2317/660/804 2388/709/1366
f 2317/660/804 2318/661/805 2388/709/1366
f 2388/709/1366 2318/661/805 2389/710/869
f 2318/661/805 2319/662/1344 2389/710/869
f 2319/662/1344 2320/663/807 2389/710/869
f 2320/663/807 2321/664/1345 2389/710/869
f 2389/710/869 2321/664/1345 2390/711/870
f 2390/711/870 2321/664/1345 2391/712/871
f 2321/664/1345 2322/665/809 2391/712/871
f 2391/712/871 2322/665/809 2392/666/872
f 2392/666/872 2322/665/809 2393/611/873
f 2322/665/809 2323/610/810 2393/611/873
f 2323/610/810 2324/609/811 2393/611/873
f 2324/609/811 2325/531/812 2393/611/873
f 2393/611/873 2325/531/812 2394/534/874
f 2325/531/812 2326/533/813 2394/534/874
f 2395/535/1367 2327/287/815 2396/289/1368
f 2327/287/815 2328/288/814 2396/289/1368
f 2396/289/1368 2328/288/814 2397/290/876
f 2328/288/814 2329/527/1346 2397/290/876
f 2329/527/1346 2330/526/1347 2397/290/876
f 2397/290/876 2330/526/1347 2398/292/1369
f 2330/526/1347 2333/525/1348 2398/292/1369
f 2333/525/1348 2335/524/822 2398/292/1369
f 2398/292/1369 2335/524/822 2399/294/878
f 2399/294/878 2335/524/822 2400/514/879
f 2335/524/822 2336/523/823 2400/514/879
f 2336/523/823 2338/522/825 2400/514/879
f 2338/522/825 2340/516/826 2400/514/879
f 2400/514/879 2340/516/826 2401/515/880
f 2340/516/826 2341/517/827 2401/515/880
f 2401/515/880 2341/517/827 2402/591/881
f 2341/517/827 2342/592/828 2402/591/881
f 2402/591/881 2342/592/828 2403/663/882
f 2403/663/882 2342/592/828 2404/664/883
f 2342/592/828 2343/593/1349 2404/664/883
f 2343/593/1349 2344/665/830 2404/664/883
f 2404/664/883 2344/665/830 2405/712/884
f 2344/665/830 2345/666/831 2405/712/884
f 2405/712/884 2345/666/831 2406/713/1370
f 2345/666/831 2346/667/832 2406/713/1370
f 2406/713/1370 2346/667/832 2407/714/886
f 2347/668/832 2348/669/833 2408/715/887
f 2348/669/833 2349/670/834 2408/715/887
f 2408/715/887 2349/670/834 2410/716/1371
f 2349/670/834 2350/671/1350 2410/716/1371
f 2410/716/1371 2350/671/1350 2412/717/889
f 2350/671/1350 2351/672/1351 2412/717/889
f 2412/717/889 2351/672/1351 2414/718/890
f 2351/672/1351 2352/673/837 2414/718/890
f 2414/718/890 2352/673/837 2415/719/891
f 2417/720/892 2353/674/1352 2418/721/942
f 2353/674/1352 2354/675/1353 2418/721/942
f 2418/721/942 2354/675/1353 2419/722/894
f 2354/675/1353 2355/676/1354 2419/722/894
f 2355/676/1354 2356/677/841 2419/722/894
f 2419/722/894 2356/677/841 2420/723/895
f 2420/723/895 2356/677/841 2421/724/896
f 2356/677/841 2357/678/842 2421/724/896
f 2421/724/896 2357/678/842 2422/725/897
f 2357/678/842 2358/679/1355 2422/725/897
f 2358/679/1355 2359/680/844 2422/725/897
f 2422/725/897 2359/680/844 2423/726/898
f 2359/680/844 2360/681/1356 2423/726/898
f 2423/726/898 2360/681/1356 2424/727/1372
f 2360/681/1356 2361/682/846 2424/727/1372
f 2361/682/846 2362/683/847 2424/727/1372
f 2424/727/1372 2362/683/847 2425/728/900
f 2362/683/847 2363/684/1357 2425/728/900
f 2425/728/900 2363/684/1357 2426/729/901
f 2363/684/1357 2364/685/1358 2426/729/901
f 2426/729/901 2364/685/1358 2427/730/901
f 2364/685/1358 2365/686/849 2427/730/901
f 2365/686/849 2366/687/850 2427/730/901
f 2427/730/901 2366/687/850 2428/731/902
f 2428/731/902 2366/687/850 2429/732/903
f 2366/687/850 2367/688/1359 2429/732/903
f 2429/732/903 2367/688/1359 2430/733/1373
f 2367/688/1359 2368/689/852 2430/733/1373
f 2368/689/852 2369/690/853 2430/733/1373
f 2430/733/1373 2369/690/853 2431/734/905
f 2431/734/905 2369/690/853 2432/735/906
f 2369/690/853 2370/691/854 2432/735/906
f 2432/735/906 2370/691/854 2433/736/906
f 2370/691/854 2371/692/855 2433/736/906
f 2371/692/855 2372/693/856 2433/736/906
f 2433/736/906 2372/693/856 2434/737/907
f 2372/693/856 2373/694/1360 2434/737/907
f 2434/737/907 2373/694/1360 2435/738/908
f 2435/738/908 2373/694/1360 2436/739/909
f 2373/694/1360 2374/695/858 2436/739/909
f 2374/695/858 2375/696/859 2436/739/909
f 2436/739/909 2375/696/859 2437/740/910
f 2375/696/859 2376/697/1361 2437/740/910
f 2376/697/1361 2377/698/794 2437/740/910
f 2437/740/910 2377/698/794 2438/741/1374
f 2438/741/1374 2377/698/794 2439/742/1375
f 2439/742/1375 2377/698/794 2440/743/860
f 2377/698/794 2378/699/1362 2440/743/860
f 2440/743/860 2378/699/1362 2441/744/1376
f 2378/699/1362 2379/700/861 2441/744/1376
f 2379/700/861 2380/701/862 2441/744/1376
f 2441/744/1376 2380/701/862 2442/745/862
f 2380/701/862 2381/702/1363 2442/745/862
f 2442/745/862 2381/702/1363 2443/746/863
f 2381/702/1363 2382/703/864 2443/746/863
f 2443/746/863 2382/703/864 2444/747/914
f 2382/703/864 2383/704/1364 2444/747/914
f 2444/747/914 2383/704/1364 2445/748/915
f 2384/705/576 2385/706/1365 2446/749/916
f 2446/749/916 2385/706/1365 2447/750/1377
f 2447/750/1377 2385/706/1365 2448/751/918
f 2385/706/1365 2386/707/866 2448/751/918
f 2448/751/918 2386/707/866 2449/752/919
f 2386/707/866 2387/708/919 2449/752/919
f 2449/752/919 2387/708/919 2450/753/920
f 2387/708/919 2388/709/1366 2450/753/920
f 2388/709/1366 2389/710/869 2450/753/920
f 2389/710/869 2390/711/870 2450/753/920
f 2450/753/920 2390/711/870 2451/754/921
f 2390/711/870 2391/712/871 2451/754/921
f 2451/754/921 2391/712/871 2452/713/922
f 2391/712/871 2392/666/872 2452/713/922
f 2452/713/922 2392/666/872 2454/667/923
f 2454/667/923 2392/666/872 2455/612/924
f 2392/666/872 2393/611/873 2455/612/924
f 2393/611/873 2394/534/874 2455/612/924
f 2456/613/924 2395/535/1367 2457/536/1378
f 2395/535/1367 2396/289/1368 2457/536/1378
f 2457/536/1378 2396/289/1368 2458/291/1379
f 2396/289/1368 2397/290/876 2458/291/1379
f 2397/290/876 2398/292/1369 2458/291/1379
f 2458/291/1379 2398/292/1369 2459/293/927
f 2398/292/1369 2399/294/878 2459/293/927
f 2459/293/927 2399/294/878 2460/295/928
f 2460/295/928 2399/294/878 2461/513/929
f 2399/294/878 2400/514/879 2461/513/929
f 2400/514/879 2401/515/880 2461/513/929
f 2461/513/929 2401/515/880 2462/590/1380
f 2401/515/880 2402/591/881 2462/590/1380
f 2462/590/1380 2402/591/881 2463/662/931
f 2402/591/881 2403/663/882 2463/662/931
f 2463/662/931 2403/663/882 2464/710/1381
f 2403/663/882 2404/664/883 2464/710/1381
f 2464/710/1381 2404/664/883 2465/711/933
f 2404/664/883 2405/712/884 2465/711/933
f 2465/711/933 2405/712/884 2466/754/934
f 2405/712/884 2406/713/1370 2466/754/934
f 2466/754/934 2406/713/1370 2467/755/935
f 2406/713/1370 2407/714/886 2467/755/935
f 2407/714/886 2409/756/936 2467/755/935
f 2467/755/935 2409/756/936 2468/757/937
f 2409/756/936 2411/758/1382 2468/757/937
f 2468/757/937 2411/758/1382 2469/759/938
f 2411/758/1382 2413/760/939 2469/759/938
f 2469/759/938 2413/760/939 2470/761/940
f 2470/761/940 2413/760/939 2471/762/941
f 2413/760/939 2416/763/891 2471/762/941
f 2417/720/892 2418/721/942 2472/764/892
f 2472/764/892 2418/721/942 2473/765/942
f 2473/765/942 2418/721/942 2474/766/943
f 2418/721/942 2419/722/894 2474/766/943
f 2419/722/894 2420/723/895 2474/766/943
f 2474/766/943 2420/723/895 2475/767/944
f 2420/723/895 2421/724/896 2475/767/944
f 2475/767/944 2421/724/896 2476/768/896
f 2421/724/896 2422/725/897 2476/768/896
f 2476/768/896 2422/725/897 2477/769/945
f 2422/725/897 2423/726/898 2477/769/945
f 2477/769/945 2423/726/898 2478/770/1383
f 2478/770/1383 2423/726/898 2479/771/947
f 2479/771/947 2423/726/898 2480/772/948
f 2423/726/898 2424/727/1372 2480/772/948
f 2424/727/1372 2425/728/900 2480/772/948
f 2480/772/948 2425/728/900 2481/773/950
f 2425/728/900 2426/729/901 2481/773/950
f 2426/729/901 2427/730/901 2481/773/950
f 2481/773/950 2427/730/901 2482/774/1384
f 2427/730/901 2428/731/902 2482/774/1384
f 2482/774/1384 2428/731/902 2483/775/951
f 2483/775/951 2428/731/902 2484/776/952
f 2428/731/902 2429/732/903 2484/776/952
f 2429/732/903 2430/733/1373 2484/776/952
f 2484/776/952 2430/733/1373 2485/777/1385
f 2430/733/1373 2431/734/905 2485/777/1385
f 2485/777/1385 2431/734/905 2486/778/954
f 2486/778/954 2431/734/905 2487/779/956
f 2431/734/905 2432/735/906 2487/779/956
f 2432/735/906 2433/736/906 2487/779/956
f 2487/779/956 2433/736/906 2488/780/1386
f 2433/736/906 2434/737/907 2488/780/1386
f 2488/780/1386 2434/737/907 2489/781/957
f 2434/737/907 2435/738/908 2489/781/957
f 2490/782/1387 2489/781/957 2491/783/959
f 2489/781/957 2435/738/908 2491/783/959
f 2491/783/959 2435/738/908 2492/784/960
f 2435/738/908 2436/739/909 2492/784/960
f 2436/739/909 2437/740/910 2492/784/960
f 2437/740/910 2438/741/1374 2492/784/960
f 2438/741/1374 2439/742/1375 2492/784/960
f 2492/784/960 2439/742/1375 2493/785/961
f 2493/785/961 2439/742/1375 2494/786/962
f 2439/742/1375 2440/743/860 2494/786/962
f 2440/743/860 2441/744/1376 2494/786/962
f 2494/786/962 2441/744/1376 2495/787/1388
f 2441/744/1376 2442/745/862 2495/787/1388
f 2442/745/862 2443/746/863 2495/787/1388
f 2495/787/1388 2443/746/863 2496/788/964
f 2496/788/964 2443/746/863 2497/789/1389
f 2443/746/863 2444/747/914 2497/789/1389
f 2497/789/1389 2444/747/914 2498/790/966
f 2444/747/914 2445/748/915 2498/790/966
f 2499/791/558 2446/749/916 2500/792/967
f 2446/749/916 2447/750/1377 2500/792/967
f 2447/750/1377 2448/751/918 2500/792/967
f 2500/792/967 2448/751/918 2501/793/968
f 2501/793/968 2448/751/918 2502/794/969
f 2448/751/918 2449/752/919 2502/794/969
f 2449/752/919 2450/753/920 2502/794/969
f 2450/753/920 2451/754/921 2502/794/969
f 2502/794/969 2451/754/921 2503/755/1390
f 2451/754/921 2452/713/922 2503/755/1390
f 2503/755/1390 2452/713/922 2504/714/971
f 2452/713/922 2454/667/923 2504/714/971
f 2505/715/1391 2453/668/923 2506/669/972
f 2506/669/972 2453/668/923 2507/614/973
f 2453/668/923 2456/613/924 2507/614/973
f 2456/613/924 2457/536/1378 2507/614/973
f 2507/614/973 2457/536/1378 2508/537/974
f 2457/536/1378 2458/291/1379 2508/537/974
f 2508/537/974 2458/291/1379 2509/538/975
f 2458/291/1379 2459/293/927 2509/538/975
f 2509/538/975 2459/293/927 2510/296/1392
f 2459/293/927 2460/295/928 2510/296/1392
f 2460/295/928 2461/513/929 2510/296/1392
f 2510/296/1392 2461/513/929 2511/512/977
f 2461/513/929 2462/590/1380 2511/512/977
f 2511/512/977 2462/590/1380 2512/589/1393
f 2462/590/1380 2463/662/931 2512/589/1393
f 2512/589/1393 2463/662/931 2513/661/979
f 2463/662/931 2464/710/1381 2513/661/979
f 2513/661/979 2464/710/1381 2514/709/1394
f 2514/709/1394 2464/710/1381 2515/753/981
f 2464/710/1381 2465/711/933 2515/753/981
f 2465/711/933 2466/754/934 2515/753/981
f 2515/753/981 2466/754/934 2516/794/982
f 2466/754/934 2467/755/935 2516/794/982
f 2467/755/935 2468/757/937 2516/794/982
f 2468/757/937 2469/759/938 2516/794/982
f 2516/794/982 2469/759/938 2517/793/983
f 2517/793/983 2469/759/938 2518/792/1395
f 2469/759/938 2470/761/940 2518/792/1395
f 2470/761/940 2471/762/941 2518/792/1395
f 2518/792/1395 2471/762/941 2519/791/1239
f 2472/764/892 2473/765/942 2520/795/985
f 2520/795/985 2473/765/942 2521/796/986
f 2473/765/942 2474/766/943 2521/796/986
f 2521/796/986 2474/766/943 2522/797/987
f 2522/797/987 2474/766/943 2523/798/988
f 2474/766/943 2475/767/944 2523/798/988
f 2475/767/944 2476/768/896 2523/798/988
f 2523/798/988 2476/768/896 2524/799/989
f 2476/768/896 2477/769/945 2524/799/989
f 2477/769/945 2478/770/1383 2524/799/989
f 2524/799/989 2478/770/1383 2525/800/990
f 2525/800/990 2478/770/1383 2526/801/1396
f 2478/770/1383 2479/771/947 2526/801/1396
f 2479/771/947 2480/772/948 2526/801/1396
f 2480/772/948 2481/773/950 2526/801/1396
f 2481/773/950 2482/774/1384 2526/801/1396
f 2526/801/1396 2482/774/1384 2527/802/1396
f 2482/774/1384 2483/775/951 2527/802/1396
f 2527/802/1396 2483/775/951 2528/803/1397
f 2528/803/1397 2483/775/951 2529/804/993
f 2483/775/951 2484/776/952 2529/804/993
f 2529/804/993 2484/776/952 2530/805/994
f 2484/776/952 2485/777/1385 2530/805/994
f 2485/777/1385 2486/778/954 2530/805/994
f 2530/805/994 2486/778/954 2531/806/995
f 2531/806/995 2486/778/954 2532/807/996
f 2486/778/954 2487/779/956 2532/807/996
f 2487/779/956 2488/780/1386 2532/807/996
f 2532/807/996 2488/780/1386 2533/808/996
f 2488/780/1386 2489/781/957 2533/808/996
f 2489/781/957 2490/782/1387 2533/808/996
f 2533/808/996 2490/782/1387 2534/809/1398
f 2490/782/1387 2491/783/959 2534/809/1398
f 2534/809/1398 2491/783/959 2535/810/998
f 2491/783/959 2492/784/960 2535/810/998
f 2492/784/960 2493/785/961 2535/810/998
f 2535/810/998 2493/785/961 2536/811/1399
f 2493/785/961 2494/786/962 2536/811/1399
f 2494/786/962 2495/787/1388 2536/811/1399
f 2536/811/1399 2495/787/1388 2537/812/1000
f 2537/812/1000 2495/787/1388 2538/813/1001
f 2495/787/1388 2496/788/964 2538/813/1001
f 2496/788/964 2497/789/1389 2538/813/1001
f 2538/813/1001 2497/789/1389 2539/814/1002
f 2497/789/1389 2498/790/966 2539/814/1002
f 2539/814/1002 2498/790/966 2540/815/1003
f 2499/791/558 2500/792/967 2541/762/1004
f 2541/762/1004 2500/792/967 2542/761/1005
f 2542/761/1005 2500/792/967 2543/759/1400
f 2500/792/967 2501/793/968 2543/759/1400
f 2501/793/968 2502/794/969 2543/759/1400
f 2543/759/1400 2502/794/969 2544/757/1401
f 2502/794/969 2503/755/1390 2544/757/1401
f 2544/757/1401 2503/755/1390 2545/756/1008
f 2503/755/1390 2504/714/971 2545/756/1008
f 2546/716/1008 2505/715/1391 2547/670/1010
f 2505/715/1391 2506/669/972 2547/670/1010
f 2547/670/1010 2506/669/972 2548/616/1011
f 2548/616/1011 2506/669/972 2549/615/1012
f 2506/669/972 2507/614/973 2549/615/1012
f 2507/614/973 2508/537/974 2549/615/1012
f 2508/537/974 2509/538/975 2549/615/1012
f 2549/615/1012 2509/538/975 2550/539/1013
f 2550/539/1013 2509/538/975 2551/511/1014
f 2509/538/975 2510/296/1392 2551/511/1014
f 2510/296/1392 2511/512/977 2551/511/1014
f 2551/511/1014 2511/512/977 2552/510/1402
f 2511/512/977 2512/589/1393 2552/510/1402
f 2552/510/1402 2512/589/1393 2553/588/1016
f 2512/589/1393 2513/661/979 2553/588/1016
f 2553/588/1016 2513/661/979 2554/660/1017
f 2513/661/979 2514/709/1394 2554/660/1017
f 2554/660/1017 2514/709/1394 2555/708/1403
f 2514/709/1394 2515/753/981 2555/708/1403
f 2555/708/1403 2515/753/981 2556/752/1018
f 2515/753/981 2516/794/982 2556/752/1018
f 2556/752/1018 2516/794/982 2557/751/1404
f 2516/794/982 2517/793/983 2557/751/1404
f 2517/793/983 2518/792/1395 2557/751/1404
f 2557/751/1404 2518/792/1395 2558/750/1405
f 2558/750/1405 2518/792/1395 2559/749/1022
f 2518/792/1395 2519/791/1239 2559/749/1022
f 2560/816/1023 2520/795/985 2561/817/1024
f 2520/795/985 2521/796/986 2561/817/1024
f 2561/817/1024 2521/796/986 2562/818/1054
f 2521/796/986 2522/797/987 2562/818/1054
f 2522/797/987 2523/798/988 2562/818/1054
f 2562/818/1054 2523/798/988 2563/819/1026
f 2563/819/1026 2523/798/988 2564/820/1027
f 2523/798/988 2524/799/989 2564/820/1027
f 2524/799/989 2525/800/990 2564/820/1027
f 2564/820/1027 2525/800/990 2565/821/990
f 2525/800/990 2526/801/1396 2565/821/990
f 2526/801/1396 2527/802/1396 2565/821/990
f 2565/821/990 2527/802/1396 2566/822/1406
f 2527/802/1396 2528/803/1397 2566/822/1406
f 2528/803/1397 2529/804/993 2566/822/1406
f 2566/822/1406 2529/804/993 2567/823/1030
f 2567/823/1030 2529/804/993 2568/824/1407
f 2529/804/993 2530/805/994 2568/824/1407
f 2568/824/1407 2530/805/994 2569/825/1032
f 2530/805/994 2531/806/995 2569/825/1032
f 2531/806/995 2532/807/996 2569/825/1032
f 2569/825/1032 2532/807/996 2570/826/1033
f 2570/826/1033 2532/807/996 2571/827/1408
f 2532/807/996 2533/808/996 2571/827/1408
f 2533/808/996 2534/809/1398 2571/827/1408
f 2572/828/1035 2571/827/1408 2573/829/1409
f 2571/827/1408 2534/809/1398 2573/829/1409
f 2534/809/1398 2535/810/998 2573/829/1409
f 2573/829/1409 2535/810/998 2574/830/1399
f 2535/810/998 2536/811/1399 2574/830/1399
f 2536/811/1399 2537/812/1000 2574/830/1399
f 2574/830/1399 2537/812/1000 2575/831/1037
f 2537/812/1000 2538/813/1001 2575/831/1037
f 2575/831/1037 2538/813/1001 2576/832/1038
f 2576/832/1038 2538/813/1001 2577/833/1039
f 2538/813/1001 2539/814/1002 2577/833/1039
f 2577/833/1039 2539/814/1002 2578/834/1040
f 2539/814/1002 2540/815/1003 2578/834/1040
f 2580/763/1041 2541/762/1004 2582/760/1042
f 2541/762/1004 2542/761/1005 2582/760/1042
f 2542/761/1005 2543/759/1400 2582/760/1042
f 2582/760/1042 2543/759/1400 2583/758/1043
f 2543/759/1400 2544/757/1401 2583/758/1043
f 2544/757/1401 2545/756/1008 2583/758/1043
f 2584/717/1410 2546/716/1008 2585/671/1411
f 2546/716/1008 2547/670/1010 2585/671/1411
f 2585/671/1411 2547/670/1010 2586/617/1045
f 2547/670/1010 2548/616/1011 2586/617/1045
f 2586/617/1045 2548/616/1011 2587/540/1412
f 2548/616/1011 2549/615/1012 2587/540/1412
f 2549/615/1012 2550/539/1013 2587/540/1412
f 2587/540/1412 2550/539/1013 2588/509/1047
f 2550/539/1013 2551/511/1014 2588/509/1047
f 2551/511/1014 2552/510/1402 2588/509/1047
f 2588/509/1047 2552/510/1402 2589/508/1048
f 2552/510/1402 2553/588/1016 2589/508/1048
f 2589/508/1048 2553/588/1016 2590/587/1049
f 2553/588/1016 2554/660/1017 2590/587/1049
f 2590/587/1049 2554/660/1017 2591/659/1050
f 2554/660/1017 2555/708/1403 2591/659/1050
f 2591/659/1050 2555/708/1403 2592/707/1413
f 2555/708/1403 2556/752/1018 2592/707/1413
f 2556/752/1018 2557/751/1404 2592/707/1413
f 2592/707/1413 2557/751/1404 2593/706/1413
f 2557/751/1404 2558/750/1405 2593/706/1413
f 2558/750/1405 2559/749/1022 2593/706/1413
f 2593/706/1413 2559/749/1022 2594/705/508
f 2560/816/1023 2561/817/1024 2595/835/1052
f 2595/835/1052 2561/817/1024 2596/836/1053
f 2561/817/1024 2562/818/1054 2596/836/1053
f 2596/836/1053 2562/818/1054 2597/837/1025
f 2562/818/1054 2563/819/1026 2597/837/1025
f 2597/837/1025 2563/819/1026 2598/838/1026
f 2563/819/1026 2564/820/1027 2598/838/1026
f 2598/838/1026 2564/820/1027 2599/839/1055
f 2564/820/1027 2565/821/990 2599/839/1055
f 2599/839/1055 2565/821/990 2600/840/1056
f 2565/821/990 2566/822/1406 2600/840/1056
f 2566/822/1406 2567/823/1030 2600/840/1056
f 2600/840/1056 2567/823/1030 2601/841/1414
f 2567/823/1030 2568/824/1407 2601/841/1414
f 2601/841/1414 2568/824/1407 2602/842/1058
f 2602/842/1058 2568/824/1407 2603/843/1059
f 2568/824/1407 2569/825/1032 2603/843/1059
f 2569/825/1032 2570/826/1033 2603/843/1059
f 2603/843/1059 2570/826/1033 2604/844/1415
f 2570/826/1033 2571/827/1408 2604/844/1415
f 2571/827/1408 2572/828/1035 2604/844/1415
f 2604/844/1415 2572/828/1035 2605/845/1061
f 2605/845/1061 2572/828/1035 2606/846/1416
f 2572/828/1035 2573/829/1409 2606/846/1416
f 2573/829/1409 2574/830/1399 2606/846/1416
f 2574/830/1399 2575/831/1037 2606/846/1416
f 2575/831/1037 2576/832/1038 2606/846/1416
f 2606/846/1416 2576/832/1038 2607/847/1417
f 2607/847/1417 2576/832/1038 2608/848/1418
f 2576/832/1038 2577/833/1039 2608/848/1418
f 2608/848/1418 2577/833/1039 2609/849/1419
f 2577/833/1039 2578/834/1040 2609/849/1419
f 2579/719/1041 2581/718/1420 2610/673/1066
f 2610/673/1066 2581/718/1420 2611/672/1067
f 2581/718/1420 2584/717/1410 2611/672/1067
f 2584/717/1410 2585/671/1411 2611/672/1067
f 2611/672/1067 2585/671/1411 2612/618/1068
f 2585/671/1411 2586/617/1045 2612/618/1068
f 2612/618/1068 2586/617/1045 2613/541/1421
f 2586/617/1045 2587/540/1412 2613/541/1421
f 2613/541/1421 2587/540/1412 2614/506/1422
f 2587/540/1412 2588/509/1047 2614/506/1422
f 2588/509/1047 2589/508/1048 2614/506/1422
f 2614/506/1422 2589/508/1048 2615/507/1071
f 2589/508/1048 2590/587/1049 2615/507/1071
f 2615/507/1071 2590/587/1049 2616/586/1072
f 2590/587/1049 2591/659/1050 2616/586/1072
f 2616/586/1072 2591/659/1050 2617/658/1073
f 2591/659/1050 2592/707/1413 2617/658/1073
f 2592/707/1413 2593/706/1413 2617/658/1073
f 2617/658/1073 2593/706/1413 2618/657/1423
f 2593/706/1413 2594/705/508 2618/657/1423
f 2595/835/1052 2596/836/1053 2619/850/1075
f 2619/850/1075 2596/836/1053 2620/851/1076
f 2596/836/1053 2597/837/1025 2620/851/1076
f 2620/851/1076 2597/837/1025 2621/852/1077
f 2621/852/1077 2597/837/1025 2622/853/1078
f 2597/837/1025 2598/838/1026 2622/853/1078
f 2598/838/1026 2599/839/1055 2622/853/1078
f 2599/839/1055 2600/840/1056 2622/853/1078
f 2600/840/1056 2601/841/1414 2622/853/1078
f 2622/853/1078 2601/841/1414 2623/854/1079
f 2623/854/1079 2601/841/1414 2624/855/1080
f 2601/841/1414 2602/842/1058 2624/855/1080
f 2624/855/1080 2602/842/1058 2625/856/1081
f 2602/842/1058 2603/843/1059 2625/856/1081
f 2603/843/1059 2604/844/1415 2625/856/1081
f 2625/856/1081 2604/844/1415 2626/857/1061
f 2604/844/1415 2605/845/1061 2626/857/1061
f 2626/857/1061 2605/845/1061 2627/858/1082
f 2605/845/1061 2606/846/1416 2627/858/1082
f 2606/846/1416 2607/847/1417 2627/858/1082
f 2607/847/1417 2608/848/1418 2627/858/1082
f 2627/858/1082 2608/848/1418 2628/859/1424
f 2608/848/1418 2609/849/1419 2628/859/1424
f 2628/859/1424 2609/849/1419 2629/860/1084
f 2630/620/489 2610/673/1066 2631/619/1086
f 2610/673/1066 2611/672/1067 2631/619/1086
f 2611/672/1067 2612/618/1068 2631/619/1086
f 2632/543/1087 2631/619/1086 2633/542/1088
f 2631/619/1086 2612/618/1068 2633/542/1088
f 2612/618/1068 2613/541/1421 2633/542/1088
f 2613/541/1421 2614/506/1422 2633/542/1088
f 2633/542/1088 2614/506/1422 2634/505/1089
f 2634/505/1089 2614/506/1422 2635/504/1090
f 2614/506/1422 2615/507/1071 2635/504/1090
f 2615/507/1071 2616/586/1072 2635/504/1090
f 2636/503/1091 2635/504/1090 2637/585/1092
f 2635/504/1090 2616/586/1072 2637/585/1092
f 2616/586/1072 2617/658/1073 2637/585/1092
f 2617/658/1073 2618/657/1423 2637/585/1092
f 2637/585/1092 2618/657/1423 2638/584/1093
f 2639/861/1094 2619/850/1075 2640/862/1095
f 2619/850/1075 2620/851/1076 2640/862/1095
f 2640/862/1095 2620/851/1076 2641/863/1425
f 2620/851/1076 2621/852/1077 2641/863/1425
f 2621/852/1077 2622/853/1078 2641/863/1425
f 2622/853/1078 2623/854/1079 2641/863/1425
f 2641/863/1425 2623/854/1079 2642/864/1097
f 2623/854/1079 2624/855/1080 2642/864/1097
f 2624/855/1080 2625/856/1081 2642/864/1097
f 2642/864/1097 2625/856/1081 2643/865/1426
f 2643/865/1426 2625/856/1081 2644/866/1082
f 2625/856/1081 2626/857/1061 2644/866/1082
f 2626/857/1061 2627/858/1082 2644/866/1082
f 2627/858/1082 2628/859/1424 2644/866/1082
f 2644/866/1082 2628/859/1424 2645/867/1427
f 2628/859/1424 2629/860/1084 2645/867/1427
f 2645/867/1427 2629/860/1084 2646/868/1101
f 2630/620/489 2631/619/1086 2647/544/1428
f 2631/619/1086 2632/543/1087 2647/544/1428
f 2647/544/1428 2632/543/1087 2648/501/1103
f 2632/543/1087 2633/542/1088 2648/501/1103
f 2633/542/1088 2634/505/1089 2648/501/1103
f 2634/505/1089 2635/504/1090 2648/501/1103
f 2635/504/1090 2636/503/1091 2648/501/1103
f 2648/501/1103 2636/503/1091 2649/502/510
f 2636/503/1091 2637/585/1092 2649/502/510
f 2637/585/1092 2638/584/1093 2649/502/510
f 2639/861/1094 2640/862/1095 2650/869/1094
f 2650/869/1094 2640/862/1095 2651/870/1104
f 2640/862/1095 2641/863/1425 2651/870/1104
f 2641/863/1425 2642/864/1097 2651/870/1104
f 2651/870/1104 2642/864/1097 2652/871/1105
f 2642/864/1097 2643/865/1426 2652/871/1105
f 2643/865/1426 2644/866/1082 2652/871/1105
f 2644/866/1082 2645/867/1427 2652/871/1105
f 2652/871/1105 2645/867/1427 2654/872/1106
f 2645/867/1427 2646/868/1101 2654/872/1106
f 2647/544/1428 2648/501/1103 2653/500/1107
f 2648/501/1103 2649/502/510 2653/500/1107
f 2650/869/1094 2651/870/1104 2654/872/1106
f 2655/1/1429 2656/2/1430 2657/3/1431
f 2656/2/1430 2658/4/1432 2657/3/1431
f 2657/3/1431 2658/4/1432 2660/5/5
f 2659/6/1432 2662/7/6 2661/8/5
f 2661/8/5 2662/7/6 2663/9/1433
f 2663/9/1433 2662/7/6 2664/10/7
f 2662/7/6 2665/11/8 2664/10/7
f 2665/11/8 2666/12/1434 2664/10/7
f 2664/10/7 2666/12/1434 2667/13/1435
f 2666/12/1434 2668/14/1436 2667/13/1435
f 2667/13/1435 2668/14/1436 2669/15/12
f 2669/15/12 2668/14/1436 2670/16/13
f 2668/14/1436 2671/17/1437 2670/16/13
f 2671/17/1437 2672/18/15 2670/16/13
f 2670/16/13 2672/18/15 2673/19/16
f 2672/18/15 2674/20/1438 2673/19/16
f 2673/19/16 2674/20/1438 2675/21/1439
f 2675/21/1439 2674/20/1438 2676/22/1440
f 2674/20/1438 2677/23/1441 2676/22/1440
f 2677/23/1441 2678/24/21 2676/22/1440
f 2676/22/1440 2678/24/21 2679/25/22
f 2678/24/21 2680/1/23 2679/25/22
f 2679/25/22 2680/1/23 2681/26/24
f 2681/26/24 2680/1/23 2682/3/25
f 2680/1/23 2683/2/1442 2682/3/25
f 2683/2/1442 2684/4/27 2682/3/25
f 2682/3/25 2684/4/27 2686/5/28
f 2685/6/27 2688/7/29 2687/8/28
f 2687/8/28 2688/7/29 2689/9/28
f 2689/9/28 2688/7/29 2690/10/30
f 2688/7/29 2691/11/1443 2690/10/30
f 2691/11/1443 2692/12/1444 2690/10/30
f 2690/10/30 2692/12/1444 2693/13/1445
f 2692/12/1444 2694/14/1446 2693/13/1445
f 2693/13/1445 2694/14/1446 2695/15/35
f 2695/15/35 2694/14/1446 2696/16/1447
f 2694/14/1446 2697/17/37 2696/16/1447
f 2697/17/37 2698/18/38 2696/16/1447
f 2696/16/1447 2698/18/38 2699/19/39
f 2698/18/38 2700/20/40 2699/19/39
f 2699/19/39 2700/20/40 2701/21/41
f 2701/21/41 2700/20/40 2702/22/42
f 2700/20/40 2703/23/43 2702/22/42
f 2703/23/43 2704/24/44 2702/22/42
f 2702/22/42 2704/24/44 2705/25/1448
f 2704/24/44 2655/1/1429 2705/25/1448
f 2705/25/1448 2655/1/1429 2706/26/1449
f 2655/1/1429 2657/3/1431 2706/26/1449
f 2706/26/1449 2657/3/1431 2707/27/47
f 2657/3/1431 2660/5/5 2707/27/47
f 2707/27/47 2660/5/5 2708/28/48
f 2661/8/5 2663/9/1433 2709/29/48
f 2709/29/48 2663/9/1433 2710/30/49
f 2710/30/49 2663/9/1433 2711/31/1118
f 2663/9/1433 2664/10/7 2711/31/1118
f 2664/10/7 2667/13/1435 2711/31/1118
f 2711/31/1118 2667/13/1435 2712/32/51
f 2667/13/1435 2669/15/12 2712/32/51
f 2712/32/51 2669/15/12 2713/33/51
f 2713/33/51 2669/15/12 2714/34/1450
f 2669/15/12 2670/16/13 2714/34/1450
f 2670/16/13 2673/19/16 2714/34/1450
f 2714/34/1450 2673/19/16 2715/35/53
f 2673/19/16 2675/21/1439 2715/35/53
f 2715/35/53 2675/21/1439 2716/36/1119
f 2716/36/1119 2675/21/1439 2717/37/55
f 2675/21/1439 2676/22/1440 2717/37/55
f 2676/22/1440 2679/25/22 2717/37/55
f 2717/37/55 2679/25/22 2718/38/56
f 2679/25/22 2681/26/24 2718/38/56
f 2718/38/56 2681/26/24 2719/39/56
f 2719/39/56 2681/26/24 2720/27/1120
f 2681/26/24 2682/3/25 2720/27/1120
f 2682/3/25 2686/5/28 2720/27/1120
f 2720/27/1120 2686/5/28 2721/28/58
f 2687/8/28 2689/9/28 2722/29/58
f 2722/29/58 2689/9/28 2723/30/59
f 2723/30/59 2689/9/28 2724/31/1451
f 2689/9/28 2690/10/30 2724/31/1451
f 2690/10/30 2693/13/1445 2724/31/1451
f 2724/31/1451 2693/13/1445 2725/32/61
f 2693/13/1445 2695/15/35 2725/32/61
f 2725/32/61 2695/15/35 2726/33/61
f 2726/33/61 2695/15/35 2727/34/62
f 2695/15/35 2696/16/1447 2727/34/62
f 2696/16/1447 2699/19/39 2727/34/62
f 2727/34/62 2699/19/39 2728/35/63
f 2699/19/39 2701/21/41 2728/35/63
f 2728/35/63 2701/21/41 2729/36/64
f 2729/36/64 2701/21/41 2730/37/65
f 2701/21/41 2702/22/42 2730/37/65
f 2702/22/42 2705/25/1448 2730/37/65
f 2730/37/65 2705/25/1448 2731/38/66
f 2705/25/1448 2706/26/1449 2731/38/66
f 2731/38/66 2706/26/1449 2732/39/66
f 2706/26/1449 2707/27/47 2732/39/66
f 2732/39/66 2707/27/47 2733/40/1452
f 2707/27/47 2708/28/48 2733/40/1452
f 2733/40/1452 2708/28/48 2734/41/68
f 2709/29/48 2710/30/49 2735/42/1453
f 2735/42/1453 2710/30/49 2736/43/69
f 2736/43/69 2710/30/49 2737/44/1454
f 2710/30/49 2711/31/1118 2737/44/1454
f 2711/31/1118 2712/32/51 2737/44/1454
f 2737/44/1454 2712/32/51 2738/45/1124
f 2738/45/1124 2712/32/51 2739/46/1455
f 2712/32/51 2713/33/51 2739/46/1455
f 2739/46/1455 2713/33/51 2740/47/73
f 2713/33/51 2714/34/1450 2740/47/73
f 2714/34/1450 2715/35/53 2740/47/73
f 2740/47/73 2715/35/53 2741/48/74
f 2715/35/53 2716/36/1119 2741/48/74
f 2741/48/74 2716/36/1119 2742/49/75
f 2742/49/75 2716/36/1119 2743/50/1127
f 2716/36/1119 2717/37/55 2743/50/1127
f 2717/37/55 2718/38/56 2743/50/1127
f 2743/50/1127 2718/38/56 2744/51/1456
f 2744/51/1456 2718/38/56 2745/52/1457
f 2718/38/56 2719/39/56 2745/52/1457
f 2745/52/1457 2719/39/56 2746/40/79
f 2719/39/56 2720/27/1120 2746/40/79
f 2720/27/1120 2721/28/58 2746/40/79
f 2746/40/79 2721/28/58 2747/41/80
f 2722/29/58 2723/30/59 2748/42/81
f 2748/42/81 2723/30/59 2749/43/1458
f 2749/43/1458 2723/30/59 2750/44/1459
f 2723/30/59 2724/31/1451 2750/44/1459
f 2724/31/1451 2725/32/61 2750/44/1459
f 2750/44/1459 2725/32/61 2751/45/1460
f 2751/45/1460 2725/32/61 2752/46/85
f 2725/32/61 2726/33/61 2752/46/85
f 2752/46/85 2726/33/61 2753/47/1129
f 2726/33/61 2727/34/62 2753/47/1129
f 2727/34/62 2728/35/63 2753/47/1129
f 2753/47/1129 2728/35/63 2754/48/87
f 2728/35/63 2729/36/64 2754/48/87
f 2754/48/87 2729/36/64 2755/49/88
f 2755/49/88 2729/36/64 2756/50/89
f 2729/36/64 2730/37/65 2756/50/89
f 2730/37/65 2731/38/66 2756/50/89
f 2756/50/89 2731/38/66 2757/51/1461
f 2757/51/1461 2731/38/66 2758/52/1462
f 2731/38/66 2732/39/66 2758/52/1462
f 2732/39/66 2733/40/1452 2758/52/1462
f 2758/52/1462 2733/40/1452 2759/53/1130
f 2733/40/1452 2734/41/68 2759/53/1130
f 2759/53/1130 2734/41/68 2760/54/1463
f 2735/42/1453 2736/43/69 2761/55/1463
f 2761/55/1463 2736/43/69 2762/56/93
f 2762/56/93 2736/43/69 2763/57/94
f 2736/43/69 2737/44/1454 2763/57/94
f 2737/44/1454 2738/45/1124 2763/57/94
f 2763/57/94 2738/45/1124 2764/58/96
f 2738/45/1124 2739/46/1455 2764/58/96
f 2764/58/96 2739/46/1455 2765/59/95
f 2765/59/95 2739/46/1455 2766/60/1133
f 2739/46/1455 2740/47/73 2766/60/1133
f 2740/47/73 2741/48/74 2766/60/1133
f 2766/60/1133 2741/48/74 2767/61/98
f 2741/48/74 2742/49/75 2767/61/98
f 2767/61/98 2742/49/75 2768/62/1464
f 2768/62/1464 2742/49/75 2769/63/100
f 2742/49/75 2743/50/1127 2769/63/100
f 2743/50/1127 2744/51/1456 2769/63/100
f 2769/63/100 2744/51/1456 2770/64/101
f 2744/51/1456 2745/52/1457 2770/64/101
f 2770/64/101 2745/52/1457 2771/65/1134
f 2771/65/1134 2745/52/1457 2772/53/1135
f 2745/52/1457 2746/40/79 2772/53/1135
f 2746/40/79 2747/41/80 2772/53/1135
f 2772/53/1135 2747/41/80 2773/54/103
f 2748/42/81 2749/43/1458 2774/55/103
f 2774/55/103 2749/43/1458 2775/56/104
f 2775/56/104 2749/43/1458 2776/57/105
f 2749/43/1458 2750/44/1459 2776/57/105
f 2750/44/1459 2751/45/1460 2776/57/105
f 2776/57/105 2751/45/1460 2777/58/107
f 2751/45/1460 2752/46/85 2777/58/107
f 2777/58/107 2752/46/85 2778/59/1465
f 2778/59/1465 2752/46/85 2779/60/108
f 2752/46/85 2753/47/1129 2779/60/108
f 2753/47/1129 2754/48/87 2779/60/108
f 2779/60/108 2754/48/87 2780/61/1136
f 2754/48/87 2755/49/88 2780/61/1136
f 2780/61/1136 2755/49/88 2781/62/1466
f 2781/62/1466 2755/49/88 2782/63/111
f 2755/49/88 2756/50/89 2782/63/111
f 2756/50/89 2757/51/1461 2782/63/111
f 2782/63/111 2757/51/1461 2783/64/1467
f 2757/51/1461 2758/52/1462 2783/64/1467
f 2783/64/1467 2758/52/1462 2784/65/112
f 2758/52/1462 2759/53/1130 2784/65/112
f 2784/65/112 2759/53/1130 2785/66/1468
f 2759/53/1130 2760/54/1463 2785/66/1468
f 2785/66/1468 2760/54/1463 2786/67/115
f 2761/55/1463 2762/56/93 2787/68/115
f 2787/68/115 2762/56/93 2788/69/1138
f 2788/69/1138 2762/56/93 2789/70/1469
f 2762/56/93 2763/57/94 2789/70/1469
f 2763/57/94 2764/58/96 2789/70/1469
f 2789/70/1469 2764/58/96 2790/71/118
f 2764/58/96 2765/59/95 2790/71/118
f 2790/71/118 2765/59/95 2791/72/1470
f 2791/72/1470 2765/59/95 2792/73/120
f 2765/59/95 2766/60/1133 2792/73/120
f 2766/60/1133 2767/61/98 2792/73/120
f 2792/73/120 2767/61/98 2793/74/121
f 2767/61/98 2768/62/1464 2793/74/121
f 2793/74/121 2768/62/1464 2794/75/122
f 2794/75/122 2768/62/1464 2795/76/123
f 2768/62/1464 2769/63/100 2795/76/123
f 2769/63/100 2770/64/101 2795/76/123
f 2795/76/123 2770/64/101 2796/77/1471
f 2770/64/101 2771/65/1134 2796/77/1471
f 2796/77/1471 2771/65/1134 2797/78/125
f 2797/78/125 2771/65/1134 2798/66/126
f 2771/65/1134 2772/53/1135 2798/66/126
f 2772/53/1135 2773/54/103 2798/66/126
f 2798/66/126 2773/54/103 2799/67/127
f 2774/55/103 2775/56/104 2800/68/127
f 2800/68/127 2775/56/104 2801/69/1472
f 2801/69/1472 2775/56/104 2802/70/129
f 2775/56/104 2776/57/105 2802/70/129
f 2776/57/105 2777/58/107 2802/70/129
f 2802/70/129 2777/58/107 2803/71/1143
f 2777/58/107 2778/59/1465 2803/71/1143
f 2803/71/1143 2778/59/1465 2804/72/131
f 2804/72/131 2778/59/1465 2805/73/1473
f 2778/59/1465 2779/60/108 2805/73/1473
f 2779/60/108 2780/61/1136 2805/73/1473
f 2805/73/1473 2780/61/1136 2806/74/133
f 2780/61/1136 2781/62/1466 2806/74/133
f 2806/74/133 2781/62/1466 2807/75/134
f 2807/75/134 2781/62/1466 2808/76/135
f 2781/62/1466 2782/63/111 2808/76/135
f 2782/63/111 2783/64/1467 2808/76/135
f 2808/76/135 2783/64/1467 2809/77/1474
f 2783/64/1467 2784/65/112 2809/77/1474
f 2809/77/1474 2784/65/112 2810/78/1475
f 2784/65/112 2785/66/1468 2810/78/1475
f 2810/78/1475 2785/66/1468 2811/79/1476
f 2785/66/1468 2786/67/115 2811/79/1476
f 2811/79/1476 2786/67/115 2812/80/139
f 2787/68/115 2788/69/1138 2813/81/139
f 2813/81/139 2788/69/1138 2814/82/140
f 2814/82/140 2788/69/1138 2815/83/1477
f 2788/69/1138 2789/70/1469 2815/83/1477
f 2789/70/1469 2790/71/118 2815/83/1477
f 2815/83/1477 2790/71/118 2816/84/142
f 2790/71/118 2791/72/1470 2816/84/142
f 2816/84/142 2791/72/1470 2817/85/142
f 2817/85/142 2791/72/1470 2818/86/1478
f 2791/72/1470 2792/73/120 2818/86/1478
f 2792/73/120 2793/74/121 2818/86/1478
f 2818/86/1478 2793/74/121 2819/87/144
f 2793/74/121 2794/75/122 2819/87/144
f 2819/87/144 2794/75/122 2820/88/145
f 2820/88/145 2794/75/122 2821/89/146
f 2794/75/122 2795/76/123 2821/89/146
f 2795/76/123 2796/77/1471 2821/89/146
f 2821/89/146 2796/77/1471 2822/90/147
f 2796/77/1471 2797/78/125 2822/90/147
f 2822/90/147 2797/78/125 2823/91/148
f 2823/91/148 2797/78/125 2824/79/1479
f 2797/78/125 2798/66/126 2824/79/1479
f 2798/66/126 2799/67/127 2824/79/1479
f 2824/79/1479 2799/67/127 2825/80/150
f 2800/68/127 2801/69/1472 2826/81/150
f 2826/81/150 2801/69/1472 2827/82/1480
f 2827/82/1480 2801/69/1472 2828/83/1481
f 2801/69/1472 2802/70/129 2828/83/1481
f 2802/70/129 2803/71/1143 2828/83/1481
f 2828/83/1481 2803/71/1143 2829/84/153
f 2803/71/1143 2804/72/131 2829/84/153
f 2829/84/153 2804/72/131 2830/85/153
f 2830/85/153 2804/72/131 2831/86/1482
f 2804/72/131 2805/73/1473 2831/86/1482
f 2805/73/1473 2806/74/133 2831/86/1482
f 2831/86/1482 2806/74/133 2832/87/155
f 2806/74/133 2807/75/134 2832/87/155
f 2832/87/155 2807/75/134 2833/88/1483
f 2833/88/1483 2807/75/134 2834/89/1484
f 2807/75/134 2808/76/135 2834/89/1484
f 2808/76/135 2809/77/1474 2834/89/1484
f 2834/89/1484 2809/77/1474 2835/90/158
f 2809/77/1474 2810/78/1475 2835/90/158
f 2835/90/158 2810/78/1475 2836/91/159
f 2810/78/1475 2811/79/1476 2836/91/159
f 2837/92/160 2836/91/159 2838/93/161
f 2836/91/159 2811/79/1476 2838/93/161
f 2811/79/1476 2812/80/139 2838/93/161
f 2838/93/161 2812/80/139 2839/94/162
f 2840/95/162 2813/81/139 2841/96/162
f 2813/81/139 2814/82/140 2841/96/162
f 2841/96/162 2814/82/140 2842/97/163
f 2814/82/140 2815/83/1477 2842/97/163
f 2815/83/1477 2816/84/142 2842/97/163
f 2842/97/163 2816/84/142 2843/98/164
f 2816/84/142 2817/85/142 2843/98/164
f 2843/98/164 2817/85/142 2844/99/165
f 2844/99/165 2817/85/142 2845/100/166
f 2817/85/142 2818/86/1478 2845/100/166
f 2818/86/1478 2819/87/144 2845/100/166
f 2845/100/166 2819/87/144 2846/101/1155
f 2846/101/1155 2819/87/144 2847/102/168
f 2819/87/144 2820/88/145 2847/102/168
f 2847/102/168 2820/88/145 2848/103/169
f 2820/88/145 2821/89/146 2848/103/169
f 2821/89/146 2822/90/147 2848/103/169
f 2848/103/169 2822/90/147 2849/104/170
f 2822/90/147 2823/91/148 2849/104/170
f 2849/104/170 2823/91/148 2850/92/171
f 2850/92/171 2823/91/148 2851/93/172
f 2823/91/148 2824/79/1479 2851/93/172
f 2824/79/1479 2825/80/150 2851/93/172
f 2851/93/172 2825/80/150 2852/94/173
f 2853/95/173 2826/81/150 2854/96/173
f 2826/81/150 2827/82/1480 2854/96/173
f 2854/96/173 2827/82/1480 2855/97/174
f 2827/82/1480 2828/83/1481 2855/97/174
f 2828/83/1481 2829/84/153 2855/97/174
f 2855/97/174 2829/84/153 2856/98/175
f 2829/84/153 2830/85/153 2856/98/175
f 2856/98/175 2830/85/153 2857/99/176
f 2857/99/176 2830/85/153 2858/100/177
f 2830/85/153 2831/86/1482 2858/100/177
f 2831/86/1482 2832/87/155 2858/100/177
f 2858/100/177 2832/87/155 2859/101/1157
f 2832/87/155 2833/88/1483 2859/101/1157
f 2859/101/1157 2833/88/1483 2860/102/179
f 2860/102/179 2833/88/1483 2861/103/180
f 2833/88/1483 2834/89/1484 2861/103/180
f 2834/89/1484 2835/90/158 2861/103/180
f 2861/103/180 2835/90/158 2862/104/181
f 2835/90/158 2836/91/159 2862/104/181
f 2836/91/159 2837/92/160 2862/104/181
f 2862/104/181 2837/92/160 2863/105/1485
f 2863/105/1485 2837/92/160 2864/106/1486
f 2837/92/160 2838/93/161 2864/106/1486
f 2838/93/161 2839/94/162 2864/106/1486
f 2864/106/1486 2839/94/162 2865/107/184
f 2840/95/162 2841/96/162 2866/108/184
f 2866/108/184 2841/96/162 2867/109/1487
f 2867/109/1487 2841/96/162 2868/110/186
f 2841/96/162 2842/97/163 2868/110/186
f 2842/97/163 2843/98/164 2868/110/186
f 2868/110/186 2843/98/164 2869/111/187
f 2869/111/187 2843/98/164 2870/112/1488
f 2843/98/164 2844/99/165 2870/112/1488
f 2870/112/1488 2844/99/165 2871/113/1489
f 2844/99/165 2845/100/166 2871/113/1489
f 2845/100/166 2846/101/1155 2871/113/1489
f 2871/113/1489 2846/101/1155 2872/114/190
f 2846/101/1155 2847/102/168 2872/114/190
f 2872/114/190 2847/102/168 2873/115/191
f 2873/115/191 2847/102/168 2874/116/1490
f 2847/102/168 2848/103/169 2874/116/1490
f 2848/103/169 2849/104/170 2874/116/1490
f 2874/116/1490 2849/104/170 2875/117/193
f 2875/117/193 2849/104/170 2876/105/194
f 2849/104/170 2850/92/171 2876/105/194
f 2876/105/194 2850/92/171 2877/106/1491
f 2850/92/171 2851/93/172 2877/106/1491
f 2851/93/172 2852/94/173 2877/106/1491
f 2877/106/1491 2852/94/173 2878/107/196
f 2853/95/173 2854/96/173 2879/108/196
f 2879/108/196 2854/96/173 2880/109/1492
f 2880/109/1492 2854/96/173 2881/110/1162
f 2854/96/173 2855/97/174 2881/110/1162
f 2855/97/174 2856/98/175 2881/110/1162
f 2881/110/1162 2856/98/175 2882/111/1493
f 2882/111/1493 2856/98/175 2883/112/1494
f 2856/98/175 2857/99/176 2883/112/1494
f 2883/112/1494 2857/99/176 2884/113/1495
f 2857/99/176 2858/100/177 2884/113/1495
f 2858/100/177 2859/101/1157 2884/113/1495
f 2884/113/1495 2859/101/1157 2885/114/202
f 2859/101/1157 2860/102/179 2885/114/202
f 2885/114/202 2860/102/179 2886/115/1164
f 2886/115/1164 2860/102/179 2887/116/1496
f 2860/102/179 2861/103/180 2887/116/1496
f 2861/103/180 2862/104/181 2887/116/1496
f 2887/116/1496 2862/104/181 2888/117/205
f 2862/104/181 2863/105/1485 2888/117/205
f 2888/117/205 2863/105/1485 2889/118/1167
f 2889/118/1167 2863/105/1485 2890/119/1497
f 2863/105/1485 2864/106/1486 2890/119/1497
f 2864/106/1486 2865/107/184 2890/119/1497
f 2890/119/1497 2865/107/184 2891/120/208
f 2892/121/208 2866/108/184 2893/122/209
f 2866/108/184 2867/109/1487 2893/122/209
f 2893/122/209 2867/109/1487 2894/123/210
f 2867/109/1487 2868/110/186 2894/123/210
f 2868/110/186 2869/111/187 2894/123/210
f 2894/123/210 2869/111/187 2895/124/211
f 2895/124/211 2869/111/187 2896/125/1498
f 2869/111/187 2870/112/1488 2896/125/1498
f 2896/125/1498 2870/112/1488 2897/126/213
f 2870/112/1488 2871/113/1489 2897/126/213
f 2871/113/1489 2872/114/190 2897/126/213
f 2897/126/213 2872/114/190 2898/127/1499
f 2898/127/1499 2872/114/190 2899/128/215
f 2872/114/190 2873/115/191 2899/128/215
f 2899/128/215 2873/115/191 2900/129/216
f 2873/115/191 2874/116/1490 2900/129/216
f 2874/116/1490 2875/117/193 2900/129/216
f 2900/129/216 2875/117/193 2901/130/1500
f 2901/130/1500 2875/117/193 2902/118/218
f 2875/117/193 2876/105/194 2902/118/218
f 2902/118/218 2876/105/194 2903/119/1170
f 2876/105/194 2877/106/1491 2903/119/1170
f 2877/106/1491 2878/107/196 2903/119/1170
f 2903/119/1170 2878/107/196 2904/120/1171
f 2905/121/1171 2879/108/196 2906/122/221
f 2879/108/196 2880/109/1492 2906/122/221
f 2906/122/221 2880/109/1492 2907/123/1501
f 2880/109/1492 2881/110/1162 2907/123/1501
f 2881/110/1162 2882/111/1493 2907/123/1501
f 2907/123/1501 2882/111/1493 2908/124/1502
f 2908/124/1502 2882/111/1493 2909/125/1503
f 2882/111/1493 2883/112/1494 2909/125/1503
f 2909/125/1503 2883/112/1494 2910/126/225
f 2883/112/1494 2884/113/1495 2910/126/225
f 2884/113/1495 2885/114/202 2910/126/225
f 2910/126/225 2885/114/202 2911/127/226
f 2911/127/226 2885/114/202 2912/128/227
f 2885/114/202 2886/115/1164 2912/128/227
f 2912/128/227 2886/115/1164 2913/129/1504
f 2886/115/1164 2887/116/1496 2913/129/1504
f 2887/116/1496 2888/117/205 2913/129/1504
f 2913/129/1504 2888/117/205 2914/130/229
f 2888/117/205 2889/118/1167 2914/130/229
f 2914/130/229 2889/118/1167 2915/131/230
f 2889/118/1167 2890/119/1497 2915/131/230
f 2915/131/230 2890/119/1497 2916/132/231
f 2916/132/231 2890/119/1497 2917/133/1174
f 2890/119/1497 2891/120/208 2917/133/1174
f 2892/121/208 2893/122/209 2918/134/232
f 2918/134/232 2893/122/209 2919/135/233
f 2893/122/209 2894/123/210 2919/135/233
f 2919/135/233 2894/123/210 2920/136/234
f 2920/136/234 2894/123/210 2921/137/235
f 2894/123/210 2895/124/211 2921/137/235
f 2921/137/235 2895/124/211 2922/138/1505
f 2895/124/211 2896/125/1498 2922/138/1505
f 2896/125/1498 2897/126/213 2922/138/1505
f 2922/138/1505 2897/126/213 2923/139/237
f 2923/139/237 2897/126/213 2924/140/238
f 2897/126/213 2898/127/1499 2924/140/238
f 2898/127/1499 2899/128/215 2924/140/238
f 2924/140/238 2899/128/215 2925/141/239
f 2899/128/215 2900/129/216 2925/141/239
f 2925/141/239 2900/129/216 2926/142/240
f 2926/142/240 2900/129/216 2927/143/241
f 2900/129/216 2901/130/1500 2927/143/241
f 2927/143/241 2901/130/1500 2928/131/241
f 2901/130/1500 2902/118/218 2928/131/241
f 2902/118/218 2903/119/1170 2928/131/241
f 2928/131/241 2903/119/1170 2929/132/242
f 2929/132/242 2903/119/1170 2930/133/243
f 2903/119/1170 2904/120/1171 2930/133/243
f 2905/121/1171 2906/122/221 2931/134/243
f 2931/134/243 2906/122/221 2932/135/244
f 2906/122/221 2907/123/1501 2932/135/244
f 2932/135/244 2907/123/1501 2933/136/1178
f 2933/136/1178 2907/123/1501 2934/137/246
f 2907/123/1501 2908/124/1502 2934/137/246
f 2934/137/246 2908/124/1502 2935/138/247
f 2908/124/1502 2909/125/1503 2935/138/247
f 2909/125/1503 2910/126/225 2935/138/247
f 2935/138/247 2910/126/225 2936/139/248
f 2936/139/248 2910/126/225 2937/140/249
f 2910/126/225 2911/127/226 2937/140/249
f 2911/127/226 2912/128/227 2937/140/249
f 2937/140/249 2912/128/227 2938/141/1506
f 2912/128/227 2913/129/1504 2938/141/1506
f 2938/141/1506 2913/129/1504 2939/142/1507
f 2939/142/1507 2913/129/1504 2940/143/230
f 2913/129/1504 2914/130/229 2940/143/230
f 2914/130/229 2915/131/230 2940/143/230
f 2940/143/230 2915/131/230 2941/144/1179
f 2915/131/230 2916/132/231 2941/144/1179
f 2941/144/1179 2916/132/231 2942/145/253
f 2942/145/253 2916/132/231 2943/146/255
f 2916/132/231 2917/133/1174 2943/146/255
f 2918/134/232 2919/135/233 2944/147/255
f 2944/147/255 2919/135/233 2945/148/1508
f 2919/135/233 2920/136/234 2945/148/1508
f 2945/148/1508 2920/136/234 2946/149/257
f 2946/149/257 2920/136/234 2947/150/259
f 2920/136/234 2921/137/235 2947/150/259
f 2947/150/259 2921/137/235 2948/151/1509
f 2921/137/235 2922/138/1505 2948/151/1509
f 2922/138/1505 2923/139/237 2948/151/1509
f 2948/151/1509 2923/139/237 2949/152/1180
f 2949/152/1180 2923/139/237 2950/153/261
f 2923/139/237 2924/140/238 2950/153/261
f 2924/140/238 2925/141/239 2950/153/261
f 2950/153/261 2925/141/239 2951/154/262
f 2925/141/239 2926/142/240 2951/154/262
f 2951/154/262 2926/142/240 2952/155/263
f 2952/155/263 2926/142/240 2953/156/264
f 2926/142/240 2927/143/241 2953/156/264
f 2953/156/264 2927/143/241 2954/144/265
f 2927/143/241 2928/131/241 2954/144/265
f 2928/131/241 2929/132/242 2954/144/265
f 2954/144/265 2929/132/242 2955/145/1510
f 2955/145/1510 2929/132/242 2956/146/1511
f 2929/132/242 2930/133/243 2956/146/1511
f 2931/134/243 2932/135/244 2957/147/1511
f 2957/147/1511 2932/135/244 2958/148/268
f 2932/135/244 2933/136/1178 2958/148/268
f 2958/148/268 2933/136/1178 2959/149/1512
f 2959/149/1512 2933/136/1178 2960/150/271
f 2933/136/1178 2934/137/246 2960/150/271
f 2960/150/271 2934/137/246 2961/151/271
f 2934/137/246 2935/138/247 2961/151/271
f 2935/138/247 2936/139/248 2961/151/271
f 2961/151/271 2936/139/248 2962/152/272
f 2962/152/272 2936/139/248 2963/153/1513
f 2936/139/248 2937/140/249 2963/153/1513
f 2937/140/249 2938/141/1506 2963/153/1513
f 2963/153/1513 2938/141/1506 2964/154/1514
f 2938/141/1506 2939/142/1507 2964/154/1514
f 2964/154/1514 2939/142/1507 2965/155/275
f 2965/155/275 2939/142/1507 2966/156/276
f 2939/142/1507 2940/143/230 2966/156/276
f 2940/143/230 2941/144/1179 2966/156/276
f 2966/156/276 2941/144/1179 2967/157/277
f 2941/144/1179 2942/145/253 2967/157/277
f 2967/157/277 2942/145/253 2968/158/1515
f 2968/158/1515 2942/145/253 2969/159/279
f 2942/145/253 2943/146/255 2969/159/279
f 2970/160/280 2944/147/255 2971/161/1186
f 2944/147/255 2945/148/1508 2971/161/1186
f 2945/148/1508 2946/149/257 2971/161/1186
f 2971/161/1186 2946/149/257 2972/162/282
f 2972/162/282 2946/149/257 2973/163/1187
f 2946/149/257 2947/150/259 2973/163/1187
f 2973/163/1187 2947/150/259 2974/164/284
f 2947/150/259 2948/151/1509 2974/164/284
f 2948/151/1509 2949/152/1180 2974/164/284
f 2974/164/284 2949/152/1180 2975/165/285
f 2975/165/285 2949/152/1180 2976/166/286
f 2949/152/1180 2950/153/261 2976/166/286
f 2976/166/286 2950/153/261 2977/167/1188
f 2950/153/261 2951/154/262 2977/167/1188
f 2951/154/262 2952/155/263 2977/167/1188
f 2977/167/1188 2952/155/263 2978/168/1189
f 2978/168/1189 2952/155/263 2979/169/289
f 2952/155/263 2953/156/264 2979/169/289
f 2979/169/289 2953/156/264 2980/157/1516
f 2953/156/264 2954/144/265 2980/157/1516
f 2954/144/265 2955/145/1510 2980/157/1516
f 2980/157/1516 2955/145/1510 2981/158/1517
f 2981/158/1517 2955/145/1510 2982/159/292
f 2955/145/1510 2956/146/1511 2982/159/292
f 2983/160/292 2957/147/1511 2984/161/1518
f 2957/147/1511 2958/148/268 2984/161/1518
f 2958/148/268 2959/149/1512 2984/161/1518
f 2984/161/1518 2959/149/1512 2985/162/294
f 2985/162/294 2959/149/1512 2986/163/295
f 2959/149/1512 2960/150/271 2986/163/295
f 2986/163/295 2960/150/271 2987/164/296
f 2960/150/271 2961/151/271 2987/164/296
f 2961/151/271 2962/152/272 2987/164/296
f 2987/164/296 2962/152/272 2988/165/1519
f 2988/165/1519 2962/152/272 2989/166/298
f 2962/152/272 2963/153/1513 2989/166/298
f 2989/166/298 2963/153/1513 2990/167/299
f 2963/153/1513 2964/154/1514 2990/167/299
f 2964/154/1514 2965/155/275 2990/167/299
f 2990/167/299 2965/155/275 2991/168/1520
f 2991/168/1520 2965/155/275 2992/169/1521
f 2965/155/275 2966/156/276 2992/169/1521
f 2966/156/276 2967/157/277 2992/169/1521
f 2992/169/1521 2967/157/277 2993/170/302
f 2993/170/302 2967/157/277 2994/171/303
f 2967/157/277 2968/158/1515 2994/171/303
f 2968/158/1515 2969/159/279 2994/171/303
f 2994/171/303 2969/159/279 2995/172/1192
f 2970/160/280 2971/161/1186 2996/173/304
f 2996/173/304 2971/161/1186 2997/174/305
f 2997/174/305 2971/161/1186 2998/175/1522
f 2971/161/1186 2972/162/282 2998/175/1522
f 2972/162/282 2973/163/1187 2998/175/1522
f 2998/175/1522 2973/163/1187 2999/176/1523
f 2999/176/1523 2973/163/1187 3000/177/308
f 2973/163/1187 2974/164/284 3000/177/308
f 3000/177/308 2974/164/284 3001/178/309
f 2974/164/284 2975/165/285 3001/178/309
f 2975/165/285 2976/166/286 3001/178/309
f 3001/178/309 2976/166/286 3002/179/1524
f 2976/166/286 2977/167/1188 3002/179/1524
f 3002/179/1524 2977/167/1188 3003/180/1525
f 3003/180/1525 2977/167/1188 3004/181/1193
f 2977/167/1188 2978/168/1189 3004/181/1193
f 2978/168/1189 2979/169/289 3004/181/1193
f 3004/181/1193 2979/169/289 3005/182/313
f 3005/182/313 2979/169/289 3006/170/313
f 2979/169/289 2980/157/1516 3006/170/313
f 3006/170/313 2980/157/1516 3007/171/314
f 2980/157/1516 2981/158/1517 3007/171/314
f 2981/158/1517 2982/159/292 3007/171/314
f 3007/171/314 2982/159/292 3008/172/315
f 2983/160/292 2984/161/1518 3009/173/315
f 3009/173/315 2984/161/1518 3010/174/1526
f 3010/174/1526 2984/161/1518 3011/175/1195
f 2984/161/1518 2985/162/294 3011/175/1195
f 2985/162/294 2986/163/295 3011/175/1195
f 3011/175/1195 2986/163/295 3012/176/1196
f 3012/176/1196 2986/163/295 3013/177/319
f 2986/163/295 2987/164/296 3013/177/319
f 3013/177/319 2987/164/296 3014/178/1527
f 2987/164/296 2988/165/1519 3014/178/1527
f 2988/165/1519 2989/166/298 3014/178/1527
f 3014/178/1527 2989/166/298 3015/179/1528
f 2989/166/298 2990/167/299 3015/179/1528
f 3015/179/1528 2990/167/299 3016/180/322
f 3016/180/322 2990/167/299 3017/181/1529
f 2990/167/299 2991/168/1520 3017/181/1529
f 2991/168/1520 2992/169/1521 3017/181/1529
f 3017/181/1529 2992/169/1521 3018/182/302
f 2992/169/1521 2993/170/302 3018/182/302
f 3018/182/302 2993/170/302 3019/183/324
f 3019/183/324 2993/170/302 3020/184/325
f 2993/170/302 2994/171/303 3020/184/325
f 2994/171/303 2995/172/1192 3020/184/325
f 3020/184/325 2995/172/1192 3021/185/326
f 3022/186/326 2996/173/304 3023/187/1530
f 2996/173/304 2997/174/305 3023/187/1530
f 3023/187/1530 2997/174/305 3024/188/1531
f 2997/174/305 2998/175/1522 3024/188/1531
f 2998/175/1522 2999/176/1523 3024/188/1531
f 3024/188/1531 2999/176/1523 3025/189/329
f 3025/189/329 2999/176/1523 3026/190/329
f 2999/176/1523 3000/177/308 3026/190/329
f 3026/190/329 3000/177/308 3027/191/330
f 3000/177/308 3001/178/309 3027/191/330
f 3001/178/309 3002/179/1524 3027/191/330
f 3027/191/330 3002/179/1524 3028/192/1532
f 3028/192/1532 3002/179/1524 3029/193/332
f 3002/179/1524 3003/180/1525 3029/193/332
f 3029/193/332 3003/180/1525 3030/194/333
f 3003/180/1525 3004/181/1193 3030/194/333
f 3004/181/1193 3005/182/313 3030/194/333
f 3030/194/333 3005/182/313 3031/195/334
f 3031/195/334 3005/182/313 3032/183/1533
f 3005/182/313 3006/170/313 3032/183/1533
f 3032/183/1533 3006/170/313 3033/184/335
f 3006/170/313 3007/171/314 3033/184/335
f 3007/171/314 3008/172/315 3033/184/335
f 3033/184/335 3008/172/315 3034/185/336
f 3035/186/336 3009/173/315 3036/187/337
f 3009/173/315 3010/174/1526 3036/187/337
f 3036/187/337 3010/174/1526 3037/188/1534
f 3010/174/1526 3011/175/1195 3037/188/1534
f 3011/175/1195 3012/176/1196 3037/188/1534
f 3037/188/1534 3012/176/1196 3038/189/339
f 3038/189/339 3012/176/1196 3039/190/339
f 3012/176/1196 3013/177/319 3039/190/339
f 3039/190/339 3013/177/319 3040/191/1535
f 3013/177/319 3014/178/1527 3040/191/1535
f 3014/178/1527 3015/179/1528 3040/191/1535
f 3040/191/1535 3015/179/1528 3041/192/341
f 3041/192/341 3015/179/1528 3042/193/1199
f 3015/179/1528 3016/180/322 3042/193/1199
f 3042/193/1199 3016/180/322 3043/194/343
f 3016/180/322 3017/181/1529 3043/194/343
f 3017/181/1529 3018/182/302 3043/194/343
f 3043/194/343 3018/182/302 3044/195/324
f 3018/182/302 3019/183/324 3044/195/324
f 3044/195/324 3019/183/324 3045/196/1536
f 3045/196/1536 3019/183/324 3046/197/345
f 3019/183/324 3020/184/325 3046/197/345
f 3020/184/325 3021/185/326 3046/197/345
f 3046/197/345 3021/185/326 3047/198/346
f 3022/186/326 3023/187/1530 3048/199/347
f 3048/199/347 3023/187/1530 3049/200/348
f 3049/200/348 3023/187/1530 3050/201/349
f 3023/187/1530 3024/188/1531 3050/201/349
f 3024/188/1531 3025/189/329 3050/201/349
f 3050/201/349 3025/189/329 3051/202/350
f 3051/202/350 3025/189/329 3052/203/350
f 3025/189/329 3026/190/329 3052/203/350
f 3052/203/350 3026/190/329 3053/204/1537
f 3026/190/329 3027/191/330 3053/204/1537
f 3027/191/330 3028/192/1532 3053/204/1537
f 3053/204/1537 3028/192/1532 3054/205/1538
f 3028/192/1532 3029/193/332 3054/205/1538
f 3054/205/1538 3029/193/332 3055/206/353
f 3055/206/353 3029/193/332 3056/207/354
f 3029/193/332 3030/194/333 3056/207/354
f 3030/194/333 3031/195/334 3056/207/354
f 3056/207/354 3031/195/334 3057/208/355
f 3057/208/355 3031/195/334 3058/196/356
f 3031/195/334 3032/183/1533 3058/196/356
f 3058/196/356 3032/183/1533 3059/197/1539
f 3032/183/1533 3033/184/335 3059/197/1539
f 3033/184/335 3034/185/336 3059/197/1539
f 3059/197/1539 3034/185/336 3060/198/358
f 3035/186/336 3036/187/337 3061/199/359
f 3061/199/359 3036/187/337 3062/200/1540
f 3062/200/1540 3036/187/337 3063/201/1541
f 3036/187/337 3037/188/1534 3063/201/1541
f 3037/188/1534 3038/189/339 3063/201/1541
f 3063/201/1541 3038/189/339 3064/202/362
f 3064/202/362 3038/189/339 3065/203/362
f 3038/189/339 3039/190/339 3065/203/362
f 3065/203/362 3039/190/339 3066/204/1542
f 3039/190/339 3040/191/1535 3066/204/1542
f 3040/191/1535 3041/192/341 3066/204/1542
f 3066/204/1542 3041/192/341 3067/205/1204
f 3041/192/341 3042/193/1199 3067/205/1204
f 3067/205/1204 3042/193/1199 3068/206/365
f 3068/206/365 3042/193/1199 3069/207/366
f 3042/193/1199 3043/194/343 3069/207/366
f 3043/194/343 3044/195/324 3069/207/366
f 3069/207/366 3044/195/324 3070/208/367
f 3044/195/324 3045/196/1536 3070/208/367
f 3071/209/368 3070/208/367 3072/210/1543
f 3070/208/367 3045/196/1536 3072/210/1543
f 3072/210/1543 3045/196/1536 3073/211/370
f 3045/196/1536 3046/197/345 3073/211/370
f 3046/197/345 3047/198/346 3073/211/370
f 3073/211/370 3047/198/346 3074/212/371
f 3048/199/347 3049/200/348 3075/213/371
f 3075/213/371 3049/200/348 3076/214/1544
f 3076/214/1544 3049/200/348 3077/215/373
f 3049/200/348 3050/201/349 3077/215/373
f 3050/201/349 3051/202/350 3077/215/373
f 3077/215/373 3051/202/350 3078/216/374
f 3078/216/374 3051/202/350 3079/217/1545
f 3051/202/350 3052/203/350 3079/217/1545
f 3079/217/1545 3052/203/350 3080/218/376
f 3052/203/350 3053/204/1537 3080/218/376
f 3053/204/1537 3054/205/1538 3080/218/376
f 3080/218/376 3054/205/1538 3081/219/1546
f 3054/205/1538 3055/206/353 3081/219/1546
f 3081/219/1546 3055/206/353 3082/220/378
f 3082/220/378 3055/206/353 3083/221/1547
f 3055/206/353 3056/207/354 3083/221/1547
f 3056/207/354 3057/208/355 3083/221/1547
f 3083/221/1547 3057/208/355 3084/209/1548
f 3084/209/1548 3057/208/355 3085/210/381
f 3057/208/355 3058/196/356 3085/210/381
f 3085/210/381 3058/196/356 3086/211/382
f 3058/196/356 3059/197/1539 3086/211/382
f 3059/197/1539 3060/198/358 3086/211/382
f 3086/211/382 3060/198/358 3087/212/383
f 3061/199/359 3062/200/1540 3088/213/383
f 3088/213/383 3062/200/1540 3089/214/384
f 3089/214/384 3062/200/1540 3090/215/385
f 3062/200/1540 3063/201/1541 3090/215/385
f 3063/201/1541 3064/202/362 3090/215/385
f 3090/215/385 3064/202/362 3091/216/1549
f 3091/216/1549 3064/202/362 3092/217/1550
f 3064/202/362 3065/203/362 3092/217/1550
f 3092/217/1550 3065/203/362 3093/218/388
f 3065/203/362 3066/204/1542 3093/218/388
f 3066/204/1542 3067/205/1204 3093/218/388
f 3093/218/388 3067/205/1204 3094/219/1551
f 3094/219/1551 3067/205/1204 3095/220/390
f 3067/205/1204 3068/206/365 3095/220/390
f 3095/220/390 3068/206/365 3096/221/391
f 3068/206/365 3069/207/366 3096/221/391
f 3069/207/366 3070/208/367 3096/221/391
f 3070/208/367 3071/209/368 3096/221/391
f 3096/221/391 3071/209/368 3097/222/1552
f 3097/222/1552 3071/209/368 3098/223/393
f 3071/209/368 3072/210/1543 3098/223/393
f 3072/210/1543 3073/211/370 3098/223/393
f 3098/223/393 3073/211/370 3099/224/1553
f 3099/224/1553 3073/211/370 3100/225/395
f 3073/211/370 3074/212/371 3100/225/395
f 3101/226/395 3075/213/371 3102/227/396
f 3075/213/371 3076/214/1544 3102/227/396
f 3076/214/1544 3077/215/373 3102/227/396
f 3102/227/396 3077/215/373 3103/228/397
f 3103/228/397 3077/215/373 3104/229/1210
f 3077/215/373 3078/216/374 3104/229/1210
f 3104/229/1210 3078/216/374 3105/230/1554
f 3078/216/374 3079/217/1545 3105/230/1554
f 3079/217/1545 3080/218/376 3105/230/1554
f 3105/230/1554 3080/218/376 3106/231/400
f 3106/231/400 3080/218/376 3107/232/401
f 3080/218/376 3081/219/1546 3107/232/401
f 3107/232/401 3081/219/1546 3108/233/1211
f 3081/219/1546 3082/220/378 3108/233/1211
f 3082/220/378 3083/221/1547 3108/233/1211
f 3108/233/1211 3083/221/1547 3109/234/1555
f 3109/234/1555 3083/221/1547 3110/222/1556
f 3083/221/1547 3084/209/1548 3110/222/1556
f 3110/222/1556 3084/209/1548 3111/223/1557
f 3084/209/1548 3085/210/381 3111/223/1557
f 3085/210/381 3086/211/382 3111/223/1557
f 3111/223/1557 3086/211/382 3112/224/1214
f 3112/224/1214 3086/211/382 3113/225/408
f 3086/211/382 3087/212/383 3113/225/408
f 3114/226/408 3088/213/383 3115/227/409
f 3088/213/383 3089/214/384 3115/227/409
f 3089/214/384 3090/215/385 3115/227/409
f 3115/227/409 3090/215/385 3116/228/1558
f 3116/228/1558 3090/215/385 3117/229/411
f 3090/215/385 3091/216/1549 3117/229/411
f 3117/229/411 3091/216/1549 3118/230/1559
f 3091/216/1549 3092/217/1550 3118/230/1559
f 3092/217/1550 3093/218/388 3118/230/1559
f 3118/230/1559 3093/218/388 3119/231/1216
f 3119/231/1216 3093/218/388 3120/232/1560
f 3093/218/388 3094/219/1551 3120/232/1560
f 3120/232/1560 3094/219/1551 3121/233/1217
f 3094/219/1551 3095/220/390 3121/233/1217
f 3095/220/390 3096/221/391 3121/233/1217
f 3121/233/1217 3096/221/391 3122/234/1561
f 3096/221/391 3097/222/1552 3122/234/1561
f 3122/234/1561 3097/222/1552 3123/235/417
f 3123/235/417 3097/222/1552 3124/236/418
f 3097/222/1552 3098/223/393 3124/236/418
f 3098/223/393 3099/224/1553 3124/236/418
f 3124/236/418 3099/224/1553 3125/237/1562
f 3125/237/1562 3099/224/1553 3126/238/420
f 3099/224/1553 3100/225/395 3126/238/420
f 3101/226/395 3102/227/396 3127/239/420
f 3127/239/420 3102/227/396 3128/240/1563
f 3102/227/396 3103/228/397 3128/240/1563
f 3128/240/1563 3103/228/397 3129/241/422
f 3129/241/422 3103/228/397 3130/242/423
f 3103/228/397 3104/229/1210 3130/242/423
f 3130/242/423 3104/229/1210 3131/243/423
f 3104/229/1210 3105/230/1554 3131/243/423
f 3105/230/1554 3106/231/400 3131/243/423
f 3131/243/423 3106/231/400 3132/244/424
f 3132/244/424 3106/231/400 3133/245/425
f 3106/231/400 3107/232/401 3133/245/425
f 3107/232/401 3108/233/1211 3133/245/425
f 3133/245/425 3108/233/1211 3134/246/426
f 3108/233/1211 3109/234/1555 3134/246/426
f 3134/246/426 3109/234/1555 3135/247/1564
f 3135/247/1564 3109/234/1555 3136/235/1565
f 3109/234/1555 3110/222/1556 3136/235/1565
f 3136/235/1565 3110/222/1556 3137/236/429
f 3110/222/1556 3111/223/1557 3137/236/429
f 3111/223/1557 3112/224/1214 3137/236/429
f 3137/236/429 3112/224/1214 3138/237/1566
f 3138/237/1566 3112/224/1214 3139/238/432
f 3112/224/1214 3113/225/408 3139/238/432
f 3114/226/408 3115/227/409 3140/239/1567
f 3140/239/1567 3115/227/409 3141/240/1568
f 3115/227/409 3116/228/1558 3141/240/1568
f 3141/240/1568 3116/228/1558 3142/241/1569
f 3142/241/1569 3116/228/1558 3143/242/1570
f 3116/228/1558 3117/229/411 3143/242/1570
f 3143/242/1570 3117/229/411 3144/243/435
f 3117/229/411 3118/230/1559 3144/243/435
f 3118/230/1559 3119/231/1216 3144/243/435
f 3144/243/435 3119/231/1216 3145/244/436
f 3145/244/436 3119/231/1216 3146/245/1571
f 3119/231/1216 3120/232/1560 3146/245/1571
f 3120/232/1560 3121/233/1217 3146/245/1571
f 3146/245/1571 3121/233/1217 3147/246/1223
f 3121/233/1217 3122/234/1561 3147/246/1223
f 3147/246/1223 3122/234/1561 3148/247/439
f 3122/234/1561 3123/235/417 3148/247/439
f 3149/248/440 3148/247/439 3150/249/441
f 3148/247/439 3123/235/417 3150/249/441
f 3150/249/441 3123/235/417 3151/250/442
f 3123/235/417 3124/236/418 3151/250/442
f 3124/236/418 3125/237/1562 3151/250/442
f 3151/250/442 3125/237/1562 3152/251/443
f 3152/251/443 3125/237/1562 3153/252/444
f 3125/237/1562 3126/238/420 3153/252/444
f 3127/239/420 3128/240/1563 3154/253/444
f 3154/253/444 3128/240/1563 3155/254/445
f 3128/240/1563 3129/241/422 3155/254/445
f 3155/254/445 3129/241/422 3156/255/1572
f 3156/255/1572 3129/241/422 3157/256/447
f 3129/241/422 3130/242/423 3157/256/447
f 3157/256/447 3130/242/423 3158/257/448
f 3130/242/423 3131/243/423 3158/257/448
f 3131/243/423 3132/244/424 3158/257/448
f 3158/257/448 3132/244/424 3159/258/449
f 3159/258/449 3132/244/424 3160/259/450
f 3132/244/424 3133/245/425 3160/259/450
f 3133/245/425 3134/246/426 3160/259/450
f 3160/259/450 3134/246/426 3161/260/451
f 3134/246/426 3135/247/1564 3161/260/451
f 3161/260/451 3135/247/1564 3162/248/1573
f 3162/248/1573 3135/247/1564 3163/249/1574
f 3135/247/1564 3136/235/1565 3163/249/1574
f 3163/249/1574 3136/235/1565 3164/250/454
f 3136/235/1565 3137/236/429 3164/250/454
f 3137/236/429 3138/237/1566 3164/250/454
f 3164/250/454 3138/237/1566 3165/251/1575
f 3165/251/1575 3138/237/1566 3166/252/456
f 3138/237/1566 3139/238/432 3166/252/456
f 3140/239/1567 3141/240/1568 3167/253/456
f 3167/253/456 3141/240/1568 3168/254/457
f 3141/240/1568 3142/241/1569 3168/254/457
f 3168/254/457 3142/241/1569 3169/255/458
f 3169/255/458 3142/241/1569 3170/256/1576
f 3142/241/1569 3143/242/1570 3170/256/1576
f 3170/256/1576 3143/242/1570 3171/257/460
f 3143/242/1570 3144/243/435 3171/257/460
f 3144/243/435 3145/244/436 3171/257/460
f 3171/257/460 3145/244/436 3172/258/461
f 3172/258/461 3145/244/436 3173/259/462
f 3145/244/436 3146/245/1571 3173/259/462
f 3173/259/462 3146/245/1571 3174/260/463
f 3146/245/1571 3147/246/1223 3174/260/463
f 3147/246/1223 3148/247/439 3174/260/463
f 3148/247/439 3149/248/440 3174/260/463
f 3174/260/463 3149/248/440 3175/261/464
f 3149/248/440 3150/249/441 3175/261/464
f 3175/261/464 3150/249/441 3176/262/465
f 3176/262/465 3150/249/441 3177/263/1577
f 3150/249/441 3151/250/442 3177/263/1577
f 3177/263/1577 3151/250/442 3178/264/1578
f 3151/250/442 3152/251/443 3178/264/1578
f 3152/251/443 3153/252/444 3178/264/1578
f 3178/264/1578 3153/252/444 3179/265/468
f 3154/253/444 3155/254/445 3180/266/468
f 3180/266/468 3155/254/445 3181/267/469
f 3181/267/469 3155/254/445 3182/268/1228
f 3155/254/445 3156/255/1572 3182/268/1228
f 3156/255/1572 3157/256/447 3182/268/1228
f 3182/268/1228 3157/256/447 3183/269/1579
f 3183/269/1579 3157/256/447 3184/270/1230
f 3157/256/447 3158/257/448 3184/270/1230
f 3184/270/1230 3158/257/448 3185/271/1580
f 3158/257/448 3159/258/449 3185/271/1580
f 3159/258/449 3160/259/450 3185/271/1580
f 3185/271/1580 3160/259/450 3186/272/474
f 3160/259/450 3161/260/451 3186/272/474
f 3186/272/474 3161/260/451 3187/273/475
f 3187/273/475 3161/260/451 3188/261/1581
f 3161/260/451 3162/248/1573 3188/261/1581
f 3162/248/1573 3163/249/1574 3188/261/1581
f 3188/261/1581 3163/249/1574 3189/262/1582
f 3189/262/1582 3163/249/1574 3190/263/1583
f 3163/249/1574 3164/250/454 3190/263/1583
f 3190/263/1583 3164/250/454 3191/264/1584
f 3164/250/454 3165/251/1575 3191/264/1584
f 3165/251/1575 3166/252/456 3191/264/1584
f 3191/264/1584 3166/252/456 3192/265/480
f 3167/253/456 3168/254/457 3193/266/480
f 3193/266/480 3168/254/457 3194/267/481
f 3194/267/481 3168/254/457 3195/268/1585
f 3168/254/457 3169/255/458 3195/268/1585
f 3169/255/458 3170/256/1576 3195/268/1585
f 3195/268/1585 3170/256/1576 3196/269/483
f 3196/269/483 3170/256/1576 3197/270/484
f 3170/256/1576 3171/257/460 3197/270/484
f 3197/270/484 3171/257/460 3198/271/485
f 3171/257/460 3172/258/461 3198/271/485
f 3172/258/461 3173/259/462 3198/271/485
f 3198/271/485 3173/259/462 3199/272/486
f 3173/259/462 3174/260/463 3199/272/486
f 3199/272/486 3174/260/463 3200/273/487
f 3174/260/463 3175/261/464 3200/273/487
f 3200/273/487 3175/261/464 3201/274/1250
f 3175/261/464 3176/262/465 3201/274/1250
f 3201/274/1250 3176/262/465 3202/275/489
f 3202/275/489 3176/262/465 3203/276/1586
f 3176/262/465 3177/263/1577 3203/276/1586
f 3203/276/1586 3177/263/1577 3204/277/557
f 3177/263/1577 3178/264/1578 3204/277/557
f 3178/264/1578 3179/265/468 3204/277/557
f 3204/277/557 3179/265/468 3206/278/492
f 3205/279/492 3180/266/468 3207/280/1587
f 3180/266/468 3181/267/469 3207/280/1587
f 3207/280/1587 3181/267/469 3208/281/1259
f 3181/267/469 3182/268/1228 3208/281/1259
f 3182/268/1228 3183/269/1579 3208/281/1259
f 3208/281/1259 3183/269/1579 3209/282/1260
f 3209/282/1260 3183/269/1579 3210/283/560
f 3183/269/1579 3184/270/1230 3210/283/560
f 3210/283/560 3184/270/1230 3211/284/577
f 3184/270/1230 3185/271/1580 3211/284/577
f 3185/271/1580 3186/272/474 3211/284/577
f 3211/284/577 3186/272/474 3212/285/498
f 3212/285/498 3186/272/474 3213/286/1236
f 3186/272/474 3187/273/475 3213/286/1236
f 3213/286/1236 3187/273/475 3214/274/500
f 3187/273/475 3188/261/1581 3214/274/500
f 3188/261/1581 3189/262/1582 3214/274/500
f 3214/274/500 3189/262/1582 3215/275/1237
f 3215/275/1237 3189/262/1582 3216/276/563
f 3189/262/1582 3190/263/1583 3216/276/563
f 3216/276/563 3190/263/1583 3217/277/503
f 3190/263/1583 3191/264/1584 3217/277/503
f 3191/264/1584 3192/265/480 3217/277/503
f 3217/277/503 3192/265/480 3219/278/504
f 3218/279/504 3193/266/480 3220/280/505
f 3193/266/480 3194/267/481 3220/280/505
f 3220/280/505 3194/267/481 3221/281/1239
f 3194/267/481 3195/268/1585 3221/281/1239
f 3195/268/1585 3196/269/483 3221/281/1239
f 3221/281/1239 3196/269/483 3222/282/507
f 3222/282/507 3196/269/483 3223/283/551
f 3196/269/483 3197/270/484 3223/283/551
f 3223/283/551 3197/270/484 3224/284/509
f 3197/270/484 3198/271/485 3224/284/509
f 3198/271/485 3199/272/486 3224/284/509
f 3224/284/509 3199/272/486 3225/285/510
f 3225/285/510 3199/272/486 3226/286/511
f 3199/272/486 3200/273/487 3226/286/511
f 3200/273/487 3201/274/1250 3226/286/511
f 3228/287/1588 3229/288/1589 3230/289/514
f 3229/288/1589 3231/290/515 3230/289/514
f 3230/289/514 3231/290/515 3232/291/516
f 3231/290/515 3233/292/1241 3232/291/516
f 3232/291/516 3233/292/1241 3234/293/518
f 3233/292/1241 3235/294/519 3234/293/518
f 3235/294/519 3236/295/520 3234/293/518
f 3234/293/518 3236/295/520 3237/296/1242
f 3238/297/522 3239/298/523 3240/299/523
s 0
f 3240/299/523 3239/298/523 3241/300/523
f 3241/300/523 3239/298/523 3242/301/523
s 1
f 3243/302/1590 3242/301/523 3244/303/1245
f 3242/301/523 3239/298/523 3244/303/1245
f 3244/303/1245 3239/298/523 3245/304/526
f 3245/304/526 3239/298/523 3246/305/527
f 3239/298/523 3238/297/522 3246/305/527
f 3246/305/527 3238/297/522 3248/306/534
f 3248/306/534 3238/297/522 3250/307/489
f 3252/308/490 3250/307/489 3253/309/1258
f 3250/307/489 3238/297/522 3253/309/1258
f 3238/297/522 3240/299/523 3253/309/1258
f 3253/309/1258 3240/299/523 3254/310/1246
f 3254/310/1246 3240/299/523 3255/311/531
f 3256/312/531 3255/311/531 3257/313/523
f 3255/311/531 3240/299/523 3257/313/523
s 0
f 3240/299/523 3241/300/523 3257/313/523
f 3257/313/523 3241/300/523 3258/314/523
f 3258/314/523 3241/300/523 3259/315/523
f 3259/315/523 3241/300/523 3260/316/523
f 3260/316/523 3241/300/523 3261/317/523
f 3241/300/523 3242/301/523 3261/317/523
s 1
f 3261/317/523 3242/301/523 3262/318/1248
f 3262/318/1248 3242/301/523 3263/319/1249
f 3242/301/523 3243/302/1590 3263/319/1249
f 3263/319/1249 3243/302/1590 3265/320/1257
f 3265/320/1257 3243/302/1590 3267/321/552
f 3243/302/1590 3244/303/1245 3267/321/552
f 3267/321/552 3244/303/1245 3269/322/510
f 3244/303/1245 3245/304/526 3269/322/510
f 3269/322/510 3245/304/526 3270/323/511
f 3245/304/526 3246/305/527 3270/323/511
f 3246/305/527 3248/306/534 3270/323/511
f 3271/324/511 3247/325/1591 3273/326/511
f 3273/326/511 3247/325/1591 3275/327/1250
f 3247/325/1591 3249/328/489 3275/327/1250
f 3275/327/1250 3249/328/489 3277/329/489
f 3249/328/489 3251/330/1586 3277/329/489
f 3277/329/489 3251/330/1586 3279/331/1592
f 3279/331/1592 3251/330/1586 3280/332/536
f 3252/308/490 3253/309/1258 3281/333/536
f 3253/309/1258 3254/310/1246 3281/333/536
f 3281/333/536 3254/310/1246 3284/334/492
f 3254/310/1246 3255/311/531 3284/334/492
f 3255/311/531 3256/312/531 3284/334/492
f 3284/334/492 3256/312/531 3286/335/493
f 3286/335/493 3256/312/531 3287/336/1593
f 3256/312/531 3257/313/523 3287/336/1593
f 3287/336/1593 3257/313/523 3288/337/1594
f 3257/313/523 3258/314/523 3288/337/1594
f 3288/337/1594 3258/314/523 3289/338/1277
f 3289/338/1277 3258/314/523 3290/339/1595
f 3290/339/1595 3258/314/523 3291/340/541
f 3258/314/523 3259/315/523 3291/340/541
f 3291/340/541 3259/315/523 3292/341/1596
f 3292/341/1596 3259/315/523 3293/342/1253
f 3293/342/1253 3259/315/523 3294/343/1254
f 3259/315/523 3260/316/523 3294/343/1254
f 3294/343/1254 3260/316/523 3295/344/545
f 3295/344/545 3260/316/523 3296/345/546
f 3296/345/546 3260/316/523 3297/346/1597
f 3260/316/523 3261/317/523 3297/346/1597
f 3297/346/1597 3261/317/523 3298/347/547
f 3298/347/547 3261/317/523 3299/348/1255
f 3261/317/523 3262/318/1248 3299/348/1255
f 3299/348/1255 3262/318/1248 3301/349/550
f 3301/349/550 3262/318/1248 3302/350/507
f 3262/318/1248 3263/319/1249 3302/350/507
f 3263/319/1249 3265/320/1257 3302/350/507
f 3303/351/507 3264/352/1257 3305/353/1256
f 3305/353/1256 3264/352/1257 3307/354/1598
f 3264/352/1257 3266/355/552 3307/354/1598
f 3307/354/1598 3266/355/552 3309/356/509
f 3266/355/552 3268/357/510 3309/356/509
f 3309/356/509 3268/357/510 3310/358/510
f 3268/357/510 3271/324/511 3310/358/510
f 3271/324/511 3273/326/511 3310/358/510
f 3311/359/510 3272/360/511 3312/361/525
f 3312/361/525 3272/360/511 3313/362/526
f 3272/360/511 3274/363/1250 3313/362/526
f 3313/362/526 3274/363/1250 3314/364/554
f 3274/363/1250 3276/365/489 3314/364/554
f 3314/364/554 3276/365/489 3315/366/1599
f 3276/365/489 3278/367/1586 3315/366/1599
f 3315/366/1599 3278/367/1586 3316/368/1600
f 3316/368/1600 3278/367/1586 3317/369/556
f 3279/331/1592 3280/332/536 3318/370/556
f 3280/332/536 3282/371/492 3318/370/556
f 3318/370/556 3282/371/492 3319/372/492
f 3283/373/492 3285/374/493 3321/375/492
f 3321/375/492 3285/374/493 3323/376/493
f 3323/376/493 3285/374/493 3324/377/558
f 3286/335/493 3287/336/1593 3325/378/558
f 3287/336/1593 3288/337/1594 3325/378/558
f 3325/378/558 3288/337/1594 3327/379/1260
f 3288/337/1594 3289/338/1277 3327/379/1260
f 3327/379/1260 3289/338/1277 3329/380/576
f 3289/338/1277 3290/339/1595 3329/380/576
f 3329/380/576 3290/339/1595 3331/381/561
f 3290/339/1595 3291/340/541 3331/381/561
f 3331/381/561 3291/340/541 3333/382/498
f 3291/340/541 3292/341/1596 3333/382/498
f 3333/382/498 3292/341/1596 3335/383/499
f 3292/341/1596 3293/342/1253 3335/383/499
f 3335/383/499 3293/342/1253 3337/384/500
f 3293/342/1253 3294/343/1254 3337/384/500
f 3337/384/500 3294/343/1254 3339/385/562
f 3294/343/1254 3295/344/545 3339/385/562
f 3339/385/562 3295/344/545 3341/386/563
f 3295/344/545 3296/345/546 3341/386/563
f 3341/386/563 3296/345/546 3343/387/503
f 3296/345/546 3297/346/1597 3343/387/503
f 3343/387/503 3297/346/1597 3346/388/504
f 3297/346/1597 3298/347/547 3346/388/504
f 3346/388/504 3298/347/547 3347/389/505
f 3298/347/547 3299/348/1255 3347/389/505
f 3299/348/1255 3301/349/550 3347/389/505
f 3350/376/505 3348/374/505 3351/390/550
f 3348/374/505 3300/377/506 3351/390/550
f 3300/377/506 3303/351/507 3351/390/550
f 3303/351/507 3305/353/1256 3351/390/550
f 3352/391/550 3304/392/507 3353/393/566
f 3304/392/507 3306/394/1257 3353/393/566
f 3353/393/566 3306/394/1257 3354/395/568
f 3306/394/1257 3308/396/552 3354/395/568
f 3354/395/568 3308/396/552 3355/397/569
f 3308/396/552 3311/359/510 3355/397/569
f 3311/359/510 3312/361/525 3355/397/569
f 3355/397/569 3312/361/525 3356/398/571
f 3356/398/571 3312/361/525 3357/399/571
f 3312/361/525 3313/362/526 3357/399/571
f 3313/362/526 3314/364/554 3357/399/571
f 3357/399/571 3314/364/554 3358/400/1601
f 3358/400/1601 3314/364/554 3359/401/574
f 3314/364/554 3315/366/1599 3359/401/574
f 3359/401/574 3315/366/1599 3360/402/1602
f 3315/366/1599 3316/368/1600 3360/402/1602
f 3360/402/1602 3316/368/1600 3361/403/575
f 3316/368/1600 3317/369/556 3361/403/575
f 3317/369/556 3320/404/492 3361/403/575
f 3361/403/575 3320/404/492 3362/405/531
f 3320/404/492 3322/406/493 3362/405/531
f 3362/405/531 3322/406/493 3363/407/531
f 3363/407/531 3322/406/493 3364/408/558
f 3323/376/493 3324/377/558 3365/390/1259
f 3324/377/558 3326/351/1260 3365/390/1259
f 3365/390/1259 3326/351/1260 3367/353/1260
f 3326/351/1260 3328/352/1261 3367/353/1260
f 3367/353/1260 3328/352/1261 3369/354/576
f 3328/352/1261 3330/355/561 3369/354/576
f 3369/354/576 3330/355/561 3371/356/577
f 3330/355/561 3332/357/498 3371/356/577
f 3371/356/577 3332/357/498 3373/358/498
f 3332/357/498 3334/324/499 3373/358/498
f 3373/358/498 3334/324/499 3375/326/499
f 3334/324/499 3336/325/1603 3375/326/499
f 3375/326/499 3336/325/1603 3377/327/1262
f 3336/325/1603 3338/328/1237 3377/327/1262
f 3377/327/1262 3338/328/1237 3379/329/562
f 3338/328/1237 3340/330/563 3379/329/562
f 3379/329/562 3340/330/563 3381/331/563
f 3340/330/563 3342/332/1268 3381/331/563
f 3381/331/563 3342/332/1268 3383/370/503
f 3342/332/1268 3344/371/504 3383/370/503
f 3383/370/503 3344/371/504 3385/372/504
f 3345/373/504 3348/374/505 3384/375/504
f 3348/374/505 3350/376/505 3384/375/504
f 3386/409/504 3349/410/505 3387/411/1604
f 3387/411/1604 3349/410/505 3388/412/547
f 3349/410/505 3352/391/550 3388/412/547
f 3388/412/547 3352/391/550 3389/413/1269
f 3352/391/550 3353/393/566 3389/413/1269
f 3389/413/1269 3353/393/566 3390/414/579
f 3390/414/579 3353/393/566 3391/415/1605
f 3353/393/566 3354/395/568 3391/415/1605
f 3354/395/568 3355/397/569 3391/415/1605
f 3391/415/1605 3355/397/569 3392/416/1606
f 3355/397/569 3356/398/571 3392/416/1606
f 3392/416/1606 3356/398/571 3393/417/582
f 3393/417/582 3356/398/571 3394/418/582
f 3356/398/571 3357/399/571 3394/418/582
f 3357/399/571 3358/400/1601 3394/418/582
f 3394/418/582 3358/400/1601 3395/419/1607
f 3395/419/1607 3358/400/1601 3396/420/584
f 3358/400/1601 3359/401/574 3396/420/584
f 3359/401/574 3360/402/1602 3396/420/584
f 3396/420/584 3360/402/1602 3397/421/1608
f 3397/421/1608 3360/402/1602 3398/422/1609
f 3360/402/1602 3361/403/575 3398/422/1609
f 3398/422/1609 3361/403/575 3399/423/1610
f 3361/403/575 3362/405/531 3399/423/1610
f 3399/423/1610 3362/405/531 3400/424/586
f 3362/405/531 3363/407/531 3400/424/586
f 3400/424/586 3363/407/531 3401/425/587
f 3363/407/531 3364/408/558 3401/425/587
f 3364/408/558 3366/426/1260 3401/425/587
f 3401/425/587 3366/426/1260 3402/427/1611
f 3366/426/1260 3368/428/576 3402/427/1611
f 3402/427/1611 3368/428/576 3403/429/1277
f 3368/428/576 3370/430/561 3403/429/1277
f 3403/429/1277 3370/430/561 3404/431/589
f 3370/430/561 3372/432/498 3404/431/589
f 3404/431/589 3372/432/498 3405/433/1612
f 3372/432/498 3374/434/499 3405/433/1612
f 3405/433/1612 3374/434/499 3406/435/542
f 3374/434/499 3376/436/590 3406/435/542
f 3406/435/542 3376/436/590 3407/437/591
f 3376/436/590 3378/438/562 3407/437/591
f 3407/437/591 3378/438/562 3408/439/592
f 3378/438/562 3380/440/563 3408/439/592
f 3408/439/592 3380/440/563 3409/441/1613
f 3380/440/563 3382/442/503 3409/441/1613
f 3409/441/1613 3382/442/503 3410/443/1280
f 3382/442/503 3386/409/504 3410/443/1280
f 3386/409/504 3387/411/1604 3410/443/1280
f 3410/443/1280 3387/411/1604 3411/444/595
f 3411/444/595 3387/411/1604 3412/445/595
f 3387/411/1604 3388/412/547 3412/445/595
f 3388/412/547 3389/413/1269 3412/445/595
f 3412/445/595 3389/413/1269 3413/446/596
f 3389/413/1269 3390/414/579 3413/446/596
f 3413/446/596 3390/414/579 3414/447/598
f 3390/414/579 3391/415/1605 3414/447/598
f 3414/447/598 3391/415/1605 3415/448/598
f 3391/415/1605 3392/416/1606 3415/448/598
f 3415/448/598 3392/416/1606 3416/449/1614
f 3392/416/1606 3393/417/582 3416/449/1614
f 3416/449/1614 3393/417/582 3417/450/600
f 3417/450/600 3393/417/582 3418/451/1615
f 3393/417/582 3394/418/582 3418/451/1615
f 3394/418/582 3395/419/1607 3418/451/1615
f 3395/419/1607 3419/452/1616 3418/451/1615
f 3418/451/1615 3419/452/1616 3420/453/1617
f 3419/452/1616 3421/454/604 3420/453/1617
f 3420/453/1617 3421/454/604 3422/455/605
f 3421/454/604 3423/456/606 3422/455/605
f 3422/455/605 3423/456/606 3424/457/1286
f 3424/457/1286 3423/456/606 3425/458/608
f 3425/458/608 3423/456/606 3426/459/1618
f 3426/459/1618 3423/456/606 3427/460/610
f 3423/456/606 3421/454/604 3427/460/610
f 3427/460/610 3421/454/604 3428/461/611
f 3421/454/604 3419/452/1616 3428/461/611
f 3428/461/611 3419/452/1616 3429/462/612
f 3419/452/1616 3395/419/1607 3429/462/612
f 3395/419/1607 3396/420/584 3429/462/612
f 3396/420/584 3397/421/1608 3429/462/612
f 3429/462/612 3397/421/1608 3430/463/612
f 3430/463/612 3397/421/1608 3431/464/1619
f 3397/421/1608 3398/422/1609 3431/464/1619
f 3431/464/1619 3398/422/1609 3432/465/1620
f 3398/422/1609 3399/423/1610 3432/465/1620
f 3432/465/1620 3399/423/1610 3433/466/1621
f 3399/423/1610 3400/424/586 3433/466/1621
f 3433/466/1621 3400/424/586 3434/467/616
f 3400/424/586 3401/425/587 3434/467/616
f 3434/467/616 3401/425/587 3435/468/1287
f 3401/425/587 3402/427/1611 3435/468/1287
f 3435/468/1287 3402/427/1611 3436/469/617
f 3402/427/1611 3403/429/1277 3436/469/617
f 3403/429/1277 3404/431/589 3436/469/617
f 3436/469/617 3404/431/589 3437/470/1288
f 3437/470/1288 3404/431/589 3438/471/1622
f 3404/431/589 3405/433/1612 3438/471/1622
f 3438/471/1622 3405/433/1612 3439/472/619
f 3405/433/1612 3406/435/542 3439/472/619
f 3406/435/542 3407/437/591 3439/472/619
f 3439/472/619 3407/437/591 3440/473/621
f 3440/473/621 3407/437/591 3441/474/622
f 3407/437/591 3408/439/592 3441/474/622
f 3441/474/622 3408/439/592 3442/475/622
f 3408/439/592 3409/441/1613 3442/475/622
f 3409/441/1613 3410/443/1280 3442/475/622
f 3442/475/622 3410/443/1280 3443/476/623
f 3410/443/1280 3411/444/595 3443/476/623
f 3443/476/623 3411/444/595 3444/477/625
f 3444/477/625 3411/444/595 3445/478/625
f 3411/444/595 3412/445/595 3445/478/625
f 3412/445/595 3413/446/596 3445/478/625
f 3445/478/625 3413/446/596 3446/479/626
f 3413/446/596 3414/447/598 3446/479/626
f 3446/479/626 3414/447/598 3447/480/628
f 3414/447/598 3415/448/598 3447/480/628
f 3447/480/628 3415/448/598 3448/481/628
f 3415/448/598 3416/449/1614 3448/481/628
f 3448/481/628 3416/449/1614 3449/482/1295
f 3416/449/1614 3417/450/600 3449/482/1295
f 3449/482/1295 3417/450/600 3450/483/630
f 3417/450/600 3418/451/1615 3450/483/630
f 3418/451/1615 3420/453/1617 3450/483/630
f 3450/483/630 3420/453/1617 3451/484/631
f 3420/453/1617 3422/455/605 3451/484/631
f 3422/455/605 3424/457/1286 3451/484/631
f 3451/484/631 3424/457/1286 3452/485/632
f 3452/485/632 3424/457/1286 3453/486/1296
f 3424/457/1286 3425/458/608 3453/486/1296
f 3425/458/608 3454/487/634 3453/486/1296
f 3454/487/634 3455/488/1297 3453/486/1296
f 3453/486/1296 3455/488/1297 3456/489/636
f 3455/488/1297 3457/490/637 3456/489/636
f 3456/489/636 3457/490/637 3458/491/638
f 3457/490/637 3459/492/639 3458/491/638
f 3458/491/638 3459/492/639 3460/493/640
f 3460/493/640 3459/492/639 3461/494/641
f 3459/492/639 3462/495/642 3461/494/641
f 3462/495/642 3463/496/643 3461/494/641
f 3461/494/641 3463/496/643 3464/497/644
f 3463/496/643 3466/498/645 3464/497/644
f 3464/497/644 3466/498/645 3467/499/646
f 3465/500/1623 3469/501/648 3468/502/498
f 3468/502/498 3469/501/648 3470/503/649
f 3470/503/649 3469/501/648 3471/504/1624
f 3469/501/648 3472/505/651 3471/504/1624
f 3472/505/651 3473/506/1625 3471/504/1624
f 3471/504/1624 3473/506/1625 3474/507/653
f 3474/507/653 3473/506/1625 3475/508/1303
f 3473/506/1625 3476/509/1626 3475/508/1303
f 3475/508/1303 3476/509/1626 3477/510/1304
f 3476/509/1626 3478/511/1627 3477/510/1304
f 3477/510/1304 3478/511/1627 3479/512/658
f 3478/511/1627 3237/296/1242 3479/512/658
f 3479/512/658 3237/296/1242 3480/513/659
f 3237/296/1242 3236/295/520 3480/513/659
f 3236/295/520 3235/294/519 3480/513/659
f 3235/294/519 3481/514/660 3480/513/659
f 3480/513/659 3481/514/660 3482/515/661
f 3481/514/660 3483/516/1628 3482/515/661
f 3482/515/661 3483/516/1628 3484/517/663
f 3483/516/1628 3485/518/1629 3484/517/663
f 3484/517/663 3485/518/1629 3486/519/665
f 3487/520/1630 3486/519/665 3488/521/667
f 3486/519/665 3485/518/1629 3488/521/667
f 3485/518/1629 3483/516/1628 3488/521/667
f 3488/521/667 3483/516/1628 3489/522/668
f 3483/516/1628 3481/514/660 3489/522/668
f 3489/522/668 3481/514/660 3490/523/669
f 3490/523/669 3481/514/660 3491/524/1307
f 3481/514/660 3235/294/519 3491/524/1307
f 3235/294/519 3233/292/1241 3491/524/1307
f 3491/524/1307 3233/292/1241 3492/525/1308
f 3492/525/1308 3233/292/1241 3493/526/1631
f 3233/292/1241 3231/290/515 3493/526/1631
f 3493/526/1631 3231/290/515 3494/527/1632
f 3231/290/515 3229/288/1589 3494/527/1632
f 3229/288/1589 3228/287/1588 3494/527/1632
f 3494/527/1632 3228/287/1588 3495/528/1310
f 3497/529/1633 3498/530/676 3499/531/677
f 3498/530/676 3496/532/1310 3499/531/677
f 3496/532/1310 3227/533/1634 3499/531/677
f 3499/531/677 3227/533/1634 3500/534/680
f 3228/287/1588 3230/289/514 3501/535/1313
f 3501/535/1313 3230/289/514 3502/536/1635
f 3230/289/514 3232/291/516 3502/536/1635
f 3502/536/1635 3232/291/516 3503/537/1636
f 3503/537/1636 3232/291/516 3504/538/1315
f 3232/291/516 3234/293/518 3504/538/1315
f 3234/293/518 3237/296/1242 3504/538/1315
f 3237/296/1242 3478/511/1627 3504/538/1315
f 3504/538/1315 3478/511/1627 3505/539/1637
f 3478/511/1627 3476/509/1626 3505/539/1637
f 3505/539/1637 3476/509/1626 3506/540/685
f 3476/509/1626 3473/506/1625 3506/540/685
f 3506/540/685 3473/506/1625 3507/541/1638
f 3507/541/1638 3473/506/1625 3508/542/1639
f 3473/506/1625 3472/505/651 3508/542/1639
f 3472/505/651 3469/501/648 3508/542/1639
f 3508/542/1639 3469/501/648 3509/543/1640
f 3509/543/1640 3469/501/648 3510/544/1641
f 3469/501/648 3465/500/1623 3510/544/1641
f 3511/545/1642 3466/498/645 3512/546/1317
f 3466/498/645 3463/496/643 3512/546/1317
f 3512/546/1317 3463/496/643 3513/547/1318
f 3463/496/643 3462/495/642 3513/547/1318
f 3462/495/642 3459/492/639 3513/547/1318
f 3513/547/1318 3459/492/639 3514/548/693
f 3514/548/693 3459/492/639 3515/549/1643
f 3459/492/639 3457/490/637 3515/549/1643
f 3515/549/1643 3457/490/637 3516/550/1319
f 3457/490/637 3455/488/1297 3516/550/1319
f 3516/550/1319 3455/488/1297 3517/551/1644
f 3455/488/1297 3454/487/634 3517/551/1644
f 3454/487/634 3425/458/608 3517/551/1644
f 3425/458/608 3426/459/1618 3517/551/1644
f 3517/551/1644 3426/459/1618 3518/552/609
f 3518/552/609 3426/459/1618 3519/553/610
f 3426/459/1618 3427/460/610 3519/553/610
f 3427/460/610 3428/461/611 3519/553/610
f 3519/553/610 3428/461/611 3520/554/1645
f 3428/461/611 3429/462/612 3520/554/1645
f 3429/462/612 3430/463/612 3520/554/1645
f 3520/554/1645 3430/463/612 3521/555/1646
f 3430/463/612 3431/464/1619 3521/555/1646
f 3521/555/1646 3431/464/1619 3522/556/1647
f 3431/464/1619 3432/465/1620 3522/556/1647
f 3522/556/1647 3432/465/1620 3523/557/1648
f 3432/465/1620 3433/466/1621 3523/557/1648
f 3523/557/1648 3433/466/1621 3524/558/1649
f 3433/466/1621 3434/467/616 3524/558/1649
f 3524/558/1649 3434/467/616 3525/559/1650
f 3434/467/616 3435/468/1287 3525/559/1650
f 3435/468/1287 3436/469/617 3525/559/1650
f 3525/559/1650 3436/469/617 3526/560/702
f 3436/469/617 3437/470/1288 3526/560/702
f 3526/560/702 3437/470/1288 3527/561/703
f 3527/561/703 3437/470/1288 3528/562/1322
f 3437/470/1288 3438/471/1622 3528/562/1322
f 3528/562/1322 3438/471/1622 3529/563/705
f 3438/471/1622 3439/472/619 3529/563/705
f 3439/472/619 3440/473/621 3529/563/705
f 3529/563/705 3440/473/621 3530/564/1651
f 3530/564/1651 3440/473/621 3531/565/1652
f 3440/473/621 3441/474/622 3531/565/1652
f 3441/474/622 3442/475/622 3531/565/1652
f 3531/565/1652 3442/475/622 3532/566/707
f 3442/475/622 3443/476/623 3532/566/707
f 3532/566/707 3443/476/623 3533/567/1325
f 3443/476/623 3444/477/625 3533/567/1325
f 3533/567/1325 3444/477/625 3534/568/1326
f 3534/568/1326 3444/477/625 3535/569/1653
f 3444/477/625 3445/478/625 3535/569/1653
f 3445/478/625 3446/479/626 3535/569/1653
f 3535/569/1653 3446/479/626 3536/570/1654
f 3446/479/626 3447/480/628 3536/570/1654
f 3536/570/1654 3447/480/628 3537/571/714
f 3537/571/714 3447/480/628 3538/572/714
f 3447/480/628 3448/481/628 3538/572/714
f 3448/481/628 3449/482/1295 3538/572/714
f 3538/572/714 3449/482/1295 3539/573/1655
f 3449/482/1295 3450/483/630 3539/573/1655
f 3450/483/630 3451/484/631 3539/573/1655
f 3539/573/1655 3451/484/631 3540/574/716
f 3451/484/631 3452/485/632 3540/574/716
f 3540/574/716 3452/485/632 3541/575/717
f 3542/576/1656 3541/575/717 3543/577/1657
f 3541/575/717 3452/485/632 3543/577/1657
f 3452/485/632 3453/486/1296 3543/577/1657
f 3543/577/1657 3453/486/1296 3544/578/720
f 3453/486/1296 3456/489/636 3544/578/720
f 3456/489/636 3458/491/638 3544/578/720
f 3544/578/720 3458/491/638 3545/579/721
f 3458/491/638 3460/493/640 3545/579/721
f 3545/579/721 3460/493/640 3546/580/722
f 3460/493/640 3461/494/641 3546/580/722
f 3546/580/722 3461/494/641 3547/581/723
f 3547/581/723 3461/494/641 3548/582/1327
f 3461/494/641 3464/497/644 3548/582/1327
f 3464/497/644 3467/499/646 3548/582/1327
f 3548/582/1327 3467/499/646 3549/583/646
f 3550/584/725 3468/502/498 3551/585/726
f 3468/502/498 3470/503/649 3551/585/726
f 3470/503/649 3471/504/1624 3551/585/726
f 3551/585/726 3471/504/1624 3552/586/726
f 3471/504/1624 3474/507/653 3552/586/726
f 3552/586/726 3474/507/653 3553/587/727
f 3474/507/653 3475/508/1303 3553/587/727
f 3553/587/727 3475/508/1303 3554/588/728
f 3475/508/1303 3477/510/1304 3554/588/728
f 3554/588/728 3477/510/1304 3555/589/729
f 3477/510/1304 3479/512/658 3555/589/729
f 3555/589/729 3479/512/658 3556/590/1658
f 3479/512/658 3480/513/659 3556/590/1658
f 3480/513/659 3482/515/661 3556/590/1658
f 3556/590/1658 3482/515/661 3557/591/731
f 3482/515/661 3484/517/663 3557/591/731
f 3557/591/731 3484/517/663 3558/592/1659
f 3484/517/663 3486/519/665 3558/592/1659
f 3559/593/1329 3558/592/1659 3560/594/1660
f 3558/592/1659 3486/519/665 3560/594/1660
f 3486/519/665 3487/520/1630 3560/594/1660
f 3487/520/1630 3561/595/666 3560/594/1660
f 3560/594/1660 3561/595/666 3562/529/1661
f 3563/596/1662 3565/528/1663 3567/597/738
f 3566/598/738 3564/532/739 3568/599/738
f 3564/532/739 3569/530/740 3568/599/738
f 3568/599/738 3569/530/740 3570/600/741
f 3569/530/740 3562/529/1661 3570/600/741
f 3562/529/1661 3561/595/666 3570/600/741
f 3570/600/741 3561/595/666 3571/601/742
f 3561/595/666 3487/520/1630 3571/601/742
f 3571/601/742 3487/520/1630 3572/602/742
f 3572/602/742 3487/520/1630 3573/603/743
f 3487/520/1630 3488/521/667 3573/603/743
f 3488/521/667 3489/522/668 3573/603/743
f 3573/603/743 3489/522/668 3574/604/1664
f 3574/604/1664 3489/522/668 3575/605/1664
f 3489/522/668 3490/523/669 3575/605/1664
f 3575/605/1664 3490/523/669 3576/606/745
f 3490/523/669 3491/524/1307 3576/606/745
f 3491/524/1307 3492/525/1308 3576/606/745
f 3576/606/745 3492/525/1308 3577/607/747
f 3492/525/1308 3493/526/1631 3577/607/747
f 3577/607/747 3493/526/1631 3578/608/747
f 3578/608/747 3493/526/1631 3579/596/1330
f 3493/526/1631 3494/527/1632 3579/596/1330
f 3494/527/1632 3495/528/1310 3579/596/1330
f 3579/596/1330 3495/528/1310 3581/597/749
f 3580/598/749 3496/532/1310 3582/599/749
f 3496/532/1310 3498/530/676 3582/599/749
f 3582/599/749 3498/530/676 3583/600/751
f 3498/530/676 3497/529/1633 3583/600/751
f 3497/529/1633 3584/595/1665 3583/600/751
f 3583/600/751 3584/595/1665 3585/601/1666
f 3584/595/1665 3586/520/752 3585/601/1666
f 3585/601/1666 3586/520/752 3587/602/753
f 3587/602/753 3586/520/752 3588/603/754
f 3588/603/754 3586/520/752 3589/521/1331
f 3590/518/1667 3589/521/1331 3591/519/1668
f 3589/521/1331 3586/520/752 3591/519/1668
f 3591/519/1668 3586/520/752 3592/594/1332
f 3586/520/752 3584/595/1665 3592/594/1332
f 3584/595/1665 3497/529/1633 3592/594/1332
f 3592/594/1332 3497/529/1633 3593/609/1333
f 3497/529/1633 3499/531/677 3593/609/1333
f 3594/610/1669 3593/609/1333 3595/611/761
f 3593/609/1333 3499/531/677 3595/611/761
f 3499/531/677 3500/534/680 3595/611/761
f 3595/611/761 3500/534/680 3596/612/1670
f 3501/535/1313 3502/536/1635 3597/613/1670
f 3597/613/1670 3502/536/1635 3598/614/764
f 3502/536/1635 3503/537/1636 3598/614/764
f 3598/614/764 3503/537/1636 3599/615/765
f 3503/537/1636 3504/538/1315 3599/615/765
f 3504/538/1315 3505/539/1637 3599/615/765
f 3505/539/1637 3506/540/685 3599/615/765
f 3599/615/765 3506/540/685 3600/616/766
f 3600/616/766 3506/540/685 3601/617/767
f 3506/540/685 3507/541/1638 3601/617/767
f 3601/617/767 3507/541/1638 3602/618/1671
f 3507/541/1638 3508/542/1639 3602/618/1671
f 3602/618/1671 3508/542/1639 3603/619/1672
f 3508/542/1639 3509/543/1640 3603/619/1672
f 3509/543/1640 3510/544/1641 3603/619/1672
f 3603/619/1672 3510/544/1641 3604/620/1237
f 3511/545/1642 3512/546/1317 3605/621/770
f 3605/621/770 3512/546/1317 3606/622/1673
f 3512/546/1317 3513/547/1318 3606/622/1673
f 3606/622/1673 3513/547/1318 3607/623/692
f 3513/547/1318 3514/548/693 3607/623/692
f 3607/623/692 3514/548/693 3608/624/693
f 3514/548/693 3515/549/1643 3608/624/693
f 3608/624/693 3515/549/1643 3609/625/772
f 3609/625/772 3515/549/1643 3610/626/1319
f 3515/549/1643 3516/550/1319 3610/626/1319
f 3516/550/1319 3517/551/1644 3610/626/1319
f 3610/626/1319 3517/551/1644 3611/627/696
f 3517/551/1644 3518/552/609 3611/627/696
f 3612/628/1674 3611/627/696 3613/629/774
f 3611/627/696 3518/552/609 3613/629/774
f 3613/629/774 3518/552/609 3614/630/1337
f 3518/552/609 3519/553/610 3614/630/1337
f 3614/630/1337 3519/553/610 3615/631/1675
f 3519/553/610 3520/554/1645 3615/631/1675
f 3520/554/1645 3521/555/1646 3615/631/1675
f 3615/631/1675 3521/555/1646 3616/632/777
f 3521/555/1646 3522/556/1647 3616/632/777
f 3522/556/1647 3523/557/1648 3616/632/777
f 3616/632/777 3523/557/1648 3617/633/778
f 3617/633/778 3523/557/1648 3618/634/1676
f 3523/557/1648 3524/558/1649 3618/634/1676
f 3618/634/1676 3524/558/1649 3619/635/1677
f 3524/558/1649 3525/559/1650 3619/635/1677
f 3525/559/1650 3526/560/702 3619/635/1677
f 3619/635/1677 3526/560/702 3620/636/781
f 3526/560/702 3527/561/703 3620/636/781
f 3620/636/781 3527/561/703 3621/637/782
f 3621/637/782 3527/561/703 3622/638/783
f 3527/561/703 3528/562/1322 3622/638/783
f 3622/638/783 3528/562/1322 3623/639/1339
f 3528/562/1322 3529/563/705 3623/639/1339
f 3529/563/705 3530/564/1651 3623/639/1339
f 3623/639/1339 3530/564/1651 3624/640/1678
f 3624/640/1678 3530/564/1651 3625/641/786
f 3530/564/1651 3531/565/1652 3625/641/786
f 3531/565/1652 3532/566/707 3625/641/786
f 3625/641/786 3532/566/707 3626/642/786
f 3532/566/707 3533/567/1325 3626/642/786
f 3626/642/786 3533/567/1325 3627/643/1341
f 3533/567/1325 3534/568/1326 3627/643/1341
f 3627/643/1341 3534/568/1326 3628/644/788
f 3534/568/1326 3535/569/1653 3628/644/788
f 3628/644/788 3535/569/1653 3629/645/1679
f 3535/569/1653 3536/570/1654 3629/645/1679
f 3629/645/1679 3536/570/1654 3630/646/790
f 3536/570/1654 3537/571/714 3630/646/790
f 3630/646/790 3537/571/714 3631/647/792
f 3631/647/792 3537/571/714 3632/648/792
f 3537/571/714 3538/572/714 3632/648/792
f 3538/572/714 3539/573/1655 3632/648/792
f 3539/573/1655 3540/574/716 3632/648/792
f 3632/648/792 3540/574/716 3633/649/793
f 3540/574/716 3541/575/717 3633/649/793
f 3633/649/793 3541/575/717 3634/650/1680
f 3541/575/717 3542/576/1656 3634/650/1680
f 3634/650/1680 3542/576/1656 3635/651/795
f 3542/576/1656 3543/577/1657 3635/651/795
f 3543/577/1657 3544/578/720 3635/651/795
f 3635/651/795 3544/578/720 3636/652/1681
f 3544/578/720 3545/579/721 3636/652/1681
f 3636/652/1681 3545/579/721 3637/653/797
f 3545/579/721 3546/580/722 3637/653/797
f 3546/580/722 3547/581/723 3637/653/797
f 3637/653/797 3547/581/723 3638/654/798
f 3638/654/798 3547/581/723 3639/655/799
f 3547/581/723 3548/582/1327 3639/655/799
f 3639/655/799 3548/582/1327 3640/656/800
f 3548/582/1327 3549/583/646 3640/656/800
f 3550/584/725 3551/585/726 3641/657/1682
f 3641/657/1682 3551/585/726 3642/658/1683
f 3551/585/726 3552/586/726 3642/658/1683
f 3642/658/1683 3552/586/726 3643/659/803
f 3552/586/726 3553/587/727 3643/659/803
f 3643/659/803 3553/587/727 3644/660/1684
f 3553/587/727 3554/588/728 3644/660/1684
f 3644/660/1684 3554/588/728 3645/661/805
f 3554/588/728 3555/589/729 3645/661/805
f 3645/661/805 3555/589/729 3646/662/1344
f 3555/589/729 3556/590/1658 3646/662/1344
f 3556/590/1658 3557/591/731 3646/662/1344
f 3646/662/1344 3557/591/731 3647/663/807
f 3557/591/731 3558/592/1659 3647/663/807
f 3647/663/807 3558/592/1659 3648/664/1685
f 3558/592/1659 3559/593/1329 3648/664/1685
f 3648/664/1685 3559/593/1329 3649/665/1686
f 3649/665/1686 3559/593/1329 3650/610/1687
f 3650/610/1687 3559/593/1329 3651/609/1688
f 3559/593/1329 3560/594/1660 3651/609/1688
f 3560/594/1660 3562/529/1661 3651/609/1688
f 3651/609/1688 3562/529/1661 3652/531/812
f 3562/529/1661 3569/530/740 3652/531/812
f 3569/530/740 3564/532/739 3652/531/812
f 3652/531/812 3564/532/739 3653/533/815
f 3655/288/814 3654/287/815 3656/527/1689
f 3654/287/815 3565/528/1663 3656/527/1689
f 3565/528/1663 3563/596/1662 3656/527/1689
f 3656/527/1689 3563/596/1662 3657/526/1347
f 3563/596/1662 3658/608/818 3657/526/1347
f 3658/608/818 3659/607/819 3657/526/1347
f 3657/526/1347 3659/607/819 3660/525/1690
f 3659/607/819 3661/606/821 3660/525/1690
f 3660/525/1690 3661/606/821 3662/524/822
f 3662/524/822 3661/606/821 3663/523/823
f 3661/606/821 3664/605/1691 3663/523/823
f 3663/523/823 3664/605/1691 3665/522/825
f 3664/605/1691 3666/604/824 3665/522/825
f 3666/604/824 3588/603/754 3665/522/825
f 3588/603/754 3589/521/1331 3665/522/825
f 3665/522/825 3589/521/1331 3667/516/826
f 3589/521/1331 3590/518/1667 3667/516/826
f 3667/516/826 3590/518/1667 3668/517/827
f 3590/518/1667 3591/519/1668 3668/517/827
f 3668/517/827 3591/519/1668 3669/592/1692
f 3591/519/1668 3592/594/1332 3669/592/1692
f 3669/592/1692 3592/594/1332 3670/593/1349
f 3592/594/1332 3593/609/1333 3670/593/1349
f 3593/609/1333 3594/610/1669 3670/593/1349
f 3670/593/1349 3594/610/1669 3671/665/1693
f 3594/610/1669 3595/611/761 3671/665/1693
f 3671/665/1693 3595/611/761 3672/666/831
f 3595/611/761 3596/612/1670 3672/666/831
f 3672/666/831 3596/612/1670 3673/667/1694
f 3597/613/1670 3598/614/764 3674/668/1694
f 3674/668/1694 3598/614/764 3675/669/833
f 3598/614/764 3599/615/765 3675/669/833
f 3599/615/765 3600/616/766 3675/669/833
f 3675/669/833 3600/616/766 3676/670/834
f 3600/616/766 3601/617/767 3676/670/834
f 3676/670/834 3601/617/767 3677/671/1695
f 3601/617/767 3602/618/1671 3677/671/1695
f 3677/671/1695 3602/618/1671 3678/672/1696
f 3602/618/1671 3603/619/1672 3678/672/1696
f 3678/672/1696 3603/619/1672 3679/673/1697
f 3603/619/1672 3604/620/1237 3679/673/1697
f 3605/621/770 3606/622/1673 3680/674/1352
f 3680/674/1352 3606/622/1673 3681/675/1353
f 3606/622/1673 3607/623/692 3681/675/1353
f 3681/675/1353 3607/623/692 3682/676/1698
f 3682/676/1698 3607/623/692 3683/677/841
f 3607/623/692 3608/624/693 3683/677/841
f 3608/624/693 3609/625/772 3683/677/841
f 3683/677/841 3609/625/772 3684/678/842
f 3609/625/772 3610/626/1319 3684/678/842
f 3684/678/842 3610/626/1319 3685/679/1355
f 3610/626/1319 3611/627/696 3685/679/1355
f 3611/627/696 3612/628/1674 3685/679/1355
f 3685/679/1355 3612/628/1674 3686/680/844
f 3612/628/1674 3613/629/774 3686/680/844
f 3686/680/844 3613/629/774 3687/681/845
f 3613/629/774 3614/630/1337 3687/681/845
f 3687/681/845 3614/630/1337 3688/682/1699
f 3614/630/1337 3615/631/1675 3688/682/1699
f 3615/631/1675 3616/632/777 3688/682/1699
f 3616/632/777 3617/633/778 3688/682/1699
f 3688/682/1699 3617/633/778 3689/683/847
f 3689/683/847 3617/633/778 3690/684/1357
f 3617/633/778 3618/634/1676 3690/684/1357
f 3690/684/1357 3618/634/1676 3691/685/849
f 3618/634/1676 3619/635/1677 3691/685/849
f 3691/685/849 3619/635/1677 3692/686/1358
f 3619/635/1677 3620/636/781 3692/686/1358
f 3620/636/781 3621/637/782 3692/686/1358
f 3692/686/1358 3621/637/782 3693/687/850
f 3693/687/850 3621/637/782 3694/688/1359
f 3621/637/782 3622/638/783 3694/688/1359
f 3694/688/1359 3622/638/783 3695/689/1700
f 3622/638/783 3623/639/1339 3695/689/1700
f 3623/639/1339 3624/640/1678 3695/689/1700
f 3695/689/1700 3624/640/1678 3696/690/853
f 3696/690/853 3624/640/1678 3697/691/855
f 3624/640/1678 3625/641/786 3697/691/855
f 3697/691/855 3625/641/786 3698/692/855
f 3625/641/786 3626/642/786 3698/692/855
f 3626/642/786 3627/643/1341 3698/692/855
f 3698/692/855 3627/643/1341 3699/693/856
f 3627/643/1341 3628/644/788 3699/693/856
f 3699/693/856 3628/644/788 3700/694/1701
f 3628/644/788 3629/645/1679 3700/694/1701
f 3700/694/1701 3629/645/1679 3701/695/858
f 3629/645/1679 3630/646/790 3701/695/858
f 3701/695/858 3630/646/790 3702/696/859
f 3630/646/790 3631/647/792 3702/696/859
f 3702/696/859 3631/647/792 3703/697/793
f 3631/647/792 3632/648/792 3703/697/793
f 3632/648/792 3633/649/793 3703/697/793
f 3703/697/793 3633/649/793 3704/698/794
f 3633/649/793 3634/650/1680 3704/698/794
f 3704/698/794 3634/650/1680 3705/699/1362
f 3634/650/1680 3635/651/795 3705/699/1362
f 3635/651/795 3636/652/1681 3705/699/1362
f 3705/699/1362 3636/652/1681 3706/700/1702
f 3636/652/1681 3637/653/797 3706/700/1702
f 3706/700/1702 3637/653/797 3707/701/862
f 3707/701/862 3637/653/797 3708/702/863
f 3637/653/797 3638/654/798 3708/702/863
f 3638/654/798 3639/655/799 3708/702/863
f 3708/702/863 3639/655/799 3709/703/1703
f 3639/655/799 3640/656/800 3709/703/1703
f 3709/703/1703 3640/656/800 3710/704/1364
f 3711/705/576 3641/657/1682 3712/706/1704
f 3641/657/1682 3642/658/1683 3712/706/1704
f 3712/706/1704 3642/658/1683 3713/707/866
f 3642/658/1683 3643/659/803 3713/707/866
f 3713/707/866 3643/659/803 3714/708/919
f 3643/659/803 3644/660/1684 3714/708/919
f 3714/708/919 3644/660/1684 3715/709/1705
f 3644/660/1684 3645/661/805 3715/709/1705
f 3715/709/1705 3645/661/805 3716/710/1706
f 3645/661/805 3646/662/1344 3716/710/1706
f 3646/662/1344 3647/663/807 3716/710/1706
f 3647/663/807 3648/664/1685 3716/710/1706
f 3716/710/1706 3648/664/1685 3717/711/870
f 3717/711/870 3648/664/1685 3718/712/871
f 3648/664/1685 3649/665/1686 3718/712/871
f 3718/712/871 3649/665/1686 3719/666/1707
f 3719/666/1707 3649/665/1686 3720/611/1708
f 3649/665/1686 3650/610/1687 3720/611/1708
f 3650/610/1687 3651/609/1688 3720/611/1708
f 3651/609/1688 3652/531/812 3720/611/1708
f 3720/611/1708 3652/531/812 3721/534/874
f 3652/531/812 3653/533/815 3721/534/874
f 3722/535/874 3654/287/815 3723/289/875
f 3654/287/815 3655/288/814 3723/289/875
f 3723/289/875 3655/288/814 3724/290/876
f 3655/288/814 3656/527/1689 3724/290/876
f 3656/527/1689 3657/526/1347 3724/290/876
f 3724/290/876 3657/526/1347 3725/292/1709
f 3657/526/1347 3660/525/1690 3725/292/1709
f 3660/525/1690 3662/524/822 3725/292/1709
f 3725/292/1709 3662/524/822 3726/294/1710
f 3726/294/1710 3662/524/822 3727/514/1711
f 3662/524/822 3663/523/823 3727/514/1711
f 3663/523/823 3665/522/825 3727/514/1711
f 3665/522/825 3667/516/826 3727/514/1711
f 3727/514/1711 3667/516/826 3728/515/880
f 3667/516/826 3668/517/827 3728/515/880
f 3728/515/880 3668/517/827 3729/591/1712
f 3668/517/827 3669/592/1692 3729/591/1712
f 3729/591/1712 3669/592/1692 3730/663/1713
f 3730/663/1713 3669/592/1692 3731/664/883
f 3669/592/1692 3670/593/1349 3731/664/883
f 3670/593/1349 3671/665/1693 3731/664/883
f 3731/664/883 3671/665/1693 3732/712/884
f 3671/665/1693 3672/666/831 3732/712/884
f 3732/712/884 3672/666/831 3733/713/1370
f 3672/666/831 3673/667/1694 3733/713/1370
f 3733/713/1370 3673/667/1694 3734/714/886
f 3674/668/1694 3675/669/833 3735/715/886
f 3675/669/833 3676/670/834 3735/715/886
f 3735/715/886 3676/670/834 3737/716/1714
f 3676/670/834 3677/671/1695 3737/716/1714
f 3737/716/1714 3677/671/1695 3739/717/1715
f 3677/671/1695 3678/672/1696 3739/717/1715
f 3739/717/1715 3678/672/1696 3741/718/890
f 3678/672/1696 3679/673/1697 3741/718/890
f 3741/718/890 3679/673/1697 3742/719/891
f 3744/720/892 3680/674/1352 3745/721/942
f 3680/674/1352 3681/675/1353 3745/721/942
f 3745/721/942 3681/675/1353 3746/722/894
f 3681/675/1353 3682/676/1698 3746/722/894
f 3682/676/1698 3683/677/841 3746/722/894
f 3746/722/894 3683/677/841 3747/723/895
f 3747/723/895 3683/677/841 3748/724/896
f 3683/677/841 3684/678/842 3748/724/896
f 3748/724/896 3684/678/842 3749/725/897
f 3684/678/842 3685/679/1355 3749/725/897
f 3685/679/1355 3686/680/844 3749/725/897
f 3749/725/897 3686/680/844 3750/726/1716
f 3686/680/844 3687/681/845 3750/726/1716
f 3750/726/1716 3687/681/845 3751/727/899
f 3687/681/845 3688/682/1699 3751/727/899
f 3688/682/1699 3689/683/847 3751/727/899
f 3751/727/899 3689/683/847 3752/728/1717
f 3689/683/847 3690/684/1357 3752/728/1717
f 3752/728/1717 3690/684/1357 3753/729/901
f 3690/684/1357 3691/685/849 3753/729/901
f 3753/729/901 3691/685/849 3754/730/901
f 3691/685/849 3692/686/1358 3754/730/901
f 3692/686/1358 3693/687/850 3754/730/901
f 3754/730/901 3693/687/850 3755/731/902
f 3755/731/902 3693/687/850 3756/732/1718
f 3693/687/850 3694/688/1359 3756/732/1718
f 3756/732/1718 3694/688/1359 3757/733/1373
f 3694/688/1359 3695/689/1700 3757/733/1373
f 3695/689/1700 3696/690/853 3757/733/1373
f 3757/733/1373 3696/690/853 3758/734/905
f 3758/734/905 3696/690/853 3759/735/906
f 3696/690/853 3697/691/855 3759/735/906
f 3759/735/906 3697/691/855 3760/736/906
f 3697/691/855 3698/692/855 3760/736/906
f 3698/692/855 3699/693/856 3760/736/906
f 3760/736/906 3699/693/856 3761/737/907
f 3699/693/856 3700/694/1701 3761/737/907
f 3761/737/907 3700/694/1701 3762/738/908
f 3762/738/908 3700/694/1701 3763/739/909
f 3700/694/1701 3701/695/858 3763/739/909
f 3701/695/858 3702/696/859 3763/739/909
f 3763/739/909 3702/696/859 3764/740/910
f 3702/696/859 3703/697/793 3764/740/910
f 3703/697/793 3704/698/794 3764/740/910
f 3764/740/910 3704/698/794 3765/741/911
f 3765/741/911 3704/698/794 3766/742/1375
f 3766/742/1375 3704/698/794 3767/743/860
f 3704/698/794 3705/699/1362 3767/743/860
f 3767/743/860 3705/699/1362 3768/744/1376
f 3705/699/1362 3706/700/1702 3768/744/1376
f 3706/700/1702 3707/701/862 3768/744/1376
f 3768/744/1376 3707/701/862 3769/745/862
f 3707/701/862 3708/702/863 3769/745/862
f 3769/745/862 3708/702/863 3770/746/1363
f 3708/702/863 3709/703/1703 3770/746/1363
f 3770/746/1363 3709/703/1703 3771/747/914
f 3709/703/1703 3710/704/1364 3771/747/914
f 3771/747/914 3710/704/1364 3772/748/915
f 3711/705/576 3712/706/1704 3773/749/1719
f 3773/749/1719 3712/706/1704 3774/750/1377
f 3774/750/1377 3712/706/1704 3775/751/918
f 3712/706/1704 3713/707/866 3775/751/918
f 3775/751/918 3713/707/866 3776/752/919
f 3713/707/866 3714/708/919 3776/752/919
f 3776/752/919 3714/708/919 3777/753/920
f 3714/708/919 3715/709/1705 3777/753/920
f 3715/709/1705 3716/710/1706 3777/753/920
f 3716/710/1706 3717/711/870 3777/753/920
f 3777/753/920 3717/711/870 3778/754/921
f 3717/711/870 3718/712/871 3778/754/921
f 3778/754/921 3718/712/871 3779/713/1720
f 3718/712/871 3719/666/1707 3779/713/1720
f 3779/713/1720 3719/666/1707 3781/667/923
f 3781/667/923 3719/666/1707 3782/612/924
f 3719/666/1707 3720/611/1708 3782/612/924
f 3720/611/1708 3721/534/874 3782/612/924
f 3783/613/924 3722/535/874 3784/536/1721
f 3722/535/874 3723/289/875 3784/536/1721
f 3784/536/1721 3723/289/875 3785/291/1722
f 3723/289/875 3724/290/876 3785/291/1722
f 3724/290/876 3725/292/1709 3785/291/1722
f 3785/291/1722 3725/292/1709 3786/293/1723
f 3725/292/1709 3726/294/1710 3786/293/1723
f 3786/293/1723 3726/294/1710 3787/295/928
f 3787/295/928 3726/294/1710 3788/513/929
f 3726/294/1710 3727/514/1711 3788/513/929
f 3727/514/1711 3728/515/880 3788/513/929
f 3788/513/929 3728/515/880 3789/590/1724
f 3728/515/880 3729/591/1712 3789/590/1724
f 3789/590/1724 3729/591/1712 3790/662/1725
f 3729/591/1712 3730/663/1713 3790/662/1725
f 3790/662/1725 3730/663/1713 3791/710/1726
f 3730/663/1713 3731/664/883 3791/710/1726
f 3791/710/1726 3731/664/883 3792/711/933
f 3731/664/883 3732/712/884 3792/711/933
f 3792/711/933 3732/712/884 3793/754/934
f 3732/712/884 3733/713/1370 3793/754/934
f 3793/754/934 3733/713/1370 3794/755/1727
f 3733/713/1370 3734/714/886 3794/755/1727
f 3734/714/886 3736/756/936 3794/755/1727
f 3794/755/1727 3736/756/936 3795/757/1728
f 3736/756/936 3738/758/889 3795/757/1728
f 3795/757/1728 3738/758/889 3796/759/938
f 3738/758/889 3740/760/939 3796/759/938
f 3796/759/938 3740/760/939 3797/761/940
f 3797/761/940 3740/760/939 3798/762/941
f 3740/760/939 3743/763/891 3798/762/941
f 3744/720/892 3745/721/942 3799/764/892
f 3799/764/892 3745/721/942 3800/765/1729
f 3800/765/1729 3745/721/942 3801/766/943
f 3745/721/942 3746/722/894 3801/766/943
f 3746/722/894 3747/723/895 3801/766/943
f 3801/766/943 3747/723/895 3802/767/944
f 3747/723/895 3748/724/896 3802/767/944
f 3802/767/944 3748/724/896 3803/768/896
f 3748/724/896 3749/725/897 3803/768/896
f 3803/768/896 3749/725/897 3804/769/945
f 3749/725/897 3750/726/1716 3804/769/945
f 3804/769/945 3750/726/1716 3805/770/946
f 3805/770/946 3750/726/1716 3806/771/1730
f 3806/771/1730 3750/726/1716 3807/772/948
f 3750/726/1716 3751/727/899 3807/772/948
f 3751/727/899 3752/728/1717 3807/772/948
f 3807/772/948 3752/728/1717 3808/773/949
f 3752/728/1717 3753/729/901 3808/773/949
f 3753/729/901 3754/730/901 3808/773/949
f 3808/773/949 3754/730/901 3809/774/950
f 3754/730/901 3755/731/902 3809/774/950
f 3809/774/950 3755/731/902 3810/775/951
f 3810/775/951 3755/731/902 3811/776/952
f 3755/731/902 3756/732/1718 3811/776/952
f 3756/732/1718 3757/733/1373 3811/776/952
f 3811/776/952 3757/733/1373 3812/777/1385
f 3757/733/1373 3758/734/905 3812/777/1385
f 3812/777/1385 3758/734/905 3813/778/954
f 3813/778/954 3758/734/905 3814/779/956
f 3758/734/905 3759/735/906 3814/779/956
f 3759/735/906 3760/736/906 3814/779/956
f 3814/779/956 3760/736/906 3815/780/1386
f 3760/736/906 3761/737/907 3815/780/1386
f 3815/780/1386 3761/737/907 3816/781/957
f 3761/737/907 3762/738/908 3816/781/957
f 3817/782/1731 3816/781/957 3818/783/959
f 3816/781/957 3762/738/908 3818/783/959
f 3818/783/959 3762/738/908 3819/784/1732
f 3762/738/908 3763/739/909 3819/784/1732
f 3763/739/909 3764/740/910 3819/784/1732
f 3764/740/910 3765/741/911 3819/784/1732
f 3765/741/911 3766/742/1375 3819/784/1732
f 3819/784/1732 3766/742/1375 3820/785/961
f 3820/785/961 3766/742/1375 3821/786/962
f 3766/742/1375 3767/743/860 3821/786/962
f 3767/743/860 3768/744/1376 3821/786/962
f 3821/786/962 3768/744/1376 3822/787/963
f 3768/744/1376 3769/745/862 3822/787/963
f 3769/745/862 3770/746/1363 3822/787/963
f 3822/787/963 3770/746/1363 3823/788/1733
f 3823/788/1733 3770/746/1363 3824/789/1389
f 3770/746/1363 3771/747/914 3824/789/1389
f 3824/789/1389 3771/747/914 3825/790/966
f 3771/747/914 3772/748/915 3825/790/966
f 3826/791/1734 3773/749/1719 3827/792/967
f 3773/749/1719 3774/750/1377 3827/792/967
f 3774/750/1377 3775/751/918 3827/792/967
f 3827/792/967 3775/751/918 3828/793/1735
f 3828/793/1735 3775/751/918 3829/794/969
f 3775/751/918 3776/752/919 3829/794/969
f 3776/752/919 3777/753/920 3829/794/969
f 3777/753/920 3778/754/921 3829/794/969
f 3829/794/969 3778/754/921 3830/755/1390
f 3778/754/921 3779/713/1720 3830/755/1390
f 3830/755/1390 3779/713/1720 3831/714/971
f 3779/713/1720 3781/667/923 3831/714/971
f 3832/715/1391 3780/668/923 3833/669/972
f 3833/669/972 3780/668/923 3834/614/973
f 3780/668/923 3783/613/924 3834/614/973
f 3783/613/924 3784/536/1721 3834/614/973
f 3834/614/973 3784/536/1721 3835/537/974
f 3784/536/1721 3785/291/1722 3835/537/974
f 3835/537/974 3785/291/1722 3836/538/1736
f 3785/291/1722 3786/293/1723 3836/538/1736
f 3836/538/1736 3786/293/1723 3837/296/1737
f 3786/293/1723 3787/295/928 3837/296/1737
f 3787/295/928 3788/513/929 3837/296/1737
f 3837/296/1737 3788/513/929 3838/512/977
f 3788/513/929 3789/590/1724 3838/512/977
f 3838/512/977 3789/590/1724 3839/589/1738
f 3789/590/1724 3790/662/1725 3839/589/1738
f 3839/589/1738 3790/662/1725 3840/661/1739
f 3790/662/1725 3791/710/1726 3840/661/1739
f 3840/661/1739 3791/710/1726 3841/709/1740
f 3841/709/1740 3791/710/1726 3842/753/981
f 3791/710/1726 3792/711/933 3842/753/981
f 3792/711/933 3793/754/934 3842/753/981
f 3842/753/981 3793/754/934 3843/794/1741
f 3793/754/934 3794/755/1727 3843/794/1741
f 3794/755/1727 3795/757/1728 3843/794/1741
f 3795/757/1728 3796/759/938 3843/794/1741
f 3843/794/1741 3796/759/938 3844/793/983
f 3844/793/983 3796/759/938 3845/792/1742
f 3796/759/938 3797/761/940 3845/792/1742
f 3797/761/940 3798/762/941 3845/792/1742
f 3845/792/1742 3798/762/941 3846/791/550
f 3799/764/892 3800/765/1729 3847/795/985
f 3847/795/985 3800/765/1729 3848/796/1743
f 3800/765/1729 3801/766/943 3848/796/1743
f 3848/796/1743 3801/766/943 3849/797/1744
f 3849/797/1744 3801/766/943 3850/798/988
f 3801/766/943 3802/767/944 3850/798/988
f 3802/767/944 3803/768/896 3850/798/988
f 3850/798/988 3803/768/896 3851/799/989
f 3803/768/896 3804/769/945 3851/799/989
f 3804/769/945 3805/770/946 3851/799/989
f 3851/799/989 3805/770/946 3852/800/1745
f 3852/800/1745 3805/770/946 3853/801/991
f 3805/770/946 3806/771/1730 3853/801/991
f 3806/771/1730 3807/772/948 3853/801/991
f 3807/772/948 3808/773/949 3853/801/991
f 3808/773/949 3809/774/950 3853/801/991
f 3853/801/991 3809/774/950 3854/802/1396
f 3809/774/950 3810/775/951 3854/802/1396
f 3854/802/1396 3810/775/951 3855/803/1746
f 3855/803/1746 3810/775/951 3856/804/993
f 3810/775/951 3811/776/952 3856/804/993
f 3856/804/993 3811/776/952 3857/805/994
f 3811/776/952 3812/777/1385 3857/805/994
f 3812/777/1385 3813/778/954 3857/805/994
f 3857/805/994 3813/778/954 3858/806/1747
f 3858/806/1747 3813/778/954 3859/807/996
f 3813/778/954 3814/779/956 3859/807/996
f 3814/779/956 3815/780/1386 3859/807/996
f 3859/807/996 3815/780/1386 3860/808/1748
f 3815/780/1386 3816/781/957 3860/808/1748
f 3816/781/957 3817/782/1731 3860/808/1748
f 3860/808/1748 3817/782/1731 3861/809/1398
f 3817/782/1731 3818/783/959 3861/809/1398
f 3861/809/1398 3818/783/959 3862/810/998
f 3818/783/959 3819/784/1732 3862/810/998
f 3819/784/1732 3820/785/961 3862/810/998
f 3862/810/998 3820/785/961 3863/811/1749
f 3820/785/961 3821/786/962 3863/811/1749
f 3821/786/962 3822/787/963 3863/811/1749
f 3863/811/1749 3822/787/963 3864/812/1000
f 3864/812/1000 3822/787/963 3865/813/1001
f 3822/787/963 3823/788/1733 3865/813/1001
f 3823/788/1733 3824/789/1389 3865/813/1001
f 3865/813/1001 3824/789/1389 3866/814/1750
f 3824/789/1389 3825/790/966 3866/814/1750
f 3866/814/1750 3825/790/966 3867/815/1003
f 3826/791/1734 3827/792/967 3868/762/1004
f 3868/762/1004 3827/792/967 3869/761/1005
f 3869/761/1005 3827/792/967 3870/759/1400
f 3827/792/967 3828/793/1735 3870/759/1400
f 3828/793/1735 3829/794/969 3870/759/1400
f 3870/759/1400 3829/794/969 3871/757/1007
f 3829/794/969 3830/755/1390 3871/757/1007
f 3871/757/1007 3830/755/1390 3872/756/1008
f 3830/755/1390 3831/714/971 3872/756/1008
f 3873/716/1751 3832/715/1391 3874/670/1752
f 3832/715/1391 3833/669/972 3874/670/1752
f 3874/670/1752 3833/669/972 3875/616/1011
f 3875/616/1011 3833/669/972 3876/615/1012
f 3833/669/972 3834/614/973 3876/615/1012
f 3834/614/973 3835/537/974 3876/615/1012
f 3835/537/974 3836/538/1736 3876/615/1012
f 3876/615/1012 3836/538/1736 3877/539/1753
f 3877/539/1753 3836/538/1736 3878/511/1754
f 3836/538/1736 3837/296/1737 3878/511/1754
f 3837/296/1737 3838/512/977 3878/511/1754
f 3878/511/1754 3838/512/977 3879/510/1015
f 3838/512/977 3839/589/1738 3879/510/1015
f 3879/510/1015 3839/589/1738 3880/588/1016
f 3839/589/1738 3840/661/1739 3880/588/1016
f 3880/588/1016 3840/661/1739 3881/660/1017
f 3840/661/1739 3841/709/1740 3881/660/1017
f 3881/660/1017 3841/709/1740 3882/708/1403
f 3841/709/1740 3842/753/981 3882/708/1403
f 3882/708/1403 3842/753/981 3883/752/1403
f 3842/753/981 3843/794/1741 3883/752/1403
f 3883/752/1403 3843/794/1741 3884/751/1404
f 3843/794/1741 3844/793/983 3884/751/1404
f 3844/793/983 3845/792/1742 3884/751/1404
f 3884/751/1404 3845/792/1742 3885/750/1755
f 3885/750/1755 3845/792/1742 3886/749/1022
f 3845/792/1742 3846/791/550 3886/749/1022
f 3887/816/1023 3847/795/985 3888/817/1756
f 3847/795/985 3848/796/1743 3888/817/1756
f 3888/817/1756 3848/796/1743 3889/818/1025
f 3848/796/1743 3849/797/1744 3889/818/1025
f 3849/797/1744 3850/798/988 3889/818/1025
f 3889/818/1025 3850/798/988 3890/819/1026
f 3890/819/1026 3850/798/988 3891/820/1027
f 3850/798/988 3851/799/989 3891/820/1027
f 3851/799/989 3852/800/1745 3891/820/1027
f 3891/820/1027 3852/800/1745 3892/821/1028
f 3852/800/1745 3853/801/991 3892/821/1028
f 3853/801/991 3854/802/1396 3892/821/1028
f 3892/821/1028 3854/802/1396 3893/822/1757
f 3854/802/1396 3855/803/1746 3893/822/1757
f 3855/803/1746 3856/804/993 3893/822/1757
f 3893/822/1757 3856/804/993 3894/823/1030
f 3894/823/1030 3856/804/993 3895/824/1031
f 3856/804/993 3857/805/994 3895/824/1031
f 3895/824/1031 3857/805/994 3896/825/1032
f 3857/805/994 3858/806/1747 3896/825/1032
f 3858/806/1747 3859/807/996 3896/825/1032
f 3896/825/1032 3859/807/996 3897/826/1034
f 3897/826/1034 3859/807/996 3898/827/1408
f 3859/807/996 3860/808/1748 3898/827/1408
f 3860/808/1748 3861/809/1398 3898/827/1408
f 3899/828/1035 3898/827/1408 3900/829/1036
f 3898/827/1408 3861/809/1398 3900/829/1036
f 3861/809/1398 3862/810/998 3900/829/1036
f 3900/829/1036 3862/810/998 3901/830/999
f 3862/810/998 3863/811/1749 3901/830/999
f 3863/811/1749 3864/812/1000 3901/830/999
f 3901/830/999 3864/812/1000 3902/831/1758
f 3864/812/1000 3865/813/1001 3902/831/1758
f 3902/831/1758 3865/813/1001 3903/832/1038
f 3903/832/1038 3865/813/1001 3904/833/1750
f 3865/813/1001 3866/814/1750 3904/833/1750
f 3904/833/1750 3866/814/1750 3905/834/1759
f 3866/814/1750 3867/815/1003 3905/834/1759
f 3907/763/1041 3868/762/1004 3909/760/1042
f 3868/762/1004 3869/761/1005 3909/760/1042
f 3869/761/1005 3870/759/1400 3909/760/1042
f 3909/760/1042 3870/759/1400 3910/758/1043
f 3870/759/1400 3871/757/1007 3910/758/1043
f 3871/757/1007 3872/756/1008 3910/758/1043
f 3911/717/1410 3873/716/1751 3912/671/1411
f 3873/716/1751 3874/670/1752 3912/671/1411
f 3912/671/1411 3874/670/1752 3913/617/1760
f 3874/670/1752 3875/616/1011 3913/617/1760
f 3913/617/1760 3875/616/1011 3914/540/1046
f 3875/616/1011 3876/615/1012 3914/540/1046
f 3876/615/1012 3877/539/1753 3914/540/1046
f 3914/540/1046 3877/539/1753 3915/509/1047
f 3877/539/1753 3878/511/1754 3915/509/1047
f 3878/511/1754 3879/510/1015 3915/509/1047
f 3915/509/1047 3879/510/1015 3916/508/1048
f 3879/510/1015 3880/588/1016 3916/508/1048
f 3916/508/1048 3880/588/1016 3917/587/1049
f 3880/588/1016 3881/660/1017 3917/587/1049
f 3917/587/1049 3881/660/1017 3918/659/1050
f 3881/660/1017 3882/708/1403 3918/659/1050
f 3918/659/1050 3882/708/1403 3919/707/1051
f 3882/708/1403 3883/752/1403 3919/707/1051
f 3883/752/1403 3884/751/1404 3919/707/1051
f 3919/707/1051 3884/751/1404 3920/706/1761
f 3884/751/1404 3885/750/1755 3920/706/1761
f 3885/750/1755 3886/749/1022 3920/706/1761
f 3920/706/1761 3886/749/1022 3921/705/1257
f 3887/816/1023 3888/817/1756 3922/835/1762
f 3922/835/1762 3888/817/1756 3923/836/1053
f 3888/817/1756 3889/818/1025 3923/836/1053
f 3923/836/1053 3889/818/1025 3924/837/1054
f 3889/818/1025 3890/819/1026 3924/837/1054
f 3924/837/1054 3890/819/1026 3925/838/1026
f 3890/819/1026 3891/820/1027 3925/838/1026
f 3925/838/1026 3891/820/1027 3926/839/1763
f 3891/820/1027 3892/821/1028 3926/839/1763
f 3926/839/1763 3892/821/1028 3927/840/1056
f 3892/821/1028 3893/822/1757 3927/840/1056
f 3893/822/1757 3894/823/1030 3927/840/1056
f 3927/840/1056 3894/823/1030 3928/841/1057
f 3894/823/1030 3895/824/1031 3928/841/1057
f 3928/841/1057 3895/824/1031 3929/842/1058
f 3929/842/1058 3895/824/1031 3930/843/1059
f 3895/824/1031 3896/825/1032 3930/843/1059
f 3896/825/1032 3897/826/1034 3930/843/1059
f 3930/843/1059 3897/826/1034 3931/844/1060
f 3897/826/1034 3898/827/1408 3931/844/1060
f 3898/827/1408 3899/828/1035 3931/844/1060
f 3931/844/1060 3899/828/1035 3932/845/1061
f 3932/845/1061 3899/828/1035 3933/846/1416
f 3899/828/1035 3900/829/1036 3933/846/1416
f 3900/829/1036 3901/830/999 3933/846/1416
f 3901/830/999 3902/831/1758 3933/846/1416
f 3902/831/1758 3903/832/1038 3933/846/1416
f 3933/846/1416 3903/832/1038 3934/847/1764
f 3934/847/1764 3903/832/1038 3935/848/1418
f 3903/832/1038 3904/833/1750 3935/848/1418
f 3935/848/1418 3904/833/1750 3936/849/1065
f 3904/833/1750 3905/834/1759 3936/849/1065
f 3906/719/1041 3908/718/1765 3937/673/1766
f 3937/673/1766 3908/718/1765 3938/672/1067
f 3908/718/1765 3911/717/1410 3938/672/1067
f 3911/717/1410 3912/671/1411 3938/672/1067
f 3938/672/1067 3912/671/1411 3939/618/1767
f 3912/671/1411 3913/617/1760 3939/618/1767
f 3939/618/1767 3913/617/1760 3940/541/1421
f 3913/617/1760 3914/540/1046 3940/541/1421
f 3940/541/1421 3914/540/1046 3941/506/1422
f 3914/540/1046 3915/509/1047 3941/506/1422
f 3915/509/1047 3916/508/1048 3941/506/1422
f 3941/506/1422 3916/508/1048 3942/507/1071
f 3916/508/1048 3917/587/1049 3942/507/1071
f 3942/507/1071 3917/587/1049 3943/586/1072
f 3917/587/1049 3918/659/1050 3943/586/1072
f 3943/586/1072 3918/659/1050 3944/658/1768
f 3918/659/1050 3919/707/1051 3944/658/1768
f 3919/707/1051 3920/706/1761 3944/658/1768
f 3944/658/1768 3920/706/1761 3945/657/1769
f 3920/706/1761 3921/705/1257 3945/657/1769
f 3922/835/1762 3923/836/1053 3946/850/1770
f 3946/850/1770 3923/836/1053 3947/851/1076
f 3923/836/1053 3924/837/1054 3947/851/1076
f 3947/851/1076 3924/837/1054 3948/852/1771
f 3948/852/1771 3924/837/1054 3949/853/1078
f 3924/837/1054 3925/838/1026 3949/853/1078
f 3925/838/1026 3926/839/1763 3949/853/1078
f 3926/839/1763 3927/840/1056 3949/853/1078
f 3927/840/1056 3928/841/1057 3949/853/1078
f 3949/853/1078 3928/841/1057 3950/854/1079
f 3950/854/1079 3928/841/1057 3951/855/1080
f 3928/841/1057 3929/842/1058 3951/855/1080
f 3951/855/1080 3929/842/1058 3952/856/1081
f 3929/842/1058 3930/843/1059 3952/856/1081
f 3930/843/1059 3931/844/1060 3952/856/1081
f 3952/856/1081 3931/844/1060 3953/857/1061
f 3931/844/1060 3932/845/1061 3953/857/1061
f 3953/857/1061 3932/845/1061 3954/858/1082
f 3932/845/1061 3933/846/1416 3954/858/1082
f 3933/846/1416 3934/847/1764 3954/858/1082
f 3934/847/1764 3935/848/1418 3954/858/1082
f 3954/858/1082 3935/848/1418 3955/859/1424
f 3935/848/1418 3936/849/1065 3955/859/1424
f 3955/859/1424 3936/849/1065 3956/860/1772
f 3957/620/489 3937/673/1766 3958/619/1773
f 3937/673/1766 3938/672/1067 3958/619/1773
f 3938/672/1067 3939/618/1767 3958/619/1773
f 3959/543/1087 3958/619/1773 3960/542/1088
f 3958/619/1773 3939/618/1767 3960/542/1088
f 3939/618/1767 3940/541/1421 3960/542/1088
f 3940/541/1421 3941/506/1422 3960/542/1088
f 3960/542/1088 3941/506/1422 3961/505/1774
f 3961/505/1774 3941/506/1422 3962/504/1775
f 3941/506/1422 3942/507/1071 3962/504/1775
f 3942/507/1071 3943/586/1072 3962/504/1775
f 3963/503/1091 3962/504/1775 3964/585/1072
f 3962/504/1775 3943/586/1072 3964/585/1072
f 3943/586/1072 3944/658/1768 3964/585/1072
f 3944/658/1768 3945/657/1769 3964/585/1072
f 3964/585/1072 3945/657/1769 3965/584/1093
f 3966/861/1094 3946/850/1770 3967/862/1095
f 3946/850/1770 3947/851/1076 3967/862/1095
f 3967/862/1095 3947/851/1076 3968/863/1425
f 3947/851/1076 3948/852/1771 3968/863/1425
f 3948/852/1771 3949/853/1078 3968/863/1425
f 3949/853/1078 3950/854/1079 3968/863/1425
f 3968/863/1425 3950/854/1079 3969/864/1097
f 3950/854/1079 3951/855/1080 3969/864/1097
f 3951/855/1080 3952/856/1081 3969/864/1097
f 3969/864/1097 3952/856/1081 3970/865/1426
f 3970/865/1426 3952/856/1081 3971/866/1082
f 3952/856/1081 3953/857/1061 3971/866/1082
f 3953/857/1061 3954/858/1082 3971/866/1082
f 3954/858/1082 3955/859/1424 3971/866/1082
f 3971/866/1082 3955/859/1424 3972/867/1427
f 3955/859/1424 3956/860/1772 3972/867/1427
f 3972/867/1427 3956/860/1772 3973/868/1776
f 3957/620/489 3958/619/1773 3974/544/1777
f 3958/619/1773 3959/543/1087 3974/544/1777
f 3974/544/1777 3959/543/1087 3975/501/1103
f 3959/543/1087 3960/542/1088 3975/501/1103
f 3960/542/1088 3961/505/1774 3975/501/1103
f 3961/505/1774 3962/504/1775 3975/501/1103
f 3962/504/1775 3963/503/1091 3975/501/1103
f 3975/501/1103 3963/503/1091 3976/502/510
f 3963/503/1091 3964/585/1072 3976/502/510
f 3964/585/1072 3965/584/1093 3976/502/510
f 3966/861/1094 3967/862/1095 3977/869/1094
f 3977/869/1094 3967/862/1095 3978/870/1104
f 3967/862/1095 3968/863/1425 3978/870/1104
f 3968/863/1425 3969/864/1097 3978/870/1104
f 3978/870/1104 3969/864/1097 3979/871/1778
f 3969/864/1097 3970/865/1426 3979/871/1778
f 3970/865/1426 3971/866/1082 3979/871/1778
f 3971/866/1082 3972/867/1427 3979/871/1778
f 3979/871/1778 3972/867/1427 3981/872/1106
f 3972/867/1427 3973/868/1776 3981/872/1106
f 3974/544/1777 3975/501/1103 3980/500/1779
f 3975/501/1103 3976/502/510 3980/500/1779
f 3977/869/1094 3978/870/1104 3981/872/1106
f 3982/1/1429 3983/2/1430 3984/3/1431
f 3983/2/1430 3985/4/1432 3984/3/1431
f 3984/3/1431 3985/4/1432 3987/5/1780
f 3986/6/1432 3989/7/6 3988/8/5
f 3988/8/5 3989/7/6 3990/9/1433
f 3990/9/1433 3989/7/6 3991/10/7
f 3989/7/6 3992/11/8 3991/10/7
f 3992/11/8 3993/12/1434 3991/10/7
f 3991/10/7 3993/12/1434 3994/13/1435
f 3993/12/1434 3995/14/1436 3994/13/1435
f 3994/13/1435 3995/14/1436 3996/15/12
f 3996/15/12 3995/14/1436 3997/16/13
f 3995/14/1436 3998/17/1437 3997/16/13
f 3998/17/1437 3999/18/15 3997/16/13
f 3997/16/13 3999/18/15 4000/19/16
f 3999/18/15 4001/20/17 4000/19/16
f 4000/19/16 4001/20/17 4002/21/18
f 4002/21/18 4001/20/17 4003/22/19
f 4001/20/17 4004/23/1441 4003/22/19
f 4004/23/1441 4005/24/1781 4003/22/19
f 4003/22/19 4005/24/1781 4006/25/1782
f 4005/24/1781 4007/1/23 4006/25/1782
f 4006/25/1782 4007/1/23 4008/26/24
f 4008/26/24 4007/1/23 4009/3/25
f 4007/1/23 4010/2/26 4009/3/25
f 4010/2/26 4011/4/27 4009/3/25
f 4009/3/25 4011/4/27 4013/5/1783
f 4012/6/27 4015/7/29 4014/8/28
f 4014/8/28 4015/7/29 4016/9/28
f 4016/9/28 4015/7/29 4017/10/30
f 4015/7/29 4018/11/1443 4017/10/30
f 4018/11/1443 4019/12/1444 4017/10/30
f 4017/10/30 4019/12/1444 4020/13/33
f 4019/12/1444 4021/14/1113 4020/13/33
f 4020/13/33 4021/14/1113 4022/15/1784
f 4022/15/1784 4021/14/1113 4023/16/36
f 4021/14/1113 4024/17/37 4023/16/36
f 4024/17/37 4025/18/1785 4023/16/36
f 4023/16/36 4025/18/1785 4026/19/39
f 4025/18/1785 4027/20/40 4026/19/39
f 4026/19/39 4027/20/40 4028/21/1786
f 4028/21/1786 4027/20/40 4029/22/1115
f 4027/20/40 4030/23/43 4029/22/1115
f 4030/23/43 4031/24/44 4029/22/1115
f 4029/22/1115 4031/24/44 4032/25/1117
f 4031/24/44 3982/1/1429 4032/25/1117
f 4032/25/1117 3982/1/1429 4033/26/1449
f 3982/1/1429 3984/3/1431 4033/26/1449
f 4033/26/1449 3984/3/1431 4034/27/47
f 3984/3/1431 3987/5/1780 4034/27/47
f 4034/27/47 3987/5/1780 4035/28/48
f 3988/8/5 3990/9/1433 4036/29/1787
f 4036/29/1787 3990/9/1433 4037/30/49
f 4037/30/49 3990/9/1433 4038/31/1788
f 3990/9/1433 3991/10/7 4038/31/1788
f 3991/10/7 3994/13/1435 4038/31/1788
f 4038/31/1788 3994/13/1435 4039/32/51
f 3994/13/1435 3996/15/12 4039/32/51
f 4039/32/51 3996/15/12 4040/33/51
f 4040/33/51 3996/15/12 4041/34/1450
f 3996/15/12 3997/16/13 4041/34/1450
f 3997/16/13 4000/19/16 4041/34/1450
f 4041/34/1450 4000/19/16 4042/35/53
f 4000/19/16 4002/21/18 4042/35/53
f 4042/35/53 4002/21/18 4043/36/1119
f 4043/36/1119 4002/21/18 4044/37/55
f 4002/21/18 4003/22/19 4044/37/55
f 4003/22/19 4006/25/1782 4044/37/55
f 4044/37/55 4006/25/1782 4045/38/56
f 4006/25/1782 4008/26/24 4045/38/56
f 4045/38/56 4008/26/24 4046/39/56
f 4046/39/56 4008/26/24 4047/27/1120
f 4008/26/24 4009/3/25 4047/27/1120
f 4009/3/25 4013/5/1783 4047/27/1120
f 4047/27/1120 4013/5/1783 4048/28/58
f 4014/8/28 4016/9/28 4049/29/58
f 4049/29/58 4016/9/28 4050/30/59
f 4050/30/59 4016/9/28 4051/31/60
f 4016/9/28 4017/10/30 4051/31/60
f 4017/10/30 4020/13/33 4051/31/60
f 4051/31/60 4020/13/33 4052/32/61
f 4020/13/33 4022/15/1784 4052/32/61
f 4052/32/61 4022/15/1784 4053/33/61
f 4053/33/61 4022/15/1784 4054/34/62
f 4022/15/1784 4023/16/36 4054/34/62
f 4023/16/36 4026/19/39 4054/34/62
f 4054/34/62 4026/19/39 4055/35/63
f 4026/19/39 4028/21/1786 4055/35/63
f 4055/35/63 4028/21/1786 4056/36/64
f 4056/36/64 4028/21/1786 4057/37/65
f 4028/21/1786 4029/22/1115 4057/37/65
f 4029/22/1115 4032/25/1117 4057/37/65
f 4057/37/65 4032/25/1117 4058/38/66
f 4032/25/1117 4033/26/1449 4058/38/66
f 4058/38/66 4033/26/1449 4059/39/66
f 4033/26/1449 4034/27/47 4059/39/66
f 4059/39/66 4034/27/47 4060/40/1452
f 4034/27/47 4035/28/48 4060/40/1452
f 4060/40/1452 4035/28/48 4061/41/68
f 4036/29/1787 4037/30/49 4062/42/1453
f 4062/42/1453 4037/30/49 4063/43/69
f 4063/43/69 4037/30/49 4064/44/70
f 4037/30/49 4038/31/1788 4064/44/70
f 4038/31/1788 4039/32/51 4064/44/70
f 4064/44/70 4039/32/51 4065/45/1124
f 4065/45/1124 4039/32/51 4066/46/1455
f 4039/32/51 4040/33/51 4066/46/1455
f 4066/46/1455 4040/33/51 4067/47/1789
f 4040/33/51 4041/34/1450 4067/47/1789
f 4041/34/1450 4042/35/53 4067/47/1789
f 4067/47/1789 4042/35/53 4068/48/74
f 4042/35/53 4043/36/1119 4068/48/74
f 4068/48/74 4043/36/1119 4069/49/75
f 4069/49/75 4043/36/1119 4070/50/76
f 4043/36/1119 4044/37/55 4070/50/76
f 4044/37/55 4045/38/56 4070/50/76
f 4070/50/76 4045/38/56 4071/51/77
f 4071/51/77 4045/38/56 4072/52/1790
f 4045/38/56 4046/39/56 4072/52/1790
f 4072/52/1790 4046/39/56 4073/40/79
f 4046/39/56 4047/27/1120 4073/40/79
f 4047/27/1120 4048/28/58 4073/40/79
f 4073/40/79 4048/28/58 4074/41/80
f 4049/29/58 4050/30/59 4075/42/81
f 4075/42/81 4050/30/59 4076/43/1458
f 4076/43/1458 4050/30/59 4077/44/1459
f 4050/30/59 4051/31/60 4077/44/1459
f 4051/31/60 4052/32/61 4077/44/1459
f 4077/44/1459 4052/32/61 4078/45/84
f 4078/45/84 4052/32/61 4079/46/1791
f 4052/32/61 4053/33/61 4079/46/1791
f 4079/46/1791 4053/33/61 4080/47/1129
f 4053/33/61 4054/34/62 4080/47/1129
f 4054/34/62 4055/35/63 4080/47/1129
f 4080/47/1129 4055/35/63 4081/48/87
f 4055/35/63 4056/36/64 4081/48/87
f 4081/48/87 4056/36/64 4082/49/88
f 4082/49/88 4056/36/64 4083/50/89
f 4056/36/64 4057/37/65 4083/50/89
f 4057/37/65 4058/38/66 4083/50/89
f 4083/50/89 4058/38/66 4084/51/1792
f 4084/51/1792 4058/38/66 4085/52/91
f 4058/38/66 4059/39/66 4085/52/91
f 4059/39/66 4060/40/1452 4085/52/91
f 4085/52/91 4060/40/1452 4086/53/1130
f 4060/40/1452 4061/41/68 4086/53/1130
f 4086/53/1130 4061/41/68 4087/54/1793
f 4062/42/1453 4063/43/69 4088/55/93
f 4088/55/93 4063/43/69 4089/56/93
f 4089/56/93 4063/43/69 4090/57/94
f 4063/43/69 4064/44/70 4090/57/94
f 4064/44/70 4065/45/1124 4090/57/94
f 4090/57/94 4065/45/1124 4091/58/95
f 4065/45/1124 4066/46/1455 4091/58/95
f 4091/58/95 4066/46/1455 4092/59/96
f 4092/59/96 4066/46/1455 4093/60/1133
f 4066/46/1455 4067/47/1789 4093/60/1133
f 4067/47/1789 4068/48/74 4093/60/1133
f 4093/60/1133 4068/48/74 4094/61/98
f 4068/48/74 4069/49/75 4094/61/98
f 4094/61/98 4069/49/75 4095/62/1464
f 4095/62/1464 4069/49/75 4096/63/1794
f 4069/49/75 4070/50/76 4096/63/1794
f 4070/50/76 4071/51/77 4096/63/1794
f 4096/63/1794 4071/51/77 4097/64/101
f 4071/51/77 4072/52/1790 4097/64/101
f 4097/64/101 4072/52/1790 4098/65/1795
f 4098/65/1795 4072/52/1790 4099/53/1135
f 4072/52/1790 4073/40/79 4099/53/1135
f 4073/40/79 4074/41/80 4099/53/1135
f 4099/53/1135 4074/41/80 4100/54/103
f 4075/42/81 4076/43/1458 4101/55/104
f 4101/55/104 4076/43/1458 4102/56/104
f 4102/56/104 4076/43/1458 4103/57/105
f 4076/43/1458 4077/44/1459 4103/57/105
f 4077/44/1459 4078/45/84 4103/57/105
f 4103/57/105 4078/45/84 4104/58/107
f 4078/45/84 4079/46/1791 4104/58/107
f 4104/58/107 4079/46/1791 4105/59/1465
f 4105/59/1465 4079/46/1791 4106/60/108
f 4079/46/1791 4080/47/1129 4106/60/108
f 4080/47/1129 4081/48/87 4106/60/108
f 4106/60/108 4081/48/87 4107/61/109
f 4081/48/87 4082/49/88 4107/61/109
f 4107/61/109 4082/49/88 4108/62/110
f 4108/62/110 4082/49/88 4109/63/111
f 4082/49/88 4083/50/89 4109/63/111
f 4083/50/89 4084/51/1792 4109/63/111
f 4109/63/111 4084/51/1792 4110/64/112
f 4084/51/1792 4085/52/91 4110/64/112
f 4110/64/112 4085/52/91 4111/65/1137
f 4085/52/91 4086/53/1130 4111/65/1137
f 4111/65/1137 4086/53/1130 4112/66/1468
f 4086/53/1130 4087/54/1793 4112/66/1468
f 4112/66/1468 4087/54/1793 4113/67/115
f 4088/55/93 4089/56/93 4114/68/115
f 4114/68/115 4089/56/93 4115/69/1138
f 4115/69/1138 4089/56/93 4116/70/1796
f 4089/56/93 4090/57/94 4116/70/1796
f 4090/57/94 4091/58/95 4116/70/1796
f 4116/70/1796 4091/58/95 4117/71/118
f 4091/58/95 4092/59/96 4117/71/118
f 4117/71/118 4092/59/96 4118/72/1470
f 4118/72/1470 4092/59/96 4119/73/120
f 4092/59/96 4093/60/1133 4119/73/120
f 4093/60/1133 4094/61/98 4119/73/120
f 4119/73/120 4094/61/98 4120/74/121
f 4094/61/98 4095/62/1464 4120/74/121
f 4120/74/121 4095/62/1464 4121/75/122
f 4121/75/122 4095/62/1464 4122/76/123
f 4095/62/1464 4096/63/1794 4122/76/123
f 4096/63/1794 4097/64/101 4122/76/123
f 4122/76/123 4097/64/101 4123/77/124
f 4097/64/101 4098/65/1795 4123/77/124
f 4123/77/124 4098/65/1795 4124/78/125
f 4124/78/125 4098/65/1795 4125/66/126
f 4098/65/1795 4099/53/1135 4125/66/126
f 4099/53/1135 4100/54/103 4125/66/126
f 4125/66/126 4100/54/103 4126/67/127
f 4101/55/104 4102/56/104 4127/68/127
f 4127/68/127 4102/56/104 4128/69/1472
f 4128/69/1472 4102/56/104 4129/70/1142
f 4102/56/104 4103/57/105 4129/70/1142
f 4103/57/105 4104/58/107 4129/70/1142
f 4129/70/1142 4104/58/107 4130/71/1143
f 4104/58/107 4105/59/1465 4130/71/1143
f 4130/71/1143 4105/59/1465 4131/72/1144
f 4131/72/1144 4105/59/1465 4132/73/132
f 4105/59/1465 4106/60/108 4132/73/132
f 4106/60/108 4107/61/109 4132/73/132
f 4132/73/132 4107/61/109 4133/74/133
f 4107/61/109 4108/62/110 4133/74/133
f 4133/74/133 4108/62/110 4134/75/134
f 4134/75/134 4108/62/110 4135/76/135
f 4108/62/110 4109/63/111 4135/76/135
f 4109/63/111 4110/64/112 4135/76/135
f 4135/76/135 4110/64/112 4136/77/136
f 4110/64/112 4111/65/1137 4136/77/136
f 4136/77/136 4111/65/1137 4137/78/1475
f 4111/65/1137 4112/66/1468 4137/78/1475
f 4137/78/1475 4112/66/1468 4138/79/1476
f 4112/66/1468 4113/67/115 4138/79/1476
f 4138/79/1476 4113/67/115 4139/80/139
f 4114/68/115 4115/69/1138 4140/81/139
f 4140/81/139 4115/69/1138 4141/82/140
f 4141/82/140 4115/69/1138 4142/83/1147
f 4115/69/1138 4116/70/1796 4142/83/1147
f 4116/70/1796 4117/71/118 4142/83/1147
f 4142/83/1147 4117/71/118 4143/84/1797
f 4117/71/118 4118/72/1470 4143/84/1797
f 4143/84/1797 4118/72/1470 4144/85/142
f 4144/85/142 4118/72/1470 4145/86/1478
f 4118/72/1470 4119/73/120 4145/86/1478
f 4119/73/120 4120/74/121 4145/86/1478
f 4145/86/1478 4120/74/121 4146/87/144
f 4120/74/121 4121/75/122 4146/87/144
f 4146/87/144 4121/75/122 4147/88/145
f 4147/88/145 4121/75/122 4148/89/1798
f 4121/75/122 4122/76/123 4148/89/1798
f 4122/76/123 4123/77/124 4148/89/1798
f 4148/89/1798 4123/77/124 4149/90/1799
f 4123/77/124 4124/78/125 4149/90/1799
f 4149/90/1799 4124/78/125 4150/91/148
f 4150/91/148 4124/78/125 4151/79/1479
f 4124/78/125 4125/66/126 4151/79/1479
f 4125/66/126 4126/67/127 4151/79/1479
f 4151/79/1479 4126/67/127 4152/80/1800
f 4127/68/127 4128/69/1472 4153/81/150
f 4153/81/150 4128/69/1472 4154/82/1801
f 4154/82/1801 4128/69/1472 4155/83/152
f 4128/69/1472 4129/70/1142 4155/83/152
f 4129/70/1142 4130/71/1143 4155/83/152
f 4155/83/152 4130/71/1143 4156/84/153
f 4130/71/1143 4131/72/1144 4156/84/153
f 4156/84/153 4131/72/1144 4157/85/153
f 4157/85/153 4131/72/1144 4158/86/1152
f 4131/72/1144 4132/73/132 4158/86/1152
f 4132/73/132 4133/74/133 4158/86/1152
f 4158/86/1152 4133/74/133 4159/87/155
f 4133/74/133 4134/75/134 4159/87/155
f 4159/87/155 4134/75/134 4160/88/1483
f 4160/88/1483 4134/75/134 4161/89/1484
f 4134/75/134 4135/76/135 4161/89/1484
f 4135/76/135 4136/77/136 4161/89/1484
f 4161/89/1484 4136/77/136 4162/90/158
f 4136/77/136 4137/78/1475 4162/90/158
f 4162/90/158 4137/78/1475 4163/91/159
f 4137/78/1475 4138/79/1476 4163/91/159
f 4164/92/160 4163/91/159 4165/93/161
f 4163/91/159 4138/79/1476 4165/93/161
f 4138/79/1476 4139/80/139 4165/93/161
f 4165/93/161 4139/80/139 4166/94/1802
f 4167/95/162 4140/81/139 4168/96/162
f 4140/81/139 4141/82/140 4168/96/162
f 4168/96/162 4141/82/140 4169/97/163
f 4141/82/140 4142/83/1147 4169/97/163
f 4142/83/1147 4143/84/1797 4169/97/163
f 4169/97/163 4143/84/1797 4170/98/1154
f 4143/84/1797 4144/85/142 4170/98/1154
f 4170/98/1154 4144/85/142 4171/99/165
f 4171/99/165 4144/85/142 4172/100/166
f 4144/85/142 4145/86/1478 4172/100/166
f 4145/86/1478 4146/87/144 4172/100/166
f 4172/100/166 4146/87/144 4173/101/1155
f 4173/101/1155 4146/87/144 4174/102/168
f 4146/87/144 4147/88/145 4174/102/168
f 4174/102/168 4147/88/145 4175/103/169
f 4147/88/145 4148/89/1798 4175/103/169
f 4148/89/1798 4149/90/1799 4175/103/169
f 4175/103/169 4149/90/1799 4176/104/170
f 4149/90/1799 4150/91/148 4176/104/170
f 4176/104/170 4150/91/148 4177/92/171
f 4177/92/171 4150/91/148 4178/93/172
f 4150/91/148 4151/79/1479 4178/93/172
f 4151/79/1479 4152/80/1800 4178/93/172
f 4178/93/172 4152/80/1800 4179/94/173
f 4180/95/173 4153/81/150 4181/96/173
f 4153/81/150 4154/82/1801 4181/96/173
f 4181/96/173 4154/82/1801 4182/97/174
f 4154/82/1801 4155/83/152 4182/97/174
f 4155/83/152 4156/84/153 4182/97/174
f 4182/97/174 4156/84/153 4183/98/175
f 4156/84/153 4157/85/153 4183/98/175
f 4183/98/175 4157/85/153 4184/99/176
f 4184/99/176 4157/85/153 4185/100/177
f 4157/85/153 4158/86/1152 4185/100/177
f 4158/86/1152 4159/87/155 4185/100/177
f 4185/100/177 4159/87/155 4186/101/1157
f 4159/87/155 4160/88/1483 4186/101/1157
f 4186/101/1157 4160/88/1483 4187/102/179
f 4187/102/179 4160/88/1483 4188/103/180
f 4160/88/1483 4161/89/1484 4188/103/180
f 4161/89/1484 4162/90/158 4188/103/180
f 4188/103/180 4162/90/158 4189/104/181
f 4162/90/158 4163/91/159 4189/104/181
f 4163/91/159 4164/92/160 4189/104/181
f 4189/104/181 4164/92/160 4190/105/1485
f 4190/105/1485 4164/92/160 4191/106/1486
f 4164/92/160 4165/93/161 4191/106/1486
f 4165/93/161 4166/94/1802 4191/106/1486
f 4191/106/1486 4166/94/1802 4192/107/184
f 4167/95/162 4168/96/162 4193/108/184
f 4193/108/184 4168/96/162 4194/109/1487
f 4194/109/1487 4168/96/162 4195/110/1803
f 4168/96/162 4169/97/163 4195/110/1803
f 4169/97/163 4170/98/1154 4195/110/1803
f 4195/110/1803 4170/98/1154 4196/111/1158
f 4196/111/1158 4170/98/1154 4197/112/1488
f 4170/98/1154 4171/99/165 4197/112/1488
f 4197/112/1488 4171/99/165 4198/113/1489
f 4171/99/165 4172/100/166 4198/113/1489
f 4172/100/166 4173/101/1155 4198/113/1489
f 4198/113/1489 4173/101/1155 4199/114/190
f 4173/101/1155 4174/102/168 4199/114/190
f 4199/114/190 4174/102/168 4200/115/191
f 4200/115/191 4174/102/168 4201/116/192
f 4174/102/168 4175/103/169 4201/116/192
f 4175/103/169 4176/104/170 4201/116/192
f 4201/116/192 4176/104/170 4202/117/193
f 4202/117/193 4176/104/170 4203/105/194
f 4176/104/170 4177/92/171 4203/105/194
f 4203/105/194 4177/92/171 4204/106/1491
f 4177/92/171 4178/93/172 4204/106/1491
f 4178/93/172 4179/94/173 4204/106/1491
f 4204/106/1491 4179/94/173 4205/107/196
f 4180/95/173 4181/96/173 4206/108/196
f 4206/108/196 4181/96/173 4207/109/1492
f 4207/109/1492 4181/96/173 4208/110/1162
f 4181/96/173 4182/97/174 4208/110/1162
f 4182/97/174 4183/98/175 4208/110/1162
f 4208/110/1162 4183/98/175 4209/111/199
f 4209/111/199 4183/98/175 4210/112/1494
f 4183/98/175 4184/99/176 4210/112/1494
f 4210/112/1494 4184/99/176 4211/113/1495
f 4184/99/176 4185/100/177 4211/113/1495
f 4185/100/177 4186/101/1157 4211/113/1495
f 4211/113/1495 4186/101/1157 4212/114/202
f 4186/101/1157 4187/102/179 4212/114/202
f 4212/114/202 4187/102/179 4213/115/1164
f 4213/115/1164 4187/102/179 4214/116/1496
f 4187/102/179 4188/103/180 4214/116/1496
f 4188/103/180 4189/104/181 4214/116/1496
f 4214/116/1496 4189/104/181 4215/117/205
f 4189/104/181 4190/105/1485 4215/117/205
f 4215/117/205 4190/105/1485 4216/118/1167
f 4216/118/1167 4190/105/1485 4217/119/1497
f 4190/105/1485 4191/106/1486 4217/119/1497
f 4191/106/1486 4192/107/184 4217/119/1497
f 4217/119/1497 4192/107/184 4218/120/1804
f 4219/121/208 4193/108/184 4220/122/209
f 4193/108/184 4194/109/1487 4220/122/209
f 4220/122/209 4194/109/1487 4221/123/210
f 4194/109/1487 4195/110/1803 4221/123/210
f 4195/110/1803 4196/111/1158 4221/123/210
f 4221/123/210 4196/111/1158 4222/124/211
f 4222/124/211 4196/111/1158 4223/125/1498
f 4196/111/1158 4197/112/1488 4223/125/1498
f 4223/125/1498 4197/112/1488 4224/126/213
f 4197/112/1488 4198/113/1489 4224/126/213
f 4198/113/1489 4199/114/190 4224/126/213
f 4224/126/213 4199/114/190 4225/127/1499
f 4225/127/1499 4199/114/190 4226/128/215
f 4199/114/190 4200/115/191 4226/128/215
f 4226/128/215 4200/115/191 4227/129/216
f 4200/115/191 4201/116/192 4227/129/216
f 4201/116/192 4202/117/193 4227/129/216
f 4227/129/216 4202/117/193 4228/130/1500
f 4228/130/1500 4202/117/193 4229/118/218
f 4202/117/193 4203/105/194 4229/118/218
f 4229/118/218 4203/105/194 4230/119/1170
f 4203/105/194 4204/106/1491 4230/119/1170
f 4204/106/1491 4205/107/196 4230/119/1170
f 4230/119/1170 4205/107/196 4231/120/1171
f 4232/121/1171 4206/108/196 4233/122/221
f 4206/108/196 4207/109/1492 4233/122/221
f 4233/122/221 4207/109/1492 4234/123/1501
f 4207/109/1492 4208/110/1162 4234/123/1501
f 4208/110/1162 4209/111/199 4234/123/1501
f 4234/123/1501 4209/111/199 4235/124/223
f 4235/124/223 4209/111/199 4236/125/1503
f 4209/111/199 4210/112/1494 4236/125/1503
f 4236/125/1503 4210/112/1494 4237/126/225
f 4210/112/1494 4211/113/1495 4237/126/225
f 4211/113/1495 4212/114/202 4237/126/225
f 4237/126/225 4212/114/202 4238/127/1805
f 4238/127/1805 4212/114/202 4239/128/227
f 4212/114/202 4213/115/1164 4239/128/227
f 4239/128/227 4213/115/1164 4240/129/1504
f 4213/115/1164 4214/116/1496 4240/129/1504
f 4214/116/1496 4215/117/205 4240/129/1504
f 4240/129/1504 4215/117/205 4241/130/229
f 4215/117/205 4216/118/1167 4241/130/229
f 4241/130/229 4216/118/1167 4242/131/230
f 4216/118/1167 4217/119/1497 4242/131/230
f 4242/131/230 4217/119/1497 4243/132/231
f 4243/132/231 4217/119/1497 4244/133/1174
f 4217/119/1497 4218/120/1804 4244/133/1174
f 4219/121/208 4220/122/209 4245/134/232
f 4245/134/232 4220/122/209 4246/135/233
f 4220/122/209 4221/123/210 4246/135/233
f 4246/135/233 4221/123/210 4247/136/234
f 4247/136/234 4221/123/210 4248/137/235
f 4221/123/210 4222/124/211 4248/137/235
f 4248/137/235 4222/124/211 4249/138/236
f 4222/124/211 4223/125/1498 4249/138/236
f 4223/125/1498 4224/126/213 4249/138/236
f 4249/138/236 4224/126/213 4250/139/237
f 4250/139/237 4224/126/213 4251/140/1806
f 4224/126/213 4225/127/1499 4251/140/1806
f 4225/127/1499 4226/128/215 4251/140/1806
f 4251/140/1806 4226/128/215 4252/141/239
f 4226/128/215 4227/129/216 4252/141/239
f 4252/141/239 4227/129/216 4253/142/1176
f 4253/142/1176 4227/129/216 4254/143/241
f 4227/129/216 4228/130/1500 4254/143/241
f 4254/143/241 4228/130/1500 4255/131/241
f 4228/130/1500 4229/118/218 4255/131/241
f 4229/118/218 4230/119/1170 4255/131/241
f 4255/131/241 4230/119/1170 4256/132/1807
f 4256/132/1807 4230/119/1170 4257/133/243
f 4230/119/1170 4231/120/1171 4257/133/243
f 4232/121/1171 4233/122/221 4258/134/243
f 4258/134/243 4233/122/221 4259/135/244
f 4233/122/221 4234/123/1501 4259/135/244
f 4259/135/244 4234/123/1501 4260/136/1178
f 4260/136/1178 4234/123/1501 4261/137/246
f 4234/123/1501 4235/124/223 4261/137/246
f 4261/137/246 4235/124/223 4262/138/247
f 4235/124/223 4236/125/1503 4262/138/247
f 4236/125/1503 4237/126/225 4262/138/247
f 4262/138/247 4237/126/225 4263/139/1808
f 4263/139/1808 4237/126/225 4264/140/249
f 4237/126/225 4238/127/1805 4264/140/249
f 4238/127/1805 4239/128/227 4264/140/249
f 4264/140/249 4239/128/227 4265/141/250
f 4239/128/227 4240/129/1504 4265/141/250
f 4265/141/250 4240/129/1504 4266/142/251
f 4266/142/251 4240/129/1504 4267/143/230
f 4240/129/1504 4241/130/229 4267/143/230
f 4241/130/229 4242/131/230 4267/143/230
f 4267/143/230 4242/131/230 4268/144/1179
f 4242/131/230 4243/132/231 4268/144/1179
f 4268/144/1179 4243/132/231 4269/145/253
f 4269/145/253 4243/132/231 4270/146/255
f 4243/132/231 4244/133/1174 4270/146/255
f 4245/134/232 4246/135/233 4271/147/255
f 4271/147/255 4246/135/233 4272/148/256
f 4246/135/233 4247/136/234 4272/148/256
f 4272/148/256 4247/136/234 4273/149/257
f 4273/149/257 4247/136/234 4274/150/1809
f 4247/136/234 4248/137/235 4274/150/1809
f 4274/150/1809 4248/137/235 4275/151/259
f 4248/137/235 4249/138/236 4275/151/259
f 4249/138/236 4250/139/237 4275/151/259
f 4275/151/259 4250/139/237 4276/152/1180
f 4276/152/1180 4250/139/237 4277/153/261
f 4250/139/237 4251/140/1806 4277/153/261
f 4251/140/1806 4252/141/239 4277/153/261
f 4277/153/261 4252/141/239 4278/154/1810
f 4252/141/239 4253/142/1176 4278/154/1810
f 4278/154/1810 4253/142/1176 4279/155/263
f 4279/155/263 4253/142/1176 4280/156/264
f 4253/142/1176 4254/143/241 4280/156/264
f 4280/156/264 4254/143/241 4281/144/265
f 4254/143/241 4255/131/241 4281/144/265
f 4255/131/241 4256/132/1807 4281/144/265
f 4281/144/265 4256/132/1807 4282/145/1510
f 4282/145/1510 4256/132/1807 4283/146/1811
f 4256/132/1807 4257/133/243 4283/146/1811
f 4258/134/243 4259/135/244 4284/147/267
f 4284/147/267 4259/135/244 4285/148/268
f 4259/135/244 4260/136/1178 4285/148/268
f 4285/148/268 4260/136/1178 4286/149/1512
f 4286/149/1512 4260/136/1178 4287/150/1812
f 4260/136/1178 4261/137/246 4287/150/1812
f 4287/150/1812 4261/137/246 4288/151/271
f 4261/137/246 4262/138/247 4288/151/271
f 4262/138/247 4263/139/1808 4288/151/271
f 4288/151/271 4263/139/1808 4289/152/272
f 4289/152/272 4263/139/1808 4290/153/1513
f 4263/139/1808 4264/140/249 4290/153/1513
f 4264/140/249 4265/141/250 4290/153/1513
f 4290/153/1513 4265/141/250 4291/154/1514
f 4265/141/250 4266/142/251 4291/154/1514
f 4291/154/1514 4266/142/251 4292/155/275
f 4292/155/275 4266/142/251 4293/156/276
f 4266/142/251 4267/143/230 4293/156/276
f 4267/143/230 4268/144/1179 4293/156/276
f 4293/156/276 4268/144/1179 4294/157/277
f 4268/144/1179 4269/145/253 4294/157/277
f 4294/157/277 4269/145/253 4295/158/1515
f 4295/158/1515 4269/145/253 4296/159/279
f 4269/145/253 4270/146/255 4296/159/279
f 4297/160/280 4271/147/255 4298/161/1186
f 4271/147/255 4272/148/256 4298/161/1186
f 4272/148/256 4273/149/257 4298/161/1186
f 4298/161/1186 4273/149/257 4299/162/282
f 4299/162/282 4273/149/257 4300/163/1187
f 4273/149/257 4274/150/1809 4300/163/1187
f 4300/163/1187 4274/150/1809 4301/164/284
f 4274/150/1809 4275/151/259 4301/164/284
f 4275/151/259 4276/152/1180 4301/164/284
f 4301/164/284 4276/152/1180 4302/165/285
f 4302/165/285 4276/152/1180 4303/166/286
f 4276/152/1180 4277/153/261 4303/166/286
f 4303/166/286 4277/153/261 4304/167/287
f 4277/153/261 4278/154/1810 4304/167/287
f 4278/154/1810 4279/155/263 4304/167/287
f 4304/167/287 4279/155/263 4305/168/1813
f 4305/168/1813 4279/155/263 4306/169/289
f 4279/155/263 4280/156/264 4306/169/289
f 4306/169/289 4280/156/264 4307/157/290
f 4280/156/264 4281/144/265 4307/157/290
f 4281/144/265 4282/145/1510 4307/157/290
f 4307/157/290 4282/145/1510 4308/158/1517
f 4308/158/1517 4282/145/1510 4309/159/292
f 4282/145/1510 4283/146/1811 4309/159/292
f 4310/160/1814 4284/147/267 4311/161/1518
f 4284/147/267 4285/148/268 4311/161/1518
f 4285/148/268 4286/149/1512 4311/161/1518
f 4311/161/1518 4286/149/1512 4312/162/1815
f 4312/162/1815 4286/149/1512 4313/163/295
f 4286/149/1512 4287/150/1812 4313/163/295
f 4313/163/295 4287/150/1812 4314/164/296
f 4287/150/1812 4288/151/271 4314/164/296
f 4288/151/271 4289/152/272 4314/164/296
f 4314/164/296 4289/152/272 4315/165/1519
f 4315/165/1519 4289/152/272 4316/166/298
f 4289/152/272 4290/153/1513 4316/166/298
f 4316/166/298 4290/153/1513 4317/167/299
f 4290/153/1513 4291/154/1514 4317/167/299
f 4291/154/1514 4292/155/275 4317/167/299
f 4317/167/299 4292/155/275 4318/168/300
f 4318/168/300 4292/155/275 4319/169/1521
f 4292/155/275 4293/156/276 4319/169/1521
f 4293/156/276 4294/157/277 4319/169/1521
f 4319/169/1521 4294/157/277 4320/170/302
f 4320/170/302 4294/157/277 4321/171/303
f 4294/157/277 4295/158/1515 4321/171/303
f 4295/158/1515 4296/159/279 4321/171/303
f 4321/171/303 4296/159/279 4322/172/304
f 4297/160/280 4298/161/1186 4323/173/304
f 4323/173/304 4298/161/1186 4324/174/305
f 4324/174/305 4298/161/1186 4325/175/1522
f 4298/161/1186 4299/162/282 4325/175/1522
f 4299/162/282 4300/163/1187 4325/175/1522
f 4325/175/1522 4300/163/1187 4326/176/1523
f 4326/176/1523 4300/163/1187 4327/177/308
f 4300/163/1187 4301/164/284 4327/177/308
f 4327/177/308 4301/164/284 4328/178/1816
f 4301/164/284 4302/165/285 4328/178/1816
f 4302/165/285 4303/166/286 4328/178/1816
f 4328/178/1816 4303/166/286 4329/179/1524
f 4303/166/286 4304/167/287 4329/179/1524
f 4329/179/1524 4304/167/287 4330/180/1525
f 4330/180/1525 4304/167/287 4331/181/312
f 4304/167/287 4305/168/1813 4331/181/312
f 4305/168/1813 4306/169/289 4331/181/312
f 4331/181/312 4306/169/289 4332/182/313
f 4332/182/313 4306/169/289 4333/170/313
f 4306/169/289 4307/157/290 4333/170/313
f 4333/170/313 4307/157/290 4334/171/1817
f 4307/157/290 4308/158/1517 4334/171/1817
f 4308/158/1517 4309/159/292 4334/171/1817
f 4334/171/1817 4309/159/292 4335/172/315
f 4310/160/1814 4311/161/1518 4336/173/1194
f 4336/173/1194 4311/161/1518 4337/174/1526
f 4337/174/1526 4311/161/1518 4338/175/317
f 4311/161/1518 4312/162/1815 4338/175/317
f 4312/162/1815 4313/163/295 4338/175/317
f 4338/175/317 4313/163/295 4339/176/1196
f 4339/176/1196 4313/163/295 4340/177/319
f 4313/163/295 4314/164/296 4340/177/319
f 4340/177/319 4314/164/296 4341/178/320
f 4314/164/296 4315/165/1519 4341/178/320
f 4315/165/1519 4316/166/298 4341/178/320
f 4341/178/320 4316/166/298 4342/179/1528
f 4316/166/298 4317/167/299 4342/179/1528
f 4342/179/1528 4317/167/299 4343/180/322
f 4343/180/322 4317/167/299 4344/181/1529
f 4317/167/299 4318/168/300 4344/181/1529
f 4318/168/300 4319/169/1521 4344/181/1529
f 4344/181/1529 4319/169/1521 4345/182/1818
f 4319/169/1521 4320/170/302 4345/182/1818
f 4345/182/1818 4320/170/302 4346/183/324
f 4346/183/324 4320/170/302 4347/184/325
f 4320/170/302 4321/171/303 4347/184/325
f 4321/171/303 4322/172/304 4347/184/325
f 4347/184/325 4322/172/304 4348/185/326
f 4349/186/326 4323/173/304 4350/187/1530
f 4323/173/304 4324/174/305 4350/187/1530
f 4350/187/1530 4324/174/305 4351/188/1531
f 4324/174/305 4325/175/1522 4351/188/1531
f 4325/175/1522 4326/176/1523 4351/188/1531
f 4351/188/1531 4326/176/1523 4352/189/329
f 4352/189/329 4326/176/1523 4353/190/329
f 4326/176/1523 4327/177/308 4353/190/329
f 4353/190/329 4327/177/308 4354/191/1819
f 4327/177/308 4328/178/1816 4354/191/1819
f 4328/178/1816 4329/179/1524 4354/191/1819
f 4354/191/1819 4329/179/1524 4355/192/331
f 4355/192/331 4329/179/1524 4356/193/1820
f 4329/179/1524 4330/180/1525 4356/193/1820
f 4356/193/1820 4330/180/1525 4357/194/333
f 4330/180/1525 4331/181/312 4357/194/333
f 4331/181/312 4332/182/313 4357/194/333
f 4357/194/333 4332/182/313 4358/195/334
f 4358/195/334 4332/182/313 4359/183/334
f 4332/182/313 4333/170/313 4359/183/334
f 4359/183/334 4333/170/313 4360/184/1821
f 4333/170/313 4334/171/1817 4360/184/1821
f 4334/171/1817 4335/172/315 4360/184/1821
f 4360/184/1821 4335/172/315 4361/185/336
f 4362/186/336 4336/173/1194 4363/187/337
f 4336/173/1194 4337/174/1526 4363/187/337
f 4363/187/337 4337/174/1526 4364/188/338
f 4337/174/1526 4338/175/317 4364/188/338
f 4338/175/317 4339/176/1196 4364/188/338
f 4364/188/338 4339/176/1196 4365/189/339
f 4365/189/339 4339/176/1196 4366/190/339
f 4339/176/1196 4340/177/319 4366/190/339
f 4366/190/339 4340/177/319 4367/191/1535
f 4340/177/319 4341/178/320 4367/191/1535
f 4341/178/320 4342/179/1528 4367/191/1535
f 4367/191/1535 4342/179/1528 4368/192/341
f 4368/192/341 4342/179/1528 4369/193/1199
f 4342/179/1528 4343/180/322 4369/193/1199
f 4369/193/1199 4343/180/322 4370/194/1822
f 4343/180/322 4344/181/1529 4370/194/1822
f 4344/181/1529 4345/182/1818 4370/194/1822
f 4370/194/1822 4345/182/1818 4371/195/324
f 4345/182/1818 4346/183/324 4371/195/324
f 4371/195/324 4346/183/324 4372/196/344
f 4372/196/344 4346/183/324 4373/197/1823
f 4346/183/324 4347/184/325 4373/197/1823
f 4347/184/325 4348/185/326 4373/197/1823
f 4373/197/1823 4348/185/326 4374/198/347
f 4349/186/326 4350/187/1530 4375/199/347
f 4375/199/347 4350/187/1530 4376/200/1824
f 4376/200/1824 4350/187/1530 4377/201/349
f 4350/187/1530 4351/188/1531 4377/201/349
f 4351/188/1531 4352/189/329 4377/201/349
f 4377/201/349 4352/189/329 4378/202/350
f 4378/202/350 4352/189/329 4379/203/350
f 4352/189/329 4353/190/329 4379/203/350
f 4379/203/350 4353/190/329 4380/204/1537
f 4353/190/329 4354/191/1819 4380/204/1537
f 4354/191/1819 4355/192/331 4380/204/1537
f 4380/204/1537 4355/192/331 4381/205/1538
f 4355/192/331 4356/193/1820 4381/205/1538
f 4381/205/1538 4356/193/1820 4382/206/1825
f 4382/206/1825 4356/193/1820 4383/207/354
f 4356/193/1820 4357/194/333 4383/207/354
f 4357/194/333 4358/195/334 4383/207/354
f 4383/207/354 4358/195/334 4384/208/355
f 4384/208/355 4358/195/334 4385/196/356
f 4358/195/334 4359/183/334 4385/196/356
f 4385/196/356 4359/183/334 4386/197/1539
f 4359/183/334 4360/184/1821 4386/197/1539
f 4360/184/1821 4361/185/336 4386/197/1539
f 4386/197/1539 4361/185/336 4387/198/358
f 4362/186/336 4363/187/337 4388/199/359
f 4388/199/359 4363/187/337 4389/200/1540
f 4389/200/1540 4363/187/337 4390/201/1541
f 4363/187/337 4364/188/338 4390/201/1541
f 4364/188/338 4365/189/339 4390/201/1541
f 4390/201/1541 4365/189/339 4391/202/362
f 4391/202/362 4365/189/339 4392/203/362
f 4365/189/339 4366/190/339 4392/203/362
f 4392/203/362 4366/190/339 4393/204/1542
f 4366/190/339 4367/191/1535 4393/204/1542
f 4367/191/1535 4368/192/341 4393/204/1542
f 4393/204/1542 4368/192/341 4394/205/1826
f 4368/192/341 4369/193/1199 4394/205/1826
f 4394/205/1826 4369/193/1199 4395/206/1205
f 4395/206/1205 4369/193/1199 4396/207/366
f 4369/193/1199 4370/194/1822 4396/207/366
f 4370/194/1822 4371/195/324 4396/207/366
f 4396/207/366 4371/195/324 4397/208/367
f 4371/195/324 4372/196/344 4397/208/367
f 4398/209/1827 4397/208/367 4399/210/1543
f 4397/208/367 4372/196/344 4399/210/1543
f 4399/210/1543 4372/196/344 4400/211/370
f 4372/196/344 4373/197/1823 4400/211/370
f 4373/197/1823 4374/198/347 4400/211/370
f 4400/211/370 4374/198/347 4401/212/371
f 4375/199/347 4376/200/1824 4402/213/371
f 4402/213/371 4376/200/1824 4403/214/1544
f 4403/214/1544 4376/200/1824 4404/215/1828
f 4376/200/1824 4377/201/349 4404/215/1828
f 4377/201/349 4378/202/350 4404/215/1828
f 4404/215/1828 4378/202/350 4405/216/374
f 4405/216/374 4378/202/350 4406/217/1545
f 4378/202/350 4379/203/350 4406/217/1545
f 4406/217/1545 4379/203/350 4407/218/376
f 4379/203/350 4380/204/1537 4407/218/376
f 4380/204/1537 4381/205/1538 4407/218/376
f 4407/218/376 4381/205/1538 4408/219/377
f 4381/205/1538 4382/206/1825 4408/219/377
f 4408/219/377 4382/206/1825 4409/220/378
f 4409/220/378 4382/206/1825 4410/221/379
f 4382/206/1825 4383/207/354 4410/221/379
f 4383/207/354 4384/208/355 4410/221/379
f 4410/221/379 4384/208/355 4411/209/380
f 4411/209/380 4384/208/355 4412/210/381
f 4384/208/355 4385/196/356 4412/210/381
f 4412/210/381 4385/196/356 4413/211/1829
f 4385/196/356 4386/197/1539 4413/211/1829
f 4386/197/1539 4387/198/358 4413/211/1829
f 4413/211/1829 4387/198/358 4414/212/383
f 4388/199/359 4389/200/1540 4415/213/383
f 4415/213/383 4389/200/1540 4416/214/384
f 4416/214/384 4389/200/1540 4417/215/385
f 4389/200/1540 4390/201/1541 4417/215/385
f 4390/201/1541 4391/202/362 4417/215/385
f 4417/215/385 4391/202/362 4418/216/1549
f 4418/216/1549 4391/202/362 4419/217/1550
f 4391/202/362 4392/203/362 4419/217/1550
f 4419/217/1550 4392/203/362 4420/218/388
f 4392/203/362 4393/204/1542 4420/218/388
f 4393/204/1542 4394/205/1826 4420/218/388
f 4420/218/388 4394/205/1826 4421/219/389
f 4421/219/389 4394/205/1826 4422/220/390
f 4394/205/1826 4395/206/1205 4422/220/390
f 4422/220/390 4395/206/1205 4423/221/391
f 4395/206/1205 4396/207/366 4423/221/391
f 4396/207/366 4397/208/367 4423/221/391
f 4397/208/367 4398/209/1827 4423/221/391
f 4423/221/391 4398/209/1827 4424/222/1552
f 4424/222/1552 4398/209/1827 4425/223/1830
f 4398/209/1827 4399/210/1543 4425/223/1830
f 4399/210/1543 4400/211/370 4425/223/1830
f 4425/223/1830 4400/211/370 4426/224/394
f 4426/224/394 4400/211/370 4427/225/395
f 4400/211/370 4401/212/371 4427/225/395
f 4428/226/395 4402/213/371 4429/227/396
f 4402/213/371 4403/214/1544 4429/227/396
f 4403/214/1544 4404/215/1828 4429/227/396
f 4429/227/396 4404/215/1828 4430/228/397
f 4430/228/397 4404/215/1828 4431/229/1831
f 4404/215/1828 4405/216/374 4431/229/1831
f 4431/229/1831 4405/216/374 4432/230/1832
f 4405/216/374 4406/217/1545 4432/230/1832
f 4406/217/1545 4407/218/376 4432/230/1832
f 4432/230/1832 4407/218/376 4433/231/400
f 4433/231/400 4407/218/376 4434/232/401
f 4407/218/376 4408/219/377 4434/232/401
f 4434/232/401 4408/219/377 4435/233/402
f 4408/219/377 4409/220/378 4435/233/402
f 4409/220/378 4410/221/379 4435/233/402
f 4435/233/402 4410/221/379 4436/234/1555
f 4436/234/1555 4410/221/379 4437/222/1833
f 4410/221/379 4411/209/380 4437/222/1833
f 4437/222/1833 4411/209/380 4438/223/1213
f 4411/209/380 4412/210/381 4438/223/1213
f 4412/210/381 4413/211/1829 4438/223/1213
f 4438/223/1213 4413/211/1829 4439/224/1214
f 4439/224/1214 4413/211/1829 4440/225/408
f 4413/211/1829 4414/212/383 4440/225/408
f 4441/226/408 4415/213/383 4442/227/409
f 4415/213/383 4416/214/384 4442/227/409
f 4416/214/384 4417/215/385 4442/227/409
f 4442/227/409 4417/215/385 4443/228/1834
f 4443/228/1834 4417/215/385 4444/229/1835
f 4417/215/385 4418/216/1549 4444/229/1835
f 4444/229/1835 4418/216/1549 4445/230/1559
f 4418/216/1549 4419/217/1550 4445/230/1559
f 4419/217/1550 4420/218/388 4445/230/1559
f 4445/230/1559 4420/218/388 4446/231/1216
f 4446/231/1216 4420/218/388 4447/232/414
f 4420/218/388 4421/219/389 4447/232/414
f 4447/232/414 4421/219/389 4448/233/415
f 4421/219/389 4422/220/390 4448/233/415
f 4422/220/390 4423/221/391 4448/233/415
f 4448/233/415 4423/221/391 4449/234/1561
f 4423/221/391 4424/222/1552 4449/234/1561
f 4449/234/1561 4424/222/1552 4450/235/1836
f 4450/235/1836 4424/222/1552 4451/236/418
f 4424/222/1552 4425/223/1830 4451/236/418
f 4425/223/1830 4426/224/394 4451/236/418
f 4451/236/418 4426/224/394 4452/237/1562
f 4452/237/1562 4426/224/394 4453/238/420
f 4426/224/394 4427/225/395 4453/238/420
f 4428/226/395 4429/227/396 4454/239/420
f 4454/239/420 4429/227/396 4455/240/1563
f 4429/227/396 4430/228/397 4455/240/1563
f 4455/240/1563 4430/228/397 4456/241/422
f 4456/241/422 4430/228/397 4457/242/423
f 4430/228/397 4431/229/1831 4457/242/423
f 4457/242/423 4431/229/1831 4458/243/423
f 4431/229/1831 4432/230/1832 4458/243/423
f 4432/230/1832 4433/231/400 4458/243/423
f 4458/243/423 4433/231/400 4459/244/424
f 4459/244/424 4433/231/400 4460/245/425
f 4433/231/400 4434/232/401 4460/245/425
f 4434/232/401 4435/233/402 4460/245/425
f 4460/245/425 4435/233/402 4461/246/1837
f 4435/233/402 4436/234/1555 4461/246/1837
f 4461/246/1837 4436/234/1555 4462/247/427
f 4462/247/427 4436/234/1555 4463/235/1565
f 4436/234/1555 4437/222/1833 4463/235/1565
f 4463/235/1565 4437/222/1833 4464/236/429
f 4437/222/1833 4438/223/1213 4464/236/429
f 4438/223/1213 4439/224/1214 4464/236/429
f 4464/236/429 4439/224/1214 4465/237/1566
f 4465/237/1566 4439/224/1214 4466/238/432
f 4439/224/1214 4440/225/408 4466/238/432
f 4441/226/408 4442/227/409 4467/239/432
f 4467/239/432 4442/227/409 4468/240/1568
f 4442/227/409 4443/228/1834 4468/240/1568
f 4468/240/1568 4443/228/1834 4469/241/1569
f 4469/241/1569 4443/228/1834 4470/242/435
f 4443/228/1834 4444/229/1835 4470/242/435
f 4470/242/435 4444/229/1835 4471/243/435
f 4444/229/1835 4445/230/1559 4471/243/435
f 4445/230/1559 4446/231/1216 4471/243/435
f 4471/243/435 4446/231/1216 4472/244/436
f 4472/244/436 4446/231/1216 4473/245/1571
f 4446/231/1216 4447/232/414 4473/245/1571
f 4447/232/414 4448/233/415 4473/245/1571
f 4473/245/1571 4448/233/415 4474/246/438
f 4448/233/415 4449/234/1561 4474/246/438
f 4474/246/438 4449/234/1561 4475/247/439
f 4449/234/1561 4450/235/1836 4475/247/439
f 4476/248/440 4475/247/439 4477/249/441
f 4475/247/439 4450/235/1836 4477/249/441
f 4477/249/441 4450/235/1836 4478/250/1838
f 4450/235/1836 4451/236/418 4478/250/1838
f 4451/236/418 4452/237/1562 4478/250/1838
f 4478/250/1838 4452/237/1562 4479/251/443
f 4479/251/443 4452/237/1562 4480/252/444
f 4452/237/1562 4453/238/420 4480/252/444
f 4454/239/420 4455/240/1563 4481/253/444
f 4481/253/444 4455/240/1563 4482/254/445
f 4455/240/1563 4456/241/422 4482/254/445
f 4482/254/445 4456/241/422 4483/255/1572
f 4483/255/1572 4456/241/422 4484/256/1839
f 4456/241/422 4457/242/423 4484/256/1839
f 4484/256/1839 4457/242/423 4485/257/448
f 4457/242/423 4458/243/423 4485/257/448
f 4458/243/423 4459/244/424 4485/257/448
f 4485/257/448 4459/244/424 4486/258/449
f 4486/258/449 4459/244/424 4487/259/450
f 4459/244/424 4460/245/425 4487/259/450
f 4460/245/425 4461/246/1837 4487/259/450
f 4487/259/450 4461/246/1837 4488/260/451
f 4461/246/1837 4462/247/427 4488/260/451
f 4488/260/451 4462/247/427 4489/248/1840
f 4489/248/1840 4462/247/427 4490/249/1574
f 4462/247/427 4463/235/1565 4490/249/1574
f 4490/249/1574 4463/235/1565 4491/250/1841
f 4463/235/1565 4464/236/429 4491/250/1841
f 4464/236/429 4465/237/1566 4491/250/1841
f 4491/250/1841 4465/237/1566 4492/251/1575
f 4492/251/1575 4465/237/1566 4493/252/456
f 4465/237/1566 4466/238/432 4493/252/456
f 4467/239/432 4468/240/1568 4494/253/456
f 4494/253/456 4468/240/1568 4495/254/457
f 4468/240/1568 4469/241/1569 4495/254/457
f 4495/254/457 4469/241/1569 4496/255/458
f 4496/255/458 4469/241/1569 4497/256/459
f 4469/241/1569 4470/242/435 4497/256/459
f 4497/256/459 4470/242/435 4498/257/460
f 4470/242/435 4471/243/435 4498/257/460
f 4471/243/435 4472/244/436 4498/257/460
f 4498/257/460 4472/244/436 4499/258/1842
f 4499/258/1842 4472/244/436 4500/259/462
f 4472/244/436 4473/245/1571 4500/259/462
f 4500/259/462 4473/245/1571 4501/260/463
f 4473/245/1571 4474/246/438 4501/260/463
f 4474/246/438 4475/247/439 4501/260/463
f 4475/247/439 4476/248/440 4501/260/463
f 4501/260/463 4476/248/440 4502/261/464
f 4476/248/440 4477/249/441 4502/261/464
f 4502/261/464 4477/249/441 4503/262/1843
f 4503/262/1843 4477/249/441 4504/263/1577
f 4477/249/441 4478/250/1838 4504/263/1577
f 4504/263/1577 4478/250/1838 4505/264/1578
f 4478/250/1838 4479/251/443 4505/264/1578
f 4479/251/443 4480/252/444 4505/264/1578
f 4505/264/1578 4480/252/444 4506/265/468
f 4481/253/444 4482/254/445 4507/266/468
f 4507/266/468 4482/254/445 4508/267/469
f 4508/267/469 4482/254/445 4509/268/470
f 4482/254/445 4483/255/1572 4509/268/470
f 4483/255/1572 4484/256/1839 4509/268/470
f 4509/268/470 4484/256/1839 4510/269/1579
f 4510/269/1579 4484/256/1839 4511/270/472
f 4484/256/1839 4485/257/448 4511/270/472
f 4511/270/472 4485/257/448 4512/271/1844
f 4485/257/448 4486/258/449 4512/271/1844
f 4486/258/449 4487/259/450 4512/271/1844
f 4512/271/1844 4487/259/450 4513/272/474
f 4487/259/450 4488/260/451 4513/272/474
f 4513/272/474 4488/260/451 4514/273/475
f 4514/273/475 4488/260/451 4515/261/1845
f 4488/260/451 4489/248/1840 4515/261/1845
f 4489/248/1840 4490/249/1574 4515/261/1845
f 4515/261/1845 4490/249/1574 4516/262/1846
f 4516/262/1846 4490/249/1574 4517/263/1583
f 4490/249/1574 4491/250/1841 4517/263/1583
f 4517/263/1583 4491/250/1841 4518/264/1584
f 4491/250/1841 4492/251/1575 4518/264/1584
f 4492/251/1575 4493/252/456 4518/264/1584
f 4518/264/1584 4493/252/456 4519/265/480
f 4494/253/456 4495/254/457 4520/266/480
f 4520/266/480 4495/254/457 4521/267/481
f 4521/267/481 4495/254/457 4522/268/482
f 4495/254/457 4496/255/458 4522/268/482
f 4496/255/458 4497/256/459 4522/268/482
f 4522/268/482 4497/256/459 4523/269/483
f 4523/269/483 4497/256/459 4524/270/484
f 4497/256/459 4498/257/460 4524/270/484
f 4524/270/484 4498/257/460 4525/271/485
f 4498/257/460 4499/258/1842 4525/271/485
f 4499/258/1842 4500/259/462 4525/271/485
f 4525/271/485 4500/259/462 4526/272/486
f 4500/259/462 4501/260/463 4526/272/486
f 4526/272/486 4501/260/463 4527/273/487
f 4501/260/463 4502/261/464 4527/273/487
f 4527/273/487 4502/261/464 4528/274/1847
f 4502/261/464 4503/262/1843 4528/274/1847
f 4528/274/1847 4503/262/1843 4529/275/1848
f 4529/275/1848 4503/262/1843 4530/276/490
f 4503/262/1843 4504/263/1577 4530/276/490
f 4530/276/490 4504/263/1577 4531/277/557
f 4504/263/1577 4505/264/1578 4531/277/557
f 4505/264/1578 4506/265/468 4531/277/557
f 4531/277/557 4506/265/468 4533/278/492
f 4532/279/492 4507/266/468 4534/280/493
f 4507/266/468 4508/267/469 4534/280/493
f 4534/280/493 4508/267/469 4535/281/558
f 4508/267/469 4509/268/470 4535/281/558
f 4509/268/470 4510/269/1579 4535/281/558
f 4535/281/558 4510/269/1579 4536/282/1849
f 4536/282/1849 4510/269/1579 4537/283/560
f 4510/269/1579 4511/270/472 4537/283/560
f 4537/283/560 4511/270/472 4538/284/577
f 4511/270/472 4512/271/1844 4538/284/577
f 4512/271/1844 4513/272/474 4538/284/577
f 4538/284/577 4513/272/474 4539/285/498
f 4539/285/498 4513/272/474 4540/286/499
f 4513/272/474 4514/273/475 4540/286/499
f 4540/286/499 4514/273/475 4541/274/1262
f 4514/273/475 4515/261/1845 4541/274/1262
f 4515/261/1845 4516/262/1846 4541/274/1262
f 4541/274/1262 4516/262/1846 4542/275/1237
f 4542/275/1237 4516/262/1846 4543/276/563
f 4516/262/1846 4517/263/1583 4543/276/563
f 4543/276/563 4517/263/1583 4544/277/503
f 4517/263/1583 4518/264/1584 4544/277/503
f 4518/264/1584 4519/265/480 4544/277/503
f 4544/277/503 4519/265/480 4546/278/504
f 4545/279/504 4520/266/480 4547/280/505
f 4520/266/480 4521/267/481 4547/280/505
f 4547/280/505 4521/267/481 4548/281/506
f 4521/267/481 4522/268/482 4548/281/506
f 4522/268/482 4523/269/483 4548/281/506
f 4548/281/506 4523/269/483 4549/282/507
f 4549/282/507 4523/269/483 4550/283/551
f 4523/269/483 4524/270/484 4550/283/551
f 4550/283/551 4524/270/484 4551/284/509
f 4524/270/484 4525/271/485 4551/284/509
f 4525/271/485 4526/272/486 4551/284/509
f 4551/284/509 4526/272/486 4552/285/510
f 4552/285/510 4526/272/486 4553/286/511
f 4526/272/486 4527/273/487 4553/286/511
f 4527/273/487 4528/274/1847 4553/286/511
f 4555/287/1588 4556/288/1240 4557/289/1850
f 4556/288/1240 4558/290/515 4557/289/1850
f 4557/289/1850 4558/290/515 4559/291/1851
f 4558/290/515 4560/292/1241 4559/291/1851
f 4559/291/1851 4560/292/1241 4561/293/518
f 4560/292/1241 4562/294/1852 4561/293/518
f 4562/294/1852 4563/295/520 4561/293/518
f 4561/293/518 4563/295/520 4564/296/521
f 4565/297/522 4566/298/523 4567/299/523
s 0
f 4567/299/523 4566/298/523 4568/300/523
f 4568/300/523 4566/298/523 4569/301/523
s 1
f 4570/302/1590 4569/301/523 4571/303/525
f 4569/301/523 4566/298/523 4571/303/525
f 4571/303/525 4566/298/523 4572/304/1853
f 4572/304/1853 4566/298/523 4573/305/527
f 4566/298/523 4565/297/522 4573/305/527
f 4573/305/527 4565/297/522 4575/306/534
f 4575/306/534 4565/297/522 4577/307/1854
f 4579/308/490 4577/307/1854 4580/309/1600
f 4577/307/1854 4565/297/522 4580/309/1600
f 4565/297/522 4567/299/523 4580/309/1600
f 4580/309/1600 4567/299/523 4581/310/1246
f 4581/310/1246 4567/299/523 4582/311/531
f 4583/312/531 4582/311/531 4584/313/523
f 4582/311/531 4567/299/523 4584/313/523
s 0
f 4567/299/523 4568/300/523 4584/313/523
f 4584/313/523 4568/300/523 4585/314/523
f 4585/314/523 4568/300/523 4586/315/523
f 4586/315/523 4568/300/523 4587/316/523
f 4587/316/523 4568/300/523 4588/317/523
f 4568/300/523 4569/301/523 4588/317/523
s 1
f 4588/317/523 4569/301/523 4589/318/1855
f 4589/318/1855 4569/301/523 4590/319/533
f 4569/301/523 4570/302/1590 4590/319/533
f 4590/319/533 4570/302/1590 4592/320/551
f 4592/320/551 4570/302/1590 4594/321/509
f 4570/302/1590 4571/303/525 4594/321/509
f 4594/321/509 4571/303/525 4596/322/510
f 4571/303/525 4572/304/1853 4596/322/510
f 4596/322/510 4572/304/1853 4597/323/511
f 4572/304/1853 4573/305/527 4597/323/511
f 4573/305/527 4575/306/534 4597/323/511
f 4598/324/511 4574/325/1591 4600/326/511
f 4600/326/511 4574/325/1591 4602/327/1233
f 4574/325/1591 4576/328/1854 4602/327/1233
f 4602/327/1233 4576/328/1854 4604/329/1854
f 4576/328/1854 4578/330/1592 4604/329/1854
f 4604/329/1854 4578/330/1592 4606/331/1592
f 4606/331/1592 4578/330/1592 4607/332/536
f 4579/308/490 4580/309/1600 4608/333/536
f 4580/309/1600 4581/310/1246 4608/333/536
f 4608/333/536 4581/310/1246 4611/334/492
f 4581/310/1246 4582/311/531 4611/334/492
f 4582/311/531 4583/312/531 4611/334/492
f 4611/334/492 4583/312/531 4613/335/493
f 4613/335/493 4583/312/531 4614/336/537
f 4583/312/531 4584/313/523 4614/336/537
f 4614/336/537 4584/313/523 4615/337/1252
f 4584/313/523 4585/314/523 4615/337/1252
f 4615/337/1252 4585/314/523 4616/338/1856
f 4616/338/1856 4585/314/523 4617/339/540
f 4617/339/540 4585/314/523 4618/340/1857
f 4585/314/523 4586/315/523 4618/340/1857
f 4618/340/1857 4586/315/523 4619/341/542
f 4619/341/542 4586/315/523 4620/342/543
f 4620/342/543 4586/315/523 4621/343/544
f 4586/315/523 4587/316/523 4621/343/544
f 4621/343/544 4587/316/523 4622/344/545
f 4622/344/545 4587/316/523 4623/345/546
f 4623/345/546 4587/316/523 4624/346/1597
f 4587/316/523 4588/317/523 4624/346/1597
f 4624/346/1597 4588/317/523 4625/347/547
f 4625/347/547 4588/317/523 4626/348/1255
f 4588/317/523 4589/318/1855 4626/348/1255
f 4626/348/1255 4589/318/1855 4628/349/564
f 4628/349/564 4589/318/1855 4629/350/507
f 4589/318/1855 4590/319/533 4629/350/507
f 4590/319/533 4592/320/551 4629/350/507
f 4630/351/507 4591/352/551 4632/353/507
f 4632/353/507 4591/352/551 4634/354/551
f 4591/352/551 4593/355/552 4634/354/551
f 4634/354/551 4593/355/552 4636/356/509
f 4593/355/552 4595/357/510 4636/356/509
f 4636/356/509 4595/357/510 4637/358/510
f 4595/357/510 4598/324/511 4637/358/510
f 4598/324/511 4600/326/511 4637/358/510
f 4638/359/510 4599/360/511 4639/361/525
f 4639/361/525 4599/360/511 4640/362/526
f 4599/360/511 4601/363/1847 4640/362/526
f 4640/362/526 4601/363/1847 4641/364/554
f 4601/363/1847 4603/365/1854 4641/364/554
f 4641/364/554 4603/365/1854 4642/366/1858
f 4603/365/1854 4605/367/1592 4642/366/1858
f 4642/366/1858 4605/367/1592 4643/368/529
f 4643/368/529 4605/367/1592 4644/369/556
f 4606/331/1592 4607/332/536 4645/370/556
f 4607/332/536 4609/371/492 4645/370/556
f 4645/370/556 4609/371/492 4646/372/492
f 4610/373/492 4612/374/493 4648/375/492
f 4648/375/492 4612/374/493 4650/376/493
f 4650/376/493 4612/374/493 4651/377/558
f 4613/335/493 4614/336/537 4652/378/494
f 4614/336/537 4615/337/1252 4652/378/494
f 4652/378/494 4615/337/1252 4654/379/1849
f 4615/337/1252 4616/338/1856 4654/379/1849
f 4654/379/1849 4616/338/1856 4656/380/576
f 4616/338/1856 4617/339/540 4656/380/576
f 4656/380/576 4617/339/540 4658/381/561
f 4617/339/540 4618/340/1857 4658/381/561
f 4658/381/561 4618/340/1857 4660/382/498
f 4618/340/1857 4619/341/542 4660/382/498
f 4660/382/498 4619/341/542 4662/383/499
f 4619/341/542 4620/342/543 4662/383/499
f 4662/383/499 4620/342/543 4664/384/1262
f 4620/342/543 4621/343/544 4664/384/1262
f 4664/384/1262 4621/343/544 4666/385/1237
f 4621/343/544 4622/344/545 4666/385/1237
f 4666/385/1237 4622/344/545 4668/386/1859
f 4622/344/545 4623/345/546 4668/386/1859
f 4668/386/1859 4623/345/546 4670/387/503
f 4623/345/546 4624/346/1597 4670/387/503
f 4670/387/503 4624/346/1597 4673/388/504
f 4624/346/1597 4625/347/547 4673/388/504
f 4673/388/504 4625/347/547 4674/389/505
f 4625/347/547 4626/348/1255 4674/389/505
f 4626/348/1255 4628/349/564 4674/389/505
f 4677/376/505 4675/374/505 4678/390/550
f 4675/374/505 4627/377/550 4678/390/550
f 4627/377/550 4630/351/507 4678/390/550
f 4630/351/507 4632/353/507 4678/390/550
f 4679/391/564 4631/392/507 4680/393/566
f 4631/392/507 4633/394/551 4680/393/566
f 4680/393/566 4633/394/551 4681/395/533
f 4633/394/551 4635/396/552 4681/395/533
f 4681/395/533 4635/396/552 4682/397/1860
f 4635/396/552 4638/359/510 4682/397/1860
f 4638/359/510 4639/361/525 4682/397/1860
f 4682/397/1860 4639/361/525 4683/398/571
f 4683/398/571 4639/361/525 4684/399/571
f 4639/361/525 4640/362/526 4684/399/571
f 4640/362/526 4641/364/554 4684/399/571
f 4684/399/571 4641/364/554 4685/400/1861
f 4685/400/1861 4641/364/554 4686/401/1265
f 4641/364/554 4642/366/1858 4686/401/1265
f 4686/401/1265 4642/366/1858 4687/402/1265
f 4642/366/1858 4643/368/529 4687/402/1265
f 4687/402/1265 4643/368/529 4688/403/575
f 4643/368/529 4644/369/556 4688/403/575
f 4644/369/556 4647/404/492 4688/403/575
f 4688/403/575 4647/404/492 4689/405/531
f 4647/404/492 4649/406/493 4689/405/531
f 4689/405/531 4649/406/493 4690/407/531
f 4690/407/531 4649/406/493 4691/408/494
f 4650/376/493 4651/377/558 4692/390/558
f 4651/377/558 4653/351/1260 4692/390/558
f 4692/390/558 4653/351/1260 4694/353/559
f 4653/351/1260 4655/352/576 4694/353/559
f 4694/353/559 4655/352/576 4696/354/560
f 4655/352/576 4657/355/561 4696/354/560
f 4696/354/560 4657/355/561 4698/356/577
f 4657/355/561 4659/357/498 4698/356/577
f 4698/356/577 4659/357/498 4700/358/498
f 4659/357/498 4661/324/499 4700/358/498
f 4700/358/498 4661/324/499 4702/326/499
f 4661/324/499 4663/325/590 4702/326/499
f 4702/326/499 4663/325/590 4704/327/1862
f 4663/325/590 4665/328/1237 4704/327/1862
f 4704/327/1862 4665/328/1237 4706/329/562
f 4665/328/1237 4667/330/1859 4706/329/562
f 4706/329/562 4667/330/1859 4708/331/1859
f 4667/330/1859 4669/332/1268 4708/331/1859
f 4708/331/1859 4669/332/1268 4710/370/1268
f 4669/332/1268 4671/371/504 4710/370/1268
f 4710/370/1268 4671/371/504 4712/372/504
f 4672/373/504 4675/374/505 4711/375/504
f 4675/374/505 4677/376/505 4711/375/504
f 4713/409/504 4676/410/505 4714/411/1863
f 4714/411/1863 4676/410/505 4715/412/547
f 4676/410/505 4679/391/564 4715/412/547
f 4715/412/547 4679/391/564 4716/413/1269
f 4679/391/564 4680/393/566 4716/413/1269
f 4716/413/1269 4680/393/566 4717/414/579
f 4717/414/579 4680/393/566 4718/415/579
f 4680/393/566 4681/395/533 4718/415/579
f 4681/395/533 4682/397/1860 4718/415/579
f 4718/415/579 4682/397/1860 4719/416/580
f 4682/397/1860 4683/398/571 4719/416/580
f 4719/416/580 4683/398/571 4720/417/581
f 4720/417/581 4683/398/571 4721/418/582
f 4683/398/571 4684/399/571 4721/418/582
f 4684/399/571 4685/400/1861 4721/418/582
f 4721/418/582 4685/400/1861 4722/419/1864
f 4722/419/1864 4685/400/1861 4723/420/1865
f 4685/400/1861 4686/401/1265 4723/420/1865
f 4686/401/1265 4687/402/1265 4723/420/1865
f 4723/420/1865 4687/402/1265 4724/421/1608
f 4724/421/1608 4687/402/1265 4725/422/1272
f 4687/402/1265 4688/403/575 4725/422/1272
f 4725/422/1272 4688/403/575 4726/423/1610
f 4688/403/575 4689/405/531 4726/423/1610
f 4726/423/1610 4689/405/531 4727/424/1273
f 4689/405/531 4690/407/531 4727/424/1273
f 4727/424/1273 4690/407/531 4728/425/587
f 4690/407/531 4691/408/494 4728/425/587
f 4691/408/494 4693/426/559 4728/425/587
f 4728/425/587 4693/426/559 4729/427/1611
f 4693/426/559 4695/428/576 4729/427/1611
f 4729/427/1611 4695/428/576 4730/429/539
f 4695/428/576 4697/430/561 4730/429/539
f 4730/429/539 4697/430/561 4731/431/589
f 4697/430/561 4699/432/498 4731/431/589
f 4731/431/589 4699/432/498 4732/433/1612
f 4699/432/498 4701/434/499 4732/433/1612
f 4732/433/1612 4701/434/499 4733/435/542
f 4701/434/499 4703/436/500 4733/435/542
f 4733/435/542 4703/436/500 4734/437/591
f 4703/436/500 4705/438/1237 4734/437/591
f 4734/437/591 4705/438/1237 4735/439/1866
f 4705/438/1237 4707/440/563 4735/439/1866
f 4735/439/1866 4707/440/563 4736/441/1613
f 4707/440/563 4709/442/1268 4736/441/1613
f 4736/441/1613 4709/442/1268 4737/443/1867
f 4709/442/1268 4713/409/504 4737/443/1867
f 4713/409/504 4714/411/1863 4737/443/1867
f 4737/443/1867 4714/411/1863 4738/444/595
f 4738/444/595 4714/411/1863 4739/445/1868
f 4714/411/1863 4715/412/547 4739/445/1868
f 4715/412/547 4716/413/1269 4739/445/1868
f 4739/445/1868 4716/413/1269 4740/446/1869
f 4716/413/1269 4717/414/579 4740/446/1869
f 4740/446/1869 4717/414/579 4741/447/1870
f 4717/414/579 4718/415/579 4741/447/1870
f 4741/447/1870 4718/415/579 4742/448/598
f 4718/415/579 4719/416/580 4742/448/598
f 4742/448/598 4719/416/580 4743/449/1871
f 4719/416/580 4720/417/581 4743/449/1871
f 4743/449/1871 4720/417/581 4744/450/600
f 4744/450/600 4720/417/581 4745/451/1284
f 4720/417/581 4721/418/582 4745/451/1284
f 4721/418/582 4722/419/1864 4745/451/1284
f 4722/419/1864 4746/452/602 4745/451/1284
f 4745/451/1284 4746/452/602 4747/453/603
f 4746/452/602 4748/454/1872 4747/453/603
f 4747/453/603 4748/454/1872 4749/455/1873
f 4748/454/1872 4750/456/606 4749/455/1873
f 4749/455/1873 4750/456/606 4751/457/607
f 4751/457/607 4750/456/606 4752/458/608
f 4752/458/608 4750/456/606 4753/459/1874
f 4753/459/1874 4750/456/606 4754/460/610
f 4750/456/606 4748/454/1872 4754/460/610
f 4754/460/610 4748/454/1872 4755/461/1645
f 4748/454/1872 4746/452/602 4755/461/1645
f 4755/461/1645 4746/452/602 4756/462/612
f 4746/452/602 4722/419/1864 4756/462/612
f 4722/419/1864 4723/420/1865 4756/462/612
f 4723/420/1865 4724/421/1608 4756/462/612
f 4756/462/612 4724/421/1608 4757/463/612
f 4757/463/612 4724/421/1608 4758/464/1875
f 4724/421/1608 4725/422/1272 4758/464/1875
f 4758/464/1875 4725/422/1272 4759/465/614
f 4725/422/1272 4726/423/1610 4759/465/614
f 4759/465/614 4726/423/1610 4760/466/615
f 4726/423/1610 4727/424/1273 4760/466/615
f 4760/466/615 4727/424/1273 4761/467/616
f 4727/424/1273 4728/425/587 4761/467/616
f 4761/467/616 4728/425/587 4762/468/1287
f 4728/425/587 4729/427/1611 4762/468/1287
f 4762/468/1287 4729/427/1611 4763/469/1287
f 4729/427/1611 4730/429/539 4763/469/1287
f 4730/429/539 4731/431/589 4763/469/1287
f 4763/469/1287 4731/431/589 4764/470/618
f 4764/470/618 4731/431/589 4765/471/620
f 4731/431/589 4732/433/1612 4765/471/620
f 4765/471/620 4732/433/1612 4766/472/619
f 4732/433/1612 4733/435/542 4766/472/619
f 4733/435/542 4734/437/591 4766/472/619
f 4766/472/619 4734/437/591 4767/473/1290
f 4767/473/1290 4734/437/591 4768/474/622
f 4734/437/591 4735/439/1866 4768/474/622
f 4768/474/622 4735/439/1866 4769/475/622
f 4735/439/1866 4736/441/1613 4769/475/622
f 4736/441/1613 4737/443/1867 4769/475/622
f 4769/475/622 4737/443/1867 4770/476/1291
f 4737/443/1867 4738/444/595 4770/476/1291
f 4770/476/1291 4738/444/595 4771/477/625
f 4771/477/625 4738/444/595 4772/478/625
f 4738/444/595 4739/445/1868 4772/478/625
f 4739/445/1868 4740/446/1869 4772/478/625
f 4772/478/625 4740/446/1869 4773/479/626
f 4740/446/1869 4741/447/1870 4773/479/626
f 4773/479/626 4741/447/1870 4774/480/628
f 4741/447/1870 4742/448/598 4774/480/628
f 4774/480/628 4742/448/598 4775/481/628
f 4742/448/598 4743/449/1871 4775/481/628
f 4775/481/628 4743/449/1871 4776/482/1295
f 4743/449/1871 4744/450/600 4776/482/1295
f 4776/482/1295 4744/450/600 4777/483/630
f 4744/450/600 4745/451/1284 4777/483/630
f 4745/451/1284 4747/453/603 4777/483/630
f 4777/483/630 4747/453/603 4778/484/631
f 4747/453/603 4749/455/1873 4778/484/631
f 4749/455/1873 4751/457/607 4778/484/631
f 4778/484/631 4751/457/607 4779/485/1876
f 4779/485/1876 4751/457/607 4780/486/1296
f 4751/457/607 4752/458/608 4780/486/1296
f 4752/458/608 4781/487/634 4780/486/1296
f 4781/487/634 4782/488/1297 4780/486/1296
f 4780/486/1296 4782/488/1297 4783/489/636
f 4782/488/1297 4784/490/637 4783/489/636
f 4783/489/636 4784/490/637 4785/491/638
f 4784/490/637 4786/492/639 4785/491/638
f 4785/491/638 4786/492/639 4787/493/640
f 4787/493/640 4786/492/639 4788/494/641
f 4786/492/639 4789/495/642 4788/494/641
f 4789/495/642 4790/496/1877 4788/494/641
f 4788/494/641 4790/496/1877 4791/497/1299
f 4790/496/1877 4793/498/645 4791/497/1299
f 4791/497/1299 4793/498/645 4794/499/646
f 4792/500/1623 4796/501/648 4795/502/498
f 4795/502/498 4796/501/648 4797/503/649
f 4797/503/649 4796/501/648 4798/504/650
f 4796/501/648 4799/505/651 4798/504/650
f 4799/505/651 4800/506/1625 4798/504/650
f 4798/504/650 4800/506/1625 4801/507/1878
f 4801/507/1878 4800/506/1625 4802/508/1303
f 4800/506/1625 4803/509/1626 4802/508/1303
f 4802/508/1303 4803/509/1626 4804/510/656
f 4803/509/1626 4805/511/1627 4804/510/656
f 4804/510/656 4805/511/1627 4806/512/1879
f 4805/511/1627 4564/296/521 4806/512/1879
f 4806/512/1879 4564/296/521 4807/513/659
f 4564/296/521 4563/295/520 4807/513/659
f 4563/295/520 4562/294/1852 4807/513/659
f 4562/294/1852 4808/514/660 4807/513/659
f 4807/513/659 4808/514/660 4809/515/661
f 4808/514/660 4810/516/1628 4809/515/661
f 4809/515/661 4810/516/1628 4811/517/663
f 4810/516/1628 4812/518/1629 4811/517/663
f 4811/517/663 4812/518/1629 4813/519/665
f 4814/520/666 4813/519/665 4815/521/667
f 4813/519/665 4812/518/1629 4815/521/667
f 4812/518/1629 4810/516/1628 4815/521/667
f 4815/521/667 4810/516/1628 4816/522/668
f 4810/516/1628 4808/514/660 4816/522/668
f 4816/522/668 4808/514/660 4817/523/1880
f 4817/523/1880 4808/514/660 4818/524/670
f 4808/514/660 4562/294/1852 4818/524/670
f 4562/294/1852 4560/292/1241 4818/524/670
f 4818/524/670 4560/292/1241 4819/525/1308
f 4819/525/1308 4560/292/1241 4820/526/1631
f 4560/292/1241 4558/290/515 4820/526/1631
f 4820/526/1631 4558/290/515 4821/527/1881
f 4558/290/515 4556/288/1240 4821/527/1881
f 4556/288/1240 4555/287/1588 4821/527/1881
f 4821/527/1881 4555/287/1588 4822/528/1310
f 4824/529/1882 4825/530/676 4826/531/1312
f 4825/530/676 4823/532/1310 4826/531/1312
f 4823/532/1310 4554/533/1634 4826/531/1312
f 4826/531/1312 4554/533/1634 4827/534/680
f 4555/287/1588 4557/289/1850 4828/535/680
f 4828/535/680 4557/289/1850 4829/536/1635
f 4557/289/1850 4559/291/1851 4829/536/1635
f 4829/536/1635 4559/291/1851 4830/537/1314
f 4830/537/1314 4559/291/1851 4831/538/1315
f 4559/291/1851 4561/293/518 4831/538/1315
f 4561/293/518 4564/296/521 4831/538/1315
f 4564/296/521 4805/511/1627 4831/538/1315
f 4831/538/1315 4805/511/1627 4832/539/1637
f 4805/511/1627 4803/509/1626 4832/539/1637
f 4832/539/1637 4803/509/1626 4833/540/685
f 4803/509/1626 4800/506/1625 4833/540/685
f 4833/540/685 4800/506/1625 4834/541/1638
f 4834/541/1638 4800/506/1625 4835/542/1883
f 4800/506/1625 4799/505/651 4835/542/1883
f 4799/505/651 4796/501/648 4835/542/1883
f 4835/542/1883 4796/501/648 4836/543/1640
f 4836/543/1640 4796/501/648 4837/544/1641
f 4796/501/648 4792/500/1623 4837/544/1641
f 4838/545/690 4793/498/645 4839/546/1884
f 4793/498/645 4790/496/1877 4839/546/1884
f 4839/546/1884 4790/496/1877 4840/547/692
f 4790/496/1877 4789/495/642 4840/547/692
f 4789/495/642 4786/492/639 4840/547/692
f 4840/547/692 4786/492/639 4841/548/693
f 4841/548/693 4786/492/639 4842/549/694
f 4786/492/639 4784/490/637 4842/549/694
f 4842/549/694 4784/490/637 4843/550/695
f 4784/490/637 4782/488/1297 4843/550/695
f 4843/550/695 4782/488/1297 4844/551/696
f 4782/488/1297 4781/487/634 4844/551/696
f 4781/487/634 4752/458/608 4844/551/696
f 4752/458/608 4753/459/1874 4844/551/696
f 4844/551/696 4753/459/1874 4845/552/697
f 4845/552/697 4753/459/1874 4846/553/610
f 4753/459/1874 4754/460/610 4846/553/610
f 4754/460/610 4755/461/1645 4846/553/610
f 4846/553/610 4755/461/1645 4847/554/611
f 4755/461/1645 4756/462/612 4847/554/611
f 4756/462/612 4757/463/612 4847/554/611
f 4847/554/611 4757/463/612 4848/555/1646
f 4757/463/612 4758/464/1875 4848/555/1646
f 4848/555/1646 4758/464/1875 4849/556/1885
f 4758/464/1875 4759/465/614 4849/556/1885
f 4849/556/1885 4759/465/614 4850/557/1648
f 4759/465/614 4760/466/615 4850/557/1648
f 4850/557/1648 4760/466/615 4851/558/701
f 4760/466/615 4761/467/616 4851/558/701
f 4851/558/701 4761/467/616 4852/559/1886
f 4761/467/616 4762/468/1287 4852/559/1886
f 4762/468/1287 4763/469/1287 4852/559/1886
f 4852/559/1886 4763/469/1287 4853/560/702
f 4763/469/1287 4764/470/618 4853/560/702
f 4853/560/702 4764/470/618 4854/561/703
f 4854/561/703 4764/470/618 4855/562/704
f 4764/470/618 4765/471/620 4855/562/704
f 4855/562/704 4765/471/620 4856/563/705
f 4765/471/620 4766/472/619 4856/563/705
f 4766/472/619 4767/473/1290 4856/563/705
f 4856/563/705 4767/473/1290 4857/564/1323
f 4857/564/1323 4767/473/1290 4858/565/707
f 4767/473/1290 4768/474/622 4858/565/707
f 4768/474/622 4769/475/622 4858/565/707
f 4858/565/707 4769/475/622 4859/566/707
f 4769/475/622 4770/476/1291 4859/566/707
f 4859/566/707 4770/476/1291 4860/567/709
f 4770/476/1291 4771/477/625 4860/567/709
f 4860/567/709 4771/477/625 4861/568/1326
f 4861/568/1326 4771/477/625 4862/569/1653
f 4771/477/625 4772/478/625 4862/569/1653
f 4772/478/625 4773/479/626 4862/569/1653
f 4862/569/1653 4773/479/626 4863/570/1654
f 4773/479/626 4774/480/628 4863/570/1654
f 4863/570/1654 4774/480/628 4864/571/1887
f 4864/571/1887 4774/480/628 4865/572/714
f 4774/480/628 4775/481/628 4865/572/714
f 4775/481/628 4776/482/1295 4865/572/714
f 4865/572/714 4776/482/1295 4866/573/715
f 4776/482/1295 4777/483/630 4866/573/715
f 4777/483/630 4778/484/631 4866/573/715
f 4866/573/715 4778/484/631 4867/574/716
f 4778/484/631 4779/485/1876 4867/574/716
f 4867/574/716 4779/485/1876 4868/575/717
f 4869/576/1888 4868/575/717 4870/577/719
f 4868/575/717 4779/485/1876 4870/577/719
f 4779/485/1876 4780/486/1296 4870/577/719
f 4870/577/719 4780/486/1296 4871/578/1889
f 4780/486/1296 4783/489/636 4871/578/1889
f 4783/489/636 4785/491/638 4871/578/1889
f 4871/578/1889 4785/491/638 4872/579/1890
f 4785/491/638 4787/493/640 4872/579/1890
f 4872/579/1890 4787/493/640 4873/580/722
f 4787/493/640 4788/494/641 4873/580/722
f 4873/580/722 4788/494/641 4874/581/723
f 4874/581/723 4788/494/641 4875/582/724
f 4788/494/641 4791/497/1299 4875/582/724
f 4791/497/1299 4794/499/646 4875/582/724
f 4875/582/724 4794/499/646 4876/583/646
f 4877/584/725 4795/502/498 4878/585/726
f 4795/502/498 4797/503/649 4878/585/726
f 4797/503/649 4798/504/650 4878/585/726
f 4878/585/726 4798/504/650 4879/586/726
f 4798/504/650 4801/507/1878 4879/586/726
f 4879/586/726 4801/507/1878 4880/587/727
f 4801/507/1878 4802/508/1303 4880/587/727
f 4880/587/727 4802/508/1303 4881/588/728
f 4802/508/1303 4804/510/656 4881/588/728
f 4881/588/728 4804/510/656 4882/589/729
f 4804/510/656 4806/512/1879 4882/589/729
f 4882/589/729 4806/512/1879 4883/590/1658
f 4806/512/1879 4807/513/659 4883/590/1658
f 4807/513/659 4809/515/661 4883/590/1658
f 4883/590/1658 4809/515/661 4884/591/731
f 4809/515/661 4811/517/663 4884/591/731
f 4884/591/731 4811/517/663 4885/592/1891
f 4811/517/663 4813/519/665 4885/592/1891
f 4886/593/733 4885/592/1891 4887/594/1660
f 4885/592/1891 4813/519/665 4887/594/1660
f 4813/519/665 4814/520/666 4887/594/1660
f 4814/520/666 4888/595/666 4887/594/1660
f 4887/594/1660 4888/595/666 4889/529/1892
f 4890/596/1662 4892/528/1663 4894/597/738
f 4893/598/738 4891/532/739 4895/599/738
f 4891/532/739 4896/530/740 4895/599/738
f 4895/599/738 4896/530/740 4897/600/741
f 4896/530/740 4889/529/1892 4897/600/741
f 4889/529/1892 4888/595/666 4897/600/741
f 4897/600/741 4888/595/666 4898/601/742
f 4888/595/666 4814/520/666 4898/601/742
f 4898/601/742 4814/520/666 4899/602/742
f 4899/602/742 4814/520/666 4900/603/743
f 4814/520/666 4815/521/667 4900/603/743
f 4815/521/667 4816/522/668 4900/603/743
f 4900/603/743 4816/522/668 4901/604/744
f 4901/604/744 4816/522/668 4902/605/1664
f 4816/522/668 4817/523/1880 4902/605/1664
f 4902/605/1664 4817/523/1880 4903/606/745
f 4817/523/1880 4818/524/670 4903/606/745
f 4818/524/670 4819/525/1308 4903/606/745
f 4903/606/745 4819/525/1308 4904/607/746
f 4819/525/1308 4820/526/1631 4904/607/746
f 4904/607/746 4820/526/1631 4905/608/747
f 4905/608/747 4820/526/1631 4906/596/748
f 4820/526/1631 4821/527/1881 4906/596/748
f 4821/527/1881 4822/528/1310 4906/596/748
f 4906/596/748 4822/528/1310 4908/597/749
f 4907/598/749 4823/532/1310 4909/599/749
f 4823/532/1310 4825/530/676 4909/599/749
f 4909/599/749 4825/530/676 4910/600/751
f 4825/530/676 4824/529/1882 4910/600/751
f 4824/529/1882 4911/595/1893 4910/600/751
f 4910/600/751 4911/595/1893 4912/601/1666
f 4911/595/1893 4913/520/1894 4912/601/1666
f 4912/601/1666 4913/520/1894 4914/602/753
f 4914/602/753 4913/520/1894 4915/603/754
f 4915/603/754 4913/520/1894 4916/521/1331
f 4917/518/1895 4916/521/1331 4918/519/1668
f 4916/521/1331 4913/520/1894 4918/519/1668
f 4918/519/1668 4913/520/1894 4919/594/758
f 4913/520/1894 4911/595/1893 4919/594/758
f 4911/595/1893 4824/529/1882 4919/594/758
f 4919/594/758 4824/529/1882 4920/609/1333
f 4824/529/1882 4826/531/1312 4920/609/1333
f 4921/610/1896 4920/609/1333 4922/611/761
f 4920/609/1333 4826/531/1312 4922/611/761
f 4826/531/1312 4827/534/680 4922/611/761
f 4922/611/761 4827/534/680 4923/612/1670
f 4828/535/680 4829/536/1635 4924/613/1670
f 4924/613/1670 4829/536/1635 4925/614/764
f 4829/536/1635 4830/537/1314 4925/614/764
f 4925/614/764 4830/537/1314 4926/615/1335
f 4830/537/1314 4831/538/1315 4926/615/1335
f 4831/538/1315 4832/539/1637 4926/615/1335
f 4832/539/1637 4833/540/685 4926/615/1335
f 4926/615/1335 4833/540/685 4927/616/766
f 4927/616/766 4833/540/685 4928/617/767
f 4833/540/685 4834/541/1638 4928/617/767
f 4928/617/767 4834/541/1638 4929/618/1671
f 4834/541/1638 4835/542/1883 4929/618/1671
f 4929/618/1671 4835/542/1883 4930/619/1672
f 4835/542/1883 4836/543/1640 4930/619/1672
f 4836/543/1640 4837/544/1641 4930/619/1672
f 4930/619/1672 4837/544/1641 4931/620/1237
f 4838/545/690 4839/546/1884 4932/621/770
f 4932/621/770 4839/546/1884 4933/622/1673
f 4839/546/1884 4840/547/692 4933/622/1673
f 4933/622/1673 4840/547/692 4934/623/692
f 4840/547/692 4841/548/693 4934/623/692
f 4934/623/692 4841/548/693 4935/624/693
f 4841/548/693 4842/549/694 4935/624/693
f 4935/624/693 4842/549/694 4936/625/1897
f 4936/625/1897 4842/549/694 4937/626/695
f 4842/549/694 4843/550/695 4937/626/695
f 4843/550/695 4844/551/696 4937/626/695
f 4937/626/695 4844/551/696 4938/627/696
f 4844/551/696 4845/552/697 4938/627/696
f 4939/628/773 4938/627/696 4940/629/774
f 4938/627/696 4845/552/697 4940/629/774
f 4940/629/774 4845/552/697 4941/630/1337
f 4845/552/697 4846/553/610 4941/630/1337
f 4941/630/1337 4846/553/610 4942/631/1898
f 4846/553/610 4847/554/611 4942/631/1898
f 4847/554/611 4848/555/1646 4942/631/1898
f 4942/631/1898 4848/555/1646 4943/632/777
f 4848/555/1646 4849/556/1885 4943/632/777
f 4849/556/1885 4850/557/1648 4943/632/777
f 4943/632/777 4850/557/1648 4944/633/778
f 4944/633/778 4850/557/1648 4945/634/779
f 4850/557/1648 4851/558/701 4945/634/779
f 4945/634/779 4851/558/701 4946/635/781
f 4851/558/701 4852/559/1886 4946/635/781
f 4852/559/1886 4853/560/702 4946/635/781
f 4946/635/781 4853/560/702 4947/636/781
f 4853/560/702 4854/561/703 4947/636/781
f 4947/636/781 4854/561/703 4948/637/1899
f 4948/637/1899 4854/561/703 4949/638/783
f 4854/561/703 4855/562/704 4949/638/783
f 4949/638/783 4855/562/704 4950/639/1339
f 4855/562/704 4856/563/705 4950/639/1339
f 4856/563/705 4857/564/1323 4950/639/1339
f 4950/639/1339 4857/564/1323 4951/640/785
f 4951/640/785 4857/564/1323 4952/641/786
f 4857/564/1323 4858/565/707 4952/641/786
f 4858/565/707 4859/566/707 4952/641/786
f 4952/641/786 4859/566/707 4953/642/786
f 4859/566/707 4860/567/709 4953/642/786
f 4953/642/786 4860/567/709 4954/643/1341
f 4860/567/709 4861/568/1326 4954/643/1341
f 4954/643/1341 4861/568/1326 4955/644/788
f 4861/568/1326 4862/569/1653 4955/644/788
f 4955/644/788 4862/569/1653 4956/645/789
f 4862/569/1653 4863/570/1654 4956/645/789
f 4956/645/789 4863/570/1654 4957/646/790
f 4863/570/1654 4864/571/1887 4957/646/790
f 4957/646/790 4864/571/1887 4958/647/792
f 4958/647/792 4864/571/1887 4959/648/792
f 4864/571/1887 4865/572/714 4959/648/792
f 4865/572/714 4866/573/715 4959/648/792
f 4866/573/715 4867/574/716 4959/648/792
f 4959/648/792 4867/574/716 4960/649/1900
f 4867/574/716 4868/575/717 4960/649/1900
f 4960/649/1900 4868/575/717 4961/650/1680
f 4868/575/717 4869/576/1888 4961/650/1680
f 4961/650/1680 4869/576/1888 4962/651/1342
f 4869/576/1888 4870/577/719 4962/651/1342
f 4870/577/719 4871/578/1889 4962/651/1342
f 4962/651/1342 4871/578/1889 4963/652/1681
f 4871/578/1889 4872/579/1890 4963/652/1681
f 4963/652/1681 4872/579/1890 4964/653/797
f 4872/579/1890 4873/580/722 4964/653/797
f 4873/580/722 4874/581/723 4964/653/797
f 4964/653/797 4874/581/723 4965/654/798
f 4965/654/798 4874/581/723 4966/655/799
f 4874/581/723 4875/582/724 4966/655/799
f 4966/655/799 4875/582/724 4967/656/800
f 4875/582/724 4876/583/646 4967/656/800
f 4877/584/725 4878/585/726 4968/657/801
f 4968/657/801 4878/585/726 4969/658/1683
f 4878/585/726 4879/586/726 4969/658/1683
f 4969/658/1683 4879/586/726 4970/659/803
f 4879/586/726 4880/587/727 4970/659/803
f 4970/659/803 4880/587/727 4971/660/1901
f 4880/587/727 4881/588/728 4971/660/1901
f 4971/660/1901 4881/588/728 4972/661/805
f 4881/588/728 4882/589/729 4972/661/805
f 4972/661/805 4882/589/729 4973/662/1344
f 4882/589/729 4883/590/1658 4973/662/1344
f 4883/590/1658 4884/591/731 4973/662/1344
f 4973/662/1344 4884/591/731 4974/663/807
f 4884/591/731 4885/592/1891 4974/663/807
f 4974/663/807 4885/592/1891 4975/664/1902
f 4885/592/1891 4886/593/733 4975/664/1902
f 4975/664/1902 4886/593/733 4976/665/1686
f 4976/665/1686 4886/593/733 4977/610/1687
f 4977/610/1687 4886/593/733 4978/609/1903
f 4886/593/733 4887/594/1660 4978/609/1903
f 4887/594/1660 4889/529/1892 4978/609/1903
f 4978/609/1903 4889/529/1892 4979/531/1904
f 4889/529/1892 4896/530/740 4979/531/1904
f 4896/530/740 4891/532/739 4979/531/1904
f 4979/531/1904 4891/532/739 4980/533/815
f 4982/288/1905 4981/287/813 4983/527/1689
f 4981/287/813 4892/528/1663 4983/527/1689
f 4892/528/1663 4890/596/1662 4983/527/1689
f 4983/527/1689 4890/596/1662 4984/526/1906
f 4890/596/1662 4985/608/818 4984/526/1906
f 4985/608/818 4986/607/819 4984/526/1906
f 4984/526/1906 4986/607/819 4987/525/820
f 4986/607/819 4988/606/821 4987/525/820
f 4987/525/820 4988/606/821 4989/524/822
f 4989/524/822 4988/606/821 4990/523/823
f 4988/606/821 4991/605/824 4990/523/823
f 4990/523/823 4991/605/824 4992/522/825
f 4991/605/824 4993/604/824 4992/522/825
f 4993/604/824 4915/603/754 4992/522/825
f 4915/603/754 4916/521/1331 4992/522/825
f 4992/522/825 4916/521/1331 4994/516/826
f 4916/521/1331 4917/518/1895 4994/516/826
f 4994/516/826 4917/518/1895 4995/517/1907
f 4917/518/1895 4918/519/1668 4995/517/1907
f 4995/517/1907 4918/519/1668 4996/592/828
f 4918/519/1668 4919/594/758 4996/592/828
f 4996/592/828 4919/594/758 4997/593/1908
f 4919/594/758 4920/609/1333 4997/593/1908
f 4920/609/1333 4921/610/1896 4997/593/1908
f 4997/593/1908 4921/610/1896 4998/665/1693
f 4921/610/1896 4922/611/761 4998/665/1693
f 4998/665/1693 4922/611/761 4999/666/831
f 4922/611/761 4923/612/1670 4999/666/831
f 4999/666/831 4923/612/1670 5000/667/1694
f 4924/613/1670 4925/614/764 5001/668/1694
f 5001/668/1694 4925/614/764 5002/669/833
f 4925/614/764 4926/615/1335 5002/669/833
f 4926/615/1335 4927/616/766 5002/669/833
f 5002/669/833 4927/616/766 5003/670/1909
f 4927/616/766 4928/617/767 5003/670/1909
f 5003/670/1909 4928/617/767 5004/671/1695
f 4928/617/767 4929/618/1671 5004/671/1695
f 5004/671/1695 4929/618/1671 5005/672/1696
f 4929/618/1671 4930/619/1672 5005/672/1696
f 5005/672/1696 4930/619/1672 5006/673/1697
f 4930/619/1672 4931/620/1237 5006/673/1697
f 4932/621/770 4933/622/1673 5007/674/1352
f 5007/674/1352 4933/622/1673 5008/675/1353
f 4933/622/1673 4934/623/692 5008/675/1353
f 5008/675/1353 4934/623/692 5009/676/1698
f 5009/676/1698 4934/623/692 5010/677/841
f 4934/623/692 4935/624/693 5010/677/841
f 4935/624/693 4936/625/1897 5010/677/841
f 5010/677/841 4936/625/1897 5011/678/1910
f 4936/625/1897 4937/626/695 5011/678/1910
f 5011/678/1910 4937/626/695 5012/679/1911
f 4937/626/695 4938/627/696 5012/679/1911
f 4938/627/696 4939/628/773 5012/679/1911
f 5012/679/1911 4939/628/773 5013/680/844
f 4939/628/773 4940/629/774 5013/680/844
f 5013/680/844 4940/629/774 5014/681/845
f 4940/629/774 4941/630/1337 5014/681/845
f 5014/681/845 4941/630/1337 5015/682/1699
f 4941/630/1337 4942/631/1898 5015/682/1699
f 4942/631/1898 4943/632/777 5015/682/1699
f 4943/632/777 4944/633/778 5015/682/1699
f 5015/682/1699 4944/633/778 5016/683/847
f 5016/683/847 4944/633/778 5017/684/1357
f 4944/633/778 4945/634/779 5017/684/1357
f 5017/684/1357 4945/634/779 5018/685/1912
f 4945/634/779 4946/635/781 5018/685/1912
f 5018/685/1912 4946/635/781 5019/686/849
f 4946/635/781 4947/636/781 5019/686/849
f 4947/636/781 4948/637/1899 5019/686/849
f 5019/686/849 4948/637/1899 5020/687/1913
f 5020/687/1913 4948/637/1899 5021/688/851
f 4948/637/1899 4949/638/783 5021/688/851
f 5021/688/851 4949/638/783 5022/689/852
f 4949/638/783 4950/639/1339 5022/689/852
f 4950/639/1339 4951/640/785 5022/689/852
f 5022/689/852 4951/640/785 5023/690/853
f 5023/690/853 4951/640/785 5024/691/855
f 4951/640/785 4952/641/786 5024/691/855
f 5024/691/855 4952/641/786 5025/692/854
f 4952/641/786 4953/642/786 5025/692/854
f 4953/642/786 4954/643/1341 5025/692/854
f 5025/692/854 4954/643/1341 5026/693/1914
f 4954/643/1341 4955/644/788 5026/693/1914
f 5026/693/1914 4955/644/788 5027/694/1701
f 4955/644/788 4956/645/789 5027/694/1701
f 5027/694/1701 4956/645/789 5028/695/858
f 4956/645/789 4957/646/790 5028/695/858
f 5028/695/858 4957/646/790 5029/696/859
f 4957/646/790 4958/647/792 5029/696/859
f 5029/696/859 4958/647/792 5030/697/1915
f 4958/647/792 4959/648/792 5030/697/1915
f 4959/648/792 4960/649/1900 5030/697/1915
f 5030/697/1915 4960/649/1900 5031/698/1680
f 4960/649/1900 4961/650/1680 5031/698/1680
f 5031/698/1680 4961/650/1680 5032/699/1916
f 4961/650/1680 4962/651/1342 5032/699/1916
f 4962/651/1342 4963/652/1681 5032/699/1916
f 5032/699/1916 4963/652/1681 5033/700/1702
f 4963/652/1681 4964/653/797 5033/700/1702
f 5033/700/1702 4964/653/797 5034/701/862
f 5034/701/862 4964/653/797 5035/702/1363
f 4964/653/797 4965/654/798 5035/702/1363
f 4965/654/798 4966/655/799 5035/702/1363
f 5035/702/1363 4966/655/799 5036/703/864
f 4966/655/799 4967/656/800 5036/703/864
f 5036/703/864 4967/656/800 5037/704/1364
f 5038/705/576 4968/657/801 5039/706/1704
f 4968/657/801 4969/658/1683 5039/706/1704
f 5039/706/1704 4969/658/1683 5040/707/866
f 4969/658/1683 4970/659/803 5040/707/866
f 5040/707/866 4970/659/803 5041/708/919
f 4970/659/803 4971/660/1901 5041/708/919
f 5041/708/919 4971/660/1901 5042/709/1917
f 4971/660/1901 4972/661/805 5042/709/1917
f 5042/709/1917 4972/661/805 5043/710/1706
f 4972/661/805 4973/662/1344 5043/710/1706
f 4973/662/1344 4974/663/807 5043/710/1706
f 4974/663/807 4975/664/1902 5043/710/1706
f 5043/710/1706 4975/664/1902 5044/711/870
f 5044/711/870 4975/664/1902 5045/712/871
f 4975/664/1902 4976/665/1686 5045/712/871
f 5045/712/871 4976/665/1686 5046/666/1707
f 5046/666/1707 4976/665/1686 5047/611/1708
f 4976/665/1686 4977/610/1687 5047/611/1708
f 4977/610/1687 4978/609/1903 5047/611/1708
f 4978/609/1903 4979/531/1904 5047/611/1708
f 5047/611/1708 4979/531/1904 5048/534/874
f 4979/531/1904 4980/533/815 5048/534/874
f 5049/535/1918 4981/287/813 5050/289/875
f 4981/287/813 4982/288/1905 5050/289/875
f 5050/289/875 4982/288/1905 5051/290/1919
f 4982/288/1905 4983/527/1689 5051/290/1919
f 4983/527/1689 4984/526/1906 5051/290/1919
f 5051/290/1919 4984/526/1906 5052/292/1709
f 4984/526/1906 4987/525/820 5052/292/1709
f 4987/525/820 4989/524/822 5052/292/1709
f 5052/292/1709 4989/524/822 5053/294/1710
f 5053/294/1710 4989/524/822 5054/514/1711
f 4989/524/822 4990/523/823 5054/514/1711
f 4990/523/823 4992/522/825 5054/514/1711
f 4992/522/825 4994/516/826 5054/514/1711
f 5054/514/1711 4994/516/826 5055/515/880
f 4994/516/826 4995/517/1907 5055/515/880
f 5055/515/880 4995/517/1907 5056/591/1920
f 4995/517/1907 4996/592/828 5056/591/1920
f 5056/591/1920 4996/592/828 5057/663/1713
f 5057/663/1713 4996/592/828 5058/664/883
f 4996/592/828 4997/593/1908 5058/664/883
f 4997/593/1908 4998/665/1693 5058/664/883
f 5058/664/883 4998/665/1693 5059/712/884
f 4998/665/1693 4999/666/831 5059/712/884
f 5059/712/884 4999/666/831 5060/713/1921
f 4999/666/831 5000/667/1694 5060/713/1921
f 5060/713/1921 5000/667/1694 5061/714/886
f 5001/668/1694 5002/669/833 5062/715/887
f 5002/669/833 5003/670/1909 5062/715/887
f 5062/715/887 5003/670/1909 5064/716/1714
f 5003/670/1909 5004/671/1695 5064/716/1714
f 5064/716/1714 5004/671/1695 5066/717/1922
f 5004/671/1695 5005/672/1696 5066/717/1922
f 5066/717/1922 5005/672/1696 5068/718/890
f 5005/672/1696 5006/673/1697 5068/718/890
f 5068/718/890 5006/673/1697 5069/719/891
f 5071/720/892 5007/674/1352 5072/721/893
f 5007/674/1352 5008/675/1353 5072/721/893
f 5072/721/893 5008/675/1353 5073/722/894
f 5008/675/1353 5009/676/1698 5073/722/894
f 5009/676/1698 5010/677/841 5073/722/894
f 5073/722/894 5010/677/841 5074/723/895
f 5074/723/895 5010/677/841 5075/724/896
f 5010/677/841 5011/678/1910 5075/724/896
f 5075/724/896 5011/678/1910 5076/725/897
f 5011/678/1910 5012/679/1911 5076/725/897
f 5012/679/1911 5013/680/844 5076/725/897
f 5076/725/897 5013/680/844 5077/726/1716
f 5013/680/844 5014/681/845 5077/726/1716
f 5077/726/1716 5014/681/845 5078/727/899
f 5014/681/845 5015/682/1699 5078/727/899
f 5015/682/1699 5016/683/847 5078/727/899
f 5078/727/899 5016/683/847 5079/728/1717
f 5016/683/847 5017/684/1357 5079/728/1717
f 5079/728/1717 5017/684/1357 5080/729/901
f 5017/684/1357 5018/685/1912 5080/729/901
f 5080/729/901 5018/685/1912 5081/730/901
f 5018/685/1912 5019/686/849 5081/730/901
f 5019/686/849 5020/687/1913 5081/730/901
f 5081/730/901 5020/687/1913 5082/731/902
f 5082/731/902 5020/687/1913 5083/732/903
f 5020/687/1913 5021/688/851 5083/732/903
f 5083/732/903 5021/688/851 5084/733/1373
f 5021/688/851 5022/689/852 5084/733/1373
f 5022/689/852 5023/690/853 5084/733/1373
f 5084/733/1373 5023/690/853 5085/734/905
f 5085/734/905 5023/690/853 5086/735/906
f 5023/690/853 5024/691/855 5086/735/906
f 5086/735/906 5024/691/855 5087/736/1923
f 5024/691/855 5025/692/854 5087/736/1923
f 5025/692/854 5026/693/1914 5087/736/1923
f 5087/736/1923 5026/693/1914 5088/737/907
f 5026/693/1914 5027/694/1701 5088/737/907
f 5088/737/907 5027/694/1701 5089/738/908
f 5089/738/908 5027/694/1701 5090/739/1924
f 5027/694/1701 5028/695/858 5090/739/1924
f 5028/695/858 5029/696/859 5090/739/1924
f 5090/739/1924 5029/696/859 5091/740/910
f 5029/696/859 5030/697/1915 5091/740/910
f 5030/697/1915 5031/698/1680 5091/740/910
f 5091/740/910 5031/698/1680 5092/741/1374
f 5092/741/1374 5031/698/1680 5093/742/1375
f 5093/742/1375 5031/698/1680 5094/743/1362
f 5031/698/1680 5032/699/1916 5094/743/1362
f 5094/743/1362 5032/699/1916 5095/744/1925
f 5032/699/1916 5033/700/1702 5095/744/1925
f 5033/700/1702 5034/701/862 5095/744/1925
f 5095/744/1925 5034/701/862 5096/745/862
f 5034/701/862 5035/702/1363 5096/745/862
f 5096/745/862 5035/702/1363 5097/746/1363
f 5035/702/1363 5036/703/864 5097/746/1363
f 5097/746/1363 5036/703/864 5098/747/914
f 5036/703/864 5037/704/1364 5098/747/914
f 5098/747/914 5037/704/1364 5099/748/915
f 5038/705/576 5039/706/1704 5100/749/1719
f 5100/749/1719 5039/706/1704 5101/750/1377
f 5101/750/1377 5039/706/1704 5102/751/918
f 5039/706/1704 5040/707/866 5102/751/918
f 5102/751/918 5040/707/866 5103/752/919
f 5040/707/866 5041/708/919 5103/752/919
f 5103/752/919 5041/708/919 5104/753/920
f 5041/708/919 5042/709/1917 5104/753/920
f 5042/709/1917 5043/710/1706 5104/753/920
f 5043/710/1706 5044/711/870 5104/753/920
f 5104/753/920 5044/711/870 5105/754/1926
f 5044/711/870 5045/712/871 5105/754/1926
f 5105/754/1926 5045/712/871 5106/713/922
f 5045/712/871 5046/666/1707 5106/713/922
f 5106/713/922 5046/666/1707 5108/667/923
f 5108/667/923 5046/666/1707 5109/612/924
f 5046/666/1707 5047/611/1708 5109/612/924
f 5047/611/1708 5048/534/874 5109/612/924
f 5110/613/924 5049/535/1918 5111/536/1721
f 5049/535/1918 5050/289/875 5111/536/1721
f 5111/536/1721 5050/289/875 5112/291/1722
f 5050/289/875 5051/290/1919 5112/291/1722
f 5051/290/1919 5052/292/1709 5112/291/1722
f 5112/291/1722 5052/292/1709 5113/293/1927
f 5052/292/1709 5053/294/1710 5113/293/1927
f 5113/293/1927 5053/294/1710 5114/295/928
f 5114/295/928 5053/294/1710 5115/513/929
f 5053/294/1710 5054/514/1711 5115/513/929
f 5054/514/1711 5055/515/880 5115/513/929
f 5115/513/929 5055/515/880 5116/590/1380
f 5055/515/880 5056/591/1920 5116/590/1380
f 5116/590/1380 5056/591/1920 5117/662/1725
f 5056/591/1920 5057/663/1713 5117/662/1725
f 5117/662/1725 5057/663/1713 5118/710/932
f 5057/663/1713 5058/664/883 5118/710/932
f 5118/710/932 5058/664/883 5119/711/1928
f 5058/664/883 5059/712/884 5119/711/1928
f 5119/711/1928 5059/712/884 5120/754/934
f 5059/712/884 5060/713/1921 5120/754/934
f 5120/754/934 5060/713/1921 5121/755/1727
f 5060/713/1921 5061/714/886 5121/755/1727
f 5061/714/886 5063/756/1714 5121/755/1727
f 5121/755/1727 5063/756/1714 5122/757/937
f 5063/756/1714 5065/758/1382 5122/757/937
f 5122/757/937 5065/758/1382 5123/759/938
f 5065/758/1382 5067/760/939 5123/759/938
f 5123/759/938 5067/760/939 5124/761/940
f 5124/761/940 5067/760/939 5125/762/941
f 5067/760/939 5070/763/891 5125/762/941
f 5071/720/892 5072/721/893 5126/764/892
f 5126/764/892 5072/721/893 5127/765/1729
f 5127/765/1729 5072/721/893 5128/766/943
f 5072/721/893 5073/722/894 5128/766/943
f 5073/722/894 5074/723/895 5128/766/943
f 5128/766/943 5074/723/895 5129/767/944
f 5074/723/895 5075/724/896 5129/767/944
f 5129/767/944 5075/724/896 5130/768/1929
f 5075/724/896 5076/725/897 5130/768/1929
f 5130/768/1929 5076/725/897 5131/769/945
f 5076/725/897 5077/726/1716 5131/769/945
f 5131/769/945 5077/726/1716 5132/770/946
f 5132/770/946 5077/726/1716 5133/771/1730
f 5133/771/1730 5077/726/1716 5134/772/948
f 5077/726/1716 5078/727/899 5134/772/948
f 5078/727/899 5079/728/1717 5134/772/948
f 5134/772/948 5079/728/1717 5135/773/950
f 5079/728/1717 5080/729/901 5135/773/950
f 5080/729/901 5081/730/901 5135/773/950
f 5135/773/950 5081/730/901 5136/774/950
f 5081/730/901 5082/731/902 5136/774/950
f 5136/774/950 5082/731/902 5137/775/951
f 5137/775/951 5082/731/902 5138/776/952
f 5082/731/902 5083/732/903 5138/776/952
f 5083/732/903 5084/733/1373 5138/776/952
f 5138/776/952 5084/733/1373 5139/777/953
f 5084/733/1373 5085/734/905 5139/777/953
f 5139/777/953 5085/734/905 5140/778/954
f 5140/778/954 5085/734/905 5141/779/956
f 5085/734/905 5086/735/906 5141/779/956
f 5086/735/906 5087/736/1923 5141/779/956
f 5141/779/956 5087/736/1923 5142/780/1386
f 5087/736/1923 5088/737/907 5142/780/1386
f 5142/780/1386 5088/737/907 5143/781/957
f 5088/737/907 5089/738/908 5143/781/957
f 5144/782/1731 5143/781/957 5145/783/959
f 5143/781/957 5089/738/908 5145/783/959
f 5145/783/959 5089/738/908 5146/784/960
f 5089/738/908 5090/739/1924 5146/784/960
f 5090/739/1924 5091/740/910 5146/784/960
f 5091/740/910 5092/741/1374 5146/784/960
f 5092/741/1374 5093/742/1375 5146/784/960
f 5146/784/960 5093/742/1375 5147/785/961
f 5147/785/961 5093/742/1375 5148/786/962
f 5093/742/1375 5094/743/1362 5148/786/962
f 5094/743/1362 5095/744/1925 5148/786/962
f 5148/786/962 5095/744/1925 5149/787/963
f 5095/744/1925 5096/745/862 5149/787/963
f 5096/745/862 5097/746/1363 5149/787/963
f 5149/787/963 5097/746/1363 5150/788/1733
f 5150/788/1733 5097/746/1363 5151/789/1389
f 5097/746/1363 5098/747/914 5151/789/1389
f 5151/789/1389 5098/747/914 5152/790/966
f 5098/747/914 5099/748/915 5152/790/966
f 5153/791/558 5100/749/1719 5154/792/967
f 5100/749/1719 5101/750/1377 5154/792/967
f 5101/750/1377 5102/751/918 5154/792/967
f 5154/792/967 5102/751/918 5155/793/1735
f 5155/793/1735 5102/751/918 5156/794/969
f 5102/751/918 5103/752/919 5156/794/969
f 5103/752/919 5104/753/920 5156/794/969
f 5104/753/920 5105/754/1926 5156/794/969
f 5156/794/969 5105/754/1926 5157/755/1390
f 5105/754/1926 5106/713/922 5157/755/1390
f 5157/755/1390 5106/713/922 5158/714/971
f 5106/713/922 5108/667/923 5158/714/971
f 5159/715/971 5107/668/923 5160/669/972
f 5160/669/972 5107/668/923 5161/614/973
f 5107/668/923 5110/613/924 5161/614/973
f 5110/613/924 5111/536/1721 5161/614/973
f 5161/614/973 5111/536/1721 5162/537/974
f 5111/536/1721 5112/291/1722 5162/537/974
f 5162/537/974 5112/291/1722 5163/538/1736
f 5112/291/1722 5113/293/1927 5163/538/1736
f 5163/538/1736 5113/293/1927 5164/296/1737
f 5113/293/1927 5114/295/928 5164/296/1737
f 5114/295/928 5115/513/929 5164/296/1737
f 5164/296/1737 5115/513/929 5165/512/1930
f 5115/513/929 5116/590/1380 5165/512/1930
f 5165/512/1930 5116/590/1380 5166/589/1931
f 5116/590/1380 5117/662/1725 5166/589/1931
f 5166/589/1931 5117/662/1725 5167/661/1739
f 5117/662/1725 5118/710/932 5167/661/1739
f 5167/661/1739 5118/710/932 5168/709/1932
f 5168/709/1932 5118/710/932 5169/753/981
f 5118/710/932 5119/711/1928 5169/753/981
f 5119/711/1928 5120/754/934 5169/753/981
f 5169/753/981 5120/754/934 5170/794/1741
f 5120/754/934 5121/755/1727 5170/794/1741
f 5121/755/1727 5122/757/937 5170/794/1741
f 5122/757/937 5123/759/938 5170/794/1741
f 5170/794/1741 5123/759/938 5171/793/983
f 5171/793/983 5123/759/938 5172/792/1742
f 5123/759/938 5124/761/940 5172/792/1742
f 5124/761/940 5125/762/941 5172/792/1742
f 5172/792/1742 5125/762/941 5173/791/1239
f 5126/764/892 5127/765/1729 5174/795/985
f 5174/795/985 5127/765/1729 5175/796/1933
f 5127/765/1729 5128/766/943 5175/796/1933
f 5175/796/1933 5128/766/943 5176/797/1744
f 5176/797/1744 5128/766/943 5177/798/988
f 5128/766/943 5129/767/944 5177/798/988
f 5129/767/944 5130/768/1929 5177/798/988
f 5177/798/988 5130/768/1929 5178/799/989
f 5130/768/1929 5131/769/945 5178/799/989
f 5131/769/945 5132/770/946 5178/799/989
f 5178/799/989 5132/770/946 5179/800/990
f 5179/800/990 5132/770/946 5180/801/991
f 5132/770/946 5133/771/1730 5180/801/991
f 5133/771/1730 5134/772/948 5180/801/991
f 5134/772/948 5135/773/950 5180/801/991
f 5135/773/950 5136/774/950 5180/801/991
f 5180/801/991 5136/774/950 5181/802/1396
f 5136/774/950 5137/775/951 5181/802/1396
f 5181/802/1396 5137/775/951 5182/803/992
f 5182/803/992 5137/775/951 5183/804/1934
f 5137/775/951 5138/776/952 5183/804/1934
f 5183/804/1934 5138/776/952 5184/805/994
f 5138/776/952 5139/777/953 5184/805/994
f 5139/777/953 5140/778/954 5184/805/994
f 5184/805/994 5140/778/954 5185/806/995
f 5185/806/995 5140/778/954 5186/807/1748
f 5140/778/954 5141/779/956 5186/807/1748
f 5141/779/956 5142/780/1386 5186/807/1748
f 5186/807/1748 5142/780/1386 5187/808/1748
f 5142/780/1386 5143/781/957 5187/808/1748
f 5143/781/957 5144/782/1731 5187/808/1748
f 5187/808/1748 5144/782/1731 5188/809/997
f 5144/782/1731 5145/783/959 5188/809/997
f 5188/809/997 5145/783/959 5189/810/998
f 5145/783/959 5146/784/960 5189/810/998
f 5146/784/960 5147/785/961 5189/810/998
f 5189/810/998 5147/785/961 5190/811/1399
f 5147/785/961 5148/786/962 5190/811/1399
f 5148/786/962 5149/787/963 5190/811/1399
f 5190/811/1399 5149/787/963 5191/812/1000
f 5191/812/1000 5149/787/963 5192/813/1001
f 5149/787/963 5150/788/1733 5192/813/1001
f 5150/788/1733 5151/789/1389 5192/813/1001
f 5192/813/1001 5151/789/1389 5193/814/1039
f 5151/789/1389 5152/790/966 5193/814/1039
f 5193/814/1039 5152/790/966 5194/815/1003
f 5153/791/558 5154/792/967 5195/762/1004
f 5195/762/1004 5154/792/967 5196/761/1005
f 5196/761/1005 5154/792/967 5197/759/1006
f 5154/792/967 5155/793/1735 5197/759/1006
f 5155/793/1735 5156/794/969 5197/759/1006
f 5197/759/1006 5156/794/969 5198/757/1401
f 5156/794/969 5157/755/1390 5198/757/1401
f 5198/757/1401 5157/755/1390 5199/756/1008
f 5157/755/1390 5158/714/971 5199/756/1008
f 5200/716/1935 5159/715/971 5201/670/1752
f 5159/715/971 5160/669/972 5201/670/1752
f 5201/670/1752 5160/669/972 5202/616/1011
f 5202/616/1011 5160/669/972 5203/615/1012
f 5160/669/972 5161/614/973 5203/615/1012
f 5161/614/973 5162/537/974 5203/615/1012
f 5162/537/974 5163/538/1736 5203/615/1012
f 5203/615/1012 5163/538/1736 5204/539/1753
f 5204/539/1753 5163/538/1736 5205/511/1754
f 5163/538/1736 5164/296/1737 5205/511/1754
f 5164/296/1737 5165/512/1930 5205/511/1754
f 5205/511/1754 5165/512/1930 5206/510/1015
f 5165/512/1930 5166/589/1931 5206/510/1015
f 5206/510/1015 5166/589/1931 5207/588/1016
f 5166/589/1931 5167/661/1739 5207/588/1016
f 5207/588/1016 5167/661/1739 5208/660/1936
f 5167/661/1739 5168/709/1932 5208/660/1936
f 5208/660/1936 5168/709/1932 5209/708/1018
f 5168/709/1932 5169/753/981 5209/708/1018
f 5209/708/1018 5169/753/981 5210/752/1403
f 5169/753/981 5170/794/1741 5210/752/1403
f 5210/752/1403 5170/794/1741 5211/751/1937
f 5170/794/1741 5171/793/983 5211/751/1937
f 5171/793/983 5172/792/1742 5211/751/1937
f 5211/751/1937 5172/792/1742 5212/750/1755
f 5212/750/1755 5172/792/1742 5213/749/1022
f 5172/792/1742 5173/791/1239 5213/749/1022
f 5214/816/1023 5174/795/985 5215/817/1024
f 5174/795/985 5175/796/1933 5215/817/1024
f 5215/817/1024 5175/796/1933 5216/818/1054
f 5175/796/1933 5176/797/1744 5216/818/1054
f 5176/797/1744 5177/798/988 5216/818/1054
f 5216/818/1054 5177/798/988 5217/819/1026
f 5217/819/1026 5177/798/988 5218/820/1938
f 5177/798/988 5178/799/989 5218/820/1938
f 5178/799/989 5179/800/990 5218/820/1938
f 5218/820/1938 5179/800/990 5219/821/1939
f 5179/800/990 5180/801/991 5219/821/1939
f 5180/801/991 5181/802/1396 5219/821/1939
f 5219/821/1939 5181/802/1396 5220/822/1940
f 5181/802/1396 5182/803/992 5220/822/1940
f 5182/803/992 5183/804/1934 5220/822/1940
f 5220/822/1940 5183/804/1934 5221/823/1941
f 5221/823/1941 5183/804/1934 5222/824/1031
f 5183/804/1934 5184/805/994 5222/824/1031
f 5222/824/1031 5184/805/994 5223/825/1942
f 5184/805/994 5185/806/995 5223/825/1942
f 5185/806/995 5186/807/1748 5223/825/1942
f 5223/825/1942 5186/807/1748 5224/826/1034
f 5224/826/1034 5186/807/1748 5225/827/1408
f 5186/807/1748 5187/808/1748 5225/827/1408
f 5187/808/1748 5188/809/997 5225/827/1408
f 5226/828/1035 5225/827/1408 5227/829/1943
f 5225/827/1408 5188/809/997 5227/829/1943
f 5188/809/997 5189/810/998 5227/829/1943
f 5227/829/1943 5189/810/998 5228/830/999
f 5189/810/998 5190/811/1399 5228/830/999
f 5190/811/1399 5191/812/1000 5228/830/999
f 5228/830/999 5191/812/1000 5229/831/1758
f 5191/812/1000 5192/813/1001 5229/831/1758
f 5229/831/1758 5192/813/1001 5230/832/1038
f 5230/832/1038 5192/813/1001 5231/833/1750
f 5192/813/1001 5193/814/1039 5231/833/1750
f 5231/833/1750 5193/814/1039 5232/834/1759
f 5193/814/1039 5194/815/1003 5232/834/1759
f 5234/763/1041 5195/762/1004 5236/760/1042
f 5195/762/1004 5196/761/1005 5236/760/1042
f 5196/761/1005 5197/759/1006 5236/760/1042
f 5236/760/1042 5197/759/1006 5237/758/1043
f 5197/759/1006 5198/757/1401 5237/758/1043
f 5198/757/1401 5199/756/1008 5237/758/1043
f 5238/717/1410 5200/716/1935 5239/671/1411
f 5200/716/1935 5201/670/1752 5239/671/1411
f 5239/671/1411 5201/670/1752 5240/617/1760
f 5201/670/1752 5202/616/1011 5240/617/1760
f 5240/617/1760 5202/616/1011 5241/540/1046
f 5202/616/1011 5203/615/1012 5241/540/1046
f 5203/615/1012 5204/539/1753 5241/540/1046
f 5241/540/1046 5204/539/1753 5242/509/1047
f 5204/539/1753 5205/511/1754 5242/509/1047
f 5205/511/1754 5206/510/1015 5242/509/1047
f 5242/509/1047 5206/510/1015 5243/508/1944
f 5206/510/1015 5207/588/1016 5243/508/1944
f 5243/508/1944 5207/588/1016 5244/587/1049
f 5207/588/1016 5208/660/1936 5244/587/1049
f 5244/587/1049 5208/660/1936 5245/659/1050
f 5208/660/1936 5209/708/1018 5245/659/1050
f 5245/659/1050 5209/708/1018 5246/707/1945
f 5209/708/1018 5210/752/1403 5246/707/1945
f 5210/752/1403 5211/751/1937 5246/707/1945
f 5246/707/1945 5211/751/1937 5247/706/1761
f 5211/751/1937 5212/750/1755 5247/706/1761
f 5212/750/1755 5213/749/1022 5247/706/1761
f 5247/706/1761 5213/749/1022 5248/705/1257
f 5214/816/1023 5215/817/1024 5249/835/1946
f 5249/835/1946 5215/817/1024 5250/836/1947
f 5215/817/1024 5216/818/1054 5250/836/1947
f 5250/836/1947 5216/818/1054 5251/837/1025
f 5216/818/1054 5217/819/1026 5251/837/1025
f 5251/837/1025 5217/819/1026 5252/838/1026
f 5217/819/1026 5218/820/1938 5252/838/1026
f 5252/838/1026 5218/820/1938 5253/839/1055
f 5218/820/1938 5219/821/1939 5253/839/1055
f 5253/839/1055 5219/821/1939 5254/840/1948
f 5219/821/1939 5220/822/1940 5254/840/1948
f 5220/822/1940 5221/823/1941 5254/840/1948
f 5254/840/1948 5221/823/1941 5255/841/1949
f 5221/823/1941 5222/824/1031 5255/841/1949
f 5255/841/1949 5222/824/1031 5256/842/1058
f 5256/842/1058 5222/824/1031 5257/843/1950
f 5222/824/1031 5223/825/1942 5257/843/1950
f 5223/825/1942 5224/826/1034 5257/843/1950
f 5257/843/1950 5224/826/1034 5258/844/1415
f 5224/826/1034 5225/827/1408 5258/844/1415
f 5225/827/1408 5226/828/1035 5258/844/1415
f 5258/844/1415 5226/828/1035 5259/845/1061
f 5259/845/1061 5226/828/1035 5260/846/1416
f 5226/828/1035 5227/829/1943 5260/846/1416
f 5227/829/1943 5228/830/999 5260/846/1416
f 5228/830/999 5229/831/1758 5260/846/1416
f 5229/831/1758 5230/832/1038 5260/846/1416
f 5260/846/1416 5230/832/1038 5261/847/1764
f 5261/847/1764 5230/832/1038 5262/848/1418
f 5230/832/1038 5231/833/1750 5262/848/1418
f 5262/848/1418 5231/833/1750 5263/849/1065
f 5231/833/1750 5232/834/1759 5263/849/1065
f 5233/719/1041 5235/718/1042 5264/673/1951
f 5264/673/1951 5235/718/1042 5265/672/1067
f 5235/718/1042 5238/717/1410 5265/672/1067
f 5238/717/1410 5239/671/1411 5265/672/1067
f 5265/672/1067 5239/671/1411 5266/618/1068
f 5239/671/1411 5240/617/1760 5266/618/1068
f 5266/618/1068 5240/617/1760 5267/541/1952
f 5240/617/1760 5241/540/1046 5267/541/1952
f 5267/541/1952 5241/540/1046 5268/506/1422
f 5241/540/1046 5242/509/1047 5268/506/1422
f 5242/509/1047 5243/508/1944 5268/506/1422
f 5268/506/1422 5243/508/1944 5269/507/1953
f 5243/508/1944 5244/587/1049 5269/507/1953
f 5269/507/1953 5244/587/1049 5270/586/1072
f 5244/587/1049 5245/659/1050 5270/586/1072
f 5270/586/1072 5245/659/1050 5271/658/1768
f 5245/659/1050 5246/707/1945 5271/658/1768
f 5246/707/1945 5247/706/1761 5271/658/1768
f 5271/658/1768 5247/706/1761 5272/657/1423
f 5247/706/1761 5248/705/1257 5272/657/1423
f 5249/835/1946 5250/836/1947 5273/850/1770
f 5273/850/1770 5250/836/1947 5274/851/1076
f 5250/836/1947 5251/837/1025 5274/851/1076
f 5274/851/1076 5251/837/1025 5275/852/1771
f 5275/852/1771 5251/837/1025 5276/853/1078
f 5251/837/1025 5252/838/1026 5276/853/1078
f 5252/838/1026 5253/839/1055 5276/853/1078
f 5253/839/1055 5254/840/1948 5276/853/1078
f 5254/840/1948 5255/841/1949 5276/853/1078
f 5276/853/1078 5255/841/1949 5277/854/1079
f 5277/854/1079 5255/841/1949 5278/855/1080
f 5255/841/1949 5256/842/1058 5278/855/1080
f 5278/855/1080 5256/842/1058 5279/856/1081
f 5256/842/1058 5257/843/1950 5279/856/1081
f 5257/843/1950 5258/844/1415 5279/856/1081
f 5279/856/1081 5258/844/1415 5280/857/1061
f 5258/844/1415 5259/845/1061 5280/857/1061
f 5280/857/1061 5259/845/1061 5281/858/1082
f 5259/845/1061 5260/846/1416 5281/858/1082
f 5260/846/1416 5261/847/1764 5281/858/1082
f 5261/847/1764 5262/848/1418 5281/858/1082
f 5281/858/1082 5262/848/1418 5282/859/1424
f 5262/848/1418 5263/849/1065 5282/859/1424
f 5282/859/1424 5263/849/1065 5283/860/1084
f 5284/620/489 5264/673/1951 5285/619/1773
f 5264/673/1951 5265/672/1067 5285/619/1773
f 5265/672/1067 5266/618/1068 5285/619/1773
f 5286/543/1087 5285/619/1773 5287/542/1088
f 5285/619/1773 5266/618/1068 5287/542/1088
f 5266/618/1068 5267/541/1952 5287/542/1088
f 5267/541/1952 5268/506/1422 5287/542/1088
f 5287/542/1088 5268/506/1422 5288/505/1089
f 5288/505/1089 5268/506/1422 5289/504/1954
f 5268/506/1422 5269/507/1953 5289/504/1954
f 5269/507/1953 5270/586/1072 5289/504/1954
f 5290/503/1091 5289/504/1954 5291/585/1072
f 5289/504/1954 5270/586/1072 5291/585/1072
f 5270/586/1072 5271/658/1768 5291/585/1072
f 5271/658/1768 5272/657/1423 5291/585/1072
f 5291/585/1072 5272/657/1423 5292/584/1093
f 5293/861/1094 5273/850/1770 5294/862/1095
f 5273/850/1770 5274/851/1076 5294/862/1095
f 5294/862/1095 5274/851/1076 5295/863/1096
f 5274/851/1076 5275/852/1771 5295/863/1096
f 5275/852/1771 5276/853/1078 5295/863/1096
f 5276/853/1078 5277/854/1079 5295/863/1096
f 5295/863/1096 5277/854/1079 5296/864/1097
f 5277/854/1079 5278/855/1080 5296/864/1097
f 5278/855/1080 5279/856/1081 5296/864/1097
f 5296/864/1097 5279/856/1081 5297/865/1426
f 5297/865/1426 5279/856/1081 5298/866/1099
f 5279/856/1081 5280/857/1061 5298/866/1099
f 5280/857/1061 5281/858/1082 5298/866/1099
f 5281/858/1082 5282/859/1424 5298/866/1099
f 5298/866/1099 5282/859/1424 5299/867/1100
f 5282/859/1424 5283/860/1084 5299/867/1100
f 5299/867/1100 5283/860/1084 5300/868/1101
f 5284/620/489 5285/619/1773 5301/544/1777
f 5285/619/1773 5286/543/1087 5301/544/1777
f 5301/544/1777 5286/543/1087 5302/501/1955
f 5286/543/1087 5287/542/1088 5302/501/1955
f 5287/542/1088 5288/505/1089 5302/501/1955
f 5288/505/1089 5289/504/1954 5302/501/1955
f 5289/504/1954 5290/503/1091 5302/501/1955
f 5302/501/1955 5290/503/1091 5303/502/510
f 5290/503/1091 5291/585/1072 5303/502/510
f 5291/585/1072 5292/584/1093 5303/502/510
f 5293/861/1094 5294/862/1095 5304/869/1094
f 5304/869/1094 5294/862/1095 5305/870/1104
f 5294/862/1095 5295/863/1096 5305/870/1104
f 5295/863/1096 5296/864/1097 5305/870/1104
f 5305/870/1104 5296/864/1097 5306/871/1956
f 5296/864/1097 5297/865/1426 5306/871/1956
f 5297/865/1426 5298/866/1099 5306/871/1956
f 5298/866/1099 5299/867/1100 5306/871/1956
f 5306/871/1956 5299/867/1100 5308/872/1106
f 5299/867/1100 5300/868/1101 5308/872/1106
f 5301/544/1777 5302/501/1955 5307/500/1779
f 5302/501/1955 5303/502/510 5307/500/1779
f 5304/869/1094 5305/870/1104 5308/872/1106
f 5306/871/1956 5308/872/1106 5305/870/1104
f 3979/871/1778 3981/872/1106 3978/870/1104
f 2652/871/1105 2654/872/1106 2651/870/1104
f 1325/871/1105 1327/872/1106 1324/870/1104
