# Blender 5.2.0 Alpha
# www.blender.org
mtllib InteriorRoofs.mtl
o InteriorRoofs
v -7.565613 2.329351 2.327923
v -7.565613 2.582791 2.487991
v -7.996461 2.329351 2.327923
v -7.996461 2.329351 2.327923
v -8.204550 2.582791 2.487991
v -7.565613 2.789546 2.704082
v -8.457991 2.789546 2.704082
v -7.565613 2.944278 2.933512
v -8.747446 2.944278 2.933512
v -7.565613 3.040318 3.186953
v -6.519837 2.944278 2.933512
v -6.778614 2.789546 2.704082
v -6.986701 2.582791 2.487991
v -7.134764 2.329351 2.327923
v -7.134764 2.329351 2.327923
v -7.242810 2.039895 2.226547
v -7.242810 2.039895 2.226547
v -7.565613 2.039895 2.226547
v -7.896419 2.039895 2.226547
v -7.896419 2.039895 2.226547
v -7.896419 2.039895 1.510244
v -7.896419 2.039895 1.510244
v -7.996461 2.329351 1.410202
v -7.996461 2.329351 1.410202
v -8.204550 2.582791 1.202114
v -8.457991 2.789546 0.948674
v -8.747446 2.944278 0.659218
v -7.565613 2.329351 -2.272688
v -7.996461 2.329351 -2.272688
v -7.996461 2.329351 -2.272688
v -7.565613 2.582791 -2.432756
v -8.204550 2.582791 -2.432756
v -7.565613 2.789546 -2.648847
v -8.457991 2.789546 -2.648847
v -7.565613 2.944278 -2.878278
v -7.565613 3.040318 -3.130384
v -8.747446 2.944278 -2.878278
v -8.747446 2.944278 -0.603983
v -8.457991 2.789546 -0.893439
v -8.204550 2.582791 -1.146879
v -7.996461 2.329351 -1.354967
v -7.996461 2.329351 -1.354967
v -7.896419 2.039895 -1.455009
v -7.896419 2.039895 -1.455009
v -7.896419 2.039895 -2.171312
v -7.896419 2.039895 -2.171312
v -7.565613 2.039895 -2.171312
v -7.242810 2.039895 -2.171312
v -7.242810 2.039895 -2.171312
v -7.134764 2.329351 -2.272688
v -7.134764 2.329351 -2.272688
v -6.986701 2.582791 -2.432756
v -6.778614 2.789546 -2.648847
v -6.519837 2.944278 -2.878278
v -6.278402 3.040318 -3.130384
v -7.565613 3.072332 -3.457189
v -9.060912 3.040318 -3.130384
v -9.060912 3.040318 -0.290517
v -9.386382 3.072332 0.028284
v -9.386382 3.072332 0.028284
v -9.378380 3.070998 0.028284
v -9.378380 3.070998 0.028284
v -9.060912 3.040318 0.345752
v -9.060912 3.040318 3.186953
v -7.565613 3.072332 3.512424
v -6.278402 3.040318 3.186953
v -6.278402 3.040318 2.158518
v -6.519837 2.944278 2.158518
v -6.778614 2.789546 2.158518
v -6.986701 2.582791 2.158518
v -7.134764 2.329351 2.158518
v -7.242810 2.039895 2.158518
v -7.282827 1.726429 2.158518
v -7.282827 1.726429 2.195867
v -7.282827 1.726429 2.195867
v -7.565613 1.726429 2.195867
v -7.849733 1.726429 2.195867
v -7.849733 1.726429 2.195867
v -7.849733 1.726429 1.556931
v -7.849733 1.726429 1.556931
v -7.565613 1.726429 1.556931
v -7.565613 2.039895 1.510244
v -7.565613 2.329351 1.410202
v -7.565613 2.582791 1.202114
v -7.565613 2.789546 0.948674
v -7.565613 2.944278 0.659218
v -7.565613 3.040318 0.345752
v -7.565613 3.070998 0.028284
v -7.565613 3.070998 0.028284
v -7.565613 3.040318 -0.290517
v -7.565613 2.944278 -0.603983
v -7.565613 2.789546 -0.893439
v -7.565613 2.582791 -1.146879
v -7.565613 2.329351 -1.354967
v -7.565613 2.039895 -1.455009
v -7.565613 1.726429 -1.501696
v -7.849733 1.726429 -1.501696
v -7.849733 1.726429 -1.501696
v -7.849733 1.726429 -2.139299
v -7.849733 1.726429 -2.139299
v -7.565613 1.726429 -2.139299
v -7.282827 1.726429 -2.139299
v -7.282827 1.726429 -2.139299
v -7.282827 1.726429 -2.103284
v -7.242810 2.039895 -2.103284
v -7.134764 2.329351 -2.103284
v -6.986701 2.582791 -2.103284
v -6.778614 2.789546 -2.103284
v -6.519837 2.944278 -2.103284
v -6.278402 3.040318 -2.103284
v -5.951598 3.072332 -2.103284
v -4.472306 2.329351 2.327923
v -4.206860 2.329351 2.327923
v -4.206860 2.329351 2.327923
v -4.472306 2.582791 2.487991
v -4.060132 2.582791 2.487991
v -4.472306 2.789546 2.704082
v -3.846709 2.789546 2.704082
v -4.472306 2.944278 2.933512
v -3.585265 2.944278 2.933512
v -3.314483 3.040318 3.152272
v -3.553251 2.944278 2.901499
v -3.814695 2.789546 2.674736
v -4.032120 2.582791 2.459979
v -4.032120 2.582791 2.459979
v -4.180182 2.329351 2.301245
v -4.180182 2.329351 2.301245
v -4.280224 2.049232 2.205205
v -4.305569 2.049232 2.230549
v -4.305569 2.049232 2.230549
v -4.305569 2.049232 2.230549
v -4.472306 2.047899 2.229215
v -4.663053 2.049232 2.230549
v -4.663053 2.049232 2.230549
v -4.763095 2.329351 2.327923
v -4.763095 2.329351 2.327923
v -4.911158 2.582791 2.487991
v -5.128583 2.789546 2.704082
v -5.390027 2.944278 2.933512
v -4.472306 3.040318 3.186953
v -3.347831 3.040318 3.186953
v -3.025028 3.072332 3.512424
v -2.991680 3.072332 3.479076
v -1.507053 2.944278 2.933512
v -1.507053 2.789546 2.704082
v -0.880122 2.789546 2.704082
v -1.084208 2.582791 2.487991
v -1.507053 2.582791 2.487991
v -1.230936 2.329351 2.327923
v -1.230936 2.329351 2.327923
v -1.507053 2.329351 2.327923
v -1.781836 2.329351 2.327923
v -1.781836 2.329351 2.327923
v -1.929898 2.582791 2.487991
v -2.133984 2.789546 2.704082
v -2.391427 2.944278 2.933512
v -1.507053 3.040318 3.186953
v -0.622680 2.944278 2.933512
v -0.349230 3.040318 3.152272
v -0.590666 2.944278 2.901499
v -0.849442 2.789546 2.674736
v -0.849442 2.789546 2.674736
v -1.056196 2.582791 2.459979
v -1.056196 2.582791 2.459979
v -1.056196 2.582791 2.459979
v -1.205593 2.329351 2.301245
v -1.205593 2.329351 2.301245
v -1.312305 2.039895 2.202537
v -1.312305 2.039895 2.202537
v -1.337648 2.039895 2.226547
v -1.337648 2.039895 2.226547
v -1.507053 2.039895 2.226547
v -1.676458 2.039895 2.226547
v -1.676458 2.039895 2.226547
v -1.700468 2.039895 2.202537
v -1.700468 2.039895 2.202537
v -1.808514 2.329351 2.301245
v -1.808514 2.329351 2.301245
v -1.956576 2.582791 2.459979
v -1.956576 2.582791 2.459979
v -1.956576 2.582791 2.459979
v -2.164664 2.789546 2.674736
v -2.164664 2.789546 2.674736
v -2.423440 2.944278 2.901499
v -2.664876 3.040318 3.152272
v -2.631528 3.040318 3.186953
v -1.507053 3.072332 3.512424
v -0.381244 3.040318 3.186953
v -0.025094 3.072332 3.477742
v -0.025094 3.072332 3.477742
v 1.455532 2.944278 2.933512
v 1.455532 2.789546 2.704082
v 2.082463 2.789546 2.704082
v 1.878377 2.582791 2.487991
v 1.455532 2.582791 2.487991
v 1.730315 2.329351 2.327923
v 1.730315 2.329351 2.327923
v 1.455532 2.329351 2.327923
v 1.179415 2.329351 2.327923
v 1.179415 2.329351 2.327923
v 1.032687 2.582791 2.487991
v 0.828601 2.789546 2.704082
v 0.571158 2.944278 2.933512
v 1.455532 3.040318 3.186953
v 2.339906 2.944278 2.933512
v 2.371919 2.944278 2.901499
v 2.113143 2.789546 2.674736
v 2.113143 2.789546 2.674736
v 1.905055 2.582791 2.459979
v 1.905055 2.582791 2.459979
v 1.905055 2.582791 2.459979
v 1.756992 2.329351 2.301245
v 1.756992 2.329351 2.301245
v 1.648947 2.039895 2.202537
v 1.648947 2.039895 2.202537
v 1.624937 2.039895 2.226547
v 1.624937 2.039895 2.226547
v 1.455532 2.039895 2.226547
v 1.286127 2.039895 2.226547
v 1.286127 2.039895 2.226547
v 1.260783 2.039895 2.202537
v 1.260783 2.039895 2.202537
v 1.154071 2.329351 2.301245
v 1.154071 2.329351 2.301245
v 1.004675 2.582791 2.459979
v 1.004675 2.582791 2.459979
v 1.004675 2.582791 2.459979
v 0.797921 2.789546 2.674736
v 0.797921 2.789546 2.674736
v 0.539145 2.944278 2.901499
v 0.297709 3.040318 3.152272
v 0.329723 3.040318 3.186953
v 1.455532 3.072332 3.512424
v 2.580007 3.040318 3.186953
v 2.613355 3.040318 3.152272
v 5.306493 2.944278 2.933512
v 4.420784 2.944278 2.933512
v 5.045048 2.789546 2.704082
v 4.420784 2.789546 2.704082
v 4.831625 2.582791 2.487991
v 4.420784 2.582791 2.487991
v 4.684897 2.329351 2.327923
v 4.684897 2.329351 2.327923
v 4.420784 2.329351 2.327923
v 4.155339 2.329351 2.327923
v 4.155339 2.329351 2.327923
v 4.008611 2.582791 2.487991
v 3.795187 2.789546 2.704082
v 3.533743 2.944278 2.933512
v 4.420784 3.040318 3.186953
v 5.543926 3.040318 3.186953
v 5.577274 3.040318 3.152272
v 5.338506 2.944278 2.901499
v 5.077062 2.789546 2.674736
v 4.859637 2.582791 2.459979
v 4.859637 2.582791 2.459979
v 4.711575 2.329351 2.301245
v 4.711575 2.329351 2.301245
v 4.611533 2.049232 2.205205
v 4.586188 2.049232 2.230549
v 4.586188 2.049232 2.230549
v 4.586188 2.049232 2.230549
v 4.420784 2.047899 2.229215
v 4.254048 2.049232 2.230549
v 4.254048 2.049232 2.230549
v 4.254048 2.049232 2.230549
v 4.228703 2.049232 2.205205
v 4.128662 2.329351 2.301245
v 4.128662 2.329351 2.301245
v 3.980599 2.582791 2.459979
v 3.980599 2.582791 2.459979
v 3.763174 2.789546 2.674736
v 3.501730 2.944278 2.901499
v 3.262962 3.040318 3.152272
v 2.940159 3.072332 3.479076
v 3.296310 3.040318 3.186953
v 4.420784 3.072332 3.512424
v 5.866729 3.072332 3.512424
v 5.900077 3.072332 3.479076
v -4.472306 2.329351 -2.272688
v -4.472306 2.582791 -2.432756
v -4.206860 2.329351 -2.272688
v -4.206860 2.329351 -2.272688
v -4.060132 2.582791 -2.432756
v -4.472306 2.789546 -2.648847
v -3.846709 2.789546 -2.648847
v -4.472306 2.944278 -2.878278
v -3.585265 2.944278 -2.878278
v -3.347831 3.040318 -3.130384
v -4.472306 3.040318 -3.130384
v -5.390027 2.944278 -2.878278
v -5.128583 2.789546 -2.648847
v -4.911158 2.582791 -2.432756
v -4.763095 2.329351 -2.272688
v -4.763095 2.329351 -2.272688
v -4.663053 2.049232 -2.173980
v -4.663053 2.049232 -2.173980
v -4.472306 2.047899 -2.173980
v -4.305569 2.049232 -2.173980
v -4.305569 2.049232 -2.173980
v -4.305569 2.049232 -2.173980
v -4.280224 2.049232 -2.149970
v -4.180182 2.329351 -2.246010
v -4.180182 2.329351 -2.246010
v -4.032120 2.582791 -2.404744
v -4.032120 2.582791 -2.404744
v -3.814695 2.789546 -2.619502
v -3.553251 2.944278 -2.846264
v -3.314483 3.040318 -3.097037
v -3.025028 3.072332 -3.457189
v -2.991680 3.072332 -3.422508
v -1.507053 3.040318 -3.130384
v -1.507053 2.944278 -2.878278
v -2.391427 2.944278 -2.878278
v -2.133984 2.789546 -2.648847
v -1.507053 2.789546 -2.648847
v -1.929898 2.582791 -2.432756
v -1.507053 2.582791 -2.432756
v -1.781836 2.329351 -2.272688
v -1.781836 2.329351 -2.272688
v -1.507053 2.329351 -2.272688
v -1.230936 2.329351 -2.272688
v -1.230936 2.329351 -2.272688
v -1.084208 2.582791 -2.432756
v -0.880122 2.789546 -2.648847
v -0.622680 2.944278 -2.878278
v -0.381244 3.040318 -3.130384
v -1.507053 3.072332 -3.457189
v -2.631528 3.040318 -3.130384
v -2.664876 3.040318 -3.097037
v -2.423440 2.944278 -2.846264
v -2.164664 2.789546 -2.619502
v -2.164664 2.789546 -2.619502
v -1.956576 2.582791 -2.404744
v -1.956576 2.582791 -2.404744
v -1.956576 2.582791 -2.404744
v -1.808514 2.329351 -2.246010
v -1.808514 2.329351 -2.246010
v -1.700468 2.039895 -2.147302
v -1.700468 2.039895 -2.147302
v -1.676458 2.039895 -2.171312
v -1.676458 2.039895 -2.171312
v -1.507053 2.039895 -2.171312
v -1.337648 2.039895 -2.171312
v -1.337648 2.039895 -2.171312
v -1.312305 2.039895 -2.147302
v -1.312305 2.039895 -2.147302
v -1.205593 2.329351 -2.246010
v -1.205593 2.329351 -2.246010
v -1.056196 2.582791 -2.404744
v -1.056196 2.582791 -2.404744
v -1.056196 2.582791 -2.404744
v -0.849442 2.789546 -2.619502
v -0.849442 2.789546 -2.619502
v -0.590666 2.944278 -2.846264
v -0.349230 3.040318 -3.097037
v -0.025094 3.072332 -3.422508
v -0.025094 3.072332 -3.422508
v 1.455532 3.040318 -3.130384
v 1.455532 2.944278 -2.878278
v 0.571158 2.944278 -2.878278
v 0.828601 2.789546 -2.648847
v 1.455532 2.789546 -2.648847
v 1.032687 2.582791 -2.432756
v 1.455532 2.582791 -2.432756
v 1.179415 2.329351 -2.272688
v 1.179415 2.329351 -2.272688
v 1.455532 2.329351 -2.272688
v 1.730315 2.329351 -2.272688
v 1.730315 2.329351 -2.272688
v 1.878377 2.582791 -2.432756
v 2.082463 2.789546 -2.648847
v 2.339906 2.944278 -2.878278
v 2.580007 3.040318 -3.130384
v 1.455532 3.072332 -3.457189
v 0.329723 3.040318 -3.130384
v 0.297709 3.040318 -3.097037
v 0.539145 2.944278 -2.846264
v 0.797921 2.789546 -2.619502
v 0.797921 2.789546 -2.619502
v 1.004675 2.582791 -2.404744
v 1.004675 2.582791 -2.404744
v 1.004675 2.582791 -2.404744
v 1.154071 2.329351 -2.246010
v 1.154071 2.329351 -2.246010
v 1.260783 2.039895 -2.147302
v 1.260783 2.039895 -2.147302
v 1.286127 2.039895 -2.171312
v 1.286127 2.039895 -2.171312
v 1.455532 2.039895 -2.171312
v 1.624937 2.039895 -2.171312
v 1.624937 2.039895 -2.171312
v 1.648947 2.039895 -2.147302
v 1.648947 2.039895 -2.147302
v 1.756992 2.329351 -2.246010
v 1.756992 2.329351 -2.246010
v 1.905055 2.582791 -2.404744
v 1.905055 2.582791 -2.404744
v 1.905055 2.582791 -2.404744
v 2.113143 2.789546 -2.619502
v 2.113143 2.789546 -2.619502
v 2.371919 2.944278 -2.846264
v 2.613355 3.040318 -3.097037
v 4.420784 3.040318 -3.130384
v 4.420784 2.944278 -2.878278
v 3.533743 2.944278 -2.878278
v 3.795187 2.789546 -2.648847
v 4.420784 2.789546 -2.648847
v 4.008611 2.582791 -2.432756
v 4.420784 2.582791 -2.432756
v 4.155339 2.329351 -2.272688
v 4.155339 2.329351 -2.272688
v 4.420784 2.329351 -2.272688
v 4.684897 2.329351 -2.272688
v 4.684897 2.329351 -2.272688
v 4.831625 2.582791 -2.432756
v 5.045048 2.789546 -2.648847
v 5.306493 2.944278 -2.878278
v 5.543926 3.040318 -3.130384
v 5.866729 3.072332 -3.457189
v 4.420784 3.072332 -3.457189
v 3.296310 3.040318 -3.130384
v 2.940159 3.072332 -3.422508
v 3.262962 3.040318 -3.097037
v 3.501730 2.944278 -2.846264
v 3.763174 2.789546 -2.619502
v 3.980599 2.582791 -2.404744
v 3.980599 2.582791 -2.404744
v 4.128662 2.329351 -2.246010
v 4.128662 2.329351 -2.246010
v 4.228703 2.049232 -2.149970
v 4.254048 2.049232 -2.173980
v 4.254048 2.049232 -2.173980
v 4.254048 2.049232 -2.173980
v 4.420784 2.047899 -2.173980
v 4.586188 2.049232 -2.173980
v 4.586188 2.049232 -2.173980
v 4.586188 2.049232 -2.173980
v 4.611533 2.049232 -2.149970
v 4.711575 2.329351 -2.246010
v 4.711575 2.329351 -2.246010
v 4.859637 2.582791 -2.404744
v 4.859637 2.582791 -2.404744
v 5.077062 2.789546 -2.619502
v 5.338506 2.944278 -2.846264
v 5.577274 3.040318 -3.097037
v 5.900077 3.072332 -3.422508
v 7.514092 2.944278 -2.878278
v 8.373121 2.789546 -2.648847
v 7.514092 2.789546 -2.648847
v 7.514092 2.582791 -2.432756
v 8.122348 2.582791 -2.432756
v 8.122348 2.582791 -2.432756
v 8.153028 2.582791 -2.404744
v 8.406469 2.789546 -2.619502
v 8.695924 2.944278 -2.847598
v 8.659908 2.944278 -2.878278
v 7.514092 3.040318 -3.130384
v 6.500331 2.944278 -2.878278
v 6.757772 2.789546 -2.648847
v 6.961858 2.582791 -2.432756
v 7.109921 2.329351 -2.272688
v 7.109921 2.329351 -2.272688
v 7.514092 2.329351 -2.272688
v 7.918262 2.329351 -2.272688
v 7.918262 2.329351 -2.272688
v 7.944940 2.329351 -2.246010
v 7.944940 2.329351 -2.246010
v 7.944940 2.329351 -1.381645
v 7.944940 2.329351 -1.381645
v 7.944940 2.329351 -1.381645
v 8.153028 2.582791 -1.176225
v 8.153028 2.582791 -1.176225
v 8.406469 2.789546 -0.924118
v 8.695924 2.944278 -0.635996
v 9.009391 3.040318 -0.323864
v 9.009391 3.040318 -3.098371
v 8.973375 3.040318 -3.130384
v 7.514092 3.072332 -3.457189
v 6.260229 3.040318 -3.130384
v 6.226882 3.040318 -3.097037
v 6.468317 2.944278 -2.846264
v 6.727092 2.789546 -2.619502
v 6.935180 2.582791 -2.404744
v 6.935180 2.582791 -2.404744
v 7.083243 2.329351 -2.246010
v 7.083243 2.329351 -2.246010
v 7.191290 2.039895 -2.147302
v 7.191290 2.039895 -2.147302
v 7.215300 2.039895 -2.171312
v 7.215300 2.039895 -2.171312
v 7.514092 2.039895 -2.171312
v 7.819555 2.039895 -2.171312
v 7.819555 2.039895 -2.171312
v 7.844899 2.039895 -2.147302
v 7.844899 2.039895 -2.147302
v 7.844899 2.039895 -1.479019
v 7.844899 2.039895 -1.479019
v 7.844899 2.039895 -1.479019
v 7.819555 2.039895 -1.455009
v 7.918262 2.329351 -1.354967
v 8.123682 2.582791 -1.146879
v 8.375790 2.789546 -0.893439
v 8.662577 2.944278 -0.603983
v 8.976043 3.040318 -0.290517
v 9.293510 3.070998 0.028284
v 9.293510 3.070998 0.028284
v 8.406469 2.789546 2.676071
v 8.373121 2.789546 2.704082
v 8.153028 2.582791 2.461313
v 8.122348 2.582791 2.487991
v 8.122348 2.582791 2.487991
v 7.514092 2.582791 2.487991
v 7.514092 2.789546 2.704082
v 7.514092 2.944278 2.933512
v 8.659908 2.944278 2.933512
v 8.695924 2.944278 2.904167
v 8.695924 2.944278 0.692565
v 8.406469 2.789546 0.979353
v 8.153028 2.582791 1.231460
v 8.153028 2.582791 1.231460
v 7.944940 2.329351 1.436880
v 7.944940 2.329351 1.436880
v 7.944940 2.329351 1.436880
v 7.944940 2.329351 2.302579
v 7.944940 2.329351 2.302579
v 7.918262 2.329351 2.327923
v 7.918262 2.329351 2.327923
v 7.514092 2.329351 2.327923
v 7.109921 2.329351 2.327923
v 7.109921 2.329351 2.327923
v 6.961858 2.582791 2.487991
v 6.757772 2.789546 2.704082
v 6.500331 2.944278 2.933512
v 7.514092 3.040318 3.186953
v 8.973375 3.040318 3.186953
v 9.009391 3.040318 3.154939
v 9.009391 3.040318 0.379099
v 8.976043 3.040318 0.345752
v 8.662577 2.944278 0.659218
v 8.375790 2.789546 0.948674
v 8.123682 2.582791 1.202114
v 7.918262 2.329351 1.410202
v 7.819555 2.039895 1.510244
v 7.844899 2.039895 1.534254
v 7.844899 2.039895 1.534254
v 7.844899 2.039895 1.534254
v 7.844899 2.039895 2.202537
v 7.844899 2.039895 2.202537
v 7.819555 2.039895 2.226547
v 7.819555 2.039895 2.226547
v 7.514092 2.039895 2.226547
v 7.215300 2.039895 2.226547
v 7.215300 2.039895 2.226547
v 7.191290 2.039895 2.202537
v 7.191290 2.039895 2.202537
v 7.083243 2.329351 2.301245
v 7.083243 2.329351 2.301245
v 6.935180 2.582791 2.459979
v 6.935180 2.582791 2.459979
v 6.727092 2.789546 2.674736
v 6.468317 2.944278 2.901499
v 6.226882 3.040318 3.152272
v 6.260229 3.040318 3.186953
v 7.514092 3.072332 3.512424
v 7.514092 2.944278 4.100673
v 7.514092 2.785544 4.342108
v 6.764442 2.784210 4.343442
v 6.965860 2.577456 4.539525
v 7.514092 2.577456 4.539525
v 7.109921 2.326683 4.707596
v 7.109921 2.326683 4.707596
v 7.514092 2.326683 4.707596
v 7.916928 2.326683 4.707596
v 7.916928 2.326683 4.707596
v 8.118346 2.577456 4.539525
v 8.118346 2.577456 4.539525
v 8.366451 2.784210 4.343442
v 8.659908 2.944278 4.100673
v 7.514092 3.040318 3.837895
v 8.974710 3.040318 3.837895
v 9.301514 3.072332 3.512424
v 9.334862 3.072332 3.512424
v 9.334862 3.072332 3.479076
v 10.708774 2.329351 2.301245
v 10.708774 2.329351 2.301245
v 10.516694 2.582791 2.461313
v 10.516694 2.582791 2.461313
v 10.714109 2.318680 1.439548
v 10.714109 2.318680 1.439548
v 10.516694 2.582791 1.231460
v 10.516694 2.582791 1.231460
v 10.263252 2.789546 2.676071
v 10.263252 2.789546 0.979353
v 9.975131 2.944278 2.904167
v 9.975131 2.944278 0.692565
v 9.661666 3.040318 3.154939
v 9.661666 3.040318 0.379099
v 9.334862 3.072332 0.028284
v 9.334862 3.072332 0.028284
v 10.708774 2.329351 -2.246010
v 10.708774 2.329351 -2.246010
v 10.714109 2.318680 -1.384313
v 10.714109 2.318680 -1.384313
v 10.516694 2.582791 -2.404744
v 10.516694 2.582791 -2.404744
v 10.516694 2.582791 -1.176225
v 10.516694 2.582791 -1.176225
v 10.263252 2.789546 -2.619502
v 10.263252 2.789546 -0.924118
v 9.975131 2.944278 -2.847598
v 9.975131 2.944278 -0.635996
v 9.661666 3.040318 -3.098371
v 9.661666 3.040318 -0.323864
v 9.334862 3.072332 -3.423842
v 9.334862 3.072332 -3.457189
v 9.301514 3.072332 -3.457189
v 8.974710 3.040318 -3.782660
v 7.514092 3.040318 -3.782660
v 8.659908 2.944278 -4.045437
v 7.514092 2.944278 -4.045437
v 8.366451 2.784210 -4.288207
v 7.514092 2.785544 -4.286873
v 8.118346 2.577456 -4.484290
v 8.118346 2.577456 -4.484290
v 7.514092 2.577456 -4.484290
v 7.916928 2.326683 -4.652361
v 7.916928 2.326683 -4.652361
v 7.514092 2.326683 -4.652361
v 7.109921 2.326683 -4.652361
v 7.109921 2.326683 -4.652361
v 6.965860 2.577456 -4.484290
v 6.764442 2.784210 -4.288207
v 6.500331 2.944278 -4.045437
v 6.260229 3.040318 -3.782660
v 5.934758 3.072332 -3.457189
v 5.900077 3.072332 -3.457189
v 5.543926 3.040318 -3.782660
v 4.420784 3.040318 -3.782660
v 5.307827 2.944278 -4.045437
v 4.420784 2.944278 -4.045437
v 5.054386 2.794881 -4.274868
v 4.420784 2.792213 -4.278870
v 4.835627 2.586793 -4.477620
v 4.420784 2.585459 -4.478954
v 4.683563 2.324015 -4.653695
v 4.683563 2.324015 -4.653695
v 4.420784 2.325349 -4.652361
v 4.156673 2.324015 -4.653695
v 4.156673 2.324015 -4.653695
v 4.004609 2.586793 -4.477620
v 3.785850 2.794881 -4.274868
v 3.532409 2.944278 -4.045437
v 3.296310 3.040318 -3.782660
v 2.973507 3.072332 -3.457189
v 2.940159 3.072332 -3.457189
v 2.905478 3.072332 -3.457189
v 2.580007 3.040318 -3.782660
v 1.455532 3.040318 -3.782660
v 2.339906 2.944278 -4.045437
v 1.455532 2.944278 -4.045437
v 2.075794 2.784210 -4.288207
v 2.075794 2.784210 -4.288207
v 1.455532 2.785544 -4.286873
v 1.874375 2.577456 -4.484290
v 1.874375 2.577456 -4.484290
v 1.455532 2.577456 -4.484290
v 1.730315 2.326683 -4.652361
v 1.730315 2.326683 -4.652361
v 1.455532 2.326683 -4.652361
v 1.180749 2.326683 -4.652361
v 1.180749 2.326683 -4.652361
v 1.036689 2.577456 -4.484290
v 1.036689 2.577456 -4.484290
v 0.835270 2.784210 -4.288207
v 0.835270 2.784210 -4.288207
v 0.571158 2.944278 -4.045437
v 0.329723 3.040318 -3.782660
v -0.025094 3.072332 -3.457189
v -0.025094 3.072332 -3.457189
v -0.381244 3.040318 -3.782660
v -1.507053 3.040318 -3.782660
v -0.622680 2.944278 -4.045437
v -1.507053 2.944278 -4.045437
v -0.886791 2.784210 -4.288207
v -0.886791 2.784210 -4.288207
v -1.507053 2.785544 -4.286873
v -1.088210 2.577456 -4.484290
v -1.088210 2.577456 -4.484290
v -1.507053 2.577456 -4.484290
v -1.232270 2.326683 -4.652361
v -1.232270 2.326683 -4.652361
v -1.507053 2.326683 -4.652361
v -1.781836 2.326683 -4.652361
v -1.781836 2.326683 -4.652361
v -1.925896 2.577456 -4.484290
v -1.925896 2.577456 -4.484290
v -2.127316 2.784210 -4.288207
v -2.127316 2.784210 -4.288207
v -2.391427 2.944278 -4.045437
v -2.631528 3.040318 -3.782660
v -2.956999 3.072332 -3.457189
v -2.991680 3.072332 -3.457189
v -3.347831 3.040318 -3.782660
v -4.472306 2.325349 -4.652361
v -4.208194 2.324015 -4.653695
v -4.208194 2.324015 -4.653695
v -4.472306 2.585459 -4.478954
v -4.056130 2.586793 -4.477620
v -4.472306 2.792213 -4.278870
v -3.837371 2.794881 -4.274868
v -4.472306 2.944278 -4.045437
v -3.583931 2.944278 -4.045437
v -4.472306 3.040318 -3.782660
v -4.472306 3.072332 -3.457189
v -5.628794 3.040318 -3.130384
v -5.628794 3.040318 -2.103284
v -5.390027 2.944278 -2.103284
v -5.128583 2.789546 -2.103284
v -4.911158 2.582791 -2.103284
v -4.761762 2.326683 -2.103284
v -4.661719 2.047899 -2.103284
v -4.625704 1.735767 -2.103284
v -4.625704 1.735767 -2.140633
v -4.625704 1.735767 -2.140633
v -4.472306 1.734433 -2.140633
v -4.341584 1.735767 -2.140633
v -4.341584 1.735767 -2.140633
v -4.317574 1.735767 -2.116622
v -4.317574 1.735767 -2.103284
v -4.281559 2.047899 -2.103284
v -4.181517 2.326683 -2.103284
v -4.032120 2.582791 -2.103284
v -3.814695 2.789546 -2.103284
v -3.553251 2.944278 -2.103284
v -3.314483 3.040318 -2.103284
v -2.991680 3.072332 -2.103284
v -2.664876 3.040318 -2.103284
v -2.423440 2.944278 -2.103284
v -2.164664 2.789546 -2.103284
v -1.956576 2.582791 -2.103284
v -1.808514 2.329351 -2.103284
v -1.700468 2.039895 -2.103284
v -1.660451 1.726429 -2.103284
v -1.660451 1.726429 -2.115288
v -1.660451 1.726429 -2.115288
v -1.636441 1.726429 -2.139299
v -1.507053 1.726429 -2.139299
v -1.376331 1.726429 -2.139299
v -1.352321 1.726429 -2.115288
v -1.352321 1.726429 -2.115288
v -1.352321 1.726429 -2.103284
v -1.312305 2.039895 -2.103284
v -1.205593 2.329351 -2.103284
v -1.056196 2.582791 -2.103284
v -0.849442 2.789546 -2.103284
v -0.590666 2.944278 -2.103284
v -0.349230 3.040318 -2.103284
v -0.025094 3.070998 -2.103284
v -0.025094 3.070998 -2.103284
v 0.297709 3.040318 -2.103284
v 0.539145 2.944278 -2.103284
v 0.797921 2.789546 -2.103284
v 1.004675 2.582791 -2.103284
v 1.154071 2.329351 -2.103284
v 1.260783 2.039895 -2.103284
v 1.300800 1.726429 -2.103284
v 1.300800 1.726429 -2.115288
v 1.300800 1.726429 -2.115288
v 1.324810 1.726429 -2.139299
v 1.455532 1.726429 -2.139299
v 1.584920 1.726429 -2.139299
v 1.608930 1.726429 -2.115288
v 1.608930 1.726429 -2.115288
v 1.608930 1.726429 -2.103284
v 1.648947 2.039895 -2.103284
v 1.756992 2.329351 -2.103284
v 1.905055 2.582791 -2.103284
v 2.113143 2.789546 -2.103284
v 2.371919 2.944278 -2.103284
v 2.613355 3.040318 -2.103284
v 2.940159 3.072332 -2.103284
v 3.262962 3.040318 -2.103284
v 3.501730 2.944278 -2.103284
v 3.763174 2.789546 -2.103284
v 3.980599 2.582791 -2.103284
v 4.129995 2.326683 -2.103284
v 4.230038 2.047899 -2.103284
v 4.266053 1.735767 -2.103284
v 4.266053 1.735767 -2.116622
v 4.290063 1.735767 -2.140633
v 4.290063 1.735767 -2.140633
v 4.420784 1.734433 -2.140633
v 4.550173 1.735767 -2.140633
v 4.550173 1.735767 -2.140633
v 4.574183 1.735767 -2.116622
v 4.574183 1.735767 -2.103284
v 4.610199 2.047899 -2.103284
v 4.710241 2.326683 -2.103284
v 4.859637 2.582791 -2.103284
v 5.077062 2.789546 -2.103284
v 5.338506 2.944278 -2.103284
v 5.577274 3.040318 -2.103284
v 5.900077 3.072332 -2.103284
v 6.226882 3.040318 -2.103284
v 6.468317 2.944278 -2.103284
v 6.727092 2.789546 -2.103284
v 6.935180 2.582791 -2.103284
v 7.083243 2.329351 -2.103284
v 7.191290 2.039895 -2.103284
v 7.231305 1.726429 -2.103284
v 7.231305 1.726429 -2.115288
v 7.231305 1.726429 -2.115288
v 7.255315 1.726429 -2.139299
v 7.514092 1.726429 -2.139299
v 7.774202 1.726429 -2.139299
v 7.774202 1.726429 -2.139299
v 7.798212 1.726429 -2.115288
v 7.798212 1.726429 -1.525706
v 7.798212 1.726429 -1.525706
v 7.774202 1.726429 -1.501696
v 7.514092 1.726429 -1.501696
v 7.514092 2.039895 -1.455009
v 7.514092 2.329351 -1.354967
v 7.514092 2.582791 -1.146879
v 7.514092 2.789546 -0.893439
v 7.514092 2.944278 -0.603983
v 7.514092 3.040318 -0.290517
v 7.514092 3.070998 0.028284
v 7.514092 3.070998 0.028284
v 7.514092 3.040318 0.345752
v 7.514092 2.944278 0.659218
v 7.514092 2.789546 0.948674
v 7.514092 2.582791 1.202114
v 7.514092 2.329351 1.410202
v 7.514092 2.039895 1.510244
v 7.514092 1.726429 1.556931
v 7.774202 1.726429 1.556931
v 7.798212 1.726429 1.580941
v 7.798212 1.726429 1.580941
v 7.798212 1.726429 2.171857
v 7.774202 1.726429 2.195867
v 7.774202 1.726429 2.195867
v 7.514092 1.726429 2.195867
v 7.255315 1.726429 2.195867
v 7.231305 1.726429 2.171857
v 7.231305 1.726429 2.171857
v 7.231305 1.726429 2.158518
v 7.191290 2.039895 2.158518
v 7.083243 2.329351 2.158518
v 6.935180 2.582791 2.158518
v 6.727092 2.789546 2.158518
v 6.468317 2.944278 2.158518
v 6.226882 3.040318 2.158518
v 5.900077 3.072332 2.158518
v 5.577274 3.040318 2.158518
v 5.338506 2.944278 2.158518
v 5.077062 2.789546 2.158518
v 4.859637 2.582791 2.158518
v 4.710241 2.326683 2.158518
v 4.610199 2.047899 2.158518
v 4.574183 1.735767 2.158518
v 4.574183 1.735767 2.171857
v 4.550173 1.735767 2.195867
v 4.550173 1.735767 2.195867
v 4.420784 1.734433 2.195867
v 4.290063 1.735767 2.195867
v 4.290063 1.735767 2.195867
v 4.266053 1.735767 2.171857
v 4.266053 1.735767 2.158518
v 4.230038 2.047899 2.158518
v 4.129995 2.326683 2.158518
v 3.980599 2.582791 2.158518
v 3.763174 2.789546 2.158518
v 3.501730 2.944278 2.158518
v 3.262962 3.040318 2.158518
v 2.940159 3.072332 2.158518
v 2.613355 3.040318 2.158518
v 2.371919 2.944278 2.158518
v 2.113143 2.789546 2.158518
v 1.905055 2.582791 2.158518
v 1.756992 2.329351 2.158518
v 1.648947 2.039895 2.158518
v 1.608930 1.726429 2.158518
v 1.608930 1.726429 2.171857
v 1.608930 1.726429 2.171857
v 1.584920 1.726429 2.195867
v 1.455532 1.726429 2.195867
v 1.324810 1.726429 2.195867
v 1.300800 1.726429 2.171857
v 1.300800 1.726429 2.171857
v 1.300800 1.726429 2.158518
v 1.260783 2.039895 2.158518
v 1.154071 2.329351 2.158518
v 1.004675 2.582791 2.158518
v 0.797921 2.789546 2.158518
v 0.539145 2.944278 2.158518
v 0.297709 3.040318 2.158518
v -0.025094 3.070998 2.158518
v -0.025094 3.070998 2.158518
v -0.349230 3.040318 2.158518
v -0.590666 2.944278 2.158518
v -0.849442 2.789546 2.158518
v -1.056196 2.582791 2.158518
v -1.205593 2.329351 2.158518
v -1.312305 2.039895 2.158518
v -1.352321 1.726429 2.158518
v -1.352321 1.726429 2.171857
v -1.352321 1.726429 2.171857
v -1.376331 1.726429 2.195867
v -1.507053 1.726429 2.195867
v -1.636441 1.726429 2.195867
v -1.660451 1.726429 2.171857
v -1.660451 1.726429 2.171857
v -1.660451 1.726429 2.158518
v -1.700468 2.039895 2.158518
v -1.808514 2.329351 2.158518
v -1.956576 2.582791 2.158518
v -2.164664 2.789546 2.158518
v -2.423440 2.944278 2.158518
v -2.664876 3.040318 2.158518
v -2.991680 3.072332 2.158518
v -3.314483 3.040318 2.158518
v -3.553251 2.944278 2.158518
v -3.814695 2.789546 2.158518
v -4.032120 2.582791 2.158518
v -4.181517 2.326683 2.158518
v -4.281559 2.047899 2.158518
v -4.317574 1.735767 2.158518
v -4.317574 1.735767 2.171857
v -4.341584 1.735767 2.195867
v -4.341584 1.735767 2.195867
v -4.472306 1.734433 2.195867
v -4.625704 1.735767 2.195867
v -4.625704 1.735767 2.195867
v -4.625704 1.735767 2.158518
v -4.661719 2.047899 2.158518
v -4.761762 2.326683 2.158518
v -4.911158 2.582791 2.158518
v -5.128583 2.789546 2.158518
v -5.390027 2.944278 2.158518
v -5.628794 3.040318 2.158518
v -5.951598 3.072332 2.158518
v -5.628794 3.040318 3.186953
v -4.472306 3.072332 3.512424
v -4.472306 2.325349 4.708930
v -4.472306 2.585459 4.534189
v -4.208194 2.324015 4.708930
v -4.208194 2.324015 4.708930
v -4.056130 2.586793 4.532856
v -4.472306 2.792213 4.334105
v -3.837371 2.794881 4.330103
v -4.472306 2.944278 4.100673
v -3.583931 2.944278 4.100673
v -4.472306 3.040318 3.837895
v -3.347831 3.040318 3.837895
v -2.991680 3.072332 3.512424
v -2.956999 3.072332 3.512424
v -2.631528 3.040318 3.837895
v -1.507053 3.040318 3.837895
v -2.391427 2.944278 4.100673
v -1.507053 2.944278 4.100673
v -2.127316 2.784210 4.343442
v -2.127316 2.784210 4.343442
v -1.507053 2.785544 4.342108
v -1.925896 2.577456 4.539525
v -1.925896 2.577456 4.539525
v -1.507053 2.577456 4.539525
v -1.781836 2.326683 4.707596
v -1.781836 2.326683 4.707596
v -1.507053 2.326683 4.707596
v -1.232270 2.326683 4.707596
v -1.232270 2.326683 4.707596
v -1.088210 2.577456 4.539525
v -1.088210 2.577456 4.539525
v -0.886791 2.784210 4.343442
v -0.886791 2.784210 4.343442
v -0.622680 2.944278 4.100673
v -0.381244 3.040318 3.837895
v -0.025094 3.072332 3.512424
v -0.025094 3.072332 3.512424
v 0.329723 3.040318 3.837895
v 1.455532 3.040318 3.837895
v 0.571158 2.944278 4.100673
v 1.455532 2.944278 4.100673
v 0.835270 2.784210 4.343442
v 0.835270 2.784210 4.343442
v 1.455532 2.785544 4.342108
v 1.036689 2.577456 4.539525
v 1.036689 2.577456 4.539525
v 1.455532 2.577456 4.539525
v 1.180749 2.326683 4.707596
v 1.180749 2.326683 4.707596
v 1.455532 2.326683 4.707596
v 1.730315 2.326683 4.707596
v 1.730315 2.326683 4.707596
v 1.874375 2.577456 4.539525
v 1.874375 2.577456 4.539525
v 2.075794 2.784210 4.343442
v 2.075794 2.784210 4.343442
v 2.339906 2.944278 4.100673
v 2.580007 3.040318 3.837895
v 2.905478 3.072332 3.512424
v 2.940159 3.072332 3.512424
v 2.973507 3.072332 3.512424
v 3.296310 3.040318 3.837895
v 4.420784 3.040318 3.837895
v 3.532409 2.944278 4.100673
v 4.420784 2.944278 4.100673
v 3.785850 2.794881 4.330103
v 4.420784 2.792213 4.334105
v 4.004609 2.586793 4.532856
v 4.420784 2.585459 4.534189
v 4.156673 2.324015 4.708930
v 4.156673 2.324015 4.708930
v 4.420784 2.325349 4.708930
v 4.683563 2.324015 4.708930
v 4.683563 2.324015 4.708930
v 4.835627 2.586793 4.532856
v 5.054386 2.794881 4.330103
v 5.307827 2.944278 4.100673
v 5.543926 3.040318 3.837895
v 5.900077 3.072332 3.512424
v 5.934758 3.072332 3.512424
v 6.260229 3.040318 3.837895
v 6.500331 2.944278 4.100673
v 6.468317 2.944278 4.132686
v 6.733762 2.784210 4.372787
v 6.937848 2.577456 4.567537
v 6.937848 2.577456 4.567537
v 7.084577 2.326683 4.734274
v 7.084577 2.326683 4.734274
v 7.191290 2.038561 4.840986
v 7.215300 2.038561 4.815642
v 7.215300 2.038561 4.815642
v 7.215300 2.038561 4.815642
v 7.514092 2.038561 4.815642
v 7.819555 2.038561 4.815642
v 7.819555 2.038561 4.815642
v 7.844899 2.038561 4.840986
v 7.844899 2.038561 4.840986
v 7.943606 2.326683 4.734274
v 7.943606 2.326683 4.734274
v 8.149026 2.577456 4.567537
v 8.399799 2.784210 4.371454
v 8.695924 2.944278 4.130019
v 9.009391 3.040318 3.871242
v 9.334862 3.072332 3.545772
v 10.858171 2.035893 4.815642
v 10.832827 2.035893 4.840986
v 10.832827 2.035893 4.840986
v 10.832827 2.035893 4.840986
v 10.736788 2.324015 4.708930
v 10.710108 2.324015 4.734274
v 10.710108 2.324015 4.734274
v 10.710108 2.324015 4.734274
v 10.542037 2.585459 4.532856
v 10.512691 2.585459 4.560868
v 10.512691 2.585459 4.560868
v 10.288598 2.794881 4.331437
v 10.255250 2.794881 4.359449
v 10.009812 2.944278 4.100673
v 9.975131 2.944278 4.130019
v 9.696346 3.040318 3.837895
v 9.661666 3.040318 3.871242
v 9.368209 3.072332 3.512424
v 9.696346 3.040318 3.186953
v 10.009812 2.944278 2.933512
v 10.296600 2.789546 2.704082
v 10.547374 2.582791 2.487991
v 10.547374 2.582791 2.487991
v 10.736788 2.329351 2.327923
v 10.736788 2.329351 2.327923
v 10.855504 2.046565 2.229215
v 10.855504 2.046565 2.229215
v 10.828825 2.049232 2.205205
v 10.828825 2.049232 2.205205
v 10.834161 2.030558 1.535589
v 10.834161 2.030558 1.535589
v 10.858171 2.033226 1.511578
v 10.858171 2.033226 1.511578
v 10.739453 2.320014 1.412870
v 10.739453 2.320014 1.412870
v 10.546040 2.582791 1.202114
v 10.546040 2.582791 1.202114
v 10.295266 2.789546 0.948674
v 10.007145 2.944278 0.659218
v 9.695014 3.040318 0.345752
v 9.376211 3.070998 0.028284
v 9.376211 3.070998 0.028284
v 9.695014 3.040318 -0.290517
v 10.007145 2.944278 -0.603983
v 10.295266 2.789546 -0.893439
v 10.546040 2.582791 -1.146879
v 10.546040 2.582791 -1.146879
v 10.739453 2.320014 -1.357635
v 10.739453 2.320014 -1.357635
v 10.858171 2.033226 -1.456343
v 10.858171 2.033226 -1.456343
v 10.834161 2.030558 -1.480353
v 10.834161 2.030558 -1.480353
v 10.828825 2.049232 -2.149970
v 10.828825 2.049232 -2.149970
v 10.855504 2.046565 -2.173980
v 10.855504 2.046565 -2.173980
v 10.736788 2.329351 -2.272688
v 10.736788 2.329351 -2.272688
v 10.547374 2.582791 -2.432756
v 10.547374 2.582791 -2.432756
v 10.296600 2.789546 -2.648847
v 10.009812 2.944278 -2.878278
v 9.696346 3.040318 -3.130384
v 9.368209 3.072332 -3.457189
v 10.858171 2.035893 -4.760406
v 10.736788 2.324015 -4.652361
v 10.832827 2.035893 -4.784417
v 10.832827 2.035893 -4.784417
v 10.832827 2.035893 -4.784417
v 10.710108 2.324015 -4.679039
v 10.710108 2.324015 -4.679039
v 10.710108 2.324015 -4.679039
v 10.542037 2.585459 -4.477620
v 10.512691 2.585459 -4.504298
v 10.512691 2.585459 -4.504298
v 10.288598 2.794881 -4.274868
v 10.255250 2.794881 -4.304214
v 10.009812 2.944278 -4.045437
v 9.975131 2.944278 -4.074783
v 9.696346 3.040318 -3.782660
v 9.661666 3.040318 -3.814674
v 9.334862 3.072332 -3.490537
v 9.009391 3.040318 -3.814674
v 8.695924 2.944278 -4.074783
v 8.399799 2.784210 -4.316219
v 8.149026 2.577456 -4.510968
v 7.943606 2.326683 -4.679039
v 7.943606 2.326683 -4.679039
v 7.844899 2.038561 -4.785750
v 7.844899 2.038561 -4.785750
v 7.819555 2.038561 -4.760406
v 7.819555 2.038561 -4.760406
v 7.514092 2.038561 -4.760406
v 7.215300 2.038561 -4.760406
v 7.215300 2.038561 -4.760406
v 7.215300 2.038561 -4.760406
v 7.191290 2.038561 -4.785750
v 7.084577 2.326683 -4.679039
v 7.084577 2.326683 -4.679039
v 6.937848 2.577456 -4.512302
v 6.937848 2.577456 -4.512302
v 6.733762 2.784210 -4.317553
v 6.468317 2.944278 -4.077451
v 6.226882 3.040318 -3.817342
v 5.900077 3.072332 -3.490537
v 5.577274 3.040318 -3.817342
v 5.338506 2.944278 -4.077451
v 5.085066 2.794881 -4.305548
v 4.863639 2.585459 -4.505632
v 4.863639 2.585459 -4.505632
v 4.710241 2.324015 -4.679039
v 4.710241 2.324015 -4.679039
v 4.607531 2.035893 -4.784417
v 4.582187 2.034560 -4.760406
v 4.582187 2.034560 -4.760406
v 4.582187 2.034560 -4.760406
v 4.420784 2.035893 -4.760406
v 4.258049 2.034560 -4.760406
v 4.258049 2.034560 -4.760406
v 4.258049 2.034560 -4.760406
v 4.232706 2.035893 -4.784417
v 4.129995 2.324015 -4.679039
v 4.129995 2.324015 -4.679039
v 3.976597 2.585459 -4.505632
v 3.976597 2.585459 -4.505632
v 3.755170 2.794881 -4.305548
v 3.501730 2.944278 -4.077451
v 3.262962 3.040318 -3.817342
v 2.940159 3.072332 -3.490537
v 2.613355 3.040318 -3.817342
v 2.371919 2.944278 -4.077451
v 2.106474 2.784210 -4.317553
v 1.902388 2.577456 -4.512302
v 1.902388 2.577456 -4.512302
v 1.755659 2.326683 -4.679039
v 1.755659 2.326683 -4.679039
v 1.648947 2.038561 -4.785750
v 1.624937 2.038561 -4.760406
v 1.624937 2.038561 -4.760406
v 1.624937 2.038561 -4.760406
v 1.455532 2.038561 -4.760406
v 1.286127 2.038561 -4.760406
v 1.286127 2.038561 -4.760406
v 1.286127 2.038561 -4.760406
v 1.260783 2.038561 -4.785750
v 1.155406 2.326683 -4.679039
v 1.155406 2.326683 -4.679039
v 1.008677 2.577456 -4.512302
v 1.008677 2.577456 -4.512302
v 0.804590 2.784210 -4.317553
v 0.539145 2.944278 -4.077451
v 0.297709 3.040318 -3.817342
v -0.025094 3.072332 -3.491871
v -0.025094 3.072332 -3.491871
v -0.349230 3.040318 -3.817342
v -0.590666 2.944278 -4.077451
v -0.856111 2.784210 -4.317553
v -1.060197 2.577456 -4.512302
v -1.060197 2.577456 -4.512302
v -1.206927 2.326683 -4.679039
v -1.206927 2.326683 -4.679039
v -1.312305 2.038561 -4.785750
v -1.337648 2.038561 -4.760406
v -1.337648 2.038561 -4.760406
v -1.337648 2.038561 -4.760406
v -1.507053 2.038561 -4.760406
v -1.676458 2.038561 -4.760406
v -1.676458 2.038561 -4.760406
v -1.676458 2.038561 -4.760406
v -1.700468 2.038561 -4.785750
v -1.807180 2.326683 -4.679039
v -1.807180 2.326683 -4.679039
v -1.953908 2.577456 -4.512302
v -1.953908 2.577456 -4.512302
v -2.157995 2.784210 -4.317553
v -2.423440 2.944278 -4.077451
v -2.664876 3.040318 -3.817342
v -2.991680 3.072332 -3.490537
v -3.314483 3.040318 -3.817342
v -3.553251 2.944278 -4.077451
v -3.806691 2.794881 -4.305548
v -4.028118 2.585459 -4.505632
v -4.028118 2.585459 -4.505632
v -4.181517 2.324015 -4.679039
v -4.181517 2.324015 -4.679039
v -4.284226 2.035893 -4.784417
v -4.309570 2.034560 -4.760406
v -4.309570 2.034560 -4.760406
v -4.309570 2.034560 -4.760406
v -4.472306 2.035893 -4.760406
v -4.659051 2.034560 -4.760406
v -4.659051 2.034560 -4.760406
v -4.760427 2.324015 -4.653695
v -4.760427 2.324015 -4.653695
v -4.916493 2.586793 -4.477620
v -5.136586 2.794881 -4.274868
v -5.390027 2.944278 -4.045437
v -5.628794 3.040318 -3.782660
v -5.951598 3.072332 -3.457189
v -6.278402 3.040318 -3.782660
v -7.565613 3.040318 -3.782660
v -6.519837 2.944278 -4.045437
v -7.565613 2.944278 -4.045437
v -6.785283 2.784210 -4.288207
v -7.565613 2.785544 -4.286873
v -6.990703 2.577456 -4.484290
v -7.565613 2.577456 -4.484290
v -7.136098 2.326683 -4.652361
v -7.136098 2.326683 -4.652361
v -7.565613 2.326683 -4.652361
v -7.242810 2.038561 -4.760406
v -7.242810 2.038561 -4.760406
v -7.565613 2.038561 -4.760406
v -7.896419 2.038561 -4.760406
v -7.896419 2.038561 -4.760406
v -7.995128 2.326683 -4.652361
v -7.995128 2.326683 -4.652361
v -8.200548 2.577456 -4.484290
v -8.449986 2.784210 -4.288207
v -8.747446 2.944278 -4.045437
v -9.060912 3.040318 -3.782660
v -9.386382 3.072332 -3.457189
v -9.713187 3.040318 -3.130384
v -10.885682 2.030558 -1.456343
v -10.885682 2.030558 -1.456343
v -10.880347 2.049232 -2.173980
v -10.880347 2.049232 -2.173980
v -10.765633 2.318680 -1.357635
v -10.765633 2.318680 -1.357635
v -10.760297 2.329351 -2.272688
v -10.760297 2.329351 -2.272688
v -10.568215 2.582791 -2.432756
v -10.568215 2.582791 -2.432756
v -10.568215 2.582791 -1.146879
v -10.568215 2.582791 -1.146879
v -10.314775 2.789546 -2.648847
v -10.314775 2.789546 -0.893439
v -10.026653 2.944278 -2.878278
v -10.026653 2.944278 -0.603983
v -9.713187 3.040318 -0.290517
v -9.394386 3.070998 0.028284
v -9.394386 3.070998 0.028284
v -9.713187 3.040318 0.345752
v -10.885682 2.030558 1.511578
v -10.885682 2.030558 1.511578
v -10.765633 2.318680 1.414204
v -10.765633 2.318680 1.414204
v -10.880347 2.049232 2.230549
v -10.880347 2.049232 2.230549
v -10.760297 2.329351 2.327923
v -10.760297 2.329351 2.327923
v -10.568215 2.582791 2.487991
v -10.568215 2.582791 2.487991
v -10.568215 2.582791 1.202114
v -10.568215 2.582791 1.202114
v -10.314775 2.789546 2.704082
v -10.314775 2.789546 0.948674
v -10.026653 2.944278 2.933512
v -10.026653 2.944278 0.659218
v -9.713187 3.040318 3.186953
v -9.386382 3.072332 3.512424
v -9.060912 3.040318 3.837895
v -7.565613 3.040318 3.837895
v -8.747446 2.944278 4.100673
v -7.565613 2.944278 4.100673
v -8.449986 2.784210 4.343442
v -7.565613 2.785544 4.342108
v -8.200548 2.577456 4.539525
v -7.565613 2.577456 4.539525
v -7.995128 2.326683 4.707596
v -7.995128 2.326683 4.707596
v -7.565613 2.326683 4.707596
v -7.896419 2.038561 4.815642
v -7.896419 2.038561 4.815642
v -7.565613 2.038561 4.815642
v -7.242810 2.038561 4.815642
v -7.242810 2.038561 4.815642
v -7.136098 2.326683 4.707596
v -7.136098 2.326683 4.707596
v -6.990703 2.577456 4.539525
v -6.785283 2.784210 4.343442
v -6.519837 2.944278 4.100673
v -6.278402 3.040318 3.837895
v -5.951598 3.072332 3.512424
v -5.628794 3.040318 3.837895
v -5.390027 2.944278 4.100673
v -5.136586 2.794881 4.330103
v -4.916493 2.586793 4.532856
v -4.760427 2.324015 4.708930
v -4.760427 2.324015 4.708930
v -4.659051 2.034560 4.815642
v -4.659051 2.034560 4.815642
v -4.472306 2.035893 4.815642
v -4.309570 2.034560 4.815642
v -4.309570 2.034560 4.815642
v -4.309570 2.034560 4.815642
v -4.284226 2.035893 4.840986
v -4.181517 2.324015 4.734274
v -4.181517 2.324015 4.734274
v -4.028118 2.585459 4.560868
v -4.028118 2.585459 4.560868
v -3.806691 2.794881 4.360783
v -3.553251 2.944278 4.132686
v -3.314483 3.040318 3.872576
v -2.991680 3.072332 3.545772
v -2.664876 3.040318 3.872576
v -2.423440 2.944278 4.132686
v -2.157995 2.784210 4.372787
v -1.953908 2.577456 4.567537
v -1.953908 2.577456 4.567537
v -1.807180 2.326683 4.734274
v -1.807180 2.326683 4.734274
v -1.700468 2.038561 4.840986
v -1.676458 2.038561 4.815642
v -1.676458 2.038561 4.815642
v -1.676458 2.038561 4.815642
v -1.507053 2.038561 4.815642
v -1.337648 2.038561 4.815642
v -1.337648 2.038561 4.815642
v -1.337648 2.038561 4.815642
v -1.312305 2.038561 4.840986
v -1.206927 2.326683 4.734274
v -1.206927 2.326683 4.734274
v -1.060197 2.577456 4.567537
v -1.060197 2.577456 4.567537
v -0.856111 2.784210 4.372787
v -0.590666 2.944278 4.132686
v -0.349230 3.040318 3.872576
v -0.025094 3.072332 3.547106
v -0.025094 3.072332 3.547106
v 0.297709 3.040318 3.872576
v 0.539145 2.944278 4.132686
v 0.804590 2.784210 4.372787
v 1.008677 2.577456 4.567537
v 1.008677 2.577456 4.567537
v 1.155406 2.326683 4.734274
v 1.155406 2.326683 4.734274
v 1.260783 2.038561 4.840986
v 1.286127 2.038561 4.815642
v 1.286127 2.038561 4.815642
v 1.286127 2.038561 4.815642
v 1.455532 2.038561 4.815642
v 1.624937 2.038561 4.815642
v 1.624937 2.038561 4.815642
v 1.624937 2.038561 4.815642
v 1.648947 2.038561 4.840986
v 1.755659 2.326683 4.734274
v 1.755659 2.326683 4.734274
v 1.902388 2.577456 4.567537
v 1.902388 2.577456 4.567537
v 2.106474 2.784210 4.372787
v 2.371919 2.944278 4.132686
v 2.613355 3.040318 3.872576
v 2.940159 3.072332 3.545772
v 3.262962 3.040318 3.872576
v 3.501730 2.944278 4.132686
v 3.755170 2.794881 4.360783
v 3.976597 2.585459 4.560868
v 3.976597 2.585459 4.560868
v 4.129995 2.324015 4.734274
v 4.129995 2.324015 4.734274
v 4.232706 2.035893 4.840986
v 4.258049 2.034560 4.815642
v 4.258049 2.034560 4.815642
v 4.258049 2.034560 4.815642
v 4.420784 2.035893 4.815642
v 4.582187 2.034560 4.815642
v 4.582187 2.034560 4.815642
v 4.582187 2.034560 4.815642
v 4.607531 2.035893 4.840986
v 4.710241 2.324015 4.734274
v 4.710241 2.324015 4.734274
v 4.863639 2.585459 4.560868
v 4.863639 2.585459 4.560868
v 5.085066 2.794881 4.360783
v 5.338506 2.944278 4.132686
v 5.577274 3.040318 3.872576
v 5.900077 3.072332 3.545772
v 6.226882 3.040318 3.872576
v 6.226882 3.040318 4.907681
v 6.468317 2.944278 4.907681
v 6.727092 2.789546 4.907681
v 6.935180 2.582791 4.907681
v 7.083243 2.329351 4.907681
v 7.191290 2.039895 4.907681
v 7.231305 1.726429 4.907681
v 7.231305 1.726429 4.866330
v 7.255315 1.726429 4.842320
v 7.255315 1.726429 4.842320
v 7.514092 1.726429 4.842320
v 7.774202 1.726429 4.842320
v 7.774202 1.726429 4.842320
v 7.798212 1.726429 4.866330
v 7.798212 1.726429 4.907681
v 7.844899 2.039895 4.907681
v 7.944940 2.329351 4.907681
v 8.153028 2.582791 4.907681
v 8.406469 2.789546 4.907681
v 8.695924 2.944278 4.907681
v 9.009391 3.040318 4.907681
v 9.334862 3.072332 4.907681
v 9.661666 3.040318 4.907681
v 9.975131 2.944278 4.907681
v 10.263252 2.789546 4.907681
v 10.516694 2.582791 4.907681
v 10.708774 2.329351 4.907681
v 10.832827 2.039895 4.907681
v 10.867508 1.726429 4.907681
v 10.867508 1.726429 4.866330
v 10.867508 1.726429 4.866330
v 10.891518 1.726429 4.842320
v 10.900856 1.726429 4.842320
v 10.900856 2.039895 4.815642
v 10.900856 2.329351 4.707596
v 10.900856 2.582791 4.536857
v 10.900856 2.789546 4.338107
v 10.900856 2.944278 4.100673
v 10.900856 3.040318 3.837895
v 10.900856 3.072332 3.512424
v 10.900856 3.040318 3.186953
v 10.900856 2.944278 2.933512
v 10.900856 2.789546 2.704082
v 10.900856 2.582791 2.487991
v 10.900856 2.582791 2.487991
v 10.900856 2.329351 2.327923
v 10.900856 2.039895 2.226547
v 10.900856 1.726429 2.195867
v 10.891518 1.729097 2.195867
v 10.866174 1.735767 2.171857
v 10.866174 1.735767 2.171857
v 10.867508 1.726429 1.580941
v 10.867508 1.726429 1.580941
v 10.891518 1.726429 1.556931
v 10.900856 1.726429 1.556931
v 10.900856 2.039895 1.510244
v 10.900856 2.329351 1.410202
v 10.900856 2.582791 1.202114
v 10.900856 2.582791 1.202114
v 10.900856 2.789546 0.948674
v 10.900856 2.944278 0.659218
v 10.900856 3.040318 0.345752
v 10.900856 3.070998 0.028284
v 10.900856 3.070998 0.028284
v 10.900856 3.040318 -0.290517
v 10.900856 2.944278 -0.603983
v 10.900856 2.789546 -0.893439
v 10.900856 2.582791 -1.146879
v 10.900856 2.582791 -1.146879
v 10.900856 2.329351 -1.354967
v 10.900856 2.039895 -1.455009
v 10.900856 1.726429 -1.501696
v 10.891518 1.726429 -1.501696
v 10.867508 1.726429 -1.525706
v 10.867508 1.726429 -1.525706
v 10.866174 1.735767 -2.116622
v 10.866174 1.735767 -2.116622
v 10.891518 1.729097 -2.140633
v 10.900856 1.726429 -2.139299
v 10.900856 2.039895 -2.171312
v 10.900856 2.329351 -2.272688
v 10.900856 2.582791 -2.432756
v 10.900856 2.582791 -2.432756
v 10.900856 2.789546 -2.648847
v 10.900856 2.944278 -2.878278
v 10.900856 3.040318 -3.130384
v 10.900856 3.072332 -3.457189
v 10.900856 3.040318 -3.782660
v 10.900856 2.944278 -4.045437
v 10.900856 2.789546 -4.281538
v 10.900856 2.582791 -4.481622
v 10.900856 2.329351 -4.651027
v 10.900856 2.039895 -4.760406
v 10.900856 1.726429 -4.787085
v 10.891518 1.726429 -4.787085
v 10.867508 1.726429 -4.811095
v 10.867508 1.726429 -4.811095
v 10.867508 1.726429 -4.852446
v 10.832827 2.039895 -4.852446
v 10.708774 2.329351 -4.852446
v 10.516694 2.582791 -4.852446
v 10.263252 2.789546 -4.852446
v 9.975131 2.944278 -4.852446
v 9.661666 3.040318 -4.852446
v 9.334862 3.072332 -4.852446
v 9.009391 3.040318 -4.852446
v 8.695924 2.944278 -4.852446
v 8.406469 2.789546 -4.852446
v 8.153028 2.582791 -4.852446
v 7.944940 2.329351 -4.852446
v 7.844899 2.039895 -4.852446
v 7.798212 1.726429 -4.852446
v 7.798212 1.726429 -4.811095
v 7.774202 1.726429 -4.787085
v 7.774202 1.726429 -4.787085
v 7.514092 1.726429 -4.787085
v 7.255315 1.726429 -4.787085
v 7.255315 1.726429 -4.787085
v 7.231305 1.726429 -4.811095
v 7.231305 1.726429 -4.852446
v 7.191290 2.039895 -4.852446
v 7.083243 2.329351 -4.852446
v 6.935180 2.582791 -4.852446
v 6.727092 2.789546 -4.852446
v 6.468317 2.944278 -4.852446
v 6.226882 3.040318 -4.852446
v 5.900077 3.072332 -4.852446
v 5.577274 3.040318 -4.852446
v 5.338506 2.944278 -4.852446
v 5.077062 2.789546 -4.852446
v 4.859637 2.582791 -4.852446
v 4.711575 2.329351 -4.852446
v 4.607531 2.039895 -4.852446
v 4.572849 1.726429 -4.852446
v 4.572849 1.726429 -4.811095
v 4.548840 1.727763 -4.787085
v 4.548840 1.727763 -4.787085
v 4.420784 1.727763 -4.787085
v 4.291397 1.727763 -4.787085
v 4.291397 1.727763 -4.787085
v 4.267387 1.726429 -4.811095
v 4.267387 1.726429 -4.852446
v 4.232706 2.039895 -4.852446
v 4.128662 2.329351 -4.852446
v 3.980599 2.582791 -4.852446
v 3.763174 2.789546 -4.852446
v 3.501730 2.944278 -4.852446
v 3.262962 3.040318 -4.852446
v 2.940159 3.072332 -4.852446
v 2.613355 3.040318 -4.852446
v 2.371919 2.944278 -4.852446
v 2.113143 2.789546 -4.852446
v 1.905055 2.582791 -4.852446
v 1.756992 2.329351 -4.852446
v 1.648947 2.039895 -4.852446
v 1.608930 1.726429 -4.852446
v 1.608930 1.726429 -4.811095
v 1.584920 1.726429 -4.787085
v 1.584920 1.726429 -4.787085
v 1.455532 1.726429 -4.787085
v 1.324810 1.726429 -4.787085
v 1.324810 1.726429 -4.787085
v 1.300800 1.726429 -4.811095
v 1.300800 1.726429 -4.852446
v 1.260783 2.039895 -4.852446
v 1.154071 2.329351 -4.852446
v 1.004675 2.582791 -4.852446
v 0.797921 2.789546 -4.852446
v 0.539145 2.944278 -4.852446
v 0.297709 3.040318 -4.852446
v -0.025094 3.070998 -4.852446
v -0.025094 3.070998 -4.852446
v -0.349230 3.040318 -4.852446
v -0.590666 2.944278 -4.852446
v -0.849442 2.789546 -4.852446
v -1.056196 2.582791 -4.852446
v -1.205593 2.329351 -4.852446
v -1.312305 2.039895 -4.852446
v -1.352321 1.726429 -4.852446
v -1.352321 1.726429 -4.811095
v -1.376331 1.726429 -4.787085
v -1.376331 1.726429 -4.787085
v -1.507053 1.726429 -4.787085
v -1.636441 1.726429 -4.787085
v -1.636441 1.726429 -4.787085
v -1.660451 1.726429 -4.811095
v -1.660451 1.726429 -4.852446
v -1.700468 2.039895 -4.852446
v -1.808514 2.329351 -4.852446
v -1.956576 2.582791 -4.852446
v -2.164664 2.789546 -4.852446
v -2.423440 2.944278 -4.852446
v -2.664876 3.040318 -4.852446
v -2.991680 3.072332 -4.852446
v -3.314483 3.040318 -4.852446
v -3.553251 2.944278 -4.852446
v -3.814695 2.789546 -4.852446
v -4.032120 2.582791 -4.852446
v -4.180182 2.329351 -4.852446
v -4.284226 2.039895 -4.852446
v -4.318908 1.726429 -4.852446
v -4.318908 1.726429 -4.811095
v -4.342918 1.727763 -4.787085
v -4.342918 1.727763 -4.787085
v -4.472306 1.727763 -4.787085
v -4.624370 1.727763 -4.787085
v -4.624370 1.727763 -4.787085
v -4.624370 1.726429 -4.852446
v -4.659051 2.039895 -4.852446
v -4.763095 2.329351 -4.852446
v -4.911158 2.582791 -4.852446
v -5.128583 2.789546 -4.852446
v -5.390027 2.944278 -4.852446
v -5.628794 3.040318 -4.852446
v -5.951598 3.072332 -4.852446
v -6.278402 3.040318 -4.852446
v -6.519837 2.944278 -4.852446
v -6.778614 2.789546 -4.852446
v -6.986701 2.582791 -4.852446
v -7.134764 2.329351 -4.852446
v -7.242810 2.039895 -4.852446
v -7.282827 1.726429 -4.852446
v -7.282827 1.726429 -4.787085
v -7.282827 1.726429 -4.787085
v -7.565613 1.726429 -4.787085
v -7.849733 1.726429 -4.787085
v -7.849733 1.726429 -4.787085
v -7.849733 1.726429 -4.852446
v -7.896419 2.039895 -4.852446
v -7.996461 2.329351 -4.852446
v -8.204550 2.582791 -4.852446
v -8.457991 2.789546 -4.852446
v -8.747446 2.944278 -4.852446
v -9.060912 3.040318 -4.852446
v -9.386382 3.072332 -4.852446
v -9.713187 3.040318 -3.782660
v -9.713187 3.040318 -4.852446
v -10.026653 2.944278 -4.045437
v -10.026653 2.944278 -4.852446
v -10.306771 2.794881 -4.274868
v -10.314775 2.789546 -4.852446
v -10.562880 2.586793 -4.477620
v -10.568215 2.582791 -4.852446
v -10.762964 2.324015 -4.653695
v -10.762964 2.324015 -4.653695
v -10.760297 2.329351 -4.852446
v -10.884349 2.034560 -4.760406
v -10.884349 2.034560 -4.760406
v -10.884349 2.039895 -4.852446
v -10.919030 1.726429 -4.852446
v -10.919030 1.727763 -4.787085
v -10.919030 1.727763 -4.787085
v -10.952377 1.726429 -4.787085
v -10.952377 2.039895 -4.760406
v -10.952377 2.329351 -4.651027
v -10.952377 2.582791 -4.481622
v -10.952377 2.789546 -4.281538
v -10.952377 2.944278 -4.045437
v -10.952377 3.040318 -3.782660
v -10.952377 3.072332 -3.457189
v -10.952377 3.040318 -3.130384
v -10.952377 2.944278 -2.878278
v -10.952377 2.789546 -2.648847
v -10.952377 2.582791 -2.432756
v -10.952377 2.582791 -2.432756
v -10.952377 2.329351 -2.272688
v -10.952377 2.039895 -2.171312
v -10.952377 1.726429 -2.139299
v -10.917696 1.735767 -2.140633
v -10.917696 1.735767 -2.140633
v -10.919030 1.726429 -1.501696
v -10.919030 1.726429 -1.501696
v -10.952377 1.726429 -1.501696
v -10.952377 2.039895 -1.455009
v -10.952377 2.329351 -1.354967
v -10.952377 2.582791 -1.146879
v -10.952377 2.582791 -1.146879
v -10.952377 2.789546 -0.893439
v -10.952377 2.944278 -0.603983
v -10.952377 3.040318 -0.290517
v -10.952377 3.070998 0.028284
v -10.952377 3.070998 0.028284
v -10.952377 3.040318 0.345752
v -10.952377 2.944278 0.659218
v -10.952377 2.789546 0.948674
v -10.952377 2.582791 1.202114
v -10.952377 2.582791 1.202114
v -10.952377 2.329351 1.410202
v -10.952377 2.039895 1.510244
v -10.952377 1.726429 1.556931
v -10.919030 1.726429 1.556931
v -10.919030 1.726429 1.556931
v -10.917696 1.735767 2.195867
v -10.917696 1.735767 2.195867
v -10.952377 1.726429 2.195867
v -10.952377 2.039895 2.226547
v -10.952377 2.329351 2.327923
v -10.952377 2.582791 2.487991
v -10.952377 2.582791 2.487991
v -10.952377 2.789546 2.704082
v -10.952377 2.944278 2.933512
v -10.952377 3.040318 3.186953
v -10.952377 3.072332 3.512424
v -9.713187 3.040318 3.837895
v -10.952377 3.040318 3.837895
v -10.026653 2.944278 4.100673
v -10.952377 2.944278 4.100673
v -10.306771 2.794881 4.330103
v -10.952377 2.789546 4.338107
v -10.562880 2.586793 4.532856
v -10.952377 2.582791 4.536857
v -10.762964 2.324015 4.708930
v -10.762964 2.324015 4.708930
v -10.952377 2.329351 4.707596
v -10.884349 2.034560 4.815642
v -10.884349 2.034560 4.815642
v -10.952377 2.039895 4.815642
v -10.952377 1.726429 4.842320
v -10.919030 1.727763 4.842320
v -10.919030 1.727763 4.842320
v -10.919030 1.726429 4.907681
v -10.884349 2.039895 4.907681
v -10.760297 2.329351 4.907681
v -10.568215 2.582791 4.907681
v -10.314775 2.789546 4.907681
v -10.026653 2.944278 4.907681
v -9.713187 3.040318 4.907681
v -9.386382 3.072332 4.907681
v -9.060912 3.040318 4.907681
v -8.747446 2.944278 4.907681
v -8.457991 2.789546 4.907681
v -8.204550 2.582791 4.907681
v -7.996461 2.329351 4.907681
v -7.896419 2.039895 4.907681
v -7.849733 1.726429 4.907681
v -7.849733 1.726429 4.842320
v -7.849733 1.726429 4.842320
v -7.565613 1.726429 4.842320
v -7.282827 1.726429 4.842320
v -7.282827 1.726429 4.842320
v -7.282827 1.726429 4.907681
v -7.242810 2.039895 4.907681
v -7.134764 2.329351 4.907681
v -6.986701 2.582791 4.907681
v -6.778614 2.789546 4.907681
v -6.519837 2.944278 4.907681
v -6.278402 3.040318 4.907681
v -5.951598 3.072332 4.907681
v -5.628794 3.040318 4.907681
v -5.390027 2.944278 4.907681
v -5.128583 2.789546 4.907681
v -4.911158 2.582791 4.907681
v -4.763095 2.329351 4.907681
v -4.659051 2.039895 4.907681
v -4.624370 1.726429 4.907681
v -4.624370 1.727763 4.842320
v -4.624370 1.727763 4.842320
v -4.472306 1.727763 4.842320
v -4.342918 1.727763 4.842320
v -4.342918 1.727763 4.842320
v -4.318908 1.726429 4.866330
v -4.318908 1.726429 4.907681
v -4.284226 2.039895 4.907681
v -4.180182 2.329351 4.907681
v -4.032120 2.582791 4.907681
v -3.814695 2.789546 4.907681
v -3.553251 2.944278 4.907681
v -3.314483 3.040318 4.907681
v -2.991680 3.072332 4.907681
v -2.664876 3.040318 4.907681
v -2.423440 2.944278 4.907681
v -2.164664 2.789546 4.907681
v -1.956576 2.582791 4.907681
v -1.808514 2.329351 4.907681
v -1.700468 2.039895 4.907681
v -1.660451 1.726429 4.907681
v -1.660451 1.726429 4.866330
v -1.636441 1.726429 4.842320
v -1.636441 1.726429 4.842320
v -1.507053 1.726429 4.842320
v -1.376331 1.726429 4.842320
v -1.376331 1.726429 4.842320
v -1.352321 1.726429 4.866330
v -1.352321 1.726429 4.907681
v -1.312305 2.039895 4.907681
v -1.205593 2.329351 4.907681
v -1.056196 2.582791 4.907681
v -0.849442 2.789546 4.907681
v -0.590666 2.944278 4.907681
v -0.349230 3.040318 4.907681
v -0.025094 3.070998 4.907681
v -0.025094 3.070998 4.907681
v 0.297709 3.040318 4.907681
v 0.539145 2.944278 4.907681
v 0.797921 2.789546 4.907681
v 1.004675 2.582791 4.907681
v 1.154071 2.329351 4.907681
v 1.260783 2.039895 4.907681
v 1.300800 1.726429 4.907681
v 1.300800 1.726429 4.866330
v 1.324810 1.726429 4.842320
v 1.324810 1.726429 4.842320
v 1.455532 1.726429 4.842320
v 1.584920 1.726429 4.842320
v 1.584920 1.726429 4.842320
v 1.608930 1.726429 4.866330
v 1.608930 1.726429 4.907681
v 1.648947 2.039895 4.907681
v 1.756992 2.329351 4.907681
v 1.905055 2.582791 4.907681
v 2.113143 2.789546 4.907681
v 2.371919 2.944278 4.907681
v 2.613355 3.040318 4.907681
v 2.940159 3.072332 4.907681
v 3.262962 3.040318 4.907681
v 3.501730 2.944278 4.907681
v 3.763174 2.789546 4.907681
v 3.980599 2.582791 4.907681
v 4.128662 2.329351 4.907681
v 4.232706 2.039895 4.907681
v 4.267387 1.726429 4.907681
v 4.267387 1.726429 4.866330
v 4.291397 1.727763 4.842320
v 4.291397 1.727763 4.842320
v 4.420784 1.727763 4.842320
v 4.548840 1.727763 4.842320
v 4.548840 1.727763 4.842320
v 4.572849 1.726429 4.866330
v 4.572849 1.726429 4.907681
v 4.607531 2.039895 4.907681
v 4.711575 2.329351 4.907681
v 4.859637 2.582791 4.907681
v 5.077062 2.789546 4.907681
v 5.338506 2.944278 4.907681
v 5.577274 3.040318 4.907681
v 5.900077 3.072332 4.907681
v -7.565613 6.158661 2.327923
v -7.565613 6.412102 2.487991
v -7.996461 6.158661 2.327923
v -7.996461 6.158661 2.327923
v -8.204550 6.412102 2.487991
v -7.565613 6.618856 2.704082
v -8.457991 6.618856 2.704082
v -7.565613 6.773588 2.933512
v -8.747446 6.773588 2.933512
v -7.565613 6.869629 3.186953
v -6.519837 6.773588 2.933512
v -6.778614 6.618856 2.704082
v -6.986701 6.412102 2.487991
v -7.134764 6.158661 2.327923
v -7.134764 6.158661 2.327923
v -7.242810 5.869206 2.226547
v -7.242810 5.869206 2.226547
v -7.565613 5.869206 2.226547
v -7.896419 5.869206 2.226547
v -7.896419 5.869206 2.226547
v -7.896419 5.869206 1.510244
v -7.896419 5.869206 1.510244
v -7.996461 6.158661 1.410202
v -7.996461 6.158661 1.410202
v -8.204550 6.412102 1.202114
v -8.457991 6.618856 0.948674
v -8.747446 6.773588 0.659218
v -7.565613 6.158661 -2.272688
v -7.996461 6.158661 -2.272688
v -7.996461 6.158661 -2.272688
v -7.565613 6.412102 -2.432756
v -8.204550 6.412102 -2.432756
v -7.565613 6.618856 -2.648847
v -8.457991 6.618856 -2.648847
v -7.565613 6.773588 -2.878278
v -7.565613 6.869629 -3.130384
v -8.747446 6.773588 -2.878278
v -8.747446 6.773588 -0.603983
v -8.457991 6.618856 -0.893439
v -8.204550 6.412102 -1.146879
v -7.996461 6.158661 -1.354967
v -7.996461 6.158661 -1.354967
v -7.896419 5.869206 -1.455009
v -7.896419 5.869206 -1.455009
v -7.896419 5.869206 -2.171312
v -7.896419 5.869206 -2.171312
v -7.565613 5.869206 -2.171312
v -7.242810 5.869206 -2.171312
v -7.242810 5.869206 -2.171312
v -7.134764 6.158661 -2.272688
v -7.134764 6.158661 -2.272688
v -6.986701 6.412102 -2.432756
v -6.778614 6.618856 -2.648847
v -6.519837 6.773588 -2.878278
v -6.278402 6.869629 -3.130384
v -7.565613 6.901642 -3.457189
v -9.060912 6.869629 -3.130384
v -9.060912 6.869629 -0.290517
v -9.386382 6.901642 0.028284
v -9.386382 6.901642 0.028284
v -9.378380 6.900308 0.028284
v -9.378380 6.900308 0.028284
v -9.060912 6.869629 0.345752
v -9.060912 6.869629 3.186953
v -7.565613 6.901642 3.512424
v -6.278402 6.869629 3.186953
v -6.278402 6.869629 2.158518
v -6.519837 6.773588 2.158518
v -6.778614 6.618856 2.158518
v -6.986701 6.412102 2.158518
v -7.134764 6.158661 2.158518
v -7.242810 5.869206 2.158518
v -7.282827 5.555740 2.158518
v -7.282827 5.555740 2.195867
v -7.282827 5.555740 2.195867
v -7.565613 5.555740 2.195867
v -7.849733 5.555740 2.195867
v -7.849733 5.555740 2.195867
v -7.849733 5.555740 1.556931
v -7.849733 5.555740 1.556931
v -7.565613 5.555740 1.556931
v -7.565613 5.869206 1.510244
v -7.565613 6.158661 1.410202
v -7.565613 6.412102 1.202114
v -7.565613 6.618856 0.948674
v -7.565613 6.773588 0.659218
v -7.565613 6.869629 0.345752
v -7.565613 6.900308 0.028284
v -7.565613 6.900308 0.028284
v -7.565613 6.869629 -0.290517
v -7.565613 6.773588 -0.603983
v -7.565613 6.618856 -0.893439
v -7.565613 6.412102 -1.146879
v -7.565613 6.158661 -1.354967
v -7.565613 5.869206 -1.455009
v -7.565613 5.555740 -1.501696
v -7.849733 5.555740 -1.501696
v -7.849733 5.555740 -1.501696
v -7.849733 5.555740 -2.139299
v -7.849733 5.555740 -2.139299
v -7.565613 5.555740 -2.139299
v -7.282827 5.555740 -2.139299
v -7.282827 5.555740 -2.139299
v -7.282827 5.555740 -2.103284
v -7.242810 5.869206 -2.103284
v -7.134764 6.158661 -2.103284
v -6.986701 6.412102 -2.103284
v -6.778614 6.618856 -2.103284
v -6.519837 6.773588 -2.103284
v -6.278402 6.869629 -2.103284
v -5.951598 6.901642 -2.103284
v -4.472306 6.158661 2.327923
v -4.206860 6.158661 2.327923
v -4.206860 6.158661 2.327923
v -4.472306 6.412102 2.487991
v -4.060132 6.412102 2.487991
v -4.472306 6.618856 2.704082
v -3.846709 6.618856 2.704082
v -4.472306 6.773588 2.933512
v -3.585265 6.773588 2.933512
v -3.314483 6.869629 3.152272
v -3.553251 6.773588 2.901499
v -3.814695 6.618856 2.674736
v -4.032120 6.412102 2.459979
v -4.032120 6.412102 2.459979
v -4.180182 6.158661 2.301245
v -4.180182 6.158661 2.301245
v -4.280224 5.878543 2.205205
v -4.305569 5.878543 2.230549
v -4.305569 5.878543 2.230549
v -4.305569 5.878543 2.230549
v -4.472306 5.877209 2.229215
v -4.663053 5.878543 2.230549
v -4.663053 5.878543 2.230549
v -4.763095 6.158661 2.327923
v -4.763095 6.158661 2.327923
v -4.911158 6.412102 2.487991
v -5.128583 6.618856 2.704082
v -5.390027 6.773588 2.933512
v -4.472306 6.869629 3.186953
v -3.347831 6.869629 3.186953
v -3.025028 6.901642 3.512424
v -2.991680 6.901642 3.479076
v -1.507053 6.773588 2.933512
v -1.507053 6.618856 2.704082
v -0.880122 6.618856 2.704082
v -1.084208 6.412102 2.487991
v -1.507053 6.412102 2.487991
v -1.230936 6.158661 2.327923
v -1.230936 6.158661 2.327923
v -1.507053 6.158661 2.327923
v -1.781836 6.158661 2.327923
v -1.781836 6.158661 2.327923
v -1.929898 6.412102 2.487991
v -2.133984 6.618856 2.704082
v -2.391427 6.773588 2.933512
v -1.507053 6.869629 3.186953
v -0.622680 6.773588 2.933512
v -0.349230 6.869629 3.152272
v -0.590666 6.773588 2.901499
v -0.849442 6.618856 2.674736
v -0.849442 6.618856 2.674736
v -1.056196 6.412102 2.459979
v -1.056196 6.412102 2.459979
v -1.056196 6.412102 2.459979
v -1.205593 6.158661 2.301245
v -1.205593 6.158661 2.301245
v -1.312305 5.869206 2.202537
v -1.312305 5.869206 2.202537
v -1.337648 5.869206 2.226547
v -1.337648 5.869206 2.226547
v -1.507053 5.869206 2.226547
v -1.676458 5.869206 2.226547
v -1.676458 5.869206 2.226547
v -1.700468 5.869206 2.202537
v -1.700468 5.869206 2.202537
v -1.808514 6.158661 2.301245
v -1.808514 6.158661 2.301245
v -1.956576 6.412102 2.459979
v -1.956576 6.412102 2.459979
v -1.956576 6.412102 2.459979
v -2.164664 6.618856 2.674736
v -2.164664 6.618856 2.674736
v -2.423440 6.773588 2.901499
v -2.664876 6.869629 3.152272
v -2.631528 6.869629 3.186953
v -1.507053 6.901642 3.512424
v -0.381244 6.869629 3.186953
v -0.025094 6.901642 3.477742
v -0.025094 6.901642 3.477742
v 1.455532 6.773588 2.933512
v 1.455532 6.618856 2.704082
v 2.082463 6.618856 2.704082
v 1.878377 6.412102 2.487991
v 1.455532 6.412102 2.487991
v 1.730315 6.158661 2.327923
v 1.730315 6.158661 2.327923
v 1.455532 6.158661 2.327923
v 1.179415 6.158661 2.327923
v 1.179415 6.158661 2.327923
v 1.032687 6.412102 2.487991
v 0.828601 6.618856 2.704082
v 0.571158 6.773588 2.933512
v 1.455532 6.869629 3.186953
v 2.339906 6.773588 2.933512
v 2.371919 6.773588 2.901499
v 2.113143 6.618856 2.674736
v 2.113143 6.618856 2.674736
v 1.905055 6.412102 2.459979
v 1.905055 6.412102 2.459979
v 1.905055 6.412102 2.459979
v 1.756992 6.158661 2.301245
v 1.756992 6.158661 2.301245
v 1.648947 5.869206 2.202537
v 1.648947 5.869206 2.202537
v 1.624937 5.869206 2.226547
v 1.624937 5.869206 2.226547
v 1.455532 5.869206 2.226547
v 1.286127 5.869206 2.226547
v 1.286127 5.869206 2.226547
v 1.260783 5.869206 2.202537
v 1.260783 5.869206 2.202537
v 1.154071 6.158661 2.301245
v 1.154071 6.158661 2.301245
v 1.004675 6.412102 2.459979
v 1.004675 6.412102 2.459979
v 1.004675 6.412102 2.459979
v 0.797921 6.618856 2.674736
v 0.797921 6.618856 2.674736
v 0.539145 6.773588 2.901499
v 0.297709 6.869629 3.152272
v 0.329723 6.869629 3.186953
v 1.455532 6.901642 3.512424
v 2.580007 6.869629 3.186953
v 2.613355 6.869629 3.152272
v 5.306493 6.773588 2.933512
v 4.420784 6.773588 2.933512
v 5.045048 6.618856 2.704082
v 4.420784 6.618856 2.704082
v 4.831625 6.412102 2.487991
v 4.420784 6.412102 2.487991
v 4.684897 6.158661 2.327923
v 4.684897 6.158661 2.327923
v 4.420784 6.158661 2.327923
v 4.155339 6.158661 2.327923
v 4.155339 6.158661 2.327923
v 4.008611 6.412102 2.487991
v 3.795187 6.618856 2.704082
v 3.533743 6.773588 2.933512
v 4.420784 6.869629 3.186953
v 5.543926 6.869629 3.186953
v 5.577274 6.869629 3.152272
v 5.338506 6.773588 2.901499
v 5.077062 6.618856 2.674736
v 4.859637 6.412102 2.459979
v 4.859637 6.412102 2.459979
v 4.711575 6.158661 2.301245
v 4.711575 6.158661 2.301245
v 4.611533 5.878543 2.205205
v 4.586188 5.878543 2.230549
v 4.586188 5.878543 2.230549
v 4.586188 5.878543 2.230549
v 4.420784 5.877209 2.229215
v 4.254048 5.878543 2.230549
v 4.254048 5.878543 2.230549
v 4.254048 5.878543 2.230549
v 4.228703 5.878543 2.205205
v 4.128662 6.158661 2.301245
v 4.128662 6.158661 2.301245
v 3.980599 6.412102 2.459979
v 3.980599 6.412102 2.459979
v 3.763174 6.618856 2.674736
v 3.501730 6.773588 2.901499
v 3.262962 6.869629 3.152272
v 2.940159 6.901642 3.479076
v 3.296310 6.869629 3.186953
v 4.420784 6.901642 3.512424
v 5.866729 6.901642 3.512424
v 5.900077 6.901642 3.479076
v -4.472306 6.158661 -2.272688
v -4.472306 6.412102 -2.432756
v -4.206860 6.158661 -2.272688
v -4.206860 6.158661 -2.272688
v -4.060132 6.412102 -2.432756
v -4.472306 6.618856 -2.648847
v -3.846709 6.618856 -2.648847
v -4.472306 6.773588 -2.878278
v -3.585265 6.773588 -2.878278
v -3.347831 6.869629 -3.130384
v -4.472306 6.869629 -3.130384
v -5.390027 6.773588 -2.878278
v -5.128583 6.618856 -2.648847
v -4.911158 6.412102 -2.432756
v -4.763095 6.158661 -2.272688
v -4.763095 6.158661 -2.272688
v -4.663053 5.878543 -2.173980
v -4.663053 5.878543 -2.173980
v -4.472306 5.877209 -2.173980
v -4.305569 5.878543 -2.173980
v -4.305569 5.878543 -2.173980
v -4.305569 5.878543 -2.173980
v -4.280224 5.878543 -2.149970
v -4.180182 6.158661 -2.246010
v -4.180182 6.158661 -2.246010
v -4.032120 6.412102 -2.404744
v -4.032120 6.412102 -2.404744
v -3.814695 6.618856 -2.619502
v -3.553251 6.773588 -2.846264
v -3.314483 6.869629 -3.097037
v -3.025028 6.901642 -3.457189
v -2.991680 6.901642 -3.422508
v -1.507053 6.869629 -3.130384
v -1.507053 6.773588 -2.878278
v -2.391427 6.773588 -2.878278
v -2.133984 6.618856 -2.648847
v -1.507053 6.618856 -2.648847
v -1.929898 6.412102 -2.432756
v -1.507053 6.412102 -2.432756
v -1.781836 6.158661 -2.272688
v -1.781836 6.158661 -2.272688
v -1.507053 6.158661 -2.272688
v -1.230936 6.158661 -2.272688
v -1.230936 6.158661 -2.272688
v -1.084208 6.412102 -2.432756
v -0.880122 6.618856 -2.648847
v -0.622680 6.773588 -2.878278
v -0.381244 6.869629 -3.130384
v -1.507053 6.901642 -3.457189
v -2.631528 6.869629 -3.130384
v -2.664876 6.869629 -3.097037
v -2.423440 6.773588 -2.846264
v -2.164664 6.618856 -2.619502
v -2.164664 6.618856 -2.619502
v -1.956576 6.412102 -2.404744
v -1.956576 6.412102 -2.404744
v -1.956576 6.412102 -2.404744
v -1.808514 6.158661 -2.246010
v -1.808514 6.158661 -2.246010
v -1.700468 5.869206 -2.147302
v -1.700468 5.869206 -2.147302
v -1.676458 5.869206 -2.171312
v -1.676458 5.869206 -2.171312
v -1.507053 5.869206 -2.171312
v -1.337648 5.869206 -2.171312
v -1.337648 5.869206 -2.171312
v -1.312305 5.869206 -2.147302
v -1.312305 5.869206 -2.147302
v -1.205593 6.158661 -2.246010
v -1.205593 6.158661 -2.246010
v -1.056196 6.412102 -2.404744
v -1.056196 6.412102 -2.404744
v -1.056196 6.412102 -2.404744
v -0.849442 6.618856 -2.619502
v -0.849442 6.618856 -2.619502
v -0.590666 6.773588 -2.846264
v -0.349230 6.869629 -3.097037
v -0.025094 6.901642 -3.422508
v -0.025094 6.901642 -3.422508
v 1.455532 6.869629 -3.130384
v 1.455532 6.773588 -2.878278
v 0.571158 6.773588 -2.878278
v 0.828601 6.618856 -2.648847
v 1.455532 6.618856 -2.648847
v 1.032687 6.412102 -2.432756
v 1.455532 6.412102 -2.432756
v 1.179415 6.158661 -2.272688
v 1.179415 6.158661 -2.272688
v 1.455532 6.158661 -2.272688
v 1.730315 6.158661 -2.272688
v 1.730315 6.158661 -2.272688
v 1.878377 6.412102 -2.432756
v 2.082463 6.618856 -2.648847
v 2.339906 6.773588 -2.878278
v 2.580007 6.869629 -3.130384
v 1.455532 6.901642 -3.457189
v 0.329723 6.869629 -3.130384
v 0.297709 6.869629 -3.097037
v 0.539145 6.773588 -2.846264
v 0.797921 6.618856 -2.619502
v 0.797921 6.618856 -2.619502
v 1.004675 6.412102 -2.404744
v 1.004675 6.412102 -2.404744
v 1.004675 6.412102 -2.404744
v 1.154071 6.158661 -2.246010
v 1.154071 6.158661 -2.246010
v 1.260783 5.869206 -2.147302
v 1.260783 5.869206 -2.147302
v 1.286127 5.869206 -2.171312
v 1.286127 5.869206 -2.171312
v 1.455532 5.869206 -2.171312
v 1.624937 5.869206 -2.171312
v 1.624937 5.869206 -2.171312
v 1.648947 5.869206 -2.147302
v 1.648947 5.869206 -2.147302
v 1.756992 6.158661 -2.246010
v 1.756992 6.158661 -2.246010
v 1.905055 6.412102 -2.404744
v 1.905055 6.412102 -2.404744
v 1.905055 6.412102 -2.404744
v 2.113143 6.618856 -2.619502
v 2.113143 6.618856 -2.619502
v 2.371919 6.773588 -2.846264
v 2.613355 6.869629 -3.097037
v 4.420784 6.869629 -3.130384
v 4.420784 6.773588 -2.878278
v 3.533743 6.773588 -2.878278
v 3.795187 6.618856 -2.648847
v 4.420784 6.618856 -2.648847
v 4.008611 6.412102 -2.432756
v 4.420784 6.412102 -2.432756
v 4.155339 6.158661 -2.272688
v 4.155339 6.158661 -2.272688
v 4.420784 6.158661 -2.272688
v 4.684897 6.158661 -2.272688
v 4.684897 6.158661 -2.272688
v 4.831625 6.412102 -2.432756
v 5.045048 6.618856 -2.648847
v 5.306493 6.773588 -2.878278
v 5.543926 6.869629 -3.130384
v 5.866729 6.901642 -3.457189
v 4.420784 6.901642 -3.457189
v 3.296310 6.869629 -3.130384
v 2.940159 6.901642 -3.422508
v 3.262962 6.869629 -3.097037
v 3.501730 6.773588 -2.846264
v 3.763174 6.618856 -2.619502
v 3.980599 6.412102 -2.404744
v 3.980599 6.412102 -2.404744
v 4.128662 6.158661 -2.246010
v 4.128662 6.158661 -2.246010
v 4.228703 5.878543 -2.149970
v 4.254048 5.878543 -2.173980
v 4.254048 5.878543 -2.173980
v 4.254048 5.878543 -2.173980
v 4.420784 5.877209 -2.173980
v 4.586188 5.878543 -2.173980
v 4.586188 5.878543 -2.173980
v 4.586188 5.878543 -2.173980
v 4.611533 5.878543 -2.149970
v 4.711575 6.158661 -2.246010
v 4.711575 6.158661 -2.246010
v 4.859637 6.412102 -2.404744
v 4.859637 6.412102 -2.404744
v 5.077062 6.618856 -2.619502
v 5.338506 6.773588 -2.846264
v 5.577274 6.869629 -3.097037
v 5.900077 6.901642 -3.422508
v 7.514092 6.773588 -2.878278
v 8.373121 6.618856 -2.648847
v 7.514092 6.618856 -2.648847
v 7.514092 6.412102 -2.432756
v 8.122348 6.412102 -2.432756
v 8.122348 6.412102 -2.432756
v 8.153028 6.412102 -2.404744
v 8.406469 6.618856 -2.619502
v 8.695924 6.773588 -2.847598
v 8.659908 6.773588 -2.878278
v 7.514092 6.869629 -3.130384
v 6.500331 6.773588 -2.878278
v 6.757772 6.618856 -2.648847
v 6.961858 6.412102 -2.432756
v 7.109921 6.158661 -2.272688
v 7.109921 6.158661 -2.272688
v 7.514092 6.158661 -2.272688
v 7.918262 6.158661 -2.272688
v 7.918262 6.158661 -2.272688
v 7.944940 6.158661 -2.246010
v 7.944940 6.158661 -2.246010
v 7.944940 6.158661 -1.381645
v 7.944940 6.158661 -1.381645
v 7.944940 6.158661 -1.381645
v 8.153028 6.412102 -1.176225
v 8.153028 6.412102 -1.176225
v 8.406469 6.618856 -0.924118
v 8.695924 6.773588 -0.635996
v 9.009391 6.869629 -0.323864
v 9.009391 6.869629 -3.098371
v 8.973375 6.869629 -3.130384
v 7.514092 6.901642 -3.457189
v 6.260229 6.869629 -3.130384
v 6.226882 6.869629 -3.097037
v 6.468317 6.773588 -2.846264
v 6.727092 6.618856 -2.619502
v 6.935180 6.412102 -2.404744
v 6.935180 6.412102 -2.404744
v 7.083243 6.158661 -2.246010
v 7.083243 6.158661 -2.246010
v 7.191290 5.869206 -2.147302
v 7.191290 5.869206 -2.147302
v 7.215300 5.869206 -2.171312
v 7.215300 5.869206 -2.171312
v 7.514092 5.869206 -2.171312
v 7.819555 5.869206 -2.171312
v 7.819555 5.869206 -2.171312
v 7.844899 5.869206 -2.147302
v 7.844899 5.869206 -2.147302
v 7.844899 5.869206 -1.479019
v 7.844899 5.869206 -1.479019
v 7.844899 5.869206 -1.479019
v 7.819555 5.869206 -1.455009
v 7.918262 6.158661 -1.354967
v 8.123682 6.412102 -1.146879
v 8.375790 6.618856 -0.893439
v 8.662577 6.773588 -0.603983
v 8.976043 6.869629 -0.290517
v 9.293510 6.900308 0.028284
v 9.293510 6.900308 0.028284
v 8.406469 6.618856 2.676071
v 8.373121 6.618856 2.704082
v 8.153028 6.412102 2.461313
v 8.122348 6.412102 2.487991
v 8.122348 6.412102 2.487991
v 7.514092 6.412102 2.487991
v 7.514092 6.618856 2.704082
v 7.514092 6.773588 2.933512
v 8.659908 6.773588 2.933512
v 8.695924 6.773588 2.904167
v 8.695924 6.773588 0.692565
v 8.406469 6.618856 0.979353
v 8.153028 6.412102 1.231460
v 8.153028 6.412102 1.231460
v 7.944940 6.158661 1.436880
v 7.944940 6.158661 1.436880
v 7.944940 6.158661 1.436880
v 7.944940 6.158661 2.302579
v 7.944940 6.158661 2.302579
v 7.918262 6.158661 2.327923
v 7.918262 6.158661 2.327923
v 7.514092 6.158661 2.327923
v 7.109921 6.158661 2.327923
v 7.109921 6.158661 2.327923
v 6.961858 6.412102 2.487991
v 6.757772 6.618856 2.704082
v 6.500331 6.773588 2.933512
v 7.514092 6.869629 3.186953
v 8.973375 6.869629 3.186953
v 9.009391 6.869629 3.154939
v 9.009391 6.869629 0.379099
v 8.976043 6.869629 0.345752
v 8.662577 6.773588 0.659218
v 8.375790 6.618856 0.948674
v 8.123682 6.412102 1.202114
v 7.918262 6.158661 1.410202
v 7.819555 5.869206 1.510244
v 7.844899 5.869206 1.534254
v 7.844899 5.869206 1.534254
v 7.844899 5.869206 1.534254
v 7.844899 5.869206 2.202537
v 7.844899 5.869206 2.202537
v 7.819555 5.869206 2.226547
v 7.819555 5.869206 2.226547
v 7.514092 5.869206 2.226547
v 7.215300 5.869206 2.226547
v 7.215300 5.869206 2.226547
v 7.191290 5.869206 2.202537
v 7.191290 5.869206 2.202537
v 7.083243 6.158661 2.301245
v 7.083243 6.158661 2.301245
v 6.935180 6.412102 2.459979
v 6.935180 6.412102 2.459979
v 6.727092 6.618856 2.674736
v 6.468317 6.773588 2.901499
v 6.226882 6.869629 3.152272
v 6.260229 6.869629 3.186953
v 7.514092 6.901642 3.512424
v 7.514092 6.773588 4.100673
v 7.514092 6.614854 4.342108
v 6.764442 6.613521 4.343442
v 6.965860 6.406766 4.539525
v 7.514092 6.406766 4.539525
v 7.109921 6.155993 4.707596
v 7.109921 6.155993 4.707596
v 7.514092 6.155993 4.707596
v 7.916928 6.155993 4.707596
v 7.916928 6.155993 4.707596
v 8.118346 6.406766 4.539525
v 8.118346 6.406766 4.539525
v 8.366451 6.613521 4.343442
v 8.659908 6.773588 4.100673
v 7.514092 6.869629 3.837895
v 8.974710 6.869629 3.837895
v 9.301514 6.901642 3.512424
v 9.334862 6.901642 3.512424
v 9.334862 6.901642 3.479076
v 10.708774 6.158661 2.301245
v 10.708774 6.158661 2.301245
v 10.516694 6.412102 2.461313
v 10.516694 6.412102 2.461313
v 10.714109 6.147990 1.439548
v 10.714109 6.147990 1.439548
v 10.516694 6.412102 1.231460
v 10.516694 6.412102 1.231460
v 10.263252 6.618856 2.676071
v 10.263252 6.618856 0.979353
v 9.975131 6.773588 2.904167
v 9.975131 6.773588 0.692565
v 9.661666 6.869629 3.154939
v 9.661666 6.869629 0.379099
v 9.334862 6.901642 0.028284
v 9.334862 6.901642 0.028284
v 10.708774 6.158661 -2.246010
v 10.708774 6.158661 -2.246010
v 10.714109 6.147990 -1.384313
v 10.714109 6.147990 -1.384313
v 10.516694 6.412102 -2.404744
v 10.516694 6.412102 -2.404744
v 10.516694 6.412102 -1.176225
v 10.516694 6.412102 -1.176225
v 10.263252 6.618856 -2.619502
v 10.263252 6.618856 -0.924118
v 9.975131 6.773588 -2.847598
v 9.975131 6.773588 -0.635996
v 9.661666 6.869629 -3.098371
v 9.661666 6.869629 -0.323864
v 9.334862 6.901642 -3.423842
v 9.334862 6.901642 -3.457189
v 9.301514 6.901642 -3.457189
v 8.974710 6.869629 -3.782660
v 7.514092 6.869629 -3.782660
v 8.659908 6.773588 -4.045437
v 7.514092 6.773588 -4.045437
v 8.366451 6.613521 -4.288207
v 7.514092 6.614854 -4.286873
v 8.118346 6.406766 -4.484290
v 8.118346 6.406766 -4.484290
v 7.514092 6.406766 -4.484290
v 7.916928 6.155993 -4.652361
v 7.916928 6.155993 -4.652361
v 7.514092 6.155993 -4.652361
v 7.109921 6.155993 -4.652361
v 7.109921 6.155993 -4.652361
v 6.965860 6.406766 -4.484290
v 6.764442 6.613521 -4.288207
v 6.500331 6.773588 -4.045437
v 6.260229 6.869629 -3.782660
v 5.934758 6.901642 -3.457189
v 5.900077 6.901642 -3.457189
v 5.543926 6.869629 -3.782660
v 4.420784 6.869629 -3.782660
v 5.307827 6.773588 -4.045437
v 4.420784 6.773588 -4.045437
v 5.054386 6.624191 -4.274868
v 4.420784 6.621524 -4.278870
v 4.835627 6.416103 -4.477620
v 4.420784 6.414770 -4.478954
v 4.683563 6.153326 -4.653695
v 4.683563 6.153326 -4.653695
v 4.420784 6.154660 -4.652361
v 4.156673 6.153326 -4.653695
v 4.156673 6.153326 -4.653695
v 4.004609 6.416103 -4.477620
v 3.785850 6.624191 -4.274868
v 3.532409 6.773588 -4.045437
v 3.296310 6.869629 -3.782660
v 2.973507 6.901642 -3.457189
v 2.940159 6.901642 -3.457189
v 2.905478 6.901642 -3.457189
v 2.580007 6.869629 -3.782660
v 1.455532 6.869629 -3.782660
v 2.339906 6.773588 -4.045437
v 1.455532 6.773588 -4.045437
v 2.075794 6.613521 -4.288207
v 2.075794 6.613521 -4.288207
v 1.455532 6.614854 -4.286873
v 1.874375 6.406766 -4.484290
v 1.874375 6.406766 -4.484290
v 1.455532 6.406766 -4.484290
v 1.730315 6.155993 -4.652361
v 1.730315 6.155993 -4.652361
v 1.455532 6.155993 -4.652361
v 1.180749 6.155993 -4.652361
v 1.180749 6.155993 -4.652361
v 1.036689 6.406766 -4.484290
v 1.036689 6.406766 -4.484290
v 0.835270 6.613521 -4.288207
v 0.835270 6.613521 -4.288207
v 0.571158 6.773588 -4.045437
v 0.329723 6.869629 -3.782660
v -0.025094 6.901642 -3.457189
v -0.025094 6.901642 -3.457189
v -0.381244 6.869629 -3.782660
v -1.507053 6.869629 -3.782660
v -0.622680 6.773588 -4.045437
v -1.507053 6.773588 -4.045437
v -0.886791 6.613521 -4.288207
v -0.886791 6.613521 -4.288207
v -1.507053 6.614854 -4.286873
v -1.088210 6.406766 -4.484290
v -1.088210 6.406766 -4.484290
v -1.507053 6.406766 -4.484290
v -1.232270 6.155993 -4.652361
v -1.232270 6.155993 -4.652361
v -1.507053 6.155993 -4.652361
v -1.781836 6.155993 -4.652361
v -1.781836 6.155993 -4.652361
v -1.925896 6.406766 -4.484290
v -1.925896 6.406766 -4.484290
v -2.127316 6.613521 -4.288207
v -2.127316 6.613521 -4.288207
v -2.391427 6.773588 -4.045437
v -2.631528 6.869629 -3.782660
v -2.956999 6.901642 -3.457189
v -2.991680 6.901642 -3.457189
v -3.347831 6.869629 -3.782660
v -4.472306 6.154660 -4.652361
v -4.208194 6.153326 -4.653695
v -4.208194 6.153326 -4.653695
v -4.472306 6.414770 -4.478954
v -4.056130 6.416103 -4.477620
v -4.472306 6.621524 -4.278870
v -3.837371 6.624191 -4.274868
v -4.472306 6.773588 -4.045437
v -3.583931 6.773588 -4.045437
v -4.472306 6.869629 -3.782660
v -4.472306 6.901642 -3.457189
v -5.628794 6.869629 -3.130384
v -5.628794 6.869629 -2.103284
v -5.390027 6.773588 -2.103284
v -5.128583 6.618856 -2.103284
v -4.911158 6.412102 -2.103284
v -4.761762 6.155993 -2.103284
v -4.661719 5.877209 -2.103284
v -4.625704 5.565077 -2.103284
v -4.625704 5.565077 -2.140633
v -4.625704 5.565077 -2.140633
v -4.472306 5.563743 -2.140633
v -4.341584 5.565077 -2.140633
v -4.341584 5.565077 -2.140633
v -4.317574 5.565077 -2.116622
v -4.317574 5.565077 -2.103284
v -4.281559 5.877209 -2.103284
v -4.181517 6.155993 -2.103284
v -4.032120 6.412102 -2.103284
v -3.814695 6.618856 -2.103284
v -3.553251 6.773588 -2.103284
v -3.314483 6.869629 -2.103284
v -2.991680 6.901642 -2.103284
v -2.664876 6.869629 -2.103284
v -2.423440 6.773588 -2.103284
v -2.164664 6.618856 -2.103284
v -1.956576 6.412102 -2.103284
v -1.808514 6.158661 -2.103284
v -1.700468 5.869206 -2.103284
v -1.660451 5.555740 -2.103284
v -1.660451 5.555740 -2.115288
v -1.660451 5.555740 -2.115288
v -1.636441 5.555740 -2.139299
v -1.507053 5.555740 -2.139299
v -1.376331 5.555740 -2.139299
v -1.352321 5.555740 -2.115288
v -1.352321 5.555740 -2.115288
v -1.352321 5.555740 -2.103284
v -1.312305 5.869206 -2.103284
v -1.205593 6.158661 -2.103284
v -1.056196 6.412102 -2.103284
v -0.849442 6.618856 -2.103284
v -0.590666 6.773588 -2.103284
v -0.349230 6.869629 -2.103284
v -0.025094 6.900308 -2.103284
v -0.025094 6.900308 -2.103284
v 0.297709 6.869629 -2.103284
v 0.539145 6.773588 -2.103284
v 0.797921 6.618856 -2.103284
v 1.004675 6.412102 -2.103284
v 1.154071 6.158661 -2.103284
v 1.260783 5.869206 -2.103284
v 1.300800 5.555740 -2.103284
v 1.300800 5.555740 -2.115288
v 1.300800 5.555740 -2.115288
v 1.324810 5.555740 -2.139299
v 1.455532 5.555740 -2.139299
v 1.584920 5.555740 -2.139299
v 1.608930 5.555740 -2.115288
v 1.608930 5.555740 -2.115288
v 1.608930 5.555740 -2.103284
v 1.648947 5.869206 -2.103284
v 1.756992 6.158661 -2.103284
v 1.905055 6.412102 -2.103284
v 2.113143 6.618856 -2.103284
v 2.371919 6.773588 -2.103284
v 2.613355 6.869629 -2.103284
v 2.940159 6.901642 -2.103284
v 3.262962 6.869629 -2.103284
v 3.501730 6.773588 -2.103284
v 3.763174 6.618856 -2.103284
v 3.980599 6.412102 -2.103284
v 4.129995 6.155993 -2.103284
v 4.230038 5.877209 -2.103284
v 4.266053 5.565077 -2.103284
v 4.266053 5.565077 -2.116622
v 4.290063 5.565077 -2.140633
v 4.290063 5.565077 -2.140633
v 4.420784 5.563743 -2.140633
v 4.550173 5.565077 -2.140633
v 4.550173 5.565077 -2.140633
v 4.574183 5.565077 -2.116622
v 4.574183 5.565077 -2.103284
v 4.610199 5.877209 -2.103284
v 4.710241 6.155993 -2.103284
v 4.859637 6.412102 -2.103284
v 5.077062 6.618856 -2.103284
v 5.338506 6.773588 -2.103284
v 5.577274 6.869629 -2.103284
v 5.900077 6.901642 -2.103284
v 6.226882 6.869629 -2.103284
v 6.468317 6.773588 -2.103284
v 6.727092 6.618856 -2.103284
v 6.935180 6.412102 -2.103284
v 7.083243 6.158661 -2.103284
v 7.191290 5.869206 -2.103284
v 7.231305 5.555740 -2.103284
v 7.231305 5.555740 -2.115288
v 7.231305 5.555740 -2.115288
v 7.255315 5.555740 -2.139299
v 7.514092 5.555740 -2.139299
v 7.774202 5.555740 -2.139299
v 7.774202 5.555740 -2.139299
v 7.798212 5.555740 -2.115288
v 7.798212 5.555740 -1.525706
v 7.798212 5.555740 -1.525706
v 7.774202 5.555740 -1.501696
v 7.514092 5.555740 -1.501696
v 7.514092 5.869206 -1.455009
v 7.514092 6.158661 -1.354967
v 7.514092 6.412102 -1.146879
v 7.514092 6.618856 -0.893439
v 7.514092 6.773588 -0.603983
v 7.514092 6.869629 -0.290517
v 7.514092 6.900308 0.028284
v 7.514092 6.900308 0.028284
v 7.514092 6.869629 0.345752
v 7.514092 6.773588 0.659218
v 7.514092 6.618856 0.948674
v 7.514092 6.412102 1.202114
v 7.514092 6.158661 1.410202
v 7.514092 5.869206 1.510244
v 7.514092 5.555740 1.556931
v 7.774202 5.555740 1.556931
v 7.798212 5.555740 1.580941
v 7.798212 5.555740 1.580941
v 7.798212 5.555740 2.171857
v 7.774202 5.555740 2.195867
v 7.774202 5.555740 2.195867
v 7.514092 5.555740 2.195867
v 7.255315 5.555740 2.195867
v 7.231305 5.555740 2.171857
v 7.231305 5.555740 2.171857
v 7.231305 5.555740 2.158518
v 7.191290 5.869206 2.158518
v 7.083243 6.158661 2.158518
v 6.935180 6.412102 2.158518
v 6.727092 6.618856 2.158518
v 6.468317 6.773588 2.158518
v 6.226882 6.869629 2.158518
v 5.900077 6.901642 2.158518
v 5.577274 6.869629 2.158518
v 5.338506 6.773588 2.158518
v 5.077062 6.618856 2.158518
v 4.859637 6.412102 2.158518
v 4.710241 6.155993 2.158518
v 4.610199 5.877209 2.158518
v 4.574183 5.565077 2.158518
v 4.574183 5.565077 2.171857
v 4.550173 5.565077 2.195867
v 4.550173 5.565077 2.195867
v 4.420784 5.563743 2.195867
v 4.290063 5.565077 2.195867
v 4.290063 5.565077 2.195867
v 4.266053 5.565077 2.171857
v 4.266053 5.565077 2.158518
v 4.230038 5.877209 2.158518
v 4.129995 6.155993 2.158518
v 3.980599 6.412102 2.158518
v 3.763174 6.618856 2.158518
v 3.501730 6.773588 2.158518
v 3.262962 6.869629 2.158518
v 2.940159 6.901642 2.158518
v 2.613355 6.869629 2.158518
v 2.371919 6.773588 2.158518
v 2.113143 6.618856 2.158518
v 1.905055 6.412102 2.158518
v 1.756992 6.158661 2.158518
v 1.648947 5.869206 2.158518
v 1.608930 5.555740 2.158518
v 1.608930 5.555740 2.171857
v 1.608930 5.555740 2.171857
v 1.584920 5.555740 2.195867
v 1.455532 5.555740 2.195867
v 1.324810 5.555740 2.195867
v 1.300800 5.555740 2.171857
v 1.300800 5.555740 2.171857
v 1.300800 5.555740 2.158518
v 1.260783 5.869206 2.158518
v 1.154071 6.158661 2.158518
v 1.004675 6.412102 2.158518
v 0.797921 6.618856 2.158518
v 0.539145 6.773588 2.158518
v 0.297709 6.869629 2.158518
v -0.025094 6.900308 2.158518
v -0.025094 6.900308 2.158518
v -0.349230 6.869629 2.158518
v -0.590666 6.773588 2.158518
v -0.849442 6.618856 2.158518
v -1.056196 6.412102 2.158518
v -1.205593 6.158661 2.158518
v -1.312305 5.869206 2.158518
v -1.352321 5.555740 2.158518
v -1.352321 5.555740 2.171857
v -1.352321 5.555740 2.171857
v -1.376331 5.555740 2.195867
v -1.507053 5.555740 2.195867
v -1.636441 5.555740 2.195867
v -1.660451 5.555740 2.171857
v -1.660451 5.555740 2.171857
v -1.660451 5.555740 2.158518
v -1.700468 5.869206 2.158518
v -1.808514 6.158661 2.158518
v -1.956576 6.412102 2.158518
v -2.164664 6.618856 2.158518
v -2.423440 6.773588 2.158518
v -2.664876 6.869629 2.158518
v -2.991680 6.901642 2.158518
v -3.314483 6.869629 2.158518
v -3.553251 6.773588 2.158518
v -3.814695 6.618856 2.158518
v -4.032120 6.412102 2.158518
v -4.181517 6.155993 2.158518
v -4.281559 5.877209 2.158518
v -4.317574 5.565077 2.158518
v -4.317574 5.565077 2.171857
v -4.341584 5.565077 2.195867
v -4.341584 5.565077 2.195867
v -4.472306 5.563743 2.195867
v -4.625704 5.565077 2.195867
v -4.625704 5.565077 2.195867
v -4.625704 5.565077 2.158518
v -4.661719 5.877209 2.158518
v -4.761762 6.155993 2.158518
v -4.911158 6.412102 2.158518
v -5.128583 6.618856 2.158518
v -5.390027 6.773588 2.158518
v -5.628794 6.869629 2.158518
v -5.951598 6.901642 2.158518
v -5.628794 6.869629 3.186953
v -4.472306 6.901642 3.512424
v -4.472306 6.154660 4.708930
v -4.472306 6.414770 4.534189
v -4.208194 6.153326 4.708930
v -4.208194 6.153326 4.708930
v -4.056130 6.416103 4.532856
v -4.472306 6.621524 4.334105
v -3.837371 6.624191 4.330103
v -4.472306 6.773588 4.100673
v -3.583931 6.773588 4.100673
v -4.472306 6.869629 3.837895
v -3.347831 6.869629 3.837895
v -2.991680 6.901642 3.512424
v -2.956999 6.901642 3.512424
v -2.631528 6.869629 3.837895
v -1.507053 6.869629 3.837895
v -2.391427 6.773588 4.100673
v -1.507053 6.773588 4.100673
v -2.127316 6.613521 4.343442
v -2.127316 6.613521 4.343442
v -1.507053 6.614854 4.342108
v -1.925896 6.406766 4.539525
v -1.925896 6.406766 4.539525
v -1.507053 6.406766 4.539525
v -1.781836 6.155993 4.707596
v -1.781836 6.155993 4.707596
v -1.507053 6.155993 4.707596
v -1.232270 6.155993 4.707596
v -1.232270 6.155993 4.707596
v -1.088210 6.406766 4.539525
v -1.088210 6.406766 4.539525
v -0.886791 6.613521 4.343442
v -0.886791 6.613521 4.343442
v -0.622680 6.773588 4.100673
v -0.381244 6.869629 3.837895
v -0.025094 6.901642 3.512424
v -0.025094 6.901642 3.512424
v 0.329723 6.869629 3.837895
v 1.455532 6.869629 3.837895
v 0.571158 6.773588 4.100673
v 1.455532 6.773588 4.100673
v 0.835270 6.613521 4.343442
v 0.835270 6.613521 4.343442
v 1.455532 6.614854 4.342108
v 1.036689 6.406766 4.539525
v 1.036689 6.406766 4.539525
v 1.455532 6.406766 4.539525
v 1.180749 6.155993 4.707596
v 1.180749 6.155993 4.707596
v 1.455532 6.155993 4.707596
v 1.730315 6.155993 4.707596
v 1.730315 6.155993 4.707596
v 1.874375 6.406766 4.539525
v 1.874375 6.406766 4.539525
v 2.075794 6.613521 4.343442
v 2.075794 6.613521 4.343442
v 2.339906 6.773588 4.100673
v 2.580007 6.869629 3.837895
v 2.905478 6.901642 3.512424
v 2.940159 6.901642 3.512424
v 2.973507 6.901642 3.512424
v 3.296310 6.869629 3.837895
v 4.420784 6.869629 3.837895
v 3.532409 6.773588 4.100673
v 4.420784 6.773588 4.100673
v 3.785850 6.624191 4.330103
v 4.420784 6.621524 4.334105
v 4.004609 6.416103 4.532856
v 4.420784 6.414770 4.534189
v 4.156673 6.153326 4.708930
v 4.156673 6.153326 4.708930
v 4.420784 6.154660 4.708930
v 4.683563 6.153326 4.708930
v 4.683563 6.153326 4.708930
v 4.835627 6.416103 4.532856
v 5.054386 6.624191 4.330103
v 5.307827 6.773588 4.100673
v 5.543926 6.869629 3.837895
v 5.900077 6.901642 3.512424
v 5.934758 6.901642 3.512424
v 6.260229 6.869629 3.837895
v 6.500331 6.773588 4.100673
v 6.468317 6.773588 4.132686
v 6.733762 6.613521 4.372787
v 6.937848 6.406766 4.567537
v 6.937848 6.406766 4.567537
v 7.084577 6.155993 4.734274
v 7.084577 6.155993 4.734274
v 7.191290 5.867872 4.840986
v 7.215300 5.867872 4.815642
v 7.215300 5.867872 4.815642
v 7.215300 5.867872 4.815642
v 7.514092 5.867872 4.815642
v 7.819555 5.867872 4.815642
v 7.819555 5.867872 4.815642
v 7.844899 5.867872 4.840986
v 7.844899 5.867872 4.840986
v 7.943606 6.155993 4.734274
v 7.943606 6.155993 4.734274
v 8.149026 6.406766 4.567537
v 8.399799 6.613521 4.371454
v 8.695924 6.773588 4.130019
v 9.009391 6.869629 3.871242
v 9.334862 6.901642 3.545772
v 10.858171 5.865204 4.815642
v 10.832827 5.865204 4.840986
v 10.832827 5.865204 4.840986
v 10.832827 5.865204 4.840986
v 10.736788 6.153326 4.708930
v 10.710108 6.153326 4.734274
v 10.710108 6.153326 4.734274
v 10.710108 6.153326 4.734274
v 10.542037 6.414770 4.532856
v 10.512691 6.414770 4.560868
v 10.512691 6.414770 4.560868
v 10.288598 6.624191 4.331437
v 10.255250 6.624191 4.359449
v 10.009812 6.773588 4.100673
v 9.975131 6.773588 4.130019
v 9.696346 6.869629 3.837895
v 9.661666 6.869629 3.871242
v 9.368209 6.901642 3.512424
v 9.696346 6.869629 3.186953
v 10.009812 6.773588 2.933512
v 10.296600 6.618856 2.704082
v 10.547374 6.412102 2.487991
v 10.547374 6.412102 2.487991
v 10.736788 6.158661 2.327923
v 10.736788 6.158661 2.327923
v 10.855504 5.875875 2.229215
v 10.855504 5.875875 2.229215
v 10.828825 5.878543 2.205205
v 10.828825 5.878543 2.205205
v 10.834161 5.859869 1.535589
v 10.834161 5.859869 1.535589
v 10.858171 5.862536 1.511578
v 10.858171 5.862536 1.511578
v 10.739453 6.149324 1.412870
v 10.739453 6.149324 1.412870
v 10.546040 6.412102 1.202114
v 10.546040 6.412102 1.202114
v 10.295266 6.618856 0.948674
v 10.007145 6.773588 0.659218
v 9.695014 6.869629 0.345752
v 9.376211 6.900308 0.028284
v 9.376211 6.900308 0.028284
v 9.695014 6.869629 -0.290517
v 10.007145 6.773588 -0.603983
v 10.295266 6.618856 -0.893439
v 10.546040 6.412102 -1.146879
v 10.546040 6.412102 -1.146879
v 10.739453 6.149324 -1.357635
v 10.739453 6.149324 -1.357635
v 10.858171 5.862536 -1.456343
v 10.858171 5.862536 -1.456343
v 10.834161 5.859869 -1.480353
v 10.834161 5.859869 -1.480353
v 10.828825 5.878543 -2.149970
v 10.828825 5.878543 -2.149970
v 10.855504 5.875875 -2.173980
v 10.855504 5.875875 -2.173980
v 10.736788 6.158661 -2.272688
v 10.736788 6.158661 -2.272688
v 10.547374 6.412102 -2.432756
v 10.547374 6.412102 -2.432756
v 10.296600 6.618856 -2.648847
v 10.009812 6.773588 -2.878278
v 9.696346 6.869629 -3.130384
v 9.368209 6.901642 -3.457189
v 10.858171 5.865204 -4.760406
v 10.736788 6.153326 -4.652361
v 10.832827 5.865204 -4.784417
v 10.832827 5.865204 -4.784417
v 10.832827 5.865204 -4.784417
v 10.710108 6.153326 -4.679039
v 10.710108 6.153326 -4.679039
v 10.710108 6.153326 -4.679039
v 10.542037 6.414770 -4.477620
v 10.512691 6.414770 -4.504298
v 10.512691 6.414770 -4.504298
v 10.288598 6.624191 -4.274868
v 10.255250 6.624191 -4.304214
v 10.009812 6.773588 -4.045437
v 9.975131 6.773588 -4.074783
v 9.696346 6.869629 -3.782660
v 9.661666 6.869629 -3.814674
v 9.334862 6.901642 -3.490537
v 9.009391 6.869629 -3.814674
v 8.695924 6.773588 -4.074783
v 8.399799 6.613521 -4.316219
v 8.149026 6.406766 -4.510968
v 7.943606 6.155993 -4.679039
v 7.943606 6.155993 -4.679039
v 7.844899 5.867872 -4.785750
v 7.844899 5.867872 -4.785750
v 7.819555 5.867872 -4.760406
v 7.819555 5.867872 -4.760406
v 7.514092 5.867872 -4.760406
v 7.215300 5.867872 -4.760406
v 7.215300 5.867872 -4.760406
v 7.215300 5.867872 -4.760406
v 7.191290 5.867872 -4.785750
v 7.084577 6.155993 -4.679039
v 7.084577 6.155993 -4.679039
v 6.937848 6.406766 -4.512302
v 6.937848 6.406766 -4.512302
v 6.733762 6.613521 -4.317553
v 6.468317 6.773588 -4.077451
v 6.226882 6.869629 -3.817342
v 5.900077 6.901642 -3.490537
v 5.577274 6.869629 -3.817342
v 5.338506 6.773588 -4.077451
v 5.085066 6.624191 -4.305548
v 4.863639 6.414770 -4.505632
v 4.863639 6.414770 -4.505632
v 4.710241 6.153326 -4.679039
v 4.710241 6.153326 -4.679039
v 4.607531 5.865204 -4.784417
v 4.582187 5.863870 -4.760406
v 4.582187 5.863870 -4.760406
v 4.582187 5.863870 -4.760406
v 4.420784 5.865204 -4.760406
v 4.258049 5.863870 -4.760406
v 4.258049 5.863870 -4.760406
v 4.258049 5.863870 -4.760406
v 4.232706 5.865204 -4.784417
v 4.129995 6.153326 -4.679039
v 4.129995 6.153326 -4.679039
v 3.976597 6.414770 -4.505632
v 3.976597 6.414770 -4.505632
v 3.755170 6.624191 -4.305548
v 3.501730 6.773588 -4.077451
v 3.262962 6.869629 -3.817342
v 2.940159 6.901642 -3.490537
v 2.613355 6.869629 -3.817342
v 2.371919 6.773588 -4.077451
v 2.106474 6.613521 -4.317553
v 1.902388 6.406766 -4.512302
v 1.902388 6.406766 -4.512302
v 1.755659 6.155993 -4.679039
v 1.755659 6.155993 -4.679039
v 1.648947 5.867872 -4.785750
v 1.624937 5.867872 -4.760406
v 1.624937 5.867872 -4.760406
v 1.624937 5.867872 -4.760406
v 1.455532 5.867872 -4.760406
v 1.286127 5.867872 -4.760406
v 1.286127 5.867872 -4.760406
v 1.286127 5.867872 -4.760406
v 1.260783 5.867872 -4.785750
v 1.155406 6.155993 -4.679039
v 1.155406 6.155993 -4.679039
v 1.008677 6.406766 -4.512302
v 1.008677 6.406766 -4.512302
v 0.804590 6.613521 -4.317553
v 0.539145 6.773588 -4.077451
v 0.297709 6.869629 -3.817342
v -0.025094 6.901642 -3.491871
v -0.025094 6.901642 -3.491871
v -0.349230 6.869629 -3.817342
v -0.590666 6.773588 -4.077451
v -0.856111 6.613521 -4.317553
v -1.060197 6.406766 -4.512302
v -1.060197 6.406766 -4.512302
v -1.206927 6.155993 -4.679039
v -1.206927 6.155993 -4.679039
v -1.312305 5.867872 -4.785750
v -1.337648 5.867872 -4.760406
v -1.337648 5.867872 -4.760406
v -1.337648 5.867872 -4.760406
v -1.507053 5.867872 -4.760406
v -1.676458 5.867872 -4.760406
v -1.676458 5.867872 -4.760406
v -1.676458 5.867872 -4.760406
v -1.700468 5.867872 -4.785750
v -1.807180 6.155993 -4.679039
v -1.807180 6.155993 -4.679039
v -1.953908 6.406766 -4.512302
v -1.953908 6.406766 -4.512302
v -2.157995 6.613521 -4.317553
v -2.423440 6.773588 -4.077451
v -2.664876 6.869629 -3.817342
v -2.991680 6.901642 -3.490537
v -3.314483 6.869629 -3.817342
v -3.553251 6.773588 -4.077451
v -3.806691 6.624191 -4.305548
v -4.028118 6.414770 -4.505632
v -4.028118 6.414770 -4.505632
v -4.181517 6.153326 -4.679039
v -4.181517 6.153326 -4.679039
v -4.284226 5.865204 -4.784417
v -4.309570 5.863870 -4.760406
v -4.309570 5.863870 -4.760406
v -4.309570 5.863870 -4.760406
v -4.472306 5.865204 -4.760406
v -4.659051 5.863870 -4.760406
v -4.659051 5.863870 -4.760406
v -4.760427 6.153326 -4.653695
v -4.760427 6.153326 -4.653695
v -4.916493 6.416103 -4.477620
v -5.136586 6.624191 -4.274868
v -5.390027 6.773588 -4.045437
v -5.628794 6.869629 -3.782660
v -5.951598 6.901642 -3.457189
v -6.278402 6.869629 -3.782660
v -7.565613 6.869629 -3.782660
v -6.519837 6.773588 -4.045437
v -7.565613 6.773588 -4.045437
v -6.785283 6.613521 -4.288207
v -7.565613 6.614854 -4.286873
v -6.990703 6.406766 -4.484290
v -7.565613 6.406766 -4.484290
v -7.136098 6.155993 -4.652361
v -7.136098 6.155993 -4.652361
v -7.565613 6.155993 -4.652361
v -7.242810 5.867872 -4.760406
v -7.242810 5.867872 -4.760406
v -7.565613 5.867872 -4.760406
v -7.896419 5.867872 -4.760406
v -7.896419 5.867872 -4.760406
v -7.995128 6.155993 -4.652361
v -7.995128 6.155993 -4.652361
v -8.200548 6.406766 -4.484290
v -8.449986 6.613521 -4.288207
v -8.747446 6.773588 -4.045437
v -9.060912 6.869629 -3.782660
v -9.386382 6.901642 -3.457189
v -9.713187 6.869629 -3.130384
v -10.885682 5.859869 -1.456343
v -10.885682 5.859869 -1.456343
v -10.880347 5.878543 -2.173980
v -10.880347 5.878543 -2.173980
v -10.765633 6.147990 -1.357635
v -10.765633 6.147990 -1.357635
v -10.760297 6.158661 -2.272688
v -10.760297 6.158661 -2.272688
v -10.568215 6.412102 -2.432756
v -10.568215 6.412102 -2.432756
v -10.568215 6.412102 -1.146879
v -10.568215 6.412102 -1.146879
v -10.314775 6.618856 -2.648847
v -10.314775 6.618856 -0.893439
v -10.026653 6.773588 -2.878278
v -10.026653 6.773588 -0.603983
v -9.713187 6.869629 -0.290517
v -9.394386 6.900308 0.028284
v -9.394386 6.900308 0.028284
v -9.713187 6.869629 0.345752
v -10.885682 5.859869 1.511578
v -10.885682 5.859869 1.511578
v -10.765633 6.147990 1.414204
v -10.765633 6.147990 1.414204
v -10.880347 5.878543 2.230549
v -10.880347 5.878543 2.230549
v -10.760297 6.158661 2.327923
v -10.760297 6.158661 2.327923
v -10.568215 6.412102 2.487991
v -10.568215 6.412102 2.487991
v -10.568215 6.412102 1.202114
v -10.568215 6.412102 1.202114
v -10.314775 6.618856 2.704082
v -10.314775 6.618856 0.948674
v -10.026653 6.773588 2.933512
v -10.026653 6.773588 0.659218
v -9.713187 6.869629 3.186953
v -9.386382 6.901642 3.512424
v -9.060912 6.869629 3.837895
v -7.565613 6.869629 3.837895
v -8.747446 6.773588 4.100673
v -7.565613 6.773588 4.100673
v -8.449986 6.613521 4.343442
v -7.565613 6.614854 4.342108
v -8.200548 6.406766 4.539525
v -7.565613 6.406766 4.539525
v -7.995128 6.155993 4.707596
v -7.995128 6.155993 4.707596
v -7.565613 6.155993 4.707596
v -7.896419 5.867872 4.815642
v -7.896419 5.867872 4.815642
v -7.565613 5.867872 4.815642
v -7.242810 5.867872 4.815642
v -7.242810 5.867872 4.815642
v -7.136098 6.155993 4.707596
v -7.136098 6.155993 4.707596
v -6.990703 6.406766 4.539525
v -6.785283 6.613521 4.343442
v -6.519837 6.773588 4.100673
v -6.278402 6.869629 3.837895
v -5.951598 6.901642 3.512424
v -5.628794 6.869629 3.837895
v -5.390027 6.773588 4.100673
v -5.136586 6.624191 4.330103
v -4.916493 6.416103 4.532856
v -4.760427 6.153326 4.708930
v -4.760427 6.153326 4.708930
v -4.659051 5.863870 4.815642
v -4.659051 5.863870 4.815642
v -4.472306 5.865204 4.815642
v -4.309570 5.863870 4.815642
v -4.309570 5.863870 4.815642
v -4.309570 5.863870 4.815642
v -4.284226 5.865204 4.840986
v -4.181517 6.153326 4.734274
v -4.181517 6.153326 4.734274
v -4.028118 6.414770 4.560868
v -4.028118 6.414770 4.560868
v -3.806691 6.624191 4.360783
v -3.553251 6.773588 4.132686
v -3.314483 6.869629 3.872576
v -2.991680 6.901642 3.545772
v -2.664876 6.869629 3.872576
v -2.423440 6.773588 4.132686
v -2.157995 6.613521 4.372787
v -1.953908 6.406766 4.567537
v -1.953908 6.406766 4.567537
v -1.807180 6.155993 4.734274
v -1.807180 6.155993 4.734274
v -1.700468 5.867872 4.840986
v -1.676458 5.867872 4.815642
v -1.676458 5.867872 4.815642
v -1.676458 5.867872 4.815642
v -1.507053 5.867872 4.815642
v -1.337648 5.867872 4.815642
v -1.337648 5.867872 4.815642
v -1.337648 5.867872 4.815642
v -1.312305 5.867872 4.840986
v -1.206927 6.155993 4.734274
v -1.206927 6.155993 4.734274
v -1.060197 6.406766 4.567537
v -1.060197 6.406766 4.567537
v -0.856111 6.613521 4.372787
v -0.590666 6.773588 4.132686
v -0.349230 6.869629 3.872576
v -0.025094 6.901642 3.547106
v -0.025094 6.901642 3.547106
v 0.297709 6.869629 3.872576
v 0.539145 6.773588 4.132686
v 0.804590 6.613521 4.372787
v 1.008677 6.406766 4.567537
v 1.008677 6.406766 4.567537
v 1.155406 6.155993 4.734274
v 1.155406 6.155993 4.734274
v 1.260783 5.867872 4.840986
v 1.286127 5.867872 4.815642
v 1.286127 5.867872 4.815642
v 1.286127 5.867872 4.815642
v 1.455532 5.867872 4.815642
v 1.624937 5.867872 4.815642
v 1.624937 5.867872 4.815642
v 1.624937 5.867872 4.815642
v 1.648947 5.867872 4.840986
v 1.755659 6.155993 4.734274
v 1.755659 6.155993 4.734274
v 1.902388 6.406766 4.567537
v 1.902388 6.406766 4.567537
v 2.106474 6.613521 4.372787
v 2.371919 6.773588 4.132686
v 2.613355 6.869629 3.872576
v 2.940159 6.901642 3.545772
v 3.262962 6.869629 3.872576
v 3.501730 6.773588 4.132686
v 3.755170 6.624191 4.360783
v 3.976597 6.414770 4.560868
v 3.976597 6.414770 4.560868
v 4.129995 6.153326 4.734274
v 4.129995 6.153326 4.734274
v 4.232706 5.865204 4.840986
v 4.258049 5.863870 4.815642
v 4.258049 5.863870 4.815642
v 4.258049 5.863870 4.815642
v 4.420784 5.865204 4.815642
v 4.582187 5.863870 4.815642
v 4.582187 5.863870 4.815642
v 4.582187 5.863870 4.815642
v 4.607531 5.865204 4.840986
v 4.710241 6.153326 4.734274
v 4.710241 6.153326 4.734274
v 4.863639 6.414770 4.560868
v 4.863639 6.414770 4.560868
v 5.085066 6.624191 4.360783
v 5.338506 6.773588 4.132686
v 5.577274 6.869629 3.872576
v 5.900077 6.901642 3.545772
v 6.226882 6.869629 3.872576
v 6.226882 6.869629 4.907681
v 6.468317 6.773588 4.907681
v 6.727092 6.618856 4.907681
v 6.935180 6.412102 4.907681
v 7.083243 6.158661 4.907681
v 7.191290 5.869206 4.907681
v 7.231305 5.555740 4.907681
v 7.231305 5.555740 4.866330
v 7.255315 5.555740 4.842320
v 7.255315 5.555740 4.842320
v 7.514092 5.555740 4.842320
v 7.774202 5.555740 4.842320
v 7.774202 5.555740 4.842320
v 7.798212 5.555740 4.866330
v 7.798212 5.555740 4.907681
v 7.844899 5.869206 4.907681
v 7.944940 6.158661 4.907681
v 8.153028 6.412102 4.907681
v 8.406469 6.618856 4.907681
v 8.695924 6.773588 4.907681
v 9.009391 6.869629 4.907681
v 9.334862 6.901642 4.907681
v 9.661666 6.869629 4.907681
v 9.975131 6.773588 4.907681
v 10.263252 6.618856 4.907681
v 10.516694 6.412102 4.907681
v 10.708774 6.158661 4.907681
v 10.832827 5.869206 4.907681
v 10.867508 5.555740 4.907681
v 10.867508 5.555740 4.866330
v 10.867508 5.555740 4.866330
v 10.891518 5.555740 4.842320
v 10.900856 5.555740 4.842320
v 10.900856 5.869206 4.815642
v 10.900856 6.158661 4.707596
v 10.900856 6.412102 4.536857
v 10.900856 6.618856 4.338107
v 10.900856 6.773588 4.100673
v 10.900856 6.869629 3.837895
v 10.900856 6.901642 3.512424
v 10.900856 6.869629 3.186953
v 10.900856 6.773588 2.933512
v 10.900856 6.618856 2.704082
v 10.900856 6.412102 2.487991
v 10.900856 6.412102 2.487991
v 10.900856 6.158661 2.327923
v 10.900856 5.869206 2.226547
v 10.900856 5.555740 2.195867
v 10.891518 5.558408 2.195867
v 10.866174 5.565077 2.171857
v 10.866174 5.565077 2.171857
v 10.867508 5.555740 1.580941
v 10.867508 5.555740 1.580941
v 10.891518 5.555740 1.556931
v 10.900856 5.555740 1.556931
v 10.900856 5.869206 1.510244
v 10.900856 6.158661 1.410202
v 10.900856 6.412102 1.202114
v 10.900856 6.412102 1.202114
v 10.900856 6.618856 0.948674
v 10.900856 6.773588 0.659218
v 10.900856 6.869629 0.345752
v 10.900856 6.900308 0.028284
v 10.900856 6.900308 0.028284
v 10.900856 6.869629 -0.290517
v 10.900856 6.773588 -0.603983
v 10.900856 6.618856 -0.893439
v 10.900856 6.412102 -1.146879
v 10.900856 6.412102 -1.146879
v 10.900856 6.158661 -1.354967
v 10.900856 5.869206 -1.455009
v 10.900856 5.555740 -1.501696
v 10.891518 5.555740 -1.501696
v 10.867508 5.555740 -1.525706
v 10.867508 5.555740 -1.525706
v 10.866174 5.565077 -2.116622
v 10.866174 5.565077 -2.116622
v 10.891518 5.558408 -2.140633
v 10.900856 5.555740 -2.139299
v 10.900856 5.869206 -2.171312
v 10.900856 6.158661 -2.272688
v 10.900856 6.412102 -2.432756
v 10.900856 6.412102 -2.432756
v 10.900856 6.618856 -2.648847
v 10.900856 6.773588 -2.878278
v 10.900856 6.869629 -3.130384
v 10.900856 6.901642 -3.457189
v 10.900856 6.869629 -3.782660
v 10.900856 6.773588 -4.045437
v 10.900856 6.618856 -4.281538
v 10.900856 6.412102 -4.481622
v 10.900856 6.158661 -4.651027
v 10.900856 5.869206 -4.760406
v 10.900856 5.555740 -4.787085
v 10.891518 5.555740 -4.787085
v 10.867508 5.555740 -4.811095
v 10.867508 5.555740 -4.811095
v 10.867508 5.555740 -4.852446
v 10.832827 5.869206 -4.852446
v 10.708774 6.158661 -4.852446
v 10.516694 6.412102 -4.852446
v 10.263252 6.618856 -4.852446
v 9.975131 6.773588 -4.852446
v 9.661666 6.869629 -4.852446
v 9.334862 6.901642 -4.852446
v 9.009391 6.869629 -4.852446
v 8.695924 6.773588 -4.852446
v 8.406469 6.618856 -4.852446
v 8.153028 6.412102 -4.852446
v 7.944940 6.158661 -4.852446
v 7.844899 5.869206 -4.852446
v 7.798212 5.555740 -4.852446
v 7.798212 5.555740 -4.811095
v 7.774202 5.555740 -4.787085
v 7.774202 5.555740 -4.787085
v 7.514092 5.555740 -4.787085
v 7.255315 5.555740 -4.787085
v 7.255315 5.555740 -4.787085
v 7.231305 5.555740 -4.811095
v 7.231305 5.555740 -4.852446
v 7.191290 5.869206 -4.852446
v 7.083243 6.158661 -4.852446
v 6.935180 6.412102 -4.852446
v 6.727092 6.618856 -4.852446
v 6.468317 6.773588 -4.852446
v 6.226882 6.869629 -4.852446
v 5.900077 6.901642 -4.852446
v 5.577274 6.869629 -4.852446
v 5.338506 6.773588 -4.852446
v 5.077062 6.618856 -4.852446
v 4.859637 6.412102 -4.852446
v 4.711575 6.158661 -4.852446
v 4.607531 5.869206 -4.852446
v 4.572849 5.555740 -4.852446
v 4.572849 5.555740 -4.811095
v 4.548840 5.557074 -4.787085
v 4.548840 5.557074 -4.787085
v 4.420784 5.557074 -4.787085
v 4.291397 5.557074 -4.787085
v 4.291397 5.557074 -4.787085
v 4.267387 5.555740 -4.811095
v 4.267387 5.555740 -4.852446
v 4.232706 5.869206 -4.852446
v 4.128662 6.158661 -4.852446
v 3.980599 6.412102 -4.852446
v 3.763174 6.618856 -4.852446
v 3.501730 6.773588 -4.852446
v 3.262962 6.869629 -4.852446
v 2.940159 6.901642 -4.852446
v 2.613355 6.869629 -4.852446
v 2.371919 6.773588 -4.852446
v 2.113143 6.618856 -4.852446
v 1.905055 6.412102 -4.852446
v 1.756992 6.158661 -4.852446
v 1.648947 5.869206 -4.852446
v 1.608930 5.555740 -4.852446
v 1.608930 5.555740 -4.811095
v 1.584920 5.555740 -4.787085
v 1.584920 5.555740 -4.787085
v 1.455532 5.555740 -4.787085
v 1.324810 5.555740 -4.787085
v 1.324810 5.555740 -4.787085
v 1.300800 5.555740 -4.811095
v 1.300800 5.555740 -4.852446
v 1.260783 5.869206 -4.852446
v 1.154071 6.158661 -4.852446
v 1.004675 6.412102 -4.852446
v 0.797921 6.618856 -4.852446
v 0.539145 6.773588 -4.852446
v 0.297709 6.869629 -4.852446
v -0.025094 6.900308 -4.852446
v -0.025094 6.900308 -4.852446
v -0.349230 6.869629 -4.852446
v -0.590666 6.773588 -4.852446
v -0.849442 6.618856 -4.852446
v -1.056196 6.412102 -4.852446
v -1.205593 6.158661 -4.852446
v -1.312305 5.869206 -4.852446
v -1.352321 5.555740 -4.852446
v -1.352321 5.555740 -4.811095
v -1.376331 5.555740 -4.787085
v -1.376331 5.555740 -4.787085
v -1.507053 5.555740 -4.787085
v -1.636441 5.555740 -4.787085
v -1.636441 5.555740 -4.787085
v -1.660451 5.555740 -4.811095
v -1.660451 5.555740 -4.852446
v -1.700468 5.869206 -4.852446
v -1.808514 6.158661 -4.852446
v -1.956576 6.412102 -4.852446
v -2.164664 6.618856 -4.852446
v -2.423440 6.773588 -4.852446
v -2.664876 6.869629 -4.852446
v -2.991680 6.901642 -4.852446
v -3.314483 6.869629 -4.852446
v -3.553251 6.773588 -4.852446
v -3.814695 6.618856 -4.852446
v -4.032120 6.412102 -4.852446
v -4.180182 6.158661 -4.852446
v -4.284226 5.869206 -4.852446
v -4.318908 5.555740 -4.852446
v -4.318908 5.555740 -4.811095
v -4.342918 5.557074 -4.787085
v -4.342918 5.557074 -4.787085
v -4.472306 5.557074 -4.787085
v -4.624370 5.557074 -4.787085
v -4.624370 5.557074 -4.787085
v -4.624370 5.555740 -4.852446
v -4.659051 5.869206 -4.852446
v -4.763095 6.158661 -4.852446
v -4.911158 6.412102 -4.852446
v -5.128583 6.618856 -4.852446
v -5.390027 6.773588 -4.852446
v -5.628794 6.869629 -4.852446
v -5.951598 6.901642 -4.852446
v -6.278402 6.869629 -4.852446
v -6.519837 6.773588 -4.852446
v -6.778614 6.618856 -4.852446
v -6.986701 6.412102 -4.852446
v -7.134764 6.158661 -4.852446
v -7.242810 5.869206 -4.852446
v -7.282827 5.555740 -4.852446
v -7.282827 5.555740 -4.787085
v -7.282827 5.555740 -4.787085
v -7.565613 5.555740 -4.787085
v -7.849733 5.555740 -4.787085
v -7.849733 5.555740 -4.787085
v -7.849733 5.555740 -4.852446
v -7.896419 5.869206 -4.852446
v -7.996461 6.158661 -4.852446
v -8.204550 6.412102 -4.852446
v -8.457991 6.618856 -4.852446
v -8.747446 6.773588 -4.852446
v -9.060912 6.869629 -4.852446
v -9.386382 6.901642 -4.852446
v -9.713187 6.869629 -3.782660
v -9.713187 6.869629 -4.852446
v -10.026653 6.773588 -4.045437
v -10.026653 6.773588 -4.852446
v -10.306771 6.624191 -4.274868
v -10.314775 6.618856 -4.852446
v -10.562880 6.416103 -4.477620
v -10.568215 6.412102 -4.852446
v -10.762964 6.153326 -4.653695
v -10.762964 6.153326 -4.653695
v -10.760297 6.158661 -4.852446
v -10.884349 5.863870 -4.760406
v -10.884349 5.863870 -4.760406
v -10.884349 5.869206 -4.852446
v -10.919030 5.555740 -4.852446
v -10.919030 5.557074 -4.787085
v -10.919030 5.557074 -4.787085
v -10.952377 5.555740 -4.787085
v -10.952377 5.869206 -4.760406
v -10.952377 6.158661 -4.651027
v -10.952377 6.412102 -4.481622
v -10.952377 6.618856 -4.281538
v -10.952377 6.773588 -4.045437
v -10.952377 6.869629 -3.782660
v -10.952377 6.901642 -3.457189
v -10.952377 6.869629 -3.130384
v -10.952377 6.773588 -2.878278
v -10.952377 6.618856 -2.648847
v -10.952377 6.412102 -2.432756
v -10.952377 6.412102 -2.432756
v -10.952377 6.158661 -2.272688
v -10.952377 5.869206 -2.171312
v -10.952377 5.555740 -2.139299
v -10.917696 5.565077 -2.140633
v -10.917696 5.565077 -2.140633
v -10.919030 5.555740 -1.501696
v -10.919030 5.555740 -1.501696
v -10.952377 5.555740 -1.501696
v -10.952377 5.869206 -1.455009
v -10.952377 6.158661 -1.354967
v -10.952377 6.412102 -1.146879
v -10.952377 6.412102 -1.146879
v -10.952377 6.618856 -0.893439
v -10.952377 6.773588 -0.603983
v -10.952377 6.869629 -0.290517
v -10.952377 6.900308 0.028284
v -10.952377 6.900308 0.028284
v -10.952377 6.869629 0.345752
v -10.952377 6.773588 0.659218
v -10.952377 6.618856 0.948674
v -10.952377 6.412102 1.202114
v -10.952377 6.412102 1.202114
v -10.952377 6.158661 1.410202
v -10.952377 5.869206 1.510244
v -10.952377 5.555740 1.556931
v -10.919030 5.555740 1.556931
v -10.919030 5.555740 1.556931
v -10.917696 5.565077 2.195867
v -10.917696 5.565077 2.195867
v -10.952377 5.555740 2.195867
v -10.952377 5.869206 2.226547
v -10.952377 6.158661 2.327923
v -10.952377 6.412102 2.487991
v -10.952377 6.412102 2.487991
v -10.952377 6.618856 2.704082
v -10.952377 6.773588 2.933512
v -10.952377 6.869629 3.186953
v -10.952377 6.901642 3.512424
v -9.713187 6.869629 3.837895
v -10.952377 6.869629 3.837895
v -10.026653 6.773588 4.100673
v -10.952377 6.773588 4.100673
v -10.306771 6.624191 4.330103
v -10.952377 6.618856 4.338107
v -10.562880 6.416103 4.532856
v -10.952377 6.412102 4.536857
v -10.762964 6.153326 4.708930
v -10.762964 6.153326 4.708930
v -10.952377 6.158661 4.707596
v -10.884349 5.863870 4.815642
v -10.884349 5.863870 4.815642
v -10.952377 5.869206 4.815642
v -10.952377 5.555740 4.842320
v -10.919030 5.557074 4.842320
v -10.919030 5.557074 4.842320
v -10.919030 5.555740 4.907681
v -10.884349 5.869206 4.907681
v -10.760297 6.158661 4.907681
v -10.568215 6.412102 4.907681
v -10.314775 6.618856 4.907681
v -10.026653 6.773588 4.907681
v -9.713187 6.869629 4.907681
v -9.386382 6.901642 4.907681
v -9.060912 6.869629 4.907681
v -8.747446 6.773588 4.907681
v -8.457991 6.618856 4.907681
v -8.204550 6.412102 4.907681
v -7.996461 6.158661 4.907681
v -7.896419 5.869206 4.907681
v -7.849733 5.555740 4.907681
v -7.849733 5.555740 4.842320
v -7.849733 5.555740 4.842320
v -7.565613 5.555740 4.842320
v -7.282827 5.555740 4.842320
v -7.282827 5.555740 4.842320
v -7.282827 5.555740 4.907681
v -7.242810 5.869206 4.907681
v -7.134764 6.158661 4.907681
v -6.986701 6.412102 4.907681
v -6.778614 6.618856 4.907681
v -6.519837 6.773588 4.907681
v -6.278402 6.869629 4.907681
v -5.951598 6.901642 4.907681
v -5.628794 6.869629 4.907681
v -5.390027 6.773588 4.907681
v -5.128583 6.618856 4.907681
v -4.911158 6.412102 4.907681
v -4.763095 6.158661 4.907681
v -4.659051 5.869206 4.907681
v -4.624370 5.555740 4.907681
v -4.624370 5.557074 4.842320
v -4.624370 5.557074 4.842320
v -4.472306 5.557074 4.842320
v -4.342918 5.557074 4.842320
v -4.342918 5.557074 4.842320
v -4.318908 5.555740 4.866330
v -4.318908 5.555740 4.907681
v -4.284226 5.869206 4.907681
v -4.180182 6.158661 4.907681
v -4.032120 6.412102 4.907681
v -3.814695 6.618856 4.907681
v -3.553251 6.773588 4.907681
v -3.314483 6.869629 4.907681
v -2.991680 6.901642 4.907681
v -2.664876 6.869629 4.907681
v -2.423440 6.773588 4.907681
v -2.164664 6.618856 4.907681
v -1.956576 6.412102 4.907681
v -1.808514 6.158661 4.907681
v -1.700468 5.869206 4.907681
v -1.660451 5.555740 4.907681
v -1.660451 5.555740 4.866330
v -1.636441 5.555740 4.842320
v -1.636441 5.555740 4.842320
v -1.507053 5.555740 4.842320
v -1.376331 5.555740 4.842320
v -1.376331 5.555740 4.842320
v -1.352321 5.555740 4.866330
v -1.352321 5.555740 4.907681
v -1.312305 5.869206 4.907681
v -1.205593 6.158661 4.907681
v -1.056196 6.412102 4.907681
v -0.849442 6.618856 4.907681
v -0.590666 6.773588 4.907681
v -0.349230 6.869629 4.907681
v -0.025094 6.900308 4.907681
v -0.025094 6.900308 4.907681
v 0.297709 6.869629 4.907681
v 0.539145 6.773588 4.907681
v 0.797921 6.618856 4.907681
v 1.004675 6.412102 4.907681
v 1.154071 6.158661 4.907681
v 1.260783 5.869206 4.907681
v 1.300800 5.555740 4.907681
v 1.300800 5.555740 4.866330
v 1.324810 5.555740 4.842320
v 1.324810 5.555740 4.842320
v 1.455532 5.555740 4.842320
v 1.584920 5.555740 4.842320
v 1.584920 5.555740 4.842320
v 1.608930 5.555740 4.866330
v 1.608930 5.555740 4.907681
v 1.648947 5.869206 4.907681
v 1.756992 6.158661 4.907681
v 1.905055 6.412102 4.907681
v 2.113143 6.618856 4.907681
v 2.371919 6.773588 4.907681
v 2.613355 6.869629 4.907681
v 2.940159 6.901642 4.907681
v 3.262962 6.869629 4.907681
v 3.501730 6.773588 4.907681
v 3.763174 6.618856 4.907681
v 3.980599 6.412102 4.907681
v 4.128662 6.158661 4.907681
v 4.232706 5.869206 4.907681
v 4.267387 5.555740 4.907681
v 4.267387 5.555740 4.866330
v 4.291397 5.557074 4.842320
v 4.291397 5.557074 4.842320
v 4.420784 5.557074 4.842320
v 4.548840 5.557074 4.842320
v 4.548840 5.557074 4.842320
v 4.572849 5.555740 4.866330
v 4.572849 5.555740 4.907681
v 4.607531 5.869206 4.907681
v 4.711575 6.158661 4.907681
v 4.859637 6.412102 4.907681
v 5.077062 6.618856 4.907681
v 5.338506 6.773588 4.907681
v 5.577274 6.869629 4.907681
v 5.900077 6.901642 4.907681
v 7.624497 5.552006 2.111217
v 7.624497 5.552006 2.111217
v 7.624497 7.373825 2.111217
v 7.624497 7.373825 2.111217
v 7.382274 5.550136 2.111217
v 7.230767 6.109401 2.111217
v 6.934301 6.374069 2.111217
v 6.596685 7.373825 2.111217
v 6.596685 6.550827 2.111217
v 6.259069 6.374069 2.111217
v 5.901813 7.373825 2.111217
v 5.963538 6.109401 2.111217
v 5.901813 5.880270 2.111217
v 5.839153 6.109401 2.111217
v 5.543622 6.374069 2.111217
v 5.206006 7.373825 2.111217
v 5.206006 6.550827 2.111217
v 4.868389 6.403996 2.111217
v 4.432575 7.373825 2.111217
v 4.571923 6.118752 2.111217
v 4.416675 5.739986 2.111217
v 4.323153 5.956959 2.111217
v 4.105246 6.279612 2.111217
v 3.808779 6.480685 2.111217
v 3.621734 7.373825 2.111217
v 3.621734 6.565790 2.111217
v 3.470228 6.517159 2.111217
v 2.933408 7.373825 2.111217
v 3.146640 6.292705 2.111217
v 2.933408 6.019619 2.111217
v 2.735141 6.212275 2.111217
v 2.486371 6.422701 2.111217
v 2.238536 7.373825 2.111217
v 2.238536 6.526511 2.111217
v 1.952358 6.396514 2.111217
v 1.452012 7.373825 2.111217
v 1.667114 6.130911 2.111217
v 1.452012 5.692290 2.111217
v 1.213531 6.210405 2.111217
v 0.902100 6.427377 2.111217
v 0.663617 7.373825 2.111217
v 0.663617 6.546151 2.111217
v 0.454127 6.440470 2.111217
v -0.051829 7.373825 2.111217
v 0.188524 6.249684 2.111217
v -0.051829 6.014008 2.111217
v -0.292182 6.249684 2.111217
v -0.556851 6.440470 2.111217
v -0.767276 7.373825 2.111217
v -0.767276 6.546151 2.111217
v -1.005759 6.427377 2.111217
v -1.555671 7.373825 2.111217
v -1.276039 6.210405 2.111217
v -1.519197 5.692290 2.111217
v -1.769837 6.130911 2.111217
v -2.056017 6.396514 2.111217
v -2.342195 7.373825 2.111217
v -2.342195 6.526511 2.111217
v -2.590030 6.422701 2.111217
v -3.036132 7.373825 2.111217
v -2.837864 6.212275 2.111217
v -2.977213 6.019619 2.111217
v -3.250299 6.292705 2.111217
v -3.573886 6.517159 2.111217
v -3.724458 7.373825 2.111217
v -3.724458 6.565790 2.111217
v -3.911503 6.480685 2.111217
v -4.536233 7.373825 2.111217
v -4.184588 6.279612 2.111217
v -4.382856 5.956959 2.111217
v -4.467961 5.739986 2.111217
v -4.675581 6.118752 2.111217
v -4.971112 6.403996 2.111217
v -5.308729 7.373825 2.111217
v -5.308729 6.550827 2.111217
v -5.646345 6.374069 2.111217
v -6.004536 7.373825 2.111217
v -5.876410 6.109401 2.111217
v -5.981155 5.880270 2.111217
v -6.066261 6.109401 2.111217
v -6.362727 6.374069 2.111217
v -6.700343 7.373825 2.111217
v -6.700343 6.550827 2.111217
v -7.037960 6.374069 2.111217
v -7.697293 7.373825 2.111217
v -7.697293 7.373825 2.111217
v -7.289535 6.109401 2.111217
v -7.484997 5.550136 2.111217
v -7.697293 5.552006 2.111217
v -7.697293 5.552006 2.111217
v -7.697293 5.552006 1.680078
v -7.697293 5.985015 1.497709
v -7.697293 6.288029 1.264838
v -7.697293 7.373825 0.798161
v -7.697293 6.511547 0.798161
v -7.697293 7.373825 0.020989
v -7.697293 6.288029 0.331483
v -7.697293 5.985015 0.097677
v -7.697293 5.869048 0.020989
v -7.697293 5.985015 -0.056635
v -7.697293 6.288029 -0.289506
v -7.697293 6.511547 -0.756183
v -7.697293 7.373825 -0.756183
v -7.697293 6.288029 -1.222861
v -7.697293 7.373825 -2.055211
v -7.697293 7.373825 -2.055211
v -7.697293 5.985015 -1.456667
v -7.697293 5.552006 -1.616590
v -7.697293 5.552006 -2.055211
v -7.697293 5.552006 -2.055211
v -7.484997 5.550136 -2.055211
v -7.333490 6.109401 -2.055211
v -7.037960 6.374069 -2.055211
v -6.700343 7.373825 -2.055211
v -6.700343 6.550827 -2.055211
v -6.362727 6.374069 -2.055211
v -6.004536 7.373825 -2.055211
v -6.066261 6.109401 -2.055211
v -6.004536 5.880270 -2.055211
v -5.891374 6.109401 -2.055211
v -5.646345 6.374069 -2.055211
v -5.308729 7.373825 -2.055211
v -5.308729 6.550827 -2.055211
v -4.971112 6.403996 -2.055211
v -4.536233 7.373825 -2.055211
v -4.675581 6.118752 -2.055211
v -4.470767 5.739986 -2.055211
v -4.389402 5.956959 -2.055211
v -4.178977 6.279612 -2.055211
v -3.911503 6.480685 -2.055211
v -3.724458 7.373825 -2.055211
v -3.724458 6.565790 -2.055211
v -3.573886 6.517159 -2.055211
v -3.036132 7.373825 -2.055211
v -3.250299 6.292705 -2.055211
v -2.986566 6.019619 -2.055211
v -2.837864 6.212275 -2.055211
v -2.590030 6.422701 -2.055211
v -2.342195 7.373825 -2.055211
v -2.342195 6.526511 -2.055211
v -2.056017 6.396514 -2.055211
v -1.555671 7.373825 -2.055211
v -1.769837 6.130911 -2.055211
v -1.508910 5.692290 -2.055211
v -1.275103 6.210405 -2.055211
v -1.005759 6.427377 -2.055211
v -0.767276 7.373825 -2.055211
v -0.767276 6.546151 -2.055211
v -0.556851 6.440470 -2.055211
v -0.051829 7.373825 -2.055211
v -0.292182 6.249684 -2.055211
v -0.020032 6.014008 -2.055211
v 0.188524 6.249684 -2.055211
v 0.454127 6.440470 -2.055211
v 0.663617 7.373825 -2.055211
v 0.663617 6.546151 -2.055211
v 0.902100 6.427377 -2.055211
v 1.452012 7.373825 -2.055211
v 1.213531 6.210405 -2.055211
v 1.452012 5.692290 -2.055211
v 1.667114 6.130911 -2.055211
v 1.952358 6.396514 -2.055211
v 2.238536 7.373825 -2.055211
v 2.238536 6.526511 -2.055211
v 2.486371 6.422701 -2.055211
v 2.933408 7.373825 -2.055211
v 2.735141 6.212275 -2.055211
v 2.933408 6.019619 -2.055211
v 3.146640 6.292705 -2.055211
v 3.470228 6.517159 -2.055211
v 3.621734 7.373825 -2.055211
v 3.621734 6.565790 -2.055211
v 3.808779 6.480685 -2.055211
v 4.432575 7.373825 -2.055211
v 4.105246 6.279612 -2.055211
v 4.323153 5.956959 -2.055211
v 4.416675 5.739986 -2.055211
v 4.571923 6.118752 -2.055211
v 4.868389 6.403996 -2.055211
v 5.206006 7.373825 -2.055211
v 5.206006 6.550827 -2.055211
v 5.543622 6.374069 -2.055211
v 5.901813 7.373825 -2.055211
v 5.839153 6.109401 -2.055211
v 5.901813 5.880270 -2.055211
v 5.963538 6.109401 -2.055211
v 6.259069 6.374069 -2.055211
v 6.596685 7.373825 -2.055211
v 6.596685 6.550827 -2.055211
v 6.934301 6.374069 -2.055211
v 7.624497 7.373825 -2.055211
v 7.624497 7.373825 -2.055211
v 7.230767 6.109401 -2.055211
v 7.382274 5.550136 -2.055211
v 7.624497 5.552006 -2.055211
v 7.624497 5.552006 -2.055211
v 7.624497 5.552006 -1.616590
v 7.624497 5.985015 -1.456667
v 7.624497 6.288029 -1.222861
v 7.624497 7.373825 -0.756183
v 7.624497 6.511547 -0.756183
v 7.624497 7.373825 0.020989
v 7.624497 6.288029 -0.289506
v 7.624497 5.985015 -0.056635
v 7.624497 5.869048 0.020989
v 7.624497 5.985015 0.097677
v 7.624497 6.288029 0.331483
v 7.624497 6.511547 0.798161
v 7.624497 7.373825 0.798161
v 7.624497 6.288029 1.264838
v 7.624497 5.985015 1.497709
v 7.624497 5.552006 1.680078
v 4.541072 10.099237 -1.738996
v 4.488960 10.089310 -1.738996
v 4.510839 10.083827 -1.738996
v 4.510839 10.083827 -1.738996
v 4.488787 10.061791 -1.738996
v 4.488787 10.061791 -1.738996
v 4.444146 10.060910 -1.738996
v 4.480710 10.031662 -1.738996
v 4.480710 10.031662 -1.738996
v 4.412927 10.018017 -1.738996
v 4.486020 10.011911 -1.738996
v 4.486020 10.011911 -1.738996
v 4.486020 10.011911 -1.738996
v 4.466250 10.017203 -1.738996
v 4.466250 10.017203 -1.738996
v 4.436138 10.009144 -1.738996
v 4.436138 10.009144 -1.738996
v 4.414104 9.987091 -1.738996
v 4.414104 9.987091 -1.738996
v 4.399679 9.966665 -1.738996
v 4.406338 9.958121 -1.738996
v 4.406338 9.958121 -1.738996
v 4.414104 9.929132 -1.738996
v 4.414104 9.929132 -1.738996
v 4.407704 9.909710 -1.738996
v 4.436138 9.907081 -1.738996
v 4.436138 9.907081 -1.738996
v 4.437712 9.860641 -1.738996
v 4.466250 9.899020 -1.738996
v 4.466250 9.899020 -1.738996
v 4.484757 9.827555 -1.738996
v 4.486020 9.904313 -1.738996
v 4.486020 9.904313 -1.738996
v 4.486020 9.904313 -1.738996
v 4.480710 9.884562 -1.738996
v 4.480710 9.884562 -1.738996
v 4.480710 9.884562 -1.738996
v 4.488787 9.854432 -1.738996
v 4.488787 9.854432 -1.738996
v 4.510839 9.832397 -1.738996
v 4.510839 9.832397 -1.738996
v 4.541072 9.815880 -1.738996
v 4.540951 9.824320 -1.738996
v 4.540951 9.824320 -1.738996
v 4.571080 9.832397 -1.738996
v 4.571080 9.832397 -1.738996
v 4.597387 9.827555 -1.738996
v 4.593132 9.854432 -1.738996
v 4.593132 9.854432 -1.738996
v 4.595900 9.904313 -1.738996
v 4.595900 9.904313 -1.738996
v 4.595900 9.904313 -1.738996
v 4.601192 9.884562 -1.738996
v 4.601192 9.884562 -1.738996
v 4.615652 9.899020 -1.738996
v 4.615652 9.899020 -1.738996
v 4.644414 9.860641 -1.738996
v 4.645764 9.907081 -1.738996
v 4.645764 9.907081 -1.738996
v 4.674423 9.909710 -1.738996
v 4.667816 9.929132 -1.738996
v 4.667816 9.929132 -1.738996
v 4.682448 9.966665 -1.738996
v 4.675581 9.958121 -1.738996
v 4.675581 9.958121 -1.738996
v 4.667816 9.987091 -1.738996
v 4.667816 9.987091 -1.738996
v 4.669200 10.018017 -1.738996
v 4.645764 10.009144 -1.738996
v 4.645764 10.009144 -1.738996
v 4.637980 10.060910 -1.738996
v 4.615652 10.017203 -1.738996
v 4.615652 10.017203 -1.738996
v 4.593167 10.089310 -1.738996
v 4.595900 10.011911 -1.738996
v 4.595900 10.011911 -1.738996
v 4.595900 10.011911 -1.738996
v 4.601192 10.031662 -1.738996
v 4.601192 10.031662 -1.738996
v 4.593132 10.061791 -1.738996
v 4.593132 10.061791 -1.738996
v 4.571080 10.083827 -1.738996
v 4.571080 10.083827 -1.738996
v 4.540951 10.091905 -1.738996
v 4.540951 10.091905 -1.738996
v 4.510839 10.083827 -1.862972
v 4.488787 10.061791 -1.862972
v 4.480710 10.031662 -1.862972
v 4.486020 10.011911 -1.862972
v 4.486020 10.011911 -1.862972
v 4.466250 10.017203 -1.862972
v 4.436138 10.009144 -1.862972
v 4.414104 9.987091 -1.862972
v 4.406338 9.958121 -1.862972
v 4.414104 9.929132 -1.862972
v 4.436138 9.907081 -1.862972
v 4.466250 9.899020 -1.862972
v 4.486020 9.904313 -1.862972
v 4.486020 9.904313 -1.862972
v 4.480710 9.884562 -1.862972
v 4.480710 9.884562 -1.862972
v 4.488787 9.854432 -1.862972
v 4.510839 9.832397 -1.862972
v 4.540951 9.824320 -1.862972
v 4.571080 9.832397 -1.862972
v 4.593132 9.854432 -1.862972
v 4.601192 9.884562 -1.862972
v 4.595900 9.904313 -1.862972
v 4.595900 9.904313 -1.862972
v 4.615652 9.899020 -1.862972
v 4.645764 9.907081 -1.862972
v 4.667816 9.929132 -1.862972
v 4.675581 9.958121 -1.862972
v 4.667816 9.987091 -1.862972
v 4.645764 10.009144 -1.862972
v 4.615652 10.017203 -1.862972
v 4.595900 10.011911 -1.862972
v 4.595900 10.011911 -1.862972
v 4.601192 10.031662 -1.862972
v 4.593132 10.061791 -1.862972
v 4.571080 10.083827 -1.862972
v 4.540951 10.091905 -1.862972
v 1.580061 10.099237 -1.738996
v 1.527949 10.089310 -1.738996
v 1.549828 10.083827 -1.738996
v 1.549828 10.083827 -1.738996
v 1.527776 10.061791 -1.738996
v 1.527776 10.061791 -1.738996
v 1.483136 10.060910 -1.738996
v 1.519716 10.031662 -1.738996
v 1.519716 10.031662 -1.738996
v 1.451917 10.018017 -1.738996
v 1.525009 10.011911 -1.738996
v 1.525009 10.011911 -1.738996
v 1.525009 10.011911 -1.738996
v 1.505240 10.017203 -1.738996
v 1.505240 10.017203 -1.738996
v 1.475128 10.009144 -1.738996
v 1.475128 10.009144 -1.738996
v 1.453093 9.987091 -1.738996
v 1.453093 9.987091 -1.738996
v 1.438668 9.966665 -1.738996
v 1.445327 9.958121 -1.738996
v 1.445327 9.958121 -1.738996
v 1.453093 9.929132 -1.738996
v 1.453093 9.929132 -1.738996
v 1.446693 9.909710 -1.738996
v 1.475128 9.907081 -1.738996
v 1.475128 9.907081 -1.738996
v 1.476701 9.860641 -1.738996
v 1.505240 9.899020 -1.738996
v 1.505240 9.899020 -1.738996
v 1.523746 9.827555 -1.738996
v 1.525009 9.904313 -1.738996
v 1.525009 9.904313 -1.738996
v 1.525009 9.904313 -1.738996
v 1.519716 9.884562 -1.738996
v 1.519716 9.884562 -1.738996
v 1.519716 9.884562 -1.738996
v 1.527776 9.854432 -1.738996
v 1.527776 9.854432 -1.738996
v 1.549828 9.832397 -1.738996
v 1.549828 9.832397 -1.738996
v 1.580061 9.815880 -1.738996
v 1.579940 9.824320 -1.738996
v 1.579940 9.824320 -1.738996
v 1.610070 9.832397 -1.738996
v 1.610070 9.832397 -1.738996
v 1.636377 9.827555 -1.738996
v 1.632105 9.854432 -1.738996
v 1.632105 9.854432 -1.738996
v 1.634889 9.904313 -1.738996
v 1.634889 9.904313 -1.738996
v 1.634889 9.904313 -1.738996
v 1.640182 9.884562 -1.738996
v 1.640182 9.884562 -1.738996
v 1.654641 9.899020 -1.738996
v 1.654641 9.899020 -1.738996
v 1.683404 9.860641 -1.738996
v 1.684753 9.907081 -1.738996
v 1.684753 9.907081 -1.738996
v 1.713412 9.909710 -1.738996
v 1.706805 9.929132 -1.738996
v 1.706805 9.929132 -1.738996
v 1.721437 9.966665 -1.738996
v 1.714571 9.958121 -1.738996
v 1.714571 9.958121 -1.738996
v 1.706805 9.987091 -1.738996
v 1.706805 9.987091 -1.738996
v 1.708189 10.018017 -1.738996
v 1.684753 10.009144 -1.738996
v 1.684753 10.009144 -1.738996
v 1.676970 10.060910 -1.738996
v 1.654641 10.017203 -1.738996
v 1.654641 10.017203 -1.738996
v 1.632156 10.089310 -1.738996
v 1.634889 10.011911 -1.738996
v 1.634889 10.011911 -1.738996
v 1.634889 10.011911 -1.738996
v 1.640182 10.031662 -1.738996
v 1.640182 10.031662 -1.738996
v 1.632105 10.061791 -1.738996
v 1.632105 10.061791 -1.738996
v 1.610070 10.083827 -1.738996
v 1.610070 10.083827 -1.738996
v 1.579940 10.091905 -1.738996
v 1.579940 10.091905 -1.738996
v 1.549828 10.083827 -1.862972
v 1.527776 10.061791 -1.862972
v 1.519716 10.031662 -1.862972
v 1.525009 10.011911 -1.862972
v 1.525009 10.011911 -1.862972
v 1.505240 10.017203 -1.862972
v 1.475128 10.009144 -1.862972
v 1.453093 9.987091 -1.862972
v 1.445327 9.958121 -1.862972
v 1.453093 9.929132 -1.862972
v 1.475128 9.907081 -1.862972
v 1.505240 9.899020 -1.862972
v 1.525009 9.904313 -1.862972
v 1.525009 9.904313 -1.862972
v 1.519716 9.884562 -1.862972
v 1.519716 9.884562 -1.862972
v 1.527776 9.854432 -1.862972
v 1.549828 9.832397 -1.862972
v 1.579940 9.824320 -1.862972
v 1.610070 9.832397 -1.862972
v 1.632105 9.854432 -1.862972
v 1.640182 9.884562 -1.862972
v 1.634889 9.904313 -1.862972
v 1.634889 9.904313 -1.862972
v 1.654641 9.899020 -1.862972
v 1.684753 9.907081 -1.862972
v 1.706805 9.929132 -1.862972
v 1.714571 9.958121 -1.862972
v 1.706805 9.987091 -1.862972
v 1.684753 10.009144 -1.862972
v 1.654641 10.017203 -1.862972
v 1.634889 10.011911 -1.862972
v 1.634889 10.011911 -1.862972
v 1.640182 10.031662 -1.862972
v 1.632105 10.061791 -1.862972
v 1.610070 10.083827 -1.862972
v 1.579940 10.091905 -1.862972
v -1.633542 10.099237 -1.738996
v -1.685654 10.089310 -1.738996
v -1.663775 10.083827 -1.738996
v -1.663775 10.083827 -1.738996
v -1.685827 10.061791 -1.738996
v -1.685827 10.061791 -1.738996
v -1.730468 10.060910 -1.738996
v -1.693887 10.031662 -1.738996
v -1.693887 10.031662 -1.738996
v -1.761687 10.018017 -1.738996
v -1.688594 10.011911 -1.738996
v -1.688594 10.011911 -1.738996
v -1.688594 10.011911 -1.738996
v -1.708364 10.017203 -1.738996
v -1.708364 10.017203 -1.738996
v -1.738476 10.009144 -1.738996
v -1.738476 10.009144 -1.738996
v -1.760510 9.987091 -1.738996
v -1.760510 9.987091 -1.738996
v -1.774935 9.966665 -1.738996
v -1.768276 9.958121 -1.738996
v -1.768276 9.958121 -1.738996
v -1.760510 9.929132 -1.738996
v -1.760510 9.929132 -1.738996
v -1.766910 9.909710 -1.738996
v -1.738476 9.907081 -1.738996
v -1.738476 9.907081 -1.738996
v -1.736902 9.860641 -1.738996
v -1.708364 9.899020 -1.738996
v -1.708364 9.899020 -1.738996
v -1.689857 9.827555 -1.738996
v -1.688594 9.904313 -1.738996
v -1.688594 9.904313 -1.738996
v -1.688594 9.904313 -1.738996
v -1.693887 9.884562 -1.738996
v -1.693887 9.884562 -1.738996
v -1.693887 9.884562 -1.738996
v -1.685827 9.854432 -1.738996
v -1.685827 9.854432 -1.738996
v -1.663775 9.832397 -1.738996
v -1.663775 9.832397 -1.738996
v -1.633542 9.815880 -1.738996
v -1.633663 9.824320 -1.738996
v -1.633663 9.824320 -1.738996
v -1.603534 9.832397 -1.738996
v -1.603534 9.832397 -1.738996
v -1.577227 9.827555 -1.738996
v -1.581499 9.854432 -1.738996
v -1.581499 9.854432 -1.738996
v -1.578714 9.904313 -1.738996
v -1.578714 9.904313 -1.738996
v -1.578714 9.904313 -1.738996
v -1.573422 9.884562 -1.738996
v -1.573422 9.884562 -1.738996
v -1.558962 9.899020 -1.738996
v -1.558962 9.899020 -1.738996
v -1.530199 9.860641 -1.738996
v -1.528850 9.907081 -1.738996
v -1.528850 9.907081 -1.738996
v -1.500191 9.909710 -1.738996
v -1.506798 9.929132 -1.738996
v -1.506798 9.929132 -1.738996
v -1.492166 9.966665 -1.738996
v -1.499032 9.958121 -1.738996
v -1.499032 9.958121 -1.738996
v -1.506798 9.987091 -1.738996
v -1.506798 9.987091 -1.738996
v -1.505414 10.018017 -1.738996
v -1.528850 10.009144 -1.738996
v -1.528850 10.009144 -1.738996
v -1.536633 10.060910 -1.738996
v -1.558962 10.017203 -1.738996
v -1.558962 10.017203 -1.738996
v -1.581447 10.089310 -1.738996
v -1.578714 10.011911 -1.738996
v -1.578714 10.011911 -1.738996
v -1.578714 10.011911 -1.738996
v -1.573422 10.031662 -1.738996
v -1.573422 10.031662 -1.738996
v -1.581499 10.061791 -1.738996
v -1.581499 10.061791 -1.738996
v -1.603534 10.083827 -1.738996
v -1.603534 10.083827 -1.738996
v -1.633663 10.091905 -1.738996
v -1.633663 10.091905 -1.738996
v -1.663775 10.083827 -1.862972
v -1.685827 10.061791 -1.862972
v -1.693887 10.031662 -1.862972
v -1.688594 10.011911 -1.862972
v -1.688594 10.011911 -1.862972
v -1.708364 10.017203 -1.862972
v -1.738476 10.009144 -1.862972
v -1.760510 9.987091 -1.862972
v -1.768276 9.958121 -1.862972
v -1.760510 9.929132 -1.862972
v -1.738476 9.907081 -1.862972
v -1.708364 9.899020 -1.862972
v -1.688594 9.904313 -1.862972
v -1.688594 9.904313 -1.862972
v -1.693887 9.884562 -1.862972
v -1.693887 9.884562 -1.862972
v -1.685827 9.854432 -1.862972
v -1.663775 9.832397 -1.862972
v -1.633663 9.824320 -1.862972
v -1.603534 9.832397 -1.862972
v -1.581499 9.854432 -1.862972
v -1.573422 9.884562 -1.862972
v -1.578714 9.904313 -1.862972
v -1.578714 9.904313 -1.862972
v -1.558962 9.899020 -1.862972
v -1.528850 9.907081 -1.862972
v -1.506798 9.929132 -1.862972
v -1.499032 9.958121 -1.862972
v -1.506798 9.987091 -1.862972
v -1.528850 10.009144 -1.862972
v -1.558962 10.017203 -1.862972
v -1.578714 10.011911 -1.862972
v -1.578714 10.011911 -1.862972
v -1.573422 10.031662 -1.862972
v -1.581499 10.061791 -1.862972
v -1.603534 10.083827 -1.862972
v -1.633663 10.091905 -1.862972
v -4.595347 10.099237 -1.738996
v -4.647460 10.089310 -1.738996
v -4.625581 10.083827 -1.738996
v -4.625581 10.083827 -1.738996
v -4.647633 10.061791 -1.738996
v -4.647633 10.061791 -1.738996
v -4.692273 10.060910 -1.738996
v -4.655710 10.031662 -1.738996
v -4.655710 10.031662 -1.738996
v -4.723493 10.018017 -1.738996
v -4.650400 10.011911 -1.738996
v -4.650400 10.011911 -1.738996
v -4.650400 10.011911 -1.738996
v -4.670169 10.017203 -1.738996
v -4.670169 10.017203 -1.738996
v -4.700282 10.009144 -1.738996
v -4.700282 10.009144 -1.738996
v -4.722334 9.987091 -1.738996
v -4.722334 9.987091 -1.738996
v -4.736741 9.966665 -1.738996
v -4.730083 9.958121 -1.738996
v -4.730083 9.958121 -1.738996
v -4.722334 9.929132 -1.738996
v -4.722334 9.929132 -1.738996
v -4.728716 9.909710 -1.738996
v -4.700282 9.907081 -1.738996
v -4.700282 9.907081 -1.738996
v -4.698708 9.860641 -1.738996
v -4.670169 9.899020 -1.738996
v -4.670169 9.899020 -1.738996
v -4.651663 9.827555 -1.738996
v -4.650400 9.904313 -1.738996
v -4.650400 9.904313 -1.738996
v -4.650400 9.904313 -1.738996
v -4.655710 9.884562 -1.738996
v -4.655710 9.884562 -1.738996
v -4.655710 9.884562 -1.738996
v -4.647633 9.854432 -1.738996
v -4.647633 9.854432 -1.738996
v -4.625581 9.832397 -1.738996
v -4.625581 9.832397 -1.738996
v -4.595347 9.815880 -1.738996
v -4.595469 9.824320 -1.738996
v -4.595469 9.824320 -1.738996
v -4.565340 9.832397 -1.738996
v -4.565340 9.832397 -1.738996
v -4.539032 9.827555 -1.738996
v -4.543304 9.854432 -1.738996
v -4.543304 9.854432 -1.738996
v -4.540520 9.904313 -1.738996
v -4.540520 9.904313 -1.738996
v -4.540520 9.904313 -1.738996
v -4.535227 9.884562 -1.738996
v -4.535227 9.884562 -1.738996
v -4.520768 9.899020 -1.738996
v -4.520768 9.899020 -1.738996
v -4.492005 9.860641 -1.738996
v -4.490656 9.907081 -1.738996
v -4.490656 9.907081 -1.738996
v -4.461997 9.909710 -1.738996
v -4.468604 9.929132 -1.738996
v -4.468604 9.929132 -1.738996
v -4.453971 9.966665 -1.738996
v -4.460838 9.958121 -1.738996
v -4.460838 9.958121 -1.738996
v -4.468604 9.987091 -1.738996
v -4.468604 9.987091 -1.738996
v -4.467220 10.018017 -1.738996
v -4.490656 10.009144 -1.738996
v -4.490656 10.009144 -1.738996
v -4.498439 10.060910 -1.738996
v -4.520768 10.017203 -1.738996
v -4.520768 10.017203 -1.738996
v -4.543253 10.089310 -1.738996
v -4.540520 10.011911 -1.738996
v -4.540520 10.011911 -1.738996
v -4.540520 10.011911 -1.738996
v -4.535227 10.031662 -1.738996
v -4.535227 10.031662 -1.738996
v -4.543304 10.061791 -1.738996
v -4.543304 10.061791 -1.738996
v -4.565340 10.083827 -1.738996
v -4.565340 10.083827 -1.738996
v -4.595469 10.091905 -1.738996
v -4.595469 10.091905 -1.738996
v -4.625581 10.083827 -1.862972
v -4.647633 10.061791 -1.862972
v -4.655710 10.031662 -1.862972
v -4.650400 10.011911 -1.862972
v -4.650400 10.011911 -1.862972
v -4.670169 10.017203 -1.862972
v -4.700282 10.009144 -1.862972
v -4.722334 9.987091 -1.862972
v -4.730083 9.958121 -1.862972
v -4.722334 9.929132 -1.862972
v -4.700282 9.907081 -1.862972
v -4.670169 9.899020 -1.862972
v -4.650400 9.904313 -1.862972
v -4.650400 9.904313 -1.862972
v -4.655710 9.884562 -1.862972
v -4.655710 9.884562 -1.862972
v -4.647633 9.854432 -1.862972
v -4.625581 9.832397 -1.862972
v -4.595469 9.824320 -1.862972
v -4.565340 9.832397 -1.862972
v -4.543304 9.854432 -1.862972
v -4.535227 9.884562 -1.862972
v -4.540520 9.904313 -1.862972
v -4.540520 9.904313 -1.862972
v -4.520768 9.899020 -1.862972
v -4.490656 9.907081 -1.862972
v -4.468604 9.929132 -1.862972
v -4.460838 9.958121 -1.862972
v -4.468604 9.987091 -1.862972
v -4.490656 10.009144 -1.862972
v -4.520768 10.017203 -1.862972
v -4.540520 10.011911 -1.862972
v -4.540520 10.011911 -1.862972
v -4.535227 10.031662 -1.862972
v -4.543304 10.061791 -1.862972
v -4.565340 10.083827 -1.862972
v -4.595469 10.091905 -1.862972
v -7.556353 10.111426 0.028976
v -7.556353 10.101499 0.081071
v -7.556353 10.096017 0.058984
v -7.556353 10.096017 0.058984
v -7.556353 10.073981 0.081036
v -7.556353 10.073981 0.081036
v -7.556353 10.024100 0.083803
v -7.556353 10.024100 0.083803
v -7.556353 10.024100 0.083803
v -7.556353 10.043852 0.089096
v -7.556353 10.043852 0.089096
v -7.556353 10.029392 0.103555
v -7.556353 10.029392 0.103555
v -7.556353 10.073099 0.125884
v -7.556353 10.021333 0.133667
v -7.556353 10.021333 0.133667
v -7.556353 10.030206 0.157103
v -7.556353 9.999280 0.155719
v -7.556353 9.999280 0.155719
v -7.556353 9.978854 0.170352
v -7.556353 9.970310 0.163485
v -7.556353 9.970310 0.163485
v -7.556353 9.941322 0.155719
v -7.556353 9.941322 0.155719
v -7.556353 9.921899 0.162326
v -7.556353 9.919271 0.133667
v -7.556353 9.919271 0.133667
v -7.556353 9.872831 0.132318
v -7.556353 9.911210 0.103555
v -7.556353 9.911210 0.103555
v -7.556353 9.839744 0.085291
v -7.556353 9.916503 0.083803
v -7.556353 9.916503 0.083803
v -7.556353 9.916503 0.083803
v -7.556353 9.896750 0.089096
v -7.556353 9.896750 0.089096
v -7.556353 9.866622 0.081036
v -7.556353 9.866622 0.081036
v -7.556353 9.844586 0.058984
v -7.556353 9.844586 0.058984
v -7.556353 9.828069 0.028976
v -7.556353 9.836510 0.028855
v -7.556353 9.836510 0.028855
v -7.556353 9.844586 -0.001258
v -7.556353 9.844586 -0.001258
v -7.556353 9.839744 -0.027340
v -7.556353 9.866622 -0.023310
v -7.556353 9.866622 -0.023310
v -7.556353 9.916503 -0.026077
v -7.556353 9.916503 -0.026077
v -7.556353 9.916503 -0.026077
v -7.556353 9.896750 -0.031387
v -7.556353 9.896750 -0.031387
v -7.556353 9.896750 -0.031387
v -7.556353 9.911210 -0.045846
v -7.556353 9.911210 -0.045846
v -7.556353 9.872831 -0.074384
v -7.556353 9.919271 -0.075958
v -7.556353 9.919271 -0.075958
v -7.556353 9.921899 -0.104392
v -7.556353 9.941322 -0.098010
v -7.556353 9.941322 -0.098010
v -7.556353 9.978854 -0.112418
v -7.556353 9.970310 -0.105759
v -7.556353 9.970310 -0.105759
v -7.556353 9.999280 -0.098010
v -7.556353 9.999280 -0.098010
v -7.556353 10.030206 -0.099169
v -7.556353 10.021333 -0.075958
v -7.556353 10.021333 -0.075958
v -7.556353 10.024100 -0.026077
v -7.556353 10.024100 -0.026077
v -7.556353 10.024100 -0.026077
v -7.556353 10.029392 -0.045846
v -7.556353 10.029392 -0.045846
v -7.556353 10.043852 -0.031387
v -7.556353 10.043852 -0.031387
v -7.556353 10.073099 -0.067950
v -7.556353 10.073981 -0.023310
v -7.556353 10.073981 -0.023310
v -7.556353 10.101499 -0.023137
v -7.556353 10.096017 -0.001258
v -7.556353 10.096017 -0.001258
v -7.556353 10.104094 0.028855
v -7.556353 10.104094 0.028855
v -7.680330 10.104094 0.028855
v -7.680330 10.096017 0.058984
v -7.680330 10.073981 0.081036
v -7.680330 10.043852 0.089096
v -7.680330 10.024100 0.083803
v -7.680330 10.024100 0.083803
v -7.680330 10.029392 0.103555
v -7.680330 10.021333 0.133667
v -7.680330 9.999280 0.155719
v -7.680330 9.970310 0.163485
v -7.680330 9.941322 0.155719
v -7.680330 9.919271 0.133667
v -7.680330 9.911210 0.103555
v -7.680330 9.916503 0.083803
v -7.680330 9.916503 0.083803
v -7.680330 9.896750 0.089096
v -7.680330 9.866622 0.081036
v -7.680330 9.844586 0.058984
v -7.680330 9.836510 0.028855
v -7.680330 9.844586 -0.001258
v -7.680330 9.866622 -0.023310
v -7.680330 9.896750 -0.031387
v -7.680330 9.896750 -0.031387
v -7.680330 9.916503 -0.026077
v -7.680330 9.916503 -0.026077
v -7.680330 9.911210 -0.045846
v -7.680330 9.919271 -0.075958
v -7.680330 9.941322 -0.098010
v -7.680330 9.970310 -0.105759
v -7.680330 9.999280 -0.098010
v -7.680330 10.021333 -0.075958
v -7.680330 10.029392 -0.045846
v -7.680330 10.024100 -0.026077
v -7.680330 10.024100 -0.026077
v -7.680330 10.043852 -0.031387
v -7.680330 10.073981 -0.023310
v -7.680330 10.096017 -0.001258
v 4.541072 10.099237 1.766910
v 4.593167 10.089310 1.766910
v 4.571080 10.083827 1.766910
v 4.571080 10.083827 1.766910
v 4.593132 10.061791 1.766910
v 4.593132 10.061791 1.766910
v 4.595900 10.011911 1.766910
v 4.595900 10.011911 1.766910
v 4.595900 10.011911 1.766910
v 4.601192 10.031662 1.766910
v 4.601192 10.031662 1.766910
v 4.615652 10.017203 1.766910
v 4.615652 10.017203 1.766910
v 4.637980 10.060910 1.766910
v 4.645764 10.009144 1.766910
v 4.645764 10.009144 1.766910
v 4.669200 10.018017 1.766910
v 4.667816 9.987091 1.766910
v 4.667816 9.987091 1.766910
v 4.682448 9.966665 1.766910
v 4.675581 9.958121 1.766910
v 4.675581 9.958121 1.766910
v 4.667816 9.929132 1.766910
v 4.667816 9.929132 1.766910
v 4.674423 9.909710 1.766910
v 4.645764 9.907081 1.766910
v 4.645764 9.907081 1.766910
v 4.644414 9.860641 1.766910
v 4.615652 9.899020 1.766910
v 4.615652 9.899020 1.766910
v 4.597387 9.827555 1.766910
v 4.595900 9.904313 1.766910
v 4.595900 9.904313 1.766910
v 4.595900 9.904313 1.766910
v 4.601192 9.884562 1.766910
v 4.601192 9.884562 1.766910
v 4.593132 9.854432 1.766910
v 4.593132 9.854432 1.766910
v 4.571080 9.832397 1.766910
v 4.571080 9.832397 1.766910
v 4.541072 9.815880 1.766910
v 4.540951 9.824320 1.766910
v 4.540951 9.824320 1.766910
v 4.510839 9.832397 1.766910
v 4.510839 9.832397 1.766910
v 4.484757 9.827555 1.766910
v 4.488787 9.854432 1.766910
v 4.488787 9.854432 1.766910
v 4.486020 9.904313 1.766910
v 4.486020 9.904313 1.766910
v 4.486020 9.904313 1.766910
v 4.480710 9.884562 1.766910
v 4.480710 9.884562 1.766910
v 4.480710 9.884562 1.766910
v 4.466250 9.899020 1.766910
v 4.466250 9.899020 1.766910
v 4.437712 9.860641 1.766910
v 4.436138 9.907081 1.766910
v 4.436138 9.907081 1.766910
v 4.407704 9.909710 1.766910
v 4.414104 9.929132 1.766910
v 4.414104 9.929132 1.766910
v 4.399679 9.966665 1.766910
v 4.406338 9.958121 1.766910
v 4.406338 9.958121 1.766910
v 4.414104 9.987091 1.766910
v 4.414104 9.987091 1.766910
v 4.412927 10.018017 1.766910
v 4.436138 10.009144 1.766910
v 4.436138 10.009144 1.766910
v 4.486020 10.011911 1.766910
v 4.486020 10.011911 1.766910
v 4.486020 10.011911 1.766910
v 4.466250 10.017203 1.766910
v 4.466250 10.017203 1.766910
v 4.480710 10.031662 1.766910
v 4.480710 10.031662 1.766910
v 4.444146 10.060910 1.766910
v 4.488787 10.061791 1.766910
v 4.488787 10.061791 1.766910
v 4.488960 10.089310 1.766910
v 4.510839 10.083827 1.766910
v 4.510839 10.083827 1.766910
v 4.540951 10.091905 1.766910
v 4.540951 10.091905 1.766910
v 4.540951 10.091905 1.890887
v 4.571080 10.083827 1.890887
v 4.593132 10.061791 1.890887
v 4.601192 10.031662 1.890887
v 4.595900 10.011911 1.890887
v 4.595900 10.011911 1.890887
v 4.615652 10.017203 1.890887
v 4.645764 10.009144 1.890887
v 4.667816 9.987091 1.890887
v 4.675581 9.958121 1.890887
v 4.667816 9.929132 1.890887
v 4.645764 9.907081 1.890887
v 4.615652 9.899020 1.890887
v 4.595900 9.904313 1.890887
v 4.595900 9.904313 1.890887
v 4.601192 9.884562 1.890887
v 4.593132 9.854432 1.890887
v 4.571080 9.832397 1.890887
v 4.540951 9.824320 1.890887
v 4.510839 9.832397 1.890887
v 4.488787 9.854432 1.890887
v 4.480710 9.884562 1.890887
v 4.480710 9.884562 1.890887
v 4.486020 9.904313 1.890887
v 4.486020 9.904313 1.890887
v 4.466250 9.899020 1.890887
v 4.436138 9.907081 1.890887
v 4.414104 9.929132 1.890887
v 4.406338 9.958121 1.890887
v 4.414104 9.987091 1.890887
v 4.436138 10.009144 1.890887
v 4.466250 10.017203 1.890887
v 4.486020 10.011911 1.890887
v 4.486020 10.011911 1.890887
v 4.480710 10.031662 1.890887
v 4.488787 10.061791 1.890887
v 4.510839 10.083827 1.890887
v 1.580061 10.099237 1.766910
v 1.632156 10.089310 1.766910
v 1.610070 10.083827 1.766910
v 1.610070 10.083827 1.766910
v 1.632105 10.061791 1.766910
v 1.632105 10.061791 1.766910
v 1.634889 10.011911 1.766910
v 1.634889 10.011911 1.766910
v 1.634889 10.011911 1.766910
v 1.640182 10.031662 1.766910
v 1.640182 10.031662 1.766910
v 1.654641 10.017203 1.766910
v 1.654641 10.017203 1.766910
v 1.676970 10.060910 1.766910
v 1.684753 10.009144 1.766910
v 1.684753 10.009144 1.766910
v 1.708189 10.018017 1.766910
v 1.706805 9.987091 1.766910
v 1.706805 9.987091 1.766910
v 1.721437 9.966665 1.766910
v 1.714571 9.958121 1.766910
v 1.714571 9.958121 1.766910
v 1.706805 9.929132 1.766910
v 1.706805 9.929132 1.766910
v 1.713412 9.909710 1.766910
v 1.684753 9.907081 1.766910
v 1.684753 9.907081 1.766910
v 1.683404 9.860641 1.766910
v 1.654641 9.899020 1.766910
v 1.654641 9.899020 1.766910
v 1.636377 9.827555 1.766910
v 1.634889 9.904313 1.766910
v 1.634889 9.904313 1.766910
v 1.634889 9.904313 1.766910
v 1.640182 9.884562 1.766910
v 1.640182 9.884562 1.766910
v 1.632105 9.854432 1.766910
v 1.632105 9.854432 1.766910
v 1.610070 9.832397 1.766910
v 1.610070 9.832397 1.766910
v 1.580061 9.815880 1.766910
v 1.579940 9.824320 1.766910
v 1.579940 9.824320 1.766910
v 1.549828 9.832397 1.766910
v 1.549828 9.832397 1.766910
v 1.523746 9.827555 1.766910
v 1.527776 9.854432 1.766910
v 1.527776 9.854432 1.766910
v 1.525009 9.904313 1.766910
v 1.525009 9.904313 1.766910
v 1.525009 9.904313 1.766910
v 1.519716 9.884562 1.766910
v 1.519716 9.884562 1.766910
v 1.519716 9.884562 1.766910
v 1.505240 9.899020 1.766910
v 1.505240 9.899020 1.766910
v 1.476701 9.860641 1.766910
v 1.475128 9.907081 1.766910
v 1.475128 9.907081 1.766910
v 1.446693 9.909710 1.766910
v 1.453093 9.929132 1.766910
v 1.453093 9.929132 1.766910
v 1.438668 9.966665 1.766910
v 1.445327 9.958121 1.766910
v 1.445327 9.958121 1.766910
v 1.453093 9.987091 1.766910
v 1.453093 9.987091 1.766910
v 1.451917 10.018017 1.766910
v 1.475128 10.009144 1.766910
v 1.475128 10.009144 1.766910
v 1.525009 10.011911 1.766910
v 1.525009 10.011911 1.766910
v 1.525009 10.011911 1.766910
v 1.505240 10.017203 1.766910
v 1.505240 10.017203 1.766910
v 1.519716 10.031662 1.766910
v 1.519716 10.031662 1.766910
v 1.483136 10.060910 1.766910
v 1.527776 10.061791 1.766910
v 1.527776 10.061791 1.766910
v 1.527949 10.089310 1.766910
v 1.549828 10.083827 1.766910
v 1.549828 10.083827 1.766910
v 1.579940 10.091905 1.766910
v 1.579940 10.091905 1.766910
v 1.579940 10.091905 1.890887
v 1.610070 10.083827 1.890887
v 1.632105 10.061791 1.890887
v 1.640182 10.031662 1.890887
v 1.634889 10.011911 1.890887
v 1.634889 10.011911 1.890887
v 1.654641 10.017203 1.890887
v 1.684753 10.009144 1.890887
v 1.706805 9.987091 1.890887
v 1.714571 9.958121 1.890887
v 1.706805 9.929132 1.890887
v 1.684753 9.907081 1.890887
v 1.654641 9.899020 1.890887
v 1.634889 9.904313 1.890887
v 1.634889 9.904313 1.890887
v 1.640182 9.884562 1.890887
v 1.632105 9.854432 1.890887
v 1.610070 9.832397 1.890887
v 1.579940 9.824320 1.890887
v 1.549828 9.832397 1.890887
v 1.527776 9.854432 1.890887
v 1.519716 9.884562 1.890887
v 1.519716 9.884562 1.890887
v 1.525009 9.904313 1.890887
v 1.525009 9.904313 1.890887
v 1.505240 9.899020 1.890887
v 1.475128 9.907081 1.890887
v 1.453093 9.929132 1.890887
v 1.445327 9.958121 1.890887
v 1.453093 9.987091 1.890887
v 1.475128 10.009144 1.890887
v 1.505240 10.017203 1.890887
v 1.525009 10.011911 1.890887
v 1.525009 10.011911 1.890887
v 1.519716 10.031662 1.890887
v 1.527776 10.061791 1.890887
v 1.549828 10.083827 1.890887
v -1.633542 10.099237 1.766910
v -1.581447 10.089310 1.766910
v -1.603534 10.083827 1.766910
v -1.603534 10.083827 1.766910
v -1.581499 10.061791 1.766910
v -1.581499 10.061791 1.766910
v -1.578714 10.011911 1.766910
v -1.578714 10.011911 1.766910
v -1.578714 10.011911 1.766910
v -1.573422 10.031662 1.766910
v -1.573422 10.031662 1.766910
v -1.558962 10.017203 1.766910
v -1.558962 10.017203 1.766910
v -1.536633 10.060910 1.766910
v -1.528850 10.009144 1.766910
v -1.528850 10.009144 1.766910
v -1.505414 10.018017 1.766910
v -1.506798 9.987091 1.766910
v -1.506798 9.987091 1.766910
v -1.492166 9.966665 1.766910
v -1.499032 9.958121 1.766910
v -1.499032 9.958121 1.766910
v -1.506798 9.929132 1.766910
v -1.506798 9.929132 1.766910
v -1.500191 9.909710 1.766910
v -1.528850 9.907081 1.766910
v -1.528850 9.907081 1.766910
v -1.530199 9.860641 1.766910
v -1.558962 9.899020 1.766910
v -1.558962 9.899020 1.766910
v -1.577227 9.827555 1.766910
v -1.578714 9.904313 1.766910
v -1.578714 9.904313 1.766910
v -1.578714 9.904313 1.766910
v -1.573422 9.884562 1.766910
v -1.573422 9.884562 1.766910
v -1.581499 9.854432 1.766910
v -1.581499 9.854432 1.766910
v -1.603534 9.832397 1.766910
v -1.603534 9.832397 1.766910
v -1.633542 9.815880 1.766910
v -1.633663 9.824320 1.766910
v -1.633663 9.824320 1.766910
v -1.663775 9.832397 1.766910
v -1.663775 9.832397 1.766910
v -1.689857 9.827555 1.766910
v -1.685827 9.854432 1.766910
v -1.685827 9.854432 1.766910
v -1.688594 9.904313 1.766910
v -1.688594 9.904313 1.766910
v -1.688594 9.904313 1.766910
v -1.693887 9.884562 1.766910
v -1.693887 9.884562 1.766910
v -1.693887 9.884562 1.766910
v -1.708364 9.899020 1.766910
v -1.708364 9.899020 1.766910
v -1.736902 9.860641 1.766910
v -1.738476 9.907081 1.766910
v -1.738476 9.907081 1.766910
v -1.766910 9.909710 1.766910
v -1.760510 9.929132 1.766910
v -1.760510 9.929132 1.766910
v -1.774935 9.966665 1.766910
v -1.768276 9.958121 1.766910
v -1.768276 9.958121 1.766910
v -1.760510 9.987091 1.766910
v -1.760510 9.987091 1.766910
v -1.761687 10.018017 1.766910
v -1.738476 10.009144 1.766910
v -1.738476 10.009144 1.766910
v -1.688594 10.011911 1.766910
v -1.688594 10.011911 1.766910
v -1.688594 10.011911 1.766910
v -1.708364 10.017203 1.766910
v -1.708364 10.017203 1.766910
v -1.693887 10.031662 1.766910
v -1.693887 10.031662 1.766910
v -1.730468 10.060910 1.766910
v -1.685827 10.061791 1.766910
v -1.685827 10.061791 1.766910
v -1.685654 10.089310 1.766910
v -1.663775 10.083827 1.766910
v -1.663775 10.083827 1.766910
v -1.633663 10.091905 1.766910
v -1.633663 10.091905 1.766910
v -1.633663 10.091905 1.890887
v -1.603534 10.083827 1.890887
v -1.581499 10.061791 1.890887
v -1.573422 10.031662 1.890887
v -1.578714 10.011911 1.890887
v -1.578714 10.011911 1.890887
v -1.558962 10.017203 1.890887
v -1.528850 10.009144 1.890887
v -1.506798 9.987091 1.890887
v -1.499032 9.958121 1.890887
v -1.506798 9.929132 1.890887
v -1.528850 9.907081 1.890887
v -1.558962 9.899020 1.890887
v -1.578714 9.904313 1.890887
v -1.578714 9.904313 1.890887
v -1.573422 9.884562 1.890887
v -1.581499 9.854432 1.890887
v -1.603534 9.832397 1.890887
v -1.633663 9.824320 1.890887
v -1.663775 9.832397 1.890887
v -1.685827 9.854432 1.890887
v -1.693887 9.884562 1.890887
v -1.693887 9.884562 1.890887
v -1.688594 9.904313 1.890887
v -1.688594 9.904313 1.890887
v -1.708364 9.899020 1.890887
v -1.738476 9.907081 1.890887
v -1.760510 9.929132 1.890887
v -1.768276 9.958121 1.890887
v -1.760510 9.987091 1.890887
v -1.738476 10.009144 1.890887
v -1.708364 10.017203 1.890887
v -1.688594 10.011911 1.890887
v -1.688594 10.011911 1.890887
v -1.693887 10.031662 1.890887
v -1.685827 10.061791 1.890887
v -1.663775 10.083827 1.890887
v -4.595348 10.099237 1.766910
v -4.543253 10.089310 1.766910
v -4.565340 10.083827 1.766910
v -4.565340 10.083827 1.766910
v -4.543305 10.061791 1.766910
v -4.543305 10.061791 1.766910
v -4.540520 10.011911 1.766910
v -4.540520 10.011911 1.766910
v -4.540520 10.011911 1.766910
v -4.535228 10.031662 1.766910
v -4.535228 10.031662 1.766910
v -4.520769 10.017203 1.766910
v -4.520769 10.017203 1.766910
v -4.498440 10.060910 1.766910
v -4.490657 10.009144 1.766910
v -4.490657 10.009144 1.766910
v -4.467221 10.018017 1.766910
v -4.468605 9.987091 1.766910
v -4.468605 9.987091 1.766910
v -4.453972 9.966665 1.766910
v -4.460839 9.958121 1.766910
v -4.460839 9.958121 1.766910
v -4.468605 9.929132 1.766910
v -4.468605 9.929132 1.766910
v -4.461998 9.909710 1.766910
v -4.490657 9.907081 1.766910
v -4.490657 9.907081 1.766910
v -4.492006 9.860641 1.766910
v -4.520769 9.899020 1.766910
v -4.520769 9.899020 1.766910
v -4.539033 9.827555 1.766910
v -4.540520 9.904313 1.766910
v -4.540520 9.904313 1.766910
v -4.540520 9.904313 1.766910
v -4.535228 9.884562 1.766910
v -4.535228 9.884562 1.766910
v -4.543305 9.854432 1.766910
v -4.543305 9.854432 1.766910
v -4.565340 9.832397 1.766910
v -4.565340 9.832397 1.766910
v -4.595348 9.815880 1.766910
v -4.595469 9.824320 1.766910
v -4.595469 9.824320 1.766910
v -4.625581 9.832397 1.766910
v -4.625581 9.832397 1.766910
v -4.651663 9.827555 1.766910
v -4.647634 9.854432 1.766910
v -4.647634 9.854432 1.766910
v -4.650401 9.904313 1.766910
v -4.650401 9.904313 1.766910
v -4.650401 9.904313 1.766910
v -4.655711 9.884562 1.766910
v -4.655711 9.884562 1.766910
v -4.655711 9.884562 1.766910
v -4.670170 9.899020 1.766910
v -4.670170 9.899020 1.766910
v -4.698708 9.860641 1.766910
v -4.700282 9.907081 1.766910
v -4.700282 9.907081 1.766910
v -4.728716 9.909710 1.766910
v -4.722334 9.929132 1.766910
v -4.722334 9.929132 1.766910
v -4.736742 9.966665 1.766910
v -4.730083 9.958121 1.766910
v -4.730083 9.958121 1.766910
v -4.722334 9.987091 1.766910
v -4.722334 9.987091 1.766910
v -4.723475 10.018017 1.766910
v -4.700282 10.009144 1.766910
v -4.700282 10.009144 1.766910
v -4.650401 10.011911 1.766910
v -4.650401 10.011911 1.766910
v -4.650401 10.011911 1.766910
v -4.670170 10.017203 1.766910
v -4.670170 10.017203 1.766910
v -4.655711 10.031662 1.766910
v -4.655711 10.031662 1.766910
v -4.692274 10.060910 1.766910
v -4.647634 10.061791 1.766910
v -4.647634 10.061791 1.766910
v -4.647460 10.089310 1.766910
v -4.625581 10.083827 1.766910
v -4.625581 10.083827 1.766910
v -4.595469 10.091905 1.766910
v -4.595469 10.091905 1.766910
v -4.595469 10.091905 1.890887
v -4.565340 10.083827 1.890887
v -4.543305 10.061791 1.890887
v -4.535228 10.031662 1.890887
v -4.540520 10.011911 1.890887
v -4.540520 10.011911 1.890887
v -4.520769 10.017203 1.890887
v -4.490657 10.009144 1.890887
v -4.468605 9.987091 1.890887
v -4.460839 9.958121 1.890887
v -4.468605 9.929132 1.890887
v -4.490657 9.907081 1.890887
v -4.520769 9.899020 1.890887
v -4.540520 9.904313 1.890887
v -4.540520 9.904313 1.890887
v -4.535228 9.884562 1.890887
v -4.543305 9.854432 1.890887
v -4.565340 9.832397 1.890887
v -4.595469 9.824320 1.890887
v -4.625581 9.832397 1.890887
v -4.647634 9.854432 1.890887
v -4.655711 9.884562 1.890887
v -4.655711 9.884562 1.890887
v -4.650401 9.904313 1.890887
v -4.650401 9.904313 1.890887
v -4.670170 9.899020 1.890887
v -4.700282 9.907081 1.890887
v -4.722334 9.929132 1.890887
v -4.730083 9.958121 1.890887
v -4.722334 9.987091 1.890887
v -4.700282 10.009144 1.890887
v -4.670170 10.017203 1.890887
v -4.650401 10.011911 1.890887
v -4.650401 10.011911 1.890887
v -4.655711 10.031662 1.890887
v -4.647634 10.061791 1.890887
v -4.625581 10.083827 1.890887
vn -0.0000 -0.4366 0.8996
vn -0.0000 -0.6334 0.7738
vn -0.5240 -0.6254 0.5781
vn -0.4006 -0.8110 0.4263
vn -0.0000 -0.7763 0.6304
vn -0.2814 -0.9004 0.3317
vn -0.0000 -0.8885 0.4588
vn -0.1796 -0.9614 0.2087
vn -0.0000 -0.9736 0.2281
vn 0.2188 -0.9533 0.2080
vn 0.3094 -0.8894 0.3365
vn 0.4508 -0.7743 0.4442
vn 0.5796 -0.5864 0.5660
vn 0.6652 -0.3327 0.6684
vn -0.0000 -0.2170 0.9762
vn -0.6717 -0.3326 0.6619
vn -0.6717 -0.3326 0.6620
vn -0.5240 -0.6255 0.5781
vn -0.6640 -0.3435 -0.6641
vn -0.5291 -0.6606 -0.5326
vn -0.3880 -0.8360 -0.3880
vn -0.2803 -0.9189 -0.2774
vn -0.1756 -0.9687 -0.1756
vn -0.0000 -0.4366 -0.8996
vn -0.5240 -0.6255 -0.5781
vn -0.0000 -0.6330 -0.7742
vn -0.4006 -0.8110 -0.4263
vn -0.0000 -0.7763 -0.6304
vn -0.2814 -0.9004 -0.3317
vn -0.0000 -0.8885 -0.4588
vn -0.0000 -0.9736 -0.2282
vn -0.1796 -0.9614 -0.2086
vn -0.1756 -0.9687 0.1756
vn -0.2803 -0.9189 0.2774
vn -0.3880 -0.8360 0.3880
vn -0.5291 -0.6606 0.5325
vn -0.5240 -0.6254 -0.5781
vn -0.6640 -0.3435 0.6641
vn -0.6717 -0.3326 -0.6620
vn -0.6718 -0.3326 -0.6619
vn -0.0000 -0.2176 -0.9760
vn 0.6652 -0.3326 -0.6685
vn 0.5796 -0.5863 -0.5660
vn 0.4508 -0.7743 -0.4442
vn 0.3094 -0.8894 -0.3365
vn 0.2188 -0.9534 -0.2080
vn 0.0841 -0.9929 -0.0840
vn -0.0000 -1.0000 0.0002
vn -0.0788 -0.9940 -0.0765
vn -0.0740 -0.9945 0.0737
vn -0.0000 -1.0000 -0.0000
vn -0.0734 -0.9973 -0.0000
vn -0.0740 -0.9945 -0.0738
vn -0.0787 -0.9940 0.0765
vn 0.0841 -0.9929 0.0841
vn 0.0001 -1.0000 -0.0000
vn 0.2337 -0.9723 -0.0000
vn 0.4399 -0.8981 -0.0000
vn 0.6153 -0.7883 -0.0000
vn 0.7908 -0.6121 -0.0000
vn 0.5796 -0.5863 0.5660
vn 0.9041 -0.4274 -0.0000
vn 0.6652 -0.3326 0.6685
vn 0.9708 -0.2398 -0.0000
vn 0.9919 -0.1266 -0.0000
vn 0.6905 -0.1582 0.7058
vn 0.6906 -0.1582 0.7057
vn -0.0000 -0.1008 0.9949
vn -0.6839 -0.1748 0.7084
vn -0.6838 -0.1748 0.7084
vn -0.6915 -0.2086 -0.6916
vn -0.0000 -0.1492 -0.9888
vn -0.6916 -0.2087 -0.6915
vn -0.0000 -0.2390 -0.9710
vn -0.6641 -0.3435 -0.6640
vn -0.0000 -0.4873 -0.8732
vn -0.5291 -0.6606 -0.5325
vn -0.0000 -0.7057 -0.7085
vn -0.0000 -0.8308 -0.5565
vn -0.0000 -0.9233 -0.3840
vn -0.0000 -0.9807 -0.1955
vn -0.0000 -0.9807 0.1954
vn -0.0000 -0.9233 0.3840
vn -0.0000 -0.8308 0.5565
vn -0.0000 -0.7057 0.7085
vn -0.5292 -0.6606 0.5325
vn -0.0000 -0.4874 0.8732
vn -0.6641 -0.3435 0.6641
vn -0.0000 -0.2391 0.9710
vn -0.0000 -0.1492 0.9888
vn -0.6916 -0.2086 0.6915
vn -0.6915 -0.2087 0.6916
vn -0.6838 -0.1748 -0.7084
vn -0.6839 -0.1748 -0.7084
vn -0.0000 -0.1007 -0.9949
vn 0.6906 -0.1581 -0.7057
vn 0.6905 -0.1582 -0.7058
vn 0.9041 -0.4273 -0.0000
vn 0.5795 -0.5864 -0.5660
vn 0.6152 -0.7883 -0.0000
vn 0.4399 -0.8980 -0.0000
vn -0.0000 -0.4367 0.8996
vn 0.3096 -0.5363 0.7852
vn -0.0000 -0.6330 0.7742
vn 0.2394 -0.7307 0.6394
vn 0.1659 -0.8531 0.4947
vn 0.1222 -0.9366 0.3284
vn 0.1448 -0.9876 0.0607
vn 0.3303 -0.9367 0.1164
vn 0.4584 -0.8696 0.1834
vn 0.6427 -0.7278 0.2394
vn 0.6427 -0.7277 0.2395
vn 0.7967 -0.5238 0.3016
vn 0.7967 -0.5237 0.3015
vn 0.3097 -0.5363 0.7852
vn 0.8904 -0.2938 0.3477
vn 0.3507 -0.2908 0.8902
vn 0.3506 -0.2908 0.8902
vn -0.0004 -0.2204 0.9754
vn -0.6678 -0.3290 0.6677
vn -0.5830 -0.5829 0.5660
vn -0.4401 -0.7791 0.4465
vn -0.3059 -0.8909 0.3359
vn -0.2215 -0.9533 0.2053
vn 0.0581 -0.9882 0.1418
vn 0.0120 -0.9996 -0.0242
vn -0.0202 -0.9997 0.0141
vn -0.0000 -0.8886 0.4587
vn 0.1692 -0.8519 0.4956
vn 0.2428 -0.7316 0.6370
vn -0.0000 -0.6333 0.7739
vn 0.3098 -0.5399 0.7827
vn -0.3098 -0.5399 0.7827
vn -0.2428 -0.7316 0.6370
vn -0.1691 -0.8519 0.4956
vn -0.1222 -0.9366 0.3285
vn 0.1445 -0.9878 0.0582
vn 0.3278 -0.9372 0.1192
vn 0.4681 -0.8650 0.1807
vn 0.6503 -0.7198 0.2431
vn 0.6503 -0.7197 0.2431
vn 0.7936 -0.5302 0.2985
vn 0.7937 -0.5301 0.2984
vn 0.3099 -0.5399 0.7826
vn 0.8875 -0.3009 0.3490
vn 0.3501 -0.2872 0.8916
vn -0.0000 -0.2171 0.9762
vn -0.3501 -0.2872 0.8916
vn -0.8875 -0.3009 0.3490
vn -0.7937 -0.5302 0.2984
vn -0.3099 -0.5399 0.7826
vn -0.7936 -0.5302 0.2984
vn -0.6493 -0.7218 0.2396
vn -0.6493 -0.7218 0.2395
vn -0.4680 -0.8650 0.1808
vn -0.4681 -0.8650 0.1807
vn -0.3278 -0.9372 0.1192
vn -0.1444 -0.9878 0.0582
vn -0.0583 -0.9882 0.1418
vn -0.0000 -1.0000 0.0039
vn 0.3098 -0.5399 0.7826
vn 0.1223 -0.9366 0.3284
vn 0.7936 -0.5302 0.2984
vn 0.8875 -0.3008 0.3490
vn 0.3501 -0.2873 0.8916
vn 0.3500 -0.2872 0.8916
vn -0.3500 -0.2872 0.8916
vn -0.1445 -0.9878 0.0582
vn -0.0582 -0.9882 0.1418
vn 0.1445 -0.9878 0.0583
vn -0.3096 -0.5363 0.7852
vn -0.2394 -0.7307 0.6394
vn -0.1659 -0.8531 0.4947
vn -0.1222 -0.9366 0.3284
vn 0.6427 -0.7278 0.2395
vn 0.3507 -0.2907 0.8902
vn -0.0000 -0.2204 0.9754
vn -0.3506 -0.2907 0.8902
vn -0.8904 -0.2938 0.3478
vn -0.3507 -0.2907 0.8902
vn -0.7967 -0.5237 0.3015
vn -0.3096 -0.5362 0.7852
vn -0.7967 -0.5238 0.3016
vn -0.6427 -0.7278 0.2395
vn -0.6427 -0.7278 0.2394
vn -0.4610 -0.8689 0.1803
vn -0.3303 -0.9367 0.1164
vn -0.1448 -0.9876 0.0607
vn -0.0203 -0.9997 0.0141
vn -0.0583 -0.9882 0.1419
vn 0.0119 -0.9996 -0.0242
vn -0.0000 -0.6333 -0.7739
vn 0.3096 -0.5363 -0.7852
vn 0.2394 -0.7307 -0.6394
vn 0.1659 -0.8531 -0.4947
vn 0.1223 -0.9366 -0.3284
vn 0.0581 -0.9882 -0.1418
vn -0.0000 -0.9736 -0.2285
vn -0.2215 -0.9533 -0.2053
vn -0.3059 -0.8908 -0.3359
vn -0.4401 -0.7791 -0.4466
vn -0.5830 -0.5830 -0.5660
vn -0.6678 -0.3290 -0.6677
vn 0.0001 -0.2193 -0.9756
vn 0.3506 -0.2907 -0.8902
vn 0.3507 -0.2908 -0.8902
vn 0.3097 -0.5362 -0.7852
vn 0.8904 -0.2938 -0.3477
vn 0.7967 -0.5237 -0.3015
vn 0.7967 -0.5238 -0.3016
vn 0.6427 -0.7278 -0.2395
vn 0.6427 -0.7278 -0.2394
vn 0.4584 -0.8696 -0.1834
vn 0.3303 -0.9367 -0.1164
vn 0.1451 -0.9876 -0.0604
vn 0.0121 -0.9996 0.0242
vn -0.0202 -0.9997 -0.0141
vn -0.1222 -0.9366 -0.3285
vn -0.1691 -0.8519 -0.4956
vn -0.2428 -0.7316 -0.6370
vn -0.0000 -0.6334 -0.7739
vn -0.3098 -0.5399 -0.7826
vn -0.0000 -0.4367 -0.8996
vn 0.3098 -0.5399 -0.7827
vn 0.2428 -0.7316 -0.6370
vn 0.1692 -0.8519 -0.4957
vn 0.1223 -0.9366 -0.3285
vn 0.0582 -0.9882 -0.1418
vn -0.0581 -0.9882 -0.1419
vn -0.1444 -0.9878 -0.0582
vn -0.3278 -0.9372 -0.1192
vn -0.4681 -0.8650 -0.1807
vn -0.4680 -0.8650 -0.1808
vn -0.6493 -0.7218 -0.2396
vn -0.7936 -0.5302 -0.2984
vn -0.8875 -0.3009 -0.3490
vn -0.7937 -0.5301 -0.2984
vn -0.3501 -0.2872 -0.8916
vn -0.3099 -0.5399 -0.7826
vn 0.3500 -0.2872 -0.8916
vn 0.3501 -0.2872 -0.8916
vn 0.3099 -0.5398 -0.7826
vn 0.8875 -0.3009 -0.3490
vn 0.7937 -0.5301 -0.2984
vn 0.7936 -0.5302 -0.2984
vn 0.6503 -0.7198 -0.2431
vn 0.4680 -0.8650 -0.1808
vn 0.4681 -0.8650 -0.1807
vn 0.3278 -0.9372 -0.1192
vn 0.1444 -0.9878 -0.0582
vn -0.0000 -1.0000 -0.0039
vn -0.0000 -0.9736 -0.2283
vn -0.1223 -0.9366 -0.3285
vn -0.3098 -0.5399 -0.7827
vn 0.1692 -0.8519 -0.4956
vn 0.0582 -0.9882 -0.1419
vn -0.0581 -0.9882 -0.1418
vn -0.1444 -0.9878 -0.0583
vn -0.7936 -0.5302 -0.2985
vn -0.8875 -0.3009 -0.3489
vn -0.3500 -0.2872 -0.8916
vn 0.3501 -0.2873 -0.8916
vn 0.3099 -0.5399 -0.7826
vn 0.4680 -0.8650 -0.1807
vn -0.1223 -0.9366 -0.3284
vn -0.1659 -0.8531 -0.4947
vn -0.2394 -0.7307 -0.6394
vn -0.3096 -0.5363 -0.7852
vn -0.0000 -0.4366 -0.8997
vn 0.3096 -0.5362 -0.7852
vn 0.0122 -0.9996 0.0244
vn -0.0203 -0.9997 -0.0141
vn -0.1451 -0.9876 -0.0604
vn -0.3303 -0.9367 -0.1164
vn -0.4610 -0.8689 -0.1803
vn -0.6427 -0.7278 -0.2394
vn -0.6427 -0.7277 -0.2395
vn -0.7967 -0.5238 -0.3016
vn -0.8904 -0.2938 -0.3478
vn -0.7967 -0.5237 -0.3015
vn -0.3507 -0.2908 -0.8902
vn -0.3096 -0.5362 -0.7852
vn -0.3506 -0.2908 -0.8902
vn -0.0000 -0.2193 -0.9757
vn 0.8904 -0.2938 -0.3478
vn -0.0000 -0.8886 -0.4588
vn 0.1558 -0.8588 -0.4881
vn 0.2182 -0.7482 -0.6266
vn 0.5724 -0.7872 -0.2296
vn 0.4225 -0.8888 -0.1777
vn 0.2742 -0.9543 -0.1186
vn 0.1048 -0.9379 -0.3306
vn 0.2780 -0.5466 -0.7899
vn 0.2781 -0.5466 -0.7899
vn 0.7467 -0.5890 -0.3090
vn 0.7503 -0.5970 0.2841
vn 0.5663 -0.7972 0.2093
vn 0.4198 -0.8942 0.1552
vn 0.2730 -0.9569 0.0989
vn 0.1232 -0.9911 0.0500
vn 0.1259 -0.9906 -0.0526
vn 0.0555 -0.9891 -0.1363
vn -0.6493 -0.7218 -0.2395
vn 0.3542 -0.2912 -0.8887
vn 0.8891 -0.3004 -0.3454
vn 0.8846 -0.3079 0.3502
vn 0.8846 -0.3080 0.3503
vn 0.7502 -0.5970 0.2842
vn 0.3502 -0.3079 0.8846
vn 0.2841 -0.5971 0.7502
vn 0.2093 -0.7972 0.5663
vn 0.1523 -0.8936 0.4223
vn 0.0988 -0.9569 0.2730
vn 0.0495 -0.9911 0.1232
vn 0.0139 -0.9999 -0.0000
vn 0.4225 -0.8888 0.1778
vn 0.1559 -0.8587 0.4882
vn 0.5724 -0.7870 0.2302
vn 0.2182 -0.7482 0.6266
vn 0.1048 -0.9379 0.3306
vn 0.2744 -0.9542 0.1192
vn 0.2730 -0.9569 -0.0988
vn 0.4198 -0.8942 -0.1553
vn 0.5663 -0.7972 -0.2093
vn 0.7502 -0.5970 -0.2841
vn 0.7467 -0.5890 0.3089
vn 0.2183 -0.7482 0.6266
vn 0.2781 -0.5466 0.7898
vn 0.2780 -0.5466 0.7899
vn -0.1223 -0.9366 0.3284
vn 0.0555 -0.9891 0.1363
vn 0.1260 -0.9906 0.0527
vn 0.1232 -0.9911 -0.0500
vn 0.0500 -0.9911 -0.1231
vn 0.0988 -0.9569 -0.2730
vn 0.1523 -0.8936 -0.4223
vn 0.2093 -0.7972 -0.5663
vn 0.2841 -0.5970 -0.7502
vn 0.7502 -0.5970 -0.2842
vn 0.3502 -0.3079 -0.8846
vn 0.8846 -0.3080 -0.3503
vn 0.8846 -0.3080 -0.3502
vn 0.8891 -0.3003 0.3454
vn 0.7467 -0.5890 0.3090
vn 0.8891 -0.3004 0.3455
vn 0.3542 -0.2912 0.8887
vn -0.4680 -0.8650 0.1807
vn -0.1445 -0.9878 0.0583
vn -0.0584 -0.9882 0.1418
vn -0.0000 -0.8933 -0.4494
vn -0.0000 -0.7664 -0.6423
vn -0.1758 -0.8493 -0.4977
vn -0.2395 -0.7189 -0.6525
vn -0.0000 -0.6247 -0.7809
vn -0.3073 -0.5571 -0.7715
vn -0.0000 -0.4557 -0.8901
vn 0.2790 -0.5644 -0.7769
vn 0.2150 -0.7386 -0.6389
vn 0.1593 -0.8555 -0.4927
vn 0.1043 -0.9413 -0.3209
vn -0.0000 -0.9750 -0.2223
vn 0.0531 -0.9893 -0.1360
vn 0.0242 -0.9997 -0.0000
vn -0.0120 -0.9999 0.0119
vn -0.0202 -0.9997 0.0142
vn -0.7454 -0.5943 0.3020
vn -0.5838 -0.7774 0.2341
vn -0.7523 -0.5961 -0.2805
vn -0.5778 -0.7879 -0.2132
vn -0.4225 -0.8887 0.1777
vn -0.4198 -0.8942 -0.1553
vn -0.2742 -0.9543 0.1186
vn -0.2731 -0.9569 -0.0988
vn -0.1258 -0.9907 0.0526
vn -0.1232 -0.9911 -0.0500
vn -0.7454 -0.5943 -0.3020
vn -0.7523 -0.5961 0.2805
vn -0.5838 -0.7774 -0.2341
vn -0.5778 -0.7879 0.2132
vn -0.4225 -0.8888 -0.1777
vn -0.4198 -0.8942 0.1553
vn -0.2742 -0.9543 -0.1186
vn -0.2730 -0.9569 0.0988
vn -0.1258 -0.9907 -0.0526
vn -0.1232 -0.9911 0.0500
vn -0.0202 -0.9997 -0.0142
vn -0.0120 -0.9999 -0.0120
vn 0.0245 -0.9997 -0.0000
vn 0.0531 -0.9893 0.1360
vn -0.0000 -0.9750 0.2223
vn 0.1043 -0.9413 0.3209
vn -0.0000 -0.8933 0.4494
vn 0.1593 -0.8555 0.4927
vn -0.0000 -0.7665 0.6423
vn 0.2150 -0.7386 0.6389
vn -0.0000 -0.6247 0.7809
vn 0.2790 -0.5644 0.7769
vn -0.0000 -0.4557 0.8901
vn -0.3073 -0.5570 0.7716
vn -0.2396 -0.7188 0.6526
vn -0.1758 -0.8493 0.4977
vn -0.1216 -0.9400 0.3187
vn -0.0580 -0.9885 0.1397
vn -0.0001 -1.0000 -0.0039
vn -0.0117 -0.9999 0.0120
vn 0.0580 -0.9885 0.1394
vn 0.1216 -0.9400 0.3187
vn -0.0000 -0.8950 0.4462
vn 0.1690 -0.8539 0.4922
vn -0.0000 -0.7714 0.6363
vn 0.2325 -0.7259 0.6473
vn -0.0000 -0.6274 0.7787
vn 0.3071 -0.5535 0.7742
vn -0.0000 -0.4555 0.8903
vn -0.3071 -0.5535 0.7742
vn -0.2325 -0.7259 0.6473
vn -0.1690 -0.8539 0.4922
vn -0.0580 -0.9885 0.1394
vn -0.0120 -0.9996 -0.0244
vn -0.0120 -0.9999 -0.0119
vn 0.0242 -0.9997 0.0002
vn 0.0579 -0.9885 0.1397
vn 0.1216 -0.9400 0.3188
vn -0.0000 -0.8933 0.4495
vn 0.1758 -0.8493 0.4977
vn -0.0000 -0.7665 0.6422
vn 0.2396 -0.7188 0.6526
vn 0.3073 -0.5570 0.7715
vn -0.3073 -0.5570 0.7715
vn -0.1216 -0.9400 0.3188
vn -0.0581 -0.9886 0.1391
vn 0.0581 -0.9886 0.1391
vn -0.0120 -0.9999 0.0120
vn 0.0580 -0.9885 0.1395
vn -0.0000 -0.8949 0.4462
vn 0.1215 -0.9400 0.3188
vn -0.0840 -0.9929 -0.0840
vn -0.2364 -0.9717 -0.0000
vn -0.4399 -0.8980 -0.0000
vn -0.6031 -0.7977 -0.0000
vn -0.7859 -0.6183 -0.0000
vn -0.5829 -0.5829 -0.5660
vn -0.9070 -0.4210 -0.0000
vn -0.6677 -0.3290 -0.6678
vn -0.9741 -0.2259 0.0024
vn -0.9931 -0.1173 -0.0000
vn -0.6967 -0.1582 -0.6997
vn 0.0001 -0.1058 -0.9944
vn 0.3628 -0.1423 -0.9210
vn 0.3628 -0.1423 -0.9209
vn 0.3507 -0.2907 -0.8902
vn 0.9193 -0.1485 -0.3644
vn 0.9931 -0.1174 -0.0000
vn 0.9742 -0.2259 0.0024
vn 0.9070 -0.4210 -0.0000
vn 0.7859 -0.6183 -0.0000
vn 0.6031 -0.7977 -0.0000
vn 0.2365 -0.9716 -0.0000
vn -0.0001 -1.0000 -0.0000
vn -0.2337 -0.9723 -0.0000
vn -0.4399 -0.8981 -0.0000
vn -0.6152 -0.7883 -0.0000
vn -0.7908 -0.6121 -0.0000
vn -0.9041 -0.4274 -0.0000
vn -0.9710 -0.2393 -0.0000
vn -0.9919 -0.1270 -0.0000
vn -0.9163 -0.1550 -0.3693
vn -0.9163 -0.1550 -0.3694
vn -0.8875 -0.3008 -0.3490
vn -0.3586 -0.1390 -0.9231
vn -0.0000 -0.1008 -0.9949
vn 0.3587 -0.1390 -0.9231
vn 0.9163 -0.1551 -0.3694
vn 0.9919 -0.1270 -0.0000
vn 0.9163 -0.1550 -0.3693
vn 0.9710 -0.2392 -0.0000
vn 0.7906 -0.6123 -0.0000
vn 0.6503 -0.7197 -0.2430
vn 0.6151 -0.7884 -0.0000
vn 0.2338 -0.9723 -0.0000
vn -0.0000 -1.0000 -0.0002
vn -0.6151 -0.7884 -0.0000
vn -0.7906 -0.6123 -0.0000
vn -0.9040 -0.4275 -0.0000
vn -0.9710 -0.2392 -0.0000
vn -0.3587 -0.1390 -0.9231
vn 0.3587 -0.1390 -0.9230
vn 0.8875 -0.3008 -0.3490
vn 0.9709 -0.2394 -0.0000
vn -0.2365 -0.9716 -0.0000
vn -0.9931 -0.1174 -0.0000
vn -0.9193 -0.1485 -0.3644
vn -0.3628 -0.1423 -0.9209
vn -0.3628 -0.1423 -0.9210
vn -0.0000 -0.1055 -0.9944
vn 0.9741 -0.2259 0.0024
vn -0.9163 -0.1551 -0.3693
vn 0.3535 -0.1447 -0.9242
vn 0.3543 -0.2912 -0.8886
vn 0.9124 -0.1739 -0.3706
vn 0.9147 -0.1887 0.3573
vn 0.9147 -0.1887 0.3574
vn 0.3572 -0.1888 0.9147
vn -0.0000 -0.8308 0.5566
vn -0.0000 -0.8308 -0.5566
vn -0.0000 -0.4873 -0.8733
vn -0.0000 -0.2391 -0.9710
vn 0.3573 -0.1887 -0.9147
vn 0.9147 -0.1887 -0.3574
vn 0.9147 -0.1887 -0.3573
vn 0.9124 -0.1739 0.3706
vn 0.3543 -0.2912 0.8886
vn 0.3535 -0.1447 0.9242
vn -0.3587 -0.1390 0.9231
vn -0.9163 -0.1551 0.3693
vn 0.9742 -0.2259 -0.0024
vn 0.9193 -0.1485 0.3644
vn 0.3628 -0.1423 0.9209
vn 0.3627 -0.1423 0.9210
vn -0.0000 -0.1058 0.9944
vn -0.3628 -0.1423 0.9209
vn -0.9193 -0.1485 0.3644
vn -0.9742 -0.2259 -0.0024
vn 0.6503 -0.7197 0.2430
vn 0.9163 -0.1550 0.3693
vn 0.3587 -0.1390 0.9231
vn -0.9163 -0.1550 0.3693
vn -0.9919 -0.1271 -0.0000
vn -0.6152 -0.7884 -0.0000
vn -0.2339 -0.9723 -0.0000
vn 0.9710 -0.2391 -0.0000
vn 0.9919 -0.1271 -0.0000
vn -0.0000 -0.1055 0.9944
vn -0.6967 -0.1582 0.6997
vn -0.6966 -0.1582 0.6997
vn -0.9741 -0.2259 -0.0023
vn -0.6677 -0.3290 0.6678
vn -0.5829 -0.5830 0.5660
vn -0.7859 -0.6184 -0.0000
vn -0.2364 -0.9716 -0.0000
vn -0.0841 -0.9929 0.0842
vn -0.0001 -0.4551 -0.8904
vn -0.0000 -0.6274 -0.7787
vn 0.3071 -0.5535 -0.7742
vn 0.2325 -0.7259 -0.6473
vn -0.0000 -0.7714 -0.6363
vn 0.1690 -0.8539 -0.4922
vn -0.0000 -0.8949 -0.4463
vn 0.1216 -0.9400 -0.3187
vn 0.0580 -0.9885 -0.1395
vn -0.0118 -0.9999 -0.0120
vn -0.0002 -1.0000 0.0040
vn -0.0580 -0.9885 -0.1394
vn -0.1216 -0.9400 -0.3187
vn -0.0000 -0.8933 -0.4495
vn -0.1758 -0.8494 -0.4977
vn -0.0000 -0.7664 -0.6424
vn -0.2396 -0.7188 -0.6526
vn -0.3073 -0.5570 -0.7715
vn 0.3073 -0.5570 -0.7715
vn 0.2396 -0.7188 -0.6526
vn 0.1758 -0.8493 -0.4977
vn 0.1216 -0.9400 -0.3188
vn 0.0581 -0.9886 -0.1391
vn -0.0581 -0.9886 -0.1392
vn -0.1216 -0.9400 -0.3188
vn 0.0579 -0.9885 -0.1397
vn 0.0244 -0.9997 -0.0001
vn -0.0120 -0.9996 0.0242
vn -0.0580 -0.9886 -0.1392
vn -0.0000 -0.8949 -0.4462
vn -0.1690 -0.8539 -0.4922
vn -0.2325 -0.7259 -0.6473
vn -0.3071 -0.5535 -0.7742
vn -0.0000 -0.4551 -0.8904
vn 0.3071 -0.5534 -0.7742
vn 0.1215 -0.9400 -0.3188
vn 0.0580 -0.9885 -0.1394
vn -0.0001 -1.0000 0.0040
vn -0.3304 -0.9366 -0.1164
vn -0.4751 -0.8611 -0.1811
vn -0.6489 -0.7186 -0.2500
vn -0.6489 -0.7185 -0.2501
vn -0.7930 -0.5329 -0.2951
vn -0.7931 -0.5329 -0.2950
vn -0.8892 -0.3034 -0.3425
vn -0.3513 -0.2943 -0.8888
vn -0.0000 -0.2202 -0.9755
vn 0.3549 -0.2947 -0.8872
vn 0.8906 -0.2999 -0.3419
vn 0.7475 -0.5935 -0.2984
vn 0.2791 -0.5645 -0.7769
vn 0.2151 -0.7386 -0.6389
vn 0.7475 -0.5935 -0.2983
vn 0.5743 -0.7835 -0.2372
vn 0.4286 -0.8864 -0.1749
vn 0.2761 -0.9545 -0.1131
vn 0.1258 -0.9907 -0.0526
vn -0.0000 -0.9997 -0.0245
vn -0.3342 -0.2953 -0.8951
vn -0.8848 -0.3140 -0.3443
vn -0.2830 -0.5724 -0.7696
vn -0.7460 -0.5988 -0.2914
vn -0.2151 -0.7386 -0.6389
vn -0.5778 -0.7809 -0.2374
vn -0.1590 -0.8595 -0.4857
vn -0.4251 -0.8881 -0.1747
vn -0.1043 -0.9413 -0.3209
vn -0.2736 -0.9548 -0.1157
vn -0.0530 -0.9893 -0.1361
vn -0.1259 -0.9907 -0.0526
vn -0.0123 -0.9996 0.0245
vn -0.0555 -0.9891 0.1363
vn -0.1051 -0.9379 0.3306
vn -0.1558 -0.8587 0.4882
vn -0.2183 -0.7453 0.6299
vn -0.5838 -0.7774 0.2342
vn -0.7453 -0.5944 0.3020
vn -0.2183 -0.7453 0.6300
vn -0.2857 -0.5555 0.7809
vn -0.3307 -0.2949 0.8965
vn -0.8754 -0.3294 0.3538
vn -0.8784 -0.3161 -0.3586
vn -0.3259 -0.3079 -0.8939
vn -0.2842 -0.5970 -0.7502
vn -0.2841 -0.5970 -0.7503
vn -0.2129 -0.7930 -0.5708
vn -0.1522 -0.8936 -0.4224
vn -0.0988 -0.9569 -0.2730
vn -0.0495 -0.9911 -0.1234
vn -0.0139 -0.9999 -0.0000
vn -0.0498 -0.9911 0.1232
vn -0.0989 -0.9569 0.2731
vn -0.1522 -0.8936 0.4224
vn -0.2129 -0.7930 0.5708
vn -0.2841 -0.5970 0.7502
vn -0.3259 -0.3079 0.8939
vn -0.2842 -0.5970 0.7502
vn -0.8784 -0.3161 0.3586
vn -0.8754 -0.3294 -0.3538
vn -0.3306 -0.2949 -0.8965
vn -0.2857 -0.5555 -0.7809
vn -0.7453 -0.5944 -0.3020
vn -0.2183 -0.7453 -0.6300
vn -0.5838 -0.7774 -0.2342
vn -0.2183 -0.7453 -0.6299
vn -0.1558 -0.8588 -0.4881
vn -0.1048 -0.9379 -0.3306
vn -0.0555 -0.9891 -0.1363
vn -0.0123 -0.9996 -0.0243
vn -0.3341 -0.2954 0.8951
vn -0.2830 -0.5724 0.7696
vn -0.8848 -0.3141 0.3443
vn -0.7460 -0.5988 0.2914
vn -0.2150 -0.7386 0.6389
vn -0.5778 -0.7809 0.2374
vn -0.1590 -0.8596 0.4857
vn -0.5779 -0.7809 0.2374
vn -0.4251 -0.8881 0.1747
vn -0.1042 -0.9413 0.3210
vn -0.2736 -0.9549 0.1157
vn -0.0531 -0.9893 0.1360
vn -0.1259 -0.9906 0.0526
vn -0.0000 -0.9997 0.0242
vn 0.1260 -0.9906 0.0526
vn 0.2761 -0.9545 0.1131
vn 0.4286 -0.8864 0.1750
vn 0.5743 -0.7835 0.2372
vn 0.2151 -0.7386 0.6389
vn 0.7475 -0.5935 0.2983
vn 0.2791 -0.5645 0.7769
vn 0.8906 -0.2999 0.3419
vn 0.7475 -0.5935 0.2984
vn 0.3549 -0.2948 0.8872
vn -0.0000 -0.2202 0.9755
vn -0.3513 -0.2943 0.8888
vn -0.3514 -0.2943 0.8888
vn -0.8892 -0.3034 0.3425
vn -0.7931 -0.5329 0.2950
vn -0.7930 -0.5329 0.2951
vn -0.6489 -0.7186 0.2501
vn -0.6489 -0.7186 0.2500
vn -0.4751 -0.8611 0.1812
vn -0.1445 -0.9878 0.0581
vn -0.0039 -1.0000 0.0001
vn 0.1444 -0.9878 0.0582
vn 0.3296 -0.9373 0.1134
vn 0.4636 -0.8681 0.1771
vn 0.6370 -0.7316 0.2428
vn 0.6370 -0.7316 0.2429
vn 0.7956 -0.5293 0.2948
vn 0.8948 -0.2893 0.3400
vn 0.3530 -0.2842 0.8914
vn 0.3529 -0.2842 0.8914
vn -0.0000 -0.2201 0.9755
vn -0.3530 -0.2842 0.8914
vn -0.3071 -0.5534 0.7742
vn -0.8948 -0.2893 0.3400
vn -0.7956 -0.5293 0.2947
vn -0.7956 -0.5293 0.2948
vn -0.6370 -0.7316 0.2429
vn -0.6370 -0.7316 0.2428
vn -0.4636 -0.8681 0.1772
vn -0.3295 -0.9373 0.1135
vn -0.0001 -0.9997 0.0241
vn 0.1444 -0.9878 0.0583
vn 0.3305 -0.9366 0.1163
vn 0.4751 -0.8611 0.1811
vn 0.1759 -0.8493 0.4977
vn 0.6489 -0.7186 0.2500
vn 0.2397 -0.7188 0.6526
vn 0.6489 -0.7186 0.2501
vn 0.7930 -0.5329 0.2951
vn 0.8892 -0.3034 0.3425
vn 0.7931 -0.5329 0.2950
vn 0.3513 -0.2943 0.8888
vn -0.3513 -0.2942 0.8888
vn -0.1759 -0.8494 0.4977
vn -0.4751 -0.8611 0.1811
vn 0.6490 -0.7186 0.2500
vn 0.3295 -0.9373 0.1134
vn 0.4636 -0.8681 0.1772
vn 0.7955 -0.5293 0.2948
vn -0.0000 -0.2202 0.9754
vn -0.6768 -0.3253 0.6604
vn -0.5828 -0.5929 0.5556
vn -0.4339 -0.7765 0.4568
vn -0.3084 -0.8924 0.3294
vn -0.2209 -0.9541 0.2023
vn -0.0841 -0.9929 0.0841
vn 0.0817 -0.9931 0.0839
vn 0.2183 -0.9541 0.2048
vn 0.3166 -0.8864 0.3377
vn 0.4456 -0.7668 0.4620
vn -0.0000 -0.6247 0.7808
vn 0.5794 -0.5963 0.5556
vn -0.0000 -0.4558 0.8901
vn 0.6692 -0.3363 0.6626
vn -0.6757 -0.3362 0.6561
vn -0.5237 -0.6352 0.5676
vn -0.3961 -0.8018 0.4475
vn -0.2908 -0.8993 0.3265
vn -0.1793 -0.9621 0.2056
vn -0.0787 -0.9939 0.0767
vn 0.0787 -0.9940 -0.0765
vn 0.6422 -0.3506 0.6816
vn 0.6436 -0.3580 -0.6765
vn 0.5430 -0.6544 0.5262
vn 0.5343 -0.6290 -0.5647
vn 0.4017 -0.8065 -0.4338
vn 0.3923 -0.8320 0.3922
vn 0.2814 -0.9004 -0.3317
vn 0.2803 -0.9189 0.2775
vn 0.1796 -0.9613 -0.2087
vn 0.1756 -0.9687 0.1756
vn 0.0741 -0.9945 0.0737
vn 0.0733 -0.9973 -0.0000
vn 0.0734 -0.9973 -0.0000
vn 0.0742 -0.9945 -0.0738
vn 0.6422 -0.3506 -0.6816
vn 0.5430 -0.6544 -0.5262
vn 0.6436 -0.3579 0.6765
vn 0.5343 -0.6290 0.5648
vn 0.4017 -0.8065 0.4338
vn 0.3923 -0.8320 -0.3922
vn 0.2814 -0.9004 0.3317
vn 0.2803 -0.9189 -0.2775
vn 0.1796 -0.9613 0.2087
vn 0.1756 -0.9687 -0.1756
vn 0.0787 -0.9940 0.0765
vn -0.0787 -0.9940 -0.0764
vn -0.1793 -0.9621 -0.2055
vn -0.2908 -0.8993 -0.3265
vn -0.3961 -0.8018 -0.4475
vn -0.5237 -0.6352 -0.5676
vn -0.6757 -0.3362 -0.6561
vn 0.6692 -0.3362 -0.6627
vn 0.5794 -0.5963 -0.5556
vn 0.4456 -0.7668 -0.4620
vn 0.3166 -0.8864 -0.3377
vn 0.2184 -0.9541 -0.2048
vn 0.0817 -0.9931 -0.0839
vn -0.0841 -0.9929 -0.0841
vn -0.2209 -0.9541 -0.2023
vn -0.3085 -0.8924 -0.3293
vn -0.4340 -0.7766 -0.4568
vn -0.5828 -0.5930 -0.5556
vn -0.6767 -0.3254 -0.6604
vn -0.0000 -0.2198 -0.9756
vn 0.3529 -0.2842 -0.8914
vn 0.8948 -0.2893 -0.3401
vn 0.3530 -0.2842 -0.8914
vn 0.7956 -0.5293 -0.2948
vn 0.7955 -0.5293 -0.2948
vn 0.6370 -0.7316 -0.2429
vn 0.6370 -0.7316 -0.2428
vn 0.4636 -0.8681 -0.1772
vn 0.3296 -0.9373 -0.1134
vn -0.0039 -1.0000 -0.0001
vn -0.1445 -0.9878 -0.0582
vn -0.4751 -0.8611 -0.1812
vn -0.1759 -0.8493 -0.4977
vn -0.2397 -0.7188 -0.6526
vn -0.6489 -0.7186 -0.2501
vn 0.3513 -0.2942 -0.8888
vn 0.8892 -0.3034 -0.3425
vn 0.3513 -0.2943 -0.8888
vn 0.7931 -0.5329 -0.2950
vn 0.3074 -0.5570 -0.7715
vn 0.7930 -0.5330 -0.2951
vn 0.6489 -0.7186 -0.2501
vn 0.1759 -0.8493 -0.4977
vn 0.6489 -0.7186 -0.2500
vn 0.4751 -0.8611 -0.1811
vn 0.3304 -0.9366 -0.1164
vn -0.6490 -0.7186 -0.2500
vn 0.3514 -0.2943 -0.8888
vn 0.3305 -0.9366 -0.1163
vn 0.1445 -0.9878 -0.0582
vn -0.0001 -0.9997 -0.0241
vn -0.1445 -0.9878 -0.0583
vn -0.3296 -0.9373 -0.1134
vn -0.4636 -0.8681 -0.1772
vn -0.6370 -0.7316 -0.2428
vn -0.6370 -0.7316 -0.2429
vn -0.7956 -0.5293 -0.2948
vn -0.3071 -0.5534 -0.7742
vn -0.8948 -0.2893 -0.3400
vn -0.3530 -0.2842 -0.8914
vn -0.3529 -0.2842 -0.8914
vn 0.8948 -0.2893 -0.3400
vn 0.7956 -0.5293 -0.2947
vn 0.4636 -0.8681 -0.1771
vn -0.1445 -0.9878 -0.0581
vn -0.4430 -0.8965 -0.0000
vn -0.6153 -0.7883 -0.0000
vn -0.7907 -0.6122 -0.0000
vn -0.9036 -0.4283 0.0025
vn -0.9708 -0.2398 0.0024
vn -0.9165 -0.1489 -0.3713
vn -0.3581 -0.1240 -0.9254
vn -0.3580 -0.1239 -0.9255
vn -0.0000 -0.0847 -0.9964
vn 0.3537 -0.1326 -0.9259
vn 0.3538 -0.1327 -0.9259
vn 0.9113 -0.1680 -0.3759
vn 0.8906 -0.2999 -0.3418
vn 0.9888 -0.1492 -0.0000
vn 0.9708 -0.2397 0.0024
vn 0.8720 -0.4895 0.0053
vn 0.7071 -0.7071 0.0028
vn 0.5546 -0.8321 0.0026
vn 0.3837 -0.9235 -0.0000
vn 0.1958 -0.9806 -0.0000
vn 0.0002 -1.0000 -0.0000
vn -0.1957 -0.9807 -0.0000
vn -0.3837 -0.9235 -0.0000
vn -0.5563 -0.8310 -0.0000
vn -0.7208 -0.6931 0.0028
vn -0.7461 -0.5987 -0.2913
vn -0.8640 -0.5033 0.0081
vn -0.8848 -0.3140 -0.3442
vn -0.9656 -0.2596 0.0145
vn -0.9939 -0.1102 -0.0000
vn -0.9192 -0.1337 -0.3704
vn -0.8848 -0.3141 -0.3443
vn -0.9192 -0.1337 -0.3705
vn -0.3598 -0.1181 -0.9255
vn -0.0000 -0.0848 -0.9964
vn 0.0167 -0.2290 -0.9733
vn 0.0080 -0.4588 -0.8885
vn 0.0028 -0.6257 -0.7800
vn -0.0000 -0.7689 -0.6393
vn -0.0001 -0.8949 -0.4463
vn -0.0000 -0.6334 0.7739
vn -0.3306 -0.2948 0.8965
vn 0.0165 -0.2069 0.9782
vn -0.3086 -0.1326 0.9419
vn -0.9116 -0.1468 0.3839
vn -0.9117 -0.1467 0.3838
vn -0.9204 -0.1543 -0.3592
vn -0.9204 -0.1544 -0.3592
vn -0.8783 -0.3160 -0.3586
vn -0.3680 -0.1769 -0.9129
vn -0.3258 -0.3079 -0.8939
vn 0.0144 -0.2482 -0.9686
vn 0.0136 -0.4929 -0.8700
vn 0.0028 -0.7043 -0.7099
vn -0.0000 -0.9235 -0.3837
vn 0.0028 -0.7043 0.7099
vn 0.0135 -0.4929 0.8700
vn -0.3258 -0.3079 0.8939
vn 0.0145 -0.2482 0.9686
vn -0.3680 -0.1769 0.9129
vn -0.8783 -0.3161 0.3587
vn -0.9204 -0.1543 0.3592
vn -0.9117 -0.1467 -0.3838
vn -0.3306 -0.2948 -0.8965
vn -0.9116 -0.1468 -0.3839
vn -0.3085 -0.1326 -0.9419
vn 0.0165 -0.2069 -0.9782
vn -0.0000 -0.6334 -0.7738
vn -0.0000 -0.7689 0.6393
vn 0.0028 -0.6257 0.7801
vn 0.0080 -0.4588 0.8885
vn 0.0167 -0.2290 0.9733
vn -0.0000 -0.0848 0.9964
vn -0.3598 -0.1181 0.9255
vn -0.9192 -0.1337 0.3705
vn -0.9192 -0.1337 0.3704
vn -0.8848 -0.3141 0.3442
vn -0.9939 -0.1101 -0.0000
vn -0.9656 -0.2596 -0.0146
vn -0.8640 -0.5033 -0.0082
vn -0.7461 -0.5988 0.2913
vn -0.7208 -0.6931 -0.0027
vn -0.5564 -0.8309 -0.0000
vn -0.3837 -0.9234 -0.0000
vn -0.1959 -0.9806 -0.0000
vn 0.1959 -0.9806 -0.0000
vn 0.3838 -0.9234 -0.0001
vn 0.5546 -0.8321 -0.0026
vn 0.7071 -0.7071 -0.0028
vn 0.8720 -0.4895 -0.0053
vn 0.8906 -0.2999 0.3418
vn 0.9708 -0.2397 -0.0024
vn 0.9113 -0.1680 0.3759
vn 0.3549 -0.2947 0.8872
vn 0.3538 -0.1327 0.9259
vn 0.3537 -0.1327 0.9259
vn -0.0000 -0.0847 0.9964
vn -0.3580 -0.1239 0.9255
vn -0.3581 -0.1240 0.9254
vn -0.9165 -0.1489 0.3713
vn -0.9708 -0.2398 -0.0024
vn -0.9036 -0.4283 -0.0025
vn -0.4431 -0.8965 -0.0001
vn 0.6044 -0.7967 -0.0027
vn 0.7862 -0.6180 -0.0055
vn 0.9061 -0.4230 -0.0052
vn 0.9731 -0.2302 -0.0095
vn 0.9942 -0.1078 -0.0000
vn 0.9205 -0.1335 0.3672
vn 0.3631 -0.1183 0.9242
vn 0.3630 -0.1183 0.9242
vn -0.0000 -0.0866 0.9962
vn -0.3630 -0.1183 0.9242
vn -0.3631 -0.1183 0.9242
vn -0.3530 -0.2841 0.8914
vn -0.9205 -0.1335 0.3672
vn -0.9731 -0.2302 -0.0095
vn -0.9061 -0.4230 -0.0053
vn -0.7862 -0.6179 -0.0055
vn -0.6044 -0.7967 -0.0028
vn 0.4431 -0.8965 -0.0001
vn 0.7907 -0.6122 -0.0000
vn 0.9036 -0.4283 -0.0025
vn 0.9166 -0.1491 0.3710
vn 0.3514 -0.2943 0.8888
vn 0.3581 -0.1239 0.9254
vn 0.3580 -0.1239 0.9255
vn -0.0000 -0.0846 0.9964
vn -0.3581 -0.1239 0.9254
vn -0.9166 -0.1490 0.3711
vn -0.9708 -0.2397 -0.0024
vn -0.9036 -0.4283 -0.0026
vn -0.7906 -0.6123 -0.0001
vn -0.2338 -0.9723 -0.0000
vn 0.6152 -0.7883 -0.0001
vn 0.9166 -0.1490 0.3711
vn 0.3580 -0.1239 0.9254
vn -0.6988 -0.1386 0.7018
vn -0.9942 -0.1078 -0.0000
vn -0.6988 -0.1385 0.7018
vn -0.6767 -0.3254 0.6605
vn -0.9061 -0.4230 -0.0052
vn -0.5827 -0.5930 0.5557
vn -0.7862 -0.6180 -0.0055
vn -0.6044 -0.7967 -0.0027
vn 0.4431 -0.8965 -0.0002
vn 0.7907 -0.6123 -0.0000
vn 0.5794 -0.5963 0.5557
vn 0.9036 -0.4283 -0.0026
vn 0.6692 -0.3362 0.6627
vn 0.9708 -0.2398 -0.0024
vn 0.6870 -0.1482 0.7113
vn 0.6871 -0.1483 0.7113
vn -0.6836 -0.1647 0.7110
vn -0.9888 -0.1492 -0.0000
vn -0.6836 -0.1648 0.7111
vn -0.6756 -0.3362 0.6561
vn -0.8720 -0.4895 -0.0053
vn -0.5237 -0.6352 0.5677
vn -0.7071 -0.7071 -0.0028
vn -0.5547 -0.8320 -0.0027
vn -0.3838 -0.9234 -0.0001
vn -0.0002 -1.0000 -0.0000
vn 0.1962 -0.9806 -0.0000
vn 0.1789 -0.9628 0.2026
vn 0.3838 -0.9234 0.0001
vn 0.2868 -0.9021 0.3224
vn 0.5565 -0.8309 -0.0000
vn 0.3960 -0.8018 0.4476
vn 0.7222 -0.6917 -0.0055
vn 0.5339 -0.6386 0.5542
vn 0.8641 -0.5033 -0.0080
vn 0.6582 -0.3471 0.6681
vn 0.9656 -0.2596 -0.0146
vn 0.6915 -0.1352 0.7096
vn 0.6916 -0.1353 0.7095
vn -0.0168 -0.2289 0.9733
vn 0.6582 -0.3471 0.6680
vn -0.0079 -0.4588 0.8885
vn 0.5339 -0.6387 0.5541
vn -0.0027 -0.6258 0.7800
vn -0.0000 -0.7689 0.6394
vn 0.4017 -0.8066 -0.4337
vn 0.0001 -0.4366 -0.8996
vn 0.6437 -0.3579 -0.6765
vn -0.0164 -0.2069 -0.9782
vn 0.6441 -0.1511 -0.7499
vn 0.6440 -0.1512 -0.7499
vn 0.7015 -0.1815 0.6892
vn 0.7015 -0.1816 0.6891
vn 0.6423 -0.3506 0.6815
vn -0.0145 -0.2481 0.9686
vn -0.0135 -0.4929 0.8700
vn 0.5431 -0.6544 0.5261
vn -0.0028 -0.7043 0.7099
vn -0.0028 -0.7043 -0.7099
vn 0.3923 -0.8320 -0.3923
vn 0.5431 -0.6544 -0.5262
vn -0.0134 -0.4929 -0.8700
vn 0.6423 -0.3506 -0.6816
vn -0.0145 -0.2482 -0.9686
vn 0.7015 -0.1815 -0.6891
vn 0.7015 -0.1815 -0.6892
vn 0.6440 -0.1511 0.7499
vn 0.6441 -0.1512 0.7499
vn -0.0164 -0.2069 0.9782
vn 0.6437 -0.3580 0.6764
vn 0.5343 -0.6290 0.5647
vn 0.4017 -0.8066 0.4337
vn 0.1789 -0.9628 -0.2026
vn 0.2869 -0.9021 -0.3224
vn -0.0000 -0.7689 -0.6394
vn 0.3960 -0.8018 -0.4476
vn -0.0028 -0.6257 -0.7800
vn 0.5339 -0.6386 -0.5541
vn -0.0080 -0.4588 -0.8885
vn 0.6583 -0.3471 -0.6680
vn -0.0167 -0.2290 -0.9733
vn -0.0000 -0.0846 -0.9964
vn 0.6916 -0.1353 -0.7095
vn 0.6915 -0.1353 -0.7096
vn 0.9656 -0.2596 0.0146
vn 0.6582 -0.3471 -0.6681
vn 0.8641 -0.5033 0.0080
vn 0.5339 -0.6387 -0.5542
vn 0.7222 -0.6917 0.0055
vn -0.5547 -0.8320 0.0026
vn -0.7071 -0.7071 0.0028
vn -0.5237 -0.6352 -0.5677
vn -0.8720 -0.4895 0.0053
vn -0.9708 -0.2397 0.0024
vn -0.6836 -0.1647 -0.7111
vn -0.6836 -0.1648 -0.7110
vn 0.6871 -0.1483 -0.7113
vn 0.6870 -0.1483 -0.7113
vn 0.9708 -0.2398 0.0024
vn 0.6691 -0.3363 -0.6627
vn 0.9036 -0.4283 0.0026
vn 0.5793 -0.5963 -0.5557
vn 0.7906 -0.6123 0.0001
vn 0.4431 -0.8965 0.0001
vn -0.6044 -0.7967 0.0027
vn -0.7862 -0.6179 0.0055
vn -0.5828 -0.5929 -0.5557
vn -0.9061 -0.4230 0.0052
vn -0.6767 -0.3253 -0.6605
vn -0.9731 -0.2302 0.0095
vn -0.6988 -0.1385 -0.7018
vn -0.6988 -0.1386 -0.7018
vn -0.0000 -0.0868 -0.9962
vn 0.3630 -0.1183 -0.9242
vn 0.3631 -0.1183 -0.9242
vn 0.9205 -0.1335 -0.3672
vn 0.9731 -0.2302 0.0095
vn 0.9061 -0.4230 0.0052
vn 0.7862 -0.6179 0.0055
vn 0.6044 -0.7967 0.0027
vn -0.9166 -0.1491 -0.3711
vn -0.3514 -0.2943 -0.8888
vn -0.3581 -0.1239 -0.9254
vn 0.3580 -0.1239 -0.9255
vn 0.3581 -0.1239 -0.9254
vn 0.9166 -0.1490 -0.3711
vn 0.9036 -0.4283 0.0025
vn -0.9036 -0.4283 0.0026
vn -0.9166 -0.1490 -0.3711
vn 0.3581 -0.1240 -0.9254
vn 0.9166 -0.1491 -0.3711
vn -0.7862 -0.6180 0.0055
vn -0.9205 -0.1335 -0.3671
vn -0.3631 -0.1183 -0.9242
vn -0.3630 -0.1183 -0.9242
vn -0.0000 -0.0866 -0.9962
vn 0.9206 -0.1335 -0.3671
vn 0.6044 -0.7967 0.0028
vn 0.2188 -0.9534 0.2080
vn -0.1757 -0.9686 -0.1757
vn -0.4007 -0.8110 -0.4263
vn -0.1757 -0.9686 0.1757
vn 0.0840 -0.9929 -0.0842
vn -0.0735 -0.9973 -0.0000
vn -0.0732 -0.9973 -0.0000
vn -0.0739 -0.9945 -0.0738
vn -0.0000 -0.7058 -0.7084
vn -0.0000 -0.9807 -0.1956
vn -0.0000 -0.9807 0.1957
vn 0.6427 -0.7277 0.2394
vn 0.0582 -0.9882 0.1418
vn 0.7937 -0.5302 0.2984
vn -0.6493 -0.7219 0.2396
vn -0.3302 -0.9367 0.1164
vn 0.0123 -0.9996 -0.0244
vn -0.4401 -0.7791 -0.4465
vn 0.7967 -0.5238 -0.3015
vn 0.6427 -0.7277 -0.2394
vn -0.0582 -0.9882 -0.1419
vn -0.4681 -0.8650 -0.1808
vn 0.8875 -0.3009 -0.3489
vn -0.1692 -0.8519 -0.4956
vn 0.3098 -0.5399 -0.7826
vn 0.1222 -0.9366 -0.3285
vn 0.7937 -0.5302 -0.2984
vn 0.1444 -0.9878 -0.0583
vn -0.0203 -0.9997 -0.0140
vn -0.6427 -0.7278 -0.2395
vn -0.3097 -0.5362 -0.7852
vn -0.0000 -0.8886 -0.4587
vn 0.5724 -0.7870 -0.2301
vn 0.4225 -0.8888 -0.1778
vn 0.1049 -0.9379 -0.3306
vn 0.2781 -0.5466 -0.7898
vn 0.2183 -0.7481 -0.6266
vn 0.7467 -0.5890 -0.3089
vn 0.2730 -0.9569 0.0988
vn 0.1259 -0.9907 -0.0526
vn 0.0554 -0.9891 -0.1364
vn -0.4680 -0.8650 -0.1807
vn -0.7937 -0.5302 -0.2984
vn 0.8891 -0.3004 -0.3455
vn 0.3502 -0.3080 0.8846
vn 0.2841 -0.5970 0.7502
vn 0.5663 -0.7971 0.2093
vn 0.0496 -0.9911 0.1232
vn 0.1558 -0.8587 0.4882
vn 0.2743 -0.9543 0.1189
vn 0.2781 -0.5467 0.7898
vn 0.0554 -0.9891 0.1364
vn 0.1231 -0.9911 -0.0501
vn 0.0498 -0.9911 -0.1232
vn 0.2841 -0.5971 -0.7502
vn 0.3502 -0.3080 -0.8846
vn -0.7936 -0.5302 0.2985
vn -0.4225 -0.8888 0.1777
vn -0.2730 -0.9569 -0.0988
vn -0.4198 -0.8943 0.1553
vn -0.0120 -0.9999 -0.0121
vn -0.2395 -0.7189 0.6525
vn -0.0119 -0.9999 0.0120
vn -0.0123 -0.9996 -0.0242
vn 0.1215 -0.9400 0.3187
vn -0.0000 -0.7664 0.6424
vn 0.3073 -0.5571 0.7715
vn -0.0581 -0.9886 0.1392
vn -0.3587 -0.1390 -0.9230
vn 0.6152 -0.7884 -0.0000
vn -0.9710 -0.2391 -0.0000
vn 0.9163 -0.1550 -0.3694
vn 0.9710 -0.2393 -0.0000
vn 0.7906 -0.6124 -0.0000
vn -0.0000 -0.1058 -0.9944
vn 0.3535 -0.1448 -0.9241
vn 0.3573 -0.1887 0.9147
vn 0.3536 -0.1447 0.9241
vn -0.0000 -0.1007 0.9949
vn -0.3586 -0.1390 0.9231
vn -0.9162 -0.1550 0.3694
vn -0.9919 -0.1272 -0.0000
vn 0.0001 -0.1058 0.9944
vn -0.0000 -0.6273 -0.7788
vn -0.0119 -0.9999 -0.0120
vn -0.0580 -0.9885 -0.1397
vn -0.3074 -0.5571 -0.7715
vn -0.1590 -0.8596 -0.4857
vn -0.1042 -0.9413 -0.3210
vn -0.2735 -0.9549 -0.1158
vn -0.0531 -0.9893 -0.1360
vn -0.0121 -0.9996 0.0242
vn -0.1048 -0.9380 0.3306
vn -0.7523 -0.5961 -0.2806
vn -0.1523 -0.8935 -0.4224
vn -0.0988 -0.9569 0.2730
vn -0.1523 -0.8935 0.4224
vn -0.5777 -0.7879 0.2132
vn -0.1048 -0.9380 -0.3305
vn -0.1590 -0.8595 0.4857
vn 0.2790 -0.5645 0.7769
vn -0.3074 -0.5570 0.7715
vn -0.7930 -0.5330 0.2951
vn 0.3295 -0.9373 0.1135
vn -0.3072 -0.5534 0.7742
vn -0.4636 -0.8682 0.1772
vn -0.3296 -0.9373 0.1134
vn 0.3304 -0.9366 0.1164
vn -0.6490 -0.7186 0.2500
vn 0.4751 -0.8611 0.1812
vn 0.8948 -0.2893 0.3401
vn -0.4339 -0.7765 0.4569
vn -0.0000 -0.8935 0.4492
vn 0.4457 -0.7667 0.4621
vn -0.1794 -0.9621 0.2055
vn -0.0787 -0.9940 0.0764
vn 0.1796 -0.9614 -0.2086
vn 0.1757 -0.9686 0.1757
vn 0.0732 -0.9973 -0.0000
vn 0.1796 -0.9614 0.2087
vn 0.0788 -0.9940 0.0765
vn -0.2907 -0.8994 -0.3265
vn 0.5794 -0.5963 -0.5557
vn 0.4457 -0.7667 -0.4621
vn 0.2183 -0.9541 -0.2048
vn -0.3084 -0.8924 -0.3294
vn -0.4339 -0.7765 -0.4568
vn -0.0000 -0.2197 -0.9756
vn 0.3072 -0.5534 -0.7742
vn -0.3305 -0.9366 -0.1163
vn 0.7930 -0.5329 -0.2951
vn 0.2397 -0.7188 -0.6526
vn 0.6490 -0.7186 -0.2500
vn -0.3074 -0.5570 -0.7715
vn 0.1759 -0.8494 -0.4977
vn -0.4636 -0.8681 -0.1771
vn 0.1445 -0.9878 -0.0583
vn -0.4431 -0.8965 0.0001
vn -0.9920 -0.1266 -0.0000
vn -0.8640 -0.5033 0.0082
vn -0.9656 -0.2596 0.0146
vn 0.0079 -0.4588 -0.8885
vn -0.9204 -0.1543 -0.3591
vn -0.8784 -0.3160 -0.3586
vn -0.3086 -0.1326 -0.9419
vn -0.7208 -0.6931 -0.0028
vn -0.1962 -0.9806 -0.0000
vn 0.1957 -0.9807 -0.0000
vn -0.9205 -0.1335 0.3671
vn 0.4430 -0.8965 -0.0000
vn -0.9165 -0.1490 0.3711
vn -0.9919 -0.1266 -0.0000
vn 0.9942 -0.1079 -0.0000
vn 0.9205 -0.1335 0.3671
vn -0.5828 -0.5929 0.5557
vn -0.1958 -0.9806 -0.0000
vn -0.0167 -0.2290 0.9733
vn -0.0028 -0.6257 0.7801
vn -0.0165 -0.2069 -0.9782
vn 0.6441 -0.1512 -0.7499
vn -0.0145 -0.2481 -0.9686
vn -0.0165 -0.2069 0.9782
vn -0.0000 -0.8885 0.4589
vn 0.9656 -0.2597 0.0146
vn 0.6582 -0.3471 -0.6680
vn 0.5564 -0.8309 -0.0001
vn 0.3837 -0.9234 -0.0000
vn -0.3838 -0.9234 0.0001
vn -0.5547 -0.8320 0.0027
vn 0.6692 -0.3363 -0.6627
vn 0.4431 -0.8965 0.0002
vn -0.9942 -0.1079 -0.0000
vn 0.9205 -0.1335 -0.3671
vn 0.7862 -0.6180 0.0055
vn 0.2339 -0.9723 -0.0000
vn 0.9165 -0.1489 -0.3713
vn -0.0000 -0.0000 1.0000
vn -1.0000 -0.0000 -0.0000
vn -0.0000 -0.0000 -1.0000
vn 1.0000 -0.0000 -0.0000
vn 0.5000 -0.8660 -0.0000
vn 0.5000 -0.8661 -0.0000
vn 0.8659 -0.5002 -0.0000
vn 1.0000 0.0004 -0.0000
vn 0.9659 0.2588 -0.0000
vn 0.9659 0.2589 -0.0000
vn -0.2590 -0.9659 -0.0000
vn -0.2589 -0.9659 -0.0000
vn 0.5001 -0.8660 -0.0000
vn 0.8661 -0.4999 -0.0000
vn 1.0000 -0.0001 -0.0000
vn 0.8661 0.4998 -0.0000
vn 0.5001 0.8660 -0.0000
vn 0.5000 0.8660 -0.0000
vn -0.0000 1.0000 -0.0000
vn -0.0001 1.0000 -0.0000
vn -0.2586 0.9660 -0.0000
vn -0.2590 0.9659 -0.0000
vn 0.9659 -0.2589 -0.0000
vn 0.9659 -0.2588 -0.0000
vn 0.8659 0.5002 -0.0000
vn 0.5000 0.8661 -0.0000
vn 0.0001 1.0000 -0.0000
vn -0.4999 0.8661 -0.0000
vn -0.8660 0.5000 -0.0000
vn -1.0000 -0.0002 -0.0000
vn -0.9659 -0.2588 -0.0000
vn 0.2589 0.9659 -0.0000
vn 0.2588 0.9659 -0.0000
vn 0.0002 1.0000 -0.0000
vn -1.0000 -0.0001 -0.0000
vn -0.8660 -0.5000 -0.0000
vn -0.4999 -0.8661 -0.0000
vn 0.2588 -0.9659 -0.0000
vn 0.2587 -0.9660 -0.0000
vn -0.9659 0.2588 -0.0000
vn -1.0000 0.0002 -0.0000
vn 0.8660 -0.5000 -0.0000
vn 1.0000 0.0002 -0.0000
vn -0.2586 -0.9660 -0.0000
vn -0.2589 0.9659 -0.0000
vn 0.8660 0.5000 -0.0000
vn -0.5001 0.8660 -0.0000
vn -0.8660 0.5001 -0.0000
vn -1.0000 0.0001 -0.0000
vn -0.8660 -0.5001 -0.0000
vn -0.5001 -0.8660 -0.0000
vn -0.2585 -0.9660 -0.0000
vn -0.2591 -0.9659 -0.0000
vn 0.4999 -0.8661 -0.0000
vn 0.8661 -0.4998 -0.0000
vn 0.8662 0.4997 -0.0000
vn 0.4999 0.8661 -0.0000
vn -0.2592 0.9658 -0.0000
vn 1.0000 -0.0000 -0.0001
vn 1.0000 -0.0000 -0.0002
vn 1.0000 -0.0000 0.0001
vn 1.0000 -0.0000 0.0002
vn -0.0000 -1.0000 0.0001
vn -0.0000 -0.8661 -0.4999
vn -0.0000 -0.5000 -0.8660
vn -0.0000 0.0002 -1.0000
vn -0.0000 0.2588 -0.9659
vn -0.0000 -0.9659 0.2588
vn -0.0000 -0.0001 -1.0000
vn -0.0000 0.5000 -0.8660
vn -0.0000 0.8661 -0.4999
vn -0.0000 1.0000 0.0001
vn -0.0000 0.9659 0.2588
vn -0.0000 -0.2588 -0.9659
vn -0.0000 -0.0002 -1.0000
vn -0.0000 0.8661 0.5000
vn -0.0000 0.8661 0.4999
vn -0.0000 0.5002 0.8659
vn -0.0000 -0.0001 1.0000
vn -0.0000 -0.2589 0.9659
vn -0.0000 -0.2588 0.9659
vn -0.0000 0.9660 -0.2586
vn -0.0000 0.4997 0.8662
vn -0.0000 -0.4998 0.8661
vn -0.0000 -0.8661 0.4999
vn -0.0000 -0.9659 -0.2589
vn -0.0000 -0.9659 -0.2590
vn -0.0000 0.2587 0.9659
vn -0.0000 0.0003 1.0000
vn -0.0000 0.2589 0.9659
vn -0.0000 0.0004 1.0000
vn -0.0000 -0.5002 0.8659
vn -0.0000 -0.8661 0.5000
vn 0.8661 0.4999 -0.0000
vn -0.2588 -0.9659 -0.0000
vn 0.9659 0.2590 -0.0000
vn 0.9659 -0.2587 -0.0000
vt 1.414953 -0.007159
vt 1.414953 0.117200
vt 1.202162 -0.007159
vt 1.099912 0.117200
vt 1.414953 0.224977
vt 0.974172 0.224977
vt 1.414953 0.338281
vt 0.831851 0.338281
vt 1.414953 0.462639
vt 1.933112 0.338281
vt 1.804609 0.224977
vt 1.702358 0.117200
vt 1.629125 -0.007159
vt 1.575237 -0.150861
vt 1.414953 -0.150861
vt 1.251905 -0.150861
vt 1.402517 -0.011304
vt 1.251905 0.038440
vt 1.402517 -0.366416
vt 1.251905 -0.416159
vt 1.099912 -0.518409
vt 0.974172 -0.644149
vt 0.831851 -0.786470
vt 2.051943 0.462639
vt 1.414953 0.624305
vt 0.675712 0.462639
vt 0.675712 -0.942609
vt 0.515428 -1.100129
vt 0.518192 -1.100129
vt 2.213609 -0.045848
vt 2.051943 -0.045848
vt 1.933112 -0.045848
vt 1.804609 -0.045848
vt 1.702358 -0.045848
vt 1.518585 0.038440
vt 1.518585 -0.045848
vt 1.380409 -0.011304
vt 1.380409 -0.045848
vt 1.256051 -0.045848
vt 1.256051 -0.027885
vt 1.555892 -0.305618
vt 1.414953 -0.305618
vt 1.275395 -0.305618
vt 1.557274 -0.027885
vt 1.557274 -0.342926
vt 1.414953 -0.073483
vt 1.275395 -0.073483
vt 1.414953 -0.231003
vt 1.251905 -0.231003
vt 1.414953 -0.378851
vt 1.202162 -0.378851
vt 1.414953 -0.518409
vt 1.414953 -0.644149
vt 1.414953 -0.786470
vt 1.414953 -0.942609
vt 1.414953 -1.100129
vt 2.945941 -0.030648
vt 3.077208 -0.030648
vt 2.945941 0.117200
vt 3.149060 0.117200
vt 2.945941 0.224977
vt 3.255455 0.224977
vt 2.945941 0.338281
vt 3.385340 0.338281
vt 3.517989 0.446058
vt 3.400539 0.321700
vt 3.270654 0.209778
vt 3.164259 0.103382
vt 3.164259 0.110291
vt 3.089644 -0.037557
vt 3.017792 0.026004
vt 3.013647 0.038440
vt 2.874089 -0.022358
vt 2.869944 -0.009922
vt 3.028847 -0.172969
vt 2.945941 -0.174351
vt 2.851981 -0.172969
vt 2.802238 -0.030648
vt 2.729005 0.117200
vt 2.621228 0.224977
vt 2.491343 0.338281
vt 2.945941 0.462639
vt 3.502789 0.462639
vt 3.661692 0.624305
vt 3.678273 0.607724
vt 4.413368 0.338281
vt 4.413368 0.224977
vt 4.722882 0.224977
vt 4.622014 0.117200
vt 4.413368 0.117200
vt 4.548780 -0.007159
vt 4.413368 -0.007159
vt 4.276574 -0.007159
vt 4.203341 0.117200
vt 4.102473 0.224977
vt 3.975351 0.338281
vt 4.413368 0.462639
vt 4.850004 0.338281
vt 4.985416 0.446058
vt 4.866585 0.321700
vt 4.738081 0.209778
vt 4.738081 0.216686
vt 4.635831 0.110291
vt 4.635831 0.111673
vt 4.562598 -0.014067
vt 4.452057 0.026004
vt 4.447912 0.038440
vt 4.313881 -0.023740
vt 4.309736 -0.011304
vt 4.496274 -0.150861
vt 4.413368 -0.150861
vt 4.329081 -0.150861
vt 4.512855 -0.023740
vt 4.515618 -0.011304
vt 4.373297 0.026004
vt 4.377442 0.038440
vt 4.264138 -0.014067
vt 4.189523 0.111673
vt 4.189523 0.110291
vt 4.087273 0.216686
vt 4.087273 0.209778
vt 3.960152 0.321700
vt 3.839939 0.446058
vt 3.856520 0.462639
vt 4.413368 0.624305
vt 4.970217 0.462639
vt 5.145700 0.606342
vt 2.507924 0.338281
vt 2.636427 0.224977
vt 2.742822 0.117200
vt 2.814674 -0.030648
vt 2.390474 0.462639
vt 2.373893 0.446058
vt 2.491343 0.321700
vt 2.621228 0.209778
vt 2.729005 0.103382
vt 2.729005 0.110291
vt 2.802238 -0.037557
vt 2.854745 0.024622
vt 2.858890 0.038440
vt 2.992921 -0.022358
vt 2.997066 -0.009922
vt 2.864417 -0.172969
vt 2.945941 0.624305
vt 2.230190 0.624305
vt 2.213609 0.607724
vt 0.990753 0.224977
vt 1.115111 0.117200
vt 1.099912 0.104764
vt 0.974172 0.209778
vt 0.831851 0.323082
vt 0.848432 0.338281
vt 1.916531 0.338281
vt 1.789409 0.224977
vt 1.688541 0.117200
vt 1.615308 -0.007159
vt 1.215980 -0.007159
vt 1.260196 0.038440
vt 1.108202 0.117200
vt 1.251905 0.026004
vt 1.251905 -0.402341
vt 1.099912 -0.504591
vt 0.974172 -0.628950
vt 0.831851 -0.771271
vt 0.675712 -0.926028
vt 0.675712 0.447440
vt 0.693675 0.462639
vt 2.036744 0.462639
vt 2.051943 0.446058
vt 1.933112 0.321700
vt 1.804609 0.209778
vt 1.702358 0.103382
vt 1.702358 0.111673
vt 1.629125 -0.014067
vt 1.380409 -0.023740
vt 1.518585 0.026004
vt 1.376264 -0.011304
vt 1.514439 0.038440
vt 1.562801 -0.150861
vt 1.264341 -0.150861
vt 1.251905 -0.153625
vt 1.202162 -0.011304
vt 1.402517 -0.023740
vt 1.402517 -0.353980
vt 1.251905 -0.226858
vt 1.202162 -0.374706
vt 1.264341 -0.231003
vt 1.215980 -0.378851
vt 1.202162 -0.371943
vt 1.099912 -0.510118
vt 1.113729 -0.518409
vt 0.989371 -0.644149
vt 0.847050 -0.786470
vt 0.692293 -0.942609
vt 0.534773 -1.100129
vt 1.414953 0.915856
vt 1.414953 1.034687
vt 1.786646 1.036069
vt 1.687159 1.138319
vt 1.414953 1.136937
vt 1.615308 1.262677
vt 1.414953 1.262677
vt 1.215980 1.262677
vt 1.116493 1.138319
vt 0.993517 1.036069
vt 0.848432 0.915856
vt 1.414953 0.785971
vt 0.693675 0.785971
vt 0.532009 0.624305
vt 0.515428 0.624305
vt 0.515428 0.607724
vt -0.227958 0.026004
vt -0.070437 0.104764
vt -0.233485 -0.400960
vt -0.070437 -0.504591
vt 0.055303 0.209778
vt 0.055303 -0.628950
vt 0.199005 0.323082
vt 0.199005 -0.771271
vt 0.353762 0.447440
vt 0.353762 -0.926028
vt 1.916531 0.915856
vt 2.036744 0.785971
vt 2.197028 0.624305
vt 2.213609 0.624305
vt 2.390474 0.785971
vt 2.945941 0.785971
vt 2.507924 0.915856
vt 2.945941 0.915856
vt 2.632282 1.029160
vt 2.945941 1.030542
vt 2.740059 1.130029
vt 2.945941 1.141083
vt 2.816056 1.277877
vt 2.945941 1.277877
vt 3.075826 1.277877
vt 3.151823 1.141083
vt 3.259600 1.029160
vt 3.385340 0.915856
vt 3.502789 0.785971
vt 3.678273 0.624305
vt 3.694854 0.624305
vt 3.856520 0.785971
vt 4.413368 0.785971
vt 3.975351 0.915856
vt 4.413368 0.915856
vt 4.106618 1.036069
vt 4.413368 1.034687
vt 4.206104 1.138319
vt 4.413368 1.136937
vt 4.276574 1.262677
vt 4.413368 1.262677
vt 4.548780 1.262677
vt 4.620632 1.138319
vt 4.720119 1.036069
vt 4.850004 0.915856
vt 4.970217 0.785971
vt 5.145700 0.624305
vt 2.373893 0.462639
vt 2.373893 -0.045848
vt 2.491343 -0.045848
vt 2.621228 -0.045848
vt 2.729005 -0.045848
vt 2.854745 0.038440
vt 2.854745 -0.045848
vt 2.992921 -0.009922
vt 2.992921 -0.045848
vt 3.147678 -0.045848
vt 3.147678 -0.026503
vt 2.869944 -0.312527
vt 2.945941 -0.313909
vt 3.010884 -0.313909
vt 2.729005 -0.026503
vt 2.872708 -0.009922
vt 2.730387 -0.038939
vt 2.730387 -0.045848
vt 2.872708 -0.045848
vt 3.017792 -0.045848
vt 3.164259 -0.045848
vt 3.270654 -0.045848
vt 3.400539 -0.045848
vt 3.517989 -0.045848
vt 3.678273 -0.045848
vt 3.839939 -0.045848
vt 3.960152 -0.045848
vt 4.087273 -0.045848
vt 4.232358 0.103382
vt 4.232358 -0.045848
vt 4.373297 -0.045848
vt 4.512855 -0.045848
vt 4.635831 -0.045848
vt 4.635831 -0.038939
vt 4.337371 -0.307000
vt 4.316645 -0.152243
vt 4.348425 -0.305618
vt 4.413368 -0.305618
vt 4.476929 -0.305618
vt 4.489365 -0.307000
vt 4.508709 -0.152243
vt 4.189523 -0.045848
vt 4.189523 -0.038939
vt 4.313881 -0.045848
vt 4.452057 -0.045848
vt 4.592997 -0.045848
vt 4.592997 0.103382
vt 4.738081 -0.045848
vt 4.866585 -0.045848
vt 4.985416 -0.045848
vt 5.145700 -0.045848
vt 2.882380 -0.313909
vt 3.149060 -0.026503
vt 2.994303 -0.009922
vt 3.147678 -0.038939
vt 1.256051 -0.038939
vt 1.555892 -0.307000
vt 1.575237 -0.152243
vt 1.543456 -0.305618
vt 1.287831 -0.305618
vt 1.558656 -0.027885
vt 1.405280 -0.011304
vt 1.557274 -0.038939
vt 1.557274 -0.330490
vt 1.275395 -0.072101
vt 1.251905 -0.228240
vt 1.287831 -0.073483
vt 1.933112 0.931055
vt 1.801845 1.049887
vt 1.700977 1.150755
vt 1.700977 1.143846
vt 1.627743 1.268204
vt 1.518585 1.228133
vt 1.513058 1.214316
vt 1.380409 1.279258
vt 1.376264 1.268204
vt 1.562801 1.404999
vt 1.414953 1.403617
vt 1.264341 1.404999
vt 1.251905 1.407762
vt 1.202162 1.266823
vt 1.265723 1.218461
vt 1.110966 1.138319
vt 1.257432 1.230897
vt 1.101294 1.150755
vt 0.978317 1.049887
vt 0.831851 0.929674
vt 0.675712 0.801170
vt 0.515428 0.640886
vt -0.237630 1.424343
vt -0.226576 1.428488
vt -0.178215 1.277877
vt -0.165779 1.282022
vt -0.165779 1.284786
vt -0.082873 1.141083
vt -0.067674 1.147991
vt -0.067674 1.153518
vt 0.042867 1.029160
vt 0.059448 1.042978
vt 0.181043 0.915856
vt 0.199005 0.929674
vt 0.335800 0.785971
vt 0.353762 0.801170
vt 0.498847 0.624305
vt 0.335800 0.462639
vt 0.181043 0.338281
vt 0.038722 0.224977
vt -0.084255 0.117200
vt 4.648267 1.124502
vt 4.500419 1.219843
vt 4.656558 1.139701
vt 4.507328 1.233660
vt -0.379951 -0.009922
vt -0.232103 0.038440
vt -0.374424 -0.022358
vt -0.382715 -0.353980
vt -0.385478 -0.365034
vt -0.237630 -0.414777
vt 1.562801 1.217079
vt 1.706504 1.315184
vt 1.569710 1.204643
vt 1.714794 1.299985
vt -0.084255 -0.518409
vt 0.040103 -0.644149
vt 0.182424 -0.786470
vt 0.337181 -0.942609
vt 0.494702 -1.100129
vt 2.051943 0.802552
vt 2.213609 0.640886
vt 2.373893 0.802552
vt 2.491343 0.931055
vt 2.617083 1.044360
vt 2.726241 1.142464
vt 2.726241 1.136937
vt 2.802238 1.284786
vt 2.999830 1.280640
vt 2.856127 1.228133
vt 3.003975 1.269586
vt 2.860272 1.215698
vt 2.865799 1.424343
vt 2.945941 1.424343
vt 3.026083 1.425725
vt 2.907252 1.272350
vt 3.039901 1.222606
vt 2.911397 1.283404
vt 3.044046 1.233660
vt 3.089644 1.284786
vt 3.165641 1.147991
vt 3.165641 1.154900
vt 3.274799 1.044360
vt 3.400539 0.931055
vt 3.517989 0.802552
vt 3.678273 0.640886
vt 3.839939 0.802552
vt 3.960152 0.931055
vt 4.091419 1.049887
vt 4.102473 1.036069
vt 4.235121 1.145228
vt 4.244794 1.131410
vt 4.192287 1.143846
vt 4.264138 1.268204
vt 4.512855 1.279258
vt 4.374679 1.228133
vt 4.517000 1.268204
vt 4.378824 1.214316
vt 4.329081 1.404999
vt 4.413368 1.403617
vt 4.496274 1.404999
vt 4.309736 1.268204
vt 4.447912 1.214316
vt 4.313881 1.279258
vt 4.452057 1.228133
vt 4.561216 1.268204
vt 4.634449 1.143846
vt 4.580561 1.131410
vt 4.724264 1.036069
vt 4.591615 1.145228
vt 4.735318 1.049887
vt 4.866585 0.931055
vt 4.985416 0.802552
vt 5.145700 0.642268
vt 2.853363 1.424343
vt 2.802238 1.277877
vt 2.726241 1.128647
vt 2.617083 1.029160
vt 2.491343 0.915856
vt 2.373893 0.785971
vt 2.051943 0.785971
vt 1.933112 0.915856
vt 1.801845 1.036069
vt 1.700977 1.138319
vt 1.627743 1.262677
vt 1.575237 1.404999
vt 1.251905 1.404999
vt 1.203544 1.262677
vt 1.101294 1.138319
vt 0.978317 1.036069
vt 0.831851 0.915856
vt 0.675712 0.785971
vt 0.353762 0.462639
vt -0.382715 -0.365034
vt -0.373042 -0.009922
vt -0.233485 -0.413395
vt -0.226576 0.038440
vt -0.070437 0.117200
vt -0.070437 -0.518409
vt 0.055303 0.224977
vt 0.055303 -0.644149
vt 0.199005 0.338281
vt 0.199005 -0.786470
vt 0.353762 -0.942609
vt 0.511283 -1.100129
vt 2.051943 1.315184
vt 1.933112 1.315184
vt 1.804609 1.315184
vt 1.700977 1.313802
vt 1.518585 1.313802
vt 1.380409 1.313802
vt 1.256051 1.312421
vt 1.256051 1.293076
vt 1.379027 1.268204
vt 1.254669 1.280640
vt 1.543456 1.558374
vt 1.414953 1.558374
vt 1.287831 1.558374
vt 1.526875 1.280640
vt 1.396990 1.268204
vt 1.525493 1.291694
vt 1.395608 1.280640
vt 1.526875 1.312421
vt 1.395608 1.312421
vt 1.257432 1.313802
vt 1.099912 1.315184
vt 0.974172 1.315184
vt 0.831851 1.315184
vt 0.675712 1.315184
vt 0.515428 1.315184
vt 0.353762 1.315184
vt 0.199005 1.315184
vt 0.055303 1.315184
vt -0.070437 1.315184
vt -0.189269 1.233660
vt -0.187887 1.313802
vt -0.323299 1.282022
vt -0.321917 1.313802
vt -0.467002 1.313802
vt -0.465620 1.294458
vt -0.225194 1.425725
vt -0.241775 1.579100
vt -0.254211 1.577718
vt -0.258356 1.577718
vt -0.259738 1.422961
vt -0.259738 1.275113
vt -0.259738 1.143846
vt -0.259738 1.031924
vt -0.259738 0.915856
vt -0.259738 0.785971
vt -0.259738 0.624305
vt -0.259738 0.462639
vt -0.259738 0.338281
vt -0.259738 0.224977
vt -0.259738 0.117200
vt 4.656558 1.315184
vt 4.507328 1.315184
vt 4.363625 1.291694
vt 4.359479 1.315184
vt 4.221304 1.315184
vt 4.221304 1.309657
vt 4.224067 1.298603
vt 4.363625 1.279258
vt -0.508455 -0.038939
vt -0.512600 -0.330490
vt 1.268486 1.141083
vt 1.420480 1.157664
vt 1.269868 1.130029
vt 1.423243 1.146610
vt 1.269868 1.124502
vt 1.426007 1.124502
vt 1.575237 1.124502
vt 1.714794 1.124502
vt -0.259738 -0.518409
vt -0.259738 -0.644149
vt -0.259738 -0.786470
vt -0.259738 -0.942609
vt -0.259738 -1.100129
vt 2.213609 1.315184
vt 2.373893 1.315184
vt 2.491343 1.315184
vt 2.621228 1.315184
vt 2.729005 1.315184
vt 2.854745 1.315184
vt 2.997066 1.313802
vt 3.151823 1.313802
vt 3.151823 1.293076
vt 3.001211 1.268204
vt 3.153205 1.282022
vt 2.882380 1.577718
vt 2.945941 1.577718
vt 3.009502 1.577718
vt 2.767694 1.283404
vt 2.908633 1.272350
vt 2.767694 1.294458
vt 2.767694 1.313802
vt 2.912779 1.313802
vt 3.046809 1.313802
vt 3.164259 1.315184
vt 3.270654 1.315184
vt 3.400539 1.315184
vt 3.517989 1.315184
vt 3.678273 1.315184
vt 3.839939 1.315184
vt 3.960152 1.315184
vt 4.087273 1.315184
vt 4.232358 1.313802
vt 4.373297 1.313802
vt 4.512855 1.313802
vt 4.635831 1.312421
vt 4.635831 1.293076
vt 4.514236 1.268204
vt 4.637213 1.280640
vt 4.348425 1.558374
vt 4.413368 1.558374
vt 4.476929 1.558374
vt 4.188142 1.280640
vt 4.312500 1.268204
vt 4.189523 1.293076
vt 4.189523 1.312421
vt 4.313881 1.313802
vt 4.452057 1.313802
vt 4.592997 1.313802
vt 4.738081 1.315184
vt 4.866585 1.315184
vt 4.985416 1.315184
vt 5.145700 1.315184
vt 2.869944 1.577718
vt 3.151823 1.282022
vt 2.999830 1.268204
vt 2.856127 1.215698
vt 1.517203 1.214316
vt 1.256051 1.280640
vt 1.555892 1.558374
vt 1.275395 1.558374
vt 1.525493 1.280640
vt 1.395608 1.268204
vt 1.257432 1.218461
vt 0.353762 0.785971
vt 0.199005 0.915856
vt 0.059448 1.029160
vt -0.067674 1.141083
vt -0.189269 1.221225
vt -0.323299 1.270968
vt -0.465620 1.283404
vt -0.241775 1.577718
vt -0.226576 1.425725
vt -0.165779 1.277877
vt 4.656558 1.124502
vt 4.507328 1.219843
vt 4.365006 1.279258
vt 4.225449 1.297221
vt -0.508455 -0.026503
vt -0.512600 -0.342926
vt 1.269868 1.141083
vt 1.421862 1.157664
vt 1.569710 1.217079
vt 1.714794 1.315184
vt 16.147442 0.004762
vt 16.147442 1.510700
vt 15.942445 -0.003123
vt 15.816293 0.462062
vt 15.571874 0.682828
vt 15.295917 1.510700
vt 15.295917 0.832634
vt 15.012074 0.682828
vt 14.712464 1.510700
vt 14.767655 0.462062
vt 14.712464 0.272835
vt 14.665157 0.462062
vt 14.420738 0.682828
vt 14.136896 1.510700
vt 14.136896 0.832634
vt 13.860939 0.706482
vt 13.498252 1.510700
vt 13.616520 0.469947
vt 13.482483 0.154567
vt 13.411523 0.335911
vt 13.230180 0.603983
vt 12.985760 0.769558
vt 12.828071 1.510700
vt 12.828071 0.840518
vt 12.701919 0.801096
vt 12.260386 1.510700
vt 12.433846 0.611868
vt 12.260386 0.391102
vt 12.094812 0.548792
vt 11.889815 0.722251
vt 11.684819 1.510700
vt 11.684819 0.808980
vt 11.448284 0.698597
vt 11.030406 1.510700
vt 11.211749 0.477831
vt 11.030406 0.115145
vt 10.833294 0.548792
vt 10.573105 0.730135
vt 10.375993 1.510700
vt 10.375993 0.824749
vt 10.202534 0.738020
vt 9.784656 1.510700
vt 9.981769 0.580330
vt 9.784656 0.383217
vt 9.587543 0.580330
vt 9.366777 0.738020
vt 9.193319 1.510700
vt 9.193319 0.824749
vt 8.996206 0.730135
vt 8.538906 1.510700
vt 8.767556 0.548792
vt 8.570444 0.115145
vt 8.357563 0.477831
vt 8.121028 0.698597
vt 7.884493 1.510700
vt 7.884493 0.808980
vt 7.679496 0.722251
vt 7.308925 1.510700
vt 7.474499 0.548792
vt 7.364117 0.391102
vt 7.135466 0.611868
vt 6.867393 0.801096
vt 6.741241 1.510700
vt 6.741241 0.840518
vt 6.583552 0.769558
vt 6.071060 1.510700
vt 6.362786 0.603983
vt 6.197212 0.335911
vt 6.126251 0.154567
vt 5.952792 0.469947
vt 5.708373 0.706482
vt 5.432416 1.510700
vt 5.432416 0.832634
vt 5.148574 0.682828
vt 4.856848 1.510700
vt 4.959346 0.462062
vt 4.872617 0.272835
vt 4.801656 0.462062
vt 4.557237 0.682828
vt 4.273395 1.510700
vt 4.273395 0.832634
vt 3.997438 0.682828
vt 3.453408 1.510700
vt 3.792441 0.462062
vt 3.626867 -0.003123
vt 3.453408 0.004762
vt 3.090721 0.004762
vt 2.940916 0.359564
vt 2.751688 0.611868
vt 2.365348 1.510700
vt 2.365348 0.793211
vt 1.718819 1.510700
vt 1.979008 0.611868
vt 1.781895 0.359564
vt 1.718819 0.264950
vt 1.655744 0.359564
vt 1.458631 0.611868
vt 1.072291 0.793211
vt 1.072291 1.510700
vt 0.685951 0.611868
vt 0.000000 1.510700
vt 0.496723 0.359564
vt 0.362687 0.004762
vt 0.000000 0.004762
vt 32.286999 0.004762
vt 32.286999 1.510700
vt 32.113541 -0.003123
vt 31.987389 0.462062
vt 31.742970 0.682828
vt 31.459127 1.510700
vt 31.459127 0.832634
vt 31.183170 0.682828
vt 30.883560 1.510700
vt 30.938751 0.462062
vt 30.883560 0.272835
vt 30.788946 0.462062
vt 30.591833 0.682828
vt 30.307991 1.510700
vt 30.307991 0.832634
vt 30.032034 0.706482
vt 29.669348 1.510700
vt 29.787615 0.469947
vt 29.614157 0.154567
vt 29.543196 0.335911
vt 29.369738 0.603983
vt 29.148972 0.769558
vt 28.999166 1.510700
vt 28.999166 0.840518
vt 28.873014 0.801096
vt 28.423597 1.510700
vt 28.604940 0.611868
vt 28.384174 0.391102
vt 28.258022 0.548792
vt 28.053026 0.722251
vt 27.848030 1.510700
vt 27.848030 0.808980
vt 27.611494 0.698597
vt 27.201502 1.510700
vt 27.374960 0.477831
vt 27.162079 0.115145
vt 26.964966 0.548792
vt 26.744200 0.730135
vt 26.547089 1.510700
vt 26.547089 0.824749
vt 26.373629 0.738020
vt 25.955751 1.510700
vt 26.152864 0.580330
vt 25.924213 0.383217
vt 25.750755 0.580330
vt 25.537872 0.738020
vt 25.364414 1.510700
vt 25.364414 0.824749
vt 25.159418 0.730135
vt 24.710001 1.510700
vt 24.907114 0.548792
vt 24.710001 0.115145
vt 24.528658 0.477831
vt 24.292124 0.698597
vt 24.055588 1.510700
vt 24.055588 0.808980
vt 23.850592 0.722251
vt 23.480021 1.510700
vt 23.645596 0.548792
vt 23.480021 0.391102
vt 23.306562 0.611868
vt 23.038488 0.801096
vt 22.912336 1.510700
vt 22.912336 0.840518
vt 22.754646 0.769558
vt 22.242155 1.510700
vt 22.510227 0.603983
vt 22.328884 0.335911
vt 22.250040 0.154567
vt 22.123888 0.469947
vt 21.879469 0.706482
vt 21.595627 1.510700
vt 21.595627 0.832634
vt 21.319670 0.682828
vt 21.020058 1.510700
vt 21.075251 0.462062
vt 21.020058 0.272835
vt 20.972752 0.462062
vt 20.728333 0.682828
vt 20.444490 1.510700
vt 20.444490 0.832634
vt 20.168533 0.682828
vt 19.592966 1.510700
vt 19.924114 0.462062
vt 19.797962 -0.003123
vt 19.592966 0.004762
vt 19.230278 0.004762
vt 19.096243 0.359564
vt 18.907015 0.611868
vt 18.520674 1.510700
vt 18.520674 0.793211
vt 17.874146 1.510700
vt 18.134335 0.611868
vt 17.937222 0.359564
vt 17.874146 0.264950
vt 17.811069 0.359564
vt 17.613958 0.611868
vt 17.227617 0.793211
vt 17.227617 1.510700
vt 16.841278 0.611868
vt 16.652050 0.359564
vt 16.502245 0.004762
vt 0.552580 0.359611
vt 0.606788 0.334929
vt 0.590410 0.354075
vt 0.624780 0.360072
vt 0.666301 0.332161
vt 0.651538 0.382678
vt 0.722585 0.351307
vt 0.659612 0.404131
vt 0.674144 0.386600
vt 0.707130 0.374605
vt 0.741500 0.380602
vt 0.768027 0.390060
vt 0.767335 0.402055
vt 0.779100 0.433887
vt 0.797323 0.447497
vt 0.773102 0.468257
vt 0.801475 0.511854
vt 0.750496 0.495015
vt 0.779792 0.572752
vt 0.729044 0.503089
vt 0.746575 0.517621
vt 0.758570 0.550607
vt 0.752572 0.585208
vt 0.735503 0.619809
vt 0.730197 0.611966
vt 0.697211 0.623961
vt 0.676220 0.645413
vt 0.662841 0.617963
vt 0.628010 0.573905
vt 0.635852 0.595588
vt 0.613247 0.591667
vt 0.611632 0.645413
vt 0.580491 0.603662
vt 0.552349 0.619809
vt 0.545891 0.597664
vt 0.508291 0.572521
vt 0.520055 0.575981
vt 0.508522 0.544379
vt 0.487300 0.516698
vt 0.514519 0.509778
vt 0.488223 0.457185
vt 0.536894 0.483020
vt 0.511059 0.402285
vt 0.558578 0.475178
vt 0.541047 0.460415
vt 0.528821 0.427429
vt 0.534818 0.393058
vt 0.557424 0.366301
vt 0.955102 0.594896
vt 0.955102 0.628574
vt 0.816007 0.628574
vt 0.816007 0.653256
vt 0.955102 0.653256
vt 0.816007 0.687165
vt 0.955102 0.687165
vt 0.816007 0.709309
vt 0.955102 0.709309
vt 0.816007 0.732376
vt 0.955102 0.732376
vt 0.816007 0.762594
vt 0.955102 0.762594
vt 0.816007 0.797656
vt 0.955102 0.797656
vt 0.816007 0.826721
vt 0.955102 0.826721
vt 0.816007 0.856016
vt 0.955102 0.856016
vt 0.816007 0.891078
vt 0.955102 0.891078
vt 0.816007 0.921296
vt 0.955102 0.921296
vt 0.816007 0.944133
vt 0.955102 0.944133
vt 0.816007 0.967200
vt 0.955102 0.967200
vt 0.816007 0.022600
vt 0.955102 0.022600
vt 0.816007 0.052818
vt 0.955102 0.052818
vt 0.816007 0.087880
vt 0.955102 0.087880
vt 0.816007 0.121789
vt 0.955102 0.121789
vt 0.816007 0.155697
vt 0.955102 0.155697
vt 0.816007 0.190529
vt 0.955102 0.190529
vt 0.816007 0.220978
vt 0.955102 0.220978
vt 0.816007 0.243814
vt 0.955102 0.243814
vt 0.816007 0.266881
vt 0.955102 0.266881
vt 0.816007 0.297099
vt 0.955102 0.297099
vt 0.816007 0.332161
vt 0.955102 0.332161
vt 0.816007 0.361226
vt 0.955102 0.361226
vt 0.816007 0.394904
vt 0.955102 0.394904
vt 0.816007 0.425353
vt 0.955102 0.425353
vt 0.816007 0.460415
vt 0.955102 0.460415
vt 0.816007 0.480252
vt 0.955102 0.480252
vt 0.816007 0.502397
vt 0.955102 0.502397
vt 0.816007 0.536306
vt 0.955102 0.536306
vt 0.816007 0.560987
vt 0.955102 0.560987
vt 0.816007 0.594896
s 1
usemtl InteriorRoofs.001
f 1/1/1 2/2/2 4/3/3
f 4/3/3 2/2/2 5/4/4
f 2/2/2 6/5/5 5/4/4
f 5/4/4 6/5/5 7/6/6
f 6/5/5 8/7/7 7/6/6
f 7/6/6 8/7/7 9/8/8
f 9/8/8 8/7/7 10/9/9
f 10/9/9 8/7/7 11/10/10
f 11/10/10 8/7/7 12/11/11
f 8/7/7 6/5/5 12/11/11
f 12/11/11 6/5/5 13/12/12
f 6/5/5 2/2/2 13/12/12
f 13/12/12 2/2/2 15/13/13
f 2/2/2 1/1/1 15/13/13
f 15/13/13 1/1/1 17/14/14
f 17/14/14 1/1/1 18/15/15
f 18/15/15 1/1/1 19/16/16
f 1/1/1 4/3/3 19/16/16
f 20/17/17 3/18/18 22/19/19
f 22/19/19 3/18/18 24/20/20
f 3/18/18 5/4/4 24/20/20
f 24/20/20 5/4/4 25/21/21
f 5/4/4 7/6/6 25/21/21
f 25/21/21 7/6/6 26/22/22
f 7/6/6 9/8/8 26/22/22
f 26/22/22 9/8/8 27/23/23
f 28/1/24 30/3/25 31/2/26
f 30/3/25 32/4/27 31/2/26
f 31/2/26 32/4/27 33/5/28
f 32/4/27 34/6/29 33/5/28
f 33/5/28 34/6/29 35/7/30
f 36/9/31 35/7/30 37/8/32
f 35/7/30 34/6/29 37/8/32
f 38/23/33 37/8/32 39/22/34
f 37/8/32 34/6/29 39/22/34
f 39/22/34 34/6/29 40/21/35
f 34/6/29 32/4/27 40/21/35
f 40/21/35 32/4/27 42/20/36
f 32/4/27 29/18/37 42/20/36
f 42/20/36 29/18/37 44/19/38
f 44/19/38 29/18/37 45/17/39
f 30/3/25 28/1/24 46/16/40
f 46/16/40 28/1/24 47/15/41
f 47/15/41 28/1/24 49/14/42
f 49/14/42 28/1/24 51/13/43
f 28/1/24 31/2/26 51/13/43
f 51/13/43 31/2/26 52/12/44
f 31/2/26 33/5/28 52/12/44
f 52/12/44 33/5/28 53/11/45
f 33/5/28 35/7/30 53/11/45
f 53/11/45 35/7/30 54/10/46
f 35/7/30 36/9/31 54/10/46
f 54/10/46 36/9/31 55/24/47
f 55/24/47 36/9/31 56/25/48
f 56/25/48 36/9/31 57/26/49
f 36/9/31 37/8/32 57/26/49
f 37/8/32 38/23/33 57/26/49
f 38/23/33 58/27/50 57/26/49
f 57/26/49 58/27/50 59/28/51
f 58/27/50 62/29/52 59/28/51
f 61/29/52 63/27/53 60/28/51
f 60/28/51 63/27/53 64/26/54
f 63/27/53 27/23/23 64/26/54
f 27/23/23 9/8/8 64/26/54
f 9/8/8 10/9/9 64/26/54
f 64/26/54 10/9/9 65/25/51
f 65/25/51 10/9/9 66/24/55
f 10/9/9 11/10/10 66/24/55
f 943/30/56 66/24/55 67/31/57
f 66/24/55 11/10/10 67/31/57
f 67/31/57 11/10/10 68/32/58
f 11/10/10 12/11/11 68/32/58
f 68/32/58 12/11/11 69/33/59
f 12/11/11 13/12/12 69/33/59
f 69/33/59 13/12/12 70/34/60
f 13/12/12 14/35/61 70/34/60
f 70/34/60 14/35/61 71/36/62
f 14/35/61 16/37/63 71/36/62
f 71/36/62 16/37/63 72/38/64
f 73/39/65 72/38/64 75/40/66
f 72/38/64 16/37/63 75/40/66
f 17/14/14 18/15/15 74/41/67
f 74/41/67 18/15/15 76/42/68
f 76/42/68 18/15/15 78/43/69
f 18/15/15 19/16/16 78/43/69
f 77/44/70 20/17/17 80/45/71
f 20/17/17 22/19/19 80/45/71
f 81/46/72 79/47/73 82/48/74
f 79/47/73 21/49/75 82/48/74
f 82/48/74 21/49/75 83/50/76
f 21/49/75 23/51/77 83/50/76
f 83/50/76 23/51/77 84/52/78
f 23/51/77 25/21/21 84/52/78
f 84/52/78 25/21/21 85/53/79
f 25/21/21 26/22/22 85/53/79
f 85/53/79 26/22/22 86/54/80
f 26/22/22 27/23/23 86/54/80
f 86/54/80 27/23/23 87/55/81
f 27/23/23 63/27/53 87/55/81
f 87/55/81 63/27/53 89/56/51
f 63/27/53 61/29/52 89/56/51
f 62/29/52 58/27/50 88/56/51
f 88/56/51 58/27/50 90/55/82
f 58/27/50 38/23/33 90/55/82
f 90/55/82 38/23/33 91/54/83
f 38/23/33 39/22/34 91/54/83
f 91/54/83 39/22/34 92/53/84
f 39/22/34 40/21/35 92/53/84
f 92/53/84 40/21/35 93/52/85
f 40/21/35 41/51/86 93/52/85
f 93/52/85 41/51/86 94/50/87
f 41/51/86 43/49/88 94/50/87
f 94/50/87 43/49/88 95/48/89
f 96/46/90 95/48/89 98/47/91
f 95/48/89 43/49/88 98/47/91
f 44/19/38 45/17/39 97/45/92
f 97/45/92 45/17/39 100/44/93
f 46/16/40 47/15/41 99/43/94
f 99/43/94 47/15/41 101/42/95
f 101/42/95 47/15/41 103/41/96
f 47/15/41 49/14/42 103/41/96
f 104/39/65 102/40/97 105/38/64
f 102/40/97 48/37/42 105/38/64
f 105/38/64 48/37/42 106/36/98
f 48/37/42 50/35/99 106/36/98
f 106/36/98 50/35/99 107/34/60
f 50/35/99 52/12/44 107/34/60
f 107/34/60 52/12/44 108/33/100
f 52/12/44 53/11/45 108/33/100
f 108/33/100 53/11/45 109/32/101
f 53/11/45 54/10/46 109/32/101
f 109/32/101 54/10/46 110/31/57
f 54/10/46 55/24/47 110/31/57
f 110/31/57 55/24/47 111/30/56
f 112/57/102 114/58/103 115/59/104
f 114/58/103 116/60/105 115/59/104
f 115/59/104 116/60/105 117/61/5
f 116/60/105 118/62/106 117/61/5
f 117/61/5 118/62/106 119/63/7
f 119/63/7 118/62/106 120/64/107
f 121/65/108 120/64/107 122/66/109
f 122/66/109 120/64/107 123/67/110
f 120/64/107 118/62/106 123/67/110
f 123/67/110 118/62/106 124/68/111
f 118/62/106 116/60/105 124/68/111
f 116/60/105 114/58/103 125/69/112
f 125/69/112 114/58/103 126/70/113
f 127/71/114 113/72/115 128/73/116
f 128/73/116 113/72/115 129/74/117
f 114/58/103 112/57/102 131/75/118
f 131/75/118 112/57/102 132/76/119
f 132/76/119 112/57/102 134/77/120
f 134/77/120 112/57/102 136/78/121
f 112/57/102 115/59/104 136/78/121
f 136/78/121 115/59/104 137/79/122
f 115/59/104 117/61/5 137/79/122
f 137/79/122 117/61/5 138/80/123
f 117/61/5 119/63/7 138/80/123
f 138/80/123 119/63/7 139/81/124
f 139/81/124 119/63/7 140/82/9
f 119/63/7 120/64/107 140/82/9
f 140/82/9 120/64/107 141/83/125
f 120/64/107 121/65/108 141/83/125
f 141/83/125 121/65/108 142/84/126
f 142/84/126 121/65/108 143/85/127
f 144/86/128 145/87/5 146/88/129
f 146/88/129 145/87/5 147/89/130
f 145/87/5 148/90/131 147/89/130
f 147/89/130 148/90/131 150/91/132
f 150/91/132 148/90/131 151/92/1
f 151/92/1 148/90/131 153/93/133
f 153/93/133 148/90/131 154/94/134
f 148/90/131 145/87/5 154/94/134
f 154/94/134 145/87/5 155/95/135
f 145/87/5 144/86/128 155/95/135
f 155/95/135 144/86/128 156/96/136
f 156/96/136 144/86/128 157/97/9
f 157/97/9 144/86/128 158/98/107
f 144/86/128 146/88/129 158/98/107
f 159/99/137 158/98/107 160/100/138
f 160/100/138 158/98/107 161/101/139
f 158/98/107 146/88/129 161/101/139
f 162/102/139 146/88/129 163/103/140
f 146/88/129 147/89/130 163/103/140
f 147/89/130 150/91/132 165/104/141
f 165/104/141 150/91/132 166/105/142
f 167/106/143 149/107/144 169/108/145
f 169/108/145 149/107/144 170/109/146
f 150/91/132 151/92/1 171/110/146
f 171/110/146 151/92/1 172/111/147
f 172/111/147 151/92/1 173/112/148
f 151/92/1 153/93/133 173/112/148
f 176/113/149 174/114/148 177/115/150
f 174/114/148 152/116/151 177/115/150
f 178/117/152 153/93/133 179/118/153
f 153/93/133 154/94/134 179/118/153
f 181/119/154 154/94/134 182/120/155
f 154/94/134 155/95/135 182/120/155
f 155/95/135 156/96/136 183/121/156
f 183/121/156 156/96/136 184/122/157
f 184/122/157 156/96/136 185/123/158
f 143/85/127 185/123/158 186/124/159
f 185/123/158 156/96/136 186/124/159
f 156/96/136 157/97/9 186/124/159
f 186/124/159 157/97/9 187/125/51
f 187/125/51 157/97/9 188/126/125
f 157/97/9 158/98/107 188/126/125
f 158/98/107 159/99/137 188/126/125
f 188/126/125 159/99/137 189/127/160
f 191/86/128 192/87/5 193/95/129
f 193/95/129 192/87/5 194/94/130
f 192/87/5 195/90/131 194/94/130
f 194/94/130 195/90/131 197/93/161
f 197/93/161 195/90/131 198/92/1
f 198/92/1 195/90/131 200/91/133
f 200/91/133 195/90/131 201/89/134
f 195/90/131 192/87/5 201/89/134
f 201/89/134 192/87/5 202/88/135
f 192/87/5 191/86/128 202/88/135
f 202/88/135 191/86/128 203/98/136
f 203/98/136 191/86/128 204/97/9
f 204/97/9 191/86/128 205/96/162
f 191/86/128 193/95/129 205/96/162
f 206/122/138 205/96/162 207/121/139
f 205/96/162 193/95/129 207/121/139
f 208/120/139 193/95/129 209/119/140
f 193/95/129 194/94/130 209/119/140
f 194/94/130 197/93/161 211/118/141
f 211/118/141 197/93/161 212/117/163
f 213/115/143 196/116/144 215/113/164
f 215/113/164 196/116/144 216/114/165
f 197/93/161 198/92/1 217/112/166
f 217/112/166 198/92/1 218/111/147
f 218/111/147 198/92/1 219/110/167
f 198/92/1 200/91/133 219/110/167
f 222/108/149 220/109/148 223/106/150
f 220/109/148 199/107/151 223/106/150
f 224/105/152 200/91/133 225/104/153
f 200/91/133 201/89/134 225/104/153
f 227/103/153 201/89/134 228/102/155
f 201/89/134 202/88/135 228/102/155
f 202/88/135 203/98/136 229/101/156
f 229/101/156 203/98/136 230/100/157
f 230/100/157 203/98/136 231/99/168
f 190/127/160 231/99/168 232/126/169
f 231/99/168 203/98/136 232/126/169
f 203/98/136 204/97/9 232/126/169
f 232/126/169 204/97/9 233/125/51
f 233/125/51 204/97/9 234/124/125
f 204/97/9 205/96/162 234/124/125
f 234/124/125 205/96/162 235/123/170
f 205/96/162 206/122/138 235/123/170
f 236/128/107 237/63/7 238/129/106
f 237/63/7 239/61/5 238/129/106
f 238/129/106 239/61/5 240/130/105
f 239/61/5 241/59/104 240/130/105
f 240/130/105 241/59/104 243/131/103
f 243/131/103 241/59/104 244/57/102
f 244/57/102 241/59/104 246/58/171
f 246/58/171 241/59/104 247/60/172
f 241/59/104 239/61/5 247/60/172
f 247/60/172 239/61/5 248/62/173
f 239/61/5 237/63/7 248/62/173
f 248/62/173 237/63/7 249/64/174
f 249/64/174 237/63/7 250/82/9
f 237/63/7 236/128/107 250/82/9
f 250/82/9 236/128/107 251/132/125
f 251/132/125 236/128/107 252/133/108
f 252/133/108 236/128/107 253/134/109
f 253/134/109 236/128/107 254/135/110
f 236/128/107 238/129/106 254/135/110
f 254/135/110 238/129/106 255/136/111
f 238/129/106 240/130/105 255/136/111
f 240/130/105 243/131/103 256/137/175
f 256/137/175 243/131/103 257/138/113
f 258/139/114 242/140/115 259/141/116
f 259/141/116 242/140/115 260/142/117
f 243/131/103 244/57/102 262/143/176
f 262/143/176 244/57/102 263/76/177
f 263/76/177 244/57/102 264/75/178
f 244/57/102 246/58/171 264/75/178
f 267/73/179 266/74/180 268/71/181
f 266/74/180 245/72/182 268/71/181
f 269/70/183 246/58/171 270/69/184
f 246/58/171 247/60/172 270/69/184
f 271/68/185 247/60/172 272/67/186
f 247/60/172 248/62/173 272/67/186
f 248/62/173 249/64/174 272/67/186
f 272/67/186 249/64/174 273/66/187
f 273/66/187 249/64/174 274/65/188
f 275/85/189 274/65/188 276/83/190
f 274/65/188 249/64/174 276/83/190
f 249/64/174 250/82/9 276/83/190
f 276/83/190 250/82/9 277/144/51
f 250/82/9 251/132/125 277/144/51
f 277/144/51 251/132/125 278/145/191
f 251/132/125 252/133/108 278/145/191
f 278/145/191 252/133/108 279/146/127
f 280/57/24 281/59/192 283/58/193
f 283/58/193 281/59/192 284/60/194
f 281/59/192 285/61/28 284/60/194
f 284/60/194 285/61/28 286/62/195
f 285/61/28 287/63/30 286/62/195
f 286/62/195 287/63/30 288/64/196
f 289/83/197 288/64/196 290/82/198
f 288/64/196 287/63/30 290/82/198
f 290/82/198 287/63/30 291/81/199
f 291/81/199 287/63/30 292/80/200
f 287/63/30 285/61/28 292/80/200
f 292/80/200 285/61/28 293/79/201
f 285/61/28 281/59/192 293/79/201
f 293/79/201 281/59/192 295/78/202
f 281/59/192 280/57/24 295/78/202
f 295/78/202 280/57/24 297/77/203
f 297/77/203 280/57/24 298/76/204
f 298/76/204 280/57/24 299/75/205
f 280/57/24 283/58/193 299/75/205
f 301/74/206 282/72/207 302/73/208
f 302/73/208 282/72/207 303/71/209
f 304/70/210 283/58/193 305/69/211
f 283/58/193 284/60/194 305/69/211
f 284/60/194 286/62/195 306/68/212
f 306/68/212 286/62/195 307/67/213
f 286/62/195 288/64/196 307/67/213
f 307/67/213 288/64/196 308/66/214
f 308/66/214 288/64/196 309/65/215
f 288/64/196 289/83/197 309/65/215
f 289/83/197 310/84/216 309/65/215
f 309/65/215 310/84/216 311/85/217
f 312/97/198 313/86/30 314/96/218
f 314/96/218 313/86/30 315/95/219
f 313/86/30 316/87/28 315/95/219
f 315/95/219 316/87/28 317/94/220
f 316/87/28 318/90/221 317/94/220
f 317/94/220 318/90/221 320/93/222
f 320/93/222 318/90/221 321/92/223
f 321/92/223 318/90/221 323/91/224
f 323/91/224 318/90/221 324/89/225
f 318/90/221 316/87/28 324/89/225
f 324/89/225 316/87/28 325/88/226
f 316/87/28 313/86/30 325/88/226
f 325/88/226 313/86/30 326/98/227
f 313/86/30 312/97/198 326/98/227
f 326/98/227 312/97/198 327/126/228
f 327/126/228 312/97/198 328/125/48
f 328/125/48 312/97/198 329/124/229
f 312/97/198 314/96/218 329/124/229
f 311/85/217 329/124/229 330/123/230
f 329/124/229 314/96/218 330/123/230
f 330/123/230 314/96/218 331/122/231
f 331/122/231 314/96/218 332/121/232
f 314/96/218 315/95/219 332/121/232
f 315/95/219 317/94/220 333/120/233
f 333/120/233 317/94/220 334/119/234
f 317/94/220 320/93/222 336/118/234
f 336/118/234 320/93/222 337/117/235
f 340/113/236 338/115/237 341/114/238
f 338/115/237 319/116/239 341/114/238
f 320/93/222 321/92/223 342/112/238
f 342/112/238 321/92/223 343/111/41
f 343/111/41 321/92/223 344/110/240
f 321/92/223 323/91/224 344/110/240
f 345/109/241 322/107/242 347/108/243
f 347/108/243 322/107/242 348/106/244
f 349/105/245 323/91/224 350/104/246
f 323/91/224 324/89/225 350/104/246
f 324/89/225 325/88/226 352/103/246
f 352/103/246 325/88/226 353/102/247
f 325/88/226 326/98/227 354/101/248
f 354/101/248 326/98/227 355/100/249
f 355/100/249 326/98/227 356/99/250
f 326/98/227 327/126/228 356/99/250
f 356/99/250 327/126/228 357/127/251
f 359/97/252 360/86/30 361/98/253
f 361/98/253 360/86/30 362/88/219
f 360/86/30 363/87/28 362/88/219
f 362/88/219 363/87/28 364/89/220
f 363/87/28 365/90/192 364/89/220
f 364/89/220 365/90/192 367/91/254
f 367/91/254 365/90/192 368/92/24
f 368/92/24 365/90/192 370/93/224
f 370/93/224 365/90/192 371/94/225
f 365/90/192 363/87/28 371/94/225
f 371/94/225 363/87/28 372/95/255
f 363/87/28 360/86/30 372/95/255
f 372/95/255 360/86/30 373/96/227
f 360/86/30 359/97/252 373/96/227
f 373/96/227 359/97/252 374/124/256
f 374/124/256 359/97/252 375/125/48
f 375/125/48 359/97/252 376/126/257
f 359/97/252 361/98/253 376/126/257
f 358/127/251 376/126/257 377/99/258
f 376/126/257 361/98/253 377/99/258
f 377/99/258 361/98/253 378/100/231
f 378/100/231 361/98/253 379/101/232
f 361/98/253 362/88/219 379/101/232
f 362/88/219 364/89/220 380/102/233
f 380/102/233 364/89/220 381/103/234
f 364/89/220 367/91/254 383/104/234
f 383/104/234 367/91/254 384/105/259
f 387/108/260 385/106/237 388/109/238
f 385/106/237 366/107/239 388/109/238
f 367/91/254 368/92/24 389/110/261
f 389/110/261 368/92/24 390/111/41
f 390/111/41 368/92/24 391/112/240
f 368/92/24 370/93/224 391/112/240
f 392/114/262 369/116/263 394/113/243
f 394/113/243 369/116/263 395/115/244
f 396/117/245 370/93/224 397/118/246
f 370/93/224 371/94/225 397/118/246
f 371/94/225 372/95/255 399/119/246
f 399/119/246 372/95/255 400/120/264
f 372/95/255 373/96/227 401/121/248
f 401/121/248 373/96/227 402/122/249
f 402/122/249 373/96/227 403/123/250
f 373/96/227 374/124/256 403/123/250
f 404/82/252 405/63/30 406/64/265
f 406/64/265 405/63/30 407/62/266
f 405/63/30 408/61/28 407/62/266
f 407/62/266 408/61/28 409/60/267
f 408/61/28 410/59/221 409/60/267
f 409/60/267 410/59/221 412/58/268
f 412/58/268 410/59/221 413/57/269
f 413/57/269 410/59/221 415/131/270
f 415/131/270 410/59/221 416/130/194
f 410/59/221 408/61/28 416/130/194
f 416/130/194 408/61/28 417/129/195
f 408/61/28 405/63/30 417/129/195
f 417/129/195 405/63/30 418/128/196
f 405/63/30 404/82/252 418/128/196
f 418/128/196 404/82/252 419/132/197
f 420/145/271 419/132/197 421/144/48
f 419/132/197 404/82/252 421/144/48
f 421/144/48 404/82/252 422/83/229
f 404/82/252 406/64/265 422/83/229
f 423/85/272 422/83/229 424/65/273
f 422/83/229 406/64/265 424/65/273
f 424/65/273 406/64/265 425/66/274
f 425/66/274 406/64/265 426/67/275
f 406/64/265 407/62/266 426/67/275
f 407/62/266 409/60/267 426/67/275
f 426/67/275 409/60/267 427/68/276
f 409/60/267 412/58/268 428/69/277
f 428/69/277 412/58/268 429/70/278
f 431/73/279 430/71/280 432/74/281
f 430/71/280 411/72/282 432/74/281
f 412/58/268 413/57/269 434/75/283
f 434/75/283 413/57/269 435/76/284
f 435/76/284 413/57/269 436/143/205
f 413/57/269 415/131/270 436/143/205
f 438/142/206 414/140/207 439/141/285
f 439/141/285 414/140/207 440/139/209
f 441/138/210 415/131/270 442/137/211
f 415/131/270 416/130/194 442/137/211
f 416/130/194 417/129/195 443/136/212
f 443/136/212 417/129/195 444/135/213
f 417/129/195 418/128/196 444/135/213
f 444/135/213 418/128/196 445/134/214
f 445/134/214 418/128/196 446/133/215
f 418/128/196 419/132/197 446/133/215
f 419/132/197 420/145/271 446/133/215
f 446/133/215 420/145/271 447/146/217
f 448/7/286 449/147/287 450/5/28
f 451/2/192 450/5/28 453/148/288
f 450/5/28 449/147/287 453/148/288
f 453/148/288 449/147/287 454/149/289
f 454/149/289 449/147/287 455/150/290
f 456/151/291 455/150/290 457/152/292
f 455/150/290 449/147/287 457/152/292
f 449/147/287 448/7/286 457/152/292
f 457/152/292 448/7/286 458/9/252
f 458/9/252 448/7/286 459/153/218
f 459/153/218 448/7/286 460/154/219
f 448/7/286 450/5/28 460/154/219
f 460/154/219 450/5/28 461/155/220
f 450/5/28 451/2/192 461/155/220
f 461/155/220 451/2/192 463/156/254
f 463/156/254 451/2/192 464/1/24
f 464/1/24 451/2/192 465/157/293
f 451/2/192 453/148/288 465/157/293
f 466/158/294 452/159/288 468/160/295
f 452/159/288 454/149/289 468/160/295
f 468/160/295 454/149/289 471/161/296
f 471/161/296 454/149/289 473/162/297
f 454/149/289 455/150/290 473/162/297
f 473/162/297 455/150/290 474/163/298
f 455/150/290 456/151/291 474/163/298
f 474/163/298 456/151/291 475/164/299
f 476/165/300 475/164/299 477/166/301
f 475/164/299 456/151/291 477/166/301
f 477/166/301 456/151/291 478/167/302
f 456/151/291 457/152/292 478/167/302
f 457/152/292 458/9/252 478/167/302
f 478/167/302 458/9/252 479/25/48
f 479/25/48 458/9/252 480/168/229
f 458/9/252 459/153/218 480/168/229
f 447/146/217 480/168/229 481/169/230
f 480/168/229 459/153/218 481/169/230
f 481/169/230 459/153/218 482/170/231
f 482/170/231 459/153/218 483/171/232
f 459/153/218 460/154/219 483/171/232
f 460/154/219 461/155/220 483/171/232
f 483/171/232 461/155/220 484/172/303
f 461/155/220 463/156/254 485/173/234
f 485/173/234 463/156/254 486/174/235
f 489/175/236 487/176/237 490/177/261
f 487/176/237 462/178/239 490/177/261
f 463/156/254 464/1/24 491/179/261
f 491/179/261 464/1/24 492/15/41
f 492/15/41 464/1/24 494/180/304
f 464/1/24 465/157/293 494/180/304
f 494/180/304 465/157/293 495/181/305
f 465/157/293 467/182/295 495/181/305
f 496/183/305 468/160/295 497/184/306
f 468/160/295 471/161/296 497/184/306
f 499/185/307 469/186/308 500/187/309
f 500/187/309 469/186/308 501/188/310
f 470/189/308 472/190/297 501/188/310
f 501/188/310 472/190/297 502/191/311
f 473/162/297 474/163/298 502/191/311
f 502/191/311 474/163/298 503/192/312
f 474/163/298 475/164/299 503/192/312
f 503/192/312 475/164/299 504/193/313
f 475/164/299 476/165/300 504/193/313
f 504/193/313 476/165/300 505/194/314
f 505/194/314 476/165/300 506/195/315
f 508/150/316 509/147/317 510/149/318
f 510/149/318 509/147/317 512/148/319
f 513/2/104 512/148/319 514/5/5
f 512/148/319 509/147/317 514/5/5
f 514/5/5 509/147/317 515/7/7
f 515/7/7 509/147/317 516/152/320
f 509/147/317 508/150/316 516/152/320
f 516/152/320 508/150/316 517/151/321
f 518/164/322 517/151/321 519/163/323
f 517/151/321 508/150/316 519/163/323
f 519/163/323 508/150/316 521/162/324
f 508/150/316 510/149/318 521/162/324
f 521/162/324 510/149/318 524/161/325
f 524/161/325 510/149/318 526/160/326
f 510/149/318 511/159/327 526/160/326
f 526/160/326 511/159/327 527/158/328
f 512/148/319 513/2/104 528/157/329
f 528/157/329 513/2/104 529/1/1
f 529/1/1 513/2/104 531/156/133
f 531/156/133 513/2/104 532/155/134
f 513/2/104 514/5/5 532/155/134
f 532/155/134 514/5/5 533/154/135
f 514/5/5 515/7/7 533/154/135
f 533/154/135 515/7/7 534/153/330
f 534/153/330 515/7/7 535/9/9
f 515/7/7 516/152/320 535/9/9
f 535/9/9 516/152/320 536/167/331
f 516/152/320 517/151/321 536/167/331
f 536/167/331 517/151/321 537/166/332
f 517/151/321 518/164/322 537/166/332
f 537/166/332 518/164/322 538/165/333
f 507/195/315 538/165/333 539/194/334
f 539/194/334 538/165/333 540/193/335
f 538/165/333 518/164/322 540/193/335
f 540/193/335 518/164/322 541/192/336
f 518/164/322 519/163/323 541/192/336
f 541/192/336 519/163/323 542/191/337
f 519/163/323 521/162/324 542/191/337
f 542/191/337 520/190/324 543/188/338
f 520/190/324 522/189/339 543/188/338
f 543/188/338 523/186/339 544/187/340
f 544/187/340 523/186/339 545/185/341
f 524/161/325 526/160/326 547/184/342
f 547/184/342 526/160/326 548/183/343
f 525/182/344 528/157/329 549/181/345
f 549/181/345 528/157/329 551/180/346
f 528/157/329 529/1/1 551/180/346
f 551/180/346 529/1/1 552/15/147
f 552/15/147 529/1/1 553/179/167
f 529/1/1 531/156/133 553/179/167
f 556/175/149 554/177/148 557/176/150
f 554/177/148 530/178/151 557/176/150
f 558/174/152 531/156/133 559/173/153
f 531/156/133 532/155/134 559/173/153
f 560/172/154 532/155/134 561/171/347
f 532/155/134 533/154/135 561/171/347
f 533/154/135 534/153/330 561/171/347
f 561/171/347 534/153/330 562/170/157
f 562/170/157 534/153/330 563/169/348
f 279/146/127 563/169/348 564/168/349
f 563/169/348 534/153/330 564/168/349
f 534/153/330 535/9/9 564/168/349
f 564/168/349 535/9/9 565/25/51
f 535/9/9 536/167/331 565/25/51
f 566/196/350 567/197/351 568/198/352
f 568/198/352 567/197/351 569/199/353
f 567/197/351 570/200/354 569/199/353
f 569/199/353 570/200/354 572/201/355
f 572/201/355 570/200/354 573/202/356
f 573/202/356 570/200/354 575/203/357
f 575/203/357 570/200/354 577/204/358
f 570/200/354 567/197/351 577/204/358
f 577/204/358 567/197/351 578/205/359
f 567/197/351 566/196/350 578/205/359
f 578/205/359 566/196/350 579/206/360
f 566/196/350 580/207/361 579/206/360
f 579/206/360 580/207/361 581/208/362
f 580/207/361 565/25/51 581/208/362
f 581/208/362 565/25/51 582/209/363
f 565/25/51 536/167/331 582/209/363
f 536/167/331 537/166/332 582/209/363
f 583/210/364 582/209/363 584/211/365
f 582/209/363 537/166/332 584/211/365
f 537/166/332 538/165/333 584/211/365
f 586/212/366 588/213/367 590/214/368
f 590/214/368 588/213/367 592/215/369
f 588/213/367 593/216/370 592/215/369
f 592/215/369 593/216/370 594/217/371
f 593/216/370 595/218/372 594/217/371
f 594/217/371 595/218/372 596/219/373
f 595/218/372 597/220/374 596/219/373
f 596/219/373 597/220/374 598/221/375
f 597/220/374 584/211/365 598/221/375
f 598/221/375 584/211/365 599/28/51
f 584/211/365 538/165/333 599/28/51
f 538/165/333 507/195/315 599/28/51
f 506/195/315 476/165/300 600/28/51
f 602/212/376 604/214/377 606/213/378
f 604/214/377 608/215/379 606/213/378
f 606/213/378 608/215/379 609/216/380
f 608/215/379 610/217/381 609/216/380
f 609/216/380 610/217/381 611/218/382
f 610/217/381 612/219/383 611/218/382
f 611/218/382 612/219/383 613/220/384
f 612/219/383 614/221/385 613/220/384
f 613/220/384 614/221/385 615/211/386
f 614/221/385 600/28/51 615/211/386
f 600/28/51 476/165/300 615/211/386
f 476/165/300 477/166/301 615/211/386
f 616/210/387 615/211/386 617/209/388
f 615/211/386 477/166/301 617/209/388
f 477/166/301 478/167/302 617/209/388
f 478/167/302 479/25/48 617/209/388
f 617/209/388 479/25/48 618/208/389
f 479/25/48 619/207/390 618/208/389
f 618/208/389 619/207/390 620/206/391
f 619/207/390 621/196/392 620/206/391
f 620/206/391 621/196/392 622/205/393
f 621/196/392 623/197/394 622/205/393
f 622/205/393 623/197/394 625/204/395
f 623/197/394 626/200/396 625/204/395
f 625/204/395 626/200/396 628/203/397
f 628/203/397 626/200/396 629/202/398
f 629/202/398 626/200/396 631/201/399
f 631/201/399 626/200/396 632/199/400
f 626/200/396 623/197/394 632/199/400
f 632/199/400 623/197/394 633/198/401
f 623/197/394 621/196/392 633/198/401
f 633/198/401 621/196/392 634/222/402
f 621/196/392 619/207/390 634/222/402
f 634/222/402 619/207/390 635/223/403
f 619/207/390 479/25/48 635/223/403
f 635/223/403 479/25/48 636/224/404
f 479/25/48 480/168/229 636/224/404
f 636/224/404 480/168/229 637/225/405
f 480/168/229 447/146/217 637/225/405
f 447/146/217 420/145/271 637/225/405
f 637/225/405 420/145/271 638/226/406
f 420/145/271 421/144/48 638/226/406
f 421/144/48 639/227/390 638/226/406
f 638/226/406 639/227/390 640/228/407
f 639/227/390 641/229/408 640/228/407
f 640/228/407 641/229/408 642/230/409
f 641/229/408 643/231/410 642/230/409
f 642/230/409 643/231/410 644/232/411
f 643/231/410 645/233/412 644/232/411
f 644/232/411 645/233/412 647/234/413
f 647/234/413 645/233/412 648/235/414
f 648/235/414 645/233/412 650/236/415
f 650/236/415 645/233/412 651/237/416
f 645/233/412 643/231/410 651/237/416
f 651/237/416 643/231/410 652/238/417
f 643/231/410 641/229/408 652/238/417
f 652/238/417 641/229/408 653/239/402
f 641/229/408 639/227/390 653/239/402
f 653/239/402 639/227/390 654/240/418
f 639/227/390 421/144/48 654/240/418
f 654/240/418 421/144/48 655/84/419
f 421/144/48 422/83/229 655/84/419
f 655/84/419 422/83/229 656/241/420
f 422/83/229 423/85/272 656/241/420
f 656/241/420 423/85/272 657/242/421
f 423/85/272 403/123/250 657/242/421
f 403/123/250 374/124/256 657/242/421
f 374/124/256 375/125/48 657/242/421
f 657/242/421 375/125/48 658/243/422
f 375/125/48 659/244/390 658/243/422
f 658/243/422 659/244/390 660/245/423
f 659/244/390 661/246/424 660/245/423
f 660/245/423 661/246/424 663/247/425
f 661/246/424 664/248/426 663/247/425
f 663/247/425 664/248/426 666/249/427
f 664/248/426 667/250/396 666/249/427
f 666/249/427 667/250/396 669/251/428
f 669/251/428 667/250/396 670/252/398
f 670/252/398 667/250/396 672/253/429
f 672/253/429 667/250/396 674/254/400
f 667/250/396 664/248/426 674/254/400
f 674/254/400 664/248/426 676/255/401
f 664/248/426 661/246/424 676/255/401
f 676/255/401 661/246/424 677/256/430
f 661/246/424 659/244/390 677/256/430
f 677/256/430 659/244/390 678/257/431
f 659/244/390 375/125/48 678/257/431
f 678/257/431 375/125/48 679/258/51
f 375/125/48 376/126/257 679/258/51
f 376/126/257 358/127/251 679/258/51
f 357/127/251 327/126/228 680/258/51
f 327/126/228 328/125/48 680/258/51
f 680/258/51 328/125/48 681/257/432
f 328/125/48 682/244/390 681/257/432
f 681/257/432 682/244/390 683/256/423
f 682/244/390 684/246/424 683/256/423
f 683/256/423 684/246/424 686/255/425
f 684/246/424 687/248/426 686/255/425
f 686/255/425 687/248/426 689/254/427
f 687/248/426 690/250/396 689/254/427
f 689/254/427 690/250/396 692/253/428
f 692/253/428 690/250/396 693/252/398
f 693/252/398 690/250/396 695/251/429
f 695/251/429 690/250/396 697/249/400
f 690/250/396 687/248/426 697/249/400
f 697/249/400 687/248/426 699/247/401
f 687/248/426 684/246/424 699/247/401
f 699/247/401 684/246/424 700/245/430
f 684/246/424 682/244/390 700/245/430
f 700/245/430 682/244/390 701/243/403
f 682/244/390 328/125/48 701/243/403
f 701/243/403 328/125/48 702/242/404
f 328/125/48 329/124/229 702/242/404
f 702/242/404 329/124/229 703/241/433
f 329/124/229 311/85/217 703/241/433
f 311/85/217 310/84/216 703/241/433
f 703/241/433 310/84/216 704/240/434
f 705/235/414 707/236/413 708/233/412
f 707/236/413 709/237/411 708/233/412
f 708/233/412 709/237/411 710/231/410
f 709/237/411 711/238/409 710/231/410
f 710/231/410 711/238/409 712/229/435
f 711/238/409 713/239/436 712/229/435
f 712/229/435 713/239/436 714/227/390
f 713/239/436 704/240/434 714/227/390
f 714/227/390 704/240/434 715/144/48
f 704/240/434 310/84/216 715/144/48
f 310/84/216 289/83/197 715/144/48
f 289/83/197 290/82/198 715/144/48
f 715/144/48 290/82/198 716/259/437
f 290/82/198 291/81/199 716/259/437
f 111/30/56 716/259/437 717/260/438
f 716/259/437 291/81/199 717/260/438
f 717/260/438 291/81/199 718/261/439
f 291/81/199 292/80/200 718/261/439
f 718/261/439 292/80/200 719/262/440
f 292/80/200 293/79/201 719/262/440
f 719/262/440 293/79/201 720/263/441
f 293/79/201 294/264/442 720/263/441
f 720/263/441 294/264/442 721/265/443
f 294/264/442 296/266/444 721/265/443
f 721/265/443 296/266/444 722/267/445
f 723/268/446 722/267/445 725/269/447
f 722/267/445 296/266/444 725/269/447
f 297/77/203 298/76/204 724/270/447
f 724/270/447 298/76/204 726/271/448
f 726/271/448 298/76/204 728/272/449
f 298/76/204 299/75/205 728/272/449
f 727/273/450 300/274/451 729/275/452
f 300/274/451 302/73/208 729/275/452
f 730/276/453 729/275/452 731/277/454
f 729/275/452 302/73/208 731/277/454
f 731/277/454 302/73/208 732/278/455
f 302/73/208 303/71/209 732/278/455
f 732/278/455 303/71/209 733/279/456
f 303/71/209 306/68/212 733/279/456
f 733/279/456 306/68/212 734/280/457
f 306/68/212 307/67/213 734/280/457
f 734/280/457 307/67/213 735/281/101
f 307/67/213 308/66/214 735/281/101
f 735/281/101 308/66/214 736/282/458
f 308/66/214 309/65/215 736/282/458
f 736/282/458 309/65/215 737/283/459
f 309/65/215 311/85/217 737/283/459
f 311/85/217 330/123/230 737/283/459
f 737/283/459 330/123/230 738/284/460
f 330/123/230 331/122/231 738/284/460
f 738/284/460 331/122/231 739/285/461
f 331/122/231 332/121/232 739/285/461
f 739/285/461 332/121/232 740/286/462
f 332/121/232 335/287/303 740/286/462
f 740/286/462 335/287/303 741/288/463
f 335/287/303 338/115/237 741/288/463
f 741/288/463 338/115/237 742/289/464
f 338/115/237 340/113/236 742/289/464
f 742/289/464 340/113/236 743/290/465
f 744/291/466 743/290/465 746/292/467
f 743/290/465 340/113/236 746/292/467
f 745/293/468 339/294/469 747/295/470
f 339/294/469 342/112/238 747/295/470
f 342/112/238 343/111/41 747/295/470
f 747/295/470 343/111/41 748/296/471
f 748/296/471 343/111/41 749/297/472
f 343/111/41 344/110/240 749/297/472
f 749/297/472 344/110/240 751/298/473
f 344/110/240 346/299/243 751/298/473
f 752/300/474 750/301/475 753/302/476
f 750/301/475 347/108/243 753/302/476
f 753/302/476 347/108/243 754/303/62
f 347/108/243 348/106/244 754/303/62
f 754/303/62 348/106/244 755/304/477
f 348/106/244 351/305/478 755/304/477
f 755/304/477 351/305/478 756/306/479
f 351/305/478 354/101/248 756/306/479
f 756/306/479 354/101/248 757/307/101
f 354/101/248 355/100/249 757/307/101
f 757/307/101 355/100/249 758/308/480
f 355/100/249 356/99/250 758/308/480
f 758/308/480 356/99/250 760/309/481
f 356/99/250 357/127/251 760/309/481
f 358/127/251 377/99/258 759/309/51
f 759/309/51 377/99/258 761/308/460
f 377/99/258 378/100/231 761/308/460
f 761/308/460 378/100/231 762/307/461
f 378/100/231 379/101/232 762/307/461
f 762/307/461 379/101/232 763/306/482
f 379/101/232 382/305/303 763/306/482
f 763/306/482 382/305/303 764/304/483
f 382/305/303 385/106/237 764/304/483
f 764/304/483 385/106/237 765/303/484
f 385/106/237 387/108/260 765/303/484
f 765/303/484 387/108/260 766/302/485
f 767/300/466 766/302/485 769/301/467
f 766/302/485 387/108/260 769/301/467
f 768/298/468 386/299/469 770/297/486
f 386/299/469 389/110/261 770/297/486
f 389/110/261 390/111/41 770/297/486
f 770/297/486 390/111/41 771/296/471
f 771/296/471 390/111/41 772/295/487
f 390/111/41 391/112/240 772/295/487
f 772/295/487 391/112/240 774/293/473
f 391/112/240 393/294/488 774/293/473
f 775/291/474 773/292/475 776/290/489
f 773/292/475 394/113/243 776/290/489
f 776/290/489 394/113/243 777/289/62
f 394/113/243 395/115/244 777/289/62
f 777/289/62 395/115/244 778/288/60
f 395/115/244 398/287/478 778/288/60
f 778/288/60 398/287/478 779/286/100
f 398/287/478 401/121/248 779/286/100
f 779/286/100 401/121/248 780/285/101
f 401/121/248 402/122/249 780/285/101
f 780/285/101 402/122/249 781/284/57
f 402/122/249 403/123/250 781/284/57
f 781/284/57 403/123/250 782/283/56
f 403/123/250 423/85/272 782/283/56
f 423/85/272 424/65/273 782/283/56
f 782/283/56 424/65/273 783/282/490
f 424/65/273 425/66/274 783/282/490
f 783/282/490 425/66/274 784/281/439
f 425/66/274 426/67/275 784/281/439
f 784/281/439 426/67/275 785/280/440
f 426/67/275 427/68/276 785/280/440
f 785/280/440 427/68/276 786/279/441
f 427/68/276 430/71/280 786/279/441
f 786/279/441 430/71/280 787/278/443
f 430/71/280 431/73/279 787/278/443
f 787/278/443 431/73/279 788/277/445
f 789/276/491 788/277/445 790/275/492
f 788/277/445 431/73/279 790/275/492
f 790/275/492 431/73/279 792/273/493
f 431/73/279 433/274/281 792/273/493
f 434/75/283 435/76/284 791/272/494
f 791/272/494 435/76/284 793/271/495
f 793/271/495 435/76/284 795/310/450
f 435/76/284 436/143/205 795/310/450
f 794/311/450 437/312/451 796/313/452
f 437/312/451 439/141/285 796/313/452
f 797/268/453 796/313/452 798/267/496
f 796/313/452 439/141/285 798/267/496
f 798/267/496 439/141/285 799/265/455
f 439/141/285 440/139/209 799/265/455
f 799/265/455 440/139/209 800/263/456
f 440/139/209 443/136/212 800/263/456
f 800/263/456 443/136/212 801/262/457
f 443/136/212 444/135/213 801/262/457
f 801/262/457 444/135/213 802/261/101
f 444/135/213 445/134/214 802/261/101
f 802/261/101 445/134/214 803/260/458
f 445/134/214 446/133/215 803/260/458
f 803/260/458 446/133/215 804/30/459
f 446/133/215 447/146/217 804/30/459
f 447/146/217 481/169/230 804/30/459
f 804/30/459 481/169/230 805/31/460
f 481/169/230 482/170/231 805/31/460
f 805/31/460 482/170/231 806/32/461
f 482/170/231 483/171/232 806/32/461
f 806/32/461 483/171/232 807/33/462
f 483/171/232 484/172/303 807/33/462
f 807/33/462 484/172/303 808/34/463
f 484/172/303 487/176/237 808/34/463
f 808/34/463 487/176/237 809/36/464
f 487/176/237 489/175/236 809/36/464
f 809/36/464 489/175/236 810/38/465
f 811/39/466 810/38/465 813/314/497
f 810/38/465 489/175/236 813/314/497
f 812/315/467 488/316/469 814/317/486
f 488/316/469 491/179/261 814/317/486
f 491/179/261 492/15/41 814/317/486
f 814/317/486 492/15/41 815/42/471
f 815/42/471 492/15/41 817/318/498
f 492/15/41 494/180/304 817/318/498
f 816/319/498 493/320/499 818/321/500
f 493/320/499 496/183/305 818/321/500
f 818/321/500 496/183/305 820/322/501
f 496/183/305 497/184/306 820/322/501
f 819/323/502 498/324/306 821/325/503
f 498/324/306 500/187/309 821/325/503
f 822/46/90 821/325/503 823/48/89
f 821/325/503 500/187/309 823/48/89
f 823/48/89 500/187/309 824/50/87
f 500/187/309 501/188/310 824/50/87
f 824/50/87 501/188/310 825/52/85
f 501/188/310 502/191/311 825/52/85
f 825/52/85 502/191/311 826/53/504
f 502/191/311 503/192/312 826/53/504
f 826/53/504 503/192/312 827/54/83
f 503/192/312 504/193/313 827/54/83
f 827/54/83 504/193/313 828/55/82
f 504/193/313 505/194/314 828/55/82
f 828/55/82 505/194/314 830/56/51
f 505/194/314 506/195/315 830/56/51
f 507/195/315 539/194/334 829/56/51
f 829/56/51 539/194/334 831/55/81
f 539/194/334 540/193/335 831/55/81
f 831/55/81 540/193/335 832/54/80
f 540/193/335 541/192/336 832/54/80
f 832/54/80 541/192/336 833/53/505
f 541/192/336 542/191/337 833/53/505
f 833/53/505 542/191/337 834/52/78
f 542/191/337 543/188/338 834/52/78
f 834/52/78 543/188/338 835/50/506
f 543/188/338 544/187/340 835/50/506
f 835/50/506 544/187/340 836/48/507
f 837/46/72 836/48/507 838/325/508
f 836/48/507 544/187/340 838/325/508
f 544/187/340 546/324/342 838/325/508
f 838/325/508 546/324/342 840/323/509
f 547/184/342 548/183/343 839/322/510
f 839/322/510 548/183/343 841/321/511
f 548/183/343 550/320/512 841/321/511
f 841/321/511 550/320/512 843/319/513
f 551/180/346 552/15/147 842/318/513
f 842/318/513 552/15/147 844/42/68
f 844/42/68 552/15/147 845/317/514
f 552/15/147 553/179/167 845/317/514
f 553/179/167 555/316/149 845/317/514
f 845/317/514 555/316/149 847/315/515
f 848/39/466 846/314/515 849/38/465
f 846/314/515 556/175/149 849/38/465
f 849/38/465 556/175/149 850/36/464
f 556/175/149 557/176/150 850/36/464
f 850/36/464 557/176/150 851/34/463
f 557/176/150 560/172/154 851/34/463
f 851/34/463 560/172/154 852/33/462
f 560/172/154 561/171/347 852/33/462
f 852/33/462 561/171/347 853/32/461
f 561/171/347 562/170/157 853/32/461
f 853/32/461 562/170/157 854/31/460
f 562/170/157 563/169/348 854/31/460
f 854/31/460 563/169/348 855/30/459
f 563/169/348 279/146/127 855/30/459
f 279/146/127 252/133/108 855/30/459
f 855/30/459 252/133/108 856/260/458
f 252/133/108 253/134/109 856/260/458
f 856/260/458 253/134/109 857/261/101
f 253/134/109 254/135/110 857/261/101
f 857/261/101 254/135/110 858/262/457
f 254/135/110 255/136/111 858/262/457
f 858/262/457 255/136/111 859/263/456
f 255/136/111 258/139/114 859/263/456
f 859/263/456 258/139/114 860/265/455
f 258/139/114 259/141/116 860/265/455
f 860/265/455 259/141/116 861/267/516
f 862/268/453 861/267/516 863/313/517
f 861/267/516 259/141/116 863/313/517
f 259/141/116 261/312/176 863/313/517
f 863/313/517 261/312/176 865/311/518
f 262/143/176 263/76/177 864/310/519
f 864/310/519 263/76/177 866/271/520
f 866/271/520 263/76/177 868/272/521
f 263/76/177 264/75/178 868/272/521
f 265/274/180 267/73/179 867/273/521
f 867/273/521 267/73/179 869/275/522
f 870/276/491 869/275/522 871/277/523
f 869/275/522 267/73/179 871/277/523
f 871/277/523 267/73/179 872/278/443
f 267/73/179 268/71/181 872/278/443
f 872/278/443 268/71/181 873/279/441
f 268/71/181 271/68/185 873/279/441
f 873/279/441 271/68/185 874/280/440
f 271/68/185 272/67/186 874/280/440
f 874/280/440 272/67/186 875/281/439
f 272/67/186 273/66/187 875/281/439
f 875/281/439 273/66/187 876/282/490
f 273/66/187 274/65/188 876/282/490
f 876/282/490 274/65/188 877/283/56
f 274/65/188 275/85/189 877/283/56
f 275/85/189 235/123/170 877/283/56
f 877/283/56 235/123/170 878/284/57
f 235/123/170 206/122/138 878/284/57
f 878/284/57 206/122/138 879/285/58
f 206/122/138 207/121/139 879/285/58
f 879/285/58 207/121/139 880/286/100
f 207/121/139 210/287/524 880/286/100
f 880/286/100 210/287/524 881/288/60
f 210/287/524 213/115/143 881/288/60
f 881/288/60 213/115/143 882/289/98
f 213/115/143 215/113/164 882/289/98
f 882/289/98 215/113/164 883/290/489
f 884/291/474 883/290/489 886/292/525
f 883/290/489 215/113/164 886/292/525
f 214/294/164 217/112/166 885/293/525
f 885/293/525 217/112/166 887/295/526
f 217/112/166 218/111/147 887/295/526
f 887/295/526 218/111/147 888/296/68
f 888/296/68 218/111/147 889/297/514
f 218/111/147 219/110/167 889/297/514
f 219/110/167 221/299/149 889/297/514
f 889/297/514 221/299/149 891/298/527
f 892/300/528 890/301/515 893/302/485
f 890/301/515 222/108/149 893/302/485
f 893/302/485 222/108/149 894/303/464
f 222/108/149 223/106/150 894/303/464
f 894/303/464 223/106/150 895/304/483
f 223/106/150 226/305/154 895/304/483
f 895/304/483 226/305/154 896/306/529
f 226/305/154 229/101/156 896/306/529
f 896/306/529 229/101/156 897/307/461
f 229/101/156 230/100/157 897/307/461
f 897/307/461 230/100/157 898/308/530
f 230/100/157 231/99/168 898/308/530
f 898/308/530 231/99/168 900/309/48
f 231/99/168 190/127/160 900/309/48
f 189/127/160 159/99/137 899/309/51
f 899/309/51 159/99/137 901/308/480
f 159/99/137 160/100/138 901/308/480
f 901/308/480 160/100/138 902/307/58
f 160/100/138 161/101/139 902/307/58
f 902/307/58 161/101/139 903/306/479
f 161/101/139 164/305/524 903/306/479
f 903/306/479 164/305/524 904/304/477
f 164/305/524 167/106/143 904/304/477
f 904/304/477 167/106/143 905/303/98
f 167/106/143 169/108/145 905/303/98
f 905/303/98 169/108/145 906/302/531
f 907/300/532 906/302/531 909/301/525
f 906/302/531 169/108/145 909/301/525
f 168/299/145 171/110/146 908/298/525
f 908/298/525 171/110/146 910/297/526
f 171/110/146 172/111/147 910/297/526
f 910/297/526 172/111/147 911/296/68
f 911/296/68 172/111/147 912/295/514
f 172/111/147 173/112/148 912/295/514
f 173/112/148 175/294/149 912/295/514
f 912/295/514 175/294/149 914/293/527
f 915/291/528 913/292/515 916/290/465
f 913/292/515 176/113/149 916/290/465
f 916/290/465 176/113/149 917/289/464
f 176/113/149 177/115/150 917/289/464
f 917/289/464 177/115/150 918/288/463
f 177/115/150 180/287/154 918/288/463
f 918/288/463 180/287/154 919/286/462
f 180/287/154 183/121/156 919/286/462
f 919/286/462 183/121/156 920/285/461
f 183/121/156 184/122/157 920/285/461
f 920/285/461 184/122/157 921/284/460
f 184/122/157 185/123/158 921/284/460
f 921/284/460 185/123/158 922/283/459
f 185/123/158 143/85/127 922/283/459
f 143/85/127 121/65/108 922/283/459
f 922/283/459 121/65/108 923/282/458
f 121/65/108 122/66/109 923/282/458
f 923/282/458 122/66/109 924/281/101
f 122/66/109 123/67/110 924/281/101
f 924/281/101 123/67/110 925/280/457
f 123/67/110 124/68/111 925/280/457
f 925/280/457 124/68/111 926/279/456
f 124/68/111 127/71/114 926/279/456
f 926/279/456 127/71/114 927/278/455
f 127/71/114 128/73/116 927/278/455
f 927/278/455 128/73/116 928/277/516
f 929/276/453 928/277/516 930/275/517
f 928/277/516 128/73/116 930/275/517
f 128/73/116 130/274/176 930/275/517
f 930/275/517 130/274/176 932/273/518
f 131/75/118 132/76/119 931/272/518
f 931/272/518 132/76/119 933/271/533
f 933/271/533 132/76/119 935/270/534
f 132/76/119 134/77/120 935/270/534
f 936/268/446 934/269/535 937/267/536
f 934/269/535 133/266/537 937/267/536
f 937/267/536 133/266/537 938/265/443
f 133/266/537 135/264/538 938/265/443
f 938/265/443 135/264/538 939/263/539
f 135/264/538 137/79/122 939/263/539
f 939/263/539 137/79/122 940/262/440
f 137/79/122 138/80/123 940/262/440
f 940/262/440 138/80/123 941/261/439
f 138/80/123 139/81/124 941/261/439
f 941/261/439 139/81/124 942/260/540
f 943/30/56 942/260/540 944/259/541
f 942/260/540 139/81/124 944/259/541
f 139/81/124 140/82/9 944/259/541
f 944/259/541 140/82/9 945/144/51
f 140/82/9 141/83/125 945/144/51
f 141/83/125 142/84/126 945/144/51
f 946/235/542 947/233/543 949/236/544
f 949/236/544 947/233/543 950/237/545
f 947/233/543 951/231/546 950/237/545
f 950/237/545 951/231/546 952/238/547
f 951/231/546 953/229/548 952/238/547
f 952/238/547 953/229/548 954/239/549
f 953/229/548 955/227/361 954/239/549
f 954/239/549 955/227/361 956/240/550
f 955/227/361 945/144/51 956/240/550
f 945/144/51 142/84/126 956/240/550
f 956/240/550 142/84/126 957/241/551
f 142/84/126 143/85/127 957/241/551
f 143/85/127 186/124/159 957/241/551
f 957/241/551 186/124/159 958/242/552
f 186/124/159 187/125/51 958/242/552
f 958/242/552 187/125/51 959/243/553
f 187/125/51 960/244/361 959/243/553
f 959/243/553 960/244/361 961/245/554
f 960/244/361 962/246/555 961/245/554
f 961/245/554 962/246/555 964/247/556
f 962/246/555 965/248/557 964/247/556
f 964/247/556 965/248/557 967/249/558
f 965/248/557 968/250/354 967/249/558
f 967/249/558 968/250/354 970/251/559
f 970/251/559 968/250/354 971/252/356
f 971/252/356 968/250/354 973/253/560
f 973/253/560 968/250/354 975/254/561
f 968/250/354 965/248/557 975/254/561
f 975/254/561 965/248/557 977/255/562
f 965/248/557 962/246/555 977/255/562
f 977/255/562 962/246/555 978/256/563
f 962/246/555 960/244/361 978/256/563
f 978/256/563 960/244/361 979/257/564
f 960/244/361 187/125/51 979/257/564
f 979/257/564 187/125/51 980/258/51
f 187/125/51 188/126/125 980/258/51
f 188/126/125 189/127/160 980/258/51
f 190/127/160 232/126/169 981/258/51
f 232/126/169 233/125/51 981/258/51
f 981/258/51 233/125/51 982/257/565
f 233/125/51 983/244/361 982/257/565
f 982/257/565 983/244/361 984/256/566
f 983/244/361 985/246/555 984/256/566
f 984/256/566 985/246/555 987/255/556
f 985/246/555 988/248/557 987/255/556
f 987/255/556 988/248/557 990/254/558
f 988/248/557 991/250/354 990/254/558
f 990/254/558 991/250/354 993/253/559
f 993/253/559 991/250/354 994/252/356
f 994/252/356 991/250/354 996/251/560
f 996/251/560 991/250/354 998/249/561
f 991/250/354 988/248/557 998/249/561
f 998/249/561 988/248/557 1000/247/562
f 988/248/557 985/246/555 1000/247/562
f 1000/247/562 985/246/555 1001/245/563
f 985/246/555 983/244/361 1001/245/563
f 1001/245/563 983/244/361 1002/243/567
f 983/244/361 233/125/51 1002/243/567
f 1002/243/567 233/125/51 1003/242/568
f 233/125/51 234/124/125 1003/242/568
f 234/124/125 235/123/170 1003/242/568
f 235/123/170 275/85/189 1003/242/568
f 1003/242/568 275/85/189 1004/241/364
f 275/85/189 276/83/190 1004/241/364
f 1004/241/364 276/83/190 1005/84/569
f 276/83/190 277/144/51 1005/84/569
f 1005/84/569 277/144/51 1006/240/570
f 277/144/51 1007/227/361 1006/240/570
f 1006/240/570 1007/227/361 1008/239/554
f 1007/227/361 1009/229/571 1008/239/554
f 1008/239/554 1009/229/571 1010/238/572
f 1009/229/571 1011/231/546 1010/238/572
f 1010/238/572 1011/231/546 1012/237/573
f 1011/231/546 1013/233/543 1012/237/573
f 1012/237/573 1013/233/543 1015/236/574
f 1015/236/574 1013/233/543 1016/235/575
f 1016/235/575 1013/233/543 1018/234/576
f 1018/234/576 1013/233/543 1019/232/545
f 1013/233/543 1011/231/546 1019/232/545
f 1019/232/545 1011/231/546 1020/230/547
f 1011/231/546 1009/229/571 1020/230/547
f 1020/230/547 1009/229/571 1021/228/577
f 1009/229/571 1007/227/361 1021/228/577
f 1021/228/577 1007/227/361 1022/226/578
f 1007/227/361 277/144/51 1022/226/578
f 277/144/51 278/145/191 1022/226/578
f 1022/226/578 278/145/191 1023/225/551
f 278/145/191 279/146/127 1023/225/551
f 279/146/127 564/168/349 1023/225/551
f 1023/225/551 564/168/349 1024/224/579
f 564/168/349 565/25/51 1024/224/579
f 1024/224/579 565/25/51 1025/223/553
f 565/25/51 580/207/361 1025/223/553
f 1025/223/553 580/207/361 1026/222/566
f 580/207/361 566/196/350 1026/222/566
f 566/196/350 568/198/352 1026/222/566
f 1027/326/580 1026/222/566 1028/327/581
f 1026/222/566 568/198/352 1028/327/581
f 1028/327/581 568/198/352 1029/328/582
f 568/198/352 569/199/353 1029/328/582
f 569/199/353 572/201/355 1030/329/583
f 1030/329/583 572/201/355 1031/330/584
f 1032/331/585 571/332/355 1033/333/586
f 1033/333/586 571/332/355 1034/334/587
f 572/201/355 573/202/356 1036/335/587
f 1036/335/587 573/202/356 1037/336/588
f 1037/336/588 573/202/356 1039/337/589
f 573/202/356 575/203/357 1039/337/589
f 1041/338/590 1039/337/589 1042/339/591
f 1039/337/589 575/203/357 1042/339/591
f 574/340/592 576/341/593 1043/342/594
f 1043/342/594 576/341/593 1044/343/595
f 577/204/358 578/205/359 1044/343/595
f 1044/343/595 578/205/359 1045/344/596
f 578/205/359 579/206/360 1045/344/596
f 1045/344/596 579/206/360 1046/345/597
f 579/206/360 581/208/362 1046/345/597
f 1046/345/597 581/208/362 1047/346/598
f 1047/346/598 581/208/362 1048/347/599
f 581/208/362 582/209/363 1048/347/599
f 582/209/363 583/210/364 1048/347/599
f 1049/348/600 1052/349/601 1053/350/602
f 1052/349/601 1056/351/603 1053/350/602
f 1053/350/602 1054/352/603 1057/353/604
f 1054/352/603 1059/354/605 1057/353/604
f 1057/353/604 1058/355/605 1060/356/606
f 1058/355/605 1061/357/607 1060/356/606
f 1060/356/606 1061/357/607 1062/358/608
f 1061/357/607 1063/359/609 1062/358/608
f 1062/358/608 1063/359/609 1064/360/610
f 1063/359/609 1065/361/611 1064/360/610
f 1064/360/610 1065/361/611 1066/362/612
f 1065/361/611 1048/347/599 1066/362/612
f 1048/347/599 583/210/364 1066/362/612
f 1066/362/612 583/210/364 1067/363/613
f 583/210/364 584/211/365 1067/363/613
f 584/211/365 597/220/374 1067/363/613
f 597/220/374 595/218/372 1067/363/613
f 1067/363/613 595/218/372 1068/364/614
f 595/218/372 593/216/370 1068/364/614
f 1068/364/614 593/216/370 1069/365/615
f 593/216/370 588/213/367 1069/365/615
f 1069/365/615 588/213/367 1070/366/616
f 587/367/617 585/368/618 1071/369/619
f 1071/369/619 585/368/618 1072/370/620
f 1075/371/621 1073/372/620 1077/373/622
f 1073/372/620 586/212/366 1077/373/622
f 586/212/366 590/214/368 1077/373/622
f 1077/373/622 590/214/368 1079/374/623
f 1081/375/624 1079/374/623 1082/376/625
f 1079/374/623 590/214/368 1082/376/625
f 589/377/368 591/378/369 1083/379/626
f 1083/379/626 591/378/369 1084/380/627
f 1085/381/627 592/215/369 1086/382/628
f 592/215/369 594/217/371 1086/382/628
f 1086/382/628 594/217/371 1087/383/629
f 594/217/371 596/219/373 1087/383/629
f 1087/383/629 596/219/373 1088/384/630
f 596/219/373 598/221/375 1088/384/630
f 1088/384/630 598/221/375 1089/385/631
f 598/221/375 599/28/51 1089/385/631
f 600/28/51 614/221/385 1090/385/631
f 1090/385/631 614/221/385 1091/384/632
f 614/221/385 612/219/383 1091/384/632
f 1091/384/632 612/219/383 1092/383/633
f 612/219/383 610/217/381 1092/383/633
f 1092/383/633 610/217/381 1093/382/634
f 610/217/381 608/215/379 1093/382/634
f 1093/382/634 608/215/379 1094/381/635
f 1095/380/635 607/378/379 1096/379/636
f 607/378/379 603/377/377 1096/379/636
f 1099/375/637 1097/376/638 1101/374/639
f 1097/376/638 604/214/377 1101/374/639
f 1101/374/639 604/214/377 1103/373/640
f 604/214/377 602/212/376 1103/373/640
f 1105/371/641 1103/373/640 1106/372/642
f 1103/373/640 602/212/376 1106/372/642
f 1107/370/642 601/368/643 1108/369/644
f 601/368/643 605/367/645 1108/369/644
f 1109/366/646 606/213/378 1110/365/647
f 606/213/378 609/216/380 1110/365/647
f 1110/365/647 609/216/380 1111/364/648
f 609/216/380 611/218/382 1111/364/648
f 1111/364/648 611/218/382 1112/363/649
f 611/218/382 613/220/384 1112/363/649
f 613/220/384 615/211/386 1112/363/649
f 615/211/386 616/210/387 1112/363/649
f 1112/363/649 616/210/387 1113/362/650
f 1114/348/651 1115/350/652 1118/349/653
f 1118/349/653 1115/350/652 1119/351/654
f 1115/350/652 1122/353/655 1121/352/654
f 1121/352/654 1122/353/655 1123/354/656
f 1122/353/655 1125/356/657 1124/355/658
f 1124/355/658 1125/356/657 1126/357/659
f 1125/356/657 1127/358/660 1126/357/659
f 1126/357/659 1127/358/660 1128/359/661
f 1127/358/660 1129/360/662 1128/359/661
f 1128/359/661 1129/360/662 1130/361/663
f 1129/360/662 1113/362/650 1130/361/663
f 1130/361/663 1113/362/650 1131/347/664
f 1113/362/650 616/210/387 1131/347/664
f 616/210/387 617/209/388 1131/347/664
f 617/209/388 618/208/389 1131/347/664
f 1131/347/664 618/208/389 1132/346/665
f 1132/346/665 618/208/389 1133/345/666
f 618/208/389 620/206/391 1133/345/666
f 1133/345/666 620/206/391 1134/344/667
f 620/206/391 622/205/393 1134/344/667
f 1134/344/667 622/205/393 1135/343/668
f 622/205/393 625/204/395 1135/343/668
f 1135/343/668 624/341/669 1136/342/670
f 624/341/669 627/340/671 1136/342/670
f 1139/338/672 1137/339/673 1141/337/674
f 1137/339/673 628/203/397 1141/337/674
f 628/203/397 629/202/398 1141/337/674
f 1141/337/674 629/202/398 1142/336/675
f 1142/336/675 629/202/398 1143/335/676
f 629/202/398 631/201/399 1143/335/676
f 1145/334/677 630/332/399 1146/333/678
f 1146/333/678 630/332/399 1147/331/679
f 1148/330/680 631/201/399 1149/329/681
f 631/201/399 632/199/400 1149/329/681
f 632/199/400 633/198/401 1150/328/682
f 1150/328/682 633/198/401 1151/327/683
f 633/198/401 634/222/402 1151/327/683
f 1151/327/683 634/222/402 1152/326/187
f 1152/326/187 634/222/402 1153/386/684
f 634/222/402 635/223/403 1153/386/684
f 635/223/403 636/224/404 1153/386/684
f 636/224/404 637/225/405 1153/386/684
f 1153/386/684 637/225/405 1154/387/685
f 637/225/405 638/226/406 1154/387/685
f 1154/387/685 638/226/406 1155/388/686
f 638/226/406 640/228/407 1155/388/686
f 1155/388/686 640/228/407 1156/389/687
f 1156/389/687 640/228/407 1157/390/688
f 640/228/407 642/230/409 1157/390/688
f 1157/390/688 642/230/409 1158/391/689
f 642/230/409 644/232/411 1158/391/689
f 644/232/411 647/234/413 1159/392/690
f 1159/392/690 647/234/413 1160/393/691
f 1162/394/692 1161/395/691 1163/396/693
f 1161/395/691 646/397/413 1163/396/693
f 647/234/413 648/235/414 1165/398/694
f 1165/398/694 648/235/414 1166/399/695
f 1166/399/695 648/235/414 1167/400/696
f 648/235/414 650/236/415 1167/400/696
f 1169/401/696 649/402/697 1170/403/698
f 1170/403/698 649/402/697 1171/404/699
f 1172/405/700 650/236/415 1173/406/701
f 650/236/415 651/237/416 1173/406/701
f 651/237/416 652/238/417 1174/407/702
f 1174/407/702 652/238/417 1175/408/703
f 652/238/417 653/239/402 1175/408/703
f 1175/408/703 653/239/402 1176/409/704
f 1176/409/704 653/239/402 1177/410/348
f 653/239/402 654/240/418 1177/410/348
f 654/240/418 655/84/419 1177/410/348
f 1177/410/348 655/84/419 1178/411/705
f 655/84/419 656/241/420 1178/411/705
f 656/241/420 657/242/421 1178/411/705
f 657/242/421 658/243/422 1178/411/705
f 1178/411/705 658/243/422 1179/412/706
f 658/243/422 660/245/423 1179/412/706
f 1179/412/706 660/245/423 1180/413/707
f 1180/413/707 660/245/423 1181/414/708
f 660/245/423 663/247/425 1181/414/708
f 1181/414/708 662/415/709 1182/416/710
f 662/415/709 665/417/711 1182/416/710
f 666/249/427 669/251/428 1183/418/712
f 1183/418/712 669/251/428 1184/419/713
f 1186/420/714 1185/421/715 1187/422/716
f 1185/421/715 668/423/428 1187/422/716
f 669/251/428 670/252/398 1189/424/716
f 1189/424/716 670/252/398 1190/425/675
f 1190/425/675 670/252/398 1191/426/717
f 670/252/398 672/253/429 1191/426/717
f 1193/427/676 671/428/429 1194/429/678
f 1194/429/678 671/428/429 1195/430/679
f 1196/431/680 672/253/429 1197/432/681
f 672/253/429 674/254/400 1197/432/681
f 673/433/400 675/434/718 1198/435/682
f 1198/435/682 675/434/718 1199/436/719
f 676/255/401 677/256/430 1199/436/719
f 1199/436/719 677/256/430 1200/437/187
f 1200/437/187 677/256/430 1201/438/158
f 677/256/430 678/257/431 1201/438/158
f 1201/438/158 678/257/431 1202/439/160
f 678/257/431 679/258/51 1202/439/160
f 680/258/51 681/257/432 1203/439/160
f 1203/439/160 681/257/432 1204/438/686
f 681/257/432 683/256/423 1204/438/686
f 1204/438/686 683/256/423 1205/437/707
f 1205/437/707 683/256/423 1206/436/708
f 683/256/423 686/255/425 1206/436/708
f 1206/436/708 685/434/709 1207/435/720
f 685/434/709 688/433/711 1207/435/720
f 689/254/427 692/253/428 1208/432/712
f 1208/432/712 692/253/428 1209/431/713
f 1211/429/714 1210/430/715 1212/427/716
f 1210/430/715 691/428/428 1212/427/716
f 692/253/428 693/252/398 1214/426/716
f 1214/426/716 693/252/398 1215/425/675
f 1215/425/675 693/252/398 1216/424/676
f 693/252/398 695/251/429 1216/424/676
f 1218/422/677 694/423/429 1219/420/678
f 1219/420/678 694/423/429 1220/421/679
f 1221/419/680 695/251/429 1222/418/681
f 695/251/429 697/249/400 1222/418/681
f 696/417/400 698/415/718 1223/416/682
f 1223/416/682 698/415/718 1224/414/719
f 699/247/401 700/245/430 1224/414/719
f 1224/414/719 700/245/430 1225/413/187
f 1225/413/187 700/245/430 1226/412/168
f 700/245/430 701/243/403 1226/412/168
f 701/243/403 702/242/404 1226/412/168
f 702/242/404 703/241/433 1226/412/168
f 1226/412/168 703/241/433 1227/411/685
f 703/241/433 704/240/434 1227/411/685
f 1227/411/685 704/240/434 1228/410/686
f 704/240/434 713/239/436 1228/410/686
f 1228/410/686 713/239/436 1229/409/721
f 1229/409/721 713/239/436 1230/408/722
f 713/239/436 711/238/409 1230/408/722
f 1230/408/722 711/238/409 1231/407/689
f 711/238/409 709/237/411 1231/407/689
f 709/237/411 707/236/413 1232/406/690
f 1232/406/690 707/236/413 1233/405/723
f 1235/403/692 1234/404/691 1236/401/693
f 1234/404/691 706/402/413 1236/401/693
f 707/236/413 705/235/414 1238/400/693
f 1238/400/693 705/235/414 1239/399/724
f 1239/399/724 705/235/414 1241/440/725
f 1241/440/725 705/235/414 1243/441/726
f 705/235/414 708/233/412 1243/441/726
f 1243/441/726 708/233/412 1244/442/727
f 708/233/412 710/231/410 1244/442/727
f 1244/442/727 710/231/410 1245/443/728
f 710/231/410 712/229/435 1245/443/728
f 1245/443/728 712/229/435 1246/444/729
f 712/229/435 714/227/390 1246/444/729
f 1246/444/729 714/227/390 1247/445/730
f 714/227/390 715/144/48 1247/445/730
f 1247/445/730 715/144/48 1248/225/459
f 715/144/48 716/259/437 1248/225/459
f 716/259/437 111/30/56 1248/225/459
f 111/30/56 55/24/47 1248/225/459
f 55/24/47 56/25/48 1248/225/459
f 1248/225/459 56/25/48 1249/446/731
f 56/25/48 1250/207/390 1249/446/731
f 1249/446/731 1250/207/390 1251/447/732
f 1250/207/390 1252/196/392 1251/447/732
f 1251/447/732 1252/196/392 1253/448/733
f 1252/196/392 1254/197/394 1253/448/733
f 1253/448/733 1254/197/394 1255/449/734
f 1254/197/394 1256/200/735 1255/449/734
f 1255/449/734 1256/200/735 1258/450/736
f 1256/200/735 1259/202/737 1258/450/736
f 1258/450/736 1259/202/737 1261/451/738
f 1261/451/738 1259/202/737 1262/336/675
f 1262/336/675 1259/202/737 1264/452/739
f 1264/452/739 1259/202/737 1266/453/740
f 1259/202/737 1256/200/735 1266/453/740
f 1266/453/740 1256/200/735 1267/454/741
f 1256/200/735 1254/197/394 1267/454/741
f 1267/454/741 1254/197/394 1268/455/742
f 1254/197/394 1252/196/392 1268/455/742
f 1268/455/742 1252/196/392 1269/456/743
f 1252/196/392 1250/207/390 1269/456/743
f 1269/456/743 1250/207/390 1270/457/744
f 1250/207/390 56/25/48 1270/457/744
f 1270/457/744 56/25/48 1271/210/51
f 56/25/48 57/26/49 1271/210/51
f 57/26/49 59/28/51 1271/210/51
f 1271/210/51 59/28/51 1272/458/745
f 1274/459/746 1276/460/747 1278/461/748
f 1276/460/747 1280/462/749 1278/461/748
f 1280/462/749 1282/463/750 1278/461/748
f 1278/461/748 1282/463/750 1284/464/751
f 1282/463/750 1285/465/752 1284/464/751
f 1284/464/751 1285/465/752 1286/466/753
f 1285/465/752 1287/467/754 1286/466/753
f 1286/466/753 1287/467/754 1288/468/755
f 1287/467/754 1272/458/745 1288/468/755
f 1288/468/755 1272/458/745 1289/469/756
f 1272/458/745 59/28/51 1289/469/756
f 1289/469/756 59/28/51 1290/470/757
f 1291/470/758 60/28/51 1292/469/759
f 1294/459/760 1296/461/761 1298/460/762
f 1298/460/762 1296/461/761 1300/462/763
f 1300/462/763 1296/461/761 1302/463/764
f 1296/461/761 1304/464/765 1302/463/764
f 1302/463/764 1304/464/765 1305/465/766
f 1304/464/765 1306/466/767 1305/465/766
f 1305/465/766 1306/466/767 1307/467/768
f 1306/466/767 1308/468/769 1307/467/768
f 1307/467/768 1308/468/769 1309/458/770
f 1308/468/769 1292/469/759 1309/458/770
f 1309/458/770 1292/469/759 1310/210/51
f 1292/469/759 60/28/51 1310/210/51
f 60/28/51 64/26/54 1310/210/51
f 64/26/54 65/25/51 1310/210/51
f 1310/210/51 65/25/51 1311/457/771
f 65/25/51 1312/207/361 1311/457/771
f 1311/457/771 1312/207/361 1313/456/772
f 1312/207/361 1314/196/350 1313/456/772
f 1313/456/772 1314/196/350 1315/455/773
f 1314/196/350 1316/197/557 1315/455/773
f 1315/455/773 1316/197/557 1317/454/774
f 1316/197/557 1318/200/354 1317/454/774
f 1317/454/774 1318/200/354 1320/453/775
f 1318/200/354 1321/202/356 1320/453/775
f 1320/453/775 1321/202/356 1323/452/776
f 1323/452/776 1321/202/356 1324/336/588
f 1324/336/588 1321/202/356 1326/451/777
f 1326/451/777 1321/202/356 1328/450/778
f 1321/202/356 1318/200/354 1328/450/778
f 1328/450/778 1318/200/354 1329/449/779
f 1318/200/354 1316/197/557 1329/449/779
f 1329/449/779 1316/197/557 1330/448/780
f 1316/197/557 1314/196/350 1330/448/780
f 1330/448/780 1314/196/350 1331/447/781
f 1314/196/350 1312/207/361 1331/447/781
f 1331/447/781 1312/207/361 1332/446/782
f 1312/207/361 65/25/51 1332/446/782
f 1332/446/782 65/25/51 1333/225/459
f 65/25/51 66/24/55 1333/225/459
f 66/24/55 943/30/56 1333/225/459
f 943/30/56 944/259/541 1333/225/459
f 944/259/541 945/144/51 1333/225/459
f 1333/225/459 945/144/51 1334/445/783
f 945/144/51 955/227/361 1334/445/783
f 1334/445/783 955/227/361 1335/444/784
f 955/227/361 953/229/548 1335/444/784
f 1335/444/784 953/229/548 1336/443/785
f 953/229/548 951/231/546 1336/443/785
f 1336/443/785 951/231/546 1337/442/786
f 951/231/546 947/233/543 1337/442/786
f 1337/442/786 947/233/543 1339/441/787
f 947/233/543 946/235/542 1339/441/787
f 1339/441/787 946/235/542 1341/440/788
f 1341/440/788 946/235/542 1342/399/789
f 1342/399/789 946/235/542 1343/400/790
f 946/235/542 949/236/544 1343/400/790
f 1346/403/791 1345/401/792 1347/404/793
f 1345/401/792 948/402/576 1347/404/793
f 1348/405/794 949/236/544 1349/406/795
f 949/236/544 950/237/545 1349/406/795
f 950/237/545 952/238/547 1350/407/796
f 1350/407/796 952/238/547 1351/408/797
f 952/238/547 954/239/549 1351/408/797
f 1351/408/797 954/239/549 1352/409/798
f 1352/409/798 954/239/549 1353/410/250
f 954/239/549 956/240/550 1353/410/250
f 1353/410/250 956/240/550 1354/411/799
f 956/240/550 957/241/551 1354/411/799
f 1354/411/799 957/241/551 1355/412/800
f 957/241/551 958/242/552 1355/412/800
f 958/242/552 959/243/553 1355/412/800
f 959/243/553 961/245/554 1355/412/800
f 1355/412/800 961/245/554 1356/413/580
f 1356/413/580 961/245/554 1357/414/801
f 961/245/554 964/247/556 1357/414/801
f 1357/414/801 963/415/802 1358/416/582
f 963/415/802 966/417/803 1358/416/582
f 967/249/558 970/251/559 1359/418/804
f 1359/418/804 970/251/559 1360/419/584
f 1361/421/585 969/423/355 1362/420/586
f 1362/420/586 969/423/355 1363/422/587
f 970/251/559 971/252/356 1365/424/587
f 1365/424/587 971/252/356 1366/425/588
f 1366/425/588 971/252/356 1367/426/805
f 971/252/356 973/253/560 1367/426/805
f 1370/429/806 1369/427/807 1371/430/808
f 1369/427/807 972/428/809 1371/430/808
f 1372/431/810 973/253/560 1373/432/811
f 973/253/560 975/254/561 1373/432/811
f 974/433/561 976/434/812 1374/435/813
f 1374/435/813 976/434/812 1375/436/814
f 977/255/562 978/256/563 1375/436/814
f 1375/436/814 978/256/563 1376/437/815
f 1376/437/815 978/256/563 1377/438/250
f 978/256/563 979/257/564 1377/438/250
f 1377/438/250 979/257/564 1378/439/251
f 979/257/564 980/258/51 1378/439/251
f 981/258/51 982/257/565 1379/439/251
f 1379/439/251 982/257/565 1380/438/230
f 982/257/565 984/256/566 1380/438/230
f 1380/438/230 984/256/566 1381/437/274
f 1381/437/274 984/256/566 1382/436/581
f 984/256/566 987/255/556 1382/436/581
f 1382/436/581 986/434/802 1383/435/816
f 986/434/802 989/433/558 1383/435/816
f 990/254/558 993/253/559 1384/432/804
f 1384/432/804 993/253/559 1385/431/584
f 1386/430/585 992/428/355 1387/429/586
f 1387/429/586 992/428/355 1388/427/587
f 993/253/559 994/252/356 1390/426/587
f 1390/426/587 994/252/356 1391/425/588
f 1391/425/588 994/252/356 1392/424/807
f 994/252/356 996/251/560 1392/424/807
f 1395/420/806 1394/422/817 1396/421/808
f 1394/422/817 995/423/560 1396/421/808
f 1397/419/810 996/251/560 1398/418/811
f 996/251/560 998/249/561 1398/418/811
f 997/417/561 999/415/812 1399/416/813
f 1399/416/813 999/415/812 1400/414/814
f 1000/247/562 1001/245/563 1400/414/814
f 1400/414/814 1001/245/563 1401/413/818
f 1401/413/818 1001/245/563 1402/412/819
f 1001/245/563 1002/243/567 1402/412/819
f 1402/412/819 1002/243/567 1403/411/820
f 1002/243/567 1003/242/568 1403/411/820
f 1003/242/568 1004/241/364 1403/411/820
f 1004/241/364 1005/84/569 1403/411/820
f 1403/411/820 1005/84/569 1404/410/821
f 1005/84/569 1006/240/570 1404/410/821
f 1006/240/570 1008/239/554 1404/410/821
f 1404/410/821 1008/239/554 1405/409/822
f 1405/409/822 1008/239/554 1406/408/823
f 1008/239/554 1010/238/572 1406/408/823
f 1406/408/823 1010/238/572 1407/407/824
f 1010/238/572 1012/237/573 1407/407/824
f 1012/237/573 1015/236/574 1408/406/825
f 1408/406/825 1015/236/574 1409/405/826
f 1410/404/826 1014/402/827 1411/403/828
f 1411/403/828 1014/402/827 1412/401/829
f 1015/236/574 1016/235/575 1414/400/830
f 1414/400/830 1016/235/575 1415/399/789
f 1415/399/789 1016/235/575 1416/398/792
f 1016/235/575 1018/234/576 1416/398/792
f 1419/394/831 1418/396/792 1420/395/832
f 1418/396/792 1017/397/544 1420/395/832
f 1421/393/793 1018/234/576 1422/392/795
f 1018/234/576 1019/232/545 1422/392/795
f 1019/232/545 1020/230/547 1423/391/796
f 1423/391/796 1020/230/547 1424/390/833
f 1020/230/547 1021/228/577 1424/390/833
f 1424/390/833 1021/228/577 1425/389/798
f 1425/389/798 1021/228/577 1426/388/250
f 1021/228/577 1022/226/578 1426/388/250
f 1426/388/250 1022/226/578 1427/387/799
f 1022/226/578 1023/225/551 1427/387/799
f 1427/387/799 1023/225/551 1428/386/834
f 1023/225/551 1024/224/579 1428/386/834
f 1024/224/579 1025/223/553 1428/386/834
f 1025/223/553 1026/222/566 1428/386/834
f 1026/222/566 1027/326/580 1428/386/834
f 1428/386/834 1027/326/580 1429/471/460
f 1429/471/460 1027/326/580 1430/472/835
f 1027/326/580 1028/327/581 1430/472/835
f 1430/472/835 1028/327/581 1431/473/836
f 1028/327/581 1029/328/582 1431/473/836
f 1431/473/836 1029/328/582 1432/474/837
f 1029/328/582 1032/331/585 1432/474/837
f 1432/474/837 1032/331/585 1433/475/838
f 1032/331/585 1033/333/586 1433/475/838
f 1433/475/838 1033/333/586 1434/476/839
f 1435/477/466 1434/476/839 1436/478/840
f 1434/476/839 1033/333/586 1436/478/840
f 1033/333/586 1035/479/587 1436/478/840
f 1436/478/840 1035/479/587 1438/480/841
f 1036/335/587 1037/336/588 1437/481/842
f 1437/481/842 1037/336/588 1439/482/843
f 1439/482/843 1037/336/588 1441/483/844
f 1037/336/588 1039/337/589 1441/483/844
f 1440/484/845 1038/485/589 1442/486/846
f 1038/485/589 1040/487/847 1442/486/846
f 1443/488/848 1442/486/846 1444/489/849
f 1442/486/846 1040/487/847 1444/489/849
f 1444/489/849 1040/487/847 1445/490/850
f 1040/487/847 1043/342/594 1445/490/850
f 1445/490/850 1043/342/594 1446/491/851
f 1043/342/594 1044/343/595 1446/491/851
f 1446/491/851 1044/343/595 1447/492/852
f 1044/343/595 1045/344/596 1447/492/852
f 1447/492/852 1045/344/596 1448/493/853
f 1045/344/596 1046/345/597 1448/493/853
f 1448/493/853 1046/345/597 1449/494/854
f 1046/345/597 1047/346/598 1449/494/854
f 1449/494/854 1047/346/598 1450/495/855
f 1047/346/598 1048/347/599 1450/495/855
f 1048/347/599 1065/361/611 1450/495/855
f 1450/495/855 1065/361/611 1451/496/856
f 1065/361/611 1063/359/609 1451/496/856
f 1451/496/856 1063/359/609 1452/497/857
f 1063/359/609 1061/357/607 1452/497/857
f 1452/497/857 1061/357/607 1453/498/858
f 1061/357/607 1058/355/605 1453/498/858
f 1453/498/858 1058/355/605 1454/499/859
f 1058/355/605 1055/500/860 1454/499/859
f 1454/499/859 1055/500/860 1455/501/861
f 1055/500/860 1050/502/862 1455/501/861
f 1455/501/861 1050/502/862 1456/503/863
f 1456/503/863 1050/502/862 1457/504/864
f 1457/504/864 1050/502/862 1459/505/865
f 1051/506/866 1049/348/600 1458/507/867
f 1458/507/867 1049/348/600 1460/508/868
f 1461/509/869 1460/508/868 1462/510/870
f 1460/508/868 1049/348/600 1462/510/870
f 1462/510/870 1049/348/600 1463/511/871
f 1049/348/600 1053/350/602 1463/511/871
f 1463/511/871 1053/350/602 1464/512/872
f 1053/350/602 1057/353/604 1464/512/872
f 1464/512/872 1057/353/604 1465/513/873
f 1057/353/604 1060/356/606 1465/513/873
f 1465/513/873 1060/356/606 1466/514/874
f 1060/356/606 1062/358/608 1466/514/874
f 1466/514/874 1062/358/608 1467/515/361
f 1062/358/608 1064/360/610 1467/515/361
f 1467/515/361 1064/360/610 1468/516/51
f 1064/360/610 1066/362/612 1468/516/51
f 1066/362/612 1067/363/613 1468/516/51
f 1468/516/51 1067/363/613 1469/517/9
f 1067/363/613 1068/364/614 1469/517/9
f 1469/517/9 1068/364/614 1470/518/7
f 1068/364/614 1069/365/615 1470/518/7
f 1470/518/7 1069/365/615 1471/519/5
f 1069/365/615 1070/366/616 1471/519/5
f 1471/519/5 1070/366/616 1473/520/2
f 1071/369/619 1072/370/620 1472/521/875
f 1472/521/875 1072/370/620 1474/522/1
f 1072/370/620 1074/523/876 1474/522/1
f 1474/522/1 1074/523/876 1475/524/877
f 1476/525/68 1475/524/877 1477/526/878
f 1475/524/877 1074/523/876 1477/526/878
f 1477/526/878 1074/523/876 1479/527/879
f 1074/523/876 1076/528/622 1479/527/879
f 1077/373/622 1079/374/623 1478/529/880
f 1478/529/880 1079/374/623 1481/530/881
f 1480/531/882 1078/532/883 1482/533/884
f 1078/532/883 1080/534/885 1482/533/884
f 1482/533/884 1080/534/885 1483/535/72
f 1483/535/72 1080/534/885 1484/536/886
f 1484/536/886 1080/534/885 1485/537/887
f 1080/534/885 1083/379/626 1485/537/887
f 1485/537/887 1083/379/626 1487/538/888
f 1083/379/626 1084/380/627 1487/538/888
f 1486/539/888 1085/381/627 1488/540/79
f 1085/381/627 1086/382/628 1488/540/79
f 1488/540/79 1086/382/628 1489/541/889
f 1086/382/628 1087/383/629 1489/541/889
f 1489/541/889 1087/383/629 1490/542/81
f 1087/383/629 1088/384/630 1490/542/81
f 1490/542/81 1088/384/630 1492/543/51
f 1088/384/630 1089/385/631 1492/543/51
f 1090/385/631 1091/384/632 1491/543/51
f 1491/543/51 1091/384/632 1493/542/82
f 1091/384/632 1092/383/633 1493/542/82
f 1493/542/82 1092/383/633 1494/541/83
f 1092/383/633 1093/382/634 1494/541/83
f 1494/541/83 1093/382/634 1495/540/84
f 1093/382/634 1094/381/635 1495/540/84
f 1495/540/84 1094/381/635 1497/539/890
f 1095/380/635 1096/379/636 1496/538/890
f 1496/538/890 1096/379/636 1498/537/891
f 1096/379/636 1098/534/892 1498/537/891
f 1498/537/891 1098/534/892 1499/536/893
f 1499/536/893 1098/534/892 1500/535/90
f 1500/535/90 1098/534/892 1501/533/894
f 1098/534/892 1100/532/895 1501/533/894
f 1501/533/894 1100/532/895 1503/531/896
f 1502/530/896 1101/374/639 1505/529/897
f 1101/374/639 1103/373/640 1505/529/897
f 1102/528/640 1104/523/898 1504/527/899
f 1504/527/899 1104/523/898 1506/526/900
f 1507/525/471 1506/526/900 1508/524/901
f 1506/526/900 1104/523/898 1508/524/901
f 1508/524/901 1104/523/898 1509/522/223
f 1104/523/898 1107/370/642 1509/522/223
f 1509/522/223 1107/370/642 1511/521/221
f 1107/370/642 1108/369/644 1511/521/221
f 1510/520/902 1109/366/646 1512/519/28
f 1109/366/646 1110/365/647 1512/519/28
f 1512/519/28 1110/365/647 1513/518/30
f 1110/365/647 1111/364/648 1513/518/30
f 1513/518/30 1111/364/648 1514/517/252
f 1111/364/648 1112/363/649 1514/517/252
f 1514/517/252 1112/363/649 1515/516/48
f 1112/363/649 1113/362/650 1515/516/48
f 1113/362/650 1129/360/662 1515/516/48
f 1515/516/48 1129/360/662 1516/515/390
f 1129/360/662 1127/358/660 1516/515/390
f 1516/515/390 1127/358/660 1517/514/435
f 1127/358/660 1125/356/657 1517/514/435
f 1517/514/435 1125/356/657 1518/513/903
f 1125/356/657 1122/353/655 1518/513/903
f 1518/513/903 1122/353/655 1519/512/904
f 1122/353/655 1115/350/652 1519/512/904
f 1519/512/904 1115/350/652 1520/511/905
f 1115/350/652 1114/348/651 1520/511/905
f 1520/511/905 1114/348/651 1521/510/906
f 1522/509/907 1521/510/906 1523/508/908
f 1521/510/906 1114/348/651 1523/508/908
f 1523/508/908 1114/348/651 1525/507/909
f 1114/348/651 1116/506/653 1525/507/909
f 1524/505/910 1117/502/911 1526/504/912
f 1526/504/912 1117/502/911 1527/503/913
f 1527/503/913 1117/502/911 1528/501/914
f 1117/502/911 1120/500/915 1528/501/914
f 1528/501/914 1120/500/915 1529/499/916
f 1120/500/915 1124/355/658 1529/499/916
f 1529/499/916 1124/355/658 1530/498/917
f 1124/355/658 1126/357/659 1530/498/917
f 1530/498/917 1126/357/659 1531/497/918
f 1126/357/659 1128/359/661 1531/497/918
f 1531/497/918 1128/359/661 1532/496/919
f 1128/359/661 1130/361/663 1532/496/919
f 1532/496/919 1130/361/663 1533/495/855
f 1130/361/663 1131/347/664 1533/495/855
f 1131/347/664 1132/346/665 1533/495/855
f 1533/495/855 1132/346/665 1534/494/920
f 1132/346/665 1133/345/666 1534/494/920
f 1534/494/920 1133/345/666 1535/493/921
f 1133/345/666 1134/344/667 1535/493/921
f 1535/493/921 1134/344/667 1536/492/922
f 1134/344/667 1135/343/668 1536/492/922
f 1536/492/922 1135/343/668 1537/491/923
f 1135/343/668 1136/342/670 1537/491/923
f 1537/491/923 1136/342/670 1538/490/924
f 1136/342/670 1138/487/925 1538/490/924
f 1538/490/924 1138/487/925 1539/489/926
f 1540/488/848 1539/489/926 1541/486/927
f 1539/489/926 1138/487/925 1541/486/927
f 1138/487/925 1140/485/928 1541/486/927
f 1541/486/927 1140/485/928 1543/484/929
f 1141/337/674 1142/336/675 1542/483/930
f 1542/483/930 1142/336/675 1544/482/931
f 1544/482/931 1142/336/675 1546/481/932
f 1142/336/675 1143/335/676 1546/481/932
f 1545/480/933 1144/479/717 1547/478/934
f 1144/479/717 1146/333/678 1547/478/934
f 1548/477/466 1547/478/934 1549/476/935
f 1547/478/934 1146/333/678 1549/476/935
f 1549/476/935 1146/333/678 1550/475/936
f 1146/333/678 1147/331/679 1550/475/936
f 1550/475/936 1147/331/679 1551/474/837
f 1147/331/679 1150/328/682 1551/474/837
f 1551/474/837 1150/328/682 1552/473/836
f 1150/328/682 1151/327/683 1552/473/836
f 1552/473/836 1151/327/683 1553/472/937
f 1151/327/683 1152/326/187 1553/472/937
f 1553/472/937 1152/326/187 1554/471/460
f 1152/326/187 1153/386/684 1554/471/460
f 1554/471/460 1153/386/684 1555/544/459
f 1153/386/684 1154/387/685 1555/544/459
f 1154/387/685 1155/388/686 1555/544/459
f 1555/544/459 1155/388/686 1556/545/458
f 1155/388/686 1156/389/687 1556/545/458
f 1556/545/458 1156/389/687 1557/546/101
f 1156/389/687 1157/390/688 1557/546/101
f 1557/546/101 1157/390/688 1558/547/938
f 1157/390/688 1158/391/689 1558/547/938
f 1558/547/938 1158/391/689 1559/548/939
f 1158/391/689 1161/395/691 1559/548/939
f 1559/548/939 1161/395/691 1560/549/940
f 1161/395/691 1162/394/692 1560/549/940
f 1560/549/940 1162/394/692 1561/550/941
f 1562/551/942 1561/550/941 1563/552/943
f 1561/550/941 1162/394/692 1563/552/943
f 1162/394/692 1164/553/693 1563/552/943
f 1563/552/943 1164/553/693 1565/554/944
f 1165/398/694 1166/399/695 1564/555/945
f 1564/555/945 1166/399/695 1566/556/946
f 1566/556/946 1166/399/695 1568/557/947
f 1166/399/695 1167/400/696 1568/557/947
f 1567/558/948 1168/559/949 1569/560/950
f 1168/559/949 1170/403/698 1569/560/950
f 1569/560/950 1170/403/698 1570/561/912
f 1570/561/912 1170/403/698 1571/562/951
f 1571/562/951 1170/403/698 1572/563/952
f 1170/403/698 1171/404/699 1572/563/952
f 1572/563/952 1171/404/699 1573/564/953
f 1171/404/699 1174/407/702 1573/564/953
f 1573/564/953 1174/407/702 1574/565/954
f 1174/407/702 1175/408/703 1574/565/954
f 1574/565/954 1175/408/703 1575/566/439
f 1175/408/703 1176/409/704 1575/566/439
f 1575/566/439 1176/409/704 1576/567/490
f 1176/409/704 1177/410/348 1576/567/490
f 1576/567/490 1177/410/348 1577/568/56
f 1177/410/348 1178/411/705 1577/568/56
f 1178/411/705 1179/412/706 1577/568/56
f 1577/568/56 1179/412/706 1578/569/57
f 1179/412/706 1180/413/707 1578/569/57
f 1578/569/57 1180/413/707 1579/570/955
f 1180/413/707 1181/414/708 1579/570/955
f 1579/570/955 1181/414/708 1580/571/59
f 1181/414/708 1182/416/710 1580/571/59
f 1580/571/59 1182/416/710 1581/572/956
f 1182/416/710 1185/421/715 1581/572/956
f 1581/572/956 1185/421/715 1582/573/957
f 1185/421/715 1186/420/714 1582/573/957
f 1582/573/957 1186/420/714 1583/574/926
f 1584/575/65 1583/574/926 1585/576/958
f 1583/574/926 1186/420/714 1585/576/958
f 1186/420/714 1188/577/959 1585/576/958
f 1585/576/958 1188/577/959 1587/578/960
f 1189/424/716 1190/425/675 1586/579/961
f 1586/579/961 1190/425/675 1588/580/962
f 1588/580/962 1190/425/675 1590/581/932
f 1190/425/675 1191/426/717 1590/581/932
f 1589/582/963 1192/583/676 1591/584/964
f 1192/583/676 1194/429/678 1591/584/964
f 1592/585/466 1591/584/964 1593/586/965
f 1591/584/964 1194/429/678 1593/586/965
f 1593/586/965 1194/429/678 1594/587/966
f 1194/429/678 1195/430/679 1594/587/966
f 1594/587/966 1195/430/679 1595/588/967
f 1195/430/679 1198/435/682 1595/588/967
f 1595/588/967 1198/435/682 1596/589/836
f 1198/435/682 1199/436/719 1596/589/836
f 1596/589/836 1199/436/719 1597/590/835
f 1199/436/719 1200/437/187 1597/590/835
f 1597/590/835 1200/437/187 1598/591/968
f 1200/437/187 1201/438/158 1598/591/968
f 1598/591/968 1201/438/158 1600/592/48
f 1201/438/158 1202/439/160 1600/592/48
f 1203/439/160 1204/438/686 1599/592/51
f 1599/592/51 1204/438/686 1601/591/480
f 1204/438/686 1205/437/707 1601/591/480
f 1601/591/480 1205/437/707 1602/590/955
f 1205/437/707 1206/436/708 1602/590/955
f 1602/590/955 1206/436/708 1603/589/969
f 1206/436/708 1207/435/720 1603/589/969
f 1603/589/969 1207/435/720 1604/588/956
f 1207/435/720 1210/430/715 1604/588/956
f 1604/588/956 1210/430/715 1605/587/957
f 1210/430/715 1211/429/714 1605/587/957
f 1605/587/957 1211/429/714 1606/586/926
f 1607/585/474 1606/586/926 1608/584/970
f 1606/586/926 1211/429/714 1608/584/970
f 1211/429/714 1213/583/716 1608/584/970
f 1608/584/970 1213/583/716 1610/582/960
f 1214/426/716 1215/425/675 1609/581/971
f 1609/581/971 1215/425/675 1611/580/931
f 1611/580/931 1215/425/675 1613/579/932
f 1215/425/675 1216/424/676 1613/579/932
f 1612/578/933 1217/577/677 1614/576/934
f 1217/577/677 1219/420/678 1614/576/934
f 1615/575/466 1614/576/934 1616/574/935
f 1614/576/934 1219/420/678 1616/574/935
f 1616/574/935 1219/420/678 1617/573/936
f 1219/420/678 1220/421/679 1617/573/936
f 1617/573/936 1220/421/679 1618/572/837
f 1220/421/679 1223/416/682 1618/572/837
f 1618/572/837 1223/416/682 1619/571/836
f 1223/416/682 1224/414/719 1619/571/836
f 1619/571/836 1224/414/719 1620/570/835
f 1224/414/719 1225/413/187 1620/570/835
f 1620/570/835 1225/413/187 1621/569/460
f 1225/413/187 1226/412/168 1621/569/460
f 1621/569/460 1226/412/168 1622/568/459
f 1226/412/168 1227/411/685 1622/568/459
f 1227/411/685 1228/410/686 1622/568/459
f 1622/568/459 1228/410/686 1623/567/458
f 1228/410/686 1229/409/721 1623/567/458
f 1623/567/458 1229/409/721 1624/566/101
f 1229/409/721 1230/408/722 1624/566/101
f 1624/566/101 1230/408/722 1625/565/938
f 1230/408/722 1231/407/689 1625/565/938
f 1625/565/938 1231/407/689 1626/564/939
f 1231/407/689 1234/404/691 1626/564/939
f 1626/564/939 1234/404/691 1627/563/940
f 1234/404/691 1235/403/692 1627/563/940
f 1627/563/940 1235/403/692 1628/562/941
f 1629/561/942 1628/562/941 1630/560/943
f 1628/562/941 1235/403/692 1630/560/943
f 1235/403/692 1237/559/693 1630/560/943
f 1630/560/943 1237/559/693 1632/558/944
f 1238/400/693 1239/399/724 1631/557/945
f 1631/557/945 1239/399/724 1633/556/946
f 1633/556/946 1239/399/724 1635/593/972
f 1239/399/724 1241/440/725 1635/593/972
f 1636/551/973 1634/594/974 1637/550/951
f 1634/594/974 1240/595/975 1637/550/951
f 1637/550/951 1240/595/975 1638/549/976
f 1240/595/975 1242/596/977 1638/549/976
f 1638/549/976 1242/596/977 1639/548/978
f 1242/596/977 1244/442/727 1639/548/978
f 1639/548/978 1244/442/727 1640/547/979
f 1244/442/727 1245/443/728 1640/547/979
f 1640/547/979 1245/443/728 1641/546/439
f 1245/443/728 1246/444/729 1641/546/439
f 1641/546/439 1246/444/729 1642/545/490
f 1246/444/729 1247/445/730 1642/545/490
f 1642/545/490 1247/445/730 1643/544/51
f 1247/445/730 1248/225/459 1643/544/51
f 1248/225/459 1249/446/731 1643/544/51
f 1643/544/51 1249/446/731 1644/471/57
f 1249/446/731 1251/447/732 1644/471/57
f 1644/471/57 1251/447/732 1645/472/980
f 1251/447/732 1253/448/733 1645/472/980
f 1645/472/980 1253/448/733 1646/473/100
f 1253/448/733 1255/449/734 1646/473/100
f 1646/473/100 1255/449/734 1647/474/981
f 1255/449/734 1257/597/982 1647/474/981
f 1647/474/981 1257/597/982 1648/475/983
f 1257/597/982 1260/479/984 1648/475/983
f 1648/475/983 1260/479/984 1649/476/985
f 1650/477/474 1649/476/985 1652/598/986
f 1649/476/985 1260/479/984 1652/598/986
f 1261/451/738 1262/336/675 1651/599/987
f 1651/599/987 1262/336/675 1653/482/962
f 1653/482/962 1262/336/675 1655/600/988
f 1262/336/675 1264/452/739 1655/600/988
f 1656/488/989 1654/601/990 1657/489/965
f 1654/601/990 1263/602/991 1657/489/965
f 1657/489/965 1263/602/991 1658/490/992
f 1263/602/991 1265/603/993 1658/490/992
f 1658/490/992 1265/603/993 1659/491/994
f 1265/603/993 1267/454/741 1659/491/994
f 1659/491/994 1267/454/741 1660/492/995
f 1267/454/741 1268/455/742 1660/492/995
f 1660/492/995 1268/455/742 1661/493/996
f 1268/455/742 1269/456/743 1661/493/996
f 1661/493/996 1269/456/743 1662/494/919
f 1269/456/743 1270/457/744 1662/494/919
f 1662/494/919 1270/457/744 1663/495/997
f 1270/457/744 1271/210/51 1663/495/997
f 1271/210/51 1664/604/770 1663/495/997
f 1663/495/997 1664/604/770 1665/496/998
f 1664/604/770 1666/605/999 1665/496/998
f 1665/496/998 1666/605/999 1667/497/1000
f 1666/605/999 1668/606/1001 1667/497/1000
f 1667/497/1000 1668/606/1001 1669/498/1002
f 1668/606/1001 1670/607/1003 1669/498/1002
f 1669/498/1002 1670/607/1003 1671/499/1004
f 1670/607/1003 1673/608/1005 1671/499/1004
f 1671/499/1004 1673/608/1005 1674/501/1006
f 1673/608/1005 1676/609/1007 1674/501/1006
f 1674/501/1006 1676/609/1007 1677/503/1008
f 1678/504/942 1677/503/1008 1680/610/1009
f 1677/503/1008 1676/609/1007 1680/610/1009
f 1681/509/962 1679/611/1010 1682/510/1011
f 1679/611/1010 1675/612/1012 1682/510/1011
f 1682/510/1011 1675/612/1012 1683/511/1013
f 1675/612/1012 1672/613/1014 1683/511/1013
f 1683/511/1013 1672/613/1014 1684/512/1015
f 1672/613/1014 1670/607/1003 1684/512/1015
f 1684/512/1015 1670/607/1003 1685/513/1016
f 1670/607/1003 1668/606/1001 1685/513/1016
f 1685/513/1016 1668/606/1001 1686/514/435
f 1668/606/1001 1666/605/999 1686/514/435
f 1686/514/435 1666/605/999 1687/515/390
f 1666/605/999 1664/604/770 1687/515/390
f 1687/515/390 1664/604/770 1688/516/48
f 1664/604/770 1271/210/51 1688/516/48
f 1271/210/51 1272/458/745 1688/516/48
f 1688/516/48 1272/458/745 1689/517/31
f 1272/458/745 1287/467/754 1689/517/31
f 1689/517/31 1287/467/754 1690/518/30
f 1287/467/754 1285/465/752 1690/518/30
f 1690/518/30 1285/465/752 1691/519/28
f 1285/465/752 1282/463/750 1691/519/28
f 1691/519/28 1282/463/750 1693/520/902
f 1281/614/1017 1279/615/749 1692/521/221
f 1692/521/221 1279/615/749 1694/522/1018
f 1279/615/749 1275/616/1019 1694/522/1018
f 1694/522/1018 1275/616/1019 1695/524/1020
f 1696/525/471 1695/524/1020 1698/617/1021
f 1695/524/1020 1275/616/1019 1698/617/1021
f 1697/618/1022 1276/460/747 1700/619/1023
f 1276/460/747 1274/459/746 1700/619/1023
f 1699/620/1024 1273/621/1025 1701/535/90
f 1701/535/90 1273/621/1025 1702/536/1026
f 1702/536/1026 1273/621/1025 1703/537/1027
f 1273/621/1025 1277/622/1028 1703/537/1027
f 1703/537/1027 1277/622/1028 1705/538/1029
f 1277/622/1028 1283/623/751 1705/538/1029
f 1704/539/1029 1284/464/751 1706/540/504
f 1284/464/751 1286/466/753 1706/540/504
f 1706/540/504 1286/466/753 1707/541/83
f 1286/466/753 1288/468/755 1707/541/83
f 1707/541/83 1288/468/755 1708/542/82
f 1288/468/755 1289/469/756 1708/542/82
f 1708/542/82 1289/469/756 1710/543/51
f 1289/469/756 1290/470/757 1710/543/51
f 1291/470/758 1292/469/759 1709/543/51
f 1709/543/51 1292/469/759 1711/542/81
f 1292/469/759 1308/468/769 1711/542/81
f 1711/542/81 1308/468/769 1712/541/80
f 1308/468/769 1306/466/767 1712/541/80
f 1712/541/80 1306/466/767 1713/540/505
f 1306/466/767 1304/464/765 1713/540/505
f 1713/540/505 1304/464/765 1715/539/1030
f 1303/623/1031 1295/622/1032 1714/538/1030
f 1714/538/1030 1295/622/1032 1716/537/1033
f 1295/622/1032 1293/621/1034 1716/537/1033
f 1716/537/1033 1293/621/1034 1717/536/1035
f 1717/536/1035 1293/621/1034 1718/535/72
f 1718/535/72 1293/621/1034 1720/620/1036
f 1294/459/760 1298/460/762 1719/619/1037
f 1719/619/1037 1298/460/762 1722/618/1038
f 1723/525/68 1721/617/1039 1724/524/1040
f 1721/617/1039 1297/616/1041 1724/524/1040
f 1724/524/1040 1297/616/1041 1725/522/102
f 1297/616/1041 1299/615/1042 1725/522/102
f 1725/522/102 1299/615/1042 1727/521/875
f 1299/615/1042 1301/614/1043 1727/521/875
f 1726/520/2 1302/463/764 1728/519/5
f 1302/463/764 1305/465/766 1728/519/5
f 1728/519/5 1305/465/766 1729/518/7
f 1305/465/766 1307/467/768 1729/518/7
f 1729/518/7 1307/467/768 1730/517/9
f 1307/467/768 1309/458/770 1730/517/9
f 1730/517/9 1309/458/770 1731/516/51
f 1309/458/770 1310/210/51 1731/516/51
f 1310/210/51 1732/604/745 1731/516/51
f 1731/516/51 1732/604/745 1733/515/361
f 1732/604/745 1734/605/1044 1733/515/361
f 1733/515/361 1734/605/1044 1735/514/571
f 1734/605/1044 1736/606/1045 1735/514/571
f 1735/514/571 1736/606/1045 1737/513/1046
f 1736/606/1045 1738/607/1047 1737/513/1046
f 1737/513/1046 1738/607/1047 1739/512/1048
f 1738/607/1047 1741/613/1049 1739/512/1048
f 1739/512/1048 1741/613/1049 1742/511/1050
f 1741/613/1049 1744/612/1051 1742/511/1050
f 1742/511/1050 1744/612/1051 1745/510/1052
f 1746/509/1053 1745/510/1052 1748/611/1054
f 1745/510/1052 1744/612/1051 1748/611/1054
f 1749/504/942 1747/610/1055 1750/503/1056
f 1747/610/1055 1743/609/1057 1750/503/1056
f 1750/503/1056 1743/609/1057 1751/501/1058
f 1743/609/1057 1740/608/1059 1751/501/1058
f 1751/501/1058 1740/608/1059 1752/499/1060
f 1740/608/1059 1738/607/1047 1752/499/1060
f 1752/499/1060 1738/607/1047 1753/498/1002
f 1738/607/1047 1736/606/1045 1753/498/1002
f 1753/498/1002 1736/606/1045 1754/497/921
f 1736/606/1045 1734/605/1044 1754/497/921
f 1754/497/921 1734/605/1044 1755/496/998
f 1734/605/1044 1732/604/745 1755/496/998
f 1755/496/998 1732/604/745 1756/495/997
f 1732/604/745 1310/210/51 1756/495/997
f 1310/210/51 1311/457/771 1756/495/997
f 1756/495/997 1311/457/771 1757/494/919
f 1311/457/771 1313/456/772 1757/494/919
f 1757/494/919 1313/456/772 1758/493/918
f 1313/456/772 1315/455/773 1758/493/918
f 1758/493/918 1315/455/773 1759/492/1061
f 1315/455/773 1317/454/774 1759/492/1061
f 1759/492/1061 1317/454/774 1760/491/1062
f 1317/454/774 1319/603/1063 1760/491/1062
f 1760/491/1062 1319/603/1063 1761/490/1064
f 1319/603/1063 1322/602/776 1761/490/1064
f 1761/490/1064 1322/602/776 1762/489/1065
f 1763/488/989 1762/489/1065 1765/601/1066
f 1762/489/1065 1322/602/776 1765/601/1066
f 1323/452/776 1324/336/588 1764/600/1067
f 1764/600/1067 1324/336/588 1766/482/843
f 1766/482/843 1324/336/588 1768/599/1068
f 1324/336/588 1326/451/777 1768/599/1068
f 1769/477/474 1767/598/1069 1770/476/1070
f 1767/598/1069 1325/479/1071 1770/476/1070
f 1770/476/1070 1325/479/1071 1771/475/1072
f 1325/479/1071 1327/597/1073 1771/475/1072
f 1771/475/1072 1327/597/1073 1772/474/1074
f 1327/597/1073 1329/449/779 1772/474/1074
f 1772/474/1074 1329/449/779 1773/473/59
f 1329/449/779 1330/448/780 1773/473/59
f 1773/473/59 1330/448/780 1774/472/1075
f 1330/448/780 1331/447/781 1774/472/1075
f 1774/472/1075 1331/447/781 1775/471/57
f 1331/447/781 1332/446/782 1775/471/57
f 1775/471/57 1332/446/782 1776/544/51
f 1332/446/782 1333/225/459 1776/544/51
f 1333/225/459 1334/445/783 1776/544/51
f 1776/544/51 1334/445/783 1777/545/490
f 1334/445/783 1335/444/784 1777/545/490
f 1777/545/490 1335/444/784 1778/546/439
f 1335/444/784 1336/443/785 1778/546/439
f 1778/546/439 1336/443/785 1779/547/1076
f 1336/443/785 1337/442/786 1779/547/1076
f 1779/547/1076 1337/442/786 1780/548/1077
f 1337/442/786 1338/596/1078 1780/548/1077
f 1780/548/1077 1338/596/1078 1781/549/1079
f 1338/596/1078 1340/595/1080 1781/549/1079
f 1781/549/1079 1340/595/1080 1782/550/1081
f 1783/551/973 1782/550/1081 1785/594/1082
f 1782/550/1081 1340/595/1080 1785/594/1082
f 1341/440/788 1342/399/789 1784/593/1083
f 1784/593/1083 1342/399/789 1786/556/1084
f 1786/556/1084 1342/399/789 1788/557/1085
f 1342/399/789 1343/400/790 1788/557/1085
f 1787/558/1086 1344/559/792 1789/560/1087
f 1344/559/792 1346/403/791 1789/560/1087
f 1790/561/942 1789/560/1087 1791/562/1088
f 1789/560/1087 1346/403/791 1791/562/1088
f 1791/562/1088 1346/403/791 1792/563/1089
f 1346/403/791 1347/404/793 1792/563/1089
f 1792/563/1089 1347/404/793 1793/564/1090
f 1347/404/793 1350/407/796 1793/564/1090
f 1793/564/1090 1350/407/796 1794/565/1091
f 1350/407/796 1351/408/797 1794/565/1091
f 1794/565/1091 1351/408/797 1795/566/101
f 1351/408/797 1352/409/798 1795/566/101
f 1795/566/101 1352/409/798 1796/567/458
f 1352/409/798 1353/410/250 1796/567/458
f 1796/567/458 1353/410/250 1797/568/459
f 1353/410/250 1354/411/799 1797/568/459
f 1354/411/799 1355/412/800 1797/568/459
f 1797/568/459 1355/412/800 1798/569/460
f 1355/412/800 1356/413/580 1798/569/460
f 1798/569/460 1356/413/580 1799/570/835
f 1356/413/580 1357/414/801 1799/570/835
f 1799/570/835 1357/414/801 1800/571/836
f 1357/414/801 1358/416/582 1800/571/836
f 1800/571/836 1358/416/582 1801/572/837
f 1358/416/582 1361/421/585 1801/572/837
f 1801/572/837 1361/421/585 1802/573/838
f 1361/421/585 1362/420/586 1802/573/838
f 1802/573/838 1362/420/586 1803/574/839
f 1804/575/466 1803/574/839 1805/576/1092
f 1803/574/839 1362/420/586 1805/576/1092
f 1362/420/586 1364/577/1093 1805/576/1092
f 1805/576/1092 1364/577/1093 1807/578/1094
f 1365/424/587 1366/425/588 1806/579/842
f 1806/579/842 1366/425/588 1808/580/843
f 1808/580/843 1366/425/588 1810/581/1095
f 1366/425/588 1367/426/805 1810/581/1095
f 1809/582/1096 1368/583/807 1811/584/1097
f 1368/583/807 1370/429/806 1811/584/1097
f 1812/585/474 1811/584/1097 1813/586/849
f 1811/584/1097 1370/429/806 1813/586/849
f 1813/586/849 1370/429/806 1814/587/1098
f 1370/429/806 1371/430/808 1814/587/1098
f 1814/587/1098 1371/430/808 1815/588/956
f 1371/430/808 1374/435/813 1815/588/956
f 1815/588/956 1374/435/813 1816/589/59
f 1374/435/813 1375/436/814 1816/589/59
f 1816/589/59 1375/436/814 1817/590/1075
f 1375/436/814 1376/437/815 1817/590/1075
f 1817/590/1075 1376/437/815 1818/591/480
f 1376/437/815 1377/438/250 1818/591/480
f 1818/591/480 1377/438/250 1820/592/481
f 1377/438/250 1378/439/251 1820/592/481
f 1379/439/251 1380/438/230 1819/592/51
f 1819/592/51 1380/438/230 1821/591/968
f 1380/438/230 1381/437/274 1821/591/968
f 1821/591/968 1381/437/274 1822/590/835
f 1381/437/274 1382/436/581 1822/590/835
f 1822/590/835 1382/436/581 1823/589/836
f 1382/436/581 1383/435/816 1823/589/836
f 1823/589/836 1383/435/816 1824/588/837
f 1383/435/816 1386/430/585 1824/588/837
f 1824/588/837 1386/430/585 1825/587/1099
f 1386/430/585 1387/429/586 1825/587/1099
f 1825/587/1099 1387/429/586 1826/586/1065
f 1827/585/466 1826/586/1065 1828/584/1100
f 1826/586/1065 1387/429/586 1828/584/1100
f 1387/429/586 1389/583/587 1828/584/1100
f 1828/584/1100 1389/583/587 1830/582/1094
f 1390/426/587 1391/425/588 1829/581/842
f 1829/581/842 1391/425/588 1831/580/843
f 1831/580/843 1391/425/588 1833/579/1095
f 1391/425/588 1392/424/807 1833/579/1095
f 1832/578/1101 1393/577/807 1834/576/1102
f 1393/577/807 1395/420/806 1834/576/1102
f 1835/575/65 1834/576/1102 1836/574/1070
f 1834/576/1102 1395/420/806 1836/574/1070
f 1836/574/1070 1395/420/806 1837/573/1072
f 1395/420/806 1396/421/808 1837/573/1072
f 1837/573/1072 1396/421/808 1838/572/956
f 1396/421/808 1399/416/813 1838/572/956
f 1838/572/956 1399/416/813 1839/571/59
f 1399/416/813 1400/414/814 1839/571/59
f 1839/571/59 1400/414/814 1840/570/1075
f 1400/414/814 1401/413/818 1840/570/1075
f 1840/570/1075 1401/413/818 1841/569/57
f 1401/413/818 1402/412/819 1841/569/57
f 1841/569/57 1402/412/819 1842/568/56
f 1402/412/819 1403/411/820 1842/568/56
f 1403/411/820 1404/410/821 1842/568/56
f 1842/568/56 1404/410/821 1843/567/490
f 1404/410/821 1405/409/822 1843/567/490
f 1843/567/490 1405/409/822 1844/566/461
f 1405/409/822 1406/408/823 1844/566/461
f 1844/566/461 1406/408/823 1845/565/1076
f 1406/408/823 1407/407/824 1845/565/1076
f 1845/565/1076 1407/407/824 1846/564/1103
f 1407/407/824 1410/404/826 1846/564/1103
f 1846/564/1103 1410/404/826 1847/563/1079
f 1410/404/826 1411/403/828 1847/563/1079
f 1847/563/1079 1411/403/828 1848/562/1081
f 1848/562/1081 1411/403/828 1849/561/864
f 1849/561/864 1411/403/828 1850/560/1104
f 1411/403/828 1413/559/829 1850/560/1104
f 1850/560/1104 1413/559/829 1852/558/1105
f 1414/400/830 1415/399/789 1851/557/1106
f 1851/557/1106 1415/399/789 1853/556/1107
f 1853/556/1107 1415/399/789 1855/555/1085
f 1415/399/789 1416/398/792 1855/555/1085
f 1854/554/1086 1417/553/792 1856/552/1108
f 1417/553/792 1419/394/831 1856/552/1108
f 1857/551/942 1856/552/1108 1858/550/1088
f 1856/552/1108 1419/394/831 1858/550/1088
f 1858/550/1088 1419/394/831 1859/549/1089
f 1419/394/831 1420/395/832 1859/549/1089
f 1859/549/1089 1420/395/832 1860/548/1090
f 1420/395/832 1423/391/796 1860/548/1090
f 1860/548/1090 1423/391/796 1861/547/1109
f 1423/391/796 1424/390/833 1861/547/1109
f 1861/547/1109 1424/390/833 1862/546/101
f 1424/390/833 1425/389/798 1862/546/101
f 1862/546/101 1425/389/798 1863/545/458
f 1425/389/798 1426/388/250 1863/545/458
f 1863/545/458 1426/388/250 1864/544/459
f 1426/388/250 1427/387/799 1864/544/459
f 1427/387/799 1428/386/834 1864/544/459
f 1428/386/834 1429/471/460 1864/544/459
f 1865/1/1 1866/2/131 1868/3/3
f 1868/3/3 1866/2/131 1869/4/4
f 1866/2/131 1870/5/5 1869/4/4
f 1869/4/4 1870/5/5 1871/6/6
f 1870/5/5 1872/7/128 1871/6/6
f 1871/6/6 1872/7/128 1873/8/8
f 1873/8/8 1872/7/128 1874/9/9
f 1874/9/9 1872/7/128 1875/10/1110
f 1875/10/1110 1872/7/128 1876/11/11
f 1872/7/128 1870/5/5 1876/11/11
f 1876/11/11 1870/5/5 1877/12/12
f 1870/5/5 1866/2/131 1877/12/12
f 1877/12/12 1866/2/131 1879/13/13
f 1866/2/131 1865/1/1 1879/13/13
f 1879/13/13 1865/1/1 1881/14/14
f 1881/14/14 1865/1/1 1882/15/15
f 1882/15/15 1865/1/1 1883/16/16
f 1865/1/1 1868/3/3 1883/16/16
f 1884/17/17 1867/18/18 1886/19/19
f 1886/19/19 1867/18/18 1888/20/20
f 1867/18/18 1869/4/4 1888/20/20
f 1888/20/20 1869/4/4 1889/21/21
f 1869/4/4 1871/6/6 1889/21/21
f 1889/21/21 1871/6/6 1890/22/22
f 1871/6/6 1873/8/8 1890/22/22
f 1890/22/22 1873/8/8 1891/23/1111
f 1892/1/24 1894/3/25 1895/2/902
f 1894/3/25 1896/4/1112 1895/2/902
f 1895/2/902 1896/4/1112 1897/5/28
f 1896/4/1112 1898/6/29 1897/5/28
f 1897/5/28 1898/6/29 1899/7/30
f 1900/9/252 1899/7/30 1901/8/32
f 1899/7/30 1898/6/29 1901/8/32
f 1902/23/1113 1901/8/32 1903/22/34
f 1901/8/32 1898/6/29 1903/22/34
f 1903/22/34 1898/6/29 1904/21/35
f 1898/6/29 1896/4/1112 1904/21/35
f 1904/21/35 1896/4/1112 1906/20/36
f 1896/4/1112 1893/18/37 1906/20/36
f 1906/20/36 1893/18/37 1908/19/38
f 1908/19/38 1893/18/37 1909/17/39
f 1894/3/25 1892/1/24 1910/16/40
f 1910/16/40 1892/1/24 1911/15/41
f 1911/15/41 1892/1/24 1913/14/42
f 1913/14/42 1892/1/24 1915/13/43
f 1892/1/24 1895/2/902 1915/13/43
f 1915/13/43 1895/2/902 1916/12/44
f 1895/2/902 1897/5/28 1916/12/44
f 1916/12/44 1897/5/28 1917/11/45
f 1897/5/28 1899/7/30 1917/11/45
f 1917/11/45 1899/7/30 1918/10/46
f 1899/7/30 1900/9/252 1918/10/46
f 1918/10/46 1900/9/252 1919/24/1114
f 1919/24/1114 1900/9/252 1920/25/48
f 1920/25/48 1900/9/252 1921/26/49
f 1900/9/252 1901/8/32 1921/26/49
f 1901/8/32 1902/23/1113 1921/26/49
f 1902/23/1113 1922/27/50 1921/26/49
f 1921/26/49 1922/27/50 1923/28/51
f 1922/27/50 1926/29/1115 1923/28/51
f 1925/29/1116 1927/27/1117 1924/28/51
f 1924/28/51 1927/27/1117 1928/26/54
f 1927/27/1117 1891/23/1111 1928/26/54
f 1891/23/1111 1873/8/8 1928/26/54
f 1873/8/8 1874/9/9 1928/26/54
f 1928/26/54 1874/9/9 1929/25/51
f 1929/25/51 1874/9/9 1930/24/55
f 1874/9/9 1875/10/1110 1930/24/55
f 2807/30/51 1930/24/55 1931/31/57
f 1930/24/55 1875/10/1110 1931/31/57
f 1931/31/57 1875/10/1110 1932/32/58
f 1875/10/1110 1876/11/11 1932/32/58
f 1932/32/58 1876/11/11 1933/33/100
f 1876/11/11 1877/12/12 1933/33/100
f 1933/33/100 1877/12/12 1934/34/60
f 1877/12/12 1878/35/61 1934/34/60
f 1934/34/60 1878/35/61 1935/36/62
f 1878/35/61 1880/37/63 1935/36/62
f 1935/36/62 1880/37/63 1936/38/64
f 1937/39/532 1936/38/64 1939/40/66
f 1936/38/64 1880/37/63 1939/40/66
f 1881/14/14 1882/15/15 1938/41/67
f 1938/41/67 1882/15/15 1940/42/68
f 1940/42/68 1882/15/15 1942/43/69
f 1882/15/15 1883/16/16 1942/43/69
f 1941/44/70 1884/17/17 1944/45/71
f 1884/17/17 1886/19/19 1944/45/71
f 1945/46/72 1943/47/73 1946/48/74
f 1943/47/73 1885/49/75 1946/48/74
f 1946/48/74 1885/49/75 1947/50/76
f 1885/49/75 1887/51/77 1947/50/76
f 1947/50/76 1887/51/77 1948/52/1118
f 1887/51/77 1889/21/21 1948/52/1118
f 1948/52/1118 1889/21/21 1949/53/79
f 1889/21/21 1890/22/22 1949/53/79
f 1949/53/79 1890/22/22 1950/54/80
f 1890/22/22 1891/23/1111 1950/54/80
f 1950/54/80 1891/23/1111 1951/55/1119
f 1891/23/1111 1927/27/1117 1951/55/1119
f 1951/55/1119 1927/27/1117 1953/56/51
f 1927/27/1117 1925/29/1116 1953/56/51
f 1926/29/1115 1922/27/50 1952/56/51
f 1952/56/51 1922/27/50 1954/55/1120
f 1922/27/50 1902/23/1113 1954/55/1120
f 1954/55/1120 1902/23/1113 1955/54/83
f 1902/23/1113 1903/22/34 1955/54/83
f 1955/54/83 1903/22/34 1956/53/84
f 1903/22/34 1904/21/35 1956/53/84
f 1956/53/84 1904/21/35 1957/52/85
f 1904/21/35 1905/51/86 1957/52/85
f 1957/52/85 1905/51/86 1958/50/87
f 1905/51/86 1907/49/88 1958/50/87
f 1958/50/87 1907/49/88 1959/48/89
f 1960/46/90 1959/48/89 1962/47/91
f 1959/48/89 1907/49/88 1962/47/91
f 1908/19/38 1909/17/39 1961/45/92
f 1961/45/92 1909/17/39 1964/44/93
f 1910/16/40 1911/15/41 1963/43/94
f 1963/43/94 1911/15/41 1965/42/95
f 1965/42/95 1911/15/41 1967/41/96
f 1911/15/41 1913/14/42 1967/41/96
f 1968/39/474 1966/40/97 1969/38/64
f 1966/40/97 1912/37/42 1969/38/64
f 1969/38/64 1912/37/42 1970/36/62
f 1912/37/42 1914/35/99 1970/36/62
f 1970/36/62 1914/35/99 1971/34/60
f 1914/35/99 1916/12/44 1971/34/60
f 1971/34/60 1916/12/44 1972/33/100
f 1916/12/44 1917/11/45 1972/33/100
f 1972/33/100 1917/11/45 1973/32/101
f 1917/11/45 1918/10/46 1973/32/101
f 1973/32/101 1918/10/46 1974/31/57
f 1918/10/46 1919/24/1114 1974/31/57
f 1974/31/57 1919/24/1114 1975/30/56
f 1976/57/102 1978/58/103 1979/59/131
f 1978/58/103 1980/60/105 1979/59/131
f 1979/59/131 1980/60/105 1981/61/5
f 1980/60/105 1982/62/106 1981/61/5
f 1981/61/5 1982/62/106 1983/63/7
f 1983/63/7 1982/62/106 1984/64/107
f 1985/65/108 1984/64/107 1986/66/109
f 1986/66/109 1984/64/107 1987/67/110
f 1984/64/107 1982/62/106 1987/67/110
f 1987/67/110 1982/62/106 1988/68/1121
f 1982/62/106 1980/60/105 1988/68/1121
f 1980/60/105 1978/58/103 1989/69/112
f 1989/69/112 1978/58/103 1990/70/113
f 1991/71/114 1977/72/115 1992/73/116
f 1992/73/116 1977/72/115 1993/74/117
f 1978/58/103 1976/57/102 1995/75/118
f 1995/75/118 1976/57/102 1996/76/119
f 1996/76/119 1976/57/102 1998/77/120
f 1998/77/120 1976/57/102 2000/78/121
f 1976/57/102 1979/59/131 2000/78/121
f 2000/78/121 1979/59/131 2001/79/122
f 1979/59/131 1981/61/5 2001/79/122
f 2001/79/122 1981/61/5 2002/80/123
f 1981/61/5 1983/63/7 2002/80/123
f 2002/80/123 1983/63/7 2003/81/124
f 2003/81/124 1983/63/7 2004/82/9
f 1983/63/7 1984/64/107 2004/82/9
f 2004/82/9 1984/64/107 2005/83/1122
f 1984/64/107 1985/65/108 2005/83/1122
f 2005/83/1122 1985/65/108 2006/84/126
f 2006/84/126 1985/65/108 2007/85/127
f 2008/86/7 2009/87/5 2010/88/129
f 2010/88/129 2009/87/5 2011/89/130
f 2009/87/5 2012/90/104 2011/89/130
f 2011/89/130 2012/90/104 2014/91/132
f 2014/91/132 2012/90/104 2015/92/1
f 2015/92/1 2012/90/104 2017/93/133
f 2017/93/133 2012/90/104 2018/94/134
f 2012/90/104 2009/87/5 2018/94/134
f 2018/94/134 2009/87/5 2019/95/135
f 2009/87/5 2008/86/7 2019/95/135
f 2019/95/135 2008/86/7 2020/96/136
f 2020/96/136 2008/86/7 2021/97/9
f 2021/97/9 2008/86/7 2022/98/107
f 2008/86/7 2010/88/129 2022/98/107
f 2023/99/137 2022/98/107 2024/100/138
f 2024/100/138 2022/98/107 2025/101/139
f 2022/98/107 2010/88/129 2025/101/139
f 2026/102/139 2010/88/129 2027/103/141
f 2010/88/129 2011/89/130 2027/103/141
f 2011/89/130 2014/91/132 2029/104/141
f 2029/104/141 2014/91/132 2030/105/142
f 2031/106/143 2013/107/144 2033/108/145
f 2033/108/145 2013/107/144 2034/109/146
f 2014/91/132 2015/92/1 2035/110/166
f 2035/110/166 2015/92/1 2036/111/147
f 2036/111/147 2015/92/1 2037/112/148
f 2015/92/1 2017/93/133 2037/112/148
f 2040/113/149 2038/114/148 2041/115/150
f 2038/114/148 2016/116/151 2041/115/150
f 2042/117/152 2017/93/133 2043/118/153
f 2017/93/133 2018/94/134 2043/118/153
f 2045/119/153 2018/94/134 2046/120/155
f 2018/94/134 2019/95/135 2046/120/155
f 2019/95/135 2020/96/136 2047/121/156
f 2047/121/156 2020/96/136 2048/122/157
f 2048/122/157 2020/96/136 2049/123/168
f 2007/85/127 2049/123/168 2050/124/349
f 2049/123/168 2020/96/136 2050/124/349
f 2020/96/136 2021/97/9 2050/124/349
f 2050/124/349 2021/97/9 2051/125/51
f 2051/125/51 2021/97/9 2052/126/125
f 2021/97/9 2022/98/107 2052/126/125
f 2022/98/107 2023/99/137 2052/126/125
f 2052/126/125 2023/99/137 2053/127/160
f 2055/86/7 2056/87/5 2057/95/129
f 2057/95/129 2056/87/5 2058/94/130
f 2056/87/5 2059/90/104 2058/94/130
f 2058/94/130 2059/90/104 2061/93/161
f 2061/93/161 2059/90/104 2062/92/1
f 2062/92/1 2059/90/104 2064/91/133
f 2064/91/133 2059/90/104 2065/89/134
f 2059/90/104 2056/87/5 2065/89/134
f 2065/89/134 2056/87/5 2066/88/135
f 2056/87/5 2055/86/7 2066/88/135
f 2066/88/135 2055/86/7 2067/98/330
f 2067/98/330 2055/86/7 2068/97/9
f 2068/97/9 2055/86/7 2069/96/162
f 2055/86/7 2057/95/129 2069/96/162
f 2070/122/138 2069/96/162 2071/121/139
f 2069/96/162 2057/95/129 2071/121/139
f 2072/120/139 2057/95/129 2073/119/140
f 2057/95/129 2058/94/130 2073/119/140
f 2058/94/130 2061/93/161 2075/118/141
f 2075/118/141 2061/93/161 2076/117/163
f 2077/115/1123 2060/116/144 2079/113/164
f 2079/113/164 2060/116/144 2080/114/165
f 2061/93/161 2062/92/1 2081/112/166
f 2081/112/166 2062/92/1 2082/111/147
f 2082/111/147 2062/92/1 2083/110/167
f 2062/92/1 2064/91/133 2083/110/167
f 2086/108/149 2084/109/148 2087/106/150
f 2084/109/148 2063/107/151 2087/106/150
f 2088/105/152 2064/91/133 2089/104/153
f 2064/91/133 2065/89/134 2089/104/153
f 2091/103/1124 2065/89/134 2092/102/155
f 2065/89/134 2066/88/135 2092/102/155
f 2066/88/135 2067/98/330 2093/101/156
f 2093/101/156 2067/98/330 2094/100/157
f 2094/100/157 2067/98/330 2095/99/168
f 2054/127/160 2095/99/168 2096/126/169
f 2095/99/168 2067/98/330 2096/126/169
f 2067/98/330 2068/97/9 2096/126/169
f 2096/126/169 2068/97/9 2097/125/51
f 2097/125/51 2068/97/9 2098/124/1122
f 2068/97/9 2069/96/162 2098/124/1122
f 2098/124/1122 2069/96/162 2099/123/170
f 2069/96/162 2070/122/138 2099/123/170
f 2100/128/107 2101/63/7 2102/129/106
f 2101/63/7 2103/61/5 2102/129/106
f 2102/129/106 2103/61/5 2104/130/105
f 2103/61/5 2105/59/104 2104/130/105
f 2104/130/105 2105/59/104 2107/131/103
f 2107/131/103 2105/59/104 2108/57/102
f 2108/57/102 2105/59/104 2110/58/171
f 2110/58/171 2105/59/104 2111/60/172
f 2105/59/104 2103/61/5 2111/60/172
f 2111/60/172 2103/61/5 2112/62/173
f 2103/61/5 2101/63/7 2112/62/173
f 2112/62/173 2101/63/7 2113/64/174
f 2113/64/174 2101/63/7 2114/82/9
f 2101/63/7 2100/128/107 2114/82/9
f 2114/82/9 2100/128/107 2115/132/125
f 2115/132/125 2100/128/107 2116/133/108
f 2116/133/108 2100/128/107 2117/134/109
f 2117/134/109 2100/128/107 2118/135/110
f 2100/128/107 2102/129/106 2118/135/110
f 2118/135/110 2102/129/106 2119/136/111
f 2102/129/106 2104/130/105 2119/136/111
f 2104/130/105 2107/131/103 2120/137/112
f 2120/137/112 2107/131/103 2121/138/113
f 2122/139/114 2106/140/115 2123/141/116
f 2123/141/116 2106/140/115 2124/142/117
f 2107/131/103 2108/57/102 2126/143/176
f 2126/143/176 2108/57/102 2127/76/177
f 2127/76/177 2108/57/102 2128/75/178
f 2108/57/102 2110/58/171 2128/75/178
f 2131/73/179 2130/74/180 2132/71/181
f 2130/74/180 2109/72/182 2132/71/181
f 2133/70/183 2110/58/171 2134/69/184
f 2110/58/171 2111/60/172 2134/69/184
f 2135/68/185 2111/60/172 2136/67/186
f 2111/60/172 2112/62/173 2136/67/186
f 2112/62/173 2113/64/174 2136/67/186
f 2136/67/186 2113/64/174 2137/66/1125
f 2137/66/1125 2113/64/174 2138/65/188
f 2139/85/189 2138/65/188 2140/83/190
f 2138/65/188 2113/64/174 2140/83/190
f 2113/64/174 2114/82/9 2140/83/190
f 2140/83/190 2114/82/9 2141/144/51
f 2114/82/9 2115/132/125 2141/144/51
f 2141/144/51 2115/132/125 2142/145/1126
f 2115/132/125 2116/133/108 2142/145/1126
f 2142/145/1126 2116/133/108 2143/146/127
f 2144/57/24 2145/59/221 2147/58/270
f 2147/58/270 2145/59/221 2148/60/194
f 2145/59/221 2149/61/28 2148/60/194
f 2148/60/194 2149/61/28 2150/62/195
f 2149/61/28 2151/63/30 2150/62/195
f 2150/62/195 2151/63/30 2152/64/196
f 2153/83/197 2152/64/196 2154/82/252
f 2152/64/196 2151/63/30 2154/82/252
f 2154/82/252 2151/63/30 2155/81/199
f 2155/81/199 2151/63/30 2156/80/200
f 2151/63/30 2149/61/28 2156/80/200
f 2156/80/200 2149/61/28 2157/79/1127
f 2149/61/28 2145/59/221 2157/79/1127
f 2157/79/1127 2145/59/221 2159/78/202
f 2145/59/221 2144/57/24 2159/78/202
f 2159/78/202 2144/57/24 2161/77/203
f 2161/77/203 2144/57/24 2162/76/204
f 2162/76/204 2144/57/24 2163/75/205
f 2144/57/24 2147/58/270 2163/75/205
f 2165/74/206 2146/72/207 2166/73/208
f 2166/73/208 2146/72/207 2167/71/209
f 2168/70/1128 2147/58/270 2169/69/211
f 2147/58/270 2148/60/194 2169/69/211
f 2148/60/194 2150/62/195 2170/68/1129
f 2170/68/1129 2150/62/195 2171/67/213
f 2150/62/195 2152/64/196 2171/67/213
f 2171/67/213 2152/64/196 2172/66/214
f 2172/66/214 2152/64/196 2173/65/215
f 2152/64/196 2153/83/197 2173/65/215
f 2153/83/197 2174/84/216 2173/65/215
f 2173/65/215 2174/84/216 2175/85/217
f 2176/97/252 2177/86/30 2178/96/218
f 2178/96/218 2177/86/30 2179/95/219
f 2177/86/30 2180/87/28 2179/95/219
f 2179/95/219 2180/87/28 2181/94/220
f 2180/87/28 2182/90/26 2181/94/220
f 2181/94/220 2182/90/26 2184/93/222
f 2184/93/222 2182/90/26 2185/92/223
f 2185/92/223 2182/90/26 2187/91/224
f 2187/91/224 2182/90/26 2188/89/225
f 2182/90/26 2180/87/28 2188/89/225
f 2188/89/225 2180/87/28 2189/88/255
f 2180/87/28 2177/86/30 2189/88/255
f 2189/88/255 2177/86/30 2190/98/227
f 2177/86/30 2176/97/252 2190/98/227
f 2190/98/227 2176/97/252 2191/126/228
f 2191/126/228 2176/97/252 2192/125/48
f 2192/125/48 2176/97/252 2193/124/1130
f 2176/97/252 2178/96/218 2193/124/1130
f 2175/85/217 2193/124/1130 2194/123/230
f 2193/124/1130 2178/96/218 2194/123/230
f 2194/123/230 2178/96/218 2195/122/231
f 2195/122/231 2178/96/218 2196/121/232
f 2178/96/218 2179/95/219 2196/121/232
f 2179/95/219 2181/94/220 2197/120/1131
f 2197/120/1131 2181/94/220 2198/119/234
f 2181/94/220 2184/93/222 2200/118/234
f 2200/118/234 2184/93/222 2201/117/235
f 2204/113/236 2202/115/237 2205/114/238
f 2202/115/237 2183/116/239 2205/114/238
f 2184/93/222 2185/92/223 2206/112/238
f 2206/112/238 2185/92/223 2207/111/41
f 2207/111/41 2185/92/223 2208/110/240
f 2185/92/223 2187/91/224 2208/110/240
f 2209/109/241 2186/107/242 2211/108/1132
f 2211/108/1132 2186/107/242 2212/106/244
f 2213/105/245 2187/91/224 2214/104/246
f 2187/91/224 2188/89/225 2214/104/246
f 2188/89/225 2189/88/255 2216/103/246
f 2216/103/246 2189/88/255 2217/102/247
f 2189/88/255 2190/98/227 2218/101/248
f 2218/101/248 2190/98/227 2219/100/249
f 2219/100/249 2190/98/227 2220/99/250
f 2190/98/227 2191/126/228 2220/99/250
f 2220/99/250 2191/126/228 2221/127/251
f 2223/97/252 2224/86/30 2225/98/253
f 2225/98/253 2224/86/30 2226/88/1133
f 2224/86/30 2227/87/28 2226/88/1133
f 2226/88/1133 2227/87/28 2228/89/220
f 2227/87/28 2229/90/192 2228/89/220
f 2228/89/220 2229/90/192 2231/91/254
f 2231/91/254 2229/90/192 2232/92/24
f 2232/92/24 2229/90/192 2234/93/1134
f 2234/93/1134 2229/90/192 2235/94/225
f 2229/90/192 2227/87/28 2235/94/225
f 2235/94/225 2227/87/28 2236/95/255
f 2227/87/28 2224/86/30 2236/95/255
f 2236/95/255 2224/86/30 2237/96/1135
f 2224/86/30 2223/97/252 2237/96/1135
f 2237/96/1135 2223/97/252 2238/124/197
f 2238/124/197 2223/97/252 2239/125/48
f 2239/125/48 2223/97/252 2240/126/257
f 2223/97/252 2225/98/253 2240/126/257
f 2222/127/251 2240/126/257 2241/99/230
f 2240/126/257 2225/98/253 2241/99/230
f 2241/99/230 2225/98/253 2242/100/231
f 2242/100/231 2225/98/253 2243/101/232
f 2225/98/253 2226/88/1133 2243/101/232
f 2226/88/1133 2228/89/220 2244/102/233
f 2244/102/233 2228/89/220 2245/103/234
f 2228/89/220 2231/91/254 2247/104/234
f 2247/104/234 2231/91/254 2248/105/259
f 2251/108/260 2249/106/237 2252/109/238
f 2249/106/237 2230/107/239 2252/109/238
f 2231/91/254 2232/92/24 2253/110/261
f 2253/110/261 2232/92/24 2254/111/41
f 2254/111/41 2232/92/24 2255/112/240
f 2232/92/24 2234/93/1134 2255/112/240
f 2256/114/262 2233/116/263 2258/113/243
f 2258/113/243 2233/116/263 2259/115/1136
f 2260/117/245 2234/93/1134 2261/118/246
f 2234/93/1134 2235/94/225 2261/118/246
f 2235/94/225 2236/95/255 2263/119/246
f 2263/119/246 2236/95/255 2264/120/248
f 2236/95/255 2237/96/1135 2265/121/248
f 2265/121/248 2237/96/1135 2266/122/249
f 2266/122/249 2237/96/1135 2267/123/1137
f 2237/96/1135 2238/124/197 2267/123/1137
f 2268/82/198 2269/63/30 2270/64/265
f 2270/64/265 2269/63/30 2271/62/266
f 2269/63/30 2272/61/28 2271/62/266
f 2271/62/266 2272/61/28 2273/60/267
f 2272/61/28 2274/59/221 2273/60/267
f 2273/60/267 2274/59/221 2276/58/268
f 2276/58/268 2274/59/221 2277/57/269
f 2277/57/269 2274/59/221 2279/131/270
f 2279/131/270 2274/59/221 2280/130/194
f 2274/59/221 2272/61/28 2280/130/194
f 2280/130/194 2272/61/28 2281/129/195
f 2272/61/28 2269/63/30 2281/129/195
f 2281/129/195 2269/63/30 2282/128/196
f 2269/63/30 2268/82/198 2282/128/196
f 2282/128/196 2268/82/198 2283/132/197
f 2284/145/216 2283/132/197 2285/144/48
f 2283/132/197 2268/82/198 2285/144/48
f 2285/144/48 2268/82/198 2286/83/229
f 2268/82/198 2270/64/265 2286/83/229
f 2287/85/1138 2286/83/229 2288/65/273
f 2286/83/229 2270/64/265 2288/65/273
f 2288/65/273 2270/64/265 2289/66/274
f 2289/66/274 2270/64/265 2290/67/275
f 2270/64/265 2271/62/266 2290/67/275
f 2271/62/266 2273/60/267 2290/67/275
f 2290/67/275 2273/60/267 2291/68/276
f 2273/60/267 2276/58/268 2292/69/1139
f 2292/69/1139 2276/58/268 2293/70/278
f 2295/73/279 2294/71/280 2296/74/281
f 2294/71/280 2275/72/1140 2296/74/281
f 2276/58/268 2277/57/269 2298/75/283
f 2298/75/283 2277/57/269 2299/76/284
f 2299/76/284 2277/57/269 2300/143/205
f 2277/57/269 2279/131/270 2300/143/205
f 2302/142/206 2278/140/207 2303/141/285
f 2303/141/285 2278/140/207 2304/139/209
f 2305/138/210 2279/131/270 2306/137/211
f 2279/131/270 2280/130/194 2306/137/211
f 2280/130/194 2281/129/195 2307/136/1129
f 2307/136/1129 2281/129/195 2308/135/213
f 2281/129/195 2282/128/196 2308/135/213
f 2308/135/213 2282/128/196 2309/134/214
f 2309/134/214 2282/128/196 2310/133/215
f 2282/128/196 2283/132/197 2310/133/215
f 2283/132/197 2284/145/216 2310/133/215
f 2310/133/215 2284/145/216 2311/146/217
f 2312/7/1141 2313/147/287 2314/5/28
f 2315/2/902 2314/5/28 2317/148/288
f 2314/5/28 2313/147/287 2317/148/288
f 2317/148/288 2313/147/287 2318/149/1142
f 2318/149/1142 2313/147/287 2319/150/1143
f 2320/151/291 2319/150/1143 2321/152/1144
f 2319/150/1143 2313/147/287 2321/152/1144
f 2313/147/287 2312/7/1141 2321/152/1144
f 2321/152/1144 2312/7/1141 2322/9/252
f 2322/9/252 2312/7/1141 2323/153/218
f 2323/153/218 2312/7/1141 2324/154/1133
f 2312/7/1141 2314/5/28 2324/154/1133
f 2324/154/1133 2314/5/28 2325/155/220
f 2314/5/28 2315/2/902 2325/155/220
f 2325/155/220 2315/2/902 2327/156/254
f 2327/156/254 2315/2/902 2328/1/24
f 2328/1/24 2315/2/902 2329/157/293
f 2315/2/902 2317/148/288 2329/157/293
f 2330/158/1145 2316/159/1146 2332/160/1147
f 2316/159/1146 2318/149/1142 2332/160/1147
f 2332/160/1147 2318/149/1142 2335/161/296
f 2335/161/296 2318/149/1142 2337/162/297
f 2318/149/1142 2319/150/1143 2337/162/297
f 2337/162/297 2319/150/1143 2338/163/298
f 2319/150/1143 2320/151/291 2338/163/298
f 2338/163/298 2320/151/291 2339/164/1148
f 2340/165/300 2339/164/1148 2341/166/1149
f 2339/164/1148 2320/151/291 2341/166/1149
f 2341/166/1149 2320/151/291 2342/167/1150
f 2320/151/291 2321/152/1144 2342/167/1150
f 2321/152/1144 2322/9/252 2342/167/1150
f 2342/167/1150 2322/9/252 2343/25/48
f 2343/25/48 2322/9/252 2344/168/257
f 2322/9/252 2323/153/218 2344/168/257
f 2311/146/217 2344/168/257 2345/169/258
f 2344/168/257 2323/153/218 2345/169/258
f 2345/169/258 2323/153/218 2346/170/231
f 2346/170/231 2323/153/218 2347/171/1151
f 2323/153/218 2324/154/1133 2347/171/1151
f 2324/154/1133 2325/155/220 2347/171/1151
f 2347/171/1151 2325/155/220 2348/172/303
f 2325/155/220 2327/156/254 2349/173/234
f 2349/173/234 2327/156/254 2350/174/235
f 2353/175/236 2351/176/1152 2354/177/238
f 2351/176/1152 2326/178/239 2354/177/238
f 2327/156/254 2328/1/24 2355/179/261
f 2355/179/261 2328/1/24 2356/15/41
f 2356/15/41 2328/1/24 2358/180/304
f 2328/1/24 2329/157/293 2358/180/304
f 2358/180/304 2329/157/293 2359/181/1153
f 2329/157/293 2331/182/295 2359/181/1153
f 2360/183/305 2332/160/1147 2361/184/306
f 2332/160/1147 2335/161/296 2361/184/306
f 2363/185/307 2333/186/308 2364/187/1154
f 2364/187/1154 2333/186/308 2365/188/1155
f 2334/189/308 2336/190/1156 2365/188/1155
f 2365/188/1155 2336/190/1156 2366/191/311
f 2337/162/297 2338/163/298 2366/191/311
f 2366/191/311 2338/163/298 2367/192/312
f 2338/163/298 2339/164/1148 2367/192/312
f 2367/192/312 2339/164/1148 2368/193/313
f 2339/164/1148 2340/165/300 2368/193/313
f 2368/193/313 2340/165/300 2369/194/1157
f 2369/194/1157 2340/165/300 2370/195/315
f 2372/150/316 2373/147/1158 2374/149/318
f 2374/149/318 2373/147/1158 2376/148/319
f 2377/2/104 2376/148/319 2378/5/5
f 2376/148/319 2373/147/1158 2378/5/5
f 2378/5/5 2373/147/1158 2379/7/7
f 2379/7/7 2373/147/1158 2380/152/320
f 2373/147/1158 2372/150/316 2380/152/320
f 2380/152/320 2372/150/316 2381/151/1159
f 2382/164/322 2381/151/1159 2383/163/323
f 2381/151/1159 2372/150/316 2383/163/323
f 2383/163/323 2372/150/316 2385/162/324
f 2372/150/316 2374/149/318 2385/162/324
f 2385/162/324 2374/149/318 2388/161/325
f 2388/161/325 2374/149/318 2390/160/326
f 2374/149/318 2375/159/327 2390/160/326
f 2390/160/326 2375/159/327 2391/158/1160
f 2376/148/319 2377/2/104 2392/157/329
f 2392/157/329 2377/2/104 2393/1/1
f 2393/1/1 2377/2/104 2395/156/133
f 2395/156/133 2377/2/104 2396/155/134
f 2377/2/104 2378/5/5 2396/155/134
f 2396/155/134 2378/5/5 2397/154/135
f 2378/5/5 2379/7/7 2397/154/135
f 2397/154/135 2379/7/7 2398/153/136
f 2398/153/136 2379/7/7 2399/9/9
f 2379/7/7 2380/152/320 2399/9/9
f 2399/9/9 2380/152/320 2400/167/1161
f 2380/152/320 2381/151/1159 2400/167/1161
f 2400/167/1161 2381/151/1159 2401/166/332
f 2381/151/1159 2382/164/322 2401/166/332
f 2401/166/332 2382/164/322 2402/165/1162
f 2371/195/315 2402/165/1162 2403/194/1163
f 2403/194/1163 2402/165/1162 2404/193/335
f 2402/165/1162 2382/164/322 2404/193/335
f 2404/193/335 2382/164/322 2405/192/336
f 2382/164/322 2383/163/323 2405/192/336
f 2405/192/336 2383/163/323 2406/191/337
f 2383/163/323 2385/162/324 2406/191/337
f 2406/191/337 2384/190/324 2407/188/1164
f 2384/190/324 2386/189/339 2407/188/1164
f 2407/188/1164 2387/186/339 2408/187/1165
f 2408/187/1165 2387/186/339 2409/185/341
f 2388/161/325 2390/160/326 2411/184/342
f 2411/184/342 2390/160/326 2412/183/343
f 2389/182/344 2392/157/329 2413/181/345
f 2413/181/345 2392/157/329 2415/180/346
f 2392/157/329 2393/1/1 2415/180/346
f 2415/180/346 2393/1/1 2416/15/15
f 2416/15/15 2393/1/1 2417/179/167
f 2393/1/1 2395/156/133 2417/179/167
f 2420/175/149 2418/177/148 2421/176/150
f 2418/177/148 2394/178/151 2421/176/150
f 2422/174/1166 2395/156/133 2423/173/153
f 2395/156/133 2396/155/134 2423/173/153
f 2424/172/154 2396/155/134 2425/171/156
f 2396/155/134 2397/154/135 2425/171/156
f 2397/154/135 2398/153/136 2425/171/156
f 2425/171/156 2398/153/136 2426/170/157
f 2426/170/157 2398/153/136 2427/169/168
f 2143/146/127 2427/169/168 2428/168/159
f 2427/169/168 2398/153/136 2428/168/159
f 2398/153/136 2399/9/9 2428/168/159
f 2428/168/159 2399/9/9 2429/25/51
f 2399/9/9 2400/167/1161 2429/25/51
f 2430/196/350 2431/197/351 2432/198/352
f 2432/198/352 2431/197/351 2433/199/558
f 2431/197/351 2434/200/354 2433/199/558
f 2433/199/558 2434/200/354 2436/201/559
f 2436/201/559 2434/200/354 2437/202/356
f 2437/202/356 2434/200/354 2439/203/357
f 2439/203/357 2434/200/354 2441/204/358
f 2434/200/354 2431/197/351 2441/204/358
f 2441/204/358 2431/197/351 2442/205/359
f 2431/197/351 2430/196/350 2442/205/359
f 2442/205/359 2430/196/350 2443/206/360
f 2430/196/350 2444/207/361 2443/206/360
f 2443/206/360 2444/207/361 2445/208/362
f 2444/207/361 2429/25/51 2445/208/362
f 2445/208/362 2429/25/51 2446/209/363
f 2429/25/51 2400/167/1161 2446/209/363
f 2400/167/1161 2401/166/332 2446/209/363
f 2447/210/364 2446/209/363 2448/211/127
f 2446/209/363 2401/166/332 2448/211/127
f 2401/166/332 2402/165/1162 2448/211/127
f 2450/212/366 2452/213/367 2454/214/368
f 2454/214/368 2452/213/367 2456/215/369
f 2452/213/367 2457/216/1167 2456/215/369
f 2456/215/369 2457/216/1167 2458/217/371
f 2457/216/1167 2459/218/372 2458/217/371
f 2458/217/371 2459/218/372 2460/219/1168
f 2459/218/372 2461/220/663 2460/219/1168
f 2460/219/1168 2461/220/663 2462/221/375
f 2461/220/663 2448/211/127 2462/221/375
f 2462/221/375 2448/211/127 2463/28/51
f 2448/211/127 2402/165/1162 2463/28/51
f 2402/165/1162 2371/195/315 2463/28/51
f 2370/195/315 2340/165/300 2464/28/51
f 2466/212/376 2468/214/377 2470/213/378
f 2468/214/377 2472/215/379 2470/213/378
f 2470/213/378 2472/215/379 2473/216/380
f 2472/215/379 2474/217/1169 2473/216/380
f 2473/216/380 2474/217/1169 2475/218/382
f 2474/217/1169 2476/219/383 2475/218/382
f 2475/218/382 2476/219/383 2477/220/384
f 2476/219/383 2478/221/385 2477/220/384
f 2477/220/384 2478/221/385 2479/211/386
f 2478/221/385 2464/28/51 2479/211/386
f 2464/28/51 2340/165/300 2479/211/386
f 2340/165/300 2341/166/1149 2479/211/386
f 2480/210/1170 2479/211/386 2481/209/363
f 2479/211/386 2341/166/1149 2481/209/363
f 2341/166/1149 2342/167/1150 2481/209/363
f 2342/167/1150 2343/25/48 2481/209/363
f 2481/209/363 2343/25/48 2482/208/389
f 2343/25/48 2483/207/390 2482/208/389
f 2482/208/389 2483/207/390 2484/206/391
f 2483/207/390 2485/196/392 2484/206/391
f 2484/206/391 2485/196/392 2486/205/393
f 2485/196/392 2487/197/426 2486/205/393
f 2486/205/393 2487/197/426 2489/204/395
f 2487/197/426 2490/200/396 2489/204/395
f 2489/204/395 2490/200/396 2492/203/397
f 2492/203/397 2490/200/396 2493/202/737
f 2493/202/737 2490/200/396 2495/201/399
f 2495/201/399 2490/200/396 2496/199/1171
f 2490/200/396 2487/197/426 2496/199/1171
f 2496/199/1171 2487/197/426 2497/198/401
f 2487/197/426 2485/196/392 2497/198/401
f 2497/198/401 2485/196/392 2498/222/430
f 2485/196/392 2483/207/390 2498/222/430
f 2498/222/430 2483/207/390 2499/223/403
f 2483/207/390 2343/25/48 2499/223/403
f 2499/223/403 2343/25/48 2500/224/404
f 2343/25/48 2344/168/257 2500/224/404
f 2500/224/404 2344/168/257 2501/225/1172
f 2344/168/257 2311/146/217 2501/225/1172
f 2311/146/217 2284/145/216 2501/225/1172
f 2501/225/1172 2284/145/216 2502/226/406
f 2284/145/216 2285/144/48 2502/226/406
f 2285/144/48 2503/227/390 2502/226/406
f 2502/226/406 2503/227/390 2504/228/436
f 2503/227/390 2505/229/408 2504/228/436
f 2504/228/436 2505/229/408 2506/230/409
f 2505/229/408 2507/231/410 2506/230/409
f 2506/230/409 2507/231/410 2508/232/411
f 2507/231/410 2509/233/412 2508/232/411
f 2508/232/411 2509/233/412 2511/234/413
f 2511/234/413 2509/233/412 2512/235/414
f 2512/235/414 2509/233/412 2514/236/415
f 2514/236/415 2509/233/412 2515/237/416
f 2509/233/412 2507/231/410 2515/237/416
f 2515/237/416 2507/231/410 2516/238/417
f 2507/231/410 2505/229/408 2516/238/417
f 2516/238/417 2505/229/408 2517/239/402
f 2505/229/408 2503/227/390 2517/239/402
f 2517/239/402 2503/227/390 2518/240/418
f 2503/227/390 2285/144/48 2518/240/418
f 2518/240/418 2285/144/48 2519/84/1173
f 2285/144/48 2286/83/229 2519/84/1173
f 2519/84/1173 2286/83/229 2520/241/420
f 2286/83/229 2287/85/1138 2520/241/420
f 2520/241/420 2287/85/1138 2521/242/421
f 2287/85/1138 2267/123/1137 2521/242/421
f 2267/123/1137 2238/124/197 2521/242/421
f 2238/124/197 2239/125/48 2521/242/421
f 2521/242/421 2239/125/48 2522/243/422
f 2239/125/48 2523/244/390 2522/243/422
f 2522/243/422 2523/244/390 2524/245/1174
f 2523/244/390 2525/246/424 2524/245/1174
f 2524/245/1174 2525/246/424 2527/247/425
f 2525/246/424 2528/248/1175 2527/247/425
f 2527/247/425 2528/248/1175 2530/249/427
f 2528/248/1175 2531/250/396 2530/249/427
f 2530/249/427 2531/250/396 2533/251/1176
f 2533/251/1176 2531/250/396 2534/252/398
f 2534/252/398 2531/250/396 2536/253/429
f 2536/253/429 2531/250/396 2538/254/400
f 2531/250/396 2528/248/1175 2538/254/400
f 2538/254/400 2528/248/1175 2540/255/401
f 2528/248/1175 2525/246/424 2540/255/401
f 2540/255/401 2525/246/424 2541/256/430
f 2525/246/424 2523/244/390 2541/256/430
f 2541/256/430 2523/244/390 2542/257/1177
f 2523/244/390 2239/125/48 2542/257/1177
f 2542/257/1177 2239/125/48 2543/258/51
f 2239/125/48 2240/126/257 2543/258/51
f 2240/126/257 2222/127/251 2543/258/51
f 2221/127/251 2191/126/228 2544/258/51
f 2191/126/228 2192/125/48 2544/258/51
f 2544/258/51 2192/125/48 2545/257/432
f 2192/125/48 2546/244/390 2545/257/432
f 2545/257/432 2546/244/390 2547/256/423
f 2546/244/390 2548/246/424 2547/256/423
f 2547/256/423 2548/246/424 2550/255/425
f 2548/246/424 2551/248/1175 2550/255/425
f 2550/255/425 2551/248/1175 2553/254/427
f 2551/248/1175 2554/250/396 2553/254/427
f 2553/254/427 2554/250/396 2556/253/428
f 2556/253/428 2554/250/396 2557/252/398
f 2557/252/398 2554/250/396 2559/251/429
f 2559/251/429 2554/250/396 2561/249/400
f 2554/250/396 2551/248/1175 2561/249/400
f 2561/249/400 2551/248/1175 2563/247/401
f 2551/248/1175 2548/246/424 2563/247/401
f 2563/247/401 2548/246/424 2564/245/430
f 2548/246/424 2546/244/390 2564/245/430
f 2564/245/430 2546/244/390 2565/243/403
f 2546/244/390 2192/125/48 2565/243/403
f 2565/243/403 2192/125/48 2566/242/404
f 2192/125/48 2193/124/1130 2566/242/404
f 2566/242/404 2193/124/1130 2567/241/1172
f 2193/124/1130 2175/85/217 2567/241/1172
f 2175/85/217 2174/84/216 2567/241/1172
f 2567/241/1172 2174/84/216 2568/240/406
f 2569/235/414 2571/236/413 2572/233/412
f 2571/236/413 2573/237/411 2572/233/412
f 2572/233/412 2573/237/411 2574/231/410
f 2573/237/411 2575/238/409 2574/231/410
f 2574/231/410 2575/238/409 2576/229/435
f 2575/238/409 2577/239/407 2576/229/435
f 2576/229/435 2577/239/407 2578/227/390
f 2577/239/407 2568/240/406 2578/227/390
f 2578/227/390 2568/240/406 2579/144/48
f 2568/240/406 2174/84/216 2579/144/48
f 2174/84/216 2153/83/197 2579/144/48
f 2153/83/197 2154/82/252 2579/144/48
f 2579/144/48 2154/82/252 2580/259/437
f 2154/82/252 2155/81/199 2580/259/437
f 1975/30/56 2580/259/437 2581/260/490
f 2580/259/437 2155/81/199 2581/260/490
f 2581/260/490 2155/81/199 2582/261/439
f 2155/81/199 2156/80/200 2582/261/439
f 2582/261/439 2156/80/200 2583/262/440
f 2156/80/200 2157/79/1127 2583/262/440
f 2583/262/440 2157/79/1127 2584/263/539
f 2157/79/1127 2158/264/442 2584/263/539
f 2584/263/539 2158/264/442 2585/265/443
f 2158/264/442 2160/266/444 2585/265/443
f 2585/265/443 2160/266/444 2586/267/445
f 2587/268/491 2586/267/445 2589/269/447
f 2586/267/445 2160/266/444 2589/269/447
f 2161/77/203 2162/76/204 2588/270/447
f 2588/270/447 2162/76/204 2590/271/448
f 2590/271/448 2162/76/204 2592/272/449
f 2162/76/204 2163/75/205 2592/272/449
f 2591/273/450 2164/274/451 2593/275/452
f 2164/274/451 2166/73/208 2593/275/452
f 2594/276/453 2593/275/452 2595/277/454
f 2593/275/452 2166/73/208 2595/277/454
f 2595/277/454 2166/73/208 2596/278/455
f 2166/73/208 2167/71/209 2596/278/455
f 2596/278/455 2167/71/209 2597/279/456
f 2167/71/209 2170/68/1129 2597/279/456
f 2597/279/456 2170/68/1129 2598/280/457
f 2170/68/1129 2171/67/213 2598/280/457
f 2598/280/457 2171/67/213 2599/281/101
f 2171/67/213 2172/66/214 2599/281/101
f 2599/281/101 2172/66/214 2600/282/458
f 2172/66/214 2173/65/215 2600/282/458
f 2600/282/458 2173/65/215 2601/283/459
f 2173/65/215 2175/85/217 2601/283/459
f 2175/85/217 2194/123/230 2601/283/459
f 2601/283/459 2194/123/230 2602/284/460
f 2194/123/230 2195/122/231 2602/284/460
f 2602/284/460 2195/122/231 2603/285/461
f 2195/122/231 2196/121/232 2603/285/461
f 2603/285/461 2196/121/232 2604/286/462
f 2196/121/232 2199/287/303 2604/286/462
f 2604/286/462 2199/287/303 2605/288/463
f 2199/287/303 2202/115/237 2605/288/463
f 2605/288/463 2202/115/237 2606/289/464
f 2202/115/237 2204/113/236 2606/289/464
f 2606/289/464 2204/113/236 2607/290/465
f 2608/291/466 2607/290/465 2610/292/467
f 2607/290/465 2204/113/236 2610/292/467
f 2609/293/468 2203/294/469 2611/295/1178
f 2203/294/469 2206/112/238 2611/295/1178
f 2206/112/238 2207/111/41 2611/295/1178
f 2611/295/1178 2207/111/41 2612/296/471
f 2612/296/471 2207/111/41 2613/297/472
f 2207/111/41 2208/110/240 2613/297/472
f 2613/297/472 2208/110/240 2615/298/473
f 2208/110/240 2210/299/243 2615/298/473
f 2616/300/474 2614/301/475 2617/302/531
f 2614/301/475 2211/108/1132 2617/302/531
f 2617/302/531 2211/108/1132 2618/303/98
f 2211/108/1132 2212/106/244 2618/303/98
f 2618/303/98 2212/106/244 2619/304/477
f 2212/106/244 2215/305/478 2619/304/477
f 2619/304/477 2215/305/478 2620/306/1179
f 2215/305/478 2218/101/248 2620/306/1179
f 2620/306/1179 2218/101/248 2621/307/58
f 2218/101/248 2219/100/249 2621/307/58
f 2621/307/58 2219/100/249 2622/308/57
f 2219/100/249 2220/99/250 2622/308/57
f 2622/308/57 2220/99/250 2624/309/481
f 2220/99/250 2221/127/251 2624/309/481
f 2222/127/251 2241/99/230 2623/309/51
f 2623/309/51 2241/99/230 2625/308/968
f 2241/99/230 2242/100/231 2625/308/968
f 2625/308/968 2242/100/231 2626/307/461
f 2242/100/231 2243/101/232 2626/307/461
f 2626/307/461 2243/101/232 2627/306/529
f 2243/101/232 2246/305/303 2627/306/529
f 2627/306/529 2246/305/303 2628/304/483
f 2246/305/303 2249/106/237 2628/304/483
f 2628/304/483 2249/106/237 2629/303/464
f 2249/106/237 2251/108/260 2629/303/464
f 2629/303/464 2251/108/260 2630/302/1180
f 2631/300/466 2630/302/1180 2633/301/467
f 2630/302/1180 2251/108/260 2633/301/467
f 2632/298/468 2250/299/469 2634/297/486
f 2250/299/469 2253/110/261 2634/297/486
f 2253/110/261 2254/111/41 2634/297/486
f 2634/297/486 2254/111/41 2635/296/471
f 2635/296/471 2254/111/41 2636/295/487
f 2254/111/41 2255/112/240 2636/295/487
f 2636/295/487 2255/112/240 2638/293/1181
f 2255/112/240 2257/294/488 2638/293/1181
f 2639/291/474 2637/292/475 2640/290/1182
f 2637/292/475 2258/113/243 2640/290/1182
f 2640/290/1182 2258/113/243 2641/289/98
f 2258/113/243 2259/115/1136 2641/289/98
f 2641/289/98 2259/115/1136 2642/288/1183
f 2259/115/1136 2262/287/478 2642/288/1183
f 2642/288/1183 2262/287/478 2643/286/100
f 2262/287/478 2265/121/248 2643/286/100
f 2643/286/100 2265/121/248 2644/285/58
f 2265/121/248 2266/122/249 2644/285/58
f 2644/285/58 2266/122/249 2645/284/57
f 2266/122/249 2267/123/1137 2645/284/57
f 2645/284/57 2267/123/1137 2646/283/56
f 2267/123/1137 2287/85/1138 2646/283/56
f 2287/85/1138 2288/65/273 2646/283/56
f 2646/283/56 2288/65/273 2647/282/490
f 2288/65/273 2289/66/274 2647/282/490
f 2647/282/490 2289/66/274 2648/281/439
f 2289/66/274 2290/67/275 2648/281/439
f 2648/281/439 2290/67/275 2649/280/440
f 2290/67/275 2291/68/276 2649/280/440
f 2649/280/440 2291/68/276 2650/279/441
f 2291/68/276 2294/71/280 2650/279/441
f 2650/279/441 2294/71/280 2651/278/443
f 2294/71/280 2295/73/279 2651/278/443
f 2651/278/443 2295/73/279 2652/277/445
f 2653/276/491 2652/277/445 2654/275/492
f 2652/277/445 2295/73/279 2654/275/492
f 2654/275/492 2295/73/279 2656/273/493
f 2295/73/279 2297/274/281 2656/273/493
f 2298/75/283 2299/76/284 2655/272/494
f 2655/272/494 2299/76/284 2657/271/1184
f 2657/271/1184 2299/76/284 2659/310/450
f 2299/76/284 2300/143/205 2659/310/450
f 2658/311/450 2301/312/451 2660/313/452
f 2301/312/451 2303/141/285 2660/313/452
f 2661/268/453 2660/313/452 2662/267/496
f 2660/313/452 2303/141/285 2662/267/496
f 2662/267/496 2303/141/285 2663/265/455
f 2303/141/285 2304/139/209 2663/265/455
f 2663/265/455 2304/139/209 2664/263/456
f 2304/139/209 2307/136/1129 2664/263/456
f 2664/263/456 2307/136/1129 2665/262/457
f 2307/136/1129 2308/135/213 2665/262/457
f 2665/262/457 2308/135/213 2666/261/101
f 2308/135/213 2309/134/214 2666/261/101
f 2666/261/101 2309/134/214 2667/260/458
f 2309/134/214 2310/133/215 2667/260/458
f 2667/260/458 2310/133/215 2668/30/459
f 2310/133/215 2311/146/217 2668/30/459
f 2311/146/217 2345/169/258 2668/30/459
f 2668/30/459 2345/169/258 2669/31/460
f 2345/169/258 2346/170/231 2669/31/460
f 2669/31/460 2346/170/231 2670/32/461
f 2346/170/231 2347/171/1151 2670/32/461
f 2670/32/461 2347/171/1151 2671/33/462
f 2347/171/1151 2348/172/303 2671/33/462
f 2671/33/462 2348/172/303 2672/34/463
f 2348/172/303 2351/176/1152 2672/34/463
f 2672/34/463 2351/176/1152 2673/36/464
f 2351/176/1152 2353/175/236 2673/36/464
f 2673/36/464 2353/175/236 2674/38/465
f 2675/39/528 2674/38/465 2677/314/497
f 2674/38/465 2353/175/236 2677/314/497
f 2676/315/468 2352/316/469 2678/317/1178
f 2352/316/469 2355/179/261 2678/317/1178
f 2355/179/261 2356/15/41 2678/317/1178
f 2678/317/1178 2356/15/41 2679/42/95
f 2679/42/95 2356/15/41 2681/318/498
f 2356/15/41 2358/180/304 2681/318/498
f 2680/319/1185 2357/320/499 2682/321/500
f 2357/320/499 2360/183/305 2682/321/500
f 2682/321/500 2360/183/305 2684/322/501
f 2360/183/305 2361/184/306 2684/322/501
f 2683/323/501 2362/324/306 2685/325/1186
f 2362/324/306 2364/187/1154 2685/325/1186
f 2686/46/90 2685/325/1186 2687/48/89
f 2685/325/1186 2364/187/1154 2687/48/89
f 2687/48/89 2364/187/1154 2688/50/87
f 2364/187/1154 2365/188/1155 2688/50/87
f 2688/50/87 2365/188/1155 2689/52/85
f 2365/188/1155 2366/191/311 2689/52/85
f 2689/52/85 2366/191/311 2690/53/504
f 2366/191/311 2367/192/312 2690/53/504
f 2690/53/504 2367/192/312 2691/54/83
f 2367/192/312 2368/193/313 2691/54/83
f 2691/54/83 2368/193/313 2692/55/82
f 2368/193/313 2369/194/1157 2692/55/82
f 2692/55/82 2369/194/1157 2694/56/51
f 2369/194/1157 2370/195/315 2694/56/51
f 2371/195/315 2403/194/1163 2693/56/51
f 2693/56/51 2403/194/1163 2695/55/1119
f 2403/194/1163 2404/193/335 2695/55/1119
f 2695/55/1119 2404/193/335 2696/54/80
f 2404/193/335 2405/192/336 2696/54/80
f 2696/54/80 2405/192/336 2697/53/505
f 2405/192/336 2406/191/337 2697/53/505
f 2697/53/505 2406/191/337 2698/52/78
f 2406/191/337 2407/188/1164 2698/52/78
f 2698/52/78 2407/188/1164 2699/50/506
f 2407/188/1164 2408/187/1165 2699/50/506
f 2699/50/506 2408/187/1165 2700/48/507
f 2701/46/72 2700/48/507 2702/325/508
f 2700/48/507 2408/187/1165 2702/325/508
f 2408/187/1165 2410/324/342 2702/325/508
f 2702/325/508 2410/324/342 2704/323/510
f 2411/184/342 2412/183/343 2703/322/510
f 2703/322/510 2412/183/343 2705/321/511
f 2412/183/343 2414/320/512 2705/321/511
f 2705/321/511 2414/320/512 2707/319/1187
f 2415/180/346 2416/15/15 2706/318/513
f 2706/318/513 2416/15/15 2708/42/1188
f 2708/42/1188 2416/15/15 2709/317/1189
f 2416/15/15 2417/179/167 2709/317/1189
f 2417/179/167 2419/316/149 2709/317/1189
f 2709/317/1189 2419/316/149 2711/315/1190
f 2712/39/1191 2710/314/515 2713/38/465
f 2710/314/515 2420/175/149 2713/38/465
f 2713/38/465 2420/175/149 2714/36/464
f 2420/175/149 2421/176/150 2714/36/464
f 2714/36/464 2421/176/150 2715/34/463
f 2421/176/150 2424/172/154 2715/34/463
f 2715/34/463 2424/172/154 2716/33/462
f 2424/172/154 2425/171/156 2716/33/462
f 2716/33/462 2425/171/156 2717/32/461
f 2425/171/156 2426/170/157 2717/32/461
f 2717/32/461 2426/170/157 2718/31/460
f 2426/170/157 2427/169/168 2718/31/460
f 2718/31/460 2427/169/168 2719/30/51
f 2427/169/168 2143/146/127 2719/30/51
f 2143/146/127 2116/133/108 2719/30/51
f 2719/30/51 2116/133/108 2720/260/458
f 2116/133/108 2117/134/109 2720/260/458
f 2720/260/458 2117/134/109 2721/261/101
f 2117/134/109 2118/135/110 2721/261/101
f 2721/261/101 2118/135/110 2722/262/457
f 2118/135/110 2119/136/111 2722/262/457
f 2722/262/457 2119/136/111 2723/263/456
f 2119/136/111 2122/139/114 2723/263/456
f 2723/263/456 2122/139/114 2724/265/455
f 2122/139/114 2123/141/116 2724/265/455
f 2724/265/455 2123/141/116 2725/267/516
f 2726/268/453 2725/267/516 2727/313/517
f 2725/267/516 2123/141/116 2727/313/517
f 2123/141/116 2125/312/176 2727/313/517
f 2727/313/517 2125/312/176 2729/311/518
f 2126/143/176 2127/76/177 2728/310/519
f 2728/310/519 2127/76/177 2730/271/533
f 2730/271/533 2127/76/177 2732/272/521
f 2127/76/177 2128/75/178 2732/272/521
f 2129/274/180 2131/73/179 2731/273/521
f 2731/273/521 2131/73/179 2733/275/522
f 2734/276/491 2733/275/522 2735/277/523
f 2733/275/522 2131/73/179 2735/277/523
f 2735/277/523 2131/73/179 2736/278/443
f 2131/73/179 2132/71/181 2736/278/443
f 2736/278/443 2132/71/181 2737/279/441
f 2132/71/181 2135/68/185 2737/279/441
f 2737/279/441 2135/68/185 2738/280/440
f 2135/68/185 2136/67/186 2738/280/440
f 2738/280/440 2136/67/186 2739/281/439
f 2136/67/186 2137/66/1125 2739/281/439
f 2739/281/439 2137/66/1125 2740/282/540
f 2137/66/1125 2138/65/188 2740/282/540
f 2740/282/540 2138/65/188 2741/283/56
f 2138/65/188 2139/85/189 2741/283/56
f 2139/85/189 2099/123/170 2741/283/56
f 2741/283/56 2099/123/170 2742/284/57
f 2099/123/170 2070/122/138 2742/284/57
f 2742/284/57 2070/122/138 2743/285/58
f 2070/122/138 2071/121/139 2743/285/58
f 2743/285/58 2071/121/139 2744/286/59
f 2071/121/139 2074/287/524 2744/286/59
f 2744/286/59 2074/287/524 2745/288/60
f 2074/287/524 2077/115/1123 2745/288/60
f 2745/288/60 2077/115/1123 2746/289/98
f 2077/115/1123 2079/113/164 2746/289/98
f 2746/289/98 2079/113/164 2747/290/489
f 2748/291/474 2747/290/489 2750/292/525
f 2747/290/489 2079/113/164 2750/292/525
f 2078/294/164 2081/112/166 2749/293/525
f 2749/293/525 2081/112/166 2751/295/526
f 2081/112/166 2082/111/147 2751/295/526
f 2751/295/526 2082/111/147 2752/296/68
f 2752/296/68 2082/111/147 2753/297/514
f 2082/111/147 2083/110/167 2753/297/514
f 2083/110/167 2085/299/149 2753/297/514
f 2753/297/514 2085/299/149 2755/298/527
f 2756/300/466 2754/301/515 2757/302/485
f 2754/301/515 2086/108/149 2757/302/485
f 2757/302/485 2086/108/149 2758/303/464
f 2086/108/149 2087/106/150 2758/303/464
f 2758/303/464 2087/106/150 2759/304/483
f 2087/106/150 2090/305/154 2759/304/483
f 2759/304/483 2090/305/154 2760/306/529
f 2090/305/154 2093/101/156 2760/306/529
f 2760/306/529 2093/101/156 2761/307/439
f 2093/101/156 2094/100/157 2761/307/439
f 2761/307/439 2094/100/157 2762/308/968
f 2094/100/157 2095/99/168 2762/308/968
f 2762/308/968 2095/99/168 2764/309/48
f 2095/99/168 2054/127/160 2764/309/48
f 2053/127/160 2023/99/137 2763/309/51
f 2763/309/51 2023/99/137 2765/308/57
f 2023/99/137 2024/100/138 2765/308/57
f 2765/308/57 2024/100/138 2766/307/58
f 2024/100/138 2025/101/139 2766/307/58
f 2766/307/58 2025/101/139 2767/306/479
f 2025/101/139 2028/305/524 2767/306/479
f 2767/306/479 2028/305/524 2768/304/477
f 2028/305/524 2031/106/143 2768/304/477
f 2768/304/477 2031/106/143 2769/303/98
f 2031/106/143 2033/108/145 2769/303/98
f 2769/303/98 2033/108/145 2770/302/531
f 2771/300/474 2770/302/531 2773/301/525
f 2770/302/531 2033/108/145 2773/301/525
f 2032/299/145 2035/110/166 2772/298/525
f 2772/298/525 2035/110/166 2774/297/526
f 2035/110/166 2036/111/147 2774/297/526
f 2774/297/526 2036/111/147 2775/296/68
f 2775/296/68 2036/111/147 2776/295/1189
f 2036/111/147 2037/112/148 2776/295/1189
f 2037/112/148 2039/294/149 2776/295/1189
f 2776/295/1189 2039/294/149 2778/293/527
f 2779/291/466 2777/292/515 2780/290/465
f 2777/292/515 2040/113/149 2780/290/465
f 2780/290/465 2040/113/149 2781/289/464
f 2040/113/149 2041/115/150 2781/289/464
f 2781/289/464 2041/115/150 2782/288/463
f 2041/115/150 2044/287/154 2782/288/463
f 2782/288/463 2044/287/154 2783/286/836
f 2044/287/154 2047/121/156 2783/286/836
f 2783/286/836 2047/121/156 2784/285/439
f 2047/121/156 2048/122/157 2784/285/439
f 2784/285/439 2048/122/157 2785/284/460
f 2048/122/157 2049/123/168 2785/284/460
f 2785/284/460 2049/123/168 2786/283/51
f 2049/123/168 2007/85/127 2786/283/51
f 2007/85/127 1985/65/108 2786/283/51
f 2786/283/51 1985/65/108 2787/282/458
f 1985/65/108 1986/66/109 2787/282/458
f 2787/282/458 1986/66/109 2788/281/101
f 1986/66/109 1987/67/110 2788/281/101
f 2788/281/101 1987/67/110 2789/280/457
f 1987/67/110 1988/68/1121 2789/280/457
f 2789/280/457 1988/68/1121 2790/279/456
f 1988/68/1121 1991/71/114 2790/279/456
f 2790/279/456 1991/71/114 2791/278/455
f 1991/71/114 1992/73/116 2791/278/455
f 2791/278/455 1992/73/116 2792/277/516
f 2793/276/453 2792/277/516 2794/275/517
f 2792/277/516 1992/73/116 2794/275/517
f 1992/73/116 1994/274/176 2794/275/517
f 2794/275/517 1994/274/176 2796/273/518
f 1995/75/118 1996/76/119 2795/272/518
f 2795/272/518 1996/76/119 2797/271/1192
f 2797/271/1192 1996/76/119 2799/270/534
f 1996/76/119 1998/77/120 2799/270/534
f 2800/268/491 2798/269/535 2801/267/536
f 2798/269/535 1997/266/537 2801/267/536
f 2801/267/536 1997/266/537 2802/265/443
f 1997/266/537 1999/264/538 2802/265/443
f 2802/265/443 1999/264/538 2803/263/441
f 1999/264/538 2001/79/122 2803/263/441
f 2803/263/441 2001/79/122 2804/262/440
f 2001/79/122 2002/80/123 2804/262/440
f 2804/262/440 2002/80/123 2805/261/439
f 2002/80/123 2003/81/124 2805/261/439
f 2805/261/439 2003/81/124 2806/260/438
f 2807/30/51 2806/260/438 2808/259/730
f 2806/260/438 2003/81/124 2808/259/730
f 2003/81/124 2004/82/9 2808/259/730
f 2808/259/730 2004/82/9 2809/144/51
f 2004/82/9 2005/83/1122 2809/144/51
f 2005/83/1122 2006/84/126 2809/144/51
f 2810/235/542 2811/233/1193 2813/236/576
f 2813/236/576 2811/233/1193 2814/237/545
f 2811/233/1193 2815/231/546 2814/237/545
f 2814/237/545 2815/231/546 2816/238/547
f 2815/231/546 2817/229/548 2816/238/547
f 2816/238/547 2817/229/548 2818/239/549
f 2817/229/548 2819/227/361 2818/239/549
f 2818/239/549 2819/227/361 2820/240/578
f 2819/227/361 2809/144/51 2820/240/578
f 2809/144/51 2006/84/126 2820/240/578
f 2820/240/578 2006/84/126 2821/241/551
f 2006/84/126 2007/85/127 2821/241/551
f 2007/85/127 2050/124/349 2821/241/551
f 2821/241/551 2050/124/349 2822/242/552
f 2050/124/349 2051/125/51 2822/242/552
f 2822/242/552 2051/125/51 2823/243/570
f 2051/125/51 2824/244/361 2823/243/570
f 2823/243/570 2824/244/361 2825/245/566
f 2824/244/361 2826/246/555 2825/245/566
f 2825/245/566 2826/246/555 2828/247/556
f 2826/246/555 2829/248/557 2828/247/556
f 2828/247/556 2829/248/557 2831/249/558
f 2829/248/557 2832/250/354 2831/249/558
f 2831/249/558 2832/250/354 2834/251/559
f 2834/251/559 2832/250/354 2835/252/356
f 2835/252/356 2832/250/354 2837/253/560
f 2837/253/560 2832/250/354 2839/254/561
f 2832/250/354 2829/248/557 2839/254/561
f 2839/254/561 2829/248/557 2841/255/562
f 2829/248/557 2826/246/555 2841/255/562
f 2841/255/562 2826/246/555 2842/256/563
f 2826/246/555 2824/244/361 2842/256/563
f 2842/256/563 2824/244/361 2843/257/564
f 2824/244/361 2051/125/51 2843/257/564
f 2843/257/564 2051/125/51 2844/258/51
f 2051/125/51 2052/126/125 2844/258/51
f 2052/126/125 2053/127/160 2844/258/51
f 2054/127/160 2096/126/169 2845/258/51
f 2096/126/169 2097/125/51 2845/258/51
f 2845/258/51 2097/125/51 2846/257/570
f 2097/125/51 2847/244/361 2846/257/570
f 2846/257/570 2847/244/361 2848/256/566
f 2847/244/361 2849/246/555 2848/256/566
f 2848/256/566 2849/246/555 2851/255/556
f 2849/246/555 2852/248/557 2851/255/556
f 2851/255/556 2852/248/557 2854/254/558
f 2852/248/557 2855/250/354 2854/254/558
f 2854/254/558 2855/250/354 2857/253/355
f 2857/253/355 2855/250/354 2858/252/356
f 2858/252/356 2855/250/354 2860/251/560
f 2860/251/560 2855/250/354 2862/249/561
f 2855/250/354 2852/248/557 2862/249/561
f 2862/249/561 2852/248/557 2864/247/562
f 2852/248/557 2849/246/555 2864/247/562
f 2864/247/562 2849/246/555 2865/245/563
f 2849/246/555 2847/244/361 2865/245/563
f 2865/245/563 2847/244/361 2866/243/567
f 2847/244/361 2097/125/51 2866/243/567
f 2866/243/567 2097/125/51 2867/242/568
f 2097/125/51 2098/124/1122 2867/242/568
f 2098/124/1122 2099/123/170 2867/242/568
f 2099/123/170 2139/85/189 2867/242/568
f 2867/242/568 2139/85/189 2868/241/364
f 2139/85/189 2140/83/190 2868/241/364
f 2868/241/364 2140/83/190 2869/84/569
f 2140/83/190 2141/144/51 2869/84/569
f 2869/84/569 2141/144/51 2870/240/570
f 2141/144/51 2871/227/361 2870/240/570
f 2870/240/570 2871/227/361 2872/239/554
f 2871/227/361 2873/229/548 2872/239/554
f 2872/239/554 2873/229/548 2874/238/572
f 2873/229/548 2875/231/546 2874/238/572
f 2874/238/572 2875/231/546 2876/237/573
f 2875/231/546 2877/233/543 2876/237/573
f 2876/237/573 2877/233/543 2879/236/574
f 2879/236/574 2877/233/543 2880/235/575
f 2880/235/575 2877/233/543 2882/234/576
f 2882/234/576 2877/233/543 2883/232/545
f 2877/233/543 2875/231/546 2883/232/545
f 2883/232/545 2875/231/546 2884/230/547
f 2875/231/546 2873/229/548 2884/230/547
f 2884/230/547 2873/229/548 2885/228/549
f 2873/229/548 2871/227/361 2885/228/549
f 2885/228/549 2871/227/361 2886/226/578
f 2871/227/361 2141/144/51 2886/226/578
f 2141/144/51 2142/145/1126 2886/226/578
f 2886/226/578 2142/145/1126 2887/225/1194
f 2142/145/1126 2143/146/127 2887/225/1194
f 2143/146/127 2428/168/159 2887/225/1194
f 2887/225/1194 2428/168/159 2888/224/579
f 2428/168/159 2429/25/51 2888/224/579
f 2888/224/579 2429/25/51 2889/223/1195
f 2429/25/51 2444/207/361 2889/223/1195
f 2889/223/1195 2444/207/361 2890/222/554
f 2444/207/361 2430/196/350 2890/222/554
f 2430/196/350 2432/198/352 2890/222/554
f 2891/326/274 2890/222/554 2892/327/801
f 2890/222/554 2432/198/352 2892/327/801
f 2892/327/801 2432/198/352 2893/328/582
f 2432/198/352 2433/199/558 2893/328/582
f 2433/199/558 2436/201/559 2894/329/804
f 2894/329/804 2436/201/559 2895/330/584
f 2896/331/585 2435/332/1196 2897/333/586
f 2897/333/586 2435/332/1196 2898/334/587
f 2436/201/559 2437/202/356 2900/335/587
f 2900/335/587 2437/202/356 2901/336/588
f 2901/336/588 2437/202/356 2903/337/589
f 2437/202/356 2439/203/357 2903/337/589
f 2905/338/590 2903/337/589 2906/339/591
f 2903/337/589 2439/203/357 2906/339/591
f 2438/340/592 2440/341/593 2907/342/594
f 2907/342/594 2440/341/593 2908/343/595
f 2441/204/358 2442/205/359 2908/343/595
f 2908/343/595 2442/205/359 2909/344/596
f 2442/205/359 2443/206/360 2909/344/596
f 2909/344/596 2443/206/360 2910/345/597
f 2443/206/360 2445/208/362 2910/345/597
f 2910/345/597 2445/208/362 2911/346/598
f 2911/346/598 2445/208/362 2912/347/599
f 2445/208/362 2446/209/363 2912/347/599
f 2446/209/363 2447/210/364 2912/347/599
f 2913/348/600 2916/349/601 2917/350/602
f 2916/349/601 2920/351/603 2917/350/602
f 2917/350/602 2918/352/603 2921/353/604
f 2918/352/603 2923/354/605 2921/353/604
f 2921/353/604 2922/355/605 2924/356/1197
f 2922/355/605 2925/357/607 2924/356/1197
f 2924/356/1197 2925/357/607 2926/358/1198
f 2925/357/607 2927/359/1199 2926/358/1198
f 2926/358/1198 2927/359/1199 2928/360/1200
f 2927/359/1199 2929/361/384 2928/360/1200
f 2928/360/1200 2929/361/384 2930/362/1201
f 2929/361/384 2912/347/599 2930/362/1201
f 2912/347/599 2447/210/364 2930/362/1201
f 2930/362/1201 2447/210/364 2931/363/613
f 2447/210/364 2448/211/127 2931/363/613
f 2448/211/127 2461/220/663 2931/363/613
f 2461/220/663 2459/218/372 2931/363/613
f 2931/363/613 2459/218/372 2932/364/1202
f 2459/218/372 2457/216/1167 2932/364/1202
f 2932/364/1202 2457/216/1167 2933/365/615
f 2457/216/1167 2452/213/367 2933/365/615
f 2933/365/615 2452/213/367 2934/366/616
f 2451/367/617 2449/368/618 2935/369/619
f 2935/369/619 2449/368/618 2936/370/620
f 2939/371/621 2937/372/620 2941/373/622
f 2937/372/620 2450/212/366 2941/373/622
f 2450/212/366 2454/214/368 2941/373/622
f 2941/373/622 2454/214/368 2943/374/623
f 2945/375/624 2943/374/623 2946/376/625
f 2943/374/623 2454/214/368 2946/376/625
f 2453/377/1203 2455/378/369 2947/379/626
f 2947/379/626 2455/378/369 2948/380/627
f 2949/381/627 2456/215/369 2950/382/1204
f 2456/215/369 2458/217/371 2950/382/1204
f 2950/382/1204 2458/217/371 2951/383/629
f 2458/217/371 2460/219/1168 2951/383/629
f 2951/383/629 2460/219/1168 2952/384/630
f 2460/219/1168 2462/221/375 2952/384/630
f 2952/384/630 2462/221/375 2953/385/631
f 2462/221/375 2463/28/51 2953/385/631
f 2464/28/51 2478/221/385 2954/385/631
f 2954/385/631 2478/221/385 2955/384/632
f 2478/221/385 2476/219/383 2955/384/632
f 2955/384/632 2476/219/383 2956/383/1205
f 2476/219/383 2474/217/1169 2956/383/1205
f 2956/383/1205 2474/217/1169 2957/382/1206
f 2474/217/1169 2472/215/379 2957/382/1206
f 2957/382/1206 2472/215/379 2958/381/635
f 2959/380/635 2471/378/1207 2960/379/636
f 2471/378/1207 2467/377/377 2960/379/636
f 2963/375/637 2961/376/638 2965/374/639
f 2961/376/638 2468/214/377 2965/374/639
f 2965/374/639 2468/214/377 2967/373/640
f 2468/214/377 2466/212/376 2967/373/640
f 2969/371/641 2967/373/640 2970/372/642
f 2967/373/640 2466/212/376 2970/372/642
f 2971/370/642 2465/368/643 2972/369/644
f 2465/368/643 2469/367/645 2972/369/644
f 2973/366/646 2470/213/378 2974/365/647
f 2470/213/378 2473/216/380 2974/365/647
f 2974/365/647 2473/216/380 2975/364/1208
f 2473/216/380 2475/218/382 2975/364/1208
f 2975/364/1208 2475/218/382 2976/363/649
f 2475/218/382 2477/220/384 2976/363/649
f 2477/220/384 2479/211/386 2976/363/649
f 2479/211/386 2480/210/1170 2976/363/649
f 2976/363/649 2480/210/1170 2977/362/650
f 2978/348/651 2979/350/652 2982/349/653
f 2982/349/653 2979/350/652 2983/351/654
f 2979/350/652 2986/353/655 2985/352/654
f 2985/352/654 2986/353/655 2987/354/656
f 2986/353/655 2989/356/1209 2988/355/658
f 2988/355/658 2989/356/1209 2990/357/659
f 2989/356/1209 2991/358/660 2990/357/659
f 2990/357/659 2991/358/660 2992/359/661
f 2991/358/660 2993/360/662 2992/359/661
f 2992/359/661 2993/360/662 2994/361/663
f 2993/360/662 2977/362/650 2994/361/663
f 2994/361/663 2977/362/650 2995/347/664
f 2977/362/650 2480/210/1170 2995/347/664
f 2480/210/1170 2481/209/363 2995/347/664
f 2481/209/363 2482/208/389 2995/347/664
f 2995/347/664 2482/208/389 2996/346/665
f 2996/346/665 2482/208/389 2997/345/666
f 2482/208/389 2484/206/391 2997/345/666
f 2997/345/666 2484/206/391 2998/344/667
f 2484/206/391 2486/205/393 2998/344/667
f 2998/344/667 2486/205/393 2999/343/668
f 2486/205/393 2489/204/395 2999/343/668
f 2999/343/668 2488/341/669 3000/342/670
f 2488/341/669 2491/340/1210 3000/342/670
f 3003/338/672 3001/339/673 3005/337/674
f 3001/339/673 2492/203/397 3005/337/674
f 2492/203/397 2493/202/737 3005/337/674
f 3005/337/674 2493/202/737 3006/336/675
f 3006/336/675 2493/202/737 3007/335/676
f 2493/202/737 2495/201/399 3007/335/676
f 3009/334/677 2494/332/1211 3010/333/678
f 3010/333/678 2494/332/1211 3011/331/679
f 3012/330/1212 2495/201/399 3013/329/681
f 2495/201/399 2496/199/1171 3013/329/681
f 2496/199/1171 2497/198/401 3014/328/682
f 3014/328/682 2497/198/401 3015/327/719
f 2497/198/401 2498/222/430 3015/327/719
f 3015/327/719 2498/222/430 3016/326/187
f 3016/326/187 2498/222/430 3017/386/168
f 2498/222/430 2499/223/403 3017/386/168
f 2499/223/403 2500/224/404 3017/386/168
f 2500/224/404 2501/225/1172 3017/386/168
f 3017/386/168 2501/225/1172 3018/387/685
f 2501/225/1172 2502/226/406 3018/387/685
f 3018/387/685 2502/226/406 3019/388/686
f 2502/226/406 2504/228/436 3019/388/686
f 3019/388/686 2504/228/436 3020/389/1213
f 3020/389/1213 2504/228/436 3021/390/688
f 2504/228/436 2506/230/409 3021/390/688
f 3021/390/688 2506/230/409 3022/391/689
f 2506/230/409 2508/232/411 3022/391/689
f 2508/232/411 2511/234/413 3023/392/690
f 3023/392/690 2511/234/413 3024/393/691
f 3026/394/692 3025/395/691 3027/396/693
f 3025/395/691 2510/397/413 3027/396/693
f 2511/234/413 2512/235/414 3029/398/694
f 3029/398/694 2512/235/414 3030/399/675
f 3030/399/675 2512/235/414 3031/400/696
f 2512/235/414 2514/236/415 3031/400/696
f 3033/401/696 2513/402/1214 3034/403/698
f 3034/403/698 2513/402/1214 3035/404/699
f 3036/405/700 2514/236/415 3037/406/702
f 2514/236/415 2515/237/416 3037/406/702
f 2515/237/416 2516/238/417 3038/407/702
f 3038/407/702 2516/238/417 3039/408/1215
f 2516/238/417 2517/239/402 3039/408/1215
f 3039/408/1215 2517/239/402 3040/409/1216
f 3040/409/1216 2517/239/402 3041/410/348
f 2517/239/402 2518/240/418 3041/410/348
f 2518/240/418 2519/84/1173 3041/410/348
f 3041/410/348 2519/84/1173 3042/411/705
f 2519/84/1173 2520/241/420 3042/411/705
f 2520/241/420 2521/242/421 3042/411/705
f 2521/242/421 2522/243/422 3042/411/705
f 3042/411/705 2522/243/422 3043/412/706
f 2522/243/422 2524/245/1174 3043/412/706
f 3043/412/706 2524/245/1174 3044/413/1217
f 3044/413/1217 2524/245/1174 3045/414/708
f 2524/245/1174 2527/247/425 3045/414/708
f 3045/414/708 2526/415/709 3046/416/710
f 2526/415/709 2529/417/711 3046/416/710
f 2530/249/427 2533/251/1176 3047/418/712
f 3047/418/712 2533/251/1176 3048/419/713
f 3050/420/714 3049/421/715 3051/422/716
f 3049/421/715 2532/423/428 3051/422/716
f 2533/251/1176 2534/252/398 3053/424/716
f 3053/424/716 2534/252/398 3054/425/675
f 3054/425/675 2534/252/398 3055/426/717
f 2534/252/398 2536/253/429 3055/426/717
f 3057/427/676 2535/428/429 3058/429/678
f 3058/429/678 2535/428/429 3059/430/679
f 3060/431/1212 2536/253/429 3061/432/681
f 2536/253/429 2538/254/400 3061/432/681
f 2537/433/400 2539/434/718 3062/435/1218
f 3062/435/1218 2539/434/718 3063/436/719
f 2540/255/401 2541/256/430 3063/436/719
f 3063/436/719 2541/256/430 3064/437/187
f 3064/437/187 2541/256/430 3065/438/158
f 2541/256/430 2542/257/1177 3065/438/158
f 3065/438/158 2542/257/1177 3066/439/160
f 2542/257/1177 2543/258/51 3066/439/160
f 2544/258/51 2545/257/432 3067/439/160
f 3067/439/160 2545/257/432 3068/438/686
f 2545/257/432 2547/256/423 3068/438/686
f 3068/438/686 2547/256/423 3069/437/707
f 3069/437/707 2547/256/423 3070/436/1219
f 2547/256/423 2550/255/425 3070/436/1219
f 3070/436/1219 2549/434/709 3071/435/720
f 2549/434/709 2552/433/711 3071/435/720
f 2553/254/427 2556/253/428 3072/432/712
f 3072/432/712 2556/253/428 3073/431/713
f 3075/429/714 3074/430/715 3076/427/716
f 3074/430/715 2555/428/428 3076/427/716
f 2556/253/428 2557/252/398 3078/426/716
f 3078/426/716 2557/252/398 3079/425/675
f 3079/425/675 2557/252/398 3080/424/676
f 2557/252/398 2559/251/429 3080/424/676
f 3082/422/677 2558/423/429 3083/420/678
f 3083/420/678 2558/423/429 3084/421/679
f 3085/419/680 2559/251/429 3086/418/681
f 2559/251/429 2561/249/400 3086/418/681
f 2560/417/400 2562/415/718 3087/416/682
f 3087/416/682 2562/415/718 3088/414/719
f 2563/247/401 2564/245/430 3088/414/719
f 3088/414/719 2564/245/430 3089/413/187
f 3089/413/187 2564/245/430 3090/412/168
f 2564/245/430 2565/243/403 3090/412/168
f 2565/243/403 2566/242/404 3090/412/168
f 2566/242/404 2567/241/1172 3090/412/168
f 3090/412/168 2567/241/1172 3091/411/685
f 2567/241/1172 2568/240/406 3091/411/685
f 3091/411/685 2568/240/406 3092/410/686
f 2568/240/406 2577/239/407 3092/410/686
f 3092/410/686 2577/239/407 3093/409/1213
f 3093/409/1213 2577/239/407 3094/408/722
f 2577/239/407 2575/238/409 3094/408/722
f 3094/408/722 2575/238/409 3095/407/689
f 2575/238/409 2573/237/411 3095/407/689
f 2573/237/411 2571/236/413 3096/406/690
f 3096/406/690 2571/236/413 3097/405/723
f 3099/403/1220 3098/404/691 3100/401/693
f 3098/404/691 2570/402/413 3100/401/693
f 2571/236/413 2569/235/414 3102/400/693
f 3102/400/693 2569/235/414 3103/399/675
f 3103/399/675 2569/235/414 3105/440/725
f 3105/440/725 2569/235/414 3107/441/726
f 2569/235/414 2572/233/412 3107/441/726
f 3107/441/726 2572/233/412 3108/442/1221
f 2572/233/412 2574/231/410 3108/442/1221
f 3108/442/1221 2574/231/410 3109/443/728
f 2574/231/410 2576/229/435 3109/443/728
f 3109/443/728 2576/229/435 3110/444/729
f 2576/229/435 2578/227/390 3110/444/729
f 3110/444/729 2578/227/390 3111/445/730
f 2578/227/390 2579/144/48 3111/445/730
f 3111/445/730 2579/144/48 3112/225/459
f 2579/144/48 2580/259/437 3112/225/459
f 2580/259/437 1975/30/56 3112/225/459
f 1975/30/56 1919/24/1114 3112/225/459
f 1919/24/1114 1920/25/48 3112/225/459
f 3112/225/459 1920/25/48 3113/446/731
f 1920/25/48 3114/207/390 3113/446/731
f 3113/446/731 3114/207/390 3115/447/732
f 3114/207/390 3116/196/1222 3115/447/732
f 3115/447/732 3116/196/1222 3117/448/733
f 3116/196/1222 3118/197/426 3117/448/733
f 3117/448/733 3118/197/426 3119/449/1223
f 3118/197/426 3120/200/735 3119/449/1223
f 3119/449/1223 3120/200/735 3122/450/736
f 3120/200/735 3123/202/398 3122/450/736
f 3122/450/736 3123/202/398 3125/451/738
f 3125/451/738 3123/202/398 3126/336/675
f 3126/336/675 3123/202/398 3128/452/739
f 3128/452/739 3123/202/398 3130/453/740
f 3123/202/398 3120/200/735 3130/453/740
f 3130/453/740 3120/200/735 3131/454/741
f 3120/200/735 3118/197/426 3131/454/741
f 3131/454/741 3118/197/426 3132/455/742
f 3118/197/426 3116/196/1222 3132/455/742
f 3132/455/742 3116/196/1222 3133/456/1224
f 3116/196/1222 3114/207/390 3133/456/1224
f 3133/456/1224 3114/207/390 3134/457/1225
f 3114/207/390 1920/25/48 3134/457/1225
f 3134/457/1225 1920/25/48 3135/210/51
f 1920/25/48 1921/26/49 3135/210/51
f 1921/26/49 1923/28/51 3135/210/51
f 3135/210/51 1923/28/51 3136/458/745
f 3138/459/746 3140/460/747 3142/461/748
f 3140/460/747 3144/462/749 3142/461/748
f 3144/462/749 3146/463/750 3142/461/748
f 3142/461/748 3146/463/750 3148/464/751
f 3146/463/750 3149/465/752 3148/464/751
f 3148/464/751 3149/465/752 3150/466/753
f 3149/465/752 3151/467/1226 3150/466/753
f 3150/466/753 3151/467/1226 3152/468/1227
f 3151/467/1226 3136/458/745 3152/468/1227
f 3152/468/1227 3136/458/745 3153/469/756
f 3136/458/745 1923/28/51 3153/469/756
f 3153/469/756 1923/28/51 3154/470/758
f 3155/470/1228 1924/28/51 3156/469/759
f 3158/459/760 3160/461/761 3162/460/762
f 3162/460/762 3160/461/761 3164/462/763
f 3164/462/763 3160/461/761 3166/463/764
f 3160/461/761 3168/464/765 3166/463/764
f 3166/463/764 3168/464/765 3169/465/766
f 3168/464/765 3170/466/767 3169/465/766
f 3169/465/766 3170/466/767 3171/467/1229
f 3170/466/767 3172/468/769 3171/467/1229
f 3171/467/1229 3172/468/769 3173/458/1230
f 3172/468/769 3156/469/759 3173/458/1230
f 3173/458/1230 3156/469/759 3174/210/51
f 3156/469/759 1924/28/51 3174/210/51
f 1924/28/51 1928/26/54 3174/210/51
f 1928/26/54 1929/25/51 3174/210/51
f 3174/210/51 1929/25/51 3175/457/771
f 1929/25/51 3176/207/361 3175/457/771
f 3175/457/771 3176/207/361 3177/456/772
f 3176/207/361 3178/196/350 3177/456/772
f 3177/456/772 3178/196/350 3179/455/1231
f 3178/196/350 3180/197/351 3179/455/1231
f 3179/455/1231 3180/197/351 3181/454/774
f 3180/197/351 3182/200/354 3181/454/774
f 3181/454/774 3182/200/354 3184/453/775
f 3182/200/354 3185/202/356 3184/453/775
f 3184/453/775 3185/202/356 3187/452/776
f 3187/452/776 3185/202/356 3188/336/588
f 3188/336/588 3185/202/356 3190/451/777
f 3190/451/777 3185/202/356 3192/450/1232
f 3185/202/356 3182/200/354 3192/450/1232
f 3192/450/1232 3182/200/354 3193/449/1233
f 3182/200/354 3180/197/351 3193/449/1233
f 3193/449/1233 3180/197/351 3194/448/780
f 3180/197/351 3178/196/350 3194/448/780
f 3194/448/780 3178/196/350 3195/447/1234
f 3178/196/350 3176/207/361 3195/447/1234
f 3195/447/1234 3176/207/361 3196/446/782
f 3176/207/361 1929/25/51 3196/446/782
f 3196/446/782 1929/25/51 3197/225/459
f 1929/25/51 1930/24/55 3197/225/459
f 1930/24/55 2807/30/51 3197/225/459
f 2807/30/51 2808/259/730 3197/225/459
f 2808/259/730 2809/144/51 3197/225/459
f 3197/225/459 2809/144/51 3198/445/783
f 2809/144/51 2819/227/361 3198/445/783
f 3198/445/783 2819/227/361 3199/444/784
f 2819/227/361 2817/229/548 3199/444/784
f 3199/444/784 2817/229/548 3200/443/1235
f 2817/229/548 2815/231/546 3200/443/1235
f 3200/443/1235 2815/231/546 3201/442/1236
f 2815/231/546 2811/233/1193 3201/442/1236
f 3201/442/1236 2811/233/1193 3203/441/787
f 2811/233/1193 2810/235/542 3203/441/787
f 3203/441/787 2810/235/542 3205/440/788
f 3205/440/788 2810/235/542 3206/399/1237
f 3206/399/1237 2810/235/542 3207/400/790
f 2810/235/542 2813/236/576 3207/400/790
f 3210/403/831 3209/401/792 3211/404/793
f 3209/401/792 2812/402/1238 3211/404/793
f 3212/405/794 2813/236/576 3213/406/796
f 2813/236/576 2814/237/545 3213/406/796
f 2814/237/545 2816/238/547 3214/407/796
f 3214/407/796 2816/238/547 3215/408/833
f 2816/238/547 2818/239/549 3215/408/833
f 3215/408/833 2818/239/549 3216/409/798
f 3216/409/798 2818/239/549 3217/410/250
f 2818/239/549 2820/240/578 3217/410/250
f 3217/410/250 2820/240/578 3218/411/799
f 2820/240/578 2821/241/551 3218/411/799
f 3218/411/799 2821/241/551 3219/412/258
f 2821/241/551 2822/242/552 3219/412/258
f 2822/242/552 2823/243/570 3219/412/258
f 2823/243/570 2825/245/566 3219/412/258
f 3219/412/258 2825/245/566 3220/413/1239
f 3220/413/1239 2825/245/566 3221/414/581
f 2825/245/566 2828/247/556 3221/414/581
f 3221/414/581 2827/415/802 3222/416/582
f 2827/415/802 2830/417/558 3222/416/582
f 2831/249/558 2834/251/559 3223/418/804
f 3223/418/804 2834/251/559 3224/419/584
f 3225/421/585 2833/423/1196 3226/420/586
f 3226/420/586 2833/423/1196 3227/422/587
f 2834/251/559 2835/252/356 3229/424/587
f 3229/424/587 2835/252/356 3230/425/588
f 3230/425/588 2835/252/356 3231/426/805
f 2835/252/356 2837/253/560 3231/426/805
f 3234/429/806 3233/427/807 3235/430/808
f 3233/427/807 2836/428/560 3235/430/808
f 3236/431/1240 2837/253/560 3237/432/811
f 2837/253/560 2839/254/561 3237/432/811
f 2838/433/1241 2840/434/812 3238/435/1242
f 3238/435/1242 2840/434/812 3239/436/814
f 2841/255/562 2842/256/563 3239/436/814
f 3239/436/814 2842/256/563 3240/437/214
f 3240/437/214 2842/256/563 3241/438/250
f 2842/256/563 2843/257/564 3241/438/250
f 3241/438/250 2843/257/564 3242/439/251
f 2843/257/564 2844/258/51 3242/439/251
f 2845/258/51 2846/257/570 3243/439/251
f 3243/439/251 2846/257/570 3244/438/230
f 2846/257/570 2848/256/566 3244/438/230
f 3244/438/230 2848/256/566 3245/437/580
f 3245/437/580 2848/256/566 3246/436/581
f 2848/256/566 2851/255/556 3246/436/581
f 3246/436/581 2850/434/802 3247/435/816
f 2850/434/802 2853/433/558 3247/435/816
f 2854/254/558 2857/253/355 3248/432/804
f 3248/432/804 2857/253/355 3249/431/584
f 3250/430/585 2856/428/1243 3251/429/586
f 3251/429/586 2856/428/1243 3252/427/587
f 2857/253/355 2858/252/356 3254/426/587
f 3254/426/587 2858/252/356 3255/425/588
f 3255/425/588 2858/252/356 3256/424/807
f 2858/252/356 2860/251/560 3256/424/807
f 3259/420/806 3258/422/807 3260/421/808
f 3258/422/807 2859/423/560 3260/421/808
f 3261/419/1240 2860/251/560 3262/418/811
f 2860/251/560 2862/249/561 3262/418/811
f 2861/417/1241 2863/415/1244 3263/416/813
f 3263/416/813 2863/415/1244 3264/414/814
f 2864/247/562 2865/245/563 3264/414/814
f 3264/414/814 2865/245/563 3265/413/818
f 3265/413/818 2865/245/563 3266/412/819
f 2865/245/563 2866/243/567 3266/412/819
f 3266/412/819 2866/243/567 3267/411/820
f 2866/243/567 2867/242/568 3267/411/820
f 2867/242/568 2868/241/364 3267/411/820
f 2868/241/364 2869/84/569 3267/411/820
f 3267/411/820 2869/84/569 3268/410/821
f 2869/84/569 2870/240/570 3268/410/821
f 2870/240/570 2872/239/554 3268/410/821
f 3268/410/821 2872/239/554 3269/409/822
f 3269/409/822 2872/239/554 3270/408/1245
f 2872/239/554 2874/238/572 3270/408/1245
f 3270/408/1245 2874/238/572 3271/407/824
f 2874/238/572 2876/237/573 3271/407/824
f 2876/237/573 2879/236/574 3272/406/824
f 3272/406/824 2879/236/574 3273/405/826
f 3274/404/826 2878/402/827 3275/403/828
f 3275/403/828 2878/402/827 3276/401/829
f 2879/236/574 2880/235/575 3278/400/830
f 3278/400/830 2880/235/575 3279/399/789
f 3279/399/789 2880/235/575 3280/398/792
f 2880/235/575 2882/234/576 3280/398/792
f 3283/394/831 3282/396/792 3284/395/832
f 3282/396/792 2881/397/1238 3284/395/832
f 3285/393/793 2882/234/576 3286/392/795
f 2882/234/576 2883/232/545 3286/392/795
f 2883/232/545 2884/230/547 3287/391/796
f 3287/391/796 2884/230/547 3288/390/833
f 2884/230/547 2885/228/549 3288/390/833
f 3288/390/833 2885/228/549 3289/389/798
f 3289/389/798 2885/228/549 3290/388/1246
f 2885/228/549 2886/226/578 3290/388/1246
f 3290/388/1246 2886/226/578 3291/387/799
f 2886/226/578 2887/225/1194 3291/387/799
f 3291/387/799 2887/225/1194 3292/386/258
f 2887/225/1194 2888/224/579 3292/386/258
f 2888/224/579 2889/223/1195 3292/386/258
f 2889/223/1195 2890/222/554 3292/386/258
f 2890/222/554 2891/326/274 3292/386/258
f 3292/386/258 2891/326/274 3293/471/460
f 3293/471/460 2891/326/274 3294/472/1247
f 2891/326/274 2892/327/801 3294/472/1247
f 3294/472/1247 2892/327/801 3295/473/836
f 2892/327/801 2893/328/582 3295/473/836
f 3295/473/836 2893/328/582 3296/474/837
f 2893/328/582 2896/331/585 3296/474/837
f 3296/474/837 2896/331/585 3297/475/1099
f 2896/331/585 2897/333/586 3297/475/1099
f 3297/475/1099 2897/333/586 3298/476/839
f 3299/477/1248 3298/476/839 3300/478/1092
f 3298/476/839 2897/333/586 3300/478/1092
f 2897/333/586 2899/479/1093 3300/478/1092
f 3300/478/1092 2899/479/1093 3302/480/1094
f 2900/335/587 2901/336/588 3301/481/842
f 3301/481/842 2901/336/588 3303/482/843
f 3303/482/843 2901/336/588 3305/483/844
f 2901/336/588 2903/337/589 3305/483/844
f 3304/484/845 2902/485/589 3306/486/846
f 2902/485/589 2904/487/847 3306/486/846
f 3307/488/848 3306/486/846 3308/489/849
f 3306/486/846 2904/487/847 3308/489/849
f 3308/489/849 2904/487/847 3309/490/850
f 2904/487/847 2907/342/594 3309/490/850
f 3309/490/850 2907/342/594 3310/491/851
f 2907/342/594 2908/343/595 3310/491/851
f 3310/491/851 2908/343/595 3311/492/852
f 2908/343/595 2909/344/596 3311/492/852
f 3311/492/852 2909/344/596 3312/493/1000
f 2909/344/596 2910/345/597 3312/493/1000
f 3312/493/1000 2910/345/597 3313/494/920
f 2910/345/597 2911/346/598 3313/494/920
f 3313/494/920 2911/346/598 3314/495/855
f 2911/346/598 2912/347/599 3314/495/855
f 2912/347/599 2929/361/384 3314/495/855
f 3314/495/855 2929/361/384 3315/496/919
f 2929/361/384 2927/359/1199 3315/496/919
f 3315/496/919 2927/359/1199 3316/497/918
f 2927/359/1199 2925/357/607 3316/497/918
f 3316/497/918 2925/357/607 3317/498/917
f 2925/357/607 2922/355/605 3317/498/917
f 3317/498/917 2922/355/605 3318/499/859
f 2922/355/605 2919/500/860 3318/499/859
f 3318/499/859 2919/500/860 3319/501/1249
f 2919/500/860 2914/502/862 3319/501/1249
f 3319/501/1249 2914/502/862 3320/503/1250
f 3320/503/1250 2914/502/862 3321/504/864
f 3321/504/864 2914/502/862 3323/505/865
f 2915/506/866 2913/348/600 3322/507/867
f 3322/507/867 2913/348/600 3324/508/868
f 3325/509/869 3324/508/868 3326/510/870
f 3324/508/868 2913/348/600 3326/510/870
f 3326/510/870 2913/348/600 3327/511/1251
f 2913/348/600 2917/350/602 3327/511/1251
f 3327/511/1251 2917/350/602 3328/512/872
f 2917/350/602 2921/353/604 3328/512/872
f 3328/512/872 2921/353/604 3329/513/873
f 2921/353/604 2924/356/1197 3329/513/873
f 3329/513/873 2924/356/1197 3330/514/571
f 2924/356/1197 2926/358/1198 3330/514/571
f 3330/514/571 2926/358/1198 3331/515/361
f 2926/358/1198 2928/360/1200 3331/515/361
f 3331/515/361 2928/360/1200 3332/516/51
f 2928/360/1200 2930/362/1201 3332/516/51
f 2930/362/1201 2931/363/613 3332/516/51
f 3332/516/51 2931/363/613 3333/517/9
f 2931/363/613 2932/364/1202 3333/517/9
f 3333/517/9 2932/364/1202 3334/518/7
f 2932/364/1202 2933/365/615 3334/518/7
f 3334/518/7 2933/365/615 3335/519/5
f 2933/365/615 2934/366/616 3335/519/5
f 3335/519/5 2934/366/616 3337/520/2
f 2935/369/619 2936/370/620 3336/521/875
f 3336/521/875 2936/370/620 3338/522/102
f 2936/370/620 2938/523/876 3338/522/102
f 3338/522/102 2938/523/876 3339/524/877
f 3340/525/68 3339/524/877 3341/526/878
f 3339/524/877 2938/523/876 3341/526/878
f 3341/526/878 2938/523/876 3343/527/879
f 2938/523/876 2940/528/622 3343/527/879
f 2941/373/622 2943/374/623 3342/529/880
f 3342/529/880 2943/374/623 3345/530/1252
f 3344/531/882 2942/532/1253 3346/533/884
f 2942/532/1253 2944/534/885 3346/533/884
f 3346/533/884 2944/534/885 3347/535/72
f 3347/535/72 2944/534/885 3348/536/886
f 3348/536/886 2944/534/885 3349/537/887
f 2944/534/885 2947/379/626 3349/537/887
f 3349/537/887 2947/379/626 3351/538/888
f 2947/379/626 2948/380/627 3351/538/888
f 3350/539/888 2949/381/627 3352/540/79
f 2949/381/627 2950/382/1204 3352/540/79
f 3352/540/79 2950/382/1204 3353/541/889
f 2950/382/1204 2951/383/629 3353/541/889
f 3353/541/889 2951/383/629 3354/542/1119
f 2951/383/629 2952/384/630 3354/542/1119
f 3354/542/1119 2952/384/630 3356/543/51
f 2952/384/630 2953/385/631 3356/543/51
f 2954/385/631 2955/384/632 3355/543/51
f 3355/543/51 2955/384/632 3357/542/82
f 2955/384/632 2956/383/1205 3357/542/82
f 3357/542/82 2956/383/1205 3358/541/83
f 2956/383/1205 2957/382/1206 3358/541/83
f 3358/541/83 2957/382/1206 3359/540/84
f 2957/382/1206 2958/381/635 3359/540/84
f 3359/540/84 2958/381/635 3361/539/890
f 2959/380/635 2960/379/636 3360/538/890
f 3360/538/890 2960/379/636 3362/537/891
f 2960/379/636 2962/534/892 3362/537/891
f 3362/537/891 2962/534/892 3363/536/893
f 3363/536/893 2962/534/892 3364/535/90
f 3364/535/90 2962/534/892 3365/533/894
f 2962/534/892 2964/532/895 3365/533/894
f 3365/533/894 2964/532/895 3367/531/896
f 3366/530/896 2965/374/639 3369/529/897
f 2965/374/639 2967/373/640 3369/529/897
f 2966/528/640 2968/523/898 3368/527/899
f 3368/527/899 2968/523/898 3370/526/1254
f 3371/525/471 3370/526/1254 3372/524/901
f 3370/526/1254 2968/523/898 3372/524/901
f 3372/524/901 2968/523/898 3373/522/223
f 2968/523/898 2971/370/642 3373/522/223
f 3373/522/223 2971/370/642 3375/521/221
f 2971/370/642 2972/369/644 3375/521/221
f 3374/520/902 2973/366/646 3376/519/28
f 2973/366/646 2974/365/647 3376/519/28
f 3376/519/28 2974/365/647 3377/518/30
f 2974/365/647 2975/364/1208 3377/518/30
f 3377/518/30 2975/364/1208 3378/517/31
f 2975/364/1208 2976/363/649 3378/517/31
f 3378/517/31 2976/363/649 3379/516/48
f 2976/363/649 2977/362/650 3379/516/48
f 2977/362/650 2993/360/662 3379/516/48
f 3379/516/48 2993/360/662 3380/515/390
f 2993/360/662 2991/358/660 3380/515/390
f 3380/515/390 2991/358/660 3381/514/435
f 2991/358/660 2989/356/1209 3381/514/435
f 3381/514/435 2989/356/1209 3382/513/903
f 2989/356/1209 2986/353/655 3382/513/903
f 3382/513/903 2986/353/655 3383/512/904
f 2986/353/655 2979/350/652 3383/512/904
f 3383/512/904 2979/350/652 3384/511/905
f 2979/350/652 2978/348/651 3384/511/905
f 3384/511/905 2978/348/651 3385/510/906
f 3386/509/907 3385/510/906 3387/508/908
f 3385/510/906 2978/348/651 3387/508/908
f 3387/508/908 2978/348/651 3389/507/909
f 2978/348/651 2980/506/653 3389/507/909
f 3388/505/910 2981/502/911 3390/504/864
f 3390/504/864 2981/502/911 3391/503/913
f 3391/503/913 2981/502/911 3392/501/914
f 2981/502/911 2984/500/654 3392/501/914
f 3392/501/914 2984/500/654 3393/499/1255
f 2984/500/654 2988/355/658 3393/499/1255
f 3393/499/1255 2988/355/658 3394/498/858
f 2988/355/658 2990/357/659 3394/498/858
f 3394/498/858 2990/357/659 3395/497/918
f 2990/357/659 2992/359/661 3395/497/918
f 3395/497/918 2992/359/661 3396/496/1256
f 2992/359/661 2994/361/663 3396/496/1256
f 3396/496/1256 2994/361/663 3397/495/855
f 2994/361/663 2995/347/664 3397/495/855
f 2995/347/664 2996/346/665 3397/495/855
f 3397/495/855 2996/346/665 3398/494/1257
f 2996/346/665 2997/345/666 3398/494/1257
f 3398/494/1257 2997/345/666 3399/493/853
f 2997/345/666 2998/344/667 3399/493/853
f 3399/493/853 2998/344/667 3400/492/922
f 2998/344/667 2999/343/668 3400/492/922
f 3400/492/922 2999/343/668 3401/491/923
f 2999/343/668 3000/342/670 3401/491/923
f 3401/491/923 3000/342/670 3402/490/924
f 3000/342/670 3002/487/925 3402/490/924
f 3402/490/924 3002/487/925 3403/489/926
f 3404/488/848 3403/489/926 3405/486/927
f 3403/489/926 3002/487/925 3405/486/927
f 3002/487/925 3004/485/928 3405/486/927
f 3405/486/927 3004/485/928 3407/484/929
f 3005/337/674 3006/336/675 3406/483/930
f 3406/483/930 3006/336/675 3408/482/931
f 3408/482/931 3006/336/675 3410/481/932
f 3006/336/675 3007/335/676 3410/481/932
f 3409/480/933 3008/479/677 3411/478/934
f 3008/479/677 3010/333/678 3411/478/934
f 3412/477/1248 3411/478/934 3413/476/935
f 3411/478/934 3010/333/678 3413/476/935
f 3413/476/935 3010/333/678 3414/475/966
f 3010/333/678 3011/331/679 3414/475/966
f 3414/475/966 3011/331/679 3415/474/837
f 3011/331/679 3014/328/682 3415/474/837
f 3415/474/837 3014/328/682 3416/473/836
f 3014/328/682 3015/327/719 3416/473/836
f 3416/473/836 3015/327/719 3417/472/937
f 3015/327/719 3016/326/187 3417/472/937
f 3417/472/937 3016/326/187 3418/471/460
f 3016/326/187 3017/386/168 3418/471/460
f 3418/471/460 3017/386/168 3419/544/459
f 3017/386/168 3018/387/685 3419/544/459
f 3018/387/685 3019/388/686 3419/544/459
f 3419/544/459 3019/388/686 3420/545/458
f 3019/388/686 3020/389/1213 3420/545/458
f 3420/545/458 3020/389/1213 3421/546/101
f 3020/389/1213 3021/390/688 3421/546/101
f 3421/546/101 3021/390/688 3422/547/938
f 3021/390/688 3022/391/689 3422/547/938
f 3422/547/938 3022/391/689 3423/548/939
f 3022/391/689 3025/395/691 3423/548/939
f 3423/548/939 3025/395/691 3424/549/940
f 3025/395/691 3026/394/692 3424/549/940
f 3424/549/940 3026/394/692 3425/550/941
f 3426/551/942 3425/550/941 3427/552/943
f 3425/550/941 3026/394/692 3427/552/943
f 3026/394/692 3028/553/693 3427/552/943
f 3427/552/943 3028/553/693 3429/554/944
f 3029/398/694 3030/399/675 3428/555/945
f 3428/555/945 3030/399/675 3430/556/946
f 3430/556/946 3030/399/675 3432/557/947
f 3030/399/675 3031/400/696 3432/557/947
f 3431/558/948 3032/559/949 3433/560/1258
f 3032/559/949 3034/403/698 3433/560/1258
f 3433/560/1258 3034/403/698 3434/561/864
f 3434/561/864 3034/403/698 3435/562/951
f 3435/562/951 3034/403/698 3436/563/976
f 3034/403/698 3035/404/699 3436/563/976
f 3436/563/976 3035/404/699 3437/564/953
f 3035/404/699 3038/407/702 3437/564/953
f 3437/564/953 3038/407/702 3438/565/979
f 3038/407/702 3039/408/1215 3438/565/979
f 3438/565/979 3039/408/1215 3439/566/439
f 3039/408/1215 3040/409/1216 3439/566/439
f 3439/566/439 3040/409/1216 3440/567/490
f 3040/409/1216 3041/410/348 3440/567/490
f 3440/567/490 3041/410/348 3441/568/56
f 3041/410/348 3042/411/705 3441/568/56
f 3042/411/705 3043/412/706 3441/568/56
f 3441/568/56 3043/412/706 3442/569/57
f 3043/412/706 3044/413/1217 3442/569/57
f 3442/569/57 3044/413/1217 3443/570/1259
f 3044/413/1217 3045/414/708 3443/570/1259
f 3443/570/1259 3045/414/708 3444/571/59
f 3045/414/708 3046/416/710 3444/571/59
f 3444/571/59 3046/416/710 3445/572/956
f 3046/416/710 3049/421/715 3445/572/956
f 3445/572/956 3049/421/715 3446/573/957
f 3049/421/715 3050/420/714 3446/573/957
f 3446/573/957 3050/420/714 3447/574/985
f 3448/575/474 3447/574/985 3449/576/958
f 3447/574/985 3050/420/714 3449/576/958
f 3050/420/714 3052/577/716 3449/576/958
f 3449/576/958 3052/577/716 3451/578/960
f 3053/424/716 3054/425/675 3450/579/961
f 3450/579/961 3054/425/675 3452/580/962
f 3452/580/962 3054/425/675 3454/581/932
f 3054/425/675 3055/426/717 3454/581/932
f 3453/582/963 3056/583/676 3455/584/1260
f 3056/583/676 3058/429/678 3455/584/1260
f 3456/585/1261 3455/584/1260 3457/586/965
f 3455/584/1260 3058/429/678 3457/586/965
f 3457/586/965 3058/429/678 3458/587/936
f 3058/429/678 3059/430/679 3458/587/936
f 3458/587/936 3059/430/679 3459/588/837
f 3059/430/679 3062/435/1218 3459/588/837
f 3459/588/837 3062/435/1218 3460/589/836
f 3062/435/1218 3063/436/719 3460/589/836
f 3460/589/836 3063/436/719 3461/590/937
f 3063/436/719 3064/437/187 3461/590/937
f 3461/590/937 3064/437/187 3462/591/968
f 3064/437/187 3065/438/158 3462/591/968
f 3462/591/968 3065/438/158 3464/592/48
f 3065/438/158 3066/439/160 3464/592/48
f 3067/439/160 3068/438/686 3463/592/51
f 3463/592/51 3068/438/686 3465/591/480
f 3068/438/686 3069/437/707 3465/591/480
f 3465/591/480 3069/437/707 3466/590/1259
f 3069/437/707 3070/436/1219 3466/590/1259
f 3466/590/1259 3070/436/1219 3467/589/969
f 3070/436/1219 3071/435/720 3467/589/969
f 3467/589/969 3071/435/720 3468/588/956
f 3071/435/720 3074/430/715 3468/588/956
f 3468/588/956 3074/430/715 3469/587/957
f 3074/430/715 3075/429/714 3469/587/957
f 3469/587/957 3075/429/714 3470/586/926
f 3471/585/65 3470/586/926 3472/584/970
f 3470/586/926 3075/429/714 3472/584/970
f 3075/429/714 3077/583/716 3472/584/970
f 3472/584/970 3077/583/716 3474/582/960
f 3078/426/716 3079/425/675 3473/581/971
f 3473/581/971 3079/425/675 3475/580/931
f 3475/580/931 3079/425/675 3477/579/932
f 3079/425/675 3080/424/676 3477/579/932
f 3476/578/933 3081/577/677 3478/576/934
f 3081/577/677 3083/420/678 3478/576/934
f 3479/575/1261 3478/576/934 3480/574/935
f 3478/576/934 3083/420/678 3480/574/935
f 3480/574/935 3083/420/678 3481/573/966
f 3083/420/678 3084/421/679 3481/573/966
f 3481/573/966 3084/421/679 3482/572/837
f 3084/421/679 3087/416/682 3482/572/837
f 3482/572/837 3087/416/682 3483/571/836
f 3087/416/682 3088/414/719 3483/571/836
f 3483/571/836 3088/414/719 3484/570/937
f 3088/414/719 3089/413/187 3484/570/937
f 3484/570/937 3089/413/187 3485/569/460
f 3089/413/187 3090/412/168 3485/569/460
f 3485/569/460 3090/412/168 3486/568/459
f 3090/412/168 3091/411/685 3486/568/459
f 3091/411/685 3092/410/686 3486/568/459
f 3486/568/459 3092/410/686 3487/567/458
f 3092/410/686 3093/409/1213 3487/567/458
f 3487/567/458 3093/409/1213 3488/566/101
f 3093/409/1213 3094/408/722 3488/566/101
f 3488/566/101 3094/408/722 3489/565/938
f 3094/408/722 3095/407/689 3489/565/938
f 3489/565/938 3095/407/689 3490/564/939
f 3095/407/689 3098/404/691 3490/564/939
f 3490/564/939 3098/404/691 3491/563/940
f 3098/404/691 3099/403/1220 3491/563/940
f 3491/563/940 3099/403/1220 3492/562/941
f 3493/561/1262 3492/562/941 3494/560/1263
f 3492/562/941 3099/403/1220 3494/560/1263
f 3099/403/1220 3101/559/693 3494/560/1263
f 3494/560/1263 3101/559/693 3496/558/944
f 3102/400/693 3103/399/675 3495/557/945
f 3495/557/945 3103/399/675 3497/556/946
f 3497/556/946 3103/399/675 3499/593/972
f 3103/399/675 3105/440/725 3499/593/972
f 3500/551/973 3498/594/974 3501/550/951
f 3498/594/974 3104/595/975 3501/550/951
f 3501/550/951 3104/595/975 3502/549/976
f 3104/595/975 3106/596/1264 3502/549/976
f 3502/549/976 3106/596/1264 3503/548/953
f 3106/596/1264 3108/442/1221 3503/548/953
f 3503/548/953 3108/442/1221 3504/547/979
f 3108/442/1221 3109/443/728 3504/547/979
f 3504/547/979 3109/443/728 3505/546/439
f 3109/443/728 3110/444/729 3505/546/439
f 3505/546/439 3110/444/729 3506/545/438
f 3110/444/729 3111/445/730 3506/545/438
f 3506/545/438 3111/445/730 3507/544/56
f 3111/445/730 3112/225/459 3507/544/56
f 3112/225/459 3113/446/731 3507/544/56
f 3507/544/56 3113/446/731 3508/471/57
f 3113/446/731 3115/447/732 3508/471/57
f 3508/471/57 3115/447/732 3509/472/980
f 3115/447/732 3117/448/733 3509/472/980
f 3509/472/980 3117/448/733 3510/473/59
f 3117/448/733 3119/449/1223 3510/473/59
f 3510/473/59 3119/449/1223 3511/474/956
f 3119/449/1223 3121/597/982 3511/474/956
f 3511/474/956 3121/597/982 3512/475/983
f 3121/597/982 3124/479/984 3512/475/983
f 3512/475/983 3124/479/984 3513/476/985
f 3514/477/474 3513/476/985 3516/598/986
f 3513/476/985 3124/479/984 3516/598/986
f 3125/451/738 3126/336/675 3515/599/987
f 3515/599/987 3126/336/675 3517/482/962
f 3517/482/962 3126/336/675 3519/600/988
f 3126/336/675 3128/452/739 3519/600/988
f 3520/488/989 3518/601/990 3521/489/965
f 3518/601/990 3127/602/991 3521/489/965
f 3521/489/965 3127/602/991 3522/490/992
f 3127/602/991 3129/603/993 3522/490/992
f 3522/490/992 3129/603/993 3523/491/994
f 3129/603/993 3131/454/741 3523/491/994
f 3523/491/994 3131/454/741 3524/492/995
f 3131/454/741 3132/455/742 3524/492/995
f 3524/492/995 3132/455/742 3525/493/918
f 3132/455/742 3133/456/1224 3525/493/918
f 3525/493/918 3133/456/1224 3526/494/1265
f 3133/456/1224 3134/457/1225 3526/494/1265
f 3526/494/1265 3134/457/1225 3527/495/997
f 3134/457/1225 3135/210/51 3527/495/997
f 3135/210/51 3528/604/770 3527/495/997
f 3527/495/997 3528/604/770 3529/496/1257
f 3528/604/770 3530/605/999 3529/496/1257
f 3529/496/1257 3530/605/999 3531/497/853
f 3530/605/999 3532/606/1001 3531/497/853
f 3531/497/853 3532/606/1001 3533/498/1002
f 3532/606/1001 3534/607/1003 3533/498/1002
f 3533/498/1002 3534/607/1003 3535/499/1004
f 3534/607/1003 3537/608/1005 3535/499/1004
f 3535/499/1004 3537/608/1005 3538/501/1006
f 3537/608/1005 3540/609/1007 3538/501/1006
f 3538/501/1006 3540/609/1007 3541/503/1008
f 3542/504/1262 3541/503/1008 3544/610/1009
f 3541/503/1008 3540/609/1007 3544/610/1009
f 3545/509/962 3543/611/1010 3546/510/1266
f 3543/611/1010 3539/612/1012 3546/510/1266
f 3546/510/1266 3539/612/1012 3547/511/1013
f 3539/612/1012 3536/613/1014 3547/511/1013
f 3547/511/1013 3536/613/1014 3548/512/1267
f 3536/613/1014 3534/607/1003 3548/512/1267
f 3548/512/1267 3534/607/1003 3549/513/1016
f 3534/607/1003 3532/606/1001 3549/513/1016
f 3549/513/1016 3532/606/1001 3550/514/435
f 3532/606/1001 3530/605/999 3550/514/435
f 3550/514/435 3530/605/999 3551/515/390
f 3530/605/999 3528/604/770 3551/515/390
f 3551/515/390 3528/604/770 3552/516/48
f 3528/604/770 3135/210/51 3552/516/48
f 3135/210/51 3136/458/745 3552/516/48
f 3552/516/48 3136/458/745 3553/517/252
f 3136/458/745 3151/467/1226 3553/517/252
f 3553/517/252 3151/467/1226 3554/518/30
f 3151/467/1226 3149/465/752 3554/518/30
f 3554/518/30 3149/465/752 3555/519/28
f 3149/465/752 3146/463/750 3555/519/28
f 3555/519/28 3146/463/750 3557/520/902
f 3145/614/1017 3143/615/749 3556/521/221
f 3556/521/221 3143/615/749 3558/522/1018
f 3143/615/749 3139/616/1019 3558/522/1018
f 3558/522/1018 3139/616/1019 3559/524/1268
f 3560/525/471 3559/524/1268 3562/617/1269
f 3559/524/1268 3139/616/1019 3562/617/1269
f 3561/618/1022 3140/460/747 3564/619/1023
f 3140/460/747 3138/459/746 3564/619/1023
f 3563/620/1024 3137/621/1025 3565/535/90
f 3565/535/90 3137/621/1025 3566/536/1026
f 3566/536/1026 3137/621/1025 3567/537/1027
f 3137/621/1025 3141/622/1028 3567/537/1027
f 3567/537/1027 3141/622/1028 3569/538/1029
f 3141/622/1028 3147/623/751 3569/538/1029
f 3568/539/1029 3148/464/751 3570/540/504
f 3148/464/751 3150/466/753 3570/540/504
f 3570/540/504 3150/466/753 3571/541/83
f 3150/466/753 3152/468/1227 3571/541/83
f 3571/541/83 3152/468/1227 3572/542/82
f 3152/468/1227 3153/469/756 3572/542/82
f 3572/542/82 3153/469/756 3574/543/51
f 3153/469/756 3154/470/758 3574/543/51
f 3155/470/1228 3156/469/759 3573/543/51
f 3573/543/51 3156/469/759 3575/542/1119
f 3156/469/759 3172/468/769 3575/542/1119
f 3575/542/1119 3172/468/769 3576/541/80
f 3172/468/769 3170/466/767 3576/541/80
f 3576/541/80 3170/466/767 3577/540/505
f 3170/466/767 3168/464/765 3577/540/505
f 3577/540/505 3168/464/765 3579/539/1030
f 3167/623/1031 3159/622/1032 3578/538/1030
f 3578/538/1030 3159/622/1032 3580/537/1033
f 3159/622/1032 3157/621/1034 3580/537/1033
f 3580/537/1033 3157/621/1034 3581/536/1270
f 3581/536/1270 3157/621/1034 3582/535/72
f 3582/535/72 3157/621/1034 3584/620/1036
f 3158/459/760 3162/460/762 3583/619/1037
f 3583/619/1037 3162/460/762 3586/618/1038
f 3587/525/68 3585/617/1039 3588/524/1271
f 3585/617/1039 3161/616/1041 3588/524/1271
f 3588/524/1271 3161/616/1041 3589/522/102
f 3161/616/1041 3163/615/1042 3589/522/102
f 3589/522/102 3163/615/1042 3591/521/875
f 3163/615/1042 3165/614/1043 3591/521/875
f 3590/520/2 3166/463/764 3592/519/5
f 3166/463/764 3169/465/766 3592/519/5
f 3592/519/5 3169/465/766 3593/518/1272
f 3169/465/766 3171/467/1229 3593/518/1272
f 3593/518/1272 3171/467/1229 3594/517/9
f 3171/467/1229 3173/458/1230 3594/517/9
f 3594/517/9 3173/458/1230 3595/516/51
f 3173/458/1230 3174/210/51 3595/516/51
f 3174/210/51 3596/604/745 3595/516/51
f 3595/516/51 3596/604/745 3597/515/361
f 3596/604/745 3598/605/1044 3597/515/361
f 3597/515/361 3598/605/1044 3599/514/571
f 3598/605/1044 3600/606/1045 3599/514/571
f 3599/514/571 3600/606/1045 3601/513/1046
f 3600/606/1045 3602/607/1047 3601/513/1046
f 3601/513/1046 3602/607/1047 3603/512/1048
f 3602/607/1047 3605/613/1049 3603/512/1048
f 3603/512/1048 3605/613/1049 3606/511/1050
f 3605/613/1049 3608/612/1051 3606/511/1050
f 3606/511/1050 3608/612/1051 3609/510/1052
f 3610/509/1053 3609/510/1052 3612/611/1054
f 3609/510/1052 3608/612/1051 3612/611/1054
f 3613/504/942 3611/610/1055 3614/503/1273
f 3611/610/1055 3607/609/1274 3614/503/1273
f 3614/503/1273 3607/609/1274 3615/501/1058
f 3607/609/1274 3604/608/1059 3615/501/1058
f 3615/501/1058 3604/608/1059 3616/499/1060
f 3604/608/1059 3602/607/1047 3616/499/1060
f 3616/499/1060 3602/607/1047 3617/498/1275
f 3602/607/1047 3600/606/1045 3617/498/1275
f 3617/498/1275 3600/606/1045 3618/497/1276
f 3600/606/1045 3598/605/1044 3618/497/1276
f 3618/497/1276 3598/605/1044 3619/496/1257
f 3598/605/1044 3596/604/745 3619/496/1257
f 3619/496/1257 3596/604/745 3620/495/997
f 3596/604/745 3174/210/51 3620/495/997
f 3174/210/51 3175/457/771 3620/495/997
f 3620/495/997 3175/457/771 3621/494/1265
f 3175/457/771 3177/456/772 3621/494/1265
f 3621/494/1265 3177/456/772 3622/493/1277
f 3177/456/772 3179/455/1231 3622/493/1277
f 3622/493/1277 3179/455/1231 3623/492/1278
f 3179/455/1231 3181/454/774 3623/492/1278
f 3623/492/1278 3181/454/774 3624/491/1062
f 3181/454/774 3183/603/1063 3624/491/1062
f 3624/491/1062 3183/603/1063 3625/490/1064
f 3183/603/1063 3186/602/776 3625/490/1064
f 3625/490/1064 3186/602/776 3626/489/1065
f 3627/488/989 3626/489/1065 3629/601/1066
f 3626/489/1065 3186/602/776 3629/601/1066
f 3187/452/776 3188/336/588 3628/600/1067
f 3628/600/1067 3188/336/588 3630/482/843
f 3630/482/843 3188/336/588 3632/599/1068
f 3188/336/588 3190/451/777 3632/599/1068
f 3633/477/65 3631/598/1069 3634/476/1070
f 3631/598/1069 3189/479/1279 3634/476/1070
f 3634/476/1070 3189/479/1279 3635/475/1072
f 3189/479/1279 3191/597/1073 3635/475/1072
f 3635/475/1072 3191/597/1073 3636/474/956
f 3191/597/1073 3193/449/1233 3636/474/956
f 3636/474/956 3193/449/1233 3637/473/100
f 3193/449/1233 3194/448/780 3637/473/100
f 3637/473/100 3194/448/780 3638/472/1280
f 3194/448/780 3195/447/1234 3638/472/1280
f 3638/472/1280 3195/447/1234 3639/471/57
f 3195/447/1234 3196/446/782 3639/471/57
f 3639/471/57 3196/446/782 3640/544/51
f 3196/446/782 3197/225/459 3640/544/51
f 3197/225/459 3198/445/783 3640/544/51
f 3640/544/51 3198/445/783 3641/545/490
f 3198/445/783 3199/444/784 3641/545/490
f 3641/545/490 3199/444/784 3642/546/461
f 3199/444/784 3200/443/1235 3642/546/461
f 3642/546/461 3200/443/1235 3643/547/1076
f 3200/443/1235 3201/442/1236 3643/547/1076
f 3643/547/1076 3201/442/1236 3644/548/1077
f 3201/442/1236 3202/596/1078 3644/548/1077
f 3644/548/1077 3202/596/1078 3645/549/1079
f 3202/596/1078 3204/595/1080 3645/549/1079
f 3645/549/1079 3204/595/1080 3646/550/1081
f 3647/551/1281 3646/550/1081 3649/594/1082
f 3646/550/1081 3204/595/1080 3649/594/1082
f 3205/440/788 3206/399/1237 3648/593/1083
f 3648/593/1083 3206/399/1237 3650/556/1084
f 3650/556/1084 3206/399/1237 3652/557/1085
f 3206/399/1237 3207/400/790 3652/557/1085
f 3651/558/1086 3208/559/792 3653/560/1282
f 3208/559/792 3210/403/831 3653/560/1282
f 3654/561/1262 3653/560/1282 3655/562/1088
f 3653/560/1282 3210/403/831 3655/562/1088
f 3655/562/1088 3210/403/831 3656/563/1089
f 3210/403/831 3211/404/793 3656/563/1089
f 3656/563/1089 3211/404/793 3657/564/1283
f 3211/404/793 3214/407/796 3657/564/1283
f 3657/564/1283 3214/407/796 3658/565/1109
f 3214/407/796 3215/408/833 3658/565/1109
f 3658/565/1109 3215/408/833 3659/566/101
f 3215/408/833 3216/409/798 3659/566/101
f 3659/566/101 3216/409/798 3660/567/458
f 3216/409/798 3217/410/250 3660/567/458
f 3660/567/458 3217/410/250 3661/568/459
f 3217/410/250 3218/411/799 3661/568/459
f 3218/411/799 3219/412/258 3661/568/459
f 3661/568/459 3219/412/258 3662/569/460
f 3219/412/258 3220/413/1239 3662/569/460
f 3662/569/460 3220/413/1239 3663/570/1247
f 3220/413/1239 3221/414/581 3663/570/1247
f 3663/570/1247 3221/414/581 3664/571/836
f 3221/414/581 3222/416/582 3664/571/836
f 3664/571/836 3222/416/582 3665/572/837
f 3222/416/582 3225/421/585 3665/572/837
f 3665/572/837 3225/421/585 3666/573/838
f 3225/421/585 3226/420/586 3666/573/838
f 3666/573/838 3226/420/586 3667/574/839
f 3668/575/466 3667/574/839 3669/576/1092
f 3667/574/839 3226/420/586 3669/576/1092
f 3226/420/586 3228/577/1093 3669/576/1092
f 3669/576/1092 3228/577/1093 3671/578/1094
f 3229/424/587 3230/425/588 3670/579/842
f 3670/579/842 3230/425/588 3672/580/843
f 3672/580/843 3230/425/588 3674/581/1095
f 3230/425/588 3231/426/805 3674/581/1095
f 3673/582/1096 3232/583/807 3675/584/1097
f 3232/583/807 3234/429/806 3675/584/1097
f 3676/585/474 3675/584/1097 3677/586/849
f 3675/584/1097 3234/429/806 3677/586/849
f 3677/586/849 3234/429/806 3678/587/1098
f 3234/429/806 3235/430/808 3678/587/1098
f 3678/587/1098 3235/430/808 3679/588/956
f 3235/430/808 3238/435/1242 3679/588/956
f 3679/588/956 3238/435/1242 3680/589/59
f 3238/435/1242 3239/436/814 3680/589/59
f 3680/589/59 3239/436/814 3681/590/1259
f 3239/436/814 3240/437/214 3681/590/1259
f 3681/590/1259 3240/437/214 3682/591/1284
f 3240/437/214 3241/438/250 3682/591/1284
f 3682/591/1284 3241/438/250 3684/592/481
f 3241/438/250 3242/439/251 3684/592/481
f 3243/439/251 3244/438/230 3683/592/51
f 3683/592/51 3244/438/230 3685/591/460
f 3244/438/230 3245/437/580 3685/591/460
f 3685/591/460 3245/437/580 3686/590/1247
f 3245/437/580 3246/436/581 3686/590/1247
f 3686/590/1247 3246/436/581 3687/589/836
f 3246/436/581 3247/435/816 3687/589/836
f 3687/589/836 3247/435/816 3688/588/837
f 3247/435/816 3250/430/585 3688/588/837
f 3688/588/837 3250/430/585 3689/587/1099
f 3250/430/585 3251/429/586 3689/587/1099
f 3689/587/1099 3251/429/586 3690/586/1065
f 3691/585/466 3690/586/1065 3692/584/1100
f 3690/586/1065 3251/429/586 3692/584/1100
f 3251/429/586 3253/583/587 3692/584/1100
f 3692/584/1100 3253/583/587 3694/582/1094
f 3254/426/587 3255/425/588 3693/581/842
f 3693/581/842 3255/425/588 3695/580/843
f 3695/580/843 3255/425/588 3697/579/1095
f 3255/425/588 3256/424/807 3697/579/1095
f 3696/578/1101 3257/577/805 3698/576/1285
f 3257/577/805 3259/420/806 3698/576/1285
f 3699/575/474 3698/576/1285 3700/574/1070
f 3698/576/1285 3259/420/806 3700/574/1070
f 3700/574/1070 3259/420/806 3701/573/1098
f 3259/420/806 3260/421/808 3701/573/1098
f 3701/573/1098 3260/421/808 3702/572/956
f 3260/421/808 3263/416/813 3702/572/956
f 3702/572/956 3263/416/813 3703/571/59
f 3263/416/813 3264/414/814 3703/571/59
f 3703/571/59 3264/414/814 3704/570/1259
f 3264/414/814 3265/413/818 3704/570/1259
f 3704/570/1259 3265/413/818 3705/569/57
f 3265/413/818 3266/412/819 3705/569/57
f 3705/569/57 3266/412/819 3706/568/51
f 3266/412/819 3267/411/820 3706/568/51
f 3267/411/820 3268/410/821 3706/568/51
f 3706/568/51 3268/410/821 3707/567/490
f 3268/410/821 3269/409/822 3707/567/490
f 3707/567/490 3269/409/822 3708/566/439
f 3269/409/822 3270/408/1245 3708/566/439
f 3708/566/439 3270/408/1245 3709/565/1076
f 3270/408/1245 3271/407/824 3709/565/1076
f 3709/565/1076 3271/407/824 3710/564/1077
f 3271/407/824 3274/404/826 3710/564/1077
f 3710/564/1077 3274/404/826 3711/563/1079
f 3274/404/826 3275/403/828 3711/563/1079
f 3711/563/1079 3275/403/828 3712/562/1081
f 3712/562/1081 3275/403/828 3713/561/864
f 3713/561/864 3275/403/828 3714/560/1104
f 3275/403/828 3277/559/829 3714/560/1104
f 3714/560/1104 3277/559/829 3716/558/1105
f 3278/400/830 3279/399/789 3715/557/1106
f 3715/557/1106 3279/399/789 3717/556/1107
f 3717/556/1107 3279/399/789 3719/555/1085
f 3279/399/789 3280/398/792 3719/555/1085
f 3718/554/1086 3281/553/792 3720/552/1282
f 3281/553/792 3283/394/831 3720/552/1282
f 3721/551/1262 3720/552/1282 3722/550/1088
f 3720/552/1282 3283/394/831 3722/550/1088
f 3722/550/1088 3283/394/831 3723/549/1089
f 3283/394/831 3284/395/832 3723/549/1089
f 3723/549/1089 3284/395/832 3724/548/1090
f 3284/395/832 3287/391/796 3724/548/1090
f 3724/548/1090 3287/391/796 3725/547/1091
f 3287/391/796 3288/390/833 3725/547/1091
f 3725/547/1091 3288/390/833 3726/546/101
f 3288/390/833 3289/389/798 3726/546/101
f 3726/546/101 3289/389/798 3727/545/458
f 3289/389/798 3290/388/1246 3727/545/458
f 3727/545/458 3290/388/1246 3728/544/51
f 3290/388/1246 3291/387/799 3728/544/51
f 3291/387/799 3292/386/258 3728/544/51
f 3292/386/258 3293/471/460 3728/544/51
s 0
f 3729/624/1286 3732/625/1286 3733/626/1286
f 3733/626/1286 3732/625/1286 3734/627/1286
f 3734/627/1286 3732/625/1286 3735/628/1286
f 3732/625/1286 3736/629/1286 3735/628/1286
f 3735/628/1286 3736/629/1286 3737/630/1286
f 3737/630/1286 3736/629/1286 3738/631/1286
f 3736/629/1286 3739/632/1286 3738/631/1286
f 3738/631/1286 3739/632/1286 3740/633/1286
f 3740/633/1286 3739/632/1286 3741/634/1286
f 3741/634/1286 3739/632/1286 3742/635/1286
f 3742/635/1286 3739/632/1286 3743/636/1286
f 3739/632/1286 3744/637/1286 3743/636/1286
f 3743/636/1286 3744/637/1286 3745/638/1286
f 3745/638/1286 3744/637/1286 3746/639/1286
f 3744/637/1286 3747/640/1286 3746/639/1286
f 3746/639/1286 3747/640/1286 3748/641/1286
f 3748/641/1286 3747/640/1286 3749/642/1286
f 3749/642/1286 3747/640/1286 3750/643/1286
f 3750/643/1286 3747/640/1286 3751/644/1286
f 3751/644/1286 3747/640/1286 3752/645/1286
f 3747/640/1286 3753/646/1286 3752/645/1286
f 3752/645/1286 3753/646/1286 3754/647/1286
f 3754/647/1286 3753/646/1286 3755/648/1286
f 3753/646/1286 3756/649/1286 3755/648/1286
f 3755/648/1286 3756/649/1286 3757/650/1286
f 3757/650/1286 3756/649/1286 3758/651/1286
f 3758/651/1286 3756/649/1286 3759/652/1286
f 3759/652/1286 3756/649/1286 3760/653/1286
f 3756/649/1286 3761/654/1286 3760/653/1286
f 3760/653/1286 3761/654/1286 3762/655/1286
f 3762/655/1286 3761/654/1286 3763/656/1286
f 3761/654/1286 3764/657/1286 3763/656/1286
f 3763/656/1286 3764/657/1286 3765/658/1286
f 3765/658/1286 3764/657/1286 3766/659/1286
f 3766/659/1286 3764/657/1286 3767/660/1286
f 3767/660/1286 3764/657/1286 3768/661/1286
f 3764/657/1286 3769/662/1286 3768/661/1286
f 3768/661/1286 3769/662/1286 3770/663/1286
f 3770/663/1286 3769/662/1286 3771/664/1286
f 3769/662/1286 3772/665/1286 3771/664/1286
f 3771/664/1286 3772/665/1286 3773/666/1286
f 3773/666/1286 3772/665/1286 3774/667/1286
f 3774/667/1286 3772/665/1286 3775/668/1286
f 3775/668/1286 3772/665/1286 3776/669/1286
f 3772/665/1286 3777/670/1286 3776/669/1286
f 3776/669/1286 3777/670/1286 3778/671/1286
f 3778/671/1286 3777/670/1286 3779/672/1286
f 3777/670/1286 3780/673/1286 3779/672/1286
f 3779/672/1286 3780/673/1286 3781/674/1286
f 3781/674/1286 3780/673/1286 3782/675/1286
f 3782/675/1286 3780/673/1286 3783/676/1286
f 3783/676/1286 3780/673/1286 3784/677/1286
f 3780/673/1286 3785/678/1286 3784/677/1286
f 3784/677/1286 3785/678/1286 3786/679/1286
f 3786/679/1286 3785/678/1286 3787/680/1286
f 3785/678/1286 3788/681/1286 3787/680/1286
f 3787/680/1286 3788/681/1286 3789/682/1286
f 3789/682/1286 3788/681/1286 3790/683/1286
f 3790/683/1286 3788/681/1286 3791/684/1286
f 3791/684/1286 3788/681/1286 3792/685/1286
f 3788/681/1286 3793/686/1286 3792/685/1286
f 3792/685/1286 3793/686/1286 3794/687/1286
f 3794/687/1286 3793/686/1286 3795/688/1286
f 3793/686/1286 3796/689/1286 3795/688/1286
f 3795/688/1286 3796/689/1286 3797/690/1286
f 3797/690/1286 3796/689/1286 3798/691/1286
f 3798/691/1286 3796/689/1286 3799/692/1286
f 3799/692/1286 3796/689/1286 3800/693/1286
f 3800/693/1286 3796/689/1286 3801/694/1286
f 3796/689/1286 3802/695/1286 3801/694/1286
f 3801/694/1286 3802/695/1286 3803/696/1286
f 3803/696/1286 3802/695/1286 3804/697/1286
f 3802/695/1286 3805/698/1286 3804/697/1286
f 3804/697/1286 3805/698/1286 3806/699/1286
f 3806/699/1286 3805/698/1286 3807/700/1286
f 3807/700/1286 3805/698/1286 3808/701/1286
f 3808/701/1286 3805/698/1286 3809/702/1286
f 3805/698/1286 3810/703/1286 3809/702/1286
f 3809/702/1286 3810/703/1286 3811/704/1286
f 3811/704/1286 3810/703/1286 3812/705/1286
f 3810/703/1286 3813/706/1286 3812/705/1286
f 3812/705/1286 3813/706/1286 3815/707/1286
f 3815/707/1286 3813/706/1286 3816/708/1286
f 3816/708/1286 3813/706/1286 3818/709/1286
f 3817/709/1287 3814/706/1287 3819/710/1287
f 3819/710/1287 3814/706/1287 3820/711/1287
f 3820/711/1287 3814/706/1287 3821/712/1287
f 3814/706/1287 3822/713/1287 3821/712/1287
f 3821/712/1287 3822/713/1287 3823/714/1287
f 3822/713/1287 3824/715/1287 3823/714/1287
f 3823/714/1287 3824/715/1287 3825/716/1287
f 3825/716/1287 3824/715/1287 3826/717/1287
f 3826/717/1287 3824/715/1287 3827/718/1287
f 3827/718/1287 3824/715/1287 3828/719/1287
f 3828/719/1287 3824/715/1287 3829/720/1287
f 3829/720/1287 3824/715/1287 3830/721/1287
f 3824/715/1287 3831/722/1287 3830/721/1287
f 3830/721/1287 3831/722/1287 3832/723/1287
f 3831/722/1287 3833/724/1287 3832/723/1287
f 3832/723/1287 3833/724/1287 3835/725/1287
f 3835/725/1287 3833/724/1287 3836/726/1287
f 3836/726/1287 3833/724/1287 3838/727/1287
f 3837/728/1288 3834/729/1288 3839/730/1288
f 3839/730/1288 3834/729/1288 3840/731/1288
f 3840/731/1288 3834/729/1288 3841/732/1288
f 3834/729/1288 3842/733/1288 3841/732/1288
f 3841/732/1288 3842/733/1288 3843/734/1288
f 3843/734/1288 3842/733/1288 3844/735/1288
f 3842/733/1288 3845/736/1288 3844/735/1288
f 3844/735/1288 3845/736/1288 3846/737/1288
f 3846/737/1288 3845/736/1288 3847/738/1288
f 3847/738/1288 3845/736/1288 3848/739/1288
f 3848/739/1288 3845/736/1288 3849/740/1288
f 3845/736/1288 3850/741/1288 3849/740/1288
f 3849/740/1288 3850/741/1288 3851/742/1288
f 3851/742/1288 3850/741/1288 3852/743/1288
f 3850/741/1288 3853/744/1288 3852/743/1288
f 3852/743/1288 3853/744/1288 3854/745/1288
f 3854/745/1288 3853/744/1288 3855/746/1288
f 3855/746/1288 3853/744/1288 3856/747/1288
f 3856/747/1288 3853/744/1288 3857/748/1288
f 3857/748/1288 3853/744/1288 3858/749/1288
f 3853/744/1288 3859/750/1288 3858/749/1288
f 3858/749/1288 3859/750/1288 3860/751/1288
f 3860/751/1288 3859/750/1288 3861/752/1288
f 3859/750/1288 3862/753/1288 3861/752/1288
f 3861/752/1288 3862/753/1288 3863/754/1288
f 3863/754/1288 3862/753/1288 3864/755/1288
f 3864/755/1288 3862/753/1288 3865/756/1288
f 3865/756/1288 3862/753/1288 3866/757/1288
f 3862/753/1288 3867/758/1288 3866/757/1288
f 3866/757/1288 3867/758/1288 3868/759/1288
f 3868/759/1288 3867/758/1288 3869/760/1288
f 3867/758/1288 3870/761/1288 3869/760/1288
f 3869/760/1288 3870/761/1288 3871/762/1288
f 3871/762/1288 3870/761/1288 3872/763/1288
f 3872/763/1288 3870/761/1288 3873/764/1288
f 3873/764/1288 3870/761/1288 3874/765/1288
f 3870/761/1288 3875/766/1288 3874/765/1288
f 3874/765/1288 3875/766/1288 3876/767/1288
f 3876/767/1288 3875/766/1288 3877/768/1288
f 3875/766/1288 3878/769/1288 3877/768/1288
f 3877/768/1288 3878/769/1288 3879/770/1288
f 3879/770/1288 3878/769/1288 3880/771/1288
f 3880/771/1288 3878/769/1288 3881/772/1288
f 3881/772/1288 3878/769/1288 3882/773/1288
f 3878/769/1288 3883/774/1288 3882/773/1288
f 3882/773/1288 3883/774/1288 3884/775/1288
f 3884/775/1288 3883/774/1288 3885/776/1288
f 3883/774/1288 3886/777/1288 3885/776/1288
f 3885/776/1288 3886/777/1288 3887/778/1288
f 3887/778/1288 3886/777/1288 3888/779/1288
f 3888/779/1288 3886/777/1288 3889/780/1288
f 3889/780/1288 3886/777/1288 3890/781/1288
f 3886/777/1288 3891/782/1288 3890/781/1288
f 3890/781/1288 3891/782/1288 3892/783/1288
f 3892/783/1288 3891/782/1288 3893/784/1288
f 3891/782/1288 3894/785/1288 3893/784/1288
f 3893/784/1288 3894/785/1288 3895/786/1288
f 3895/786/1288 3894/785/1288 3896/787/1288
f 3896/787/1288 3894/785/1288 3897/788/1288
f 3897/788/1288 3894/785/1288 3898/789/1288
f 3894/785/1288 3899/790/1288 3898/789/1288
f 3898/789/1288 3899/790/1288 3900/791/1288
f 3900/791/1288 3899/790/1288 3901/792/1288
f 3899/790/1288 3902/793/1288 3901/792/1288
f 3901/792/1288 3902/793/1288 3903/794/1288
f 3903/794/1288 3902/793/1288 3904/795/1288
f 3904/795/1288 3902/793/1288 3905/796/1288
f 3905/796/1288 3902/793/1288 3906/797/1288
f 3906/797/1288 3902/793/1288 3907/798/1288
f 3902/793/1288 3908/799/1288 3907/798/1288
f 3907/798/1288 3908/799/1288 3909/800/1288
f 3909/800/1288 3908/799/1288 3910/801/1288
f 3908/799/1288 3911/802/1288 3910/801/1288
f 3910/801/1288 3911/802/1288 3912/803/1288
f 3912/803/1288 3911/802/1288 3913/804/1288
f 3913/804/1288 3911/802/1288 3914/805/1288
f 3914/805/1288 3911/802/1288 3915/806/1288
f 3911/802/1288 3916/807/1288 3915/806/1288
f 3915/806/1288 3916/807/1288 3917/808/1288
f 3917/808/1288 3916/807/1288 3918/809/1288
f 3916/807/1288 3919/810/1288 3918/809/1288
f 3918/809/1288 3919/810/1288 3921/811/1288
f 3921/811/1288 3919/810/1288 3922/812/1288
f 3922/812/1288 3919/810/1288 3924/813/1288
f 3923/813/1289 3920/810/1289 3925/814/1289
f 3925/814/1289 3920/810/1289 3926/815/1289
f 3926/815/1289 3920/810/1289 3927/816/1289
f 3920/810/1289 3928/817/1289 3927/816/1289
f 3927/816/1289 3928/817/1289 3929/818/1289
f 3928/817/1289 3930/819/1289 3929/818/1289
f 3929/818/1289 3930/819/1289 3931/820/1289
f 3931/820/1289 3930/819/1289 3932/821/1289
f 3932/821/1289 3930/819/1289 3933/822/1289
f 3933/822/1289 3930/819/1289 3934/823/1289
f 3934/823/1289 3930/819/1289 3935/824/1289
f 3935/824/1289 3930/819/1289 3936/825/1289
f 3930/819/1289 3937/826/1289 3936/825/1289
f 3936/825/1289 3937/826/1289 3938/827/1289
f 3937/826/1289 3731/625/1289 3938/827/1289
f 3938/827/1289 3731/625/1289 3939/828/1289
f 3939/828/1289 3731/625/1289 3940/829/1289
f 3731/625/1289 3730/624/1289 3940/829/1289
f 3941/830/1286 3942/831/1286 3944/832/1286
f 3944/832/1286 3942/831/1286 3946/833/1286
f 3942/831/1286 3947/834/1286 3946/833/1286
f 3946/833/1286 3947/834/1286 3949/835/1286
f 3947/834/1286 3950/836/1286 3949/835/1286
f 3953/837/1286 3949/835/1286 3955/838/1286
f 3955/838/1286 3949/835/1286 3957/839/1286
f 3949/835/1286 3950/836/1286 3957/839/1286
f 3957/839/1286 3950/836/1286 3959/840/1286
f 3950/836/1286 3960/841/1286 3959/840/1286
f 3959/840/1286 3960/841/1286 3962/842/1286
f 3962/842/1286 3960/841/1286 3964/843/1286
f 3960/841/1286 3965/844/1286 3964/843/1286
f 3964/843/1286 3965/844/1286 3967/845/1286
f 3965/844/1286 3968/846/1286 3967/845/1286
f 3967/845/1286 3968/846/1286 3970/847/1286
f 3968/846/1286 3971/848/1286 3970/847/1286
f 3974/849/1286 3970/847/1286 3977/850/1286
f 3977/850/1286 3970/847/1286 3979/851/1286
f 3970/847/1286 3971/848/1286 3979/851/1286
f 3979/851/1286 3971/848/1286 3981/852/1286
f 3971/848/1286 3982/853/1286 3981/852/1286
f 3981/852/1286 3982/853/1286 3984/854/1286
f 3984/854/1286 3982/853/1286 3986/855/1286
f 3982/853/1286 3987/856/1286 3986/855/1286
f 3986/855/1286 3987/856/1286 3989/857/1286
f 3992/858/1286 3994/859/1286 3996/860/1286
f 3994/859/1286 3989/857/1286 3996/860/1286
f 3989/857/1286 3987/856/1286 3996/860/1286
f 3987/856/1286 3997/861/1286 3996/860/1286
f 3996/860/1286 3997/861/1286 3999/862/1286
f 3997/861/1286 4000/863/1286 3999/862/1286
f 3999/862/1286 4000/863/1286 4002/864/1286
f 4000/863/1286 4003/865/1286 4002/864/1286
f 4002/864/1286 4003/865/1286 4005/866/1286
f 4005/866/1286 4003/865/1286 4007/867/1286
f 4003/865/1286 4008/868/1286 4007/867/1286
f 4007/867/1286 4008/868/1286 4010/869/1286
f 4008/868/1286 4011/870/1286 4010/869/1286
f 4010/869/1286 4011/870/1286 4013/871/1286
f 4011/870/1286 4014/872/1286 4013/871/1286
f 4017/873/1286 4013/871/1286 4019/874/1286
f 4019/874/1286 4013/871/1286 4021/875/1286
f 4013/871/1286 4014/872/1286 4021/875/1286
f 4021/875/1286 4014/872/1286 4023/876/1286
f 4014/872/1286 3941/830/1286 4023/876/1286
f 4023/876/1286 3941/830/1286 4024/877/1286
f 3941/830/1286 3944/832/1286 4024/877/1286
s 1
f 4025/878/56 3943/879/1290 4026/880/1291
f 4026/880/1291 3943/879/1290 4027/881/1292
f 3943/879/1290 3945/882/1292 4027/881/1292
f 4027/881/1292 3945/882/1292 4028/883/1293
f 3945/882/1292 3948/884/1293 4028/883/1293
f 4028/883/1293 3948/884/1293 4030/885/1294
f 3948/884/1293 3951/886/1295 4030/885/1294
f 4029/885/1296 3952/886/1297 4031/887/51
f 3952/886/1297 3954/888/51 4031/887/51
f 4031/887/51 3954/888/51 4032/889/1290
f 3954/888/51 3956/890/1298 4032/889/1290
f 4032/889/1290 3956/890/1298 4033/891/1299
f 3956/890/1298 3958/892/1299 4033/891/1299
f 4033/891/1299 3958/892/1299 4034/893/1300
f 3958/892/1299 3961/894/1300 4034/893/1300
f 4034/893/1300 3961/894/1300 4035/895/1301
f 3961/894/1300 3963/896/1301 4035/895/1301
f 4035/895/1301 3963/896/1301 4036/897/1302
f 3963/896/1301 3966/898/1303 4036/897/1302
f 4036/897/1302 3966/898/1303 4037/899/1304
f 3966/898/1303 3969/900/1305 4037/899/1304
f 4037/899/1304 3969/900/1305 4039/901/1306
f 3969/900/1305 3972/902/1307 4039/901/1306
f 4038/901/1308 3973/902/1309 4041/903/1300
f 3973/902/1309 3975/904/1300 4041/903/1300
f 4040/905/1289 3976/906/1289 4042/907/1310
f 3976/906/1289 3978/908/1310 4042/907/1310
f 4042/907/1310 3978/908/1310 4043/909/1311
f 3978/908/1310 3980/910/1311 4043/909/1311
f 4043/909/1311 3980/910/1311 4044/911/1304
f 3980/910/1311 3983/912/1312 4044/911/1304
f 4044/911/1304 3983/912/1312 4045/913/1313
f 3983/912/1312 3985/914/1313 4045/913/1313
f 4045/913/1313 3985/914/1313 4046/915/1314
f 3985/914/1313 3988/916/1314 4046/915/1314
f 4046/915/1314 3988/916/1314 4047/917/1315
f 3988/916/1314 3993/918/1315 4047/917/1315
f 4047/917/1315 3993/918/1315 4049/919/1316
f 3993/918/1315 3990/920/1316 4049/919/1316
f 4048/919/1317 3991/920/1318 4050/921/1319
f 3991/920/1318 3995/922/1312 4050/921/1319
f 4050/921/1319 3995/922/1312 4051/923/1313
f 3995/922/1312 3998/924/1313 4051/923/1313
f 4051/923/1313 3998/924/1313 4052/925/1314
f 3998/924/1313 4001/926/1314 4052/925/1314
f 4052/925/1314 4001/926/1314 4053/927/1320
f 4001/926/1314 4004/928/1320 4053/927/1320
f 4053/927/1320 4004/928/1320 4054/929/1321
f 4004/928/1320 4006/930/1321 4054/929/1321
f 4054/929/1321 4006/930/1321 4055/931/1322
f 4006/930/1321 4009/932/1322 4055/931/1322
f 4055/931/1322 4009/932/1322 4056/933/56
f 4009/932/1322 4012/934/56 4056/933/56
f 4056/933/56 4012/934/56 4058/935/1323
f 4012/934/56 4015/936/1324 4058/935/1323
f 4057/935/1325 4016/936/1325 4059/937/1326
f 4016/936/1325 4018/938/1326 4059/937/1326
f 4059/937/1326 4018/938/1326 4060/939/1321
f 4018/938/1326 4020/940/1321 4060/939/1321
f 4060/939/1321 4020/940/1321 4061/941/1322
f 4020/940/1321 4022/942/1322 4061/941/1322
f 4061/941/1322 4022/942/1322 4062/943/56
f 4022/942/1322 4025/878/56 4062/943/56
f 4025/878/56 4026/880/1291 4062/943/56
s 0
f 4063/830/1286 4064/831/1286 4066/832/1286
f 4066/832/1286 4064/831/1286 4068/833/1286
f 4064/831/1286 4069/834/1286 4068/833/1286
f 4068/833/1286 4069/834/1286 4071/835/1286
f 4069/834/1286 4072/836/1286 4071/835/1286
f 4075/837/1286 4071/835/1286 4077/838/1286
f 4077/838/1286 4071/835/1286 4079/839/1286
f 4071/835/1286 4072/836/1286 4079/839/1286
f 4079/839/1286 4072/836/1286 4081/840/1286
f 4072/836/1286 4082/841/1286 4081/840/1286
f 4081/840/1286 4082/841/1286 4084/842/1286
f 4084/842/1286 4082/841/1286 4086/843/1286
f 4082/841/1286 4087/844/1286 4086/843/1286
f 4086/843/1286 4087/844/1286 4089/845/1286
f 4087/844/1286 4090/846/1286 4089/845/1286
f 4089/845/1286 4090/846/1286 4092/847/1286
f 4090/846/1286 4093/848/1286 4092/847/1286
f 4096/849/1286 4092/847/1286 4099/850/1286
f 4099/850/1286 4092/847/1286 4101/851/1286
f 4092/847/1286 4093/848/1286 4101/851/1286
f 4101/851/1286 4093/848/1286 4103/852/1286
f 4093/848/1286 4104/853/1286 4103/852/1286
f 4103/852/1286 4104/853/1286 4106/854/1286
f 4106/854/1286 4104/853/1286 4108/855/1286
f 4104/853/1286 4109/856/1286 4108/855/1286
f 4108/855/1286 4109/856/1286 4111/857/1286
f 4114/858/1286 4116/859/1286 4118/860/1286
f 4116/859/1286 4111/857/1286 4118/860/1286
f 4111/857/1286 4109/856/1286 4118/860/1286
f 4109/856/1286 4119/861/1286 4118/860/1286
f 4118/860/1286 4119/861/1286 4121/862/1286
f 4119/861/1286 4122/863/1286 4121/862/1286
f 4121/862/1286 4122/863/1286 4124/864/1286
f 4122/863/1286 4125/865/1286 4124/864/1286
f 4124/864/1286 4125/865/1286 4127/866/1286
f 4127/866/1286 4125/865/1286 4129/867/1286
f 4125/865/1286 4130/868/1286 4129/867/1286
f 4129/867/1286 4130/868/1286 4132/869/1286
f 4130/868/1286 4133/870/1286 4132/869/1286
f 4132/869/1286 4133/870/1286 4135/871/1286
f 4133/870/1286 4136/872/1286 4135/871/1286
f 4139/873/1286 4135/871/1286 4141/874/1286
f 4141/874/1286 4135/871/1286 4143/875/1286
f 4135/871/1286 4136/872/1286 4143/875/1286
f 4143/875/1286 4136/872/1286 4145/876/1286
f 4136/872/1286 4063/830/1286 4145/876/1286
f 4145/876/1286 4063/830/1286 4146/877/1286
f 4063/830/1286 4066/832/1286 4146/877/1286
s 1
f 4147/878/56 4065/879/1290 4148/880/1291
f 4148/880/1291 4065/879/1290 4149/881/1327
f 4065/879/1290 4067/882/1327 4149/881/1327
f 4149/881/1327 4067/882/1327 4150/883/1328
f 4067/882/1327 4070/884/1328 4150/883/1328
f 4150/883/1328 4070/884/1328 4152/885/1294
f 4070/884/1328 4073/886/1294 4152/885/1294
f 4151/885/1296 4074/886/1329 4153/887/51
f 4074/886/1329 4076/888/51 4153/887/51
f 4153/887/51 4076/888/51 4154/889/1290
f 4076/888/51 4078/890/1298 4154/889/1290
f 4154/889/1290 4078/890/1298 4155/891/1299
f 4078/890/1298 4080/892/1299 4155/891/1299
f 4155/891/1299 4080/892/1299 4156/893/1300
f 4080/892/1299 4083/894/1300 4156/893/1300
f 4156/893/1300 4083/894/1300 4157/895/1301
f 4083/894/1300 4085/896/1301 4157/895/1301
f 4157/895/1301 4085/896/1301 4158/897/1302
f 4085/896/1301 4088/898/1303 4158/897/1302
f 4158/897/1302 4088/898/1303 4159/899/1304
f 4088/898/1303 4091/900/1305 4159/899/1304
f 4159/899/1304 4091/900/1305 4161/901/1330
f 4091/900/1305 4094/902/1307 4161/901/1330
f 4160/901/1309 4095/902/1309 4163/903/1300
f 4095/902/1309 4097/904/1300 4163/903/1300
f 4162/905/1289 4098/906/1289 4164/907/1331
f 4098/906/1289 4100/908/1331 4164/907/1331
f 4164/907/1331 4100/908/1331 4165/909/1311
f 4100/908/1331 4102/910/1311 4165/909/1311
f 4165/909/1311 4102/910/1311 4166/911/1304
f 4102/910/1311 4105/912/1312 4166/911/1304
f 4166/911/1304 4105/912/1312 4167/913/1332
f 4105/912/1312 4107/914/1332 4167/913/1332
f 4167/913/1332 4107/914/1332 4168/915/1333
f 4107/914/1332 4110/916/1314 4168/915/1333
f 4168/915/1333 4110/916/1314 4169/917/1334
f 4110/916/1314 4115/918/1334 4169/917/1334
f 4169/917/1334 4115/918/1334 4171/919/1316
f 4115/918/1334 4112/920/1316 4171/919/1316
f 4170/919/1317 4113/920/1318 4172/921/1319
f 4113/920/1318 4117/922/1312 4172/921/1319
f 4172/921/1319 4117/922/1312 4173/923/1313
f 4117/922/1312 4120/924/1313 4173/923/1313
f 4173/923/1313 4120/924/1313 4174/925/1314
f 4120/924/1313 4123/926/1314 4174/925/1314
f 4174/925/1314 4123/926/1314 4175/927/1320
f 4123/926/1314 4126/928/1320 4175/927/1320
f 4175/927/1320 4126/928/1320 4176/929/1335
f 4126/928/1320 4128/930/1321 4176/929/1335
f 4176/929/1335 4128/930/1321 4177/931/1322
f 4128/930/1321 4131/932/1322 4177/931/1322
f 4177/931/1322 4131/932/1322 4178/933/56
f 4131/932/1322 4134/934/56 4178/933/56
f 4178/933/56 4134/934/56 4180/935/1323
f 4134/934/56 4137/936/1324 4180/935/1323
f 4179/935/1325 4138/936/1325 4181/937/1320
f 4138/936/1325 4140/938/1287 4181/937/1320
f 4181/937/1320 4140/938/1287 4182/939/1321
f 4140/938/1287 4142/940/1321 4182/939/1321
f 4182/939/1321 4142/940/1321 4183/941/1336
f 4142/940/1321 4144/942/1336 4183/941/1336
f 4183/941/1336 4144/942/1336 4184/943/56
f 4144/942/1336 4147/878/56 4184/943/56
f 4147/878/56 4148/880/1291 4184/943/56
s 0
f 4185/830/1286 4186/831/1286 4188/832/1286
f 4188/832/1286 4186/831/1286 4190/833/1286
f 4186/831/1286 4191/834/1286 4190/833/1286
f 4190/833/1286 4191/834/1286 4193/835/1286
f 4191/834/1286 4194/836/1286 4193/835/1286
f 4197/837/1286 4193/835/1286 4199/838/1286
f 4199/838/1286 4193/835/1286 4201/839/1286
f 4193/835/1286 4194/836/1286 4201/839/1286
f 4201/839/1286 4194/836/1286 4203/840/1286
f 4194/836/1286 4204/841/1286 4203/840/1286
f 4203/840/1286 4204/841/1286 4206/842/1286
f 4206/842/1286 4204/841/1286 4208/843/1286
f 4204/841/1286 4209/844/1286 4208/843/1286
f 4208/843/1286 4209/844/1286 4211/845/1286
f 4209/844/1286 4212/846/1286 4211/845/1286
f 4211/845/1286 4212/846/1286 4214/847/1286
f 4212/846/1286 4215/848/1286 4214/847/1286
f 4218/849/1286 4214/847/1286 4221/850/1286
f 4221/850/1286 4214/847/1286 4223/851/1286
f 4214/847/1286 4215/848/1286 4223/851/1286
f 4223/851/1286 4215/848/1286 4225/852/1286
f 4215/848/1286 4226/853/1286 4225/852/1286
f 4225/852/1286 4226/853/1286 4228/854/1286
f 4228/854/1286 4226/853/1286 4230/855/1286
f 4226/853/1286 4231/856/1286 4230/855/1286
f 4230/855/1286 4231/856/1286 4233/857/1286
f 4236/858/1286 4238/859/1286 4240/860/1286
f 4238/859/1286 4233/857/1286 4240/860/1286
f 4233/857/1286 4231/856/1286 4240/860/1286
f 4231/856/1286 4241/861/1286 4240/860/1286
f 4240/860/1286 4241/861/1286 4243/862/1286
f 4241/861/1286 4244/863/1286 4243/862/1286
f 4243/862/1286 4244/863/1286 4246/864/1286
f 4244/863/1286 4247/865/1286 4246/864/1286
f 4246/864/1286 4247/865/1286 4249/866/1286
f 4249/866/1286 4247/865/1286 4251/867/1286
f 4247/865/1286 4252/868/1286 4251/867/1286
f 4251/867/1286 4252/868/1286 4254/869/1286
f 4252/868/1286 4255/870/1286 4254/869/1286
f 4254/869/1286 4255/870/1286 4257/871/1286
f 4255/870/1286 4258/872/1286 4257/871/1286
f 4261/873/1286 4257/871/1286 4263/874/1286
f 4263/874/1286 4257/871/1286 4265/875/1286
f 4257/871/1286 4258/872/1286 4265/875/1286
f 4265/875/1286 4258/872/1286 4267/876/1286
f 4258/872/1286 4185/830/1286 4267/876/1286
f 4267/876/1286 4185/830/1286 4268/877/1286
f 4185/830/1286 4188/832/1286 4268/877/1286
s 1
f 4269/878/56 4187/879/1290 4270/880/1291
f 4270/880/1291 4187/879/1290 4271/881/1327
f 4187/879/1290 4189/882/1327 4271/881/1327
f 4271/881/1327 4189/882/1327 4272/883/1328
f 4189/882/1327 4192/884/1328 4272/883/1328
f 4272/883/1328 4192/884/1328 4274/885/1294
f 4192/884/1328 4195/886/1294 4274/885/1294
f 4273/885/1296 4196/886/1297 4275/887/51
f 4196/886/1297 4198/888/51 4275/887/51
f 4275/887/51 4198/888/51 4276/889/1290
f 4198/888/51 4200/890/1298 4276/889/1290
f 4276/889/1290 4200/890/1298 4277/891/1299
f 4200/890/1298 4202/892/1299 4277/891/1299
f 4277/891/1299 4202/892/1299 4278/893/1300
f 4202/892/1299 4205/894/1300 4278/893/1300
f 4278/893/1300 4205/894/1300 4279/895/1301
f 4205/894/1300 4207/896/1301 4279/895/1301
f 4279/895/1301 4207/896/1301 4280/897/1302
f 4207/896/1301 4210/898/1303 4280/897/1302
f 4280/897/1302 4210/898/1303 4281/899/1304
f 4210/898/1303 4213/900/1305 4281/899/1304
f 4281/899/1304 4213/900/1305 4283/901/1306
f 4213/900/1305 4216/902/1307 4283/901/1306
f 4282/901/1309 4217/902/1309 4285/903/1300
f 4217/902/1309 4219/904/1300 4285/903/1300
f 4284/905/1289 4220/906/1289 4286/907/1331
f 4220/906/1289 4222/908/1331 4286/907/1331
f 4286/907/1331 4222/908/1331 4287/909/1311
f 4222/908/1331 4224/910/1311 4287/909/1311
f 4287/909/1311 4224/910/1311 4288/911/1304
f 4224/910/1311 4227/912/1312 4288/911/1304
f 4288/911/1304 4227/912/1312 4289/913/1332
f 4227/912/1312 4229/914/1332 4289/913/1332
f 4289/913/1332 4229/914/1332 4290/915/1333
f 4229/914/1332 4232/916/1314 4290/915/1333
f 4290/915/1333 4232/916/1314 4291/917/1334
f 4232/916/1314 4237/918/1334 4291/917/1334
f 4291/917/1334 4237/918/1334 4293/919/1316
f 4237/918/1334 4234/920/1316 4293/919/1316
f 4292/919/1317 4235/920/1318 4294/921/1319
f 4235/920/1318 4239/922/1312 4294/921/1319
f 4294/921/1319 4239/922/1312 4295/923/1313
f 4239/922/1312 4242/924/1313 4295/923/1313
f 4295/923/1313 4242/924/1313 4296/925/1314
f 4242/924/1313 4245/926/1314 4296/925/1314
f 4296/925/1314 4245/926/1314 4297/927/1320
f 4245/926/1314 4248/928/1320 4297/927/1320
f 4297/927/1320 4248/928/1320 4298/929/1335
f 4248/928/1320 4250/930/1321 4298/929/1335
f 4298/929/1335 4250/930/1321 4299/931/1322
f 4250/930/1321 4253/932/1322 4299/931/1322
f 4299/931/1322 4253/932/1322 4300/933/56
f 4253/932/1322 4256/934/56 4300/933/56
f 4300/933/56 4256/934/56 4302/935/1323
f 4256/934/56 4259/936/1324 4302/935/1323
f 4301/935/1325 4260/936/1325 4303/937/1320
f 4260/936/1325 4262/938/1287 4303/937/1320
f 4303/937/1320 4262/938/1287 4304/939/1321
f 4262/938/1287 4264/940/1321 4304/939/1321
f 4304/939/1321 4264/940/1321 4305/941/1336
f 4264/940/1321 4266/942/1336 4305/941/1336
f 4305/941/1336 4266/942/1336 4306/943/56
f 4266/942/1336 4269/878/56 4306/943/56
f 4269/878/56 4270/880/1291 4306/943/56
s 0
f 4307/830/1286 4308/831/1286 4310/832/1286
f 4310/832/1286 4308/831/1286 4312/833/1286
f 4308/831/1286 4313/834/1286 4312/833/1286
f 4312/833/1286 4313/834/1286 4315/835/1286
f 4313/834/1286 4316/836/1286 4315/835/1286
f 4319/837/1286 4315/835/1286 4321/838/1286
f 4321/838/1286 4315/835/1286 4323/839/1286
f 4315/835/1286 4316/836/1286 4323/839/1286
f 4323/839/1286 4316/836/1286 4325/840/1286
f 4316/836/1286 4326/841/1286 4325/840/1286
f 4325/840/1286 4326/841/1286 4328/842/1286
f 4328/842/1286 4326/841/1286 4330/843/1286
f 4326/841/1286 4331/844/1286 4330/843/1286
f 4330/843/1286 4331/844/1286 4333/845/1286
f 4331/844/1286 4334/846/1286 4333/845/1286
f 4333/845/1286 4334/846/1286 4336/847/1286
f 4334/846/1286 4337/848/1286 4336/847/1286
f 4340/849/1286 4336/847/1286 4343/850/1286
f 4343/850/1286 4336/847/1286 4345/851/1286
f 4336/847/1286 4337/848/1286 4345/851/1286
f 4345/851/1286 4337/848/1286 4347/852/1286
f 4337/848/1286 4348/853/1286 4347/852/1286
f 4347/852/1286 4348/853/1286 4350/854/1286
f 4350/854/1286 4348/853/1286 4352/855/1286
f 4348/853/1286 4353/856/1286 4352/855/1286
f 4352/855/1286 4353/856/1286 4355/857/1286
f 4358/858/1286 4360/859/1286 4362/860/1286
f 4360/859/1286 4355/857/1286 4362/860/1286
f 4355/857/1286 4353/856/1286 4362/860/1286
f 4353/856/1286 4363/861/1286 4362/860/1286
f 4362/860/1286 4363/861/1286 4365/862/1286
f 4363/861/1286 4366/863/1286 4365/862/1286
f 4365/862/1286 4366/863/1286 4368/864/1286
f 4366/863/1286 4369/865/1286 4368/864/1286
f 4368/864/1286 4369/865/1286 4371/866/1286
f 4371/866/1286 4369/865/1286 4373/867/1286
f 4369/865/1286 4374/868/1286 4373/867/1286
f 4373/867/1286 4374/868/1286 4376/869/1286
f 4374/868/1286 4377/870/1286 4376/869/1286
f 4376/869/1286 4377/870/1286 4379/871/1286
f 4377/870/1286 4380/872/1286 4379/871/1286
f 4383/873/1286 4379/871/1286 4385/874/1286
f 4385/874/1286 4379/871/1286 4387/875/1286
f 4379/871/1286 4380/872/1286 4387/875/1286
f 4387/875/1286 4380/872/1286 4389/876/1286
f 4380/872/1286 4307/830/1286 4389/876/1286
f 4389/876/1286 4307/830/1286 4390/877/1286
f 4307/830/1286 4310/832/1286 4390/877/1286
s 1
f 4391/878/56 4309/879/1290 4392/880/1291
f 4392/880/1291 4309/879/1290 4393/881/1292
f 4309/879/1290 4311/882/1292 4393/881/1292
f 4393/881/1292 4311/882/1292 4394/883/1289
f 4311/882/1292 4314/884/1293 4394/883/1289
f 4394/883/1289 4314/884/1293 4396/885/1294
f 4314/884/1293 4317/886/1295 4396/885/1294
f 4395/885/1337 4318/886/1338 4397/887/51
f 4318/886/1338 4320/888/51 4397/887/51
f 4397/887/51 4320/888/51 4398/889/1339
f 4320/888/51 4322/890/1339 4398/889/1339
f 4398/889/1339 4322/890/1339 4399/891/1340
f 4322/890/1339 4324/892/1340 4399/891/1340
f 4399/891/1340 4324/892/1340 4400/893/1300
f 4324/892/1340 4327/894/1300 4400/893/1300
f 4400/893/1300 4327/894/1300 4401/895/1341
f 4327/894/1300 4329/896/1341 4401/895/1341
f 4401/895/1341 4329/896/1341 4402/897/1342
f 4329/896/1341 4332/898/1342 4402/897/1342
f 4402/897/1342 4332/898/1342 4403/899/1304
f 4332/898/1342 4335/900/1305 4403/899/1304
f 4403/899/1304 4335/900/1305 4405/901/1330
f 4335/900/1305 4338/902/1343 4405/901/1330
f 4404/901/1309 4339/902/1309 4407/903/1289
f 4339/902/1309 4341/904/1289 4407/903/1289
f 4406/905/1289 4342/906/1289 4408/907/1310
f 4342/906/1289 4344/908/1310 4408/907/1310
f 4408/907/1310 4344/908/1310 4409/909/1342
f 4344/908/1310 4346/910/1342 4409/909/1342
f 4409/909/1342 4346/910/1342 4410/911/1304
f 4346/910/1342 4349/912/1312 4410/911/1304
f 4410/911/1304 4349/912/1312 4411/913/1332
f 4349/912/1312 4351/914/1332 4411/913/1332
f 4411/913/1332 4351/914/1332 4412/915/1333
f 4351/914/1332 4354/916/1314 4412/915/1333
f 4412/915/1333 4354/916/1314 4413/917/1334
f 4354/916/1314 4359/918/1334 4413/917/1334
f 4413/917/1334 4359/918/1334 4415/919/1316
f 4359/918/1334 4356/920/1316 4415/919/1316
f 4414/919/1317 4357/920/1318 4416/921/1319
f 4357/920/1318 4361/922/1312 4416/921/1319
f 4416/921/1319 4361/922/1312 4417/923/1313
f 4361/922/1312 4364/924/1313 4417/923/1313
f 4417/923/1313 4364/924/1313 4418/925/1314
f 4364/924/1313 4367/926/1314 4418/925/1314
f 4418/925/1314 4367/926/1314 4419/927/1320
f 4367/926/1314 4370/928/1320 4419/927/1320
f 4419/927/1320 4370/928/1320 4420/929/1335
f 4370/928/1320 4372/930/1321 4420/929/1335
f 4420/929/1335 4372/930/1321 4421/931/1322
f 4372/930/1321 4375/932/1322 4421/931/1322
f 4421/931/1322 4375/932/1322 4422/933/56
f 4375/932/1322 4378/934/56 4422/933/56
f 4422/933/56 4378/934/56 4424/935/1323
f 4378/934/56 4381/936/1324 4424/935/1323
f 4423/935/1325 4382/936/1325 4425/937/1320
f 4382/936/1325 4384/938/1287 4425/937/1320
f 4425/937/1320 4384/938/1287 4426/939/1321
f 4384/938/1287 4386/940/1321 4426/939/1321
f 4426/939/1321 4386/940/1321 4427/941/1336
f 4386/940/1321 4388/942/1336 4427/941/1336
f 4427/941/1336 4388/942/1336 4428/943/51
f 4388/942/1336 4391/878/56 4428/943/51
f 4391/878/56 4392/880/1291 4428/943/51
s 0
f 4429/830/1289 4430/872/1289 4432/876/1289
f 4432/876/1289 4430/872/1289 4434/875/1289
f 4437/873/1289 4439/874/1289 4441/871/1289
f 4439/874/1289 4434/875/1289 4441/871/1289
f 4434/875/1289 4430/872/1289 4441/871/1289
f 4430/872/1289 4442/870/1289 4441/871/1289
f 4441/871/1289 4442/870/1289 4444/869/1289
f 4442/870/1289 4445/868/1289 4444/869/1289
f 4444/869/1289 4445/868/1289 4447/867/1289
f 4445/868/1344 4448/865/1344 4447/867/1344
f 4447/867/1344 4448/865/1344 4450/866/1344
f 4450/866/1289 4448/865/1289 4452/864/1289
f 4448/865/1289 4453/863/1289 4452/864/1289
f 4452/864/1289 4453/863/1289 4455/862/1289
f 4453/863/1289 4456/861/1289 4455/862/1289
f 4455/862/1289 4456/861/1289 4458/860/1289
f 4456/861/1289 4459/856/1289 4458/860/1289
f 4462/858/1289 4458/860/1289 4464/859/1289
f 4464/859/1345 4458/860/1345 4466/857/1345
f 4458/860/1346 4459/856/1346 4466/857/1346
f 4466/857/1289 4459/856/1289 4468/855/1289
f 4459/856/1289 4469/853/1289 4468/855/1289
f 4468/855/1289 4469/853/1289 4471/854/1289
f 4471/854/1344 4469/853/1344 4473/852/1344
f 4469/853/1289 4474/848/1289 4473/852/1289
f 4473/852/1289 4474/848/1289 4476/851/1289
f 4479/849/1289 4482/850/1289 4484/847/1289
f 4482/850/1347 4476/851/1347 4484/847/1347
f 4476/851/1289 4474/848/1289 4484/847/1289
f 4474/848/1289 4485/846/1289 4484/847/1289
f 4484/847/1289 4485/846/1289 4487/845/1289
f 4485/846/1289 4488/844/1289 4487/845/1289
f 4487/845/1344 4488/844/1344 4490/843/1344
f 4488/844/1289 4491/841/1289 4490/843/1289
f 4490/843/1344 4491/841/1344 4493/842/1344
f 4493/842/1289 4491/841/1289 4495/840/1289
f 4491/841/1346 4496/836/1346 4495/840/1346
f 4495/840/1289 4496/836/1289 4498/839/1289
f 4501/837/1289 4503/838/1289 4505/835/1289
f 4503/838/1344 4498/839/1344 4505/835/1344
f 4498/839/1289 4496/836/1289 4505/835/1289
f 4496/836/1289 4506/834/1289 4505/835/1289
f 4505/835/1289 4506/834/1289 4508/833/1289
f 4506/834/1289 4509/831/1289 4508/833/1289
f 4508/833/1289 4509/831/1289 4511/832/1289
f 4509/831/1289 4429/830/1289 4511/832/1289
f 4511/832/1289 4429/830/1289 4512/877/1289
f 4429/830/1289 4432/876/1289 4512/877/1289
s 1
f 4513/878/1348 4431/942/1349 4514/943/1348
f 4514/943/1348 4431/942/1349 4515/941/1349
f 4431/942/1349 4433/940/1350 4515/941/1349
f 4515/941/1349 4433/940/1350 4516/939/1350
f 4433/940/1350 4438/938/1351 4516/939/1350
f 4516/939/1350 4438/938/1351 4517/937/1351
f 4438/938/1351 4435/936/1352 4517/937/1351
f 4517/937/1351 4435/936/1352 4519/935/1352
f 4436/936/1353 4440/934/1348 4518/935/1353
f 4518/935/1353 4440/934/1348 4520/933/1348
f 4440/934/1348 4443/932/1349 4520/933/1348
f 4520/933/1348 4443/932/1349 4521/931/1349
f 4443/932/1349 4446/930/1350 4521/931/1349
f 4521/931/1349 4446/930/1350 4522/929/1350
f 4446/930/1350 4449/928/1354 4522/929/1350
f 4522/929/1350 4449/928/1354 4523/927/1354
f 4449/928/1354 4451/926/1355 4523/927/1354
f 4523/927/1354 4451/926/1355 4524/925/1355
f 4451/926/1355 4454/924/1356 4524/925/1355
f 4524/925/1355 4454/924/1356 4525/923/1356
f 4454/924/1356 4457/922/1357 4525/923/1356
f 4525/923/1356 4457/922/1357 4526/921/1357
f 4457/922/1357 4460/920/1358 4526/921/1357
f 4526/921/1357 4460/920/1358 4528/919/1358
f 4461/920/1359 4463/918/1360 4527/919/1359
f 4527/919/1359 4463/918/1360 4529/917/1360
f 4463/918/1360 4465/916/1355 4529/917/1360
f 4529/917/1360 4465/916/1355 4530/915/1355
f 4465/916/1355 4467/914/1356 4530/915/1355
f 4530/915/1355 4467/914/1356 4531/913/1356
f 4467/914/1356 4470/912/1357 4531/913/1356
f 4531/913/1356 4470/912/1357 4532/911/1357
f 4470/912/1357 4472/910/1361 4532/911/1357
f 4532/911/1357 4472/910/1361 4533/909/1362
f 4472/910/1361 4475/908/1363 4533/909/1362
f 4533/909/1362 4475/908/1363 4534/907/1363
f 4475/908/1363 4480/906/1286 4534/907/1363
f 4534/907/1363 4480/906/1286 4536/905/1286
f 4481/904/1364 4477/902/1365 4535/903/1364
f 4535/903/1364 4477/902/1365 4538/901/1366
f 4478/902/1367 4483/900/1304 4537/901/1367
f 4537/901/1367 4483/900/1304 4539/899/1304
f 4483/900/1304 4486/898/1362 4539/899/1304
f 4539/899/1304 4486/898/1362 4540/897/1362
f 4486/898/1362 4489/896/1368 4540/897/1362
f 4540/897/1362 4489/896/1368 4541/895/1368
f 4489/896/1368 4492/894/1364 4541/895/1368
f 4541/895/1368 4492/894/1364 4542/893/1364
f 4492/894/1364 4494/892/1369 4542/893/1364
f 4542/893/1364 4494/892/1369 4543/891/1369
f 4494/892/1369 4497/890/1370 4543/891/1369
f 4543/891/1369 4497/890/1370 4544/889/1370
f 4497/890/1370 4502/888/51 4544/889/1370
f 4544/889/1370 4502/888/51 4545/887/51
f 4502/888/51 4499/886/1371 4545/887/51
f 4545/887/51 4499/886/1371 4547/885/1372
f 4500/886/1373 4504/884/1374 4546/885/1375
f 4546/885/1375 4504/884/1374 4548/883/1376
f 4504/884/1374 4507/882/1377 4548/883/1376
f 4548/883/1376 4507/882/1377 4549/881/1377
f 4507/882/1377 4510/879/1370 4549/881/1377
f 4549/881/1377 4510/879/1370 4550/880/1378
f 4510/879/1370 4513/878/1348 4550/880/1378
f 4513/878/1348 4514/943/1348 4550/880/1378
s 0
f 4551/830/1288 4552/872/1288 4554/876/1288
f 4554/876/1288 4552/872/1288 4556/875/1288
f 4559/873/1288 4561/874/1288 4563/871/1288
f 4561/874/1288 4556/875/1288 4563/871/1288
f 4556/875/1288 4552/872/1288 4563/871/1288
f 4552/872/1288 4564/870/1288 4563/871/1288
f 4563/871/1288 4564/870/1288 4566/869/1288
f 4564/870/1288 4567/868/1288 4566/869/1288
f 4566/869/1288 4567/868/1288 4569/867/1288
f 4567/868/1288 4570/865/1288 4569/867/1288
f 4569/867/1288 4570/865/1288 4572/866/1288
f 4572/866/1288 4570/865/1288 4574/864/1288
f 4570/865/1288 4575/863/1288 4574/864/1288
f 4574/864/1288 4575/863/1288 4577/862/1288
f 4575/863/1288 4578/861/1288 4577/862/1288
f 4577/862/1288 4578/861/1288 4580/860/1288
f 4578/861/1288 4581/856/1288 4580/860/1288
f 4584/858/1288 4580/860/1288 4586/859/1288
f 4586/859/1288 4580/860/1288 4588/857/1288
f 4580/860/1288 4581/856/1288 4588/857/1288
f 4588/857/1288 4581/856/1288 4590/855/1288
f 4581/856/1288 4591/853/1288 4590/855/1288
f 4590/855/1288 4591/853/1288 4593/854/1288
f 4593/854/1288 4591/853/1288 4595/852/1288
f 4591/853/1288 4596/848/1288 4595/852/1288
f 4595/852/1288 4596/848/1288 4598/851/1288
f 4601/849/1288 4604/850/1288 4606/847/1288
f 4604/850/1288 4598/851/1288 4606/847/1288
f 4598/851/1288 4596/848/1288 4606/847/1288
f 4596/848/1288 4607/846/1288 4606/847/1288
f 4606/847/1288 4607/846/1288 4609/845/1288
f 4607/846/1288 4610/844/1288 4609/845/1288
f 4609/845/1288 4610/844/1288 4612/843/1288
f 4610/844/1288 4613/841/1288 4612/843/1288
f 4612/843/1288 4613/841/1288 4615/842/1288
f 4615/842/1288 4613/841/1288 4617/840/1288
f 4613/841/1288 4618/836/1288 4617/840/1288
f 4617/840/1288 4618/836/1288 4620/839/1288
f 4623/837/1288 4625/838/1288 4627/835/1288
f 4625/838/1288 4620/839/1288 4627/835/1288
f 4620/839/1288 4618/836/1288 4627/835/1288
f 4618/836/1288 4628/834/1288 4627/835/1288
f 4627/835/1288 4628/834/1288 4630/833/1288
f 4628/834/1288 4631/831/1288 4630/833/1288
f 4630/833/1288 4631/831/1288 4633/832/1288
f 4631/831/1288 4551/830/1288 4633/832/1288
f 4633/832/1288 4551/830/1288 4634/877/1288
f 4551/830/1288 4554/876/1288 4634/877/1288
s 1
f 4635/878/56 4553/942/1322 4636/943/56
f 4636/943/56 4553/942/1322 4637/941/1322
f 4553/942/1322 4555/940/1321 4637/941/1322
f 4637/941/1322 4555/940/1321 4638/939/1321
f 4555/940/1321 4560/938/1326 4638/939/1321
f 4638/939/1321 4560/938/1326 4639/937/1326
f 4560/938/1326 4557/936/1325 4639/937/1326
f 4639/937/1326 4557/936/1325 4641/935/1325
f 4558/936/1324 4562/934/56 4640/935/1323
f 4640/935/1323 4562/934/56 4642/933/56
f 4562/934/56 4565/932/1322 4642/933/56
f 4642/933/56 4565/932/1322 4643/931/1322
f 4565/932/1322 4568/930/1321 4643/931/1322
f 4643/931/1322 4568/930/1321 4644/929/1321
f 4568/930/1321 4571/928/1320 4644/929/1321
f 4644/929/1321 4571/928/1320 4645/927/1320
f 4571/928/1320 4573/926/1314 4645/927/1320
f 4645/927/1320 4573/926/1314 4646/925/1314
f 4573/926/1314 4576/924/1313 4646/925/1314
f 4646/925/1314 4576/924/1313 4647/923/1313
f 4576/924/1313 4579/922/1312 4647/923/1313
f 4647/923/1313 4579/922/1312 4648/921/1319
f 4579/922/1312 4582/920/1318 4648/921/1319
f 4648/921/1319 4582/920/1318 4650/919/1317
f 4583/920/1316 4585/918/1315 4649/919/1316
f 4649/919/1316 4585/918/1315 4651/917/1315
f 4585/918/1315 4587/916/1314 4651/917/1315
f 4651/917/1315 4587/916/1314 4652/915/1314
f 4587/916/1314 4589/914/1313 4652/915/1314
f 4652/915/1314 4589/914/1313 4653/913/1313
f 4589/914/1313 4592/912/1312 4653/913/1313
f 4653/913/1313 4592/912/1312 4654/911/1304
f 4592/912/1312 4594/910/1311 4654/911/1304
f 4654/911/1304 4594/910/1311 4655/909/1311
f 4594/910/1311 4597/908/1310 4655/909/1311
f 4655/909/1311 4597/908/1310 4656/907/1379
f 4597/908/1310 4602/906/1289 4656/907/1379
f 4656/907/1379 4602/906/1289 4658/905/1289
f 4603/904/1300 4599/902/1309 4657/903/1300
f 4657/903/1300 4599/902/1309 4660/901/1309
f 4600/902/1307 4605/900/1305 4659/901/1306
f 4659/901/1306 4605/900/1305 4661/899/1304
f 4605/900/1305 4608/898/1303 4661/899/1304
f 4661/899/1304 4608/898/1303 4662/897/1302
f 4608/898/1303 4611/896/1301 4662/897/1302
f 4662/897/1302 4611/896/1301 4663/895/1301
f 4611/896/1301 4614/894/1300 4663/895/1301
f 4663/895/1301 4614/894/1300 4664/893/1300
f 4614/894/1300 4616/892/1299 4664/893/1300
f 4664/893/1300 4616/892/1299 4665/891/1299
f 4616/892/1299 4619/890/1298 4665/891/1299
f 4665/891/1299 4619/890/1298 4666/889/1290
f 4619/890/1298 4624/888/51 4666/889/1290
f 4666/889/1290 4624/888/51 4667/887/51
f 4624/888/51 4621/886/1297 4667/887/51
f 4667/887/51 4621/886/1297 4669/885/1380
f 4622/886/1381 4626/884/1289 4668/885/1295
f 4668/885/1295 4626/884/1289 4670/883/1293
f 4626/884/1289 4629/882/1292 4670/883/1293
f 4670/883/1293 4629/882/1292 4671/881/1292
f 4629/882/1292 4632/879/1290 4671/881/1292
f 4671/881/1292 4632/879/1290 4672/880/1291
f 4632/879/1290 4635/878/56 4672/880/1291
f 4635/878/56 4636/943/56 4672/880/1291
s 0
f 4673/830/1288 4674/872/1288 4676/876/1288
f 4676/876/1288 4674/872/1288 4678/875/1288
f 4681/873/1288 4683/874/1288 4685/871/1288
f 4683/874/1288 4678/875/1288 4685/871/1288
f 4678/875/1288 4674/872/1288 4685/871/1288
f 4674/872/1288 4686/870/1288 4685/871/1288
f 4685/871/1288 4686/870/1288 4688/869/1288
f 4686/870/1288 4689/868/1288 4688/869/1288
f 4688/869/1288 4689/868/1288 4691/867/1288
f 4689/868/1288 4692/865/1288 4691/867/1288
f 4691/867/1288 4692/865/1288 4694/866/1288
f 4694/866/1288 4692/865/1288 4696/864/1288
f 4692/865/1288 4697/863/1288 4696/864/1288
f 4696/864/1288 4697/863/1288 4699/862/1288
f 4697/863/1288 4700/861/1288 4699/862/1288
f 4699/862/1288 4700/861/1288 4702/860/1288
f 4700/861/1288 4703/856/1288 4702/860/1288
f 4706/858/1288 4702/860/1288 4708/859/1288
f 4708/859/1288 4702/860/1288 4710/857/1288
f 4702/860/1288 4703/856/1288 4710/857/1288
f 4710/857/1288 4703/856/1288 4712/855/1288
f 4703/856/1288 4713/853/1288 4712/855/1288
f 4712/855/1288 4713/853/1288 4715/854/1288
f 4715/854/1288 4713/853/1288 4717/852/1288
f 4713/853/1288 4718/848/1288 4717/852/1288
f 4717/852/1288 4718/848/1288 4720/851/1288
f 4723/849/1288 4726/850/1288 4728/847/1288
f 4726/850/1288 4720/851/1288 4728/847/1288
f 4720/851/1288 4718/848/1288 4728/847/1288
f 4718/848/1288 4729/846/1288 4728/847/1288
f 4728/847/1288 4729/846/1288 4731/845/1288
f 4729/846/1288 4732/844/1288 4731/845/1288
f 4731/845/1288 4732/844/1288 4734/843/1288
f 4732/844/1288 4735/841/1288 4734/843/1288
f 4734/843/1288 4735/841/1288 4737/842/1288
f 4737/842/1288 4735/841/1288 4739/840/1288
f 4735/841/1288 4740/836/1288 4739/840/1288
f 4739/840/1288 4740/836/1288 4742/839/1288
f 4745/837/1288 4747/838/1288 4749/835/1288
f 4747/838/1288 4742/839/1288 4749/835/1288
f 4742/839/1288 4740/836/1288 4749/835/1288
f 4740/836/1288 4750/834/1288 4749/835/1288
f 4749/835/1288 4750/834/1288 4752/833/1288
f 4750/834/1288 4753/831/1288 4752/833/1288
f 4752/833/1288 4753/831/1288 4755/832/1288
f 4753/831/1288 4673/830/1288 4755/832/1288
f 4755/832/1288 4673/830/1288 4756/877/1288
f 4673/830/1288 4676/876/1288 4756/877/1288
s 1
f 4757/878/56 4675/942/1336 4758/943/56
f 4758/943/56 4675/942/1336 4759/941/1336
f 4675/942/1336 4677/940/1321 4759/941/1336
f 4759/941/1336 4677/940/1321 4760/939/1321
f 4677/940/1321 4682/938/1287 4760/939/1321
f 4760/939/1321 4682/938/1287 4761/937/1320
f 4682/938/1287 4679/936/1325 4761/937/1320
f 4761/937/1320 4679/936/1325 4763/935/1325
f 4680/936/1324 4684/934/56 4762/935/1323
f 4762/935/1323 4684/934/56 4764/933/56
f 4684/934/56 4687/932/1322 4764/933/56
f 4764/933/56 4687/932/1322 4765/931/1322
f 4687/932/1322 4690/930/1321 4765/931/1322
f 4765/931/1322 4690/930/1321 4766/929/1335
f 4690/930/1321 4693/928/1320 4766/929/1335
f 4766/929/1335 4693/928/1320 4767/927/1320
f 4693/928/1320 4695/926/1314 4767/927/1320
f 4767/927/1320 4695/926/1314 4768/925/1314
f 4695/926/1314 4698/924/1313 4768/925/1314
f 4768/925/1314 4698/924/1313 4769/923/1313
f 4698/924/1313 4701/922/1312 4769/923/1313
f 4769/923/1313 4701/922/1312 4770/921/1319
f 4701/922/1312 4704/920/1318 4770/921/1319
f 4770/921/1319 4704/920/1318 4772/919/1317
f 4705/920/1316 4707/918/1334 4771/919/1316
f 4771/919/1316 4707/918/1334 4773/917/1334
f 4707/918/1334 4709/916/1314 4773/917/1334
f 4773/917/1334 4709/916/1314 4774/915/1333
f 4709/916/1314 4711/914/1332 4774/915/1333
f 4774/915/1333 4711/914/1332 4775/913/1332
f 4711/914/1332 4714/912/1312 4775/913/1332
f 4775/913/1332 4714/912/1312 4776/911/1304
f 4714/912/1312 4716/910/1311 4776/911/1304
f 4776/911/1304 4716/910/1311 4777/909/1311
f 4716/910/1311 4719/908/1331 4777/909/1311
f 4777/909/1311 4719/908/1331 4778/907/1331
f 4719/908/1331 4724/906/1289 4778/907/1331
f 4778/907/1331 4724/906/1289 4780/905/1289
f 4725/904/1300 4721/902/1309 4779/903/1300
f 4779/903/1300 4721/902/1309 4782/901/1309
f 4722/902/1307 4727/900/1305 4781/901/1330
f 4781/901/1330 4727/900/1305 4783/899/1304
f 4727/900/1305 4730/898/1303 4783/899/1304
f 4783/899/1304 4730/898/1303 4784/897/1302
f 4730/898/1303 4733/896/1301 4784/897/1302
f 4784/897/1302 4733/896/1301 4785/895/1301
f 4733/896/1301 4736/894/1300 4785/895/1301
f 4785/895/1301 4736/894/1300 4786/893/1300
f 4736/894/1300 4738/892/1299 4786/893/1300
f 4786/893/1300 4738/892/1299 4787/891/1299
f 4738/892/1299 4741/890/1298 4787/891/1299
f 4787/891/1299 4741/890/1298 4788/889/1290
f 4741/890/1298 4746/888/51 4788/889/1290
f 4788/889/1290 4746/888/51 4789/887/51
f 4746/888/51 4743/886/1297 4789/887/51
f 4789/887/51 4743/886/1297 4791/885/1337
f 4744/886/1294 4748/884/1328 4790/885/1294
f 4790/885/1294 4748/884/1328 4792/883/1328
f 4748/884/1328 4751/882/1327 4792/883/1328
f 4792/883/1328 4751/882/1327 4793/881/1327
f 4751/882/1327 4754/879/1290 4793/881/1327
f 4793/881/1327 4754/879/1290 4794/880/1291
f 4754/879/1290 4757/878/56 4794/880/1291
f 4757/878/56 4758/943/56 4794/880/1291
s 0
f 4795/830/1288 4796/872/1288 4798/876/1288
f 4798/876/1288 4796/872/1288 4800/875/1288
f 4803/873/1288 4805/874/1288 4807/871/1288
f 4805/874/1288 4800/875/1288 4807/871/1288
f 4800/875/1288 4796/872/1288 4807/871/1288
f 4796/872/1288 4808/870/1288 4807/871/1288
f 4807/871/1288 4808/870/1288 4810/869/1288
f 4808/870/1288 4811/868/1288 4810/869/1288
f 4810/869/1288 4811/868/1288 4813/867/1288
f 4811/868/1288 4814/865/1288 4813/867/1288
f 4813/867/1288 4814/865/1288 4816/866/1288
f 4816/866/1288 4814/865/1288 4818/864/1288
f 4814/865/1288 4819/863/1288 4818/864/1288
f 4818/864/1288 4819/863/1288 4821/862/1288
f 4819/863/1288 4822/861/1288 4821/862/1288
f 4821/862/1288 4822/861/1288 4824/860/1288
f 4822/861/1288 4825/856/1288 4824/860/1288
f 4828/858/1288 4824/860/1288 4830/859/1288
f 4830/859/1288 4824/860/1288 4832/857/1288
f 4824/860/1288 4825/856/1288 4832/857/1288
f 4832/857/1288 4825/856/1288 4834/855/1288
f 4825/856/1288 4835/853/1288 4834/855/1288
f 4834/855/1288 4835/853/1288 4837/854/1288
f 4837/854/1288 4835/853/1288 4839/852/1288
f 4835/853/1288 4840/848/1288 4839/852/1288
f 4839/852/1288 4840/848/1288 4842/851/1288
f 4845/849/1288 4848/850/1288 4850/847/1288
f 4848/850/1288 4842/851/1288 4850/847/1288
f 4842/851/1288 4840/848/1288 4850/847/1288
f 4840/848/1288 4851/846/1288 4850/847/1288
f 4850/847/1288 4851/846/1288 4853/845/1288
f 4851/846/1288 4854/844/1288 4853/845/1288
f 4853/845/1288 4854/844/1288 4856/843/1288
f 4854/844/1288 4857/841/1288 4856/843/1288
f 4856/843/1288 4857/841/1288 4859/842/1288
f 4859/842/1288 4857/841/1288 4861/840/1288
f 4857/841/1288 4862/836/1288 4861/840/1288
f 4861/840/1288 4862/836/1288 4864/839/1288
f 4867/837/1288 4869/838/1288 4871/835/1288
f 4869/838/1288 4864/839/1288 4871/835/1288
f 4864/839/1288 4862/836/1288 4871/835/1288
f 4862/836/1288 4872/834/1288 4871/835/1288
f 4871/835/1288 4872/834/1288 4874/833/1288
f 4872/834/1288 4875/831/1288 4874/833/1288
f 4874/833/1288 4875/831/1288 4877/832/1288
f 4875/831/1288 4795/830/1288 4877/832/1288
f 4877/832/1288 4795/830/1288 4878/877/1288
f 4795/830/1288 4798/876/1288 4878/877/1288
s 1
f 4879/878/56 4797/942/1336 4880/943/56
f 4880/943/56 4797/942/1336 4881/941/1336
f 4797/942/1336 4799/940/1321 4881/941/1336
f 4881/941/1336 4799/940/1321 4882/939/1321
f 4799/940/1321 4804/938/1287 4882/939/1321
f 4882/939/1321 4804/938/1287 4883/937/1320
f 4804/938/1287 4801/936/1325 4883/937/1320
f 4883/937/1320 4801/936/1325 4885/935/1325
f 4802/936/1324 4806/934/56 4884/935/1323
f 4884/935/1323 4806/934/56 4886/933/56
f 4806/934/56 4809/932/1322 4886/933/56
f 4886/933/56 4809/932/1322 4887/931/1322
f 4809/932/1322 4812/930/1321 4887/931/1322
f 4887/931/1322 4812/930/1321 4888/929/1335
f 4812/930/1321 4815/928/1320 4888/929/1335
f 4888/929/1335 4815/928/1320 4889/927/1320
f 4815/928/1320 4817/926/1314 4889/927/1320
f 4889/927/1320 4817/926/1314 4890/925/1314
f 4817/926/1314 4820/924/1313 4890/925/1314
f 4890/925/1314 4820/924/1313 4891/923/1313
f 4820/924/1313 4823/922/1312 4891/923/1313
f 4891/923/1313 4823/922/1312 4892/921/1319
f 4823/922/1312 4826/920/1318 4892/921/1319
f 4892/921/1319 4826/920/1318 4894/919/1317
f 4827/920/1316 4829/918/1334 4893/919/1316
f 4893/919/1316 4829/918/1334 4895/917/1334
f 4829/918/1334 4831/916/1314 4895/917/1334
f 4895/917/1334 4831/916/1314 4896/915/1333
f 4831/916/1314 4833/914/1332 4896/915/1333
f 4896/915/1333 4833/914/1332 4897/913/1332
f 4833/914/1332 4836/912/1312 4897/913/1332
f 4897/913/1332 4836/912/1312 4898/911/1304
f 4836/912/1312 4838/910/1311 4898/911/1304
f 4898/911/1304 4838/910/1311 4899/909/1311
f 4838/910/1311 4841/908/1331 4899/909/1311
f 4899/909/1311 4841/908/1331 4900/907/1331
f 4841/908/1331 4846/906/1289 4900/907/1331
f 4900/907/1331 4846/906/1289 4902/905/1289
f 4847/904/1300 4843/902/1309 4901/903/1300
f 4901/903/1300 4843/902/1309 4904/901/1309
f 4844/902/1307 4849/900/1305 4903/901/1306
f 4903/901/1306 4849/900/1305 4905/899/1304
f 4849/900/1305 4852/898/1303 4905/899/1304
f 4905/899/1304 4852/898/1303 4906/897/1302
f 4852/898/1303 4855/896/1301 4906/897/1302
f 4906/897/1302 4855/896/1301 4907/895/1301
f 4855/896/1301 4858/894/1300 4907/895/1301
f 4907/895/1301 4858/894/1300 4908/893/1300
f 4858/894/1300 4860/892/1299 4908/893/1300
f 4908/893/1300 4860/892/1299 4909/891/1299
f 4860/892/1299 4863/890/1298 4909/891/1299
f 4909/891/1299 4863/890/1298 4910/889/1290
f 4863/890/1298 4868/888/51 4910/889/1290
f 4910/889/1290 4868/888/51 4911/887/51
f 4868/888/51 4865/886/1297 4911/887/51
f 4911/887/51 4865/886/1297 4913/885/1380
f 4866/886/1294 4870/884/1328 4912/885/1294
f 4912/885/1294 4870/884/1328 4914/883/1328
f 4870/884/1328 4873/882/1327 4914/883/1328
f 4914/883/1328 4873/882/1327 4915/881/1327
f 4873/882/1327 4876/879/1290 4915/881/1327
f 4915/881/1327 4876/879/1290 4916/880/1291
f 4876/879/1290 4879/878/56 4916/880/1291
f 4879/878/56 4880/943/56 4916/880/1291
s 0
f 4917/830/1288 4918/872/1288 4920/876/1288
f 4920/876/1288 4918/872/1288 4922/875/1288
f 4925/873/1288 4927/874/1288 4929/871/1288
f 4927/874/1288 4922/875/1288 4929/871/1288
f 4922/875/1288 4918/872/1288 4929/871/1288
f 4918/872/1288 4930/870/1288 4929/871/1288
f 4929/871/1288 4930/870/1288 4932/869/1288
f 4930/870/1288 4933/868/1288 4932/869/1288
f 4932/869/1288 4933/868/1288 4935/867/1288
f 4933/868/1288 4936/865/1288 4935/867/1288
f 4935/867/1288 4936/865/1288 4938/866/1288
f 4938/866/1288 4936/865/1288 4940/864/1288
f 4936/865/1288 4941/863/1288 4940/864/1288
f 4940/864/1288 4941/863/1288 4943/862/1288
f 4941/863/1288 4944/861/1288 4943/862/1288
f 4943/862/1288 4944/861/1288 4946/860/1288
f 4944/861/1288 4947/856/1288 4946/860/1288
f 4950/858/1288 4946/860/1288 4952/859/1288
f 4952/859/1288 4946/860/1288 4954/857/1288
f 4946/860/1288 4947/856/1288 4954/857/1288
f 4954/857/1288 4947/856/1288 4956/855/1288
f 4947/856/1288 4957/853/1288 4956/855/1288
f 4956/855/1288 4957/853/1288 4959/854/1288
f 4959/854/1288 4957/853/1288 4961/852/1288
f 4957/853/1288 4962/848/1288 4961/852/1288
f 4961/852/1288 4962/848/1288 4964/851/1288
f 4967/849/1288 4970/850/1288 4972/847/1288
f 4970/850/1288 4964/851/1288 4972/847/1288
f 4964/851/1288 4962/848/1288 4972/847/1288
f 4962/848/1288 4973/846/1288 4972/847/1288
f 4972/847/1288 4973/846/1288 4975/845/1288
f 4973/846/1288 4976/844/1288 4975/845/1288
f 4975/845/1288 4976/844/1288 4978/843/1288
f 4976/844/1288 4979/841/1288 4978/843/1288
f 4978/843/1288 4979/841/1288 4981/842/1288
f 4981/842/1288 4979/841/1288 4983/840/1288
f 4979/841/1288 4984/836/1288 4983/840/1288
f 4983/840/1288 4984/836/1288 4986/839/1288
f 4989/837/1288 4991/838/1288 4993/835/1288
f 4991/838/1288 4986/839/1288 4993/835/1288
f 4986/839/1288 4984/836/1288 4993/835/1288
f 4984/836/1288 4994/834/1288 4993/835/1288
f 4993/835/1288 4994/834/1288 4996/833/1288
f 4994/834/1288 4997/831/1288 4996/833/1288
f 4996/833/1288 4997/831/1288 4999/832/1288
f 4997/831/1288 4917/830/1288 4999/832/1288
f 4999/832/1288 4917/830/1288 5000/877/1288
f 4917/830/1288 4920/876/1288 5000/877/1288
s 1
f 5001/878/56 4919/942/1336 5002/943/51
f 5002/943/51 4919/942/1336 5003/941/1336
f 4919/942/1336 4921/940/1335 5003/941/1336
f 5003/941/1336 4921/940/1335 5004/939/1321
f 4921/940/1335 4926/938/1287 5004/939/1321
f 5004/939/1321 4926/938/1287 5005/937/1320
f 4926/938/1287 4923/936/1325 5005/937/1320
f 5005/937/1320 4923/936/1325 5007/935/1325
f 4924/936/1324 4928/934/56 5006/935/1323
f 5006/935/1323 4928/934/56 5008/933/56
f 4928/934/56 4931/932/1322 5008/933/56
f 5008/933/56 4931/932/1322 5009/931/1322
f 4931/932/1322 4934/930/1321 5009/931/1322
f 5009/931/1322 4934/930/1321 5010/929/1335
f 4934/930/1321 4937/928/1320 5010/929/1335
f 5010/929/1335 4937/928/1320 5011/927/1320
f 4937/928/1320 4939/926/1314 5011/927/1320
f 5011/927/1320 4939/926/1314 5012/925/1314
f 4939/926/1314 4942/924/1313 5012/925/1314
f 5012/925/1314 4942/924/1313 5013/923/1313
f 4942/924/1313 4945/922/1312 5013/923/1313
f 5013/923/1313 4945/922/1312 5014/921/1319
f 4945/922/1312 4948/920/1318 5014/921/1319
f 5014/921/1319 4948/920/1318 5016/919/1317
f 4949/920/1316 4951/918/1334 5015/919/1316
f 5015/919/1316 4951/918/1334 5017/917/1334
f 4951/918/1334 4953/916/1314 5017/917/1334
f 5017/917/1334 4953/916/1314 5018/915/1333
f 4953/916/1314 4955/914/1332 5018/915/1333
f 5018/915/1333 4955/914/1332 5019/913/1332
f 4955/914/1332 4958/912/1312 5019/913/1332
f 5019/913/1332 4958/912/1312 5020/911/1304
f 4958/912/1312 4960/910/1342 5020/911/1304
f 5020/911/1304 4960/910/1342 5021/909/1311
f 4960/910/1342 4963/908/1310 5021/909/1311
f 5021/909/1311 4963/908/1310 5022/907/1310
f 4963/908/1310 4968/906/1289 5022/907/1310
f 5022/907/1310 4968/906/1289 5024/905/1289
f 4969/904/1289 4965/902/1382 5023/903/1289
f 5023/903/1289 4965/902/1382 5026/901/1308
f 4966/902/1307 4971/900/1305 5025/901/1330
f 5025/901/1330 4971/900/1305 5027/899/1304
f 4971/900/1305 4974/898/1342 5027/899/1304
f 5027/899/1304 4974/898/1342 5028/897/1342
f 4974/898/1342 4977/896/1341 5028/897/1342
f 5028/897/1342 4977/896/1341 5029/895/1341
f 4977/896/1341 4980/894/1300 5029/895/1341
f 5029/895/1341 4980/894/1300 5030/893/1300
f 4980/894/1300 4982/892/1340 5030/893/1300
f 5030/893/1300 4982/892/1340 5031/891/1340
f 4982/892/1340 4985/890/1339 5031/891/1340
f 5031/891/1340 4985/890/1339 5032/889/1339
f 4985/890/1339 4990/888/51 5032/889/1339
f 5032/889/1339 4990/888/51 5033/887/51
f 4990/888/51 4987/886/1329 5033/887/51
f 5033/887/51 4987/886/1329 5035/885/1337
f 4988/886/1295 4992/884/1289 5034/885/1294
f 5034/885/1294 4992/884/1289 5036/883/1289
f 4992/884/1289 4995/882/1292 5036/883/1289
f 5036/883/1289 4995/882/1292 5037/881/1292
f 4995/882/1292 4998/879/1290 5037/881/1292
f 5037/881/1292 4998/879/1290 5038/880/1291
f 4998/879/1290 5001/878/56 5038/880/1291
f 5001/878/56 5002/943/51 5038/880/1291
