# Blender 5.2.0 Alpha
# www.blender.org
mtllib Flowers.mtl
o Flowers
v -1.441396 0.504212 -1.565129
v -1.404283 0.489520 -1.428936
v -1.345082 0.466432 -1.398786
v -1.328357 0.477393 -1.267890
v -1.367469 0.447243 -1.316497
v -1.372500 0.436115 -1.254764
v -1.456254 0.403866 -1.220383
v -1.412445 0.382378 -1.203592
v -1.428036 0.457970 -1.331855
v -1.417609 0.484789 -1.629860
v -1.370701 0.492018 -1.647017
v -1.369535 0.491119 -1.666407
v -1.345814 0.490852 -1.638389
v -1.313998 0.489620 -1.643753
v -1.330423 0.471463 -1.596678
v -1.315664 0.471929 -1.595812
v -1.331122 0.464667 -1.540942
v -1.320195 0.459503 -1.540975
v -1.681399 0.391973 -1.379629
v -1.676335 0.401534 -1.367536
v -1.665074 0.469830 -1.424072
v -1.456021 0.551186 -1.612669
v -1.578288 0.507077 -1.564029
v -1.573024 0.510542 -1.542341
v -1.603874 0.463501 -1.505894
v -1.624863 0.452240 -1.516822
v -1.651482 0.479425 -1.468448
v -1.619999 0.495683 -1.462918
v -1.654247 0.474461 -1.408414
v -1.535411 0.456071 -1.691793
v -1.536078 0.459203 -1.699023
v -1.583219 0.459636 -1.669972
v -1.592614 0.456438 -1.680599
v -1.622497 0.455238 -1.598977
v -1.601309 0.455938 -1.593280
v -1.606706 0.459936 -1.533546
v -1.589049 0.461335 -1.544573
v -1.523684 0.482390 -1.388924
v -1.597677 0.480625 -1.468348
v -1.197229 0.449175 -1.544440
v -1.226413 0.456671 -1.526949
v -1.189799 0.445710 -1.541308
v -1.223414 0.462235 -1.515722
v -1.273254 0.464733 -1.513390
v -1.276086 0.463567 -1.531580
v -1.372533 0.443511 -1.498365
v -1.368302 0.444044 -1.481707
v -1.457720 0.455238 -1.458453
v -1.473478 0.449775 -1.420841
v -1.628227 0.474428 -1.417709
v -1.524917 0.490319 -1.488037
v -1.542940 0.491619 -1.504095
v -1.466049 0.473795 -1.542441
v -1.487870 0.475727 -1.578688
v -1.473512 0.487121 -1.662442
v -1.459353 0.480325 -1.665208
v -1.347547 0.464767 -1.337752
v -1.361839 0.473462 -1.367469
v -1.376231 0.473428 -1.324293
v -1.394888 0.473428 -1.355976
v -1.398719 0.496683 -1.307435
v -1.417242 0.493618 -1.334321
v -1.428370 0.513340 -1.361906
v -1.402184 0.500480 -1.379330
v -1.370901 0.497882 -1.394888
v -1.718212 0.463201 -1.407081
v -1.659644 0.446010 -1.419541
v -1.725974 0.439547 -1.461185
v -1.665208 0.443578 -1.476244
v -1.735602 0.502513 -1.499764
v -1.674902 0.478759 -1.515089
v -1.612536 0.511741 -1.512058
v -1.607072 0.458270 -1.473279
v -1.599343 0.468398 -1.419908
v -1.467415 0.439647 -1.234209
v -1.431734 0.432884 -1.282716
v -1.509592 0.435549 -1.273953
v -1.470780 0.437881 -1.322960
v -1.531513 0.465966 -1.289045
v -1.496866 0.456738 -1.341917
v -1.441729 0.469231 -1.374232
v -1.421573 0.442812 -1.355076
v -1.381795 0.441346 -1.317730
v -1.416709 0.498248 -1.697956
v -1.407281 0.509575 -1.637722
v -1.380562 0.447809 -1.687162
v -1.359540 0.474828 -1.633158
v -1.320961 0.469497 -1.715247
v -1.311666 0.475527 -1.650082
v -1.293809 0.534629 -1.609038
v -1.349946 0.517971 -1.588483
v -1.391223 0.557849 -1.593713
v -1.623097 0.473495 -1.577322
v -1.579987 0.470797 -1.599643
v -1.629094 0.445777 -1.591748
v -1.588283 0.446010 -1.616334
v -1.653047 0.435083 -1.627128
v -1.614935 0.436249 -1.653481
v -1.583119 0.440613 -1.686729
v -1.559232 0.453406 -1.652315
v -1.551436 0.481757 -1.638389
v -1.439663 0.505311 -1.463484
v -1.478342 0.465466 -1.495333
v -1.443428 0.471496 -1.433767
v -1.485239 0.422923 -1.439397
v -1.461252 0.436782 -1.370568
v -1.509692 0.416359 -1.391556
v -1.567294 0.432218 -1.413311
v -1.545439 0.437748 -1.468048
v -1.523551 0.443278 -1.522752
v -1.395154 0.537327 -1.421440
v -1.443461 0.499281 -1.438431
v -1.385659 0.499548 -1.397253
v -1.425504 0.449175 -1.390457
v -1.374565 0.455438 -1.337186
v -1.427170 0.434516 -1.338019
v -1.488670 0.448975 -1.331322
v -1.492268 0.463334 -1.388924
v -1.495866 0.477659 -1.446560
v -1.518621 0.493551 -1.473245
v -1.555334 0.471096 -1.518154
v -1.517887 0.447609 -1.461552
v -1.555567 0.403100 -1.487171
v -1.529281 0.381212 -1.420874
v -1.576755 0.368652 -1.447959
v -1.636556 0.387009 -1.460319
v -1.618166 0.423889 -1.505994
v -1.599810 0.460802 -1.551636
v -1.478409 0.580803 -1.475178
v -1.515122 0.558349 -1.520087
v -1.477676 0.534895 -1.463517
v -1.515322 0.490353 -1.489137
v -1.489070 0.468465 -1.422806
v -1.536544 0.455905 -1.449924
v -1.596345 0.474261 -1.462285
v -1.577955 0.511175 -1.507926
v -1.559598 0.548088 -1.553602
v -1.491768 0.537327 -1.399885
v -1.540075 0.499281 -1.416876
v -1.482274 0.499548 -1.375665
v -1.522152 0.449175 -1.368869
v -1.471180 0.455438 -1.315631
v -1.523784 0.434516 -1.316431
v -1.585317 0.448975 -1.309767
v -1.588916 0.463334 -1.367369
v -1.592514 0.477659 -1.425005
v -1.419974 0.487054 -1.292277
v -1.382395 0.464567 -1.312633
v -1.450824 0.489920 -1.343816
v -1.415377 0.462368 -1.373100
v -1.484139 0.479892 -1.392722
v -1.444694 0.462701 -1.414644
v -1.401884 0.472063 -1.424072
v -1.366770 0.479392 -1.392922
v -1.337586 0.464900 -1.339351
v -1.425305 0.491086 -1.333155
v -1.424205 0.473895 -1.393055
v -1.479775 0.467432 -1.337852
v -1.480708 0.471463 -1.400451
v -1.519553 0.530431 -1.337219
v -1.520753 0.506677 -1.399785
v -1.503662 0.539659 -1.459852
v -1.464650 0.486155 -1.456388
v -1.410946 0.496249 -1.451857
v -1.521386 0.441746 -1.518920
v -1.461618 0.424522 -1.522952
v -1.521386 0.418059 -1.573557
v -1.459120 0.422090 -1.579854
v -1.525417 0.481024 -1.613136
v -1.463184 0.457271 -1.619699
v -1.401884 0.490286 -1.607839
v -1.401984 0.436782 -1.568660
v -1.401884 0.446910 -1.514756
v -1.576256 0.489786 -1.657978
v -1.588449 0.482490 -1.631759
v -1.554668 0.475594 -1.645118
v -1.567960 0.467132 -1.618166
v -1.527449 0.477060 -1.631159
v -1.542208 0.478859 -1.605107
v -1.556833 0.483356 -1.575889
v -1.583652 0.481457 -1.595479
v -1.606373 0.487954 -1.608971
v -1.333554 0.432118 -1.333888
v -1.312866 0.440247 -1.399185
v -1.400485 0.443178 -1.354210
v -1.380695 0.448176 -1.423939
v -1.467981 0.465000 -1.362006
v -1.447592 0.478359 -1.427170
v -1.429502 0.537494 -1.460652
v -1.361173 0.497915 -1.459186
v -1.292677 0.497815 -1.430802
v -1.281683 0.452773 -1.529281
v -1.349879 0.462501 -1.533879
v -1.287579 0.444044 -1.459319
v -1.359907 0.450208 -1.462884
v -1.281116 0.446277 -1.388991
v -1.349113 0.461002 -1.392189
v -1.385626 0.521269 -1.389524
v -1.398453 0.501680 -1.463284
v -1.384993 0.521935 -1.533946
v -1.386992 0.510908 -1.486105
v -1.332155 0.468165 -1.503396
v -1.419108 0.488953 -1.545906
v -1.363605 0.440346 -1.563929
v -1.454855 0.484189 -1.606739
v -1.398419 0.445044 -1.626995
v -1.344915 0.462001 -1.660410
v -1.311466 0.449741 -1.592047
v -1.278818 0.485955 -1.533779
v -1.671837 0.452240 -1.379529
v -1.612270 0.448042 -1.382561
v -1.675069 0.448309 -1.439330
v -1.606306 0.443178 -1.440230
v -1.673803 0.500414 -1.467115
v -1.614102 0.498615 -1.470080
v -1.554168 0.501313 -1.472945
v -1.555700 0.444744 -1.445294
v -1.552502 0.448076 -1.385493
v -1.361872 0.495950 -1.573024
v -1.358841 0.484589 -1.514223
v -1.314898 0.459136 -1.581220
v -1.313665 0.447476 -1.513057
v -1.271155 0.461435 -1.582886
v -1.267224 0.451007 -1.523984
v -1.261527 0.442212 -1.464850
v -1.307002 0.438248 -1.463384
v -1.354210 0.474828 -1.455222
v -1.435166 0.566311 -1.388658
v -1.457287 0.518937 -1.363105
v -1.381928 0.535928 -1.396620
v -1.400718 0.475994 -1.372966
v -1.339085 0.491752 -1.415143
v -1.357042 0.449575 -1.384393
v -1.365071 0.449142 -1.339185
v -1.398619 0.476760 -1.314898
v -1.461285 0.494384 -1.315864
v -1.373266 0.509476 -1.493468
v -1.339085 0.501813 -1.489237
v -1.373266 0.497915 -1.526150
v -1.337719 0.488820 -1.528682
v -1.375465 0.504845 -1.561864
v -1.339951 0.507010 -1.562363
v -1.300206 0.512441 -1.564429
v -1.301638 0.504578 -1.525917
v -1.300706 0.507277 -1.491335
v -1.447526 0.484589 -1.454322
v -1.364671 0.478759 -1.452690
v -1.442429 0.518437 -1.504162
v -1.376298 0.522868 -1.518221
v -1.307768 0.533163 -1.517821
v -1.290811 0.504678 -1.457221
v -1.290844 0.533462 -1.407248
v -1.366803 0.499614 -1.393355
v -1.450291 0.513074 -1.405682
v -1.391623 0.467132 -1.696657
v -1.443961 0.471063 -1.651981
v -1.345981 0.477859 -1.643619
v -1.399718 0.478326 -1.594846
v -1.293576 0.500014 -1.600509
v -1.345714 0.509142 -1.555600
v -1.380762 0.565912 -1.534745
v -1.436598 0.525600 -1.573524
v -1.479708 0.526333 -1.633825
v -1.401717 0.396570 -1.539076
v -1.381362 0.470830 -1.572924
v -1.461385 0.420857 -1.552436
v -1.437598 0.486355 -1.587850
v -1.512091 0.398636 -1.595345
v -1.485405 0.456638 -1.635690
v -1.459053 0.502180 -1.687229
v -1.410979 0.528732 -1.643886
v -1.351711 0.506444 -1.633092
v -1.357975 0.555950 -1.586650
v -1.356842 0.537227 -1.616168
v -1.390090 0.549520 -1.587083
v -1.388758 0.520703 -1.613636
v -1.423539 0.559382 -1.592547
v -1.423572 0.530931 -1.613769
v -1.424405 0.523235 -1.647684
v -1.390923 0.523002 -1.648083
v -1.357575 0.534395 -1.652381
v -1.319995 0.472262 -1.538743
v -1.312766 0.486488 -1.590715
v -1.379763 0.480258 -1.540542
v -1.380762 0.492518 -1.600743
v -1.438531 0.471963 -1.554901
v -1.431601 0.493784 -1.602308
v -1.413444 0.538693 -1.616034
v -1.367603 0.554851 -1.612536
v -1.306902 0.532663 -1.622464
v -1.588149 0.446843 -1.684830
v -1.581853 0.454006 -1.645252
v -1.549271 0.447209 -1.686696
v -1.552369 0.451007 -1.645885
v -1.524617 0.461302 -1.691160
v -1.512557 0.463067 -1.667506
v -1.501530 0.470797 -1.622730
v -1.541974 0.458303 -1.610404
v -1.568926 0.464567 -1.591548
v -1.553501 0.497249 -1.639588
v -1.553501 0.497249 -1.580454
v -1.497798 0.503879 -1.632592
v -1.492668 0.463601 -1.575123
v -1.442129 0.529365 -1.620365
v -1.442129 0.497249 -1.588982
v -1.442129 0.467698 -1.521319
v -1.497798 0.463601 -1.521319
v -1.553501 0.497249 -1.521319
v -1.359640 0.538360 -1.606106
v -1.423306 0.504745 -1.571658
v -1.366637 0.512507 -1.550437
v -1.374332 0.554884 -1.501497
v -1.410246 0.538360 -1.494767
v -1.477876 0.533896 -1.494767
v -1.477876 0.504745 -1.568327
v -1.500497 0.538360 -1.609904
v -1.418775 0.538360 -1.610637
v -1.463850 0.465200 -1.377930
v -1.421340 0.452407 -1.421307
v -1.497265 0.474495 -1.425305
v -1.448525 0.481457 -1.464283
v -1.504828 0.551186 -1.429003
v -1.463151 0.534029 -1.477943
v -1.398886 0.556383 -1.493134
v -1.392556 0.488154 -1.484006
v -1.362805 0.467465 -1.441996
v -1.547738 0.471663 -1.426737
v -1.487970 0.471430 -1.426637
v -1.547738 0.437815 -1.478642
v -1.478842 0.438581 -1.476077
v -1.547738 0.470397 -1.524218
v -1.487970 0.472329 -1.525017
v -1.428236 0.478359 -1.527516
v -1.428236 0.441712 -1.480275
v -1.428236 0.474994 -1.428103
v -1.587583 0.454672 -1.572058
v -1.589182 0.445644 -1.503662
v -1.517588 0.444311 -1.571358
v -1.517954 0.430652 -1.499764
v -1.447559 0.447876 -1.580320
v -1.447659 0.443745 -1.511091
v -1.442662 0.492285 -1.462951
v -1.516055 0.470130 -1.451357
v -1.586917 0.493784 -1.456887
v -1.316964 0.542657 -1.552236
v -1.357575 0.492951 -1.586117
v -1.355876 0.532430 -1.494034
v -1.397553 0.476893 -1.527249
v -1.393955 0.539826 -1.434866
v -1.437931 0.493717 -1.469381
v -1.491802 0.504612 -1.504128
v -1.446127 0.480092 -1.561997
v -1.408680 0.504412 -1.622231
v -1.521152 0.470197 -1.596545
v -1.522718 0.461135 -1.528115
v -1.451157 0.459803 -1.595845
v -1.451524 0.446143 -1.524251
v -1.381129 0.463401 -1.604807
v -1.381229 0.459236 -1.535578
v -1.376198 0.507776 -1.487437
v -1.449591 0.485622 -1.475844
v -1.520486 0.509276 -1.481374
v -1.524017 0.457471 -1.507360
v -1.535944 0.491285 -1.552735
v -1.581953 0.457570 -1.492668
v -1.602142 0.490186 -1.533579
v -1.640288 0.455372 -1.479942
v -1.652281 0.488820 -1.525617
v -1.664241 0.473062 -1.575156
v -1.605607 0.476760 -1.586617
v -1.547438 0.477993 -1.600209
v -1.608338 0.513440 -1.566061
v -1.620798 0.477493 -1.506327
v -1.542674 0.484156 -1.566061
v -1.555301 0.442412 -1.504928
v -1.473045 0.471363 -1.570126
v -1.483273 0.439047 -1.507860
v -1.475677 0.461202 -1.446560
v -1.552469 0.457204 -1.446660
v -1.615768 0.500614 -1.446560
v -1.616034 0.481757 -1.416643
v -1.614268 0.479592 -1.450391
v -1.645485 0.466366 -1.419441
v -1.640987 0.454539 -1.454422
v -1.680332 0.466366 -1.420674
v -1.676634 0.452040 -1.450658
v -1.679666 0.460402 -1.484206
v -1.647584 0.471030 -1.484672
v -1.618533 0.493018 -1.484239
v -1.572191 0.458070 -1.337186
v -1.542907 0.453972 -1.334421
v -1.563829 0.462534 -1.363771
v -1.533379 0.457137 -1.360740
v -1.558399 0.483323 -1.387592
v -1.529948 0.485255 -1.378263
v -1.498965 0.490453 -1.368202
v -1.509792 0.467698 -1.344115
v -1.517221 0.456071 -1.320262
v -1.529415 0.479658 -1.274087
v -1.475511 0.441446 -1.284748
v -1.526649 0.479625 -1.335953
v -1.469880 0.454839 -1.339118
v -1.526583 0.526033 -1.386759
v -1.479209 0.471063 -1.399852
v -1.430302 0.514806 -1.390157
v -1.425671 0.475594 -1.338518
v -1.429536 0.490852 -1.271422
v -1.569626 0.524267 -1.515389
v -1.595479 0.491685 -1.470713
v -1.514956 0.526200 -1.491269
v -1.532946 0.492451 -1.437232
v -1.459553 0.532230 -1.462285
v -1.481840 0.495583 -1.413511
v -1.499664 0.567944 -1.348880
v -1.559598 0.525300 -1.387192
v -1.635257 0.504678 -1.409313
v -1.572191 0.470197 -1.476310
v -1.573757 0.461135 -1.407881
v -1.502196 0.459803 -1.475610
v -1.502563 0.446143 -1.404016
v -1.432168 0.463401 -1.484572
v -1.432267 0.459236 -1.415343
v -1.427237 0.507776 -1.367203
v -1.500630 0.485622 -1.355609
v -1.571525 0.509276 -1.361140
v -1.519387 0.522002 -1.360640
v -1.459619 0.504811 -1.364671
v -1.519387 0.498382 -1.415310
v -1.457087 0.502413 -1.421607
v -1.523418 0.561347 -1.454855
v -1.461185 0.537594 -1.461418
v -1.399885 0.570609 -1.449558
v -1.399985 0.517105 -1.410379
v -1.399885 0.527199 -1.356475
v -1.373666 0.504811 -1.447759
v -1.308468 0.495983 -1.468614
v -1.396087 0.489820 -1.513390
v -1.328191 0.476327 -1.536211
v -1.427870 0.488753 -1.576489
v -1.362505 0.484722 -1.599243
v -1.319662 0.532963 -1.622364
v -1.283915 0.515672 -1.556067
v -1.266025 0.543957 -1.488670
v -1.610937 0.502779 -1.673836
v -1.612503 0.465666 -1.613369
v -1.540908 0.492851 -1.676635
v -1.541275 0.450108 -1.614735
v -1.470913 0.499914 -1.683764
v -1.470980 0.466999 -1.620898
v -1.465982 0.491852 -1.560165
v -1.539376 0.466399 -1.556733
v -1.610237 0.490686 -1.554035
v -1.605840 0.482390 -1.548005
v -1.560231 0.457837 -1.564929
v -1.600343 0.445610 -1.568493
v -1.606273 0.438814 -1.610204
v -1.580120 0.432151 -1.614135
v -1.534812 0.436215 -1.624596
v -1.524551 0.460902 -1.576389
v -1.512957 0.496349 -1.571192
v -1.566661 0.489653 -1.556233
v -1.509858 0.511741 -1.554001
v -1.450091 0.494517 -1.558066
v -1.509858 0.488054 -1.608672
v -1.447559 0.492085 -1.614968
v -1.513890 0.551020 -1.648250
v -1.451657 0.527266 -1.654813
v -1.390324 0.560281 -1.642953
v -1.390423 0.506777 -1.603774
v -1.390324 0.516905 -1.549870
v -1.561197 0.531530 -1.480774
v -1.515189 0.498948 -1.504195
v -1.593946 0.533462 -1.530781
v -1.549437 0.499714 -1.566295
v -1.624630 0.539493 -1.585251
v -1.579387 0.502846 -1.614035
v -1.529281 0.575240 -1.658545
v -1.499864 0.532563 -1.593780
v -1.448392 0.511941 -1.534045
v -1.662442 0.474894 -1.496932
v -1.616934 0.489853 -1.533279
v -1.684164 0.432151 -1.538010
v -1.630460 0.450841 -1.577955
v -1.719011 0.454306 -1.574224
v -1.674536 0.471163 -1.611270
v -1.632125 0.491585 -1.649683
v -1.595245 0.465866 -1.612170
v -1.573258 0.508110 -1.570892
v -1.708917 0.476793 -1.485572
v -1.694625 0.444244 -1.442295
v -1.652414 0.485056 -1.505061
v -1.628394 0.444977 -1.461452
v -1.596445 0.471729 -1.526150
v -1.581653 0.448109 -1.481274
v -1.582819 0.466965 -1.438531
v -1.621564 0.477826 -1.411645
v -1.678334 0.450208 -1.392989
v -1.704819 0.478226 -1.549037
v -1.681332 0.466965 -1.492768
v -1.652748 0.454006 -1.564995
v -1.626662 0.464100 -1.508693
v -1.617667 0.515805 -1.586517
v -1.590881 0.498282 -1.528215
v -1.582719 0.537360 -1.469147
v -1.618933 0.484556 -1.452390
v -1.670038 0.495317 -1.435566
v -1.628128 0.534862 -1.501163
v -1.582253 0.490353 -1.513590
v -1.641620 0.521536 -1.556900
v -1.585151 0.494917 -1.570392
v -1.622764 0.585001 -1.591181
v -1.577522 0.533762 -1.606873
v -1.508892 0.530864 -1.600276
v -1.527649 0.477926 -1.565228
v -1.519553 0.479292 -1.511191
v -1.648383 0.489886 -1.446326
v -1.567127 0.470963 -1.444694
v -1.639121 0.522568 -1.496166
v -1.573058 0.516472 -1.510225
v -1.503962 0.515772 -1.509825
v -1.490702 0.484889 -1.449192
v -1.487171 0.513373 -1.399252
v -1.566594 0.491952 -1.385326
v -1.647550 0.518537 -1.397653
v -1.562863 0.502479 -1.377264
v -1.517654 0.473595 -1.347780
v -1.545306 0.471829 -1.427770
v -1.494200 0.439480 -1.391523
v -1.510158 0.501313 -1.459286
v -1.463750 0.474428 -1.430102
v -1.415143 0.451207 -1.401484
v -1.452523 0.418059 -1.369435
v -1.470380 0.448176 -1.318829
v -7.310323 0.504212 -1.534354
v -7.174164 0.489520 -1.571467
v -7.143981 0.466432 -1.630668
v -7.013085 0.477393 -1.647392
v -7.061692 0.447243 -1.608280
v -6.999959 0.436115 -1.603250
v -6.965578 0.403866 -1.519495
v -6.948787 0.382378 -1.563305
v -7.077050 0.457970 -1.547713
v -7.375054 0.484789 -1.558141
v -7.392211 0.492018 -1.605049
v -7.411601 0.491119 -1.606215
v -7.383583 0.490852 -1.629935
v -7.388947 0.489619 -1.661751
v -7.341872 0.471463 -1.645327
v -7.341006 0.471929 -1.660085
v -7.286136 0.464666 -1.644627
v -7.286170 0.459503 -1.655555
v -7.124824 0.391973 -1.294352
v -7.112731 0.401534 -1.299415
v -7.169267 0.469830 -1.310676
v -7.357864 0.551186 -1.519729
v -7.309224 0.507077 -1.397462
v -7.287535 0.510541 -1.402726
v -7.251089 0.463500 -1.371876
v -7.262016 0.452240 -1.350887
v -7.213642 0.479425 -1.324269
v -7.208112 0.495683 -1.355752
v -7.153608 0.474461 -1.321503
v -7.436987 0.456071 -1.440339
v -7.444216 0.459203 -1.439672
v -7.415165 0.459636 -1.392531
v -7.425793 0.456438 -1.383137
v -7.344171 0.455238 -1.353253
v -7.338474 0.455938 -1.374441
v -7.278740 0.459936 -1.369044
v -7.289768 0.461335 -1.386701
v -7.134119 0.482390 -1.452065
v -7.213542 0.480624 -1.378073
v -7.289634 0.449175 -1.778521
v -7.272143 0.456671 -1.749337
v -7.286502 0.445710 -1.785950
v -7.260917 0.462234 -1.752335
v -7.258584 0.464733 -1.702496
v -7.276774 0.463567 -1.699664
v -7.243559 0.443511 -1.603216
v -7.226902 0.444044 -1.607447
v -7.203648 0.455238 -1.518029
v -7.166035 0.449775 -1.502271
v -7.162903 0.474428 -1.347522
v -7.233232 0.490319 -1.450833
v -7.249290 0.491618 -1.432809
v -7.287635 0.473795 -1.509701
v -7.323882 0.475727 -1.487879
v -7.407636 0.487121 -1.502238
v -7.410401 0.480325 -1.516397
v -7.082947 0.464766 -1.628203
v -7.112664 0.473462 -1.613910
v -7.069488 0.473428 -1.599519
v -7.101171 0.473428 -1.580862
v -7.052630 0.496682 -1.577031
v -7.079515 0.493617 -1.558507
v -7.107100 0.513340 -1.547380
v -7.124525 0.500480 -1.573566
v -7.140082 0.497882 -1.604849
v -7.152276 0.463201 -1.257538
v -7.164735 0.446010 -1.316106
v -7.206379 0.439547 -1.249776
v -7.221438 0.443578 -1.310543
v -7.244958 0.502512 -1.240148
v -7.260283 0.478759 -1.300848
v -7.257252 0.511741 -1.363214
v -7.218473 0.458270 -1.368678
v -7.165102 0.468398 -1.376407
v -6.979403 0.439647 -1.508335
v -7.027910 0.432884 -1.544015
v -7.019148 0.435549 -1.466158
v -7.068155 0.437881 -1.504970
v -7.034240 0.465966 -1.444237
v -7.087111 0.456737 -1.478884
v -7.119394 0.469231 -1.534021
v -7.100271 0.442812 -1.554177
v -7.062924 0.441346 -1.593955
v -7.443151 0.498248 -1.559041
v -7.382916 0.509575 -1.568469
v -7.432356 0.447809 -1.595187
v -7.378353 0.474828 -1.616209
v -7.460441 0.469497 -1.654788
v -7.395277 0.475527 -1.664083
v -7.354232 0.534628 -1.681940
v -7.333677 0.517971 -1.625804
v -7.338907 0.557849 -1.584527
v -7.322516 0.473495 -1.352653
v -7.344838 0.470796 -1.395763
v -7.336941 0.445777 -1.346656
v -7.361528 0.446010 -1.387467
v -7.372322 0.435083 -1.322703
v -7.398675 0.436249 -1.360815
v -7.431923 0.440613 -1.392631
v -7.397509 0.453406 -1.416518
v -7.383583 0.481757 -1.424314
v -7.208678 0.505311 -1.536086
v -7.240561 0.465466 -1.497407
v -7.178961 0.471496 -1.532322
v -7.184591 0.422923 -1.490511
v -7.115762 0.436782 -1.514498
v -7.136751 0.416393 -1.466058
v -7.158506 0.432217 -1.408456
v -7.213242 0.437748 -1.430311
v -7.267946 0.443278 -1.452199
v -7.166635 0.537327 -1.580595
v -7.183625 0.499281 -1.532289
v -7.142448 0.499547 -1.590090
v -7.135652 0.449175 -1.550245
v -7.082380 0.455438 -1.601184
v -7.083213 0.434516 -1.548580
v -7.076517 0.448975 -1.487080
v -7.134119 0.463334 -1.483482
v -7.191754 0.477659 -1.479884
v -7.218440 0.493551 -1.457129
v -7.263349 0.471096 -1.420416
v -7.206746 0.447642 -1.457862
v -7.232365 0.403100 -1.420216
v -7.166069 0.381212 -1.446469
v -7.193153 0.368652 -1.398994
v -7.205513 0.387009 -1.339194
v -7.251189 0.423889 -1.357584
v -7.296830 0.460802 -1.375940
v -7.220372 0.580803 -1.497341
v -7.265314 0.558349 -1.460628
v -7.208712 0.534895 -1.498074
v -7.234331 0.490352 -1.460428
v -7.168001 0.468464 -1.486680
v -7.195119 0.455905 -1.439206
v -7.207479 0.474261 -1.379405
v -7.253120 0.511174 -1.397795
v -7.298796 0.548088 -1.416152
v -7.145080 0.537327 -1.483981
v -7.162070 0.499281 -1.435674
v -7.120860 0.499547 -1.493476
v -7.114063 0.449175 -1.453598
v -7.060826 0.455438 -1.504570
v -7.061625 0.434516 -1.451966
v -7.054962 0.448975 -1.390432
v -7.112564 0.463334 -1.386834
v -7.170199 0.477659 -1.383236
v -7.037472 0.487054 -1.555776
v -7.057827 0.464566 -1.593355
v -7.089010 0.489919 -1.524926
v -7.118294 0.462368 -1.560373
v -7.137917 0.479891 -1.491611
v -7.159838 0.462701 -1.531056
v -7.169267 0.472062 -1.573866
v -7.138117 0.479392 -1.608980
v -7.084546 0.464900 -1.638164
v -7.078350 0.491085 -1.550445
v -7.138250 0.473895 -1.551545
v -7.083047 0.467432 -1.495975
v -7.145646 0.471463 -1.495042
v -7.082414 0.530431 -1.456197
v -7.144979 0.506677 -1.454997
v -7.205047 0.539659 -1.472088
v -7.201582 0.486155 -1.511100
v -7.197052 0.496249 -1.564804
v -7.264115 0.441746 -1.454364
v -7.268146 0.424522 -1.514132
v -7.318751 0.418058 -1.454364
v -7.325048 0.422090 -1.516630
v -7.358330 0.481024 -1.450333
v -7.364893 0.457270 -1.512566
v -7.353033 0.490286 -1.573866
v -7.313854 0.436782 -1.573766
v -7.259950 0.446909 -1.573866
v -7.403172 0.489786 -1.399494
v -7.376953 0.482490 -1.387301
v -7.390313 0.475594 -1.421082
v -7.363360 0.467132 -1.407790
v -7.376354 0.477060 -1.448301
v -7.350267 0.478859 -1.433542
v -7.321084 0.483356 -1.418917
v -7.340673 0.481457 -1.392098
v -7.354166 0.487954 -1.369377
v -7.079082 0.432117 -1.642195
v -7.144380 0.440246 -1.662884
v -7.099404 0.443178 -1.575265
v -7.169133 0.448175 -1.595054
v -7.107200 0.465000 -1.507768
v -7.172365 0.478359 -1.528157
v -7.205847 0.537493 -1.546247
v -7.204381 0.497915 -1.614577
v -7.175996 0.497815 -1.683073
v -7.274476 0.452773 -1.694067
v -7.279073 0.462501 -1.625871
v -7.204514 0.444044 -1.688170
v -7.208079 0.450208 -1.615843
v -7.134186 0.446276 -1.694633
v -7.137384 0.461002 -1.626637
v -7.134719 0.521269 -1.590124
v -7.208478 0.501680 -1.577297
v -7.279140 0.521935 -1.590757
v -7.231333 0.510908 -1.588758
v -7.248590 0.468165 -1.643595
v -7.291100 0.488953 -1.556642
v -7.309124 0.440346 -1.612145
v -7.351933 0.484189 -1.520895
v -7.372189 0.445044 -1.577331
v -7.405604 0.462001 -1.630835
v -7.337241 0.449741 -1.664283
v -7.278973 0.485955 -1.696932
v -7.124724 0.452240 -1.303913
v -7.127756 0.448042 -1.363481
v -7.184525 0.448309 -1.300681
v -7.185424 0.443178 -1.369444
v -7.212310 0.500414 -1.301947
v -7.215274 0.498615 -1.361648
v -7.218140 0.501313 -1.421582
v -7.190488 0.444744 -1.420050
v -7.130688 0.448075 -1.423248
v -7.318219 0.495949 -1.613877
v -7.259418 0.484589 -1.616909
v -7.326414 0.459136 -1.660852
v -7.258251 0.447476 -1.662084
v -7.328080 0.461435 -1.704595
v -7.269179 0.451007 -1.708526
v -7.210044 0.442212 -1.714223
v -7.208578 0.438248 -1.668747
v -7.200416 0.474828 -1.621540
v -7.133852 0.566311 -1.540584
v -7.108300 0.518937 -1.518463
v -7.141815 0.535928 -1.593822
v -7.118195 0.475994 -1.575032
v -7.160338 0.491752 -1.636665
v -7.129588 0.449575 -1.618708
v -7.084379 0.449142 -1.610679
v -7.060093 0.476760 -1.577131
v -7.061059 0.494384 -1.514465
v -7.238662 0.509475 -1.602484
v -7.234431 0.501813 -1.636665
v -7.271344 0.497915 -1.602484
v -7.273876 0.488820 -1.638031
v -7.307058 0.504844 -1.600285
v -7.307558 0.507010 -1.635799
v -7.309623 0.512440 -1.675544
v -7.271111 0.504578 -1.674111
v -7.236530 0.507277 -1.675044
v -7.199517 0.484589 -1.528224
v -7.197884 0.478759 -1.611079
v -7.249356 0.518437 -1.533321
v -7.263415 0.522868 -1.599452
v -7.263015 0.533162 -1.667981
v -7.202415 0.504678 -1.684938
v -7.152442 0.533462 -1.684905
v -7.138550 0.499614 -1.608947
v -7.150877 0.513073 -1.525459
v -7.441851 0.467132 -1.584127
v -7.397175 0.471063 -1.531789
v -7.388847 0.477859 -1.629769
v -7.340040 0.478326 -1.576031
v -7.345704 0.500014 -1.682173
v -7.300795 0.509142 -1.630035
v -7.279940 0.565911 -1.594988
v -7.318718 0.525600 -1.539151
v -7.379019 0.526333 -1.496042
v -7.284271 0.396570 -1.574032
v -7.318119 0.470830 -1.594388
v -7.297630 0.420857 -1.514365
v -7.333044 0.486355 -1.538152
v -7.340539 0.398636 -1.463659
v -7.380884 0.456637 -1.490345
v -7.432423 0.502179 -1.516697
v -7.389080 0.528731 -1.564771
v -7.378286 0.506444 -1.624038
v -7.331844 0.555950 -1.617775
v -7.361362 0.537227 -1.618908
v -7.332277 0.549520 -1.585659
v -7.358829 0.520703 -1.586992
v -7.337741 0.559381 -1.552211
v -7.358963 0.530930 -1.552178
v -7.392878 0.523235 -1.551345
v -7.393277 0.523001 -1.584826
v -7.397575 0.534395 -1.618175
v -7.283937 0.472262 -1.655754
v -7.335909 0.486488 -1.662984
v -7.285737 0.480258 -1.595987
v -7.345937 0.492518 -1.594988
v -7.300095 0.471962 -1.537219
v -7.347503 0.493784 -1.544149
v -7.361228 0.538693 -1.562305
v -7.357730 0.554851 -1.608147
v -7.367658 0.532663 -1.668847
v -7.430025 0.446843 -1.387601
v -7.390446 0.454006 -1.393897
v -7.431890 0.447209 -1.426479
v -7.391078 0.451007 -1.423381
v -7.436354 0.461302 -1.451133
v -7.412700 0.463067 -1.463193
v -7.367925 0.470796 -1.474220
v -7.355598 0.458303 -1.433775
v -7.336742 0.464566 -1.406824
v -7.384782 0.497249 -1.422248
v -7.325648 0.497249 -1.422248
v -7.377786 0.503878 -1.477951
v -7.320317 0.463600 -1.483082
v -7.365560 0.529364 -1.533621
v -7.334177 0.497249 -1.533621
v -7.266513 0.467698 -1.533621
v -7.266513 0.463600 -1.477951
v -7.266513 0.497249 -1.422248
v -7.351300 0.538360 -1.616109
v -7.316853 0.504745 -1.552444
v -7.295631 0.512507 -1.609113
v -7.246691 0.554884 -1.601417
v -7.239962 0.538360 -1.565504
v -7.239962 0.533895 -1.497874
v -7.313521 0.504745 -1.497874
v -7.355098 0.538360 -1.475253
v -7.355832 0.538360 -1.556975
v -7.123125 0.465199 -1.511899
v -7.166502 0.452406 -1.554410
v -7.170499 0.474494 -1.478484
v -7.209478 0.481457 -1.527225
v -7.174197 0.551186 -1.470922
v -7.223137 0.534029 -1.512599
v -7.238328 0.556383 -1.576864
v -7.229200 0.488154 -1.583194
v -7.187190 0.467465 -1.612944
v -7.171932 0.471663 -1.428012
v -7.171832 0.471429 -1.487779
v -7.223836 0.437814 -1.428012
v -7.221272 0.438581 -1.496908
v -7.269412 0.470397 -1.428012
v -7.270212 0.472329 -1.487779
v -7.272710 0.478359 -1.547513
v -7.225469 0.441712 -1.547513
v -7.173297 0.474994 -1.547513
v -7.317253 0.454672 -1.388167
v -7.248857 0.445643 -1.386568
v -7.316553 0.444311 -1.458162
v -7.244958 0.430652 -1.457796
v -7.325515 0.447876 -1.528191
v -7.256286 0.443745 -1.528091
v -7.208145 0.492285 -1.533088
v -7.196552 0.470130 -1.459695
v -7.202082 0.493784 -1.388833
v -7.297430 0.542657 -1.658786
v -7.331312 0.492951 -1.618175
v -7.239228 0.532429 -1.619874
v -7.272443 0.476893 -1.578197
v -7.180060 0.539825 -1.581795
v -7.214575 0.493717 -1.537819
v -7.249323 0.504611 -1.483948
v -7.307191 0.480091 -1.529623
v -7.367425 0.504411 -1.567070
v -7.341739 0.470197 -1.454597
v -7.273310 0.461135 -1.453032
v -7.341040 0.459802 -1.524593
v -7.269445 0.446143 -1.524226
v -7.350001 0.463400 -1.594621
v -7.280773 0.459236 -1.594521
v -7.232632 0.507776 -1.599552
v -7.221038 0.485622 -1.526158
v -7.226568 0.509275 -1.455264
v -7.252554 0.457470 -1.451732
v -7.297930 0.491285 -1.439806
v -7.237862 0.457570 -1.393797
v -7.278773 0.490186 -1.373608
v -7.225136 0.455371 -1.335463
v -7.270811 0.488820 -1.323469
v -7.320351 0.473062 -1.311509
v -7.331811 0.476760 -1.370143
v -7.345404 0.477993 -1.428312
v -7.311256 0.513440 -1.367412
v -7.251522 0.477493 -1.354952
v -7.311256 0.484156 -1.433076
v -7.250122 0.442412 -1.420449
v -7.315320 0.471363 -1.502705
v -7.253054 0.439047 -1.492477
v -7.191754 0.461202 -1.500073
v -7.191854 0.457204 -1.423281
v -7.191754 0.500614 -1.359982
v -7.161837 0.481757 -1.359716
v -7.195586 0.479592 -1.361481
v -7.164636 0.466365 -1.330265
v -7.199617 0.454539 -1.334763
v -7.165868 0.466365 -1.295418
v -7.195852 0.452040 -1.299115
v -7.229401 0.460402 -1.296084
v -7.229867 0.471030 -1.328166
v -7.229434 0.493018 -1.357217
v -7.082380 0.458070 -1.403559
v -7.079615 0.453972 -1.432843
v -7.108966 0.462534 -1.411921
v -7.105934 0.457137 -1.442371
v -7.132786 0.483323 -1.417351
v -7.123458 0.485255 -1.445802
v -7.113397 0.490452 -1.476785
v -7.089310 0.467698 -1.465958
v -7.065456 0.456071 -1.458529
v -7.019282 0.479658 -1.446335
v -7.029943 0.441446 -1.500239
v -7.081148 0.479625 -1.449100
v -7.084313 0.454838 -1.505869
v -7.131954 0.526033 -1.449167
v -7.145046 0.471063 -1.496541
v -7.135352 0.514806 -1.545448
v -7.083713 0.475594 -1.550079
v -7.016616 0.490852 -1.546214
v -7.260583 0.524267 -1.406124
v -7.215908 0.491685 -1.380271
v -7.236463 0.526200 -1.460794
v -7.182426 0.492451 -1.442804
v -7.207479 0.532230 -1.516197
v -7.158706 0.495583 -1.493909
v -7.094074 0.567943 -1.476086
v -7.132387 0.525300 -1.416152
v -7.154508 0.504678 -1.340493
v -7.221504 0.470197 -1.403559
v -7.153075 0.461135 -1.401993
v -7.220805 0.459802 -1.473554
v -7.149211 0.446143 -1.473187
v -7.229767 0.463400 -1.543582
v -7.160538 0.459236 -1.543482
v -7.112398 0.507776 -1.548513
v -7.100804 0.485622 -1.475120
v -7.106334 0.509275 -1.404225
v -7.105834 0.522002 -1.456363
v -7.109866 0.504811 -1.516131
v -7.160504 0.498381 -1.456363
v -7.166801 0.502412 -1.518662
v -7.200050 0.561347 -1.452332
v -7.206613 0.537593 -1.514565
v -7.194753 0.570609 -1.575865
v -7.155574 0.517105 -1.575765
v -7.101670 0.527199 -1.575865
v -7.192954 0.504811 -1.602084
v -7.213809 0.495983 -1.667282
v -7.258584 0.489819 -1.579663
v -7.281405 0.476327 -1.647559
v -7.321683 0.488753 -1.547880
v -7.344438 0.484722 -1.613244
v -7.367558 0.532963 -1.656088
v -7.301261 0.515672 -1.691835
v -7.233865 0.543957 -1.709725
v -7.419030 0.502779 -1.364813
v -7.358563 0.465666 -1.363247
v -7.421829 0.492851 -1.434842
v -7.359929 0.450108 -1.434475
v -7.428958 0.499914 -1.504837
v -7.366092 0.466998 -1.504770
v -7.305359 0.491852 -1.509768
v -7.301927 0.466399 -1.436374
v -7.299229 0.490686 -1.365513
v -7.293199 0.482390 -1.369910
v -7.310123 0.457837 -1.415519
v -7.313687 0.445610 -1.375407
v -7.355399 0.438814 -1.369477
v -7.359330 0.432151 -1.395630
v -7.369791 0.436215 -1.440938
v -7.321584 0.460902 -1.451199
v -7.316386 0.496349 -1.462793
v -7.301428 0.489653 -1.409089
v -7.299229 0.511741 -1.465891
v -7.303260 0.494517 -1.525659
v -7.353866 0.488054 -1.465891
v -7.360162 0.492085 -1.528191
v -7.393445 0.551019 -1.461860
v -7.400007 0.527266 -1.524093
v -7.388147 0.560281 -1.585426
v -7.348969 0.506777 -1.585326
v -7.295064 0.516905 -1.585426
v -7.225969 0.531530 -1.414553
v -7.249389 0.498948 -1.460561
v -7.275975 0.533462 -1.381804
v -7.311489 0.499714 -1.426313
v -7.330445 0.539492 -1.351120
v -7.359230 0.502846 -1.396363
v -7.403738 0.575239 -1.446502
v -7.338974 0.532563 -1.475886
v -7.279240 0.511941 -1.527358
v -7.242126 0.474894 -1.313308
v -7.278474 0.489853 -1.358816
v -7.283204 0.432151 -1.291586
v -7.323149 0.450841 -1.345290
v -7.319418 0.454305 -1.256739
v -7.356464 0.471163 -1.301214
v -7.394876 0.491585 -1.343625
v -7.357364 0.465866 -1.380504
v -7.316086 0.508109 -1.402493
v -7.230766 0.476793 -1.266833
v -7.187490 0.444244 -1.281125
v -7.250256 0.485055 -1.323336
v -7.206646 0.444977 -1.347356
v -7.271344 0.471729 -1.379305
v -7.226469 0.448109 -1.394097
v -7.183725 0.466965 -1.392931
v -7.156840 0.477826 -1.354186
v -7.138184 0.450208 -1.297416
v -7.294231 0.478226 -1.270931
v -7.237962 0.466965 -1.294418
v -7.310190 0.454006 -1.323003
v -7.253887 0.464100 -1.349088
v -7.331711 0.515805 -1.358083
v -7.273410 0.498281 -1.384869
v -7.214342 0.537360 -1.393031
v -7.197585 0.484556 -1.356817
v -7.180760 0.495316 -1.305712
v -7.246358 0.534862 -1.347622
v -7.258784 0.490352 -1.393497
v -7.302094 0.521535 -1.334130
v -7.315587 0.494917 -1.390599
v -7.336376 0.585001 -1.352986
v -7.352067 0.533762 -1.398228
v -7.345470 0.530864 -1.466857
v -7.310423 0.477926 -1.448101
v -7.256386 0.479292 -1.456197
v -7.191521 0.489886 -1.327367
v -7.189888 0.470963 -1.408623
v -7.241360 0.522568 -1.336628
v -7.255419 0.516472 -1.402693
v -7.255020 0.515772 -1.471788
v -7.194386 0.484889 -1.485048
v -7.144447 0.513373 -1.488579
v -7.130521 0.491952 -1.409156
v -7.142848 0.518537 -1.328200
v -7.122458 0.502479 -1.412887
v -7.092975 0.473595 -1.458096
v -7.172965 0.471829 -1.430444
v -7.136718 0.439480 -1.481550
v -7.204481 0.501313 -1.465591
v -7.175296 0.474428 -1.512000
v -7.146679 0.451207 -1.560606
v -7.114629 0.418058 -1.523227
v -7.064024 0.448175 -1.505370
v -7.310323 0.474112 1.480802
v -7.174164 0.459420 1.443689
v -7.143980 0.436333 1.384488
v -7.013085 0.447294 1.367764
v -7.061691 0.417143 1.406876
v -6.999959 0.406016 1.411906
v -6.965577 0.373767 1.495661
v -6.948787 0.352279 1.451851
v -7.077050 0.427871 1.467443
v -7.375054 0.454690 1.457015
v -7.392211 0.461919 1.410107
v -7.411601 0.461019 1.408941
v -7.383583 0.460753 1.385221
v -7.388947 0.459520 1.353405
v -7.341872 0.441364 1.369829
v -7.341006 0.441830 1.355071
v -7.286136 0.434567 1.370529
v -7.286170 0.429403 1.359601
v -7.124824 0.361874 1.720805
v -7.112731 0.371435 1.715741
v -7.169266 0.439731 1.704480
v -7.357863 0.521087 1.495427
v -7.309223 0.476977 1.617694
v -7.287535 0.480442 1.612430
v -7.251089 0.433401 1.643280
v -7.262016 0.422141 1.664269
v -7.213642 0.449326 1.690887
v -7.208112 0.465584 1.659405
v -7.153608 0.444362 1.693653
v -7.436987 0.425972 1.574817
v -7.444216 0.429104 1.575484
v -7.415165 0.429537 1.622625
v -7.425793 0.426338 1.632020
v -7.344171 0.425139 1.661903
v -7.338474 0.425839 1.640715
v -7.278740 0.429836 1.646112
v -7.289767 0.431236 1.628455
v -7.134119 0.452291 1.563091
v -7.213542 0.450525 1.637084
v -7.289634 0.419076 1.236635
v -7.272143 0.426572 1.265819
v -7.286502 0.415611 1.229206
v -7.260917 0.432135 1.262821
v -7.258584 0.434634 1.312660
v -7.276774 0.433468 1.315492
v -7.243559 0.413412 1.411940
v -7.226902 0.413945 1.407708
v -7.203648 0.425139 1.497127
v -7.166035 0.419675 1.512885
v -7.162903 0.444329 1.667634
v -7.233232 0.460220 1.564323
v -7.249290 0.461519 1.582347
v -7.287635 0.443696 1.505455
v -7.323882 0.445628 1.527277
v -7.407636 0.457022 1.512918
v -7.410401 0.450225 1.498759
v -7.082947 0.434667 1.386953
v -7.112664 0.443362 1.401245
v -7.069488 0.443329 1.415637
v -7.101170 0.443329 1.434294
v -7.052630 0.466583 1.438125
v -7.079515 0.463518 1.456649
v -7.107100 0.483241 1.467776
v -7.124524 0.470381 1.441590
v -7.140082 0.467782 1.410307
v -7.152276 0.433101 1.757618
v -7.164735 0.415911 1.699050
v -7.206379 0.409448 1.765380
v -7.221438 0.413479 1.704613
v -7.244958 0.472413 1.775008
v -7.260283 0.448660 1.714308
v -7.257252 0.481642 1.651942
v -7.218472 0.428171 1.646478
v -7.165102 0.438299 1.638749
v -6.979403 0.409548 1.506821
v -7.027910 0.402785 1.471141
v -7.019148 0.405450 1.548998
v -7.068155 0.407782 1.510186
v -7.034240 0.435867 1.570920
v -7.087111 0.426638 1.536272
v -7.119394 0.439131 1.481135
v -7.100271 0.412712 1.460979
v -7.062924 0.411247 1.421201
v -7.443151 0.468149 1.456115
v -7.382916 0.479476 1.446687
v -7.432356 0.417710 1.419969
v -7.378353 0.444728 1.398947
v -7.460441 0.439398 1.360368
v -7.395277 0.445428 1.351073
v -7.354232 0.504529 1.333216
v -7.333677 0.487872 1.389352
v -7.338907 0.527750 1.430629
v -7.322516 0.443396 1.662503
v -7.344838 0.440697 1.619393
v -7.336941 0.415678 1.668500
v -7.361528 0.415911 1.627689
v -7.372322 0.404983 1.692453
v -7.398675 0.406149 1.654341
v -7.431923 0.410514 1.622525
v -7.397509 0.423307 1.598638
v -7.383583 0.451658 1.590842
v -7.208678 0.475212 1.479070
v -7.240561 0.435367 1.517749
v -7.178961 0.441397 1.482834
v -7.184591 0.392823 1.524645
v -7.115762 0.406682 1.500658
v -7.136751 0.386294 1.549098
v -7.158505 0.402118 1.606700
v -7.213242 0.407649 1.584845
v -7.267946 0.413179 1.562957
v -7.166634 0.507228 1.434561
v -7.183625 0.469182 1.482867
v -7.142448 0.469448 1.425066
v -7.135652 0.419076 1.464911
v -7.082380 0.425339 1.413972
v -7.083213 0.404417 1.466576
v -7.076517 0.418876 1.528076
v -7.134119 0.433235 1.531674
v -7.191754 0.447560 1.535272
v -7.218440 0.463451 1.558027
v -7.263348 0.440997 1.594740
v -7.206746 0.417510 1.557294
v -7.232365 0.373001 1.594940
v -7.166068 0.351113 1.568687
v -7.193153 0.338553 1.616162
v -7.205513 0.356910 1.675962
v -7.251189 0.393789 1.657572
v -7.296830 0.430703 1.639216
v -7.220372 0.550704 1.517815
v -7.265314 0.528250 1.554528
v -7.208712 0.504796 1.517082
v -7.234331 0.460253 1.554729
v -7.168001 0.438365 1.528476
v -7.195119 0.425805 1.575950
v -7.207479 0.444162 1.635751
v -7.253120 0.481075 1.617361
v -7.298796 0.517988 1.599004
v -7.145080 0.507228 1.531175
v -7.162070 0.469182 1.579482
v -7.120860 0.469448 1.521680
v -7.114063 0.419076 1.561558
v -7.060825 0.425339 1.510586
v -7.061625 0.404417 1.563190
v -7.054962 0.418876 1.624724
v -7.112564 0.433235 1.628322
v -7.170199 0.447560 1.631920
v -7.037472 0.456955 1.459380
v -7.057827 0.434467 1.421801
v -7.089010 0.459820 1.490230
v -7.118294 0.432269 1.454783
v -7.137917 0.449792 1.523546
v -7.159838 0.432602 1.484100
v -7.169266 0.441963 1.441290
v -7.138117 0.449293 1.406176
v -7.084546 0.434800 1.376992
v -7.078349 0.460986 1.464711
v -7.138250 0.443796 1.463611
v -7.083047 0.437332 1.519181
v -7.145646 0.441364 1.520114
v -7.082414 0.500331 1.558959
v -7.144979 0.476578 1.560159
v -7.205047 0.509560 1.543068
v -7.201582 0.456056 1.504056
v -7.197052 0.466150 1.450352
v -7.264115 0.411646 1.560792
v -7.268146 0.394422 1.501024
v -7.318751 0.387959 1.560792
v -7.325048 0.391990 1.498492
v -7.358330 0.450925 1.564823
v -7.364893 0.427171 1.502590
v -7.353033 0.460187 1.441290
v -7.313854 0.406682 1.441390
v -7.259950 0.416810 1.441290
v -7.403172 0.459687 1.615662
v -7.376953 0.452391 1.627855
v -7.390313 0.445495 1.594074
v -7.363360 0.437033 1.607366
v -7.376354 0.446960 1.566855
v -7.350267 0.448759 1.581614
v -7.321084 0.453257 1.596239
v -7.340673 0.451358 1.623058
v -7.354166 0.457855 1.645779
v -7.079082 0.402018 1.372961
v -7.144380 0.410147 1.352272
v -7.099404 0.413079 1.439891
v -7.169133 0.418076 1.420102
v -7.107200 0.434900 1.507388
v -7.172365 0.448260 1.486999
v -7.205846 0.507394 1.468909
v -7.204381 0.467816 1.400579
v -7.175996 0.467716 1.332083
v -7.274476 0.422674 1.321089
v -7.279107 0.432402 1.389285
v -7.204514 0.413945 1.326986
v -7.208079 0.420108 1.399313
v -7.134186 0.416177 1.320523
v -7.137384 0.430903 1.388519
v -7.134719 0.491170 1.425032
v -7.208478 0.471580 1.437859
v -7.279140 0.491836 1.424399
v -7.231333 0.480809 1.426398
v -7.248590 0.438065 1.371562
v -7.291100 0.458854 1.458514
v -7.309124 0.410247 1.403011
v -7.351933 0.454090 1.494261
v -7.372189 0.414945 1.437825
v -7.405604 0.431902 1.384321
v -7.337241 0.419642 1.350873
v -7.278973 0.455856 1.318224
v -7.124724 0.422141 1.711243
v -7.127756 0.417943 1.651676
v -7.184525 0.418209 1.714475
v -7.185424 0.413079 1.645712
v -7.212310 0.470314 1.713209
v -7.215274 0.468515 1.653508
v -7.218140 0.471214 1.593574
v -7.190488 0.414645 1.595106
v -7.130688 0.417976 1.591908
v -7.318218 0.465850 1.401279
v -7.259417 0.454490 1.398247
v -7.326414 0.429037 1.354304
v -7.258251 0.417377 1.353072
v -7.328080 0.431336 1.310561
v -7.269179 0.420908 1.306630
v -7.210044 0.412113 1.300933
v -7.208578 0.408148 1.346409
v -7.200416 0.444728 1.393616
v -7.133852 0.536212 1.474572
v -7.108300 0.488838 1.496693
v -7.141815 0.505828 1.421335
v -7.118195 0.445894 1.440124
v -7.160338 0.461652 1.378491
v -7.129588 0.419475 1.396448
v -7.084379 0.419042 1.404477
v -7.060092 0.446661 1.438025
v -7.061059 0.464284 1.500691
v -7.238662 0.479376 1.412673
v -7.234431 0.471714 1.378491
v -7.271344 0.467816 1.412673
v -7.273876 0.458721 1.377125
v -7.307058 0.474745 1.414871
v -7.307558 0.476911 1.379357
v -7.309623 0.482341 1.339612
v -7.271111 0.474479 1.341045
v -7.236563 0.477177 1.340112
v -7.199517 0.454490 1.486932
v -7.197884 0.448660 1.404077
v -7.249356 0.488338 1.481835
v -7.263415 0.492769 1.415704
v -7.263015 0.503063 1.347175
v -7.202415 0.474579 1.330217
v -7.152442 0.503363 1.330251
v -7.138550 0.469515 1.406209
v -7.150877 0.482974 1.489697
v -7.441851 0.437033 1.431029
v -7.397175 0.440964 1.483367
v -7.388847 0.447760 1.385387
v -7.340040 0.448226 1.439125
v -7.345704 0.469915 1.332983
v -7.300795 0.479043 1.385121
v -7.279940 0.535812 1.420168
v -7.318718 0.495501 1.476005
v -7.379019 0.496234 1.519114
v -7.284271 0.366471 1.441124
v -7.318119 0.440731 1.420768
v -7.297630 0.390758 1.500791
v -7.333044 0.456255 1.477004
v -7.340539 0.368537 1.551497
v -7.380884 0.426538 1.524812
v -7.432423 0.472080 1.498459
v -7.389080 0.498632 1.450385
v -7.378286 0.476344 1.391118
v -7.331844 0.525851 1.397381
v -7.361362 0.507128 1.396248
v -7.332277 0.519421 1.429497
v -7.358829 0.490603 1.428164
v -7.337741 0.529282 1.462945
v -7.358963 0.500831 1.462978
v -7.392878 0.493135 1.463811
v -7.393277 0.492902 1.430330
v -7.397575 0.504296 1.396981
v -7.283937 0.442163 1.359401
v -7.335909 0.456389 1.352172
v -7.285737 0.450159 1.419169
v -7.345937 0.462419 1.420168
v -7.300095 0.441863 1.477937
v -7.347503 0.463685 1.471007
v -7.361228 0.508594 1.452851
v -7.357730 0.524751 1.407009
v -7.367658 0.502564 1.346309
v -7.430024 0.416744 1.627555
v -7.390446 0.423906 1.621259
v -7.431890 0.417110 1.588676
v -7.391078 0.420908 1.591775
v -7.436354 0.431202 1.564023
v -7.412700 0.432968 1.551963
v -7.367925 0.440697 1.540936
v -7.355631 0.428204 1.581381
v -7.336742 0.434467 1.608333
v -7.384782 0.467149 1.592908
v -7.325648 0.467149 1.592908
v -7.377786 0.473779 1.537205
v -7.320351 0.433501 1.532074
v -7.365559 0.499265 1.481535
v -7.334177 0.467149 1.481535
v -7.266513 0.437599 1.481535
v -7.266513 0.433501 1.537205
v -7.266513 0.467149 1.592908
v -7.351300 0.508260 1.399047
v -7.316853 0.474645 1.462712
v -7.295631 0.482408 1.406043
v -7.246691 0.524785 1.413739
v -7.239961 0.508260 1.449652
v -7.239961 0.503796 1.517282
v -7.313521 0.474645 1.517282
v -7.355098 0.508260 1.539903
v -7.355831 0.508260 1.458181
v -7.123125 0.435100 1.503257
v -7.166501 0.422307 1.460746
v -7.170499 0.444395 1.536672
v -7.209477 0.451358 1.487931
v -7.174197 0.521087 1.544234
v -7.223137 0.503929 1.502557
v -7.238328 0.526284 1.438292
v -7.229200 0.458054 1.431962
v -7.187190 0.437366 1.402211
v -7.171932 0.441563 1.587144
v -7.171832 0.441330 1.527377
v -7.223836 0.407715 1.587144
v -7.221272 0.408481 1.518248
v -7.269412 0.440297 1.587144
v -7.270212 0.442230 1.527377
v -7.272710 0.448260 1.467643
v -7.225469 0.411613 1.467643
v -7.173297 0.444895 1.467643
v -7.317253 0.424573 1.626989
v -7.248857 0.415544 1.628588
v -7.316553 0.414212 1.556994
v -7.244958 0.400552 1.557360
v -7.325515 0.417776 1.486965
v -7.256286 0.413645 1.487065
v -7.208145 0.462186 1.482068
v -7.196551 0.440031 1.555461
v -7.202082 0.463685 1.626323
v -7.297430 0.512558 1.356370
v -7.331312 0.462852 1.396981
v -7.239228 0.502330 1.395282
v -7.272443 0.446794 1.436959
v -7.180060 0.509726 1.433361
v -7.214575 0.463618 1.477337
v -7.249323 0.474512 1.531208
v -7.307191 0.449992 1.485533
v -7.367425 0.474312 1.448087
v -7.341739 0.440098 1.560559
v -7.273310 0.431036 1.562124
v -7.341040 0.429703 1.490563
v -7.269445 0.416044 1.490930
v -7.350001 0.433301 1.420535
v -7.280772 0.429137 1.420635
v -7.232632 0.477677 1.415604
v -7.221038 0.455523 1.488997
v -7.226568 0.479176 1.559892
v -7.252554 0.427371 1.563424
v -7.297930 0.461186 1.575351
v -7.237862 0.427471 1.621359
v -7.278773 0.460087 1.641548
v -7.225136 0.425272 1.679694
v -7.270811 0.458721 1.691687
v -7.320351 0.442963 1.703647
v -7.331811 0.446661 1.645012
v -7.345404 0.447893 1.586844
v -7.311255 0.483341 1.647744
v -7.251522 0.447394 1.660204
v -7.311255 0.454057 1.582080
v -7.250122 0.412313 1.594707
v -7.315320 0.441264 1.512451
v -7.253054 0.408948 1.522679
v -7.191754 0.431102 1.515083
v -7.191854 0.427105 1.591875
v -7.191754 0.470514 1.655174
v -7.161837 0.451658 1.655440
v -7.195586 0.449492 1.653675
v -7.164636 0.436266 1.684891
v -7.199616 0.424439 1.680393
v -7.165868 0.436266 1.719738
v -7.195852 0.421941 1.716041
v -7.229401 0.430303 1.719072
v -7.229867 0.440930 1.686990
v -7.229434 0.462918 1.657939
v -7.082380 0.427971 1.611598
v -7.079615 0.423873 1.582313
v -7.108966 0.432435 1.603235
v -7.105934 0.427038 1.572785
v -7.132786 0.453224 1.597805
v -7.123458 0.455156 1.569354
v -7.113397 0.460353 1.538371
v -7.089310 0.437599 1.549198
v -7.065456 0.425972 1.556628
v -7.019281 0.449559 1.568821
v -7.029943 0.411347 1.514917
v -7.081148 0.449526 1.566056
v -7.084312 0.424739 1.509286
v -7.131953 0.495934 1.565989
v -7.145046 0.440964 1.518615
v -7.135352 0.484707 1.469708
v -7.083713 0.445495 1.465077
v -7.016616 0.460753 1.468942
v -7.260583 0.494168 1.609032
v -7.215908 0.461586 1.634885
v -7.236463 0.496100 1.554362
v -7.182426 0.462352 1.572352
v -7.207479 0.502130 1.498959
v -7.158706 0.465484 1.521247
v -7.094074 0.537844 1.539070
v -7.132386 0.495201 1.599004
v -7.154508 0.474579 1.674663
v -7.221504 0.440098 1.611598
v -7.153075 0.431036 1.613163
v -7.220805 0.429703 1.541602
v -7.149210 0.416044 1.541969
v -7.229767 0.433301 1.471574
v -7.160538 0.429137 1.471674
v -7.112398 0.477677 1.466643
v -7.100804 0.455523 1.540036
v -7.106334 0.479176 1.610931
v -7.105834 0.491903 1.558793
v -7.109865 0.474712 1.499025
v -7.160504 0.468282 1.558793
v -7.166801 0.472313 1.496494
v -7.200049 0.531248 1.562824
v -7.206613 0.507494 1.500591
v -7.194753 0.540509 1.439291
v -7.155574 0.487005 1.439391
v -7.101670 0.497100 1.439291
v -7.192954 0.474712 1.413072
v -7.213809 0.465883 1.347874
v -7.258584 0.459720 1.435493
v -7.281405 0.446228 1.367597
v -7.321683 0.458654 1.467276
v -7.344438 0.454623 1.401912
v -7.367558 0.502863 1.359068
v -7.301261 0.485573 1.323321
v -7.233864 0.513857 1.305431
v -7.419030 0.472680 1.650343
v -7.358563 0.435567 1.651909
v -7.421829 0.462752 1.580314
v -7.359929 0.420009 1.580681
v -7.428958 0.469815 1.510319
v -7.366092 0.436899 1.510386
v -7.305359 0.461752 1.505389
v -7.301927 0.436300 1.578782
v -7.299229 0.460586 1.649643
v -7.293199 0.452291 1.645246
v -7.310123 0.427738 1.599637
v -7.313687 0.415511 1.639749
v -7.355398 0.408715 1.645679
v -7.359330 0.402052 1.619526
v -7.369791 0.406116 1.574218
v -7.321584 0.430803 1.563957
v -7.316386 0.466250 1.552363
v -7.301428 0.459554 1.606067
v -7.299229 0.481642 1.549265
v -7.303260 0.464418 1.489497
v -7.353866 0.457954 1.549265
v -7.360162 0.461986 1.486965
v -7.393445 0.520920 1.553296
v -7.400007 0.497166 1.491063
v -7.388147 0.530182 1.429730
v -7.348969 0.476678 1.429830
v -7.295064 0.486805 1.429730
v -7.225969 0.501431 1.600603
v -7.249389 0.468849 1.554595
v -7.275975 0.503363 1.633352
v -7.311489 0.469615 1.588843
v -7.330445 0.509393 1.664036
v -7.359230 0.472746 1.618793
v -7.403738 0.545140 1.568654
v -7.338974 0.502464 1.539270
v -7.279240 0.481841 1.487798
v -7.242126 0.444795 1.701848
v -7.278474 0.459754 1.656340
v -7.283204 0.402052 1.723570
v -7.323149 0.420741 1.669866
v -7.319418 0.424206 1.758417
v -7.356464 0.441064 1.713942
v -7.394876 0.461486 1.671531
v -7.357364 0.435767 1.634651
v -7.316086 0.478010 1.612664
v -7.230766 0.446694 1.748323
v -7.187490 0.414145 1.734031
v -7.250256 0.454956 1.691820
v -7.206646 0.414878 1.667800
v -7.271344 0.441630 1.635851
v -7.226468 0.418010 1.621059
v -7.183725 0.436866 1.622225
v -7.156840 0.447727 1.660970
v -7.138183 0.420108 1.717740
v -7.294231 0.448127 1.744225
v -7.237962 0.436866 1.720738
v -7.310190 0.423906 1.692153
v -7.253887 0.434001 1.666068
v -7.331711 0.485706 1.657073
v -7.273410 0.468182 1.630287
v -7.214342 0.507261 1.622125
v -7.197584 0.454456 1.658339
v -7.180760 0.465217 1.709444
v -7.246357 0.504762 1.667534
v -7.258784 0.460253 1.621659
v -7.302094 0.491436 1.681026
v -7.315587 0.464817 1.624557
v -7.336375 0.554902 1.662170
v -7.352067 0.503663 1.616928
v -7.345470 0.500764 1.548299
v -7.310423 0.447827 1.567055
v -7.256386 0.449193 1.558959
v -7.191521 0.459787 1.687789
v -7.189888 0.440864 1.606534
v -7.241360 0.492469 1.678528
v -7.255419 0.486372 1.612464
v -7.255020 0.485673 1.543368
v -7.194386 0.454790 1.530108
v -7.144446 0.483274 1.526577
v -7.130521 0.461852 1.606000
v -7.142848 0.488438 1.686956
v -7.122458 0.472380 1.602269
v -7.092975 0.443496 1.557060
v -7.172965 0.441730 1.584712
v -7.136717 0.409381 1.533607
v -7.204481 0.471214 1.549565
v -7.175296 0.444329 1.503156
v -7.146679 0.421108 1.454550
v -7.114629 0.387959 1.491929
v -7.064024 0.418076 1.509786
v -1.441396 0.474113 1.450027
v -1.404283 0.459421 1.586220
v -1.345082 0.436333 1.616370
v -1.328357 0.447294 1.747266
v -1.367469 0.417143 1.698659
v -1.372500 0.406016 1.760392
v -1.456254 0.373767 1.794773
v -1.412445 0.352279 1.811564
v -1.428036 0.427871 1.683300
v -1.417609 0.454690 1.385296
v -1.370701 0.461919 1.368139
v -1.369535 0.461020 1.348749
v -1.345814 0.460753 1.376767
v -1.313998 0.459520 1.371403
v -1.330423 0.441364 1.418478
v -1.315664 0.441830 1.419344
v -1.331122 0.434567 1.474214
v -1.320195 0.429404 1.474181
v -1.681399 0.361874 1.635526
v -1.676335 0.371435 1.647620
v -1.665074 0.439731 1.591084
v -1.456021 0.521087 1.402487
v -1.578288 0.476978 1.451127
v -1.573024 0.480442 1.472815
v -1.603874 0.433401 1.509262
v -1.624863 0.422141 1.498334
v -1.651482 0.449326 1.546708
v -1.619999 0.465584 1.552238
v -1.654247 0.444362 1.606742
v -1.535411 0.425972 1.323363
v -1.536078 0.429104 1.316133
v -1.583219 0.429537 1.345184
v -1.592614 0.426338 1.334557
v -1.622497 0.425139 1.416179
v -1.601309 0.425839 1.421876
v -1.606706 0.429837 1.481610
v -1.589049 0.431236 1.470583
v -1.523684 0.452291 1.626232
v -1.597677 0.450525 1.546808
v -1.197229 0.419076 1.470716
v -1.226413 0.426572 1.488207
v -1.189799 0.415611 1.473848
v -1.223414 0.432135 1.499434
v -1.273254 0.434634 1.501766
v -1.276086 0.433468 1.483576
v -1.372533 0.413412 1.516791
v -1.368302 0.413945 1.533449
v -1.457720 0.425139 1.556703
v -1.473478 0.419675 1.594316
v -1.628227 0.444329 1.597447
v -1.524917 0.460220 1.527119
v -1.542940 0.461519 1.511061
v -1.466049 0.443696 1.472715
v -1.487870 0.445628 1.436468
v -1.473512 0.457022 1.352714
v -1.459353 0.450226 1.349948
v -1.347547 0.434667 1.677404
v -1.361839 0.443363 1.647686
v -1.376231 0.443329 1.690863
v -1.394888 0.443329 1.659180
v -1.398719 0.466583 1.707721
v -1.417242 0.463518 1.680835
v -1.428370 0.483241 1.653250
v -1.402184 0.470381 1.635826
v -1.370901 0.467783 1.620268
v -1.718212 0.433102 1.608075
v -1.659644 0.415911 1.595615
v -1.725974 0.409448 1.553971
v -1.665208 0.413479 1.538912
v -1.735602 0.472413 1.515392
v -1.674902 0.448660 1.500067
v -1.612536 0.481642 1.503098
v -1.607072 0.428171 1.541878
v -1.599343 0.438299 1.595248
v -1.467415 0.409548 1.780947
v -1.431734 0.402785 1.732440
v -1.509592 0.405450 1.741202
v -1.470780 0.407782 1.692196
v -1.531513 0.435867 1.726111
v -1.496866 0.426638 1.673239
v -1.441729 0.439132 1.640957
v -1.421573 0.412713 1.660080
v -1.381795 0.411247 1.697426
v -1.416709 0.468149 1.317200
v -1.407281 0.479476 1.377434
v -1.380562 0.417710 1.327994
v -1.359540 0.444729 1.381998
v -1.320961 0.439398 1.299909
v -1.311666 0.445428 1.365074
v -1.293809 0.504529 1.406118
v -1.349946 0.487872 1.426673
v -1.391223 0.527750 1.421443
v -1.623097 0.443396 1.437834
v -1.579987 0.440697 1.415513
v -1.629094 0.415678 1.423409
v -1.588283 0.415911 1.398822
v -1.653047 0.404983 1.388028
v -1.614935 0.406149 1.361675
v -1.583119 0.410514 1.328427
v -1.559232 0.423307 1.362842
v -1.551436 0.451658 1.376767
v -1.439663 0.475212 1.551672
v -1.478342 0.435367 1.519823
v -1.443428 0.441397 1.581389
v -1.485239 0.392823 1.575759
v -1.461252 0.406683 1.644588
v -1.509692 0.386260 1.623600
v -1.567294 0.402118 1.601845
v -1.545439 0.407649 1.547108
v -1.523551 0.413179 1.492404
v -1.395154 0.507228 1.593716
v -1.443461 0.469182 1.576725
v -1.385659 0.469448 1.617903
v -1.425504 0.419076 1.624699
v -1.374565 0.425339 1.677970
v -1.427170 0.404417 1.677137
v -1.488670 0.418876 1.683834
v -1.492268 0.433235 1.626232
v -1.495866 0.447560 1.568596
v -1.518621 0.463452 1.541911
v -1.555334 0.440997 1.497002
v -1.517887 0.417510 1.553604
v -1.555567 0.373001 1.527985
v -1.529281 0.351113 1.594282
v -1.576755 0.338553 1.567197
v -1.636556 0.356910 1.554837
v -1.618166 0.393790 1.509162
v -1.599810 0.430703 1.463520
v -1.478409 0.550704 1.539979
v -1.515122 0.528250 1.495070
v -1.477676 0.504796 1.551639
v -1.515322 0.460253 1.526019
v -1.489070 0.438365 1.592350
v -1.536544 0.425805 1.565232
v -1.596345 0.444162 1.552871
v -1.577955 0.481075 1.507230
v -1.559598 0.517989 1.461555
v -1.491768 0.507228 1.615271
v -1.540075 0.469182 1.598280
v -1.482274 0.469448 1.639491
v -1.522152 0.419076 1.646287
v -1.471180 0.425339 1.699525
v -1.523784 0.404417 1.698725
v -1.585317 0.418876 1.705389
v -1.588916 0.433235 1.647787
v -1.592514 0.447560 1.590151
v -1.419974 0.456955 1.722879
v -1.382395 0.434467 1.702523
v -1.450824 0.459820 1.671340
v -1.415377 0.432269 1.642056
v -1.484139 0.449792 1.622434
v -1.444694 0.432602 1.600512
v -1.401884 0.441963 1.591084
v -1.366770 0.449293 1.622234
v -1.337586 0.434801 1.675805
v -1.425305 0.460986 1.682001
v -1.424205 0.443796 1.622101
v -1.479775 0.437333 1.677304
v -1.480708 0.441364 1.614705
v -1.519553 0.500332 1.677937
v -1.520753 0.476578 1.615371
v -1.503662 0.509560 1.555304
v -1.464650 0.456056 1.558768
v -1.410946 0.466150 1.563299
v -1.521386 0.411646 1.496269
v -1.461618 0.394423 1.492204
v -1.521386 0.387959 1.441599
v -1.459120 0.391990 1.435302
v -1.525417 0.450925 1.402020
v -1.463184 0.427171 1.395457
v -1.401884 0.460187 1.407317
v -1.401984 0.406683 1.446496
v -1.401884 0.416810 1.500400
v -1.576256 0.459687 1.357178
v -1.588449 0.452391 1.383397
v -1.554668 0.445495 1.370038
v -1.567960 0.437033 1.397023
v -1.527449 0.446961 1.383997
v -1.542208 0.448760 1.410083
v -1.556833 0.453257 1.439267
v -1.583652 0.451358 1.419677
v -1.606373 0.457855 1.406184
v -1.333554 0.402018 1.681268
v -1.312866 0.410147 1.615971
v -1.400485 0.413079 1.660946
v -1.380695 0.418076 1.591217
v -1.467981 0.434901 1.653150
v -1.447592 0.448260 1.587986
v -1.429502 0.507394 1.554504
v -1.361173 0.467816 1.555970
v -1.292677 0.467716 1.584354
v -1.281683 0.422674 1.485874
v -1.349879 0.432402 1.481277
v -1.287579 0.413945 1.555837
v -1.359907 0.420109 1.552272
v -1.281116 0.416177 1.626165
v -1.349113 0.430903 1.622967
v -1.385626 0.491170 1.625632
v -1.398453 0.471581 1.551872
v -1.384993 0.491836 1.481210
v -1.386992 0.480809 1.529051
v -1.332155 0.438065 1.511760
v -1.419108 0.458854 1.469250
v -1.363605 0.410247 1.451227
v -1.454855 0.454090 1.408417
v -1.398419 0.414945 1.388161
v -1.344915 0.431902 1.354746
v -1.311466 0.419642 1.423109
v -1.278818 0.455856 1.481377
v -1.671837 0.422141 1.635627
v -1.612270 0.417943 1.632595
v -1.675069 0.418210 1.575826
v -1.606306 0.413079 1.574926
v -1.673803 0.470315 1.548041
v -1.614102 0.468516 1.545076
v -1.554168 0.471214 1.542211
v -1.555700 0.414645 1.569862
v -1.552502 0.417976 1.629663
v -1.361872 0.465850 1.442132
v -1.358841 0.454490 1.500933
v -1.314898 0.429037 1.433936
v -1.313665 0.417377 1.502099
v -1.271155 0.431336 1.432270
v -1.267224 0.420908 1.491172
v -1.261527 0.412113 1.550306
v -1.307002 0.408148 1.551772
v -1.354210 0.444729 1.559934
v -1.435166 0.536212 1.626498
v -1.457287 0.488838 1.652051
v -1.381928 0.505829 1.618536
v -1.400718 0.445895 1.642190
v -1.339085 0.461653 1.600013
v -1.357042 0.419476 1.630763
v -1.365071 0.419042 1.675971
v -1.398619 0.446661 1.700258
v -1.461285 0.464285 1.699292
v -1.373266 0.479376 1.521688
v -1.339085 0.471714 1.525919
v -1.373266 0.467816 1.489006
v -1.337719 0.458721 1.486474
v -1.375465 0.474745 1.453292
v -1.339951 0.476911 1.452793
v -1.300206 0.482341 1.450727
v -1.301638 0.474479 1.489239
v -1.300706 0.477178 1.523821
v -1.447526 0.454490 1.560834
v -1.364671 0.448660 1.562466
v -1.442429 0.488338 1.510994
v -1.376298 0.492769 1.496935
v -1.307768 0.503063 1.497335
v -1.290811 0.474579 1.557935
v -1.290844 0.503363 1.607908
v -1.366803 0.469515 1.621801
v -1.450291 0.482974 1.609474
v -1.391623 0.437033 1.318499
v -1.443961 0.440964 1.363175
v -1.345981 0.447760 1.371537
v -1.399718 0.448227 1.420310
v -1.293576 0.469915 1.414647
v -1.345714 0.479043 1.459556
v -1.380762 0.535812 1.480411
v -1.436598 0.495501 1.441632
v -1.479708 0.496234 1.381331
v -1.401717 0.366471 1.476080
v -1.381362 0.440731 1.442232
v -1.461385 0.390758 1.462720
v -1.437598 0.456256 1.427306
v -1.512091 0.368537 1.419811
v -1.485405 0.426538 1.379466
v -1.459053 0.472080 1.327927
v -1.410979 0.498633 1.371270
v -1.351711 0.476345 1.382064
v -1.357975 0.525851 1.428506
v -1.356842 0.507128 1.398988
v -1.390090 0.519421 1.428073
v -1.388758 0.490604 1.401520
v -1.423539 0.529283 1.422609
v -1.423572 0.500831 1.401387
v -1.424405 0.493136 1.367472
v -1.390923 0.492902 1.367073
v -1.357575 0.504296 1.362775
v -1.319995 0.442163 1.476413
v -1.312766 0.456389 1.424441
v -1.379763 0.450159 1.474614
v -1.380762 0.462419 1.414413
v -1.438531 0.441863 1.460255
v -1.431601 0.463685 1.412848
v -1.413444 0.508594 1.399122
v -1.367603 0.524752 1.402620
v -1.306902 0.502564 1.392692
v -1.588149 0.416744 1.330326
v -1.581853 0.423907 1.369904
v -1.549271 0.417110 1.328460
v -1.552369 0.420908 1.369271
v -1.524617 0.431203 1.323996
v -1.512557 0.432968 1.347650
v -1.501530 0.440697 1.392425
v -1.541974 0.428204 1.404752
v -1.568926 0.434467 1.423608
v -1.553501 0.467150 1.375568
v -1.553501 0.467150 1.434702
v -1.497798 0.473779 1.382564
v -1.492668 0.433501 1.440033
v -1.442129 0.499266 1.394791
v -1.442129 0.467150 1.426174
v -1.442129 0.437599 1.493837
v -1.497798 0.433501 1.493837
v -1.553501 0.467150 1.493837
v -1.359640 0.508261 1.409050
v -1.423306 0.474646 1.443498
v -1.366637 0.482408 1.464719
v -1.374332 0.524785 1.513659
v -1.410246 0.508261 1.520389
v -1.477876 0.503796 1.520389
v -1.477876 0.474646 1.446829
v -1.500497 0.508261 1.405252
v -1.418775 0.508261 1.404519
v -1.463850 0.435100 1.637226
v -1.421340 0.422307 1.593849
v -1.497265 0.444395 1.589851
v -1.448525 0.451358 1.550873
v -1.504828 0.521087 1.586153
v -1.463151 0.503930 1.537213
v -1.398886 0.526284 1.522022
v -1.392556 0.458055 1.531150
v -1.362805 0.437366 1.573160
v -1.547738 0.441564 1.588419
v -1.487970 0.441330 1.588519
v -1.547738 0.407715 1.536514
v -1.478842 0.408482 1.539079
v -1.547738 0.440298 1.490938
v -1.487970 0.442230 1.490139
v -1.428236 0.448260 1.487640
v -1.428236 0.411613 1.534881
v -1.428236 0.444895 1.587053
v -1.587583 0.424573 1.443098
v -1.589182 0.415544 1.511494
v -1.517588 0.414212 1.443798
v -1.517954 0.400553 1.515392
v -1.447559 0.417776 1.434836
v -1.447659 0.413645 1.504065
v -1.442662 0.462186 1.552205
v -1.516055 0.440031 1.563799
v -1.586917 0.463685 1.558269
v -1.316964 0.512558 1.462920
v -1.357575 0.462852 1.429039
v -1.355876 0.502331 1.521122
v -1.397553 0.446794 1.487907
v -1.393955 0.509726 1.580290
v -1.437931 0.463618 1.545775
v -1.491802 0.474512 1.511028
v -1.446127 0.449992 1.453159
v -1.408680 0.474312 1.392958
v -1.521152 0.440098 1.418611
v -1.522718 0.431036 1.487041
v -1.451157 0.429703 1.419311
v -1.451524 0.416044 1.490905
v -1.381129 0.433301 1.410349
v -1.381229 0.429137 1.479578
v -1.376198 0.477677 1.527719
v -1.449591 0.455523 1.539312
v -1.520486 0.479176 1.533782
v -1.524017 0.427371 1.507796
v -1.535944 0.461186 1.462421
v -1.581953 0.427471 1.522488
v -1.602142 0.460087 1.481577
v -1.640288 0.425272 1.535214
v -1.652281 0.458721 1.489539
v -1.664241 0.442963 1.440000
v -1.605607 0.446661 1.428539
v -1.547438 0.447893 1.414947
v -1.608338 0.483341 1.449095
v -1.620798 0.447394 1.508829
v -1.542674 0.454057 1.449095
v -1.555301 0.412313 1.510228
v -1.473045 0.441264 1.445030
v -1.483273 0.408948 1.507296
v -1.475677 0.431103 1.568596
v -1.552469 0.427105 1.568496
v -1.615768 0.470514 1.568596
v -1.616034 0.451658 1.598513
v -1.614268 0.449493 1.564765
v -1.645485 0.436266 1.595715
v -1.640987 0.424440 1.560734
v -1.680332 0.436266 1.594482
v -1.676634 0.421941 1.564499
v -1.679666 0.430303 1.530950
v -1.647584 0.440931 1.530484
v -1.618533 0.462919 1.530917
v -1.572191 0.427971 1.677970
v -1.542907 0.423873 1.680735
v -1.563829 0.432435 1.651385
v -1.533379 0.427038 1.654416
v -1.558399 0.453224 1.627564
v -1.529948 0.455156 1.636893
v -1.498965 0.460353 1.646954
v -1.509792 0.437599 1.671041
v -1.517221 0.425972 1.694894
v -1.529415 0.449559 1.741069
v -1.475511 0.411347 1.730408
v -1.526649 0.449526 1.679203
v -1.469880 0.424739 1.676038
v -1.526583 0.495934 1.628397
v -1.479209 0.440964 1.615304
v -1.430302 0.484707 1.624999
v -1.425671 0.445495 1.676637
v -1.429536 0.460753 1.743734
v -1.569626 0.494168 1.499767
v -1.595479 0.461586 1.544443
v -1.514956 0.496101 1.523887
v -1.532946 0.462352 1.577924
v -1.459553 0.502131 1.552871
v -1.481840 0.465484 1.601645
v -1.499664 0.537845 1.666276
v -1.559598 0.495201 1.627964
v -1.635257 0.474579 1.605843
v -1.572191 0.440098 1.538846
v -1.573757 0.431036 1.607275
v -1.502196 0.429703 1.539546
v -1.502563 0.416044 1.611140
v -1.432168 0.433301 1.530584
v -1.432267 0.429137 1.599813
v -1.427237 0.477677 1.647953
v -1.500630 0.455523 1.659547
v -1.571525 0.479176 1.654016
v -1.519387 0.491903 1.654516
v -1.459619 0.474712 1.650485
v -1.519387 0.468282 1.599846
v -1.457087 0.472313 1.593549
v -1.523418 0.531248 1.560301
v -1.461185 0.507494 1.553738
v -1.399885 0.540510 1.565598
v -1.399985 0.487006 1.604777
v -1.399885 0.497100 1.658681
v -1.373666 0.474712 1.567397
v -1.308468 0.465884 1.546541
v -1.396087 0.459720 1.501766
v -1.328191 0.446228 1.478945
v -1.427870 0.458654 1.438667
v -1.362505 0.454623 1.415913
v -1.319662 0.502864 1.392792
v -1.283915 0.485573 1.459089
v -1.266025 0.513858 1.526486
v -1.610937 0.472680 1.341320
v -1.612503 0.435567 1.401787
v -1.540908 0.462752 1.338521
v -1.541275 0.420009 1.400421
v -1.470913 0.469815 1.331392
v -1.470980 0.436899 1.394258
v -1.465982 0.461753 1.454991
v -1.539376 0.436300 1.458423
v -1.610237 0.460587 1.461121
v -1.605840 0.452291 1.467151
v -1.560231 0.427738 1.450227
v -1.600343 0.415511 1.446663
v -1.606273 0.408715 1.404952
v -1.580120 0.402052 1.401021
v -1.534812 0.406116 1.390560
v -1.524551 0.430803 1.438767
v -1.512957 0.466250 1.443964
v -1.566661 0.459554 1.458923
v -1.509858 0.481642 1.461155
v -1.450091 0.464418 1.457090
v -1.509858 0.457955 1.406484
v -1.447559 0.461986 1.400188
v -1.513890 0.520920 1.366906
v -1.451657 0.497167 1.360343
v -1.390324 0.530182 1.372203
v -1.390423 0.476678 1.411382
v -1.390324 0.486806 1.465286
v -1.561197 0.501431 1.534381
v -1.515189 0.468849 1.510961
v -1.593946 0.503363 1.484375
v -1.549437 0.469615 1.448861
v -1.624630 0.509393 1.429905
v -1.579387 0.472747 1.401121
v -1.529281 0.545141 1.356611
v -1.499864 0.502464 1.421376
v -1.448392 0.481842 1.481111
v -1.662442 0.444795 1.518224
v -1.616934 0.459754 1.481877
v -1.684164 0.402052 1.477146
v -1.630460 0.420742 1.437201
v -1.719011 0.424206 1.440932
v -1.674536 0.441064 1.403886
v -1.632125 0.461486 1.365473
v -1.595245 0.435767 1.402986
v -1.573258 0.478010 1.444264
v -1.708917 0.446694 1.529584
v -1.694625 0.414145 1.572861
v -1.652414 0.454956 1.510095
v -1.628394 0.414878 1.553704
v -1.596445 0.441630 1.489006
v -1.581653 0.418010 1.533882
v -1.582819 0.436866 1.576625
v -1.621564 0.447727 1.603511
v -1.678334 0.420109 1.622167
v -1.704819 0.448127 1.466119
v -1.681332 0.436866 1.522388
v -1.652748 0.423907 1.450161
v -1.626662 0.434001 1.506463
v -1.617667 0.485706 1.428639
v -1.590881 0.468182 1.486941
v -1.582719 0.507261 1.546009
v -1.618933 0.454457 1.562766
v -1.670038 0.465217 1.579590
v -1.628128 0.504763 1.513993
v -1.582253 0.460253 1.501566
v -1.641620 0.491436 1.458256
v -1.585151 0.464818 1.444763
v -1.622764 0.554902 1.423975
v -1.577522 0.503663 1.408283
v -1.508892 0.500765 1.414880
v -1.527649 0.447827 1.449928
v -1.519553 0.449193 1.503965
v -1.648383 0.459787 1.568830
v -1.567127 0.440864 1.570462
v -1.639121 0.492469 1.518990
v -1.573058 0.486373 1.504931
v -1.503962 0.485673 1.505364
v -1.490702 0.454790 1.565964
v -1.487171 0.483274 1.615904
v -1.566594 0.461853 1.629830
v -1.647550 0.488438 1.617503
v -1.562863 0.472380 1.637892
v -1.517654 0.443496 1.667376
v -1.545306 0.441730 1.587386
v -1.494200 0.409381 1.623633
v -1.510158 0.471214 1.555870
v -1.463750 0.444329 1.585054
v -1.415143 0.421108 1.613672
v -1.452523 0.387959 1.645721
v -1.470380 0.418076 1.696327
v 1.356031 0.443796 1.679526
v 1.333720 0.441562 1.636412
v 1.341595 0.420759 1.685529
v 1.316994 0.420927 1.644733
v 1.306216 0.411852 1.709488
v 1.279856 0.412829 1.671372
v 1.246599 0.416459 1.639539
v 1.281029 0.427098 1.615665
v 1.294963 0.450665 1.607874
v 1.487550 0.454882 1.491461
v 1.442622 0.436201 1.528153
v 1.499222 0.416682 1.490735
v 1.473617 0.379628 1.528376
v 1.539907 0.361422 1.502128
v 1.512821 0.350978 1.549598
v 1.500451 0.366253 1.609382
v 1.454796 0.396940 1.591008
v 1.409141 0.427628 1.572635
v 1.511900 0.496878 1.451587
v 1.494922 0.465241 1.499894
v 1.536109 0.465492 1.442093
v 1.542895 0.423551 1.481940
v 1.596145 0.428773 1.430979
v 1.595335 0.411377 1.483587
v 1.602036 0.423384 1.545102
v 1.544403 0.435335 1.548704
v 1.486769 0.447286 1.552307
v 1.460102 0.460494 1.575064
v 1.415201 0.441786 1.611756
v 1.471774 0.422267 1.574338
v 1.446168 0.385213 1.611979
v 1.512458 0.367034 1.585731
v 1.485372 0.356591 1.633201
v 1.473002 0.371837 1.692985
v 1.427348 0.402553 1.674611
v 1.381693 0.433241 1.656238
v 1.458147 0.533067 1.534854
v 1.413246 0.514386 1.571546
v 1.469819 0.494868 1.534128
v 1.444213 0.457814 1.571769
v 1.510532 0.439607 1.545493
v 1.483418 0.429164 1.592991
v 1.471048 0.444438 1.652775
v 1.425393 0.475126 1.634401
v 1.379738 0.505842 1.616028
v 1.533457 0.496878 1.548230
v 1.516479 0.465241 1.596509
v 1.557666 0.465492 1.538708
v 1.564452 0.423551 1.578583
v 1.617702 0.428773 1.527622
v 1.616892 0.411377 1.580230
v 1.623593 0.423384 1.641745
v 1.565959 0.435335 1.645347
v 1.508325 0.447286 1.648950
v 1.641073 0.455077 1.476411
v 1.620717 0.436368 1.438854
v 1.589527 0.457451 1.507266
v 1.560235 0.434525 1.471803
v 1.540633 0.449129 1.540551
v 1.518685 0.434805 1.501123
v 1.509247 0.442595 1.458316
v 1.540409 0.448711 1.423189
v 1.593995 0.436648 1.394037
v 1.600194 0.458428 1.481744
v 1.540298 0.444103 1.480655
v 1.595502 0.438770 1.536223
v 1.532898 0.442121 1.537144
v 1.596117 0.491154 1.575986
v 1.533540 0.471412 1.577186
v 1.473477 0.498833 1.560097
v 1.476940 0.454323 1.521088
v 1.481463 0.462728 1.467363
v 1.414447 0.417380 1.577828
v 1.410398 0.403056 1.518072
v 1.359773 0.397694 1.577828
v 1.353490 0.401045 1.515531
v 1.320205 0.450051 1.581877
v 1.313643 0.430309 1.519608
v 1.325483 0.457758 1.458316
v 1.364687 0.413248 1.458400
v 1.418580 0.421681 1.458316
v 1.275360 0.457367 1.632698
v 1.301580 0.451279 1.644873
v 1.288233 0.445527 1.611085
v 1.315179 0.438518 1.624405
v 1.302195 0.446756 1.583888
v 1.328247 0.448264 1.598660
v 1.357455 0.451978 1.613263
v 1.337853 0.450442 1.640070
v 1.324366 0.455831 1.662800
v 1.599440 0.409366 1.390015
v 1.534155 0.416152 1.369296
v 1.579139 0.418581 1.456920
v 1.509415 0.422714 1.437122
v 1.571321 0.436731 1.524411
v 1.506148 0.447845 1.504027
v 1.472695 0.497046 1.485933
v 1.474147 0.464096 1.417604
v 1.502545 0.464013 1.349108
v 1.404059 0.426539 1.338106
v 1.399452 0.434665 1.406295
v 1.474007 0.419307 1.343998
v 1.470461 0.424417 1.416319
v 1.544347 0.421150 1.337547
v 1.541163 0.433408 1.405541
v 1.543816 0.483531 1.442037
v 1.470042 0.467224 1.454882
v 1.399396 0.484090 1.441423
v 1.447229 0.474903 1.443433
v 1.429944 0.439384 1.388591
v 1.387417 0.456641 1.475545
v 1.369406 0.416208 1.420033
v 1.326628 0.452676 1.511287
v 1.306355 0.420145 1.454854
v 1.272959 0.434218 1.401352
v 1.341287 0.424026 1.367928
v 1.399564 0.454156 1.335258
v 1.532786 0.426120 1.734898
v 1.566602 0.422630 1.685781
v 1.483362 0.422853 1.701111
v 1.524493 0.418581 1.645962
v 1.462084 0.466163 1.683184
v 1.496039 0.464683 1.633983
v 1.530217 0.466945 1.584670
v 1.551244 0.419894 1.602736
v 1.600640 0.422630 1.636552
v 1.360303 0.462477 1.418302
v 1.419138 0.453039 1.415286
v 1.352122 0.431845 1.371335
v 1.420283 0.422155 1.370106
v 1.350446 0.433771 1.327607
v 1.409365 0.425087 1.323642
v 1.468479 0.417771 1.317973
v 1.469959 0.414476 1.363432
v 1.478140 0.444913 1.410651
v 1.570232 0.481576 1.513744
v 1.560347 0.445890 1.457143
v 1.544710 0.521004 1.491601
v 1.536724 0.495734 1.438351
v 1.518182 0.458986 1.395516
v 1.548926 0.423915 1.413471
v 1.594162 0.423524 1.421485
v 1.618428 0.446533 1.455077
v 1.617478 0.461164 1.517737
v 1.539767 0.485039 1.465158
v 1.544179 0.478365 1.429555
v 1.505701 0.474986 1.465158
v 1.503048 0.467112 1.428103
v 1.468479 0.481018 1.467475
v 1.467976 0.482861 1.430449
v 1.465826 0.487580 1.389038
v 1.505952 0.480795 1.390490
v 1.541973 0.483112 1.389541
v 1.479006 0.453011 1.503971
v 1.480653 0.448180 1.421122
v 1.429163 0.481158 1.498889
v 1.415117 0.484871 1.432710
v 1.415508 0.493416 1.364214
v 1.476130 0.469737 1.347237
v 1.526085 0.493695 1.347293
v 1.539991 0.465520 1.423244
v 1.527676 0.476718 1.506736
v 1.217698 0.414672 1.456334
v 1.262376 0.417911 1.508662
v 1.270697 0.423579 1.410679
v 1.319507 0.423970 1.464432
v 1.313839 0.442009 1.358267
v 1.358740 0.449632 1.410428
v 1.379626 0.496851 1.445443
v 1.340813 0.463287 1.501318
v 1.280526 0.463901 1.544432
v 1.385295 0.379823 1.460494
v 1.351452 0.441590 1.440138
v 1.371947 0.400012 1.520167
v 1.336513 0.454491 1.496376
v 1.329057 0.381527 1.570876
v 1.288680 0.429778 1.544209
v 1.237161 0.467671 1.517849
v 1.280498 0.489730 1.469737
v 1.291305 0.471217 1.410511
v 1.346677 0.501709 1.414421
v 1.317190 0.486156 1.413276
v 1.346258 0.496376 1.446532
v 1.319703 0.472390 1.445192
v 1.340813 0.504557 1.479985
v 1.319563 0.480878 1.480013
v 1.285664 0.474484 1.480823
v 1.285245 0.474316 1.447370
v 1.280973 0.483782 1.414002
v 1.394593 0.442763 1.376417
v 1.342628 0.454630 1.369212
v 1.392806 0.449437 1.436173
v 1.332603 0.459629 1.437206
v 1.378426 0.442512 1.494980
v 1.331012 0.460662 1.488027
v 1.317301 0.498023 1.469877
v 1.320792 0.511482 1.424026
v 1.310879 0.493025 1.363321
v 1.244868 0.421625 1.633983
v 1.284435 0.427600 1.627700
v 1.242997 0.421932 1.595113
v 1.283821 0.425087 1.598213
v 1.238529 0.433660 1.570485
v 1.262180 0.435112 1.558394
v 1.306970 0.441562 1.547364
v 1.319256 0.431147 1.587825
v 1.338132 0.436368 1.614743
v 1.293762 0.463538 1.609913
v 1.352876 0.463538 1.609913
v 1.300743 0.469067 1.554233
v 1.358209 0.435559 1.549123
v 1.312973 0.490289 1.498554
v 1.344359 0.463538 1.498554
v 1.412018 0.438965 1.498554
v 1.412018 0.435559 1.554233
v 1.412018 0.463538 1.609913
v 1.327242 0.497772 1.416068
v 1.361672 0.469793 1.479733
v 1.382921 0.476243 1.423049
v 1.431843 0.511510 1.430756
v 1.438601 0.497772 1.466665
v 1.438601 0.494058 1.534324
v 1.365022 0.469793 1.534324
v 1.323416 0.497772 1.556942
v 1.322718 0.497772 1.475210
v 1.473868 0.483615 1.558785
v 1.468562 0.475322 1.519022
v 1.437009 0.471105 1.558785
v 1.432346 0.461276 1.517318
v 1.395431 0.478617 1.561493
v 1.394817 0.480934 1.520055
v 1.392304 0.486826 1.474987
v 1.437288 0.478337 1.479287
v 1.474594 0.481241 1.479231
v 1.555404 0.436899 1.520306
v 1.512011 0.426232 1.477779
v 1.508018 0.444634 1.553703
v 1.469065 0.450414 1.504976
v 1.504332 0.508439 1.561242
v 1.455411 0.494170 1.519608
v 1.440192 0.512739 1.455301
v 1.449323 0.455999 1.448990
v 1.491348 0.438798 1.419251
v 1.506594 0.442288 1.604160
v 1.506706 0.442065 1.544404
v 1.454684 0.414113 1.604160
v 1.457281 0.414756 1.535273
v 1.409114 0.441227 1.604160
v 1.408332 0.442819 1.544404
v 1.405819 0.447845 1.484648
v 1.453065 0.417352 1.484648
v 1.505226 0.445053 1.484648
v 1.361281 0.428159 1.644035
v 1.429693 0.420620 1.645599
v 1.361979 0.419503 1.574031
v 1.433574 0.408166 1.574394
v 1.353015 0.422490 1.503999
v 1.422238 0.419028 1.504083
v 1.470405 0.459433 1.499084
v 1.481966 0.440976 1.572467
v 1.476437 0.460662 1.643365
v 1.381106 0.501318 1.373373
v 1.347235 0.459992 1.414030
v 1.439327 0.492830 1.412326
v 1.406070 0.446616 1.453988
v 1.498496 0.498973 1.450386
v 1.463983 0.460634 1.494365
v 1.429218 0.469681 1.548230
v 1.371333 0.449269 1.502575
v 1.311130 0.469514 1.465130
v 1.336820 0.441032 1.577605
v 1.405204 0.433520 1.579169
v 1.337490 0.432403 1.507573
v 1.409086 0.421038 1.507964
v 1.328554 0.435391 1.437569
v 1.397749 0.431929 1.437653
v 1.445917 0.472334 1.432655
v 1.457505 0.453876 1.506037
v 1.451976 0.473562 1.576907
v 1.425979 0.430476 1.580453
v 1.380604 0.458595 1.592377
v 1.440667 0.430560 1.638366
v 1.399759 0.457674 1.658555
v 1.453400 0.428717 1.696727
v 1.407745 0.456557 1.708706
v 1.358181 0.443433 1.720685
v 1.346705 0.446505 1.662046
v 1.333134 0.447538 1.603881
v 1.367284 0.477025 1.664754
v 1.427040 0.447119 1.677236
v 1.367284 0.452676 1.599106
v 1.428409 0.417939 1.611727
v 1.363235 0.442037 1.529493
v 1.425477 0.415147 1.539713
v 1.486769 0.433576 1.532118
v 1.486685 0.430253 1.608907
v 1.486769 0.466358 1.672210
v 1.516703 0.450665 1.672461
v 1.482943 0.448878 1.670702
v 1.513882 0.437876 1.701920
v 1.478922 0.428019 1.697425
v 1.512681 0.437876 1.736769
v 1.482692 0.425953 1.733083
v 1.449128 0.432906 1.736099
v 1.448653 0.441730 1.704015
v 1.449100 0.460047 1.674974
v 1.596145 0.430979 1.628621
v 1.598909 0.427572 1.599330
v 1.569561 0.434693 1.620272
v 1.572605 0.430169 1.589808
v 1.545743 0.451978 1.614855
v 1.555097 0.453569 1.586373
v 1.565122 0.457897 1.555406
v 1.589220 0.438965 1.566212
v 1.613066 0.429304 1.573640
v 1.659252 0.448934 1.585843
v 1.648585 0.417157 1.531950
v 1.597401 0.448906 1.583078
v 1.594218 0.428299 1.526338
v 1.546581 0.487496 1.583022
v 1.533484 0.441758 1.535664
v 1.543202 0.478170 1.486714
v 1.594832 0.445555 1.482079
v 1.661904 0.458232 1.485960
v 1.442342 0.486016 1.661934
v 1.493722 0.458930 1.666848
v 1.441533 0.487636 1.602178
v 1.498161 0.459545 1.596062
v 1.444855 0.492634 1.539741
v 1.498496 0.462170 1.539741
v 1.564675 0.522373 1.529074
v 1.554734 0.486882 1.599497
v 1.566099 0.469737 1.677515
v 1.457030 0.441032 1.628621
v 1.525442 0.433520 1.630213
v 1.457728 0.432403 1.558617
v 1.529324 0.421038 1.558980
v 1.448793 0.435391 1.488613
v 1.517987 0.431929 1.488697
v 1.566155 0.472334 1.483671
v 1.577743 0.453876 1.557081
v 1.572214 0.473562 1.627951
v 1.572717 0.484145 1.575818
v 1.568668 0.469849 1.516062
v 1.518043 0.464487 1.575818
v 1.511732 0.467838 1.513521
v 1.478475 0.516872 1.579867
v 1.471913 0.497130 1.517626
v 1.483781 0.524579 1.456306
v 1.522957 0.480069 1.456418
v 1.576850 0.488474 1.456306
v 1.497240 0.453513 1.449325
v 1.476353 0.475182 1.387866
v 1.431620 0.432766 1.463091
v 1.408778 0.452145 1.397331
v 1.368513 0.418274 1.490847
v 1.345727 0.443517 1.431203
v 1.322607 0.497632 1.412941
v 1.388925 0.500313 1.374155
v 1.456332 0.528907 1.369855
v 1.259500 0.468145 1.667351
v 1.319982 0.437262 1.668943
v 1.256707 0.459880 1.597347
v 1.318614 0.424333 1.597710
v 1.249587 0.465772 1.527343
v 1.312415 0.438407 1.527427
v 1.373204 0.459070 1.522429
v 1.376611 0.437904 1.595811
v 1.379291 0.458093 1.666681
v 1.300826 0.451196 1.567329
v 1.292589 0.457255 1.528125
v 1.280331 0.420592 1.561800
v 1.283877 0.430784 1.521702
v 1.238641 0.414951 1.567748
v 1.234676 0.409394 1.541584
v 1.224205 0.412773 1.496292
v 1.272400 0.433325 1.486016
v 1.277622 0.462812 1.474428
v 1.370858 0.475601 1.567776
v 1.366837 0.461304 1.508020
v 1.316212 0.455915 1.567776
v 1.309902 0.459266 1.505507
v 1.276617 0.508299 1.571825
v 1.270083 0.488529 1.509584
v 1.281922 0.515978 1.448264
v 1.321099 0.471496 1.448375
v 1.375019 0.479929 1.448264
v 1.452562 0.492076 1.617647
v 1.429135 0.464990 1.571630
v 1.402579 0.493695 1.650374
v 1.367033 0.465604 1.605864
v 1.348101 0.498693 1.681062
v 1.319312 0.468229 1.635825
v 1.274802 0.528432 1.585703
v 1.339556 0.492941 1.556300
v 1.399284 0.475768 1.504837
v 1.436395 0.444969 1.718898
v 1.400038 0.457395 1.673355
v 1.395319 0.409394 1.740594
v 1.355361 0.424976 1.686898
v 1.359131 0.427852 1.775443
v 1.322048 0.441841 1.730989
v 1.283653 0.458847 1.688545
v 1.321183 0.437429 1.651686
v 1.362453 0.472585 1.629710
v 1.447787 0.446560 1.765334
v 1.491041 0.419447 1.751065
v 1.428297 0.453402 1.708845
v 1.471913 0.420089 1.684831
v 1.407187 0.442344 1.652887
v 1.452060 0.422686 1.638087
v 1.494811 0.438379 1.639260
v 1.521701 0.447398 1.678018
v 1.540354 0.424417 1.734786
v 1.384290 0.447733 1.761258
v 1.440583 0.438379 1.737774
v 1.368345 0.427572 1.709180
v 1.424639 0.435977 1.683072
v 1.346816 0.479007 1.674109
v 1.405148 0.464404 1.647302
v 1.464179 0.496934 1.639148
v 1.480960 0.453011 1.675365
v 1.497770 0.461946 1.726465
v 1.432178 0.494840 1.684552
v 1.419752 0.457841 1.638702
v 1.376443 0.483754 1.698067
v 1.362956 0.461611 1.641578
v 1.342153 0.536530 1.679219
v 1.326460 0.493946 1.633955
v 1.333050 0.491517 1.565347
v 1.368122 0.447482 1.584083
v 1.422154 0.448627 1.575986
v 1.487020 0.457423 1.704824
v 1.488667 0.441702 1.623539
v 1.437177 0.484620 1.695554
v 1.423131 0.479538 1.629515
v 1.423522 0.478952 1.560376
v 1.484144 0.453262 1.547141
v 1.534099 0.476969 1.543594
v 1.548005 0.459154 1.623037
v 1.535690 0.481269 1.703987
v 1.556075 0.467894 1.619295
v 1.585562 0.443880 1.574087
v 1.505561 0.442428 1.601731
v 1.541834 0.415510 1.550631
v 1.474063 0.466945 1.566576
v 1.503243 0.444550 1.520195
v 1.531837 0.425255 1.471580
v 1.563921 0.397666 1.508941
v 1.614490 0.422714 1.526812
v 7.072443 0.448210 1.679526
v 7.050132 0.445976 1.636412
v 7.058006 0.425173 1.685529
v 7.033406 0.425340 1.644733
v 7.022627 0.416265 1.709488
v 6.996268 0.417243 1.671372
v 6.963011 0.420873 1.639539
v 6.997440 0.431511 1.615665
v 7.011374 0.455079 1.607874
v 7.203962 0.459295 1.491461
v 7.159033 0.440614 1.528153
v 7.215634 0.421096 1.490735
v 7.190029 0.384042 1.528376
v 7.256319 0.365835 1.502128
v 7.229233 0.355392 1.549598
v 7.216863 0.370666 1.609382
v 7.171208 0.401354 1.591008
v 7.125553 0.432042 1.572635
v 7.228311 0.501292 1.451587
v 7.211334 0.469655 1.499894
v 7.252521 0.469906 1.442093
v 7.259306 0.427965 1.481940
v 7.312556 0.433187 1.430979
v 7.311746 0.415790 1.483587
v 7.318448 0.427798 1.545102
v 7.260814 0.439749 1.548704
v 7.203180 0.451700 1.552307
v 7.176513 0.464908 1.575064
v 7.131612 0.446199 1.611756
v 7.188185 0.426681 1.574338
v 7.162580 0.389626 1.611979
v 7.228870 0.371448 1.585731
v 7.201784 0.361005 1.633201
v 7.189414 0.376251 1.692985
v 7.143759 0.406967 1.674611
v 7.098104 0.437655 1.656238
v 7.174559 0.537481 1.534854
v 7.129658 0.518800 1.571546
v 7.186231 0.499282 1.534128
v 7.160625 0.462227 1.571769
v 7.226943 0.444021 1.545493
v 7.199829 0.433578 1.592991
v 7.187459 0.448852 1.652775
v 7.141804 0.479540 1.634401
v 7.096149 0.510255 1.616028
v 7.249868 0.501292 1.548230
v 7.232891 0.469655 1.596509
v 7.274078 0.469906 1.538708
v 7.280863 0.427965 1.578583
v 7.334113 0.433187 1.527622
v 7.333303 0.415790 1.580230
v 7.340005 0.427798 1.641745
v 7.282371 0.439749 1.645347
v 7.224737 0.451700 1.648950
v 7.357485 0.459491 1.476411
v 7.337129 0.440782 1.438854
v 7.305939 0.461864 1.507266
v 7.276647 0.438939 1.471803
v 7.257045 0.453543 1.540551
v 7.235097 0.439218 1.501123
v 7.225658 0.447009 1.458316
v 7.256821 0.453124 1.423189
v 7.310406 0.441061 1.394037
v 7.316605 0.462842 1.481744
v 7.256710 0.448517 1.480655
v 7.311914 0.443183 1.536223
v 7.249310 0.446534 1.537144
v 7.312529 0.495568 1.575986
v 7.249952 0.475826 1.577186
v 7.189889 0.503247 1.560097
v 7.193351 0.458737 1.521088
v 7.197875 0.467142 1.467363
v 7.130858 0.421794 1.577828
v 7.126810 0.407469 1.518072
v 7.076184 0.402108 1.577828
v 7.069901 0.405459 1.515531
v 7.036617 0.454464 1.581877
v 7.030055 0.434723 1.519608
v 7.041895 0.462171 1.458316
v 7.081099 0.417661 1.458400
v 7.134991 0.426094 1.458316
v 6.991772 0.461780 1.632698
v 7.017992 0.455693 1.644873
v 7.004645 0.449941 1.611085
v 7.031590 0.442932 1.624405
v 7.018606 0.451169 1.583888
v 7.044659 0.452677 1.598660
v 7.073867 0.456391 1.613263
v 7.054265 0.454855 1.640070
v 7.040778 0.460245 1.662800
v 7.315851 0.413780 1.390015
v 7.250566 0.420565 1.369296
v 7.295551 0.422995 1.456920
v 7.225826 0.427127 1.437122
v 7.287732 0.441145 1.524411
v 7.222559 0.452258 1.504027
v 7.189106 0.501460 1.485933
v 7.190559 0.468510 1.417604
v 7.218956 0.468426 1.349108
v 7.120471 0.430953 1.338106
v 7.115863 0.439079 1.406295
v 7.190419 0.423721 1.343998
v 7.186872 0.428831 1.416319
v 7.260758 0.425564 1.337547
v 7.257575 0.437822 1.405541
v 7.260228 0.487945 1.442037
v 7.186454 0.471637 1.454882
v 7.115808 0.488503 1.441423
v 7.163641 0.479316 1.443433
v 7.146356 0.443798 1.388591
v 7.103829 0.461054 1.475545
v 7.085818 0.420621 1.420033
v 7.043039 0.457089 1.511287
v 7.022767 0.424558 1.454854
v 6.989370 0.438632 1.401352
v 7.057699 0.428440 1.367928
v 7.115975 0.458569 1.335258
v 7.249198 0.430534 1.734898
v 7.283013 0.427044 1.685781
v 7.199774 0.427267 1.701111
v 7.240905 0.422995 1.645962
v 7.178496 0.470576 1.683184
v 7.212451 0.469096 1.633983
v 7.246629 0.471358 1.584670
v 7.267655 0.424307 1.602736
v 7.317052 0.427044 1.636552
v 7.076715 0.466890 1.418302
v 7.135550 0.457452 1.415286
v 7.068533 0.436258 1.371335
v 7.136694 0.426569 1.370106
v 7.066858 0.438185 1.327607
v 7.125776 0.429501 1.323642
v 7.184890 0.422185 1.317973
v 7.186370 0.418890 1.363432
v 7.194552 0.449327 1.410651
v 7.286643 0.485990 1.513744
v 7.276759 0.450304 1.457143
v 7.261121 0.525418 1.491601
v 7.253135 0.500147 1.438351
v 7.234594 0.463400 1.395516
v 7.265366 0.428328 1.413471
v 7.310574 0.427937 1.421485
v 7.334839 0.450946 1.455077
v 7.333890 0.465578 1.517737
v 7.256179 0.489453 1.465158
v 7.260591 0.482779 1.429555
v 7.222113 0.479400 1.465158
v 7.219460 0.471526 1.428103
v 7.184890 0.485432 1.467475
v 7.184388 0.487274 1.430449
v 7.182238 0.491994 1.389038
v 7.222363 0.485208 1.390490
v 7.258385 0.487526 1.389541
v 7.195417 0.457424 1.503971
v 7.197065 0.452594 1.421122
v 7.145575 0.485571 1.498889
v 7.131528 0.489285 1.432710
v 7.131919 0.497830 1.364214
v 7.192541 0.474150 1.347237
v 7.242496 0.498109 1.347293
v 7.256402 0.469934 1.423244
v 7.244088 0.481131 1.506736
v 6.934110 0.419085 1.456334
v 6.978787 0.422325 1.508662
v 6.987109 0.427993 1.410679
v 7.035919 0.428384 1.464432
v 7.030250 0.446422 1.358267
v 7.075151 0.454046 1.410428
v 7.096038 0.501264 1.445443
v 7.057224 0.467700 1.501318
v 6.996938 0.468314 1.544432
v 7.101706 0.384237 1.460494
v 7.067863 0.446004 1.440138
v 7.088359 0.404426 1.520167
v 7.052924 0.458904 1.496376
v 7.045468 0.385940 1.570876
v 7.005092 0.434192 1.544209
v 6.953572 0.472084 1.517849
v 6.996910 0.494144 1.469737
v 7.007716 0.475630 1.410511
v 7.063088 0.506123 1.414421
v 7.033601 0.490569 1.413276
v 7.062670 0.500789 1.446532
v 7.036114 0.476803 1.445192
v 7.057224 0.508971 1.479985
v 7.035975 0.485292 1.480013
v 7.002076 0.478897 1.480823
v 7.001657 0.478730 1.447370
v 6.997385 0.488196 1.414002
v 7.111005 0.447176 1.376417
v 7.059039 0.459044 1.369212
v 7.109218 0.453850 1.436173
v 7.049015 0.464042 1.437206
v 7.094837 0.446925 1.494980
v 7.047423 0.465075 1.488027
v 7.033713 0.502437 1.469877
v 7.037231 0.515896 1.424026
v 7.027291 0.497439 1.363321
v 6.961279 0.426038 1.633983
v 7.000847 0.432014 1.627700
v 6.959409 0.426346 1.595113
v 7.000233 0.429501 1.598213
v 6.954941 0.438073 1.570485
v 6.978592 0.439525 1.558394
v 7.023381 0.445976 1.547364
v 7.035667 0.435560 1.587825
v 7.054543 0.440782 1.614743
v 7.010173 0.467951 1.609913
v 7.069287 0.467951 1.609913
v 7.017154 0.473480 1.554233
v 7.074621 0.439972 1.549123
v 7.029385 0.494702 1.498554
v 7.060771 0.467951 1.498554
v 7.128429 0.443379 1.498554
v 7.128429 0.439972 1.554233
v 7.128429 0.467951 1.609913
v 7.043653 0.502186 1.416068
v 7.078083 0.474206 1.479733
v 7.099333 0.480657 1.423049
v 7.148254 0.515924 1.430756
v 7.155012 0.502186 1.466665
v 7.155012 0.498472 1.534324
v 7.081434 0.474206 1.534324
v 7.039828 0.502186 1.556942
v 7.039130 0.502186 1.475210
v 7.190279 0.488028 1.558785
v 7.184974 0.479735 1.519022
v 7.153420 0.475519 1.558785
v 7.148757 0.465690 1.517318
v 7.111814 0.483030 1.561493
v 7.111228 0.485348 1.520055
v 7.108715 0.491240 1.474987
v 7.153700 0.482751 1.479287
v 7.191006 0.485655 1.479231
v 7.271816 0.441312 1.520306
v 7.228423 0.430646 1.477779
v 7.224430 0.449047 1.553703
v 7.185477 0.454827 1.504976
v 7.220744 0.512852 1.561242
v 7.171822 0.498583 1.519608
v 7.156604 0.517153 1.455301
v 7.165735 0.460412 1.448990
v 7.207759 0.443211 1.419251
v 7.223006 0.446702 1.604160
v 7.223117 0.446478 1.544404
v 7.171096 0.418527 1.604160
v 7.173693 0.419169 1.535273
v 7.125525 0.445641 1.604160
v 7.124743 0.447232 1.544404
v 7.122230 0.452258 1.484648
v 7.169477 0.421766 1.484648
v 7.221637 0.449466 1.484648
v 7.077692 0.432572 1.644035
v 7.146105 0.425033 1.645599
v 7.078390 0.423916 1.574031
v 7.149986 0.412579 1.574394
v 7.069427 0.426904 1.503999
v 7.138649 0.423442 1.504083
v 7.186817 0.463847 1.499084
v 7.198378 0.445389 1.572467
v 7.192848 0.465075 1.643365
v 7.097517 0.505732 1.373373
v 7.063647 0.464405 1.414030
v 7.155738 0.497243 1.412326
v 7.122482 0.451030 1.453988
v 7.214908 0.503386 1.450386
v 7.180395 0.465047 1.494365
v 7.145630 0.474095 1.548230
v 7.087745 0.453683 1.502575
v 7.027542 0.473927 1.465130
v 7.053232 0.445445 1.577605
v 7.121616 0.437934 1.579169
v 7.053902 0.436817 1.507573
v 7.125497 0.425452 1.507964
v 7.044966 0.439805 1.437569
v 7.114161 0.436342 1.437653
v 7.162328 0.476747 1.432655
v 7.173917 0.458290 1.506037
v 7.168387 0.477976 1.576907
v 7.142391 0.434890 1.580453
v 7.097015 0.463009 1.592377
v 7.157079 0.434974 1.638366
v 7.116170 0.462088 1.658555
v 7.169812 0.433131 1.696727
v 7.124157 0.460971 1.708706
v 7.074593 0.447847 1.720685
v 7.063117 0.450918 1.662046
v 7.049546 0.451951 1.603881
v 7.083696 0.481438 1.664754
v 7.143452 0.451532 1.677236
v 7.083696 0.457089 1.599106
v 7.144820 0.422352 1.611727
v 7.079647 0.446450 1.529493
v 7.141888 0.419560 1.539713
v 7.203180 0.437990 1.532118
v 7.203096 0.434667 1.608907
v 7.203180 0.470772 1.672210
v 7.233114 0.455079 1.672461
v 7.199355 0.453292 1.670702
v 7.230322 0.442290 1.701920
v 7.195333 0.432433 1.697425
v 7.229093 0.442290 1.736769
v 7.199103 0.430367 1.733083
v 7.165539 0.437319 1.736099
v 7.165065 0.446143 1.704015
v 7.165512 0.464461 1.674974
v 7.312556 0.435393 1.628621
v 7.315320 0.431986 1.599330
v 7.285973 0.439107 1.620272
v 7.289017 0.434583 1.589808
v 7.262155 0.456391 1.614855
v 7.271509 0.457983 1.586373
v 7.281533 0.462311 1.555406
v 7.305632 0.443379 1.566212
v 7.329478 0.433717 1.573640
v 7.375663 0.453348 1.585843
v 7.364996 0.421571 1.531950
v 7.313813 0.453320 1.583078
v 7.310629 0.432712 1.526338
v 7.262992 0.491910 1.583022
v 7.249896 0.446171 1.535664
v 7.259614 0.482583 1.486714
v 7.311244 0.449969 1.482079
v 7.378316 0.462646 1.485960
v 7.158754 0.490430 1.661934
v 7.210133 0.463344 1.666848
v 7.157944 0.492049 1.602178
v 7.214573 0.463958 1.596062
v 7.161267 0.497048 1.539741
v 7.214908 0.466583 1.539741
v 7.281086 0.526786 1.529074
v 7.271146 0.491295 1.599497
v 7.282510 0.474150 1.677515
v 7.173470 0.445445 1.628621
v 7.241854 0.437934 1.630213
v 7.174140 0.436817 1.558617
v 7.245736 0.425452 1.558980
v 7.165204 0.439805 1.488613
v 7.234398 0.436342 1.488697
v 7.282567 0.476747 1.483671
v 7.294155 0.458290 1.557081
v 7.288626 0.477976 1.627951
v 7.289129 0.488559 1.575818
v 7.285080 0.474262 1.516062
v 7.234454 0.468901 1.575818
v 7.228144 0.472252 1.513521
v 7.194887 0.521285 1.579867
v 7.188325 0.501543 1.517626
v 7.200192 0.528992 1.456306
v 7.239369 0.484482 1.456418
v 7.293262 0.492887 1.456306
v 7.213652 0.457927 1.449325
v 7.192765 0.479596 1.387866
v 7.148031 0.437180 1.463091
v 7.125190 0.456559 1.397331
v 7.084925 0.422688 1.490847
v 7.062139 0.447930 1.431203
v 7.039018 0.502046 1.412941
v 7.105337 0.504727 1.374155
v 7.172744 0.533320 1.369855
v 6.975911 0.472559 1.667351
v 7.036394 0.441676 1.668943
v 6.973119 0.464294 1.597347
v 7.035025 0.428747 1.597710
v 6.965999 0.470185 1.527343
v 7.028826 0.442820 1.527427
v 7.089615 0.463484 1.522429
v 7.093022 0.442318 1.595811
v 7.095703 0.462506 1.666681
v 7.017238 0.455609 1.567329
v 7.009001 0.461669 1.528125
v 6.996742 0.425005 1.561800
v 7.000288 0.435197 1.521702
v 6.955052 0.419365 1.567748
v 6.951087 0.413808 1.541584
v 6.940616 0.417187 1.496292
v 6.988812 0.437738 1.486016
v 6.994034 0.467225 1.474428
v 7.087270 0.480014 1.567776
v 7.083249 0.465718 1.508020
v 7.032624 0.460328 1.567776
v 7.026313 0.463679 1.505507
v 6.993029 0.512713 1.571825
v 6.986494 0.492943 1.509584
v 6.998334 0.520392 1.448264
v 7.037510 0.475910 1.448375
v 7.091431 0.484343 1.448264
v 7.168974 0.496489 1.617647
v 7.145546 0.469403 1.571630
v 7.118991 0.498109 1.650374
v 7.083445 0.470018 1.605864
v 7.064512 0.503107 1.681062
v 7.035723 0.472643 1.635825
v 6.991213 0.532846 1.585703
v 7.055968 0.497355 1.556300
v 7.115696 0.480182 1.504837
v 7.152806 0.449382 1.718898
v 7.116450 0.461808 1.673355
v 7.111731 0.413808 1.740594
v 7.071773 0.429389 1.686898
v 7.075542 0.432265 1.775443
v 7.038460 0.446255 1.730989
v 7.000065 0.463260 1.688545
v 7.037594 0.441843 1.651686
v 7.078865 0.476999 1.629710
v 7.164199 0.450974 1.765334
v 7.207452 0.423860 1.751065
v 7.144709 0.457815 1.708845
v 7.188325 0.424503 1.684831
v 7.123598 0.446758 1.652887
v 7.168471 0.427099 1.638087
v 7.211222 0.442792 1.639260
v 7.238112 0.451812 1.678018
v 7.256765 0.428831 1.734786
v 7.100701 0.452147 1.761258
v 7.156995 0.442792 1.737774
v 7.084757 0.431986 1.709180
v 7.141050 0.440391 1.683072
v 7.063228 0.483421 1.674109
v 7.121560 0.468817 1.647302
v 7.180590 0.501348 1.639148
v 7.197372 0.457424 1.675365
v 7.214182 0.466360 1.726465
v 7.148590 0.499254 1.684552
v 7.136164 0.462255 1.638702
v 7.092854 0.488168 1.698067
v 7.079368 0.466025 1.641578
v 7.058565 0.540943 1.679219
v 7.042872 0.498360 1.633955
v 7.049461 0.495931 1.565347
v 7.084533 0.451896 1.584083
v 7.138566 0.453040 1.575986
v 7.203431 0.461836 1.704824
v 7.205079 0.446115 1.623539
v 7.153588 0.489034 1.695554
v 7.139543 0.483952 1.629515
v 7.139934 0.483365 1.560376
v 7.200555 0.457676 1.547141
v 7.250510 0.481383 1.543594
v 7.264416 0.463567 1.623037
v 7.252102 0.485683 1.703987
v 7.272486 0.472308 1.619295
v 7.301973 0.448293 1.574087
v 7.221973 0.446841 1.601731
v 7.258245 0.419923 1.550631
v 7.190475 0.471358 1.566576
v 7.219655 0.448964 1.520195
v 7.248249 0.429668 1.471580
v 7.280333 0.402080 1.508941
v 7.330902 0.427127 1.526812
v 7.072443 0.474921 -1.335630
v 7.050132 0.472687 -1.378744
v 7.058006 0.451884 -1.329627
v 7.033406 0.452052 -1.370423
v 7.022627 0.442976 -1.305669
v 6.996268 0.443954 -1.343784
v 6.963011 0.447584 -1.375617
v 6.997440 0.458223 -1.399491
v 7.011374 0.481790 -1.407282
v 7.203962 0.486006 -1.523695
v 7.159033 0.467326 -1.487003
v 7.215634 0.447807 -1.524421
v 7.190029 0.410753 -1.486780
v 7.256319 0.392547 -1.513028
v 7.229233 0.382103 -1.465558
v 7.216863 0.397377 -1.405774
v 7.171208 0.428065 -1.424148
v 7.125553 0.458753 -1.442521
v 7.228311 0.528003 -1.563569
v 7.211334 0.496366 -1.515262
v 7.252521 0.496589 -1.573063
v 7.259306 0.454676 -1.533216
v 7.312556 0.459898 -1.584177
v 7.311747 0.442502 -1.531569
v 7.318448 0.454509 -1.470054
v 7.260814 0.466460 -1.466452
v 7.203180 0.478383 -1.462849
v 7.176513 0.491619 -1.440092
v 7.131612 0.472910 -1.403400
v 7.188185 0.453392 -1.440818
v 7.162580 0.416337 -1.403177
v 7.228870 0.398159 -1.429425
v 7.201784 0.387716 -1.381955
v 7.189414 0.402962 -1.322171
v 7.143759 0.433678 -1.340545
v 7.098104 0.464366 -1.358918
v 7.174559 0.564192 -1.480302
v 7.129658 0.545511 -1.443610
v 7.186231 0.525993 -1.481028
v 7.160625 0.488938 -1.443387
v 7.226943 0.470732 -1.469663
v 7.199829 0.460289 -1.422165
v 7.187459 0.475563 -1.362381
v 7.141804 0.506251 -1.380754
v 7.096149 0.536967 -1.399128
v 7.249868 0.528003 -1.466926
v 7.232891 0.496366 -1.418647
v 7.274078 0.496589 -1.476448
v 7.280863 0.454676 -1.436574
v 7.334113 0.459898 -1.487534
v 7.333303 0.442502 -1.434926
v 7.340005 0.454509 -1.373411
v 7.282371 0.466460 -1.369809
v 7.224737 0.478383 -1.366206
v 7.357485 0.486202 -1.538745
v 7.337129 0.467493 -1.576303
v 7.305939 0.488575 -1.507890
v 7.276647 0.465650 -1.543353
v 7.257045 0.480254 -1.474605
v 7.235097 0.465929 -1.514033
v 7.225658 0.473720 -1.556840
v 7.256821 0.479835 -1.591968
v 7.310406 0.467772 -1.621119
v 7.316605 0.489553 -1.533412
v 7.256710 0.475228 -1.534501
v 7.311914 0.469895 -1.478933
v 7.249310 0.473245 -1.478012
v 7.312529 0.522279 -1.439171
v 7.249952 0.502537 -1.437970
v 7.189889 0.529958 -1.455059
v 7.193351 0.485448 -1.494068
v 7.197875 0.493853 -1.547793
v 7.130858 0.448505 -1.437327
v 7.126810 0.434181 -1.497084
v 7.076184 0.428819 -1.437327
v 7.069901 0.432170 -1.499625
v 7.036617 0.481176 -1.433279
v 7.030055 0.461434 -1.495548
v 7.041895 0.488883 -1.556840
v 7.081099 0.444373 -1.556756
v 7.134991 0.452805 -1.556840
v 6.991772 0.488492 -1.382458
v 7.017992 0.482404 -1.370283
v 7.004645 0.476652 -1.404071
v 7.031590 0.469643 -1.390751
v 7.018606 0.477881 -1.431268
v 7.044659 0.479389 -1.416497
v 7.073867 0.483102 -1.401893
v 7.054265 0.481567 -1.375086
v 7.040778 0.486956 -1.352356
v 7.315851 0.440491 -1.625140
v 7.250566 0.447277 -1.645860
v 7.295551 0.449706 -1.558236
v 7.225826 0.453839 -1.578034
v 7.287733 0.467856 -1.490745
v 7.222559 0.478970 -1.511129
v 7.189106 0.528171 -1.529223
v 7.190559 0.495221 -1.597552
v 7.218957 0.495137 -1.666048
v 7.120471 0.457664 -1.677050
v 7.115863 0.465790 -1.608861
v 7.190419 0.450432 -1.671158
v 7.186872 0.455542 -1.598837
v 7.260758 0.452275 -1.677609
v 7.257575 0.464533 -1.609615
v 7.260228 0.514656 -1.573119
v 7.186454 0.498349 -1.560274
v 7.115808 0.515214 -1.573734
v 7.163641 0.506028 -1.571723
v 7.146356 0.470509 -1.626565
v 7.103829 0.487766 -1.539611
v 7.085818 0.447332 -1.595123
v 7.043039 0.483801 -1.503869
v 7.022767 0.451270 -1.560302
v 6.989370 0.465343 -1.613804
v 7.057699 0.455151 -1.647228
v 7.115975 0.485280 -1.679899
v 7.249198 0.457245 -1.280258
v 7.283013 0.453755 -1.329376
v 7.199774 0.453978 -1.314045
v 7.240905 0.449678 -1.369194
v 7.178496 0.497287 -1.331972
v 7.212451 0.495808 -1.381173
v 7.246629 0.498069 -1.430486
v 7.267655 0.451018 -1.412420
v 7.317052 0.453755 -1.378604
v 7.076715 0.493602 -1.596854
v 7.135550 0.484163 -1.599870
v 7.068533 0.462970 -1.643821
v 7.136694 0.453280 -1.645050
v 7.066858 0.464896 -1.687550
v 7.125776 0.456212 -1.691515
v 7.184890 0.448896 -1.697183
v 7.186370 0.445601 -1.651724
v 7.194552 0.476038 -1.604505
v 7.286643 0.512701 -1.501412
v 7.276759 0.477015 -1.558012
v 7.261121 0.552129 -1.523555
v 7.253135 0.526858 -1.576805
v 7.234594 0.490111 -1.619640
v 7.265337 0.455039 -1.601685
v 7.310574 0.454648 -1.593671
v 7.334839 0.477657 -1.560079
v 7.333890 0.492289 -1.497419
v 7.256179 0.516164 -1.549999
v 7.260591 0.509490 -1.585601
v 7.222113 0.506111 -1.549999
v 7.219460 0.498237 -1.587053
v 7.184890 0.512143 -1.547681
v 7.184388 0.513986 -1.584707
v 7.182238 0.518705 -1.626118
v 7.222363 0.511919 -1.624666
v 7.258385 0.514237 -1.625615
v 7.195417 0.484136 -1.511185
v 7.197065 0.479305 -1.594034
v 7.145575 0.512282 -1.516267
v 7.131528 0.515996 -1.582446
v 7.131919 0.524541 -1.650942
v 7.192541 0.500862 -1.667919
v 7.242496 0.524820 -1.667863
v 7.256402 0.496645 -1.591912
v 7.244088 0.507843 -1.508420
v 6.934110 0.445797 -1.558822
v 6.978788 0.449036 -1.506494
v 6.987109 0.454704 -1.604477
v 7.035919 0.455095 -1.550725
v 7.030251 0.473134 -1.656889
v 7.075151 0.480757 -1.604728
v 7.096038 0.527975 -1.569713
v 7.057224 0.494411 -1.513838
v 6.996938 0.495026 -1.470724
v 7.101707 0.410948 -1.554662
v 7.067863 0.472715 -1.575018
v 7.088359 0.431137 -1.494989
v 7.052925 0.485616 -1.518780
v 7.045469 0.412652 -1.444280
v 7.005092 0.460903 -1.470947
v 6.953572 0.498795 -1.497307
v 6.996910 0.520855 -1.545419
v 7.007716 0.502342 -1.604645
v 7.063088 0.532834 -1.600735
v 7.033601 0.517281 -1.601880
v 7.062670 0.527501 -1.568624
v 7.036114 0.503514 -1.569964
v 7.057224 0.535682 -1.535171
v 7.035975 0.512003 -1.535143
v 7.002076 0.505609 -1.534333
v 7.001657 0.505441 -1.567786
v 6.997385 0.514907 -1.601154
v 7.111005 0.473888 -1.638739
v 7.059040 0.485755 -1.645943
v 7.109218 0.480561 -1.578983
v 7.049015 0.490753 -1.577950
v 7.094837 0.473636 -1.520176
v 7.047423 0.491787 -1.527129
v 7.033713 0.529148 -1.545280
v 7.037231 0.542607 -1.591130
v 7.027291 0.524150 -1.651835
v 6.961279 0.452750 -1.381173
v 7.000847 0.458725 -1.387456
v 6.959409 0.453057 -1.420043
v 7.000233 0.456212 -1.416944
v 6.954941 0.464785 -1.444671
v 6.978592 0.466237 -1.456762
v 7.023381 0.472687 -1.467792
v 7.035667 0.462272 -1.427331
v 7.054543 0.467493 -1.400413
v 7.010173 0.494663 -1.405243
v 7.069287 0.494663 -1.405243
v 7.017154 0.500192 -1.460923
v 7.074621 0.466683 -1.466033
v 7.029385 0.521413 -1.516602
v 7.060771 0.494663 -1.516602
v 7.128429 0.470090 -1.516602
v 7.128429 0.466683 -1.460923
v 7.128429 0.494663 -1.405243
v 7.043653 0.528897 -1.599088
v 7.078083 0.500918 -1.535423
v 7.099333 0.507368 -1.592107
v 7.148255 0.542635 -1.584400
v 7.155012 0.528897 -1.548491
v 7.155012 0.525183 -1.480832
v 7.081434 0.500918 -1.480832
v 7.039828 0.528897 -1.458214
v 7.039130 0.528897 -1.539946
v 7.190279 0.514740 -1.456371
v 7.184974 0.506446 -1.496134
v 7.153420 0.502230 -1.456371
v 7.148757 0.492401 -1.497838
v 7.111814 0.509741 -1.453663
v 7.111228 0.512059 -1.495101
v 7.108716 0.517951 -1.540169
v 7.153700 0.509462 -1.535869
v 7.191006 0.512366 -1.535925
v 7.271816 0.468024 -1.494850
v 7.228423 0.457357 -1.537377
v 7.224430 0.475759 -1.461453
v 7.185477 0.481539 -1.510180
v 7.220744 0.539564 -1.453914
v 7.171823 0.525295 -1.495548
v 7.156604 0.543864 -1.559856
v 7.165735 0.487123 -1.566166
v 7.207759 0.469923 -1.595905
v 7.223006 0.473413 -1.410996
v 7.223117 0.473190 -1.470752
v 7.171096 0.445238 -1.410996
v 7.173693 0.445880 -1.479883
v 7.125525 0.472352 -1.410996
v 7.124743 0.473944 -1.470752
v 7.122230 0.478970 -1.530508
v 7.169477 0.448477 -1.530508
v 7.221637 0.476177 -1.530508
v 7.077693 0.459284 -1.371121
v 7.146105 0.451744 -1.369557
v 7.078390 0.450627 -1.441125
v 7.149986 0.439291 -1.440762
v 7.069427 0.453615 -1.511157
v 7.138649 0.450153 -1.511073
v 7.186817 0.490558 -1.516072
v 7.198378 0.472101 -1.442689
v 7.192848 0.491787 -1.371791
v 7.097517 0.532443 -1.641783
v 7.063647 0.491116 -1.601126
v 7.155738 0.523954 -1.602830
v 7.122482 0.477741 -1.561168
v 7.214908 0.530098 -1.564770
v 7.180395 0.491759 -1.520791
v 7.145630 0.500806 -1.466926
v 7.087745 0.480394 -1.512581
v 7.027542 0.500638 -1.550026
v 7.053232 0.472156 -1.437551
v 7.121616 0.464645 -1.435987
v 7.053902 0.463528 -1.507583
v 7.125497 0.452163 -1.507192
v 7.044966 0.466516 -1.577587
v 7.114161 0.463053 -1.577503
v 7.162328 0.503459 -1.582501
v 7.173917 0.485001 -1.509119
v 7.168388 0.504687 -1.438249
v 7.142391 0.461601 -1.434703
v 7.097015 0.489720 -1.422779
v 7.157079 0.461685 -1.376790
v 7.116170 0.488799 -1.356601
v 7.169812 0.459842 -1.318429
v 7.124157 0.487682 -1.306450
v 7.074593 0.474558 -1.294471
v 7.063117 0.477629 -1.353110
v 7.049546 0.478663 -1.411275
v 7.083696 0.508150 -1.350402
v 7.143452 0.478244 -1.337920
v 7.083696 0.483801 -1.416050
v 7.144821 0.449064 -1.403428
v 7.079647 0.473162 -1.485663
v 7.141888 0.446271 -1.475443
v 7.203180 0.464701 -1.483038
v 7.203096 0.461378 -1.406249
v 7.203180 0.497483 -1.342946
v 7.233114 0.481790 -1.342695
v 7.199355 0.479975 -1.344454
v 7.230294 0.469001 -1.313236
v 7.195333 0.459144 -1.317731
v 7.229094 0.469001 -1.278387
v 7.199103 0.457078 -1.282073
v 7.165539 0.464031 -1.279058
v 7.165065 0.472854 -1.311141
v 7.165512 0.491172 -1.340182
v 7.312556 0.462104 -1.386535
v 7.315321 0.458697 -1.415827
v 7.285973 0.465818 -1.394884
v 7.289017 0.461294 -1.425348
v 7.262155 0.483102 -1.400301
v 7.271509 0.484694 -1.428783
v 7.281533 0.489022 -1.459750
v 7.305632 0.470090 -1.448944
v 7.329478 0.460429 -1.441516
v 7.375663 0.480059 -1.429313
v 7.364997 0.448282 -1.483206
v 7.313813 0.480031 -1.432078
v 7.310629 0.459423 -1.488818
v 7.262992 0.518621 -1.432134
v 7.249896 0.472882 -1.479492
v 7.259614 0.509295 -1.528442
v 7.311244 0.476680 -1.533077
v 7.378316 0.489357 -1.529196
v 7.158754 0.517141 -1.353222
v 7.210133 0.490055 -1.348308
v 7.157945 0.518761 -1.412978
v 7.214573 0.490670 -1.419093
v 7.161267 0.523759 -1.475415
v 7.214908 0.493294 -1.475415
v 7.281086 0.553497 -1.486082
v 7.271146 0.518007 -1.415659
v 7.282511 0.500862 -1.337641
v 7.173470 0.472156 -1.386535
v 7.241854 0.464645 -1.384943
v 7.174140 0.463528 -1.456539
v 7.245736 0.452163 -1.456176
v 7.165204 0.466516 -1.526543
v 7.234398 0.463053 -1.526459
v 7.282567 0.503459 -1.531485
v 7.294155 0.485001 -1.458075
v 7.288626 0.504687 -1.387205
v 7.289129 0.515270 -1.439338
v 7.285080 0.500973 -1.499094
v 7.234454 0.495612 -1.439338
v 7.228144 0.498963 -1.501635
v 7.194887 0.547997 -1.435289
v 7.188325 0.528255 -1.497530
v 7.200192 0.555703 -1.558850
v 7.239369 0.511193 -1.558739
v 7.293262 0.519598 -1.558850
v 7.213652 0.484638 -1.565831
v 7.192765 0.506307 -1.627291
v 7.148031 0.463891 -1.552065
v 7.125190 0.483270 -1.617825
v 7.084925 0.449399 -1.524309
v 7.062139 0.474642 -1.583953
v 7.039018 0.528757 -1.602215
v 7.105337 0.531438 -1.641001
v 7.172744 0.560031 -1.645301
v 6.975911 0.499270 -1.347805
v 7.036394 0.468387 -1.346213
v 6.973119 0.491005 -1.417809
v 7.035026 0.455458 -1.417446
v 6.965999 0.496897 -1.487813
v 7.028826 0.469532 -1.487729
v 7.089615 0.490195 -1.492728
v 7.093022 0.469029 -1.419345
v 7.095703 0.489218 -1.348475
v 7.017238 0.482321 -1.447827
v 7.009001 0.488380 -1.487031
v 6.996742 0.451716 -1.453356
v 7.000288 0.461909 -1.493482
v 6.955052 0.446076 -1.447408
v 6.951087 0.440519 -1.473572
v 6.940616 0.443898 -1.518864
v 6.988812 0.464450 -1.529140
v 6.994034 0.493937 -1.540728
v 7.087270 0.506726 -1.447380
v 7.083249 0.492429 -1.507136
v 7.032624 0.487040 -1.447380
v 7.026313 0.490390 -1.509649
v 6.993029 0.539424 -1.443331
v 6.986494 0.519654 -1.505572
v 6.998334 0.547103 -1.566892
v 7.037510 0.502621 -1.566781
v 7.091431 0.511054 -1.566892
v 7.168974 0.523200 -1.397509
v 7.145546 0.496115 -1.443527
v 7.118991 0.524820 -1.364782
v 7.083445 0.496729 -1.409292
v 7.064512 0.529818 -1.334095
v 7.035723 0.499354 -1.379331
v 6.991213 0.559557 -1.429453
v 7.055968 0.524066 -1.458856
v 7.115696 0.506893 -1.510319
v 7.152806 0.476094 -1.296258
v 7.116450 0.488520 -1.341801
v 7.111731 0.440519 -1.274562
v 7.071773 0.456100 -1.328259
v 7.075542 0.458977 -1.239713
v 7.038460 0.472966 -1.284167
v 7.000065 0.489972 -1.326611
v 7.037594 0.468554 -1.363470
v 7.078865 0.503710 -1.385446
v 7.164199 0.477685 -1.249822
v 7.207452 0.450572 -1.264091
v 7.144709 0.484527 -1.306311
v 7.188325 0.451214 -1.330325
v 7.123598 0.473469 -1.362269
v 7.168471 0.453811 -1.377069
v 7.211222 0.469476 -1.375896
v 7.238112 0.478523 -1.337138
v 7.256765 0.455542 -1.280370
v 7.100701 0.478858 -1.253898
v 7.156995 0.469504 -1.277382
v 7.084757 0.458697 -1.305976
v 7.141050 0.467102 -1.332084
v 7.063228 0.510132 -1.341048
v 7.121560 0.495528 -1.367854
v 7.180590 0.528059 -1.376008
v 7.197372 0.484136 -1.339791
v 7.214182 0.493071 -1.288691
v 7.148590 0.525965 -1.330604
v 7.136164 0.488966 -1.376454
v 7.092854 0.514879 -1.317089
v 7.079368 0.492736 -1.373578
v 7.058565 0.567655 -1.335938
v 7.042872 0.525071 -1.381201
v 7.049461 0.522642 -1.449809
v 7.084533 0.478607 -1.431073
v 7.138566 0.479752 -1.439171
v 7.203431 0.488547 -1.310332
v 7.205079 0.472827 -1.391617
v 7.153588 0.515745 -1.319602
v 7.139543 0.510663 -1.385641
v 7.139934 0.510076 -1.454780
v 7.200555 0.484387 -1.468015
v 7.250510 0.508094 -1.471562
v 7.264416 0.490279 -1.392119
v 7.252102 0.512394 -1.311169
v 7.272486 0.499019 -1.395861
v 7.301973 0.475005 -1.441069
v 7.221973 0.473553 -1.413425
v 7.258245 0.446634 -1.464525
v 7.190475 0.498069 -1.448581
v 7.219655 0.475675 -1.494962
v 7.248249 0.456380 -1.543576
v 7.280333 0.428791 -1.506215
v 7.330902 0.453839 -1.488344
v 1.356031 0.474921 -1.335630
v 1.333720 0.472687 -1.378744
v 1.341595 0.451884 -1.329627
v 1.316994 0.452052 -1.370423
v 1.306216 0.442976 -1.305669
v 1.279856 0.443954 -1.343784
v 1.246599 0.447584 -1.375617
v 1.281029 0.458223 -1.399491
v 1.294963 0.481790 -1.407282
v 1.487550 0.486006 -1.523695
v 1.442622 0.467326 -1.487003
v 1.499223 0.447807 -1.524421
v 1.473617 0.410753 -1.486780
v 1.539907 0.392547 -1.513028
v 1.512821 0.382103 -1.465558
v 1.500451 0.397377 -1.405774
v 1.454796 0.428065 -1.424148
v 1.409141 0.458753 -1.442521
v 1.511900 0.528003 -1.563569
v 1.494922 0.496366 -1.515262
v 1.536109 0.496589 -1.573063
v 1.542895 0.454676 -1.533216
v 1.596145 0.459898 -1.584177
v 1.595335 0.442502 -1.531569
v 1.602037 0.454509 -1.470054
v 1.544403 0.466460 -1.466452
v 1.486769 0.478383 -1.462849
v 1.460102 0.491619 -1.440092
v 1.415201 0.472910 -1.403400
v 1.471774 0.453392 -1.440818
v 1.446168 0.416337 -1.403177
v 1.512458 0.398159 -1.429425
v 1.485372 0.387716 -1.381955
v 1.473002 0.402962 -1.322171
v 1.427348 0.433678 -1.340545
v 1.381693 0.464366 -1.358918
v 1.458147 0.564192 -1.480302
v 1.413246 0.545511 -1.443610
v 1.469819 0.525993 -1.481028
v 1.444213 0.488938 -1.443387
v 1.510532 0.470732 -1.469663
v 1.483418 0.460289 -1.422165
v 1.471048 0.475563 -1.362381
v 1.425393 0.506251 -1.380754
v 1.379738 0.536967 -1.399128
v 1.533457 0.528003 -1.466926
v 1.516479 0.496366 -1.418647
v 1.557666 0.496589 -1.476448
v 1.564452 0.454676 -1.436574
v 1.617702 0.459898 -1.487534
v 1.616892 0.442502 -1.434926
v 1.623594 0.454509 -1.373411
v 1.565959 0.466460 -1.369809
v 1.508326 0.478383 -1.366206
v 1.641073 0.486202 -1.538745
v 1.620717 0.467493 -1.576303
v 1.589527 0.488575 -1.507890
v 1.560235 0.465650 -1.543353
v 1.540633 0.480254 -1.474605
v 1.518685 0.465929 -1.514033
v 1.509247 0.473720 -1.556840
v 1.540410 0.479835 -1.591968
v 1.593995 0.467772 -1.621119
v 1.600194 0.489553 -1.533412
v 1.540298 0.475228 -1.534501
v 1.595502 0.469895 -1.478933
v 1.532898 0.473245 -1.478012
v 1.596117 0.522279 -1.439171
v 1.533540 0.502537 -1.437970
v 1.473477 0.529958 -1.455059
v 1.476940 0.485448 -1.494068
v 1.481463 0.493853 -1.547793
v 1.414447 0.448505 -1.437327
v 1.410398 0.434181 -1.497084
v 1.359773 0.428819 -1.437327
v 1.353490 0.432170 -1.499625
v 1.320205 0.481176 -1.433279
v 1.313643 0.461434 -1.495548
v 1.325483 0.488883 -1.556840
v 1.364687 0.444373 -1.556756
v 1.418580 0.452805 -1.556840
v 1.275360 0.488492 -1.382458
v 1.301580 0.482404 -1.370283
v 1.288233 0.476652 -1.404071
v 1.315179 0.469643 -1.390751
v 1.302195 0.477881 -1.431268
v 1.328247 0.479389 -1.416497
v 1.357455 0.483102 -1.401893
v 1.337853 0.481567 -1.375086
v 1.324366 0.486956 -1.352356
v 1.599440 0.440491 -1.625140
v 1.534155 0.447277 -1.645860
v 1.579139 0.449706 -1.558236
v 1.509415 0.453839 -1.578034
v 1.571321 0.467856 -1.490745
v 1.506148 0.478970 -1.511129
v 1.472695 0.528171 -1.529223
v 1.474147 0.495221 -1.597552
v 1.502545 0.495137 -1.666048
v 1.404059 0.457664 -1.677050
v 1.399452 0.465790 -1.608861
v 1.474008 0.450432 -1.671158
v 1.470461 0.455542 -1.598837
v 1.544347 0.452275 -1.677609
v 1.541163 0.464533 -1.609615
v 1.543816 0.514656 -1.573119
v 1.470042 0.498349 -1.560274
v 1.399396 0.515214 -1.573734
v 1.447229 0.506028 -1.571723
v 1.429944 0.470509 -1.626565
v 1.387417 0.487766 -1.539611
v 1.369406 0.447332 -1.595123
v 1.326628 0.483801 -1.503869
v 1.306355 0.451270 -1.560302
v 1.272959 0.465343 -1.613804
v 1.341287 0.455151 -1.647228
v 1.399564 0.485280 -1.679899
v 1.532786 0.457245 -1.280258
v 1.566602 0.453755 -1.329376
v 1.483362 0.453978 -1.314045
v 1.524493 0.449678 -1.369194
v 1.462084 0.497287 -1.331972
v 1.496039 0.495808 -1.381173
v 1.530218 0.498069 -1.430486
v 1.551244 0.451018 -1.412420
v 1.600640 0.453755 -1.378604
v 1.360303 0.493602 -1.596854
v 1.419138 0.484163 -1.599870
v 1.352122 0.462970 -1.643821
v 1.420283 0.453280 -1.645050
v 1.350446 0.464896 -1.687550
v 1.409365 0.456212 -1.691515
v 1.468479 0.448896 -1.697183
v 1.469959 0.445601 -1.651724
v 1.478140 0.476038 -1.604505
v 1.570232 0.512701 -1.501412
v 1.560347 0.477015 -1.558012
v 1.544710 0.552129 -1.523555
v 1.536724 0.526858 -1.576805
v 1.518183 0.490111 -1.619640
v 1.548926 0.455039 -1.601685
v 1.594162 0.454648 -1.593671
v 1.618428 0.477657 -1.560079
v 1.617478 0.492289 -1.497419
v 1.539767 0.516164 -1.549999
v 1.544179 0.509490 -1.585601
v 1.505701 0.506111 -1.549999
v 1.503048 0.498237 -1.587053
v 1.468479 0.512143 -1.547681
v 1.467976 0.513986 -1.584707
v 1.465826 0.518705 -1.626118
v 1.505952 0.511919 -1.624666
v 1.541973 0.514237 -1.625615
v 1.479006 0.484136 -1.511185
v 1.480653 0.479305 -1.594034
v 1.429163 0.512282 -1.516267
v 1.415117 0.515996 -1.582446
v 1.415508 0.524541 -1.650942
v 1.476130 0.500862 -1.667919
v 1.526085 0.524820 -1.667863
v 1.539991 0.496645 -1.591912
v 1.527677 0.507843 -1.508420
v 1.217698 0.445797 -1.558822
v 1.262376 0.449036 -1.506494
v 1.270697 0.454704 -1.604477
v 1.319507 0.455095 -1.550725
v 1.313839 0.473134 -1.656889
v 1.358740 0.480757 -1.604728
v 1.379626 0.527975 -1.569713
v 1.340813 0.494411 -1.513838
v 1.280526 0.495026 -1.470724
v 1.385295 0.410948 -1.554662
v 1.351452 0.472715 -1.575018
v 1.371947 0.431137 -1.494989
v 1.336513 0.485616 -1.518780
v 1.329057 0.412652 -1.444280
v 1.288680 0.460903 -1.470947
v 1.237161 0.498795 -1.497307
v 1.280498 0.520855 -1.545419
v 1.291305 0.502342 -1.604645
v 1.346677 0.532834 -1.600735
v 1.317190 0.517281 -1.601880
v 1.346258 0.527501 -1.568624
v 1.319703 0.503514 -1.569964
v 1.340813 0.535682 -1.535171
v 1.319563 0.512003 -1.535143
v 1.285664 0.505609 -1.534333
v 1.285245 0.505441 -1.567786
v 1.280973 0.514907 -1.601154
v 1.394593 0.473888 -1.638739
v 1.342628 0.485755 -1.645943
v 1.392806 0.480561 -1.578983
v 1.332603 0.490753 -1.577950
v 1.378426 0.473636 -1.520176
v 1.331012 0.491787 -1.527129
v 1.317301 0.529148 -1.545280
v 1.320792 0.542607 -1.591130
v 1.310879 0.524150 -1.651835
v 1.244868 0.452750 -1.381173
v 1.284435 0.458725 -1.387456
v 1.242997 0.453057 -1.420043
v 1.283821 0.456212 -1.416944
v 1.238529 0.464785 -1.444671
v 1.262180 0.466237 -1.456762
v 1.306970 0.472687 -1.467792
v 1.319256 0.462272 -1.427331
v 1.338132 0.467493 -1.400413
v 1.293762 0.494663 -1.405243
v 1.352876 0.494663 -1.405243
v 1.300743 0.500192 -1.460923
v 1.358209 0.466683 -1.466033
v 1.312973 0.521413 -1.516602
v 1.344359 0.494663 -1.516602
v 1.412018 0.470090 -1.516602
v 1.412018 0.466683 -1.460923
v 1.412018 0.494663 -1.405243
v 1.327242 0.528897 -1.599088
v 1.361672 0.500918 -1.535423
v 1.382921 0.507368 -1.592107
v 1.431843 0.542635 -1.584400
v 1.438601 0.528897 -1.548491
v 1.438601 0.525183 -1.480832
v 1.365022 0.500918 -1.480832
v 1.323417 0.528897 -1.458214
v 1.322718 0.528897 -1.539946
v 1.473868 0.514740 -1.456371
v 1.468562 0.506446 -1.496134
v 1.437009 0.502230 -1.456371
v 1.432346 0.492401 -1.497838
v 1.395431 0.509741 -1.453663
v 1.394817 0.512059 -1.495101
v 1.392304 0.517951 -1.540169
v 1.437288 0.509462 -1.535869
v 1.474594 0.512366 -1.535925
v 1.555404 0.468024 -1.494850
v 1.512012 0.457357 -1.537377
v 1.508018 0.475759 -1.461453
v 1.469065 0.481539 -1.510180
v 1.504332 0.539564 -1.453914
v 1.455411 0.525295 -1.495548
v 1.440192 0.543864 -1.559856
v 1.449323 0.487123 -1.566166
v 1.491348 0.469923 -1.595905
v 1.506594 0.473413 -1.410996
v 1.506706 0.473190 -1.470752
v 1.454684 0.445238 -1.410996
v 1.457281 0.445880 -1.479883
v 1.409114 0.472352 -1.410996
v 1.408332 0.473944 -1.470752
v 1.405819 0.478970 -1.530508
v 1.453065 0.448477 -1.530508
v 1.505226 0.476177 -1.530508
v 1.361281 0.459284 -1.371121
v 1.429693 0.451744 -1.369557
v 1.361979 0.450627 -1.441125
v 1.433574 0.439291 -1.440762
v 1.353015 0.453615 -1.511157
v 1.422238 0.450153 -1.511073
v 1.470405 0.490558 -1.516072
v 1.481966 0.472101 -1.442689
v 1.476437 0.491787 -1.371791
v 1.381106 0.532443 -1.641783
v 1.347235 0.491116 -1.601126
v 1.439327 0.523954 -1.602830
v 1.406070 0.477741 -1.561168
v 1.498496 0.530098 -1.564770
v 1.463983 0.491759 -1.520791
v 1.429218 0.500806 -1.466926
v 1.371333 0.480394 -1.512581
v 1.311130 0.500638 -1.550026
v 1.336820 0.472156 -1.437551
v 1.405204 0.464645 -1.435987
v 1.337490 0.463528 -1.507583
v 1.409086 0.452163 -1.507192
v 1.328554 0.466516 -1.577587
v 1.397749 0.463053 -1.577503
v 1.445917 0.503459 -1.582501
v 1.457505 0.485001 -1.509119
v 1.451976 0.504687 -1.438249
v 1.425979 0.461601 -1.434703
v 1.380604 0.489720 -1.422779
v 1.440667 0.461685 -1.376790
v 1.399759 0.488799 -1.356601
v 1.453400 0.459842 -1.318429
v 1.407745 0.487682 -1.306450
v 1.358181 0.474558 -1.294471
v 1.346705 0.477629 -1.353110
v 1.333134 0.478663 -1.411275
v 1.367284 0.508150 -1.350402
v 1.427012 0.478244 -1.337920
v 1.367284 0.483801 -1.416050
v 1.428409 0.449064 -1.403428
v 1.363235 0.473162 -1.485663
v 1.425477 0.446271 -1.475443
v 1.486769 0.464701 -1.483038
v 1.486685 0.461378 -1.406249
v 1.486769 0.497483 -1.342946
v 1.516703 0.481790 -1.342695
v 1.482943 0.479975 -1.344454
v 1.513882 0.469001 -1.313236
v 1.478922 0.459144 -1.317731
v 1.512682 0.469001 -1.278387
v 1.482692 0.457078 -1.282073
v 1.449128 0.464031 -1.279058
v 1.448653 0.472854 -1.311141
v 1.449100 0.491172 -1.340182
v 1.596145 0.462104 -1.386535
v 1.598909 0.458697 -1.415827
v 1.569562 0.465818 -1.394884
v 1.572605 0.461294 -1.425348
v 1.545743 0.483102 -1.400301
v 1.555097 0.484694 -1.428783
v 1.565122 0.489022 -1.459750
v 1.589220 0.470090 -1.448944
v 1.613066 0.460429 -1.441516
v 1.659252 0.480059 -1.429313
v 1.648585 0.448282 -1.483206
v 1.597401 0.480031 -1.432078
v 1.594218 0.459423 -1.488818
v 1.546581 0.518621 -1.432134
v 1.533484 0.472882 -1.479492
v 1.543202 0.509295 -1.528442
v 1.594832 0.476680 -1.533077
v 1.661904 0.489357 -1.529196
v 1.442342 0.517141 -1.353222
v 1.493722 0.490055 -1.348308
v 1.441533 0.518761 -1.412978
v 1.498161 0.490670 -1.419093
v 1.444856 0.523759 -1.475415
v 1.498496 0.493294 -1.475415
v 1.564675 0.553497 -1.486082
v 1.554734 0.518007 -1.415659
v 1.566099 0.500862 -1.337641
v 1.457030 0.472156 -1.386535
v 1.525443 0.464645 -1.384943
v 1.457728 0.463528 -1.456539
v 1.529324 0.452163 -1.456176
v 1.448793 0.466516 -1.526543
v 1.517987 0.463053 -1.526459
v 1.566155 0.503459 -1.531485
v 1.577743 0.485001 -1.458075
v 1.572214 0.504687 -1.387205
v 1.572717 0.515270 -1.439338
v 1.568668 0.500973 -1.499094
v 1.518043 0.495612 -1.439338
v 1.511732 0.498963 -1.501635
v 1.478475 0.547997 -1.435289
v 1.471913 0.528255 -1.497530
v 1.483781 0.555703 -1.558850
v 1.522957 0.511193 -1.558739
v 1.576850 0.519598 -1.558850
v 1.497240 0.484638 -1.565831
v 1.476353 0.506307 -1.627291
v 1.431620 0.463891 -1.552065
v 1.408778 0.483270 -1.617825
v 1.368513 0.449399 -1.524309
v 1.345727 0.474642 -1.583953
v 1.322607 0.528757 -1.602215
v 1.388925 0.531438 -1.641001
v 1.456332 0.560031 -1.645301
v 1.259500 0.499270 -1.347805
v 1.319982 0.468387 -1.346213
v 1.256707 0.491005 -1.417809
v 1.318614 0.455458 -1.417446
v 1.249587 0.496897 -1.487813
v 1.312415 0.469532 -1.487729
v 1.373204 0.490195 -1.492728
v 1.376611 0.469029 -1.419345
v 1.379291 0.489218 -1.348475
v 1.300826 0.482321 -1.447827
v 1.292589 0.488380 -1.487031
v 1.280331 0.451716 -1.453356
v 1.283877 0.461909 -1.493482
v 1.238641 0.446076 -1.447408
v 1.234676 0.440519 -1.473572
v 1.224205 0.443898 -1.518864
v 1.272400 0.464450 -1.529140
v 1.277622 0.493937 -1.540728
v 1.370858 0.506726 -1.447380
v 1.366837 0.492429 -1.507136
v 1.316212 0.487040 -1.447380
v 1.309902 0.490390 -1.509649
v 1.276617 0.539424 -1.443331
v 1.270083 0.519654 -1.505572
v 1.281922 0.547103 -1.566892
v 1.321099 0.502621 -1.566781
v 1.375019 0.511054 -1.566892
v 1.452562 0.523200 -1.397509
v 1.429135 0.496115 -1.443527
v 1.402579 0.524820 -1.364782
v 1.367033 0.496729 -1.409292
v 1.348101 0.529818 -1.334095
v 1.319312 0.499354 -1.379331
v 1.274802 0.559557 -1.429453
v 1.339556 0.524066 -1.458856
v 1.399284 0.506893 -1.510319
v 1.436395 0.476094 -1.296258
v 1.400038 0.488520 -1.341801
v 1.395319 0.440519 -1.274562
v 1.355361 0.456100 -1.328259
v 1.359131 0.458977 -1.239713
v 1.322048 0.472966 -1.284167
v 1.283653 0.489972 -1.326611
v 1.321183 0.468554 -1.363470
v 1.362453 0.503710 -1.385446
v 1.447788 0.477685 -1.249822
v 1.491041 0.450572 -1.264091
v 1.428297 0.484527 -1.306311
v 1.471913 0.451214 -1.330325
v 1.407187 0.473469 -1.362269
v 1.452060 0.453811 -1.377069
v 1.494811 0.469476 -1.375896
v 1.521701 0.478523 -1.337138
v 1.540354 0.455542 -1.280370
v 1.384290 0.478858 -1.253898
v 1.440583 0.469504 -1.277382
v 1.368345 0.458697 -1.305976
v 1.424639 0.467102 -1.332084
v 1.346816 0.510132 -1.341048
v 1.405148 0.495528 -1.367854
v 1.464179 0.528059 -1.376008
v 1.480961 0.484136 -1.339791
v 1.497770 0.493071 -1.288691
v 1.432178 0.525965 -1.330604
v 1.419752 0.488966 -1.376454
v 1.376443 0.514879 -1.317089
v 1.362956 0.492736 -1.373578
v 1.342153 0.567655 -1.335938
v 1.326460 0.525071 -1.381201
v 1.333050 0.522642 -1.449809
v 1.368122 0.478607 -1.431073
v 1.422154 0.479752 -1.439171
v 1.487020 0.488547 -1.310332
v 1.488667 0.472827 -1.391617
v 1.437177 0.515745 -1.319602
v 1.423131 0.510663 -1.385641
v 1.423522 0.510076 -1.454780
v 1.484144 0.484387 -1.468015
v 1.534099 0.508094 -1.471562
v 1.548005 0.490279 -1.392119
v 1.535690 0.512394 -1.311169
v 1.556075 0.499019 -1.395861
v 1.585562 0.475005 -1.441069
v 1.505561 0.473553 -1.413425
v 1.541834 0.446634 -1.464525
v 1.474063 0.498069 -1.448581
v 1.503243 0.475675 -1.494962
v 1.531837 0.456380 -1.543576
v 1.563921 0.428791 -1.506215
v 1.614491 0.453839 -1.488344
vn 0.3631 0.9318 0.0025
vn 0.3040 0.9442 0.1264
vn 0.2081 0.9473 0.2437
vn -0.6691 0.7390 0.0786
vn -0.0655 0.9783 0.1967
vn -0.4079 0.8501 0.3332
vn 0.2346 0.8498 0.4721
vn -0.0218 0.8604 0.5092
vn 0.0547 0.9403 0.3360
vn -0.1733 0.9832 -0.0570
vn -0.0585 0.9969 -0.0520
vn -0.0403 0.9982 -0.0445
vn 0.0620 0.9909 0.1193
vn 0.0608 0.9608 0.2706
vn -0.0170 0.9662 0.2573
vn -0.0144 0.9700 0.2425
vn 0.3473 0.9116 0.2199
vn 0.4156 0.8791 0.2332
vn -0.9429 0.2897 0.1640
vn -0.9289 0.3152 0.1943
vn -0.6358 0.7469 0.1944
vn -0.3597 0.9311 -0.0609
vn -0.5492 0.8350 0.0331
vn -0.6404 0.7673 0.0338
vn -0.4619 0.8745 -0.1482
vn -0.3830 0.9024 -0.1973
vn -0.3823 0.8824 -0.2743
vn -0.3742 0.8512 -0.3679
vn -0.6778 0.6874 0.2609
vn 0.2352 0.8997 0.3676
vn 0.1814 0.9426 0.2803
vn -0.1584 0.9818 -0.1048
vn -0.1763 0.9749 -0.1361
vn -0.0435 0.9990 -0.0143
vn -0.0373 0.9990 -0.0229
vn -0.1860 0.9643 -0.1887
vn -0.1072 0.9819 -0.1559
vn 0.2111 0.9526 -0.2191
vn 0.1693 0.9602 -0.2222
vn 0.3485 0.9170 0.1942
vn 0.0789 0.9143 -0.3973
vn 0.2909 0.9567 0.0123
vn 0.0491 0.8889 -0.4554
vn -0.0462 0.9954 -0.0837
vn -0.0386 0.9976 -0.0578
vn -0.0636 0.9978 -0.0212
vn -0.0282 0.9996 -0.0000
vn 0.1717 0.9661 0.1927
vn 0.1769 0.9613 0.2113
vn -0.0556 0.9884 0.1417
vn 0.0711 0.9975 -0.0000
vn 0.0635 0.9978 0.0211
vn 0.1423 0.9890 -0.0413
vn 0.0863 0.9960 0.0216
vn 0.4552 0.8685 0.1962
vn 0.3767 0.9104 0.1713
vn 0.3353 0.9356 0.1109
vn 0.2371 0.9046 0.3542
vn 0.3383 0.9291 -0.1497
vn 0.4379 0.8668 0.2386
vn 0.4808 0.7686 -0.4219
vn 0.6286 0.7772 -0.0281
vn 0.5749 0.7579 0.3083
vn 0.5153 0.6994 0.4953
vn 0.3403 0.7550 0.5605
vn 0.1739 0.8931 -0.4149
vn -0.1226 0.9811 -0.1496
vn 0.1911 0.9474 0.2567
vn -0.1098 0.9209 0.3739
vn 0.3964 0.5242 0.7537
vn 0.0111 0.6507 0.7592
vn -0.3204 0.5350 0.7818
vn -0.3222 0.8785 0.3526
vn -0.3455 0.9299 -0.1261
vn 0.0200 0.9923 -0.1221
vn -0.0062 0.9984 0.0562
vn 0.3252 0.9314 0.1637
vn 0.1729 0.9313 0.3207
vn 0.6782 0.6554 0.3326
vn 0.3497 0.8172 0.4581
vn 0.2740 0.7422 0.6116
vn 0.1308 0.9186 0.3730
vn -0.0795 0.9888 0.1262
vn 0.8143 0.5337 -0.2282
vn 0.6062 0.5757 -0.5487
vn 0.2590 0.9035 -0.3414
vn 0.1407 0.7841 -0.6045
vn -0.3554 0.9340 -0.0363
vn -0.3087 0.8418 -0.4428
vn -0.4266 0.6000 -0.6768
vn 0.1157 0.6437 -0.7564
vn 0.5373 0.4639 -0.7044
vn -0.3752 0.4915 -0.7859
vn -0.5829 0.5591 -0.5896
vn -0.2860 0.8139 -0.5058
vn -0.4446 0.8124 -0.3774
vn -0.1595 0.9697 -0.1852
vn -0.2171 0.9665 -0.1369
vn -0.2873 0.9458 -0.1518
vn -0.5399 0.7827 -0.3098
vn -0.7437 0.4793 -0.4661
vn -0.7953 0.4461 0.4105
vn -0.5316 0.7683 0.3566
vn -0.7703 0.5625 0.3004
vn -0.3472 0.8917 0.2903
vn -0.5926 0.8042 0.0451
vn -0.0823 0.9922 0.0937
vn 0.1686 0.9673 0.1893
vn -0.0574 0.9660 0.2521
vn -0.4045 0.9118 -0.0704
vn -0.5447 0.3503 0.7620
vn -0.3325 0.6814 0.6520
vn -0.5638 0.4766 0.6745
vn -0.1975 0.8235 0.5318
vn -0.5187 0.7519 0.4071
vn -0.0399 0.9624 0.2685
vn 0.2236 0.9439 0.2429
vn 0.0477 0.9181 0.3935
vn -0.4010 0.8826 0.2453
vn -0.8006 0.1369 0.5834
vn -0.5707 0.4439 0.6908
vn -0.7854 0.2819 0.5511
vn -0.4116 0.5909 0.6938
vn -0.6441 0.6139 0.4563
vn -0.1798 0.7862 0.5912
vn 0.0694 0.7488 0.6592
vn -0.1418 0.6908 0.7090
vn -0.4917 0.7632 0.4193
vn -0.6442 0.6139 0.4563
vn -0.4915 0.7633 0.4193
vn -0.5447 0.3502 0.7620
vn -0.5187 0.7518 0.4071
vn 0.0476 0.9181 0.3934
vn -0.4009 0.8826 0.2454
vn 0.4189 0.8849 -0.2035
vn 0.1947 0.9801 -0.0380
vn 0.3877 0.8645 -0.3199
vn 0.0510 0.9950 -0.0865
vn 0.3153 0.8982 -0.3063
vn 0.1019 0.9928 -0.0635
vn -0.2383 0.9635 0.1217
vn -0.1908 0.9720 0.1374
vn 0.1130 0.9729 0.2016
vn -0.3661 0.8929 -0.2619
vn -0.1724 0.9811 0.0874
vn 0.2944 0.9474 -0.1259
vn 0.3383 0.9210 0.1933
vn 0.8249 0.5230 -0.2144
vn 0.7420 0.6508 0.1612
vn 0.6904 0.5329 0.4893
vn 0.2722 0.8769 0.3961
vn -0.2000 0.9295 0.3098
vn 0.2308 0.8927 -0.3871
vn -0.1000 0.9810 -0.1659
vn 0.1512 0.9477 0.2809
vn -0.1632 0.9206 0.3547
vn 0.2838 0.5232 0.8036
vn -0.0968 0.6520 0.7520
vn -0.4267 0.5325 0.7310
vn -0.3705 0.8778 0.3037
vn -0.3240 0.9301 -0.1732
vn 0.3312 0.8577 0.3932
vn 0.4145 0.8878 0.1999
vn 0.0697 0.9704 0.2314
vn 0.1043 0.9927 -0.0612
vn -0.0128 0.9968 -0.0788
vn -0.1315 0.9735 -0.1871
vn 0.0317 0.9902 -0.1359
vn 0.2358 0.9514 -0.1979
vn 0.2786 0.9604 -0.0098
vn 0.1152 0.9809 0.1570
vn -0.0937 0.8660 0.4912
vn 0.2235 0.9582 0.1783
vn 0.1225 0.8403 0.5281
vn 0.2663 0.9247 0.2720
vn 0.2980 0.7531 0.5865
vn 0.2274 0.4248 0.8763
vn -0.0220 0.5444 0.8385
vn -0.3207 0.5387 0.7791
vn 0.1319 0.9821 0.1343
vn 0.5025 0.8335 0.2298
vn 0.1295 0.9914 0.0201
vn 0.4938 0.8695 0.0080
vn 0.2136 0.9756 -0.0509
vn 0.5132 0.8363 -0.1931
vn 0.8168 0.5070 -0.2754
vn 0.8270 0.5622 0.0054
vn 0.8224 0.4865 0.2950
vn 0.4245 0.7503 -0.5068
vn 0.0295 0.8935 -0.4480
vn 0.4834 0.7709 -0.4148
vn 0.1523 0.9538 -0.2592
vn 0.4545 0.8269 -0.3311
vn 0.2275 0.9717 -0.0643
vn -0.1509 0.9581 0.2435
vn -0.2586 0.9648 -0.0472
vn -0.4437 0.8512 -0.2804
vn 0.0666 0.9954 -0.0690
vn 0.0369 0.9962 -0.0783
vn 0.0730 0.8666 0.4936
vn 0.0491 0.8873 0.4586
vn 0.0579 0.4686 0.8815
vn 0.0492 0.4652 0.8838
vn 0.0240 0.4396 0.8979
vn 0.0081 0.8527 0.5224
vn -0.0192 0.9973 -0.0703
vn 0.6257 0.7710 0.1186
vn 0.6292 0.7704 0.1029
vn 0.3073 0.9387 0.1564
vn 0.3223 0.9368 0.1365
vn -0.0448 0.9832 0.1768
vn -0.0391 0.9859 0.1624
vn -0.0595 0.9830 0.1737
vn 0.2695 0.9526 0.1414
vn 0.6262 0.7763 0.0722
vn 0.3221 0.3282 0.8880
vn 0.4836 0.5068 0.7136
vn 0.4192 0.2336 0.8773
vn 0.5435 0.6478 0.5338
vn 0.4971 0.2641 0.8265
vn 0.5336 0.6450 0.5471
vn 0.5812 0.8131 0.0335
vn 0.4246 0.9050 -0.0266
vn 0.4784 0.8471 0.2316
vn 0.2466 0.9140 -0.3221
vn -0.0170 0.9646 -0.2631
vn 0.1802 0.9836 0.0023
vn -0.0827 0.9917 0.0986
vn -0.0577 0.9796 0.1926
vn -0.0824 0.9378 0.3373
vn -0.1238 0.9730 0.1946
vn -0.2682 0.9613 0.0632
vn -0.1436 0.9869 -0.0730
vn 0.1193 0.9909 0.0619
vn -0.1180 0.9878 0.1015
vn 0.0538 0.8285 0.5574
vn -0.0334 0.8264 0.5621
vn -0.1969 0.8303 0.5213
vn -0.3696 0.9291 0.0129
vn -0.4297 0.7814 -0.4525
vn -0.1292 0.9093 -0.3957
vn 0.2084 0.8487 -0.4862
vn -0.0560 0.9868 -0.1520
vn 0.3054 0.8923 -0.3324
vn -0.1351 0.9641 -0.2287
vn 0.1427 0.8652 -0.4807
vn -0.1223 0.9353 -0.3320
vn 0.0252 0.7785 -0.6272
vn 0.2512 0.4657 -0.8485
vn 0.4410 0.5879 -0.6782
vn 0.6644 0.5839 -0.4664
vn -0.0320 0.4234 0.9054
vn 0.0253 0.6455 0.7634
vn -0.4170 0.5527 0.7215
vn -0.3827 0.6994 0.6037
vn -0.6500 0.6131 0.4490
vn -0.6985 0.6199 0.3575
vn -0.6574 0.7082 0.2573
vn -0.2722 0.8413 0.4670
vn 0.1959 0.7986 0.5691
vn -0.1610 0.8320 -0.5309
vn -0.3561 0.8689 -0.3439
vn -0.0113 0.7056 -0.7085
vn -0.1027 0.9326 -0.3460
vn 0.2938 0.5716 -0.7661
vn 0.2143 0.8541 -0.4738
vn 0.0046 0.9753 -0.2209
vn -0.1293 0.9909 -0.0384
vn -0.3304 0.9414 -0.0682
vn 0.1188 0.9534 0.2773
vn 0.0110 0.8295 0.5584
vn -0.0385 0.9748 0.2196
vn -0.0168 0.7111 0.7029
vn -0.1002 0.9493 0.2980
vn -0.0028 0.7071 0.7071
vn -0.0948 0.2511 0.9633
vn 0.0596 0.1737 0.9830
vn 0.0642 0.3798 0.9228
vn -0.0184 0.9844 -0.1752
vn 0.0642 0.9835 -0.1691
vn -0.2060 0.9760 -0.0711
vn -0.0954 0.9861 -0.1357
vn -0.4662 0.8674 0.1741
vn -0.3672 0.9295 -0.0339
vn -0.3261 0.9413 -0.0875
vn -0.1026 0.9807 -0.1663
vn 0.0791 0.9744 -0.2103
vn -0.1173 0.9931 -0.0000
vn 0.3252 0.9313 0.1640
vn -0.1079 0.8799 0.4627
vn 0.0516 0.9451 0.3228
vn -0.4309 0.6314 0.6447
vn -0.4149 0.7442 0.5235
vn -0.2782 0.9421 0.1874
vn 0.2505 0.9678 0.0243
vn 0.4984 0.8668 0.0190
vn -0.1699 0.8434 0.5098
vn -0.0449 0.9827 0.1795
vn -0.1970 0.9729 -0.1214
vn -0.4199 0.6533 -0.6300
vn -0.1622 0.8584 -0.4867
vn -0.0476 0.9233 -0.3810
vn -0.0000 0.9785 0.2063
vn 0.0056 0.7791 0.6269
vn -0.0140 0.7631 0.6461
vn 0.2808 0.9597 -0.0074
vn 0.1428 0.9182 0.3695
vn 0.5273 0.6818 0.5071
vn 0.3174 0.6219 0.7159
vn 0.7742 0.1060 0.6240
vn 0.4846 0.2286 0.8443
vn 0.1779 0.1473 0.9730
vn 0.1215 0.6106 0.7825
vn -0.0580 0.8781 0.4749
vn 0.0054 0.8374 -0.5465
vn -0.0247 0.8314 -0.5551
vn -0.0102 0.9995 0.0305
vn -0.0327 0.9994 -0.0102
vn -0.0194 0.8136 0.5811
vn -0.0278 0.8105 0.5850
vn -0.0541 0.7887 0.6124
vn -0.0732 0.9952 0.0642
vn -0.0771 0.8309 -0.5511
vn 0.1453 0.9804 0.1330
vn 0.2259 0.9315 -0.2851
vn 0.0318 0.9895 0.1411
vn -0.0000 0.9659 -0.2589
vn -0.0431 0.9973 0.0601
vn -0.2052 0.9402 -0.2718
vn -0.3109 0.6865 -0.6573
vn -0.0196 0.7425 -0.6696
vn 0.2751 0.6620 -0.6972
vn -0.6306 0.7174 -0.2960
vn -0.4001 0.9165 0.0026
vn -0.5732 0.7214 -0.3887
vn -0.2871 0.9366 -0.2007
vn -0.4866 0.7707 -0.4115
vn -0.1452 0.9215 -0.3602
vn 0.2964 0.9408 -0.1646
vn 0.0870 0.9945 0.0580
vn -0.0390 0.9348 0.3531
vn 0.1452 0.9804 0.1330
vn -0.0433 0.9973 0.0601
vn -0.2052 0.9403 -0.2717
vn -0.3109 0.6865 -0.6574
vn 0.2750 0.6620 -0.6972
vn 0.1460 0.8110 0.5665
vn 0.0349 0.9853 0.1673
vn 0.1271 0.8071 0.5765
vn 0.0187 0.9803 0.1966
vn 0.0838 0.8058 0.5862
vn -0.0044 0.9902 0.1399
vn -0.0899 0.9609 -0.2620
vn -0.0943 0.9657 -0.2419
vn -0.0786 0.9649 -0.2507
vn 0.3423 0.7717 0.5360
vn 0.4807 0.8652 0.1427
vn 0.2428 0.8027 0.5448
vn 0.2620 0.9505 0.1673
vn 0.1844 0.8599 0.4760
vn 0.0629 0.9882 0.1398
vn -0.0492 0.9411 -0.3344
vn 0.2566 0.9198 -0.2969
vn 0.5295 0.7748 -0.3454
vn -0.4570 0.8858 -0.0808
vn -0.6099 0.7858 0.1027
vn -0.3117 0.8996 -0.3058
vn -0.3938 0.9125 0.1109
vn 0.0158 0.9041 -0.4270
vn -0.1034 0.9943 -0.0264
vn -0.3004 0.9185 0.2571
vn -0.3992 0.8175 0.4151
vn -0.5656 0.7389 0.3662
vn 0.1162 0.9725 0.2021
vn -0.0979 0.9799 0.1739
vn 0.0163 0.8729 0.4877
vn -0.2600 0.8326 0.4890
vn -0.2489 0.7563 0.6050
vn -0.3109 0.6606 0.6833
vn -0.3120 0.7558 0.5757
vn -0.4274 0.8067 0.4081
vn -0.2672 0.8965 0.3533
vn 0.5806 0.8138 0.0251
vn -0.0342 0.9975 0.0622
vn 0.5596 0.7911 0.2470
vn -0.0394 0.9679 0.2481
vn 0.7217 0.5122 0.4657
vn 0.0722 0.8830 0.4637
vn -0.6280 0.5909 0.5065
vn -0.5736 0.7945 0.1994
vn -0.6904 0.6966 -0.1950
vn -0.2417 0.8447 0.4775
vn -0.1281 0.9913 0.0292
vn -0.2805 0.8510 0.4440
vn -0.0412 0.9991 -0.0123
vn -0.2992 0.8386 0.4553
vn -0.1113 0.9875 -0.1114
vn 0.0028 0.6672 -0.7448
vn 0.0476 0.8408 -0.5392
vn -0.1654 0.9375 -0.3061
vn -0.0432 0.9973 0.0602
vn -0.2052 0.9402 -0.2717
vn 0.2751 0.6621 -0.6971
vn 0.2306 0.8927 -0.3872
vn -0.1000 0.9810 -0.1660
vn 0.1515 0.9468 0.2840
vn 0.2838 0.5231 0.8036
vn -0.0969 0.6521 0.7519
vn -0.3241 0.9300 -0.1732
vn 0.0545 0.9692 -0.2400
vn -0.3647 0.9143 -0.1765
vn 0.1007 0.9852 -0.1390
vn -0.2655 0.9637 0.0271
vn 0.0468 0.9981 -0.0404
vn -0.2092 0.9509 0.2282
vn -0.5346 0.7016 0.4711
vn -0.6424 0.7413 0.1946
vn -0.7608 0.6455 -0.0663
vn 0.1412 0.8418 0.5209
vn 0.2311 0.9660 0.1159
vn 0.0303 0.8462 0.5320
vn -0.0000 0.9888 0.1492
vn -0.0436 0.8853 0.4631
vn -0.2102 0.9689 0.1307
vn -0.3230 0.8850 -0.3354
vn -0.0202 0.9472 -0.3199
vn 0.2877 0.8784 -0.3816
vn -0.1426 0.3662 -0.9195
vn -0.2487 0.5982 -0.7618
vn -0.0994 0.7922 -0.6022
vn 0.2157 0.9585 -0.1864
vn -0.0711 0.9398 -0.3344
vn -0.1859 0.8958 -0.4038
vn -0.2834 0.5795 -0.7641
vn -0.2890 0.2295 -0.9294
vn -0.2695 0.2112 -0.9396
vn -0.1001 0.9810 -0.1659
vn 0.1512 0.9478 0.2808
vn 0.2837 0.5232 0.8036
vn -0.0970 0.6521 0.7519
vn -0.3705 0.8778 0.3038
vn -0.3240 0.9300 -0.1733
vn 0.4626 0.8450 -0.2683
vn 0.1248 0.9913 0.0431
vn 0.4757 0.8514 -0.2212
vn 0.0270 0.9991 0.0331
vn 0.4997 0.8380 -0.2194
vn 0.0322 0.9876 0.1539
vn -0.4089 0.6681 0.6216
vn -0.3354 0.8401 0.4263
vn -0.0281 0.9375 0.3468
vn -0.5718 0.7014 -0.4256
vn -0.5950 0.6880 -0.4155
vn -0.3008 0.9529 0.0379
vn -0.3405 0.9401 0.0178
vn 0.0638 0.8766 0.4770
vn 0.0582 0.8727 0.4848
vn 0.0618 0.8506 0.5221
vn -0.3291 0.9391 0.0990
vn -0.6306 0.6769 -0.3796
vn 0.0836 0.8105 0.5798
vn 0.0478 0.9607 0.2736
vn 0.2436 0.7902 0.5624
vn -0.0256 0.9972 0.0705
vn 0.2695 0.8365 0.4772
vn -0.0284 0.9954 0.0917
vn -0.1778 0.8623 -0.4741
vn -0.3592 0.8017 -0.4778
vn -0.2647 0.9281 -0.2620
vn 0.4229 0.9061 0.0048
vn 0.1027 0.9644 -0.2437
vn -0.2388 0.9607 0.1417
vn -0.4051 0.9055 -0.1265
vn -0.6809 0.5534 0.4797
vn -0.7563 0.6483 0.0876
vn -0.8358 0.5033 -0.2196
vn -0.4256 0.8419 -0.3318
vn 0.0406 0.8926 -0.4490
vn 0.6124 0.7225 -0.3208
vn 0.3886 0.9193 -0.0616
vn 0.6128 0.7139 0.3390
vn 0.3408 0.8298 0.4419
vn 0.5624 0.2578 0.7856
vn 0.2979 0.5229 0.7986
vn -0.0536 0.5643 0.8238
vn 0.1453 0.8988 0.4136
vn 0.1753 0.9831 -0.0520
vn 0.2742 0.9596 0.0635
vn 0.0376 0.9943 0.0997
vn 0.1851 0.8106 0.5556
vn 0.0986 0.8208 0.5627
vn -0.0618 0.8486 0.5254
vn -0.2203 0.9753 0.0141
vn -0.3062 0.8373 -0.4530
vn 0.0182 0.9179 -0.3965
vn 0.3377 0.8091 -0.4810
vn 0.6273 0.7434 -0.2321
vn 0.6104 0.7495 -0.2562
vn 0.3688 0.8876 0.2759
vn 0.3640 0.9013 0.2349
vn -0.0028 0.7316 0.6817
vn -0.0140 0.7450 0.6669
vn -0.0223 0.7305 0.6826
vn 0.3124 0.9049 0.2889
vn 0.5680 0.7742 -0.2791
vn 0.0025 0.9318 -0.3631
vn 0.1263 0.9442 -0.3040
vn 0.2436 0.9473 -0.2081
vn 0.0786 0.7390 0.6691
vn 0.1990 0.9780 0.0631
vn 0.3332 0.8501 0.4079
vn 0.4721 0.8498 -0.2345
vn 0.5091 0.8604 0.0218
vn 0.3337 0.9409 -0.0573
vn -0.0570 0.9832 0.1734
vn -0.0498 0.9969 0.0606
vn -0.0444 0.9982 0.0403
vn 0.1193 0.9909 -0.0620
vn 0.2706 0.9608 -0.0608
vn 0.2573 0.9662 0.0170
vn 0.2425 0.9700 0.0144
vn 0.2199 0.9116 -0.3473
vn 0.2333 0.8791 -0.4157
vn 0.1640 0.2897 0.9430
vn 0.1943 0.3152 0.9289
vn 0.1945 0.7470 0.6358
vn -0.0610 0.9310 0.3599
vn 0.0332 0.8350 0.5492
vn 0.0338 0.7673 0.6404
vn -0.1512 0.8752 0.4594
vn -0.1973 0.9024 0.3830
vn -0.2739 0.8824 0.3826
vn -0.3679 0.8512 0.3742
vn 0.2609 0.6874 0.6778
vn 0.3676 0.8997 -0.2352
vn 0.2803 0.9426 -0.1814
vn -0.1049 0.9818 0.1585
vn -0.1361 0.9749 0.1763
vn -0.0144 0.9990 0.0435
vn -0.0229 0.9990 0.0373
vn -0.1913 0.9642 0.1835
vn -0.1535 0.9820 0.1096
vn -0.2165 0.9526 -0.2138
vn -0.2248 0.9601 -0.1666
vn 0.1913 0.9165 -0.3513
vn -0.3973 0.9143 -0.0791
vn 0.0123 0.9566 -0.2910
vn -0.4554 0.8889 -0.0491
vn -0.0837 0.9954 0.0462
vn -0.0578 0.9976 0.0386
vn -0.0191 0.9977 0.0656
vn -0.0019 0.9997 0.0262
vn 0.1927 0.9661 -0.1717
vn 0.2139 0.9612 -0.1742
vn 0.1416 0.9884 0.0556
vn -0.0000 0.9975 -0.0711
vn 0.0211 0.9978 -0.0635
vn -0.0413 0.9890 -0.1424
vn 0.0216 0.9960 -0.0863
vn 0.1962 0.8685 -0.4552
vn 0.1713 0.9104 -0.3767
vn 0.1109 0.9356 -0.3353
vn 0.3543 0.9046 -0.2371
vn -0.1498 0.9290 -0.3383
vn 0.2418 0.8673 -0.4351
vn -0.4186 0.7685 -0.4839
vn -0.0280 0.7773 -0.6285
vn 0.3083 0.7579 -0.5749
vn 0.4919 0.6993 -0.5187
vn 0.5605 0.7550 -0.3403
vn -0.4147 0.8932 -0.1740
vn -0.1496 0.9811 0.1226
vn 0.2567 0.9474 -0.1911
vn 0.3737 0.9210 0.1103
vn 0.7537 0.5242 -0.3964
vn 0.7592 0.6507 -0.0111
vn 0.7817 0.5351 0.3204
vn 0.3556 0.8784 0.3192
vn -0.1262 0.9298 0.3457
vn -0.1221 0.9923 -0.0200
vn 0.0562 0.9984 0.0062
vn 0.1641 0.9313 -0.3253
vn 0.3233 0.9309 -0.1701
vn 0.3326 0.6553 -0.6782
vn 0.4581 0.8172 -0.3497
vn 0.6116 0.7422 -0.2740
vn 0.3729 0.9186 -0.1309
vn 0.1239 0.9889 0.0818
vn -0.2282 0.5337 -0.8143
vn -0.5487 0.5757 -0.6062
vn -0.3414 0.9035 -0.2590
vn -0.6024 0.7852 -0.1438
vn -0.0363 0.9340 0.3554
vn -0.4457 0.8415 0.3055
vn -0.6767 0.6000 0.4267
vn -0.7549 0.6450 -0.1189
vn -0.7044 0.4639 -0.5373
vn -0.7859 0.4915 0.3752
vn -0.5896 0.5591 0.5828
vn -0.5059 0.8138 0.2859
vn -0.3807 0.8125 0.4414
vn -0.1852 0.9697 0.1594
vn -0.1369 0.9665 0.2171
vn -0.1517 0.9457 0.2874
vn -0.3064 0.7821 0.5427
vn -0.4661 0.4792 0.7437
vn 0.4068 0.4456 0.7975
vn 0.3600 0.7687 0.5287
vn 0.3004 0.5625 0.7702
vn 0.2902 0.8917 0.3473
vn 0.0450 0.8043 0.5926
vn 0.0937 0.9922 0.0822
vn 0.1893 0.9673 -0.1686
vn 0.2521 0.9660 0.0574
vn -0.0705 0.9118 0.4045
vn 0.7620 0.3502 0.5447
vn 0.6520 0.6814 0.3325
vn 0.6745 0.4766 0.5638
vn 0.5342 0.8227 0.1944
vn 0.4071 0.7519 0.5187
vn 0.2685 0.9624 0.0399
vn 0.2429 0.9439 -0.2236
vn 0.3935 0.9181 -0.0477
vn 0.2454 0.8826 0.4009
vn 0.5867 0.1370 0.7982
vn 0.6878 0.4440 0.5743
vn 0.5546 0.2820 0.7828
vn 0.6939 0.5909 0.4116
vn 0.4563 0.6139 0.6441
vn 0.5912 0.7862 0.1798
vn 0.6591 0.7488 -0.0694
vn 0.7107 0.6897 0.1386
vn 0.4193 0.7632 0.4916
vn 0.5546 0.2821 0.7828
vn 0.6938 0.5909 0.4116
vn 0.4562 0.6140 0.6441
vn 0.6592 0.7488 -0.0694
vn 0.4194 0.7633 0.4914
vn 0.6746 0.4765 0.5638
vn 0.5343 0.8227 0.1943
vn 0.4071 0.7518 0.5187
vn 0.2429 0.9439 -0.2237
vn 0.3934 0.9181 -0.0476
vn 0.2454 0.8827 0.4009
vn -0.2035 0.8849 -0.4189
vn -0.0380 0.9801 -0.1946
vn -0.3168 0.8643 -0.3906
vn -0.0865 0.9950 -0.0510
vn -0.3063 0.8982 -0.3153
vn -0.0637 0.9928 -0.1016
vn 0.1191 0.9632 0.2408
vn 0.1374 0.9720 0.1908
vn 0.2016 0.9729 -0.1130
vn -0.2619 0.8929 0.3661
vn 0.0874 0.9811 0.1725
vn -0.1258 0.9474 -0.2944
vn 0.1932 0.9210 -0.3383
vn -0.2138 0.5225 -0.8254
vn 0.1612 0.6508 -0.7419
vn 0.4893 0.5329 -0.6904
vn 0.3932 0.8773 -0.2753
vn 0.3097 0.9295 0.2000
vn -0.3872 0.8927 -0.2307
vn -0.1659 0.9810 0.1000
vn 0.2809 0.9477 -0.1512
vn 0.3547 0.9206 0.1632
vn 0.8037 0.5232 -0.2836
vn 0.7520 0.6520 0.0968
vn 0.7284 0.5331 0.4304
vn 0.3037 0.8778 0.3705
vn -0.1732 0.9301 0.3240
vn 0.3932 0.8577 -0.3313
vn 0.1968 0.8872 -0.4172
vn 0.2290 0.9707 -0.0722
vn -0.0589 0.9926 -0.1065
vn -0.0767 0.9969 0.0148
vn -0.1871 0.9735 0.1315
vn -0.1360 0.9902 -0.0317
vn -0.2006 0.9515 -0.2331
vn -0.0098 0.9604 -0.2786
vn 0.1594 0.9808 -0.1128
vn 0.4913 0.8660 0.0936
vn 0.1783 0.9582 -0.2235
vn 0.5304 0.8393 -0.1195
vn 0.2720 0.9247 -0.2663
vn 0.5891 0.7524 -0.2946
vn 0.8763 0.4248 -0.2273
vn 0.8386 0.5444 0.0220
vn 0.7771 0.5395 0.3243
vn 0.1343 0.9821 -0.1319
vn 0.2298 0.8334 -0.5026
vn 0.0201 0.9914 -0.1291
vn 0.0080 0.8695 -0.4938
vn -0.0506 0.9756 -0.2137
vn -0.1931 0.8363 -0.5132
vn -0.2754 0.5070 -0.8168
vn 0.0082 0.5635 -0.8261
vn 0.2951 0.4865 -0.8223
vn -0.5036 0.7505 -0.4279
vn -0.4479 0.8936 -0.0296
vn -0.4148 0.7709 -0.4834
vn -0.2592 0.9538 -0.1523
vn -0.3314 0.8268 -0.4544
vn -0.0643 0.9717 -0.2274
vn 0.2461 0.9579 0.1482
vn -0.0472 0.9648 0.2586
vn -0.2804 0.8512 0.4437
vn -0.0690 0.9954 -0.0666
vn -0.0783 0.9963 -0.0368
vn 0.4935 0.8667 -0.0728
vn 0.4587 0.8873 -0.0492
vn 0.8815 0.4686 -0.0579
vn 0.8838 0.4652 -0.0492
vn 0.8979 0.4396 -0.0240
vn 0.5204 0.8539 -0.0108
vn -0.0703 0.9973 0.0192
vn 0.1155 0.7699 -0.6277
vn 0.0998 0.7692 -0.6312
vn 0.1564 0.9387 -0.3073
vn 0.1393 0.9372 -0.3197
vn 0.1771 0.9832 0.0449
vn 0.1626 0.9859 0.0393
vn 0.1714 0.9833 0.0619
vn 0.1415 0.9526 -0.2695
vn 0.0722 0.7763 -0.6263
vn 0.8880 0.3281 -0.3221
vn 0.7136 0.5069 -0.4835
vn 0.8773 0.2336 -0.4192
vn 0.5335 0.6481 -0.5435
vn 0.8265 0.2641 -0.4971
vn 0.5471 0.6450 -0.5336
vn 0.0335 0.8131 -0.5812
vn -0.0266 0.9050 -0.4246
vn 0.2348 0.8477 -0.4757
vn -0.3249 0.9138 -0.2437
vn -0.2631 0.9646 0.0170
vn 0.0023 0.9836 -0.1803
vn 0.0987 0.9917 0.0826
vn 0.1949 0.9793 0.0554
vn 0.3373 0.9378 0.0824
vn 0.1945 0.9731 0.1237
vn 0.0632 0.9614 0.2677
vn -0.0730 0.9869 0.1436
vn 0.0620 0.9909 -0.1193
vn 0.1015 0.9878 0.1180
vn 0.5578 0.8283 -0.0535
vn 0.5621 0.8264 0.0334
vn 0.5213 0.8303 0.1969
vn 0.0129 0.9291 0.3696
vn -0.4493 0.7814 0.4331
vn -0.3957 0.9093 0.1291
vn -0.4862 0.8486 -0.2084
vn -0.1520 0.9868 0.0559
vn -0.3323 0.8924 -0.3054
vn -0.2261 0.9643 0.1377
vn -0.4807 0.8652 -0.1427
vn -0.3319 0.9354 0.1222
vn -0.6255 0.7797 -0.0280
vn -0.8485 0.4657 -0.2512
vn -0.6782 0.5879 -0.4410
vn -0.4664 0.5839 -0.6644
vn 0.9059 0.4224 0.0292
vn 0.7634 0.6454 -0.0253
vn 0.7189 0.5533 0.4207
vn 0.6037 0.6994 0.3827
vn 0.4490 0.6131 0.6500
vn 0.3575 0.6199 0.6985
vn 0.2538 0.7073 0.6598
vn 0.4670 0.8413 0.2722
vn 0.5691 0.7986 -0.1959
vn -0.5332 0.8311 0.1578
vn -0.3439 0.8689 0.3561
vn -0.7085 0.7056 0.0113
vn -0.3435 0.9332 0.1055
vn -0.7664 0.5713 -0.2936
vn -0.4739 0.8541 -0.2144
vn -0.2210 0.9753 -0.0047
vn -0.0386 0.9909 0.1292
vn -0.0681 0.9414 0.3304
vn 0.2775 0.9533 -0.1192
vn 0.5584 0.8295 -0.0110
vn 0.2196 0.9748 0.0385
vn 0.7029 0.7111 0.0168
vn 0.3005 0.9488 0.0976
vn 0.7057 0.7085 0.0056
vn 0.9633 0.2512 0.0948
vn 0.9830 0.1737 -0.0596
vn 0.9228 0.3798 -0.0642
vn -0.1752 0.9844 0.0184
vn -0.1691 0.9835 -0.0642
vn -0.0711 0.9760 0.2060
vn -0.1357 0.9861 0.0954
vn 0.1740 0.8674 0.4661
vn -0.0339 0.9295 0.3672
vn -0.0902 0.9419 0.3237
vn -0.1663 0.9807 0.1026
vn -0.2106 0.9744 -0.0791
vn -0.0000 0.9931 0.1174
vn 0.1640 0.9313 -0.3252
vn 0.4627 0.8799 0.1078
vn 0.3228 0.9451 -0.0516
vn 0.6448 0.6313 0.4309
vn 0.5235 0.7442 0.4149
vn 0.1873 0.9421 0.2782
vn 0.0243 0.9678 -0.2505
vn 0.0217 0.8679 -0.4963
vn 0.5096 0.8434 0.1699
vn 0.1772 0.9830 0.0472
vn -0.1213 0.9729 0.1971
vn -0.6300 0.6533 0.4199
vn -0.4867 0.8584 0.1622
vn -0.3833 0.9225 0.0450
vn 0.2042 0.9789 0.0023
vn 0.6269 0.7791 -0.0056
vn 0.6461 0.7632 0.0141
vn 0.3721 0.9176 -0.1399
vn 0.5037 0.6817 -0.5306
vn 0.7182 0.6211 -0.3138
vn 0.6240 0.1060 -0.7742
vn 0.8443 0.2286 -0.4846
vn 0.9730 0.1473 -0.1779
vn 0.7825 0.6107 -0.1216
vn 0.4749 0.8781 0.0580
vn -0.5465 0.8375 -0.0053
vn -0.5552 0.8314 0.0249
vn 0.0305 0.9995 0.0102
vn -0.0102 0.9994 0.0327
vn 0.5812 0.8136 0.0193
vn 0.5850 0.8106 0.0279
vn 0.6120 0.7890 0.0541
vn 0.0621 0.9952 0.0753
vn -0.5490 0.8320 0.0800
vn 0.1330 0.9804 -0.1453
vn -0.2851 0.9315 -0.2259
vn 0.1433 0.9892 -0.0295
vn -0.2588 0.9659 -0.0000
vn 0.0601 0.9973 0.0431
vn -0.2718 0.9402 0.2052
vn -0.6573 0.6865 0.3109
vn -0.6696 0.7425 0.0196
vn -0.6972 0.6620 -0.2751
vn -0.2959 0.7174 0.6307
vn -0.0000 0.9155 0.4023
vn -0.3886 0.7214 0.5732
vn -0.2035 0.9368 0.2844
vn -0.4115 0.7707 0.4866
vn -0.3577 0.9220 0.1481
vn -0.1646 0.9408 -0.2964
vn 0.0602 0.9946 -0.0848
vn 0.3531 0.9348 0.0390
vn -0.2851 0.9315 -0.2258
vn 0.1433 0.9892 -0.0296
vn -0.2589 0.9659 -0.0000
vn 0.0599 0.9973 0.0436
vn -0.6972 0.6620 -0.2750
vn 0.5665 0.8110 -0.1461
vn 0.1696 0.9850 -0.0326
vn 0.5787 0.8061 -0.1241
vn 0.1966 0.9803 -0.0187
vn 0.5842 0.8069 -0.0868
vn 0.1399 0.9901 0.0044
vn -0.2620 0.9609 0.0900
vn -0.2420 0.9657 0.0943
vn -0.2507 0.9649 0.0785
vn 0.5360 0.7717 -0.3422
vn 0.5447 0.8027 -0.2428
vn 0.1647 0.9502 -0.2645
vn 0.4761 0.8598 -0.1845
vn 0.1398 0.9882 -0.0630
vn -0.3345 0.9411 0.0493
vn -0.2969 0.9198 -0.2566
vn -0.3454 0.7748 -0.5295
vn -0.0808 0.8859 0.4568
vn 0.1027 0.7858 0.6099
vn -0.3058 0.8996 0.3117
vn 0.1081 0.9117 0.3963
vn -0.4292 0.9031 -0.0132
vn -0.0264 0.9943 0.1034
vn 0.2570 0.9185 0.3004
vn 0.4120 0.8176 0.4023
vn 0.3662 0.7389 0.5656
vn 0.1996 0.9727 -0.1188
vn 0.1739 0.9799 0.0981
vn 0.4877 0.8729 -0.0163
vn 0.4890 0.8326 0.2600
vn 0.6050 0.7563 0.2490
vn 0.6857 0.6598 0.3073
vn 0.5730 0.7564 0.3154
vn 0.4049 0.8066 0.4306
vn 0.3533 0.8966 0.2672
vn 0.0250 0.8138 -0.5806
vn 0.0620 0.9975 0.0343
vn 0.2470 0.7912 -0.5594
vn 0.2481 0.9679 0.0394
vn 0.4656 0.5122 -0.7217
vn 0.4637 0.8830 -0.0722
vn 0.5064 0.5909 0.6280
vn 0.2027 0.7954 0.5712
vn -0.1985 0.6977 0.6884
vn 0.4774 0.8447 0.2417
vn 0.0315 0.9915 0.1259
vn 0.4441 0.8510 0.2805
vn -0.0123 0.9991 0.0412
vn 0.4552 0.8386 0.2993
vn -0.1114 0.9875 0.1113
vn -0.7448 0.6673 -0.0028
vn -0.5392 0.8408 -0.0477
vn -0.3060 0.9375 0.1656
vn 0.1330 0.9804 -0.1452
vn 0.0601 0.9973 0.0433
vn -0.6574 0.6865 0.3109
vn -0.3873 0.8927 -0.2305
vn -0.1659 0.9810 0.1001
vn 0.2840 0.9468 -0.1515
vn 0.8036 0.5231 -0.2837
vn 0.7522 0.6517 0.0969
vn 0.3068 0.8779 0.3676
vn -0.1732 0.9300 0.3241
vn -0.2400 0.9692 -0.0545
vn -0.1765 0.9143 0.3646
vn -0.1389 0.9852 -0.1007
vn 0.0274 0.9637 0.2654
vn -0.0403 0.9981 -0.0467
vn 0.2255 0.9509 0.2119
vn 0.4712 0.7015 0.5347
vn 0.1946 0.7412 0.6424
vn -0.0693 0.6468 0.7595
vn 0.5210 0.8418 -0.1412
vn 0.1156 0.9660 -0.2312
vn 0.5320 0.8462 -0.0303
vn 0.1470 0.9891 0.0022
vn 0.4631 0.8853 0.0436
vn 0.1309 0.9688 0.2103
vn -0.3353 0.8850 0.3231
vn -0.3199 0.9472 0.0202
vn -0.3816 0.8784 -0.2877
vn -0.9188 0.3669 0.1456
vn -0.7618 0.5982 0.2486
vn -0.6022 0.7922 0.0994
vn -0.1864 0.9585 -0.2157
vn -0.3345 0.9397 0.0710
vn -0.4038 0.8958 0.1859
vn -0.7642 0.5794 0.2834
vn -0.9294 0.2295 0.2890
vn -0.9405 0.2109 0.2663
vn 0.3547 0.9206 0.1633
vn 0.7520 0.6520 0.0967
vn 0.3037 0.8778 0.3706
vn -0.1733 0.9300 0.3240
vn -0.2683 0.8450 -0.4626
vn 0.0454 0.9914 -0.1225
vn -0.2212 0.8514 -0.4757
vn 0.0332 0.9991 -0.0269
vn -0.2194 0.8379 -0.4997
vn 0.1539 0.9876 -0.0322
vn 0.6245 0.6677 0.4052
vn 0.4263 0.8401 0.3353
vn 0.3468 0.9375 0.0281
vn -0.4290 0.7018 0.5688
vn -0.4155 0.6880 0.5950
vn 0.0405 0.9536 0.2985
vn 0.0203 0.9408 0.3382
vn 0.4771 0.8765 -0.0638
vn 0.4826 0.8737 -0.0610
vn 0.5221 0.8506 -0.0618
vn 0.0990 0.9390 0.3292
vn -0.3796 0.6769 0.6306
vn 0.5818 0.8093 -0.0806
vn 0.2736 0.9607 -0.0478
vn 0.5624 0.7902 -0.2436
vn 0.0705 0.9972 0.0257
vn 0.4771 0.8365 -0.2695
vn 0.0917 0.9954 0.0283
vn -0.4741 0.8623 0.1778
vn -0.4808 0.8014 0.3559
vn -0.2647 0.9281 0.2619
vn 0.0053 0.9061 -0.4230
vn -0.2437 0.9644 -0.1027
vn 0.1417 0.9607 0.2389
vn -0.1265 0.9055 0.4050
vn 0.4793 0.5535 0.6811
vn 0.0877 0.6483 0.7563
vn -0.2196 0.5033 0.8358
vn -0.3318 0.8419 0.4257
vn -0.4491 0.8926 -0.0405
vn -0.3208 0.7226 -0.6124
vn -0.0617 0.9193 -0.3886
vn 0.3390 0.7138 -0.6128
vn 0.4418 0.8299 -0.3408
vn 0.7856 0.2577 -0.5625
vn 0.7986 0.5229 -0.2979
vn 0.8238 0.5643 0.0536
vn 0.4136 0.8988 -0.1453
vn -0.0520 0.9831 -0.1753
vn 0.0635 0.9596 -0.2741
vn 0.0997 0.9943 -0.0376
vn 0.5556 0.8106 -0.1851
vn 0.5605 0.8219 -0.1016
vn 0.5254 0.8486 0.0618
vn 0.0142 0.9753 0.2202
vn -0.4559 0.8369 0.3029
vn -0.3963 0.9179 -0.0183
vn -0.4810 0.8091 -0.3377
vn -0.2321 0.7434 -0.6273
vn -0.2561 0.7496 -0.6104
vn 0.2760 0.8875 -0.3689
vn 0.2349 0.9013 -0.3640
vn 0.6817 0.7316 0.0028
vn 0.6669 0.7450 0.0140
vn 0.6826 0.7305 0.0223
vn 0.2889 0.9049 -0.3124
vn -0.2788 0.7742 -0.5682
vn 0.1264 0.9442 -0.3040
vn 0.2435 0.9473 -0.2081
vn 0.3332 0.8500 0.4080
vn 0.3337 0.9409 -0.0572
vn 0.1944 0.7469 0.6358
vn -0.0609 0.9310 0.3598
vn 0.0331 0.8350 0.5492
vn -0.1512 0.8752 0.4595
vn -0.1973 0.9025 0.3829
vn 0.2610 0.6874 0.6778
vn -0.1048 0.9818 0.1584
vn -0.0230 0.9990 0.0373
vn 0.1913 0.9165 -0.3512
vn -0.3973 0.9143 -0.0790
vn 0.0123 0.9567 -0.2910
vn -0.4553 0.8890 -0.0491
vn -0.0020 0.9997 0.0262
vn 0.1927 0.9661 -0.1718
vn 0.2139 0.9612 -0.1743
vn -0.0413 0.9890 -0.1423
vn 0.0216 0.9960 -0.0864
vn 0.3542 0.9046 -0.2371
vn -0.1498 0.9291 -0.3383
vn 0.2417 0.8673 -0.4352
vn -0.4186 0.7685 -0.4840
vn -0.0277 0.7774 -0.6284
vn 0.7536 0.5242 -0.3965
vn 0.7592 0.6508 -0.0111
vn 0.7818 0.5349 0.3204
vn 0.1637 0.9314 -0.3252
vn 0.3326 0.6554 -0.6782
vn 0.4580 0.8173 -0.3498
vn -0.2283 0.5336 -0.8144
vn -0.5486 0.5757 -0.6062
vn -0.3414 0.9035 -0.2589
vn -0.6023 0.7852 -0.1439
vn -0.0364 0.9340 0.3554
vn -0.4457 0.8415 0.3054
vn -0.5896 0.5591 0.5829
vn -0.1370 0.9665 0.2171
vn 0.3004 0.5625 0.7703
vn 0.7620 0.3503 0.5447
vn 0.4071 0.7519 0.5186
vn 0.5867 0.1370 0.7981
vn 0.6878 0.4441 0.5743
vn 0.5546 0.2820 0.7829
vn 0.4193 0.7633 0.4915
vn 0.4563 0.6140 0.6441
vn 0.4192 0.7632 0.4917
vn 0.6745 0.4766 0.5639
vn 0.2453 0.8826 0.4010
vn -0.0635 0.9928 -0.1019
vn 0.0874 0.9811 0.1724
vn 0.1933 0.9210 -0.3383
vn -0.2139 0.5226 -0.8253
vn 0.1612 0.6508 -0.7420
vn 0.3933 0.8773 -0.2752
vn 0.3098 0.9295 0.2000
vn -0.3872 0.8927 -0.2305
vn 0.2808 0.9478 -0.1512
vn 0.8036 0.5232 -0.2838
vn -0.1732 0.9300 0.3240
vn -0.1872 0.9735 0.1315
vn -0.0098 0.9604 -0.2785
vn 0.7771 0.5395 0.3242
vn 0.1344 0.9821 -0.1319
vn 0.0201 0.9914 -0.1295
vn 0.2950 0.4865 -0.8224
vn -0.4476 0.8938 -0.0297
vn -0.3317 0.8267 -0.4544
vn -0.2806 0.8509 0.4440
vn -0.0687 0.9954 -0.0665
vn -0.0782 0.9963 -0.0365
vn 0.4936 0.8666 -0.0729
vn 0.1768 0.9832 0.0448
vn 0.1624 0.9859 0.0391
vn 0.1414 0.9526 -0.2695
vn 0.0722 0.7763 -0.6262
vn 0.7136 0.5069 -0.4836
vn 0.5470 0.6450 -0.5336
vn 0.0023 0.9836 -0.1802
vn 0.0986 0.9917 0.0827
vn 0.1946 0.9730 0.1238
vn 0.0632 0.9613 0.2681
vn -0.0730 0.9869 0.1437
vn -0.4493 0.7814 0.4330
vn -0.1520 0.9868 0.0560
vn -0.3319 0.9354 0.1221
vn -0.8485 0.4658 -0.2513
vn -0.6781 0.5879 -0.4410
vn 0.7189 0.5533 0.4208
vn 0.6037 0.6993 0.3827
vn 0.3575 0.6200 0.6984
vn 0.5692 0.7985 -0.1960
vn -0.5332 0.8311 0.1580
vn -0.7085 0.7056 0.0112
vn -0.7664 0.5713 -0.2937
vn -0.4738 0.8541 -0.2143
vn -0.2211 0.9752 -0.0045
vn -0.0385 0.9909 0.1292
vn 0.2773 0.9534 -0.1189
vn 0.7057 0.7085 0.0055
vn 0.9633 0.2511 0.0948
vn -0.1691 0.9835 -0.0643
vn -0.1358 0.9861 0.0953
vn 0.1741 0.8674 0.4662
vn -0.0902 0.9418 0.3237
vn -0.1663 0.9807 0.1027
vn -0.2102 0.9744 -0.0791
vn -0.0000 0.9931 0.1173
vn 0.1640 0.9313 -0.3253
vn 0.4627 0.8799 0.1079
vn 0.3227 0.9451 -0.0516
vn 0.6447 0.6314 0.4309
vn 0.1874 0.9421 0.2782
vn 0.0243 0.9678 -0.2504
vn 0.5098 0.8434 0.1699
vn -0.6300 0.6533 0.4200
vn 0.2042 0.9789 0.0022
vn 0.6461 0.7631 0.0140
vn -0.0097 0.9603 -0.2786
vn 0.6241 0.1060 -0.7742
vn 0.7825 0.6106 -0.1215
vn 0.4748 0.8782 0.0580
vn -0.5465 0.8374 -0.0054
vn -0.5551 0.8314 0.0248
vn 0.5850 0.8105 0.0278
vn 0.0620 0.9952 0.0754
vn 0.0600 0.9973 0.0431
vn -0.2719 0.9402 0.2053
vn -0.2958 0.7172 0.6310
vn -0.3887 0.7214 0.5732
vn -0.3576 0.9220 0.1481
vn 0.3531 0.9348 0.0391
vn -0.2717 0.9402 0.2052
vn 0.5665 0.8110 -0.1460
vn 0.1967 0.9803 -0.0186
vn 0.1399 0.9902 0.0044
vn -0.2620 0.9609 0.0899
vn -0.2419 0.9657 0.0943
vn 0.5360 0.7717 -0.3423
vn 0.1398 0.9882 -0.0628
vn -0.2970 0.9198 -0.2566
vn -0.3059 0.8996 0.3117
vn 0.4120 0.8175 0.4024
vn 0.4877 0.8728 -0.0164
vn 0.0622 0.9975 0.0342
vn 0.2470 0.7911 -0.5596
vn 0.5065 0.5909 0.6280
vn -0.1984 0.6977 0.6884
vn 0.4775 0.8447 0.2417
vn 0.4440 0.8510 0.2806
vn -0.0122 0.9991 0.0411
vn -0.1115 0.9875 0.1114
vn -0.7448 0.6672 -0.0027
vn -0.5392 0.8409 -0.0475
vn -0.2718 0.9402 0.2053
vn -0.3872 0.8927 -0.2306
vn -0.1660 0.9810 0.1000
vn 0.7520 0.6520 0.0969
vn -0.1390 0.9852 -0.1007
vn 0.0271 0.9637 0.2655
vn 0.1946 0.7413 0.6424
vn 0.5209 0.8418 -0.1412
vn 0.5319 0.8463 -0.0305
vn 0.1308 0.9689 0.2102
vn -0.9188 0.3669 0.1457
vn -0.7618 0.5981 0.2487
vn -0.6021 0.7922 0.0993
vn -0.1869 0.9583 -0.2161
vn -0.7641 0.5795 0.2834
vn -0.9405 0.2108 0.2664
vn -0.2684 0.8450 -0.4625
vn 0.0332 0.9991 -0.0270
vn -0.2194 0.8380 -0.4997
vn 0.1539 0.9876 -0.0321
vn 0.6245 0.6677 0.4053
vn 0.4263 0.8402 0.3353
vn -0.4290 0.7018 0.5687
vn -0.4154 0.6881 0.5949
vn 0.0404 0.9535 0.2985
vn 0.0990 0.9391 0.3292
vn 0.2735 0.9607 -0.0477
vn -0.4742 0.8623 0.1778
vn 0.0051 0.9061 -0.4230
vn 0.1417 0.9607 0.2388
vn -0.1265 0.9055 0.4051
vn 0.0876 0.6483 0.7563
vn -0.2196 0.5033 0.8357
vn -0.3318 0.8418 0.4257
vn -0.4490 0.8926 -0.0406
vn -0.3208 0.7226 -0.6123
vn -0.0616 0.9193 -0.3886
vn 0.7986 0.5229 -0.2980
vn 0.5556 0.8106 -0.1850
vn 0.0140 0.9753 0.2204
vn -0.3964 0.9179 -0.0182
vn -0.2562 0.7495 -0.6104
vn -0.4080 0.8500 0.3332
vn 0.0609 0.9608 0.2706
vn -0.0143 0.9700 0.2426
vn 0.4157 0.8791 0.2333
vn -0.9289 0.3151 0.1944
vn -0.6358 0.7470 0.1945
vn -0.5492 0.8350 0.0332
vn -0.3831 0.9024 -0.1973
vn -0.3824 0.8824 -0.2742
vn 0.2352 0.8998 0.3676
vn -0.0373 0.9990 -0.0230
vn -0.1072 0.9819 -0.1560
vn 0.2111 0.9526 -0.2192
vn 0.3485 0.9170 0.1943
vn 0.0491 0.8890 -0.4553
vn -0.0387 0.9976 -0.0578
vn -0.0635 0.9978 -0.0212
vn 0.1718 0.9661 0.1927
vn 0.0712 0.9975 0.0001
vn 0.1424 0.9890 -0.0413
vn 0.3767 0.9104 0.1712
vn 0.3353 0.9356 0.1108
vn 0.6284 0.7774 -0.0277
vn 0.5153 0.6994 0.4952
vn 0.1740 0.8932 -0.4147
vn -0.1100 0.9209 0.3739
vn 0.3253 0.9312 0.1642
vn 0.3497 0.8173 0.4580
vn 0.1309 0.9186 0.3729
vn 0.6062 0.5758 -0.5487
vn 0.2589 0.9035 -0.3414
vn 0.1407 0.7841 -0.6044
vn 0.1157 0.6438 -0.7564
vn 0.5374 0.4640 -0.7043
vn -0.3751 0.4916 -0.7859
vn -0.2859 0.8138 -0.5059
vn -0.4445 0.8124 -0.3774
vn -0.1594 0.9697 -0.1852
vn -0.7437 0.4792 -0.4661
vn -0.0823 0.9922 0.0938
vn -0.5448 0.3501 0.7620
vn -0.0398 0.9624 0.2686
vn -0.5707 0.4438 0.6909
vn -0.8006 0.1369 0.5833
vn -0.4919 0.7632 0.4191
vn -0.5638 0.4766 0.6746
vn -0.5186 0.7519 0.4071
vn 0.2237 0.9439 0.2429
vn 0.0479 0.9180 0.3938
vn 0.1946 0.9801 -0.0380
vn 0.0510 0.9949 -0.0865
vn 0.1016 0.9928 -0.0637
vn -0.3661 0.8930 -0.2620
vn 0.2944 0.9474 -0.1258
vn 0.3383 0.9210 0.1932
vn 0.8252 0.5227 -0.2140
vn 0.2306 0.8927 -0.3871
vn 0.0697 0.9704 0.2313
vn 0.1043 0.9927 -0.0611
vn 0.0318 0.9902 -0.1359
vn 0.2235 0.9583 0.1783
vn 0.2273 0.4248 0.8763
vn -0.0220 0.5444 0.8386
vn 0.1318 0.9821 0.1343
vn 0.4938 0.8695 0.0081
vn 0.2137 0.9756 -0.0506
vn 0.8270 0.5622 0.0055
vn 0.8223 0.4864 0.2952
vn 0.0295 0.8935 -0.4481
vn 0.1523 0.9538 -0.2591
vn 0.4545 0.8269 -0.3312
vn -0.1508 0.9581 0.2435
vn 0.0371 0.9962 -0.0783
vn 0.0728 0.8667 0.4935
vn 0.0579 0.4683 0.8816
vn 0.0239 0.4395 0.8979
vn 0.3075 0.9386 0.1564
vn 0.3223 0.9367 0.1365
vn -0.0449 0.9832 0.1771
vn 0.5435 0.6480 0.5335
vn -0.0826 0.9917 0.0987
vn -0.1237 0.9731 0.1945
vn -0.2681 0.9613 0.0632
vn -0.1437 0.9869 -0.0730
vn 0.1193 0.9909 0.0620
vn -0.1179 0.9878 0.1014
vn 0.0535 0.8283 0.5578
vn -0.1291 0.9093 -0.3957
vn 0.2084 0.8486 -0.4862
vn 0.2512 0.4657 -0.8486
vn -0.3827 0.6993 0.6037
vn -0.6984 0.6200 0.3575
vn -0.6574 0.7083 0.2572
vn -0.3562 0.8689 -0.3437
vn -0.0112 0.7056 -0.7085
vn 0.0046 0.9753 -0.2210
vn -0.1292 0.9909 -0.0385
vn 0.0109 0.8295 0.5585
vn -0.0386 0.9748 0.2196
vn -0.0948 0.2512 0.9633
vn 0.0595 0.1737 0.9830
vn 0.0642 0.3799 0.9228
vn -0.0183 0.9844 -0.1752
vn -0.3671 0.9296 -0.0338
vn -0.1027 0.9807 -0.1663
vn 0.0792 0.9745 -0.2102
vn 0.3253 0.9313 0.1640
vn -0.4309 0.6313 0.6448
vn -0.2782 0.9421 0.1873
vn -0.1698 0.8436 0.5093
vn -0.1971 0.9729 -0.1213
vn -0.4200 0.6533 -0.6300
vn -0.1622 0.8583 -0.4868
vn -0.0000 0.9785 0.2064
vn 0.2808 0.9597 -0.0073
vn 0.7742 0.1060 0.6241
vn 0.1778 0.1473 0.9730
vn 0.1216 0.6106 0.7825
vn -0.0279 0.8106 0.5850
vn -0.0542 0.7887 0.6124
vn -0.0000 0.9659 -0.2588
vn -0.2053 0.9402 -0.2719
vn -0.5732 0.7214 -0.3886
vn -0.4866 0.7707 -0.4114
vn -0.0388 0.9348 0.3532
vn 0.2259 0.9315 -0.2850
vn -0.2053 0.9402 -0.2718
vn 0.1461 0.8110 0.5665
vn 0.0186 0.9803 0.1967
vn -0.0045 0.9902 0.1398
vn -0.0899 0.9608 -0.2621
vn -0.0943 0.9657 -0.2420
vn 0.2428 0.8027 0.5447
vn 0.2619 0.9505 0.1674
vn 0.0628 0.9882 0.1398
vn 0.2566 0.9198 -0.2970
vn 0.5296 0.7748 -0.3453
vn -0.4569 0.8859 -0.0808
vn -0.3117 0.8996 -0.3059
vn -0.3939 0.9124 0.1109
vn 0.0158 0.9041 -0.4271
vn 0.1162 0.9725 0.2020
vn -0.0980 0.9799 0.1739
vn -0.3119 0.7558 0.5757
vn 0.7217 0.5122 0.4656
vn -0.1281 0.9913 0.0293
vn -0.0411 0.9991 -0.0122
vn -0.2993 0.8386 0.4552
vn -0.0196 0.7424 -0.6696
vn 0.2837 0.5231 0.8036
vn -0.0969 0.6517 0.7522
vn -0.3706 0.8778 0.3037
vn -0.3646 0.9143 -0.1765
vn -0.2655 0.9637 0.0269
vn -0.5345 0.7017 0.4711
vn 0.0302 0.8462 0.5321
vn -0.2102 0.9689 0.1308
vn -0.3232 0.8850 -0.3353
vn -0.2487 0.5981 -0.7618
vn -0.1860 0.8956 -0.4040
vn -0.2696 0.2112 -0.9395
vn 0.1512 0.9478 0.2809
vn 0.1247 0.9913 0.0431
vn 0.4758 0.8513 -0.2212
vn 0.0270 0.9991 0.0332
vn 0.4996 0.8380 -0.2194
vn -0.3353 0.8402 0.4263
vn -0.0282 0.9375 0.3468
vn -0.5718 0.7014 -0.4255
vn -0.3405 0.9401 0.0177
vn 0.0638 0.8765 0.4771
vn -0.6306 0.6767 -0.3801
vn -0.0256 0.9972 0.0704
vn -0.0283 0.9954 0.0917
vn -0.1778 0.8623 -0.4742
vn -0.3591 0.8017 -0.4778
vn 0.4230 0.9061 0.0051
vn -0.2389 0.9607 0.1417
vn -0.7563 0.6483 0.0877
vn -0.8357 0.5033 -0.2196
vn 0.6124 0.7226 -0.3208
vn 0.6128 0.7138 0.3390
vn 0.3407 0.8298 0.4419
vn 0.5625 0.2577 0.7856
vn 0.1456 0.8987 0.4137
vn 0.1753 0.9831 -0.0522
vn 0.0376 0.9943 0.0996
vn 0.1850 0.8106 0.5556
vn 0.6104 0.7496 -0.2561
vn 0.3689 0.8875 0.2760
vn 0.5680 0.7742 -0.2792
vn -0.7464 0.5606 0.3585
vn -0.5515 0.6320 0.5444
vn -0.4673 0.8455 0.2583
vn -0.3473 0.8449 0.4068
vn -0.1564 0.9786 0.1340
vn -0.1146 0.9766 0.1819
vn -0.1280 0.9609 0.2454
vn -0.2812 0.8248 0.4905
vn -0.4498 0.5465 0.7064
vn 0.5826 0.1629 0.7963
vn 0.6727 0.5113 0.5348
vn 0.5381 0.3351 0.7734
vn 0.6541 0.6408 0.4018
vn 0.4233 0.6699 0.6099
vn 0.5135 0.8430 0.1603
vn 0.5809 0.8093 -0.0867
vn 0.6473 0.7519 0.1252
vn 0.3732 0.8166 0.4403
vn 0.7414 0.4115 0.5301
vn 0.5952 0.7489 0.2912
vn 0.6356 0.5509 0.5408
vn 0.4885 0.8512 0.1918
vn 0.3650 0.8070 0.4643
vn 0.2132 0.9758 0.0484
vn 0.1857 0.9600 -0.2095
vn 0.3430 0.9382 -0.0468
vn 0.2103 0.9134 0.3486
vn 0.5824 0.1629 0.7964
vn 0.3732 0.8166 0.4402
vn 0.5823 0.1629 0.7965
vn 0.5380 0.3351 0.7735
vn 0.5810 0.8093 -0.0867
vn 0.7412 0.4117 0.5303
vn 0.6356 0.5510 0.5408
vn 0.4886 0.8512 0.1918
vn 0.3651 0.8069 0.4644
vn 0.2104 0.9134 0.3486
vn -0.1734 0.9152 -0.3638
vn -0.0348 0.9857 -0.1647
vn -0.2754 0.9002 -0.3374
vn -0.0766 0.9960 -0.0460
vn -0.2624 0.9270 -0.2681
vn -0.0533 0.9948 -0.0866
vn 0.0999 0.9742 0.2023
vn 0.1130 0.9803 0.1621
vn 0.1680 0.9812 -0.0949
vn -0.2262 0.9218 0.3149
vn 0.0732 0.9865 0.1463
vn -0.1131 0.9545 -0.2761
vn 0.1682 0.9379 -0.3035
vn -0.2036 0.5953 -0.7773
vn 0.1482 0.7231 -0.6747
vn 0.4597 0.6040 -0.6510
vn 0.3464 0.9043 -0.2496
vn 0.2624 0.9498 0.1705
vn -0.3329 0.9217 -0.1991
vn -0.1399 0.9865 0.0854
vn 0.2652 0.9546 -0.1353
vn 0.3164 0.9384 0.1391
vn 0.7584 0.5934 -0.2697
vn 0.6851 0.7231 0.0879
vn 0.6867 0.6038 0.4048
vn 0.2770 0.9046 0.3241
vn -0.1479 0.9494 0.2770
vn 0.3400 0.8948 -0.2893
vn 0.1699 0.9175 -0.3597
vn 0.1957 0.9788 -0.0605
vn -0.0536 0.9941 -0.0938
vn -0.0651 0.9978 0.0105
vn -0.1566 0.9812 0.1125
vn -0.1131 0.9932 -0.0266
vn -0.1695 0.9654 -0.1983
vn -0.0072 0.9719 -0.2353
vn 0.1331 0.9865 -0.0951
vn 0.4486 0.8886 0.0953
vn 0.1511 0.9707 -0.1870
vn 0.4854 0.8679 -0.1056
vn 0.2337 0.9458 -0.2255
vn 0.5331 0.8030 -0.2666
vn 0.8423 0.4924 -0.2191
vn 0.7857 0.6181 0.0252
vn 0.7309 0.6117 0.3026
vn 0.1113 0.9875 -0.1113
vn 0.2064 0.8647 -0.4579
vn 0.0175 0.9941 -0.1073
vn 0.0053 0.8907 -0.4546
vn -0.0422 0.9829 -0.1792
vn -0.1739 0.8693 -0.4627
vn -0.2620 0.5774 -0.7733
vn 0.0055 0.6331 -0.7741
vn 0.2821 0.5546 -0.7828
vn -0.4520 0.8078 -0.3783
vn -0.3852 0.9223 -0.0314
vn -0.3682 0.8252 -0.4284
vn -0.2271 0.9632 -0.1435
vn -0.2899 0.8696 -0.3997
vn -0.0604 0.9788 -0.1958
vn 0.2068 0.9700 0.1277
vn -0.0410 0.9752 0.2174
vn -0.2439 0.8894 0.3867
vn -0.0127 0.9968 -0.0788
vn -0.0343 0.9973 -0.0643
vn 0.4041 0.8856 0.2289
vn 0.3661 0.9021 0.2284
vn 0.7012 0.5381 0.4677
vn 0.6988 0.5350 0.4748
vn 0.6966 0.5057 0.5090
vn 0.3960 0.8714 0.2895
vn -0.0568 0.9981 -0.0232
vn 0.1046 0.8252 -0.5550
vn 0.0893 0.8241 -0.5594
vn 0.1325 0.9543 -0.2677
vn 0.1164 0.9520 -0.2832
vn 0.1494 0.9881 0.0368
vn 0.1359 0.9902 0.0318
vn 0.1436 0.9883 0.0509
vn 0.1167 0.9637 -0.2401
vn 0.0623 0.8296 -0.5549
vn 0.5874 0.6969 -0.4115
vn 0.4787 0.6930 -0.5390
vn 0.8803 0.3369 -0.3339
vn 0.8759 0.2628 -0.4047
vn 0.8136 0.3166 -0.4876
vn 0.5398 0.6873 -0.4861
vn 0.0274 0.8589 -0.5115
vn 0.0812 0.8788 -0.4702
vn 0.4013 0.8934 -0.2021
vn -0.2757 0.9383 -0.2089
vn -0.2224 0.9749 0.0118
vn 0.0022 0.9887 -0.1496
vn 0.0881 0.9935 0.0723
vn 0.1616 0.9856 0.0491
vn 0.2876 0.9552 0.0694
vn 0.1636 0.9812 0.1025
vn 0.0539 0.9728 0.2255
vn -0.0597 0.9908 0.1215
vn 0.0561 0.9935 -0.0989
vn 0.0767 0.9900 0.1181
vn 0.4870 0.8722 -0.0468
vn 0.4920 0.8701 0.0275
vn 0.4557 0.8731 0.1734
vn -0.0248 0.9590 0.2825
vn -0.3562 0.8769 0.3227
vn -0.3125 0.9402 0.1359
vn -0.4234 0.8877 -0.1810
vn -0.1275 0.9908 0.0456
vn -0.2980 0.9115 -0.2834
vn -0.1905 0.9749 0.1153
vn -0.4340 0.8909 -0.1342
vn -0.2829 0.9537 0.1022
vn -0.5615 0.8271 -0.0250
vn -0.8094 0.5365 -0.2388
vn -0.6289 0.6589 -0.4126
vn -0.4345 0.6518 -0.6216
vn 0.8730 0.4869 0.0299
vn 0.7041 0.7097 -0.0254
vn 0.6731 0.6234 0.3979
vn 0.5498 0.7548 0.3578
vn 0.4157 0.6818 0.6020
vn 0.3285 0.7057 0.6277
vn 0.2624 0.7651 0.5880
vn 0.4076 0.8755 0.2596
vn 0.5036 0.8465 -0.1729
vn -0.4658 0.8739 0.1389
vn -0.2983 0.9037 0.3071
vn -0.6431 0.7656 0.0138
vn -0.3156 0.9441 0.0955
vn -0.7156 0.6422 -0.2748
vn -0.4225 0.8861 -0.1908
vn -0.1854 0.9827 -0.0026
vn -0.0333 0.9935 0.1089
vn -0.0558 0.9580 0.2813
vn 0.2347 0.9667 -0.1020
vn 0.5980 0.7945 -0.1055
vn 0.1830 0.9826 0.0327
vn 0.6935 0.7168 0.0725
vn 0.2549 0.9633 0.0839
vn 0.6511 0.7590 0.0054
vn 0.9486 0.3044 0.0866
vn 0.9394 0.3414 0.0308
vn 0.7566 0.5803 -0.3014
vn -0.1464 0.9891 0.0158
vn -0.1414 0.9885 -0.0532
vn -0.0595 0.9830 0.1738
vn -0.1136 0.9902 0.0811
vn 0.1510 0.9032 0.4017
vn -0.0303 0.9500 0.3108
vn -0.0743 0.9581 0.2767
vn -0.1772 0.9820 -0.0647
vn -0.0000 0.9951 0.0985
vn 0.1392 0.9503 -0.2784
vn 0.4042 0.9102 0.0907
vn 0.2813 0.9587 -0.0427
vn 0.5957 0.6982 0.3971
vn 0.4656 0.8028 0.3725
vn 0.1619 0.9581 0.2362
vn 0.0213 0.9761 -0.2161
vn 0.0184 0.9020 -0.4314
vn 0.4419 0.8844 0.1502
vn 0.1621 0.9861 0.0372
vn -0.1081 0.9800 0.1671
vn -0.5790 0.7205 0.3816
vn -0.4222 0.8957 0.1397
vn -0.3260 0.9445 0.0410
vn 0.1851 0.9827 -0.0000
vn 0.5560 0.8312 -0.0053
vn 0.5755 0.8177 0.0137
vn -0.3192 0.9355 -0.1513
vn -0.2887 0.9567 0.0376
vn -0.0272 0.9894 -0.1430
vn 0.0800 0.9922 0.0961
vn 0.1808 0.9821 0.0522
vn 0.3190 0.9440 0.0843
vn 0.1737 0.9779 0.1167
vn 0.0423 0.9638 0.2633
vn -0.0774 0.9880 0.1338
vn -0.0071 0.9719 -0.2353
vn 0.3212 0.9395 -0.1189
vn 0.4842 0.7078 -0.5143
vn 0.6777 0.6713 -0.3001
vn 0.6228 0.1281 -0.7718
vn 0.8320 0.2836 -0.4767
vn 0.9682 0.1756 -0.1784
vn 0.7439 0.6576 -0.1190
vn 0.4099 0.9109 0.0482
vn -0.4768 0.8790 -0.0053
vn -0.4855 0.8740 0.0189
vn 0.0264 0.9996 0.0101
vn -0.0081 0.9996 0.0284
vn 0.5101 0.8600 0.0163
vn 0.5135 0.8577 0.0246
vn 0.5424 0.8388 0.0475
vn 0.0567 0.9965 0.0612
vn -0.4792 0.8749 0.0697
vn 0.1120 0.9865 -0.1192
vn -0.2539 0.9476 -0.1939
vn 0.1180 0.9927 -0.0267
vn -0.2314 0.9729 0.0024
vn 0.0488 0.9982 0.0360
vn -0.2420 0.9539 0.1775
vn -0.5996 0.7495 0.2806
vn -0.5968 0.8022 0.0195
vn -0.6366 0.7284 -0.2534
vn -0.2652 0.7766 0.5714
vn -0.0076 0.9369 0.3494
vn -0.3517 0.7809 0.5163
vn -0.1821 0.9488 0.2582
vn -0.3649 0.8250 0.4315
vn -0.3085 0.9419 0.1327
vn -0.1398 0.9579 -0.2508
vn 0.0500 0.9961 -0.0721
vn 0.2994 0.9536 0.0327
vn -0.2540 0.9476 -0.1939
vn 0.0487 0.9982 0.0360
vn -0.2419 0.9539 0.1778
vn -0.5996 0.7495 0.2807
vn -0.5968 0.8022 0.0194
vn -0.6366 0.7284 -0.2533
vn 0.4996 0.8568 -0.1278
vn 0.1487 0.9884 -0.0320
vn 0.5101 0.8531 -0.1095
vn 0.1748 0.9845 -0.0162
vn 0.5136 0.8549 -0.0734
vn 0.1248 0.9922 0.0022
vn -0.2208 0.9725 0.0744
vn -0.2017 0.9763 0.0787
vn -0.2108 0.9753 0.0662
vn 0.4779 0.8238 -0.3050
vn 0.1270 0.9009 -0.4151
vn 0.4801 0.8514 -0.2113
vn 0.1495 0.9621 -0.2281
vn 0.4146 0.8956 -0.1612
vn 0.1233 0.9910 -0.0526
vn -0.2835 0.9581 0.0401
vn -0.2554 0.9410 -0.2221
vn -0.3047 0.8260 -0.4742
vn -0.0702 0.9176 0.3913
vn 0.0889 0.8352 0.5426
vn -0.2596 0.9279 0.2677
vn 0.1004 0.9282 0.3582
vn -0.3665 0.9303 -0.0128
vn -0.0238 0.9960 0.0866
vn 0.2188 0.9419 0.2549
vn 0.3604 0.8655 0.3480
vn 0.3255 0.7979 0.5074
vn 0.1684 0.9809 -0.0975
vn 0.1449 0.9859 0.0834
vn 0.4272 0.9041 -0.0079
vn 0.4559 0.8570 0.2401
vn 0.5388 0.8128 0.2216
vn 0.6348 0.7181 0.2853
vn 0.5115 0.8126 0.2793
vn 0.3570 0.8566 0.3725
vn 0.3025 0.9247 0.2312
vn 0.0218 0.8585 -0.5123
vn 0.0465 0.9983 0.0360
vn 0.2192 0.8401 -0.4961
vn 0.2080 0.9775 0.0358
vn 0.4408 0.5809 -0.6843
vn 0.4067 0.9110 -0.0678
vn 0.4701 0.6614 0.5845
vn 0.1797 0.8438 0.5057
vn -0.1807 0.7596 0.6248
vn 0.4652 0.8850 0.0161
vn 0.0723 0.9935 0.0880
vn 0.4530 0.8895 0.0604
vn 0.0061 0.9994 0.0347
vn 0.4704 0.8795 0.0723
vn -0.0551 0.9902 0.1286
vn -0.6205 0.7320 0.2813
vn -0.4440 0.8822 0.1567
vn -0.1768 0.9556 0.2356
vn -0.2419 0.9539 0.1774
vn -0.3329 0.9217 -0.1992
vn -0.1398 0.9865 0.0854
vn 0.2658 0.9541 -0.1382
vn 0.3171 0.9377 0.1421
vn 0.7584 0.5934 -0.2696
vn 0.6864 0.7216 0.0909
vn 0.2800 0.9047 0.3212
vn -0.2039 0.9003 0.3846
vn -0.1516 0.6882 0.7095
vn -0.1179 0.9268 0.3565
vn 0.0282 0.7595 0.6499
vn -0.0344 0.9150 0.4019
vn 0.2071 0.7729 0.5998
vn 0.4368 0.4498 0.7790
vn 0.1822 0.4409 0.8789
vn -0.0642 0.2955 0.9532
vn 0.4541 0.8825 -0.1227
vn 0.1018 0.9762 -0.1913
vn 0.4632 0.8859 -0.0269
vn 0.1320 0.9912 0.0001
vn 0.3997 0.9159 0.0371
vn 0.1139 0.9782 0.1734
vn -0.2900 0.9165 0.2756
vn -0.2688 0.9630 0.0171
vn -0.3291 0.9113 -0.2474
vn -0.8240 0.5080 0.2509
vn -0.9191 0.3397 0.1998
vn -0.5977 0.7910 0.1308
vn -0.7554 0.6259 0.1942
vn -0.1563 0.9708 -0.1819
vn -0.2856 0.9564 0.0612
vn -0.3473 0.9241 0.1595
vn -0.7347 0.6235 0.2672
vn -0.9189 0.2745 0.2833
vn -0.3328 0.9217 -0.1991
vn -0.1397 0.9865 0.0854
vn 0.2652 0.9547 -0.1352
vn -0.1479 0.9494 0.2771
vn -0.2353 0.8848 -0.4022
vn 0.0333 0.9935 -0.1089
vn -0.1932 0.8900 -0.4129
vn 0.0267 0.9993 -0.0247
vn -0.1918 0.8790 -0.4365
vn 0.1374 0.9903 -0.0225
vn 0.5706 0.7312 0.3738
vn 0.3686 0.8822 0.2930
vn 0.2938 0.9556 0.0224
vn -0.3884 0.7637 0.5157
vn -0.3792 0.7517 0.5396
vn 0.0195 0.9644 0.2637
vn 0.0049 0.9546 0.2977
vn 0.4095 0.9105 -0.0565
vn 0.4173 0.9073 -0.0512
vn 0.4542 0.8892 -0.0547
vn 0.0774 0.9550 0.2864
vn -0.3447 0.7415 0.5756
vn 0.5124 0.8559 -0.0704
vn 0.1859 0.9788 0.0857
vn 0.4986 0.8394 -0.2164
vn 0.0099 0.9998 -0.0184
vn 0.4157 0.8791 -0.2332
vn 0.0793 0.9966 0.0216
vn -0.4094 0.8991 0.1547
vn -0.3519 0.9156 0.1945
vn 0.0285 0.9304 0.3654
vn 0.0026 0.9318 -0.3630
vn -0.2059 0.9747 -0.0868
vn 0.1375 0.9650 0.2231
vn -0.1065 0.9256 0.3631
vn 0.4491 0.6234 0.6401
vn 0.0817 0.7206 0.6885
vn -0.2061 0.5723 0.7937
vn -0.2882 0.8767 0.3852
vn -0.3862 0.9218 -0.0341
vn -0.2894 0.7817 -0.5524
vn -0.0574 0.9398 -0.3368
vn 0.3182 0.7679 -0.5559
vn 0.4025 0.8634 -0.3042
vn 0.7736 0.3037 -0.5562
vn 0.7515 0.5987 -0.2771
vn 0.7701 0.6358 0.0514
vn 0.3856 0.9153 -0.1165
vn -0.0438 0.9884 -0.1452
vn 0.0163 0.9815 -0.1907
vn 0.0623 0.9975 -0.0343
vn 0.4892 0.8575 -0.1591
vn 0.4921 0.8661 -0.0875
vn 0.4542 0.8892 0.0547
vn -0.0251 0.9879 0.1528
vn -0.3534 0.9136 0.2012
vn -0.2818 0.9592 -0.0222
vn -0.3696 0.9006 -0.2288
vn -0.2091 0.7997 -0.5629
vn -0.2289 0.8069 -0.5446
vn 0.2391 0.9188 -0.3140
vn 0.1982 0.9256 -0.3226
vn 0.6118 0.7910 0.0055
vn 0.6084 0.7935 0.0111
vn 0.6172 0.7852 0.0512
vn 0.2350 0.9373 -0.2574
vn -0.2471 0.8278 -0.5036
vn -0.1565 0.9785 0.1342
vn -0.4498 0.5464 0.7065
vn 0.5382 0.3352 0.7733
vn 0.6473 0.7519 0.1253
vn 0.5953 0.7489 0.2912
vn 0.6355 0.5510 0.5409
vn 0.3651 0.8069 0.4643
vn 0.2104 0.9134 0.3485
vn 0.5825 0.1629 0.7963
vn 0.7411 0.4117 0.5303
vn 0.1856 0.9600 -0.2095
vn -0.2754 0.9002 -0.3373
vn -0.0765 0.9960 -0.0460
vn 0.1000 0.9742 0.2023
vn 0.1131 0.9803 0.1621
vn 0.0732 0.9865 0.1462
vn -0.1131 0.9544 -0.2761
vn -0.2036 0.5953 -0.7772
vn 0.1482 0.7230 -0.6747
vn 0.2621 0.9498 0.1707
vn 0.3164 0.9384 0.1392
vn 0.7584 0.5934 -0.2698
vn 0.6867 0.6038 0.4047
vn 0.2769 0.9046 0.3241
vn 0.1699 0.9175 -0.3596
vn 0.1958 0.9788 -0.0604
vn -0.0536 0.9941 -0.0939
vn -0.1131 0.9932 -0.0265
vn -0.1697 0.9653 -0.1983
vn 0.1329 0.9865 -0.0956
vn 0.4855 0.8679 -0.1055
vn 0.5332 0.8029 -0.2666
vn 0.8423 0.4926 -0.2190
vn 0.7857 0.6180 0.0252
vn 0.1113 0.9875 -0.1112
vn 0.2064 0.8647 -0.4578
vn 0.0174 0.9941 -0.1073
vn -0.2621 0.5773 -0.7733
vn 0.2820 0.5547 -0.7828
vn -0.3681 0.8251 -0.4285
vn -0.2271 0.9632 -0.1436
vn -0.0343 0.9973 -0.0644
vn 0.4042 0.8856 0.2288
vn 0.7015 0.5378 0.4676
vn -0.0569 0.9981 -0.0232
vn 0.0893 0.8242 -0.5593
vn 0.1164 0.9521 -0.2829
vn 0.1493 0.9881 0.0368
vn 0.1435 0.9883 0.0509
vn 0.1162 0.9637 -0.2403
vn 0.4787 0.6930 -0.5391
vn 0.8137 0.3166 -0.4876
vn 0.5397 0.6873 -0.4862
vn 0.4013 0.8933 -0.2021
vn 0.1635 0.9812 0.1025
vn 0.0539 0.9728 0.2254
vn 0.4870 0.8721 -0.0468
vn 0.4921 0.8701 0.0272
vn -0.3125 0.9401 0.1359
vn -0.2830 0.9537 0.1022
vn -0.5615 0.8271 -0.0249
vn -0.8094 0.5365 -0.2387
vn -0.4345 0.6517 -0.6217
vn 0.4158 0.6818 0.6019
vn 0.5037 0.8464 -0.1729
vn -0.4662 0.8737 0.1390
vn -0.2982 0.9037 0.3071
vn -0.6431 0.7656 0.0139
vn -0.3156 0.9441 0.0954
vn -0.7157 0.6422 -0.2747
vn -0.4225 0.8861 -0.1906
vn 0.2347 0.9667 -0.1019
vn 0.1829 0.9826 0.0328
vn 0.6935 0.7168 0.0726
vn 0.6510 0.7590 0.0055
vn 0.9487 0.3040 0.0865
vn 0.7566 0.5803 -0.3013
vn -0.1465 0.9891 0.0157
vn -0.1413 0.9885 -0.0532
vn -0.1137 0.9902 0.0812
vn 0.1510 0.9032 0.4018
vn -0.1399 0.9865 0.0855
vn -0.0000 0.9952 0.0983
vn 0.4043 0.9101 0.0908
vn 0.5956 0.6983 0.3971
vn 0.4420 0.8843 0.1502
vn 0.1622 0.9861 0.0372
vn 0.5560 0.8312 -0.0054
vn -0.2887 0.9567 0.0377
vn 0.0800 0.9922 0.0960
vn 0.1807 0.9821 0.0524
vn 0.3213 0.9395 -0.1188
vn 0.4842 0.7079 -0.5143
vn 0.9681 0.1759 -0.1786
vn 0.5101 0.8599 0.0163
vn 0.5134 0.8578 0.0246
vn 0.5425 0.8387 0.0475
vn -0.1822 0.9487 0.2583
vn 0.0505 0.9961 -0.0723
vn 0.2994 0.9536 0.0328
vn -0.2314 0.9729 0.0023
vn -0.6366 0.7285 -0.2533
vn 0.1488 0.9884 -0.0319
vn 0.5136 0.8549 -0.0735
vn -0.2108 0.9753 0.0663
vn 0.1271 0.9008 -0.4151
vn 0.1233 0.9910 -0.0525
vn -0.2834 0.9582 0.0401
vn -0.2553 0.9410 -0.2220
vn -0.0701 0.9176 0.3914
vn 0.0890 0.8353 0.5426
vn -0.2595 0.9279 0.2676
vn -0.0234 0.9960 0.0866
vn 0.3255 0.7978 0.5074
vn 0.1683 0.9809 -0.0977
vn 0.5115 0.8127 0.2792
vn 0.3569 0.8567 0.3725
vn 0.3025 0.9247 0.2311
vn 0.0218 0.8585 -0.5124
vn 0.0464 0.9983 0.0358
vn 0.4701 0.6615 0.5843
vn -0.1806 0.7595 0.6249
vn 0.4704 0.8795 0.0722
vn -0.0556 0.9901 0.1287
vn -0.1769 0.9556 0.2356
vn 0.6868 0.6038 0.4048
vn 0.2799 0.9047 0.3212
vn -0.1479 0.9494 0.2769
vn -0.2039 0.9002 0.3847
vn -0.0344 0.9150 0.4020
vn 0.4369 0.4498 0.7790
vn -0.0640 0.2954 0.9532
vn 0.3997 0.9159 0.0370
vn -0.2689 0.9630 0.0171
vn -0.7553 0.6259 0.1942
vn -0.1562 0.9708 -0.1819
vn -0.2857 0.9564 0.0612
vn -0.3470 0.9241 0.1599
vn -0.9189 0.2745 0.2832
vn 0.6851 0.7232 0.0878
vn 0.0267 0.9993 -0.0246
vn 0.3687 0.8822 0.2930
vn 0.2938 0.9556 0.0225
vn 0.0194 0.9644 0.2637
vn 0.4542 0.8892 -0.0549
vn -0.3448 0.7415 0.5756
vn 0.5124 0.8559 -0.0705
vn 0.0100 0.9998 -0.0182
vn -0.3518 0.9156 0.1945
vn 0.0285 0.9304 0.3655
vn 0.0025 0.9317 -0.3631
vn 0.1374 0.9650 0.2232
vn -0.2061 0.5722 0.7938
vn -0.3865 0.9216 -0.0340
vn 0.3181 0.7680 -0.5559
vn 0.7700 0.6359 0.0514
vn 0.3856 0.9153 -0.1164
vn -0.0438 0.9884 -0.1451
vn 0.0163 0.9815 -0.1908
vn 0.0622 0.9975 -0.0343
vn 0.4923 0.8660 -0.0877
vn -0.2818 0.9592 -0.0223
vn -0.2091 0.7997 -0.5628
vn 0.6086 0.7934 0.0111
vn 0.6173 0.7851 0.0512
vn -0.7464 0.5607 0.3585
vn -0.1279 0.9609 0.2454
vn 0.4885 0.8512 0.1919
vn 0.1857 0.9600 -0.2094
vn 0.5825 0.1629 0.7964
vn 0.5382 0.3351 0.7733
vn 0.7411 0.4118 0.5303
vn -0.0347 0.9857 -0.1648
vn 0.1680 0.9812 -0.0950
vn 0.4598 0.6040 -0.6510
vn -0.0651 0.9978 0.0106
vn -0.1130 0.9932 -0.0267
vn -0.1696 0.9654 -0.1983
vn -0.0071 0.9719 -0.2352
vn 0.8423 0.4925 -0.2190
vn 0.7309 0.6117 0.3027
vn 0.0176 0.9941 -0.1073
vn 0.2821 0.5547 -0.7828
vn -0.0604 0.9788 -0.1957
vn 0.2068 0.9700 0.1276
vn -0.2439 0.8894 0.3866
vn 0.4041 0.8856 0.2288
vn -0.0568 0.9981 -0.0231
vn 0.1325 0.9544 -0.2676
vn 0.8803 0.3370 -0.3339
vn 0.0812 0.8789 -0.4701
vn -0.2757 0.9383 -0.2088
vn 0.2874 0.9553 0.0695
vn 0.0562 0.9935 -0.0989
vn 0.0766 0.9900 0.1182
vn 0.3285 0.7058 0.6277
vn 0.2624 0.7650 0.5881
vn 0.2549 0.9633 0.0840
vn 0.6511 0.7590 0.0055
vn 0.9488 0.3040 0.0864
vn -0.0744 0.9581 0.2766
vn 0.1389 0.9503 -0.2785
vn 0.4041 0.9102 0.0907
vn 0.5954 0.6985 0.3970
vn 0.4421 0.8843 0.1503
vn -0.4222 0.8957 0.1396
vn -0.0272 0.9894 -0.1429
vn 0.0423 0.9638 0.2632
vn 0.6228 0.1281 -0.7719
vn 0.8320 0.2836 -0.4768
vn 0.9681 0.1759 -0.1785
vn -0.0081 0.9996 0.0283
vn 0.0568 0.9965 0.0613
vn -0.1397 0.9578 -0.2511
vn 0.0503 0.9961 -0.0722
vn 0.1119 0.9865 -0.1192
vn -0.2418 0.9540 0.1773
vn 0.1494 0.9621 -0.2281
vn 0.0889 0.8353 0.5426
vn -0.2591 0.9280 0.2676
vn -0.0235 0.9960 0.0867
vn 0.3604 0.8654 0.3480
vn 0.1684 0.9809 -0.0976
vn 0.1449 0.9859 0.0833
vn 0.4271 0.9042 -0.0079
vn 0.5388 0.8127 0.2219
vn 0.5115 0.8126 0.2792
vn 0.0465 0.9983 0.0359
vn 0.2079 0.9775 0.0359
vn 0.4407 0.5809 -0.6844
vn 0.4067 0.9111 -0.0678
vn -0.1807 0.7595 0.6249
vn -0.0553 0.9901 0.1287
vn -0.6203 0.7322 0.2814
vn 0.2658 0.9541 -0.1381
vn -0.1516 0.6883 0.7095
vn -0.1180 0.9268 0.3565
vn 0.4373 0.4497 0.7788
vn -0.0645 0.2955 0.9532
vn 0.4540 0.8825 -0.1226
vn 0.4631 0.8859 -0.0270
vn 0.1319 0.9913 -0.0000
vn -0.3290 0.9113 -0.2475
vn -0.8240 0.5080 0.2510
vn -0.5976 0.7911 0.1307
vn -0.3473 0.9241 0.1596
vn -0.7347 0.6236 0.2672
vn 0.0334 0.9935 -0.1088
vn -0.1932 0.8901 -0.4129
vn 0.5706 0.7313 0.3737
vn 0.2937 0.9556 0.0224
vn 0.4541 0.8893 -0.0544
vn 0.1860 0.9788 0.0856
vn 0.0100 0.9998 -0.0183
vn 0.0793 0.9966 0.0217
vn 0.1373 0.9650 0.2233
vn 0.4491 0.6233 0.6401
vn -0.3861 0.9218 -0.0341
vn -0.2892 0.7816 -0.5527
vn 0.7699 0.6361 0.0513
vn 0.0621 0.9975 -0.0342
vn 0.6172 0.7852 0.0511
vn -0.7464 0.5607 0.3584
vn -0.5511 0.6324 0.5444
vn -0.1565 0.9785 0.1341
vn -0.4498 0.5464 0.7064
vn 0.6474 0.7518 0.1253
vn 0.3732 0.8167 0.4402
vn 0.7413 0.4115 0.5301
vn 0.3431 0.9381 -0.0468
vn 0.5822 0.1629 0.7965
vn 0.6541 0.6409 0.4018
vn 0.6355 0.5510 0.5408
vn 0.2103 0.9134 0.3485
vn -0.1567 0.9812 0.1125
vn 0.5331 0.8029 -0.2666
vn 0.8423 0.4926 -0.2189
vn 0.7309 0.6118 0.3027
vn -0.2619 0.5776 -0.7732
vn 0.6989 0.5349 0.4748
vn 0.0893 0.8239 -0.5597
vn 0.1163 0.9637 -0.2403
vn 0.0624 0.8295 -0.5550
vn 0.0813 0.8789 -0.4701
vn -0.2224 0.9749 0.0119
vn 0.2875 0.9553 0.0694
vn 0.4557 0.8731 0.1733
vn -0.4234 0.8877 -0.1811
vn -0.1904 0.9749 0.1153
vn 0.7041 0.7097 -0.0253
vn 0.5498 0.7548 0.3579
vn 0.2549 0.9633 0.0841
vn -0.0743 0.9581 0.2766
vn 0.1393 0.9503 -0.2784
vn 0.5559 0.8312 -0.0055
vn 0.1737 0.9779 0.1168
vn -0.4856 0.8740 0.0189
vn -0.4793 0.8749 0.0696
vn -0.0076 0.9369 0.3495
vn -0.1399 0.9579 -0.2506
vn -0.2419 0.9540 0.1774
vn 0.5135 0.8549 -0.0734
vn 0.1249 0.9922 0.0022
vn 0.1271 0.9009 -0.4151
vn 0.1496 0.9621 -0.2281
vn -0.2592 0.9280 0.2676
vn 0.1004 0.9282 0.3583
vn 0.5388 0.8128 0.2217
vn 0.4701 0.6614 0.5844
vn 0.1800 0.8437 0.5057
vn 0.0723 0.9935 0.0881
vn 0.4530 0.8895 0.0603
vn 0.0281 0.7596 0.6498
vn -0.3289 0.9113 -0.2475
vn -0.3470 0.9241 0.1600
vn 0.1373 0.9903 -0.0225
vn 0.5706 0.7313 0.3738
vn 0.4095 0.9105 -0.0566
vn 0.4173 0.9073 -0.0511
vn 0.4156 0.8791 -0.2332
vn -0.4094 0.8992 0.1547
vn -0.0574 0.9398 -0.3369
vn 0.0622 0.9975 -0.0342
vn -0.0251 0.9879 0.1529
vn 0.6085 0.7935 0.0111
vt 0.965645 0.896892
vt 0.953905 0.744757
vt 1.001600 0.689479
vt 0.970782 0.420918
vt 0.954639 0.520956
vt 0.905231 0.465923
vt 0.786849 0.471304
vt 0.821092 0.413825
vt 0.897404 0.591643
vt 0.388655 0.889799
vt 0.338758 0.802235
vt 0.313321 0.815688
vt 0.302314 0.759921
vt 0.257799 0.758209
vt 0.272474 0.691191
vt 0.251440 0.695594
vt 0.242634 0.622461
vt 0.228203 0.626619
vt 0.534676 0.997908
vt 0.387188 0.900316
vt 0.394281 0.869743
vt 0.541280 0.993261
vt 0.528072 1.002800
vt 0.467169 0.939206
vt 0.461543 0.963176
vt 0.363462 0.879771
vt 0.375203 0.844794
vt 0.235297 0.624418
vt 0.491139 0.981521
vt 0.498966 0.963665
vt 0.456651 0.934314
vt 0.452982 0.969291
vt 0.261957 0.693392
vt 0.443688 0.934804
vt 0.338514 0.847729
vt 0.357103 0.823515
vt 0.266115 0.761878
vt 0.287394 0.725678
vt 0.671402 0.005603
vt 0.828185 0.005603
vt 0.671402 0.154314
vt 0.825739 0.156515
vt 0.671402 0.303025
vt 0.828185 0.303025
vt 0.985457 0.303025
vt 0.985457 0.154314
vt 0.985457 0.005603
vt 0.017855 0.778510
vt 0.017855 0.640805
vt 0.174883 0.778510
vt 0.192738 0.630533
vt 0.331910 0.778510
vt 0.331910 0.640805
vt 0.319191 0.510683
vt 0.174883 0.503101
vt 0.017855 0.503101
vt 0.052832 0.286393
vt 0.192982 0.286393
vt 0.052832 0.383985
vt 0.195917 0.386186
vt 0.052832 0.481821
vt 0.192982 0.481821
vt 0.333622 0.481821
vt 0.333622 0.383985
vt 0.333622 0.286393
vt 0.301336 1.000109
vt 0.301336 0.843816
vt 0.464234 1.000109
vt 0.491139 0.878303
vt 0.627131 1.000109
vt 0.627131 0.843816
vt 0.627131 0.687522
vt 0.464234 0.687522
vt 0.301336 0.687522
vt 0.319925 0.671379
vt 0.319925 0.546638
vt 0.464234 0.671379
vt 0.480621 0.537343
vt 0.608298 0.671379
vt 0.608298 0.546638
vt 0.583594 0.449535
vt 0.464234 0.416026
vt 0.326774 0.429479
vt 0.009294 0.262178
vt 0.009294 0.132545
vt 0.143819 0.262178
vt 0.141618 0.134502
vt 0.278100 0.262178
vt 0.278100 0.132545
vt 0.278100 0.002912
vt 0.143819 0.002912
vt 0.009294 0.002912
vt 0.000000 0.795631
vt 0.116670 0.795631
vt 0.000000 0.897870
vt 0.129878 0.890288
vt 0.000000 1.000109
vt 0.116670 1.000109
vt 0.233095 1.000109
vt 0.233095 0.897870
vt 0.233095 0.795631
vt 0.329219 0.288594
vt 0.329219 0.148444
vt 0.475240 0.291285
vt 0.465701 0.150400
vt 0.609765 0.288594
vt 0.609765 0.148444
vt 0.609765 0.010005
vt 0.475240 0.012940
vt 0.329219 0.010005
vt 0.546905 0.367353
vt 0.728392 0.398905
vt 0.554488 0.453449
vt 0.716407 0.503345
vt 0.884196 0.473261
vt 0.911101 0.388877
vt 0.908411 0.288105
vt 0.728392 0.288105
vt 0.561581 0.273430
vt 0.737931 0.509949
vt 0.872456 0.480109
vt 0.741844 0.586995
vt 0.879549 0.580147
vt 0.769239 0.673581
vt 0.865118 0.707579
vt 0.996708 0.712715
vt 0.996708 0.585283
vt 0.984723 0.486468
vt 0.660640 0.992772
vt 0.660640 0.846996
vt 0.819869 0.992772
vt 0.837969 0.835989
vt 0.979098 0.992772
vt 0.979098 0.846996
vt 0.979098 0.701219
vt 0.819869 0.701219
vt 0.683876 0.615368
vt 0.052848 0.286282
vt 0.193128 0.286282
vt 0.052848 0.384185
vt 0.195807 0.386133
vt 0.052848 0.481845
vt 0.193128 0.481845
vt 0.333408 0.481845
vt 0.333408 0.384185
vt 0.333408 0.286282
vt 0.301260 1.000100
vt 0.301260 0.843747
vt 0.464189 1.000100
vt 0.490978 0.878330
vt 0.627118 1.000100
vt 0.627118 0.843747
vt 0.627118 0.687393
vt 0.464189 0.687393
vt 0.301260 0.687393
vt 0.320013 0.671320
vt 0.320013 0.546627
vt 0.464189 0.671320
vt 0.480506 0.537372
vt 0.608365 0.671320
vt 0.608365 0.546627
vt 0.583768 0.449454
vt 0.464189 0.416089
vt 0.326832 0.429484
vt 0.017778 0.778721
vt 0.017778 0.640877
vt 0.175106 0.778721
vt 0.192884 0.630405
vt 0.331946 0.778721
vt 0.331946 0.640877
vt 0.319039 0.510826
vt 0.175106 0.503033
vt 0.017778 0.503033
vt 0.009255 0.262415
vt 0.009255 0.132607
vt 0.143689 0.262415
vt 0.141497 0.134556
vt 0.278124 0.262415
vt 0.278124 0.132607
vt 0.278124 0.002800
vt 0.143689 0.002800
vt 0.009255 0.002800
vt 0.000000 0.795526
vt 0.116656 0.795526
vt 0.000000 0.897813
vt 0.129807 0.890263
vt 0.000000 1.000100
vt 0.116656 1.000100
vt 0.233312 1.000100
vt 0.233312 0.897813
vt 0.233312 0.795526
vt 0.329024 0.288473
vt 0.329024 0.148437
vt 0.475392 0.291396
vt 0.465894 0.150386
vt 0.609826 0.288473
vt 0.609826 0.148437
vt 0.609826 0.010106
vt 0.475392 0.012785
vt 0.329024 0.010106
vt 0.546749 0.367381
vt 0.728431 0.398798
vt 0.554543 0.453351
vt 0.716497 0.503277
vt 0.884297 0.473321
vt 0.911087 0.388812
vt 0.908408 0.287986
vt 0.728431 0.287986
vt 0.561605 0.273374
vt 0.671199 0.005479
vt 0.828283 0.005479
vt 0.671199 0.154282
vt 0.825847 0.156474
vt 0.671199 0.303086
vt 0.828283 0.303086
vt 0.985367 0.303086
vt 0.985367 0.154282
vt 0.985367 0.005479
vt 0.737929 0.509852
vt 0.872607 0.480140
vt 0.741826 0.587055
vt 0.879426 0.580235
vt 0.769102 0.673755
vt 0.865301 0.707607
vt 0.996813 0.712478
vt 0.996813 0.585350
vt 0.984636 0.486472
vt 0.660483 0.992794
vt 0.660483 0.846913
vt 0.820002 0.992794
vt 0.838024 0.835953
vt 0.979278 0.992794
vt 0.979278 0.846913
vt 0.979278 0.701032
vt 0.820002 0.701032
vt 0.683863 0.615305
s 1
usemtl Flowers.001
f 1/1/1 2/2/2 3/3/3
f 4/4/4 5/5/5 6/6/6
f 7/7/7 8/8/8 9/9/9
f 8/8/8 6/6/6 9/9/9
f 6/6/6 5/5/5 9/9/9
f 5/5/5 3/3/3 9/9/9
f 3/3/3 2/2/2 9/9/9
f 10/10/10 11/11/11 12/12/12
f 11/11/11 13/13/13 12/12/12
f 12/12/12 13/13/13 14/14/14
f 13/13/13 15/15/15 14/14/14
f 14/14/14 15/15/15 16/16/16
f 15/15/15 17/17/17 16/16/16
f 17/17/17 18/18/18 16/16/16
f 19/18/19 20/17/20 21/16/21
f 22/19/22 23/20/23 24/21/24
f 24/21/24 23/20/23 25/11/25
f 23/20/23 26/12/26 25/11/25
f 26/12/26 27/14/27 25/11/25
f 25/11/25 27/14/27 28/13/28
f 28/13/28 27/14/27 29/15/29
f 27/14/27 21/16/21 29/15/29
f 21/16/21 20/17/20 29/15/29
f 30/22/30 31/23/31 32/24/32
f 31/23/31 33/25/33 32/24/32
f 33/25/33 34/26/34 32/24/32
f 32/24/32 34/26/34 35/27/35
f 34/26/34 36/12/36 35/27/35
f 35/27/35 36/12/36 37/11/37
f 38/28/38 37/11/37 39/14/39
f 37/11/37 36/12/36 39/14/39
f 40/23/40 41/29/41 42/22/42
f 42/22/42 41/29/41 43/30/43
f 43/30/43 41/29/41 44/31/44
f 41/29/41 45/32/45 44/31/44
f 45/32/45 46/26/46 44/31/44
f 44/31/44 46/26/46 47/27/47
f 46/26/46 48/14/48 47/27/47
f 48/14/48 49/33/49 47/27/47
f 50/34/50 51/35/51 52/36/52
f 51/35/51 53/37/53 52/36/52
f 52/36/52 53/37/53 54/38/54
f 55/17/55 54/38/54 56/18/56
f 54/38/54 53/37/53 56/18/56
f 57/39/57 58/40/58 59/41/59
f 58/40/58 60/42/60 59/41/59
f 61/43/61 59/41/59 62/44/62
f 59/41/59 60/42/60 62/44/62
f 63/45/63 62/44/62 64/46/64
f 62/44/62 60/42/60 64/46/64
f 60/42/60 58/40/58 64/46/64
f 64/46/64 58/40/58 65/47/65
f 66/48/66 67/49/67 68/50/68
f 67/49/67 69/51/69 68/50/68
f 70/52/70 68/50/68 71/53/71
f 68/50/68 69/51/69 71/53/71
f 72/54/72 71/53/71 73/55/73
f 71/53/71 69/51/69 73/55/73
f 69/51/69 67/49/67 73/55/73
f 67/49/67 74/56/74 73/55/73
f 75/48/75 76/49/76 77/50/77
f 76/49/76 78/51/78 77/50/77
f 79/52/79 77/50/77 80/53/80
f 77/50/77 78/51/78 80/53/80
f 80/53/80 78/51/78 81/54/81
f 81/54/81 78/51/78 82/55/82
f 78/51/78 76/49/76 82/55/82
f 76/49/76 83/56/83 82/55/82
f 84/48/84 85/49/85 86/50/86
f 85/49/85 87/51/87 86/50/86
f 88/52/88 86/50/86 89/53/89
f 86/50/86 87/51/87 89/53/89
f 90/54/90 89/53/89 91/55/91
f 89/53/89 87/51/87 91/55/91
f 87/51/87 85/49/85 91/55/91
f 85/49/85 92/56/92 91/55/91
f 93/57/93 94/58/94 95/59/95
f 94/58/94 96/60/96 95/59/95
f 97/61/97 95/59/95 98/62/98
f 95/59/95 96/60/96 98/62/98
f 99/63/99 98/62/98 100/64/100
f 98/62/98 96/60/96 100/64/100
f 100/64/100 96/60/96 101/65/101
f 96/60/96 94/58/94 101/65/101
f 102/66/102 103/67/103 104/68/104
f 103/67/103 105/69/105 104/68/104
f 104/68/104 105/69/105 106/70/106
f 106/70/106 105/69/105 107/71/107
f 107/71/107 105/69/105 108/72/108
f 108/72/108 105/69/105 109/73/109
f 105/69/105 103/67/103 109/73/109
f 103/67/103 110/74/110 109/73/109
f 111/66/111 112/67/112 113/68/113
f 112/67/112 114/69/114 113/68/113
f 113/68/113 114/69/114 115/70/115
f 115/70/115 114/69/114 116/71/116
f 116/71/116 114/69/114 117/72/117
f 117/72/117 114/69/114 118/73/118
f 114/69/114 112/67/112 118/73/118
f 112/67/112 119/74/119 118/73/118
f 120/66/120 121/67/121 122/68/122
f 121/67/121 123/69/123 122/68/122
f 122/68/122 123/69/123 124/70/124
f 124/70/124 123/69/123 125/71/125
f 125/71/125 123/69/123 126/72/126
f 126/72/126 123/69/123 127/73/127
f 123/69/123 121/67/121 127/73/127
f 121/67/121 128/74/128 127/73/127
f 129/66/120 130/67/121 131/68/122
f 130/67/121 132/69/123 131/68/122
f 131/68/122 132/69/123 133/70/129
f 133/70/129 132/69/123 134/71/125
f 134/71/125 132/69/123 135/72/126
f 135/72/126 132/69/123 136/73/127
f 132/69/123 130/67/121 136/73/127
f 130/67/121 137/74/130 136/73/127
f 138/66/131 139/67/112 140/68/113
f 139/67/112 141/69/114 140/68/113
f 140/68/113 141/69/114 142/70/132
f 142/70/132 141/69/114 143/71/116
f 143/71/116 141/69/114 144/72/117
f 144/72/117 141/69/114 145/73/133
f 141/69/114 139/67/112 145/73/133
f 139/67/112 146/74/134 145/73/133
f 147/75/135 148/76/136 149/77/137
f 148/76/136 150/78/138 149/77/137
f 149/77/137 150/78/138 151/79/139
f 151/79/139 150/78/138 152/80/140
f 152/80/140 150/78/138 153/81/141
f 153/81/141 150/78/138 154/82/142
f 150/78/138 148/76/136 154/82/142
f 148/76/136 155/83/143 154/82/142
f 156/48/144 157/49/145 158/50/146
f 157/49/145 159/51/147 158/50/146
f 160/52/148 158/50/146 161/53/149
f 158/50/146 159/51/147 161/53/149
f 162/54/150 161/53/149 163/55/151
f 161/53/149 159/51/147 163/55/151
f 159/51/147 157/49/145 163/55/151
f 157/49/145 164/56/152 163/55/151
f 165/48/153 166/49/154 167/50/155
f 166/49/154 168/51/156 167/50/155
f 169/52/157 167/50/155 170/53/158
f 167/50/155 168/51/156 170/53/158
f 171/54/159 170/53/158 172/55/160
f 170/53/158 168/51/156 172/55/160
f 168/51/156 166/49/154 172/55/160
f 166/49/154 173/56/161 172/55/160
f 174/84/162 175/85/163 176/86/164
f 175/85/163 177/87/165 176/86/164
f 178/88/166 176/86/164 179/89/167
f 176/86/164 177/87/165 179/89/167
f 180/90/168 179/89/167 181/91/169
f 179/89/167 177/87/165 181/91/169
f 177/87/165 175/85/163 181/91/169
f 175/85/163 182/92/170 181/91/169
f 183/61/171 184/59/172 185/62/173
f 184/59/172 186/60/174 185/62/173
f 187/63/175 185/62/173 188/64/176
f 185/62/173 186/60/174 188/64/176
f 189/65/177 188/64/176 190/58/178
f 188/64/176 186/60/174 190/58/178
f 186/60/174 184/59/172 190/58/178
f 184/59/172 191/57/179 190/58/178
f 192/61/180 193/59/181 194/62/182
f 193/59/181 195/60/183 194/62/182
f 196/63/184 194/62/182 197/64/185
f 194/62/182 195/60/183 197/64/185
f 198/65/186 197/64/185 199/58/187
f 197/64/185 195/60/183 199/58/187
f 195/60/183 193/59/181 199/58/187
f 193/59/181 200/57/188 199/58/187
f 201/61/189 202/59/190 203/62/191
f 202/59/190 204/60/192 203/62/191
f 205/63/193 203/62/191 206/64/194
f 203/62/191 204/60/192 206/64/194
f 207/65/195 206/64/194 208/58/196
f 206/64/194 204/60/192 208/58/196
f 204/60/192 202/59/190 208/58/196
f 202/59/190 209/57/197 208/58/196
f 210/93/198 211/94/199 212/95/200
f 211/94/199 213/96/201 212/95/200
f 214/97/202 212/95/200 215/98/203
f 212/95/200 213/96/201 215/98/203
f 216/99/204 215/98/203 217/100/205
f 215/98/203 213/96/201 217/100/205
f 217/100/205 213/96/201 218/101/206
f 213/96/201 211/94/199 218/101/206
f 219/93/207 220/94/208 221/95/209
f 220/94/208 222/96/210 221/95/209
f 223/97/211 221/95/209 224/98/212
f 221/95/209 222/96/210 224/98/212
f 224/98/212 222/96/210 225/99/213
f 225/99/213 222/96/210 226/100/214
f 226/100/214 222/96/210 227/101/215
f 222/96/210 220/94/208 227/101/215
f 228/75/216 229/76/217 230/77/218
f 229/76/217 231/78/219 230/77/218
f 230/77/218 231/78/219 232/79/220
f 232/79/220 231/78/219 233/80/221
f 233/80/221 231/78/219 234/81/222
f 234/81/222 231/78/219 235/82/223
f 235/82/223 231/78/219 236/83/224
f 231/78/219 229/76/217 236/83/224
f 237/102/225 238/103/226 239/104/227
f 238/103/226 240/105/228 239/104/227
f 241/106/229 239/104/227 242/107/230
f 239/104/227 240/105/228 242/107/230
f 243/108/231 242/107/230 244/109/232
f 242/107/230 240/105/228 244/109/232
f 240/105/228 238/103/226 244/109/232
f 238/103/226 245/110/233 244/109/232
f 246/111/234 247/112/235 248/113/236
f 248/113/236 247/112/235 249/114/237
f 249/114/237 247/112/235 250/115/238
f 250/115/238 247/112/235 251/116/239
f 252/117/240 251/116/239 253/118/241
f 251/116/239 247/112/235 253/118/241
f 247/112/235 246/111/234 253/118/241
f 246/111/234 254/119/242 253/118/241
f 255/61/243 256/59/244 257/62/245
f 256/59/244 258/60/246 257/62/245
f 259/63/247 257/62/245 260/64/248
f 257/62/245 258/60/246 260/64/248
f 261/65/249 260/64/248 262/58/250
f 260/64/248 258/60/246 262/58/250
f 258/60/246 256/59/244 262/58/250
f 256/59/244 263/57/251 262/58/250
f 264/65/252 265/58/253 266/64/254
f 265/58/253 267/60/255 266/64/254
f 268/63/256 266/64/254 269/62/257
f 266/64/254 267/60/255 269/62/257
f 269/62/257 267/60/255 270/61/258
f 270/61/258 267/60/255 271/59/259
f 267/60/255 265/58/253 271/59/259
f 265/58/253 272/57/260 271/59/259
f 273/39/261 274/40/262 275/41/263
f 274/40/262 276/42/264 275/41/263
f 277/43/265 275/41/263 278/44/266
f 275/41/263 276/42/264 278/44/266
f 279/45/267 278/44/266 280/46/268
f 278/44/266 276/42/264 280/46/268
f 276/42/264 274/40/262 280/46/268
f 280/46/268 274/40/262 281/47/269
f 282/75/270 283/76/271 284/77/272
f 283/76/271 285/78/273 284/77/272
f 284/77/272 285/78/273 286/79/274
f 286/79/274 285/78/273 287/80/275
f 287/80/275 285/78/273 288/81/276
f 288/81/276 285/78/273 289/82/277
f 289/82/277 285/78/273 290/83/278
f 285/78/273 283/76/271 290/83/278
f 291/120/279 292/121/280 293/122/281
f 292/121/280 294/123/282 293/122/281
f 295/124/283 293/122/281 296/125/284
f 293/122/281 294/123/282 296/125/284
f 296/125/284 294/123/282 297/126/285
f 297/126/285 294/123/282 298/127/286
f 294/123/282 292/121/280 298/127/286
f 298/127/286 292/121/280 299/128/287
f 300/74/288 301/73/289 302/67/290
f 301/73/289 303/69/291 302/67/290
f 304/66/292 302/67/290 305/68/293
f 302/67/290 303/69/291 305/68/293
f 305/68/293 303/69/291 306/70/294
f 306/70/294 303/69/291 307/71/295
f 307/71/295 303/69/291 308/72/296
f 303/69/291 301/73/289 308/72/296
f 309/120/297 310/123/298 311/122/299
f 312/124/300 311/122/299 313/125/301
f 311/122/299 310/123/298 313/125/301
f 313/125/301 310/123/298 314/126/302
f 314/126/302 310/123/298 315/127/303
f 316/128/304 315/127/303 317/121/305
f 315/127/303 310/123/298 317/121/305
f 310/123/298 309/120/297 317/121/305
f 318/48/306 319/49/307 320/50/308
f 319/49/307 321/51/309 320/50/308
f 322/52/310 320/50/308 323/53/311
f 320/50/308 321/51/309 323/53/311
f 324/54/312 323/53/311 325/55/313
f 323/53/311 321/51/309 325/55/313
f 321/51/309 319/49/307 325/55/313
f 319/49/307 326/56/314 325/55/313
f 327/93/315 328/94/316 329/95/317
f 328/94/316 330/96/318 329/95/317
f 331/97/319 329/95/317 332/98/320
f 329/95/317 330/96/318 332/98/320
f 333/99/321 332/98/320 334/100/322
f 332/98/320 330/96/318 334/100/322
f 334/100/322 330/96/318 335/101/323
f 330/96/318 328/94/316 335/101/323
f 336/61/324 337/59/325 338/62/326
f 337/59/325 339/60/327 338/62/326
f 340/63/328 338/62/326 341/64/329
f 338/62/326 339/60/327 341/64/329
f 342/65/330 341/64/329 343/58/331
f 341/64/329 339/60/327 343/58/331
f 339/60/327 337/59/325 343/58/331
f 337/59/325 344/57/332 343/58/331
f 345/61/333 346/59/334 347/62/335
f 346/59/334 348/60/336 347/62/335
f 349/63/337 347/62/335 350/64/338
f 347/62/335 348/60/336 350/64/338
f 351/65/339 350/64/338 352/58/340
f 350/64/338 348/60/336 352/58/340
f 348/60/336 346/59/334 352/58/340
f 346/59/334 353/57/341 352/58/340
f 354/61/342 355/59/325 356/62/326
f 355/59/325 357/60/327 356/62/326
f 358/63/343 356/62/326 359/64/344
f 356/62/326 357/60/327 359/64/344
f 360/65/345 359/64/344 361/58/331
f 359/64/344 357/60/327 361/58/331
f 357/60/327 355/59/325 361/58/331
f 355/59/325 362/57/346 361/58/331
f 363/93/347 364/95/348 365/94/349
f 364/95/348 366/96/350 365/94/349
f 365/94/349 366/96/350 367/101/351
f 367/101/351 366/96/350 368/100/352
f 368/100/352 366/96/350 369/99/353
f 369/99/353 366/96/350 370/98/354
f 366/96/350 364/95/348 370/98/354
f 370/98/354 364/95/348 371/97/355
f 372/61/356 373/59/357 374/62/358
f 373/59/357 375/60/359 374/62/358
f 376/63/360 374/62/358 377/64/361
f 374/62/358 375/60/359 377/64/361
f 378/65/362 377/64/361 379/58/363
f 377/64/361 375/60/359 379/58/363
f 375/60/359 373/59/357 379/58/363
f 373/59/357 380/57/364 379/58/363
f 381/39/365 382/40/366 383/41/367
f 382/40/366 384/42/368 383/41/367
f 385/43/369 383/41/367 386/44/370
f 383/41/367 384/42/368 386/44/370
f 387/45/371 386/44/370 388/46/372
f 386/44/370 384/42/368 388/46/372
f 384/42/368 382/40/366 388/46/372
f 388/46/372 382/40/366 389/47/373
f 390/84/374 391/85/375 392/86/376
f 391/85/375 393/87/377 392/86/376
f 394/88/378 392/86/376 395/89/379
f 392/86/376 393/87/377 395/89/379
f 396/90/380 395/89/379 397/91/381
f 395/89/379 393/87/377 397/91/381
f 393/87/377 391/85/375 397/91/381
f 391/85/375 398/92/382 397/91/381
f 399/93/383 400/94/384 401/95/385
f 400/94/384 402/96/386 401/95/385
f 403/97/387 401/95/385 404/98/388
f 401/95/385 402/96/386 404/98/388
f 405/99/389 404/98/388 406/100/390
f 404/98/388 402/96/386 406/100/390
f 402/96/386 400/94/384 406/100/390
f 406/100/390 400/94/384 407/101/391
f 408/129/392 409/130/393 410/131/394
f 409/130/393 411/132/395 410/131/394
f 410/131/394 411/132/395 412/133/396
f 412/133/396 411/132/395 413/134/397
f 414/135/398 413/134/397 415/136/399
f 413/134/397 411/132/395 415/136/399
f 411/132/395 409/130/393 415/136/399
f 409/130/393 416/137/400 415/136/399
f 417/61/342 418/59/325 419/62/326
f 418/59/325 420/60/327 419/62/326
f 421/63/401 419/62/326 422/64/402
f 419/62/326 420/60/327 422/64/402
f 423/65/345 422/64/402 424/58/331
f 422/64/402 420/60/327 424/58/331
f 420/60/327 418/59/325 424/58/331
f 418/59/325 425/57/403 424/58/331
f 426/48/404 427/49/405 428/50/406
f 427/49/405 429/51/156 428/50/406
f 430/52/407 428/50/406 431/53/408
f 428/50/406 429/51/156 431/53/408
f 432/54/159 431/53/408 433/55/160
f 431/53/408 429/51/156 433/55/160
f 429/51/156 427/49/405 433/55/160
f 427/49/405 434/56/409 433/55/160
f 435/61/410 436/59/411 437/62/412
f 436/59/411 438/60/413 437/62/412
f 439/63/414 437/62/412 440/64/415
f 437/62/412 438/60/413 440/64/415
f 441/65/416 440/64/415 442/58/417
f 440/64/415 438/60/413 442/58/417
f 438/60/413 436/59/411 442/58/417
f 436/59/411 443/57/418 442/58/417
f 444/61/419 445/59/420 446/62/421
f 445/59/420 447/60/422 446/62/421
f 448/63/423 446/62/421 449/64/424
f 446/62/421 447/60/422 449/64/424
f 450/65/425 449/64/424 451/58/426
f 449/64/424 447/60/422 451/58/426
f 447/60/422 445/59/420 451/58/426
f 445/59/420 452/57/427 451/58/426
f 453/120/428 454/123/429 455/122/430
f 456/124/431 455/122/430 457/125/432
f 455/122/430 454/123/429 457/125/432
f 457/125/432 454/123/429 458/126/433
f 458/126/433 454/123/429 459/127/434
f 460/128/435 459/127/434 461/121/436
f 459/127/434 454/123/429 461/121/436
f 454/123/429 453/120/428 461/121/436
f 462/48/404 463/49/437 464/50/438
f 463/49/437 465/51/156 464/50/438
f 466/52/439 464/50/438 467/53/440
f 464/50/438 465/51/156 467/53/440
f 468/54/159 467/53/440 469/55/441
f 467/53/440 465/51/156 469/55/441
f 465/51/156 463/49/437 469/55/441
f 463/49/437 470/56/442 469/55/441
f 471/129/443 472/130/444 473/131/445
f 472/130/444 474/132/446 473/131/445
f 473/131/445 474/132/446 475/133/447
f 475/133/447 474/132/446 476/134/448
f 477/135/449 476/134/448 478/136/450
f 476/134/448 474/132/446 478/136/450
f 474/132/446 472/130/444 478/136/450
f 472/130/444 479/137/451 478/136/450
f 480/93/452 481/94/453 482/95/454
f 481/94/453 483/96/455 482/95/454
f 484/97/456 482/95/454 485/98/457
f 482/95/454 483/96/455 485/98/457
f 486/99/458 485/98/457 487/100/459
f 485/98/457 483/96/455 487/100/459
f 487/100/459 483/96/455 488/101/460
f 483/96/455 481/94/453 488/101/460
f 489/75/461 490/76/462 491/77/463
f 490/76/462 492/78/464 491/77/463
f 491/77/463 492/78/464 493/79/465
f 493/79/465 492/78/464 494/80/466
f 494/80/466 492/78/464 495/81/467
f 495/81/467 492/78/464 496/82/468
f 496/82/468 492/78/464 497/83/469
f 492/78/464 490/76/462 497/83/469
f 498/48/470 499/49/471 500/50/472
f 499/49/471 501/51/473 500/50/472
f 502/52/474 500/50/472 503/53/475
f 500/50/472 501/51/473 503/53/475
f 504/54/476 503/53/475 505/55/477
f 503/53/475 501/51/473 505/55/477
f 501/51/473 499/49/471 505/55/477
f 499/49/471 506/56/478 505/55/477
f 507/48/479 508/49/480 509/50/481
f 508/49/480 510/51/482 509/50/481
f 511/52/483 509/50/481 512/53/484
f 509/50/481 510/51/482 512/53/484
f 513/54/485 512/53/484 514/55/486
f 512/53/484 510/51/482 514/55/486
f 510/51/482 508/49/480 514/55/486
f 508/49/480 515/56/487 514/55/486
f 516/111/488 517/112/489 518/113/490
f 518/113/490 517/112/489 519/114/491
f 519/114/491 517/112/489 520/115/492
f 520/115/492 517/112/489 521/116/493
f 522/117/494 521/116/493 523/118/495
f 521/116/493 517/112/489 523/118/495
f 517/112/489 516/111/488 523/118/495
f 516/111/488 524/119/496 523/118/495
f 525/93/497 526/94/498 527/95/499
f 526/94/498 528/96/500 527/95/499
f 529/97/501 527/95/499 530/98/502
f 527/95/499 528/96/500 530/98/502
f 530/98/502 528/96/500 531/99/503
f 531/99/503 528/96/500 532/100/504
f 532/100/504 528/96/500 533/101/505
f 528/96/500 526/94/498 533/101/505
f 534/1/506 535/2/507 536/3/508
f 537/4/509 538/5/510 539/6/511
f 540/7/512 541/8/513 542/9/514
f 541/8/513 539/6/511 542/9/514
f 539/6/511 538/5/510 542/9/514
f 538/5/510 536/3/508 542/9/514
f 536/3/508 535/2/507 542/9/514
f 543/10/515 544/11/516 545/12/517
f 544/11/516 546/13/518 545/12/517
f 545/12/517 546/13/518 547/14/519
f 546/13/518 548/15/520 547/14/519
f 547/14/519 548/15/520 549/16/521
f 548/15/520 550/17/522 549/16/521
f 550/17/522 551/18/523 549/16/521
f 552/18/524 553/17/525 554/16/526
f 555/19/527 556/20/528 557/21/529
f 557/21/529 556/20/528 558/11/530
f 556/20/528 559/12/531 558/11/530
f 559/12/531 560/14/532 558/11/530
f 558/11/530 560/14/532 561/13/533
f 561/13/533 560/14/532 562/15/534
f 560/14/532 554/16/526 562/15/534
f 554/16/526 553/17/525 562/15/534
f 563/22/535 564/23/536 565/24/537
f 564/23/536 566/25/538 565/24/537
f 566/25/538 567/26/539 565/24/537
f 565/24/537 567/26/539 568/27/540
f 567/26/539 569/12/541 568/27/540
f 568/27/540 569/12/541 570/11/542
f 571/28/543 570/11/542 572/14/544
f 570/11/542 569/12/541 572/14/544
f 573/23/545 574/29/546 575/22/547
f 575/22/547 574/29/546 576/30/548
f 576/30/548 574/29/546 577/31/549
f 574/29/546 578/32/550 577/31/549
f 578/32/550 579/26/551 577/31/549
f 577/31/549 579/26/551 580/27/552
f 579/26/551 581/14/553 580/27/552
f 581/14/553 582/33/554 580/27/552
f 583/34/555 584/35/556 585/36/557
f 584/35/556 586/37/558 585/36/557
f 585/36/557 586/37/558 587/38/559
f 588/17/560 587/38/559 589/18/561
f 587/38/559 586/37/558 589/18/561
f 590/39/562 591/40/563 592/41/564
f 591/40/563 593/42/565 592/41/564
f 594/43/566 592/41/564 595/44/567
f 592/41/564 593/42/565 595/44/567
f 596/45/568 595/44/567 597/46/569
f 595/44/567 593/42/565 597/46/569
f 593/42/565 591/40/563 597/46/569
f 597/46/569 591/40/563 598/47/570
f 599/48/571 600/49/572 601/50/573
f 600/49/572 602/51/574 601/50/573
f 603/52/575 601/50/573 604/53/576
f 601/50/573 602/51/574 604/53/576
f 605/54/577 604/53/576 606/55/578
f 604/53/576 602/51/574 606/55/578
f 602/51/574 600/49/572 606/55/578
f 600/49/572 607/56/579 606/55/578
f 608/48/580 609/49/581 610/50/582
f 609/49/581 611/51/583 610/50/582
f 612/52/584 610/50/582 613/53/585
f 610/50/582 611/51/583 613/53/585
f 613/53/585 611/51/583 614/54/586
f 614/54/586 611/51/583 615/55/587
f 611/51/583 609/49/581 615/55/587
f 609/49/581 616/56/588 615/55/587
f 617/48/589 618/49/590 619/50/591
f 618/49/590 620/51/592 619/50/591
f 621/52/593 619/50/591 622/53/594
f 619/50/591 620/51/592 622/53/594
f 623/54/595 622/53/594 624/55/596
f 622/53/594 620/51/592 624/55/596
f 620/51/592 618/49/590 624/55/596
f 618/49/590 625/56/597 624/55/596
f 626/57/598 627/58/599 628/59/600
f 627/58/599 629/60/601 628/59/600
f 630/61/602 628/59/600 631/62/603
f 628/59/600 629/60/601 631/62/603
f 632/63/604 631/62/603 633/64/605
f 631/62/603 629/60/601 633/64/605
f 633/64/605 629/60/601 634/65/606
f 629/60/601 627/58/599 634/65/606
f 635/66/607 636/67/608 637/68/609
f 636/67/608 638/69/610 637/68/609
f 637/68/609 638/69/610 639/70/611
f 639/70/611 638/69/610 640/71/612
f 640/71/612 638/69/610 641/72/613
f 641/72/613 638/69/610 642/73/614
f 638/69/610 636/67/608 642/73/614
f 636/67/608 643/74/615 642/73/614
f 644/66/616 645/67/617 646/68/618
f 645/67/617 647/69/619 646/68/618
f 646/68/618 647/69/619 648/70/620
f 648/70/620 647/69/619 649/71/621
f 649/71/621 647/69/619 650/72/622
f 650/72/622 647/69/619 651/73/623
f 647/69/619 645/67/617 651/73/623
f 645/67/617 652/74/624 651/73/623
f 653/66/625 654/67/626 655/68/627
f 654/67/626 656/69/628 655/68/627
f 655/68/627 656/69/628 657/70/629
f 657/70/629 656/69/628 658/71/630
f 658/71/630 656/69/628 659/72/631
f 659/72/631 656/69/628 660/73/632
f 656/69/628 654/67/626 660/73/632
f 654/67/626 661/74/633 660/73/632
f 662/66/625 663/67/626 664/68/634
f 663/67/626 665/69/635 664/68/634
f 664/68/634 665/69/635 666/70/636
f 666/70/636 665/69/635 667/71/630
f 667/71/630 665/69/635 668/72/637
f 668/72/637 665/69/635 669/73/632
f 665/69/635 663/67/626 669/73/632
f 663/67/626 670/74/638 669/73/632
f 671/66/616 672/67/617 673/68/639
f 672/67/617 674/69/640 673/68/639
f 673/68/639 674/69/640 675/70/641
f 675/70/641 674/69/640 676/71/621
f 676/71/621 674/69/640 677/72/642
f 677/72/642 674/69/640 678/73/643
f 674/69/640 672/67/617 678/73/643
f 672/67/617 679/74/644 678/73/643
f 680/75/645 681/76/646 682/77/647
f 681/76/646 683/78/648 682/77/647
f 682/77/647 683/78/648 684/79/649
f 684/79/649 683/78/648 685/80/650
f 685/80/650 683/78/648 686/81/651
f 686/81/651 683/78/648 687/82/652
f 683/78/648 681/76/646 687/82/652
f 681/76/646 688/83/653 687/82/652
f 689/48/654 690/49/655 691/50/656
f 690/49/655 692/51/657 691/50/656
f 693/52/658 691/50/656 694/53/659
f 691/50/656 692/51/657 694/53/659
f 695/54/660 694/53/659 696/55/661
f 694/53/659 692/51/657 696/55/661
f 692/51/657 690/49/655 696/55/661
f 690/49/655 697/56/662 696/55/661
f 698/48/663 699/49/664 700/50/665
f 699/49/664 701/51/666 700/50/665
f 702/52/667 700/50/665 703/53/668
f 700/50/665 701/51/666 703/53/668
f 704/54/669 703/53/668 705/55/670
f 703/53/668 701/51/666 705/55/670
f 701/51/666 699/49/664 705/55/670
f 699/49/664 706/56/671 705/55/670
f 707/84/672 708/85/673 709/86/674
f 708/85/673 710/87/675 709/86/674
f 711/88/676 709/86/674 712/89/677
f 709/86/674 710/87/675 712/89/677
f 713/90/678 712/89/677 714/91/679
f 712/89/677 710/87/675 714/91/679
f 710/87/675 708/85/673 714/91/679
f 708/85/673 715/92/680 714/91/679
f 716/61/681 717/59/682 718/62/683
f 717/59/682 719/60/684 718/62/683
f 720/63/685 718/62/683 721/64/686
f 718/62/683 719/60/684 721/64/686
f 722/65/687 721/64/686 723/58/688
f 721/64/686 719/60/684 723/58/688
f 719/60/684 717/59/682 723/58/688
f 717/59/682 724/57/689 723/58/688
f 725/61/690 726/59/691 727/62/692
f 726/59/691 728/60/693 727/62/692
f 729/63/694 727/62/692 730/64/695
f 727/62/692 728/60/693 730/64/695
f 731/65/696 730/64/695 732/58/697
f 730/64/695 728/60/693 732/58/697
f 728/60/693 726/59/691 732/58/697
f 726/59/691 733/57/698 732/58/697
f 734/61/699 735/59/700 736/62/701
f 735/59/700 737/60/702 736/62/701
f 738/63/703 736/62/701 739/64/704
f 736/62/701 737/60/702 739/64/704
f 740/65/705 739/64/704 741/58/706
f 739/64/704 737/60/702 741/58/706
f 737/60/702 735/59/700 741/58/706
f 735/59/700 742/57/707 741/58/706
f 743/93/708 744/94/709 745/95/710
f 744/94/709 746/96/711 745/95/710
f 747/97/712 745/95/710 748/98/713
f 745/95/710 746/96/711 748/98/713
f 749/99/714 748/98/713 750/100/715
f 748/98/713 746/96/711 750/100/715
f 750/100/715 746/96/711 751/101/716
f 746/96/711 744/94/709 751/101/716
f 752/93/717 753/94/718 754/95/719
f 753/94/718 755/96/720 754/95/719
f 756/97/721 754/95/719 757/98/722
f 754/95/719 755/96/720 757/98/722
f 757/98/722 755/96/720 758/99/723
f 758/99/723 755/96/720 759/100/724
f 759/100/724 755/96/720 760/101/725
f 755/96/720 753/94/718 760/101/725
f 761/75/726 762/76/727 763/77/728
f 762/76/727 764/78/729 763/77/728
f 763/77/728 764/78/729 765/79/730
f 765/79/730 764/78/729 766/80/731
f 766/80/731 764/78/729 767/81/732
f 767/81/732 764/78/729 768/82/733
f 768/82/733 764/78/729 769/83/734
f 764/78/729 762/76/727 769/83/734
f 770/102/735 771/103/736 772/104/737
f 771/103/736 773/105/738 772/104/737
f 774/106/739 772/104/737 775/107/740
f 772/104/737 773/105/738 775/107/740
f 776/108/741 775/107/740 777/109/742
f 775/107/740 773/105/738 777/109/742
f 773/105/738 771/103/736 777/109/742
f 771/103/736 778/110/743 777/109/742
f 779/111/744 780/112/745 781/113/746
f 781/113/746 780/112/745 782/114/747
f 782/114/747 780/112/745 783/115/748
f 783/115/748 780/112/745 784/116/749
f 785/117/750 784/116/749 786/118/751
f 784/116/749 780/112/745 786/118/751
f 780/112/745 779/111/744 786/118/751
f 779/111/744 787/119/752 786/118/751
f 788/61/753 789/59/754 790/62/755
f 789/59/754 791/60/756 790/62/755
f 792/63/757 790/62/755 793/64/758
f 790/62/755 791/60/756 793/64/758
f 794/65/759 793/64/758 795/58/760
f 793/64/758 791/60/756 795/58/760
f 791/60/756 789/59/754 795/58/760
f 789/59/754 796/57/761 795/58/760
f 797/65/762 798/58/763 799/64/764
f 798/58/763 800/60/765 799/64/764
f 801/63/766 799/64/764 802/62/767
f 799/64/764 800/60/765 802/62/767
f 802/62/767 800/60/765 803/61/768
f 803/61/768 800/60/765 804/59/769
f 800/60/765 798/58/763 804/59/769
f 798/58/763 805/57/770 804/59/769
f 806/39/771 807/40/772 808/41/773
f 807/40/772 809/42/774 808/41/773
f 810/43/775 808/41/773 811/44/776
f 808/41/773 809/42/774 811/44/776
f 812/45/777 811/44/776 813/46/778
f 811/44/776 809/42/774 813/46/778
f 809/42/774 807/40/772 813/46/778
f 813/46/778 807/40/772 814/47/779
f 815/75/780 816/76/781 817/77/782
f 816/76/781 818/78/783 817/77/782
f 817/77/782 818/78/783 819/79/784
f 819/79/784 818/78/783 820/80/785
f 820/80/785 818/78/783 821/81/786
f 821/81/786 818/78/783 822/82/787
f 822/82/787 818/78/783 823/83/788
f 818/78/783 816/76/781 823/83/788
f 824/120/789 825/121/790 826/122/791
f 825/121/790 827/123/792 826/122/791
f 828/124/793 826/122/791 829/125/794
f 826/122/791 827/123/792 829/125/794
f 829/125/794 827/123/792 830/126/795
f 830/126/795 827/123/792 831/127/796
f 827/123/792 825/121/790 831/127/796
f 831/127/796 825/121/790 832/128/797
f 833/74/798 834/73/799 835/67/800
f 834/73/799 836/69/801 835/67/800
f 837/66/802 835/67/800 838/68/803
f 835/67/800 836/69/801 838/68/803
f 838/68/803 836/69/801 839/70/804
f 839/70/804 836/69/801 840/71/805
f 840/71/805 836/69/801 841/72/806
f 836/69/801 834/73/799 841/72/806
f 842/120/807 843/123/808 844/122/809
f 845/124/810 844/122/809 846/125/811
f 844/122/809 843/123/808 846/125/811
f 846/125/811 843/123/808 847/126/812
f 847/126/812 843/123/808 848/127/813
f 849/128/814 848/127/813 850/121/815
f 848/127/813 843/123/808 850/121/815
f 843/123/808 842/120/807 850/121/815
f 851/48/680 852/49/816 853/50/817
f 852/49/816 854/51/818 853/50/817
f 855/52/819 853/50/817 856/53/820
f 853/50/817 854/51/818 856/53/820
f 857/54/821 856/53/820 858/55/822
f 856/53/820 854/51/818 858/55/822
f 854/51/818 852/49/816 858/55/822
f 852/49/816 859/56/823 858/55/822
f 860/93/824 861/94/825 862/95/826
f 861/94/825 863/96/827 862/95/826
f 864/97/828 862/95/826 865/98/829
f 862/95/826 863/96/827 865/98/829
f 866/99/830 865/98/829 867/100/831
f 865/98/829 863/96/827 867/100/831
f 867/100/831 863/96/827 868/101/832
f 863/96/827 861/94/825 868/101/832
f 869/61/833 870/59/834 871/62/835
f 870/59/834 872/60/836 871/62/835
f 873/63/837 871/62/835 874/64/838
f 871/62/835 872/60/836 874/64/838
f 875/65/839 874/64/838 876/58/840
f 874/64/838 872/60/836 876/58/840
f 872/60/836 870/59/834 876/58/840
f 870/59/834 877/57/841 876/58/840
f 878/61/842 879/59/843 880/62/844
f 879/59/843 881/60/845 880/62/844
f 882/63/846 880/62/844 883/64/847
f 880/62/844 881/60/845 883/64/847
f 884/65/848 883/64/847 885/58/849
f 883/64/847 881/60/845 885/58/849
f 881/60/845 879/59/843 885/58/849
f 879/59/843 886/57/850 885/58/849
f 887/61/833 888/59/851 889/62/852
f 888/59/851 890/60/853 889/62/852
f 891/63/854 889/62/852 892/64/838
f 889/62/852 890/60/853 892/64/838
f 893/65/839 892/64/838 894/58/840
f 892/64/838 890/60/853 894/58/840
f 890/60/853 888/59/851 894/58/840
f 888/59/851 895/57/855 894/58/840
f 896/93/856 897/95/857 898/94/858
f 897/95/857 899/96/859 898/94/858
f 898/94/858 899/96/859 900/101/860
f 900/101/860 899/96/859 901/100/861
f 901/100/861 899/96/859 902/99/862
f 902/99/862 899/96/859 903/98/863
f 899/96/859 897/95/857 903/98/863
f 903/98/863 897/95/857 904/97/864
f 905/61/865 906/59/246 907/62/866
f 906/59/246 908/60/867 907/62/866
f 909/63/868 907/62/866 910/64/869
f 907/62/866 908/60/867 910/64/869
f 911/65/870 910/64/869 912/58/871
f 910/64/869 908/60/867 912/58/871
f 908/60/867 906/59/246 912/58/871
f 906/59/246 913/57/872 912/58/871
f 914/39/873 915/40/874 916/41/875
f 915/40/874 917/42/876 916/41/875
f 918/43/877 916/41/875 919/44/878
f 916/41/875 917/42/876 919/44/878
f 920/45/879 919/44/878 921/46/880
f 919/44/878 917/42/876 921/46/880
f 917/42/876 915/40/874 921/46/880
f 921/46/880 915/40/874 922/47/881
f 923/84/882 924/85/883 925/86/884
f 924/85/883 926/87/885 925/86/884
f 927/88/886 925/86/884 928/89/887
f 925/86/884 926/87/885 928/89/887
f 929/90/888 928/89/887 930/91/889
f 928/89/887 926/87/885 930/91/889
f 926/87/885 924/85/883 930/91/889
f 924/85/883 931/92/890 930/91/889
f 932/93/891 933/94/892 934/95/893
f 933/94/892 935/96/894 934/95/893
f 936/97/895 934/95/893 937/98/896
f 934/95/893 935/96/894 937/98/896
f 938/99/897 937/98/896 939/100/898
f 937/98/896 935/96/894 939/100/898
f 935/96/894 933/94/892 939/100/898
f 939/100/898 933/94/892 940/101/899
f 941/129/900 942/130/901 943/131/902
f 942/130/901 944/132/903 943/131/902
f 943/131/902 944/132/903 945/133/904
f 945/133/904 944/132/903 946/134/905
f 947/135/906 946/134/905 948/136/907
f 946/134/905 944/132/903 948/136/907
f 944/132/903 942/130/901 948/136/907
f 942/130/901 949/137/908 948/136/907
f 950/61/909 951/59/834 952/62/852
f 951/59/834 953/60/853 952/62/852
f 954/63/910 952/62/852 955/64/838
f 952/62/852 953/60/853 955/64/838
f 956/65/911 955/64/838 957/58/840
f 955/64/838 953/60/853 957/58/840
f 953/60/853 951/59/834 957/58/840
f 951/59/834 958/57/855 957/58/840
f 959/48/912 960/49/913 961/50/914
f 960/49/913 962/51/666 961/50/914
f 963/52/915 961/50/914 964/53/916
f 961/50/914 962/51/666 964/53/916
f 965/54/669 964/53/916 966/55/917
f 964/53/916 962/51/666 966/55/917
f 962/51/666 960/49/913 966/55/917
f 960/49/913 967/56/918 966/55/917
f 968/61/919 969/59/920 970/62/921
f 969/59/920 971/60/922 970/62/921
f 972/63/923 970/62/921 973/64/924
f 970/62/921 971/60/922 973/64/924
f 974/65/925 973/64/924 975/58/926
f 973/64/924 971/60/922 975/58/926
f 971/60/922 969/59/920 975/58/926
f 969/59/920 976/57/927 975/58/926
f 977/61/928 978/59/929 979/62/930
f 978/59/929 980/60/931 979/62/930
f 981/63/932 979/62/930 982/64/933
f 979/62/930 980/60/931 982/64/933
f 983/65/934 982/64/933 984/58/935
f 982/64/933 980/60/931 984/58/935
f 980/60/931 978/59/929 984/58/935
f 978/59/929 985/57/936 984/58/935
f 986/120/937 987/123/938 988/122/939
f 989/124/940 988/122/939 990/125/941
f 988/122/939 987/123/938 990/125/941
f 990/125/941 987/123/938 991/126/942
f 991/126/942 987/123/938 992/127/943
f 993/128/944 992/127/943 994/121/945
f 992/127/943 987/123/938 994/121/945
f 987/123/938 986/120/937 994/121/945
f 995/48/663 996/49/664 997/50/665
f 996/49/664 998/51/946 997/50/665
f 999/52/667 997/50/665 1000/53/947
f 997/50/665 998/51/946 1000/53/947
f 1001/54/669 1000/53/947 1002/55/948
f 1000/53/947 998/51/946 1002/55/948
f 998/51/946 996/49/664 1002/55/948
f 996/49/664 1003/56/949 1002/55/948
f 1004/129/950 1005/130/951 1006/131/952
f 1005/130/951 1007/132/953 1006/131/952
f 1006/131/952 1007/132/953 1008/133/954
f 1008/133/954 1007/132/953 1009/134/955
f 1010/135/956 1009/134/955 1011/136/957
f 1009/134/955 1007/132/953 1011/136/957
f 1007/132/953 1005/130/951 1011/136/957
f 1005/130/951 1012/137/958 1011/136/957
f 1013/93/959 1014/94/960 1015/95/961
f 1014/94/960 1016/96/962 1015/95/961
f 1017/97/963 1015/95/961 1018/98/964
f 1015/95/961 1016/96/962 1018/98/964
f 1019/99/965 1018/98/964 1020/100/966
f 1018/98/964 1016/96/962 1020/100/966
f 1020/100/966 1016/96/962 1021/101/967
f 1016/96/962 1014/94/960 1021/101/967
f 1022/75/968 1023/76/969 1024/77/970
f 1023/76/969 1025/78/971 1024/77/970
f 1024/77/970 1025/78/971 1026/79/972
f 1026/79/972 1025/78/971 1027/80/973
f 1027/80/973 1025/78/971 1028/81/974
f 1028/81/974 1025/78/971 1029/82/975
f 1029/82/975 1025/78/971 1030/83/976
f 1025/78/971 1023/76/969 1030/83/976
f 1031/48/977 1032/49/978 1033/50/979
f 1032/49/978 1034/51/980 1033/50/979
f 1035/52/981 1033/50/979 1036/53/982
f 1033/50/979 1034/51/980 1036/53/982
f 1037/54/983 1036/53/982 1038/55/984
f 1036/53/982 1034/51/980 1038/55/984
f 1034/51/980 1032/49/978 1038/55/984
f 1032/49/978 1039/56/985 1038/55/984
f 1040/48/986 1041/49/987 1042/50/988
f 1041/49/987 1043/51/989 1042/50/988
f 1044/52/990 1042/50/988 1045/53/991
f 1042/50/988 1043/51/989 1045/53/991
f 1046/54/992 1045/53/991 1047/55/993
f 1045/53/991 1043/51/989 1047/55/993
f 1043/51/989 1041/49/987 1047/55/993
f 1041/49/987 1048/56/994 1047/55/993
f 1049/111/995 1050/112/996 1051/113/997
f 1051/113/997 1050/112/996 1052/114/998
f 1052/114/998 1050/112/996 1053/115/999
f 1053/115/999 1050/112/996 1054/116/1000
f 1055/117/1001 1054/116/1000 1056/118/1002
f 1054/116/1000 1050/112/996 1056/118/1002
f 1050/112/996 1049/111/995 1056/118/1002
f 1049/111/995 1057/119/1003 1056/118/1002
f 1058/93/1004 1059/94/1005 1060/95/1006
f 1059/94/1005 1061/96/1007 1060/95/1006
f 1062/97/1008 1060/95/1006 1063/98/1009
f 1060/95/1006 1061/96/1007 1063/98/1009
f 1063/98/1009 1061/96/1007 1064/99/1010
f 1064/99/1010 1061/96/1007 1065/100/1011
f 1065/100/1011 1061/96/1007 1066/101/1012
f 1061/96/1007 1059/94/1005 1066/101/1012
f 1067/1/506 1068/2/1013 1069/3/1014
f 1070/4/509 1071/5/510 1072/6/1015
f 1073/7/512 1074/8/513 1075/9/1016
f 1074/8/513 1072/6/1015 1075/9/1016
f 1072/6/1015 1071/5/510 1075/9/1016
f 1071/5/510 1069/3/1014 1075/9/1016
f 1069/3/1014 1068/2/1013 1075/9/1016
f 1076/10/515 1077/11/516 1078/12/517
f 1077/11/516 1079/13/518 1078/12/517
f 1078/12/517 1079/13/518 1080/14/519
f 1079/13/518 1081/15/520 1080/14/519
f 1080/14/519 1081/15/520 1082/16/521
f 1081/15/520 1083/17/522 1082/16/521
f 1083/17/522 1084/18/523 1082/16/521
f 1085/18/524 1086/17/525 1087/16/1017
f 1088/19/1018 1089/20/1019 1090/21/529
f 1090/21/529 1089/20/1019 1091/11/1020
f 1089/20/1019 1092/12/1021 1091/11/1020
f 1092/12/1021 1093/14/532 1091/11/1020
f 1091/11/1020 1093/14/532 1094/13/533
f 1094/13/533 1093/14/532 1095/15/1022
f 1093/14/532 1087/16/1017 1095/15/1022
f 1087/16/1017 1086/17/525 1095/15/1022
f 1096/22/535 1097/23/536 1098/24/1023
f 1097/23/536 1099/25/538 1098/24/1023
f 1099/25/538 1100/26/539 1098/24/1023
f 1098/24/1023 1100/26/539 1101/27/1024
f 1100/26/539 1102/12/541 1101/27/1024
f 1101/27/1024 1102/12/541 1103/11/542
f 1104/28/543 1103/11/542 1105/14/544
f 1103/11/542 1102/12/541 1105/14/544
f 1106/23/1025 1107/29/1026 1108/22/1027
f 1108/22/1027 1107/29/1026 1109/30/1028
f 1109/30/1028 1107/29/1026 1110/31/549
f 1107/29/1026 1111/32/550 1110/31/549
f 1111/32/550 1112/26/551 1110/31/549
f 1110/31/549 1112/26/551 1113/27/1029
f 1112/26/551 1114/14/1030 1113/27/1029
f 1114/14/1030 1115/33/1031 1113/27/1029
f 1116/34/555 1117/35/556 1118/36/557
f 1117/35/556 1119/37/1032 1118/36/557
f 1118/36/557 1119/37/1032 1120/38/1033
f 1121/17/560 1120/38/1033 1122/18/561
f 1120/38/1033 1119/37/1032 1122/18/561
f 1123/39/562 1124/40/1034 1125/41/1035
f 1124/40/1034 1126/42/1036 1125/41/1035
f 1127/43/1037 1125/41/1035 1128/44/1038
f 1125/41/1035 1126/42/1036 1128/44/1038
f 1129/45/568 1128/44/1038 1130/46/569
f 1128/44/1038 1126/42/1036 1130/46/569
f 1126/42/1036 1124/40/1034 1130/46/569
f 1130/46/569 1124/40/1034 1131/47/570
f 1132/48/571 1133/49/572 1134/50/573
f 1133/49/572 1135/51/574 1134/50/573
f 1136/52/1039 1134/50/573 1137/53/1040
f 1134/50/573 1135/51/574 1137/53/1040
f 1138/54/1041 1137/53/1040 1139/55/578
f 1137/53/1040 1135/51/574 1139/55/578
f 1135/51/574 1133/49/572 1139/55/578
f 1133/49/572 1140/56/579 1139/55/578
f 1141/48/580 1142/49/581 1143/50/1042
f 1142/49/581 1144/51/583 1143/50/1042
f 1145/52/1043 1143/50/1042 1146/53/1044
f 1143/50/1042 1144/51/583 1146/53/1044
f 1146/53/1044 1144/51/583 1147/54/586
f 1147/54/586 1144/51/583 1148/55/587
f 1144/51/583 1142/49/581 1148/55/587
f 1142/49/581 1149/56/588 1148/55/587
f 1150/48/1045 1151/49/1046 1152/50/1047
f 1151/49/1046 1153/51/1048 1152/50/1047
f 1154/52/1049 1152/50/1047 1155/53/1050
f 1152/50/1047 1153/51/1048 1155/53/1050
f 1156/54/595 1155/53/1050 1157/55/596
f 1155/53/1050 1153/51/1048 1157/55/596
f 1153/51/1048 1151/49/1046 1157/55/596
f 1151/49/1046 1158/56/597 1157/55/596
f 1159/57/598 1160/58/1051 1161/59/600
f 1160/58/1051 1162/60/601 1161/59/600
f 1163/61/602 1161/59/600 1164/62/1052
f 1161/59/600 1162/60/601 1164/62/1052
f 1165/63/604 1164/62/1052 1166/64/605
f 1164/62/1052 1162/60/601 1166/64/605
f 1166/64/605 1162/60/601 1167/65/606
f 1162/60/601 1160/58/1051 1167/65/606
f 1168/66/607 1169/67/608 1170/68/1053
f 1169/67/608 1171/69/610 1170/68/1053
f 1170/68/1053 1171/69/610 1172/70/611
f 1172/70/611 1171/69/610 1173/71/612
f 1173/71/612 1171/69/610 1174/72/613
f 1174/72/613 1171/69/610 1175/73/614
f 1171/69/610 1169/67/608 1175/73/614
f 1169/67/608 1176/74/615 1175/73/614
f 1177/66/1054 1178/67/617 1179/68/618
f 1178/67/617 1180/69/619 1179/68/618
f 1179/68/618 1180/69/619 1181/70/1055
f 1181/70/1055 1180/69/619 1182/71/621
f 1182/71/621 1180/69/619 1183/72/622
f 1183/72/622 1180/69/619 1184/73/623
f 1180/69/619 1178/67/617 1184/73/623
f 1178/67/617 1185/74/624 1184/73/623
f 1186/66/1056 1187/67/1057 1188/68/1058
f 1187/67/1057 1189/69/635 1188/68/1058
f 1188/68/1058 1189/69/635 1190/70/629
f 1190/70/629 1189/69/635 1191/71/630
f 1191/71/630 1189/69/635 1192/72/637
f 1192/72/637 1189/69/635 1193/73/632
f 1189/69/635 1187/67/1057 1193/73/632
f 1187/67/1057 1194/74/1059 1193/73/632
f 1195/66/625 1196/67/626 1197/68/634
f 1196/67/626 1198/69/635 1197/68/634
f 1197/68/634 1198/69/635 1199/70/1060
f 1199/70/1060 1198/69/635 1200/71/630
f 1200/71/630 1198/69/635 1201/72/637
f 1201/72/637 1198/69/635 1202/73/632
f 1198/69/635 1196/67/626 1202/73/632
f 1196/67/626 1203/74/1061 1202/73/632
f 1204/66/616 1205/67/617 1206/68/1062
f 1205/67/617 1207/69/640 1206/68/1062
f 1206/68/1062 1207/69/640 1208/70/641
f 1208/70/641 1207/69/640 1209/71/621
f 1209/71/621 1207/69/640 1210/72/622
f 1210/72/622 1207/69/640 1211/73/643
f 1207/69/640 1205/67/617 1211/73/643
f 1205/67/617 1212/74/1063 1211/73/643
f 1213/75/645 1214/76/646 1215/77/647
f 1214/76/646 1216/78/648 1215/77/647
f 1215/77/647 1216/78/648 1217/79/649
f 1217/79/649 1216/78/648 1218/80/1064
f 1218/80/1064 1216/78/648 1219/81/651
f 1219/81/651 1216/78/648 1220/82/652
f 1216/78/648 1214/76/646 1220/82/652
f 1214/76/646 1221/83/653 1220/82/652
f 1222/48/654 1223/49/1065 1224/50/656
f 1223/49/1065 1225/51/1066 1224/50/656
f 1226/52/1067 1224/50/656 1227/53/1068
f 1224/50/656 1225/51/1066 1227/53/1068
f 1228/54/660 1227/53/1068 1229/55/1069
f 1227/53/1068 1225/51/1066 1229/55/1069
f 1225/51/1066 1223/49/1065 1229/55/1069
f 1223/49/1065 1230/56/1070 1229/55/1069
f 1231/48/1071 1232/49/913 1233/50/1072
f 1232/49/913 1234/51/946 1233/50/1072
f 1235/52/1073 1233/50/1072 1236/53/668
f 1233/50/1072 1234/51/946 1236/53/668
f 1237/54/669 1236/53/668 1238/55/670
f 1236/53/668 1234/51/946 1238/55/670
f 1234/51/946 1232/49/913 1238/55/670
f 1232/49/913 1239/56/1074 1238/55/670
f 1240/84/672 1241/85/673 1242/86/674
f 1241/85/673 1243/87/675 1242/86/674
f 1244/88/676 1242/86/674 1245/89/1075
f 1242/86/674 1243/87/675 1245/89/1075
f 1246/90/678 1245/89/1075 1247/91/679
f 1245/89/1075 1243/87/675 1247/91/679
f 1243/87/675 1241/85/673 1247/91/679
f 1241/85/673 1248/92/1076 1247/91/679
f 1249/61/681 1250/59/682 1251/62/683
f 1250/59/682 1252/60/684 1251/62/683
f 1253/63/685 1251/62/683 1254/64/686
f 1251/62/683 1252/60/684 1254/64/686
f 1255/65/687 1254/64/686 1256/58/688
f 1254/64/686 1252/60/684 1256/58/688
f 1252/60/684 1250/59/682 1256/58/688
f 1250/59/682 1257/57/1077 1256/58/688
f 1258/61/1078 1259/59/691 1260/62/1079
f 1259/59/691 1261/60/693 1260/62/1079
f 1262/63/694 1260/62/1079 1263/64/695
f 1260/62/1079 1261/60/693 1263/64/695
f 1264/65/696 1263/64/695 1265/58/697
f 1263/64/695 1261/60/693 1265/58/697
f 1261/60/693 1259/59/691 1265/58/697
f 1259/59/691 1266/57/1080 1265/58/697
f 1267/61/699 1268/59/1081 1269/62/701
f 1268/59/1081 1270/60/702 1269/62/701
f 1271/63/1082 1269/62/701 1272/64/704
f 1269/62/701 1270/60/702 1272/64/704
f 1273/65/705 1272/64/704 1274/58/706
f 1272/64/704 1270/60/702 1274/58/706
f 1270/60/702 1268/59/1081 1274/58/706
f 1268/59/1081 1275/57/1083 1274/58/706
f 1276/93/1084 1277/94/1085 1278/95/1086
f 1277/94/1085 1279/96/711 1278/95/1086
f 1280/97/712 1278/95/1086 1281/98/713
f 1278/95/1086 1279/96/711 1281/98/713
f 1282/99/714 1281/98/713 1283/100/715
f 1281/98/713 1279/96/711 1283/100/715
f 1283/100/715 1279/96/711 1284/101/716
f 1279/96/711 1277/94/1085 1284/101/716
f 1285/93/717 1286/94/718 1287/95/719
f 1286/94/718 1288/96/720 1287/95/719
f 1289/97/1087 1287/95/719 1290/98/1088
f 1287/95/719 1288/96/720 1290/98/1088
f 1290/98/1088 1288/96/720 1291/99/723
f 1291/99/723 1288/96/720 1292/100/1089
f 1292/100/1089 1288/96/720 1293/101/1090
f 1288/96/720 1286/94/718 1293/101/1090
f 1294/75/726 1295/76/1091 1296/77/728
f 1295/76/1091 1297/78/729 1296/77/728
f 1296/77/728 1297/78/729 1298/79/730
f 1298/79/730 1297/78/729 1299/80/1092
f 1299/80/1092 1297/78/729 1300/81/732
f 1300/81/732 1297/78/729 1301/82/733
f 1301/82/733 1297/78/729 1302/83/734
f 1297/78/729 1295/76/1091 1302/83/734
f 1303/102/735 1304/103/736 1305/104/1093
f 1304/103/736 1306/105/1094 1305/104/1093
f 1307/106/739 1305/104/1093 1308/107/740
f 1305/104/1093 1306/105/1094 1308/107/740
f 1309/108/1095 1308/107/740 1310/109/1096
f 1308/107/740 1306/105/1094 1310/109/1096
f 1306/105/1094 1304/103/736 1310/109/1096
f 1304/103/736 1311/110/1097 1310/109/1096
f 1312/111/744 1313/112/745 1314/113/746
f 1314/113/746 1313/112/745 1315/114/747
f 1315/114/747 1313/112/745 1316/115/748
f 1316/115/748 1313/112/745 1317/116/749
f 1318/117/1098 1317/116/749 1319/118/751
f 1317/116/749 1313/112/745 1319/118/751
f 1313/112/745 1312/111/744 1319/118/751
f 1312/111/744 1320/119/752 1319/118/751
f 1321/61/1099 1322/59/754 1323/62/755
f 1322/59/754 1324/60/756 1323/62/755
f 1325/63/1100 1323/62/755 1326/64/758
f 1323/62/755 1324/60/756 1326/64/758
f 1327/65/1101 1326/64/758 1328/58/1102
f 1326/64/758 1324/60/756 1328/58/1102
f 1324/60/756 1322/59/754 1328/58/1102
f 1322/59/754 1329/57/761 1328/58/1102
f 1330/65/762 1331/58/763 1332/64/1103
f 1331/58/763 1333/60/1104 1332/64/1103
f 1334/63/766 1332/64/1103 1335/62/1105
f 1332/64/1103 1333/60/1104 1335/62/1105
f 1335/62/1105 1333/60/1104 1336/61/768
f 1336/61/768 1333/60/1104 1337/59/769
f 1333/60/1104 1331/58/763 1337/59/769
f 1331/58/763 1338/57/1106 1337/59/769
f 1339/39/1107 1340/40/772 1341/41/1108
f 1340/40/772 1342/42/774 1341/41/1108
f 1343/43/1109 1341/41/1108 1344/44/1110
f 1341/41/1108 1342/42/774 1344/44/1110
f 1345/45/1111 1344/44/1110 1346/46/1112
f 1344/44/1110 1342/42/774 1346/46/1112
f 1342/42/774 1340/40/772 1346/46/1112
f 1346/46/1112 1340/40/772 1347/47/779
f 1348/75/1113 1349/76/781 1350/77/782
f 1349/76/781 1351/78/783 1350/77/782
f 1350/77/782 1351/78/783 1352/79/784
f 1352/79/784 1351/78/783 1353/80/1114
f 1353/80/1114 1351/78/783 1354/81/1115
f 1354/81/1115 1351/78/783 1355/82/787
f 1355/82/787 1351/78/783 1356/83/788
f 1351/78/783 1349/76/781 1356/83/788
f 1357/120/789 1358/121/1116 1359/122/791
f 1358/121/1116 1360/123/1117 1359/122/791
f 1361/124/1118 1359/122/791 1362/125/794
f 1359/122/791 1360/123/1117 1362/125/794
f 1362/125/794 1360/123/1117 1363/126/1119
f 1363/126/1119 1360/123/1117 1364/127/1120
f 1360/123/1117 1358/121/1116 1364/127/1120
f 1364/127/1120 1358/121/1116 1365/128/1121
f 1366/74/1122 1367/73/1123 1368/67/1124
f 1367/73/1123 1369/69/1125 1368/67/1124
f 1370/66/1126 1368/67/1124 1371/68/803
f 1368/67/1124 1369/69/1125 1371/68/803
f 1371/68/803 1369/69/1125 1372/70/1127
f 1372/70/1127 1369/69/1125 1373/71/1128
f 1373/71/1128 1369/69/1125 1374/72/806
f 1369/69/1125 1367/73/1123 1374/72/806
f 1375/120/1129 1376/123/808 1377/122/809
f 1378/124/1130 1377/122/809 1379/125/811
f 1377/122/809 1376/123/808 1379/125/811
f 1379/125/811 1376/123/808 1380/126/812
f 1380/126/812 1376/123/808 1381/127/1131
f 1382/128/814 1381/127/1131 1383/121/1132
f 1381/127/1131 1376/123/808 1383/121/1132
f 1376/123/808 1375/120/1129 1383/121/1132
f 1384/48/1133 1385/49/816 1386/50/817
f 1385/49/816 1387/51/818 1386/50/817
f 1388/52/1134 1386/50/817 1389/53/820
f 1386/50/817 1387/51/818 1389/53/820
f 1390/54/821 1389/53/820 1391/55/1135
f 1389/53/820 1387/51/818 1391/55/1135
f 1387/51/818 1385/49/816 1391/55/1135
f 1385/49/816 1392/56/1136 1391/55/1135
f 1393/93/1137 1394/94/1138 1395/95/826
f 1394/94/1138 1396/96/827 1395/95/826
f 1397/97/828 1395/95/826 1398/98/1139
f 1395/95/826 1396/96/827 1398/98/1139
f 1399/99/830 1398/98/1139 1400/100/1140
f 1398/98/1139 1396/96/827 1400/100/1140
f 1400/100/1140 1396/96/827 1401/101/832
f 1396/96/827 1394/94/1138 1401/101/832
f 1402/61/833 1403/59/834 1404/62/852
f 1403/59/834 1405/60/853 1404/62/852
f 1406/63/1141 1404/62/852 1407/64/1142
f 1404/62/852 1405/60/853 1407/64/1142
f 1408/65/911 1407/64/1142 1409/58/840
f 1407/64/1142 1405/60/853 1409/58/840
f 1405/60/853 1403/59/834 1409/58/840
f 1403/59/834 1410/57/841 1409/58/840
f 1411/61/1143 1412/59/843 1413/62/1144
f 1412/59/843 1414/60/845 1413/62/1144
f 1415/63/846 1413/62/1144 1416/64/1145
f 1413/62/1144 1414/60/845 1416/64/1145
f 1417/65/848 1416/64/1145 1418/58/849
f 1416/64/1145 1414/60/845 1418/58/849
f 1414/60/845 1412/59/843 1418/58/849
f 1412/59/843 1419/57/1146 1418/58/849
f 1420/61/909 1421/59/834 1422/62/835
f 1421/59/834 1423/60/836 1422/62/835
f 1424/63/854 1422/62/835 1425/64/1147
f 1422/62/835 1423/60/836 1425/64/1147
f 1426/65/911 1425/64/1147 1427/58/840
f 1425/64/1147 1423/60/836 1427/58/840
f 1423/60/836 1421/59/834 1427/58/840
f 1421/59/834 1428/57/855 1427/58/840
f 1429/93/1148 1430/95/857 1431/94/858
f 1430/95/857 1432/96/1149 1431/94/858
f 1431/94/858 1432/96/1149 1433/101/860
f 1433/101/860 1432/96/1149 1434/100/1150
f 1434/100/1150 1432/96/1149 1435/99/1151
f 1435/99/1151 1432/96/1149 1436/98/1152
f 1432/96/1149 1430/95/857 1436/98/1152
f 1436/98/1152 1430/95/857 1437/97/864
f 1438/61/1153 1439/59/246 1440/62/866
f 1439/59/246 1441/60/867 1440/62/866
f 1442/63/868 1440/62/866 1443/64/1154
f 1440/62/866 1441/60/867 1443/64/1154
f 1444/65/870 1443/64/1154 1445/58/1155
f 1443/64/1154 1441/60/867 1445/58/1155
f 1441/60/867 1439/59/246 1445/58/1155
f 1439/59/246 1446/57/872 1445/58/1155
f 1447/39/873 1448/40/874 1449/41/1156
f 1448/40/874 1450/42/876 1449/41/1156
f 1451/43/877 1449/41/1156 1452/44/878
f 1449/41/1156 1450/42/876 1452/44/878
f 1453/45/879 1452/44/878 1454/46/1157
f 1452/44/878 1450/42/876 1454/46/1157
f 1450/42/876 1448/40/874 1454/46/1157
f 1454/46/1157 1448/40/874 1455/47/881
f 1456/84/882 1457/85/883 1458/86/1158
f 1457/85/883 1459/87/885 1458/86/1158
f 1460/88/886 1458/86/1158 1461/89/887
f 1458/86/1158 1459/87/885 1461/89/887
f 1462/90/888 1461/89/887 1463/91/889
f 1461/89/887 1459/87/885 1463/91/889
f 1459/87/885 1457/85/883 1463/91/889
f 1457/85/883 1464/92/890 1463/91/889
f 1465/93/891 1466/94/1159 1467/95/1160
f 1466/94/1159 1468/96/894 1467/95/1160
f 1469/97/895 1467/95/1160 1470/98/896
f 1467/95/1160 1468/96/894 1470/98/896
f 1471/99/1161 1470/98/896 1472/100/898
f 1470/98/896 1468/96/894 1472/100/898
f 1468/96/894 1466/94/1159 1472/100/898
f 1472/100/898 1466/94/1159 1473/101/1162
f 1474/129/1163 1475/130/901 1476/131/1164
f 1475/130/901 1477/132/1165 1476/131/1164
f 1476/131/1164 1477/132/1165 1478/133/904
f 1478/133/904 1477/132/1165 1479/134/1166
f 1480/135/1167 1479/134/1166 1481/136/1168
f 1479/134/1166 1477/132/1165 1481/136/1168
f 1477/132/1165 1475/130/901 1481/136/1168
f 1475/130/901 1482/137/908 1481/136/1168
f 1483/61/909 1484/59/834 1485/62/835
f 1484/59/834 1486/60/853 1485/62/835
f 1487/63/910 1485/62/835 1488/64/1169
f 1485/62/835 1486/60/853 1488/64/1169
f 1489/65/839 1488/64/1169 1490/58/840
f 1488/64/1169 1486/60/853 1490/58/840
f 1486/60/853 1484/59/834 1490/58/840
f 1484/59/834 1491/57/855 1490/58/840
f 1492/48/1170 1493/49/1171 1494/50/914
f 1493/49/1171 1495/51/666 1494/50/914
f 1496/52/915 1494/50/914 1497/53/1172
f 1494/50/914 1495/51/666 1497/53/1172
f 1498/54/669 1497/53/1172 1499/55/917
f 1497/53/1172 1495/51/666 1499/55/917
f 1495/51/666 1493/49/1171 1499/55/917
f 1493/49/1171 1500/56/671 1499/55/917
f 1501/61/919 1502/59/920 1503/62/1173
f 1502/59/920 1504/60/1174 1503/62/1173
f 1505/63/923 1503/62/1173 1506/64/924
f 1503/62/1173 1504/60/1174 1506/64/924
f 1507/65/925 1506/64/924 1508/58/1175
f 1506/64/924 1504/60/1174 1508/58/1175
f 1504/60/1174 1502/59/920 1508/58/1175
f 1502/59/920 1509/57/927 1508/58/1175
f 1510/61/1176 1511/59/929 1512/62/1177
f 1511/59/929 1513/60/931 1512/62/1177
f 1514/63/932 1512/62/1177 1515/64/1178
f 1512/62/1177 1513/60/931 1515/64/1178
f 1516/65/934 1515/64/1178 1517/58/935
f 1515/64/1178 1513/60/931 1517/58/935
f 1513/60/931 1511/59/929 1517/58/935
f 1511/59/929 1518/57/936 1517/58/935
f 1519/120/1179 1520/123/1180 1521/122/1181
f 1522/124/1182 1521/122/1181 1523/125/941
f 1521/122/1181 1520/123/1180 1523/125/941
f 1523/125/941 1520/123/1180 1524/126/942
f 1524/126/942 1520/123/1180 1525/127/1183
f 1526/128/944 1525/127/1183 1527/121/1184
f 1525/127/1183 1520/123/1180 1527/121/1184
f 1520/123/1180 1519/120/1179 1527/121/1184
f 1528/48/1170 1529/49/664 1530/50/1072
f 1529/49/664 1531/51/666 1530/50/1072
f 1532/52/667 1530/50/1072 1533/53/947
f 1530/50/1072 1531/51/666 1533/53/947
f 1534/54/669 1533/53/947 1535/55/948
f 1533/53/947 1531/51/666 1535/55/948
f 1531/51/666 1529/49/664 1535/55/948
f 1529/49/664 1536/56/949 1535/55/948
f 1537/129/1185 1538/130/951 1539/131/952
f 1538/130/951 1540/132/1186 1539/131/952
f 1539/131/952 1540/132/1186 1541/133/1187
f 1541/133/1187 1540/132/1186 1542/134/1188
f 1543/135/1189 1542/134/1188 1544/136/1190
f 1542/134/1188 1540/132/1186 1544/136/1190
f 1540/132/1186 1538/130/951 1544/136/1190
f 1538/130/951 1545/137/958 1544/136/1190
f 1546/93/1191 1547/94/1192 1548/95/1193
f 1547/94/1192 1549/96/962 1548/95/1193
f 1550/97/963 1548/95/1193 1551/98/964
f 1548/95/1193 1549/96/962 1551/98/964
f 1552/99/965 1551/98/964 1553/100/1194
f 1551/98/964 1549/96/962 1553/100/1194
f 1553/100/1194 1549/96/962 1554/101/967
f 1549/96/962 1547/94/1192 1554/101/967
f 1555/75/968 1556/76/1195 1557/77/970
f 1556/76/1195 1558/78/971 1557/77/970
f 1557/77/970 1558/78/971 1559/79/972
f 1559/79/972 1558/78/971 1560/80/973
f 1560/80/973 1558/78/971 1561/81/1196
f 1561/81/1196 1558/78/971 1562/82/975
f 1562/82/975 1558/78/971 1563/83/976
f 1558/78/971 1556/76/1195 1563/83/976
f 1564/48/1197 1565/49/978 1566/50/1198
f 1565/49/978 1567/51/1199 1566/50/1198
f 1568/52/981 1566/50/1198 1569/53/1200
f 1566/50/1198 1567/51/1199 1569/53/1200
f 1570/54/1201 1569/53/1200 1571/55/1202
f 1569/53/1200 1567/51/1199 1571/55/1202
f 1567/51/1199 1565/49/978 1571/55/1202
f 1565/49/978 1572/56/1203 1571/55/1202
f 1573/48/1204 1574/49/1205 1575/50/988
f 1574/49/1205 1576/51/989 1575/50/988
f 1577/52/990 1575/50/988 1578/53/1206
f 1575/50/988 1576/51/989 1578/53/1206
f 1579/54/992 1578/53/1206 1580/55/993
f 1578/53/1206 1576/51/989 1580/55/993
f 1576/51/989 1574/49/1205 1580/55/993
f 1574/49/1205 1581/56/994 1580/55/993
f 1582/111/995 1583/112/996 1584/113/1207
f 1584/113/1207 1583/112/996 1585/114/998
f 1585/114/998 1583/112/996 1586/115/999
f 1586/115/999 1583/112/996 1587/116/1208
f 1588/117/1001 1587/116/1208 1589/118/1209
f 1587/116/1208 1583/112/996 1589/118/1209
f 1583/112/996 1582/111/995 1589/118/1209
f 1582/111/995 1590/119/1003 1589/118/1209
f 1591/93/1004 1592/94/1210 1593/95/1006
f 1592/94/1210 1594/96/1007 1593/95/1006
f 1595/97/1008 1593/95/1006 1596/98/1009
f 1593/95/1006 1594/96/1007 1596/98/1009
f 1596/98/1009 1594/96/1007 1597/99/1010
f 1597/99/1010 1594/96/1007 1598/100/1011
f 1598/100/1011 1594/96/1007 1599/101/1012
f 1594/96/1007 1592/94/1210 1599/101/1012
f 1600/1/1 1601/2/2 1602/3/3
f 1603/4/4 1604/5/5 1605/6/1211
f 1606/7/7 1607/8/8 1608/9/9
f 1607/8/8 1605/6/1211 1608/9/9
f 1605/6/1211 1604/5/5 1608/9/9
f 1604/5/5 1602/3/3 1608/9/9
f 1602/3/3 1601/2/2 1608/9/9
f 1609/10/10 1610/11/11 1611/12/12
f 1610/11/11 1612/13/13 1611/12/12
f 1611/12/12 1612/13/13 1613/14/1212
f 1612/13/13 1614/15/15 1613/14/1212
f 1613/14/1212 1614/15/15 1615/16/1213
f 1614/15/15 1616/17/17 1615/16/1213
f 1616/17/17 1617/18/1214 1615/16/1213
f 1618/18/19 1619/17/1215 1620/16/1216
f 1621/19/22 1622/20/1217 1623/21/24
f 1623/21/24 1622/20/1217 1624/11/25
f 1622/20/1217 1625/12/1218 1624/11/25
f 1625/12/1218 1626/14/1219 1624/11/25
f 1624/11/25 1626/14/1219 1627/13/28
f 1627/13/28 1626/14/1219 1628/15/29
f 1626/14/1219 1620/16/1216 1628/15/29
f 1620/16/1216 1619/17/1215 1628/15/29
f 1629/22/1220 1630/23/31 1631/24/32
f 1630/23/31 1632/25/33 1631/24/32
f 1632/25/33 1633/26/34 1631/24/32
f 1631/24/32 1633/26/34 1634/27/1221
f 1633/26/34 1635/12/36 1634/27/1221
f 1634/27/1221 1635/12/36 1636/11/1222
f 1637/28/1223 1636/11/1222 1638/14/39
f 1636/11/1222 1635/12/36 1638/14/39
f 1639/23/1224 1640/29/41 1641/22/42
f 1641/22/42 1640/29/41 1642/30/1225
f 1642/30/1225 1640/29/41 1643/31/44
f 1640/29/41 1644/32/1226 1643/31/44
f 1644/32/1226 1645/26/1227 1643/31/44
f 1643/31/44 1645/26/1227 1646/27/47
f 1645/26/1227 1647/14/1228 1646/27/47
f 1647/14/1228 1648/33/49 1646/27/47
f 1649/34/50 1650/35/1229 1651/36/52
f 1650/35/1229 1652/37/1230 1651/36/52
f 1651/36/52 1652/37/1230 1653/38/54
f 1654/17/55 1653/38/54 1655/18/1231
f 1653/38/54 1652/37/1230 1655/18/1231
f 1656/39/1232 1657/40/58 1658/41/59
f 1657/40/58 1659/42/60 1658/41/59
f 1660/43/61 1658/41/59 1661/44/1233
f 1658/41/59 1659/42/60 1661/44/1233
f 1662/45/63 1661/44/1233 1663/46/1234
f 1661/44/1233 1659/42/60 1663/46/1234
f 1659/42/60 1657/40/58 1663/46/1234
f 1663/46/1234 1657/40/58 1664/47/65
f 1665/48/1235 1666/49/67 1667/50/68
f 1666/49/67 1668/51/1236 1667/50/68
f 1669/52/70 1667/50/68 1670/53/71
f 1667/50/68 1668/51/1236 1670/53/71
f 1671/54/72 1670/53/71 1672/55/73
f 1670/53/71 1668/51/1236 1672/55/73
f 1668/51/1236 1666/49/67 1672/55/73
f 1666/49/67 1673/56/74 1672/55/73
f 1674/48/75 1675/49/76 1676/50/1237
f 1675/49/76 1677/51/78 1676/50/1237
f 1678/52/79 1676/50/1237 1679/53/1238
f 1676/50/1237 1677/51/78 1679/53/1238
f 1679/53/1238 1677/51/78 1680/54/81
f 1680/54/81 1677/51/78 1681/55/1239
f 1677/51/78 1675/49/76 1681/55/1239
f 1675/49/76 1682/56/83 1681/55/1239
f 1683/48/84 1684/49/1240 1685/50/1241
f 1684/49/1240 1686/51/1242 1685/50/1241
f 1687/52/88 1685/50/1241 1688/53/89
f 1685/50/1241 1686/51/1242 1688/53/89
f 1689/54/90 1688/53/89 1690/55/1243
f 1688/53/89 1686/51/1242 1690/55/1243
f 1686/51/1242 1684/49/1240 1690/55/1243
f 1684/49/1240 1691/56/1244 1690/55/1243
f 1692/57/1245 1693/58/94 1694/59/1246
f 1693/58/94 1695/60/1247 1694/59/1246
f 1696/61/1248 1694/59/1246 1697/62/98
f 1694/59/1246 1695/60/1247 1697/62/98
f 1698/63/99 1697/62/98 1699/64/100
f 1697/62/98 1695/60/1247 1699/64/100
f 1699/64/100 1695/60/1247 1700/65/1249
f 1695/60/1247 1693/58/94 1700/65/1249
f 1701/66/102 1702/67/103 1703/68/104
f 1702/67/103 1704/69/105 1703/68/104
f 1703/68/104 1704/69/105 1705/70/106
f 1705/70/106 1704/69/105 1706/71/1250
f 1706/71/1250 1704/69/105 1707/72/108
f 1707/72/108 1704/69/105 1708/73/109
f 1704/69/105 1702/67/103 1708/73/109
f 1702/67/103 1709/74/110 1708/73/109
f 1710/66/1251 1711/67/112 1712/68/113
f 1711/67/112 1713/69/114 1712/68/113
f 1712/68/113 1713/69/114 1714/70/115
f 1714/70/115 1713/69/114 1715/71/1252
f 1715/71/1252 1713/69/114 1716/72/117
f 1716/72/117 1713/69/114 1717/73/118
f 1713/69/114 1711/67/112 1717/73/118
f 1711/67/112 1718/74/119 1717/73/118
f 1719/66/120 1720/67/1253 1721/68/122
f 1720/67/1253 1722/69/123 1721/68/122
f 1721/68/122 1722/69/123 1723/70/124
f 1723/70/124 1722/69/123 1724/71/125
f 1724/71/125 1722/69/123 1725/72/126
f 1725/72/126 1722/69/123 1726/73/127
f 1722/69/123 1720/67/1253 1726/73/127
f 1720/67/1253 1727/74/130 1726/73/127
f 1728/66/1254 1729/67/121 1730/68/122
f 1729/67/121 1731/69/123 1730/68/122
f 1730/68/122 1731/69/123 1732/70/129
f 1732/70/129 1731/69/123 1733/71/125
f 1733/71/125 1731/69/123 1734/72/126
f 1734/72/126 1731/69/123 1735/73/127
f 1731/69/123 1729/67/121 1735/73/127
f 1729/67/121 1736/74/1255 1735/73/127
f 1737/66/131 1738/67/112 1739/68/1256
f 1738/67/112 1740/69/114 1739/68/1256
f 1739/68/1256 1740/69/114 1741/70/1257
f 1741/70/1257 1740/69/114 1742/71/1252
f 1742/71/1252 1740/69/114 1743/72/1258
f 1743/72/1258 1740/69/114 1744/73/1259
f 1740/69/114 1738/67/112 1744/73/1259
f 1738/67/112 1745/74/119 1744/73/1259
f 1746/75/135 1747/76/1260 1748/77/137
f 1747/76/1260 1749/78/1261 1748/77/137
f 1748/77/137 1749/78/1261 1750/79/139
f 1750/79/139 1749/78/1261 1751/80/1262
f 1751/80/1262 1749/78/1261 1752/81/141
f 1752/81/141 1749/78/1261 1753/82/142
f 1749/78/1261 1747/76/1260 1753/82/142
f 1747/76/1260 1754/83/143 1753/82/142
f 1755/48/1263 1756/49/145 1757/50/1264
f 1756/49/145 1758/51/1265 1757/50/1264
f 1759/52/1266 1757/50/1264 1760/53/149
f 1757/50/1264 1758/51/1265 1760/53/149
f 1761/54/150 1760/53/149 1762/55/151
f 1760/53/149 1758/51/1265 1762/55/151
f 1758/51/1265 1756/49/145 1762/55/151
f 1756/49/145 1763/56/152 1762/55/151
f 1764/48/1267 1765/49/154 1766/50/438
f 1765/49/154 1767/51/156 1766/50/438
f 1768/52/157 1766/50/438 1769/53/158
f 1766/50/438 1767/51/156 1769/53/158
f 1770/54/159 1769/53/158 1771/55/160
f 1769/53/158 1767/51/156 1771/55/160
f 1767/51/156 1765/49/154 1771/55/160
f 1765/49/154 1772/56/161 1771/55/160
f 1773/84/162 1774/85/163 1775/86/1268
f 1774/85/163 1776/87/1269 1775/86/1268
f 1777/88/166 1775/86/1268 1778/89/167
f 1775/86/1268 1776/87/1269 1778/89/167
f 1779/90/1270 1778/89/167 1780/91/169
f 1778/89/167 1776/87/1269 1780/91/169
f 1776/87/1269 1774/85/163 1780/91/169
f 1774/85/163 1781/92/170 1780/91/169
f 1782/61/171 1783/59/172 1784/62/1271
f 1783/59/172 1785/60/174 1784/62/1271
f 1786/63/175 1784/62/1271 1787/64/176
f 1784/62/1271 1785/60/174 1787/64/176
f 1788/65/1272 1787/64/176 1789/58/1273
f 1787/64/176 1785/60/174 1789/58/1273
f 1785/60/174 1783/59/172 1789/58/1273
f 1783/59/172 1790/57/179 1789/58/1273
f 1791/61/1274 1792/59/181 1793/62/182
f 1792/59/181 1794/60/1275 1793/62/182
f 1795/63/1276 1793/62/182 1796/64/185
f 1793/62/182 1794/60/1275 1796/64/185
f 1797/65/186 1796/64/185 1798/58/1277
f 1796/64/185 1794/60/1275 1798/58/1277
f 1794/60/1275 1792/59/181 1798/58/1277
f 1792/59/181 1799/57/1278 1798/58/1277
f 1800/61/189 1801/59/1279 1802/62/191
f 1801/59/1279 1803/60/1280 1802/62/191
f 1804/63/1281 1802/62/191 1805/64/194
f 1802/62/191 1803/60/1280 1805/64/194
f 1806/65/1282 1805/64/194 1807/58/196
f 1805/64/194 1803/60/1280 1807/58/196
f 1803/60/1280 1801/59/1279 1807/58/196
f 1801/59/1279 1808/57/197 1807/58/196
f 1809/93/198 1810/94/1283 1811/95/1284
f 1810/94/1283 1812/96/201 1811/95/1284
f 1813/97/1285 1811/95/1284 1814/98/203
f 1811/95/1284 1812/96/201 1814/98/203
f 1815/99/1286 1814/98/203 1816/100/205
f 1814/98/203 1812/96/201 1816/100/205
f 1816/100/205 1812/96/201 1817/101/206
f 1812/96/201 1810/94/1283 1817/101/206
f 1818/93/207 1819/94/208 1820/95/1287
f 1819/94/208 1821/96/1288 1820/95/1287
f 1822/97/1289 1820/95/1287 1823/98/212
f 1820/95/1287 1821/96/1288 1823/98/212
f 1823/98/212 1821/96/1288 1824/99/213
f 1824/99/213 1821/96/1288 1825/100/214
f 1825/100/214 1821/96/1288 1826/101/215
f 1821/96/1288 1819/94/208 1826/101/215
f 1827/75/216 1828/76/217 1829/77/218
f 1828/76/217 1830/78/1290 1829/77/218
f 1829/77/218 1830/78/1290 1831/79/220
f 1831/79/220 1830/78/1290 1832/80/221
f 1832/80/221 1830/78/1290 1833/81/222
f 1833/81/222 1830/78/1290 1834/82/223
f 1834/82/223 1830/78/1290 1835/83/224
f 1830/78/1290 1828/76/217 1835/83/224
f 1836/102/225 1837/103/226 1838/104/227
f 1837/103/226 1839/105/1291 1838/104/227
f 1840/106/229 1838/104/227 1841/107/230
f 1838/104/227 1839/105/1291 1841/107/230
f 1842/108/1292 1841/107/230 1843/109/1293
f 1841/107/230 1839/105/1291 1843/109/1293
f 1839/105/1291 1837/103/226 1843/109/1293
f 1837/103/226 1844/110/1294 1843/109/1293
f 1845/111/1295 1846/112/1296 1847/113/1297
f 1847/113/1297 1846/112/1296 1848/114/237
f 1848/114/237 1846/112/1296 1849/115/238
f 1849/115/238 1846/112/1296 1850/116/239
f 1851/117/240 1850/116/239 1852/118/1298
f 1850/116/239 1846/112/1296 1852/118/1298
f 1846/112/1296 1845/111/1295 1852/118/1298
f 1845/111/1295 1853/119/1299 1852/118/1298
f 1854/61/243 1855/59/244 1856/62/245
f 1855/59/244 1857/60/246 1856/62/245
f 1858/63/247 1856/62/245 1859/64/248
f 1856/62/245 1857/60/246 1859/64/248
f 1860/65/1300 1859/64/248 1861/58/250
f 1859/64/248 1857/60/246 1861/58/250
f 1857/60/246 1855/59/244 1861/58/250
f 1855/59/244 1862/57/251 1861/58/250
f 1863/65/252 1864/58/253 1865/64/254
f 1864/58/253 1866/60/1301 1865/64/254
f 1867/63/256 1865/64/254 1868/62/1302
f 1865/64/254 1866/60/1301 1868/62/1302
f 1868/62/1302 1866/60/1301 1869/61/1303
f 1869/61/1303 1866/60/1301 1870/59/259
f 1866/60/1301 1864/58/253 1870/59/259
f 1864/58/253 1871/57/260 1870/59/259
f 1872/39/261 1873/40/1304 1874/41/1305
f 1873/40/1304 1875/42/264 1874/41/1305
f 1876/43/265 1874/41/1305 1877/44/266
f 1874/41/1305 1875/42/264 1877/44/266
f 1878/45/1306 1877/44/266 1879/46/1307
f 1877/44/266 1875/42/264 1879/46/1307
f 1875/42/264 1873/40/1304 1879/46/1307
f 1879/46/1307 1873/40/1304 1880/47/269
f 1881/75/270 1882/76/1308 1883/77/1309
f 1882/76/1308 1884/78/273 1883/77/1309
f 1883/77/1309 1884/78/273 1885/79/274
f 1885/79/274 1884/78/273 1886/80/275
f 1886/80/275 1884/78/273 1887/81/1310
f 1887/81/1310 1884/78/273 1888/82/1311
f 1888/82/1311 1884/78/273 1889/83/1312
f 1884/78/273 1882/76/1308 1889/83/1312
f 1890/120/1313 1891/121/280 1892/122/281
f 1891/121/280 1893/123/282 1892/122/281
f 1894/124/283 1892/122/281 1895/125/1314
f 1892/122/281 1893/123/282 1895/125/1314
f 1895/125/1314 1893/123/282 1896/126/285
f 1896/126/285 1893/123/282 1897/127/1315
f 1893/123/282 1891/121/280 1897/127/1315
f 1897/127/1315 1891/121/280 1898/128/1316
f 1899/74/288 1900/73/1317 1901/67/290
f 1900/73/1317 1902/69/291 1901/67/290
f 1903/66/1318 1901/67/290 1904/68/293
f 1901/67/290 1902/69/291 1904/68/293
f 1904/68/293 1902/69/291 1905/70/1319
f 1905/70/1319 1902/69/291 1906/71/295
f 1906/71/295 1902/69/291 1907/72/296
f 1902/69/291 1900/73/1317 1907/72/296
f 1908/120/1320 1909/123/298 1910/122/1321
f 1911/124/1322 1910/122/1321 1912/125/1323
f 1910/122/1321 1909/123/298 1912/125/1323
f 1912/125/1323 1909/123/298 1913/126/302
f 1913/126/302 1909/123/298 1914/127/1324
f 1915/128/304 1914/127/1324 1916/121/305
f 1914/127/1324 1909/123/298 1916/121/305
f 1909/123/298 1908/120/1320 1916/121/305
f 1917/48/1325 1918/49/307 1919/50/308
f 1918/49/307 1920/51/309 1919/50/308
f 1921/52/1326 1919/50/308 1922/53/311
f 1919/50/308 1920/51/309 1922/53/311
f 1923/54/1327 1922/53/311 1924/55/1328
f 1922/53/311 1920/51/309 1924/55/1328
f 1920/51/309 1918/49/307 1924/55/1328
f 1918/49/307 1925/56/314 1924/55/1328
f 1926/93/315 1927/94/316 1928/95/317
f 1927/94/316 1929/96/318 1928/95/317
f 1930/97/319 1928/95/317 1931/98/1329
f 1928/95/317 1929/96/318 1931/98/1329
f 1932/99/1330 1931/98/1329 1933/100/322
f 1931/98/1329 1929/96/318 1933/100/322
f 1933/100/322 1929/96/318 1934/101/323
f 1929/96/318 1927/94/316 1934/101/323
f 1935/61/324 1936/59/325 1937/62/326
f 1936/59/325 1938/60/1331 1937/62/326
f 1939/63/328 1937/62/326 1940/64/1332
f 1937/62/326 1938/60/1331 1940/64/1332
f 1941/65/345 1940/64/1332 1942/58/331
f 1940/64/1332 1938/60/1331 1942/58/331
f 1938/60/1331 1936/59/325 1942/58/331
f 1936/59/325 1943/57/346 1942/58/331
f 1944/61/333 1945/59/334 1946/62/1333
f 1945/59/334 1947/60/336 1946/62/1333
f 1948/63/1334 1946/62/1333 1949/64/338
f 1946/62/1333 1947/60/336 1949/64/338
f 1950/65/339 1949/64/338 1951/58/340
f 1949/64/338 1947/60/336 1951/58/340
f 1947/60/336 1945/59/334 1951/58/340
f 1945/59/334 1952/57/1335 1951/58/340
f 1953/61/342 1954/59/1336 1955/62/326
f 1954/59/1336 1956/60/327 1955/62/326
f 1957/63/401 1955/62/326 1958/64/1337
f 1955/62/326 1956/60/327 1958/64/1337
f 1959/65/345 1958/64/1337 1960/58/331
f 1958/64/1337 1956/60/327 1960/58/331
f 1956/60/327 1954/59/1336 1960/58/331
f 1954/59/1336 1961/57/403 1960/58/331
f 1962/93/1338 1963/95/348 1964/94/349
f 1963/95/348 1965/96/1339 1964/94/349
f 1964/94/349 1965/96/1339 1966/101/351
f 1966/101/351 1965/96/1339 1967/100/1340
f 1967/100/1340 1965/96/1339 1968/99/1341
f 1968/99/1341 1965/96/1339 1969/98/1342
f 1965/96/1339 1963/95/348 1969/98/1342
f 1969/98/1342 1963/95/348 1970/97/355
f 1971/61/356 1972/59/357 1973/62/1343
f 1972/59/357 1974/60/1344 1973/62/1343
f 1975/63/360 1973/62/1343 1976/64/1345
f 1973/62/1343 1974/60/1344 1976/64/1345
f 1977/65/362 1976/64/1345 1978/58/1346
f 1976/64/1345 1974/60/1344 1978/58/1346
f 1974/60/1344 1972/59/357 1978/58/1346
f 1972/59/357 1979/57/1347 1978/58/1346
f 1980/39/1348 1981/40/366 1982/41/1349
f 1981/40/366 1983/42/1350 1982/41/1349
f 1984/43/1351 1982/41/1349 1985/44/370
f 1982/41/1349 1983/42/1350 1985/44/370
f 1986/45/371 1985/44/370 1987/46/372
f 1985/44/370 1983/42/1350 1987/46/372
f 1983/42/1350 1981/40/366 1987/46/372
f 1987/46/372 1981/40/366 1988/47/373
f 1989/84/1352 1990/85/1353 1991/86/376
f 1990/85/1353 1992/87/377 1991/86/376
f 1993/88/378 1991/86/376 1994/89/379
f 1991/86/376 1992/87/377 1994/89/379
f 1995/90/1354 1994/89/379 1996/91/381
f 1994/89/379 1992/87/377 1996/91/381
f 1992/87/377 1990/85/1353 1996/91/381
f 1990/85/1353 1997/92/382 1996/91/381
f 1998/93/383 1999/94/384 2000/95/385
f 1999/94/384 2001/96/386 2000/95/385
f 2002/97/1355 2000/95/385 2003/98/388
f 2000/95/385 2001/96/386 2003/98/388
f 2004/99/389 2003/98/388 2005/100/390
f 2003/98/388 2001/96/386 2005/100/390
f 2001/96/386 1999/94/384 2005/100/390
f 2005/100/390 1999/94/384 2006/101/391
f 2007/129/392 2008/130/1356 2009/131/394
f 2008/130/1356 2010/132/1357 2009/131/394
f 2009/131/394 2010/132/1357 2011/133/1358
f 2011/133/1358 2010/132/1357 2012/134/397
f 2013/135/398 2012/134/397 2014/136/399
f 2012/134/397 2010/132/1357 2014/136/399
f 2010/132/1357 2008/130/1356 2014/136/399
f 2008/130/1356 2015/137/400 2014/136/399
f 2016/61/342 2017/59/1336 2018/62/326
f 2017/59/1336 2019/60/327 2018/62/326
f 2020/63/343 2018/62/326 2021/64/1332
f 2018/62/326 2019/60/327 2021/64/1332
f 2022/65/330 2021/64/1332 2023/58/1359
f 2021/64/1332 2019/60/327 2023/58/1359
f 2019/60/327 2017/59/1336 2023/58/1359
f 2017/59/1336 2024/57/403 2023/58/1359
f 2025/48/404 2026/49/405 2027/50/406
f 2026/49/405 2028/51/156 2027/50/406
f 2029/52/1360 2027/50/406 2030/53/1361
f 2027/50/406 2028/51/156 2030/53/1361
f 2031/54/159 2030/53/1361 2032/55/1362
f 2030/53/1361 2028/51/156 2032/55/1362
f 2028/51/156 2026/49/405 2032/55/1362
f 2026/49/405 2033/56/409 2032/55/1362
f 2034/61/410 2035/59/1363 2036/62/412
f 2035/59/1363 2037/60/1364 2036/62/412
f 2038/63/414 2036/62/412 2039/64/415
f 2036/62/412 2037/60/1364 2039/64/415
f 2040/65/1365 2039/64/415 2041/58/417
f 2039/64/415 2037/60/1364 2041/58/417
f 2037/60/1364 2035/59/1363 2041/58/417
f 2035/59/1363 2042/57/418 2041/58/417
f 2043/61/419 2044/59/420 2045/62/1366
f 2044/59/420 2046/60/422 2045/62/1366
f 2047/63/423 2045/62/1366 2048/64/1367
f 2045/62/1366 2046/60/422 2048/64/1367
f 2049/65/1368 2048/64/1367 2050/58/426
f 2048/64/1367 2046/60/422 2050/58/426
f 2046/60/422 2044/59/420 2050/58/426
f 2044/59/420 2051/57/427 2050/58/426
f 2052/120/428 2053/123/1369 2054/122/430
f 2055/124/431 2054/122/430 2056/125/432
f 2054/122/430 2053/123/1369 2056/125/432
f 2056/125/432 2053/123/1369 2057/126/1370
f 2057/126/1370 2053/123/1369 2058/127/434
f 2059/128/435 2058/127/434 2060/121/1371
f 2058/127/434 2053/123/1369 2060/121/1371
f 2053/123/1369 2052/120/428 2060/121/1371
f 2061/48/404 2062/49/437 2063/50/1372
f 2062/49/437 2064/51/156 2063/50/1372
f 2065/52/157 2063/50/1372 2066/53/440
f 2063/50/1372 2064/51/156 2066/53/440
f 2067/54/159 2066/53/440 2068/55/1362
f 2066/53/440 2064/51/156 2068/55/1362
f 2064/51/156 2062/49/437 2068/55/1362
f 2062/49/437 2069/56/442 2068/55/1362
f 2070/129/443 2071/130/1373 2072/131/1374
f 2071/130/1373 2073/132/1375 2072/131/1374
f 2072/131/1374 2073/132/1375 2074/133/1376
f 2074/133/1376 2073/132/1375 2075/134/448
f 2076/135/449 2075/134/448 2077/136/1377
f 2075/134/448 2073/132/1375 2077/136/1377
f 2073/132/1375 2071/130/1373 2077/136/1377
f 2071/130/1373 2078/137/1378 2077/136/1377
f 2079/93/1379 2080/94/453 2081/95/454
f 2080/94/453 2082/96/1380 2081/95/454
f 2083/97/1381 2081/95/454 2084/98/457
f 2081/95/454 2082/96/1380 2084/98/457
f 2085/99/458 2084/98/457 2086/100/459
f 2084/98/457 2082/96/1380 2086/100/459
f 2086/100/459 2082/96/1380 2087/101/1382
f 2082/96/1380 2080/94/453 2087/101/1382
f 2088/75/461 2089/76/462 2090/77/463
f 2089/76/462 2091/78/1383 2090/77/463
f 2090/77/463 2091/78/1383 2092/79/465
f 2092/79/465 2091/78/1383 2093/80/1384
f 2093/80/1384 2091/78/1383 2094/81/1385
f 2094/81/1385 2091/78/1383 2095/82/1386
f 2095/82/1386 2091/78/1383 2096/83/469
f 2091/78/1383 2089/76/462 2096/83/469
f 2097/48/1387 2098/49/471 2099/50/1388
f 2098/49/471 2100/51/473 2099/50/1388
f 2101/52/474 2099/50/1388 2102/53/1389
f 2099/50/1388 2100/51/473 2102/53/1389
f 2103/54/1390 2102/53/1389 2104/55/477
f 2102/53/1389 2100/51/473 2104/55/477
f 2100/51/473 2098/49/471 2104/55/477
f 2098/49/471 2105/56/478 2104/55/477
f 2106/48/1391 2107/49/480 2108/50/1392
f 2107/49/480 2109/51/1393 2108/50/1392
f 2110/52/1394 2108/50/1392 2111/53/484
f 2108/50/1392 2109/51/1393 2111/53/484
f 2112/54/485 2111/53/484 2113/55/1395
f 2111/53/484 2109/51/1393 2113/55/1395
f 2109/51/1393 2107/49/480 2113/55/1395
f 2107/49/480 2114/56/1396 2113/55/1395
f 2115/111/488 2116/112/1397 2117/113/1398
f 2117/113/1398 2116/112/1397 2118/114/491
f 2118/114/491 2116/112/1397 2119/115/492
f 2119/115/492 2116/112/1397 2120/116/493
f 2121/117/494 2120/116/493 2122/118/495
f 2120/116/493 2116/112/1397 2122/118/495
f 2116/112/1397 2115/111/488 2122/118/495
f 2115/111/488 2123/119/496 2122/118/495
f 2124/93/497 2125/94/1399 2126/95/1400
f 2125/94/1399 2127/96/500 2126/95/1400
f 2128/97/501 2126/95/1400 2129/98/502
f 2126/95/1400 2127/96/500 2129/98/502
f 2129/98/502 2127/96/500 2130/99/503
f 2130/99/503 2127/96/500 2131/100/504
f 2131/100/504 2127/96/500 2132/101/1401
f 2127/96/500 2125/94/1399 2132/101/1401
f 2133/138/1402 2134/139/1403 2135/140/1404
f 2134/139/1403 2136/141/1405 2135/140/1404
f 2137/142/1406 2135/140/1404 2138/143/1407
f 2135/140/1404 2136/141/1405 2138/143/1407
f 2139/144/1408 2138/143/1407 2140/145/1409
f 2138/143/1407 2136/141/1405 2140/145/1409
f 2140/145/1409 2136/141/1405 2141/146/1410
f 2136/141/1405 2134/139/1403 2141/146/1410
f 2142/147/1411 2143/148/1412 2144/149/1413
f 2143/148/1412 2145/150/1414 2144/149/1413
f 2144/149/1413 2145/150/1414 2146/151/1415
f 2146/151/1415 2145/150/1414 2147/152/1416
f 2148/153/1417 2147/152/1416 2149/154/1418
f 2147/152/1416 2145/150/1414 2149/154/1418
f 2145/150/1414 2143/148/1412 2149/154/1418
f 2143/148/1412 2150/155/1419 2149/154/1418
f 2151/147/1420 2152/148/1421 2153/149/1422
f 2152/148/1421 2154/150/1423 2153/149/1422
f 2153/149/1422 2154/150/1423 2155/151/1424
f 2155/151/1424 2154/150/1423 2156/152/1425
f 2157/153/1426 2156/152/1425 2158/154/1427
f 2156/152/1425 2154/150/1423 2158/154/1427
f 2154/150/1423 2152/148/1421 2158/154/1427
f 2152/148/1421 2159/155/1428 2158/154/1427
f 2160/147/1429 2161/148/1412 2162/149/1413
f 2161/148/1412 2163/150/1414 2162/149/1413
f 2162/149/1413 2163/150/1414 2164/151/1415
f 2164/151/1415 2163/150/1414 2165/152/1416
f 2166/153/1417 2165/152/1416 2167/154/1418
f 2165/152/1416 2163/150/1414 2167/154/1418
f 2163/150/1414 2161/148/1412 2167/154/1418
f 2161/148/1412 2168/155/1430 2167/154/1418
f 2169/147/1431 2170/148/1412 2171/149/1432
f 2170/148/1412 2172/150/1414 2171/149/1432
f 2171/149/1432 2172/150/1414 2173/151/1415
f 2173/151/1415 2172/150/1414 2174/152/1416
f 2175/153/1433 2174/152/1416 2176/154/1418
f 2174/152/1416 2172/150/1414 2176/154/1418
f 2172/150/1414 2170/148/1412 2176/154/1418
f 2170/148/1412 2177/155/1430 2176/154/1418
f 2178/147/1434 2179/148/1421 2180/149/1435
f 2179/148/1421 2181/150/1436 2180/149/1435
f 2180/149/1435 2181/150/1436 2182/151/1437
f 2182/151/1437 2181/150/1436 2183/152/1425
f 2184/153/1426 2183/152/1425 2185/154/1427
f 2183/152/1425 2181/150/1436 2185/154/1427
f 2181/150/1436 2179/148/1421 2185/154/1427
f 2179/148/1421 2186/155/1438 2185/154/1427
f 2187/156/1439 2188/157/1440 2189/158/1441
f 2188/157/1440 2190/159/1442 2189/158/1441
f 2189/158/1441 2190/159/1442 2191/160/1443
f 2191/160/1443 2190/159/1442 2192/161/1444
f 2192/161/1444 2190/159/1442 2193/162/1445
f 2193/162/1445 2190/159/1442 2194/163/1446
f 2190/159/1442 2188/157/1440 2194/163/1446
f 2188/157/1440 2195/164/1447 2194/163/1446
f 2196/165/1448 2197/166/1449 2198/167/1450
f 2197/166/1449 2199/168/1451 2198/167/1450
f 2200/169/1452 2198/167/1450 2201/170/1453
f 2198/167/1450 2199/168/1451 2201/170/1453
f 2202/171/1454 2201/170/1453 2203/172/1455
f 2201/170/1453 2199/168/1451 2203/172/1455
f 2199/168/1451 2197/166/1449 2203/172/1455
f 2197/166/1449 2204/173/1456 2203/172/1455
f 2205/165/1457 2206/166/1458 2207/167/1459
f 2206/166/1458 2208/168/1460 2207/167/1459
f 2209/169/1461 2207/167/1459 2210/170/1462
f 2207/167/1459 2208/168/1460 2210/170/1462
f 2211/171/1463 2210/170/1462 2212/172/1464
f 2210/170/1462 2208/168/1460 2212/172/1464
f 2208/168/1460 2206/166/1458 2212/172/1464
f 2206/166/1458 2213/173/1465 2212/172/1464
f 2214/174/1466 2215/175/1467 2216/176/1468
f 2215/175/1467 2217/177/1469 2216/176/1468
f 2218/178/1470 2216/176/1468 2219/179/1471
f 2216/176/1468 2217/177/1469 2219/179/1471
f 2220/180/1472 2219/179/1471 2221/181/1473
f 2219/179/1471 2217/177/1469 2221/181/1473
f 2217/177/1469 2215/175/1467 2221/181/1473
f 2215/175/1467 2222/182/1474 2221/181/1473
f 2223/142/1475 2224/140/1476 2225/143/1477
f 2224/140/1476 2226/141/1478 2225/143/1477
f 2227/144/1479 2225/143/1477 2228/145/1480
f 2225/143/1477 2226/141/1478 2228/145/1480
f 2229/146/1481 2228/145/1480 2230/139/1482
f 2228/145/1480 2226/141/1478 2230/139/1482
f 2226/141/1478 2224/140/1476 2230/139/1482
f 2224/140/1476 2231/138/1483 2230/139/1482
f 2232/142/1484 2233/140/1485 2234/143/1486
f 2233/140/1485 2235/141/1487 2234/143/1486
f 2236/144/1488 2234/143/1486 2237/145/1489
f 2234/143/1486 2235/141/1487 2237/145/1489
f 2238/146/1490 2237/145/1489 2239/139/1491
f 2237/145/1489 2235/141/1487 2239/139/1491
f 2235/141/1487 2233/140/1485 2239/139/1491
f 2233/140/1485 2240/138/1492 2239/139/1491
f 2241/142/1493 2242/140/1494 2243/143/1495
f 2242/140/1494 2244/141/1496 2243/143/1495
f 2245/144/1497 2243/143/1495 2246/145/1498
f 2243/143/1495 2244/141/1496 2246/145/1498
f 2247/146/1499 2246/145/1498 2248/139/1500
f 2246/145/1498 2244/141/1496 2248/139/1500
f 2244/141/1496 2242/140/1494 2248/139/1500
f 2242/140/1494 2249/138/1501 2248/139/1500
f 2250/183/1502 2251/184/1503 2252/185/1504
f 2251/184/1503 2253/186/1505 2252/185/1504
f 2254/187/1506 2252/185/1504 2255/188/1507
f 2252/185/1504 2253/186/1505 2255/188/1507
f 2256/189/1508 2255/188/1507 2257/190/1509
f 2255/188/1507 2253/186/1505 2257/190/1509
f 2257/190/1509 2253/186/1505 2258/191/1510
f 2253/186/1505 2251/184/1503 2258/191/1510
f 2259/183/1511 2260/184/1512 2261/185/1513
f 2260/184/1512 2262/186/1514 2261/185/1513
f 2263/187/1515 2261/185/1513 2264/188/1516
f 2261/185/1513 2262/186/1514 2264/188/1516
f 2264/188/1516 2262/186/1514 2265/189/1517
f 2265/189/1517 2262/186/1514 2266/190/1518
f 2266/190/1518 2262/186/1514 2267/191/1519
f 2262/186/1514 2260/184/1512 2267/191/1519
f 2268/157/1520 2269/159/1521 2270/156/1522
f 2270/156/1522 2269/159/1521 2271/158/1523
f 2271/158/1523 2269/159/1521 2272/160/1524
f 2272/160/1524 2269/159/1521 2273/161/1525
f 2273/161/1525 2269/159/1521 2274/162/1526
f 2274/162/1526 2269/159/1521 2275/163/1527
f 2269/159/1521 2268/157/1520 2275/163/1527
f 2268/157/1520 2276/164/1528 2275/163/1527
f 2277/192/1529 2278/193/1530 2279/194/1531
f 2278/193/1530 2280/195/1532 2279/194/1531
f 2281/196/1533 2279/194/1531 2282/197/1534
f 2279/194/1531 2280/195/1532 2282/197/1534
f 2283/198/1535 2282/197/1534 2284/199/1536
f 2282/197/1534 2280/195/1532 2284/199/1536
f 2280/195/1532 2278/193/1530 2284/199/1536
f 2278/193/1530 2285/200/1537 2284/199/1536
f 2286/201/1538 2287/202/1539 2288/203/1540
f 2288/203/1540 2287/202/1539 2289/204/1541
f 2289/204/1541 2287/202/1539 2290/205/1542
f 2290/205/1542 2287/202/1539 2291/206/1543
f 2291/206/1543 2287/202/1539 2292/207/1544
f 2292/207/1544 2287/202/1539 2293/208/1545
f 2287/202/1539 2286/201/1538 2293/208/1545
f 2286/201/1538 2294/209/1546 2293/208/1545
f 2295/142/1547 2296/140/1548 2297/143/1549
f 2296/140/1548 2298/141/1550 2297/143/1549
f 2299/144/1551 2297/143/1549 2300/145/1552
f 2297/143/1549 2298/141/1550 2300/145/1552
f 2301/146/1553 2300/145/1552 2302/139/1554
f 2300/145/1552 2298/141/1550 2302/139/1554
f 2298/141/1550 2296/140/1548 2302/139/1554
f 2296/140/1548 2303/138/1555 2302/139/1554
f 2304/146/1556 2305/139/1557 2306/145/1558
f 2305/139/1557 2307/141/1559 2306/145/1558
f 2308/144/1560 2306/145/1558 2309/143/1561
f 2306/145/1558 2307/141/1559 2309/143/1561
f 2310/142/1562 2309/143/1561 2311/140/1563
f 2309/143/1561 2307/141/1559 2311/140/1563
f 2307/141/1559 2305/139/1557 2311/140/1563
f 2305/139/1557 2312/138/1564 2311/140/1563
f 2313/210/1565 2314/211/1566 2315/212/1567
f 2314/211/1566 2316/213/1568 2315/212/1567
f 2317/214/1569 2315/212/1567 2318/215/1570
f 2315/212/1567 2316/213/1568 2318/215/1570
f 2319/216/1571 2318/215/1570 2320/217/1572
f 2318/215/1570 2316/213/1568 2320/217/1572
f 2316/213/1568 2314/211/1566 2320/217/1572
f 2320/217/1572 2314/211/1566 2321/218/1573
f 2322/156/1574 2323/157/1575 2324/158/1576
f 2323/157/1575 2325/159/1577 2324/158/1576
f 2324/158/1576 2325/159/1577 2326/160/1578
f 2326/160/1578 2325/159/1577 2327/161/1579
f 2327/161/1579 2325/159/1577 2328/162/1580
f 2328/162/1580 2325/159/1577 2329/163/1581
f 2325/159/1577 2323/157/1575 2329/163/1581
f 2323/157/1575 2330/164/1582 2329/163/1581
f 2331/219/1583 2332/220/1584 2333/221/1585
f 2332/220/1584 2334/222/1586 2333/221/1585
f 2335/223/1587 2333/221/1585 2336/224/1588
f 2333/221/1585 2334/222/1586 2336/224/1588
f 2336/224/1588 2334/222/1586 2337/225/1589
f 2337/225/1589 2334/222/1586 2338/226/1458
f 2334/222/1586 2332/220/1584 2338/226/1458
f 2338/226/1458 2332/220/1584 2339/227/1590
f 2340/155/1591 2341/154/1592 2342/148/1593
f 2341/154/1592 2343/150/1594 2342/148/1593
f 2344/147/1595 2342/148/1593 2345/149/1596
f 2342/148/1593 2343/150/1594 2345/149/1596
f 2345/149/1596 2343/150/1594 2346/151/1597
f 2346/151/1597 2343/150/1594 2347/152/1598
f 2347/152/1598 2343/150/1594 2348/153/1599
f 2343/150/1594 2341/154/1592 2348/153/1599
f 2349/219/1600 2350/222/1601 2351/221/1602
f 2352/223/1603 2351/221/1602 2353/224/1604
f 2351/221/1602 2350/222/1601 2353/224/1604
f 2353/224/1604 2350/222/1601 2354/225/1605
f 2354/225/1605 2350/222/1601 2355/226/1606
f 2356/227/1607 2355/226/1606 2357/220/1608
f 2355/226/1606 2350/222/1601 2357/220/1608
f 2350/222/1601 2349/219/1600 2357/220/1608
f 2358/174/1609 2359/175/1610 2360/176/1611
f 2359/175/1610 2361/177/1612 2360/176/1611
f 2362/178/1613 2360/176/1611 2363/179/1614
f 2360/176/1611 2361/177/1612 2363/179/1614
f 2364/180/1615 2363/179/1614 2365/181/1616
f 2363/179/1614 2361/177/1612 2365/181/1616
f 2361/177/1612 2359/175/1610 2365/181/1616
f 2359/175/1610 2366/182/1617 2365/181/1616
f 2367/165/1618 2368/166/1619 2369/167/1620
f 2368/166/1619 2370/168/1621 2369/167/1620
f 2371/169/1622 2369/167/1620 2372/170/1623
f 2369/167/1620 2370/168/1621 2372/170/1623
f 2373/171/1624 2372/170/1623 2374/172/1625
f 2372/170/1623 2370/168/1621 2374/172/1625
f 2370/168/1621 2368/166/1619 2374/172/1625
f 2368/166/1619 2375/173/1626 2374/172/1625
f 2376/183/1627 2377/184/1628 2378/185/1629
f 2377/184/1628 2379/186/1630 2378/185/1629
f 2380/187/1631 2378/185/1629 2381/188/1632
f 2378/185/1629 2379/186/1630 2381/188/1632
f 2382/189/1633 2381/188/1632 2383/190/1634
f 2381/188/1632 2379/186/1630 2383/190/1634
f 2383/190/1634 2379/186/1630 2384/191/1635
f 2379/186/1630 2377/184/1628 2384/191/1635
f 2385/142/1636 2386/140/1637 2387/143/1638
f 2386/140/1637 2388/141/1639 2387/143/1638
f 2389/144/1640 2387/143/1638 2390/145/1641
f 2387/143/1638 2388/141/1639 2390/145/1641
f 2391/146/1642 2390/145/1641 2392/139/1643
f 2390/145/1641 2388/141/1639 2392/139/1643
f 2388/141/1639 2386/140/1637 2392/139/1643
f 2386/140/1637 2393/138/1644 2392/139/1643
f 2394/142/1645 2395/140/1646 2396/143/1647
f 2395/140/1646 2397/141/1648 2396/143/1647
f 2398/144/1649 2396/143/1647 2399/145/1650
f 2396/143/1647 2397/141/1648 2399/145/1650
f 2400/146/1651 2399/145/1650 2401/139/1652
f 2399/145/1650 2397/141/1648 2401/139/1652
f 2397/141/1648 2395/140/1646 2401/139/1652
f 2395/140/1646 2402/138/1653 2401/139/1652
f 2403/142/1636 2404/140/1654 2405/143/1638
f 2404/140/1654 2406/141/1639 2405/143/1638
f 2407/144/1655 2405/143/1638 2408/145/1656
f 2405/143/1638 2406/141/1639 2408/145/1656
f 2409/146/1657 2408/145/1656 2410/139/1658
f 2408/145/1656 2406/141/1639 2410/139/1658
f 2406/141/1639 2404/140/1654 2410/139/1658
f 2404/140/1654 2411/138/1659 2410/139/1658
f 2412/183/1660 2413/185/1661 2414/184/1662
f 2413/185/1661 2415/186/1663 2414/184/1662
f 2414/184/1662 2415/186/1663 2416/191/1664
f 2416/191/1664 2415/186/1663 2417/190/1665
f 2417/190/1665 2415/186/1663 2418/189/1666
f 2418/189/1666 2415/186/1663 2419/188/1667
f 2415/186/1663 2413/185/1661 2419/188/1667
f 2419/188/1667 2413/185/1661 2420/187/1668
f 2421/142/1669 2422/140/1670 2423/143/1671
f 2422/140/1670 2424/141/1672 2423/143/1671
f 2425/144/1673 2423/143/1671 2426/145/1674
f 2423/143/1671 2424/141/1672 2426/145/1674
f 2427/146/1675 2426/145/1674 2428/139/1676
f 2426/145/1674 2424/141/1672 2428/139/1676
f 2424/141/1672 2422/140/1670 2428/139/1676
f 2422/140/1670 2429/138/1677 2428/139/1676
f 2430/210/1678 2431/211/1679 2432/212/1680
f 2431/211/1679 2433/213/1681 2432/212/1680
f 2434/214/1682 2432/212/1680 2435/215/1683
f 2432/212/1680 2433/213/1681 2435/215/1683
f 2436/216/1684 2435/215/1683 2437/217/1685
f 2435/215/1683 2433/213/1681 2437/217/1685
f 2433/213/1681 2431/211/1679 2437/217/1685
f 2437/217/1685 2431/211/1679 2438/218/1686
f 2439/174/1687 2440/175/1688 2441/176/1689
f 2440/175/1688 2442/177/1690 2441/176/1689
f 2443/178/1691 2441/176/1689 2444/179/1692
f 2441/176/1689 2442/177/1690 2444/179/1692
f 2445/180/1693 2444/179/1692 2446/181/1694
f 2444/179/1692 2442/177/1690 2446/181/1694
f 2442/177/1690 2440/175/1688 2446/181/1694
f 2440/175/1688 2447/182/1695 2446/181/1694
f 2448/183/1696 2449/184/1697 2450/185/1698
f 2449/184/1697 2451/186/1699 2450/185/1698
f 2452/187/1700 2450/185/1698 2453/188/1701
f 2450/185/1698 2451/186/1699 2453/188/1701
f 2454/189/1702 2453/188/1701 2455/190/1703
f 2453/188/1701 2451/186/1699 2455/190/1703
f 2451/186/1699 2449/184/1697 2455/190/1703
f 2455/190/1703 2449/184/1697 2456/191/1704
f 2457/228/1705 2458/229/1706 2459/230/1707
f 2458/229/1706 2460/231/1708 2459/230/1707
f 2459/230/1707 2460/231/1708 2461/232/1709
f 2461/232/1709 2460/231/1708 2462/233/1710
f 2463/234/1711 2462/233/1710 2464/235/1712
f 2462/233/1710 2460/231/1708 2464/235/1712
f 2460/231/1708 2458/229/1706 2464/235/1712
f 2458/229/1706 2465/236/1713 2464/235/1712
f 2466/142/1636 2467/140/1637 2468/143/1638
f 2467/140/1637 2469/141/1639 2468/143/1638
f 2470/144/1655 2468/143/1638 2471/145/1714
f 2468/143/1638 2469/141/1639 2471/145/1714
f 2472/146/1657 2471/145/1714 2473/139/1658
f 2471/145/1714 2469/141/1639 2473/139/1658
f 2469/141/1639 2467/140/1637 2473/139/1658
f 2467/140/1637 2474/138/1659 2473/139/1658
f 2475/165/1715 2476/166/1716 2477/167/1717
f 2476/166/1716 2478/168/1718 2477/167/1717
f 2479/169/1719 2477/167/1717 2480/170/1720
f 2477/167/1717 2478/168/1718 2480/170/1720
f 2481/171/1463 2480/170/1720 2482/172/1721
f 2480/170/1720 2478/168/1718 2482/172/1721
f 2478/168/1718 2476/166/1716 2482/172/1721
f 2476/166/1716 2483/173/1465 2482/172/1721
f 2484/142/1722 2485/140/1723 2486/143/1724
f 2485/140/1723 2487/141/1725 2486/143/1724
f 2488/144/1726 2486/143/1724 2489/145/1727
f 2486/143/1724 2487/141/1725 2489/145/1727
f 2490/146/1728 2489/145/1727 2491/139/1729
f 2489/145/1727 2487/141/1725 2491/139/1729
f 2487/141/1725 2485/140/1723 2491/139/1729
f 2485/140/1723 2492/138/1730 2491/139/1729
f 2493/142/1731 2494/140/1732 2495/143/1733
f 2494/140/1732 2496/141/1734 2495/143/1733
f 2497/144/1735 2495/143/1733 2498/145/1736
f 2495/143/1733 2496/141/1734 2498/145/1736
f 2499/146/1737 2498/145/1736 2500/139/1738
f 2498/145/1736 2496/141/1734 2500/139/1738
f 2496/141/1734 2494/140/1732 2500/139/1738
f 2494/140/1732 2501/138/1739 2500/139/1738
f 2502/219/1740 2503/220/1741 2504/221/1742
f 2503/220/1741 2505/222/1743 2504/221/1742
f 2506/223/1744 2504/221/1742 2507/224/1745
f 2504/221/1742 2505/222/1743 2507/224/1745
f 2507/224/1745 2505/222/1743 2508/225/1746
f 2508/225/1746 2505/222/1743 2509/226/1747
f 2505/222/1743 2503/220/1741 2509/226/1747
f 2509/226/1747 2503/220/1741 2510/227/1748
f 2511/165/1749 2512/166/1750 2513/167/1751
f 2512/166/1750 2514/168/1460 2513/167/1751
f 2515/169/1461 2513/167/1751 2516/170/1462
f 2513/167/1751 2514/168/1460 2516/170/1462
f 2517/171/1463 2516/170/1462 2518/172/1464
f 2516/170/1462 2514/168/1460 2518/172/1464
f 2514/168/1460 2512/166/1750 2518/172/1464
f 2512/166/1750 2519/173/1752 2518/172/1464
f 2520/228/1753 2521/229/1754 2522/230/1755
f 2521/229/1754 2523/231/1756 2522/230/1755
f 2522/230/1755 2523/231/1756 2524/232/1757
f 2524/232/1757 2523/231/1756 2525/233/1758
f 2526/234/1759 2525/233/1758 2527/235/1760
f 2525/233/1758 2523/231/1756 2527/235/1760
f 2523/231/1756 2521/229/1754 2527/235/1760
f 2521/229/1754 2528/236/1761 2527/235/1760
f 2529/183/1762 2530/184/1763 2531/185/1764
f 2530/184/1763 2532/186/1765 2531/185/1764
f 2533/187/1766 2531/185/1764 2534/188/1767
f 2531/185/1764 2532/186/1765 2534/188/1767
f 2535/189/1768 2534/188/1767 2536/190/1769
f 2534/188/1767 2532/186/1765 2536/190/1769
f 2536/190/1769 2532/186/1765 2537/191/1770
f 2532/186/1765 2530/184/1763 2537/191/1770
f 2538/156/1771 2539/157/1772 2540/158/1773
f 2539/157/1772 2541/159/1774 2540/158/1773
f 2540/158/1773 2541/159/1774 2542/160/1775
f 2542/160/1775 2541/159/1774 2543/161/1776
f 2543/161/1776 2541/159/1774 2544/162/1777
f 2544/162/1777 2541/159/1774 2545/163/1778
f 2541/159/1774 2539/157/1772 2545/163/1778
f 2539/157/1772 2546/164/1779 2545/163/1778
f 2547/165/1780 2548/166/1781 2549/167/1782
f 2548/166/1781 2550/168/1783 2549/167/1782
f 2551/169/1784 2549/167/1782 2552/170/1785
f 2549/167/1782 2550/168/1783 2552/170/1785
f 2553/171/1786 2552/170/1785 2554/172/1787
f 2552/170/1785 2550/168/1783 2554/172/1787
f 2550/168/1783 2548/166/1781 2554/172/1787
f 2548/166/1781 2555/173/1788 2554/172/1787
f 2556/165/1789 2557/166/1790 2558/167/1791
f 2557/166/1790 2559/168/1792 2558/167/1791
f 2560/169/1793 2558/167/1791 2561/170/1794
f 2558/167/1791 2559/168/1792 2561/170/1794
f 2562/171/1795 2561/170/1794 2563/172/1796
f 2561/170/1794 2559/168/1792 2563/172/1796
f 2559/168/1792 2557/166/1790 2563/172/1796
f 2557/166/1790 2564/173/1797 2563/172/1796
f 2565/201/1798 2566/202/1799 2567/203/1800
f 2567/203/1800 2566/202/1799 2568/204/1801
f 2568/204/1801 2566/202/1799 2569/205/1802
f 2569/205/1802 2566/202/1799 2570/206/1803
f 2570/206/1803 2566/202/1799 2571/207/1804
f 2571/207/1804 2566/202/1799 2572/208/1805
f 2572/208/1805 2566/202/1799 2573/209/1806
f 2566/202/1799 2565/201/1798 2573/209/1806
f 2574/183/1807 2575/184/1808 2576/185/1809
f 2575/184/1808 2577/186/1810 2576/185/1809
f 2578/187/1811 2576/185/1809 2579/188/1812
f 2576/185/1809 2577/186/1810 2579/188/1812
f 2580/189/1813 2579/188/1812 2581/190/1814
f 2579/188/1812 2577/186/1810 2581/190/1814
f 2581/190/1814 2577/186/1810 2582/191/1815
f 2577/186/1810 2575/184/1808 2582/191/1815
f 2583/138/1402 2584/139/1403 2585/140/1404
f 2584/139/1403 2586/141/1405 2585/140/1404
f 2587/142/1816 2585/140/1404 2588/143/1407
f 2585/140/1404 2586/141/1405 2588/143/1407
f 2589/144/1408 2588/143/1407 2590/145/1409
f 2588/143/1407 2586/141/1405 2590/145/1409
f 2590/145/1409 2586/141/1405 2591/146/1817
f 2586/141/1405 2584/139/1403 2591/146/1817
f 2592/147/1411 2593/148/1412 2594/149/1818
f 2593/148/1412 2595/150/1414 2594/149/1818
f 2594/149/1818 2595/150/1414 2596/151/1415
f 2596/151/1415 2595/150/1414 2597/152/1416
f 2598/153/1433 2597/152/1416 2599/154/1819
f 2597/152/1416 2595/150/1414 2599/154/1819
f 2595/150/1414 2593/148/1412 2599/154/1819
f 2593/148/1412 2600/155/1430 2599/154/1819
f 2601/147/1420 2602/148/1820 2603/149/1821
f 2602/148/1820 2604/150/1423 2603/149/1821
f 2603/149/1821 2604/150/1423 2605/151/1822
f 2605/151/1822 2604/150/1423 2606/152/1425
f 2607/153/1426 2606/152/1425 2608/154/1427
f 2606/152/1425 2604/150/1423 2608/154/1427
f 2604/150/1423 2602/148/1820 2608/154/1427
f 2602/148/1820 2609/155/1823 2608/154/1427
f 2610/147/1429 2611/148/1412 2612/149/1413
f 2611/148/1412 2613/150/1414 2612/149/1413
f 2612/149/1413 2613/150/1414 2614/151/1415
f 2614/151/1415 2613/150/1414 2615/152/1416
f 2616/153/1417 2615/152/1416 2617/154/1418
f 2615/152/1416 2613/150/1414 2617/154/1418
f 2613/150/1414 2611/148/1412 2617/154/1418
f 2611/148/1412 2618/155/1430 2617/154/1418
f 2619/147/1824 2620/148/1412 2621/149/1432
f 2620/148/1412 2622/150/1414 2621/149/1432
f 2621/149/1432 2622/150/1414 2623/151/1415
f 2623/151/1415 2622/150/1414 2624/152/1416
f 2625/153/1433 2624/152/1416 2626/154/1418
f 2624/152/1416 2622/150/1414 2626/154/1418
f 2622/150/1414 2620/148/1412 2626/154/1418
f 2620/148/1412 2627/155/1430 2626/154/1418
f 2628/147/1825 2629/148/1820 2630/149/1422
f 2629/148/1820 2631/150/1436 2630/149/1422
f 2630/149/1422 2631/150/1436 2632/151/1822
f 2632/151/1822 2631/150/1436 2633/152/1425
f 2634/153/1826 2633/152/1425 2635/154/1427
f 2633/152/1425 2631/150/1436 2635/154/1427
f 2631/150/1436 2629/148/1820 2635/154/1427
f 2629/148/1820 2636/155/1428 2635/154/1427
f 2637/156/1439 2638/157/1440 2639/158/1827
f 2638/157/1440 2640/159/1828 2639/158/1827
f 2639/158/1827 2640/159/1828 2641/160/1443
f 2641/160/1443 2640/159/1828 2642/161/1444
f 2642/161/1444 2640/159/1828 2643/162/1829
f 2643/162/1829 2640/159/1828 2644/163/1830
f 2640/159/1828 2638/157/1440 2644/163/1830
f 2638/157/1440 2645/164/1447 2644/163/1830
f 2646/165/1448 2647/166/1831 2648/167/1832
f 2647/166/1831 2649/168/1451 2648/167/1832
f 2650/169/1833 2648/167/1832 2651/170/1834
f 2648/167/1832 2649/168/1451 2651/170/1834
f 2652/171/1454 2651/170/1834 2653/172/1455
f 2651/170/1834 2649/168/1451 2653/172/1455
f 2649/168/1451 2647/166/1831 2653/172/1455
f 2647/166/1831 2654/173/1835 2653/172/1455
f 2655/165/1457 2656/166/1716 2657/167/1751
f 2656/166/1716 2658/168/1836 2657/167/1751
f 2659/169/1837 2657/167/1751 2660/170/1462
f 2657/167/1751 2658/168/1836 2660/170/1462
f 2661/171/1838 2660/170/1462 2662/172/1839
f 2660/170/1462 2658/168/1836 2662/172/1839
f 2658/168/1836 2656/166/1716 2662/172/1839
f 2656/166/1716 2663/173/1752 2662/172/1839
f 2664/174/1466 2665/175/1840 2666/176/1841
f 2665/175/1840 2667/177/1842 2666/176/1841
f 2668/178/1470 2666/176/1841 2669/179/1471
f 2666/176/1841 2667/177/1842 2669/179/1471
f 2670/180/1843 2669/179/1471 2671/181/1844
f 2669/179/1471 2667/177/1842 2671/181/1844
f 2667/177/1842 2665/175/1840 2671/181/1844
f 2665/175/1840 2672/182/1474 2671/181/1844
f 2673/142/1845 2674/140/1476 2675/143/1477
f 2674/140/1476 2676/141/1846 2675/143/1477
f 2677/144/1479 2675/143/1477 2678/145/1847
f 2675/143/1477 2676/141/1846 2678/145/1847
f 2679/146/1848 2678/145/1847 2680/139/1849
f 2678/145/1847 2676/141/1846 2680/139/1849
f 2676/141/1846 2674/140/1476 2680/139/1849
f 2674/140/1476 2681/138/1483 2680/139/1849
f 2682/142/1850 2683/140/1851 2684/143/1852
f 2683/140/1851 2685/141/1487 2684/143/1852
f 2686/144/1488 2684/143/1852 2687/145/1489
f 2684/143/1852 2685/141/1487 2687/145/1489
f 2688/146/1853 2687/145/1489 2689/139/1491
f 2687/145/1489 2685/141/1487 2689/139/1491
f 2685/141/1487 2683/140/1851 2689/139/1491
f 2683/140/1851 2690/138/1854 2689/139/1491
f 2691/142/1493 2692/140/1494 2693/143/1855
f 2692/140/1494 2694/141/1856 2693/143/1855
f 2695/144/1497 2693/143/1855 2696/145/1498
f 2693/143/1855 2694/141/1856 2696/145/1498
f 2697/146/1499 2696/145/1498 2698/139/1500
f 2696/145/1498 2694/141/1856 2698/139/1500
f 2694/141/1856 2692/140/1494 2698/139/1500
f 2692/140/1494 2699/138/1501 2698/139/1500
f 2700/183/1502 2701/184/1857 2702/185/1858
f 2701/184/1857 2703/186/1505 2702/185/1858
f 2704/187/1859 2702/185/1858 2705/188/1507
f 2702/185/1858 2703/186/1505 2705/188/1507
f 2706/189/1508 2705/188/1507 2707/190/1509
f 2705/188/1507 2703/186/1505 2707/190/1509
f 2707/190/1509 2703/186/1505 2708/191/1860
f 2703/186/1505 2701/184/1857 2708/191/1860
f 2709/183/1511 2710/184/1861 2711/185/1513
f 2710/184/1861 2712/186/1862 2711/185/1513
f 2713/187/1863 2711/185/1513 2714/188/1516
f 2711/185/1513 2712/186/1862 2714/188/1516
f 2714/188/1516 2712/186/1862 2715/189/1864
f 2715/189/1864 2712/186/1862 2716/190/1865
f 2716/190/1865 2712/186/1862 2717/191/1519
f 2712/186/1862 2710/184/1861 2717/191/1519
f 2718/157/1520 2719/159/1866 2720/156/1522
f 2720/156/1522 2719/159/1866 2721/158/1523
f 2721/158/1523 2719/159/1866 2722/160/1867
f 2722/160/1867 2719/159/1866 2723/161/1868
f 2723/161/1868 2719/159/1866 2724/162/1526
f 2724/162/1526 2719/159/1866 2725/163/1527
f 2719/159/1866 2718/157/1520 2725/163/1527
f 2718/157/1520 2726/164/1869 2725/163/1527
f 2727/192/1529 2728/193/1530 2729/194/1531
f 2728/193/1530 2730/195/1532 2729/194/1531
f 2731/196/1533 2729/194/1531 2732/197/1534
f 2729/194/1531 2730/195/1532 2732/197/1534
f 2733/198/1870 2732/197/1534 2734/199/1871
f 2732/197/1534 2730/195/1532 2734/199/1871
f 2730/195/1532 2728/193/1530 2734/199/1871
f 2728/193/1530 2735/200/1537 2734/199/1871
f 2736/201/1538 2737/202/1539 2738/203/1872
f 2738/203/1872 2737/202/1539 2739/204/1873
f 2739/204/1873 2737/202/1539 2740/205/1542
f 2740/205/1542 2737/202/1539 2741/206/1543
f 2741/206/1543 2737/202/1539 2742/207/1544
f 2742/207/1544 2737/202/1539 2743/208/1874
f 2737/202/1539 2736/201/1538 2743/208/1874
f 2736/201/1538 2744/209/1546 2743/208/1874
f 2745/142/1547 2746/140/1548 2747/143/1549
f 2746/140/1548 2748/141/1550 2747/143/1549
f 2749/144/1875 2747/143/1549 2750/145/1876
f 2747/143/1549 2748/141/1550 2750/145/1876
f 2751/146/1877 2750/145/1876 2752/139/1554
f 2750/145/1876 2748/141/1550 2752/139/1554
f 2748/141/1550 2746/140/1548 2752/139/1554
f 2746/140/1548 2753/138/1878 2752/139/1554
f 2754/146/1556 2755/139/1557 2756/145/1558
f 2755/139/1557 2757/141/1559 2756/145/1558
f 2758/144/1879 2756/145/1558 2759/143/1561
f 2756/145/1558 2757/141/1559 2759/143/1561
f 2760/142/1562 2759/143/1561 2761/140/1563
f 2759/143/1561 2757/141/1559 2761/140/1563
f 2757/141/1559 2755/139/1557 2761/140/1563
f 2755/139/1557 2762/138/1880 2761/140/1563
f 2763/210/1881 2764/211/1882 2765/212/1883
f 2764/211/1882 2766/213/1884 2765/212/1883
f 2767/214/1885 2765/212/1883 2768/215/1886
f 2765/212/1883 2766/213/1884 2768/215/1886
f 2769/216/1571 2768/215/1886 2770/217/1572
f 2768/215/1886 2766/213/1884 2770/217/1572
f 2766/213/1884 2764/211/1882 2770/217/1572
f 2770/217/1572 2764/211/1882 2771/218/1573
f 2772/156/1887 2773/157/1575 2774/158/1888
f 2773/157/1575 2775/159/1889 2774/158/1888
f 2774/158/1888 2775/159/1889 2776/160/1578
f 2776/160/1578 2775/159/1889 2777/161/1890
f 2777/161/1890 2775/159/1889 2778/162/1891
f 2778/162/1891 2775/159/1889 2779/163/1581
f 2775/159/1889 2773/157/1575 2779/163/1581
f 2773/157/1575 2780/164/1892 2779/163/1581
f 2781/219/1893 2782/220/1894 2783/221/1585
f 2782/220/1894 2784/222/1895 2783/221/1585
f 2785/223/1896 2783/221/1585 2786/224/1588
f 2783/221/1585 2784/222/1895 2786/224/1588
f 2786/224/1588 2784/222/1895 2787/225/1589
f 2787/225/1589 2784/222/1895 2788/226/1897
f 2784/222/1895 2782/220/1894 2788/226/1897
f 2788/226/1897 2782/220/1894 2789/227/1590
f 2790/155/1898 2791/154/1592 2792/148/1899
f 2791/154/1592 2793/150/1594 2792/148/1899
f 2794/147/1900 2792/148/1899 2795/149/1596
f 2792/148/1899 2793/150/1594 2795/149/1596
f 2795/149/1596 2793/150/1594 2796/151/1597
f 2796/151/1597 2793/150/1594 2797/152/1598
f 2797/152/1598 2793/150/1594 2798/153/1599
f 2793/150/1594 2791/154/1592 2798/153/1599
f 2799/219/1901 2800/222/1902 2801/221/1602
f 2802/223/1603 2801/221/1602 2803/224/1604
f 2801/221/1602 2800/222/1902 2803/224/1604
f 2803/224/1604 2800/222/1902 2804/225/1605
f 2804/225/1605 2800/222/1902 2805/226/1606
f 2806/227/1903 2805/226/1606 2807/220/1608
f 2805/226/1606 2800/222/1902 2807/220/1608
f 2800/222/1902 2799/219/1901 2807/220/1608
f 2808/174/1609 2809/175/1904 2810/176/1611
f 2809/175/1904 2811/177/1905 2810/176/1611
f 2812/178/1906 2810/176/1611 2813/179/1614
f 2810/176/1611 2811/177/1905 2813/179/1614
f 2814/180/1615 2813/179/1614 2815/181/1616
f 2813/179/1614 2811/177/1905 2815/181/1616
f 2811/177/1905 2809/175/1904 2815/181/1616
f 2809/175/1904 2816/182/1617 2815/181/1616
f 2817/165/1618 2818/166/1907 2819/167/1908
f 2818/166/1907 2820/168/1621 2819/167/1908
f 2821/169/1622 2819/167/1908 2822/170/1623
f 2819/167/1908 2820/168/1621 2822/170/1623
f 2823/171/1909 2822/170/1623 2824/172/1625
f 2822/170/1623 2820/168/1621 2824/172/1625
f 2820/168/1621 2818/166/1907 2824/172/1625
f 2818/166/1907 2825/173/1626 2824/172/1625
f 2826/183/1627 2827/184/1628 2828/185/1629
f 2827/184/1628 2829/186/1630 2828/185/1629
f 2830/187/1910 2828/185/1629 2831/188/1911
f 2828/185/1629 2829/186/1630 2831/188/1911
f 2832/189/1912 2831/188/1911 2833/190/1634
f 2831/188/1911 2829/186/1630 2833/190/1634
f 2833/190/1634 2829/186/1630 2834/191/1635
f 2829/186/1630 2827/184/1628 2834/191/1635
f 2835/142/1636 2836/140/1637 2837/143/1638
f 2836/140/1637 2838/141/1639 2837/143/1638
f 2839/144/1655 2837/143/1638 2840/145/1641
f 2837/143/1638 2838/141/1639 2840/145/1641
f 2841/146/1657 2840/145/1641 2842/139/1658
f 2840/145/1641 2838/141/1639 2842/139/1658
f 2838/141/1639 2836/140/1637 2842/139/1658
f 2836/140/1637 2843/138/1659 2842/139/1658
f 2844/142/1645 2845/140/1646 2846/143/1647
f 2845/140/1646 2847/141/1913 2846/143/1647
f 2848/144/1649 2846/143/1647 2849/145/1650
f 2846/143/1647 2847/141/1913 2849/145/1650
f 2850/146/1651 2849/145/1650 2851/139/1914
f 2849/145/1650 2847/141/1913 2851/139/1914
f 2847/141/1913 2845/140/1646 2851/139/1914
f 2845/140/1646 2852/138/1915 2851/139/1914
f 2853/142/1636 2854/140/1637 2855/143/1638
f 2854/140/1637 2856/141/1916 2855/143/1638
f 2857/144/1640 2855/143/1638 2858/145/1656
f 2855/143/1638 2856/141/1916 2858/145/1656
f 2859/146/1657 2858/145/1656 2860/139/1658
f 2858/145/1656 2856/141/1916 2860/139/1658
f 2856/141/1916 2854/140/1637 2860/139/1658
f 2854/140/1637 2861/138/1917 2860/139/1658
f 2862/183/1660 2863/185/1918 2864/184/1662
f 2863/185/1918 2865/186/1663 2864/184/1662
f 2864/184/1662 2865/186/1663 2866/191/1919
f 2866/191/1919 2865/186/1663 2867/190/1665
f 2867/190/1665 2865/186/1663 2868/189/1666
f 2868/189/1666 2865/186/1663 2869/188/1667
f 2865/186/1663 2863/185/1918 2869/188/1667
f 2869/188/1667 2863/185/1918 2870/187/1920
f 2871/142/1669 2872/140/1921 2873/143/1671
f 2872/140/1921 2874/141/1672 2873/143/1671
f 2875/144/1673 2873/143/1671 2876/145/1922
f 2873/143/1671 2874/141/1672 2876/145/1922
f 2877/146/1923 2876/145/1922 2878/139/1924
f 2876/145/1922 2874/141/1672 2878/139/1924
f 2874/141/1672 2872/140/1921 2878/139/1924
f 2872/140/1921 2879/138/1677 2878/139/1924
f 2880/210/1925 2881/211/1926 2882/212/1927
f 2881/211/1926 2883/213/1681 2882/212/1927
f 2884/214/1682 2882/212/1927 2885/215/1928
f 2882/212/1927 2883/213/1681 2885/215/1928
f 2886/216/1684 2885/215/1928 2887/217/1685
f 2885/215/1928 2883/213/1681 2887/217/1685
f 2883/213/1681 2881/211/1926 2887/217/1685
f 2887/217/1685 2881/211/1926 2888/218/1929
f 2889/174/1930 2890/175/1688 2891/176/1689
f 2890/175/1688 2892/177/1690 2891/176/1689
f 2893/178/1691 2891/176/1689 2894/179/1692
f 2891/176/1689 2892/177/1690 2894/179/1692
f 2895/180/1931 2894/179/1692 2896/181/1932
f 2894/179/1692 2892/177/1690 2896/181/1932
f 2892/177/1690 2890/175/1688 2896/181/1932
f 2890/175/1688 2897/182/1933 2896/181/1932
f 2898/183/1934 2899/184/1935 2900/185/1698
f 2899/184/1935 2901/186/1699 2900/185/1698
f 2902/187/1700 2900/185/1698 2903/188/1701
f 2900/185/1698 2901/186/1699 2903/188/1701
f 2904/189/1936 2903/188/1701 2905/190/1703
f 2903/188/1701 2901/186/1699 2905/190/1703
f 2901/186/1699 2899/184/1935 2905/190/1703
f 2905/190/1703 2899/184/1935 2906/191/1937
f 2907/228/1705 2908/229/1706 2909/230/1707
f 2908/229/1706 2910/231/1708 2909/230/1707
f 2909/230/1707 2910/231/1708 2911/232/1938
f 2911/232/1938 2910/231/1708 2912/233/1939
f 2913/234/1711 2912/233/1939 2914/235/1712
f 2912/233/1939 2910/231/1708 2914/235/1712
f 2910/231/1708 2908/229/1706 2914/235/1712
f 2908/229/1706 2915/236/1940 2914/235/1712
f 2916/142/1636 2917/140/1654 2918/143/1638
f 2917/140/1654 2919/141/1639 2918/143/1638
f 2920/144/1640 2918/143/1638 2921/145/1714
f 2918/143/1638 2919/141/1639 2921/145/1714
f 2922/146/1657 2921/145/1714 2923/139/1658
f 2921/145/1714 2919/141/1639 2923/139/1658
f 2919/141/1639 2917/140/1654 2923/139/1658
f 2917/140/1654 2924/138/1659 2923/139/1658
f 2925/165/1749 2926/166/1458 2927/167/1717
f 2926/166/1458 2928/168/1718 2927/167/1717
f 2929/169/1461 2927/167/1717 2930/170/1720
f 2927/167/1717 2928/168/1718 2930/170/1720
f 2931/171/1941 2930/170/1720 2932/172/1942
f 2930/170/1720 2928/168/1718 2932/172/1942
f 2928/168/1718 2926/166/1458 2932/172/1942
f 2926/166/1458 2933/173/1943 2932/172/1942
f 2934/142/1944 2935/140/1723 2936/143/1724
f 2935/140/1723 2937/141/1725 2936/143/1724
f 2938/144/1945 2936/143/1724 2939/145/1727
f 2936/143/1724 2937/141/1725 2939/145/1727
f 2940/146/1946 2939/145/1727 2941/139/1729
f 2939/145/1727 2937/141/1725 2941/139/1729
f 2937/141/1725 2935/140/1723 2941/139/1729
f 2935/140/1723 2942/138/1947 2941/139/1729
f 2943/142/1731 2944/140/1732 2945/143/1733
f 2944/140/1732 2946/141/1734 2945/143/1733
f 2947/144/1948 2945/143/1733 2948/145/1736
f 2945/143/1733 2946/141/1734 2948/145/1736
f 2949/146/1737 2948/145/1736 2950/139/1949
f 2948/145/1736 2946/141/1734 2950/139/1949
f 2946/141/1734 2944/140/1732 2950/139/1949
f 2944/140/1732 2951/138/1739 2950/139/1949
f 2952/219/1740 2953/220/1741 2954/221/1742
f 2953/220/1741 2955/222/1950 2954/221/1742
f 2956/223/1951 2954/221/1742 2957/224/1952
f 2954/221/1742 2955/222/1950 2957/224/1952
f 2957/224/1952 2955/222/1950 2958/225/1953
f 2958/225/1953 2955/222/1950 2959/226/1747
f 2955/222/1950 2953/220/1741 2959/226/1747
f 2959/226/1747 2953/220/1741 2960/227/1954
f 2961/165/1749 2962/166/1716 2963/167/1751
f 2962/166/1716 2964/168/1460 2963/167/1751
f 2965/169/1461 2963/167/1751 2966/170/1955
f 2963/167/1751 2964/168/1460 2966/170/1955
f 2967/171/1463 2966/170/1955 2968/172/1464
f 2966/170/1955 2964/168/1460 2968/172/1464
f 2964/168/1460 2962/166/1716 2968/172/1464
f 2962/166/1716 2969/173/1943 2968/172/1464
f 2970/228/1753 2971/229/1754 2972/230/1755
f 2971/229/1754 2973/231/1956 2972/230/1755
f 2972/230/1755 2973/231/1956 2974/232/1757
f 2974/232/1757 2973/231/1956 2975/233/1758
f 2976/234/1759 2975/233/1758 2977/235/1957
f 2975/233/1758 2973/231/1956 2977/235/1957
f 2973/231/1956 2971/229/1754 2977/235/1957
f 2971/229/1754 2978/236/1958 2977/235/1957
f 2979/183/1762 2980/184/1763 2981/185/1959
f 2980/184/1763 2982/186/1765 2981/185/1959
f 2983/187/1766 2981/185/1959 2984/188/1767
f 2981/185/1959 2982/186/1765 2984/188/1767
f 2985/189/1960 2984/188/1767 2986/190/1769
f 2984/188/1767 2982/186/1765 2986/190/1769
f 2986/190/1769 2982/186/1765 2987/191/1961
f 2982/186/1765 2980/184/1763 2987/191/1961
f 2988/156/1962 2989/157/1772 2990/158/1773
f 2989/157/1772 2991/159/1963 2990/158/1773
f 2990/158/1773 2991/159/1963 2992/160/1775
f 2992/160/1775 2991/159/1963 2993/161/1776
f 2993/161/1776 2991/159/1963 2994/162/1777
f 2994/162/1777 2991/159/1963 2995/163/1964
f 2991/159/1963 2989/157/1772 2995/163/1964
f 2989/157/1772 2996/164/1965 2995/163/1964
f 2997/165/1966 2998/166/1781 2999/167/1967
f 2998/166/1781 3000/168/1783 2999/167/1967
f 3001/169/1784 2999/167/1967 3002/170/1785
f 2999/167/1967 3000/168/1783 3002/170/1785
f 3003/171/1968 3002/170/1785 3004/172/1787
f 3002/170/1785 3000/168/1783 3004/172/1787
f 3000/168/1783 2998/166/1781 3004/172/1787
f 2998/166/1781 3005/173/1969 3004/172/1787
f 3006/165/1789 3007/166/1790 3008/167/1970
f 3007/166/1790 3009/168/1792 3008/167/1970
f 3010/169/1793 3008/167/1970 3011/170/1794
f 3008/167/1970 3009/168/1792 3011/170/1794
f 3012/171/1971 3011/170/1794 3013/172/1972
f 3011/170/1794 3009/168/1792 3013/172/1972
f 3009/168/1792 3007/166/1790 3013/172/1972
f 3007/166/1790 3014/173/1973 3013/172/1972
f 3015/201/1974 3016/202/1975 3017/203/1800
f 3017/203/1800 3016/202/1975 3018/204/1976
f 3018/204/1976 3016/202/1975 3019/205/1802
f 3019/205/1802 3016/202/1975 3020/206/1803
f 3020/206/1803 3016/202/1975 3021/207/1804
f 3021/207/1804 3016/202/1975 3022/208/1977
f 3022/208/1977 3016/202/1975 3023/209/1806
f 3016/202/1975 3015/201/1974 3023/209/1806
f 3024/183/1978 3025/184/1808 3026/185/1809
f 3025/184/1808 3027/186/1810 3026/185/1809
f 3028/187/1811 3026/185/1809 3029/188/1979
f 3026/185/1809 3027/186/1810 3029/188/1979
f 3030/189/1980 3029/188/1979 3031/190/1814
f 3029/188/1979 3027/186/1810 3031/190/1814
f 3031/190/1814 3027/186/1810 3032/191/1815
f 3027/186/1810 3025/184/1808 3032/191/1815
f 3033/138/1981 3034/139/1403 3035/140/1404
f 3034/139/1403 3036/141/1405 3035/140/1404
f 3037/142/1816 3035/140/1404 3038/143/1407
f 3035/140/1404 3036/141/1405 3038/143/1407
f 3039/144/1982 3038/143/1407 3040/145/1409
f 3038/143/1407 3036/141/1405 3040/145/1409
f 3040/145/1409 3036/141/1405 3041/146/1410
f 3036/141/1405 3034/139/1403 3041/146/1410
f 3042/147/1411 3043/148/1412 3044/149/1413
f 3043/148/1412 3045/150/1414 3044/149/1413
f 3044/149/1413 3045/150/1414 3046/151/1415
f 3046/151/1415 3045/150/1414 3047/152/1416
f 3048/153/1417 3047/152/1416 3049/154/1819
f 3047/152/1416 3045/150/1414 3049/154/1819
f 3045/150/1414 3043/148/1412 3049/154/1819
f 3043/148/1412 3050/155/1430 3049/154/1819
f 3051/147/1434 3052/148/1421 3053/149/1422
f 3052/148/1421 3054/150/1983 3053/149/1422
f 3053/149/1422 3054/150/1983 3055/151/1424
f 3055/151/1424 3054/150/1983 3056/152/1425
f 3057/153/1984 3056/152/1425 3058/154/1427
f 3056/152/1425 3054/150/1983 3058/154/1427
f 3054/150/1983 3052/148/1421 3058/154/1427
f 3052/148/1421 3059/155/1428 3058/154/1427
f 3060/147/1985 3061/148/1412 3062/149/1413
f 3061/148/1412 3063/150/1414 3062/149/1413
f 3062/149/1413 3063/150/1414 3064/151/1415
f 3064/151/1415 3063/150/1414 3065/152/1416
f 3066/153/1433 3065/152/1416 3067/154/1418
f 3065/152/1416 3063/150/1414 3067/154/1418
f 3063/150/1414 3061/148/1412 3067/154/1418
f 3061/148/1412 3068/155/1419 3067/154/1418
f 3069/147/1429 3070/148/1412 3071/149/1986
f 3070/148/1412 3072/150/1414 3071/149/1986
f 3071/149/1986 3072/150/1414 3073/151/1415
f 3073/151/1415 3072/150/1414 3074/152/1416
f 3075/153/1433 3074/152/1416 3076/154/1418
f 3074/152/1416 3072/150/1414 3076/154/1418
f 3072/150/1414 3070/148/1412 3076/154/1418
f 3070/148/1412 3077/155/1419 3076/154/1418
f 3078/147/1987 3079/148/1421 3080/149/1422
f 3079/148/1421 3081/150/1423 3080/149/1422
f 3080/149/1422 3081/150/1423 3082/151/1822
f 3082/151/1822 3081/150/1423 3083/152/1425
f 3084/153/1826 3083/152/1425 3085/154/1427
f 3083/152/1425 3081/150/1423 3085/154/1427
f 3081/150/1423 3079/148/1421 3085/154/1427
f 3079/148/1421 3086/155/1428 3085/154/1427
f 3087/156/1439 3088/157/1988 3089/158/1441
f 3088/157/1988 3090/159/1442 3089/158/1441
f 3089/158/1441 3090/159/1442 3091/160/1443
f 3091/160/1443 3090/159/1442 3092/161/1444
f 3092/161/1444 3090/159/1442 3093/162/1445
f 3093/162/1445 3090/159/1442 3094/163/1830
f 3090/159/1442 3088/157/1988 3094/163/1830
f 3088/157/1988 3095/164/1989 3094/163/1830
f 3096/165/1448 3097/166/1831 3098/167/1450
f 3097/166/1831 3099/168/1451 3098/167/1450
f 3100/169/1452 3098/167/1450 3101/170/1453
f 3098/167/1450 3099/168/1451 3101/170/1453
f 3102/171/1990 3101/170/1453 3103/172/1455
f 3101/170/1453 3099/168/1451 3103/172/1455
f 3099/168/1451 3097/166/1831 3103/172/1455
f 3097/166/1831 3104/173/1456 3103/172/1455
f 3105/165/1457 3106/166/1716 3107/167/1751
f 3106/166/1716 3108/168/1836 3107/167/1751
f 3109/169/1461 3107/167/1751 3110/170/1462
f 3107/167/1751 3108/168/1836 3110/170/1462
f 3111/171/1838 3110/170/1462 3112/172/1839
f 3110/170/1462 3108/168/1836 3112/172/1839
f 3108/168/1836 3106/166/1716 3112/172/1839
f 3106/166/1716 3113/173/1465 3112/172/1839
f 3114/174/1466 3115/175/1840 3116/176/1468
f 3115/175/1840 3117/177/1842 3116/176/1468
f 3118/178/1991 3116/176/1468 3119/179/1471
f 3116/176/1468 3117/177/1842 3119/179/1471
f 3120/180/1992 3119/179/1471 3121/181/1993
f 3119/179/1471 3117/177/1842 3121/181/1993
f 3117/177/1842 3115/175/1840 3121/181/1993
f 3115/175/1840 3122/182/1994 3121/181/1993
f 3123/142/1475 3124/140/1476 3125/143/1477
f 3124/140/1476 3126/141/1478 3125/143/1477
f 3127/144/1479 3125/143/1477 3128/145/1847
f 3125/143/1477 3126/141/1478 3128/145/1847
f 3129/146/1995 3128/145/1847 3130/139/1849
f 3128/145/1847 3126/141/1478 3130/139/1849
f 3126/141/1478 3124/140/1476 3130/139/1849
f 3124/140/1476 3131/138/1996 3130/139/1849
f 3132/142/1484 3133/140/1485 3134/143/1997
f 3133/140/1485 3135/141/1487 3134/143/1997
f 3136/144/1488 3134/143/1997 3137/145/1489
f 3134/143/1997 3135/141/1487 3137/145/1489
f 3138/146/1490 3137/145/1489 3139/139/1491
f 3137/145/1489 3135/141/1487 3139/139/1491
f 3135/141/1487 3133/140/1485 3139/139/1491
f 3133/140/1485 3140/138/1998 3139/139/1491
f 3141/142/1493 3142/140/1494 3143/143/1495
f 3142/140/1494 3144/141/1496 3143/143/1495
f 3145/144/1497 3143/143/1495 3146/145/1999
f 3143/143/1495 3144/141/1496 3146/145/1999
f 3147/146/2000 3146/145/1999 3148/139/1500
f 3146/145/1999 3144/141/1496 3148/139/1500
f 3144/141/1496 3142/140/1494 3148/139/1500
f 3142/140/1494 3149/138/2001 3148/139/1500
f 3150/183/166 3151/184/1503 3152/185/2002
f 3151/184/1503 3153/186/1505 3152/185/2002
f 3154/187/1506 3152/185/2002 3155/188/1507
f 3152/185/2002 3153/186/1505 3155/188/1507
f 3156/189/1508 3155/188/1507 3157/190/1509
f 3155/188/1507 3153/186/1505 3157/190/1509
f 3157/190/1509 3153/186/1505 3158/191/2003
f 3153/186/1505 3151/184/1503 3158/191/2003
f 3159/183/1511 3160/184/1861 3161/185/2004
f 3160/184/1861 3162/186/1514 3161/185/2004
f 3163/187/1863 3161/185/2004 3164/188/1516
f 3161/185/2004 3162/186/1514 3164/188/1516
f 3164/188/1516 3162/186/1514 3165/189/1517
f 3165/189/1517 3162/186/1514 3166/190/1865
f 3166/190/1865 3162/186/1514 3167/191/1519
f 3162/186/1514 3160/184/1861 3167/191/1519
f 3168/157/1520 3169/159/1521 3170/156/2005
f 3170/156/2005 3169/159/1521 3171/158/1523
f 3171/158/1523 3169/159/1521 3172/160/1524
f 3172/160/1524 3169/159/1521 3173/161/1525
f 3173/161/1525 3169/159/1521 3174/162/1526
f 3174/162/1526 3169/159/1521 3175/163/2006
f 3169/159/1521 3168/157/1520 3175/163/2006
f 3168/157/1520 3176/164/1528 3175/163/2006
f 3177/192/2007 3178/193/1530 3179/194/1531
f 3178/193/1530 3180/195/1532 3179/194/1531
f 3181/196/1533 3179/194/1531 3182/197/2008
f 3179/194/1531 3180/195/1532 3182/197/2008
f 3183/198/1535 3182/197/2008 3184/199/1871
f 3182/197/2008 3180/195/1532 3184/199/1871
f 3180/195/1532 3178/193/1530 3184/199/1871
f 3178/193/1530 3185/200/1537 3184/199/1871
f 3186/201/2009 3187/202/2010 3188/203/1872
f 3188/203/1872 3187/202/2010 3189/204/1541
f 3189/204/1541 3187/202/2010 3190/205/1542
f 3190/205/1542 3187/202/2010 3191/206/1543
f 3191/206/1543 3187/202/2010 3192/207/1544
f 3192/207/1544 3187/202/2010 3193/208/1874
f 3187/202/2010 3186/201/2009 3193/208/1874
f 3186/201/2009 3194/209/1546 3193/208/1874
f 3195/142/1547 3196/140/1548 3197/143/1549
f 3196/140/1548 3198/141/1550 3197/143/1549
f 3199/144/1551 3197/143/1549 3200/145/1876
f 3197/143/1549 3198/141/1550 3200/145/1876
f 3201/146/1877 3200/145/1876 3202/139/1554
f 3200/145/1876 3198/141/1550 3202/139/1554
f 3198/141/1550 3196/140/1548 3202/139/1554
f 3196/140/1548 3203/138/1878 3202/139/1554
f 3204/146/1556 3205/139/1557 3206/145/1558
f 3205/139/1557 3207/141/1559 3206/145/1558
f 3208/144/1560 3206/145/1558 3209/143/2011
f 3206/145/1558 3207/141/1559 3209/143/2011
f 3210/142/2012 3209/143/2011 3211/140/1563
f 3209/143/2011 3207/141/1559 3211/140/1563
f 3207/141/1559 3205/139/1557 3211/140/1563
f 3205/139/1557 3212/138/1564 3211/140/1563
f 3213/210/1565 3214/211/1566 3215/212/1883
f 3214/211/1566 3216/213/1568 3215/212/1883
f 3217/214/1885 3215/212/1883 3218/215/1886
f 3215/212/1883 3216/213/1568 3218/215/1886
f 3219/216/1571 3218/215/1886 3220/217/1572
f 3218/215/1886 3216/213/1568 3220/217/1572
f 3216/213/1568 3214/211/1566 3220/217/1572
f 3220/217/1572 3214/211/1566 3221/218/1573
f 3222/156/1574 3223/157/1575 3224/158/1888
f 3223/157/1575 3225/159/1889 3224/158/1888
f 3224/158/1888 3225/159/1889 3226/160/2013
f 3226/160/2013 3225/159/1889 3227/161/2014
f 3227/161/2014 3225/159/1889 3228/162/2015
f 3228/162/2015 3225/159/1889 3229/163/1581
f 3225/159/1889 3223/157/1575 3229/163/1581
f 3223/157/1575 3230/164/1582 3229/163/1581
f 3231/219/1583 3232/220/1894 3233/221/1585
f 3232/220/1894 3234/222/1586 3233/221/1585
f 3235/223/1587 3233/221/1585 3236/224/1588
f 3233/221/1585 3234/222/1586 3236/224/1588
f 3236/224/1588 3234/222/1586 3237/225/2016
f 3237/225/2016 3234/222/1586 3238/226/1897
f 3234/222/1586 3232/220/1894 3238/226/1897
f 3238/226/1897 3232/220/1894 3239/227/1590
f 3240/155/1591 3241/154/2017 3242/148/2018
f 3241/154/2017 3243/150/1594 3242/148/2018
f 3244/147/2019 3242/148/2018 3245/149/1596
f 3242/148/2018 3243/150/1594 3245/149/1596
f 3245/149/1596 3243/150/1594 3246/151/1597
f 3246/151/1597 3243/150/1594 3247/152/1598
f 3247/152/1598 3243/150/1594 3248/153/1599
f 3243/150/1594 3241/154/2017 3248/153/1599
f 3249/219/2020 3250/222/1902 3251/221/1602
f 3252/223/1603 3251/221/1602 3253/224/2021
f 3251/221/1602 3250/222/1902 3253/224/2021
f 3253/224/2021 3250/222/1902 3254/225/1605
f 3254/225/1605 3250/222/1902 3255/226/1606
f 3256/227/1903 3255/226/1606 3257/220/1608
f 3255/226/1606 3250/222/1902 3257/220/1608
f 3250/222/1902 3249/219/2020 3257/220/1608
f 3258/174/1609 3259/175/1610 3260/176/2022
f 3259/175/1610 3261/177/1905 3260/176/2022
f 3262/178/1906 3260/176/2022 3263/179/1614
f 3260/176/2022 3261/177/1905 3263/179/1614
f 3264/180/1615 3263/179/1614 3265/181/2023
f 3263/179/1614 3261/177/1905 3265/181/2023
f 3261/177/1905 3259/175/1610 3265/181/2023
f 3259/175/1610 3266/182/1617 3265/181/2023
f 3267/165/1618 3268/166/1619 3269/167/1908
f 3268/166/1619 3270/168/1621 3269/167/1908
f 3271/169/2024 3269/167/1908 3272/170/2025
f 3269/167/1908 3270/168/1621 3272/170/2025
f 3273/171/2026 3272/170/2025 3274/172/1625
f 3272/170/2025 3270/168/1621 3274/172/1625
f 3270/168/1621 3268/166/1619 3274/172/1625
f 3268/166/1619 3275/173/1626 3274/172/1625
f 3276/183/1627 3277/184/1628 3278/185/1629
f 3277/184/1628 3279/186/2027 3278/185/1629
f 3280/187/1910 3278/185/1629 3281/188/1911
f 3278/185/1629 3279/186/2027 3281/188/1911
f 3282/189/1633 3281/188/1911 3283/190/2028
f 3281/188/1911 3279/186/2027 3283/190/2028
f 3283/190/2028 3279/186/2027 3284/191/1635
f 3279/186/2027 3277/184/1628 3284/191/1635
f 3285/142/1636 3286/140/1654 3287/143/1638
f 3286/140/1654 3288/141/1916 3287/143/1638
f 3289/144/1655 3287/143/1638 3290/145/1641
f 3287/143/1638 3288/141/1916 3290/145/1641
f 3291/146/1642 3290/145/1641 3292/139/1643
f 3290/145/1641 3288/141/1916 3292/139/1643
f 3288/141/1916 3286/140/1654 3292/139/1643
f 3286/140/1654 3293/138/1644 3292/139/1643
f 3294/142/1645 3295/140/1646 3296/143/1647
f 3295/140/1646 3297/141/1648 3296/143/1647
f 3298/144/1649 3296/143/1647 3299/145/1650
f 3296/143/1647 3297/141/1648 3299/145/1650
f 3300/146/2029 3299/145/1650 3301/139/2030
f 3299/145/1650 3297/141/1648 3301/139/2030
f 3297/141/1648 3295/140/1646 3301/139/2030
f 3295/140/1646 3302/138/1915 3301/139/2030
f 3303/142/2031 3304/140/1637 3305/143/1638
f 3304/140/1637 3306/141/1916 3305/143/1638
f 3307/144/1655 3305/143/1638 3308/145/2032
f 3305/143/1638 3306/141/1916 3308/145/2032
f 3309/146/1657 3308/145/2032 3310/139/1658
f 3308/145/2032 3306/141/1916 3310/139/1658
f 3306/141/1916 3304/140/1637 3310/139/1658
f 3304/140/1637 3311/138/1917 3310/139/1658
f 3312/183/1660 3313/185/1661 3314/184/1662
f 3313/185/1661 3315/186/1663 3314/184/1662
f 3314/184/1662 3315/186/1663 3316/191/1919
f 3316/191/1919 3315/186/1663 3317/190/1665
f 3317/190/1665 3315/186/1663 3318/189/1666
f 3318/189/1666 3315/186/1663 3319/188/1667
f 3315/186/1663 3313/185/1661 3319/188/1667
f 3319/188/1667 3313/185/1661 3320/187/1668
f 3321/142/1669 3322/140/1670 3323/143/1671
f 3322/140/1670 3324/141/2033 3323/143/1671
f 3325/144/1673 3323/143/1671 3326/145/1674
f 3323/143/1671 3324/141/2033 3326/145/1674
f 3327/146/1923 3326/145/1674 3328/139/1924
f 3326/145/1674 3324/141/2033 3328/139/1924
f 3324/141/2033 3322/140/1670 3328/139/1924
f 3322/140/1670 3329/138/1677 3328/139/1924
f 3330/210/1925 3331/211/2034 3332/212/2035
f 3331/211/2034 3333/213/1681 3332/212/2035
f 3334/214/1682 3332/212/2035 3335/215/2036
f 3332/212/2035 3333/213/1681 3335/215/2036
f 3336/216/1684 3335/215/2036 3337/217/2037
f 3335/215/2036 3333/213/1681 3337/217/2037
f 3333/213/1681 3331/211/2034 3337/217/2037
f 3337/217/2037 3331/211/2034 3338/218/1929
f 3339/174/2038 3340/175/2039 3341/176/2040
f 3340/175/2039 3342/177/1690 3341/176/2040
f 3343/178/2041 3341/176/2040 3344/179/1692
f 3341/176/2040 3342/177/1690 3344/179/1692
f 3345/180/2042 3344/179/1692 3346/181/1932
f 3344/179/1692 3342/177/1690 3346/181/1932
f 3342/177/1690 3340/175/2039 3346/181/1932
f 3340/175/2039 3347/182/1933 3346/181/1932
f 3348/183/1696 3349/184/2043 3350/185/1698
f 3349/184/2043 3351/186/2044 3350/185/1698
f 3352/187/2045 3350/185/1698 3353/188/2046
f 3350/185/1698 3351/186/2044 3353/188/2046
f 3354/189/1936 3353/188/2046 3355/190/1703
f 3353/188/2046 3351/186/2044 3355/190/1703
f 3351/186/2044 3349/184/2043 3355/190/1703
f 3355/190/1703 3349/184/2043 3356/191/2047
f 3357/228/1705 3358/229/1706 3359/230/1707
f 3358/229/1706 3360/231/1708 3359/230/1707
f 3359/230/1707 3360/231/1708 3361/232/1709
f 3361/232/1709 3360/231/1708 3362/233/2048
f 3363/234/2049 3362/233/2048 3364/235/1712
f 3362/233/2048 3360/231/1708 3364/235/1712
f 3360/231/1708 3358/229/1706 3364/235/1712
f 3358/229/1706 3365/236/1713 3364/235/1712
f 3366/142/1636 3367/140/1637 3368/143/1638
f 3367/140/1637 3369/141/1639 3368/143/1638
f 3370/144/1655 3368/143/1638 3371/145/2032
f 3368/143/1638 3369/141/1639 3371/145/2032
f 3372/146/1642 3371/145/2032 3373/139/1658
f 3371/145/2032 3369/141/1639 3373/139/1658
f 3369/141/1639 3367/140/1637 3373/139/1658
f 3367/140/1637 3374/138/1917 3373/139/1658
f 3375/165/1715 3376/166/1458 3377/167/2050
f 3376/166/1458 3378/168/1718 3377/167/2050
f 3379/169/1461 3377/167/2050 3380/170/1720
f 3377/167/2050 3378/168/1718 3380/170/1720
f 3381/171/1838 3380/170/1720 3382/172/1942
f 3380/170/1720 3378/168/1718 3382/172/1942
f 3378/168/1718 3376/166/1458 3382/172/1942
f 3376/166/1458 3383/173/1465 3382/172/1942
f 3384/142/1944 3385/140/2051 3386/143/2052
f 3385/140/2051 3387/141/1725 3386/143/2052
f 3388/144/1726 3386/143/2052 3389/145/1727
f 3386/143/2052 3387/141/1725 3389/145/1727
f 3390/146/2053 3389/145/1727 3391/139/1729
f 3389/145/1727 3387/141/1725 3391/139/1729
f 3387/141/1725 3385/140/2051 3391/139/1729
f 3385/140/2051 3392/138/2054 3391/139/1729
f 3393/142/2055 3394/140/1732 3395/143/2056
f 3394/140/1732 3396/141/2057 3395/143/2056
f 3397/144/1948 3395/143/2056 3398/145/1736
f 3395/143/2056 3396/141/2057 3398/145/1736
f 3399/146/1737 3398/145/1736 3400/139/1949
f 3398/145/1736 3396/141/2057 3400/139/1949
f 3396/141/2057 3394/140/1732 3400/139/1949
f 3394/140/1732 3401/138/2058 3400/139/1949
f 3402/219/2059 3403/220/1741 3404/221/2060
f 3403/220/1741 3405/222/1950 3404/221/2060
f 3406/223/1744 3404/221/2060 3407/224/1952
f 3404/221/2060 3405/222/1950 3407/224/1952
f 3407/224/1952 3405/222/1950 3408/225/2061
f 3408/225/2061 3405/222/1950 3409/226/2062
f 3405/222/1950 3403/220/1741 3409/226/2062
f 3409/226/2062 3403/220/1741 3410/227/1954
f 3411/165/1715 3412/166/1716 3413/167/1459
f 3412/166/1716 3414/168/1460 3413/167/1459
f 3415/169/1461 3413/167/1459 3416/170/1955
f 3413/167/1459 3414/168/1460 3416/170/1955
f 3417/171/1463 3416/170/1955 3418/172/1464
f 3416/170/1955 3414/168/1460 3418/172/1464
f 3414/168/1460 3412/166/1716 3418/172/1464
f 3412/166/1716 3419/173/1465 3418/172/1464
f 3420/228/1753 3421/229/2063 3422/230/2064
f 3421/229/2063 3423/231/1956 3422/230/2064
f 3422/230/2064 3423/231/1956 3424/232/1757
f 3424/232/1757 3423/231/1956 3425/233/1758
f 3426/234/2065 3425/233/1758 3427/235/1760
f 3425/233/1758 3423/231/1956 3427/235/1760
f 3423/231/1956 3421/229/2063 3427/235/1760
f 3421/229/2063 3428/236/2066 3427/235/1760
f 3429/183/1762 3430/184/1763 3431/185/1959
f 3430/184/1763 3432/186/1765 3431/185/1959
f 3433/187/1766 3431/185/1959 3434/188/1767
f 3431/185/1959 3432/186/1765 3434/188/1767
f 3435/189/2067 3434/188/1767 3436/190/1769
f 3434/188/1767 3432/186/1765 3436/190/1769
f 3436/190/1769 3432/186/1765 3437/191/1770
f 3432/186/1765 3430/184/1763 3437/191/1770
f 3438/156/1962 3439/157/2068 3440/158/1773
f 3439/157/2068 3441/159/2069 3440/158/1773
f 3440/158/1773 3441/159/2069 3442/160/1775
f 3442/160/1775 3441/159/2069 3443/161/2070
f 3443/161/2070 3441/159/2069 3444/162/1777
f 3444/162/1777 3441/159/2069 3445/163/1964
f 3441/159/2069 3439/157/2068 3445/163/1964
f 3439/157/2068 3446/164/1779 3445/163/1964
f 3447/165/1966 3448/166/1781 3449/167/2071
f 3448/166/1781 3450/168/1783 3449/167/2071
f 3451/169/2072 3449/167/2071 3452/170/1785
f 3449/167/2071 3450/168/1783 3452/170/1785
f 3453/171/1786 3452/170/1785 3454/172/1787
f 3452/170/1785 3450/168/1783 3454/172/1787
f 3450/168/1783 3448/166/1781 3454/172/1787
f 3448/166/1781 3455/173/2073 3454/172/1787
f 3456/165/2074 3457/166/1790 3458/167/1970
f 3457/166/1790 3459/168/1792 3458/167/1970
f 3460/169/1793 3458/167/1970 3461/170/1794
f 3458/167/1970 3459/168/1792 3461/170/1794
f 3462/171/2075 3461/170/1794 3463/172/1972
f 3461/170/1794 3459/168/1792 3463/172/1972
f 3459/168/1792 3457/166/1790 3463/172/1972
f 3457/166/1790 3464/173/1797 3463/172/1972
f 3465/201/1798 3466/202/2076 3467/203/1800
f 3467/203/1800 3466/202/2076 3468/204/1801
f 3468/204/1801 3466/202/2076 3469/205/1802
f 3469/205/1802 3466/202/2076 3470/206/1803
f 3470/206/1803 3466/202/2076 3471/207/1804
f 3471/207/1804 3466/202/2076 3472/208/1805
f 3472/208/1805 3466/202/2076 3473/209/1806
f 3466/202/2076 3465/201/1798 3473/209/1806
f 3474/183/1978 3475/184/1808 3476/185/1809
f 3475/184/1808 3477/186/1810 3476/185/1809
f 3478/187/1811 3476/185/1809 3479/188/1812
f 3476/185/1809 3477/186/1810 3479/188/1812
f 3480/189/2077 3479/188/1812 3481/190/1814
f 3479/188/1812 3477/186/1810 3481/190/1814
f 3481/190/1814 3477/186/1810 3482/191/1815
f 3477/186/1810 3475/184/1808 3482/191/1815
f 3483/138/2078 3484/139/2079 3485/140/1404
f 3484/139/2079 3486/141/1405 3485/140/1404
f 3487/142/2080 3485/140/1404 3488/143/1407
f 3485/140/1404 3486/141/1405 3488/143/1407
f 3489/144/1982 3488/143/1407 3490/145/1409
f 3488/143/1407 3486/141/1405 3490/145/1409
f 3490/145/1409 3486/141/1405 3491/146/2081
f 3486/141/1405 3484/139/2079 3491/146/2081
f 3492/147/1411 3493/148/1412 3494/149/1413
f 3493/148/1412 3495/150/1414 3494/149/1413
f 3494/149/1413 3495/150/1414 3496/151/1415
f 3496/151/1415 3495/150/1414 3497/152/1416
f 3498/153/1417 3497/152/1416 3499/154/2082
f 3497/152/1416 3495/150/1414 3499/154/2082
f 3495/150/1414 3493/148/1412 3499/154/2082
f 3493/148/1412 3500/155/2083 3499/154/2082
f 3501/147/2084 3502/148/1421 3503/149/1422
f 3502/148/1421 3504/150/1983 3503/149/1422
f 3503/149/1422 3504/150/1983 3505/151/1424
f 3505/151/1424 3504/150/1983 3506/152/1425
f 3507/153/1426 3506/152/1425 3508/154/2085
f 3506/152/1425 3504/150/1983 3508/154/2085
f 3504/150/1983 3502/148/1421 3508/154/2085
f 3502/148/1421 3509/155/1428 3508/154/2085
f 3510/147/1429 3511/148/1412 3512/149/1818
f 3511/148/1412 3513/150/1414 3512/149/1818
f 3512/149/1818 3513/150/1414 3514/151/1415
f 3514/151/1415 3513/150/1414 3515/152/1416
f 3516/153/1417 3515/152/1416 3517/154/1418
f 3515/152/1416 3513/150/1414 3517/154/1418
f 3513/150/1414 3511/148/1412 3517/154/1418
f 3511/148/1412 3518/155/1430 3517/154/1418
f 3519/147/2086 3520/148/1412 3521/149/1413
f 3520/148/1412 3522/150/2087 3521/149/1413
f 3521/149/1413 3522/150/2087 3523/151/1415
f 3523/151/1415 3522/150/2087 3524/152/1416
f 3525/153/1433 3524/152/1416 3526/154/1418
f 3524/152/1416 3522/150/2087 3526/154/1418
f 3522/150/2087 3520/148/1412 3526/154/1418
f 3520/148/1412 3527/155/1419 3526/154/1418
f 3528/147/1434 3529/148/1421 3530/149/2088
f 3529/148/1421 3531/150/1983 3530/149/2088
f 3530/149/2088 3531/150/1983 3532/151/1822
f 3532/151/1822 3531/150/1983 3533/152/1425
f 3534/153/1984 3533/152/1425 3535/154/1427
f 3533/152/1425 3531/150/1983 3535/154/1427
f 3531/150/1983 3529/148/1421 3535/154/1427
f 3529/148/1421 3536/155/2089 3535/154/1427
f 3537/156/1439 3538/157/1440 3539/158/1441
f 3538/157/1440 3540/159/1442 3539/158/1441
f 3539/158/1441 3540/159/1442 3541/160/1443
f 3541/160/1443 3540/159/1442 3542/161/1444
f 3542/161/1444 3540/159/1442 3543/162/1445
f 3543/162/1445 3540/159/1442 3544/163/1446
f 3540/159/1442 3538/157/1440 3544/163/1446
f 3538/157/1440 3545/164/1989 3544/163/1446
f 3546/165/1448 3547/166/1449 3548/167/1832
f 3547/166/1449 3549/168/1451 3548/167/1832
f 3550/169/1452 3548/167/1832 3551/170/1453
f 3548/167/1832 3549/168/1451 3551/170/1453
f 3552/171/1454 3551/170/1453 3553/172/1455
f 3551/170/1453 3549/168/1451 3553/172/1455
f 3549/168/1451 3547/166/1449 3553/172/1455
f 3547/166/1449 3554/173/1835 3553/172/1455
f 3555/165/1715 3556/166/1458 3557/167/1751
f 3556/166/1458 3558/168/1836 3557/167/1751
f 3559/169/1837 3557/167/1751 3560/170/1462
f 3557/167/1751 3558/168/1836 3560/170/1462
f 3561/171/1838 3560/170/1462 3562/172/1464
f 3560/170/1462 3558/168/1836 3562/172/1464
f 3558/168/1836 3556/166/1458 3562/172/1464
f 3556/166/1458 3563/173/1465 3562/172/1464
f 3564/174/1466 3565/175/1840 3566/176/1841
f 3565/175/1840 3567/177/1469 3566/176/1841
f 3568/178/1470 3566/176/1841 3569/179/2090
f 3566/176/1841 3567/177/1469 3569/179/2090
f 3570/180/1472 3569/179/2090 3571/181/1473
f 3569/179/2090 3567/177/1469 3571/181/1473
f 3567/177/1469 3565/175/1840 3571/181/1473
f 3565/175/1840 3572/182/1618 3571/181/1473
f 3573/142/1475 3574/140/1476 3575/143/1477
f 3574/140/1476 3576/141/1478 3575/143/1477
f 3577/144/1479 3575/143/1477 3578/145/2091
f 3575/143/1477 3576/141/1478 3578/145/2091
f 3579/146/2092 3578/145/2091 3580/139/1849
f 3578/145/2091 3576/141/1478 3580/139/1849
f 3576/141/1478 3574/140/1476 3580/139/1849
f 3574/140/1476 3581/138/2093 3580/139/1849
f 3582/142/1484 3583/140/1851 3584/143/1997
f 3583/140/1851 3585/141/1487 3584/143/1997
f 3586/144/1488 3584/143/1997 3587/145/1489
f 3584/143/1997 3585/141/1487 3587/145/1489
f 3588/146/2094 3587/145/1489 3589/139/1491
f 3587/145/1489 3585/141/1487 3589/139/1491
f 3585/141/1487 3583/140/1851 3589/139/1491
f 3583/140/1851 3590/138/1998 3589/139/1491
f 3591/142/1493 3592/140/1494 3593/143/1855
f 3592/140/1494 3594/141/1856 3593/143/1855
f 3595/144/1497 3593/143/1855 3596/145/1999
f 3593/143/1855 3594/141/1856 3596/145/1999
f 3597/146/2000 3596/145/1999 3598/139/1500
f 3596/145/1999 3594/141/1856 3598/139/1500
f 3594/141/1856 3592/140/1494 3598/139/1500
f 3592/140/1494 3599/138/2001 3598/139/1500
f 3600/183/166 3601/184/1503 3602/185/1858
f 3601/184/1503 3603/186/1505 3602/185/1858
f 3604/187/1506 3602/185/1858 3605/188/2095
f 3602/185/1858 3603/186/1505 3605/188/2095
f 3606/189/1508 3605/188/2095 3607/190/1509
f 3605/188/2095 3603/186/1505 3607/190/1509
f 3607/190/1509 3603/186/1505 3608/191/2003
f 3603/186/1505 3601/184/1503 3608/191/2003
f 3609/183/1511 3610/184/2096 3611/185/1513
f 3610/184/2096 3612/186/1514 3611/185/1513
f 3613/187/1863 3611/185/1513 3614/188/1516
f 3611/185/1513 3612/186/1514 3614/188/1516
f 3614/188/1516 3612/186/1514 3615/189/1864
f 3615/189/1864 3612/186/1514 3616/190/2097
f 3616/190/2097 3612/186/1514 3617/191/2098
f 3612/186/1514 3610/184/2096 3617/191/2098
f 3618/157/1520 3619/159/1521 3620/156/1522
f 3620/156/1522 3619/159/1521 3621/158/1523
f 3621/158/1523 3619/159/1521 3622/160/1867
f 3622/160/1867 3619/159/1521 3623/161/1525
f 3623/161/1525 3619/159/1521 3624/162/1526
f 3624/162/1526 3619/159/1521 3625/163/2099
f 3619/159/1521 3618/157/1520 3625/163/2099
f 3618/157/1520 3626/164/1528 3625/163/2099
f 3627/192/1529 3628/193/2100 3629/194/1531
f 3628/193/2100 3630/195/1532 3629/194/1531
f 3631/196/1533 3629/194/1531 3632/197/2101
f 3629/194/1531 3630/195/1532 3632/197/2101
f 3633/198/1870 3632/197/2101 3634/199/1871
f 3632/197/2101 3630/195/1532 3634/199/1871
f 3630/195/1532 3628/193/2100 3634/199/1871
f 3628/193/2100 3635/200/1537 3634/199/1871
f 3636/201/1538 3637/202/2010 3638/203/1872
f 3638/203/1872 3637/202/2010 3639/204/1541
f 3639/204/1541 3637/202/2010 3640/205/2102
f 3640/205/2102 3637/202/2010 3641/206/1543
f 3641/206/1543 3637/202/2010 3642/207/1544
f 3642/207/1544 3637/202/2010 3643/208/1874
f 3637/202/2010 3636/201/1538 3643/208/1874
f 3636/201/1538 3644/209/2103 3643/208/1874
f 3645/142/1547 3646/140/1548 3647/143/2104
f 3646/140/1548 3648/141/1550 3647/143/2104
f 3649/144/1551 3647/143/2104 3650/145/1552
f 3647/143/2104 3648/141/1550 3650/145/1552
f 3651/146/1877 3650/145/1552 3652/139/1554
f 3650/145/1552 3648/141/1550 3652/139/1554
f 3648/141/1550 3646/140/1548 3652/139/1554
f 3646/140/1548 3653/138/1878 3652/139/1554
f 3654/146/1556 3655/139/2105 3656/145/1558
f 3655/139/2105 3657/141/2106 3656/145/1558
f 3658/144/1560 3656/145/1558 3659/143/2011
f 3656/145/1558 3657/141/2106 3659/143/2011
f 3660/142/2012 3659/143/2011 3661/140/1563
f 3659/143/2011 3657/141/2106 3661/140/1563
f 3657/141/2106 3655/139/2105 3661/140/1563
f 3655/139/2105 3662/138/1880 3661/140/1563
f 3663/210/1565 3664/211/1566 3665/212/1567
f 3664/211/1566 3666/213/1568 3665/212/1567
f 3667/214/1569 3665/212/1567 3668/215/1570
f 3665/212/1567 3666/213/1568 3668/215/1570
f 3669/216/1571 3668/215/1570 3670/217/1572
f 3668/215/1570 3666/213/1568 3670/217/1572
f 3666/213/1568 3664/211/1566 3670/217/1572
f 3670/217/1572 3664/211/1566 3671/218/1573
f 3672/156/1574 3673/157/1575 3674/158/1888
f 3673/157/1575 3675/159/1889 3674/158/1888
f 3674/158/1888 3675/159/1889 3676/160/2107
f 3676/160/2107 3675/159/1889 3677/161/1579
f 3677/161/1579 3675/159/1889 3678/162/1580
f 3678/162/1580 3675/159/1889 3679/163/1581
f 3675/159/1889 3673/157/1575 3679/163/1581
f 3673/157/1575 3680/164/1582 3679/163/1581
f 3681/219/1583 3682/220/1894 3683/221/1585
f 3682/220/1894 3684/222/1586 3683/221/1585
f 3685/223/1587 3683/221/1585 3686/224/1588
f 3683/221/1585 3684/222/1586 3686/224/1588
f 3686/224/1588 3684/222/1586 3687/225/2108
f 3687/225/2108 3684/222/1586 3688/226/1458
f 3684/222/1586 3682/220/1894 3688/226/1458
f 3688/226/1458 3682/220/1894 3689/227/1590
f 3690/155/1591 3691/154/2109 3692/148/1593
f 3691/154/2109 3693/150/1594 3692/148/1593
f 3694/147/2019 3692/148/1593 3695/149/1596
f 3692/148/1593 3693/150/1594 3695/149/1596
f 3695/149/1596 3693/150/1594 3696/151/1597
f 3696/151/1597 3693/150/1594 3697/152/1598
f 3697/152/1598 3693/150/1594 3698/153/1599
f 3693/150/1594 3691/154/2109 3698/153/1599
f 3699/219/1901 3700/222/1601 3701/221/1602
f 3702/223/1603 3701/221/1602 3703/224/1604
f 3701/221/1602 3700/222/1601 3703/224/1604
f 3703/224/1604 3700/222/1601 3704/225/1605
f 3704/225/1605 3700/222/1601 3705/226/1606
f 3706/227/2110 3705/226/1606 3707/220/1608
f 3705/226/1606 3700/222/1601 3707/220/1608
f 3700/222/1601 3699/219/1901 3707/220/1608
f 3708/174/1609 3709/175/1904 3710/176/1611
f 3709/175/1904 3711/177/1905 3710/176/1611
f 3712/178/1613 3710/176/1611 3713/179/1614
f 3710/176/1611 3711/177/1905 3713/179/1614
f 3714/180/2111 3713/179/1614 3715/181/2023
f 3713/179/1614 3711/177/1905 3715/181/2023
f 3711/177/1905 3709/175/1904 3715/181/2023
f 3709/175/1904 3716/182/1617 3715/181/2023
f 3717/165/1618 3718/166/1619 3719/167/1620
f 3718/166/1619 3720/168/1621 3719/167/1620
f 3721/169/2024 3719/167/1620 3722/170/1623
f 3719/167/1620 3720/168/1621 3722/170/1623
f 3723/171/1624 3722/170/1623 3724/172/1625
f 3722/170/1623 3720/168/1621 3724/172/1625
f 3720/168/1621 3718/166/1619 3724/172/1625
f 3718/166/1619 3725/173/1626 3724/172/1625
f 3726/183/1627 3727/184/2112 3728/185/1629
f 3727/184/2112 3729/186/1630 3728/185/1629
f 3730/187/1631 3728/185/1629 3731/188/1911
f 3728/185/1629 3729/186/1630 3731/188/1911
f 3732/189/1633 3731/188/1911 3733/190/1634
f 3731/188/1911 3729/186/1630 3733/190/1634
f 3733/190/1634 3729/186/1630 3734/191/2113
f 3729/186/1630 3727/184/2112 3734/191/2113
f 3735/142/1636 3736/140/1654 3737/143/1638
f 3736/140/1654 3738/141/1639 3737/143/1638
f 3739/144/1655 3737/143/1638 3740/145/2032
f 3737/143/1638 3738/141/1639 3740/145/2032
f 3741/146/1642 3740/145/2032 3742/139/1658
f 3740/145/2032 3738/141/1639 3742/139/1658
f 3738/141/1639 3736/140/1654 3742/139/1658
f 3736/140/1654 3743/138/1659 3742/139/1658
f 3744/142/1645 3745/140/2114 3746/143/1647
f 3745/140/2114 3747/141/1648 3746/143/1647
f 3748/144/1649 3746/143/1647 3749/145/1650
f 3746/143/1647 3747/141/1648 3749/145/1650
f 3750/146/2115 3749/145/1650 3751/139/1652
f 3749/145/1650 3747/141/1648 3751/139/1652
f 3747/141/1648 3745/140/2114 3751/139/1652
f 3745/140/2114 3752/138/1915 3751/139/1652
f 3753/142/1636 3754/140/1637 3755/143/1638
f 3754/140/1637 3756/141/1916 3755/143/1638
f 3757/144/1640 3755/143/1638 3758/145/2116
f 3755/143/1638 3756/141/1916 3758/145/2116
f 3759/146/1657 3758/145/2116 3760/139/1658
f 3758/145/2116 3756/141/1916 3760/139/1658
f 3756/141/1916 3754/140/1637 3760/139/1658
f 3754/140/1637 3761/138/1659 3760/139/1658
f 3762/183/1660 3763/185/1661 3764/184/1662
f 3763/185/1661 3765/186/1663 3764/184/1662
f 3764/184/1662 3765/186/1663 3766/191/2117
f 3766/191/2117 3765/186/1663 3767/190/2118
f 3767/190/2118 3765/186/1663 3768/189/1666
f 3768/189/1666 3765/186/1663 3769/188/1667
f 3765/186/1663 3763/185/1661 3769/188/1667
f 3769/188/1667 3763/185/1661 3770/187/1668
f 3771/142/1669 3772/140/2119 3773/143/1671
f 3772/140/2119 3774/141/2120 3773/143/1671
f 3775/144/1673 3773/143/1671 3776/145/1674
f 3773/143/1671 3774/141/2120 3776/145/1674
f 3777/146/1923 3776/145/1674 3778/139/1676
f 3776/145/1674 3774/141/2120 3778/139/1676
f 3774/141/2120 3772/140/2119 3778/139/1676
f 3772/140/2119 3779/138/1677 3778/139/1676
f 3780/210/1678 3781/211/2034 3782/212/2121
f 3781/211/2034 3783/213/2122 3782/212/2121
f 3784/214/1682 3782/212/2121 3785/215/1683
f 3782/212/2121 3783/213/2122 3785/215/1683
f 3786/216/1684 3785/215/1683 3787/217/1685
f 3785/215/1683 3783/213/2122 3787/217/1685
f 3783/213/2122 3781/211/2034 3787/217/1685
f 3787/217/1685 3781/211/2034 3788/218/1929
f 3789/174/1930 3790/175/1688 3791/176/2040
f 3790/175/1688 3792/177/1690 3791/176/2040
f 3793/178/2123 3791/176/2040 3794/179/1692
f 3791/176/2040 3792/177/1690 3794/179/1692
f 3795/180/1693 3794/179/1692 3796/181/1932
f 3794/179/1692 3792/177/1690 3796/181/1932
f 3792/177/1690 3790/175/1688 3796/181/1932
f 3790/175/1688 3797/182/1695 3796/181/1932
f 3798/183/1696 3799/184/2043 3800/185/1698
f 3799/184/2043 3801/186/1699 3800/185/1698
f 3802/187/2045 3800/185/1698 3803/188/2046
f 3800/185/1698 3801/186/1699 3803/188/2046
f 3804/189/2124 3803/188/2046 3805/190/2125
f 3803/188/2046 3801/186/1699 3805/190/2125
f 3801/186/1699 3799/184/2043 3805/190/2125
f 3805/190/2125 3799/184/2043 3806/191/1937
f 3807/228/1705 3808/229/2126 3809/230/2127
f 3808/229/2126 3810/231/1708 3809/230/2127
f 3809/230/2127 3810/231/1708 3811/232/1709
f 3811/232/1709 3810/231/1708 3812/233/1939
f 3813/234/1711 3812/233/1939 3814/235/1712
f 3812/233/1939 3810/231/1708 3814/235/1712
f 3810/231/1708 3808/229/2126 3814/235/1712
f 3808/229/2126 3815/236/1713 3814/235/1712
f 3816/142/2031 3817/140/1637 3818/143/1638
f 3817/140/1637 3819/141/1639 3818/143/1638
f 3820/144/1655 3818/143/1638 3821/145/2032
f 3818/143/1638 3819/141/1639 3821/145/2032
f 3822/146/1657 3821/145/2032 3823/139/1658
f 3821/145/2032 3819/141/1639 3823/139/1658
f 3819/141/1639 3817/140/1637 3823/139/1658
f 3817/140/1637 3824/138/1644 3823/139/1658
f 3825/165/1715 3826/166/1458 3827/167/1717
f 3826/166/1458 3828/168/1718 3827/167/1717
f 3829/169/1461 3827/167/1717 3830/170/1720
f 3827/167/1717 3828/168/1718 3830/170/1720
f 3831/171/1941 3830/170/1720 3832/172/1721
f 3830/170/1720 3828/168/1718 3832/172/1721
f 3828/168/1718 3826/166/1458 3832/172/1721
f 3826/166/1458 3833/173/1465 3832/172/1721
f 3834/142/1722 3835/140/1723 3836/143/1724
f 3835/140/1723 3837/141/2128 3836/143/1724
f 3838/144/1726 3836/143/1724 3839/145/1727
f 3836/143/1724 3837/141/2128 3839/145/1727
f 3840/146/1946 3839/145/1727 3841/139/1729
f 3839/145/1727 3837/141/2128 3841/139/1729
f 3837/141/2128 3835/140/1723 3841/139/1729
f 3835/140/1723 3842/138/2054 3841/139/1729
f 3843/142/2055 3844/140/1732 3845/143/1733
f 3844/140/1732 3846/141/2057 3845/143/1733
f 3847/144/1948 3845/143/1733 3848/145/1736
f 3845/143/1733 3846/141/2057 3848/145/1736
f 3849/146/1737 3848/145/1736 3850/139/1949
f 3848/145/1736 3846/141/2057 3850/139/1949
f 3846/141/2057 3844/140/1732 3850/139/1949
f 3844/140/1732 3851/138/2129 3850/139/1949
f 3852/219/1740 3853/220/1741 3854/221/2060
f 3853/220/1741 3855/222/1743 3854/221/2060
f 3856/223/1951 3854/221/2060 3857/224/1745
f 3854/221/2060 3855/222/1743 3857/224/1745
f 3857/224/1745 3855/222/1743 3858/225/2130
f 3858/225/2130 3855/222/1743 3859/226/1747
f 3855/222/1743 3853/220/1741 3859/226/1747
f 3859/226/1747 3853/220/1741 3860/227/1748
f 3861/165/1715 3862/166/1750 3863/167/1751
f 3862/166/1750 3864/168/1460 3863/167/1751
f 3865/169/1837 3863/167/1751 3866/170/1955
f 3863/167/1751 3864/168/1460 3866/170/1955
f 3867/171/1838 3866/170/1955 3868/172/1464
f 3866/170/1955 3864/168/1460 3868/172/1464
f 3864/168/1460 3862/166/1750 3868/172/1464
f 3862/166/1750 3869/173/1465 3868/172/1464
f 3870/228/1753 3871/229/1754 3872/230/2064
f 3871/229/1754 3873/231/1756 3872/230/2064
f 3872/230/2064 3873/231/1756 3874/232/1757
f 3874/232/1757 3873/231/1756 3875/233/2131
f 3876/234/2132 3875/233/2131 3877/235/1760
f 3875/233/2131 3873/231/1756 3877/235/1760
f 3873/231/1756 3871/229/1754 3877/235/1760
f 3871/229/1754 3878/236/1958 3877/235/1760
f 3879/183/1762 3880/184/1763 3881/185/1764
f 3880/184/1763 3882/186/1765 3881/185/1764
f 3883/187/2133 3881/185/1764 3884/188/2134
f 3881/185/1764 3882/186/1765 3884/188/2134
f 3885/189/1768 3884/188/2134 3886/190/1769
f 3884/188/2134 3882/186/1765 3886/190/1769
f 3886/190/1769 3882/186/1765 3887/191/1770
f 3882/186/1765 3880/184/1763 3887/191/1770
f 3888/156/1771 3889/157/2068 3890/158/1773
f 3889/157/2068 3891/159/2069 3890/158/1773
f 3890/158/1773 3891/159/2069 3892/160/2135
f 3892/160/2135 3891/159/2069 3893/161/2070
f 3893/161/2070 3891/159/2069 3894/162/2136
f 3894/162/2136 3891/159/2069 3895/163/1778
f 3891/159/2069 3889/157/2068 3895/163/1778
f 3889/157/2068 3896/164/1779 3895/163/1778
f 3897/165/1780 3898/166/1781 3899/167/1967
f 3898/166/1781 3900/168/1783 3899/167/1967
f 3901/169/1784 3899/167/1967 3902/170/1785
f 3899/167/1967 3900/168/1783 3902/170/1785
f 3903/171/1968 3902/170/1785 3904/172/1787
f 3902/170/1785 3900/168/1783 3904/172/1787
f 3900/168/1783 3898/166/1781 3904/172/1787
f 3898/166/1781 3905/173/2073 3904/172/1787
f 3906/165/1789 3907/166/2137 3908/167/1970
f 3907/166/2137 3909/168/1792 3908/167/1970
f 3910/169/1793 3908/167/1970 3911/170/1794
f 3908/167/1970 3909/168/1792 3911/170/1794
f 3912/171/1795 3911/170/1794 3913/172/1796
f 3911/170/1794 3909/168/1792 3913/172/1796
f 3909/168/1792 3907/166/2137 3913/172/1796
f 3907/166/2137 3914/173/1797 3913/172/1796
f 3915/201/1798 3916/202/2138 3917/203/1800
f 3917/203/1800 3916/202/2138 3918/204/1801
f 3918/204/1801 3916/202/2138 3919/205/1802
f 3919/205/1802 3916/202/2138 3920/206/2139
f 3920/206/2139 3916/202/2138 3921/207/1804
f 3921/207/1804 3916/202/2138 3922/208/1805
f 3922/208/1805 3916/202/2138 3923/209/1806
f 3916/202/2138 3915/201/1798 3923/209/1806
f 3924/183/1978 3925/184/1808 3926/185/1809
f 3925/184/1808 3927/186/1810 3926/185/1809
f 3928/187/1811 3926/185/1809 3929/188/2140
f 3926/185/1809 3927/186/1810 3929/188/2140
f 3930/189/1980 3929/188/2140 3931/190/1814
f 3929/188/2140 3927/186/1810 3931/190/1814
f 3931/190/1814 3927/186/1810 3932/191/1815
f 3927/186/1810 3925/184/1808 3932/191/1815
