# Blender 5.2.0 Alpha
# www.blender.org
mtllib Archs.mtl
o Archs
v 7.804553 4.061993 2.237567
v 7.804553 4.061993 2.237567
v 7.804553 4.061993 2.237567
v 7.804553 4.061993 2.237567
v 7.200703 4.061993 1.633717
v 7.200703 4.061993 1.633717
v 7.200703 4.061993 1.633717
v 7.200703 4.061993 1.633717
v 6.211886 4.061993 2.237567
v 6.211886 4.061993 2.237567
v 6.211886 4.061993 2.237567
v 6.211886 4.061993 2.237567
v 6.211886 4.061993 1.633717
v 6.211886 4.061993 1.633717
v 6.211886 4.061993 1.633717
v 6.211886 4.061993 1.633717
v 3.087995 4.061993 1.633717
v 3.087995 4.061993 1.633717
v 3.087995 4.061993 1.633717
v 3.087995 4.061993 1.633717
v -0.045495 4.061993 1.633717
v -0.045495 4.061993 1.633717
v -0.045495 4.061993 1.633717
v -0.045495 4.061993 1.633717
v 3.087995 4.042793 1.613557
v 3.087995 4.042793 1.613557
v 3.087995 4.042793 1.613557
v 3.087995 4.042793 1.613557
v 6.211886 4.042793 1.613557
v 6.211886 4.042793 1.613557
v 6.211886 4.042793 1.613557
v 6.211886 4.042793 1.613557
v 7.180542 4.042793 1.613557
v 7.180542 4.042793 1.613557
v 7.180542 4.042793 1.613557
v 7.180542 4.042793 1.613557
v 7.180542 4.010152 1.613557
v 7.180542 4.010152 1.613557
v 7.180542 4.010152 1.613557
v 7.180542 4.010152 1.613557
v 7.180542 4.010152 0.656421
v 7.180542 4.010152 0.656421
v 7.180542 4.010152 0.656421
v 7.180542 4.010152 0.656421
v 7.180542 4.042793 0.656421
v 7.180542 4.042793 0.656421
v 7.180542 4.042793 0.656421
v 7.180542 4.042793 0.656421
v 7.200703 4.061993 0.656421
v 7.200703 4.061993 0.656421
v 7.200703 4.061993 0.656421
v 7.200703 4.061993 0.656421
v 7.804553 4.061993 0.656421
v 7.804553 4.061993 0.656421
v 7.804553 4.061993 0.656421
v 7.804553 4.061993 0.656421
v 7.824713 4.042793 0.656421
v 7.824713 4.042793 0.656421
v 7.824713 4.042793 0.656421
v 7.824713 4.042793 0.656421
v 7.824713 4.042793 2.256768
v 7.824713 4.042793 2.256768
v 7.824713 4.042793 2.256768
v 7.824713 4.042793 2.256768
v 7.824713 3.943912 0.656421
v 7.824713 3.943912 0.656421
v 7.824713 3.943912 0.656421
v 7.824713 3.943912 0.656421
v 7.824713 3.943912 2.256768
v 7.824713 3.943912 2.256768
v 7.824713 3.943912 2.256768
v 7.824713 3.943912 2.256768
v 7.246783 3.943912 1.679798
v 7.246783 3.943912 1.679798
v 7.246783 3.943912 1.679798
v 7.246783 3.943912 1.679798
v 7.246783 3.943912 0.656421
v 7.246783 3.943912 0.656421
v 7.246783 3.943912 0.656421
v 7.246783 3.943912 0.656421
v 7.246783 3.943912 0.010331
v 7.246783 3.943912 0.010331
v 7.246783 3.943912 0.010331
v 7.246783 3.943912 0.010331
v 7.180542 4.010152 0.010331
v 7.180542 4.010152 0.010331
v 7.180542 4.010152 0.010331
v 7.180542 4.010152 0.010331
v 7.180542 4.042793 0.010331
v 7.180542 4.042793 0.010331
v 7.180542 4.042793 0.010331
v 7.180542 4.042793 0.010331
v 7.200703 4.061993 0.010331
v 7.200703 4.061993 0.010331
v 7.200703 4.061993 0.010331
v 7.200703 4.061993 0.010331
v 7.804553 4.061993 0.010331
v 7.804553 4.061993 0.010331
v 7.804553 4.061993 0.010331
v 7.804553 4.061993 0.010331
v 7.824713 4.042793 0.010331
v 7.824713 4.042793 0.010331
v 7.824713 4.042793 0.010331
v 7.824713 4.042793 0.010331
v 7.824713 3.943912 0.010331
v 7.824713 3.943912 0.010331
v 7.824713 3.943912 0.010331
v 7.824713 3.943912 0.010331
v 7.246783 3.943912 -0.635760
v 7.246783 3.943912 -0.635760
v 7.246783 3.943912 -0.635760
v 7.246783 3.943912 -0.635760
v 7.180542 4.010152 -0.635760
v 7.180542 4.010152 -0.635760
v 7.180542 4.010152 -0.635760
v 7.180542 4.010152 -0.635760
v 7.180542 4.042793 -0.635760
v 7.180542 4.042793 -0.635760
v 7.180542 4.042793 -0.635760
v 7.180542 4.042793 -0.635760
v 7.200703 4.061993 -0.635760
v 7.200703 4.061993 -0.635760
v 7.200703 4.061993 -0.635760
v 7.200703 4.061993 -0.635760
v 7.804553 4.061993 -0.635760
v 7.804553 4.061993 -0.635760
v 7.804553 4.061993 -0.635760
v 7.804553 4.061993 -0.635760
v 7.824713 4.042793 -0.635760
v 7.824713 4.042793 -0.635760
v 7.824713 4.042793 -0.635760
v 7.824713 4.042793 -0.635760
v 7.824713 3.943912 -0.635760
v 7.824713 3.943912 -0.635760
v 7.824713 3.943912 -0.635760
v 7.824713 3.943912 -0.635760
v 7.824713 3.943912 -2.236106
v 7.824713 3.943912 -2.236106
v 7.824713 3.943912 -2.236106
v 7.824713 3.943912 -2.236106
v 7.246783 3.943912 -1.658177
v 7.246783 3.943912 -1.658177
v 7.246783 3.943912 -1.658177
v 7.246783 3.943912 -1.658177
v 7.180542 4.010152 -1.591936
v 7.180542 4.010152 -1.591936
v 7.180542 4.010152 -1.591936
v 7.180542 4.010152 -1.591936
v 7.180542 4.042793 -1.591936
v 7.180542 4.042793 -1.591936
v 7.180542 4.042793 -1.591936
v 7.180542 4.042793 -1.591936
v 7.200703 4.061993 -1.612096
v 7.200703 4.061993 -1.612096
v 7.200703 4.061993 -1.612096
v 7.200703 4.061993 -1.612096
v 7.804553 4.061993 -2.215946
v 7.804553 4.061993 -2.215946
v 7.804553 4.061993 -2.215946
v 7.804553 4.061993 -2.215946
v 7.824713 4.042793 -2.236106
v 7.824713 4.042793 -2.236106
v 7.824713 4.042793 -2.236106
v 7.824713 4.042793 -2.236106
v 6.211886 3.943912 -2.236106
v 6.211886 3.943912 -2.236106
v 6.211886 3.943912 -2.236106
v 6.211886 3.943912 -2.236106
v 6.211886 3.943912 -1.658177
v 6.211886 3.943912 -1.658177
v 6.211886 3.943912 -1.658177
v 6.211886 3.943912 -1.658177
v 6.211886 4.010152 -1.591936
v 6.211886 4.010152 -1.591936
v 6.211886 4.010152 -1.591936
v 6.211886 4.010152 -1.591936
v 6.211886 4.042793 -1.591936
v 6.211886 4.042793 -1.591936
v 6.211886 4.042793 -1.591936
v 6.211886 4.042793 -1.591936
v 6.211886 4.061993 -1.612096
v 6.211886 4.061993 -1.612096
v 6.211886 4.061993 -1.612096
v 6.211886 4.061993 -1.612096
v 6.211886 4.061993 -2.215946
v 6.211886 4.061993 -2.215946
v 6.211886 4.061993 -2.215946
v 6.211886 4.061993 -2.215946
v 6.211886 4.042793 -2.236106
v 6.211886 4.042793 -2.236106
v 6.211886 4.042793 -2.236106
v 6.211886 4.042793 -2.236106
v 3.087995 4.042793 -2.236106
v 3.087995 4.042793 -2.236106
v 3.087995 4.042793 -2.236106
v 3.087995 4.042793 -2.236106
v 3.087995 3.943912 -2.236106
v 3.087995 3.943912 -2.236106
v 3.087995 3.943912 -2.236106
v 3.087995 3.943912 -2.236106
v 3.087995 3.943912 -1.658177
v 3.087995 3.943912 -1.658177
v 3.087995 3.943912 -1.658177
v 3.087995 3.943912 -1.658177
v 3.087995 4.010152 -1.591936
v 3.087995 4.010152 -1.591936
v 3.087995 4.010152 -1.591936
v 3.087995 4.010152 -1.591936
v 3.087995 4.042793 -1.591936
v 3.087995 4.042793 -1.591936
v 3.087995 4.042793 -1.591936
v 3.087995 4.042793 -1.591936
v 3.087995 4.061993 -1.612096
v 3.087995 4.061993 -1.612096
v 3.087995 4.061993 -1.612096
v 3.087995 4.061993 -1.612096
v 3.087995 4.061993 -2.215946
v 3.087995 4.061993 -2.215946
v 3.087995 4.061993 -2.215946
v 3.087995 4.061993 -2.215946
v -0.045495 4.042793 -2.236106
v -0.045495 4.042793 -2.236106
v -0.045495 4.042793 -2.236106
v -0.045495 4.042793 -2.236106
v -0.045495 3.943912 -2.236106
v -0.045495 3.943912 -2.236106
v -0.045495 3.943912 -2.236106
v -0.045495 3.943912 -2.236106
v -0.045495 3.943912 -1.658177
v -0.045495 3.943912 -1.658177
v -0.045495 3.943912 -1.658177
v -0.045495 3.943912 -1.658177
v -0.045495 4.010152 -1.591936
v -0.045495 4.010152 -1.591936
v -0.045495 4.010152 -1.591936
v -0.045495 4.010152 -1.591936
v -0.045495 4.042793 -1.591936
v -0.045495 4.042793 -1.591936
v -0.045495 4.042793 -1.591936
v -0.045495 4.042793 -1.591936
v -0.045495 4.061993 -1.612096
v -0.045495 4.061993 -1.612096
v -0.045495 4.061993 -1.612096
v -0.045495 4.061993 -1.612096
v -0.045495 4.061993 -2.215946
v -0.045495 4.061993 -2.215946
v -0.045495 4.061993 -2.215946
v -0.045495 4.061993 -2.215946
v -3.178025 4.061993 -2.215946
v -3.178025 4.061993 -2.215946
v -3.178025 4.061993 -2.215946
v -3.178025 4.061993 -2.215946
v -3.178025 4.042793 -2.236106
v -3.178025 4.042793 -2.236106
v -3.178025 4.042793 -2.236106
v -3.178025 4.042793 -2.236106
v -3.178025 3.943912 -2.236106
v -3.178025 3.943912 -2.236106
v -3.178025 3.943912 -2.236106
v -3.178025 3.943912 -2.236106
v -3.178025 3.943912 -1.658177
v -3.178025 3.943912 -1.658177
v -3.178025 3.943912 -1.658177
v -3.178025 3.943912 -1.658177
v -3.178025 4.010152 -1.591936
v -3.178025 4.010152 -1.591936
v -3.178025 4.010152 -1.591936
v -3.178025 4.010152 -1.591936
v -3.178025 4.042793 -1.591936
v -3.178025 4.042793 -1.591936
v -3.178025 4.042793 -1.591936
v -3.178025 4.042793 -1.591936
v -3.178025 4.061993 -1.612096
v -3.178025 4.061993 -1.612096
v -3.178025 4.061993 -1.612096
v -3.178025 4.061993 -1.612096
v -6.302876 4.061993 -2.215946
v -6.302876 4.061993 -2.215946
v -6.302876 4.061993 -2.215946
v -6.302876 4.061993 -2.215946
v -6.302876 4.042793 -2.236106
v -6.302876 4.042793 -2.236106
v -6.302876 4.042793 -2.236106
v -6.302876 4.042793 -2.236106
v -6.302876 3.943912 -2.236106
v -6.302876 3.943912 -2.236106
v -6.302876 3.943912 -2.236106
v -6.302876 3.943912 -2.236106
v -6.302876 3.943912 -1.658177
v -6.302876 3.943912 -1.658177
v -6.302876 3.943912 -1.658177
v -6.302876 3.943912 -1.658177
v -6.302876 4.010152 -1.591936
v -6.302876 4.010152 -1.591936
v -6.302876 4.010152 -1.591936
v -6.302876 4.010152 -1.591936
v -6.302876 4.042793 -1.591936
v -6.302876 4.042793 -1.591936
v -6.302876 4.042793 -1.591936
v -6.302876 4.042793 -1.591936
v -6.302876 4.061993 -1.612096
v -6.302876 4.061993 -1.612096
v -6.302876 4.061993 -1.612096
v -6.302876 4.061993 -1.612096
v -7.279212 4.061993 -1.612096
v -7.279212 4.061993 -1.612096
v -7.279212 4.061993 -1.612096
v -7.279212 4.061993 -1.612096
v -7.883062 4.061993 -2.215946
v -7.883062 4.061993 -2.215946
v -7.883062 4.061993 -2.215946
v -7.883062 4.061993 -2.215946
v -7.903222 4.042793 -2.236106
v -7.903222 4.042793 -2.236106
v -7.903222 4.042793 -2.236106
v -7.903222 4.042793 -2.236106
v -7.903222 3.943912 -2.236106
v -7.903222 3.943912 -2.236106
v -7.903222 3.943912 -2.236106
v -7.903222 3.943912 -2.236106
v -7.325293 3.943912 -1.658177
v -7.325293 3.943912 -1.658177
v -7.325293 3.943912 -1.658177
v -7.325293 3.943912 -1.658177
v -7.259051 4.010152 -1.591936
v -7.259051 4.010152 -1.591936
v -7.259051 4.010152 -1.591936
v -7.259051 4.010152 -1.591936
v -7.259051 4.042793 -1.591936
v -7.259051 4.042793 -1.591936
v -7.259051 4.042793 -1.591936
v -7.259051 4.042793 -1.591936
v -7.279212 4.061993 -0.635760
v -7.279212 4.061993 -0.635760
v -7.279212 4.061993 -0.635760
v -7.279212 4.061993 -0.635760
v -7.883062 4.061993 -0.635760
v -7.883062 4.061993 -0.635760
v -7.883062 4.061993 -0.635760
v -7.883062 4.061993 -0.635760
v -7.903222 4.042793 -0.635760
v -7.903222 4.042793 -0.635760
v -7.903222 4.042793 -0.635760
v -7.903222 4.042793 -0.635760
v -7.903222 3.943912 -0.635760
v -7.903222 3.943912 -0.635760
v -7.903222 3.943912 -0.635760
v -7.903222 3.943912 -0.635760
v -7.325293 3.943912 -0.635760
v -7.325293 3.943912 -0.635760
v -7.325293 3.943912 -0.635760
v -7.325293 3.943912 -0.635760
v -7.259051 4.010152 -0.635760
v -7.259051 4.010152 -0.635760
v -7.259051 4.010152 -0.635760
v -7.259051 4.010152 -0.635760
v -7.259051 4.042793 -0.635760
v -7.259051 4.042793 -0.635760
v -7.259051 4.042793 -0.635760
v -7.259051 4.042793 -0.635760
v -7.279212 4.061993 0.010331
v -7.279212 4.061993 0.010331
v -7.279212 4.061993 0.010331
v -7.279212 4.061993 0.010331
v -7.883062 4.061993 0.656421
v -7.883062 4.061993 0.656421
v -7.883062 4.061993 0.656421
v -7.883062 4.061993 0.656421
v -7.883062 4.061993 0.010331
v -7.883062 4.061993 0.010331
v -7.883062 4.061993 0.010331
v -7.883062 4.061993 0.010331
v -7.903222 4.042793 0.010331
v -7.903222 4.042793 0.010331
v -7.903222 4.042793 0.010331
v -7.903222 4.042793 0.010331
v -7.903222 3.943912 0.010331
v -7.903222 3.943912 0.010331
v -7.903222 3.943912 0.010331
v -7.903222 3.943912 0.010331
v -7.325293 3.943912 0.010331
v -7.325293 3.943912 0.010331
v -7.325293 3.943912 0.010331
v -7.325293 3.943912 0.010331
v -7.259051 4.010152 0.010331
v -7.259051 4.010152 0.010331
v -7.259051 4.010152 0.010331
v -7.259051 4.010152 0.010331
v -7.259051 4.042793 0.010331
v -7.259051 4.042793 0.010331
v -7.259051 4.042793 0.010331
v -7.259051 4.042793 0.010331
v -7.259051 4.042793 0.656421
v -7.259051 4.042793 0.656421
v -7.259051 4.042793 0.656421
v -7.259051 4.042793 0.656421
v -7.279212 4.061993 0.656421
v -7.279212 4.061993 0.656421
v -7.279212 4.061993 0.656421
v -7.279212 4.061993 0.656421
v -7.279212 4.061993 1.633717
v -7.279212 4.061993 1.633717
v -7.279212 4.061993 1.633717
v -7.279212 4.061993 1.633717
v -3.178025 4.061993 1.633717
v -3.178025 4.061993 1.633717
v -3.178025 4.061993 1.633717
v -3.178025 4.061993 1.633717
v -6.302876 4.061993 1.633717
v -6.302876 4.061993 1.633717
v -6.302876 4.061993 1.633717
v -6.302876 4.061993 1.633717
v -6.302876 4.061993 2.237567
v -6.302876 4.061993 2.237567
v -6.302876 4.061993 2.237567
v -6.302876 4.061993 2.237567
v -7.883062 4.061993 2.237567
v -7.883062 4.061993 2.237567
v -7.883062 4.061993 2.237567
v -7.883062 4.061993 2.237567
v -7.903222 4.042793 0.656421
v -7.903222 4.042793 0.656421
v -7.903222 4.042793 0.656421
v -7.903222 4.042793 0.656421
v -7.903222 3.943912 0.656421
v -7.903222 3.943912 0.656421
v -7.903222 3.943912 0.656421
v -7.903222 3.943912 0.656421
v -7.325293 3.943912 0.656421
v -7.325293 3.943912 0.656421
v -7.325293 3.943912 0.656421
v -7.325293 3.943912 0.656421
v -7.259051 4.010152 0.656421
v -7.259051 4.010152 0.656421
v -7.259051 4.010152 0.656421
v -7.259051 4.010152 0.656421
v -7.259051 4.042793 1.613557
v -7.259051 4.042793 1.613557
v -7.259051 4.042793 1.613557
v -7.259051 4.042793 1.613557
v -6.302876 4.042793 1.613557
v -6.302876 4.042793 1.613557
v -6.302876 4.042793 1.613557
v -6.302876 4.042793 1.613557
v -3.178025 4.042793 1.613557
v -3.178025 4.042793 1.613557
v -3.178025 4.042793 1.613557
v -3.178025 4.042793 1.613557
v -0.045495 4.042793 1.613557
v -0.045495 4.042793 1.613557
v -0.045495 4.042793 1.613557
v -0.045495 4.042793 1.613557
v 3.087995 4.010152 1.613557
v 3.087995 4.010152 1.613557
v 3.087995 4.010152 1.613557
v 3.087995 4.010152 1.613557
v 6.211886 4.010152 1.613557
v 6.211886 4.010152 1.613557
v 6.211886 4.010152 1.613557
v 6.211886 4.010152 1.613557
v 6.211886 3.943912 1.679798
v 6.211886 3.943912 1.679798
v 6.211886 3.943912 1.679798
v 6.211886 3.943912 1.679798
v 6.211886 3.943912 2.256768
v 6.211886 3.943912 2.256768
v 6.211886 3.943912 2.256768
v 6.211886 3.943912 2.256768
v 6.211886 4.042793 2.256768
v 6.211886 4.042793 2.256768
v 6.211886 4.042793 2.256768
v 6.211886 4.042793 2.256768
v 3.087995 4.061993 2.237567
v 3.087995 4.061993 2.237567
v 3.087995 4.061993 2.237567
v 3.087995 4.061993 2.237567
v -0.045495 4.061993 2.237567
v -0.045495 4.061993 2.237567
v -0.045495 4.061993 2.237567
v -0.045495 4.061993 2.237567
v -3.178025 4.061993 2.237567
v -3.178025 4.061993 2.237567
v -3.178025 4.061993 2.237567
v -3.178025 4.061993 2.237567
v -6.302876 4.042793 2.256768
v -6.302876 4.042793 2.256768
v -6.302876 4.042793 2.256768
v -6.302876 4.042793 2.256768
v -7.903222 4.042793 2.256768
v -7.903222 4.042793 2.256768
v -7.903222 4.042793 2.256768
v -7.903222 4.042793 2.256768
v -7.903222 3.943912 2.256768
v -7.903222 3.943912 2.256768
v -7.903222 3.943912 2.256768
v -7.903222 3.943912 2.256768
v -7.325293 3.943912 1.679798
v -7.325293 3.943912 1.679798
v -7.325293 3.943912 1.679798
v -7.325293 3.943912 1.679798
v -7.259051 4.010152 1.613557
v -7.259051 4.010152 1.613557
v -7.259051 4.010152 1.613557
v -7.259051 4.010152 1.613557
v -6.302876 4.010152 1.613557
v -6.302876 4.010152 1.613557
v -6.302876 4.010152 1.613557
v -6.302876 4.010152 1.613557
v -3.178025 4.010152 1.613557
v -3.178025 4.010152 1.613557
v -3.178025 4.010152 1.613557
v -3.178025 4.010152 1.613557
v -0.045495 4.010152 1.613557
v -0.045495 4.010152 1.613557
v -0.045495 4.010152 1.613557
v -0.045495 4.010152 1.613557
v 3.087995 3.943912 1.679798
v 3.087995 3.943912 1.679798
v 3.087995 3.943912 1.679798
v 3.087995 3.943912 1.679798
v 3.087995 3.943912 2.256768
v 3.087995 3.943912 2.256768
v 3.087995 3.943912 2.256768
v 3.087995 3.943912 2.256768
v 3.087995 4.042793 2.256768
v 3.087995 4.042793 2.256768
v 3.087995 4.042793 2.256768
v 3.087995 4.042793 2.256768
v -0.045495 4.042793 2.256768
v -0.045495 4.042793 2.256768
v -0.045495 4.042793 2.256768
v -0.045495 4.042793 2.256768
v -3.178025 4.042793 2.256768
v -3.178025 4.042793 2.256768
v -3.178025 4.042793 2.256768
v -3.178025 4.042793 2.256768
v -6.302876 3.943912 2.256768
v -6.302876 3.943912 2.256768
v -6.302876 3.943912 2.256768
v -6.302876 3.943912 2.256768
v -6.302876 3.943912 1.679798
v -6.302876 3.943912 1.679798
v -6.302876 3.943912 1.679798
v -6.302876 3.943912 1.679798
v -3.178025 3.943912 1.679798
v -3.178025 3.943912 1.679798
v -3.178025 3.943912 1.679798
v -3.178025 3.943912 1.679798
v -0.045495 3.943912 1.679798
v -0.045495 3.943912 1.679798
v -0.045495 3.943912 1.679798
v -0.045495 3.943912 1.679798
v -0.045495 3.943912 2.256768
v -0.045495 3.943912 2.256768
v -0.045495 3.943912 2.256768
v -0.045495 3.943912 2.256768
v -3.178025 3.943912 2.256768
v -3.178025 3.943912 2.256768
v -3.178025 3.943912 2.256768
v -3.178025 3.943912 2.256768
v -7.846590 1.891546 -1.735753
v -7.846590 1.891546 -1.735753
v -7.846590 1.742691 -1.745295
v -7.846590 1.742691 -1.745295
v -7.846590 1.810439 -1.467623
v -7.846590 1.810439 -1.467623
v -7.846590 1.721699 -1.471440
v -7.846590 1.721699 -1.471440
v -7.473499 1.810439 -1.467623
v -7.473499 1.810439 -1.467623
v -7.473499 1.721699 -1.471440
v -7.473499 1.721699 -1.471440
v -7.473499 1.733149 -1.626020
v -7.473499 1.733149 -1.626020
v -7.473499 1.856241 -1.619341
v -7.473499 1.856241 -1.619341
v -7.461094 1.856241 -1.619341
v -7.461094 1.856241 -1.619341
v -7.461094 1.733149 -1.626020
v -7.461094 1.733149 -1.626020
v -1.429612 1.883912 -1.709990
v -1.429612 1.883912 -1.709990
v -1.274078 1.868645 -1.709990
v -1.274078 1.868645 -1.709990
v -1.392398 2.089065 -1.709990
v -1.392398 2.089065 -1.709990
v 4.476871 1.883912 -1.709990
v 4.476871 1.883912 -1.709990
v 4.632405 1.868645 -1.709990
v 4.632405 1.868645 -1.709990
v 4.514084 2.089065 -1.709990
v 4.514084 2.089065 -1.709990
v 4.355688 1.883912 1.749932
v 4.355688 1.883912 1.749932
v 4.200154 1.868645 1.749932
v 4.200154 1.868645 1.749932
v 4.318474 2.089065 1.749932
v 4.318474 2.089065 1.749932
v -1.584192 1.883912 1.749932
v -1.584192 1.883912 1.749932
v -1.739726 1.868645 1.749932
v -1.739726 1.868645 1.749932
v -1.621406 2.089065 1.749932
v -1.621406 2.089065 1.749932
v -4.537433 1.884866 1.739435
v -4.537433 1.884866 1.739435
v -4.692967 1.869599 1.739435
v -4.692967 1.869599 1.739435
v -4.574646 2.090019 1.739435
v -4.574646 2.090019 1.739435
v -6.946782 2.848606 1.671687
v -6.946782 2.848606 1.671687
v -6.897163 2.794217 1.739435
v -6.897163 2.794217 1.739435
v -7.142392 2.632003 1.671687
v -7.142392 2.632003 1.671687
v -7.292201 2.382004 1.671687
v -7.292201 2.382004 1.671687
v -7.084186 2.589064 1.739435
v -7.084186 2.589064 1.739435
v -6.792202 2.678759 1.739435
v -6.792202 2.678759 1.739435
v -6.958232 2.495553 1.739435
v -6.958232 2.495553 1.739435
v -6.792202 2.678759 2.164053
v -6.792202 2.678759 2.164053
v -6.958232 2.495553 2.164053
v -6.958232 2.495553 2.164053
v -6.978270 2.883911 2.164053
v -6.978270 2.883911 2.164053
v -6.978270 2.883911 1.671687
v -6.978270 2.883911 1.671687
v -6.736858 3.063301 1.671687
v -6.736858 3.063301 1.671687
v -6.736858 3.063301 2.164053
v -6.736858 3.063301 2.164053
v -6.594683 2.825705 2.164053
v -6.594683 2.825705 2.164053
v -6.594683 2.825705 1.739435
v -6.594683 2.825705 1.739435
v -6.674836 2.960248 1.739435
v -6.674836 2.960248 1.739435
v -6.712049 3.022270 1.671687
v -6.712049 3.022270 1.671687
v -6.448690 3.147270 1.671687
v -6.448690 3.147270 1.671687
v -6.464912 3.191163 1.671687
v -6.464912 3.191163 1.671687
v -6.464912 3.191163 2.164053
v -6.464912 3.191163 2.164053
v -6.371400 2.930667 2.164053
v -6.371400 2.930667 2.164053
v -6.371400 2.930667 1.739435
v -6.371400 2.930667 1.739435
v -6.423882 3.078568 1.739435
v -6.423882 3.078568 1.739435
v -6.154798 3.146316 1.739435
v -6.154798 3.146316 1.739435
v -6.165294 3.217881 1.671687
v -6.165294 3.217881 1.671687
v -6.172928 3.264637 1.671687
v -6.172928 3.264637 1.671687
v -6.172928 3.264637 2.164053
v -6.172928 3.264637 2.164053
v -6.131897 2.990782 2.164053
v -6.131897 2.990782 2.164053
v -6.131897 2.990782 1.739435
v -6.131897 2.990782 1.739435
v -5.946783 3.006049 1.739435
v -5.946783 3.006049 1.739435
v -5.946783 3.006049 1.739435
v -5.946783 3.006049 1.739435
v -5.946783 3.162537 1.739435
v -5.946783 3.162537 1.739435
v -5.946783 3.162537 1.739435
v -5.946783 3.162537 1.739435
v -5.946783 3.236011 1.671687
v -5.946783 3.236011 1.671687
v -5.946783 3.236011 1.671687
v -5.946783 3.236011 1.671687
v -5.946783 3.282766 1.671687
v -5.946783 3.282766 1.671687
v -5.946783 3.282766 1.671687
v -5.946783 3.282766 1.671687
v -5.946783 3.282766 2.164053
v -5.946783 3.282766 2.164053
v -5.946783 3.282766 2.164053
v -5.946783 3.282766 2.164053
v -5.946783 3.006049 2.164053
v -5.946783 3.006049 2.164053
v -5.946783 3.006049 2.164053
v -5.946783 3.006049 2.164053
v -5.762622 2.990782 2.164053
v -5.762622 2.990782 2.164053
v -5.762622 2.990782 1.739435
v -5.762622 2.990782 1.739435
v -5.739722 3.146316 1.739435
v -5.739722 3.146316 1.739435
v -5.729226 3.217881 1.671687
v -5.729226 3.217881 1.671687
v -5.721592 3.264637 1.671687
v -5.721592 3.264637 1.671687
v -5.721592 3.264637 2.164053
v -5.721592 3.264637 2.164053
v -5.429607 3.191163 2.164053
v -5.429607 3.191163 2.164053
v -5.523119 2.930667 2.164053
v -5.523119 2.930667 2.164053
v -5.523119 2.930667 1.739435
v -5.523119 2.930667 1.739435
v -5.470638 3.078568 1.739435
v -5.470638 3.078568 1.739435
v -5.445829 3.147270 1.671687
v -5.445829 3.147270 1.671687
v -5.429607 3.191163 1.671687
v -5.429607 3.191163 1.671687
v -5.157661 3.063301 1.671687
v -5.157661 3.063301 1.671687
v -5.157661 3.063301 2.164053
v -5.157661 3.063301 2.164053
v -5.299837 2.825705 2.164053
v -5.299837 2.825705 2.164053
v -5.299837 2.825705 1.739435
v -5.299837 2.825705 1.739435
v -5.219685 2.960248 1.739435
v -5.219685 2.960248 1.739435
v -5.182471 3.022270 1.671687
v -5.182471 3.022270 1.671687
v -4.947738 2.848606 1.671687
v -4.947738 2.848606 1.671687
v -4.752127 2.632003 1.671687
v -4.752127 2.632003 1.671687
v -4.916249 2.883911 1.671687
v -4.916249 2.883911 1.671687
v -4.916249 2.883911 2.164053
v -4.916249 2.883911 2.164053
v -5.102318 2.678759 2.164053
v -5.102318 2.678759 2.164053
v -5.102318 2.678759 1.739435
v -5.102318 2.678759 1.739435
v -4.996402 2.794217 1.739435
v -4.996402 2.794217 1.739435
v -4.810333 2.589064 1.739435
v -4.810333 2.589064 1.739435
v -4.668158 2.351469 1.739435
v -4.668158 2.351469 1.739435
v -4.602318 2.382004 1.671687
v -4.602318 2.382004 1.671687
v -4.713959 2.660629 1.671687
v -4.713959 2.660629 1.671687
v -4.713959 2.660629 2.164053
v -4.713959 2.660629 2.164053
v -4.936287 2.495553 2.164053
v -4.936287 2.495553 2.164053
v -4.936287 2.495553 1.739435
v -4.936287 2.495553 1.739435
v -4.809379 2.283721 1.739435
v -4.809379 2.283721 1.739435
v -4.726364 2.051851 1.739435
v -4.726364 2.051851 1.739435
v -4.692967 1.869599 2.164053
v -4.692967 1.869599 2.164053
v -4.476364 1.744599 2.175503
v -4.476364 1.744599 2.175503
v -4.687242 1.745554 2.164053
v -4.687242 1.745554 2.164053
v -4.687242 1.745554 1.739435
v -4.687242 1.745554 1.739435
v -4.530754 1.745554 1.739435
v -4.530754 1.745554 1.739435
v -4.476364 1.745554 1.688863
v -4.476364 1.745554 1.688863
v -4.410524 1.744599 1.749932
v -4.410524 1.744599 1.749932
v -4.403846 1.883912 1.749932
v -4.403846 1.883912 1.749932
v -4.476364 1.890592 1.682184
v -4.476364 1.890592 1.682184
v -4.476364 1.890592 1.682184
v -4.476364 1.890592 1.682184
v -4.476364 2.115782 1.682184
v -4.476364 2.115782 1.682184
v -4.504036 2.107195 1.671687
v -4.504036 2.107195 1.671687
v -4.559380 2.402042 1.671687
v -4.559380 2.402042 1.671687
v -4.559380 2.402042 2.164053
v -4.559380 2.402042 2.164053
v -4.809379 2.283721 2.164053
v -4.809379 2.283721 2.164053
v -4.726364 2.051851 2.164053
v -4.726364 2.051851 2.164053
v -4.476364 2.115782 2.175503
v -4.476364 2.115782 2.175503
v -4.476364 1.890592 2.175503
v -4.476364 1.890592 2.175503
v -4.248312 1.868645 2.175503
v -4.248312 1.868645 2.175503
v -4.254036 1.744599 2.175503
v -4.254036 1.744599 2.175503
v -4.254036 1.744599 1.749932
v -4.254036 1.744599 1.749932
v -4.248312 1.868645 1.749932
v -4.248312 1.868645 1.749932
v -4.366632 2.089065 1.749932
v -4.366632 2.089065 1.749932
v -4.437242 2.106240 1.682184
v -4.437242 2.106240 1.682184
v -4.476364 2.136775 1.682184
v -4.476364 2.136775 1.682184
v -4.476364 2.136775 1.682184
v -4.476364 2.136775 1.682184
v -4.476364 2.136775 2.175503
v -4.476364 2.136775 2.175503
v -4.476364 2.136775 2.175503
v -4.476364 2.136775 2.175503
v -4.214914 2.050897 2.175503
v -4.214914 2.050897 2.175503
v -4.214914 2.050897 1.749932
v -4.214914 2.050897 1.749932
v -4.131899 2.282767 1.749932
v -4.131899 2.282767 1.749932
v -4.273120 2.349561 1.749932
v -4.273120 2.349561 1.749932
v -4.338960 2.381049 1.682184
v -4.338960 2.381049 1.682184
v -4.381899 2.401088 1.682184
v -4.381899 2.401088 1.682184
v -4.381899 2.401088 2.175503
v -4.381899 2.401088 2.175503
v -4.131899 2.282767 2.175503
v -4.131899 2.282767 2.175503
v -4.004991 2.494599 2.175503
v -4.004991 2.494599 2.175503
v -4.004991 2.494599 1.749932
v -4.004991 2.494599 1.749932
v -4.130945 2.588110 1.749932
v -4.130945 2.588110 1.749932
v -4.189151 2.631049 1.682184
v -4.189151 2.631049 1.682184
v -4.227319 2.659675 1.682184
v -4.227319 2.659675 1.682184
v -4.227319 2.659675 2.175503
v -4.227319 2.659675 2.175503
v -4.025029 2.882003 2.175503
v -4.025029 2.882003 2.175503
v -3.838960 2.677805 2.175503
v -3.838960 2.677805 2.175503
v -3.838960 2.677805 1.749932
v -3.838960 2.677805 1.749932
v -3.943922 2.793263 1.749932
v -3.943922 2.793263 1.749932
v -3.993541 2.847652 1.682184
v -3.993541 2.847652 1.682184
v -4.025029 2.882003 1.682184
v -4.025029 2.882003 1.682184
v -3.783617 3.061393 1.682184
v -3.783617 3.061393 1.682184
v -3.783617 3.061393 2.175503
v -3.783617 3.061393 2.175503
v -3.641442 2.824751 2.175503
v -3.641442 2.824751 2.175503
v -3.641442 2.824751 1.749932
v -3.641442 2.824751 1.749932
v -3.721595 2.958339 1.749932
v -3.721595 2.958339 1.749932
v -3.758808 3.021316 1.682184
v -3.758808 3.021316 1.682184
v -3.495449 3.145362 1.682184
v -3.495449 3.145362 1.682184
v -3.510717 3.190209 1.682184
v -3.510717 3.190209 1.682184
v -3.510717 3.190209 2.175503
v -3.510717 3.190209 2.175503
v -3.418159 2.929713 2.175503
v -3.418159 2.929713 2.175503
v -3.418159 2.929713 1.749932
v -3.418159 2.929713 1.749932
v -3.470640 3.077614 1.749932
v -3.470640 3.077614 1.749932
v -3.201557 3.144408 1.749932
v -3.201557 3.144408 1.749932
v -3.212053 3.216927 1.682184
v -3.212053 3.216927 1.682184
v -3.219687 3.263682 1.682184
v -3.219687 3.263682 1.682184
v -3.219687 3.263682 2.175503
v -3.219687 3.263682 2.175503
v -3.178656 2.989827 2.175503
v -3.178656 2.989827 2.175503
v -3.178656 2.989827 1.749932
v -3.178656 2.989827 1.749932
v -2.993541 3.005095 1.749932
v -2.993541 3.005095 1.749932
v -2.993541 3.005095 1.749932
v -2.993541 3.005095 1.749932
v -2.993541 3.161583 1.749932
v -2.993541 3.161583 1.749932
v -2.993541 3.161583 1.749932
v -2.993541 3.161583 1.749932
v -2.993541 3.234102 1.682184
v -2.993541 3.234102 1.682184
v -2.993541 3.234102 1.682184
v -2.993541 3.234102 1.682184
v -2.993541 3.281812 1.682184
v -2.993541 3.281812 1.682184
v -2.993541 3.281812 1.682184
v -2.993541 3.281812 1.682184
v -2.993541 3.281812 2.175503
v -2.993541 3.281812 2.175503
v -2.993541 3.281812 2.175503
v -2.993541 3.281812 2.175503
v -2.993541 3.005095 2.175503
v -2.993541 3.005095 2.175503
v -2.993541 3.005095 2.175503
v -2.993541 3.005095 2.175503
v -2.809381 2.989827 2.175503
v -2.809381 2.989827 2.175503
v -2.809381 2.989827 1.749932
v -2.809381 2.989827 1.749932
v -2.786480 3.144408 1.749932
v -2.786480 3.144408 1.749932
v -2.775985 3.216927 1.682184
v -2.775985 3.216927 1.682184
v -2.768351 3.263682 1.682184
v -2.768351 3.263682 1.682184
v -2.768351 3.263682 2.175503
v -2.768351 3.263682 2.175503
v -2.569878 2.929713 2.175503
v -2.569878 2.929713 2.175503
v -2.569878 2.929713 1.749932
v -2.569878 2.929713 1.749932
v -2.517397 3.077614 1.749932
v -2.517397 3.077614 1.749932
v -2.492588 3.145362 1.682184
v -2.492588 3.145362 1.682184
v -2.476367 3.190209 1.682184
v -2.476367 3.190209 1.682184
v -2.476367 3.190209 2.175503
v -2.476367 3.190209 2.175503
v -2.346596 2.824751 2.175503
v -2.346596 2.824751 2.175503
v -2.346596 2.824751 1.749932
v -2.346596 2.824751 1.749932
v -2.266443 2.958339 1.749932
v -2.266443 2.958339 1.749932
v -2.229229 3.021316 1.682184
v -2.229229 3.021316 1.682184
v -2.204421 3.061393 1.682184
v -2.204421 3.061393 1.682184
v -2.204421 3.061393 2.175503
v -2.204421 3.061393 2.175503
v -2.149077 2.677805 2.175503
v -2.149077 2.677805 2.175503
v -2.149077 2.677805 1.749932
v -2.149077 2.677805 1.749932
v -2.043161 2.793263 1.749932
v -2.043161 2.793263 1.749932
v -1.994496 2.847652 1.682184
v -1.994496 2.847652 1.682184
v -1.798886 2.631049 1.682184
v -1.798886 2.631049 1.682184
v -1.963008 2.882003 1.682184
v -1.963008 2.882003 1.682184
v -1.963008 2.882003 2.175503
v -1.963008 2.882003 2.175503
v -1.983046 2.494599 2.175503
v -1.983046 2.494599 2.175503
v -1.983046 2.494599 1.749932
v -1.983046 2.494599 1.749932
v -1.857092 2.588110 1.749932
v -1.857092 2.588110 1.749932
v -1.714917 2.349561 1.749932
v -1.714917 2.349561 1.749932
v -1.649077 2.381049 1.682184
v -1.649077 2.381049 1.682184
v -1.760718 2.659675 1.682184
v -1.760718 2.659675 1.682184
v -1.760718 2.659675 2.175503
v -1.760718 2.659675 2.175503
v -1.856138 2.282767 2.175503
v -1.856138 2.282767 2.175503
v -1.856138 2.282767 1.749932
v -1.856138 2.282767 1.749932
v -1.773123 2.050897 1.749932
v -1.773123 2.050897 1.749932
v -1.739726 1.868645 2.175503
v -1.739726 1.868645 2.175503
v -1.506902 1.744599 2.175503
v -1.506902 1.744599 2.175503
v -1.734001 1.744599 2.175503
v -1.734001 1.744599 2.175503
v -1.734001 1.744599 1.749932
v -1.734001 1.744599 1.749932
v -1.576558 1.744599 1.749932
v -1.576558 1.744599 1.749932
v -1.506902 1.744599 1.685046
v -1.506902 1.744599 1.685046
v -1.437245 1.744599 1.749932
v -1.437245 1.744599 1.749932
v -1.429612 1.883912 1.749932
v -1.429612 1.883912 1.749932
v -1.506902 1.890592 1.682184
v -1.506902 1.890592 1.682184
v -1.506902 1.890592 1.682184
v -1.506902 1.890592 1.682184
v -1.506902 2.117691 1.682184
v -1.506902 2.117691 1.682184
v -1.550795 2.106240 1.682184
v -1.550795 2.106240 1.682184
v -1.606138 2.401088 1.682184
v -1.606138 2.401088 1.682184
v -1.606138 2.401088 2.175503
v -1.606138 2.401088 2.175503
v -1.773123 2.050897 2.175503
v -1.773123 2.050897 2.175503
v -1.506902 2.117691 2.175503
v -1.506902 2.117691 2.175503
v -1.506902 1.891546 2.175503
v -1.506902 1.891546 2.175503
v -1.274078 1.868645 2.175503
v -1.274078 1.868645 2.175503
v -1.279803 1.744599 2.175503
v -1.279803 1.744599 2.175503
v -1.274078 1.868645 1.749932
v -1.274078 1.868645 1.749932
v -1.279803 1.744599 1.749932
v -1.279803 1.744599 1.749932
v -1.392398 2.089065 1.749932
v -1.392398 2.089065 1.749932
v -1.463009 2.106240 1.682184
v -1.463009 2.106240 1.682184
v -1.506902 2.124370 1.682184
v -1.506902 2.124370 1.682184
v -1.506902 2.124370 1.682184
v -1.506902 2.124370 1.682184
v -1.506902 2.124370 2.175503
v -1.506902 2.124370 2.175503
v -1.506902 2.124370 2.175503
v -1.506902 2.124370 2.175503
v -1.240681 2.050897 2.175503
v -1.240681 2.050897 2.175503
v -1.240681 2.050897 1.749932
v -1.240681 2.050897 1.749932
v -1.298887 2.349561 1.749932
v -1.298887 2.349561 1.749932
v -1.364726 2.381049 1.682184
v -1.364726 2.381049 1.682184
v -1.407665 2.401088 1.682184
v -1.407665 2.401088 1.682184
v -1.407665 2.401088 2.175503
v -1.407665 2.401088 2.175503
v -1.157665 2.282767 2.175503
v -1.157665 2.282767 2.175503
v -1.157665 2.282767 1.749932
v -1.157665 2.282767 1.749932
v -1.156711 2.588110 1.749932
v -1.156711 2.588110 1.749932
v -1.214917 2.631049 1.682184
v -1.214917 2.631049 1.682184
v -1.253085 2.659675 1.682184
v -1.253085 2.659675 1.682184
v -1.253085 2.659675 2.175503
v -1.253085 2.659675 2.175503
v -1.030757 2.494599 2.175503
v -1.030757 2.494599 2.175503
v -1.030757 2.494599 1.749932
v -1.030757 2.494599 1.749932
v -0.970643 2.793263 1.749932
v -0.970643 2.793263 1.749932
v -1.019307 2.847652 1.682184
v -1.019307 2.847652 1.682184
v -1.050795 2.882003 1.682184
v -1.050795 2.882003 1.682184
v -1.050795 2.882003 2.175503
v -1.050795 2.882003 2.175503
v -0.864727 2.677805 2.175503
v -0.864727 2.677805 2.175503
v -0.864727 2.677805 1.749932
v -0.864727 2.677805 1.749932
v -0.747361 2.958339 1.749932
v -0.747361 2.958339 1.749932
v -0.784574 3.021316 1.682184
v -0.784574 3.021316 1.682184
v -0.809383 3.061393 1.682184
v -0.809383 3.061393 1.682184
v -0.809383 3.061393 2.175503
v -0.809383 3.061393 2.175503
v -0.667208 2.824751 2.175503
v -0.667208 2.824751 2.175503
v -0.667208 2.824751 1.749932
v -0.667208 2.824751 1.749932
v -0.496407 3.077614 1.749932
v -0.496407 3.077614 1.749932
v -0.521216 3.145362 1.682184
v -0.521216 3.145362 1.682184
v -0.537437 3.190209 1.682184
v -0.537437 3.190209 1.682184
v -0.537437 3.190209 2.175503
v -0.537437 3.190209 2.175503
v -0.443926 2.929713 2.175503
v -0.443926 2.929713 2.175503
v -0.443926 2.929713 1.749932
v -0.443926 2.929713 1.749932
v -0.227323 3.144408 1.749932
v -0.227323 3.144408 1.749932
v -0.237819 3.216927 1.682184
v -0.237819 3.216927 1.682184
v -0.245452 3.263682 1.682184
v -0.245452 3.263682 1.682184
v -0.245452 3.263682 2.175503
v -0.245452 3.263682 2.175503
v -0.204422 2.989827 2.175503
v -0.204422 2.989827 2.175503
v -0.204422 2.989827 1.749932
v -0.204422 2.989827 1.749932
v -0.020262 3.005095 1.749932
v -0.020262 3.005095 1.749932
v -0.020262 3.005095 1.749932
v -0.020262 3.005095 1.749932
v -0.020262 3.161583 1.749932
v -0.020262 3.161583 1.749932
v -0.020262 3.161583 1.749932
v -0.020262 3.161583 1.749932
v -0.020262 3.234102 1.682184
v -0.020262 3.234102 1.682184
v -0.020262 3.234102 1.682184
v -0.020262 3.234102 1.682184
v -0.020262 3.281812 1.682184
v -0.020262 3.281812 1.682184
v -0.020262 3.281812 1.682184
v -0.020262 3.281812 1.682184
v -0.020262 3.281812 2.175503
v -0.020262 3.281812 2.175503
v -0.020262 3.281812 2.175503
v -0.020262 3.281812 2.175503
v -0.020262 3.005095 2.175503
v -0.020262 3.005095 2.175503
v -0.020262 3.005095 2.175503
v -0.020262 3.005095 2.175503
v 0.164852 2.989827 2.175503
v 0.164852 2.989827 2.175503
v 0.164852 2.989827 1.749932
v 0.164852 2.989827 1.749932
v 0.187753 3.144408 1.749932
v 0.187753 3.144408 1.749932
v 0.198249 3.216927 1.682184
v 0.198249 3.216927 1.682184
v 0.204928 3.263682 1.682184
v 0.204928 3.263682 1.682184
v 0.204928 3.263682 2.175503
v 0.204928 3.263682 2.175503
v 0.404356 2.929713 2.175503
v 0.404356 2.929713 2.175503
v 0.404356 2.929713 1.749932
v 0.404356 2.929713 1.749932
v 0.456837 3.077614 1.749932
v 0.456837 3.077614 1.749932
v 0.481646 3.145362 1.682184
v 0.481646 3.145362 1.682184
v 0.496913 3.190209 1.682184
v 0.496913 3.190209 1.682184
v 0.496913 3.190209 2.175503
v 0.496913 3.190209 2.175503
v 0.626684 2.824751 2.175503
v 0.626684 2.824751 2.175503
v 0.626684 2.824751 1.749932
v 0.626684 2.824751 1.749932
v 0.707790 2.958339 1.749932
v 0.707790 2.958339 1.749932
v 0.745004 3.021316 1.682184
v 0.745004 3.021316 1.682184
v 0.769814 3.061393 1.682184
v 0.769814 3.061393 1.682184
v 0.769814 3.061393 2.175503
v 0.769814 3.061393 2.175503
v 0.825156 2.677805 2.175503
v 0.825156 2.677805 2.175503
v 0.991188 2.494599 1.749932
v 0.991188 2.494599 1.749932
v 0.825156 2.677805 1.749932
v 0.825156 2.677805 1.749932
v 0.930118 2.793263 1.749932
v 0.930118 2.793263 1.749932
v 0.978782 2.847652 1.682184
v 0.978782 2.847652 1.682184
v 1.011226 2.882003 1.682184
v 1.011226 2.882003 1.682184
v 1.011226 2.882003 2.175503
v 1.011226 2.882003 2.175503
v 0.991188 2.494599 2.175503
v 0.991188 2.494599 2.175503
v 1.118096 2.282767 1.749932
v 1.118096 2.282767 1.749932
v 1.352828 2.089065 1.749932
v 1.352828 2.089065 1.749932
v 1.259317 2.349561 1.749932
v 1.259317 2.349561 1.749932
v 1.117142 2.588110 1.749932
v 1.117142 2.588110 1.749932
v 1.175348 2.631049 1.682184
v 1.175348 2.631049 1.682184
v 1.213515 2.659675 1.682184
v 1.213515 2.659675 1.682184
v 1.213515 2.659675 2.175503
v 1.213515 2.659675 2.175503
v 1.118096 2.282767 2.175503
v 1.118096 2.282767 2.175503
v 1.201111 2.050897 1.749932
v 1.201111 2.050897 1.749932
v 1.234508 1.868645 1.749932
v 1.234508 1.868645 1.749932
v 1.390042 1.883912 1.749932
v 1.390042 1.883912 1.749932
v 1.462561 1.744599 2.175503
v 1.462561 1.744599 2.175503
v 1.234508 1.868645 2.175503
v 1.234508 1.868645 2.175503
v 1.240233 1.744599 2.175503
v 1.240233 1.744599 2.175503
v 1.240233 1.744599 1.749932
v 1.240233 1.744599 1.749932
v 1.396721 1.744599 1.749932
v 1.396721 1.744599 1.749932
v 1.462561 1.744599 1.688863
v 1.462561 1.744599 1.688863
v 1.528401 1.744599 1.749932
v 1.528401 1.744599 1.749932
v 1.535080 1.883912 1.749932
v 1.535080 1.883912 1.749932
v 1.462561 1.890592 1.682184
v 1.462561 1.890592 1.682184
v 1.462561 1.890592 1.682184
v 1.462561 1.890592 1.682184
v 1.462561 2.115782 1.682184
v 1.462561 2.115782 1.682184
v 1.423439 2.106240 1.682184
v 1.423439 2.106240 1.682184
v 1.325156 2.381049 1.682184
v 1.325156 2.381049 1.682184
v 1.368095 2.401088 1.682184
v 1.368095 2.401088 1.682184
v 1.368095 2.401088 2.175503
v 1.368095 2.401088 2.175503
v 1.201111 2.050897 2.175503
v 1.201111 2.050897 2.175503
v 1.462561 2.115782 2.175503
v 1.462561 2.115782 2.175503
v 1.462561 1.890592 2.175503
v 1.462561 1.890592 2.175503
v 1.691569 1.868645 2.175503
v 1.691569 1.868645 2.175503
v 1.685843 1.744599 2.175503
v 1.685843 1.744599 2.175503
v 1.685843 1.744599 1.749932
v 1.685843 1.744599 1.749932
v 1.691569 1.868645 1.749932
v 1.691569 1.868645 1.749932
v 1.573247 2.089065 1.749932
v 1.573247 2.089065 1.749932
v 1.502637 2.106240 1.682184
v 1.502637 2.106240 1.682184
v 1.462561 2.136775 1.682184
v 1.462561 2.136775 1.682184
v 1.462561 2.136775 1.682184
v 1.462561 2.136775 1.682184
v 1.462561 2.136775 2.175503
v 1.462561 2.136775 2.175503
v 1.462561 2.136775 2.175503
v 1.462561 2.136775 2.175503
v 1.724965 2.050897 2.175503
v 1.724965 2.050897 2.175503
v 1.724965 2.050897 1.749932
v 1.724965 2.050897 1.749932
v 1.807981 2.282767 1.749932
v 1.807981 2.282767 1.749932
v 1.665805 2.349561 1.749932
v 1.665805 2.349561 1.749932
v 1.600919 2.381049 1.682184
v 1.600919 2.381049 1.682184
v 1.557981 2.401088 1.682184
v 1.557981 2.401088 1.682184
v 1.557981 2.401088 2.175503
v 1.557981 2.401088 2.175503
v 1.807981 2.282767 2.175503
v 1.807981 2.282767 2.175503
v 1.934889 2.494599 2.175503
v 1.934889 2.494599 2.175503
v 1.934889 2.494599 1.749932
v 1.934889 2.494599 1.749932
v 1.808935 2.588110 1.749932
v 1.808935 2.588110 1.749932
v 1.750729 2.631049 1.682184
v 1.750729 2.631049 1.682184
v 1.712561 2.659675 1.682184
v 1.712561 2.659675 1.682184
v 1.712561 2.659675 2.175503
v 1.712561 2.659675 2.175503
v 1.914851 2.882003 2.175503
v 1.914851 2.882003 2.175503
v 2.099965 2.677805 2.175503
v 2.099965 2.677805 2.175503
v 2.099965 2.677805 1.749932
v 2.099965 2.677805 1.749932
v 1.995003 2.793263 1.749932
v 1.995003 2.793263 1.749932
v 1.946339 2.847652 1.682184
v 1.946339 2.847652 1.682184
v 1.914851 2.882003 1.682184
v 1.914851 2.882003 1.682184
v 2.156262 3.061393 1.682184
v 2.156262 3.061393 1.682184
v 2.156262 3.061393 2.175503
v 2.156262 3.061393 2.175503
v 2.298438 2.824751 2.175503
v 2.298438 2.824751 2.175503
v 2.298438 2.824751 1.749932
v 2.298438 2.824751 1.749932
v 2.218285 2.958339 1.749932
v 2.218285 2.958339 1.749932
v 2.181072 3.021316 1.682184
v 2.181072 3.021316 1.682184
v 2.444430 3.145362 1.682184
v 2.444430 3.145362 1.682184
v 2.428208 3.190209 1.682184
v 2.428208 3.190209 1.682184
v 2.428208 3.190209 2.175503
v 2.428208 3.190209 2.175503
v 2.521720 2.929713 2.175503
v 2.521720 2.929713 2.175503
v 2.521720 2.929713 1.749932
v 2.521720 2.929713 1.749932
v 2.469239 3.077614 1.749932
v 2.469239 3.077614 1.749932
v 2.738322 3.144408 1.749932
v 2.738322 3.144408 1.749932
v 2.726872 3.216927 1.682184
v 2.726872 3.216927 1.682184
v 2.720194 3.263682 1.682184
v 2.720194 3.263682 1.682184
v 2.720194 3.263682 2.175503
v 2.720194 3.263682 2.175503
v 2.761224 2.989827 2.175503
v 2.761224 2.989827 2.175503
v 2.761224 2.989827 1.749932
v 2.761224 2.989827 1.749932
v 2.945384 3.005095 1.749932
v 2.945384 3.005095 1.749932
v 2.945384 3.005095 1.749932
v 2.945384 3.005095 1.749932
v 2.945384 3.161583 1.749932
v 2.945384 3.161583 1.749932
v 2.945384 3.161583 1.749932
v 2.945384 3.161583 1.749932
v 2.945384 3.234102 1.682184
v 2.945384 3.234102 1.682184
v 2.945384 3.234102 1.682184
v 2.945384 3.234102 1.682184
v 2.945384 3.281812 1.682184
v 2.945384 3.281812 1.682184
v 2.945384 3.281812 1.682184
v 2.945384 3.281812 1.682184
v 2.945384 3.281812 2.175503
v 2.945384 3.281812 2.175503
v 2.945384 3.281812 2.175503
v 2.945384 3.281812 2.175503
v 2.945384 3.005095 2.175503
v 2.945384 3.005095 2.175503
v 2.945384 3.005095 2.175503
v 2.945384 3.005095 2.175503
v 3.130498 2.989827 2.175503
v 3.130498 2.989827 2.175503
v 3.130498 2.989827 1.749932
v 3.130498 2.989827 1.749932
v 3.153399 3.144408 1.749932
v 3.153399 3.144408 1.749932
v 3.163895 3.216927 1.682184
v 3.163895 3.216927 1.682184
v 3.170574 3.263682 1.682184
v 3.170574 3.263682 1.682184
v 3.170574 3.263682 2.175503
v 3.170574 3.263682 2.175503
v 3.370001 2.929713 2.175503
v 3.370001 2.929713 2.175503
v 3.370001 2.929713 1.749932
v 3.370001 2.929713 1.749932
v 3.422483 3.077614 1.749932
v 3.422483 3.077614 1.749932
v 3.447291 3.145362 1.682184
v 3.447291 3.145362 1.682184
v 3.462559 3.190209 1.682184
v 3.462559 3.190209 1.682184
v 3.462559 3.190209 2.175503
v 3.462559 3.190209 2.175503
v 3.592329 2.824751 2.175503
v 3.592329 2.824751 2.175503
v 3.592329 2.824751 1.749932
v 3.592329 2.824751 1.749932
v 3.673437 2.958339 1.749932
v 3.673437 2.958339 1.749932
v 3.710650 3.021316 1.682184
v 3.710650 3.021316 1.682184
v 3.734505 3.061393 1.682184
v 3.734505 3.061393 1.682184
v 3.734505 3.061393 2.175503
v 3.734505 3.061393 2.175503
v 3.790803 2.677805 2.175503
v 3.790803 2.677805 2.175503
v 3.790803 2.677805 1.749932
v 3.790803 2.677805 1.749932
v 3.895765 2.793263 1.749932
v 3.895765 2.793263 1.749932
v 3.944429 2.847652 1.682184
v 3.944429 2.847652 1.682184
v 4.140994 2.631049 1.682184
v 4.140994 2.631049 1.682184
v 3.976871 2.882003 1.682184
v 3.976871 2.882003 1.682184
v 3.976871 2.882003 2.175503
v 3.976871 2.882003 2.175503
v 3.956833 2.494599 2.175503
v 3.956833 2.494599 2.175503
v 3.956833 2.494599 1.749932
v 3.956833 2.494599 1.749932
v 4.081833 2.588110 1.749932
v 4.081833 2.588110 1.749932
v 4.224962 2.349561 1.749932
v 4.224962 2.349561 1.749932
v 4.290802 2.381049 1.682184
v 4.290802 2.381049 1.682184
v 4.179162 2.659675 1.682184
v 4.179162 2.659675 1.682184
v 4.179162 2.659675 2.175503
v 4.179162 2.659675 2.175503
v 4.083742 2.282767 2.175503
v 4.083742 2.282767 2.175503
v 4.083742 2.282767 1.749932
v 4.083742 2.282767 1.749932
v 4.166756 2.050897 1.749932
v 4.166756 2.050897 1.749932
v 4.200154 1.868645 2.175503
v 4.200154 1.868645 2.175503
v 4.415802 1.744599 2.175503
v 4.415802 1.744599 2.175503
v 4.205878 1.744599 2.175503
v 4.205878 1.744599 2.175503
v 4.205878 1.744599 1.749932
v 4.205878 1.744599 1.749932
v 4.362368 1.744599 1.749932
v 4.362368 1.744599 1.749932
v 4.415802 1.744599 1.700313
v 4.415802 1.744599 1.700313
v 4.470192 1.744599 1.749932
v 4.470192 1.744599 1.749932
v 4.476871 1.883912 1.749932
v 4.476871 1.883912 1.749932
v 4.415802 1.889637 1.693634
v 4.415802 1.889637 1.693634
v 4.415802 1.889637 1.693634
v 4.415802 1.889637 1.693634
v 4.415802 2.112920 1.682184
v 4.415802 2.112920 1.682184
v 4.389084 2.106240 1.682184
v 4.389084 2.106240 1.682184
v 4.333742 2.401088 1.682184
v 4.333742 2.401088 1.682184
v 4.333742 2.401088 2.175503
v 4.333742 2.401088 2.175503
v 4.166756 2.050897 2.175503
v 4.166756 2.050897 2.175503
v 4.415802 2.112920 2.175503
v 4.415802 2.112920 2.175503
v 4.415802 1.889637 2.175503
v 4.415802 1.889637 2.175503
v 4.632405 1.868645 2.175503
v 4.632405 1.868645 2.175503
v 4.626680 1.744599 2.175503
v 4.626680 1.744599 2.175503
v 4.632405 1.868645 1.749932
v 4.632405 1.868645 1.749932
v 4.626680 1.744599 1.749932
v 4.626680 1.744599 1.749932
v 4.514084 2.089065 1.749932
v 4.514084 2.089065 1.749932
v 4.443474 2.106240 1.682184
v 4.443474 2.106240 1.682184
v 4.415802 2.170172 1.682184
v 4.415802 2.170172 1.682184
v 4.415802 2.170172 1.682184
v 4.415802 2.170172 1.682184
v 4.415802 2.170172 2.175503
v 4.415802 2.170172 2.175503
v 4.415802 2.170172 2.175503
v 4.415802 2.170172 2.175503
v 4.665802 2.050897 2.175503
v 4.665802 2.050897 2.175503
v 4.665802 2.050897 1.749932
v 4.665802 2.050897 1.749932
v 4.607596 2.349561 1.749932
v 4.607596 2.349561 1.749932
v 4.541756 2.381049 1.682184
v 4.541756 2.381049 1.682184
v 4.498818 2.401088 1.682184
v 4.498818 2.401088 1.682184
v 4.498818 2.401088 2.175503
v 4.498818 2.401088 2.175503
v 4.748817 2.282767 2.175503
v 4.748817 2.282767 2.175503
v 4.748817 2.282767 1.749932
v 4.748817 2.282767 1.749932
v 4.749771 2.588110 1.749932
v 4.749771 2.588110 1.749932
v 4.691565 2.631049 1.682184
v 4.691565 2.631049 1.682184
v 4.653397 2.659675 1.682184
v 4.653397 2.659675 1.682184
v 4.653397 2.659675 2.175503
v 4.653397 2.659675 2.175503
v 4.875725 2.494599 2.175503
v 4.875725 2.494599 2.175503
v 4.875725 2.494599 1.749932
v 4.875725 2.494599 1.749932
v 4.935841 2.793263 1.749932
v 4.935841 2.793263 1.749932
v 4.887177 2.847652 1.682184
v 4.887177 2.847652 1.682184
v 4.855687 2.882003 1.682184
v 4.855687 2.882003 1.682184
v 4.855687 2.882003 2.175503
v 4.855687 2.882003 2.175503
v 5.041755 2.677805 2.175503
v 5.041755 2.677805 2.175503
v 5.041755 2.677805 1.749932
v 5.041755 2.677805 1.749932
v 5.159122 2.958339 1.749932
v 5.159122 2.958339 1.749932
v 5.121909 3.021316 1.682184
v 5.121909 3.021316 1.682184
v 5.097099 3.061393 1.682184
v 5.097099 3.061393 1.682184
v 5.097099 3.061393 2.175503
v 5.097099 3.061393 2.175503
v 5.239275 2.824751 2.175503
v 5.239275 2.824751 2.175503
v 5.239275 2.824751 1.749932
v 5.239275 2.824751 1.749932
v 5.410076 3.077614 1.749932
v 5.410076 3.077614 1.749932
v 5.385267 3.145362 1.682184
v 5.385267 3.145362 1.682184
v 5.369045 3.190209 1.682184
v 5.369045 3.190209 1.682184
v 5.369045 3.190209 2.175503
v 5.369045 3.190209 2.175503
v 5.462557 2.929713 2.175503
v 5.462557 2.929713 2.175503
v 5.462557 2.929713 1.749932
v 5.462557 2.929713 1.749932
v 5.679160 3.144408 1.749932
v 5.679160 3.144408 1.749932
v 5.668664 3.216927 1.682184
v 5.668664 3.216927 1.682184
v 5.661030 3.263682 1.682184
v 5.661030 3.263682 1.682184
v 5.661030 3.263682 2.175503
v 5.661030 3.263682 2.175503
v 5.702060 2.989827 2.175503
v 5.702060 2.989827 2.175503
v 5.702060 2.989827 1.749932
v 5.702060 2.989827 1.749932
v 5.886220 3.005095 1.749932
v 5.886220 3.005095 1.749932
v 5.886220 3.005095 1.749932
v 5.886220 3.005095 1.749932
v 5.886220 3.161583 1.749932
v 5.886220 3.161583 1.749932
v 5.886220 3.161583 1.749932
v 5.886220 3.161583 1.749932
v 5.886220 3.234102 1.682184
v 5.886220 3.234102 1.682184
v 5.886220 3.234102 1.682184
v 5.886220 3.234102 1.682184
v 5.886220 3.281812 1.682184
v 5.886220 3.281812 1.682184
v 5.886220 3.281812 1.682184
v 5.886220 3.281812 1.682184
v 5.886220 3.281812 2.175503
v 5.886220 3.281812 2.175503
v 5.886220 3.281812 2.175503
v 5.886220 3.281812 2.175503
v 5.886220 3.005095 2.175503
v 5.886220 3.005095 2.175503
v 5.886220 3.005095 2.175503
v 5.886220 3.005095 2.175503
v 6.071334 2.989827 2.175503
v 6.071334 2.989827 2.175503
v 6.071334 2.989827 1.749932
v 6.071334 2.989827 1.749932
v 6.094236 3.144408 1.749932
v 6.094236 3.144408 1.749932
v 6.104732 3.216927 1.682184
v 6.104732 3.216927 1.682184
v 6.112366 3.263682 1.682184
v 6.112366 3.263682 1.682184
v 6.112366 3.263682 2.175503
v 6.112366 3.263682 2.175503
v 6.310839 2.929713 2.175503
v 6.310839 2.929713 2.175503
v 6.310839 2.929713 1.749932
v 6.310839 2.929713 1.749932
v 6.363319 3.077614 1.749932
v 6.363319 3.077614 1.749932
v 6.388129 3.145362 1.682184
v 6.388129 3.145362 1.682184
v 6.404350 3.190209 1.682184
v 6.404350 3.190209 1.682184
v 6.404350 3.190209 2.175503
v 6.404350 3.190209 2.175503
v 6.534121 2.824751 2.175503
v 6.534121 2.824751 2.175503
v 6.534121 2.824751 1.749932
v 6.534121 2.824751 1.749932
v 6.614273 2.958339 1.749932
v 6.614273 2.958339 1.749932
v 6.651487 3.021316 1.682184
v 6.651487 3.021316 1.682184
v 6.676297 3.061393 1.682184
v 6.676297 3.061393 1.682184
v 6.676297 3.061393 2.175503
v 6.676297 3.061393 2.175503
v 6.731639 2.677805 2.175503
v 6.731639 2.677805 2.175503
v 6.897670 2.494599 1.749932
v 6.897670 2.494599 1.749932
v 6.731639 2.677805 1.749932
v 6.731639 2.677805 1.749932
v 6.836601 2.793263 1.749932
v 6.836601 2.793263 1.749932
v 6.886220 2.847652 1.682184
v 6.886220 2.847652 1.682184
v 6.917709 2.882003 1.682184
v 6.917709 2.882003 1.682184
v 6.917709 2.882003 2.175503
v 6.917709 2.882003 2.175503
v 6.897670 2.494599 2.175503
v 6.897670 2.494599 2.175503
v 7.024579 2.282767 1.749932
v 7.024579 2.282767 1.749932
v 7.107594 2.050897 1.749932
v 7.107594 2.050897 1.749932
v 7.259311 2.089065 1.749932
v 7.259311 2.089065 1.749932
v 7.165800 2.349561 1.749932
v 7.165800 2.349561 1.749932
v 7.023623 2.588110 1.749932
v 7.023623 2.588110 1.749932
v 7.081830 2.631049 1.682184
v 7.081830 2.631049 1.682184
v 7.119998 2.659675 1.682184
v 7.119998 2.659675 1.682184
v 7.119998 2.659675 2.175503
v 7.119998 2.659675 2.175503
v 7.024579 2.282767 2.175503
v 7.024579 2.282767 2.175503
v 7.107594 2.050897 2.175503
v 7.107594 2.050897 2.175503
v 7.140991 1.868645 2.175503
v 7.140991 1.868645 2.175503
v 7.140991 1.868645 1.749932
v 7.140991 1.868645 1.749932
v 7.296525 1.883912 1.749932
v 7.296525 1.883912 1.749932
v 7.324196 2.046126 1.697451
v 7.324196 2.046126 1.697451
v 7.326105 1.886775 1.722260
v 7.326105 1.886775 1.722260
v 7.400532 1.732195 1.677413
v 7.400532 1.732195 1.677413
v 7.400532 1.855286 1.669779
v 7.400532 1.855286 1.669779
v 7.412937 1.732195 1.677413
v 7.412937 1.732195 1.677413
v 7.786028 1.890592 1.787145
v 7.786028 1.890592 1.787145
v 7.786028 1.740783 1.795733
v 7.786028 1.740783 1.795733
v 7.786028 1.809485 1.518062
v 7.786028 1.809485 1.518062
v 7.786028 1.720744 1.521878
v 7.786028 1.720744 1.521878
v 7.412937 1.809485 1.518062
v 7.412937 1.809485 1.518062
v 7.412937 1.720744 1.521878
v 7.412937 1.720744 1.521878
v 7.412937 1.855286 1.669779
v 7.412937 1.855286 1.669779
v 7.400532 2.019408 1.640199
v 7.400532 2.019408 1.640199
v 7.324196 2.103378 1.687909
v 7.324196 2.103378 1.687909
v 7.323242 2.118645 1.685046
v 7.323242 2.118645 1.685046
v 7.323242 2.118645 1.685046
v 7.323242 2.118645 1.685046
v 7.231639 2.381049 1.682184
v 7.231639 2.381049 1.682184
v 7.274578 2.401088 1.682184
v 7.274578 2.401088 1.682184
v 7.274578 2.401088 2.175503
v 7.274578 2.401088 2.175503
v 7.369044 2.136775 2.175503
v 7.369044 2.136775 2.175503
v 7.369044 2.115782 2.175503
v 7.369044 1.890592 2.175503
v 7.369044 1.744599 2.175503
v 7.146716 1.744599 2.175503
v 7.146716 1.744599 2.175503
v 7.146716 1.744599 1.749932
v 7.146716 1.744599 1.749932
v 7.303204 1.744599 1.749932
v 7.303204 1.744599 1.749932
v 7.323242 1.744599 1.731802
v 7.323242 1.744599 1.731802
v 7.323242 1.691164 1.732756
v 7.400532 1.691164 1.679321
v 7.400532 1.691164 1.679321
v 7.412937 1.691164 1.679321
v 7.412937 1.691164 1.679321
v 7.412937 1.691164 1.523787
v 7.412937 1.691164 1.523787
v 7.786028 1.691164 1.523787
v 7.786028 1.691164 1.523787
v 7.786028 1.691164 1.798596
v 7.786028 1.691164 1.798596
v 7.323242 1.691164 1.798596
v 7.323242 1.740783 1.795733
v 7.323242 1.890592 1.787145
v 7.395761 2.065210 1.752794
v 7.369044 2.136775 1.729893
v 7.369044 2.136775 1.729893
v 7.786028 2.065210 1.752794
v 7.786028 2.065210 1.752794
v 7.786028 1.958340 1.494206
v 7.786028 1.958340 1.494206
v 7.412937 1.958340 1.494206
v 7.412937 1.958340 1.494206
v 7.412937 2.019408 1.640199
v 7.412937 2.019408 1.640199
v 7.400532 2.183530 1.587718
v 7.400532 2.183530 1.587718
v 7.323242 2.217881 1.653558
v 7.323242 2.217881 1.653558
v 7.323242 2.258912 1.685046
v 7.323242 2.258912 1.685046
v 7.323242 2.258912 1.685046
v 7.323242 2.258912 1.685046
v 7.331830 2.236011 1.693634
v 7.331830 2.236011 1.693634
v 7.786028 2.240782 1.695542
v 7.786028 2.240782 1.695542
v 7.786028 2.108149 1.448405
v 7.786028 2.108149 1.448405
v 7.412937 2.108149 1.448405
v 7.412937 2.108149 1.448405
v 7.412937 2.183530 1.587718
v 7.412937 2.183530 1.587718
v 7.400532 2.331431 1.504703
v 7.400532 2.331431 1.504703
v 7.323242 2.372462 1.565772
v 7.323242 2.372462 1.565772
v 7.323242 2.399179 1.605848
v 7.323242 2.399179 1.605848
v 7.786028 2.399179 1.605848
v 7.786028 2.399179 1.605848
v 7.786028 2.243645 1.372069
v 7.786028 2.243645 1.372069
v 7.412937 2.243645 1.372069
v 7.412937 2.243645 1.372069
v 7.412937 2.331431 1.504703
v 7.412937 2.331431 1.504703
v 7.400532 2.471698 1.400695
v 7.400532 2.471698 1.400695
v 7.323242 2.518454 1.456993
v 7.323242 2.518454 1.456993
v 7.323242 2.548988 1.494206
v 7.323242 2.548988 1.494206
v 7.786028 2.548988 1.494206
v 7.786028 2.548988 1.494206
v 7.786028 2.370553 1.277604
v 7.786028 2.370553 1.277604
v 7.412937 2.370553 1.277604
v 7.412937 2.370553 1.277604
v 7.412937 2.471698 1.400695
v 7.412937 2.471698 1.400695
v 7.400532 2.600515 1.283329
v 7.400532 2.600515 1.283329
v 7.323242 2.652996 1.335810
v 7.323242 2.652996 1.335810
v 7.323242 2.686393 1.369207
v 7.323242 2.686393 1.369207
v 7.786028 2.686393 1.369207
v 7.786028 2.686393 1.369207
v 7.786028 2.487920 1.170734
v 7.786028 2.487920 1.170734
v 7.412937 2.487920 1.170734
v 7.412937 2.487920 1.170734
v 7.412937 2.600515 1.283329
v 7.412937 2.600515 1.283329
v 7.400532 2.717881 1.154512
v 7.400532 2.717881 1.154512
v 7.323242 2.774179 1.201268
v 7.323242 2.774179 1.201268
v 7.323242 2.812347 1.231802
v 7.323242 2.812347 1.231802
v 7.786028 2.812347 1.231802
v 7.786028 2.812347 1.231802
v 7.786028 2.594790 1.053367
v 7.786028 2.594790 1.053367
v 7.412937 2.594790 1.053367
v 7.412937 2.594790 1.053367
v 7.412937 2.717881 1.154512
v 7.412937 2.717881 1.154512
v 7.400532 2.821889 1.014245
v 7.400532 2.821889 1.014245
v 7.323242 2.882957 1.055276
v 7.323242 2.882957 1.055276
v 7.323242 2.923033 1.081993
v 7.323242 2.923033 1.081993
v 7.786028 2.923033 1.081993
v 7.786028 2.923033 1.081993
v 7.786028 2.689255 0.926459
v 7.786028 2.689255 0.926459
v 7.412937 2.689255 0.926459
v 7.412937 2.689255 0.926459
v 7.412937 2.821889 1.014245
v 7.412937 2.821889 1.014245
v 7.400532 2.910629 0.864436
v 7.400532 2.910629 0.864436
v 7.323242 2.976469 0.899742
v 7.323242 2.976469 0.899742
v 7.323242 3.018454 0.922642
v 7.323242 3.018454 0.922642
v 7.786028 3.018454 0.922642
v 7.786028 3.018454 0.922642
v 7.786028 2.771316 0.790009
v 7.786028 2.771316 0.790009
v 7.412937 2.771316 0.790009
v 7.412937 2.771316 0.790009
v 7.412937 2.910629 0.864436
v 7.412937 2.910629 0.864436
v 7.400532 2.986011 0.706993
v 7.400532 2.986011 0.706993
v 7.323242 3.053759 0.735619
v 7.323242 3.053759 0.735619
v 7.323242 3.098606 0.753749
v 7.323242 3.098606 0.753749
v 7.786028 3.098606 0.753749
v 7.786028 3.098606 0.753749
v 7.786028 2.839064 0.645925
v 7.786028 2.839064 0.645925
v 7.412937 2.839064 0.645925
v 7.412937 2.839064 0.645925
v 7.412937 2.986011 0.706993
v 7.412937 2.986011 0.706993
v 7.400532 3.044217 0.542872
v 7.400532 3.044217 0.542872
v 7.323242 3.114828 0.564818
v 7.323242 3.114828 0.564818
v 7.323242 3.160629 0.578177
v 7.323242 3.160629 0.578177
v 7.786028 3.160629 0.578177
v 7.786028 3.160629 0.578177
v 7.786028 2.892499 0.497070
v 7.786028 2.892499 0.497070
v 7.412937 2.892499 0.497070
v 7.412937 2.892499 0.497070
v 7.412937 3.044217 0.542872
v 7.412937 3.044217 0.542872
v 7.400532 3.087156 0.373978
v 7.400532 3.087156 0.373978
v 7.323242 3.158720 0.388291
v 7.323242 3.158720 0.388291
v 7.323242 3.206431 0.397833
v 7.323242 3.206431 0.397833
v 7.786028 3.206431 0.397833
v 7.786028 3.206431 0.397833
v 7.786028 2.930667 0.343444
v 7.786028 2.930667 0.343444
v 7.412937 2.930667 0.343444
v 7.412937 2.930667 0.343444
v 7.412937 3.087156 0.373978
v 7.412937 3.087156 0.373978
v 7.400532 3.111965 0.201269
v 7.400532 3.111965 0.201269
v 7.323242 3.185438 0.208902
v 7.323242 3.185438 0.208902
v 7.323242 3.233148 0.213673
v 7.323242 3.233148 0.213673
v 7.786028 3.233148 0.213673
v 7.786028 3.233148 0.213673
v 7.786028 2.954522 0.186002
v 7.786028 2.954522 0.186002
v 7.412937 2.954522 0.186002
v 7.412937 2.954522 0.186002
v 7.412937 3.111965 0.201269
v 7.412937 3.111965 0.201269
v 7.400532 3.120553 0.019971
v 7.400532 3.120553 0.019971
v 7.400532 3.120553 0.019971
v 7.400532 3.120553 0.019971
v 7.323242 3.194026 0.019971
v 7.323242 3.194026 0.019971
v 7.323242 3.194026 0.019971
v 7.323242 3.194026 0.019971
v 7.323242 3.242690 0.019971
v 7.323242 3.242690 0.019971
v 7.323242 3.242690 0.019971
v 7.323242 3.242690 0.019971
v 7.786028 3.242690 0.019971
v 7.786028 3.242690 0.019971
v 7.786028 3.242690 0.019971
v 7.786028 3.242690 0.019971
v 7.786028 2.962156 0.019971
v 7.786028 2.962156 0.019971
v 7.786028 2.962156 0.019971
v 7.786028 2.962156 0.019971
v 7.412937 2.962156 0.019971
v 7.412937 2.962156 0.019971
v 7.412937 2.962156 0.019971
v 7.412937 2.962156 0.019971
v 7.412937 3.120553 0.019971
v 7.412937 3.120553 0.019971
v 7.412937 3.120553 0.019971
v 7.412937 3.120553 0.019971
v 7.412937 3.111965 -0.161327
v 7.412937 3.111965 -0.161327
v 7.400532 3.111965 -0.161327
v 7.400532 3.111965 -0.161327
v 7.323242 3.185438 -0.168960
v 7.323242 3.185438 -0.168960
v 7.323242 3.233148 -0.173731
v 7.323242 3.233148 -0.173731
v 7.786028 3.233148 -0.173731
v 7.786028 3.233148 -0.173731
v 7.786028 2.954522 -0.146059
v 7.786028 2.954522 -0.146059
v 7.412937 2.954522 -0.146059
v 7.412937 2.954522 -0.146059
v 7.412937 2.930667 -0.303502
v 7.412937 2.930667 -0.303502
v 7.412937 3.087156 -0.334036
v 7.412937 3.087156 -0.334036
v 7.400532 3.087156 -0.334036
v 7.400532 3.087156 -0.334036
v 7.323242 3.158720 -0.348349
v 7.323242 3.158720 -0.348349
v 7.323242 3.206431 -0.357891
v 7.323242 3.206431 -0.357891
v 7.786028 3.206431 -0.357891
v 7.786028 3.206431 -0.357891
v 7.786028 2.930667 -0.303502
v 7.786028 2.930667 -0.303502
v 7.786028 2.892499 -0.457128
v 7.786028 2.892499 -0.457128
v 7.412937 2.892499 -0.457128
v 7.412937 2.892499 -0.457128
v 7.412937 3.044217 -0.502929
v 7.412937 3.044217 -0.502929
v 7.400532 3.044217 -0.502929
v 7.400532 3.044217 -0.502929
v 7.323242 3.114828 -0.524876
v 7.323242 3.114828 -0.524876
v 7.323242 3.160629 -0.538235
v 7.323242 3.160629 -0.538235
v 7.786028 3.160629 -0.538235
v 7.786028 3.160629 -0.538235
v 7.786028 3.098606 -0.713807
v 7.786028 3.098606 -0.713807
v 7.786028 2.839064 -0.606937
v 7.786028 2.839064 -0.606937
v 7.412937 2.839064 -0.606937
v 7.412937 2.839064 -0.606937
v 7.412937 2.986011 -0.667051
v 7.412937 2.986011 -0.667051
v 7.400532 2.986011 -0.667051
v 7.400532 2.986011 -0.667051
v 7.323242 3.053759 -0.695677
v 7.323242 3.053759 -0.695677
v 7.323242 3.098606 -0.713807
v 7.323242 3.098606 -0.713807
v 7.323242 3.018454 -0.882700
v 7.323242 3.018454 -0.882700
v 7.786028 3.018454 -0.882700
v 7.786028 3.018454 -0.882700
v 7.786028 2.771316 -0.750066
v 7.786028 2.771316 -0.750066
v 7.412937 2.771316 -0.750066
v 7.412937 2.771316 -0.750066
v 7.412937 2.910629 -0.824494
v 7.412937 2.910629 -0.824494
v 7.400532 2.910629 -0.824494
v 7.400532 2.910629 -0.824494
v 7.323242 2.976469 -0.859799
v 7.323242 2.976469 -0.859799
v 7.323242 2.882957 -1.015333
v 7.323242 2.882957 -1.015333
v 7.323242 2.923033 -1.042051
v 7.323242 2.923033 -1.042051
v 7.786028 2.923033 -1.042051
v 7.786028 2.923033 -1.042051
v 7.786028 2.689255 -0.886517
v 7.786028 2.689255 -0.886517
v 7.412937 2.689255 -0.886517
v 7.412937 2.689255 -0.886517
v 7.412937 2.821889 -0.974303
v 7.412937 2.821889 -0.974303
v 7.400532 2.821889 -0.974303
v 7.400532 2.821889 -0.974303
v 7.400532 2.717881 -1.114570
v 7.400532 2.717881 -1.114570
v 7.400532 2.600515 -1.243387
v 7.400532 2.600515 -1.243387
v 7.323242 2.774179 -1.161326
v 7.323242 2.774179 -1.161326
v 7.323242 2.812347 -1.191860
v 7.323242 2.812347 -1.191860
v 7.786028 2.812347 -1.191860
v 7.786028 2.812347 -1.191860
v 7.786028 2.594790 -1.013425
v 7.786028 2.594790 -1.013425
v 7.412937 2.594790 -1.013425
v 7.412937 2.594790 -1.013425
v 7.412937 2.717881 -1.114570
v 7.412937 2.717881 -1.114570
v 7.412937 2.600515 -1.243387
v 7.412937 2.600515 -1.243387
v 7.412937 2.471698 -1.360753
v 7.412937 2.471698 -1.360753
v 7.412937 2.331431 -1.464761
v 7.412937 2.331431 -1.464761
v 7.400532 2.471698 -1.360753
v 7.400532 2.471698 -1.360753
v 7.323242 2.652996 -1.295867
v 7.323242 2.652996 -1.295867
v 7.323242 2.686393 -1.330219
v 7.323242 2.686393 -1.330219
v 7.786028 2.686393 -1.330219
v 7.786028 2.686393 -1.330219
v 7.786028 2.487920 -1.131746
v 7.786028 2.487920 -1.131746
v 7.412937 2.487920 -1.131746
v 7.412937 2.487920 -1.131746
v 7.412937 2.370553 -1.237661
v 7.412937 2.370553 -1.237661
v 7.412937 2.243645 -1.332127
v 7.412937 2.243645 -1.332127
v 7.412937 1.958340 -1.454264
v 7.412937 1.958340 -1.454264
v 7.412937 2.108149 -1.408463
v 7.412937 2.108149 -1.408463
v 7.412937 2.019408 -1.601211
v 7.412937 2.019408 -1.601211
v 7.412937 2.183530 -1.548730
v 7.412937 2.183530 -1.548730
v 7.400532 2.331431 -1.464761
v 7.400532 2.331431 -1.464761
v 7.323242 2.518454 -1.418005
v 7.323242 2.518454 -1.418005
v 7.323242 2.548988 -1.455219
v 7.323242 2.548988 -1.455219
v 7.786028 2.548988 -1.455219
v 7.786028 2.548988 -1.455219
v 7.786028 2.370553 -1.237661
v 7.786028 2.370553 -1.237661
v 7.786028 2.243645 -1.332127
v 7.786028 2.243645 -1.332127
v 7.786028 2.108149 -1.408463
v 7.786028 2.108149 -1.408463
v 7.786028 1.958340 -1.454264
v 7.786028 1.958340 -1.454264
v 7.786028 1.809485 -1.478119
v 7.786028 1.809485 -1.478119
v 7.412937 1.809485 -1.478119
v 7.412937 1.809485 -1.478119
v 7.412937 1.855286 -1.630791
v 7.412937 1.855286 -1.630791
v 7.400532 2.019408 -1.601211
v 7.400532 2.019408 -1.601211
v 7.400532 2.183530 -1.548730
v 7.400532 2.183530 -1.548730
v 7.323242 2.217881 -1.613615
v 7.323242 2.217881 -1.613615
v 7.323242 2.372462 -1.525829
v 7.323242 2.372462 -1.525829
v 7.323242 2.399179 -1.565906
v 7.323242 2.399179 -1.565906
v 7.786028 2.399179 -1.565906
v 7.786028 2.399179 -1.565906
v 7.786028 2.240782 -1.655600
v 7.786028 2.240782 -1.655600
v 7.786028 2.065210 -1.713806
v 7.786028 2.065210 -1.713806
v 7.786028 1.890592 -1.747203
v 7.786028 1.890592 -1.747203
v 7.786028 1.740783 -1.755791
v 7.786028 1.740783 -1.755791
v 7.786028 1.720744 -1.482890
v 7.786028 1.720744 -1.482890
v 7.412937 1.720744 -1.482890
v 7.412937 1.720744 -1.482890
v 7.412937 1.732195 -1.637470
v 7.412937 1.732195 -1.637470
v 7.400532 1.732195 -1.637470
v 7.400532 1.732195 -1.637470
v 7.400532 1.855286 -1.630791
v 7.400532 1.855286 -1.630791
v 7.326105 1.886775 -1.683272
v 7.326105 1.886775 -1.683272
v 7.324196 2.046126 -1.657508
v 7.324196 2.046126 -1.657508
v 7.296525 1.883912 -1.709990
v 7.296525 1.883912 -1.709990
v 7.140991 1.868645 -1.709990
v 7.140991 1.868645 -1.709990
v 7.259311 2.089065 -1.709990
v 7.259311 2.089065 -1.709990
v 7.324196 2.103378 -1.647966
v 7.324196 2.103378 -1.647966
v 7.323242 2.118645 -1.645104
v 7.323242 2.118645 -1.645104
v 7.323242 2.118645 -1.645104
v 7.323242 2.118645 -1.645104
v 7.323242 2.258912 -1.645104
v 7.323242 2.258912 -1.645104
v 7.323242 2.258912 -1.645104
v 7.323242 2.258912 -1.645104
v 7.331830 2.236011 -1.653692
v 7.331830 2.236011 -1.653692
v 7.369044 2.136775 -1.689951
v 7.369044 2.136775 -1.689951
v 7.395761 2.065210 -1.713806
v 7.323242 1.890592 -1.747203
v 7.323242 1.740783 -1.755791
v 7.323242 1.691164 -1.759608
v 7.786028 1.691164 -1.759608
v 7.786028 1.691164 -1.759608
v 7.786028 1.691164 -1.483845
v 7.786028 1.691164 -1.483845
v 7.412937 1.691164 -1.483845
v 7.412937 1.691164 -1.483845
v 7.412937 1.691164 -1.639379
v 7.412937 1.691164 -1.639379
v 7.400532 1.691164 -1.639379
v 7.400532 1.691164 -1.639379
v 7.323242 1.691164 -1.692814
v 7.323242 1.744599 -1.691860
v 7.323242 1.744599 -1.691860
v 7.303204 1.744599 -1.709990
v 7.303204 1.744599 -1.709990
v 7.146716 1.744599 -1.709990
v 7.146716 1.744599 -1.709990
v 7.140991 1.868645 -2.135562
v 7.140991 1.868645 -2.135562
v 7.146716 1.744599 -2.135562
v 7.146716 1.744599 -2.135562
v 7.369044 1.744599 -2.135562
v 7.369044 1.890592 -2.135562
v 7.369044 2.136775 -2.135562
v 7.369044 2.136775 -2.135562
v 7.369044 2.115782 -2.135562
v 7.107594 2.050897 -2.135562
v 7.107594 2.050897 -2.135562
v 7.107594 2.050897 -1.709990
v 7.107594 2.050897 -1.709990
v 7.024579 2.282767 -1.709990
v 7.024579 2.282767 -1.709990
v 7.165800 2.349561 -1.709990
v 7.165800 2.349561 -1.709990
v 7.231639 2.381049 -1.642241
v 7.231639 2.381049 -1.642241
v 7.274578 2.401088 -1.642241
v 7.274578 2.401088 -1.642241
v 7.274578 2.401088 -2.135562
v 7.274578 2.401088 -2.135562
v 7.024579 2.282767 -2.135562
v 7.024579 2.282767 -2.135562
v 6.897670 2.494599 -2.135562
v 6.897670 2.494599 -2.135562
v 6.897670 2.494599 -1.709990
v 6.897670 2.494599 -1.709990
v 7.023623 2.588110 -1.709990
v 7.023623 2.588110 -1.709990
v 7.081830 2.631049 -1.642241
v 7.081830 2.631049 -1.642241
v 7.119998 2.659675 -1.642241
v 7.119998 2.659675 -1.642241
v 7.119998 2.659675 -2.135562
v 7.119998 2.659675 -2.135562
v 6.917709 2.882003 -2.135562
v 6.917709 2.882003 -2.135562
v 6.731639 2.677805 -2.135562
v 6.731639 2.677805 -2.135562
v 6.731639 2.677805 -1.709990
v 6.731639 2.677805 -1.709990
v 6.836601 2.793263 -1.709990
v 6.836601 2.793263 -1.709990
v 6.886220 2.847652 -1.642241
v 6.886220 2.847652 -1.642241
v 6.917709 2.882003 -1.642241
v 6.917709 2.882003 -1.642241
v 6.676297 3.061393 -1.642241
v 6.676297 3.061393 -1.642241
v 6.676297 3.061393 -2.135562
v 6.676297 3.061393 -2.135562
v 6.534121 2.824751 -2.135562
v 6.534121 2.824751 -2.135562
v 6.534121 2.824751 -1.709990
v 6.534121 2.824751 -1.709990
v 6.614273 2.958339 -1.709990
v 6.614273 2.958339 -1.709990
v 6.651487 3.021316 -1.642241
v 6.651487 3.021316 -1.642241
v 6.388129 3.145362 -1.642241
v 6.388129 3.145362 -1.642241
v 6.404350 3.190209 -1.642241
v 6.404350 3.190209 -1.642241
v 6.404350 3.190209 -2.135562
v 6.404350 3.190209 -2.135562
v 6.310839 2.929713 -2.135562
v 6.310839 2.929713 -2.135562
v 6.310839 2.929713 -1.709990
v 6.310839 2.929713 -1.709990
v 6.363319 3.077614 -1.709990
v 6.363319 3.077614 -1.709990
v 6.094236 3.144408 -1.709990
v 6.094236 3.144408 -1.709990
v 6.104732 3.216927 -1.642241
v 6.104732 3.216927 -1.642241
v 6.112366 3.263682 -1.642241
v 6.112366 3.263682 -1.642241
v 6.112366 3.263682 -2.135562
v 6.112366 3.263682 -2.135562
v 6.071334 2.989827 -2.135562
v 6.071334 2.989827 -2.135562
v 6.071334 2.989827 -1.709990
v 6.071334 2.989827 -1.709990
v 5.886220 3.005095 -1.709990
v 5.886220 3.005095 -1.709990
v 5.886220 3.005095 -1.709990
v 5.886220 3.005095 -1.709990
v 5.886220 3.161583 -1.709990
v 5.886220 3.161583 -1.709990
v 5.886220 3.161583 -1.709990
v 5.886220 3.161583 -1.709990
v 5.886220 3.234102 -1.642241
v 5.886220 3.234102 -1.642241
v 5.886220 3.234102 -1.642241
v 5.886220 3.234102 -1.642241
v 5.886220 3.281812 -1.642241
v 5.886220 3.281812 -1.642241
v 5.886220 3.281812 -1.642241
v 5.886220 3.281812 -1.642241
v 5.886220 3.281812 -2.135562
v 5.886220 3.281812 -2.135562
v 5.886220 3.281812 -2.135562
v 5.886220 3.281812 -2.135562
v 5.886220 3.005095 -2.135562
v 5.886220 3.005095 -2.135562
v 5.886220 3.005095 -2.135562
v 5.886220 3.005095 -2.135562
v 5.702060 2.989827 -2.135562
v 5.702060 2.989827 -2.135562
v 5.702060 2.989827 -1.709990
v 5.702060 2.989827 -1.709990
v 5.679160 3.144408 -1.709990
v 5.679160 3.144408 -1.709990
v 5.668664 3.216927 -1.642241
v 5.668664 3.216927 -1.642241
v 5.661030 3.263682 -1.642241
v 5.661030 3.263682 -1.642241
v 5.661030 3.263682 -2.135562
v 5.661030 3.263682 -2.135562
v 5.369045 3.190209 -2.135562
v 5.369045 3.190209 -2.135562
v 5.462557 2.929713 -2.135562
v 5.462557 2.929713 -2.135562
v 5.462557 2.929713 -1.709990
v 5.462557 2.929713 -1.709990
v 5.410076 3.077614 -1.709990
v 5.410076 3.077614 -1.709990
v 5.385267 3.145362 -1.642241
v 5.385267 3.145362 -1.642241
v 5.369045 3.190209 -1.642241
v 5.369045 3.190209 -1.642241
v 5.097099 3.061393 -1.642241
v 5.097099 3.061393 -1.642241
v 5.097099 3.061393 -2.135562
v 5.097099 3.061393 -2.135562
v 5.239275 2.824751 -2.135562
v 5.239275 2.824751 -2.135562
v 5.239275 2.824751 -1.709990
v 5.239275 2.824751 -1.709990
v 5.159122 2.958339 -1.709990
v 5.159122 2.958339 -1.709990
v 5.121909 3.021316 -1.642241
v 5.121909 3.021316 -1.642241
v 4.887177 2.847652 -1.642241
v 4.887177 2.847652 -1.642241
v 4.691565 2.631049 -1.642241
v 4.691565 2.631049 -1.642241
v 4.855687 2.882003 -1.642241
v 4.855687 2.882003 -1.642241
v 4.855687 2.882003 -2.135562
v 4.855687 2.882003 -2.135562
v 5.041755 2.677805 -2.135562
v 5.041755 2.677805 -2.135562
v 5.041755 2.677805 -1.709990
v 5.041755 2.677805 -1.709990
v 4.935841 2.793263 -1.709990
v 4.935841 2.793263 -1.709990
v 4.749771 2.588110 -1.709990
v 4.749771 2.588110 -1.709990
v 4.607596 2.349561 -1.709990
v 4.607596 2.349561 -1.709990
v 4.541756 2.381049 -1.642241
v 4.541756 2.381049 -1.642241
v 4.653397 2.659675 -1.642241
v 4.653397 2.659675 -1.642241
v 4.653397 2.659675 -2.135562
v 4.653397 2.659675 -2.135562
v 4.875725 2.494599 -2.135562
v 4.875725 2.494599 -2.135562
v 4.875725 2.494599 -1.709990
v 4.875725 2.494599 -1.709990
v 4.748817 2.282767 -1.709990
v 4.748817 2.282767 -1.709990
v 4.665802 2.050897 -1.709990
v 4.665802 2.050897 -1.709990
v 4.632405 1.868645 -2.135562
v 4.632405 1.868645 -2.135562
v 4.415802 1.744599 -2.135562
v 4.415802 1.744599 -2.135562
v 4.626680 1.744599 -2.135562
v 4.626680 1.744599 -2.135562
v 4.626680 1.744599 -1.709990
v 4.626680 1.744599 -1.709990
v 4.470192 1.744599 -1.709990
v 4.470192 1.744599 -1.709990
v 4.415802 1.744599 -1.660371
v 4.415802 1.744599 -1.660371
v 4.362368 1.744599 -1.709990
v 4.362368 1.744599 -1.709990
v 4.355688 1.883912 -1.709990
v 4.355688 1.883912 -1.709990
v 4.415802 1.889637 -1.653692
v 4.415802 1.889637 -1.653692
v 4.415802 1.889637 -1.653692
v 4.415802 1.889637 -1.653692
v 4.415802 2.112920 -1.642241
v 4.415802 2.112920 -1.642241
v 4.443474 2.106240 -1.642241
v 4.443474 2.106240 -1.642241
v 4.498818 2.401088 -1.642241
v 4.498818 2.401088 -1.642241
v 4.498818 2.401088 -2.135562
v 4.498818 2.401088 -2.135562
v 4.748817 2.282767 -2.135562
v 4.748817 2.282767 -2.135562
v 4.665802 2.050897 -2.135562
v 4.665802 2.050897 -2.135562
v 4.415802 2.112920 -2.135562
v 4.415802 2.112920 -2.135562
v 4.415802 1.889637 -2.135562
v 4.415802 1.889637 -2.135562
v 4.200154 1.868645 -2.135562
v 4.200154 1.868645 -2.135562
v 4.205878 1.744599 -2.135562
v 4.205878 1.744599 -2.135562
v 4.200154 1.868645 -1.709990
v 4.200154 1.868645 -1.709990
v 4.205878 1.744599 -1.709990
v 4.205878 1.744599 -1.709990
v 4.318474 2.089065 -1.709990
v 4.318474 2.089065 -1.709990
v 4.389084 2.106240 -1.642241
v 4.389084 2.106240 -1.642241
v 4.415802 2.170172 -1.642241
v 4.415802 2.170172 -1.642241
v 4.415802 2.170172 -1.642241
v 4.415802 2.170172 -1.642241
v 4.415802 2.170172 -2.135562
v 4.415802 2.170172 -2.135562
v 4.415802 2.170172 -2.135562
v 4.415802 2.170172 -2.135562
v 4.166756 2.050897 -2.135562
v 4.166756 2.050897 -2.135562
v 4.166756 2.050897 -1.709990
v 4.166756 2.050897 -1.709990
v 4.224962 2.349561 -1.709990
v 4.224962 2.349561 -1.709990
v 4.290802 2.381049 -1.642241
v 4.290802 2.381049 -1.642241
v 4.333742 2.401088 -1.642241
v 4.333742 2.401088 -1.642241
v 4.333742 2.401088 -2.135562
v 4.333742 2.401088 -2.135562
v 4.083742 2.282767 -2.135562
v 4.083742 2.282767 -2.135562
v 4.083742 2.282767 -1.709990
v 4.083742 2.282767 -1.709990
v 4.081833 2.588110 -1.709990
v 4.081833 2.588110 -1.709990
v 4.140994 2.631049 -1.642241
v 4.140994 2.631049 -1.642241
v 4.179162 2.659675 -1.642241
v 4.179162 2.659675 -1.642241
v 4.179162 2.659675 -2.135562
v 4.179162 2.659675 -2.135562
v 3.956833 2.494599 -2.135562
v 3.956833 2.494599 -2.135562
v 3.956833 2.494599 -1.709990
v 3.956833 2.494599 -1.709990
v 3.895765 2.793263 -1.709990
v 3.895765 2.793263 -1.709990
v 3.944429 2.847652 -1.642241
v 3.944429 2.847652 -1.642241
v 3.976871 2.882003 -1.642241
v 3.976871 2.882003 -1.642241
v 3.976871 2.882003 -2.135562
v 3.976871 2.882003 -2.135562
v 3.790803 2.677805 -2.135562
v 3.790803 2.677805 -2.135562
v 3.790803 2.677805 -1.709990
v 3.790803 2.677805 -1.709990
v 3.673437 2.958339 -1.709990
v 3.673437 2.958339 -1.709990
v 3.710650 3.021316 -1.642241
v 3.710650 3.021316 -1.642241
v 3.734505 3.061393 -1.642241
v 3.734505 3.061393 -1.642241
v 3.734505 3.061393 -2.135562
v 3.734505 3.061393 -2.135562
v 3.592329 2.824751 -2.135562
v 3.592329 2.824751 -2.135562
v 3.592329 2.824751 -1.709990
v 3.592329 2.824751 -1.709990
v 3.422483 3.077614 -1.709990
v 3.422483 3.077614 -1.709990
v 3.447291 3.145362 -1.642241
v 3.447291 3.145362 -1.642241
v 3.462559 3.190209 -1.642241
v 3.462559 3.190209 -1.642241
v 3.462559 3.190209 -2.135562
v 3.462559 3.190209 -2.135562
v 3.370001 2.929713 -2.135562
v 3.370001 2.929713 -2.135562
v 3.370001 2.929713 -1.709990
v 3.370001 2.929713 -1.709990
v 3.153399 3.144408 -1.709990
v 3.153399 3.144408 -1.709990
v 3.163895 3.216927 -1.642241
v 3.163895 3.216927 -1.642241
v 3.170574 3.263682 -1.642241
v 3.170574 3.263682 -1.642241
v 3.170574 3.263682 -2.135562
v 3.170574 3.263682 -2.135562
v 3.130498 2.989827 -2.135562
v 3.130498 2.989827 -2.135562
v 3.130498 2.989827 -1.709990
v 3.130498 2.989827 -1.709990
v 2.945384 3.005095 -1.709990
v 2.945384 3.005095 -1.709990
v 2.945384 3.005095 -1.709990
v 2.945384 3.005095 -1.709990
v 2.945384 3.161583 -1.709990
v 2.945384 3.161583 -1.709990
v 2.945384 3.161583 -1.709990
v 2.945384 3.161583 -1.709990
v 2.945384 3.234102 -1.642241
v 2.945384 3.234102 -1.642241
v 2.945384 3.234102 -1.642241
v 2.945384 3.234102 -1.642241
v 2.945384 3.281812 -1.642241
v 2.945384 3.281812 -1.642241
v 2.945384 3.281812 -1.642241
v 2.945384 3.281812 -1.642241
v 2.945384 3.281812 -2.135562
v 2.945384 3.281812 -2.135562
v 2.945384 3.281812 -2.135562
v 2.945384 3.281812 -2.135562
v 2.945384 3.005095 -2.135562
v 2.945384 3.005095 -2.135562
v 2.945384 3.005095 -2.135562
v 2.945384 3.005095 -2.135562
v 2.761224 2.989827 -2.135562
v 2.761224 2.989827 -2.135562
v 2.761224 2.989827 -1.709990
v 2.761224 2.989827 -1.709990
v 2.738322 3.144408 -1.709990
v 2.738322 3.144408 -1.709990
v 2.726872 3.216927 -1.642241
v 2.726872 3.216927 -1.642241
v 2.720194 3.263682 -1.642241
v 2.720194 3.263682 -1.642241
v 2.720194 3.263682 -2.135562
v 2.720194 3.263682 -2.135562
v 2.521720 2.929713 -2.135562
v 2.521720 2.929713 -2.135562
v 2.521720 2.929713 -1.709990
v 2.521720 2.929713 -1.709990
v 2.469239 3.077614 -1.709990
v 2.469239 3.077614 -1.709990
v 2.444430 3.145362 -1.642241
v 2.444430 3.145362 -1.642241
v 2.428208 3.190209 -1.642241
v 2.428208 3.190209 -1.642241
v 2.428208 3.190209 -2.135562
v 2.428208 3.190209 -2.135562
v 2.298438 2.824751 -2.135562
v 2.298438 2.824751 -2.135562
v 2.298438 2.824751 -1.709990
v 2.298438 2.824751 -1.709990
v 2.218285 2.958339 -1.709990
v 2.218285 2.958339 -1.709990
v 2.181072 3.021316 -1.642241
v 2.181072 3.021316 -1.642241
v 2.156262 3.061393 -1.642241
v 2.156262 3.061393 -1.642241
v 2.156262 3.061393 -2.135562
v 2.156262 3.061393 -2.135562
v 2.099965 2.677805 -2.135562
v 2.099965 2.677805 -2.135562
v 1.934889 2.494599 -1.709990
v 1.934889 2.494599 -1.709990
v 2.099965 2.677805 -1.709990
v 2.099965 2.677805 -1.709990
v 1.995003 2.793263 -1.709990
v 1.995003 2.793263 -1.709990
v 1.946339 2.847652 -1.642241
v 1.946339 2.847652 -1.642241
v 1.914851 2.882003 -1.642241
v 1.914851 2.882003 -1.642241
v 1.914851 2.882003 -2.135562
v 1.914851 2.882003 -2.135562
v 1.934889 2.494599 -2.135562
v 1.934889 2.494599 -2.135562
v 1.807981 2.282767 -1.709990
v 1.807981 2.282767 -1.709990
v 1.573247 2.089065 -1.709990
v 1.573247 2.089065 -1.709990
v 1.665805 2.349561 -1.709990
v 1.665805 2.349561 -1.709990
v 1.808935 2.588110 -1.709990
v 1.808935 2.588110 -1.709990
v 1.750729 2.631049 -1.642241
v 1.750729 2.631049 -1.642241
v 1.712561 2.659675 -1.642241
v 1.712561 2.659675 -1.642241
v 1.712561 2.659675 -2.135562
v 1.712561 2.659675 -2.135562
v 1.807981 2.282767 -2.135562
v 1.807981 2.282767 -2.135562
v 1.724965 2.050897 -1.709990
v 1.724965 2.050897 -1.709990
v 1.691569 1.868645 -1.709990
v 1.691569 1.868645 -1.709990
v 1.535080 1.883912 -1.709990
v 1.535080 1.883912 -1.709990
v 1.462561 1.744599 -2.135562
v 1.462561 1.744599 -2.135562
v 1.691569 1.868645 -2.135562
v 1.691569 1.868645 -2.135562
v 1.685843 1.744599 -2.135562
v 1.685843 1.744599 -2.135562
v 1.685843 1.744599 -1.709990
v 1.685843 1.744599 -1.709990
v 1.528401 1.744599 -1.709990
v 1.528401 1.744599 -1.709990
v 1.462561 1.744599 -1.648921
v 1.462561 1.744599 -1.648921
v 1.396721 1.744599 -1.709990
v 1.396721 1.744599 -1.709990
v 1.390042 1.883912 -1.709990
v 1.390042 1.883912 -1.709990
v 1.462561 1.890592 -1.642241
v 1.462561 1.890592 -1.642241
v 1.462561 1.890592 -1.642241
v 1.462561 1.890592 -1.642241
v 1.462561 2.115782 -1.642241
v 1.462561 2.115782 -1.642241
v 1.502637 2.106240 -1.642241
v 1.502637 2.106240 -1.642241
v 1.600919 2.381049 -1.642241
v 1.600919 2.381049 -1.642241
v 1.557981 2.401088 -1.642241
v 1.557981 2.401088 -1.642241
v 1.557981 2.401088 -2.135562
v 1.557981 2.401088 -2.135562
v 1.724965 2.050897 -2.135562
v 1.724965 2.050897 -2.135562
v 1.462561 2.115782 -2.135562
v 1.462561 2.115782 -2.135562
v 1.462561 1.890592 -2.135562
v 1.462561 1.890592 -2.135562
v 1.234508 1.868645 -2.135562
v 1.234508 1.868645 -2.135562
v 1.240233 1.744599 -2.135562
v 1.240233 1.744599 -2.135562
v 1.240233 1.744599 -1.709990
v 1.240233 1.744599 -1.709990
v 1.234508 1.868645 -1.709990
v 1.234508 1.868645 -1.709990
v 1.352828 2.089065 -1.709990
v 1.352828 2.089065 -1.709990
v 1.423439 2.106240 -1.642241
v 1.423439 2.106240 -1.642241
v 1.462561 2.136775 -1.642241
v 1.462561 2.136775 -1.642241
v 1.462561 2.136775 -1.642241
v 1.462561 2.136775 -1.642241
v 1.462561 2.136775 -2.135562
v 1.462561 2.136775 -2.135562
v 1.462561 2.136775 -2.135562
v 1.462561 2.136775 -2.135562
v 1.201111 2.050897 -2.135562
v 1.201111 2.050897 -2.135562
v 1.201111 2.050897 -1.709990
v 1.201111 2.050897 -1.709990
v 1.118096 2.282767 -1.709990
v 1.118096 2.282767 -1.709990
v 1.259317 2.349561 -1.709990
v 1.259317 2.349561 -1.709990
v 1.325156 2.381049 -1.642241
v 1.325156 2.381049 -1.642241
v 1.368095 2.401088 -1.642241
v 1.368095 2.401088 -1.642241
v 1.368095 2.401088 -2.135562
v 1.368095 2.401088 -2.135562
v 1.118096 2.282767 -2.135562
v 1.118096 2.282767 -2.135562
v 0.991188 2.494599 -2.135562
v 0.991188 2.494599 -2.135562
v 0.991188 2.494599 -1.709990
v 0.991188 2.494599 -1.709990
v 1.117142 2.588110 -1.709990
v 1.117142 2.588110 -1.709990
v 1.175348 2.631049 -1.642241
v 1.175348 2.631049 -1.642241
v 1.213515 2.659675 -1.642241
v 1.213515 2.659675 -1.642241
v 1.213515 2.659675 -2.135562
v 1.213515 2.659675 -2.135562
v 1.011226 2.882003 -2.135562
v 1.011226 2.882003 -2.135562
v 0.825156 2.677805 -2.135562
v 0.825156 2.677805 -2.135562
v 0.825156 2.677805 -1.709990
v 0.825156 2.677805 -1.709990
v 0.930118 2.793263 -1.709990
v 0.930118 2.793263 -1.709990
v 0.978782 2.847652 -1.642241
v 0.978782 2.847652 -1.642241
v 1.011226 2.882003 -1.642241
v 1.011226 2.882003 -1.642241
v 0.769814 3.061393 -1.642241
v 0.769814 3.061393 -1.642241
v 0.769814 3.061393 -2.135562
v 0.769814 3.061393 -2.135562
v 0.626684 2.824751 -2.135562
v 0.626684 2.824751 -2.135562
v 0.626684 2.824751 -1.709990
v 0.626684 2.824751 -1.709990
v 0.707790 2.958339 -1.709990
v 0.707790 2.958339 -1.709990
v 0.745004 3.021316 -1.642241
v 0.745004 3.021316 -1.642241
v 0.481646 3.145362 -1.642241
v 0.481646 3.145362 -1.642241
v 0.496913 3.190209 -1.642241
v 0.496913 3.190209 -1.642241
v 0.496913 3.190209 -2.135562
v 0.496913 3.190209 -2.135562
v 0.404356 2.929713 -2.135562
v 0.404356 2.929713 -2.135562
v 0.404356 2.929713 -1.709990
v 0.404356 2.929713 -1.709990
v 0.456837 3.077614 -1.709990
v 0.456837 3.077614 -1.709990
v 0.187753 3.144408 -1.709990
v 0.187753 3.144408 -1.709990
v 0.198249 3.216927 -1.642241
v 0.198249 3.216927 -1.642241
v 0.204928 3.263682 -1.642241
v 0.204928 3.263682 -1.642241
v 0.204928 3.263682 -2.135562
v 0.204928 3.263682 -2.135562
v 0.164852 2.989827 -2.135562
v 0.164852 2.989827 -2.135562
v 0.164852 2.989827 -1.709990
v 0.164852 2.989827 -1.709990
v -0.020262 3.005095 -1.709990
v -0.020262 3.005095 -1.709990
v -0.020262 3.005095 -1.709990
v -0.020262 3.005095 -1.709990
v -0.020262 3.161583 -1.709990
v -0.020262 3.161583 -1.709990
v -0.020262 3.161583 -1.709990
v -0.020262 3.161583 -1.709990
v -0.020262 3.234102 -1.642241
v -0.020262 3.234102 -1.642241
v -0.020262 3.234102 -1.642241
v -0.020262 3.234102 -1.642241
v -0.020262 3.281812 -1.642241
v -0.020262 3.281812 -1.642241
v -0.020262 3.281812 -1.642241
v -0.020262 3.281812 -1.642241
v -0.020262 3.281812 -2.135562
v -0.020262 3.281812 -2.135562
v -0.020262 3.281812 -2.135562
v -0.020262 3.281812 -2.135562
v -0.020262 3.005095 -2.135562
v -0.020262 3.005095 -2.135562
v -0.020262 3.005095 -2.135562
v -0.020262 3.005095 -2.135562
v -0.204422 2.989827 -2.135562
v -0.204422 2.989827 -2.135562
v -0.204422 2.989827 -1.709990
v -0.204422 2.989827 -1.709990
v -0.227323 3.144408 -1.709990
v -0.227323 3.144408 -1.709990
v -0.237819 3.216927 -1.642241
v -0.237819 3.216927 -1.642241
v -0.245452 3.263682 -1.642241
v -0.245452 3.263682 -1.642241
v -0.245452 3.263682 -2.135562
v -0.245452 3.263682 -2.135562
v -0.537437 3.190209 -2.135562
v -0.537437 3.190209 -2.135562
v -0.443926 2.929713 -2.135562
v -0.443926 2.929713 -2.135562
v -0.443926 2.929713 -1.709990
v -0.443926 2.929713 -1.709990
v -0.496407 3.077614 -1.709990
v -0.496407 3.077614 -1.709990
v -0.521216 3.145362 -1.642241
v -0.521216 3.145362 -1.642241
v -0.537437 3.190209 -1.642241
v -0.537437 3.190209 -1.642241
v -0.809383 3.061393 -1.642241
v -0.809383 3.061393 -1.642241
v -0.809383 3.061393 -2.135562
v -0.809383 3.061393 -2.135562
v -0.667208 2.824751 -2.135562
v -0.667208 2.824751 -2.135562
v -0.667208 2.824751 -1.709990
v -0.667208 2.824751 -1.709990
v -0.747361 2.958339 -1.709990
v -0.747361 2.958339 -1.709990
v -0.784574 3.021316 -1.642241
v -0.784574 3.021316 -1.642241
v -1.019307 2.847652 -1.642241
v -1.019307 2.847652 -1.642241
v -1.214917 2.631049 -1.642241
v -1.214917 2.631049 -1.642241
v -1.050795 2.882003 -1.642241
v -1.050795 2.882003 -1.642241
v -1.050795 2.882003 -2.135562
v -1.050795 2.882003 -2.135562
v -0.864727 2.677805 -2.135562
v -0.864727 2.677805 -2.135562
v -0.864727 2.677805 -1.709990
v -0.864727 2.677805 -1.709990
v -0.970643 2.793263 -1.709990
v -0.970643 2.793263 -1.709990
v -1.156711 2.588110 -1.709990
v -1.156711 2.588110 -1.709990
v -1.298887 2.349561 -1.709990
v -1.298887 2.349561 -1.709990
v -1.364726 2.381049 -1.642241
v -1.364726 2.381049 -1.642241
v -1.253085 2.659675 -1.642241
v -1.253085 2.659675 -1.642241
v -1.253085 2.659675 -2.135562
v -1.253085 2.659675 -2.135562
v -1.030757 2.494599 -2.135562
v -1.030757 2.494599 -2.135562
v -1.030757 2.494599 -1.709990
v -1.030757 2.494599 -1.709990
v -1.157665 2.282767 -1.709990
v -1.157665 2.282767 -1.709990
v -1.240681 2.050897 -1.709990
v -1.240681 2.050897 -1.709990
v -1.274078 1.868645 -2.135562
v -1.274078 1.868645 -2.135562
v -1.506902 1.744599 -2.135562
v -1.506902 1.744599 -2.135562
v -1.279803 1.744599 -2.135562
v -1.279803 1.744599 -2.135562
v -1.279803 1.744599 -1.709990
v -1.279803 1.744599 -1.709990
v -1.437245 1.744599 -1.709990
v -1.437245 1.744599 -1.709990
v -1.506902 1.744599 -1.645104
v -1.506902 1.744599 -1.645104
v -1.576558 1.744599 -1.709990
v -1.576558 1.744599 -1.709990
v -1.584192 1.883912 -1.709990
v -1.584192 1.883912 -1.709990
v -1.506902 1.890592 -1.642241
v -1.506902 1.890592 -1.642241
v -1.506902 1.890592 -1.642241
v -1.506902 1.890592 -1.642241
v -1.506902 2.117691 -1.642241
v -1.506902 2.117691 -1.642241
v -1.463009 2.106240 -1.642241
v -1.463009 2.106240 -1.642241
v -1.407665 2.401088 -1.642241
v -1.407665 2.401088 -1.642241
v -1.407665 2.401088 -2.135562
v -1.407665 2.401088 -2.135562
v -1.157665 2.282767 -2.135562
v -1.157665 2.282767 -2.135562
v -1.240681 2.050897 -2.135562
v -1.240681 2.050897 -2.135562
v -1.506902 2.117691 -2.135562
v -1.506902 2.117691 -2.135562
v -1.506902 1.891546 -2.135562
v -1.506902 1.891546 -2.135562
v -1.739726 1.868645 -2.135562
v -1.739726 1.868645 -2.135562
v -1.734001 1.744599 -2.135562
v -1.734001 1.744599 -2.135562
v -1.739726 1.868645 -1.709990
v -1.739726 1.868645 -1.709990
v -1.734001 1.744599 -1.709990
v -1.734001 1.744599 -1.709990
v -1.621406 2.089065 -1.709990
v -1.621406 2.089065 -1.709990
v -1.550795 2.106240 -1.642241
v -1.550795 2.106240 -1.642241
v -1.506902 2.124370 -1.642241
v -1.506902 2.124370 -1.642241
v -1.506902 2.124370 -1.642241
v -1.506902 2.124370 -1.642241
v -1.506902 2.124370 -2.135562
v -1.506902 2.124370 -2.135562
v -1.506902 2.124370 -2.135562
v -1.506902 2.124370 -2.135562
v -1.773123 2.050897 -2.135562
v -1.773123 2.050897 -2.135562
v -1.773123 2.050897 -1.709990
v -1.773123 2.050897 -1.709990
v -1.714917 2.349561 -1.709990
v -1.714917 2.349561 -1.709990
v -1.649077 2.381049 -1.642241
v -1.649077 2.381049 -1.642241
v -1.606138 2.401088 -1.642241
v -1.606138 2.401088 -1.642241
v -1.606138 2.401088 -2.135562
v -1.606138 2.401088 -2.135562
v -1.856138 2.282767 -2.135562
v -1.856138 2.282767 -2.135562
v -1.856138 2.282767 -1.709990
v -1.856138 2.282767 -1.709990
v -1.857092 2.588110 -1.709990
v -1.857092 2.588110 -1.709990
v -1.798886 2.631049 -1.642241
v -1.798886 2.631049 -1.642241
v -1.760718 2.659675 -1.642241
v -1.760718 2.659675 -1.642241
v -1.760718 2.659675 -2.135562
v -1.760718 2.659675 -2.135562
v -1.983046 2.494599 -2.135562
v -1.983046 2.494599 -2.135562
v -1.983046 2.494599 -1.709990
v -1.983046 2.494599 -1.709990
v -2.043161 2.793263 -1.709990
v -2.043161 2.793263 -1.709990
v -1.994496 2.847652 -1.642241
v -1.994496 2.847652 -1.642241
v -1.963008 2.882003 -1.642241
v -1.963008 2.882003 -1.642241
v -1.963008 2.882003 -2.135562
v -1.963008 2.882003 -2.135562
v -2.149077 2.677805 -2.135562
v -2.149077 2.677805 -2.135562
v -2.149077 2.677805 -1.709990
v -2.149077 2.677805 -1.709990
v -2.266443 2.958339 -1.709990
v -2.266443 2.958339 -1.709990
v -2.229229 3.021316 -1.642241
v -2.229229 3.021316 -1.642241
v -2.204421 3.061393 -1.642241
v -2.204421 3.061393 -1.642241
v -2.204421 3.061393 -2.135562
v -2.204421 3.061393 -2.135562
v -2.346596 2.824751 -2.135562
v -2.346596 2.824751 -2.135562
v -2.346596 2.824751 -1.709990
v -2.346596 2.824751 -1.709990
v -2.517397 3.077614 -1.709990
v -2.517397 3.077614 -1.709990
v -2.492588 3.145362 -1.642241
v -2.492588 3.145362 -1.642241
v -2.476367 3.190209 -1.642241
v -2.476367 3.190209 -1.642241
v -2.476367 3.190209 -2.135562
v -2.476367 3.190209 -2.135562
v -2.569878 2.929713 -2.135562
v -2.569878 2.929713 -2.135562
v -2.569878 2.929713 -1.709990
v -2.569878 2.929713 -1.709990
v -2.786480 3.144408 -1.709990
v -2.786480 3.144408 -1.709990
v -2.775985 3.216927 -1.642241
v -2.775985 3.216927 -1.642241
v -2.768351 3.263682 -1.642241
v -2.768351 3.263682 -1.642241
v -2.768351 3.263682 -2.135562
v -2.768351 3.263682 -2.135562
v -2.809381 2.989827 -2.135562
v -2.809381 2.989827 -2.135562
v -2.809381 2.989827 -1.709990
v -2.809381 2.989827 -1.709990
v -2.993541 3.005095 -1.709990
v -2.993541 3.005095 -1.709990
v -2.993541 3.005095 -1.709990
v -2.993541 3.005095 -1.709990
v -2.993541 3.161583 -1.709990
v -2.993541 3.161583 -1.709990
v -2.993541 3.161583 -1.709990
v -2.993541 3.161583 -1.709990
v -2.993541 3.234102 -1.642241
v -2.993541 3.234102 -1.642241
v -2.993541 3.234102 -1.642241
v -2.993541 3.234102 -1.642241
v -2.993541 3.281812 -1.642241
v -2.993541 3.281812 -1.642241
v -2.993541 3.281812 -1.642241
v -2.993541 3.281812 -1.642241
v -2.993541 3.281812 -2.135562
v -2.993541 3.281812 -2.135562
v -2.993541 3.281812 -2.135562
v -2.993541 3.281812 -2.135562
v -2.993541 3.005095 -2.135562
v -2.993541 3.005095 -2.135562
v -2.993541 3.005095 -2.135562
v -2.993541 3.005095 -2.135562
v -3.178656 2.989827 -2.135562
v -3.178656 2.989827 -2.135562
v -3.178656 2.989827 -1.709990
v -3.178656 2.989827 -1.709990
v -3.201557 3.144408 -1.709990
v -3.201557 3.144408 -1.709990
v -3.212053 3.216927 -1.642241
v -3.212053 3.216927 -1.642241
v -3.219687 3.263682 -1.642241
v -3.219687 3.263682 -1.642241
v -3.219687 3.263682 -2.135562
v -3.219687 3.263682 -2.135562
v -3.418159 2.929713 -2.135562
v -3.418159 2.929713 -2.135562
v -3.418159 2.929713 -1.709990
v -3.418159 2.929713 -1.709990
v -3.470640 3.077614 -1.709990
v -3.470640 3.077614 -1.709990
v -3.495449 3.145362 -1.642241
v -3.495449 3.145362 -1.642241
v -3.510717 3.190209 -1.642241
v -3.510717 3.190209 -1.642241
v -3.510717 3.190209 -2.135562
v -3.510717 3.190209 -2.135562
v -3.641442 2.824751 -2.135562
v -3.641442 2.824751 -2.135562
v -3.641442 2.824751 -1.709990
v -3.641442 2.824751 -1.709990
v -3.721595 2.958339 -1.709990
v -3.721595 2.958339 -1.709990
v -3.758808 3.021316 -1.642241
v -3.758808 3.021316 -1.642241
v -3.783617 3.061393 -1.642241
v -3.783617 3.061393 -1.642241
v -3.783617 3.061393 -2.135562
v -3.783617 3.061393 -2.135562
v -3.838960 2.677805 -2.135562
v -3.838960 2.677805 -2.135562
v -4.004991 2.494599 -1.709990
v -4.004991 2.494599 -1.709990
v -3.838960 2.677805 -1.709990
v -3.838960 2.677805 -1.709990
v -3.943922 2.793263 -1.709990
v -3.943922 2.793263 -1.709990
v -3.993541 2.847652 -1.642241
v -3.993541 2.847652 -1.642241
v -4.025029 2.882003 -1.642241
v -4.025029 2.882003 -1.642241
v -4.025029 2.882003 -2.135562
v -4.025029 2.882003 -2.135562
v -4.004991 2.494599 -2.135562
v -4.004991 2.494599 -2.135562
v -4.131899 2.282767 -1.709990
v -4.131899 2.282767 -1.709990
v -4.366632 2.089065 -1.709990
v -4.366632 2.089065 -1.709990
v -4.273120 2.349561 -1.709990
v -4.273120 2.349561 -1.709990
v -4.130945 2.588110 -1.709990
v -4.130945 2.588110 -1.709990
v -4.189151 2.631049 -1.642241
v -4.189151 2.631049 -1.642241
v -4.227319 2.659675 -1.642241
v -4.227319 2.659675 -1.642241
v -4.227319 2.659675 -2.135562
v -4.227319 2.659675 -2.135562
v -4.131899 2.282767 -2.135562
v -4.131899 2.282767 -2.135562
v -4.214914 2.050897 -1.709990
v -4.214914 2.050897 -1.709990
v -4.248312 1.868645 -1.709990
v -4.248312 1.868645 -1.709990
v -4.403846 1.883912 -1.709990
v -4.403846 1.883912 -1.709990
v -4.476364 1.744599 -2.135562
v -4.476364 1.744599 -2.135562
v -4.248312 1.868645 -2.135562
v -4.248312 1.868645 -2.135562
v -4.254036 1.744599 -2.135562
v -4.254036 1.744599 -2.135562
v -4.254036 1.744599 -1.709990
v -4.254036 1.744599 -1.709990
v -4.410524 1.744599 -1.709990
v -4.410524 1.744599 -1.709990
v -4.476364 1.745554 -1.648921
v -4.476364 1.745554 -1.648921
v -4.530754 1.745554 -1.699493
v -4.530754 1.745554 -1.699493
v -4.537433 1.884866 -1.699493
v -4.537433 1.884866 -1.699493
v -4.476364 1.890592 -1.642241
v -4.476364 1.890592 -1.642241
v -4.476364 1.890592 -1.642241
v -4.476364 1.890592 -1.642241
v -4.476364 2.115782 -1.642241
v -4.476364 2.115782 -1.642241
v -4.437242 2.106240 -1.642241
v -4.437242 2.106240 -1.642241
v -4.338960 2.381049 -1.642241
v -4.338960 2.381049 -1.642241
v -4.381899 2.401088 -1.642241
v -4.381899 2.401088 -1.642241
v -4.381899 2.401088 -2.135562
v -4.381899 2.401088 -2.135562
v -4.214914 2.050897 -2.135562
v -4.214914 2.050897 -2.135562
v -4.476364 2.115782 -2.135562
v -4.476364 2.115782 -2.135562
v -4.476364 1.890592 -2.135562
v -4.476364 1.890592 -2.135562
v -4.692967 1.869599 -2.124111
v -4.692967 1.869599 -2.124111
v -4.687242 1.745554 -2.124111
v -4.687242 1.745554 -2.124111
v -4.692967 1.869599 -1.699493
v -4.692967 1.869599 -1.699493
v -4.687242 1.745554 -1.699493
v -4.687242 1.745554 -1.699493
v -4.574646 2.090019 -1.699493
v -4.574646 2.090019 -1.699493
v -4.504036 2.107195 -1.631745
v -4.504036 2.107195 -1.631745
v -4.476364 2.136775 -1.642241
v -4.476364 2.136775 -1.642241
v -4.476364 2.136775 -1.642241
v -4.476364 2.136775 -1.642241
v -4.476364 2.136775 -2.135562
v -4.476364 2.136775 -2.135562
v -4.476364 2.136775 -2.135562
v -4.476364 2.136775 -2.135562
v -4.726364 2.051851 -2.124111
v -4.726364 2.051851 -2.124111
v -4.726364 2.051851 -1.699493
v -4.726364 2.051851 -1.699493
v -4.668158 2.351469 -1.699493
v -4.668158 2.351469 -1.699493
v -4.602318 2.382004 -1.631745
v -4.602318 2.382004 -1.631745
v -4.559380 2.402042 -1.631745
v -4.559380 2.402042 -1.631745
v -4.559380 2.402042 -2.124111
v -4.559380 2.402042 -2.124111
v -4.809379 2.283721 -2.124111
v -4.809379 2.283721 -2.124111
v -4.809379 2.283721 -1.699493
v -4.809379 2.283721 -1.699493
v -4.810333 2.589064 -1.699493
v -4.810333 2.589064 -1.699493
v -4.752127 2.632003 -1.631745
v -4.752127 2.632003 -1.631745
v -4.713959 2.660629 -1.631745
v -4.713959 2.660629 -1.631745
v -4.713959 2.660629 -2.124111
v -4.713959 2.660629 -2.124111
v -4.936287 2.495553 -2.124111
v -4.936287 2.495553 -2.124111
v -4.936287 2.495553 -1.699493
v -4.936287 2.495553 -1.699493
v -4.996402 2.794217 -1.699493
v -4.996402 2.794217 -1.699493
v -4.947738 2.848606 -1.631745
v -4.947738 2.848606 -1.631745
v -4.916249 2.883911 -1.631745
v -4.916249 2.883911 -1.631745
v -4.916249 2.883911 -2.124111
v -4.916249 2.883911 -2.124111
v -5.102318 2.678759 -2.124111
v -5.102318 2.678759 -2.124111
v -5.102318 2.678759 -1.699493
v -5.102318 2.678759 -1.699493
v -5.219685 2.960248 -1.699493
v -5.219685 2.960248 -1.699493
v -5.182471 3.022270 -1.631745
v -5.182471 3.022270 -1.631745
v -5.157661 3.063301 -1.631745
v -5.157661 3.063301 -1.631745
v -5.157661 3.063301 -2.124111
v -5.157661 3.063301 -2.124111
v -5.299837 2.825705 -2.124111
v -5.299837 2.825705 -2.124111
v -5.299837 2.825705 -1.699493
v -5.299837 2.825705 -1.699493
v -5.470638 3.078568 -1.699493
v -5.470638 3.078568 -1.699493
v -5.445829 3.147270 -1.631745
v -5.445829 3.147270 -1.631745
v -5.429607 3.191163 -1.631745
v -5.429607 3.191163 -1.631745
v -5.429607 3.191163 -2.124111
v -5.429607 3.191163 -2.124111
v -5.523119 2.930667 -2.124111
v -5.523119 2.930667 -2.124111
v -5.523119 2.930667 -1.699493
v -5.523119 2.930667 -1.699493
v -5.739722 3.146316 -1.699493
v -5.739722 3.146316 -1.699493
v -5.729226 3.217881 -1.631745
v -5.729226 3.217881 -1.631745
v -5.721592 3.264637 -1.631745
v -5.721592 3.264637 -1.631745
v -5.721592 3.264637 -2.124111
v -5.721592 3.264637 -2.124111
v -5.762622 2.990782 -2.124111
v -5.762622 2.990782 -2.124111
v -5.762622 2.990782 -1.699493
v -5.762622 2.990782 -1.699493
v -5.946783 3.006049 -1.699493
v -5.946783 3.006049 -1.699493
v -5.946783 3.006049 -1.699493
v -5.946783 3.006049 -1.699493
v -5.946783 3.162537 -1.699493
v -5.946783 3.162537 -1.699493
v -5.946783 3.162537 -1.699493
v -5.946783 3.162537 -1.699493
v -5.946783 3.236011 -1.631745
v -5.946783 3.236011 -1.631745
v -5.946783 3.236011 -1.631745
v -5.946783 3.236011 -1.631745
v -5.946783 3.282766 -1.631745
v -5.946783 3.282766 -1.631745
v -5.946783 3.282766 -1.631745
v -5.946783 3.282766 -1.631745
v -5.946783 3.282766 -2.124111
v -5.946783 3.282766 -2.124111
v -5.946783 3.282766 -2.124111
v -5.946783 3.282766 -2.124111
v -5.946783 3.006049 -2.124111
v -5.946783 3.006049 -2.124111
v -5.946783 3.006049 -2.124111
v -5.946783 3.006049 -2.124111
v -6.131897 2.990782 -2.124111
v -6.131897 2.990782 -2.124111
v -6.131897 2.990782 -1.699493
v -6.131897 2.990782 -1.699493
v -6.154798 3.146316 -1.699493
v -6.154798 3.146316 -1.699493
v -6.165294 3.217881 -1.631745
v -6.165294 3.217881 -1.631745
v -6.172928 3.264637 -1.631745
v -6.172928 3.264637 -1.631745
v -6.172928 3.264637 -2.124111
v -6.172928 3.264637 -2.124111
v -6.371400 2.930667 -2.124111
v -6.371400 2.930667 -2.124111
v -6.371400 2.930667 -1.699493
v -6.371400 2.930667 -1.699493
v -6.423882 3.078568 -1.699493
v -6.423882 3.078568 -1.699493
v -6.448690 3.147270 -1.631745
v -6.448690 3.147270 -1.631745
v -6.464912 3.191163 -1.631745
v -6.464912 3.191163 -1.631745
v -6.464912 3.191163 -2.124111
v -6.464912 3.191163 -2.124111
v -6.594683 2.825705 -2.124111
v -6.594683 2.825705 -2.124111
v -6.594683 2.825705 -1.699493
v -6.594683 2.825705 -1.699493
v -6.674836 2.960248 -1.699493
v -6.674836 2.960248 -1.699493
v -6.712049 3.022270 -1.631745
v -6.712049 3.022270 -1.631745
v -6.736858 3.063301 -1.631745
v -6.736858 3.063301 -1.631745
v -6.736858 3.063301 -2.124111
v -6.736858 3.063301 -2.124111
v -6.792202 2.678759 -2.124111
v -6.792202 2.678759 -2.124111
v -6.792202 2.678759 -1.699493
v -6.792202 2.678759 -1.699493
v -6.897163 2.794217 -1.699493
v -6.897163 2.794217 -1.699493
v -6.946782 2.848606 -1.631745
v -6.946782 2.848606 -1.631745
v -6.978270 2.883911 -1.631745
v -6.978270 2.883911 -1.631745
v -6.978270 2.883911 -2.124111
v -6.978270 2.883911 -2.124111
v -6.958232 2.495553 -2.124111
v -6.958232 2.495553 -2.124111
v -7.085140 2.283721 -1.699493
v -7.085140 2.283721 -1.699493
v -6.958232 2.495553 -1.699493
v -6.958232 2.495553 -1.699493
v -7.084186 2.589064 -1.699493
v -7.084186 2.589064 -1.699493
v -7.142392 2.632003 -1.631745
v -7.142392 2.632003 -1.631745
v -7.180560 2.660629 -1.631745
v -7.180560 2.660629 -1.631745
v -7.180560 2.660629 -2.124111
v -7.180560 2.660629 -2.124111
v -7.085140 2.283721 -2.124111
v -7.085140 2.283721 -2.124111
v -7.168155 2.051851 -1.699493
v -7.168155 2.051851 -1.699493
v -7.168155 2.051851 -2.124111
v -7.168155 2.051851 -2.124111
v -7.201552 1.869599 -2.124111
v -7.201552 1.869599 -2.124111
v -7.201552 1.869599 -1.699493
v -7.201552 1.869599 -1.699493
v -7.386667 1.887729 -1.671821
v -7.386667 1.887729 -1.671821
v -7.357087 1.884866 -1.699493
v -7.357087 1.884866 -1.699493
v -7.384758 2.047080 -1.647012
v -7.384758 2.047080 -1.647012
v -7.319873 2.090019 -1.699493
v -7.319873 2.090019 -1.699493
v -7.226361 2.351469 -1.699493
v -7.226361 2.351469 -1.699493
v -7.292201 2.382004 -1.631745
v -7.292201 2.382004 -1.631745
v -7.335140 2.402042 -1.631745
v -7.335140 2.402042 -1.631745
v -7.335140 2.402042 -2.124111
v -7.335140 2.402042 -2.124111
v -7.429605 2.137729 -2.124111
v -7.429605 2.137729 -2.124111
v -7.429605 2.117691 -2.124111
v -7.429605 1.892500 -2.124111
v -7.429605 1.745554 -2.124111
v -7.207277 1.745554 -2.124111
v -7.207277 1.745554 -2.124111
v -7.207277 1.745554 -1.699493
v -7.207277 1.745554 -1.699493
v -7.363766 1.745554 -1.699493
v -7.363766 1.745554 -1.699493
v -7.383804 1.745554 -1.680409
v -7.383804 1.745554 -1.680409
v -7.383804 1.692119 -1.681363
v -7.461094 1.692119 -1.628883
v -7.461094 1.692119 -1.628883
v -7.473499 1.692119 -1.628883
v -7.473499 1.692119 -1.628883
v -7.473499 1.692119 -1.472394
v -7.473499 1.692119 -1.472394
v -7.846590 1.692119 -1.472394
v -7.846590 1.692119 -1.472394
v -7.846590 1.692119 -1.748157
v -7.846590 1.692119 -1.748157
v -7.383804 1.692119 -1.748157
v -7.383804 1.742691 -1.745295
v -7.383804 1.891546 -1.735753
v -7.456323 2.067118 -1.702356
v -7.429605 2.137729 -1.678501
v -7.429605 2.137729 -1.678501
v -7.846590 2.067118 -1.702356
v -7.846590 2.067118 -1.702356
v -7.846590 1.959294 -1.442814
v -7.846590 1.959294 -1.442814
v -7.473499 1.959294 -1.442814
v -7.473499 1.959294 -1.442814
v -7.473499 2.020363 -1.589760
v -7.473499 2.020363 -1.589760
v -7.461094 2.020363 -1.589760
v -7.461094 2.020363 -1.589760
v -7.384758 2.105286 -1.636516
v -7.384758 2.105286 -1.636516
v -7.383804 2.120553 -1.634608
v -7.383804 2.120553 -1.634608
v -7.383804 2.120553 -1.634608
v -7.383804 2.120553 -1.634608
v -7.383804 2.259866 -1.634608
v -7.383804 2.259866 -1.634608
v -7.383804 2.259866 -1.634608
v -7.383804 2.259866 -1.634608
v -7.392392 2.236965 -1.643195
v -7.392392 2.236965 -1.643195
v -7.846590 2.241736 -1.645104
v -7.846590 2.241736 -1.645104
v -7.846590 2.110057 -1.397012
v -7.846590 2.110057 -1.397012
v -7.473499 2.110057 -1.397012
v -7.473499 2.110057 -1.397012
v -7.473499 2.184485 -1.537280
v -7.473499 2.184485 -1.537280
v -7.461094 2.184485 -1.537280
v -7.461094 2.184485 -1.537280
v -7.383804 2.218836 -1.602165
v -7.383804 2.218836 -1.602165
v -7.383804 2.373416 -1.514379
v -7.383804 2.373416 -1.514379
v -7.383804 2.400133 -1.554455
v -7.383804 2.400133 -1.554455
v -7.846590 2.400133 -1.554455
v -7.846590 2.400133 -1.554455
v -7.846590 2.244599 -1.321631
v -7.846590 2.244599 -1.321631
v -7.473499 2.244599 -1.321631
v -7.473499 2.244599 -1.321631
v -7.473499 2.332385 -1.453310
v -7.473499 2.332385 -1.453310
v -7.461094 2.332385 -1.453310
v -7.461094 2.332385 -1.453310
v -7.383804 2.519408 -1.406554
v -7.383804 2.519408 -1.406554
v -7.383804 2.549942 -1.443768
v -7.383804 2.549942 -1.443768
v -7.846590 2.549942 -1.443768
v -7.846590 2.549942 -1.443768
v -7.846590 2.371507 -1.227165
v -7.846590 2.371507 -1.227165
v -7.473499 2.371507 -1.227165
v -7.473499 2.371507 -1.227165
v -7.473499 2.472652 -1.349303
v -7.473499 2.472652 -1.349303
v -7.461094 2.472652 -1.349303
v -7.461094 2.472652 -1.349303
v -7.383804 2.653950 -1.284417
v -7.383804 2.653950 -1.284417
v -7.383804 2.688301 -1.318768
v -7.383804 2.688301 -1.318768
v -7.846590 2.688301 -1.318768
v -7.846590 2.688301 -1.318768
v -7.846590 2.489828 -1.120295
v -7.846590 2.489828 -1.120295
v -7.473499 2.489828 -1.120295
v -7.473499 2.489828 -1.120295
v -7.473499 2.601469 -1.232891
v -7.473499 2.601469 -1.232891
v -7.461094 2.601469 -1.232891
v -7.461094 2.601469 -1.232891
v -7.383804 2.776087 -1.149875
v -7.383804 2.776087 -1.149875
v -7.383804 2.813301 -1.180410
v -7.383804 2.813301 -1.180410
v -7.846590 2.813301 -1.180410
v -7.846590 2.813301 -1.180410
v -7.846590 2.595744 -1.002929
v -7.846590 2.595744 -1.002929
v -7.473499 2.595744 -1.002929
v -7.473499 2.595744 -1.002929
v -7.473499 2.718835 -1.103120
v -7.473499 2.718835 -1.103120
v -7.461094 2.718835 -1.103120
v -7.461094 2.718835 -1.103120
v -7.383804 2.883911 -1.003883
v -7.383804 2.883911 -1.003883
v -7.383804 2.923988 -1.030601
v -7.383804 2.923988 -1.030601
v -7.846590 2.923988 -1.030601
v -7.846590 2.923988 -1.030601
v -7.846590 2.690209 -0.875066
v -7.846590 2.690209 -0.875066
v -7.473499 2.690209 -0.875066
v -7.473499 2.690209 -0.875066
v -7.473499 2.822843 -0.962853
v -7.473499 2.822843 -0.962853
v -7.461094 2.822843 -0.962853
v -7.461094 2.822843 -0.962853
v -7.383804 2.977423 -0.848349
v -7.383804 2.977423 -0.848349
v -7.383804 3.019408 -0.871250
v -7.383804 3.019408 -0.871250
v -7.846590 3.019408 -0.871250
v -7.846590 3.019408 -0.871250
v -7.846590 2.772270 -0.738616
v -7.846590 2.772270 -0.738616
v -7.473499 2.772270 -0.738616
v -7.473499 2.772270 -0.738616
v -7.473499 2.912537 -0.813998
v -7.473499 2.912537 -0.813998
v -7.461094 2.912537 -0.813998
v -7.461094 2.912537 -0.813998
v -7.383804 3.054713 -0.684227
v -7.383804 3.054713 -0.684227
v -7.383804 3.099560 -0.703311
v -7.383804 3.099560 -0.703311
v -7.846590 3.099560 -0.703311
v -7.846590 3.099560 -0.703311
v -7.846590 2.840018 -0.595486
v -7.846590 2.840018 -0.595486
v -7.473499 2.840018 -0.595486
v -7.473499 2.840018 -0.595486
v -7.473499 2.986965 -0.656555
v -7.473499 2.986965 -0.656555
v -7.461094 2.986965 -0.656555
v -7.461094 2.986965 -0.656555
v -7.383804 3.115782 -0.513425
v -7.383804 3.115782 -0.513425
v -7.383804 3.162537 -0.527738
v -7.383804 3.162537 -0.527738
v -7.846590 3.162537 -0.527738
v -7.846590 3.162537 -0.527738
v -7.846590 2.893453 -0.445677
v -7.846590 2.893453 -0.445677
v -7.473499 2.893453 -0.445677
v -7.473499 2.893453 -0.445677
v -7.473499 3.045171 -0.492433
v -7.473499 3.045171 -0.492433
v -7.461094 3.045171 -0.492433
v -7.461094 3.045171 -0.492433
v -7.383804 3.159675 -0.337853
v -7.383804 3.159675 -0.337853
v -7.383804 3.207385 -0.346441
v -7.383804 3.207385 -0.346441
v -7.846590 3.207385 -0.346441
v -7.846590 3.207385 -0.346441
v -7.846590 2.932575 -0.292052
v -7.846590 2.932575 -0.292052
v -7.473499 2.932575 -0.292052
v -7.473499 2.932575 -0.292052
v -7.473499 3.088110 -0.322586
v -7.473499 3.088110 -0.322586
v -7.461094 3.088110 -0.322586
v -7.461094 3.088110 -0.322586
v -7.383804 3.186392 -0.157510
v -7.383804 3.186392 -0.157510
v -7.383804 3.235056 -0.162281
v -7.383804 3.235056 -0.162281
v -7.846590 3.235056 -0.162281
v -7.846590 3.235056 -0.162281
v -7.846590 2.955477 -0.134609
v -7.846590 2.955477 -0.134609
v -7.473499 2.955477 -0.134609
v -7.473499 2.955477 -0.134609
v -7.473499 3.113873 -0.150830
v -7.473499 3.113873 -0.150830
v -7.461094 3.113873 -0.150830
v -7.461094 3.113873 -0.150830
v -7.461094 3.121507 0.019971
v -7.461094 3.121507 0.019971
v -7.461094 3.121507 0.019971
v -7.461094 3.121507 0.019971
v -7.383804 3.195934 0.019971
v -7.383804 3.195934 0.019971
v -7.383804 3.195934 0.019971
v -7.383804 3.195934 0.019971
v -7.383804 3.243644 0.019971
v -7.383804 3.243644 0.019971
v -7.383804 3.243644 0.019971
v -7.383804 3.243644 0.019971
v -7.846590 3.243644 0.019971
v -7.846590 3.243644 0.019971
v -7.846590 3.243644 0.019971
v -7.846590 3.243644 0.019971
v -7.846590 2.963110 0.019971
v -7.846590 2.963110 0.019971
v -7.846590 2.963110 0.019971
v -7.846590 2.963110 0.019971
v -7.473499 2.963110 0.019971
v -7.473499 2.963110 0.019971
v -7.473499 2.963110 0.019971
v -7.473499 2.963110 0.019971
v -7.473499 3.121507 0.019971
v -7.473499 3.121507 0.019971
v -7.473499 3.121507 0.019971
v -7.473499 3.121507 0.019971
v -7.461094 3.113873 0.190773
v -7.461094 3.113873 0.190773
v -7.383804 3.186392 0.197452
v -7.383804 3.186392 0.197452
v -7.383804 3.235056 0.202223
v -7.383804 3.235056 0.202223
v -7.846590 3.235056 0.202223
v -7.846590 3.235056 0.202223
v -7.846590 2.955477 0.174551
v -7.846590 2.955477 0.174551
v -7.473499 2.955477 0.174551
v -7.473499 2.955477 0.174551
v -7.473499 3.113873 0.190773
v -7.473499 3.113873 0.190773
v -7.473499 3.088110 0.362528
v -7.473499 3.088110 0.362528
v -7.461094 3.088110 0.362528
v -7.461094 3.088110 0.362528
v -7.383804 3.159675 0.376841
v -7.383804 3.159675 0.376841
v -7.383804 3.207385 0.386383
v -7.383804 3.207385 0.386383
v -7.846590 3.207385 0.386383
v -7.846590 3.207385 0.386383
v -7.846590 2.932575 0.331994
v -7.846590 2.932575 0.331994
v -7.473499 2.932575 0.331994
v -7.473499 2.932575 0.331994
v -7.473499 2.893453 0.485620
v -7.473499 2.893453 0.485620
v -7.473499 3.045171 0.531421
v -7.473499 3.045171 0.531421
v -7.461094 3.045171 0.531421
v -7.461094 3.045171 0.531421
v -7.383804 3.115782 0.553368
v -7.383804 3.115782 0.553368
v -7.383804 3.162537 0.567681
v -7.383804 3.162537 0.567681
v -7.846590 3.162537 0.567681
v -7.846590 3.162537 0.567681
v -7.846590 2.893453 0.485620
v -7.846590 2.893453 0.485620
v -7.846590 2.840018 0.635429
v -7.846590 2.840018 0.635429
v -7.473499 2.840018 0.635429
v -7.473499 2.840018 0.635429
v -7.473499 2.986965 0.695543
v -7.473499 2.986965 0.695543
v -7.461094 2.986965 0.695543
v -7.461094 2.986965 0.695543
v -7.383804 3.054713 0.724169
v -7.383804 3.054713 0.724169
v -7.383804 3.099560 0.742299
v -7.383804 3.099560 0.742299
v -7.846590 3.099560 0.742299
v -7.846590 3.099560 0.742299
v -7.846590 3.019408 0.911192
v -7.846590 3.019408 0.911192
v -7.846590 2.772270 0.778558
v -7.846590 2.772270 0.778558
v -7.473499 2.772270 0.778558
v -7.473499 2.772270 0.778558
v -7.473499 2.912537 0.853940
v -7.473499 2.912537 0.853940
v -7.461094 2.912537 0.853940
v -7.461094 2.912537 0.853940
v -7.383804 2.977423 0.888291
v -7.383804 2.977423 0.888291
v -7.383804 3.019408 0.911192
v -7.383804 3.019408 0.911192
v -7.383804 2.923988 1.070543
v -7.383804 2.923988 1.070543
v -7.846590 2.923988 1.070543
v -7.846590 2.923988 1.070543
v -7.846590 2.690209 0.915009
v -7.846590 2.690209 0.915009
v -7.473499 2.690209 0.915009
v -7.473499 2.690209 0.915009
v -7.473499 2.822843 1.002795
v -7.473499 2.822843 1.002795
v -7.461094 2.822843 1.002795
v -7.461094 2.822843 1.002795
v -7.383804 2.883911 1.043825
v -7.383804 2.883911 1.043825
v -7.383804 2.776087 1.189818
v -7.383804 2.776087 1.189818
v -7.383804 2.653950 1.324359
v -7.383804 2.653950 1.324359
v -7.383804 2.813301 1.220352
v -7.383804 2.813301 1.220352
v -7.846590 2.813301 1.220352
v -7.846590 2.813301 1.220352
v -7.846590 2.595744 1.041917
v -7.846590 2.595744 1.041917
v -7.473499 2.595744 1.041917
v -7.473499 2.595744 1.041917
v -7.473499 2.718835 1.143062
v -7.473499 2.718835 1.143062
v -7.461094 2.718835 1.143062
v -7.461094 2.718835 1.143062
v -7.461094 2.601469 1.271879
v -7.461094 2.601469 1.271879
v -7.461094 2.472652 1.389245
v -7.461094 2.472652 1.389245
v -7.383804 2.519408 1.446497
v -7.383804 2.519408 1.446497
v -7.383804 2.688301 1.358711
v -7.383804 2.688301 1.358711
v -7.846590 2.688301 1.358711
v -7.846590 2.688301 1.358711
v -7.846590 2.489828 1.160237
v -7.846590 2.489828 1.160237
v -7.473499 2.489828 1.160237
v -7.473499 2.489828 1.160237
v -7.473499 2.601469 1.271879
v -7.473499 2.601469 1.271879
v -7.473499 2.472652 1.389245
v -7.473499 2.472652 1.389245
v -7.473499 2.332385 1.493253
v -7.473499 2.332385 1.493253
v -7.473499 2.184485 1.577222
v -7.473499 2.184485 1.577222
v -7.461094 2.332385 1.493253
v -7.461094 2.332385 1.493253
v -7.383804 2.218836 1.642107
v -7.383804 2.218836 1.642107
v -7.383804 2.373416 1.554321
v -7.383804 2.373416 1.554321
v -7.383804 2.549942 1.483711
v -7.383804 2.549942 1.483711
v -7.846590 2.549942 1.483711
v -7.846590 2.549942 1.483711
v -7.846590 2.371507 1.266153
v -7.846590 2.371507 1.266153
v -7.473499 2.371507 1.266153
v -7.473499 2.371507 1.266153
v -7.473499 2.244599 1.361573
v -7.473499 2.244599 1.361573
v -7.473499 2.110057 1.436955
v -7.473499 2.110057 1.436955
v -7.473499 1.959294 1.482756
v -7.473499 1.959294 1.482756
v -7.473499 2.020363 1.629703
v -7.473499 2.020363 1.629703
v -7.461094 2.184485 1.577222
v -7.461094 2.184485 1.577222
v -7.384758 2.105286 1.676458
v -7.384758 2.105286 1.676458
v -7.383804 2.120553 1.674550
v -7.383804 2.120553 1.674550
v -7.383804 2.120553 1.674550
v -7.383804 2.120553 1.674550
v -7.226361 2.351469 1.739435
v -7.226361 2.351469 1.739435
v -7.085140 2.283721 1.739435
v -7.085140 2.283721 1.739435
v -7.168155 2.051851 1.739435
v -7.168155 2.051851 1.739435
v -7.085140 2.283721 2.164053
v -7.085140 2.283721 2.164053
v -7.180560 2.660629 2.164053
v -7.180560 2.660629 2.164053
v -7.180560 2.660629 1.671687
v -7.180560 2.660629 1.671687
v -7.335140 2.402042 1.671687
v -7.335140 2.402042 1.671687
v -7.383804 2.259866 1.674550
v -7.383804 2.259866 1.674550
v -7.383804 2.259866 1.674550
v -7.383804 2.259866 1.674550
v -7.383804 2.400133 1.594398
v -7.383804 2.400133 1.594398
v -7.846590 2.400133 1.594398
v -7.846590 2.400133 1.594398
v -7.846590 2.244599 1.361573
v -7.846590 2.244599 1.361573
v -7.846590 2.110057 1.436955
v -7.846590 2.110057 1.436955
v -7.846590 1.959294 1.482756
v -7.846590 1.959294 1.482756
v -7.846590 1.810439 1.506611
v -7.846590 1.810439 1.506611
v -7.473499 1.810439 1.506611
v -7.473499 1.810439 1.506611
v -7.473499 1.856241 1.659283
v -7.473499 1.856241 1.659283
v -7.461094 2.020363 1.629703
v -7.461094 2.020363 1.629703
v -7.384758 2.047080 1.686000
v -7.384758 2.047080 1.686000
v -7.319873 2.090019 1.739435
v -7.319873 2.090019 1.739435
v -7.201552 1.869599 1.739435
v -7.201552 1.869599 1.739435
v -7.201552 1.869599 2.164053
v -7.201552 1.869599 2.164053
v -7.168155 2.051851 2.164053
v -7.168155 2.051851 2.164053
v -7.335140 2.402042 2.164053
v -7.335140 2.402042 2.164053
v -7.392392 2.236965 1.682184
v -7.392392 2.236965 1.682184
v -7.846590 2.241736 1.684092
v -7.846590 2.241736 1.684092
v -7.846590 2.067118 1.742298
v -7.846590 2.067118 1.742298
v -7.846590 1.891546 1.775695
v -7.846590 1.891546 1.775695
v -7.846590 1.742691 1.785237
v -7.846590 1.742691 1.785237
v -7.846590 1.721699 1.511382
v -7.846590 1.721699 1.511382
v -7.473499 1.721699 1.511382
v -7.473499 1.721699 1.511382
v -7.473499 1.733149 1.665962
v -7.473499 1.733149 1.665962
v -7.461094 1.733149 1.665962
v -7.461094 1.733149 1.665962
v -7.461094 1.856241 1.659283
v -7.461094 1.856241 1.659283
v -7.386667 1.887729 1.711764
v -7.386667 1.887729 1.711764
v -7.357087 1.884866 1.739435
v -7.357087 1.884866 1.739435
v -7.363766 1.745554 1.739435
v -7.363766 1.745554 1.739435
v -7.207277 1.745554 1.739435
v -7.207277 1.745554 1.739435
v -7.207277 1.745554 2.164053
v -7.207277 1.745554 2.164053
v -7.429605 1.745554 2.164053
v -7.429605 1.892500 2.164053
v -7.429605 2.117691 2.164053
v -7.429605 2.137729 2.164053
v -7.429605 2.137729 2.164053
v -7.429605 2.137729 1.718443
v -7.429605 2.137729 1.718443
v -7.456323 2.067118 1.742298
v -7.383804 1.891546 1.775695
v -7.383804 1.742691 1.785237
v -7.383804 1.692119 1.788100
v -7.846590 1.692119 1.788100
v -7.846590 1.692119 1.788100
v -7.846590 1.692119 1.512336
v -7.846590 1.692119 1.512336
v -7.473499 1.692119 1.512336
v -7.473499 1.692119 1.512336
v -7.473499 1.692119 1.667871
v -7.473499 1.692119 1.667871
v -7.461094 1.692119 1.667871
v -7.461094 1.692119 1.667871
v -7.383804 1.692119 1.721306
v -7.383804 1.745554 1.720351
v -7.383804 1.745554 1.720351
v 7.661244 5.565900 1.676940
v 7.661244 5.565900 1.676940
v 7.661244 5.565900 1.607328
v 7.661244 5.698539 1.610150
v 7.661244 5.698539 1.610150
v 7.661244 5.698539 1.518903
v 7.661244 5.698539 1.518903
v 7.661244 5.698539 1.518903
v 7.661244 5.698539 1.518903
v 7.661244 5.565900 1.517962
v 7.661244 5.565900 1.517962
v 7.414781 5.565900 1.517962
v 7.414781 5.565900 1.517962
v 7.414781 5.698539 1.518903
v 7.414781 5.698539 1.518903
v 7.414781 5.698539 1.518903
v 7.414781 5.698539 1.518903
v 7.414781 5.565900 1.607328
v 7.414781 5.565900 1.607328
v 7.414781 5.698539 1.610150
v 7.414781 5.698539 1.610150
v 7.414781 5.698539 1.610150
v 7.414781 5.698539 1.610150
v 7.407255 5.698539 1.610150
v 7.407255 5.698539 1.610150
v 7.407255 5.698539 1.610150
v 7.407255 5.698539 1.610150
v 7.407255 5.565900 1.607328
v 7.407255 5.565900 1.607328
v 7.363042 5.565900 1.649660
v 7.363042 5.565900 1.649660
v 7.363042 5.698539 1.652482
v 7.363042 5.698539 1.652482
v 7.363042 5.698539 1.652482
v 7.363042 5.698539 1.652482
v 7.363042 5.565900 1.676940
v 7.363042 5.565900 1.676940
v 7.363042 5.698539 1.680703
v 7.363042 5.698539 1.680703
v 7.363042 5.698539 1.680703
v 7.363042 5.698539 1.680703
v 7.661244 5.698539 1.680703
v 7.661244 5.698539 1.680703
v 7.661244 5.698539 1.680703
v 7.661244 5.698539 1.680703
v 7.661244 5.852813 1.595099
v 7.661244 5.834940 1.505733
v 7.661244 5.834940 1.505733
v 7.414781 5.834940 1.505733
v 7.414781 5.834940 1.505733
v 7.414781 5.852813 1.595099
v 7.414781 5.852813 1.595099
v 7.407255 5.852813 1.595099
v 7.407255 5.852813 1.595099
v 7.363042 5.861279 1.636490
v 7.363042 5.861279 1.636490
v 7.363042 5.866923 1.663770
v 7.363042 5.866923 1.663770
v 7.661244 5.866923 1.663770
v 7.661244 5.866923 1.663770
v 7.661244 6.028724 1.614854
v 7.661244 6.028724 1.614854
v 7.661244 6.001443 1.549945
v 7.661244 5.966638 1.465283
v 7.661244 5.966638 1.465283
v 7.414781 5.966638 1.465283
v 7.414781 5.966638 1.465283
v 7.414781 6.001443 1.549945
v 7.414781 6.001443 1.549945
v 7.407255 6.001443 1.549945
v 7.407255 6.001443 1.549945
v 7.363042 6.018376 1.589455
v 7.363042 6.018376 1.589455
v 7.363042 6.028724 1.614854
v 7.363042 6.028724 1.614854
v 7.363042 6.177354 1.534894
v 7.363042 6.177354 1.534894
v 7.661244 6.177354 1.534894
v 7.661244 6.177354 1.534894
v 7.661244 6.138786 1.476571
v 7.661244 6.087988 1.401315
v 7.661244 6.087988 1.401315
v 7.414781 6.087988 1.401315
v 7.414781 6.087988 1.401315
v 7.414781 6.138786 1.476571
v 7.414781 6.138786 1.476571
v 7.407255 6.138786 1.476571
v 7.407255 6.138786 1.476571
v 7.363042 6.162303 1.512317
v 7.363042 6.162303 1.512317
v 7.363042 6.288357 1.407900
v 7.363042 6.288357 1.407900
v 7.363042 6.308112 1.427655
v 7.363042 6.308112 1.427655
v 7.661244 6.308112 1.427655
v 7.661244 6.308112 1.427655
v 7.661244 6.259195 1.377797
v 7.661244 6.194287 1.313830
v 7.661244 6.194287 1.313830
v 7.414781 6.194287 1.313830
v 7.414781 6.194287 1.313830
v 7.414781 6.259195 1.377797
v 7.414781 6.259195 1.377797
v 7.407255 6.259195 1.377797
v 7.407255 6.259195 1.377797
v 7.407255 6.357028 1.258329
v 7.407255 6.357028 1.258329
v 7.363042 6.392774 1.281846
v 7.363042 6.392774 1.281846
v 7.363042 6.415351 1.296897
v 7.363042 6.415351 1.296897
v 7.661244 6.415351 1.296897
v 7.661244 6.415351 1.296897
v 7.661244 6.357028 1.258329
v 7.661244 6.281772 1.207531
v 7.661244 6.281772 1.207531
v 7.414781 6.281772 1.207531
v 7.414781 6.281772 1.207531
v 7.414781 6.357028 1.258329
v 7.414781 6.357028 1.258329
v 7.414781 6.430402 1.120987
v 7.414781 6.430402 1.120987
v 7.407255 6.430402 1.120987
v 7.407255 6.430402 1.120987
v 7.363042 6.469912 1.136979
v 7.363042 6.469912 1.136979
v 7.363042 6.495310 1.148267
v 7.363042 6.495310 1.148267
v 7.661244 6.495310 1.148267
v 7.661244 6.495310 1.148267
v 7.661244 6.430402 1.120987
v 7.661244 6.346680 1.086181
v 7.661244 6.346680 1.086181
v 7.414781 6.346680 1.086181
v 7.414781 6.346680 1.086181
v 7.414781 6.386189 0.954483
v 7.414781 6.386189 0.954483
v 7.414781 6.475556 0.972356
v 7.414781 6.475556 0.972356
v 7.407255 6.475556 0.972356
v 7.407255 6.475556 0.972356
v 7.363042 6.516947 0.980823
v 7.363042 6.516947 0.980823
v 7.363042 6.544227 0.986467
v 7.363042 6.544227 0.986467
v 7.661244 6.544227 0.986467
v 7.661244 6.544227 0.986467
v 7.661244 6.475556 0.972356
v 7.661244 6.386189 0.954483
v 7.661244 6.386189 0.954483
v 7.661244 6.399359 0.818082
v 7.661244 6.399359 0.818082
v 7.414781 6.399359 0.818082
v 7.414781 6.399359 0.818082
v 7.414781 6.490607 0.818082
v 7.414781 6.490607 0.818082
v 7.407255 6.490607 0.818082
v 7.407255 6.490607 0.818082
v 7.363042 6.532938 0.818082
v 7.363042 6.532938 0.818082
v 7.363042 6.561160 0.818082
v 7.363042 6.561160 0.818082
v 7.661244 6.561160 0.818082
v 7.661244 6.561160 0.818082
v 7.661244 6.490607 0.818082
v 7.661244 6.475556 0.662866
v 7.661244 6.386189 0.680740
v 7.661244 6.386189 0.680740
v 7.414781 6.386189 0.680740
v 7.414781 6.386189 0.680740
v 7.414781 6.475556 0.662866
v 7.414781 6.475556 0.662866
v 7.407255 6.475556 0.662866
v 7.407255 6.475556 0.662866
v 7.363042 6.516947 0.655341
v 7.363042 6.516947 0.655341
v 7.363042 6.544227 0.649696
v 7.363042 6.544227 0.649696
v 7.661244 6.544227 0.649696
v 7.661244 6.544227 0.649696
v 7.661244 6.495310 0.487896
v 7.661244 6.495310 0.487896
v 7.661244 6.430402 0.514236
v 7.661244 6.346680 0.549042
v 7.661244 6.346680 0.549042
v 7.414781 6.346680 0.549042
v 7.414781 6.346680 0.549042
v 7.414781 6.430402 0.514236
v 7.414781 6.430402 0.514236
v 7.407255 6.430402 0.514236
v 7.407255 6.430402 0.514236
v 7.363042 6.469912 0.498244
v 7.363042 6.469912 0.498244
v 7.363042 6.495310 0.487896
v 7.363042 6.495310 0.487896
v 7.363042 6.415351 0.338325
v 7.363042 6.415351 0.338325
v 7.661244 6.415351 0.338325
v 7.661244 6.415351 0.338325
v 7.661244 6.357028 0.377835
v 7.661244 6.281772 0.428632
v 7.661244 6.281772 0.428632
v 7.414781 6.281772 0.428632
v 7.414781 6.281772 0.428632
v 7.414781 6.357028 0.377835
v 7.414781 6.357028 0.377835
v 7.407255 6.357028 0.377835
v 7.407255 6.357028 0.377835
v 7.363042 6.392774 0.354317
v 7.363042 6.392774 0.354317
v 7.363042 6.288357 0.227323
v 7.363042 6.288357 0.227323
v 7.363042 6.308112 0.207568
v 7.363042 6.308112 0.207568
v 7.363042 6.177354 0.100328
v 7.363042 6.177354 0.100328
v 7.661244 6.308112 0.207568
v 7.661244 6.308112 0.207568
v 7.661244 6.259195 0.257425
v 7.661244 6.194287 0.322333
v 7.661244 6.194287 0.322333
v 7.414781 6.194287 0.322333
v 7.414781 6.194287 0.322333
v 7.414781 6.259195 0.257425
v 7.414781 6.259195 0.257425
v 7.407255 6.259195 0.257425
v 7.407255 6.259195 0.257425
v 7.407255 6.138786 0.158652
v 7.407255 6.138786 0.158652
v 7.363042 6.162303 0.123846
v 7.363042 6.162303 0.123846
v 7.363042 6.024961 0.029776
v 7.363042 6.024961 0.029776
v 7.661244 5.565900 -1.547776
v 7.661244 5.565900 -1.616447
v 7.661244 5.565900 -1.616447
v 7.661244 5.698539 -1.550599
v 7.661244 5.698539 -1.550599
v 7.661244 5.698539 -1.620210
v 7.661244 5.698539 -1.620210
v 7.661244 5.698539 -1.620210
v 7.661244 5.698539 -1.620210
v 7.363042 5.698539 -1.620210
v 7.363042 5.698539 -1.620210
v 7.363042 5.698539 -1.620210
v 7.363042 5.698539 -1.620210
v 7.363042 5.565900 -1.616447
v 7.363042 5.565900 -1.616447
v 7.363042 5.698539 -1.592930
v 7.363042 5.698539 -1.592930
v 7.363042 5.698539 -1.592930
v 7.363042 5.698539 -1.592930
v 7.363042 5.565900 -1.589167
v 7.363042 5.565900 -1.589167
v 7.407255 5.698539 -1.550599
v 7.407255 5.698539 -1.550599
v 7.407255 5.698539 -1.550599
v 7.407255 5.698539 -1.550599
v 7.407255 5.565900 -1.547776
v 7.407255 5.565900 -1.547776
v 7.414781 5.565900 -1.547776
v 7.414781 5.565900 -1.547776
v 7.414781 5.698539 -1.550599
v 7.414781 5.698539 -1.550599
v 7.414781 5.698539 -1.550599
v 7.414781 5.698539 -1.550599
v 7.414781 5.698539 -1.459351
v 7.414781 5.698539 -1.459351
v 7.414781 5.698539 -1.459351
v 7.414781 5.698539 -1.459351
v 7.414781 5.565900 -1.457469
v 7.414781 5.565900 -1.457469
v 7.661244 5.698539 -1.459351
v 7.661244 5.698539 -1.459351
v 7.661244 5.698539 -1.459351
v 7.661244 5.698539 -1.459351
v 7.661244 5.565900 -1.457469
v 7.661244 5.565900 -1.457469
v 7.661244 5.852813 -1.534606
v 7.661244 5.866923 -1.603278
v 7.661244 5.866923 -1.603278
v 7.363042 5.866923 -1.603278
v 7.363042 5.866923 -1.603278
v 7.363042 5.861279 -1.575997
v 7.363042 5.861279 -1.575997
v 7.407255 5.852813 -1.534606
v 7.407255 5.852813 -1.534606
v 7.414781 5.852813 -1.534606
v 7.414781 5.852813 -1.534606
v 7.414781 5.834940 -1.445240
v 7.414781 5.834940 -1.445240
v 7.661244 5.834940 -1.445240
v 7.661244 5.834940 -1.445240
v 7.661244 6.001443 -1.489453
v 7.661244 6.028724 -1.554361
v 7.661244 6.028724 -1.554361
v 7.363042 6.028724 -1.554361
v 7.363042 6.028724 -1.554361
v 7.363042 6.018376 -1.528962
v 7.363042 6.018376 -1.528962
v 7.407255 6.001443 -1.489453
v 7.407255 6.001443 -1.489453
v 7.414781 6.001443 -1.489453
v 7.414781 6.001443 -1.489453
v 7.414781 5.966638 -1.405731
v 7.414781 5.966638 -1.405731
v 7.661244 5.966638 -1.405731
v 7.661244 5.966638 -1.405731
v 7.661244 6.138786 -1.417019
v 7.661244 6.177354 -1.474402
v 7.661244 6.177354 -1.474402
v 7.363042 6.177354 -1.474402
v 7.363042 6.177354 -1.474402
v 7.363042 6.162303 -1.451825
v 7.363042 6.162303 -1.451825
v 7.407255 6.138786 -1.417019
v 7.407255 6.138786 -1.417019
v 7.414781 6.138786 -1.417019
v 7.414781 6.138786 -1.417019
v 7.414781 6.087988 -1.340822
v 7.414781 6.087988 -1.340822
v 7.661244 6.087988 -1.340822
v 7.661244 6.087988 -1.340822
v 7.661244 6.259195 -1.318246
v 7.661244 6.308112 -1.367162
v 7.661244 6.308112 -1.367162
v 7.363042 6.308112 -1.367162
v 7.363042 6.308112 -1.367162
v 7.363042 6.288357 -1.348348
v 7.363042 6.288357 -1.348348
v 7.407255 6.259195 -1.318246
v 7.407255 6.259195 -1.318246
v 7.414781 6.259195 -1.318246
v 7.414781 6.259195 -1.318246
v 7.414781 6.194287 -1.253338
v 7.414781 6.194287 -1.253338
v 7.661244 6.194287 -1.253338
v 7.661244 6.194287 -1.253338
v 7.661244 6.357028 -1.197836
v 7.661244 6.415351 -1.236405
v 7.661244 6.415351 -1.236405
v 7.363042 6.415351 -1.236405
v 7.363042 6.415351 -1.236405
v 7.363042 6.392774 -1.221354
v 7.363042 6.392774 -1.221354
v 7.407255 6.357028 -1.197836
v 7.407255 6.357028 -1.197836
v 7.414781 6.357028 -1.197836
v 7.414781 6.357028 -1.197836
v 7.414781 6.281772 -1.147039
v 7.414781 6.281772 -1.147039
v 7.661244 6.281772 -1.147039
v 7.661244 6.281772 -1.147039
v 7.661244 6.430402 -1.060494
v 7.661244 6.495310 -1.087775
v 7.661244 6.495310 -1.087775
v 7.363042 6.495310 -1.087775
v 7.363042 6.495310 -1.087775
v 7.363042 6.469912 -1.077427
v 7.363042 6.469912 -1.077427
v 7.407255 6.430402 -1.060494
v 7.407255 6.430402 -1.060494
v 7.414781 6.430402 -1.060494
v 7.414781 6.430402 -1.060494
v 7.414781 6.346680 -1.025688
v 7.414781 6.346680 -1.025688
v 7.661244 6.346680 -1.025688
v 7.661244 6.346680 -1.025688
v 7.661244 6.475556 -0.911864
v 7.661244 6.544227 -0.925974
v 7.661244 6.544227 -0.925974
v 7.363042 6.544227 -0.925974
v 7.363042 6.544227 -0.925974
v 7.363042 6.516947 -0.920330
v 7.363042 6.516947 -0.920330
v 7.407255 6.475556 -0.911864
v 7.407255 6.475556 -0.911864
v 7.414781 6.475556 -0.911864
v 7.414781 6.475556 -0.911864
v 7.414781 6.386189 -0.893991
v 7.414781 6.386189 -0.893991
v 7.661244 6.386189 -0.893991
v 7.661244 6.386189 -0.893991
v 7.661244 6.490607 -0.757589
v 7.661244 6.561160 -0.757589
v 7.661244 6.561160 -0.757589
v 7.363042 6.561160 -0.757589
v 7.363042 6.561160 -0.757589
v 7.363042 6.532938 -0.757589
v 7.363042 6.532938 -0.757589
v 7.407255 6.490607 -0.757589
v 7.407255 6.490607 -0.757589
v 7.414781 6.490607 -0.757589
v 7.414781 6.490607 -0.757589
v 7.414781 6.399359 -0.757589
v 7.414781 6.399359 -0.757589
v 7.661244 6.399359 -0.757589
v 7.661244 6.399359 -0.757589
v 7.661244 6.475556 -0.603315
v 7.661244 6.544227 -0.589204
v 7.661244 6.544227 -0.589204
v 7.363042 6.544227 -0.589204
v 7.363042 6.544227 -0.589204
v 7.363042 6.516947 -0.594848
v 7.363042 6.516947 -0.594848
v 7.407255 6.475556 -0.603315
v 7.407255 6.475556 -0.603315
v 7.414781 6.475556 -0.603315
v 7.414781 6.475556 -0.603315
v 7.414781 6.386189 -0.621188
v 7.414781 6.386189 -0.621188
v 7.661244 6.386189 -0.621188
v 7.661244 6.386189 -0.621188
v 7.661244 6.430402 -0.454684
v 7.661244 6.415351 -0.278773
v 7.661244 6.415351 -0.278773
v 7.661244 6.495310 -0.427404
v 7.661244 6.495310 -0.427404
v 7.363042 6.495310 -0.427404
v 7.363042 6.495310 -0.427404
v 7.363042 6.469912 -0.437752
v 7.363042 6.469912 -0.437752
v 7.407255 6.430402 -0.454684
v 7.407255 6.430402 -0.454684
v 7.414781 6.430402 -0.454684
v 7.414781 6.430402 -0.454684
v 7.414781 6.346680 -0.489490
v 7.414781 6.346680 -0.489490
v 7.661244 6.346680 -0.489490
v 7.661244 6.346680 -0.489490
v 7.661244 6.357028 -0.317342
v 7.661244 6.308112 -0.148016
v 7.661244 6.308112 -0.148016
v 7.363042 6.177354 -0.040777
v 7.363042 6.177354 -0.040777
v 7.363042 6.308112 -0.148016
v 7.363042 6.308112 -0.148016
v 7.363042 6.415351 -0.278773
v 7.363042 6.415351 -0.278773
v 7.363042 6.392774 -0.293825
v 7.363042 6.392774 -0.293825
v 7.407255 6.357028 -0.317342
v 7.407255 6.357028 -0.317342
v 7.414781 6.357028 -0.317342
v 7.414781 6.357028 -0.317342
v 7.414781 6.281772 -0.368140
v 7.414781 6.281772 -0.368140
v 7.661244 6.281772 -0.368140
v 7.661244 6.281772 -0.368140
v 7.661244 6.259195 -0.196933
v 7.661244 6.177354 -0.040777
v 7.661244 6.177354 -0.040777
v 7.363042 6.045657 0.029776
v 7.363042 6.045657 0.029776
v 7.363042 6.045657 0.029776
v 7.363042 6.045657 0.029776
v 7.661244 6.177354 0.100328
v 7.661244 6.177354 0.100328
v 7.661244 6.138786 0.158652
v 7.661244 6.087988 0.234848
v 7.661244 6.087988 0.234848
v 7.414781 6.087988 0.234848
v 7.414781 6.087988 0.234848
v 7.414781 6.138786 0.158652
v 7.414781 6.138786 0.158652
v 7.414781 6.001443 0.085277
v 7.414781 6.001443 0.085277
v 7.407255 6.001443 0.085277
v 7.407255 6.001443 0.085277
v 7.363042 6.018376 0.046708
v 7.363042 6.018376 0.046708
v 7.363042 5.963816 0.029776
v 7.363042 5.963816 0.029776
v 7.363042 5.963816 0.029776
v 7.363042 5.963816 0.029776
v 7.363042 6.018376 0.013784
v 7.363042 6.018376 0.013784
v 7.363042 6.162303 -0.063353
v 7.363042 6.162303 -0.063353
v 7.363042 6.288357 -0.166830
v 7.363042 6.288357 -0.166830
v 7.407255 6.259195 -0.196933
v 7.407255 6.259195 -0.196933
v 7.414781 6.259195 -0.196933
v 7.414781 6.259195 -0.196933
v 7.414781 6.194287 -0.261841
v 7.414781 6.194287 -0.261841
v 7.661244 6.194287 -0.261841
v 7.661244 6.194287 -0.261841
v 7.661244 6.138786 -0.099100
v 7.661244 6.045657 0.029776
v 7.661244 6.045657 0.029776
v 7.661244 6.045657 0.029776
v 7.661244 6.045657 0.029776
v 7.661244 6.024961 0.029776
v 7.661244 6.024961 0.029776
v 7.661244 6.001443 0.085277
v 7.661244 5.966638 0.169940
v 7.661244 5.966638 0.169940
v 7.414781 5.966638 0.169940
v 7.414781 5.966638 0.169940
v 7.414781 5.834940 0.130431
v 7.414781 5.834940 0.130431
v 7.414781 5.698539 0.116320
v 7.414781 5.698539 0.116320
v 7.414781 5.698539 0.116320
v 7.414781 5.698539 0.116320
v 7.414781 5.852813 0.040123
v 7.414781 5.852813 0.040123
v 7.407255 5.852813 0.040123
v 7.407255 5.852813 0.040123
v 7.395967 5.854694 0.029776
v 7.395967 5.854694 0.029776
v 7.407255 5.747455 0.029776
v 7.407255 5.747455 0.029776
v 7.407255 5.747455 0.029776
v 7.407255 5.747455 0.029776
v 7.407255 5.852813 0.019428
v 7.407255 5.852813 0.019428
v 7.407255 6.001443 -0.025725
v 7.407255 6.001443 -0.025725
v 7.407255 6.138786 -0.099100
v 7.407255 6.138786 -0.099100
v 7.414781 6.138786 -0.099100
v 7.414781 6.138786 -0.099100
v 7.414781 6.087988 -0.174356
v 7.414781 6.087988 -0.174356
v 7.661244 6.087988 -0.174356
v 7.661244 6.087988 -0.174356
v 7.661244 6.001443 -0.025725
v 7.661244 5.854694 0.029776
v 7.661244 5.854694 0.029776
v 7.661244 5.852813 0.040123
v 7.661244 5.834940 0.130431
v 7.661244 5.834940 0.130431
v 7.661244 5.698539 0.116320
v 7.661244 5.698539 0.116320
v 7.661244 5.698539 0.116320
v 7.661244 5.698539 0.116320
v 7.661244 5.565900 0.111617
v 7.661244 5.565900 0.111617
v 7.414781 5.565900 0.111617
v 7.414781 5.565900 0.111617
v 7.414781 5.565900 -0.052065
v 7.414781 5.565900 -0.052065
v 7.414781 5.565900 0.029776
v 7.414781 5.565900 0.029776
v 7.414781 5.698539 0.029776
v 7.414781 5.698539 0.029776
v 7.414781 5.698539 0.029776
v 7.414781 5.698539 0.029776
v 7.414781 5.747455 0.029776
v 7.414781 5.747455 0.029776
v 7.414781 5.747455 0.029776
v 7.414781 5.747455 0.029776
v 7.414781 5.852813 0.019428
v 7.414781 5.852813 0.019428
v 7.414781 6.001443 -0.025725
v 7.414781 6.001443 -0.025725
v 7.414781 5.966638 -0.109448
v 7.414781 5.966638 -0.109448
v 7.661244 5.966638 -0.109448
v 7.661244 5.966638 -0.109448
v 7.661244 5.852813 0.019428
v 7.661244 5.747455 0.029776
v 7.661244 5.747455 0.029776
v 7.661244 5.698539 0.029776
v 7.661244 5.698539 0.029776
v 7.661244 5.698539 0.029776
v 7.661244 5.698539 0.029776
v 7.661244 5.565900 0.029776
v 7.661244 5.565900 0.029776
v 7.661244 5.565900 -0.052065
v 7.661244 5.565900 -0.052065
v 7.661244 5.698539 -0.056769
v 7.661244 5.698539 -0.056769
v 7.661244 5.698539 -0.056769
v 7.661244 5.698539 -0.056769
v 7.414781 5.698539 -0.056769
v 7.414781 5.698539 -0.056769
v 7.414781 5.698539 -0.056769
v 7.414781 5.698539 -0.056769
v 7.414781 5.834940 -0.069938
v 7.414781 5.834940 -0.069938
v 7.661244 5.834940 -0.069938
v 7.661244 5.834940 -0.069938
v -7.503762 5.565900 1.607328
v -7.503762 5.565900 1.607328
v -7.503762 5.565900 1.517962
v -7.503762 5.565900 1.517962
v -7.503762 5.698539 1.518903
v -7.503762 5.698539 1.518903
v -7.503762 5.698539 1.518903
v -7.503762 5.698539 1.518903
v -7.750225 5.698539 1.518903
v -7.750225 5.698539 1.518903
v -7.750225 5.698539 1.518903
v -7.750225 5.698539 1.518903
v -7.750225 5.565900 1.517962
v -7.750225 5.565900 1.517962
v -7.750225 5.565900 1.607328
v -7.750225 5.698539 1.610150
v -7.750225 5.698539 1.610150
v -7.750225 5.565900 1.676940
v -7.750225 5.565900 1.676940
v -7.750225 5.698539 1.680703
v -7.750225 5.698539 1.680703
v -7.750225 5.698539 1.680703
v -7.750225 5.698539 1.680703
v -7.452023 5.698539 1.680703
v -7.452023 5.698539 1.680703
v -7.452023 5.698539 1.680703
v -7.452023 5.698539 1.680703
v -7.452023 5.565900 1.676940
v -7.452023 5.565900 1.676940
v -7.452023 5.698539 1.652482
v -7.452023 5.698539 1.652482
v -7.452023 5.698539 1.652482
v -7.452023 5.698539 1.652482
v -7.452023 5.565900 1.649660
v -7.452023 5.565900 1.649660
v -7.496236 5.698539 1.610150
v -7.496236 5.698539 1.610150
v -7.496236 5.698539 1.610150
v -7.496236 5.698539 1.610150
v -7.496236 5.565900 1.607328
v -7.496236 5.565900 1.607328
v -7.503762 5.698539 1.610150
v -7.503762 5.698539 1.610150
v -7.503762 5.698539 1.610150
v -7.503762 5.698539 1.610150
v -7.503762 5.834940 1.505733
v -7.503762 5.834940 1.505733
v -7.750225 5.834940 1.505733
v -7.750225 5.834940 1.505733
v -7.750225 5.852813 1.595099
v -7.750225 5.866923 1.663770
v -7.750225 5.866923 1.663770
v -7.452023 5.866923 1.663770
v -7.452023 5.866923 1.663770
v -7.452023 5.861279 1.636490
v -7.452023 5.861279 1.636490
v -7.496236 5.852813 1.595099
v -7.496236 5.852813 1.595099
v -7.503762 5.852813 1.595099
v -7.503762 5.852813 1.595099
v -7.503762 5.966638 1.465283
v -7.503762 5.966638 1.465283
v -7.750225 5.966638 1.465283
v -7.750225 5.966638 1.465283
v -7.750225 6.001443 1.549945
v -7.750225 6.028724 1.614854
v -7.750225 6.028724 1.614854
v -7.452023 6.028724 1.614854
v -7.452023 6.028724 1.614854
v -7.452023 6.018376 1.589455
v -7.452023 6.018376 1.589455
v -7.496236 6.001443 1.549945
v -7.496236 6.001443 1.549945
v -7.503762 6.001443 1.549945
v -7.503762 6.001443 1.549945
v -7.503762 6.087988 1.401315
v -7.503762 6.087988 1.401315
v -7.750225 6.087988 1.401315
v -7.750225 6.087988 1.401315
v -7.750225 6.138786 1.476571
v -7.750225 6.177354 1.534894
v -7.750225 6.177354 1.534894
v -7.452023 6.177354 1.534894
v -7.452023 6.177354 1.534894
v -7.452023 6.162303 1.512317
v -7.452023 6.162303 1.512317
v -7.496236 6.138786 1.476571
v -7.496236 6.138786 1.476571
v -7.503762 6.138786 1.476571
v -7.503762 6.138786 1.476571
v -7.503762 6.194287 1.313830
v -7.503762 6.194287 1.313830
v -7.750225 6.194287 1.313830
v -7.750225 6.194287 1.313830
v -7.750225 6.259195 1.377797
v -7.750225 6.308112 1.427655
v -7.750225 6.308112 1.427655
v -7.452023 6.308112 1.427655
v -7.452023 6.308112 1.427655
v -7.452023 6.288357 1.407900
v -7.452023 6.288357 1.407900
v -7.496236 6.259195 1.377797
v -7.496236 6.259195 1.377797
v -7.503762 6.259195 1.377797
v -7.503762 6.259195 1.377797
v -7.503762 6.281772 1.207531
v -7.503762 6.281772 1.207531
v -7.750225 6.281772 1.207531
v -7.750225 6.281772 1.207531
v -7.750225 6.357028 1.258329
v -7.750225 6.415351 1.296897
v -7.750225 6.415351 1.296897
v -7.452023 6.415351 1.296897
v -7.452023 6.415351 1.296897
v -7.452023 6.392774 1.281846
v -7.452023 6.392774 1.281846
v -7.496236 6.357028 1.258329
v -7.496236 6.357028 1.258329
v -7.503762 6.357028 1.258329
v -7.503762 6.357028 1.258329
v -7.503762 6.346680 1.086181
v -7.503762 6.346680 1.086181
v -7.750225 6.346680 1.086181
v -7.750225 6.346680 1.086181
v -7.750225 6.430402 1.120987
v -7.750225 6.495310 1.148267
v -7.750225 6.495310 1.148267
v -7.452023 6.495310 1.148267
v -7.452023 6.495310 1.148267
v -7.452023 6.469912 1.136979
v -7.452023 6.469912 1.136979
v -7.496236 6.430402 1.120987
v -7.496236 6.430402 1.120987
v -7.503762 6.430402 1.120987
v -7.503762 6.430402 1.120987
v -7.503762 6.386189 0.954483
v -7.503762 6.386189 0.954483
v -7.750225 6.386189 0.954483
v -7.750225 6.386189 0.954483
v -7.750225 6.475556 0.972356
v -7.750225 6.544227 0.986467
v -7.750225 6.544227 0.986467
v -7.452023 6.544227 0.986467
v -7.452023 6.544227 0.986467
v -7.452023 6.516947 0.980823
v -7.452023 6.516947 0.980823
v -7.496236 6.475556 0.972356
v -7.496236 6.475556 0.972356
v -7.503762 6.475556 0.972356
v -7.503762 6.475556 0.972356
v -7.503762 6.399359 0.818082
v -7.503762 6.399359 0.818082
v -7.750225 6.399359 0.818082
v -7.750225 6.399359 0.818082
v -7.750225 6.490607 0.818082
v -7.750225 6.561160 0.818082
v -7.750225 6.561160 0.818082
v -7.452023 6.561160 0.818082
v -7.452023 6.561160 0.818082
v -7.452023 6.532938 0.818082
v -7.452023 6.532938 0.818082
v -7.496236 6.490607 0.818082
v -7.496236 6.490607 0.818082
v -7.503762 6.490607 0.818082
v -7.503762 6.490607 0.818082
v -7.503762 6.386189 0.680740
v -7.503762 6.386189 0.680740
v -7.750225 6.386189 0.680740
v -7.750225 6.386189 0.680740
v -7.750225 6.475556 0.662866
v -7.750225 6.544227 0.649696
v -7.750225 6.544227 0.649696
v -7.452023 6.544227 0.649696
v -7.452023 6.544227 0.649696
v -7.452023 6.516947 0.655341
v -7.452023 6.516947 0.655341
v -7.496236 6.475556 0.662866
v -7.496236 6.475556 0.662866
v -7.503762 6.475556 0.662866
v -7.503762 6.475556 0.662866
v -7.503762 6.346680 0.549042
v -7.503762 6.346680 0.549042
v -7.750225 6.346680 0.549042
v -7.750225 6.346680 0.549042
v -7.750225 6.430402 0.514236
v -7.750225 6.495310 0.487896
v -7.750225 6.495310 0.487896
v -7.452023 6.495310 0.487896
v -7.452023 6.495310 0.487896
v -7.452023 6.469912 0.498244
v -7.452023 6.469912 0.498244
v -7.496236 6.430402 0.514236
v -7.496236 6.430402 0.514236
v -7.503762 6.430402 0.514236
v -7.503762 6.430402 0.514236
v -7.503762 6.281772 0.428632
v -7.503762 6.281772 0.428632
v -7.750225 6.281772 0.428632
v -7.750225 6.281772 0.428632
v -7.750225 6.357028 0.377835
v -7.750225 6.415351 0.338325
v -7.750225 6.415351 0.338325
v -7.452023 6.415351 0.338325
v -7.452023 6.415351 0.338325
v -7.452023 6.392774 0.354317
v -7.452023 6.392774 0.354317
v -7.496236 6.357028 0.377835
v -7.496236 6.357028 0.377835
v -7.503762 6.357028 0.377835
v -7.503762 6.357028 0.377835
v -7.503762 6.194287 0.322333
v -7.503762 6.194287 0.322333
v -7.750225 6.194287 0.322333
v -7.750225 6.194287 0.322333
v -7.750225 6.259195 0.257425
v -7.750225 6.308112 0.207568
v -7.750225 6.308112 0.207568
v -7.452023 6.177354 0.100328
v -7.452023 6.177354 0.100328
v -7.452023 6.308112 0.207568
v -7.452023 6.308112 0.207568
v -7.452023 6.288357 0.227323
v -7.452023 6.288357 0.227323
v -7.496236 6.259195 0.257425
v -7.496236 6.259195 0.257425
v -7.503762 6.259195 0.257425
v -7.503762 6.259195 0.257425
v -7.503762 6.087988 0.234848
v -7.503762 6.087988 0.234848
v -7.750225 6.087988 0.234848
v -7.750225 6.087988 0.234848
v -7.750225 6.138786 0.158652
v -7.750225 6.177354 0.100328
v -7.750225 6.177354 0.100328
v -7.452023 6.045657 0.029776
v -7.452023 6.045657 0.029776
v -7.452023 6.045657 0.029776
v -7.452023 6.045657 0.029776
v -7.503762 5.565900 -1.457469
v -7.503762 5.565900 -1.457469
v -7.503762 5.565900 -1.547776
v -7.503762 5.565900 -1.547776
v -7.503762 5.698539 -1.459351
v -7.503762 5.698539 -1.459351
v -7.503762 5.698539 -1.459351
v -7.503762 5.698539 -1.459351
v -7.503762 5.698539 -1.550599
v -7.503762 5.698539 -1.550599
v -7.503762 5.698539 -1.550599
v -7.503762 5.698539 -1.550599
v -7.496236 5.698539 -1.550599
v -7.496236 5.698539 -1.550599
v -7.496236 5.698539 -1.550599
v -7.496236 5.698539 -1.550599
v -7.496236 5.565900 -1.547776
v -7.496236 5.565900 -1.547776
v -7.452023 5.565900 -1.589167
v -7.452023 5.565900 -1.589167
v -7.452023 5.698539 -1.592930
v -7.452023 5.698539 -1.592930
v -7.452023 5.698539 -1.592930
v -7.452023 5.698539 -1.592930
v -7.452023 5.565900 -1.616447
v -7.452023 5.565900 -1.616447
v -7.452023 5.698539 -1.620210
v -7.452023 5.698539 -1.620210
v -7.452023 5.698539 -1.620210
v -7.452023 5.698539 -1.620210
v -7.750225 5.565900 -1.616447
v -7.750225 5.565900 -1.616447
v -7.750225 5.698539 -1.620210
v -7.750225 5.698539 -1.620210
v -7.750225 5.698539 -1.620210
v -7.750225 5.698539 -1.620210
v -7.750225 5.698539 -1.550599
v -7.750225 5.698539 -1.550599
v -7.750225 5.565900 -1.547776
v -7.750225 5.698539 -1.459351
v -7.750225 5.698539 -1.459351
v -7.750225 5.698539 -1.459351
v -7.750225 5.698539 -1.459351
v -7.750225 5.565900 -1.457469
v -7.750225 5.565900 -1.457469
v -7.750225 5.834940 -1.445240
v -7.750225 5.834940 -1.445240
v -7.503762 5.834940 -1.445240
v -7.503762 5.834940 -1.445240
v -7.503762 5.852813 -1.534606
v -7.503762 5.852813 -1.534606
v -7.496236 5.852813 -1.534606
v -7.496236 5.852813 -1.534606
v -7.452023 5.861279 -1.575997
v -7.452023 5.861279 -1.575997
v -7.452023 5.866923 -1.603278
v -7.452023 5.866923 -1.603278
v -7.750225 5.866923 -1.603278
v -7.750225 5.866923 -1.603278
v -7.750225 5.852813 -1.534606
v -7.750225 6.001443 -1.489453
v -7.750225 5.966638 -1.405731
v -7.750225 5.966638 -1.405731
v -7.503762 5.966638 -1.405731
v -7.503762 5.966638 -1.405731
v -7.503762 6.001443 -1.489453
v -7.503762 6.001443 -1.489453
v -7.496236 6.001443 -1.489453
v -7.496236 6.001443 -1.489453
v -7.452023 6.018376 -1.528962
v -7.452023 6.018376 -1.528962
v -7.452023 6.028724 -1.554361
v -7.452023 6.028724 -1.554361
v -7.750225 6.028724 -1.554361
v -7.750225 6.028724 -1.554361
v -7.750225 6.177354 -1.474402
v -7.750225 6.177354 -1.474402
v -7.750225 6.138786 -1.417019
v -7.750225 6.087988 -1.340822
v -7.750225 6.087988 -1.340822
v -7.503762 6.087988 -1.340822
v -7.503762 6.087988 -1.340822
v -7.503762 6.138786 -1.417019
v -7.503762 6.138786 -1.417019
v -7.496236 6.138786 -1.417019
v -7.496236 6.138786 -1.417019
v -7.452023 6.162303 -1.451825
v -7.452023 6.162303 -1.451825
v -7.452023 6.177354 -1.474402
v -7.452023 6.177354 -1.474402
v -7.452023 6.308112 -1.367162
v -7.452023 6.308112 -1.367162
v -7.750225 6.308112 -1.367162
v -7.750225 6.308112 -1.367162
v -7.750225 6.259195 -1.318246
v -7.750225 6.194287 -1.253338
v -7.750225 6.194287 -1.253338
v -7.503762 6.194287 -1.253338
v -7.503762 6.194287 -1.253338
v -7.503762 6.259195 -1.318246
v -7.503762 6.259195 -1.318246
v -7.496236 6.259195 -1.318246
v -7.496236 6.259195 -1.318246
v -7.452023 6.288357 -1.348348
v -7.452023 6.288357 -1.348348
v -7.452023 6.392774 -1.221354
v -7.452023 6.392774 -1.221354
v -7.452023 6.415351 -1.236405
v -7.452023 6.415351 -1.236405
v -7.750225 6.415351 -1.236405
v -7.750225 6.415351 -1.236405
v -7.750225 6.357028 -1.197836
v -7.750225 6.281772 -1.147039
v -7.750225 6.281772 -1.147039
v -7.503762 6.281772 -1.147039
v -7.503762 6.281772 -1.147039
v -7.503762 6.357028 -1.197836
v -7.503762 6.357028 -1.197836
v -7.496236 6.357028 -1.197836
v -7.496236 6.357028 -1.197836
v -7.496236 6.430402 -1.060494
v -7.496236 6.430402 -1.060494
v -7.452023 6.469912 -1.077427
v -7.452023 6.469912 -1.077427
v -7.452023 6.495310 -1.087775
v -7.452023 6.495310 -1.087775
v -7.750225 6.495310 -1.087775
v -7.750225 6.495310 -1.087775
v -7.750225 6.430402 -1.060494
v -7.750225 6.346680 -1.025688
v -7.750225 6.346680 -1.025688
v -7.503762 6.346680 -1.025688
v -7.503762 6.346680 -1.025688
v -7.503762 6.430402 -1.060494
v -7.503762 6.430402 -1.060494
v -7.503762 6.475556 -0.911864
v -7.503762 6.475556 -0.911864
v -7.496236 6.475556 -0.911864
v -7.496236 6.475556 -0.911864
v -7.452023 6.516947 -0.920330
v -7.452023 6.516947 -0.920330
v -7.452023 6.544227 -0.925974
v -7.452023 6.544227 -0.925974
v -7.750225 6.544227 -0.925974
v -7.750225 6.544227 -0.925974
v -7.750225 6.475556 -0.911864
v -7.750225 6.386189 -0.893991
v -7.750225 6.386189 -0.893991
v -7.503762 6.386189 -0.893991
v -7.503762 6.386189 -0.893991
v -7.503762 6.399359 -0.757589
v -7.503762 6.399359 -0.757589
v -7.503762 6.490607 -0.757589
v -7.503762 6.490607 -0.757589
v -7.496236 6.490607 -0.757589
v -7.496236 6.490607 -0.757589
v -7.452023 6.532938 -0.757589
v -7.452023 6.532938 -0.757589
v -7.452023 6.561160 -0.757589
v -7.452023 6.561160 -0.757589
v -7.750225 6.561160 -0.757589
v -7.750225 6.561160 -0.757589
v -7.750225 6.490607 -0.757589
v -7.750225 6.399359 -0.757589
v -7.750225 6.399359 -0.757589
v -7.750225 6.386189 -0.621188
v -7.750225 6.386189 -0.621188
v -7.503762 6.386189 -0.621188
v -7.503762 6.386189 -0.621188
v -7.503762 6.475556 -0.603315
v -7.503762 6.475556 -0.603315
v -7.496236 6.475556 -0.603315
v -7.496236 6.475556 -0.603315
v -7.452023 6.516947 -0.594848
v -7.452023 6.516947 -0.594848
v -7.452023 6.544227 -0.589204
v -7.452023 6.544227 -0.589204
v -7.750225 6.544227 -0.589204
v -7.750225 6.544227 -0.589204
v -7.750225 6.475556 -0.603315
v -7.750225 6.430402 -0.454684
v -7.750225 6.357028 -0.317342
v -7.750225 6.346680 -0.489490
v -7.750225 6.346680 -0.489490
v -7.503762 6.346680 -0.489490
v -7.503762 6.346680 -0.489490
v -7.503762 6.430402 -0.454684
v -7.503762 6.430402 -0.454684
v -7.496236 6.430402 -0.454684
v -7.496236 6.430402 -0.454684
v -7.452023 6.469912 -0.437752
v -7.452023 6.469912 -0.437752
v -7.452023 6.495310 -0.427404
v -7.452023 6.495310 -0.427404
v -7.750225 6.495310 -0.427404
v -7.750225 6.495310 -0.427404
v -7.750225 6.415351 -0.278773
v -7.750225 6.415351 -0.278773
v -7.750225 6.308112 -0.148016
v -7.750225 6.308112 -0.148016
v -7.750225 6.177354 -0.040777
v -7.750225 6.177354 -0.040777
v -7.750225 6.259195 -0.196933
v -7.750225 6.281772 -0.368140
v -7.750225 6.281772 -0.368140
v -7.503762 6.281772 -0.368140
v -7.503762 6.281772 -0.368140
v -7.503762 6.357028 -0.317342
v -7.503762 6.357028 -0.317342
v -7.496236 6.357028 -0.317342
v -7.496236 6.357028 -0.317342
v -7.452023 6.392774 -0.293825
v -7.452023 6.392774 -0.293825
v -7.452023 6.415351 -0.278773
v -7.452023 6.415351 -0.278773
v -7.452023 6.308112 -0.148016
v -7.452023 6.308112 -0.148016
v -7.452023 6.177354 -0.040777
v -7.452023 6.177354 -0.040777
v -7.452023 6.024961 0.029776
v -7.452023 6.024961 0.029776
v -7.452023 6.162303 0.123846
v -7.452023 6.162303 0.123846
v -7.496236 6.138786 0.158652
v -7.496236 6.138786 0.158652
v -7.503762 6.138786 0.158652
v -7.503762 6.138786 0.158652
v -7.503762 5.966638 0.169940
v -7.503762 5.966638 0.169940
v -7.750225 5.966638 0.169940
v -7.750225 5.966638 0.169940
v -7.750225 6.001443 0.085277
v -7.750225 6.024961 0.029776
v -7.750225 6.024961 0.029776
v -7.750225 6.045657 0.029776
v -7.750225 6.045657 0.029776
v -7.750225 6.045657 0.029776
v -7.750225 6.045657 0.029776
v -7.750225 6.138786 -0.099100
v -7.750225 6.194287 -0.261841
v -7.750225 6.194287 -0.261841
v -7.503762 6.194287 -0.261841
v -7.503762 6.194287 -0.261841
v -7.503762 6.259195 -0.196933
v -7.503762 6.259195 -0.196933
v -7.496236 6.259195 -0.196933
v -7.496236 6.259195 -0.196933
v -7.452023 6.288357 -0.166830
v -7.452023 6.288357 -0.166830
v -7.452023 6.162303 -0.063353
v -7.452023 6.162303 -0.063353
v -7.452023 6.018376 0.013784
v -7.452023 6.018376 0.013784
v -7.452023 5.963816 0.029776
v -7.452023 5.963816 0.029776
v -7.452023 5.963816 0.029776
v -7.452023 5.963816 0.029776
v -7.452023 6.018376 0.046708
v -7.452023 6.018376 0.046708
v -7.496236 6.001443 0.085277
v -7.496236 6.001443 0.085277
v -7.503762 6.001443 0.085277
v -7.503762 6.001443 0.085277
v -7.503762 5.834940 0.130431
v -7.503762 5.834940 0.130431
v -7.750225 5.834940 0.130431
v -7.750225 5.834940 0.130431
v -7.750225 5.852813 0.040123
v -7.750225 5.854694 0.029776
v -7.750225 5.854694 0.029776
v -7.750225 6.001443 -0.025725
v -7.750225 6.087988 -0.174356
v -7.750225 6.087988 -0.174356
v -7.503762 6.087988 -0.174356
v -7.503762 6.087988 -0.174356
v -7.503762 6.138786 -0.099100
v -7.503762 6.138786 -0.099100
v -7.496236 6.138786 -0.099100
v -7.496236 6.138786 -0.099100
v -7.496236 6.001443 -0.025725
v -7.496236 6.001443 -0.025725
v -7.496236 5.852813 0.019428
v -7.496236 5.852813 0.019428
v -7.484948 5.854694 0.029776
v -7.484948 5.854694 0.029776
v -7.496236 5.747455 0.029776
v -7.496236 5.747455 0.029776
v -7.496236 5.747455 0.029776
v -7.496236 5.747455 0.029776
v -7.496236 5.852813 0.040123
v -7.496236 5.852813 0.040123
v -7.503762 5.852813 0.040123
v -7.503762 5.852813 0.040123
v -7.503762 5.698539 0.116320
v -7.503762 5.698539 0.116320
v -7.503762 5.698539 0.116320
v -7.503762 5.698539 0.116320
v -7.750225 5.698539 0.116320
v -7.750225 5.698539 0.116320
v -7.750225 5.698539 0.116320
v -7.750225 5.698539 0.116320
v -7.750225 5.698539 0.029776
v -7.750225 5.698539 0.029776
v -7.750225 5.698539 0.029776
v -7.750225 5.698539 0.029776
v -7.750225 5.747455 0.029776
v -7.750225 5.747455 0.029776
v -7.750225 5.852813 0.019428
v -7.750225 5.966638 -0.109448
v -7.750225 5.966638 -0.109448
v -7.503762 5.966638 -0.109448
v -7.503762 5.966638 -0.109448
v -7.503762 6.001443 -0.025725
v -7.503762 6.001443 -0.025725
v -7.503762 5.852813 0.019428
v -7.503762 5.852813 0.019428
v -7.503762 5.747455 0.029776
v -7.503762 5.747455 0.029776
v -7.503762 5.747455 0.029776
v -7.503762 5.747455 0.029776
v -7.503762 5.698539 0.029776
v -7.503762 5.698539 0.029776
v -7.503762 5.698539 0.029776
v -7.503762 5.698539 0.029776
v -7.503762 5.565900 -0.052065
v -7.503762 5.565900 -0.052065
v -7.503762 5.565900 0.029776
v -7.503762 5.565900 0.029776
v -7.503762 5.565900 0.111617
v -7.503762 5.565900 0.111617
v -7.750225 5.565900 0.111617
v -7.750225 5.565900 0.111617
v -7.750225 5.565900 0.029776
v -7.750225 5.565900 0.029776
v -7.750225 5.565900 -0.052065
v -7.750225 5.565900 -0.052065
v -7.750225 5.698539 -0.056769
v -7.750225 5.698539 -0.056769
v -7.750225 5.698539 -0.056769
v -7.750225 5.698539 -0.056769
v -7.750225 5.834940 -0.069938
v -7.750225 5.834940 -0.069938
v -7.503762 5.834940 -0.069938
v -7.503762 5.834940 -0.069938
v -7.503762 5.698539 -0.056769
v -7.503762 5.698539 -0.056769
v -7.503762 5.698539 -0.056769
v -7.503762 5.698539 -0.056769
v 4.694077 9.967416 -1.677963
v 4.732518 9.969890 -1.664691
v 4.679708 10.022981 -1.677963
v 4.714549 10.039431 -1.664691
v 4.672285 10.097498 -1.664691
v 4.645936 10.069378 -1.677963
v 4.611630 10.135965 -1.664691
v 4.597458 10.100113 -1.677963
v 4.541078 10.149407 -1.664691
v 4.541078 10.149407 -1.664691
v 4.541078 10.110854 -1.677963
v 4.541078 10.110854 -1.677963
v 4.484669 10.100113 -1.677963
v 4.470497 10.135965 -1.664691
v 4.436190 10.069378 -1.677963
v 4.409842 10.097498 -1.664691
v 4.402418 10.022981 -1.677963
v 4.367578 10.039431 -1.664691
v 4.388049 9.967416 -1.677963
v 4.349609 9.969890 -1.664691
v 4.324245 9.879766 -1.636318
v 4.324245 9.879766 -1.636318
v 4.311198 9.972364 -1.636318
v 4.311198 9.972364 -1.636318
v 4.332737 10.055853 -1.636318
v 4.332737 10.055853 -1.636318
v 4.383494 10.125589 -1.636318
v 4.383494 10.125589 -1.636318
v 4.456352 10.171762 -1.636318
v 4.456352 10.171762 -1.636318
v 4.541078 10.187903 -1.636318
v 4.541078 10.187903 -1.636318
v 4.541078 10.187903 -1.636318
v 4.541078 10.187903 -1.636318
v 4.625774 10.171762 -1.636318
v 4.625774 10.171762 -1.636318
v 4.698633 10.125589 -1.636318
v 4.698633 10.125589 -1.636318
v 4.749389 10.055853 -1.636318
v 4.749389 10.055853 -1.636318
v 4.770929 9.972364 -1.636318
v 4.770929 9.972364 -1.636318
v 4.757881 9.879766 -1.636318
v 4.757881 9.879766 -1.636318
v 4.721635 9.892757 -1.664691
v 4.685389 9.905776 -1.677963
v 4.674422 9.909714 -1.694076
v 4.682465 9.966656 -1.694076
v 4.669191 10.018031 -1.694076
v 4.637979 10.060914 -1.694076
v 4.593184 10.089315 -1.694076
v 4.541078 10.099241 -1.694076
v 4.541078 10.099241 -1.694076
v 4.488944 10.089315 -1.694076
v 4.444149 10.060914 -1.694076
v 4.412935 10.018031 -1.694076
v 4.399691 9.966656 -1.694076
v 4.407705 9.909714 -1.694076
v 4.437709 9.860644 -1.694076
v 4.396738 9.905776 -1.677963
v 4.360492 9.892757 -1.664691
v 4.373033 9.799990 -1.636318
v 4.373033 9.799990 -1.636318
v 4.449519 9.746196 -1.800256
v 4.373033 9.799990 -1.800256
v 4.324245 9.879766 -1.800256
v 4.311198 9.972364 -1.800256
v 4.332737 10.055853 -1.800256
v 4.383494 10.125589 -1.800256
v 4.456352 10.171762 -1.800256
v 4.541078 10.187903 -1.800256
v 4.541078 10.187903 -1.800256
v 4.625774 10.171762 -1.800256
v 4.698633 10.125589 -1.800256
v 4.749389 10.055853 -1.800256
v 4.770929 9.972364 -1.800256
v 4.757881 9.879766 -1.800256
v 4.709094 9.799990 -1.800256
v 4.709094 9.799990 -1.636318
v 4.709094 9.799990 -1.636318
v 4.681002 9.826338 -1.664691
v 4.652910 9.852658 -1.677963
v 4.644418 9.860644 -1.694076
v 4.597373 9.827548 -1.800256
v 4.644418 9.860644 -1.800256
v 4.674422 9.909714 -1.800256
v 4.682465 9.966656 -1.800256
v 4.669191 10.018031 -1.800256
v 4.637979 10.060914 -1.800256
v 4.593184 10.089315 -1.800256
v 4.541078 10.099241 -1.800256
v 4.541078 10.099241 -1.800256
v 4.488944 10.089315 -1.800256
v 4.444149 10.060914 -1.800256
v 4.412935 10.018031 -1.800256
v 4.399691 9.966656 -1.800256
v 4.407705 9.909714 -1.800256
v 4.437709 9.860644 -1.800256
v 4.484754 9.827548 -1.800256
v 4.541078 9.815878 -1.800256
v 4.541078 9.815878 -1.800256
v 4.484754 9.827548 -1.694076
v 4.429217 9.852658 -1.677963
v 4.401125 9.826338 -1.664691
v 4.449519 9.746196 -1.636318
v 4.449519 9.746196 -1.636318
v 4.541078 9.727216 -1.800256
v 4.541078 9.727216 -1.800256
v 4.541078 9.727216 -1.636318
v 4.541078 9.727216 -1.636318
v 4.541078 9.727216 -1.636318
v 4.541078 9.727216 -1.636318
v 4.632636 9.746196 -1.800256
v 4.632636 9.746196 -1.636318
v 4.632636 9.746196 -1.636318
v 4.617311 9.781515 -1.664691
v 4.602013 9.816862 -1.677963
v 4.597373 9.827548 -1.694076
v 4.541078 9.815878 -1.694076
v 4.541078 9.815878 -1.694076
v 4.480114 9.816862 -1.677963
v 4.464816 9.781515 -1.664691
v 4.541078 9.765712 -1.664691
v 4.541078 9.765712 -1.664691
v 4.541078 9.804208 -1.677963
v 4.541078 9.804208 -1.677963
v 1.733067 9.967416 -1.677963
v 1.771507 9.969890 -1.664691
v 1.718698 10.022981 -1.677963
v 1.753538 10.039431 -1.664691
v 1.711274 10.097498 -1.664691
v 1.684926 10.069378 -1.677963
v 1.650620 10.135965 -1.664691
v 1.636447 10.100113 -1.677963
v 1.580067 10.149407 -1.664691
v 1.580067 10.149407 -1.664691
v 1.580067 10.110854 -1.677963
v 1.580067 10.110854 -1.677963
v 1.523659 10.100113 -1.677963
v 1.509486 10.135965 -1.664691
v 1.475180 10.069378 -1.677963
v 1.448832 10.097498 -1.664691
v 1.441408 10.022981 -1.677963
v 1.406568 10.039431 -1.664691
v 1.427039 9.967416 -1.677963
v 1.388599 9.969890 -1.664691
v 1.363235 9.879766 -1.636318
v 1.363235 9.879766 -1.636318
v 1.350187 9.972364 -1.636318
v 1.350187 9.972364 -1.636318
v 1.371727 10.055853 -1.636318
v 1.371727 10.055853 -1.636318
v 1.422483 10.125589 -1.636318
v 1.422483 10.125589 -1.636318
v 1.495342 10.171762 -1.636318
v 1.495342 10.171762 -1.636318
v 1.580067 10.187903 -1.636318
v 1.580067 10.187903 -1.636318
v 1.580067 10.187903 -1.636318
v 1.580067 10.187903 -1.636318
v 1.664764 10.171762 -1.636318
v 1.664764 10.171762 -1.636318
v 1.737623 10.125589 -1.636318
v 1.737623 10.125589 -1.636318
v 1.788379 10.055853 -1.636318
v 1.788379 10.055853 -1.636318
v 1.809919 9.972364 -1.636318
v 1.809919 9.972364 -1.636318
v 1.796871 9.879766 -1.636318
v 1.796871 9.879766 -1.636318
v 1.760625 9.892757 -1.664691
v 1.724378 9.905776 -1.677963
v 1.713411 9.909714 -1.694076
v 1.721454 9.966656 -1.694076
v 1.708181 10.018031 -1.694076
v 1.676968 10.060914 -1.694076
v 1.632173 10.089315 -1.694076
v 1.580067 10.099241 -1.694076
v 1.580067 10.099241 -1.694076
v 1.527933 10.089315 -1.694076
v 1.483138 10.060914 -1.694076
v 1.451925 10.018031 -1.694076
v 1.438680 9.966656 -1.694076
v 1.446695 9.909714 -1.694076
v 1.476699 9.860644 -1.694076
v 1.435728 9.905776 -1.677963
v 1.399481 9.892757 -1.664691
v 1.412023 9.799990 -1.636318
v 1.412023 9.799990 -1.636318
v 1.488509 9.746196 -1.800256
v 1.412023 9.799990 -1.800256
v 1.363235 9.879766 -1.800256
v 1.350187 9.972364 -1.800256
v 1.371727 10.055853 -1.800256
v 1.422483 10.125589 -1.800256
v 1.495342 10.171762 -1.800256
v 1.580067 10.187903 -1.800256
v 1.580067 10.187903 -1.800256
v 1.664764 10.171762 -1.800256
v 1.737623 10.125589 -1.800256
v 1.788379 10.055853 -1.800256
v 1.809919 9.972364 -1.800256
v 1.796871 9.879766 -1.800256
v 1.748083 9.799990 -1.800256
v 1.748083 9.799990 -1.636318
v 1.748083 9.799990 -1.636318
v 1.719991 9.826338 -1.664691
v 1.691900 9.852658 -1.677963
v 1.683408 9.860644 -1.694076
v 1.636363 9.827548 -1.800256
v 1.683408 9.860644 -1.800256
v 1.713411 9.909714 -1.800256
v 1.721454 9.966656 -1.800256
v 1.708181 10.018031 -1.800256
v 1.676968 10.060914 -1.800256
v 1.632173 10.089315 -1.800256
v 1.580067 10.099241 -1.800256
v 1.580067 10.099241 -1.800256
v 1.527933 10.089315 -1.800256
v 1.483138 10.060914 -1.800256
v 1.451925 10.018031 -1.800256
v 1.438680 9.966656 -1.800256
v 1.446695 9.909714 -1.800256
v 1.476699 9.860644 -1.800256
v 1.523743 9.827548 -1.800256
v 1.580067 9.815878 -1.800256
v 1.580067 9.815878 -1.800256
v 1.523743 9.827548 -1.694076
v 1.468206 9.852658 -1.677963
v 1.440114 9.826338 -1.664691
v 1.488509 9.746196 -1.636318
v 1.488509 9.746196 -1.636318
v 1.580067 9.727216 -1.800256
v 1.580067 9.727216 -1.800256
v 1.580067 9.727216 -1.636318
v 1.580067 9.727216 -1.636318
v 1.580067 9.727216 -1.636318
v 1.580067 9.727216 -1.636318
v 1.671625 9.746196 -1.800256
v 1.671625 9.746196 -1.636318
v 1.671625 9.746196 -1.636318
v 1.656300 9.781515 -1.664691
v 1.641003 9.816862 -1.677963
v 1.636363 9.827548 -1.694076
v 1.580067 9.815878 -1.694076
v 1.580067 9.815878 -1.694076
v 1.519103 9.816862 -1.677963
v 1.503806 9.781515 -1.664691
v 1.580067 9.765712 -1.664691
v 1.580067 9.765712 -1.664691
v 1.580067 9.804208 -1.677963
v 1.580067 9.804208 -1.677963
v -1.480536 9.967416 -1.677963
v -1.442096 9.969890 -1.664691
v -1.494905 10.022981 -1.677963
v -1.460065 10.039431 -1.664691
v -1.502329 10.097498 -1.664691
v -1.528678 10.069378 -1.677963
v -1.562984 10.135965 -1.664691
v -1.577156 10.100113 -1.677963
v -1.633536 10.149407 -1.664691
v -1.633536 10.149407 -1.664691
v -1.633536 10.110854 -1.677963
v -1.633536 10.110854 -1.677963
v -1.689945 10.100113 -1.677963
v -1.704117 10.135965 -1.664691
v -1.738423 10.069378 -1.677963
v -1.764772 10.097498 -1.664691
v -1.772195 10.022981 -1.677963
v -1.807036 10.039431 -1.664691
v -1.786565 9.967416 -1.677963
v -1.825004 9.969890 -1.664691
v -1.850369 9.879766 -1.636318
v -1.850369 9.879766 -1.636318
v -1.863416 9.972364 -1.636318
v -1.863416 9.972364 -1.636318
v -1.841876 10.055853 -1.636318
v -1.841876 10.055853 -1.636318
v -1.791120 10.125589 -1.636318
v -1.791120 10.125589 -1.636318
v -1.718262 10.171762 -1.636318
v -1.718262 10.171762 -1.636318
v -1.633536 10.187903 -1.636318
v -1.633536 10.187903 -1.636318
v -1.633536 10.187903 -1.636318
v -1.633536 10.187903 -1.636318
v -1.548839 10.171762 -1.636318
v -1.548839 10.171762 -1.636318
v -1.475981 10.125589 -1.636318
v -1.475981 10.125589 -1.636318
v -1.425225 10.055853 -1.636318
v -1.425225 10.055853 -1.636318
v -1.403685 9.972364 -1.636318
v -1.403685 9.972364 -1.636318
v -1.416732 9.879766 -1.636318
v -1.416732 9.879766 -1.636318
v -1.452979 9.892757 -1.664691
v -1.489225 9.905776 -1.677963
v -1.500192 9.909714 -1.694076
v -1.492150 9.966656 -1.694076
v -1.505422 10.018031 -1.694076
v -1.536635 10.060914 -1.694076
v -1.581430 10.089315 -1.694076
v -1.633536 10.099241 -1.694076
v -1.633536 10.099241 -1.694076
v -1.685642 10.089315 -1.694076
v -1.730466 10.060914 -1.694076
v -1.761679 10.018031 -1.694076
v -1.774923 9.966656 -1.694076
v -1.766909 9.909714 -1.694076
v -1.736905 9.860644 -1.694076
v -1.777876 9.905776 -1.677963
v -1.814122 9.892757 -1.664691
v -1.801581 9.799990 -1.636318
v -1.801581 9.799990 -1.636318
v -1.725095 9.746196 -1.800256
v -1.801581 9.799990 -1.800256
v -1.850369 9.879766 -1.800256
v -1.863416 9.972364 -1.800256
v -1.841876 10.055853 -1.800256
v -1.791120 10.125589 -1.800256
v -1.718262 10.171762 -1.800256
v -1.633536 10.187903 -1.800256
v -1.633536 10.187903 -1.800256
v -1.548839 10.171762 -1.800256
v -1.475981 10.125589 -1.800256
v -1.425225 10.055853 -1.800256
v -1.403685 9.972364 -1.800256
v -1.416732 9.879766 -1.800256
v -1.465520 9.799990 -1.800256
v -1.465520 9.799990 -1.636318
v -1.465520 9.799990 -1.636318
v -1.493612 9.826338 -1.664691
v -1.521704 9.852658 -1.677963
v -1.530196 9.860644 -1.694076
v -1.577240 9.827548 -1.800256
v -1.530196 9.860644 -1.800256
v -1.500192 9.909714 -1.800256
v -1.492150 9.966656 -1.800256
v -1.505422 10.018031 -1.800256
v -1.536635 10.060914 -1.800256
v -1.581430 10.089315 -1.800256
v -1.633536 10.099241 -1.800256
v -1.633536 10.099241 -1.800256
v -1.685642 10.089315 -1.800256
v -1.730466 10.060914 -1.800256
v -1.761679 10.018031 -1.800256
v -1.774923 9.966656 -1.800256
v -1.766909 9.909714 -1.800256
v -1.736905 9.860644 -1.800256
v -1.689860 9.827548 -1.800256
v -1.633536 9.815878 -1.800256
v -1.633536 9.815878 -1.800256
v -1.689860 9.827548 -1.694076
v -1.745397 9.852658 -1.677963
v -1.773489 9.826338 -1.664691
v -1.725095 9.746196 -1.636318
v -1.725095 9.746196 -1.636318
v -1.633536 9.727216 -1.800256
v -1.633536 9.727216 -1.800256
v -1.633536 9.727216 -1.636318
v -1.633536 9.727216 -1.636318
v -1.633536 9.727216 -1.636318
v -1.633536 9.727216 -1.636318
v -1.541978 9.746196 -1.800256
v -1.541978 9.746196 -1.636318
v -1.541978 9.746196 -1.636318
v -1.557304 9.781515 -1.664691
v -1.572601 9.816862 -1.677963
v -1.577240 9.827548 -1.694076
v -1.633536 9.815878 -1.694076
v -1.633536 9.815878 -1.694076
v -1.694500 9.816862 -1.677963
v -1.709798 9.781515 -1.664691
v -1.633536 9.765712 -1.664691
v -1.633536 9.765712 -1.664691
v -1.633536 9.804208 -1.677963
v -1.633536 9.804208 -1.677963
v -4.442343 9.967416 -1.677963
v -4.403903 9.969890 -1.664691
v -4.456712 10.022981 -1.677963
v -4.421872 10.039431 -1.664691
v -4.464136 10.097498 -1.664691
v -4.490484 10.069378 -1.677963
v -4.524790 10.135965 -1.664691
v -4.538962 10.100113 -1.677963
v -4.595343 10.149407 -1.664691
v -4.595343 10.149407 -1.664691
v -4.595343 10.110854 -1.677963
v -4.595343 10.110854 -1.677963
v -4.651752 10.100113 -1.677963
v -4.665924 10.135965 -1.664691
v -4.700230 10.069378 -1.677963
v -4.726578 10.097498 -1.664691
v -4.734002 10.022981 -1.677963
v -4.768842 10.039431 -1.664691
v -4.748371 9.967416 -1.677963
v -4.786811 9.969890 -1.664691
v -4.812175 9.879766 -1.636318
v -4.812175 9.879766 -1.636318
v -4.825222 9.972364 -1.636318
v -4.825222 9.972364 -1.636318
v -4.803682 10.055853 -1.636318
v -4.803682 10.055853 -1.636318
v -4.752927 10.125589 -1.636318
v -4.752927 10.125589 -1.636318
v -4.680068 10.171762 -1.636318
v -4.680068 10.171762 -1.636318
v -4.595343 10.187903 -1.636318
v -4.595343 10.187903 -1.636318
v -4.595343 10.187903 -1.636318
v -4.595343 10.187903 -1.636318
v -4.510646 10.171762 -1.636318
v -4.510646 10.171762 -1.636318
v -4.437788 10.125589 -1.636318
v -4.437788 10.125589 -1.636318
v -4.387031 10.055853 -1.636318
v -4.387031 10.055853 -1.636318
v -4.365491 9.972364 -1.636318
v -4.365491 9.972364 -1.636318
v -4.378539 9.879766 -1.636318
v -4.378539 9.879766 -1.636318
v -4.414785 9.892757 -1.664691
v -4.451032 9.905776 -1.677963
v -4.461998 9.909714 -1.694076
v -4.453956 9.966656 -1.694076
v -4.467229 10.018031 -1.694076
v -4.498442 10.060914 -1.694076
v -4.543237 10.089315 -1.694076
v -4.595343 10.099241 -1.694076
v -4.595343 10.099241 -1.694076
v -4.647449 10.089315 -1.694076
v -4.692272 10.060914 -1.694076
v -4.723485 10.018031 -1.694076
v -4.736730 9.966656 -1.694076
v -4.728715 9.909714 -1.694076
v -4.698711 9.860644 -1.694076
v -4.739682 9.905776 -1.677963
v -4.775928 9.892757 -1.664691
v -4.763387 9.799990 -1.636318
v -4.763387 9.799990 -1.636318
v -4.686901 9.746196 -1.800256
v -4.763387 9.799990 -1.800256
v -4.812175 9.879766 -1.800256
v -4.825222 9.972364 -1.800256
v -4.803682 10.055853 -1.800256
v -4.752927 10.125589 -1.800256
v -4.680068 10.171762 -1.800256
v -4.595343 10.187903 -1.800256
v -4.595343 10.187903 -1.800256
v -4.510646 10.171762 -1.800256
v -4.437788 10.125589 -1.800256
v -4.387031 10.055853 -1.800256
v -4.365491 9.972364 -1.800256
v -4.378539 9.879766 -1.800256
v -4.427327 9.799990 -1.800256
v -4.427327 9.799990 -1.636318
v -4.427327 9.799990 -1.636318
v -4.455419 9.826338 -1.664691
v -4.483510 9.852658 -1.677963
v -4.492002 9.860644 -1.694076
v -4.539047 9.827548 -1.800256
v -4.492002 9.860644 -1.800256
v -4.461998 9.909714 -1.800256
v -4.453956 9.966656 -1.800256
v -4.467229 10.018031 -1.800256
v -4.498442 10.060914 -1.800256
v -4.543237 10.089315 -1.800256
v -4.595343 10.099241 -1.800256
v -4.595343 10.099241 -1.800256
v -4.647449 10.089315 -1.800256
v -4.692272 10.060914 -1.800256
v -4.723485 10.018031 -1.800256
v -4.736730 9.966656 -1.800256
v -4.728715 9.909714 -1.800256
v -4.698711 9.860644 -1.800256
v -4.651667 9.827548 -1.800256
v -4.595343 9.815878 -1.800256
v -4.595343 9.815878 -1.800256
v -4.651667 9.827548 -1.694076
v -4.707203 9.852658 -1.677963
v -4.735295 9.826338 -1.664691
v -4.686901 9.746196 -1.636318
v -4.686901 9.746196 -1.636318
v -4.595343 9.727216 -1.800256
v -4.595343 9.727216 -1.800256
v -4.595343 9.727216 -1.636318
v -4.595343 9.727216 -1.636318
v -4.595343 9.727216 -1.636318
v -4.595343 9.727216 -1.636318
v -4.503813 9.746196 -1.800256
v -4.503813 9.746196 -1.636318
v -4.503813 9.746196 -1.636318
v -4.519110 9.781515 -1.664691
v -4.534407 9.816862 -1.677963
v -4.539047 9.827548 -1.694076
v -4.595343 9.815878 -1.694076
v -4.595343 9.815878 -1.694076
v -4.656307 9.816862 -1.677963
v -4.671604 9.781515 -1.664691
v -4.595343 9.765712 -1.664691
v -4.595343 9.765712 -1.664691
v -4.595343 9.804208 -1.677963
v -4.595343 9.804208 -1.677963
v -7.495322 9.979606 0.181982
v -7.495322 10.035170 0.167613
v -7.482049 9.982079 0.220422
v -7.482049 10.051620 0.202453
v -7.482049 10.109688 0.160189
v -7.495322 10.081567 0.133841
v -7.482049 10.148155 0.099535
v -7.495322 10.112303 0.085362
v -7.482049 10.161596 0.028982
v -7.482049 10.161596 0.028982
v -7.495322 10.123044 0.028982
v -7.495322 10.123044 0.028982
v -7.495322 10.112303 -0.027426
v -7.482049 10.148155 -0.041599
v -7.495322 10.081567 -0.075905
v -7.482049 10.109688 -0.102253
v -7.495322 10.035170 -0.109677
v -7.482049 10.051620 -0.144517
v -7.495322 9.979606 -0.124046
v -7.511435 9.921904 -0.104390
v -7.511435 9.978846 -0.112405
v -7.511435 10.030221 -0.099160
v -7.511435 10.073103 -0.067947
v -7.511435 10.101504 -0.023152
v -7.511435 10.111430 0.028982
v -7.511435 10.111430 0.028982
v -7.511435 10.101504 0.081088
v -7.511435 10.073103 0.125883
v -7.511435 10.030221 0.157096
v -7.511435 9.978846 0.170369
v -7.511435 9.921904 0.162326
v -7.495322 9.917966 0.173293
v -7.482049 9.904947 0.209540
v -7.453677 9.891955 0.245786
v -7.453677 9.891955 0.245786
v -7.453677 9.984553 0.258834
v -7.453677 9.984553 0.258834
v -7.453677 10.068042 0.237294
v -7.453677 10.068042 0.237294
v -7.453677 10.137779 0.186538
v -7.453677 10.137779 0.186538
v -7.453677 10.183952 0.113679
v -7.453677 10.183952 0.113679
v -7.453677 10.200092 0.028982
v -7.453677 10.200092 0.028982
v -7.453677 10.200092 0.028982
v -7.453677 10.200092 0.028982
v -7.453677 10.183952 -0.055743
v -7.453677 10.183952 -0.055743
v -7.453677 10.137779 -0.128602
v -7.453677 10.137779 -0.128602
v -7.453677 10.068042 -0.179358
v -7.453677 10.068042 -0.179358
v -7.453677 9.984553 -0.200898
v -7.453677 9.984553 -0.200898
v -7.453677 9.891955 -0.187850
v -7.453677 9.891955 -0.187850
v -7.482049 9.982079 -0.162486
v -7.495322 9.917966 -0.115357
v -7.511435 9.872834 -0.074387
v -7.617615 9.839737 -0.027342
v -7.617615 9.872834 -0.074387
v -7.617615 9.921904 -0.104390
v -7.617615 9.978846 -0.112405
v -7.617615 10.030221 -0.099160
v -7.617615 10.073103 -0.067947
v -7.617615 10.101504 -0.023152
v -7.617615 10.111430 0.028982
v -7.617615 10.111430 0.028982
v -7.617615 10.101504 0.081088
v -7.617615 10.073103 0.125883
v -7.617615 10.030221 0.157096
v -7.617615 9.978846 0.170369
v -7.617615 9.921904 0.162326
v -7.617615 9.872834 0.132322
v -7.617615 9.839737 0.085278
v -7.511435 9.872834 0.132322
v -7.495322 9.864847 0.140815
v -7.482049 9.838527 0.168906
v -7.453677 9.812180 0.196998
v -7.453677 9.812180 0.196998
v -7.617615 9.812180 0.196998
v -7.617615 9.891955 0.245786
v -7.617615 9.984553 0.258834
v -7.617615 10.068042 0.237294
v -7.617615 10.137779 0.186538
v -7.617615 10.183952 0.113679
v -7.617615 10.200092 0.028982
v -7.617615 10.200092 0.028982
v -7.617615 10.183952 -0.055743
v -7.617615 10.137779 -0.128602
v -7.617615 10.068042 -0.179358
v -7.617615 9.984553 -0.200898
v -7.617615 9.891955 -0.187850
v -7.617615 9.812180 -0.139062
v -7.617615 9.758386 -0.062576
v -7.453677 9.812180 -0.139062
v -7.453677 9.812180 -0.139062
v -7.482049 9.904947 -0.151604
v -7.495322 9.864847 -0.082879
v -7.511435 9.839737 -0.027342
v -7.617615 9.828067 0.028982
v -7.617615 9.828067 0.028982
v -7.511435 9.828067 0.028982
v -7.511435 9.828067 0.028982
v -7.511435 9.839737 0.085278
v -7.495322 9.829052 0.089918
v -7.482049 9.793705 0.105215
v -7.453677 9.758386 0.120512
v -7.453677 9.758386 0.120512
v -7.617615 9.758386 0.120512
v -7.453677 9.739405 0.028982
v -7.453677 9.739405 0.028982
v -7.453677 9.739405 0.028982
v -7.453677 9.739405 0.028982
v -7.617615 9.739405 0.028982
v -7.617615 9.739405 0.028982
v -7.453677 9.758386 -0.062576
v -7.453677 9.758386 -0.062576
v -7.482049 9.838527 -0.110970
v -7.495322 9.829052 -0.031982
v -7.495322 9.816398 0.028982
v -7.495322 9.816398 0.028982
v -7.482049 9.777902 0.028982
v -7.482049 9.777902 0.028982
v -7.482049 9.793705 -0.047279
v 4.694077 9.967416 1.705884
v 4.679708 10.022981 1.705884
v 4.732518 9.969890 1.692612
v 4.714549 10.039431 1.692612
v 4.672285 10.097498 1.692612
v 4.645936 10.069378 1.705884
v 4.611630 10.135965 1.692612
v 4.597458 10.100113 1.705884
v 4.541078 10.149407 1.692612
v 4.541078 10.149407 1.692612
v 4.541078 10.110854 1.705884
v 4.541078 10.110854 1.705884
v 4.484669 10.100113 1.705884
v 4.470497 10.135965 1.692612
v 4.436190 10.069378 1.705884
v 4.409842 10.097498 1.692612
v 4.402418 10.022981 1.705884
v 4.367578 10.039431 1.692612
v 4.388049 9.967416 1.705884
v 4.407705 9.909714 1.721997
v 4.399691 9.966656 1.721997
v 4.412935 10.018031 1.721997
v 4.444149 10.060914 1.721997
v 4.488944 10.089315 1.721997
v 4.541078 10.099241 1.721997
v 4.541078 10.099241 1.721997
v 4.593184 10.089315 1.721997
v 4.637979 10.060914 1.721997
v 4.669191 10.018031 1.721997
v 4.682465 9.966656 1.721997
v 4.674422 9.909714 1.721997
v 4.685389 9.905776 1.705856
v 4.721635 9.892757 1.692612
v 4.757881 9.879766 1.664239
v 4.757881 9.879766 1.664239
v 4.770929 9.972364 1.664239
v 4.770929 9.972364 1.664239
v 4.749389 10.055853 1.664239
v 4.749389 10.055853 1.664239
v 4.698633 10.125589 1.664239
v 4.698633 10.125589 1.664239
v 4.625774 10.171762 1.664239
v 4.625774 10.171762 1.664239
v 4.541078 10.187903 1.664239
v 4.541078 10.187903 1.664239
v 4.541078 10.187903 1.664239
v 4.541078 10.187903 1.664239
v 4.456352 10.171762 1.664239
v 4.456352 10.171762 1.664239
v 4.383494 10.125589 1.664239
v 4.383494 10.125589 1.664239
v 4.332737 10.055853 1.664239
v 4.332737 10.055853 1.664239
v 4.311198 9.972364 1.664239
v 4.311198 9.972364 1.664239
v 4.324245 9.879766 1.664239
v 4.324245 9.879766 1.664239
v 4.349609 9.969890 1.692612
v 4.396738 9.905776 1.705856
v 4.437709 9.860644 1.721997
v 4.484754 9.827548 1.828177
v 4.437709 9.860644 1.828177
v 4.407705 9.909714 1.828177
v 4.399691 9.966656 1.828177
v 4.412935 10.018031 1.828177
v 4.444149 10.060914 1.828177
v 4.488944 10.089315 1.828177
v 4.541078 10.099241 1.828177
v 4.541078 10.099241 1.828177
v 4.593184 10.089315 1.828177
v 4.637979 10.060914 1.828177
v 4.669191 10.018031 1.828177
v 4.682465 9.966656 1.828177
v 4.674422 9.909714 1.828177
v 4.644418 9.860644 1.828177
v 4.597373 9.827548 1.828177
v 4.644418 9.860644 1.721997
v 4.652910 9.852658 1.705856
v 4.681002 9.826338 1.692612
v 4.709094 9.799990 1.664239
v 4.709094 9.799990 1.664239
v 4.709094 9.799990 1.828177
v 4.757881 9.879766 1.828177
v 4.770929 9.972364 1.828177
v 4.749389 10.055853 1.828177
v 4.698633 10.125589 1.828177
v 4.625774 10.171762 1.828177
v 4.541078 10.187903 1.828177
v 4.541078 10.187903 1.828177
v 4.456352 10.171762 1.828177
v 4.383494 10.125589 1.828177
v 4.332737 10.055853 1.828177
v 4.311198 9.972364 1.828177
v 4.324245 9.879766 1.828177
v 4.373033 9.799990 1.828177
v 4.449519 9.746196 1.828177
v 4.373033 9.799990 1.664239
v 4.373033 9.799990 1.664239
v 4.360492 9.892757 1.692612
v 4.429217 9.852658 1.705856
v 4.484754 9.827548 1.721997
v 4.541078 9.815878 1.828177
v 4.541078 9.815878 1.828177
v 4.541078 9.815878 1.721997
v 4.541078 9.815878 1.721997
v 4.597373 9.827548 1.721997
v 4.602013 9.816862 1.705856
v 4.617311 9.781515 1.692612
v 4.632636 9.746196 1.664239
v 4.632636 9.746196 1.664239
v 4.632636 9.746196 1.828177
v 4.541078 9.727216 1.664239
v 4.541078 9.727216 1.664239
v 4.541078 9.727216 1.664239
v 4.541078 9.727216 1.664239
v 4.541078 9.727216 1.828177
v 4.541078 9.727216 1.828177
v 4.449519 9.746196 1.664239
v 4.449519 9.746196 1.664239
v 4.401125 9.826338 1.692612
v 4.480114 9.816862 1.705856
v 4.541078 9.804208 1.705856
v 4.541078 9.804208 1.705856
v 4.541078 9.765712 1.692612
v 4.541078 9.765712 1.692612
v 4.464816 9.781515 1.692612
v 1.733067 9.967416 1.705884
v 1.718698 10.022981 1.705884
v 1.771507 9.969890 1.692612
v 1.753538 10.039431 1.692612
v 1.711274 10.097498 1.692612
v 1.684926 10.069378 1.705884
v 1.650620 10.135965 1.692612
v 1.636447 10.100113 1.705884
v 1.580067 10.149407 1.692612
v 1.580067 10.149407 1.692612
v 1.580067 10.110854 1.705884
v 1.580067 10.110854 1.705884
v 1.523659 10.100113 1.705884
v 1.509486 10.135965 1.692612
v 1.475180 10.069378 1.705884
v 1.448832 10.097498 1.692612
v 1.441408 10.022981 1.705884
v 1.406568 10.039431 1.692612
v 1.427039 9.967416 1.705884
v 1.446695 9.909714 1.721997
v 1.438680 9.966656 1.721997
v 1.451925 10.018031 1.721997
v 1.483138 10.060914 1.721997
v 1.527933 10.089315 1.721997
v 1.580067 10.099241 1.721997
v 1.580067 10.099241 1.721997
v 1.632173 10.089315 1.721997
v 1.676968 10.060914 1.721997
v 1.708181 10.018031 1.721997
v 1.721454 9.966656 1.721997
v 1.713411 9.909714 1.721997
v 1.724378 9.905776 1.705856
v 1.760625 9.892757 1.692612
v 1.796871 9.879766 1.664239
v 1.796871 9.879766 1.664239
v 1.809919 9.972364 1.664239
v 1.809919 9.972364 1.664239
v 1.788379 10.055853 1.664239
v 1.788379 10.055853 1.664239
v 1.737623 10.125589 1.664239
v 1.737623 10.125589 1.664239
v 1.664764 10.171762 1.664239
v 1.664764 10.171762 1.664239
v 1.580067 10.187903 1.664239
v 1.580067 10.187903 1.664239
v 1.580067 10.187903 1.664239
v 1.580067 10.187903 1.664239
v 1.495342 10.171762 1.664239
v 1.495342 10.171762 1.664239
v 1.422483 10.125589 1.664239
v 1.422483 10.125589 1.664239
v 1.371727 10.055853 1.664239
v 1.371727 10.055853 1.664239
v 1.350187 9.972364 1.664239
v 1.350187 9.972364 1.664239
v 1.363235 9.879766 1.664239
v 1.363235 9.879766 1.664239
v 1.388599 9.969890 1.692612
v 1.435728 9.905776 1.705856
v 1.476699 9.860644 1.721997
v 1.523743 9.827548 1.828177
v 1.476699 9.860644 1.828177
v 1.446695 9.909714 1.828177
v 1.438680 9.966656 1.828177
v 1.451925 10.018031 1.828177
v 1.483138 10.060914 1.828177
v 1.527933 10.089315 1.828177
v 1.580067 10.099241 1.828177
v 1.580067 10.099241 1.828177
v 1.632173 10.089315 1.828177
v 1.676968 10.060914 1.828177
v 1.708181 10.018031 1.828177
v 1.721454 9.966656 1.828177
v 1.713411 9.909714 1.828177
v 1.683408 9.860644 1.828177
v 1.636363 9.827548 1.828177
v 1.683408 9.860644 1.721997
v 1.691900 9.852658 1.705856
v 1.719991 9.826338 1.692612
v 1.748083 9.799990 1.664239
v 1.748083 9.799990 1.664239
v 1.748083 9.799990 1.828177
v 1.796871 9.879766 1.828177
v 1.809919 9.972364 1.828177
v 1.788379 10.055853 1.828177
v 1.737623 10.125589 1.828177
v 1.664764 10.171762 1.828177
v 1.580067 10.187903 1.828177
v 1.580067 10.187903 1.828177
v 1.495342 10.171762 1.828177
v 1.422483 10.125589 1.828177
v 1.371727 10.055853 1.828177
v 1.350187 9.972364 1.828177
v 1.363235 9.879766 1.828177
v 1.412023 9.799990 1.828177
v 1.488509 9.746196 1.828177
v 1.412023 9.799990 1.664239
v 1.412023 9.799990 1.664239
v 1.399481 9.892757 1.692612
v 1.468206 9.852658 1.705856
v 1.523743 9.827548 1.721997
v 1.580067 9.815878 1.828177
v 1.580067 9.815878 1.828177
v 1.580067 9.815878 1.721997
v 1.580067 9.815878 1.721997
v 1.636363 9.827548 1.721997
v 1.641003 9.816862 1.705856
v 1.656300 9.781515 1.692612
v 1.671625 9.746196 1.664239
v 1.671625 9.746196 1.664239
v 1.671625 9.746196 1.828177
v 1.580067 9.727216 1.664239
v 1.580067 9.727216 1.664239
v 1.580067 9.727216 1.664239
v 1.580067 9.727216 1.664239
v 1.580067 9.727216 1.828177
v 1.580067 9.727216 1.828177
v 1.488509 9.746196 1.664239
v 1.488509 9.746196 1.664239
v 1.440114 9.826338 1.692612
v 1.519103 9.816862 1.705856
v 1.580067 9.804208 1.705856
v 1.580067 9.804208 1.705856
v 1.580067 9.765712 1.692612
v 1.580067 9.765712 1.692612
v 1.503806 9.781515 1.692612
v -1.480536 9.967416 1.705884
v -1.494905 10.022981 1.705884
v -1.442096 9.969890 1.692612
v -1.460065 10.039431 1.692612
v -1.502329 10.097498 1.692612
v -1.528678 10.069378 1.705884
v -1.562984 10.135965 1.692612
v -1.577156 10.100113 1.705884
v -1.633536 10.149407 1.692612
v -1.633536 10.149407 1.692612
v -1.633536 10.110854 1.705884
v -1.633536 10.110854 1.705884
v -1.689945 10.100113 1.705884
v -1.704117 10.135965 1.692612
v -1.738423 10.069378 1.705884
v -1.764772 10.097498 1.692612
v -1.772195 10.022981 1.705884
v -1.807036 10.039431 1.692612
v -1.786565 9.967416 1.705884
v -1.766909 9.909714 1.721997
v -1.774923 9.966656 1.721997
v -1.761679 10.018031 1.721997
v -1.730466 10.060914 1.721997
v -1.685642 10.089315 1.721997
v -1.633536 10.099241 1.721997
v -1.633536 10.099241 1.721997
v -1.581430 10.089315 1.721997
v -1.536635 10.060914 1.721997
v -1.505422 10.018031 1.721997
v -1.492150 9.966656 1.721997
v -1.500192 9.909714 1.721997
v -1.489225 9.905776 1.705856
v -1.452979 9.892757 1.692612
v -1.416732 9.879766 1.664239
v -1.416732 9.879766 1.664239
v -1.403685 9.972364 1.664239
v -1.403685 9.972364 1.664239
v -1.425225 10.055853 1.664239
v -1.425225 10.055853 1.664239
v -1.475981 10.125589 1.664239
v -1.475981 10.125589 1.664239
v -1.548839 10.171762 1.664239
v -1.548839 10.171762 1.664239
v -1.633536 10.187903 1.664239
v -1.633536 10.187903 1.664239
v -1.633536 10.187903 1.664239
v -1.633536 10.187903 1.664239
v -1.718262 10.171762 1.664239
v -1.718262 10.171762 1.664239
v -1.791120 10.125589 1.664239
v -1.791120 10.125589 1.664239
v -1.841876 10.055853 1.664239
v -1.841876 10.055853 1.664239
v -1.863416 9.972364 1.664239
v -1.863416 9.972364 1.664239
v -1.850369 9.879766 1.664239
v -1.850369 9.879766 1.664239
v -1.825004 9.969890 1.692612
v -1.777876 9.905776 1.705856
v -1.736905 9.860644 1.721997
v -1.689860 9.827548 1.828177
v -1.736905 9.860644 1.828177
v -1.766909 9.909714 1.828177
v -1.774923 9.966656 1.828177
v -1.761679 10.018031 1.828177
v -1.730466 10.060914 1.828177
v -1.685642 10.089315 1.828177
v -1.633536 10.099241 1.828177
v -1.633536 10.099241 1.828177
v -1.581430 10.089315 1.828177
v -1.536635 10.060914 1.828177
v -1.505422 10.018031 1.828177
v -1.492150 9.966656 1.828177
v -1.500192 9.909714 1.828177
v -1.530196 9.860644 1.828177
v -1.577240 9.827548 1.828177
v -1.530196 9.860644 1.721997
v -1.521704 9.852658 1.705856
v -1.493612 9.826338 1.692612
v -1.465520 9.799990 1.664239
v -1.465520 9.799990 1.664239
v -1.465520 9.799990 1.828177
v -1.416732 9.879766 1.828177
v -1.403685 9.972364 1.828177
v -1.425225 10.055853 1.828177
v -1.475981 10.125589 1.828177
v -1.548839 10.171762 1.828177
v -1.633536 10.187903 1.828177
v -1.633536 10.187903 1.828177
v -1.718262 10.171762 1.828177
v -1.791120 10.125589 1.828177
v -1.841876 10.055853 1.828177
v -1.863416 9.972364 1.828177
v -1.850369 9.879766 1.828177
v -1.801581 9.799990 1.828177
v -1.725095 9.746196 1.828177
v -1.801581 9.799990 1.664239
v -1.801581 9.799990 1.664239
v -1.814122 9.892757 1.692612
v -1.745397 9.852658 1.705856
v -1.689860 9.827548 1.721997
v -1.633536 9.815878 1.828177
v -1.633536 9.815878 1.828177
v -1.633536 9.815878 1.721997
v -1.633536 9.815878 1.721997
v -1.577240 9.827548 1.721997
v -1.572601 9.816862 1.705856
v -1.557304 9.781515 1.692612
v -1.541978 9.746196 1.664239
v -1.541978 9.746196 1.664239
v -1.541978 9.746196 1.828177
v -1.633536 9.727216 1.664239
v -1.633536 9.727216 1.664239
v -1.633536 9.727216 1.664239
v -1.633536 9.727216 1.664239
v -1.633536 9.727216 1.828177
v -1.633536 9.727216 1.828177
v -1.725095 9.746196 1.664239
v -1.725095 9.746196 1.664239
v -1.773489 9.826338 1.692612
v -1.694500 9.816862 1.705856
v -1.633536 9.804208 1.705856
v -1.633536 9.804208 1.705856
v -1.633536 9.765712 1.692612
v -1.633536 9.765712 1.692612
v -1.709798 9.781515 1.692612
v -4.442343 9.967416 1.705884
v -4.456712 10.022981 1.705884
v -4.403903 9.969890 1.692612
v -4.421872 10.039431 1.692612
v -4.464136 10.097498 1.692612
v -4.490484 10.069378 1.705884
v -4.524790 10.135965 1.692612
v -4.538962 10.100113 1.705884
v -4.595343 10.149407 1.692612
v -4.595343 10.149407 1.692612
v -4.595343 10.110854 1.705884
v -4.595343 10.110854 1.705884
v -4.651752 10.100113 1.705884
v -4.665924 10.135965 1.692612
v -4.700230 10.069378 1.705884
v -4.726578 10.097498 1.692612
v -4.734002 10.022981 1.705884
v -4.768842 10.039431 1.692612
v -4.748371 9.967416 1.705884
v -4.728715 9.909714 1.721997
v -4.736730 9.966656 1.721997
v -4.723485 10.018031 1.721997
v -4.692272 10.060914 1.721997
v -4.647449 10.089315 1.721997
v -4.595343 10.099241 1.721997
v -4.595343 10.099241 1.721997
v -4.543237 10.089315 1.721997
v -4.498442 10.060914 1.721997
v -4.467229 10.018031 1.721997
v -4.453956 9.966656 1.721997
v -4.461998 9.909714 1.721997
v -4.451032 9.905776 1.705856
v -4.414785 9.892757 1.692612
v -4.378539 9.879766 1.664239
v -4.378539 9.879766 1.664239
v -4.365491 9.972364 1.664239
v -4.365491 9.972364 1.664239
v -4.387031 10.055853 1.664239
v -4.387031 10.055853 1.664239
v -4.437788 10.125589 1.664239
v -4.437788 10.125589 1.664239
v -4.510646 10.171762 1.664239
v -4.510646 10.171762 1.664239
v -4.595343 10.187903 1.664239
v -4.595343 10.187903 1.664239
v -4.595343 10.187903 1.664239
v -4.595343 10.187903 1.664239
v -4.680068 10.171762 1.664239
v -4.680068 10.171762 1.664239
v -4.752927 10.125589 1.664239
v -4.752927 10.125589 1.664239
v -4.803682 10.055853 1.664239
v -4.803682 10.055853 1.664239
v -4.825222 9.972364 1.664239
v -4.825222 9.972364 1.664239
v -4.812175 9.879766 1.664239
v -4.812175 9.879766 1.664239
v -4.786811 9.969890 1.692612
v -4.739682 9.905776 1.705856
v -4.698711 9.860644 1.721997
v -4.651667 9.827548 1.828177
v -4.698711 9.860644 1.828177
v -4.728715 9.909714 1.828177
v -4.736730 9.966656 1.828177
v -4.723485 10.018031 1.828177
v -4.692272 10.060914 1.828177
v -4.647449 10.089315 1.828177
v -4.595343 10.099241 1.828177
v -4.595343 10.099241 1.828177
v -4.543237 10.089315 1.828177
v -4.498442 10.060914 1.828177
v -4.467229 10.018031 1.828177
v -4.453956 9.966656 1.828177
v -4.461998 9.909714 1.828177
v -4.492002 9.860644 1.828177
v -4.539047 9.827548 1.828177
v -4.492002 9.860644 1.721997
v -4.483510 9.852658 1.705856
v -4.455419 9.826338 1.692612
v -4.427327 9.799990 1.664239
v -4.427327 9.799990 1.664239
v -4.427327 9.799990 1.828177
v -4.378539 9.879766 1.828177
v -4.365491 9.972364 1.828177
v -4.387031 10.055853 1.828177
v -4.437788 10.125589 1.828177
v -4.510646 10.171762 1.828177
v -4.595343 10.187903 1.828177
v -4.595343 10.187903 1.828177
v -4.680068 10.171762 1.828177
v -4.752927 10.125589 1.828177
v -4.803682 10.055853 1.828177
v -4.825222 9.972364 1.828177
v -4.812175 9.879766 1.828177
v -4.763387 9.799990 1.828177
v -4.686901 9.746196 1.828177
v -4.763387 9.799990 1.664239
v -4.763387 9.799990 1.664239
v -4.775928 9.892757 1.692612
v -4.707203 9.852658 1.705856
v -4.651667 9.827548 1.721997
v -4.595343 9.815878 1.828177
v -4.595343 9.815878 1.828177
v -4.595343 9.815878 1.721997
v -4.595343 9.815878 1.721997
v -4.539047 9.827548 1.721997
v -4.534407 9.816862 1.705856
v -4.519110 9.781515 1.692612
v -4.503813 9.746196 1.664239
v -4.503813 9.746196 1.664239
v -4.503813 9.746196 1.828177
v -4.595343 9.727216 1.664239
v -4.595343 9.727216 1.664239
v -4.595343 9.727216 1.664239
v -4.595343 9.727216 1.664239
v -4.595343 9.727216 1.828177
v -4.595343 9.727216 1.828177
v -4.686901 9.746196 1.664239
v -4.686901 9.746196 1.664239
v -4.735295 9.826338 1.692612
v -4.656307 9.816862 1.705856
v -4.595343 9.804208 1.705856
v -4.595343 9.804208 1.705856
v -4.595343 9.765712 1.692612
v -4.595343 9.765712 1.692612
v -4.671604 9.781515 1.692612
v 5.884821 7.926457 -1.667916
v 5.884821 7.926457 -1.667916
v 5.884821 7.926457 -1.667916
v 5.884821 7.926457 -1.667916
v 5.884821 8.053065 -1.667916
v 5.884821 8.053065 -1.667916
v 5.884821 8.053065 -1.667916
v 5.884821 8.053065 -1.667916
v 5.736827 7.926457 -1.667916
v 5.736827 7.926457 -1.667916
v 5.736827 7.926457 -1.667916
v 5.736827 7.926457 -1.667916
v 5.598242 8.053065 -1.667916
v 5.598242 8.053065 -1.667916
v 5.598242 8.053065 -1.667916
v 5.598242 8.053065 -1.667916
v 5.884821 8.090705 -1.621721
v 5.884821 8.090705 -1.621721
v 5.884821 8.090705 -1.621721
v 5.884821 8.090705 -1.621721
v 5.559747 8.090705 -1.621721
v 5.559747 8.090705 -1.621721
v 5.559747 8.090705 -1.621721
v 5.559747 8.090705 -1.621721
v 5.534938 8.115514 -1.621721
v 5.534938 8.115514 -1.621721
v 5.534938 8.115514 -1.621721
v 5.534938 8.115514 -1.621721
v 5.884821 8.115514 -1.621721
v 5.884821 8.115514 -1.621721
v 5.884821 8.115514 -1.621721
v 5.884821 8.115514 -1.621721
v 6.257802 8.115514 -1.621721
v 6.257802 8.115514 -1.621721
v 6.257802 8.115514 -1.621721
v 6.257802 8.115514 -1.621721
v 6.232993 8.090705 -1.621721
v 6.232993 8.090705 -1.621721
v 6.232993 8.090705 -1.621721
v 6.232993 8.090705 -1.621721
v 6.194498 8.053065 -1.667916
v 6.194498 8.053065 -1.667916
v 6.194498 8.053065 -1.667916
v 6.194498 8.053065 -1.667916
v 6.033671 7.926457 -1.667916
v 6.033671 7.926457 -1.667916
v 6.033671 7.926457 -1.667916
v 6.033671 7.926457 -1.667916
v 6.033671 7.419169 -1.889480
v 6.033671 7.419169 -1.667916
v 6.033671 7.419169 -1.667916
v 6.033671 7.926457 -1.889480
v 6.033671 7.926457 -1.889480
v 5.884821 7.926457 -1.889480
v 5.884821 7.926457 -1.889480
v 5.736827 7.926457 -1.889480
v 5.736827 7.926457 -1.889480
v 5.736827 7.419169 -1.889480
v 5.736827 7.419169 -1.667916
v 5.736827 7.419169 -1.667916
v 5.598242 7.419169 -1.667916
v 5.598242 7.419169 -1.667916
v 5.559747 7.419169 -1.621721
v 5.559747 7.419169 -1.621721
v 5.534938 7.419169 -1.621721
v 5.534938 7.419169 -1.621721
v 5.534938 7.419169 -1.889480
v 5.534938 8.115514 -1.889480
v 5.534938 8.115514 -1.889480
v 5.884821 8.115514 -1.889480
v 5.884821 8.115514 -1.889480
v 6.257802 8.115514 -1.889480
v 6.257802 8.115514 -1.889480
v 6.257802 7.419169 -1.889480
v 6.257802 7.419169 -1.621721
v 6.257802 7.419169 -1.621721
v 6.232993 7.419169 -1.621721
v 6.232993 7.419169 -1.621721
v 6.194498 7.419169 -1.667916
v 6.194498 7.419169 -1.667916
v 2.918088 7.926457 -1.667916
v 2.918088 7.926457 -1.667916
v 2.918088 7.926457 -1.667916
v 2.918088 7.926457 -1.667916
v 2.918088 8.053065 -1.667916
v 2.918088 8.053065 -1.667916
v 2.918088 8.053065 -1.667916
v 2.918088 8.053065 -1.667916
v 2.770093 7.926457 -1.667916
v 2.770093 7.926457 -1.667916
v 2.770093 7.926457 -1.667916
v 2.770093 7.926457 -1.667916
v 2.630654 8.053065 -1.667916
v 2.630654 8.053065 -1.667916
v 2.630654 8.053065 -1.667916
v 2.630654 8.053065 -1.667916
v 2.918088 8.090705 -1.621721
v 2.918088 8.090705 -1.621721
v 2.918088 8.090705 -1.621721
v 2.918088 8.090705 -1.621721
v 2.593013 8.090705 -1.621721
v 2.593013 8.090705 -1.621721
v 2.593013 8.090705 -1.621721
v 2.593013 8.090705 -1.621721
v 2.568205 8.115514 -1.621721
v 2.568205 8.115514 -1.621721
v 2.568205 8.115514 -1.621721
v 2.568205 8.115514 -1.621721
v 2.918088 8.115514 -1.621721
v 2.918088 8.115514 -1.621721
v 2.918088 8.115514 -1.621721
v 2.918088 8.115514 -1.621721
v 3.291068 8.115514 -1.621721
v 3.291068 8.115514 -1.621721
v 3.291068 8.115514 -1.621721
v 3.291068 8.115514 -1.621721
v 3.266260 8.090705 -1.621721
v 3.266260 8.090705 -1.621721
v 3.266260 8.090705 -1.621721
v 3.266260 8.090705 -1.621721
v 3.227764 8.053065 -1.667916
v 3.227764 8.053065 -1.667916
v 3.227764 8.053065 -1.667916
v 3.227764 8.053065 -1.667916
v 3.066082 7.926457 -1.667916
v 3.066082 7.926457 -1.667916
v 3.066082 7.926457 -1.667916
v 3.066082 7.926457 -1.667916
v 3.066082 7.419169 -1.889480
v 3.066082 7.419169 -1.667916
v 3.066082 7.419169 -1.667916
v 3.066082 7.926457 -1.889480
v 3.066082 7.926457 -1.889480
v 2.918088 7.926457 -1.889480
v 2.918088 7.926457 -1.889480
v 2.770093 7.926457 -1.889480
v 2.770093 7.926457 -1.889480
v 2.770093 7.419169 -1.889480
v 2.770093 7.419169 -1.667916
v 2.770093 7.419169 -1.667916
v 2.630654 7.419169 -1.667916
v 2.630654 7.419169 -1.667916
v 2.593013 7.419169 -1.621721
v 2.593013 7.419169 -1.621721
v 2.568205 7.419169 -1.621721
v 2.568205 7.419169 -1.621721
v 2.568205 7.419169 -1.889480
v 2.568205 8.115514 -1.889480
v 2.568205 8.115514 -1.889480
v 2.918088 8.115514 -1.889480
v 2.918088 8.115514 -1.889480
v 3.291068 8.115514 -1.889480
v 3.291068 8.115514 -1.889480
v 3.291068 7.419169 -1.889480
v 3.291068 7.419169 -1.621721
v 3.291068 7.419169 -1.621721
v 3.266260 7.419169 -1.621721
v 3.266260 7.419169 -1.621721
v 3.227764 7.419169 -1.667916
v 3.227764 7.419169 -1.667916
v -0.021270 7.926457 -1.667916
v -0.021270 7.926457 -1.667916
v -0.021270 7.926457 -1.667916
v -0.021270 7.926457 -1.667916
v -0.021270 8.053065 -1.667916
v -0.021270 8.053065 -1.667916
v -0.021270 8.053065 -1.667916
v -0.021270 8.053065 -1.667916
v -0.169265 7.926457 -1.667916
v -0.169265 7.926457 -1.667916
v -0.169265 7.926457 -1.667916
v -0.169265 7.926457 -1.667916
v -0.308705 8.053065 -1.667916
v -0.308705 8.053065 -1.667916
v -0.308705 8.053065 -1.667916
v -0.308705 8.053065 -1.667916
v -0.021270 8.090705 -1.621721
v -0.021270 8.090705 -1.621721
v -0.021270 8.090705 -1.621721
v -0.021270 8.090705 -1.621721
v -0.346345 8.090705 -1.621721
v -0.346345 8.090705 -1.621721
v -0.346345 8.090705 -1.621721
v -0.346345 8.090705 -1.621721
v -0.371154 8.115514 -1.621721
v -0.371154 8.115514 -1.621721
v -0.371154 8.115514 -1.621721
v -0.371154 8.115514 -1.621721
v -0.021270 8.115514 -1.621721
v -0.021270 8.115514 -1.621721
v -0.021270 8.115514 -1.621721
v -0.021270 8.115514 -1.621721
v 0.350854 8.115514 -1.621721
v 0.350854 8.115514 -1.621721
v 0.350854 8.115514 -1.621721
v 0.350854 8.115514 -1.621721
v 0.326046 8.090705 -1.621721
v 0.326046 8.090705 -1.621721
v 0.326046 8.090705 -1.621721
v 0.326046 8.090705 -1.621721
v 0.288406 8.053065 -1.667916
v 0.288406 8.053065 -1.667916
v 0.288406 8.053065 -1.667916
v 0.288406 8.053065 -1.667916
v 0.126724 7.926457 -1.667916
v 0.126724 7.926457 -1.667916
v 0.126724 7.926457 -1.667916
v 0.126724 7.926457 -1.667916
v 0.126724 7.419169 -1.889480
v 0.126724 7.419169 -1.667916
v 0.126724 7.419169 -1.667916
v 0.126724 7.926457 -1.889480
v 0.126724 7.926457 -1.889480
v -0.021270 7.926457 -1.889480
v -0.021270 7.926457 -1.889480
v -0.169265 7.926457 -1.889480
v -0.169265 7.926457 -1.889480
v -0.169265 7.419169 -1.889480
v -0.169265 7.419169 -1.667916
v -0.169265 7.419169 -1.667916
v -0.308705 7.419169 -1.667916
v -0.308705 7.419169 -1.667916
v -0.346345 7.419169 -1.621721
v -0.346345 7.419169 -1.621721
v -0.371154 7.419169 -1.621721
v -0.371154 7.419169 -1.621721
v -0.371154 7.419169 -1.889480
v -0.371154 8.115514 -1.889480
v -0.371154 8.115514 -1.889480
v -0.021270 8.115514 -1.889480
v -0.021270 8.115514 -1.889480
v 0.350854 8.115514 -1.889480
v 0.350854 8.115514 -1.889480
v 0.350854 7.419169 -1.889480
v 0.350854 7.419169 -1.621721
v 0.350854 7.419169 -1.621721
v 0.326046 7.419169 -1.621721
v 0.326046 7.419169 -1.621721
v 0.288406 7.419169 -1.667916
v 0.288406 7.419169 -1.667916
v -2.999125 7.926457 -1.667916
v -2.999125 7.926457 -1.667916
v -2.999125 7.926457 -1.667916
v -2.999125 7.926457 -1.667916
v -2.999125 8.053065 -1.667916
v -2.999125 8.053065 -1.667916
v -2.999125 8.053065 -1.667916
v -2.999125 8.053065 -1.667916
v -3.147119 7.926457 -1.667916
v -3.147119 7.926457 -1.667916
v -3.147119 7.926457 -1.667916
v -3.147119 7.926457 -1.667916
v -3.285704 8.053065 -1.667916
v -3.285704 8.053065 -1.667916
v -3.285704 8.053065 -1.667916
v -3.285704 8.053065 -1.667916
v -2.999125 8.090705 -1.621721
v -2.999125 8.090705 -1.621721
v -2.999125 8.090705 -1.621721
v -2.999125 8.090705 -1.621721
v -3.324199 8.090705 -1.621721
v -3.324199 8.090705 -1.621721
v -3.324199 8.090705 -1.621721
v -3.324199 8.090705 -1.621721
v -3.349007 8.115514 -1.621721
v -3.349007 8.115514 -1.621721
v -3.349007 8.115514 -1.621721
v -3.349007 8.115514 -1.621721
v -2.999125 8.115514 -1.621721
v -2.999125 8.115514 -1.621721
v -2.999125 8.115514 -1.621721
v -2.999125 8.115514 -1.621721
v -2.626145 8.115514 -1.621721
v -2.626145 8.115514 -1.621721
v -2.626145 8.115514 -1.621721
v -2.626145 8.115514 -1.621721
v -2.650953 8.090705 -1.621721
v -2.650953 8.090705 -1.621721
v -2.650953 8.090705 -1.621721
v -2.650953 8.090705 -1.621721
v -2.689448 8.053065 -1.667916
v -2.689448 8.053065 -1.667916
v -2.689448 8.053065 -1.667916
v -2.689448 8.053065 -1.667916
v -2.851130 7.926457 -1.667916
v -2.851130 7.926457 -1.667916
v -2.851130 7.926457 -1.667916
v -2.851130 7.926457 -1.667916
v -2.851130 7.419169 -1.889480
v -2.851130 7.419169 -1.667916
v -2.851130 7.419169 -1.667916
v -2.851130 7.926457 -1.889480
v -2.851130 7.926457 -1.889480
v -2.999125 7.926457 -1.889480
v -2.999125 7.926457 -1.889480
v -3.147119 7.926457 -1.889480
v -3.147119 7.926457 -1.889480
v -3.147119 7.419169 -1.889480
v -3.147119 7.419169 -1.667916
v -3.147119 7.419169 -1.667916
v -3.285704 7.419169 -1.667916
v -3.285704 7.419169 -1.667916
v -3.324199 7.419169 -1.621721
v -3.324199 7.419169 -1.621721
v -3.349007 7.419169 -1.621721
v -3.349007 7.419169 -1.621721
v -3.349007 7.419169 -1.889480
v -3.349007 8.115514 -1.889480
v -3.349007 8.115514 -1.889480
v -2.999125 8.115514 -1.889480
v -2.999125 8.115514 -1.889480
v -2.626145 8.115514 -1.889480
v -2.626145 8.115514 -1.889480
v -2.626145 7.419169 -1.889480
v -2.626145 7.419169 -1.621721
v -2.626145 7.419169 -1.621721
v -2.650953 7.419169 -1.621721
v -2.650953 7.419169 -1.621721
v -2.689448 7.419169 -1.667916
v -2.689448 7.419169 -1.667916
v -5.967568 7.926457 -1.667916
v -5.967568 7.926457 -1.667916
v -5.967568 7.926457 -1.667916
v -5.967568 7.926457 -1.667916
v -5.967568 8.053065 -1.667916
v -5.967568 8.053065 -1.667916
v -5.967568 8.053065 -1.667916
v -5.967568 8.053065 -1.667916
v -6.115563 7.926457 -1.667916
v -6.115563 7.926457 -1.667916
v -6.115563 7.926457 -1.667916
v -6.115563 7.926457 -1.667916
v -6.254148 8.053065 -1.667916
v -6.254148 8.053065 -1.667916
v -6.254148 8.053065 -1.667916
v -6.254148 8.053065 -1.667916
v -5.967568 8.090705 -1.621721
v -5.967568 8.090705 -1.621721
v -5.967568 8.090705 -1.621721
v -5.967568 8.090705 -1.621721
v -6.292643 8.090705 -1.621721
v -6.292643 8.090705 -1.621721
v -6.292643 8.090705 -1.621721
v -6.292643 8.090705 -1.621721
v -6.317451 8.115514 -1.621721
v -6.317451 8.115514 -1.621721
v -6.317451 8.115514 -1.621721
v -6.317451 8.115514 -1.621721
v -5.967568 8.115514 -1.621721
v -5.967568 8.115514 -1.621721
v -5.967568 8.115514 -1.621721
v -5.967568 8.115514 -1.621721
v -5.594588 8.115514 -1.621721
v -5.594588 8.115514 -1.621721
v -5.594588 8.115514 -1.621721
v -5.594588 8.115514 -1.621721
v -5.619397 8.090705 -1.621721
v -5.619397 8.090705 -1.621721
v -5.619397 8.090705 -1.621721
v -5.619397 8.090705 -1.621721
v -5.657893 8.053065 -1.667916
v -5.657893 8.053065 -1.667916
v -5.657893 8.053065 -1.667916
v -5.657893 8.053065 -1.667916
v -5.818719 7.926457 -1.667916
v -5.818719 7.926457 -1.667916
v -5.818719 7.926457 -1.667916
v -5.818719 7.926457 -1.667916
v -5.818719 7.419169 -1.889480
v -5.818719 7.419169 -1.667916
v -5.818719 7.419169 -1.667916
v -5.818719 7.926457 -1.889480
v -5.818719 7.926457 -1.889480
v -5.967568 7.926457 -1.889480
v -5.967568 7.926457 -1.889480
v -6.115563 7.926457 -1.889480
v -6.115563 7.926457 -1.889480
v -6.115563 7.419169 -1.889480
v -6.115563 7.419169 -1.667916
v -6.115563 7.419169 -1.667916
v -6.254148 7.419169 -1.667916
v -6.254148 7.419169 -1.667916
v -6.292643 7.419169 -1.621721
v -6.292643 7.419169 -1.621721
v -6.317451 7.419169 -1.621721
v -6.317451 7.419169 -1.621721
v -6.317451 7.419169 -1.889480
v -6.317451 8.115514 -1.889480
v -6.317451 8.115514 -1.889480
v -5.967568 8.115514 -1.889480
v -5.967568 8.115514 -1.889480
v -5.594588 8.115514 -1.889480
v -5.594588 8.115514 -1.889480
v -5.594588 7.419169 -1.889480
v -5.594588 7.419169 -1.621721
v -5.594588 7.419169 -1.621721
v -5.619397 7.419169 -1.621721
v -5.619397 7.419169 -1.621721
v -5.657893 7.419169 -1.667916
v -5.657893 7.419169 -1.667916
v -7.535626 7.881118 0.172178
v -7.535626 7.881118 0.172178
v -7.535626 7.881118 0.172178
v -7.535626 7.881118 0.172178
v -7.535626 8.007726 0.024183
v -7.535626 8.007726 0.024183
v -7.535626 8.007726 0.024183
v -7.535626 8.007726 0.024183
v -7.535626 8.007726 0.333860
v -7.535626 8.007726 0.333860
v -7.535626 8.007726 0.333860
v -7.535626 8.007726 0.333860
v -7.489431 8.046222 0.024183
v -7.489431 8.046222 0.024183
v -7.489431 8.046222 0.024183
v -7.489431 8.046222 0.024183
v -7.489431 8.046222 0.371500
v -7.489431 8.046222 0.371500
v -7.489431 8.046222 0.371500
v -7.489431 8.046222 0.371500
v -7.489431 8.071030 0.396308
v -7.489431 8.071030 0.396308
v -7.489431 8.071030 0.396308
v -7.489431 8.071030 0.396308
v -7.489431 8.071030 0.024183
v -7.489431 8.071030 0.024183
v -7.489431 8.071030 0.024183
v -7.489431 8.071030 0.024183
v -7.489431 8.071030 -0.325700
v -7.489431 8.071030 -0.325700
v -7.489431 8.071030 -0.325700
v -7.489431 8.071030 -0.325700
v -7.489431 8.046222 -0.300892
v -7.489431 8.046222 -0.300892
v -7.489431 8.046222 -0.300892
v -7.489431 8.046222 -0.300892
v -7.535626 8.007726 -0.263251
v -7.535626 8.007726 -0.263251
v -7.535626 8.007726 -0.263251
v -7.535626 8.007726 -0.263251
v -7.535626 7.881118 -0.124667
v -7.535626 7.881118 -0.124667
v -7.535626 7.881118 -0.124667
v -7.535626 7.881118 -0.124667
v -7.535626 7.881118 0.024183
v -7.535626 7.881118 0.024183
v -7.535626 7.881118 0.024183
v -7.535626 7.881118 0.024183
v -7.757189 7.881118 0.172178
v -7.757189 7.881118 0.172178
v -7.757189 7.373830 0.172178
v -7.535626 7.373830 0.172178
v -7.535626 7.373830 0.172178
v -7.535626 7.373830 0.333860
v -7.535626 7.373830 0.333860
v -7.489431 7.373830 0.371500
v -7.489431 7.373830 0.371500
v -7.489431 7.373830 0.396308
v -7.489431 7.373830 0.396308
v -7.757189 7.373830 0.396308
v -7.757189 8.071030 0.396308
v -7.757189 8.071030 0.396308
v -7.757189 8.071030 0.024183
v -7.757189 8.071030 0.024183
v -7.757189 8.071030 -0.325700
v -7.757189 8.071030 -0.325700
v -7.757189 7.373830 -0.325700
v -7.489431 7.373830 -0.325700
v -7.489431 7.373830 -0.325700
v -7.489431 7.373830 -0.300892
v -7.489431 7.373830 -0.300892
v -7.535626 7.373830 -0.263251
v -7.535626 7.373830 -0.263251
v -7.535626 7.373830 -0.124667
v -7.535626 7.373830 -0.124667
v -7.757189 7.373830 -0.124667
v -7.757189 7.881118 -0.124667
v -7.757189 7.881118 -0.124667
v -7.757189 7.881118 0.024183
v -7.757189 7.881118 0.024183
v 6.033671 7.926457 1.709439
v 6.033671 7.926457 1.709439
v 6.033671 7.926457 1.709439
v 6.033671 7.926457 1.709439
v 5.884821 8.053065 1.709439
v 5.884821 8.053065 1.709439
v 5.884821 8.053065 1.709439
v 5.884821 8.053065 1.709439
v 6.194498 8.053065 1.709439
v 6.194498 8.053065 1.709439
v 6.194498 8.053065 1.709439
v 6.194498 8.053065 1.709439
v 5.884821 8.090705 1.663244
v 5.884821 8.090705 1.663244
v 5.884821 8.090705 1.663244
v 5.884821 8.090705 1.663244
v 6.232993 8.090705 1.663244
v 6.232993 8.090705 1.663244
v 6.232993 8.090705 1.663244
v 6.232993 8.090705 1.663244
v 6.257802 8.115514 1.663244
v 6.257802 8.115514 1.663244
v 6.257802 8.115514 1.663244
v 6.257802 8.115514 1.663244
v 5.884821 8.115514 1.663244
v 5.884821 8.115514 1.663244
v 5.884821 8.115514 1.663244
v 5.884821 8.115514 1.663244
v 5.534938 8.115514 1.663244
v 5.534938 8.115514 1.663244
v 5.534938 8.115514 1.663244
v 5.534938 8.115514 1.663244
v 5.559747 8.090705 1.663244
v 5.559747 8.090705 1.663244
v 5.559747 8.090705 1.663244
v 5.559747 8.090705 1.663244
v 5.598242 8.053065 1.709439
v 5.598242 8.053065 1.709439
v 5.598242 8.053065 1.709439
v 5.598242 8.053065 1.709439
v 5.736827 7.926457 1.709439
v 5.736827 7.926457 1.709439
v 5.736827 7.926457 1.709439
v 5.736827 7.926457 1.709439
v 5.884821 7.926457 1.709439
v 5.884821 7.926457 1.709439
v 5.884821 7.926457 1.709439
v 5.884821 7.926457 1.709439
v 6.033671 7.926457 1.931003
v 6.033671 7.926457 1.931003
v 6.033671 7.419169 1.931003
v 6.033671 7.419169 1.709439
v 6.033671 7.419169 1.709439
v 6.194498 7.419169 1.709439
v 6.194498 7.419169 1.709439
v 6.232993 7.419169 1.663244
v 6.232993 7.419169 1.663244
v 6.257802 7.419169 1.663244
v 6.257802 7.419169 1.663244
v 6.257802 7.419169 1.931003
v 6.257802 8.115514 1.931003
v 6.257802 8.115514 1.931003
v 5.884821 8.115514 1.931003
v 5.884821 8.115514 1.931003
v 5.534938 8.115514 1.931003
v 5.534938 8.115514 1.931003
v 5.534938 7.419169 1.931003
v 5.534938 7.419169 1.663244
v 5.534938 7.419169 1.663244
v 5.559747 7.419169 1.663244
v 5.559747 7.419169 1.663244
v 5.598242 7.419169 1.709439
v 5.598242 7.419169 1.709439
v 5.736827 7.419169 1.709439
v 5.736827 7.419169 1.709439
v 5.736827 7.419169 1.931003
v 5.736827 7.926457 1.931003
v 5.736827 7.926457 1.931003
v 5.884821 7.926457 1.931003
v 5.884821 7.926457 1.931003
v 3.066082 7.926457 1.709439
v 3.066082 7.926457 1.709439
v 3.066082 7.926457 1.709439
v 3.066082 7.926457 1.709439
v 2.918088 8.053065 1.709439
v 2.918088 8.053065 1.709439
v 2.918088 8.053065 1.709439
v 2.918088 8.053065 1.709439
v 3.227764 8.053065 1.709439
v 3.227764 8.053065 1.709439
v 3.227764 8.053065 1.709439
v 3.227764 8.053065 1.709439
v 2.918088 8.090705 1.663244
v 2.918088 8.090705 1.663244
v 2.918088 8.090705 1.663244
v 2.918088 8.090705 1.663244
v 3.266260 8.090705 1.663244
v 3.266260 8.090705 1.663244
v 3.266260 8.090705 1.663244
v 3.266260 8.090705 1.663244
v 3.291068 8.115514 1.663244
v 3.291068 8.115514 1.663244
v 3.291068 8.115514 1.663244
v 3.291068 8.115514 1.663244
v 2.918088 8.115514 1.663244
v 2.918088 8.115514 1.663244
v 2.918088 8.115514 1.663244
v 2.918088 8.115514 1.663244
v 2.568205 8.115514 1.663244
v 2.568205 8.115514 1.663244
v 2.568205 8.115514 1.663244
v 2.568205 8.115514 1.663244
v 2.593013 8.090705 1.663244
v 2.593013 8.090705 1.663244
v 2.593013 8.090705 1.663244
v 2.593013 8.090705 1.663244
v 2.630654 8.053065 1.709439
v 2.630654 8.053065 1.709439
v 2.630654 8.053065 1.709439
v 2.630654 8.053065 1.709439
v 2.770093 7.926457 1.709439
v 2.770093 7.926457 1.709439
v 2.770093 7.926457 1.709439
v 2.770093 7.926457 1.709439
v 2.918088 7.926457 1.709439
v 2.918088 7.926457 1.709439
v 2.918088 7.926457 1.709439
v 2.918088 7.926457 1.709439
v 3.066082 7.926457 1.931003
v 3.066082 7.926457 1.931003
v 3.066082 7.419169 1.931003
v 3.066082 7.419169 1.709439
v 3.066082 7.419169 1.709439
v 3.227764 7.419169 1.709439
v 3.227764 7.419169 1.709439
v 3.266260 7.419169 1.663244
v 3.266260 7.419169 1.663244
v 3.291068 7.419169 1.663244
v 3.291068 7.419169 1.663244
v 3.291068 7.419169 1.931003
v 3.291068 8.115514 1.931003
v 3.291068 8.115514 1.931003
v 2.918088 8.115514 1.931003
v 2.918088 8.115514 1.931003
v 2.568205 8.115514 1.931003
v 2.568205 8.115514 1.931003
v 2.568205 7.419169 1.931003
v 2.568205 7.419169 1.663244
v 2.568205 7.419169 1.663244
v 2.593013 7.419169 1.663244
v 2.593013 7.419169 1.663244
v 2.630654 7.419169 1.709439
v 2.630654 7.419169 1.709439
v 2.770093 7.419169 1.709439
v 2.770093 7.419169 1.709439
v 2.770093 7.419169 1.931003
v 2.770093 7.926457 1.931003
v 2.770093 7.926457 1.931003
v 2.918088 7.926457 1.931003
v 2.918088 7.926457 1.931003
v 0.126724 7.926457 1.709439
v 0.126724 7.926457 1.709439
v 0.126724 7.926457 1.709439
v 0.126724 7.926457 1.709439
v -0.021270 8.053065 1.709439
v -0.021270 8.053065 1.709439
v -0.021270 8.053065 1.709439
v -0.021270 8.053065 1.709439
v 0.288406 8.053065 1.709439
v 0.288406 8.053065 1.709439
v 0.288406 8.053065 1.709439
v 0.288406 8.053065 1.709439
v -0.021270 8.090705 1.663244
v -0.021270 8.090705 1.663244
v -0.021270 8.090705 1.663244
v -0.021270 8.090705 1.663244
v 0.326046 8.090705 1.663244
v 0.326046 8.090705 1.663244
v 0.326046 8.090705 1.663244
v 0.326046 8.090705 1.663244
v 0.350854 8.115514 1.663244
v 0.350854 8.115514 1.663244
v 0.350854 8.115514 1.663244
v 0.350854 8.115514 1.663244
v -0.021270 8.115514 1.663244
v -0.021270 8.115514 1.663244
v -0.021270 8.115514 1.663244
v -0.021270 8.115514 1.663244
v -0.371154 8.115514 1.663244
v -0.371154 8.115514 1.663244
v -0.371154 8.115514 1.663244
v -0.371154 8.115514 1.663244
v -0.346345 8.090705 1.663244
v -0.346345 8.090705 1.663244
v -0.346345 8.090705 1.663244
v -0.346345 8.090705 1.663244
v -0.308705 8.053065 1.709439
v -0.308705 8.053065 1.709439
v -0.308705 8.053065 1.709439
v -0.308705 8.053065 1.709439
v -0.169265 7.926457 1.709439
v -0.169265 7.926457 1.709439
v -0.169265 7.926457 1.709439
v -0.169265 7.926457 1.709439
v -0.021270 7.926457 1.709439
v -0.021270 7.926457 1.709439
v -0.021270 7.926457 1.709439
v -0.021270 7.926457 1.709439
v 0.126724 7.926457 1.931003
v 0.126724 7.926457 1.931003
v 0.126724 7.419169 1.931003
v 0.126724 7.419169 1.709439
v 0.126724 7.419169 1.709439
v 0.288406 7.419169 1.709439
v 0.288406 7.419169 1.709439
v 0.326046 7.419169 1.663244
v 0.326046 7.419169 1.663244
v 0.350854 7.419169 1.663244
v 0.350854 7.419169 1.663244
v 0.350854 7.419169 1.931003
v 0.350854 8.115514 1.931003
v 0.350854 8.115514 1.931003
v -0.021270 8.115514 1.931003
v -0.021270 8.115514 1.931003
v -0.371154 8.115514 1.931003
v -0.371154 8.115514 1.931003
v -0.371154 7.419169 1.931003
v -0.371154 7.419169 1.663244
v -0.371154 7.419169 1.663244
v -0.346345 7.419169 1.663244
v -0.346345 7.419169 1.663244
v -0.308705 7.419169 1.709439
v -0.308705 7.419169 1.709439
v -0.169265 7.419169 1.709439
v -0.169265 7.419169 1.709439
v -0.169265 7.419169 1.931003
v -0.169265 7.926457 1.931003
v -0.169265 7.926457 1.931003
v -0.021270 7.926457 1.931003
v -0.021270 7.926457 1.931003
v -2.851130 7.926457 1.709439
v -2.851130 7.926457 1.709439
v -2.851130 7.926457 1.709439
v -2.851130 7.926457 1.709439
v -2.999125 8.053065 1.709439
v -2.999125 8.053065 1.709439
v -2.999125 8.053065 1.709439
v -2.999125 8.053065 1.709439
v -2.689448 8.053065 1.709439
v -2.689448 8.053065 1.709439
v -2.689448 8.053065 1.709439
v -2.689448 8.053065 1.709439
v -2.999125 8.090705 1.663244
v -2.999125 8.090705 1.663244
v -2.999125 8.090705 1.663244
v -2.999125 8.090705 1.663244
v -2.650953 8.090705 1.663244
v -2.650953 8.090705 1.663244
v -2.650953 8.090705 1.663244
v -2.650953 8.090705 1.663244
v -2.626145 8.115514 1.663244
v -2.626145 8.115514 1.663244
v -2.626145 8.115514 1.663244
v -2.626145 8.115514 1.663244
v -2.999125 8.115514 1.663244
v -2.999125 8.115514 1.663244
v -2.999125 8.115514 1.663244
v -2.999125 8.115514 1.663244
v -3.349007 8.115514 1.663244
v -3.349007 8.115514 1.663244
v -3.349007 8.115514 1.663244
v -3.349007 8.115514 1.663244
v -3.324199 8.090705 1.663244
v -3.324199 8.090705 1.663244
v -3.324199 8.090705 1.663244
v -3.324199 8.090705 1.663244
v -3.285704 8.053065 1.709439
v -3.285704 8.053065 1.709439
v -3.285704 8.053065 1.709439
v -3.285704 8.053065 1.709439
v -3.147119 7.926457 1.709439
v -3.147119 7.926457 1.709439
v -3.147119 7.926457 1.709439
v -3.147119 7.926457 1.709439
v -2.999125 7.926457 1.709439
v -2.999125 7.926457 1.709439
v -2.999125 7.926457 1.709439
v -2.999125 7.926457 1.709439
v -2.851130 7.926457 1.931003
v -2.851130 7.926457 1.931003
v -2.851130 7.419169 1.931003
v -2.851130 7.419169 1.709439
v -2.851130 7.419169 1.709439
v -2.689448 7.419169 1.709439
v -2.689448 7.419169 1.709439
v -2.650953 7.419169 1.663244
v -2.650953 7.419169 1.663244
v -2.626145 7.419169 1.663244
v -2.626145 7.419169 1.663244
v -2.626145 7.419169 1.931003
v -2.626145 8.115514 1.931003
v -2.626145 8.115514 1.931003
v -2.999125 8.115514 1.931003
v -2.999125 8.115514 1.931003
v -3.349007 8.115514 1.931003
v -3.349007 8.115514 1.931003
v -3.349007 7.419169 1.931003
v -3.349007 7.419169 1.663244
v -3.349007 7.419169 1.663244
v -3.324199 7.419169 1.663244
v -3.324199 7.419169 1.663244
v -3.285704 7.419169 1.709439
v -3.285704 7.419169 1.709439
v -3.147119 7.419169 1.709439
v -3.147119 7.419169 1.709439
v -3.147119 7.419169 1.931003
v -3.147119 7.926457 1.931003
v -3.147119 7.926457 1.931003
v -2.999125 7.926457 1.931003
v -2.999125 7.926457 1.931003
v -5.818719 7.926457 1.709439
v -5.818719 7.926457 1.709439
v -5.818719 7.926457 1.709439
v -5.818719 7.926457 1.709439
v -5.967568 8.053065 1.709439
v -5.967568 8.053065 1.709439
v -5.967568 8.053065 1.709439
v -5.967568 8.053065 1.709439
v -5.657893 8.053065 1.709439
v -5.657893 8.053065 1.709439
v -5.657893 8.053065 1.709439
v -5.657893 8.053065 1.709439
v -5.967568 8.090705 1.663244
v -5.967568 8.090705 1.663244
v -5.967568 8.090705 1.663244
v -5.967568 8.090705 1.663244
v -5.619397 8.090705 1.663244
v -5.619397 8.090705 1.663244
v -5.619397 8.090705 1.663244
v -5.619397 8.090705 1.663244
v -5.594588 8.115514 1.663244
v -5.594588 8.115514 1.663244
v -5.594588 8.115514 1.663244
v -5.594588 8.115514 1.663244
v -5.967568 8.115514 1.663244
v -5.967568 8.115514 1.663244
v -5.967568 8.115514 1.663244
v -5.967568 8.115514 1.663244
v -6.317451 8.115514 1.663244
v -6.317451 8.115514 1.663244
v -6.317451 8.115514 1.663244
v -6.317451 8.115514 1.663244
v -6.292643 8.090705 1.663244
v -6.292643 8.090705 1.663244
v -6.292643 8.090705 1.663244
v -6.292643 8.090705 1.663244
v -6.254148 8.053065 1.709439
v -6.254148 8.053065 1.709439
v -6.254148 8.053065 1.709439
v -6.254148 8.053065 1.709439
v -6.115563 7.926457 1.709439
v -6.115563 7.926457 1.709439
v -6.115563 7.926457 1.709439
v -6.115563 7.926457 1.709439
v -5.967568 7.926457 1.709439
v -5.967568 7.926457 1.709439
v -5.967568 7.926457 1.709439
v -5.967568 7.926457 1.709439
v -5.818719 7.926457 1.931003
v -5.818719 7.926457 1.931003
v -5.818719 7.419169 1.931003
v -5.818719 7.419169 1.709439
v -5.818719 7.419169 1.709439
v -5.657893 7.419169 1.709439
v -5.657893 7.419169 1.709439
v -5.619397 7.419169 1.663244
v -5.619397 7.419169 1.663244
v -5.594588 7.419169 1.663244
v -5.594588 7.419169 1.663244
v -5.594588 7.419169 1.931003
v -5.594588 8.115514 1.931003
v -5.594588 8.115514 1.931003
v -5.967568 8.115514 1.931003
v -5.967568 8.115514 1.931003
v -6.317451 8.115514 1.931003
v -6.317451 8.115514 1.931003
v -6.317451 7.419169 1.931003
v -6.317451 7.419169 1.663244
v -6.317451 7.419169 1.663244
v -6.292643 7.419169 1.663244
v -6.292643 7.419169 1.663244
v -6.254148 7.419169 1.709439
v -6.254148 7.419169 1.709439
v -6.115563 7.419169 1.709439
v -6.115563 7.419169 1.709439
v -6.115563 7.419169 1.931003
v -6.115563 7.926457 1.931003
v -6.115563 7.926457 1.931003
v -5.967568 7.926457 1.931003
v -5.967568 7.926457 1.931003
v 7.804553 7.441695 2.237567
v 7.804553 7.441695 2.237567
v 7.804553 7.441695 2.237567
v 7.804553 7.441695 2.237567
v 7.200703 7.441695 1.633717
v 7.200703 7.441695 1.633717
v 7.200703 7.441695 1.633717
v 7.200703 7.441695 1.633717
v 6.211886 7.441695 2.237567
v 6.211886 7.441695 2.237567
v 6.211886 7.441695 2.237567
v 6.211886 7.441695 2.237567
v 6.211886 7.441695 1.633717
v 6.211886 7.441695 1.633717
v 6.211886 7.441695 1.633717
v 6.211886 7.441695 1.633717
v 3.087995 7.441695 1.633717
v 3.087995 7.441695 1.633717
v 3.087995 7.441695 1.633717
v 3.087995 7.441695 1.633717
v -0.045495 7.441695 1.633717
v -0.045495 7.441695 1.633717
v -0.045495 7.441695 1.633717
v -0.045495 7.441695 1.633717
v 3.087995 7.422495 1.613557
v 3.087995 7.422495 1.613557
v 3.087995 7.422495 1.613557
v 3.087995 7.422495 1.613557
v 6.211886 7.422495 1.613557
v 6.211886 7.422495 1.613557
v 6.211886 7.422495 1.613557
v 6.211886 7.422495 1.613557
v 7.180542 7.422495 1.613557
v 7.180542 7.422495 1.613557
v 7.180542 7.422495 1.613557
v 7.180542 7.422495 1.613557
v 7.180542 7.389854 1.613557
v 7.180542 7.389854 1.613557
v 7.180542 7.389854 1.613557
v 7.180542 7.389854 1.613557
v 7.180542 7.389854 0.656421
v 7.180542 7.389854 0.656421
v 7.180542 7.389854 0.656421
v 7.180542 7.389854 0.656421
v 7.180542 7.422495 0.656421
v 7.180542 7.422495 0.656421
v 7.180542 7.422495 0.656421
v 7.180542 7.422495 0.656421
v 7.200703 7.441695 0.656421
v 7.200703 7.441695 0.656421
v 7.200703 7.441695 0.656421
v 7.200703 7.441695 0.656421
v 7.804553 7.441695 0.656421
v 7.804553 7.441695 0.656421
v 7.804553 7.441695 0.656421
v 7.804553 7.441695 0.656421
v 7.824713 7.422495 0.656421
v 7.824713 7.422495 0.656421
v 7.824713 7.422495 0.656421
v 7.824713 7.422495 0.656421
v 7.824713 7.422495 2.256768
v 7.824713 7.422495 2.256768
v 7.824713 7.422495 2.256768
v 7.824713 7.422495 2.256768
v 7.824713 7.323613 0.656421
v 7.824713 7.323613 0.656421
v 7.824713 7.323613 0.656421
v 7.824713 7.323613 0.656421
v 7.824713 7.323613 2.256768
v 7.824713 7.323613 2.256768
v 7.824713 7.323613 2.256768
v 7.824713 7.323613 2.256768
v 7.246783 7.323613 1.679798
v 7.246783 7.323613 1.679798
v 7.246783 7.323613 1.679798
v 7.246783 7.323613 1.679798
v 7.246783 7.323613 0.656421
v 7.246783 7.323613 0.656421
v 7.246783 7.323613 0.656421
v 7.246783 7.323613 0.656421
v 7.246783 7.323613 0.010331
v 7.246783 7.323613 0.010331
v 7.246783 7.323613 0.010331
v 7.246783 7.323613 0.010331
v 7.180542 7.389854 0.010331
v 7.180542 7.389854 0.010331
v 7.180542 7.389854 0.010331
v 7.180542 7.389854 0.010331
v 7.180542 7.422495 0.010331
v 7.180542 7.422495 0.010331
v 7.180542 7.422495 0.010331
v 7.180542 7.422495 0.010331
v 7.200703 7.441695 0.010331
v 7.200703 7.441695 0.010331
v 7.200703 7.441695 0.010331
v 7.200703 7.441695 0.010331
v 7.804553 7.441695 0.010331
v 7.804553 7.441695 0.010331
v 7.804553 7.441695 0.010331
v 7.804553 7.441695 0.010331
v 7.824713 7.422495 0.010331
v 7.824713 7.422495 0.010331
v 7.824713 7.422495 0.010331
v 7.824713 7.422495 0.010331
v 7.824713 7.323613 0.010331
v 7.824713 7.323613 0.010331
v 7.824713 7.323613 0.010331
v 7.824713 7.323613 0.010331
v 7.246783 7.323613 -0.635760
v 7.246783 7.323613 -0.635760
v 7.246783 7.323613 -0.635760
v 7.246783 7.323613 -0.635760
v 7.180542 7.389854 -0.635760
v 7.180542 7.389854 -0.635760
v 7.180542 7.389854 -0.635760
v 7.180542 7.389854 -0.635760
v 7.180542 7.422495 -0.635760
v 7.180542 7.422495 -0.635760
v 7.180542 7.422495 -0.635760
v 7.180542 7.422495 -0.635760
v 7.200703 7.441695 -0.635760
v 7.200703 7.441695 -0.635760
v 7.200703 7.441695 -0.635760
v 7.200703 7.441695 -0.635760
v 7.804553 7.441695 -0.635760
v 7.804553 7.441695 -0.635760
v 7.804553 7.441695 -0.635760
v 7.804553 7.441695 -0.635760
v 7.824713 7.422495 -0.635760
v 7.824713 7.422495 -0.635760
v 7.824713 7.422495 -0.635760
v 7.824713 7.422495 -0.635760
v 7.824713 7.323613 -0.635760
v 7.824713 7.323613 -0.635760
v 7.824713 7.323613 -0.635760
v 7.824713 7.323613 -0.635760
v 7.824713 7.323613 -2.236106
v 7.824713 7.323613 -2.236106
v 7.824713 7.323613 -2.236106
v 7.824713 7.323613 -2.236106
v 7.246783 7.323613 -1.658177
v 7.246783 7.323613 -1.658177
v 7.246783 7.323613 -1.658177
v 7.246783 7.323613 -1.658177
v 7.180542 7.389854 -1.591936
v 7.180542 7.389854 -1.591936
v 7.180542 7.389854 -1.591936
v 7.180542 7.389854 -1.591936
v 7.180542 7.422495 -1.591936
v 7.180542 7.422495 -1.591936
v 7.180542 7.422495 -1.591936
v 7.180542 7.422495 -1.591936
v 7.200703 7.441695 -1.612096
v 7.200703 7.441695 -1.612096
v 7.200703 7.441695 -1.612096
v 7.200703 7.441695 -1.612096
v 7.804553 7.441695 -2.215946
v 7.804553 7.441695 -2.215946
v 7.804553 7.441695 -2.215946
v 7.804553 7.441695 -2.215946
v 7.824713 7.422495 -2.236106
v 7.824713 7.422495 -2.236106
v 7.824713 7.422495 -2.236106
v 7.824713 7.422495 -2.236106
v 6.211886 7.323613 -2.236106
v 6.211886 7.323613 -2.236106
v 6.211886 7.323613 -2.236106
v 6.211886 7.323613 -2.236106
v 6.211886 7.323613 -1.658177
v 6.211886 7.323613 -1.658177
v 6.211886 7.323613 -1.658177
v 6.211886 7.323613 -1.658177
v 6.211886 7.389854 -1.591936
v 6.211886 7.389854 -1.591936
v 6.211886 7.389854 -1.591936
v 6.211886 7.389854 -1.591936
v 6.211886 7.422495 -1.591936
v 6.211886 7.422495 -1.591936
v 6.211886 7.422495 -1.591936
v 6.211886 7.422495 -1.591936
v 6.211886 7.441695 -1.612096
v 6.211886 7.441695 -1.612096
v 6.211886 7.441695 -1.612096
v 6.211886 7.441695 -1.612096
v 6.211886 7.441695 -2.215946
v 6.211886 7.441695 -2.215946
v 6.211886 7.441695 -2.215946
v 6.211886 7.441695 -2.215946
v 6.211886 7.422495 -2.236106
v 6.211886 7.422495 -2.236106
v 6.211886 7.422495 -2.236106
v 6.211886 7.422495 -2.236106
v 3.087995 7.422495 -2.236106
v 3.087995 7.422495 -2.236106
v 3.087995 7.422495 -2.236106
v 3.087995 7.422495 -2.236106
v 3.087995 7.323613 -2.236106
v 3.087995 7.323613 -2.236106
v 3.087995 7.323613 -2.236106
v 3.087995 7.323613 -2.236106
v 3.087995 7.323613 -1.658177
v 3.087995 7.323613 -1.658177
v 3.087995 7.323613 -1.658177
v 3.087995 7.323613 -1.658177
v 3.087995 7.389854 -1.591936
v 3.087995 7.389854 -1.591936
v 3.087995 7.389854 -1.591936
v 3.087995 7.389854 -1.591936
v 3.087995 7.422495 -1.591936
v 3.087995 7.422495 -1.591936
v 3.087995 7.422495 -1.591936
v 3.087995 7.422495 -1.591936
v 3.087995 7.441695 -1.612096
v 3.087995 7.441695 -1.612096
v 3.087995 7.441695 -1.612096
v 3.087995 7.441695 -1.612096
v 3.087995 7.441695 -2.215946
v 3.087995 7.441695 -2.215946
v 3.087995 7.441695 -2.215946
v 3.087995 7.441695 -2.215946
v -0.045495 7.422495 -2.236106
v -0.045495 7.422495 -2.236106
v -0.045495 7.422495 -2.236106
v -0.045495 7.422495 -2.236106
v -0.045495 7.323613 -2.236106
v -0.045495 7.323613 -2.236106
v -0.045495 7.323613 -2.236106
v -0.045495 7.323613 -2.236106
v -0.045495 7.323613 -1.658177
v -0.045495 7.323613 -1.658177
v -0.045495 7.323613 -1.658177
v -0.045495 7.323613 -1.658177
v -0.045495 7.389854 -1.591936
v -0.045495 7.389854 -1.591936
v -0.045495 7.389854 -1.591936
v -0.045495 7.389854 -1.591936
v -0.045495 7.422495 -1.591936
v -0.045495 7.422495 -1.591936
v -0.045495 7.422495 -1.591936
v -0.045495 7.422495 -1.591936
v -0.045495 7.441695 -1.612096
v -0.045495 7.441695 -1.612096
v -0.045495 7.441695 -1.612096
v -0.045495 7.441695 -1.612096
v -0.045495 7.441695 -2.215946
v -0.045495 7.441695 -2.215946
v -0.045495 7.441695 -2.215946
v -0.045495 7.441695 -2.215946
v -3.178025 7.441695 -2.215946
v -3.178025 7.441695 -2.215946
v -3.178025 7.441695 -2.215946
v -3.178025 7.441695 -2.215946
v -3.178025 7.422495 -2.236106
v -3.178025 7.422495 -2.236106
v -3.178025 7.422495 -2.236106
v -3.178025 7.422495 -2.236106
v -3.178025 7.323613 -2.236106
v -3.178025 7.323613 -2.236106
v -3.178025 7.323613 -2.236106
v -3.178025 7.323613 -2.236106
v -3.178025 7.323613 -1.658177
v -3.178025 7.323613 -1.658177
v -3.178025 7.323613 -1.658177
v -3.178025 7.323613 -1.658177
v -3.178025 7.389854 -1.591936
v -3.178025 7.389854 -1.591936
v -3.178025 7.389854 -1.591936
v -3.178025 7.389854 -1.591936
v -3.178025 7.422495 -1.591936
v -3.178025 7.422495 -1.591936
v -3.178025 7.422495 -1.591936
v -3.178025 7.422495 -1.591936
v -3.178025 7.441695 -1.612096
v -3.178025 7.441695 -1.612096
v -3.178025 7.441695 -1.612096
v -3.178025 7.441695 -1.612096
v -6.302876 7.441695 -2.215946
v -6.302876 7.441695 -2.215946
v -6.302876 7.441695 -2.215946
v -6.302876 7.441695 -2.215946
v -6.302876 7.422495 -2.236106
v -6.302876 7.422495 -2.236106
v -6.302876 7.422495 -2.236106
v -6.302876 7.422495 -2.236106
v -6.302876 7.323613 -2.236106
v -6.302876 7.323613 -2.236106
v -6.302876 7.323613 -2.236106
v -6.302876 7.323613 -2.236106
v -6.302876 7.323613 -1.658177
v -6.302876 7.323613 -1.658177
v -6.302876 7.323613 -1.658177
v -6.302876 7.323613 -1.658177
v -6.302876 7.389854 -1.591936
v -6.302876 7.389854 -1.591936
v -6.302876 7.389854 -1.591936
v -6.302876 7.389854 -1.591936
v -6.302876 7.422495 -1.591936
v -6.302876 7.422495 -1.591936
v -6.302876 7.422495 -1.591936
v -6.302876 7.422495 -1.591936
v -6.302876 7.441695 -1.612096
v -6.302876 7.441695 -1.612096
v -6.302876 7.441695 -1.612096
v -6.302876 7.441695 -1.612096
v -7.279212 7.441695 -1.612096
v -7.279212 7.441695 -1.612096
v -7.279212 7.441695 -1.612096
v -7.279212 7.441695 -1.612096
v -7.883062 7.441695 -2.215946
v -7.883062 7.441695 -2.215946
v -7.883062 7.441695 -2.215946
v -7.883062 7.441695 -2.215946
v -7.903222 7.422495 -2.236106
v -7.903222 7.422495 -2.236106
v -7.903222 7.422495 -2.236106
v -7.903222 7.422495 -2.236106
v -7.903222 7.323613 -2.236106
v -7.903222 7.323613 -2.236106
v -7.903222 7.323613 -2.236106
v -7.903222 7.323613 -2.236106
v -7.325293 7.323613 -1.658177
v -7.325293 7.323613 -1.658177
v -7.325293 7.323613 -1.658177
v -7.325293 7.323613 -1.658177
v -7.259051 7.389854 -1.591936
v -7.259051 7.389854 -1.591936
v -7.259051 7.389854 -1.591936
v -7.259051 7.389854 -1.591936
v -7.259051 7.422495 -1.591936
v -7.259051 7.422495 -1.591936
v -7.259051 7.422495 -1.591936
v -7.259051 7.422495 -1.591936
v -7.279212 7.441695 -0.635760
v -7.279212 7.441695 -0.635760
v -7.279212 7.441695 -0.635760
v -7.279212 7.441695 -0.635760
v -7.883062 7.441695 -0.635760
v -7.883062 7.441695 -0.635760
v -7.883062 7.441695 -0.635760
v -7.883062 7.441695 -0.635760
v -7.903222 7.422495 -0.635760
v -7.903222 7.422495 -0.635760
v -7.903222 7.422495 -0.635760
v -7.903222 7.422495 -0.635760
v -7.903222 7.323613 -0.635760
v -7.903222 7.323613 -0.635760
v -7.903222 7.323613 -0.635760
v -7.903222 7.323613 -0.635760
v -7.325293 7.323613 -0.635760
v -7.325293 7.323613 -0.635760
v -7.325293 7.323613 -0.635760
v -7.325293 7.323613 -0.635760
v -7.259051 7.389854 -0.635760
v -7.259051 7.389854 -0.635760
v -7.259051 7.389854 -0.635760
v -7.259051 7.389854 -0.635760
v -7.259051 7.422495 -0.635760
v -7.259051 7.422495 -0.635760
v -7.259051 7.422495 -0.635760
v -7.259051 7.422495 -0.635760
v -7.279212 7.441695 0.010331
v -7.279212 7.441695 0.010331
v -7.279212 7.441695 0.010331
v -7.279212 7.441695 0.010331
v -7.883062 7.441695 0.656421
v -7.883062 7.441695 0.656421
v -7.883062 7.441695 0.656421
v -7.883062 7.441695 0.656421
v -7.883062 7.441695 0.010331
v -7.883062 7.441695 0.010331
v -7.883062 7.441695 0.010331
v -7.883062 7.441695 0.010331
v -7.903222 7.422495 0.010331
v -7.903222 7.422495 0.010331
v -7.903222 7.422495 0.010331
v -7.903222 7.422495 0.010331
v -7.903222 7.323613 0.010331
v -7.903222 7.323613 0.010331
v -7.903222 7.323613 0.010331
v -7.903222 7.323613 0.010331
v -7.325293 7.323613 0.010331
v -7.325293 7.323613 0.010331
v -7.325293 7.323613 0.010331
v -7.325293 7.323613 0.010331
v -7.259051 7.389854 0.010331
v -7.259051 7.389854 0.010331
v -7.259051 7.389854 0.010331
v -7.259051 7.389854 0.010331
v -7.259051 7.422495 0.010331
v -7.259051 7.422495 0.010331
v -7.259051 7.422495 0.010331
v -7.259051 7.422495 0.010331
v -7.259051 7.422495 0.656421
v -7.259051 7.422495 0.656421
v -7.259051 7.422495 0.656421
v -7.259051 7.422495 0.656421
v -7.279212 7.441695 0.656421
v -7.279212 7.441695 0.656421
v -7.279212 7.441695 0.656421
v -7.279212 7.441695 0.656421
v -7.279212 7.441695 1.633717
v -7.279212 7.441695 1.633717
v -7.279212 7.441695 1.633717
v -7.279212 7.441695 1.633717
v -3.178025 7.441695 1.633717
v -3.178025 7.441695 1.633717
v -3.178025 7.441695 1.633717
v -3.178025 7.441695 1.633717
v -6.302876 7.441695 1.633717
v -6.302876 7.441695 1.633717
v -6.302876 7.441695 1.633717
v -6.302876 7.441695 1.633717
v -6.302876 7.441695 2.237567
v -6.302876 7.441695 2.237567
v -6.302876 7.441695 2.237567
v -6.302876 7.441695 2.237567
v -7.883062 7.441695 2.237567
v -7.883062 7.441695 2.237567
v -7.883062 7.441695 2.237567
v -7.883062 7.441695 2.237567
v -7.903222 7.422495 0.656421
v -7.903222 7.422495 0.656421
v -7.903222 7.422495 0.656421
v -7.903222 7.422495 0.656421
v -7.903222 7.323613 0.656421
v -7.903222 7.323613 0.656421
v -7.903222 7.323613 0.656421
v -7.903222 7.323613 0.656421
v -7.325293 7.323613 0.656421
v -7.325293 7.323613 0.656421
v -7.325293 7.323613 0.656421
v -7.325293 7.323613 0.656421
v -7.259051 7.389854 0.656421
v -7.259051 7.389854 0.656421
v -7.259051 7.389854 0.656421
v -7.259051 7.389854 0.656421
v -7.259051 7.422495 1.613557
v -7.259051 7.422495 1.613557
v -7.259051 7.422495 1.613557
v -7.259051 7.422495 1.613557
v -6.302876 7.422495 1.613557
v -6.302876 7.422495 1.613557
v -6.302876 7.422495 1.613557
v -6.302876 7.422495 1.613557
v -3.178025 7.422495 1.613557
v -3.178025 7.422495 1.613557
v -3.178025 7.422495 1.613557
v -3.178025 7.422495 1.613557
v -0.045495 7.422495 1.613557
v -0.045495 7.422495 1.613557
v -0.045495 7.422495 1.613557
v -0.045495 7.422495 1.613557
v 3.087995 7.389854 1.613557
v 3.087995 7.389854 1.613557
v 3.087995 7.389854 1.613557
v 3.087995 7.389854 1.613557
v 6.211886 7.389854 1.613557
v 6.211886 7.389854 1.613557
v 6.211886 7.389854 1.613557
v 6.211886 7.389854 1.613557
v 6.211886 7.323613 1.679798
v 6.211886 7.323613 1.679798
v 6.211886 7.323613 1.679798
v 6.211886 7.323613 1.679798
v 6.211886 7.323613 2.256768
v 6.211886 7.323613 2.256768
v 6.211886 7.323613 2.256768
v 6.211886 7.323613 2.256768
v 6.211886 7.422495 2.256768
v 6.211886 7.422495 2.256768
v 6.211886 7.422495 2.256768
v 6.211886 7.422495 2.256768
v 3.087995 7.441695 2.237567
v 3.087995 7.441695 2.237567
v 3.087995 7.441695 2.237567
v 3.087995 7.441695 2.237567
v -0.045495 7.441695 2.237567
v -0.045495 7.441695 2.237567
v -0.045495 7.441695 2.237567
v -0.045495 7.441695 2.237567
v -3.178025 7.441695 2.237567
v -3.178025 7.441695 2.237567
v -3.178025 7.441695 2.237567
v -3.178025 7.441695 2.237567
v -6.302876 7.422495 2.256768
v -6.302876 7.422495 2.256768
v -6.302876 7.422495 2.256768
v -6.302876 7.422495 2.256768
v -7.903222 7.422495 2.256768
v -7.903222 7.422495 2.256768
v -7.903222 7.422495 2.256768
v -7.903222 7.422495 2.256768
v -7.903222 7.323613 2.256768
v -7.903222 7.323613 2.256768
v -7.903222 7.323613 2.256768
v -7.903222 7.323613 2.256768
v -7.325293 7.323613 1.679798
v -7.325293 7.323613 1.679798
v -7.325293 7.323613 1.679798
v -7.325293 7.323613 1.679798
v -7.259051 7.389854 1.613557
v -7.259051 7.389854 1.613557
v -7.259051 7.389854 1.613557
v -7.259051 7.389854 1.613557
v -6.302876 7.389854 1.613557
v -6.302876 7.389854 1.613557
v -6.302876 7.389854 1.613557
v -6.302876 7.389854 1.613557
v -3.178025 7.389854 1.613557
v -3.178025 7.389854 1.613557
v -3.178025 7.389854 1.613557
v -3.178025 7.389854 1.613557
v -0.045495 7.389854 1.613557
v -0.045495 7.389854 1.613557
v -0.045495 7.389854 1.613557
v -0.045495 7.389854 1.613557
v 3.087995 7.323613 1.679798
v 3.087995 7.323613 1.679798
v 3.087995 7.323613 1.679798
v 3.087995 7.323613 1.679798
v 3.087995 7.323613 2.256768
v 3.087995 7.323613 2.256768
v 3.087995 7.323613 2.256768
v 3.087995 7.323613 2.256768
v 3.087995 7.422495 2.256768
v 3.087995 7.422495 2.256768
v 3.087995 7.422495 2.256768
v 3.087995 7.422495 2.256768
v -0.045495 7.422495 2.256768
v -0.045495 7.422495 2.256768
v -0.045495 7.422495 2.256768
v -0.045495 7.422495 2.256768
v -3.178025 7.422495 2.256768
v -3.178025 7.422495 2.256768
v -3.178025 7.422495 2.256768
v -3.178025 7.422495 2.256768
v -6.302876 7.323613 2.256768
v -6.302876 7.323613 2.256768
v -6.302876 7.323613 2.256768
v -6.302876 7.323613 2.256768
v -6.302876 7.323613 1.679798
v -6.302876 7.323613 1.679798
v -6.302876 7.323613 1.679798
v -6.302876 7.323613 1.679798
v -3.178025 7.323613 1.679798
v -3.178025 7.323613 1.679798
v -3.178025 7.323613 1.679798
v -3.178025 7.323613 1.679798
v -0.045495 7.323613 1.679798
v -0.045495 7.323613 1.679798
v -0.045495 7.323613 1.679798
v -0.045495 7.323613 1.679798
v -0.045495 7.323613 2.256768
v -0.045495 7.323613 2.256768
v -0.045495 7.323613 2.256768
v -0.045495 7.323613 2.256768
v -3.178025 7.323613 2.256768
v -3.178025 7.323613 2.256768
v -3.178025 7.323613 2.256768
v -3.178025 7.323613 2.256768
v 2.929111 5.527302 2.160183
v 2.929111 5.527302 2.160183
v 2.796999 5.695095 2.160183
v 2.796999 5.695095 2.160183
v 2.813393 5.527302 2.160183
v 2.813393 5.527302 2.160183
v 2.813393 5.527302 1.810134
v 2.813393 5.527302 1.810134
v 2.929111 5.527302 1.810134
v 2.929111 5.527302 1.810134
v 2.796999 5.695095 1.810134
v 2.796999 5.695095 1.810134
v -0.024607 5.527302 2.160183
v -0.024607 5.527302 2.160183
v -0.155755 5.695095 2.160183
v -0.155755 5.695095 2.160183
v -0.138397 5.527302 2.160183
v -0.138397 5.527302 2.160183
v -0.138397 5.527302 1.810134
v -0.138397 5.527302 1.810134
v -0.024607 5.527302 1.810134
v -0.024607 5.527302 1.810134
v -0.155755 5.695095 1.810134
v -0.155755 5.695095 1.810134
v -2.979291 5.527302 2.160183
v -2.979291 5.527302 2.160183
v -3.122010 5.695095 2.160183
v -3.122010 5.695095 2.160183
v -3.105617 5.527302 2.160183
v -3.105617 5.527302 2.160183
v -3.105617 5.527302 1.810134
v -3.105617 5.527302 1.810134
v -2.979291 5.527302 1.810134
v -2.979291 5.527302 1.810134
v -3.122010 5.695095 1.810134
v -3.122010 5.695095 1.810134
v -5.953260 5.527302 2.160183
v -5.953260 5.527302 2.160183
v -6.095016 5.695095 2.160183
v -6.095016 5.695095 2.160183
v -6.078622 5.527302 2.160183
v -6.078622 5.527302 2.160183
v -6.078622 5.527302 1.810134
v -6.078622 5.527302 1.810134
v -5.953260 5.527302 1.810134
v -5.953260 5.527302 1.810134
v -6.095016 5.695095 1.810134
v -6.095016 5.695095 1.810134
v -7.440245 5.740417 2.160183
v -7.440245 5.527302 2.160183
v -7.209772 5.695095 2.160183
v -7.209772 5.695095 2.160183
v -7.226165 5.527302 2.160183
v -7.226165 5.527302 2.160183
v -7.226165 5.527302 1.810134
v -7.226165 5.527302 1.810134
v -7.209772 5.695095 1.810134
v -7.209772 5.695095 1.810134
v -7.364064 5.527302 1.810134
v -7.364064 5.527302 1.810134
v -7.344777 5.722096 1.810134
v -7.344777 5.722096 1.810134
v -7.364064 5.527302 1.784097
v -7.344777 5.722096 1.784097
v -7.407458 5.733668 1.702130
v -7.427709 5.527302 1.702130
v -7.440245 5.527302 1.702130
v -7.440245 5.740417 1.702130
v -7.440245 5.769347 1.702130
v -7.440245 5.769347 1.702130
v -7.346705 5.933282 1.704058
v -7.385278 5.948711 1.704058
v -7.385278 5.948711 1.704058
v -7.440245 5.769347 2.160183
v -7.440245 5.769347 2.160183
v -7.385278 5.948711 2.160183
v -7.385278 5.948711 2.160183
v -7.160591 5.855173 2.160183
v -7.160591 5.855173 2.160183
v -7.160591 5.855173 1.810134
v -7.160591 5.855173 1.810134
v -7.287882 5.908210 1.810134
v -7.287882 5.908210 1.810134
v -7.287882 5.908210 1.784097
v -7.196271 6.080824 1.784097
v -7.249309 6.116504 1.704058
v -7.284024 6.139647 1.704058
v -7.284024 6.139647 1.704058
v -7.284024 6.139647 2.160183
v -7.284024 6.139647 2.160183
v -7.081517 6.003678 2.160183
v -7.081517 6.003678 2.160183
v -7.081517 6.003678 1.810134
v -7.081517 6.003678 1.810134
v -7.196271 6.080824 1.810134
v -7.196271 6.080824 1.810134
v -7.071874 6.231258 1.810134
v -7.071874 6.231258 1.810134
v -7.071874 6.231258 1.784097
v -7.117197 6.276581 1.704058
v -7.147091 6.306475 1.704058
v -7.147091 6.306475 1.704058
v -7.147091 6.306475 2.160183
v -7.147091 6.306475 2.160183
v -6.974477 6.133862 2.160183
v -6.974477 6.133862 2.160183
v -6.974477 6.133862 1.810134
v -6.974477 6.133862 1.810134
v -6.844294 6.240901 1.810134
v -6.844294 6.240901 1.810134
v -6.921440 6.355656 1.810134
v -6.921440 6.355656 1.810134
v -6.921440 6.355656 1.784097
v -6.957119 6.408693 1.704058
v -6.980263 6.443409 1.704058
v -6.980263 6.443409 1.704058
v -6.980263 6.443409 2.160183
v -6.980263 6.443409 2.160183
v -6.844294 6.240901 2.160183
v -6.844294 6.240901 2.160183
v -6.696753 6.319975 2.160183
v -6.696753 6.319975 2.160183
v -6.696753 6.319975 1.810134
v -6.696753 6.319975 1.810134
v -6.748826 6.447267 1.810134
v -6.748826 6.447267 1.810134
v -6.748826 6.447267 1.784097
v -6.773899 6.506090 1.704058
v -6.789327 6.544663 1.704058
v -6.789327 6.544663 1.704058
v -6.789327 6.544663 2.160183
v -6.789327 6.544663 2.160183
v -6.652393 6.587093 2.160183
v -6.652393 6.587093 2.160183
v -6.652393 6.587093 2.160183
v -6.652393 6.587093 2.160183
v -6.652393 6.333477 2.160183
v -6.652393 6.333477 2.160183
v -6.652393 6.333477 2.160183
v -6.652393 6.333477 2.160183
v -6.652393 6.333477 1.810134
v -6.652393 6.333477 1.810134
v -6.652393 6.333477 1.810134
v -6.652393 6.333477 1.810134
v -6.652393 6.476196 1.810134
v -6.652393 6.476196 1.810134
v -6.652393 6.476196 1.810134
v -6.652393 6.476196 1.810134
v -6.652393 6.476196 1.784097
v -6.652393 6.476196 1.784097
v -6.652393 6.542734 1.704058
v -6.652393 6.542734 1.704058
v -6.652393 6.587093 1.704058
v -6.652393 6.587093 1.704058
v -6.652393 6.587093 1.704058
v -6.652393 6.587093 1.704058
v -6.514496 6.544663 2.160183
v -6.514496 6.544663 2.160183
v -6.459529 6.240901 2.160183
v -6.459529 6.240901 2.160183
v -6.608035 6.319975 2.160183
v -6.608035 6.319975 2.160183
v -6.608035 6.319975 1.810134
v -6.608035 6.319975 1.810134
v -6.554997 6.447267 1.810134
v -6.554997 6.447267 1.810134
v -6.554997 6.447267 1.784097
v -6.530889 6.506090 1.704058
v -6.514496 6.544663 1.704058
v -6.514496 6.544663 1.704058
v -6.324524 6.443409 2.160183
v -6.324524 6.443409 2.160183
v -6.329346 6.133862 2.160183
v -6.329346 6.133862 2.160183
v -6.223270 6.003678 1.810134
v -6.223270 6.003678 1.810134
v -6.329346 6.133862 1.810134
v -6.329346 6.133862 1.810134
v -6.459529 6.240901 1.810134
v -6.459529 6.240901 1.810134
v -6.383348 6.355656 1.810134
v -6.383348 6.355656 1.810134
v -6.383348 6.355656 1.784097
v -6.347668 6.408693 1.704058
v -6.324524 6.443409 1.704058
v -6.324524 6.443409 1.704058
v -6.157696 6.306475 2.160183
v -6.157696 6.306475 2.160183
v -6.223270 6.003678 2.160183
v -6.223270 6.003678 2.160183
v -6.144196 5.855173 1.810134
v -6.144196 5.855173 1.810134
v -6.015941 5.908210 1.810134
v -6.015941 5.908210 1.810134
v -6.015941 5.908210 1.810134
v -6.108516 6.080824 1.810134
v -6.108516 6.080824 1.810134
v -6.231949 6.231258 1.810134
v -6.231949 6.231258 1.810134
v -6.231949 6.231258 1.784097
v -6.186626 6.276581 1.704058
v -6.157696 6.306475 1.704058
v -6.157696 6.306475 1.704058
v -6.020762 6.139647 2.160183
v -6.020762 6.139647 2.160183
v -6.144196 5.855173 2.160183
v -6.144196 5.855173 2.160183
v -5.953260 5.720167 2.160183
v -5.953260 5.720167 2.160183
v -5.812469 5.695095 2.160183
v -5.812469 5.695095 2.160183
v -5.828862 5.527302 2.160183
v -5.828862 5.527302 2.160183
v -5.828862 5.527302 1.810134
v -5.828862 5.527302 1.810134
v -5.812469 5.695095 1.810134
v -5.812469 5.695095 1.810134
v -5.953260 5.720167 1.810134
v -5.953260 5.720167 1.810134
v -5.953260 5.720167 1.810134
v -5.953260 5.720167 1.810134
v -5.953260 5.737525 1.811098
v -5.953260 5.737525 1.811098
v -5.953260 5.737525 1.811098
v -5.953260 5.737525 1.811098
v -5.953260 5.737525 1.784097
v -5.953260 5.737525 1.784097
v -6.015941 5.908210 1.784097
v -6.108516 6.080824 1.784097
v -6.055478 6.116504 1.704058
v -6.020762 6.139647 1.704058
v -6.020762 6.139647 1.704058
v -5.953260 6.034536 2.160183
v -5.953260 6.034536 2.160183
v -5.953260 6.034536 2.160183
v -5.953260 6.034536 2.160183
v -5.953260 5.929425 2.160183
v -5.953260 5.929425 2.160183
v -5.763288 5.855173 2.160183
v -5.763288 5.855173 2.160183
v -5.763288 5.855173 1.810134
v -5.763288 5.855173 1.810134
v -5.890579 5.908210 1.810134
v -5.890579 5.908210 1.810134
v -5.890579 5.908210 1.810134
v -5.890579 5.908210 1.784097
v -5.953260 5.929425 1.707916
v -5.953260 5.929425 1.707916
v -5.953260 5.946783 1.704058
v -5.953260 5.946783 1.704058
v -5.953260 6.034536 1.704058
v -5.953260 6.034536 1.704058
v -5.953260 6.034536 1.704058
v -5.953260 6.034536 1.704058
v -5.886722 6.139647 1.704058
v -5.886722 6.139647 1.704058
v -5.886722 6.139647 2.160183
v -5.886722 6.139647 2.160183
v -5.684214 6.003678 2.160183
v -5.684214 6.003678 2.160183
v -5.684214 6.003678 1.810134
v -5.684214 6.003678 1.810134
v -5.798969 6.080824 1.810134
v -5.798969 6.080824 1.810134
v -5.798969 6.080824 1.784097
v -5.852006 6.116504 1.704058
v -5.720859 6.276581 1.704058
v -5.749788 6.306475 1.704058
v -5.749788 6.306475 1.704058
v -5.749788 6.306475 2.160183
v -5.749788 6.306475 2.160183
v -5.577174 6.133862 2.160183
v -5.577174 6.133862 2.160183
v -5.577174 6.133862 1.810134
v -5.577174 6.133862 1.810134
v -5.675535 6.231258 1.810134
v -5.675535 6.231258 1.810134
v -5.675535 6.231258 1.784097
v -5.524137 6.355656 1.784097
v -5.559816 6.408693 1.704058
v -5.582961 6.443409 1.704058
v -5.582961 6.443409 1.704058
v -5.582961 6.443409 2.160183
v -5.582961 6.443409 2.160183
v -5.447955 6.240901 2.160183
v -5.447955 6.240901 2.160183
v -5.447955 6.240901 1.810134
v -5.447955 6.240901 1.810134
v -5.524137 6.355656 1.810134
v -5.524137 6.355656 1.810134
v -5.352487 6.447267 1.810134
v -5.352487 6.447267 1.810134
v -5.352487 6.447267 1.784097
v -5.376595 6.506090 1.704058
v -5.392989 6.544663 1.704058
v -5.392989 6.544663 1.704058
v -5.392989 6.544663 2.160183
v -5.392989 6.544663 2.160183
v -5.299449 6.319975 2.160183
v -5.299449 6.319975 2.160183
v -5.299449 6.319975 1.810134
v -5.299449 6.319975 1.810134
v -5.255091 6.333477 1.810134
v -5.255091 6.333477 1.810134
v -5.255091 6.333477 1.810134
v -5.255091 6.333477 1.810134
v -5.255091 6.476196 1.810134
v -5.255091 6.476196 1.810134
v -5.255091 6.476196 1.810134
v -5.255091 6.476196 1.810134
v -5.255091 6.476196 1.784097
v -5.255091 6.476196 1.784097
v -5.255091 6.542734 1.704058
v -5.255091 6.542734 1.704058
v -5.255091 6.587093 1.704058
v -5.255091 6.587093 1.704058
v -5.255091 6.587093 1.704058
v -5.255091 6.587093 1.704058
v -5.255091 6.587093 2.160183
v -5.255091 6.587093 2.160183
v -5.255091 6.587093 2.160183
v -5.255091 6.587093 2.160183
v -5.255091 6.333477 2.160183
v -5.255091 6.333477 2.160183
v -5.255091 6.333477 2.160183
v -5.255091 6.333477 2.160183
v -5.210732 6.319975 2.160183
v -5.210732 6.319975 2.160183
v -5.210732 6.319975 1.810134
v -5.210732 6.319975 1.810134
v -5.158659 6.447267 1.810134
v -5.158659 6.447267 1.810134
v -5.158659 6.447267 1.784097
v -5.133586 6.506090 1.704058
v -5.118157 6.544663 1.704058
v -5.118157 6.544663 1.704058
v -5.118157 6.544663 2.160183
v -5.118157 6.544663 2.160183
v -5.063190 6.240901 2.160183
v -5.063190 6.240901 2.160183
v -4.933007 6.133862 1.810134
v -4.933007 6.133862 1.810134
v -5.063190 6.240901 1.810134
v -5.063190 6.240901 1.810134
v -4.986045 6.355656 1.810134
v -4.986045 6.355656 1.810134
v -4.986045 6.355656 1.784097
v -4.950365 6.408693 1.704058
v -4.927221 6.443409 1.704058
v -4.927221 6.443409 1.704058
v -4.927221 6.443409 2.160183
v -4.927221 6.443409 2.160183
v -4.933007 6.133862 2.160183
v -4.933007 6.133862 2.160183
v -4.825968 6.003678 1.810134
v -4.825968 6.003678 1.810134
v -4.711213 6.080824 1.810134
v -4.711213 6.080824 1.810134
v -4.835610 6.231258 1.810134
v -4.835610 6.231258 1.810134
v -4.835610 6.231258 1.784097
v -4.790287 6.276581 1.704058
v -4.760394 6.306475 1.704058
v -4.760394 6.306475 1.704058
v -4.760394 6.306475 2.160183
v -4.760394 6.306475 2.160183
v -4.825968 6.003678 2.160183
v -4.825968 6.003678 2.160183
v -4.746893 5.855173 1.810134
v -4.746893 5.855173 1.810134
v -4.619603 5.908210 1.810134
v -4.619603 5.908210 1.810134
v -4.619603 5.908210 1.784097
v -4.711213 6.080824 1.784097
v -4.658175 6.116504 1.704058
v -4.623460 6.139647 1.704058
v -4.623460 6.139647 1.704058
v -4.623460 6.139647 2.160183
v -4.623460 6.139647 2.160183
v -4.746893 5.855173 2.160183
v -4.746893 5.855173 2.160183
v -4.697713 5.695095 1.810134
v -4.697713 5.695095 1.810134
v -4.562707 5.722096 1.810134
v -4.562707 5.722096 1.810134
v -4.562707 5.722096 1.784097
v -4.500026 5.733668 1.704058
v -4.560779 5.933282 1.704058
v -4.521242 5.948711 1.704058
v -4.521242 5.948711 1.704058
v -4.521242 5.948711 2.160183
v -4.521242 5.948711 2.160183
v -4.697713 5.695095 2.160183
v -4.697713 5.695095 2.160183
v -4.467239 5.527302 2.160183
v -4.467239 5.527302 2.160183
v -4.681319 5.527302 2.160183
v -4.681319 5.527302 2.160183
v -4.681319 5.527302 1.810134
v -4.681319 5.527302 1.810134
v -4.543421 5.527302 1.810134
v -4.543421 5.527302 1.810134
v -4.543421 5.527302 1.784097
v -4.479776 5.527302 1.704058
v -4.467239 5.527302 1.704058
v -4.467239 5.527302 1.704058
v -4.467239 5.740417 1.704058
v -4.467239 5.740417 1.704058
v -4.467239 5.769347 1.699237
v -4.467239 5.769347 1.699237
v -4.467239 5.769347 1.699237
v -4.467239 5.769347 1.699237
v -4.467239 5.769347 2.160183
v -4.467239 5.769347 2.160183
v -4.467239 5.769347 2.160183
v -4.467239 5.769347 2.160183
v -4.467239 5.740417 2.160183
v -4.467239 5.740417 2.160183
v -4.235802 5.695095 2.160183
v -4.235802 5.695095 2.160183
v -4.252196 5.527302 2.160183
v -4.252196 5.527302 2.160183
v -4.252196 5.527302 1.810134
v -4.252196 5.527302 1.810134
v -4.235802 5.695095 1.810134
v -4.235802 5.695095 1.810134
v -4.391058 5.527302 1.810134
v -4.391058 5.527302 1.810134
v -4.371771 5.722096 1.810134
v -4.371771 5.722096 1.810134
v -4.391058 5.527302 1.784097
v -4.371771 5.722096 1.784097
v -4.434453 5.733668 1.704058
v -4.454703 5.527302 1.704058
v -4.373700 5.933282 1.704058
v -4.412273 5.948711 1.704058
v -4.412273 5.948711 1.704058
v -4.412273 5.948711 2.160183
v -4.412273 5.948711 2.160183
v -4.187586 5.855173 2.160183
v -4.187586 5.855173 2.160183
v -4.187586 5.855173 1.810134
v -4.187586 5.855173 1.810134
v -4.314877 5.908210 1.810134
v -4.314877 5.908210 1.810134
v -4.314877 5.908210 1.784097
v -4.223266 6.080824 1.784097
v -4.276304 6.116504 1.704058
v -4.311019 6.139647 1.704058
v -4.311019 6.139647 1.704058
v -4.311019 6.139647 2.160183
v -4.311019 6.139647 2.160183
v -4.108511 6.003678 2.160183
v -4.108511 6.003678 2.160183
v -4.108511 6.003678 1.810134
v -4.108511 6.003678 1.810134
v -4.223266 6.080824 1.810134
v -4.223266 6.080824 1.810134
v -4.098868 6.231258 1.810134
v -4.098868 6.231258 1.810134
v -4.098868 6.231258 1.784097
v -4.144191 6.276581 1.704058
v -4.174086 6.306475 1.704058
v -4.174086 6.306475 1.704058
v -4.174086 6.306475 2.160183
v -4.174086 6.306475 2.160183
v -4.001472 6.133862 2.160183
v -4.001472 6.133862 2.160183
v -4.001472 6.133862 1.810134
v -4.001472 6.133862 1.810134
v -3.871289 6.240901 1.810134
v -3.871289 6.240901 1.810134
v -3.948435 6.355656 1.810134
v -3.948435 6.355656 1.810134
v -3.948435 6.355656 1.784097
v -3.983150 6.408693 1.704058
v -4.007258 6.443409 1.704058
v -4.007258 6.443409 1.704058
v -4.007258 6.443409 2.160183
v -4.007258 6.443409 2.160183
v -3.871289 6.240901 2.160183
v -3.871289 6.240901 2.160183
v -3.722783 6.319975 2.160183
v -3.722783 6.319975 2.160183
v -3.722783 6.319975 1.810134
v -3.722783 6.319975 1.810134
v -3.775821 6.447267 1.810134
v -3.775821 6.447267 1.810134
v -3.775821 6.447267 1.784097
v -3.800893 6.506090 1.704058
v -3.816323 6.544663 1.704058
v -3.816323 6.544663 1.704058
v -3.816323 6.544663 2.160183
v -3.816323 6.544663 2.160183
v -3.679388 6.587093 2.160183
v -3.679388 6.587093 2.160183
v -3.679388 6.587093 2.160183
v -3.679388 6.587093 2.160183
v -3.679388 6.333477 2.160183
v -3.679388 6.333477 2.160183
v -3.679388 6.333477 2.160183
v -3.679388 6.333477 2.160183
v -3.679388 6.333477 1.810134
v -3.679388 6.333477 1.810134
v -3.679388 6.333477 1.810134
v -3.679388 6.333477 1.810134
v -3.679388 6.476196 1.810134
v -3.679388 6.476196 1.810134
v -3.679388 6.476196 1.810134
v -3.679388 6.476196 1.810134
v -3.679388 6.476196 1.784097
v -3.679388 6.476196 1.784097
v -3.679388 6.542734 1.704058
v -3.679388 6.542734 1.704058
v -3.679388 6.587093 1.704058
v -3.679388 6.587093 1.704058
v -3.679388 6.587093 1.704058
v -3.679388 6.587093 1.704058
v -3.541490 6.544663 2.160183
v -3.541490 6.544663 2.160183
v -3.486524 6.240901 2.160183
v -3.486524 6.240901 2.160183
v -3.635030 6.319975 2.160183
v -3.635030 6.319975 2.160183
v -3.635030 6.319975 1.810134
v -3.635030 6.319975 1.810134
v -3.581992 6.447267 1.810134
v -3.581992 6.447267 1.810134
v -3.581992 6.447267 1.784097
v -3.557884 6.506090 1.704058
v -3.541490 6.544663 1.704058
v -3.541490 6.544663 1.704058
v -3.351519 6.443409 2.160183
v -3.351519 6.443409 2.160183
v -3.356340 6.133862 2.160183
v -3.356340 6.133862 2.160183
v -3.250265 6.003678 1.810134
v -3.250265 6.003678 1.810134
v -3.356340 6.133862 1.810134
v -3.356340 6.133862 1.810134
v -3.486524 6.240901 1.810134
v -3.486524 6.240901 1.810134
v -3.410343 6.355656 1.810134
v -3.410343 6.355656 1.810134
v -3.410343 6.355656 1.784097
v -3.374663 6.408693 1.704058
v -3.351519 6.443409 1.704058
v -3.351519 6.443409 1.704058
v -3.184691 6.306475 2.160183
v -3.184691 6.306475 2.160183
v -3.250265 6.003678 2.160183
v -3.250265 6.003678 2.160183
v -3.170227 5.855173 1.810134
v -3.170227 5.855173 1.810134
v -3.042936 5.908210 1.810134
v -3.042936 5.908210 1.810134
v -3.042936 5.908210 1.810134
v -3.135511 6.080824 1.810134
v -3.135511 6.080824 1.810134
v -3.258944 6.231258 1.810134
v -3.258944 6.231258 1.810134
v -3.258944 6.231258 1.784097
v -3.213621 6.276581 1.704058
v -3.184691 6.306475 1.704058
v -3.184691 6.306475 1.704058
v -3.046793 6.139647 2.160183
v -3.046793 6.139647 2.160183
v -3.170227 5.855173 2.160183
v -3.170227 5.855173 2.160183
v -2.979291 5.721131 2.160183
v -2.979291 5.721131 2.160183
v -2.847178 5.695095 2.160183
v -2.847178 5.695095 2.160183
v -2.863572 5.527302 2.160183
v -2.863572 5.527302 2.160183
v -2.863572 5.527302 1.810134
v -2.863572 5.527302 1.810134
v -2.847178 5.695095 1.810134
v -2.847178 5.695095 1.810134
v -2.979291 5.721131 1.810134
v -2.979291 5.721131 1.810134
v -2.979291 5.721131 1.810134
v -2.979291 5.721131 1.810134
v -2.979291 5.733668 1.810134
v -2.979291 5.733668 1.810134
v -2.979291 5.733668 1.810134
v -2.979291 5.733668 1.810134
v -2.979291 5.733668 1.784097
v -2.979291 5.733668 1.784097
v -3.042936 5.908210 1.784097
v -3.135511 6.080824 1.784097
v -3.082473 6.116504 1.704058
v -3.046793 6.139647 1.704058
v -3.046793 6.139647 1.704058
v -2.979291 6.032608 2.160183
v -2.979291 6.032608 2.160183
v -2.979291 6.032608 2.160183
v -2.979291 6.032608 2.160183
v -2.979291 5.930389 2.160183
v -2.979291 5.930389 2.160183
v -2.798962 5.855173 2.160183
v -2.798962 5.855173 2.160183
v -2.798962 5.855173 1.810134
v -2.798962 5.855173 1.810134
v -2.926253 5.908210 1.810134
v -2.926253 5.908210 1.810134
v -2.926253 5.908210 1.810134
v -2.926253 5.908210 1.784097
v -2.979291 5.930389 1.705987
v -2.979291 5.930389 1.705987
v -2.979291 5.943890 1.704058
v -2.979291 5.943890 1.704058
v -2.979291 6.032608 1.704058
v -2.979291 6.032608 1.704058
v -2.979291 6.032608 1.704058
v -2.979291 6.032608 1.704058
v -2.922395 6.139647 1.704058
v -2.922395 6.139647 1.704058
v -2.922395 6.139647 2.160183
v -2.922395 6.139647 2.160183
v -2.718923 6.003678 2.160183
v -2.718923 6.003678 2.160183
v -2.718923 6.003678 1.810134
v -2.718923 6.003678 1.810134
v -2.833678 6.080824 1.810134
v -2.833678 6.080824 1.810134
v -2.833678 6.080824 1.784097
v -2.887680 6.116504 1.704058
v -2.755568 6.276581 1.704058
v -2.785462 6.306475 1.704058
v -2.785462 6.306475 1.704058
v -2.785462 6.306475 2.160183
v -2.785462 6.306475 2.160183
v -2.612848 6.133862 2.160183
v -2.612848 6.133862 2.160183
v -2.612848 6.133862 1.810134
v -2.612848 6.133862 1.810134
v -2.710245 6.231258 1.810134
v -2.710245 6.231258 1.810134
v -2.710245 6.231258 1.784097
v -2.558846 6.355656 1.784097
v -2.594526 6.408693 1.704058
v -2.617670 6.443409 1.704058
v -2.617670 6.443409 1.704058
v -2.617670 6.443409 2.160183
v -2.617670 6.443409 2.160183
v -2.482665 6.240901 2.160183
v -2.482665 6.240901 2.160183
v -2.482665 6.240901 1.810134
v -2.482665 6.240901 1.810134
v -2.558846 6.355656 1.810134
v -2.558846 6.355656 1.810134
v -2.387197 6.447267 1.810134
v -2.387197 6.447267 1.810134
v -2.387197 6.447267 1.784097
v -2.411305 6.506090 1.704058
v -2.427698 6.544663 1.704058
v -2.427698 6.544663 1.704058
v -2.427698 6.544663 2.160183
v -2.427698 6.544663 2.160183
v -2.334159 6.319975 2.160183
v -2.334159 6.319975 2.160183
v -2.334159 6.319975 1.810134
v -2.334159 6.319975 1.810134
v -2.289800 6.333477 1.810134
v -2.289800 6.333477 1.810134
v -2.289800 6.333477 1.810134
v -2.289800 6.333477 1.810134
v -2.289800 6.476196 1.810134
v -2.289800 6.476196 1.810134
v -2.289800 6.476196 1.810134
v -2.289800 6.476196 1.810134
v -2.289800 6.476196 1.784097
v -2.289800 6.476196 1.784097
v -2.289800 6.542734 1.704058
v -2.289800 6.542734 1.704058
v -2.289800 6.587093 1.704058
v -2.289800 6.587093 1.704058
v -2.289800 6.587093 1.704058
v -2.289800 6.587093 1.704058
v -2.289800 6.587093 2.160183
v -2.289800 6.587093 2.160183
v -2.289800 6.587093 2.160183
v -2.289800 6.587093 2.160183
v -2.289800 6.333477 2.160183
v -2.289800 6.333477 2.160183
v -2.289800 6.333477 2.160183
v -2.289800 6.333477 2.160183
v -2.246406 6.319975 2.160183
v -2.246406 6.319975 2.160183
v -2.246406 6.319975 1.810134
v -2.246406 6.319975 1.810134
v -2.193368 6.447267 1.810134
v -2.193368 6.447267 1.810134
v -2.193368 6.447267 1.784097
v -2.169260 6.506090 1.704058
v -2.152866 6.544663 1.704058
v -2.152866 6.544663 1.704058
v -2.152866 6.544663 2.160183
v -2.152866 6.544663 2.160183
v -2.097900 6.240901 2.160183
v -2.097900 6.240901 2.160183
v -1.967717 6.133862 1.810134
v -1.967717 6.133862 1.810134
v -2.097900 6.240901 1.810134
v -2.097900 6.240901 1.810134
v -2.020754 6.355656 1.810134
v -2.020754 6.355656 1.810134
v -2.020754 6.355656 1.784097
v -1.986039 6.408693 1.704058
v -1.961931 6.443409 1.704058
v -1.961931 6.443409 1.704058
v -1.961931 6.443409 2.160183
v -1.961931 6.443409 2.160183
v -1.967717 6.133862 2.160183
v -1.967717 6.133862 2.160183
v -1.861641 6.003678 1.810134
v -1.861641 6.003678 1.810134
v -1.746887 6.080824 1.810134
v -1.746887 6.080824 1.810134
v -1.870320 6.231258 1.810134
v -1.870320 6.231258 1.810134
v -1.870320 6.231258 1.784097
v -1.824997 6.276581 1.704058
v -1.795103 6.306475 1.704058
v -1.795103 6.306475 1.704058
v -1.795103 6.306475 2.160183
v -1.795103 6.306475 2.160183
v -1.861641 6.003678 2.160183
v -1.861641 6.003678 2.160183
v -1.781603 5.855173 1.810134
v -1.781603 5.855173 1.810134
v -1.654312 5.908210 1.810134
v -1.654312 5.908210 1.810134
v -1.654312 5.908210 1.784097
v -1.746887 6.080824 1.784097
v -1.692885 6.116504 1.704058
v -1.658169 6.139647 1.704058
v -1.658169 6.139647 1.704058
v -1.658169 6.139647 2.160183
v -1.658169 6.139647 2.160183
v -1.781603 5.855173 2.160183
v -1.781603 5.855173 2.160183
v -1.733386 5.695095 1.810134
v -1.733386 5.695095 1.810134
v -1.597417 5.722096 1.810134
v -1.597417 5.722096 1.810134
v -1.597417 5.722096 1.784097
v -1.534736 5.733668 1.704058
v -1.595488 5.933282 1.704058
v -1.556915 5.948711 1.704058
v -1.556915 5.948711 1.704058
v -1.556915 5.948711 2.160183
v -1.556915 5.948711 2.160183
v -1.733386 5.695095 2.160183
v -1.733386 5.695095 2.160183
v -1.500985 5.527302 2.160183
v -1.500985 5.527302 2.160183
v -1.716992 5.527302 2.160183
v -1.716992 5.527302 2.160183
v -1.716992 5.527302 1.810134
v -1.716992 5.527302 1.810134
v -1.579095 5.527302 1.810134
v -1.579095 5.527302 1.810134
v -1.579095 5.527302 1.784097
v -1.514485 5.527302 1.704058
v -1.500985 5.527302 1.704058
v -1.500985 5.527302 1.704058
v -1.500985 5.740417 1.704058
v -1.500985 5.740417 1.704058
v -1.500985 5.766455 1.699237
v -1.500985 5.766455 1.699237
v -1.500985 5.766455 1.699237
v -1.500985 5.766455 1.699237
v -1.500985 5.766455 2.160183
v -1.500985 5.766455 2.160183
v -1.500985 5.766455 2.160183
v -1.500985 5.766455 2.160183
v -1.500985 5.740417 2.160183
v -1.500985 5.740417 2.160183
v -1.269547 5.695095 2.160183
v -1.269547 5.695095 2.160183
v -1.285941 5.527302 2.160183
v -1.285941 5.527302 2.160183
v -1.285941 5.527302 1.810134
v -1.285941 5.527302 1.810134
v -1.269547 5.695095 1.810134
v -1.269547 5.695095 1.810134
v -1.423839 5.527302 1.810134
v -1.423839 5.527302 1.810134
v -1.404552 5.722096 1.810134
v -1.404552 5.722096 1.810134
v -1.423839 5.527302 1.784097
v -1.404552 5.722096 1.784097
v -1.467233 5.733668 1.704058
v -1.488449 5.527302 1.704058
v -1.407445 5.933282 1.704058
v -1.446018 5.948711 1.704058
v -1.446018 5.948711 1.704058
v -1.446018 5.948711 2.160183
v -1.446018 5.948711 2.160183
v -1.220367 5.855173 2.160183
v -1.220367 5.855173 2.160183
v -1.220367 5.855173 1.810134
v -1.220367 5.855173 1.810134
v -1.348621 5.908210 1.810134
v -1.348621 5.908210 1.810134
v -1.348621 5.908210 1.784097
v -1.256047 6.080824 1.784097
v -1.309084 6.116504 1.704058
v -1.343800 6.139647 1.704058
v -1.343800 6.139647 1.704058
v -1.343800 6.139647 2.160183
v -1.343800 6.139647 2.160183
v -1.141292 6.003678 2.160183
v -1.141292 6.003678 2.160183
v -1.141292 6.003678 1.810134
v -1.141292 6.003678 1.810134
v -1.256047 6.080824 1.810134
v -1.256047 6.080824 1.810134
v -1.132614 6.231258 1.810134
v -1.132614 6.231258 1.810134
v -1.132614 6.231258 1.784097
v -1.177936 6.276581 1.704058
v -1.206866 6.306475 1.704058
v -1.206866 6.306475 1.704058
v -1.206866 6.306475 2.160183
v -1.206866 6.306475 2.160183
v -1.035217 6.133862 2.160183
v -1.035217 6.133862 2.160183
v -1.035217 6.133862 1.810134
v -1.035217 6.133862 1.810134
v -0.905034 6.240901 1.810134
v -0.905034 6.240901 1.810134
v -0.981215 6.355656 1.810134
v -0.981215 6.355656 1.810134
v -0.981215 6.355656 1.784097
v -1.016895 6.408693 1.704058
v -1.040038 6.443409 1.704058
v -1.040038 6.443409 1.704058
v -1.040038 6.443409 2.160183
v -1.040038 6.443409 2.160183
v -0.905034 6.240901 2.160183
v -0.905034 6.240901 2.160183
v -0.756528 6.319975 2.160183
v -0.756528 6.319975 2.160183
v -0.756528 6.319975 1.810134
v -0.756528 6.319975 1.810134
v -0.809566 6.447267 1.810134
v -0.809566 6.447267 1.810134
v -0.809566 6.447267 1.784097
v -0.833674 6.506090 1.704058
v -0.850067 6.544663 1.704058
v -0.850067 6.544663 1.704058
v -0.850067 6.544663 2.160183
v -0.850067 6.544663 2.160183
v -0.712169 6.587093 2.160183
v -0.712169 6.587093 2.160183
v -0.712169 6.587093 2.160183
v -0.712169 6.587093 2.160183
v -0.712169 6.333477 2.160183
v -0.712169 6.333477 2.160183
v -0.712169 6.333477 2.160183
v -0.712169 6.333477 2.160183
v -0.712169 6.333477 1.810134
v -0.712169 6.333477 1.810134
v -0.712169 6.333477 1.810134
v -0.712169 6.333477 1.810134
v -0.712169 6.476196 1.810134
v -0.712169 6.476196 1.810134
v -0.712169 6.476196 1.810134
v -0.712169 6.476196 1.810134
v -0.712169 6.476196 1.784097
v -0.712169 6.476196 1.784097
v -0.712169 6.542734 1.704058
v -0.712169 6.542734 1.704058
v -0.712169 6.587093 1.704058
v -0.712169 6.587093 1.704058
v -0.712169 6.587093 1.704058
v -0.712169 6.587093 1.704058
v -0.575235 6.544663 2.160183
v -0.575235 6.544663 2.160183
v -0.520269 6.240901 2.160183
v -0.520269 6.240901 2.160183
v -0.668775 6.319975 2.160183
v -0.668775 6.319975 2.160183
v -0.668775 6.319975 1.810134
v -0.668775 6.319975 1.810134
v -0.615737 6.447267 1.810134
v -0.615737 6.447267 1.810134
v -0.615737 6.447267 1.784097
v -0.590664 6.506090 1.704058
v -0.575235 6.544663 1.704058
v -0.575235 6.544663 1.704058
v -0.384300 6.443409 2.160183
v -0.384300 6.443409 2.160183
v -0.390085 6.133862 2.160183
v -0.390085 6.133862 2.160183
v -0.283046 6.003678 1.810134
v -0.283046 6.003678 1.810134
v -0.390085 6.133862 1.810134
v -0.390085 6.133862 1.810134
v -0.520269 6.240901 1.810134
v -0.520269 6.240901 1.810134
v -0.443123 6.355656 1.810134
v -0.443123 6.355656 1.810134
v -0.443123 6.355656 1.784097
v -0.407443 6.408693 1.704058
v -0.384300 6.443409 1.704058
v -0.384300 6.443409 1.704058
v -0.217472 6.306475 2.160183
v -0.217472 6.306475 2.160183
v -0.283046 6.003678 2.160183
v -0.283046 6.003678 2.160183
v -0.203971 5.855173 1.810134
v -0.203971 5.855173 1.810134
v -0.076681 5.908210 1.810134
v -0.076681 5.908210 1.810134
v -0.076681 5.908210 1.810134
v -0.168291 6.080824 1.810134
v -0.168291 6.080824 1.810134
v -0.292689 6.231258 1.810134
v -0.292689 6.231258 1.810134
v -0.292689 6.231258 1.784097
v -0.247366 6.276581 1.704058
v -0.217472 6.306475 1.704058
v -0.217472 6.306475 1.704058
v -0.080538 6.139647 2.160183
v -0.080538 6.139647 2.160183
v -0.203971 5.855173 2.160183
v -0.203971 5.855173 2.160183
v -0.024607 5.720167 2.160183
v -0.024607 5.720167 2.160183
v 0.105576 5.695095 2.160183
v 0.105576 5.695095 2.160183
v 0.089183 5.527302 2.160183
v 0.089183 5.527302 2.160183
v 0.089183 5.527302 1.810134
v 0.089183 5.527302 1.810134
v 0.105576 5.695095 1.810134
v 0.105576 5.695095 1.810134
v -0.024607 5.720167 1.810134
v -0.024607 5.720167 1.810134
v -0.024607 5.720167 1.810134
v -0.024607 5.720167 1.810134
v -0.024607 5.738489 1.811098
v -0.024607 5.738489 1.811098
v -0.024607 5.738489 1.811098
v -0.024607 5.738489 1.811098
v -0.024607 5.738489 1.784097
v -0.024607 5.738489 1.784097
v -0.076681 5.908210 1.784097
v -0.168291 6.080824 1.784097
v -0.115254 6.116504 1.704058
v -0.080538 6.139647 1.704058
v -0.080538 6.139647 1.704058
v -0.024607 6.035501 2.160183
v -0.024607 6.035501 2.160183
v -0.024607 6.035501 2.160183
v -0.024607 6.035501 2.160183
v -0.024607 5.929425 2.160183
v -0.024607 5.929425 2.160183
v 0.153792 5.855173 2.160183
v 0.153792 5.855173 2.160183
v 0.153792 5.855173 1.810134
v 0.153792 5.855173 1.810134
v 0.026502 5.908210 1.810134
v 0.026502 5.908210 1.810134
v 0.026502 5.908210 1.810134
v 0.026502 5.908210 1.784097
v -0.024607 5.929425 1.707916
v -0.024607 5.929425 1.707916
v -0.024607 5.946783 1.704058
v -0.024607 5.946783 1.704058
v -0.024607 6.035501 1.704058
v -0.024607 6.035501 1.704058
v -0.024607 6.035501 1.704058
v -0.024607 6.035501 1.704058
v 0.030359 6.139647 1.704058
v 0.030359 6.139647 1.704058
v 0.030359 6.139647 2.160183
v 0.030359 6.139647 2.160183
v 0.232867 6.003678 2.160183
v 0.232867 6.003678 2.160183
v 0.232867 6.003678 1.810134
v 0.232867 6.003678 1.810134
v 0.118112 6.080824 1.810134
v 0.118112 6.080824 1.810134
v 0.118112 6.080824 1.784097
v 0.065075 6.116504 1.704058
v 0.197187 6.276581 1.704058
v 0.167293 6.306475 1.704058
v 0.167293 6.306475 1.704058
v 0.167293 6.306475 2.160183
v 0.167293 6.306475 2.160183
v 0.339906 6.133862 2.160183
v 0.339906 6.133862 2.160183
v 0.339906 6.133862 1.810134
v 0.339906 6.133862 1.810134
v 0.242510 6.231258 1.810134
v 0.242510 6.231258 1.810134
v 0.242510 6.231258 1.784097
v 0.392945 6.355656 1.784097
v 0.357264 6.408693 1.704058
v 0.334120 6.443409 1.704058
v 0.334120 6.443409 1.704058
v 0.334120 6.443409 2.160183
v 0.334120 6.443409 2.160183
v 0.470090 6.240901 2.160183
v 0.470090 6.240901 2.160183
v 0.470090 6.240901 1.810134
v 0.470090 6.240901 1.810134
v 0.392945 6.355656 1.810134
v 0.392945 6.355656 1.810134
v 0.565558 6.447267 1.810134
v 0.565558 6.447267 1.810134
v 0.565558 6.447267 1.784097
v 0.540486 6.506090 1.704058
v 0.525057 6.544663 1.704058
v 0.525057 6.544663 1.704058
v 0.525057 6.544663 2.160183
v 0.525057 6.544663 2.160183
v 0.618596 6.319975 2.160183
v 0.618596 6.319975 2.160183
v 0.618596 6.319975 1.810134
v 0.618596 6.319975 1.810134
v 0.661990 6.333477 1.810134
v 0.661990 6.333477 1.810134
v 0.661990 6.333477 1.810134
v 0.661990 6.333477 1.810134
v 0.661990 6.476196 1.810134
v 0.661990 6.476196 1.810134
v 0.661990 6.476196 1.810134
v 0.661990 6.476196 1.810134
v 0.661990 6.476196 1.784097
v 0.661990 6.476196 1.784097
v 0.661990 6.542734 1.704058
v 0.661990 6.542734 1.704058
v 0.661990 6.587093 1.704058
v 0.661990 6.587093 1.704058
v 0.661990 6.587093 1.704058
v 0.661990 6.587093 1.704058
v 0.661990 6.587093 2.160183
v 0.661990 6.587093 2.160183
v 0.661990 6.587093 2.160183
v 0.661990 6.587093 2.160183
v 0.661990 6.333477 2.160183
v 0.661990 6.333477 2.160183
v 0.661990 6.333477 2.160183
v 0.661990 6.333477 2.160183
v 0.706349 6.319975 2.160183
v 0.706349 6.319975 2.160183
v 0.706349 6.319975 1.810134
v 0.706349 6.319975 1.810134
v 0.759387 6.447267 1.810134
v 0.759387 6.447267 1.810134
v 0.759387 6.447267 1.784097
v 0.783494 6.506090 1.704058
v 0.799888 6.544663 1.704058
v 0.799888 6.544663 1.704058
v 0.799888 6.544663 2.160183
v 0.799888 6.544663 2.160183
v 0.854855 6.240901 2.160183
v 0.854855 6.240901 2.160183
v 0.985038 6.133862 1.810134
v 0.985038 6.133862 1.810134
v 0.854855 6.240901 1.810134
v 0.854855 6.240901 1.810134
v 0.931036 6.355656 1.810134
v 0.931036 6.355656 1.810134
v 0.931036 6.355656 1.784097
v 0.966716 6.408693 1.704058
v 0.989860 6.443409 1.704058
v 0.989860 6.443409 1.704058
v 0.989860 6.443409 2.160183
v 0.989860 6.443409 2.160183
v 0.985038 6.133862 2.160183
v 0.985038 6.133862 2.160183
v 1.091113 6.003678 1.810134
v 1.091113 6.003678 1.810134
v 1.298443 5.908210 1.810134
v 1.298443 5.908210 1.810134
v 1.205867 6.080824 1.810134
v 1.205867 6.080824 1.810134
v 1.082435 6.231258 1.810134
v 1.082435 6.231258 1.810134
v 1.082435 6.231258 1.784097
v 1.127758 6.276581 1.704058
v 1.156688 6.306475 1.704058
v 1.156688 6.306475 1.704058
v 1.156688 6.306475 2.160183
v 1.156688 6.306475 2.160183
v 1.091113 6.003678 2.160183
v 1.091113 6.003678 2.160183
v 1.170188 5.855173 1.810134
v 1.170188 5.855173 1.810134
v 1.219368 5.695095 1.810134
v 1.219368 5.695095 1.810134
v 1.354373 5.722096 1.810134
v 1.354373 5.722096 1.810134
v 1.354373 5.722096 1.784097
v 1.298443 5.908210 1.784097
v 1.205867 6.080824 1.784097
v 1.258906 6.116504 1.704058
v 1.294585 6.139647 1.704058
v 1.294585 6.139647 1.704058
v 1.294585 6.139647 2.160183
v 1.294585 6.139647 2.160183
v 1.170188 5.855173 2.160183
v 1.170188 5.855173 2.160183
v 1.219368 5.695095 2.160183
v 1.219368 5.695095 2.160183
v 1.450806 5.527302 2.160183
v 1.450806 5.527302 2.160183
v 1.235762 5.527302 2.160183
v 1.235762 5.527302 2.160183
v 1.235762 5.527302 1.810134
v 1.235762 5.527302 1.810134
v 1.373659 5.527302 1.810134
v 1.373659 5.527302 1.810134
v 1.373659 5.527302 1.784097
v 1.450806 5.740417 1.704058
v 1.450806 5.740417 1.704058
v 1.450806 5.527302 1.704058
v 1.450806 5.527302 1.704058
v 1.417054 5.733668 1.704058
v 1.438270 5.527302 1.704058
v 1.357267 5.933282 1.704058
v 1.395839 5.948711 1.704058
v 1.395839 5.948711 1.704058
v 1.395839 5.948711 2.160183
v 1.395839 5.948711 2.160183
v 1.450806 5.740417 2.160183
v 1.450806 5.740417 2.160183
v 1.683207 5.695095 2.160183
v 1.683207 5.695095 2.160183
v 1.666814 5.527302 2.160183
v 1.666814 5.527302 2.160183
v 1.666814 5.527302 1.810134
v 1.666814 5.527302 1.810134
v 1.683207 5.695095 1.810134
v 1.683207 5.695095 1.810134
v 1.528915 5.527302 1.810134
v 1.528915 5.527302 1.810134
v 1.547238 5.722096 1.810134
v 1.547238 5.722096 1.810134
v 1.528915 5.527302 1.784097
v 1.547238 5.722096 1.784097
v 1.484557 5.733668 1.704058
v 1.464306 5.527302 1.704058
v 1.450806 5.766455 1.699237
v 1.450806 5.766455 1.699237
v 1.450806 5.766455 1.699237
v 1.450806 5.766455 1.699237
v 1.450806 5.766455 2.160183
v 1.450806 5.766455 2.160183
v 1.450806 5.766455 2.160183
v 1.450806 5.766455 2.160183
v 1.506737 5.948711 2.160183
v 1.506737 5.948711 2.160183
v 1.731423 5.855173 2.160183
v 1.731423 5.855173 2.160183
v 1.731423 5.855173 1.810134
v 1.731423 5.855173 1.810134
v 1.604133 5.908210 1.810134
v 1.604133 5.908210 1.810134
v 1.604133 5.908210 1.784097
v 1.545309 5.933282 1.704058
v 1.506737 5.948711 1.704058
v 1.506737 5.948711 1.704058
v 1.607991 6.139647 1.704058
v 1.607991 6.139647 1.704058
v 1.607991 6.139647 2.160183
v 1.607991 6.139647 2.160183
v 1.811462 6.003678 2.160183
v 1.811462 6.003678 2.160183
v 1.811462 6.003678 1.810134
v 1.811462 6.003678 1.810134
v 1.696708 6.080824 1.810134
v 1.696708 6.080824 1.810134
v 1.696708 6.080824 1.784097
v 1.642705 6.116504 1.704058
v 1.774818 6.276581 1.704058
v 1.744924 6.306475 1.704058
v 1.744924 6.306475 1.704058
v 1.744924 6.306475 2.160183
v 1.744924 6.306475 2.160183
v 1.917537 6.133862 2.160183
v 1.917537 6.133862 2.160183
v 1.917537 6.133862 1.810134
v 1.917537 6.133862 1.810134
v 1.820141 6.231258 1.810134
v 1.820141 6.231258 1.810134
v 1.820141 6.231258 1.784097
v 1.971539 6.355656 1.784097
v 1.935860 6.408693 1.704058
v 1.912716 6.443409 1.704058
v 1.912716 6.443409 1.704058
v 1.912716 6.443409 2.160183
v 1.912716 6.443409 2.160183
v 2.047721 6.240901 2.160183
v 2.047721 6.240901 2.160183
v 2.047721 6.240901 1.810134
v 2.047721 6.240901 1.810134
v 1.971539 6.355656 1.810134
v 1.971539 6.355656 1.810134
v 2.143189 6.447267 1.810134
v 2.143189 6.447267 1.810134
v 2.143189 6.447267 1.784097
v 2.119081 6.506090 1.704058
v 2.102688 6.544663 1.704058
v 2.102688 6.544663 1.704058
v 2.102688 6.544663 2.160183
v 2.102688 6.544663 2.160183
v 2.196227 6.319975 2.160183
v 2.196227 6.319975 2.160183
v 2.196227 6.319975 1.810134
v 2.196227 6.319975 1.810134
v 2.240585 6.333477 1.810134
v 2.240585 6.333477 1.810134
v 2.240585 6.333477 1.810134
v 2.240585 6.333477 1.810134
v 2.240585 6.476196 1.810134
v 2.240585 6.476196 1.810134
v 2.240585 6.476196 1.810134
v 2.240585 6.476196 1.810134
v 2.240585 6.476196 1.784097
v 2.240585 6.476196 1.784097
v 2.240585 6.542734 1.704058
v 2.240585 6.542734 1.704058
v 2.240585 6.587093 1.704058
v 2.240585 6.587093 1.704058
v 2.240585 6.587093 1.704058
v 2.240585 6.587093 1.704058
v 2.240585 6.587093 2.160183
v 2.240585 6.587093 2.160183
v 2.240585 6.587093 2.160183
v 2.240585 6.587093 2.160183
v 2.240585 6.333477 2.160183
v 2.240585 6.333477 2.160183
v 2.240585 6.333477 2.160183
v 2.240585 6.333477 2.160183
v 2.283980 6.319975 2.160183
v 2.283980 6.319975 2.160183
v 2.283980 6.319975 1.810134
v 2.283980 6.319975 1.810134
v 2.337018 6.447267 1.810134
v 2.337018 6.447267 1.810134
v 2.337018 6.447267 1.784097
v 2.361126 6.506090 1.704058
v 2.377519 6.544663 1.704058
v 2.377519 6.544663 1.704058
v 2.377519 6.544663 2.160183
v 2.377519 6.544663 2.160183
v 2.432486 6.240901 2.160183
v 2.432486 6.240901 2.160183
v 2.562669 6.133862 1.810134
v 2.562669 6.133862 1.810134
v 2.432486 6.240901 1.810134
v 2.432486 6.240901 1.810134
v 2.509631 6.355656 1.810134
v 2.509631 6.355656 1.810134
v 2.509631 6.355656 1.784097
v 2.544347 6.408693 1.704058
v 2.568455 6.443409 1.704058
v 2.568455 6.443409 1.704058
v 2.568455 6.443409 2.160183
v 2.568455 6.443409 2.160183
v 2.562669 6.133862 2.160183
v 2.562669 6.133862 2.160183
v 2.668744 6.003678 1.810134
v 2.668744 6.003678 1.810134
v 2.748783 5.855173 1.810134
v 2.748783 5.855173 1.810134
v 2.876073 5.908210 1.810134
v 2.876073 5.908210 1.810134
v 2.876073 5.908210 1.810134
v 2.783499 6.080824 1.810134
v 2.783499 6.080824 1.810134
v 2.660066 6.231258 1.810134
v 2.660066 6.231258 1.810134
v 2.660066 6.231258 1.784097
v 2.705389 6.276581 1.704058
v 2.735282 6.306475 1.704058
v 2.735282 6.306475 1.704058
v 2.735282 6.306475 2.160183
v 2.735282 6.306475 2.160183
v 2.668744 6.003678 2.160183
v 2.668744 6.003678 2.160183
v 2.748783 5.855173 2.160183
v 2.748783 5.855173 2.160183
v 2.929111 5.721131 2.160183
v 2.929111 5.721131 2.160183
v 3.071831 5.695095 2.160183
v 3.071831 5.695095 2.160183
v 3.055438 5.527302 2.160183
v 3.055438 5.527302 2.160183
v 3.055438 5.527302 1.810134
v 3.055438 5.527302 1.810134
v 3.071831 5.695095 1.810134
v 3.071831 5.695095 1.810134
v 2.929111 5.721131 1.810134
v 2.929111 5.721131 1.810134
v 2.929111 5.721131 1.810134
v 2.929111 5.721131 1.810134
v 2.929111 5.733668 1.810134
v 2.929111 5.733668 1.810134
v 2.929111 5.733668 1.810134
v 2.929111 5.733668 1.810134
v 2.929111 5.733668 1.784097
v 2.929111 5.733668 1.784097
v 2.876073 5.908210 1.784097
v 2.783499 6.080824 1.784097
v 2.837501 6.116504 1.704058
v 2.872216 6.139647 1.704058
v 2.872216 6.139647 1.704058
v 2.872216 6.139647 2.160183
v 2.872216 6.139647 2.160183
v 2.929111 5.930389 2.160183
v 2.929111 5.930389 2.160183
v 3.121012 5.855173 2.160183
v 3.121012 5.855173 2.160183
v 3.121012 5.855173 1.810134
v 3.121012 5.855173 1.810134
v 2.992757 5.908210 1.810134
v 2.992757 5.908210 1.810134
v 2.992757 5.908210 1.810134
v 2.992757 5.908210 1.784097
v 2.929111 5.930389 1.705987
v 2.929111 5.930389 1.705987
v 2.929111 5.943890 1.704058
v 2.929111 5.943890 1.704058
v 2.929111 6.032608 1.704058
v 2.929111 6.032608 1.704058
v 2.929111 6.032608 1.704058
v 2.929111 6.032608 1.704058
v 2.929111 6.032608 2.160183
v 2.929111 6.032608 2.160183
v 2.929111 6.032608 2.160183
v 2.929111 6.032608 2.160183
v 2.997578 6.139647 2.160183
v 2.997578 6.139647 2.160183
v 3.200086 6.003678 2.160183
v 3.200086 6.003678 2.160183
v 3.200086 6.003678 1.810134
v 3.200086 6.003678 1.810134
v 3.085331 6.080824 1.810134
v 3.085331 6.080824 1.810134
v 3.085331 6.080824 1.784097
v 3.032294 6.116504 1.704058
v 2.997578 6.139647 1.704058
v 2.997578 6.139647 1.704058
v 3.134512 6.306475 1.704058
v 3.134512 6.306475 1.704058
v 3.134512 6.306475 2.160183
v 3.134512 6.306475 2.160183
v 3.306161 6.133862 2.160183
v 3.306161 6.133862 2.160183
v 3.306161 6.133862 1.810134
v 3.306161 6.133862 1.810134
v 3.208765 6.231258 1.810134
v 3.208765 6.231258 1.810134
v 3.208765 6.231258 1.784097
v 3.163442 6.276581 1.704058
v 3.324484 6.408693 1.704058
v 3.301340 6.443409 1.704058
v 3.301340 6.443409 1.704058
v 3.301340 6.443409 2.160183
v 3.301340 6.443409 2.160183
v 3.436345 6.240901 2.160183
v 3.436345 6.240901 2.160183
v 3.436345 6.240901 1.810134
v 3.436345 6.240901 1.810134
v 3.360163 6.355656 1.810134
v 3.360163 6.355656 1.810134
v 3.360163 6.355656 1.784097
v 3.531813 6.447267 1.784097
v 3.507704 6.506090 1.704058
v 3.491312 6.544663 1.704058
v 3.491312 6.544663 1.704058
v 3.491312 6.544663 2.160183
v 3.491312 6.544663 2.160183
v 3.584851 6.319975 2.160183
v 3.584851 6.319975 2.160183
v 3.584851 6.319975 1.810134
v 3.584851 6.319975 1.810134
v 3.531813 6.447267 1.810134
v 3.531813 6.447267 1.810134
v 3.629209 6.476196 1.810134
v 3.629209 6.476196 1.810134
v 3.629209 6.476196 1.810134
v 3.629209 6.476196 1.810134
v 3.629209 6.476196 1.784097
v 3.629209 6.476196 1.784097
v 3.629209 6.542734 1.704058
v 3.629209 6.542734 1.704058
v 3.629209 6.587093 1.704058
v 3.629209 6.587093 1.704058
v 3.629209 6.587093 1.704058
v 3.629209 6.587093 1.704058
v 3.629209 6.587093 2.160183
v 3.629209 6.587093 2.160183
v 3.629209 6.587093 2.160183
v 3.629209 6.587093 2.160183
v 3.629209 6.333477 2.160183
v 3.629209 6.333477 2.160183
v 3.629209 6.333477 2.160183
v 3.629209 6.333477 2.160183
v 3.629209 6.333477 1.810134
v 3.629209 6.333477 1.810134
v 3.629209 6.333477 1.810134
v 3.629209 6.333477 1.810134
v 3.725642 6.447267 1.810134
v 3.725642 6.447267 1.810134
v 3.725642 6.447267 1.784097
v 3.750714 6.506090 1.704058
v 3.766143 6.544663 1.704058
v 3.766143 6.544663 1.704058
v 3.766143 6.544663 2.160183
v 3.766143 6.544663 2.160183
v 3.672604 6.319975 2.160183
v 3.672604 6.319975 2.160183
v 3.672604 6.319975 1.810134
v 3.672604 6.319975 1.810134
v 3.898255 6.355656 1.810134
v 3.898255 6.355656 1.810134
v 3.898255 6.355656 1.784097
v 3.933935 6.408693 1.704058
v 3.957079 6.443409 1.704058
v 3.957079 6.443409 1.704058
v 3.957079 6.443409 2.160183
v 3.957079 6.443409 2.160183
v 3.821110 6.240901 2.160183
v 3.821110 6.240901 2.160183
v 3.821110 6.240901 1.810134
v 3.821110 6.240901 1.810134
v 4.048690 6.231258 1.810134
v 4.048690 6.231258 1.810134
v 4.048690 6.231258 1.784097
v 4.094013 6.276581 1.704058
v 4.123907 6.306475 1.704058
v 4.123907 6.306475 1.704058
v 4.123907 6.306475 2.160183
v 4.123907 6.306475 2.160183
v 3.951293 6.133862 2.160183
v 3.951293 6.133862 2.160183
v 3.951293 6.133862 1.810134
v 3.951293 6.133862 1.810134
v 4.173087 6.080824 1.810134
v 4.173087 6.080824 1.810134
v 4.173087 6.080824 1.784097
v 4.226125 6.116504 1.704058
v 4.362094 5.948711 1.704058
v 4.362094 5.948711 1.704058
v 4.260840 6.139647 1.704058
v 4.260840 6.139647 1.704058
v 4.260840 6.139647 2.160183
v 4.260840 6.139647 2.160183
v 4.058332 6.003678 2.160183
v 4.058332 6.003678 2.160183
v 4.058332 6.003678 1.810134
v 4.058332 6.003678 1.810134
v 4.264698 5.908210 1.810134
v 4.264698 5.908210 1.810134
v 4.264698 5.908210 1.784097
v 4.323522 5.933282 1.704058
v 4.417061 5.769347 1.699237
v 4.417061 5.769347 1.699237
v 4.417061 5.769347 1.699237
v 4.417061 5.769347 1.699237
v 7.382351 5.740417 2.160183
v 7.151878 5.695095 2.160183
v 7.151878 5.695095 2.160183
v 7.382351 5.527302 2.160183
v 7.168272 5.527302 2.160183
v 7.168272 5.527302 2.160183
v 7.168272 5.527302 1.810134
v 7.168272 5.527302 1.810134
v 7.151878 5.695095 1.810134
v 7.151878 5.695095 1.810134
v 7.306170 5.527302 1.810134
v 7.306170 5.527302 1.810134
v 7.286883 5.722096 1.810134
v 7.286883 5.722096 1.810134
v 7.306170 5.527302 1.784097
v 7.286883 5.722096 1.784097
v 7.349565 5.733668 1.704058
v 7.369815 5.527302 1.704058
v 7.382351 5.527302 1.704058
v 7.382351 5.740417 1.704058
v 7.382351 5.769347 1.699237
v 7.382351 5.769347 1.699237
v 7.382351 5.769347 2.160183
v 7.382351 5.769347 2.160183
v 7.328349 5.948711 1.704058
v 7.328349 5.948711 1.704058
v 7.289777 5.933282 1.704058
v 7.229989 5.908210 1.784097
v 7.229989 5.908210 1.810134
v 7.229989 5.908210 1.810134
v 7.102698 5.855173 1.810134
v 7.102698 5.855173 1.810134
v 7.102698 5.855173 2.160183
v 7.102698 5.855173 2.160183
v 7.328349 5.948711 2.160183
v 7.328349 5.948711 2.160183
v 7.226131 6.139647 1.704058
v 7.226131 6.139647 1.704058
v 7.191416 6.116504 1.704058
v 7.138379 6.080824 1.784097
v 7.138379 6.080824 1.810134
v 7.138379 6.080824 1.810134
v 7.023623 6.003678 1.810134
v 7.023623 6.003678 1.810134
v 7.023623 6.003678 2.160183
v 7.023623 6.003678 2.160183
v 7.226131 6.139647 2.160183
v 7.226131 6.139647 2.160183
v 7.089198 6.306475 1.704058
v 7.089198 6.306475 1.704058
v 7.060268 6.276581 1.704058
v 7.014945 6.231258 1.784097
v 7.014945 6.231258 1.810134
v 7.014945 6.231258 1.810134
v 6.916584 6.133862 1.810134
v 6.916584 6.133862 1.810134
v 6.916584 6.133862 2.160183
v 6.916584 6.133862 2.160183
v 7.089198 6.306475 2.160183
v 7.089198 6.306475 2.160183
v 6.922370 6.443409 1.704058
v 6.922370 6.443409 1.704058
v 6.899226 6.408693 1.704058
v 6.863546 6.355656 1.784097
v 6.863546 6.355656 1.810134
v 6.863546 6.355656 1.810134
v 6.787365 6.240901 1.810134
v 6.787365 6.240901 1.810134
v 6.787365 6.240901 2.160183
v 6.787365 6.240901 2.160183
v 6.922370 6.443409 2.160183
v 6.922370 6.443409 2.160183
v 6.732398 6.544663 1.704058
v 6.732398 6.544663 1.704058
v 6.716004 6.506090 1.704058
v 6.691897 6.447267 1.784097
v 6.691897 6.447267 1.810134
v 6.691897 6.447267 1.810134
v 6.638859 6.319975 1.810134
v 6.638859 6.319975 1.810134
v 6.638859 6.319975 2.160183
v 6.638859 6.319975 2.160183
v 6.732398 6.544663 2.160183
v 6.732398 6.544663 2.160183
v 6.594501 6.587093 2.160183
v 6.594501 6.587093 2.160183
v 6.594501 6.587093 2.160183
v 6.594501 6.587093 2.160183
v 6.594501 6.587093 1.704058
v 6.594501 6.587093 1.704058
v 6.594501 6.587093 1.704058
v 6.594501 6.587093 1.704058
v 6.594501 6.542734 1.704058
v 6.594501 6.542734 1.704058
v 6.594501 6.476196 1.784097
v 6.594501 6.476196 1.784097
v 6.594501 6.476196 1.810134
v 6.594501 6.476196 1.810134
v 6.594501 6.476196 1.810134
v 6.594501 6.476196 1.810134
v 6.594501 6.333477 1.810134
v 6.594501 6.333477 1.810134
v 6.594501 6.333477 1.810134
v 6.594501 6.333477 1.810134
v 6.594501 6.333477 2.160183
v 6.594501 6.333477 2.160183
v 6.594501 6.333477 2.160183
v 6.594501 6.333477 2.160183
v 6.457567 6.544663 2.160183
v 6.457567 6.544663 2.160183
v 6.457567 6.544663 1.704058
v 6.457567 6.544663 1.704058
v 6.472996 6.506090 1.704058
v 6.498068 6.447267 1.784097
v 6.498068 6.447267 1.810134
v 6.498068 6.447267 1.810134
v 6.550141 6.319975 1.810134
v 6.550141 6.319975 1.810134
v 6.550141 6.319975 2.160183
v 6.550141 6.319975 2.160183
v 6.402600 6.240901 2.160183
v 6.402600 6.240901 2.160183
v 6.272417 6.133862 2.160183
v 6.272417 6.133862 2.160183
v 6.266631 6.443409 2.160183
v 6.266631 6.443409 2.160183
v 6.266631 6.443409 1.704058
v 6.266631 6.443409 1.704058
v 6.289775 6.408693 1.704058
v 6.325455 6.355656 1.784097
v 6.325455 6.355656 1.810134
v 6.325455 6.355656 1.810134
v 6.402600 6.240901 1.810134
v 6.402600 6.240901 1.810134
v 6.272417 6.133862 1.810134
v 6.272417 6.133862 1.810134
v 6.165377 6.003678 1.810134
v 6.165377 6.003678 1.810134
v 6.165377 6.003678 2.160183
v 6.165377 6.003678 2.160183
v 6.099803 6.306475 2.160183
v 6.099803 6.306475 2.160183
v 6.099803 6.306475 1.704058
v 6.099803 6.306475 1.704058
v 6.129697 6.276581 1.704058
v 6.175020 6.231258 1.784097
v 6.175020 6.231258 1.810134
v 6.175020 6.231258 1.810134
v 6.050622 6.080824 1.810134
v 6.050622 6.080824 1.810134
v 5.959013 5.908210 1.810134
v 5.959013 5.908210 1.810134
v 6.086302 5.855173 1.810134
v 6.086302 5.855173 1.810134
v 5.900188 5.527302 1.810134
v 5.900188 5.527302 1.810134
v 6.037122 5.695095 1.810134
v 6.037122 5.695095 1.810134
v 6.020729 5.527302 1.810134
v 6.020729 5.527302 1.810134
v 6.037122 5.695095 2.160183
v 6.037122 5.695095 2.160183
v 6.020729 5.527302 2.160183
v 6.020729 5.527302 2.160183
v 5.900188 5.527302 2.160183
v 5.900188 5.527302 2.160183
v 5.778684 5.527302 1.810134
v 5.778684 5.527302 1.810134
v 5.778684 5.527302 2.160183
v 5.778684 5.527302 2.160183
v 5.762290 5.695095 2.160183
v 5.762290 5.695095 2.160183
v 5.900188 5.720167 2.160183
v 5.900188 5.720167 2.160183
v 6.086302 5.855173 2.160183
v 6.086302 5.855173 2.160183
v 5.962870 6.139647 2.160183
v 5.962870 6.139647 2.160183
v 5.962870 6.139647 1.704058
v 5.962870 6.139647 1.704058
v 5.997584 6.116504 1.704058
v 6.050622 6.080824 1.784097
v 5.959013 5.908210 1.784097
v 5.900188 5.747168 1.784097
v 5.900188 5.747168 1.784097
v 5.900188 5.747168 1.811098
v 5.900188 5.747168 1.811098
v 5.900188 5.747168 1.811098
v 5.900188 5.747168 1.811098
v 5.900188 5.720167 1.810134
v 5.900188 5.720167 1.810134
v 5.762290 5.695095 1.810134
v 5.762290 5.695095 1.810134
v 5.713110 5.855173 2.160183
v 5.713110 5.855173 2.160183
v 5.900188 5.928461 2.160183
v 5.900188 5.928461 2.160183
v 5.900188 6.040322 2.160183
v 5.900188 6.040322 2.160183
v 5.900188 6.040322 2.160183
v 5.900188 6.040322 2.160183
v 5.900188 6.040322 1.704058
v 5.900188 6.040322 1.704058
v 5.900188 6.040322 1.704058
v 5.900188 6.040322 1.704058
v 5.900188 5.952569 1.704058
v 5.900188 5.952569 1.704058
v 5.900188 5.928461 1.710809
v 5.900188 5.928461 1.710809
v 5.840400 5.908210 1.784097
v 5.840400 5.908210 1.810134
v 5.840400 5.908210 1.810134
v 5.713110 5.855173 1.810134
v 5.713110 5.855173 1.810134
v 5.634036 6.003678 2.160183
v 5.634036 6.003678 2.160183
v 5.836544 6.139647 2.160183
v 5.836544 6.139647 2.160183
v 5.836544 6.139647 1.704058
v 5.836544 6.139647 1.704058
v 5.801828 6.116504 1.704058
v 5.748790 6.080824 1.784097
v 5.748790 6.080824 1.810134
v 5.748790 6.080824 1.810134
v 5.634036 6.003678 1.810134
v 5.634036 6.003678 1.810134
v 5.526996 6.133862 2.160183
v 5.526996 6.133862 2.160183
v 5.699609 6.306475 2.160183
v 5.699609 6.306475 2.160183
v 5.699609 6.306475 1.704058
v 5.699609 6.306475 1.704058
v 5.670679 6.276581 1.704058
v 5.625357 6.231258 1.784097
v 5.625357 6.231258 1.810134
v 5.625357 6.231258 1.810134
v 5.526996 6.133862 1.810134
v 5.526996 6.133862 1.810134
v 5.397777 6.240901 2.160183
v 5.397777 6.240901 2.160183
v 5.532782 6.443409 2.160183
v 5.532782 6.443409 2.160183
v 5.532782 6.443409 1.704058
v 5.532782 6.443409 1.704058
v 5.509638 6.408693 1.704058
v 5.473958 6.355656 1.784097
v 5.473958 6.355656 1.810134
v 5.473958 6.355656 1.810134
v 5.397777 6.240901 1.810134
v 5.397777 6.240901 1.810134
v 5.249271 6.319975 2.160183
v 5.249271 6.319975 2.160183
v 5.342810 6.544663 2.160183
v 5.342810 6.544663 2.160183
v 5.342810 6.544663 1.704058
v 5.342810 6.544663 1.704058
v 5.326416 6.506090 1.704058
v 5.302308 6.447267 1.784097
v 5.302308 6.447267 1.810134
v 5.302308 6.447267 1.810134
v 5.249271 6.319975 1.810134
v 5.249271 6.319975 1.810134
v 5.204912 6.333477 2.160183
v 5.204912 6.333477 2.160183
v 5.204912 6.333477 2.160183
v 5.204912 6.333477 2.160183
v 5.204912 6.587093 2.160183
v 5.204912 6.587093 2.160183
v 5.204912 6.587093 2.160183
v 5.204912 6.587093 2.160183
v 5.204912 6.587093 1.704058
v 5.204912 6.587093 1.704058
v 5.204912 6.587093 1.704058
v 5.204912 6.587093 1.704058
v 5.204912 6.542734 1.704058
v 5.204912 6.542734 1.704058
v 5.204912 6.476196 1.784097
v 5.204912 6.476196 1.784097
v 5.204912 6.476196 1.810134
v 5.204912 6.476196 1.810134
v 5.204912 6.476196 1.810134
v 5.204912 6.476196 1.810134
v 5.204912 6.333477 1.810134
v 5.204912 6.333477 1.810134
v 5.204912 6.333477 1.810134
v 5.204912 6.333477 1.810134
v 5.160553 6.319975 1.810134
v 5.160553 6.319975 1.810134
v 5.160553 6.319975 2.160183
v 5.160553 6.319975 2.160183
v 5.067978 6.544663 2.160183
v 5.067978 6.544663 2.160183
v 5.067978 6.544663 1.704058
v 5.067978 6.544663 1.704058
v 5.083408 6.506090 1.704058
v 5.108480 6.447267 1.784097
v 5.108480 6.447267 1.810134
v 5.108480 6.447267 1.810134
v 4.935866 6.355656 1.810134
v 4.935866 6.355656 1.810134
v 5.013012 6.240901 1.810134
v 5.013012 6.240901 1.810134
v 5.013012 6.240901 2.160183
v 5.013012 6.240901 2.160183
v 4.877042 6.443409 2.160183
v 4.877042 6.443409 2.160183
v 4.877042 6.443409 1.704058
v 4.877042 6.443409 1.704058
v 4.900186 6.408693 1.704058
v 4.935866 6.355656 1.784097
v 4.785432 6.231258 1.784097
v 4.785432 6.231258 1.810134
v 4.785432 6.231258 1.810134
v 4.882829 6.133862 1.810134
v 4.882829 6.133862 1.810134
v 4.882829 6.133862 2.160183
v 4.882829 6.133862 2.160183
v 4.710215 6.306475 2.160183
v 4.710215 6.306475 2.160183
v 4.710215 6.306475 1.704058
v 4.710215 6.306475 1.704058
v 4.740109 6.276581 1.704058
v 4.607996 6.116504 1.704058
v 4.661035 6.080824 1.784097
v 4.661035 6.080824 1.810134
v 4.661035 6.080824 1.810134
v 4.775789 6.003678 1.810134
v 4.775789 6.003678 1.810134
v 4.775789 6.003678 2.160183
v 4.775789 6.003678 2.160183
v 4.573281 6.139647 2.160183
v 4.573281 6.139647 2.160183
v 4.573281 6.139647 1.704058
v 4.573281 6.139647 1.704058
v 4.471063 5.948711 1.704058
v 4.471063 5.948711 1.704058
v 4.510600 5.933282 1.704058
v 4.569423 5.908210 1.784097
v 4.569423 5.908210 1.810134
v 4.569423 5.908210 1.810134
v 4.696714 5.855173 1.810134
v 4.696714 5.855173 1.810134
v 4.696714 5.855173 2.160183
v 4.696714 5.855173 2.160183
v 4.471063 5.948711 2.160183
v 4.471063 5.948711 2.160183
v 4.417061 5.769347 2.160183
v 4.417061 5.769347 2.160183
v 4.417061 5.769347 2.160183
v 4.417061 5.769347 2.160183
v 4.362094 5.948711 2.160183
v 4.362094 5.948711 2.160183
v 4.137408 5.855173 2.160183
v 4.137408 5.855173 2.160183
v 4.137408 5.855173 1.810134
v 4.137408 5.855173 1.810134
v 4.321593 5.722096 1.810134
v 4.321593 5.722096 1.810134
v 4.321593 5.722096 1.784097
v 4.384274 5.733668 1.704058
v 4.417061 5.740417 1.704058
v 4.417061 5.740417 1.704058
v 4.449848 5.733668 1.704058
v 4.512529 5.722096 1.784097
v 4.512529 5.722096 1.810134
v 4.512529 5.722096 1.810134
v 4.647534 5.695095 1.810134
v 4.647534 5.695095 1.810134
v 4.647534 5.695095 2.160183
v 4.647534 5.695095 2.160183
v 4.417061 5.740417 2.160183
v 4.417061 5.740417 2.160183
v 4.185624 5.695095 2.160183
v 4.185624 5.695095 2.160183
v 4.185624 5.695095 1.810134
v 4.185624 5.695095 1.810134
v 4.340879 5.527302 1.810134
v 4.340879 5.527302 1.810134
v 4.340879 5.527302 1.784097
v 4.404525 5.527302 1.704058
v 4.417061 5.527302 1.704058
v 4.417061 5.527302 1.704058
v 4.429597 5.527302 1.704058
v 4.493243 5.527302 1.784097
v 4.493243 5.527302 1.810134
v 4.493243 5.527302 1.810134
v 4.631140 5.527302 1.810134
v 4.631140 5.527302 1.810134
v 4.631140 5.527302 2.160183
v 4.631140 5.527302 2.160183
v 4.417061 5.527302 2.160183
v 4.417061 5.527302 2.160183
v 4.202981 5.527302 2.160183
v 4.202981 5.527302 2.160183
v 4.202981 5.527302 1.810134
v 4.202981 5.527302 1.810134
v 2.929111 5.527302 -2.109837
v 2.929111 5.527302 -2.109837
v 2.813393 5.527302 -2.109837
v 2.813393 5.527302 -2.109837
v 2.796999 5.695095 -2.109837
v 2.796999 5.695095 -2.109837
v 2.813393 5.527302 -1.759788
v 2.813393 5.527302 -1.759788
v 2.796999 5.695095 -1.759788
v 2.796999 5.695095 -1.759788
v 2.929111 5.527302 -1.759788
v 2.929111 5.527302 -1.759788
v -0.024607 5.527302 -2.109837
v -0.024607 5.527302 -2.109837
v -0.138397 5.527302 -2.109837
v -0.138397 5.527302 -2.109837
v -0.155755 5.695095 -2.109837
v -0.155755 5.695095 -2.109837
v -0.138397 5.527302 -1.759788
v -0.138397 5.527302 -1.759788
v -0.155755 5.695095 -1.759788
v -0.155755 5.695095 -1.759788
v -0.024607 5.527302 -1.759788
v -0.024607 5.527302 -1.759788
v -2.979291 5.527302 -2.109837
v -2.979291 5.527302 -2.109837
v -3.105617 5.527302 -2.109837
v -3.105617 5.527302 -2.109837
v -3.122010 5.695095 -2.109837
v -3.122010 5.695095 -2.109837
v -3.105617 5.527302 -1.759788
v -3.105617 5.527302 -1.759788
v -3.122010 5.695095 -1.759788
v -3.122010 5.695095 -1.759788
v -2.979291 5.527302 -1.759788
v -2.979291 5.527302 -1.759788
v -5.953260 5.527302 -2.109837
v -5.953260 5.527302 -2.109837
v -6.078622 5.527302 -2.109837
v -6.078622 5.527302 -2.109837
v -6.095016 5.695095 -2.109837
v -6.095016 5.695095 -2.109837
v -6.078622 5.527302 -1.759788
v -6.078622 5.527302 -1.759788
v -6.095016 5.695095 -1.759788
v -6.095016 5.695095 -1.759788
v -5.953260 5.527302 -1.759788
v -5.953260 5.527302 -1.759788
v -7.440245 5.740417 -2.109837
v -7.209772 5.695095 -2.109837
v -7.209772 5.695095 -2.109837
v -7.440245 5.527302 -2.109837
v -7.226165 5.527302 -2.109837
v -7.226165 5.527302 -2.109837
v -7.226165 5.527302 -1.759788
v -7.226165 5.527302 -1.759788
v -7.440245 5.769347 -1.651784
v -7.440245 5.769347 -1.651784
v -7.440245 5.740417 -1.651784
v -7.407458 5.733668 -1.651784
v -7.440245 5.527302 -1.651784
v -7.427709 5.527302 -1.651784
v -7.364064 5.527302 -1.733751
v -7.344777 5.722096 -1.733751
v -7.344777 5.722096 -1.759788
v -7.344777 5.722096 -1.759788
v -7.364064 5.527302 -1.759788
v -7.364064 5.527302 -1.759788
v -7.209772 5.695095 -1.759788
v -7.209772 5.695095 -1.759788
v -7.160591 5.855173 -2.109837
v -7.160591 5.855173 -2.109837
v -7.385278 5.948711 -2.109837
v -7.385278 5.948711 -2.109837
v -7.440245 5.769347 -2.109837
v -7.440245 5.769347 -2.109837
v -7.385278 5.948711 -1.654676
v -7.385278 5.948711 -1.654676
v -7.346705 5.933282 -1.654676
v -7.287882 5.908210 -1.733751
v -7.287882 5.908210 -1.759788
v -7.287882 5.908210 -1.759788
v -7.160591 5.855173 -1.759788
v -7.160591 5.855173 -1.759788
v -7.081517 6.003678 -2.109837
v -7.081517 6.003678 -2.109837
v -7.284024 6.139647 -2.109837
v -7.284024 6.139647 -2.109837
v -7.284024 6.139647 -1.654676
v -7.284024 6.139647 -1.654676
v -7.249309 6.116504 -1.654676
v -7.196271 6.080824 -1.733751
v -7.196271 6.080824 -1.759788
v -7.196271 6.080824 -1.759788
v -7.081517 6.003678 -1.759788
v -7.081517 6.003678 -1.759788
v -6.974477 6.133862 -2.109837
v -6.974477 6.133862 -2.109837
v -7.147091 6.306475 -2.109837
v -7.147091 6.306475 -2.109837
v -7.147091 6.306475 -1.654676
v -7.147091 6.306475 -1.654676
v -7.117197 6.276581 -1.654676
v -7.071874 6.231258 -1.733751
v -7.071874 6.231258 -1.759788
v -7.071874 6.231258 -1.759788
v -6.974477 6.133862 -1.759788
v -6.974477 6.133862 -1.759788
v -6.844294 6.240901 -2.109837
v -6.844294 6.240901 -2.109837
v -6.980263 6.443409 -2.109837
v -6.980263 6.443409 -2.109837
v -6.980263 6.443409 -1.654676
v -6.980263 6.443409 -1.654676
v -6.957119 6.408693 -1.654676
v -6.921440 6.355656 -1.733751
v -6.921440 6.355656 -1.759788
v -6.921440 6.355656 -1.759788
v -6.844294 6.240901 -1.759788
v -6.844294 6.240901 -1.759788
v -6.696753 6.319975 -2.109837
v -6.696753 6.319975 -2.109837
v -6.789327 6.544663 -2.109837
v -6.789327 6.544663 -2.109837
v -6.789327 6.544663 -1.654676
v -6.789327 6.544663 -1.654676
v -6.773899 6.506090 -1.654676
v -6.748826 6.447267 -1.733751
v -6.748826 6.447267 -1.759788
v -6.748826 6.447267 -1.759788
v -6.696753 6.319975 -1.759788
v -6.696753 6.319975 -1.759788
v -6.652393 6.333477 -2.109837
v -6.652393 6.333477 -2.109837
v -6.652393 6.333477 -2.109837
v -6.652393 6.333477 -2.109837
v -6.652393 6.587093 -2.109837
v -6.652393 6.587093 -2.109837
v -6.652393 6.587093 -2.109837
v -6.652393 6.587093 -2.109837
v -6.652393 6.587093 -1.654676
v -6.652393 6.587093 -1.654676
v -6.652393 6.587093 -1.654676
v -6.652393 6.587093 -1.654676
v -6.652393 6.542734 -1.654676
v -6.652393 6.542734 -1.654676
v -6.652393 6.476196 -1.733751
v -6.652393 6.476196 -1.733751
v -6.652393 6.476196 -1.759788
v -6.652393 6.476196 -1.759788
v -6.652393 6.476196 -1.759788
v -6.652393 6.476196 -1.759788
v -6.652393 6.333477 -1.759788
v -6.652393 6.333477 -1.759788
v -6.652393 6.333477 -1.759788
v -6.652393 6.333477 -1.759788
v -6.608035 6.319975 -1.759788
v -6.608035 6.319975 -1.759788
v -6.608035 6.319975 -2.109837
v -6.608035 6.319975 -2.109837
v -6.459529 6.240901 -2.109837
v -6.459529 6.240901 -2.109837
v -6.514496 6.544663 -2.109837
v -6.514496 6.544663 -2.109837
v -6.514496 6.544663 -1.654676
v -6.514496 6.544663 -1.654676
v -6.530889 6.506090 -1.654676
v -6.554997 6.447267 -1.733751
v -6.554997 6.447267 -1.759788
v -6.554997 6.447267 -1.759788
v -6.383348 6.355656 -1.759788
v -6.383348 6.355656 -1.759788
v -6.459529 6.240901 -1.759788
v -6.459529 6.240901 -1.759788
v -6.329346 6.133862 -1.759788
v -6.329346 6.133862 -1.759788
v -6.223270 6.003678 -1.759788
v -6.223270 6.003678 -1.759788
v -6.329346 6.133862 -2.109837
v -6.329346 6.133862 -2.109837
v -6.324524 6.443409 -2.109837
v -6.324524 6.443409 -2.109837
v -6.324524 6.443409 -1.654676
v -6.324524 6.443409 -1.654676
v -6.347668 6.408693 -1.654676
v -6.383348 6.355656 -1.733751
v -6.231949 6.231258 -1.733751
v -6.231949 6.231258 -1.759788
v -6.231949 6.231258 -1.759788
v -6.108516 6.080824 -1.759788
v -6.108516 6.080824 -1.759788
v -6.015941 5.908210 -1.759788
v -6.015941 5.908210 -1.759788
v -6.015941 5.908210 -1.759788
v -6.144196 5.855173 -1.759788
v -6.144196 5.855173 -1.759788
v -6.223270 6.003678 -2.109837
v -6.223270 6.003678 -2.109837
v -6.157696 6.306475 -2.109837
v -6.157696 6.306475 -2.109837
v -6.157696 6.306475 -1.654676
v -6.157696 6.306475 -1.654676
v -6.186626 6.276581 -1.654676
v -6.055478 6.116504 -1.654676
v -6.108516 6.080824 -1.733751
v -6.015941 5.908210 -1.733751
v -5.953260 5.737525 -1.733751
v -5.953260 5.737525 -1.733751
v -5.953260 5.737525 -1.760752
v -5.953260 5.737525 -1.760752
v -5.953260 5.737525 -1.760752
v -5.953260 5.737525 -1.760752
v -5.953260 5.720167 -1.759788
v -5.953260 5.720167 -1.759788
v -5.953260 5.720167 -1.759788
v -5.953260 5.720167 -1.759788
v -5.812469 5.695095 -1.759788
v -5.812469 5.695095 -1.759788
v -5.828862 5.527302 -1.759788
v -5.828862 5.527302 -1.759788
v -5.812469 5.695095 -2.109837
v -5.812469 5.695095 -2.109837
v -5.828862 5.527302 -2.109837
v -5.828862 5.527302 -2.109837
v -5.953260 5.720167 -2.109837
v -5.953260 5.720167 -2.109837
v -6.144196 5.855173 -2.109837
v -6.144196 5.855173 -2.109837
v -6.020762 6.139647 -2.109837
v -6.020762 6.139647 -2.109837
v -6.020762 6.139647 -1.654676
v -6.020762 6.139647 -1.654676
v -5.953260 6.034536 -1.654676
v -5.953260 6.034536 -1.654676
v -5.953260 6.034536 -1.654676
v -5.953260 6.034536 -1.654676
v -5.953260 5.946783 -1.654676
v -5.953260 5.946783 -1.654676
v -5.953260 5.929425 -1.657569
v -5.953260 5.929425 -1.657569
v -5.890579 5.908210 -1.733751
v -5.890579 5.908210 -1.759788
v -5.890579 5.908210 -1.759788
v -5.890579 5.908210 -1.759788
v -5.763288 5.855173 -1.759788
v -5.763288 5.855173 -1.759788
v -5.763288 5.855173 -2.109837
v -5.763288 5.855173 -2.109837
v -5.953260 5.929425 -2.109837
v -5.953260 5.929425 -2.109837
v -5.953260 6.034536 -2.109837
v -5.953260 6.034536 -2.109837
v -5.953260 6.034536 -2.109837
v -5.953260 6.034536 -2.109837
v -5.886722 6.139647 -1.654676
v -5.886722 6.139647 -1.654676
v -5.852006 6.116504 -1.654676
v -5.798969 6.080824 -1.733751
v -5.798969 6.080824 -1.759788
v -5.798969 6.080824 -1.759788
v -5.684214 6.003678 -1.759788
v -5.684214 6.003678 -1.759788
v -5.684214 6.003678 -2.109837
v -5.684214 6.003678 -2.109837
v -5.886722 6.139647 -2.109837
v -5.886722 6.139647 -2.109837
v -5.749788 6.306475 -1.654676
v -5.749788 6.306475 -1.654676
v -5.720859 6.276581 -1.654676
v -5.675535 6.231258 -1.733751
v -5.675535 6.231258 -1.759788
v -5.675535 6.231258 -1.759788
v -5.577174 6.133862 -1.759788
v -5.577174 6.133862 -1.759788
v -5.577174 6.133862 -2.109837
v -5.577174 6.133862 -2.109837
v -5.749788 6.306475 -2.109837
v -5.749788 6.306475 -2.109837
v -5.582961 6.443409 -1.654676
v -5.582961 6.443409 -1.654676
v -5.559816 6.408693 -1.654676
v -5.524137 6.355656 -1.733751
v -5.524137 6.355656 -1.759788
v -5.524137 6.355656 -1.759788
v -5.447955 6.240901 -1.759788
v -5.447955 6.240901 -1.759788
v -5.447955 6.240901 -2.109837
v -5.447955 6.240901 -2.109837
v -5.582961 6.443409 -2.109837
v -5.582961 6.443409 -2.109837
v -5.392989 6.544663 -1.654676
v -5.392989 6.544663 -1.654676
v -5.376595 6.506090 -1.654676
v -5.352487 6.447267 -1.733751
v -5.352487 6.447267 -1.759788
v -5.352487 6.447267 -1.759788
v -5.299449 6.319975 -1.759788
v -5.299449 6.319975 -1.759788
v -5.299449 6.319975 -2.109837
v -5.299449 6.319975 -2.109837
v -5.392989 6.544663 -2.109837
v -5.392989 6.544663 -2.109837
v -5.255091 6.587093 -2.109837
v -5.255091 6.587093 -2.109837
v -5.255091 6.587093 -2.109837
v -5.255091 6.587093 -2.109837
v -5.255091 6.587093 -1.654676
v -5.255091 6.587093 -1.654676
v -5.255091 6.587093 -1.654676
v -5.255091 6.587093 -1.654676
v -5.255091 6.542734 -1.654676
v -5.255091 6.542734 -1.654676
v -5.255091 6.476196 -1.733751
v -5.255091 6.476196 -1.733751
v -5.255091 6.476196 -1.759788
v -5.255091 6.476196 -1.759788
v -5.255091 6.476196 -1.759788
v -5.255091 6.476196 -1.759788
v -5.255091 6.333477 -1.759788
v -5.255091 6.333477 -1.759788
v -5.255091 6.333477 -1.759788
v -5.255091 6.333477 -1.759788
v -5.255091 6.333477 -2.109837
v -5.255091 6.333477 -2.109837
v -5.255091 6.333477 -2.109837
v -5.255091 6.333477 -2.109837
v -5.118157 6.544663 -2.109837
v -5.118157 6.544663 -2.109837
v -5.118157 6.544663 -1.654676
v -5.118157 6.544663 -1.654676
v -5.133586 6.506090 -1.654676
v -5.158659 6.447267 -1.733751
v -5.158659 6.447267 -1.759788
v -5.158659 6.447267 -1.759788
v -5.210732 6.319975 -1.759788
v -5.210732 6.319975 -1.759788
v -5.210732 6.319975 -2.109837
v -5.210732 6.319975 -2.109837
v -5.063190 6.240901 -2.109837
v -5.063190 6.240901 -2.109837
v -4.933007 6.133862 -2.109837
v -4.933007 6.133862 -2.109837
v -4.927221 6.443409 -2.109837
v -4.927221 6.443409 -2.109837
v -4.927221 6.443409 -1.654676
v -4.927221 6.443409 -1.654676
v -4.950365 6.408693 -1.654676
v -4.986045 6.355656 -1.733751
v -4.986045 6.355656 -1.759788
v -4.986045 6.355656 -1.759788
v -5.063190 6.240901 -1.759788
v -5.063190 6.240901 -1.759788
v -4.933007 6.133862 -1.759788
v -4.933007 6.133862 -1.759788
v -4.825968 6.003678 -1.759788
v -4.825968 6.003678 -1.759788
v -4.825968 6.003678 -2.109837
v -4.825968 6.003678 -2.109837
v -4.760394 6.306475 -2.109837
v -4.760394 6.306475 -2.109837
v -4.760394 6.306475 -1.654676
v -4.760394 6.306475 -1.654676
v -4.790287 6.276581 -1.654676
v -4.835610 6.231258 -1.733751
v -4.835610 6.231258 -1.759788
v -4.835610 6.231258 -1.759788
v -4.711213 6.080824 -1.759788
v -4.711213 6.080824 -1.759788
v -4.619603 5.908210 -1.759788
v -4.619603 5.908210 -1.759788
v -4.746893 5.855173 -1.759788
v -4.746893 5.855173 -1.759788
v -4.746893 5.855173 -2.109837
v -4.746893 5.855173 -2.109837
v -4.623460 6.139647 -2.109837
v -4.623460 6.139647 -2.109837
v -4.623460 6.139647 -1.654676
v -4.623460 6.139647 -1.654676
v -4.658175 6.116504 -1.654676
v -4.711213 6.080824 -1.733751
v -4.619603 5.908210 -1.733751
v -4.562707 5.722096 -1.733751
v -4.562707 5.722096 -1.759788
v -4.562707 5.722096 -1.759788
v -4.697713 5.695095 -1.759788
v -4.697713 5.695095 -1.759788
v -4.697713 5.695095 -2.109837
v -4.697713 5.695095 -2.109837
v -4.521242 5.948711 -2.109837
v -4.521242 5.948711 -2.109837
v -4.521242 5.948711 -1.654676
v -4.521242 5.948711 -1.654676
v -4.560779 5.933282 -1.654676
v -4.500026 5.733668 -1.654676
v -4.467239 5.740417 -1.654676
v -4.467239 5.740417 -1.654676
v -4.467239 5.527302 -1.654676
v -4.467239 5.527302 -1.654676
v -4.479776 5.527302 -1.654676
v -4.543421 5.527302 -1.733751
v -4.543421 5.527302 -1.759788
v -4.543421 5.527302 -1.759788
v -4.681319 5.527302 -1.759788
v -4.681319 5.527302 -1.759788
v -4.681319 5.527302 -2.109837
v -4.681319 5.527302 -2.109837
v -4.467239 5.527302 -2.109837
v -4.467239 5.527302 -2.109837
v -4.252196 5.527302 -1.759788
v -4.252196 5.527302 -1.759788
v -4.252196 5.527302 -2.109837
v -4.252196 5.527302 -2.109837
v -4.235802 5.695095 -2.109837
v -4.235802 5.695095 -2.109837
v -4.467239 5.740417 -2.109837
v -4.467239 5.740417 -2.109837
v -4.467239 5.769347 -2.109837
v -4.467239 5.769347 -2.109837
v -4.467239 5.769347 -2.109837
v -4.467239 5.769347 -2.109837
v -4.467239 5.769347 -1.649855
v -4.467239 5.769347 -1.649855
v -4.467239 5.769347 -1.649855
v -4.467239 5.769347 -1.649855
v -4.434453 5.733668 -1.654676
v -4.454703 5.527302 -1.654676
v -4.391058 5.527302 -1.733751
v -4.371771 5.722096 -1.733751
v -4.371771 5.722096 -1.759788
v -4.371771 5.722096 -1.759788
v -4.391058 5.527302 -1.759788
v -4.391058 5.527302 -1.759788
v -4.235802 5.695095 -1.759788
v -4.235802 5.695095 -1.759788
v -4.187586 5.855173 -2.109837
v -4.187586 5.855173 -2.109837
v -4.412273 5.948711 -2.109837
v -4.412273 5.948711 -2.109837
v -4.412273 5.948711 -1.654676
v -4.412273 5.948711 -1.654676
v -4.373700 5.933282 -1.654676
v -4.314877 5.908210 -1.733751
v -4.314877 5.908210 -1.759788
v -4.314877 5.908210 -1.759788
v -4.187586 5.855173 -1.759788
v -4.187586 5.855173 -1.759788
v -4.108511 6.003678 -2.109837
v -4.108511 6.003678 -2.109837
v -4.311019 6.139647 -2.109837
v -4.311019 6.139647 -2.109837
v -4.311019 6.139647 -1.654676
v -4.311019 6.139647 -1.654676
v -4.276304 6.116504 -1.654676
v -4.223266 6.080824 -1.733751
v -4.223266 6.080824 -1.759788
v -4.223266 6.080824 -1.759788
v -4.108511 6.003678 -1.759788
v -4.108511 6.003678 -1.759788
v -4.001472 6.133862 -2.109837
v -4.001472 6.133862 -2.109837
v -4.174086 6.306475 -2.109837
v -4.174086 6.306475 -2.109837
v -4.174086 6.306475 -1.654676
v -4.174086 6.306475 -1.654676
v -4.144191 6.276581 -1.654676
v -4.098868 6.231258 -1.733751
v -4.098868 6.231258 -1.759788
v -4.098868 6.231258 -1.759788
v -4.001472 6.133862 -1.759788
v -4.001472 6.133862 -1.759788
v -3.871289 6.240901 -2.109837
v -3.871289 6.240901 -2.109837
v -4.007258 6.443409 -2.109837
v -4.007258 6.443409 -2.109837
v -4.007258 6.443409 -1.654676
v -4.007258 6.443409 -1.654676
v -3.983150 6.408693 -1.654676
v -3.948435 6.355656 -1.733751
v -3.948435 6.355656 -1.759788
v -3.948435 6.355656 -1.759788
v -3.871289 6.240901 -1.759788
v -3.871289 6.240901 -1.759788
v -3.722783 6.319975 -2.109837
v -3.722783 6.319975 -2.109837
v -3.816323 6.544663 -2.109837
v -3.816323 6.544663 -2.109837
v -3.816323 6.544663 -1.654676
v -3.816323 6.544663 -1.654676
v -3.800893 6.506090 -1.654676
v -3.775821 6.447267 -1.733751
v -3.775821 6.447267 -1.759788
v -3.775821 6.447267 -1.759788
v -3.722783 6.319975 -1.759788
v -3.722783 6.319975 -1.759788
v -3.679388 6.333477 -2.109837
v -3.679388 6.333477 -2.109837
v -3.679388 6.333477 -2.109837
v -3.679388 6.333477 -2.109837
v -3.679388 6.587093 -2.109837
v -3.679388 6.587093 -2.109837
v -3.679388 6.587093 -2.109837
v -3.679388 6.587093 -2.109837
v -3.679388 6.587093 -1.654676
v -3.679388 6.587093 -1.654676
v -3.679388 6.587093 -1.654676
v -3.679388 6.587093 -1.654676
v -3.679388 6.542734 -1.654676
v -3.679388 6.542734 -1.654676
v -3.679388 6.476196 -1.733751
v -3.679388 6.476196 -1.733751
v -3.679388 6.476196 -1.759788
v -3.679388 6.476196 -1.759788
v -3.679388 6.476196 -1.759788
v -3.679388 6.476196 -1.759788
v -3.679388 6.333477 -1.759788
v -3.679388 6.333477 -1.759788
v -3.679388 6.333477 -1.759788
v -3.679388 6.333477 -1.759788
v -3.635030 6.319975 -1.759788
v -3.635030 6.319975 -1.759788
v -3.635030 6.319975 -2.109837
v -3.635030 6.319975 -2.109837
v -3.486524 6.240901 -2.109837
v -3.486524 6.240901 -2.109837
v -3.541490 6.544663 -2.109837
v -3.541490 6.544663 -2.109837
v -3.541490 6.544663 -1.654676
v -3.541490 6.544663 -1.654676
v -3.557884 6.506090 -1.654676
v -3.581992 6.447267 -1.733751
v -3.581992 6.447267 -1.759788
v -3.581992 6.447267 -1.759788
v -3.410343 6.355656 -1.759788
v -3.410343 6.355656 -1.759788
v -3.486524 6.240901 -1.759788
v -3.486524 6.240901 -1.759788
v -3.356340 6.133862 -1.759788
v -3.356340 6.133862 -1.759788
v -3.250265 6.003678 -1.759788
v -3.250265 6.003678 -1.759788
v -3.356340 6.133862 -2.109837
v -3.356340 6.133862 -2.109837
v -3.351519 6.443409 -2.109837
v -3.351519 6.443409 -2.109837
v -3.351519 6.443409 -1.654676
v -3.351519 6.443409 -1.654676
v -3.374663 6.408693 -1.654676
v -3.410343 6.355656 -1.733751
v -3.258944 6.231258 -1.733751
v -3.258944 6.231258 -1.759788
v -3.258944 6.231258 -1.759788
v -3.135511 6.080824 -1.759788
v -3.135511 6.080824 -1.759788
v -3.042936 5.908210 -1.759788
v -3.042936 5.908210 -1.759788
v -3.042936 5.908210 -1.759788
v -3.170227 5.855173 -1.759788
v -3.170227 5.855173 -1.759788
v -3.250265 6.003678 -2.109837
v -3.250265 6.003678 -2.109837
v -3.184691 6.306475 -2.109837
v -3.184691 6.306475 -2.109837
v -3.184691 6.306475 -1.654676
v -3.184691 6.306475 -1.654676
v -3.213621 6.276581 -1.654676
v -3.082473 6.116504 -1.654676
v -3.135511 6.080824 -1.733751
v -3.042936 5.908210 -1.733751
v -2.979291 5.733668 -1.733751
v -2.979291 5.733668 -1.733751
v -2.979291 5.733668 -1.759788
v -2.979291 5.733668 -1.759788
v -2.979291 5.733668 -1.759788
v -2.979291 5.733668 -1.759788
v -2.979291 5.721131 -1.759788
v -2.979291 5.721131 -1.759788
v -2.979291 5.721131 -1.759788
v -2.979291 5.721131 -1.759788
v -2.847178 5.695095 -1.759788
v -2.847178 5.695095 -1.759788
v -2.863572 5.527302 -1.759788
v -2.863572 5.527302 -1.759788
v -2.847178 5.695095 -2.109837
v -2.847178 5.695095 -2.109837
v -2.863572 5.527302 -2.109837
v -2.863572 5.527302 -2.109837
v -2.979291 5.721131 -2.109837
v -2.979291 5.721131 -2.109837
v -3.170227 5.855173 -2.109837
v -3.170227 5.855173 -2.109837
v -3.046793 6.139647 -2.109837
v -3.046793 6.139647 -2.109837
v -3.046793 6.139647 -1.654676
v -3.046793 6.139647 -1.654676
v -2.979291 6.032608 -1.654676
v -2.979291 6.032608 -1.654676
v -2.979291 6.032608 -1.654676
v -2.979291 6.032608 -1.654676
v -2.979291 5.943890 -1.654676
v -2.979291 5.943890 -1.654676
v -2.979291 5.930389 -1.656605
v -2.979291 5.930389 -1.656605
v -2.926253 5.908210 -1.733751
v -2.926253 5.908210 -1.759788
v -2.926253 5.908210 -1.759788
v -2.926253 5.908210 -1.759788
v -2.798962 5.855173 -1.759788
v -2.798962 5.855173 -1.759788
v -2.798962 5.855173 -2.109837
v -2.798962 5.855173 -2.109837
v -2.979291 5.930389 -2.109837
v -2.979291 5.930389 -2.109837
v -2.979291 6.032608 -2.109837
v -2.979291 6.032608 -2.109837
v -2.979291 6.032608 -2.109837
v -2.979291 6.032608 -2.109837
v -2.922395 6.139647 -1.654676
v -2.922395 6.139647 -1.654676
v -2.887680 6.116504 -1.654676
v -2.833678 6.080824 -1.733751
v -2.833678 6.080824 -1.759788
v -2.833678 6.080824 -1.759788
v -2.718923 6.003678 -1.759788
v -2.718923 6.003678 -1.759788
v -2.718923 6.003678 -2.109837
v -2.718923 6.003678 -2.109837
v -2.922395 6.139647 -2.109837
v -2.922395 6.139647 -2.109837
v -2.785462 6.306475 -1.654676
v -2.785462 6.306475 -1.654676
v -2.755568 6.276581 -1.654676
v -2.710245 6.231258 -1.733751
v -2.710245 6.231258 -1.759788
v -2.710245 6.231258 -1.759788
v -2.612848 6.133862 -1.759788
v -2.612848 6.133862 -1.759788
v -2.612848 6.133862 -2.109837
v -2.612848 6.133862 -2.109837
v -2.785462 6.306475 -2.109837
v -2.785462 6.306475 -2.109837
v -2.617670 6.443409 -1.654676
v -2.617670 6.443409 -1.654676
v -2.594526 6.408693 -1.654676
v -2.558846 6.355656 -1.733751
v -2.558846 6.355656 -1.759788
v -2.558846 6.355656 -1.759788
v -2.482665 6.240901 -1.759788
v -2.482665 6.240901 -1.759788
v -2.482665 6.240901 -2.109837
v -2.482665 6.240901 -2.109837
v -2.617670 6.443409 -2.109837
v -2.617670 6.443409 -2.109837
v -2.427698 6.544663 -1.654676
v -2.427698 6.544663 -1.654676
v -2.411305 6.506090 -1.654676
v -2.387197 6.447267 -1.733751
v -2.387197 6.447267 -1.759788
v -2.387197 6.447267 -1.759788
v -2.334159 6.319975 -1.759788
v -2.334159 6.319975 -1.759788
v -2.334159 6.319975 -2.109837
v -2.334159 6.319975 -2.109837
v -2.427698 6.544663 -2.109837
v -2.427698 6.544663 -2.109837
v -2.289800 6.587093 -2.109837
v -2.289800 6.587093 -2.109837
v -2.289800 6.587093 -2.109837
v -2.289800 6.587093 -2.109837
v -2.289800 6.587093 -1.654676
v -2.289800 6.587093 -1.654676
v -2.289800 6.587093 -1.654676
v -2.289800 6.587093 -1.654676
v -2.289800 6.542734 -1.654676
v -2.289800 6.542734 -1.654676
v -2.289800 6.476196 -1.733751
v -2.289800 6.476196 -1.733751
v -2.289800 6.476196 -1.759788
v -2.289800 6.476196 -1.759788
v -2.289800 6.476196 -1.759788
v -2.289800 6.476196 -1.759788
v -2.289800 6.333477 -1.759788
v -2.289800 6.333477 -1.759788
v -2.289800 6.333477 -1.759788
v -2.289800 6.333477 -1.759788
v -2.289800 6.333477 -2.109837
v -2.289800 6.333477 -2.109837
v -2.289800 6.333477 -2.109837
v -2.289800 6.333477 -2.109837
v -2.152866 6.544663 -2.109837
v -2.152866 6.544663 -2.109837
v -2.152866 6.544663 -1.654676
v -2.152866 6.544663 -1.654676
v -2.169260 6.506090 -1.654676
v -2.193368 6.447267 -1.733751
v -2.193368 6.447267 -1.759788
v -2.193368 6.447267 -1.759788
v -2.246406 6.319975 -1.759788
v -2.246406 6.319975 -1.759788
v -2.246406 6.319975 -2.109837
v -2.246406 6.319975 -2.109837
v -2.097900 6.240901 -2.109837
v -2.097900 6.240901 -2.109837
v -1.967717 6.133862 -2.109837
v -1.967717 6.133862 -2.109837
v -1.961931 6.443409 -2.109837
v -1.961931 6.443409 -2.109837
v -1.961931 6.443409 -1.654676
v -1.961931 6.443409 -1.654676
v -1.986039 6.408693 -1.654676
v -2.020754 6.355656 -1.733751
v -2.020754 6.355656 -1.759788
v -2.020754 6.355656 -1.759788
v -2.097900 6.240901 -1.759788
v -2.097900 6.240901 -1.759788
v -1.967717 6.133862 -1.759788
v -1.967717 6.133862 -1.759788
v -1.861641 6.003678 -1.759788
v -1.861641 6.003678 -1.759788
v -1.861641 6.003678 -2.109837
v -1.861641 6.003678 -2.109837
v -1.795103 6.306475 -2.109837
v -1.795103 6.306475 -2.109837
v -1.795103 6.306475 -1.654676
v -1.795103 6.306475 -1.654676
v -1.824997 6.276581 -1.654676
v -1.870320 6.231258 -1.733751
v -1.870320 6.231258 -1.759788
v -1.870320 6.231258 -1.759788
v -1.746887 6.080824 -1.759788
v -1.746887 6.080824 -1.759788
v -1.654312 5.908210 -1.759788
v -1.654312 5.908210 -1.759788
v -1.781603 5.855173 -1.759788
v -1.781603 5.855173 -1.759788
v -1.781603 5.855173 -2.109837
v -1.781603 5.855173 -2.109837
v -1.658169 6.139647 -2.109837
v -1.658169 6.139647 -2.109837
v -1.658169 6.139647 -1.654676
v -1.658169 6.139647 -1.654676
v -1.692885 6.116504 -1.654676
v -1.746887 6.080824 -1.733751
v -1.654312 5.908210 -1.733751
v -1.597417 5.722096 -1.733751
v -1.597417 5.722096 -1.759788
v -1.597417 5.722096 -1.759788
v -1.733386 5.695095 -1.759788
v -1.733386 5.695095 -1.759788
v -1.733386 5.695095 -2.109837
v -1.733386 5.695095 -2.109837
v -1.556915 5.948711 -2.109837
v -1.556915 5.948711 -2.109837
v -1.556915 5.948711 -1.654676
v -1.556915 5.948711 -1.654676
v -1.595488 5.933282 -1.654676
v -1.534736 5.733668 -1.654676
v -1.500985 5.740417 -1.654676
v -1.500985 5.740417 -1.654676
v -1.500985 5.527302 -1.654676
v -1.500985 5.527302 -1.654676
v -1.514485 5.527302 -1.654676
v -1.579095 5.527302 -1.733751
v -1.579095 5.527302 -1.759788
v -1.579095 5.527302 -1.759788
v -1.716992 5.527302 -1.759788
v -1.716992 5.527302 -1.759788
v -1.716992 5.527302 -2.109837
v -1.716992 5.527302 -2.109837
v -1.500985 5.527302 -2.109837
v -1.500985 5.527302 -2.109837
v -1.285941 5.527302 -1.759788
v -1.285941 5.527302 -1.759788
v -1.285941 5.527302 -2.109837
v -1.285941 5.527302 -2.109837
v -1.269547 5.695095 -2.109837
v -1.269547 5.695095 -2.109837
v -1.500985 5.740417 -2.109837
v -1.500985 5.740417 -2.109837
v -1.500985 5.766455 -2.109837
v -1.500985 5.766455 -2.109837
v -1.500985 5.766455 -2.109837
v -1.500985 5.766455 -2.109837
v -1.500985 5.766455 -1.649855
v -1.500985 5.766455 -1.649855
v -1.500985 5.766455 -1.649855
v -1.500985 5.766455 -1.649855
v -1.467233 5.733668 -1.654676
v -1.488449 5.527302 -1.654676
v -1.423839 5.527302 -1.733751
v -1.404552 5.722096 -1.733751
v -1.404552 5.722096 -1.759788
v -1.404552 5.722096 -1.759788
v -1.423839 5.527302 -1.759788
v -1.423839 5.527302 -1.759788
v -1.269547 5.695095 -1.759788
v -1.269547 5.695095 -1.759788
v -1.220367 5.855173 -2.109837
v -1.220367 5.855173 -2.109837
v -1.446018 5.948711 -2.109837
v -1.446018 5.948711 -2.109837
v -1.446018 5.948711 -1.654676
v -1.446018 5.948711 -1.654676
v -1.407445 5.933282 -1.654676
v -1.348621 5.908210 -1.733751
v -1.348621 5.908210 -1.759788
v -1.348621 5.908210 -1.759788
v -1.220367 5.855173 -1.759788
v -1.220367 5.855173 -1.759788
v -1.141292 6.003678 -2.109837
v -1.141292 6.003678 -2.109837
v -1.343800 6.139647 -2.109837
v -1.343800 6.139647 -2.109837
v -1.343800 6.139647 -1.654676
v -1.343800 6.139647 -1.654676
v -1.309084 6.116504 -1.654676
v -1.256047 6.080824 -1.733751
v -1.256047 6.080824 -1.759788
v -1.256047 6.080824 -1.759788
v -1.141292 6.003678 -1.759788
v -1.141292 6.003678 -1.759788
v -1.035217 6.133862 -2.109837
v -1.035217 6.133862 -2.109837
v -1.206866 6.306475 -2.109837
v -1.206866 6.306475 -2.109837
v -1.206866 6.306475 -1.654676
v -1.206866 6.306475 -1.654676
v -1.177936 6.276581 -1.654676
v -1.132614 6.231258 -1.733751
v -1.132614 6.231258 -1.759788
v -1.132614 6.231258 -1.759788
v -1.035217 6.133862 -1.759788
v -1.035217 6.133862 -1.759788
v -0.905034 6.240901 -2.109837
v -0.905034 6.240901 -2.109837
v -1.040038 6.443409 -2.109837
v -1.040038 6.443409 -2.109837
v -1.040038 6.443409 -1.654676
v -1.040038 6.443409 -1.654676
v -1.016895 6.408693 -1.654676
v -0.981215 6.355656 -1.733751
v -0.981215 6.355656 -1.759788
v -0.981215 6.355656 -1.759788
v -0.905034 6.240901 -1.759788
v -0.905034 6.240901 -1.759788
v -0.756528 6.319975 -2.109837
v -0.756528 6.319975 -2.109837
v -0.850067 6.544663 -2.109837
v -0.850067 6.544663 -2.109837
v -0.850067 6.544663 -1.654676
v -0.850067 6.544663 -1.654676
v -0.833674 6.506090 -1.654676
v -0.809566 6.447267 -1.733751
v -0.809566 6.447267 -1.759788
v -0.809566 6.447267 -1.759788
v -0.756528 6.319975 -1.759788
v -0.756528 6.319975 -1.759788
v -0.712169 6.333477 -2.109837
v -0.712169 6.333477 -2.109837
v -0.712169 6.333477 -2.109837
v -0.712169 6.333477 -2.109837
v -0.712169 6.587093 -2.109837
v -0.712169 6.587093 -2.109837
v -0.712169 6.587093 -2.109837
v -0.712169 6.587093 -2.109837
v -0.712169 6.587093 -1.654676
v -0.712169 6.587093 -1.654676
v -0.712169 6.587093 -1.654676
v -0.712169 6.587093 -1.654676
v -0.712169 6.542734 -1.654676
v -0.712169 6.542734 -1.654676
v -0.712169 6.476196 -1.733751
v -0.712169 6.476196 -1.733751
v -0.712169 6.476196 -1.759788
v -0.712169 6.476196 -1.759788
v -0.712169 6.476196 -1.759788
v -0.712169 6.476196 -1.759788
v -0.712169 6.333477 -1.759788
v -0.712169 6.333477 -1.759788
v -0.712169 6.333477 -1.759788
v -0.712169 6.333477 -1.759788
v -0.668775 6.319975 -1.759788
v -0.668775 6.319975 -1.759788
v -0.668775 6.319975 -2.109837
v -0.668775 6.319975 -2.109837
v -0.520269 6.240901 -2.109837
v -0.520269 6.240901 -2.109837
v -0.575235 6.544663 -2.109837
v -0.575235 6.544663 -2.109837
v -0.575235 6.544663 -1.654676
v -0.575235 6.544663 -1.654676
v -0.590664 6.506090 -1.654676
v -0.615737 6.447267 -1.733751
v -0.615737 6.447267 -1.759788
v -0.615737 6.447267 -1.759788
v -0.443123 6.355656 -1.759788
v -0.443123 6.355656 -1.759788
v -0.520269 6.240901 -1.759788
v -0.520269 6.240901 -1.759788
v -0.390085 6.133862 -1.759788
v -0.390085 6.133862 -1.759788
v -0.283046 6.003678 -1.759788
v -0.283046 6.003678 -1.759788
v -0.390085 6.133862 -2.109837
v -0.390085 6.133862 -2.109837
v -0.384300 6.443409 -2.109837
v -0.384300 6.443409 -2.109837
v -0.384300 6.443409 -1.654676
v -0.384300 6.443409 -1.654676
v -0.407443 6.408693 -1.654676
v -0.443123 6.355656 -1.733751
v -0.292689 6.231258 -1.733751
v -0.292689 6.231258 -1.759788
v -0.292689 6.231258 -1.759788
v -0.168291 6.080824 -1.759788
v -0.168291 6.080824 -1.759788
v -0.076681 5.908210 -1.759788
v -0.076681 5.908210 -1.759788
v -0.076681 5.908210 -1.759788
v -0.203971 5.855173 -1.759788
v -0.203971 5.855173 -1.759788
v -0.283046 6.003678 -2.109837
v -0.283046 6.003678 -2.109837
v -0.217472 6.306475 -2.109837
v -0.217472 6.306475 -2.109837
v -0.217472 6.306475 -1.654676
v -0.217472 6.306475 -1.654676
v -0.247366 6.276581 -1.654676
v -0.115254 6.116504 -1.654676
v -0.168291 6.080824 -1.733751
v -0.076681 5.908210 -1.733751
v -0.024607 5.738489 -1.733751
v -0.024607 5.738489 -1.733751
v -0.024607 5.738489 -1.760752
v -0.024607 5.738489 -1.760752
v -0.024607 5.738489 -1.760752
v -0.024607 5.738489 -1.760752
v -0.024607 5.720167 -1.759788
v -0.024607 5.720167 -1.759788
v -0.024607 5.720167 -1.759788
v -0.024607 5.720167 -1.759788
v 0.105576 5.695095 -1.759788
v 0.105576 5.695095 -1.759788
v 0.089183 5.527302 -1.759788
v 0.089183 5.527302 -1.759788
v 0.105576 5.695095 -2.109837
v 0.105576 5.695095 -2.109837
v 0.089183 5.527302 -2.109837
v 0.089183 5.527302 -2.109837
v -0.024607 5.720167 -2.109837
v -0.024607 5.720167 -2.109837
v -0.203971 5.855173 -2.109837
v -0.203971 5.855173 -2.109837
v -0.080538 6.139647 -2.109837
v -0.080538 6.139647 -2.109837
v -0.080538 6.139647 -1.654676
v -0.080538 6.139647 -1.654676
v -0.024607 6.035501 -1.654676
v -0.024607 6.035501 -1.654676
v -0.024607 6.035501 -1.654676
v -0.024607 6.035501 -1.654676
v -0.024607 5.946783 -1.654676
v -0.024607 5.946783 -1.654676
v -0.024607 5.929425 -1.657569
v -0.024607 5.929425 -1.657569
v 0.026502 5.908210 -1.733751
v 0.026502 5.908210 -1.759788
v 0.026502 5.908210 -1.759788
v 0.026502 5.908210 -1.759788
v 0.153792 5.855173 -1.759788
v 0.153792 5.855173 -1.759788
v 0.153792 5.855173 -2.109837
v 0.153792 5.855173 -2.109837
v -0.024607 5.929425 -2.109837
v -0.024607 5.929425 -2.109837
v -0.024607 6.035501 -2.109837
v -0.024607 6.035501 -2.109837
v -0.024607 6.035501 -2.109837
v -0.024607 6.035501 -2.109837
v 0.030359 6.139647 -1.654676
v 0.030359 6.139647 -1.654676
v 0.065075 6.116504 -1.654676
v 0.118112 6.080824 -1.733751
v 0.118112 6.080824 -1.759788
v 0.118112 6.080824 -1.759788
v 0.232867 6.003678 -1.759788
v 0.232867 6.003678 -1.759788
v 0.232867 6.003678 -2.109837
v 0.232867 6.003678 -2.109837
v 0.030359 6.139647 -2.109837
v 0.030359 6.139647 -2.109837
v 0.167293 6.306475 -1.654676
v 0.167293 6.306475 -1.654676
v 0.197187 6.276581 -1.654676
v 0.242510 6.231258 -1.733751
v 0.242510 6.231258 -1.759788
v 0.242510 6.231258 -1.759788
v 0.339906 6.133862 -1.759788
v 0.339906 6.133862 -1.759788
v 0.339906 6.133862 -2.109837
v 0.339906 6.133862 -2.109837
v 0.167293 6.306475 -2.109837
v 0.167293 6.306475 -2.109837
v 0.334120 6.443409 -1.654676
v 0.334120 6.443409 -1.654676
v 0.357264 6.408693 -1.654676
v 0.392945 6.355656 -1.733751
v 0.392945 6.355656 -1.759788
v 0.392945 6.355656 -1.759788
v 0.470090 6.240901 -1.759788
v 0.470090 6.240901 -1.759788
v 0.470090 6.240901 -2.109837
v 0.470090 6.240901 -2.109837
v 0.334120 6.443409 -2.109837
v 0.334120 6.443409 -2.109837
v 0.525057 6.544663 -1.654676
v 0.525057 6.544663 -1.654676
v 0.540486 6.506090 -1.654676
v 0.565558 6.447267 -1.733751
v 0.565558 6.447267 -1.759788
v 0.565558 6.447267 -1.759788
v 0.618596 6.319975 -1.759788
v 0.618596 6.319975 -1.759788
v 0.618596 6.319975 -2.109837
v 0.618596 6.319975 -2.109837
v 0.525057 6.544663 -2.109837
v 0.525057 6.544663 -2.109837
v 0.661990 6.587093 -2.109837
v 0.661990 6.587093 -2.109837
v 0.661990 6.587093 -2.109837
v 0.661990 6.587093 -2.109837
v 0.661990 6.587093 -1.654676
v 0.661990 6.587093 -1.654676
v 0.661990 6.587093 -1.654676
v 0.661990 6.587093 -1.654676
v 0.661990 6.542734 -1.654676
v 0.661990 6.542734 -1.654676
v 0.661990 6.476196 -1.733751
v 0.661990 6.476196 -1.733751
v 0.661990 6.476196 -1.759788
v 0.661990 6.476196 -1.759788
v 0.661990 6.476196 -1.759788
v 0.661990 6.476196 -1.759788
v 0.661990 6.333477 -1.759788
v 0.661990 6.333477 -1.759788
v 0.661990 6.333477 -1.759788
v 0.661990 6.333477 -1.759788
v 0.661990 6.333477 -2.109837
v 0.661990 6.333477 -2.109837
v 0.661990 6.333477 -2.109837
v 0.661990 6.333477 -2.109837
v 0.854855 6.240901 -2.109837
v 0.854855 6.240901 -2.109837
v 0.706349 6.319975 -2.109837
v 0.706349 6.319975 -2.109837
v 0.799888 6.544663 -2.109837
v 0.799888 6.544663 -2.109837
v 0.799888 6.544663 -1.654676
v 0.799888 6.544663 -1.654676
v 0.783494 6.506090 -1.654676
v 0.759387 6.447267 -1.733751
v 0.759387 6.447267 -1.759788
v 0.759387 6.447267 -1.759788
v 0.706349 6.319975 -1.759788
v 0.706349 6.319975 -1.759788
v 0.854855 6.240901 -1.759788
v 0.854855 6.240901 -1.759788
v 0.985038 6.133862 -1.759788
v 0.985038 6.133862 -1.759788
v 1.091113 6.003678 -1.759788
v 1.091113 6.003678 -1.759788
v 0.985038 6.133862 -2.109837
v 0.985038 6.133862 -2.109837
v 0.989860 6.443409 -2.109837
v 0.989860 6.443409 -2.109837
v 0.989860 6.443409 -1.654676
v 0.989860 6.443409 -1.654676
v 0.966716 6.408693 -1.654676
v 0.931036 6.355656 -1.733751
v 0.931036 6.355656 -1.759788
v 0.931036 6.355656 -1.759788
v 1.082435 6.231258 -1.759788
v 1.082435 6.231258 -1.759788
v 1.205867 6.080824 -1.759788
v 1.205867 6.080824 -1.759788
v 1.298443 5.908210 -1.759788
v 1.298443 5.908210 -1.759788
v 1.170188 5.855173 -1.759788
v 1.170188 5.855173 -1.759788
v 1.091113 6.003678 -2.109837
v 1.091113 6.003678 -2.109837
v 1.156688 6.306475 -2.109837
v 1.156688 6.306475 -2.109837
v 1.156688 6.306475 -1.654676
v 1.156688 6.306475 -1.654676
v 1.127758 6.276581 -1.654676
v 1.082435 6.231258 -1.733751
v 1.205867 6.080824 -1.733751
v 1.298443 5.908210 -1.733751
v 1.354373 5.722096 -1.733751
v 1.354373 5.722096 -1.759788
v 1.354373 5.722096 -1.759788
v 1.219368 5.695095 -1.759788
v 1.219368 5.695095 -1.759788
v 1.170188 5.855173 -2.109837
v 1.170188 5.855173 -2.109837
v 1.294585 6.139647 -2.109837
v 1.294585 6.139647 -2.109837
v 1.294585 6.139647 -1.654676
v 1.294585 6.139647 -1.654676
v 1.258906 6.116504 -1.654676
v 1.357267 5.933282 -1.654676
v 1.417054 5.733668 -1.654676
v 1.450806 5.740417 -1.654676
v 1.450806 5.740417 -1.654676
v 1.450806 5.527302 -1.654676
v 1.450806 5.527302 -1.654676
v 1.438270 5.527302 -1.654676
v 1.373659 5.527302 -1.733751
v 1.373659 5.527302 -1.759788
v 1.373659 5.527302 -1.759788
v 1.235762 5.527302 -1.759788
v 1.235762 5.527302 -1.759788
v 1.450806 5.527302 -2.109837
v 1.450806 5.527302 -2.109837
v 1.235762 5.527302 -2.109837
v 1.235762 5.527302 -2.109837
v 1.219368 5.695095 -2.109837
v 1.219368 5.695095 -2.109837
v 1.395839 5.948711 -2.109837
v 1.395839 5.948711 -2.109837
v 1.395839 5.948711 -1.654676
v 1.395839 5.948711 -1.654676
v 1.450806 5.766455 -1.649855
v 1.450806 5.766455 -1.649855
v 1.450806 5.766455 -1.649855
v 1.450806 5.766455 -1.649855
v 1.484557 5.733668 -1.654676
v 1.464306 5.527302 -1.654676
v 1.528915 5.527302 -1.733751
v 1.547238 5.722096 -1.733751
v 1.547238 5.722096 -1.759788
v 1.547238 5.722096 -1.759788
v 1.528915 5.527302 -1.759788
v 1.528915 5.527302 -1.759788
v 1.683207 5.695095 -1.759788
v 1.683207 5.695095 -1.759788
v 1.666814 5.527302 -1.759788
v 1.666814 5.527302 -1.759788
v 1.683207 5.695095 -2.109837
v 1.683207 5.695095 -2.109837
v 1.666814 5.527302 -2.109837
v 1.666814 5.527302 -2.109837
v 1.450806 5.740417 -2.109837
v 1.450806 5.740417 -2.109837
v 1.450806 5.766455 -2.109837
v 1.450806 5.766455 -2.109837
v 1.450806 5.766455 -2.109837
v 1.450806 5.766455 -2.109837
v 1.506737 5.948711 -1.654676
v 1.506737 5.948711 -1.654676
v 1.545309 5.933282 -1.654676
v 1.604133 5.908210 -1.733751
v 1.604133 5.908210 -1.759788
v 1.604133 5.908210 -1.759788
v 1.731423 5.855173 -1.759788
v 1.731423 5.855173 -1.759788
v 1.731423 5.855173 -2.109837
v 1.731423 5.855173 -2.109837
v 1.506737 5.948711 -2.109837
v 1.506737 5.948711 -2.109837
v 1.607991 6.139647 -1.654676
v 1.607991 6.139647 -1.654676
v 1.642705 6.116504 -1.654676
v 1.696708 6.080824 -1.733751
v 1.696708 6.080824 -1.759788
v 1.696708 6.080824 -1.759788
v 1.811462 6.003678 -1.759788
v 1.811462 6.003678 -1.759788
v 1.811462 6.003678 -2.109837
v 1.811462 6.003678 -2.109837
v 1.607991 6.139647 -2.109837
v 1.607991 6.139647 -2.109837
v 1.744924 6.306475 -1.654676
v 1.744924 6.306475 -1.654676
v 1.774818 6.276581 -1.654676
v 1.820141 6.231258 -1.733751
v 1.820141 6.231258 -1.759788
v 1.820141 6.231258 -1.759788
v 1.917537 6.133862 -1.759788
v 1.917537 6.133862 -1.759788
v 1.917537 6.133862 -2.109837
v 1.917537 6.133862 -2.109837
v 1.744924 6.306475 -2.109837
v 1.744924 6.306475 -2.109837
v 1.912716 6.443409 -1.654676
v 1.912716 6.443409 -1.654676
v 1.935860 6.408693 -1.654676
v 1.971539 6.355656 -1.733751
v 1.971539 6.355656 -1.759788
v 1.971539 6.355656 -1.759788
v 2.047721 6.240901 -1.759788
v 2.047721 6.240901 -1.759788
v 2.047721 6.240901 -2.109837
v 2.047721 6.240901 -2.109837
v 1.912716 6.443409 -2.109837
v 1.912716 6.443409 -2.109837
v 2.102688 6.544663 -1.654676
v 2.102688 6.544663 -1.654676
v 2.119081 6.506090 -1.654676
v 2.143189 6.447267 -1.733751
v 2.143189 6.447267 -1.759788
v 2.143189 6.447267 -1.759788
v 2.196227 6.319975 -1.759788
v 2.196227 6.319975 -1.759788
v 2.196227 6.319975 -2.109837
v 2.196227 6.319975 -2.109837
v 2.102688 6.544663 -2.109837
v 2.102688 6.544663 -2.109837
v 2.240585 6.587093 -2.109837
v 2.240585 6.587093 -2.109837
v 2.240585 6.587093 -2.109837
v 2.240585 6.587093 -2.109837
v 2.240585 6.587093 -1.654676
v 2.240585 6.587093 -1.654676
v 2.240585 6.587093 -1.654676
v 2.240585 6.587093 -1.654676
v 2.240585 6.542734 -1.654676
v 2.240585 6.542734 -1.654676
v 2.240585 6.476196 -1.733751
v 2.240585 6.476196 -1.733751
v 2.240585 6.476196 -1.759788
v 2.240585 6.476196 -1.759788
v 2.240585 6.476196 -1.759788
v 2.240585 6.476196 -1.759788
v 2.240585 6.333477 -1.759788
v 2.240585 6.333477 -1.759788
v 2.240585 6.333477 -1.759788
v 2.240585 6.333477 -1.759788
v 2.240585 6.333477 -2.109837
v 2.240585 6.333477 -2.109837
v 2.240585 6.333477 -2.109837
v 2.240585 6.333477 -2.109837
v 2.377519 6.544663 -2.109837
v 2.377519 6.544663 -2.109837
v 2.377519 6.544663 -1.654676
v 2.377519 6.544663 -1.654676
v 2.361126 6.506090 -1.654676
v 2.337018 6.447267 -1.733751
v 2.337018 6.447267 -1.759788
v 2.337018 6.447267 -1.759788
v 2.283980 6.319975 -1.759788
v 2.283980 6.319975 -1.759788
v 2.283980 6.319975 -2.109837
v 2.283980 6.319975 -2.109837
v 2.432486 6.240901 -2.109837
v 2.432486 6.240901 -2.109837
v 2.562669 6.133862 -2.109837
v 2.562669 6.133862 -2.109837
v 2.568455 6.443409 -2.109837
v 2.568455 6.443409 -2.109837
v 2.568455 6.443409 -1.654676
v 2.568455 6.443409 -1.654676
v 2.544347 6.408693 -1.654676
v 2.509631 6.355656 -1.733751
v 2.509631 6.355656 -1.759788
v 2.509631 6.355656 -1.759788
v 2.432486 6.240901 -1.759788
v 2.432486 6.240901 -1.759788
v 2.562669 6.133862 -1.759788
v 2.562669 6.133862 -1.759788
v 2.668744 6.003678 -1.759788
v 2.668744 6.003678 -1.759788
v 2.748783 5.855173 -1.759788
v 2.748783 5.855173 -1.759788
v 2.668744 6.003678 -2.109837
v 2.668744 6.003678 -2.109837
v 2.735282 6.306475 -2.109837
v 2.735282 6.306475 -2.109837
v 2.735282 6.306475 -1.654676
v 2.735282 6.306475 -1.654676
v 2.705389 6.276581 -1.654676
v 2.660066 6.231258 -1.733751
v 2.660066 6.231258 -1.759788
v 2.660066 6.231258 -1.759788
v 2.783499 6.080824 -1.759788
v 2.783499 6.080824 -1.759788
v 2.876073 5.908210 -1.759788
v 2.876073 5.908210 -1.759788
v 2.876073 5.908210 -1.759788
v 2.929111 5.721131 -1.759788
v 2.929111 5.721131 -1.759788
v 2.929111 5.721131 -1.759788
v 2.929111 5.721131 -1.759788
v 3.071831 5.695095 -1.759788
v 3.071831 5.695095 -1.759788
v 3.055438 5.527302 -1.759788
v 3.055438 5.527302 -1.759788
v 3.071831 5.695095 -2.109837
v 3.071831 5.695095 -2.109837
v 3.055438 5.527302 -2.109837
v 3.055438 5.527302 -2.109837
v 2.929111 5.721131 -2.109837
v 2.929111 5.721131 -2.109837
v 2.748783 5.855173 -2.109837
v 2.748783 5.855173 -2.109837
v 2.872216 6.139647 -2.109837
v 2.872216 6.139647 -2.109837
v 2.872216 6.139647 -1.654676
v 2.872216 6.139647 -1.654676
v 2.837501 6.116504 -1.654676
v 2.783499 6.080824 -1.733751
v 2.876073 5.908210 -1.733751
v 2.929111 5.733668 -1.733751
v 2.929111 5.733668 -1.733751
v 2.929111 5.733668 -1.759788
v 2.929111 5.733668 -1.759788
v 2.929111 5.733668 -1.759788
v 2.929111 5.733668 -1.759788
v 2.992757 5.908210 -1.759788
v 2.992757 5.908210 -1.759788
v 2.992757 5.908210 -1.759788
v 3.121012 5.855173 -1.759788
v 3.121012 5.855173 -1.759788
v 3.121012 5.855173 -2.109837
v 3.121012 5.855173 -2.109837
v 2.929111 5.930389 -2.109837
v 2.929111 5.930389 -2.109837
v 2.929111 6.032608 -2.109837
v 2.929111 6.032608 -2.109837
v 2.929111 6.032608 -2.109837
v 2.929111 6.032608 -2.109837
v 2.929111 6.032608 -1.654676
v 2.929111 6.032608 -1.654676
v 2.929111 6.032608 -1.654676
v 2.929111 6.032608 -1.654676
v 2.929111 5.943890 -1.654676
v 2.929111 5.943890 -1.654676
v 2.929111 5.930389 -1.656605
v 2.929111 5.930389 -1.656605
v 2.992757 5.908210 -1.733751
v 3.085331 6.080824 -1.759788
v 3.085331 6.080824 -1.759788
v 3.200086 6.003678 -1.759788
v 3.200086 6.003678 -1.759788
v 3.200086 6.003678 -2.109837
v 3.200086 6.003678 -2.109837
v 2.997578 6.139647 -2.109837
v 2.997578 6.139647 -2.109837
v 2.997578 6.139647 -1.654676
v 2.997578 6.139647 -1.654676
v 3.032294 6.116504 -1.654676
v 3.085331 6.080824 -1.733751
v 3.208765 6.231258 -1.759788
v 3.208765 6.231258 -1.759788
v 3.306161 6.133862 -1.759788
v 3.306161 6.133862 -1.759788
v 3.306161 6.133862 -2.109837
v 3.306161 6.133862 -2.109837
v 3.134512 6.306475 -2.109837
v 3.134512 6.306475 -2.109837
v 3.134512 6.306475 -1.654676
v 3.134512 6.306475 -1.654676
v 3.163442 6.276581 -1.654676
v 3.208765 6.231258 -1.733751
v 3.360163 6.355656 -1.759788
v 3.360163 6.355656 -1.759788
v 3.436345 6.240901 -1.759788
v 3.436345 6.240901 -1.759788
v 3.436345 6.240901 -2.109837
v 3.436345 6.240901 -2.109837
v 3.301340 6.443409 -2.109837
v 3.301340 6.443409 -2.109837
v 3.301340 6.443409 -1.654676
v 3.301340 6.443409 -1.654676
v 3.324484 6.408693 -1.654676
v 3.360163 6.355656 -1.733751
v 3.531813 6.447267 -1.759788
v 3.531813 6.447267 -1.759788
v 3.584851 6.319975 -1.759788
v 3.584851 6.319975 -1.759788
v 3.584851 6.319975 -2.109837
v 3.584851 6.319975 -2.109837
v 3.491312 6.544663 -2.109837
v 3.491312 6.544663 -2.109837
v 3.491312 6.544663 -1.654676
v 3.491312 6.544663 -1.654676
v 3.507704 6.506090 -1.654676
v 3.531813 6.447267 -1.733751
v 3.629209 6.476196 -1.759788
v 3.629209 6.476196 -1.759788
v 3.629209 6.476196 -1.759788
v 3.629209 6.476196 -1.759788
v 3.629209 6.333477 -1.759788
v 3.629209 6.333477 -1.759788
v 3.629209 6.333477 -1.759788
v 3.629209 6.333477 -1.759788
v 3.629209 6.333477 -2.109837
v 3.629209 6.333477 -2.109837
v 3.629209 6.333477 -2.109837
v 3.629209 6.333477 -2.109837
v 3.629209 6.587093 -2.109837
v 3.629209 6.587093 -2.109837
v 3.629209 6.587093 -2.109837
v 3.629209 6.587093 -2.109837
v 3.629209 6.587093 -1.654676
v 3.629209 6.587093 -1.654676
v 3.629209 6.587093 -1.654676
v 3.629209 6.587093 -1.654676
v 3.629209 6.542734 -1.654676
v 3.629209 6.542734 -1.654676
v 3.629209 6.476196 -1.733751
v 3.629209 6.476196 -1.733751
v 3.725642 6.447267 -1.733751
v 3.725642 6.447267 -1.759788
v 3.725642 6.447267 -1.759788
v 3.672604 6.319975 -1.759788
v 3.672604 6.319975 -1.759788
v 3.672604 6.319975 -2.109837
v 3.672604 6.319975 -2.109837
v 3.766143 6.544663 -2.109837
v 3.766143 6.544663 -2.109837
v 3.766143 6.544663 -1.654676
v 3.766143 6.544663 -1.654676
v 3.750714 6.506090 -1.654676
v 3.933935 6.408693 -1.654676
v 3.898255 6.355656 -1.733751
v 3.898255 6.355656 -1.759788
v 3.898255 6.355656 -1.759788
v 3.821110 6.240901 -1.759788
v 3.821110 6.240901 -1.759788
v 3.821110 6.240901 -2.109837
v 3.821110 6.240901 -2.109837
v 3.957079 6.443409 -2.109837
v 3.957079 6.443409 -2.109837
v 3.957079 6.443409 -1.654676
v 3.957079 6.443409 -1.654676
v 4.123907 6.306475 -1.654676
v 4.123907 6.306475 -1.654676
v 4.094013 6.276581 -1.654676
v 4.048690 6.231258 -1.733751
v 4.048690 6.231258 -1.759788
v 4.048690 6.231258 -1.759788
v 3.951293 6.133862 -1.759788
v 3.951293 6.133862 -1.759788
v 3.951293 6.133862 -2.109837
v 3.951293 6.133862 -2.109837
v 4.123907 6.306475 -2.109837
v 4.123907 6.306475 -2.109837
v 4.260840 6.139647 -2.109837
v 4.260840 6.139647 -2.109837
v 4.260840 6.139647 -1.654676
v 4.260840 6.139647 -1.654676
v 4.362094 5.948711 -1.654676
v 4.362094 5.948711 -1.654676
v 4.226125 6.116504 -1.654676
v 4.173087 6.080824 -1.733751
v 4.173087 6.080824 -1.759788
v 4.173087 6.080824 -1.759788
v 4.058332 6.003678 -1.759788
v 4.058332 6.003678 -1.759788
v 4.058332 6.003678 -2.109837
v 4.058332 6.003678 -2.109837
v 4.137408 5.855173 -2.109837
v 4.137408 5.855173 -2.109837
v 4.362094 5.948711 -2.109837
v 4.362094 5.948711 -2.109837
v 4.417061 5.769347 -2.109837
v 4.417061 5.769347 -2.109837
v 4.417061 5.769347 -2.109837
v 4.417061 5.769347 -2.109837
v 5.900188 5.527302 -2.109837
v 5.900188 5.527302 -2.109837
v 6.037122 5.695095 -2.109837
v 6.037122 5.695095 -2.109837
v 6.020729 5.527302 -2.109837
v 6.020729 5.527302 -2.109837
v 6.020729 5.527302 -1.759788
v 6.020729 5.527302 -1.759788
v 5.900188 5.527302 -1.759788
v 5.900188 5.527302 -1.759788
v 6.037122 5.695095 -1.759788
v 6.037122 5.695095 -1.759788
v 7.382351 5.769347 -1.649855
v 7.382351 5.769347 -1.649855
v 7.349565 5.733668 -1.654676
v 7.382351 5.740417 -1.654676
v 7.382351 5.527302 -1.654676
v 7.369815 5.527302 -1.654676
v 7.306170 5.527302 -1.733751
v 7.286883 5.722096 -1.733751
v 7.286883 5.722096 -1.759788
v 7.286883 5.722096 -1.759788
v 7.306170 5.527302 -1.759788
v 7.306170 5.527302 -1.759788
v 7.151878 5.695095 -1.759788
v 7.151878 5.695095 -1.759788
v 7.168272 5.527302 -1.759788
v 7.168272 5.527302 -1.759788
v 7.151878 5.695095 -2.109837
v 7.151878 5.695095 -2.109837
v 7.168272 5.527302 -2.109837
v 7.168272 5.527302 -2.109837
v 7.382351 5.527302 -2.109837
v 7.382351 5.740417 -2.109837
v 7.382351 5.769347 -2.109837
v 7.382351 5.769347 -2.109837
v 7.328349 5.948711 -2.109837
v 7.328349 5.948711 -2.109837
v 7.102698 5.855173 -2.109837
v 7.102698 5.855173 -2.109837
v 7.102698 5.855173 -1.759788
v 7.102698 5.855173 -1.759788
v 7.229989 5.908210 -1.759788
v 7.229989 5.908210 -1.759788
v 7.229989 5.908210 -1.733751
v 7.289777 5.933282 -1.654676
v 7.328349 5.948711 -1.654676
v 7.328349 5.948711 -1.654676
v 7.226131 6.139647 -1.654676
v 7.226131 6.139647 -1.654676
v 7.226131 6.139647 -2.109837
v 7.226131 6.139647 -2.109837
v 7.023623 6.003678 -2.109837
v 7.023623 6.003678 -2.109837
v 7.023623 6.003678 -1.759788
v 7.023623 6.003678 -1.759788
v 7.138379 6.080824 -1.759788
v 7.138379 6.080824 -1.759788
v 7.138379 6.080824 -1.733751
v 7.191416 6.116504 -1.654676
v 7.060268 6.276581 -1.654676
v 7.089198 6.306475 -1.654676
v 7.089198 6.306475 -1.654676
v 7.089198 6.306475 -2.109837
v 7.089198 6.306475 -2.109837
v 6.916584 6.133862 -2.109837
v 6.916584 6.133862 -2.109837
v 6.916584 6.133862 -1.759788
v 6.916584 6.133862 -1.759788
v 7.014945 6.231258 -1.759788
v 7.014945 6.231258 -1.759788
v 7.014945 6.231258 -1.733751
v 6.863546 6.355656 -1.733751
v 6.899226 6.408693 -1.654676
v 6.922370 6.443409 -1.654676
v 6.922370 6.443409 -1.654676
v 6.922370 6.443409 -2.109837
v 6.922370 6.443409 -2.109837
v 6.787365 6.240901 -2.109837
v 6.787365 6.240901 -2.109837
v 6.787365 6.240901 -1.759788
v 6.787365 6.240901 -1.759788
v 6.863546 6.355656 -1.759788
v 6.863546 6.355656 -1.759788
v 6.691897 6.447267 -1.759788
v 6.691897 6.447267 -1.759788
v 6.691897 6.447267 -1.733751
v 6.716004 6.506090 -1.654676
v 6.732398 6.544663 -1.654676
v 6.732398 6.544663 -1.654676
v 6.732398 6.544663 -2.109837
v 6.732398 6.544663 -2.109837
v 6.638859 6.319975 -2.109837
v 6.638859 6.319975 -2.109837
v 6.638859 6.319975 -1.759788
v 6.638859 6.319975 -1.759788
v 6.594501 6.333477 -1.759788
v 6.594501 6.333477 -1.759788
v 6.594501 6.333477 -1.759788
v 6.594501 6.333477 -1.759788
v 6.594501 6.476196 -1.759788
v 6.594501 6.476196 -1.759788
v 6.594501 6.476196 -1.759788
v 6.594501 6.476196 -1.759788
v 6.594501 6.476196 -1.733751
v 6.594501 6.476196 -1.733751
v 6.594501 6.542734 -1.654676
v 6.594501 6.542734 -1.654676
v 6.594501 6.587093 -1.654676
v 6.594501 6.587093 -1.654676
v 6.594501 6.587093 -1.654676
v 6.594501 6.587093 -1.654676
v 6.594501 6.587093 -2.109837
v 6.594501 6.587093 -2.109837
v 6.594501 6.587093 -2.109837
v 6.594501 6.587093 -2.109837
v 6.594501 6.333477 -2.109837
v 6.594501 6.333477 -2.109837
v 6.594501 6.333477 -2.109837
v 6.594501 6.333477 -2.109837
v 6.550141 6.319975 -2.109837
v 6.550141 6.319975 -2.109837
v 6.550141 6.319975 -1.759788
v 6.550141 6.319975 -1.759788
v 6.498068 6.447267 -1.759788
v 6.498068 6.447267 -1.759788
v 6.498068 6.447267 -1.733751
v 6.472996 6.506090 -1.654676
v 6.457567 6.544663 -1.654676
v 6.457567 6.544663 -1.654676
v 6.457567 6.544663 -2.109837
v 6.457567 6.544663 -2.109837
v 6.402600 6.240901 -2.109837
v 6.402600 6.240901 -2.109837
v 6.272417 6.133862 -1.759788
v 6.272417 6.133862 -1.759788
v 6.402600 6.240901 -1.759788
v 6.402600 6.240901 -1.759788
v 6.325455 6.355656 -1.759788
v 6.325455 6.355656 -1.759788
v 6.325455 6.355656 -1.733751
v 6.289775 6.408693 -1.654676
v 6.266631 6.443409 -1.654676
v 6.266631 6.443409 -1.654676
v 6.266631 6.443409 -2.109837
v 6.266631 6.443409 -2.109837
v 6.272417 6.133862 -2.109837
v 6.272417 6.133862 -2.109837
v 6.165377 6.003678 -1.759788
v 6.165377 6.003678 -1.759788
v 6.050622 6.080824 -1.759788
v 6.050622 6.080824 -1.759788
v 6.175020 6.231258 -1.759788
v 6.175020 6.231258 -1.759788
v 6.175020 6.231258 -1.733751
v 6.129697 6.276581 -1.654676
v 6.099803 6.306475 -1.654676
v 6.099803 6.306475 -1.654676
v 6.099803 6.306475 -2.109837
v 6.099803 6.306475 -2.109837
v 6.165377 6.003678 -2.109837
v 6.165377 6.003678 -2.109837
v 6.086302 5.855173 -1.759788
v 6.086302 5.855173 -1.759788
v 5.959013 5.908210 -1.759788
v 5.959013 5.908210 -1.759788
v 5.959013 5.908210 -1.733751
v 6.050622 6.080824 -1.733751
v 5.997584 6.116504 -1.654676
v 5.962870 6.139647 -1.654676
v 5.962870 6.139647 -1.654676
v 5.962870 6.139647 -2.109837
v 5.962870 6.139647 -2.109837
v 6.086302 5.855173 -2.109837
v 6.086302 5.855173 -2.109837
v 5.900188 5.720167 -2.109837
v 5.900188 5.720167 -2.109837
v 5.762290 5.695095 -2.109837
v 5.762290 5.695095 -2.109837
v 5.778684 5.527302 -2.109837
v 5.778684 5.527302 -2.109837
v 5.778684 5.527302 -1.759788
v 5.778684 5.527302 -1.759788
v 5.762290 5.695095 -1.759788
v 5.762290 5.695095 -1.759788
v 5.900188 5.720167 -1.759788
v 5.900188 5.720167 -1.759788
v 5.900188 5.747168 -1.760752
v 5.900188 5.747168 -1.760752
v 5.900188 5.747168 -1.760752
v 5.900188 5.747168 -1.760752
v 5.900188 5.747168 -1.733751
v 5.900188 5.747168 -1.733751
v 5.840400 5.908210 -1.733751
v 5.900188 5.928461 -1.661427
v 5.900188 5.928461 -1.661427
v 5.900188 5.952569 -1.654676
v 5.900188 5.952569 -1.654676
v 5.900188 6.040322 -1.654676
v 5.900188 6.040322 -1.654676
v 5.900188 6.040322 -1.654676
v 5.900188 6.040322 -1.654676
v 5.900188 6.040322 -2.109837
v 5.900188 6.040322 -2.109837
v 5.900188 6.040322 -2.109837
v 5.900188 6.040322 -2.109837
v 5.900188 5.928461 -2.109837
v 5.900188 5.928461 -2.109837
v 5.713110 5.855173 -2.109837
v 5.713110 5.855173 -2.109837
v 5.713110 5.855173 -1.759788
v 5.713110 5.855173 -1.759788
v 5.840400 5.908210 -1.759788
v 5.840400 5.908210 -1.759788
v 5.748790 6.080824 -1.759788
v 5.748790 6.080824 -1.759788
v 5.748790 6.080824 -1.733751
v 5.801828 6.116504 -1.654676
v 5.836544 6.139647 -1.654676
v 5.836544 6.139647 -1.654676
v 5.836544 6.139647 -2.109837
v 5.836544 6.139647 -2.109837
v 5.634036 6.003678 -2.109837
v 5.634036 6.003678 -2.109837
v 5.634036 6.003678 -1.759788
v 5.634036 6.003678 -1.759788
v 5.526996 6.133862 -1.759788
v 5.526996 6.133862 -1.759788
v 5.625357 6.231258 -1.759788
v 5.625357 6.231258 -1.759788
v 5.625357 6.231258 -1.733751
v 5.670679 6.276581 -1.654676
v 5.699609 6.306475 -1.654676
v 5.699609 6.306475 -1.654676
v 5.699609 6.306475 -2.109837
v 5.699609 6.306475 -2.109837
v 5.526996 6.133862 -2.109837
v 5.526996 6.133862 -2.109837
v 5.397777 6.240901 -2.109837
v 5.397777 6.240901 -2.109837
v 5.397777 6.240901 -1.759788
v 5.397777 6.240901 -1.759788
v 5.473958 6.355656 -1.759788
v 5.473958 6.355656 -1.759788
v 5.473958 6.355656 -1.733751
v 5.509638 6.408693 -1.654676
v 5.532782 6.443409 -1.654676
v 5.532782 6.443409 -1.654676
v 5.532782 6.443409 -2.109837
v 5.532782 6.443409 -2.109837
v 5.342810 6.544663 -2.109837
v 5.342810 6.544663 -2.109837
v 5.249271 6.319975 -2.109837
v 5.249271 6.319975 -2.109837
v 5.249271 6.319975 -1.759788
v 5.249271 6.319975 -1.759788
v 5.302308 6.447267 -1.759788
v 5.302308 6.447267 -1.759788
v 5.302308 6.447267 -1.733751
v 5.326416 6.506090 -1.654676
v 5.342810 6.544663 -1.654676
v 5.342810 6.544663 -1.654676
v 5.204912 6.587093 -1.654676
v 5.204912 6.587093 -1.654676
v 5.204912 6.587093 -1.654676
v 5.204912 6.587093 -1.654676
v 5.204912 6.587093 -2.109837
v 5.204912 6.587093 -2.109837
v 5.204912 6.587093 -2.109837
v 5.204912 6.587093 -2.109837
v 5.204912 6.333477 -2.109837
v 5.204912 6.333477 -2.109837
v 5.204912 6.333477 -2.109837
v 5.204912 6.333477 -2.109837
v 5.204912 6.333477 -1.759788
v 5.204912 6.333477 -1.759788
v 5.204912 6.333477 -1.759788
v 5.204912 6.333477 -1.759788
v 5.204912 6.476196 -1.759788
v 5.204912 6.476196 -1.759788
v 5.204912 6.476196 -1.759788
v 5.204912 6.476196 -1.759788
v 5.204912 6.476196 -1.733751
v 5.204912 6.476196 -1.733751
v 5.204912 6.542734 -1.654676
v 5.204912 6.542734 -1.654676
v 5.067978 6.544663 -1.654676
v 5.067978 6.544663 -1.654676
v 5.067978 6.544663 -2.109837
v 5.067978 6.544663 -2.109837
v 5.160553 6.319975 -2.109837
v 5.160553 6.319975 -2.109837
v 5.160553 6.319975 -1.759788
v 5.160553 6.319975 -1.759788
v 5.108480 6.447267 -1.759788
v 5.108480 6.447267 -1.759788
v 5.108480 6.447267 -1.733751
v 5.083408 6.506090 -1.654676
v 4.877042 6.443409 -1.654676
v 4.877042 6.443409 -1.654676
v 4.877042 6.443409 -2.109837
v 4.877042 6.443409 -2.109837
v 5.013012 6.240901 -2.109837
v 5.013012 6.240901 -2.109837
v 5.013012 6.240901 -1.759788
v 5.013012 6.240901 -1.759788
v 4.935866 6.355656 -1.759788
v 4.935866 6.355656 -1.759788
v 4.935866 6.355656 -1.733751
v 4.900186 6.408693 -1.654676
v 4.710215 6.306475 -1.654676
v 4.710215 6.306475 -1.654676
v 4.710215 6.306475 -2.109837
v 4.710215 6.306475 -2.109837
v 4.882829 6.133862 -2.109837
v 4.882829 6.133862 -2.109837
v 4.882829 6.133862 -1.759788
v 4.882829 6.133862 -1.759788
v 4.785432 6.231258 -1.759788
v 4.785432 6.231258 -1.759788
v 4.785432 6.231258 -1.733751
v 4.740109 6.276581 -1.654676
v 4.573281 6.139647 -1.654676
v 4.573281 6.139647 -1.654676
v 4.573281 6.139647 -2.109837
v 4.573281 6.139647 -2.109837
v 4.775789 6.003678 -2.109837
v 4.775789 6.003678 -2.109837
v 4.775789 6.003678 -1.759788
v 4.775789 6.003678 -1.759788
v 4.661035 6.080824 -1.759788
v 4.661035 6.080824 -1.759788
v 4.661035 6.080824 -1.733751
v 4.607996 6.116504 -1.654676
v 4.471063 5.948711 -1.654676
v 4.471063 5.948711 -1.654676
v 4.471063 5.948711 -2.109837
v 4.471063 5.948711 -2.109837
v 4.696714 5.855173 -2.109837
v 4.696714 5.855173 -2.109837
v 4.696714 5.855173 -1.759788
v 4.696714 5.855173 -1.759788
v 4.569423 5.908210 -1.759788
v 4.569423 5.908210 -1.759788
v 4.569423 5.908210 -1.733751
v 4.510600 5.933282 -1.654676
v 4.417061 5.769347 -1.649855
v 4.417061 5.769347 -1.649855
v 4.417061 5.769347 -1.649855
v 4.417061 5.769347 -1.649855
v 4.323522 5.933282 -1.654676
v 4.264698 5.908210 -1.733751
v 4.264698 5.908210 -1.759788
v 4.264698 5.908210 -1.759788
v 4.137408 5.855173 -1.759788
v 4.137408 5.855173 -1.759788
v 4.185624 5.695095 -1.759788
v 4.185624 5.695095 -1.759788
v 4.185624 5.695095 -2.109837
v 4.185624 5.695095 -2.109837
v 4.417061 5.740417 -2.109837
v 4.417061 5.740417 -2.109837
v 4.647534 5.695095 -2.109837
v 4.647534 5.695095 -2.109837
v 4.647534 5.695095 -1.759788
v 4.647534 5.695095 -1.759788
v 4.512529 5.722096 -1.759788
v 4.512529 5.722096 -1.759788
v 4.512529 5.722096 -1.733751
v 4.449848 5.733668 -1.654676
v 4.417061 5.740417 -1.654676
v 4.417061 5.740417 -1.654676
v 4.384274 5.733668 -1.654676
v 4.321593 5.722096 -1.733751
v 4.321593 5.722096 -1.759788
v 4.321593 5.722096 -1.759788
v 4.340879 5.527302 -1.759788
v 4.340879 5.527302 -1.759788
v 4.202981 5.527302 -1.759788
v 4.202981 5.527302 -1.759788
v 4.202981 5.527302 -2.109837
v 4.202981 5.527302 -2.109837
v 4.417061 5.527302 -2.109837
v 4.417061 5.527302 -2.109837
v 4.631140 5.527302 -2.109837
v 4.631140 5.527302 -2.109837
v 4.631140 5.527302 -1.759788
v 4.631140 5.527302 -1.759788
v 4.493243 5.527302 -1.759788
v 4.493243 5.527302 -1.759788
v 4.493243 5.527302 -1.733751
v 4.429597 5.527302 -1.654676
v 4.417061 5.527302 -1.654676
v 4.417061 5.527302 -1.654676
v 4.404525 5.527302 -1.654676
v 4.340879 5.527302 -1.733751
v 7.801832 3.377828 2.218042
v 7.801832 3.377828 2.218042
v -7.882869 3.377828 2.218042
v -7.882869 3.377828 2.218042
v 7.858727 3.347934 2.274937
v 7.858727 3.347934 2.274937
v 7.858727 3.347934 2.274937
v 7.858727 3.347934 2.274937
v -7.939764 3.347934 2.274937
v -7.939764 3.347934 2.274937
v -7.939764 3.347934 2.274937
v -7.939764 3.347934 2.274937
v -7.882869 3.377828 -2.172518
v -7.882869 3.377828 -2.172518
v -7.939764 3.347934 -2.229413
v -7.939764 3.347934 -2.229413
v -7.939764 3.347934 -2.229413
v -7.939764 3.347934 -2.229413
v 7.801832 3.377828 -2.172518
v 7.801832 3.377828 -2.172518
v 7.858727 3.347934 -2.229413
v 7.858727 3.347934 -2.229413
v 7.858727 3.347934 -2.229413
v 7.858727 3.347934 -2.229413
v 7.858727 3.311290 -2.229413
v 7.858727 3.311290 -2.229413
v 7.858727 3.311290 2.274937
v 7.858727 3.311290 2.274937
v -7.939764 3.311290 2.274937
v -7.939764 3.311290 2.274937
v -7.939764 3.311290 -2.229413
v -7.939764 3.311290 -2.229413
vn -0.0000 1.0000 -0.0000
vn -0.0000 0.7085 -0.7057
vn -1.0000 -0.0000 -0.0000
vn -0.7057 0.7085 -0.0000
vn 0.7085 0.7057 -0.0000
vn 1.0000 -0.0000 -0.0000
vn -0.0000 -1.0000 -0.0000
vn -0.7071 -0.7071 0.0028
vn -0.7071 -0.7071 0.0027
vn 0.7085 0.7058 -0.0000
vn 0.7057 0.7085 -0.0000
vn -0.0000 -0.0000 -1.0000
vn -0.0000 -0.7058 0.7084
vn -0.0000 -0.7057 0.7085
vn -0.0000 -0.0000 1.0000
vn -0.0000 0.7085 0.7057
vn -0.0000 -0.7058 0.7085
vn 0.7085 -0.7057 -0.0000
vn 0.7085 -0.7058 -0.0000
vn 0.7084 -0.7058 -0.0000
vn -0.0000 -0.7057 -0.7085
vn -0.0000 -0.7058 -0.7084
vn -0.0000 0.7084 0.7058
vn -0.0000 -0.7058 -0.7085
vn -0.0000 -0.1034 0.9946
vn -0.0000 -0.0471 0.9989
vn -0.0000 -0.1032 0.9947
vn -0.0000 -0.1172 0.9931
vn -0.0000 -0.0557 0.9984
vn 0.4575 -0.5039 -0.7327
vn 0.4575 -0.5039 -0.7326
vn 0.5474 -0.4056 -0.7320
vn 0.6161 -0.2920 -0.7316
vn 0.6717 -0.7408 -0.0000
vn 0.6718 -0.7408 -0.0000
vn 0.8023 -0.5969 -0.0000
vn -0.6716 0.7409 -0.0000
vn -0.6720 0.7406 -0.0000
vn -0.5157 0.8568 -0.0000
vn 0.5157 -0.8568 -0.0000
vn 0.3488 -0.5835 -0.7334
vn -0.3379 0.9412 -0.0000
vn 0.3379 -0.9412 -0.0000
vn 0.2290 -0.6430 -0.7309
vn 0.2290 -0.6430 -0.7308
vn 0.1128 -0.6738 -0.7302
vn 0.1096 -0.6727 -0.7318
vn -0.1619 0.9868 -0.0000
vn 0.1619 -0.9868 -0.0000
vn 0.1620 -0.9868 -0.0000
vn -0.0000 -0.6803 -0.7329
vn -0.1619 -0.9868 -0.0000
vn -0.1127 -0.6738 -0.7303
vn -0.1096 -0.6726 -0.7318
vn 0.1619 0.9868 -0.0000
vn -0.3379 -0.9412 -0.0000
vn -0.2290 -0.6430 -0.7309
vn -0.2290 -0.6430 -0.7308
vn 0.3379 0.9412 -0.0000
vn 0.5156 0.8568 -0.0000
vn -0.5157 -0.8568 -0.0000
vn -0.3488 -0.5835 -0.7334
vn 0.6716 0.7409 -0.0000
vn 0.6717 0.7408 -0.0000
vn -0.6717 -0.7408 -0.0000
vn -0.6718 -0.7408 -0.0000
vn -0.4573 -0.5041 -0.7326
vn -0.4575 -0.5039 -0.7327
vn -0.5474 -0.4056 -0.7320
vn -0.6161 -0.2920 -0.7315
vn -0.6596 -0.1780 -0.7302
vn -0.6161 -0.2920 -0.7316
vn 0.8023 0.5969 -0.0000
vn -0.8023 -0.5969 -0.0000
vn -0.9659 -0.2588 -0.0000
vn -0.9934 -0.1150 -0.0000
vn -0.9934 -0.1149 -0.0000
vn -0.0261 -0.0000 0.9997
vn -0.0517 -0.0062 0.9986
vn -0.0538 -0.0022 0.9986
vn -0.9988 -0.0492 -0.0000
vn -0.6822 -0.0340 -0.7304
vn -0.6782 -0.0786 -0.7306
vn 0.0021 -0.0450 -0.9990
vn 0.6793 -0.0340 -0.7331
vn 0.0020 -0.0451 -0.9990
vn 0.6753 -0.0786 -0.7334
vn -0.0131 -0.1068 -0.9942
vn -0.0130 -0.1068 -0.9942
vn 0.1931 -0.0000 -0.9812
vn 0.1644 -0.0000 -0.9864
vn 0.3466 0.0178 -0.9378
vn -0.6596 -0.1779 -0.7302
vn 0.0138 0.0020 -0.9999
vn 0.9127 0.4086 -0.0000
vn 0.9141 0.4055 -0.0000
vn -0.0081 0.0181 0.9998
vn -0.0140 0.0060 0.9999
vn -0.9040 -0.4275 -0.0000
vn -0.9040 -0.4276 -0.0000
vn -0.0220 -0.0000 0.9998
vn -0.0432 -0.0083 0.9990
vn -0.0240 -0.0000 0.9997
vn 0.9988 -0.0492 -0.0000
vn 0.9934 -0.1149 -0.0000
vn 0.9934 -0.1150 -0.0000
vn 0.6596 -0.1779 -0.7302
vn 0.6585 -0.1746 -0.7320
vn 0.1930 -0.0000 -0.9812
vn 0.1733 0.0231 -0.9846
vn 0.1734 0.0231 -0.9846
vn 0.0601 0.9982 -0.0000
vn -0.0179 0.9998 0.0001
vn -0.0180 0.0040 0.9998
vn 0.9659 -0.2588 -0.0000
vn 0.9659 -0.2589 -0.0000
vn 0.6161 -0.2919 -0.7316
vn 0.6160 -0.2919 -0.7316
vn 0.0600 0.9982 -0.0000
vn -0.0180 0.9998 -0.0000
vn -0.9043 0.4269 -0.0000
vn 0.9040 -0.4276 -0.0000
vn 0.9040 -0.4275 -0.0000
vn -0.8023 0.5969 -0.0000
vn -0.6717 0.7408 -0.0000
vn -0.5156 0.8568 -0.0000
vn -0.5155 0.8569 -0.0000
vn 0.5156 -0.8568 -0.0000
vn 0.3488 -0.5834 -0.7334
vn 0.3489 -0.5835 -0.7334
vn -0.3377 0.9412 -0.0000
vn 0.1096 -0.6726 -0.7319
vn -0.1128 -0.6738 -0.7302
vn -0.1096 -0.6726 -0.7319
vn 0.3377 0.9413 -0.0000
vn -0.3490 -0.5836 -0.7332
vn -0.3484 -0.5835 -0.7336
vn -0.4574 -0.5040 -0.7326
vn -0.6160 -0.2920 -0.7316
vn -0.6597 -0.1780 -0.7302
vn -0.6822 -0.0339 -0.7303
vn -0.6617 -0.0755 -0.7459
vn -0.0000 -0.0344 -0.9994
vn 0.6822 -0.0339 -0.7303
vn 0.6617 -0.0755 -0.7459
vn -0.0001 -0.0961 -0.9954
vn 0.0001 -0.0961 -0.9954
vn -0.6564 -0.1779 -0.7331
vn 0.9041 0.4274 -0.0000
vn 0.6564 -0.1779 -0.7331
vn 0.0001 1.0000 -0.0000
vn 0.6160 -0.2920 -0.7316
vn -0.9041 0.4274 -0.0000
vn -0.0001 1.0000 -0.0000
vn 0.8023 -0.5970 -0.0000
vn 0.4574 -0.5040 -0.7326
vn 0.3490 -0.5836 -0.7332
vn 0.3484 -0.5835 -0.7336
vn -0.3377 0.9413 -0.0000
vn -0.3380 -0.9412 -0.0000
vn 0.3378 0.9412 -0.0000
vn -0.5156 -0.8568 -0.0000
vn -0.3489 -0.5835 -0.7334
vn 0.5155 0.8569 -0.0000
vn -0.6717 -0.7409 -0.0000
vn -0.9659 -0.2589 -0.0000
vn -0.6752 -0.0786 -0.7334
vn 0.0001 -0.0449 -0.9990
vn 0.6822 -0.0340 -0.7304
vn -0.0000 -0.0449 -0.9990
vn 0.6752 -0.0786 -0.7334
vn -0.0000 -0.1054 -0.9944
vn 0.0001 -0.1055 -0.9944
vn -0.6585 -0.1746 -0.7320
vn 0.9043 0.4269 -0.0000
vn 0.9042 0.4272 -0.0000
vn 0.6161 -0.2920 -0.7315
vn 0.9041 -0.4273 -0.0000
vn 0.6717 -0.7409 -0.0000
vn 0.4572 -0.5042 -0.7326
vn 0.3380 -0.9412 -0.0000
vn 0.1097 -0.6725 -0.7319
vn -0.1620 0.9868 -0.0000
vn -0.1096 -0.6725 -0.7319
vn -0.3489 -0.5834 -0.7334
vn -0.3489 -0.5831 -0.7336
vn -0.6718 -0.7407 -0.0000
vn -0.4575 -0.5039 -0.7326
vn 0.6717 0.7409 -0.0000
vn -0.6783 -0.0786 -0.7306
vn 0.6782 -0.0786 -0.7306
vn -0.0001 -0.1078 -0.9942
vn -0.0000 -0.1078 -0.9942
vn -0.0000 -0.0220 -0.9998
vn -0.0000 -0.0492 -0.9988
vn 0.0061 -0.0242 -0.9997
vn 0.9041 0.4272 -0.0000
vn 0.6596 -0.1780 -0.7302
vn -0.0061 -0.0242 -0.9997
vn -0.9039 0.4277 -0.0000
vn 0.4576 -0.5039 -0.7326
vn 0.6716 -0.7409 -0.0000
vn -0.3488 -0.5834 -0.7334
vn -0.6716 -0.7409 -0.0000
vn -0.6608 -0.1813 -0.7284
vn -0.6486 -0.1285 -0.7502
vn -0.6402 -0.0906 -0.7629
vn -0.0000 -0.0556 -0.9985
vn -0.0000 -0.1173 -0.9931
vn -0.0000 -0.1031 -0.9947
vn -0.0000 -0.0471 -0.9989
vn -0.0000 -0.2418 -0.9703
vn -0.5960 -0.0840 -0.7986
vn -0.6401 -0.0906 -0.7629
vn -0.6378 -0.1610 -0.7532
vn -0.6640 -0.1814 -0.7254
vn -0.8717 -0.0994 -0.4798
vn 0.0060 -0.0078 -1.0000
vn 0.0040 -0.0079 -1.0000
vn 0.9056 0.4241 -0.0000
vn 0.9041 0.4272 -0.0001
vn -0.6823 -0.0340 -0.7303
vn -0.6176 -0.0309 -0.7859
vn -0.6175 -0.0309 -0.7860
vn -0.5754 -0.0421 -0.8168
vn -0.5742 -0.0250 -0.8183
vn -0.5683 -0.0478 -0.8215
vn -0.0000 -0.0557 -0.9984
vn -0.0000 0.0622 0.9981
vn -0.0000 0.1246 0.9922
vn -0.0000 0.1174 0.9931
vn -0.0000 0.2503 0.9682
vn -0.0050 0.3274 0.9449
vn -0.0000 0.2504 0.9681
vn -0.0000 -0.2281 -0.9736
vn -0.0000 -0.3991 -0.9169
vn -0.6872 -0.2858 -0.6679
vn -0.6903 -0.2858 -0.6647
vn -0.8719 -0.0994 -0.4796
vn -0.6688 0.0001 -0.7435
vn -0.6688 -0.0000 -0.7434
vn 0.9424 0.3229 -0.0872
vn 0.9414 0.3373 -0.0076
vn 0.9409 0.3386 -0.0029
vn 0.9367 0.3501 -0.0000
vn 0.0402 0.4264 0.9037
vn -0.0052 0.4073 0.9133
vn -0.0000 -0.3931 -0.9195
vn -0.0000 -0.5436 -0.8393
vn -0.6916 -0.3938 -0.6055
vn 0.4288 0.4451 0.7862
vn 0.0082 0.5383 0.8427
vn -0.0027 0.5422 0.8403
vn -0.0000 -0.5440 -0.8391
vn -0.0000 -0.5442 -0.8390
vn -0.0000 -0.6334 -0.7739
vn -0.6919 -0.4579 -0.5582
vn -0.0000 0.6334 0.7738
vn -0.0000 -0.6334 -0.7738
vn -0.6908 -0.5129 -0.5097
vn -0.0000 0.7085 0.7058
vn -0.0000 -0.7738 -0.6334
vn -0.6919 -0.5582 -0.4579
vn -0.0000 0.7738 0.6334
vn -0.0000 -0.8308 -0.5565
vn -0.6899 -0.6003 -0.4047
vn -0.6899 -0.6003 -0.4046
vn -0.0000 0.8308 0.5566
vn -0.0000 0.8308 0.5565
vn -0.0000 -0.8306 -0.5569
vn -0.0000 -0.8820 -0.4712
vn -0.6898 -0.6375 -0.3432
vn -0.6898 -0.6375 -0.3433
vn -0.0000 0.8819 0.4715
vn -0.0000 0.8817 0.4718
vn -0.0000 -0.8819 -0.4713
vn -0.0000 -0.9235 -0.3836
vn -0.6909 -0.6685 -0.2751
vn -0.0000 0.9235 0.3836
vn -0.0000 0.9235 0.3837
vn -0.0000 -0.9568 -0.2906
vn -0.6915 -0.6916 -0.2087
vn -0.0000 0.9569 0.2905
vn -0.0000 0.9568 0.2907
vn -0.0000 -0.9570 -0.2902
vn -0.0000 -0.9807 -0.1956
vn -0.6908 -0.7090 -0.1418
vn -0.0000 0.9807 0.1956
vn -0.0000 -0.9807 -0.1957
vn -0.0000 -0.9954 -0.0962
vn -0.6893 -0.7212 -0.0695
vn -0.6906 -0.7196 -0.0725
vn -0.0000 0.9954 0.0962
vn -0.0000 -0.9954 -0.0961
vn -0.6917 -0.7222 -0.0000
vn -0.0000 -0.9954 0.0962
vn -0.6893 -0.7211 0.0694
vn -0.6906 -0.7196 0.0725
vn -0.0000 0.9954 -0.0962
vn -0.0000 -0.9954 0.0961
vn -0.0000 -0.9807 0.1957
vn -0.0000 -0.9807 0.1956
vn -0.6909 -0.7090 0.1418
vn -0.6908 -0.7090 0.1418
vn -0.0000 0.9807 -0.1955
vn -0.0000 0.9807 -0.1957
vn -0.0000 -0.9569 0.2904
vn -0.0000 -0.9569 0.2905
vn -0.0000 -0.9568 0.2906
vn -0.6915 -0.6915 0.2087
vn -0.6915 -0.6916 0.2087
vn -0.0000 0.9569 -0.2905
vn -0.0000 0.9569 -0.2906
vn -0.0000 -0.9235 0.3836
vn -0.0000 -0.9235 0.3837
vn -0.6909 -0.6685 0.2752
vn -0.6909 -0.6685 0.2751
vn -0.0000 0.9235 -0.3837
vn -0.0000 0.8819 -0.4715
vn -0.0000 0.8819 -0.4714
vn -0.0000 -0.8819 0.4714
vn -0.0000 -0.8820 0.4712
vn -0.0000 -0.8819 0.4715
vn -0.6898 -0.6375 0.3432
vn -0.6898 -0.6375 0.3433
vn -0.0000 0.8308 -0.5566
vn -0.0000 -0.8306 0.5569
vn -0.0000 -0.8308 0.5565
vn -0.6899 -0.6003 0.4046
vn -0.6919 -0.5582 0.4579
vn -0.6907 -0.5130 0.5097
vn -0.0000 0.7738 -0.6335
vn -0.0000 -0.7738 0.6334
vn -0.0000 -0.7737 0.6335
vn -0.0000 -0.6334 0.7738
vn -0.0000 -0.5441 0.8390
vn -0.6919 -0.4580 0.5582
vn -0.6907 -0.5130 0.5096
vn -0.0000 0.7084 -0.7058
vn -0.0000 -0.3992 0.9169
vn -0.6916 -0.3938 0.6056
vn -0.6919 -0.4579 0.5582
vn -0.0000 0.6335 -0.7738
vn -0.0000 0.6334 -0.7738
vn -0.0000 -0.6335 0.7738
vn -0.0000 -0.5442 0.8390
vn -0.0000 -0.3931 0.9195
vn -0.0000 -0.2281 0.9736
vn -0.0000 -0.1173 0.9931
vn -0.0000 -0.2415 0.9704
vn -0.6872 -0.2858 0.6679
vn -0.6903 -0.2858 0.6647
vn -0.6915 -0.3938 0.6056
vn 0.0082 0.5383 -0.8427
vn -0.0027 0.5421 -0.8403
vn -0.5960 -0.0839 0.7986
vn -0.6378 -0.1610 0.7532
vn -0.6401 -0.0906 0.7629
vn -0.6486 -0.1285 0.7502
vn -0.6752 -0.0786 0.7334
vn -0.6608 -0.1813 0.7284
vn -0.6640 -0.1814 0.7254
vn -0.8719 -0.0994 0.4795
vn -0.6687 -0.0000 0.7435
vn -0.6688 -0.0000 0.7434
vn 0.4288 0.4451 -0.7861
vn 0.0402 0.4264 -0.9037
vn -0.0052 0.4074 -0.9132
vn 0.9409 0.3387 0.0026
vn 0.9414 0.3372 0.0076
vn -0.0050 0.3275 -0.9449
vn -0.0000 0.2505 -0.9681
vn -0.0000 0.2504 -0.9681
vn -0.0000 0.1246 -0.9922
vn -0.0000 0.1173 -0.9931
vn -0.0000 0.0622 -0.9981
vn -0.0000 0.0623 -0.9981
vn -0.0000 -0.0470 0.9989
vn -0.5683 -0.0478 0.8215
vn -0.5754 -0.0421 0.8168
vn -0.5742 -0.0250 0.8183
vn -0.6175 -0.0309 0.7859
vn -0.6823 -0.0340 0.7303
vn -0.6160 -0.2920 0.7316
vn -0.8717 -0.0994 0.4798
vn -0.6161 -0.2920 0.7316
vn -0.6688 0.0001 0.7434
vn 0.0060 -0.0079 1.0000
vn 0.0040 -0.0081 1.0000
vn 0.9424 0.3229 0.0872
vn 0.9041 0.4272 0.0001
vn -0.5474 -0.4056 0.7320
vn -0.4575 -0.5039 0.7327
vn 0.6718 0.7407 -0.0000
vn -0.3488 -0.5834 0.7334
vn -0.3490 -0.5835 0.7333
vn 0.3380 0.9411 -0.0000
vn -0.2290 -0.6430 0.7308
vn -0.2290 -0.6431 0.7308
vn -0.1128 -0.6738 0.7302
vn -0.1096 -0.6726 0.7319
vn -0.0000 -0.6803 0.7329
vn -0.0000 -0.6804 0.7329
vn 0.1618 -0.9868 -0.0000
vn 0.1128 -0.6738 0.7302
vn 0.1096 -0.6726 0.7319
vn 0.2290 -0.6430 0.7308
vn 0.3490 -0.5836 0.7332
vn 0.3486 -0.5835 0.7335
vn -0.6718 0.7407 -0.0000
vn 0.4575 -0.5039 0.7327
vn 0.5474 -0.4056 0.7320
vn 0.6160 -0.2920 0.7316
vn 0.6596 -0.1779 0.7302
vn 0.6822 -0.0340 0.7304
vn 0.6782 -0.0786 0.7306
vn -0.0000 -0.0449 0.9990
vn -0.6822 -0.0340 0.7303
vn 0.0001 -0.0449 0.9990
vn -0.6783 -0.0786 0.7306
vn -0.0000 -0.1078 0.9942
vn -0.0001 -0.1078 0.9942
vn -0.0000 -0.0220 0.9998
vn -0.0000 -0.0492 0.9988
vn -0.0061 -0.0242 0.9997
vn 0.6596 -0.1780 0.7302
vn -0.6596 -0.1779 0.7302
vn 0.0061 -0.0242 0.9997
vn -0.5473 -0.4056 0.7321
vn -0.4575 -0.5039 0.7326
vn -0.4576 -0.5039 0.7326
vn -0.3489 -0.5834 0.7334
vn -0.3489 -0.5831 0.7336
vn -0.1096 -0.6725 0.7319
vn -0.1620 -0.9868 -0.0000
vn 0.2290 -0.6431 0.7308
vn 0.3488 -0.5834 0.7334
vn 0.3488 -0.5835 0.7334
vn 0.4576 -0.5038 0.7327
vn 0.4575 -0.5039 0.7326
vn -0.8024 0.5968 -0.0000
vn 0.6752 -0.0786 0.7334
vn -0.6822 -0.0340 0.7304
vn 0.0001 -0.1055 0.9944
vn -0.0000 -0.1055 0.9944
vn 0.6585 -0.1746 0.7320
vn 0.6161 -0.2920 0.7316
vn -0.6585 -0.1746 0.7320
vn -0.8024 -0.5969 -0.0000
vn -0.4573 -0.5041 0.7326
vn -0.3488 -0.5835 0.7334
vn 0.3380 0.9412 -0.0000
vn 0.3484 -0.5835 0.7336
vn 0.6822 -0.0340 0.7303
vn 0.6618 -0.0755 0.7459
vn -0.0000 -0.0344 0.9994
vn -0.6618 -0.0755 0.7459
vn 0.0001 -0.0961 0.9954
vn -0.0001 -0.0961 0.9954
vn 0.6565 -0.1779 0.7331
vn -0.6596 -0.1779 0.7303
vn -0.6564 -0.1779 0.7331
vn -0.3490 -0.5836 0.7332
vn -0.3484 -0.5835 0.7336
vn 0.3489 -0.5835 0.7334
vn -0.0261 -0.0000 -0.9997
vn 0.6793 -0.0340 0.7331
vn 0.0020 -0.0450 0.9990
vn 0.0021 -0.0451 0.9990
vn -0.6782 -0.0786 0.7306
vn -0.0130 -0.1068 0.9942
vn -0.0131 -0.1068 0.9942
vn 0.1930 -0.0000 0.9812
vn 0.1644 -0.0000 0.9864
vn -0.0220 -0.0000 -0.9998
vn -0.0240 -0.0000 -0.9997
vn -0.0518 -0.0062 -0.9986
vn -0.0537 -0.0021 -0.9986
vn 0.1931 -0.0000 0.9812
vn 0.3466 0.0178 0.9378
vn 0.1734 0.0231 0.9846
vn 0.1733 0.0231 0.9846
vn -0.0180 0.0040 -0.9998
vn -0.0432 -0.0082 -0.9990
vn 0.0139 0.0020 0.9999
vn -0.0179 0.9998 -0.0000
vn -0.0081 0.0181 -0.9998
vn -0.0140 0.0060 -0.9999
vn 0.6720 0.7406 -0.0000
vn 0.5157 0.8568 -0.0000
vn -0.1096 -0.6726 0.7318
vn -0.0000 -0.6801 0.7331
vn 0.1096 -0.6726 0.7318
vn -0.0000 -0.6804 0.7328
vn -0.1622 0.9868 -0.0000
vn 0.2290 -0.6430 0.7309
vn 0.6401 -0.0906 0.7629
vn 0.6486 -0.1285 0.7502
vn 0.6608 -0.1813 0.7284
vn 0.6160 -0.2922 0.7316
vn -0.0060 -0.0077 1.0000
vn -0.0040 -0.0080 1.0000
vn -0.9056 0.4241 -0.0000
vn -0.9041 0.4272 0.0001
vn 0.6176 -0.0309 0.7859
vn 0.5960 -0.0839 0.7986
vn 0.6175 -0.0309 0.7859
vn 0.5754 -0.0421 0.8168
vn 0.5742 -0.0250 0.8183
vn 0.5683 -0.0478 0.8215
vn -0.0000 0.1170 -0.9931
vn 0.0050 0.3274 -0.9449
vn 0.0002 0.2503 -0.9682
vn -0.0000 -0.2280 0.9737
vn -0.0000 -0.2418 0.9703
vn 0.6378 -0.1610 0.7532
vn 0.6640 -0.1814 0.7254
vn 0.8717 -0.0994 0.4798
vn 0.6688 -0.0000 0.7434
vn -0.9424 0.3228 0.0874
vn -0.9414 0.3372 0.0076
vn -0.9409 0.3387 0.0025
vn -0.9367 0.3501 -0.0000
vn -0.0402 0.4264 -0.9037
vn 0.0052 0.4074 -0.9132
vn -0.0000 -0.3929 0.9196
vn -0.0000 -0.3992 0.9168
vn 0.6872 -0.2858 0.6679
vn 0.6903 -0.2858 0.6647
vn 0.8718 -0.0994 0.4797
vn 0.6688 -0.0000 0.7435
vn -0.4289 0.4450 -0.7861
vn -0.0081 0.5383 -0.8427
vn 0.0027 0.5421 -0.8403
vn 0.6916 -0.3938 0.6055
vn 0.6919 -0.4579 0.5582
vn -0.0000 0.6331 -0.7741
vn -0.0000 -0.6335 0.7737
vn 0.6907 -0.5130 0.5097
vn -0.0000 0.7085 -0.7058
vn 0.6919 -0.5582 0.4579
vn -0.0000 0.7741 -0.6331
vn -0.0000 -0.7739 0.6333
vn -0.0000 -0.7740 0.6332
vn -0.0000 -0.7737 0.6336
vn -0.0000 -0.7738 0.6335
vn 0.6899 -0.6003 0.4046
vn -0.0000 0.8308 -0.5565
vn -0.0000 -0.8309 0.5565
vn 0.6898 -0.6375 0.3432
vn 0.6909 -0.6685 0.2751
vn -0.0000 0.9234 -0.3838
vn 0.6909 -0.6686 0.2751
vn 0.6915 -0.6915 0.2087
vn -0.0000 -0.9569 0.2903
vn 0.6909 -0.7090 0.1418
vn -0.0000 0.9807 -0.1956
vn -0.0000 -0.9806 0.1958
vn 0.6909 -0.7089 0.1418
vn 0.6906 -0.7196 0.0725
vn -0.0000 0.9952 -0.0983
vn -0.0000 0.9952 -0.0980
vn -0.0000 -0.9951 0.0984
vn 0.6917 -0.7222 -0.0000
vn -0.0000 -0.9951 -0.0984
vn 0.6906 -0.7196 -0.0725
vn -0.0000 0.9952 0.0983
vn -0.0000 0.9952 0.0980
vn 0.6908 -0.7090 -0.1418
vn 0.6915 -0.6916 -0.2087
vn -0.0000 0.9569 0.2906
vn -0.0000 0.9569 0.2904
vn -0.0000 -0.9569 -0.2906
vn -0.0000 -0.9235 -0.3837
vn 0.6909 -0.6686 -0.2751
vn -0.0000 0.9234 0.3838
vn -0.0000 0.9234 0.3837
vn -0.0000 -0.8819 -0.4714
vn -0.0000 -0.8820 -0.4713
vn 0.6898 -0.6375 -0.3433
vn 0.6898 -0.6375 -0.3432
vn -0.0000 0.8819 0.4714
vn 0.6899 -0.6003 -0.4046
vn -0.0000 0.7741 0.6331
vn -0.0000 -0.7739 -0.6333
vn 0.6918 -0.5582 -0.4580
vn 0.6914 -0.5585 -0.4583
vn 0.6907 -0.5130 -0.5097
vn 0.6919 -0.4579 -0.5582
vn -0.0000 -0.5441 -0.8390
vn -0.0000 -0.3992 -0.9168
vn 0.6916 -0.3938 -0.6055
vn 0.6903 -0.2858 -0.6647
vn -0.0000 0.6333 0.7739
vn -0.0000 0.6331 0.7741
vn 0.6872 -0.2858 -0.6679
vn 0.6640 -0.1814 -0.7254
vn 0.8717 -0.0994 -0.4798
vn 0.6160 -0.2922 -0.7316
vn -0.0040 -0.0080 -1.0000
vn -0.0060 -0.0077 -1.0000
vn 0.6688 -0.0000 -0.7434
vn 0.6688 0.0001 -0.7434
vn 0.6688 -0.0000 -0.7435
vn -0.0081 0.5383 0.8427
vn 0.0027 0.5421 0.8403
vn -0.0000 -0.3930 -0.9195
vn -0.0000 -0.1032 -0.9947
vn 0.6378 -0.1610 -0.7532
vn 0.6486 -0.1285 -0.7502
vn 0.6608 -0.1813 -0.7284
vn -0.9041 0.4272 -0.0001
vn -0.9056 0.4242 -0.0000
vn -0.9414 0.3372 -0.0076
vn -0.9424 0.3230 -0.0874
vn -0.4288 0.4451 0.7861
vn -0.0402 0.4264 0.9037
vn 0.0052 0.4074 0.9132
vn -0.0000 -0.1174 -0.9931
vn 0.5960 -0.0839 -0.7986
vn 0.6401 -0.0906 -0.7629
vn -0.9409 0.3387 -0.0026
vn 0.0050 0.3275 0.9449
vn -0.0000 0.2505 0.9681
vn -0.0000 0.0623 0.9981
vn 0.5683 -0.0478 -0.8215
vn 0.5754 -0.0421 -0.8168
vn 0.5742 -0.0250 -0.8183
vn 0.6175 -0.0309 -0.7859
vn 0.6176 -0.0309 -0.7859
vn 0.6822 -0.0340 -0.7303
vn -0.0000 0.0099 -1.0000
vn -0.0000 -0.0450 -0.9990
vn -0.0000 -0.0386 -0.9993
vn -0.0000 0.0200 -0.9998
vn -0.6843 0.0140 -0.7290
vn -0.6872 0.0140 -0.7263
vn -0.6908 -0.0282 -0.7225
vn -0.6898 -0.0253 -0.7236
vn -0.0000 -0.0262 0.9997
vn -0.0000 -0.0261 0.9997
vn -0.0000 0.0365 0.9993
vn -0.0000 -0.1959 -0.9806
vn -0.0000 -0.1958 -0.9806
vn -0.0000 -0.1956 -0.9807
vn -0.6908 -0.1419 -0.7089
vn -0.6911 -0.0282 -0.7222
vn -0.6909 -0.1418 -0.7090
vn -0.6898 -0.0254 -0.7236
vn -0.0000 0.1956 0.9807
vn -0.0000 -0.3837 -0.9235
vn -0.0000 -0.3836 -0.9235
vn -0.6909 -0.2751 -0.6686
vn -0.6909 -0.2751 -0.6685
vn -0.0000 0.3835 0.9235
vn -0.0000 0.5566 0.8308
vn -0.0000 -0.5566 -0.8308
vn -0.0000 -0.5565 -0.8308
vn -0.0000 -0.5564 -0.8309
vn -0.6894 -0.4010 -0.6032
vn -0.6907 -0.5130 -0.5097
vn -0.0000 -0.8310 -0.5563
vn -0.0000 0.9235 0.3835
vn -0.6909 -0.7089 -0.1418
vn -0.6909 -0.7090 -0.1417
vn -0.0000 -1.0000 -0.0003
vn -0.0000 -1.0000 0.0001
vn -0.6916 -0.7223 -0.0002
vn -0.6914 -0.7225 -0.0003
vn -0.6909 -0.7089 0.1418
vn -0.0000 -0.9235 0.3835
vn -0.0000 -0.9233 0.3841
vn -0.0000 0.9235 -0.3836
vn -0.0000 0.8309 -0.5565
vn -0.0000 -0.8308 0.5566
vn -0.0000 0.5565 -0.8309
vn -0.6894 -0.4011 0.6032
vn -0.0000 0.0365 -0.9993
vn -0.0000 -0.0261 -0.9997
vn -0.6898 -0.0253 0.7236
vn -0.6872 0.0140 0.7263
vn -0.6911 -0.0282 0.7222
vn -0.6843 0.0140 0.7290
vn -0.0000 0.0200 0.9998
vn -0.0000 -0.0386 0.9993
vn -0.0000 0.0099 1.0000
vn -0.0000 0.1956 -0.9807
vn -0.6909 -0.1418 0.7089
vn -0.6909 -0.1417 0.7090
vn -0.0000 -0.1957 0.9807
vn -0.0000 -0.1956 0.9807
vn -0.0000 -0.1960 0.9806
vn -0.0000 -0.0450 0.9990
vn -0.0000 0.3835 -0.9235
vn -0.6909 -0.2751 0.6685
vn -0.0000 -0.3837 0.9235
vn -0.0000 0.5566 -0.8308
vn -1.0000 -0.0000 -0.0001
vn -0.0000 -0.5566 0.8308
vn -0.0000 -0.5565 0.8308
vn -0.0000 -0.5563 0.8310
vn -0.6898 -0.6003 0.4046
vn -0.0000 -0.8310 0.5563
vn -0.0000 0.9235 -0.3835
vn -0.0000 -0.9807 0.1955
vn -0.6915 -0.7224 0.0002
vn -0.0000 -0.9807 -0.1955
vn -0.0000 0.5565 0.8309
vn -0.6898 -0.6003 -0.4046
vn -0.0000 -0.8308 -0.5566
vn -0.0000 0.5565 0.8308
vn -0.0000 0.5565 -0.8308
vn -0.0000 -0.5565 0.8309
vn -0.0000 -0.3836 0.9235
vn -0.0000 -0.1955 0.9807
vn -0.6909 -0.1418 0.7090
vn -0.9560 -0.2934 -0.0000
vn -0.9761 -0.2171 -0.0001
vn -0.9947 -0.1030 -0.0001
vn -0.9947 -0.1031 0.0001
vn -0.9761 -0.2172 -0.0000
vn -0.9560 -0.2935 -0.0000
vn -0.6894 -0.4011 -0.6032
vn -0.0000 -0.5563 -0.8310
vn 1.0000 -0.0000 -0.0001
vn -0.0000 -0.0666 0.9978
vn -0.0000 -0.0667 0.9978
vn -0.0000 -0.0345 0.9994
vn -0.0000 -0.1955 -0.9807
vn 1.0000 -0.0000 0.0001
vn -0.0000 -0.0667 -0.9978
vn -0.0000 -0.0345 -0.9994
vn 0.6898 -0.0253 -0.7236
vn 0.6872 0.0140 -0.7263
vn 0.6911 -0.0282 -0.7222
vn 0.6843 0.0140 -0.7290
vn 0.6898 -0.0254 -0.7236
vn 0.6909 -0.1418 -0.7089
vn 0.6909 -0.1419 -0.7089
vn 0.6909 -0.2751 -0.6685
vn -0.0000 -0.3838 -0.9234
vn 0.6894 -0.4010 -0.6032
vn -0.0000 -0.5565 -0.8309
vn 0.6909 -0.6685 -0.2751
vn 0.6909 -0.7090 -0.1417
vn 0.6909 -0.7089 -0.1418
vn 0.6917 -0.7222 -0.0001
vn 0.6908 -0.7090 0.1418
vn 0.6910 -0.6685 0.2751
vn -0.0000 -0.8307 0.5567
vn -0.0000 0.5564 -0.8309
vn 0.6843 0.0140 0.7290
vn 0.6872 0.0140 0.7263
vn 0.6911 -0.0282 0.7222
vn 0.6898 -0.0253 0.7236
vn 0.6909 -0.1418 0.7090
vn 0.6908 -0.1418 0.7090
vn 0.6909 -0.2751 0.6685
vn 0.6894 -0.4011 0.6032
vn 0.6894 -0.4010 0.6032
vn 0.6915 -0.7224 0.0002
vn 0.6909 -0.7089 -0.1417
vn -0.0000 0.5564 0.8309
vn 0.6894 -0.4011 -0.6032
vn 0.9560 -0.2934 -0.0000
vn 0.9761 -0.2171 0.0001
vn 0.9947 -0.1030 0.0001
vn 0.9947 -0.1031 -0.0001
vn 0.9761 -0.2172 -0.0001
vn 0.6909 -0.1418 0.7089
vn 0.9560 -0.2935 -0.0000
vn 0.0003 -1.0000 -0.0000
vn -0.0003 -1.0000 -0.0000
vn -0.0000 -0.1957 -0.9807
vn -0.5716 -0.0335 0.8198
vn -0.4793 -0.0271 0.8772
vn -0.5172 -0.2442 0.8203
vn -0.4328 -0.2043 0.8780
vn -0.3289 -0.3502 0.8770
vn -0.3922 -0.4177 0.8196
vn -0.1761 -0.4460 0.8775
vn -0.2110 -0.5322 0.8199
vn -0.0000 -0.4777 0.8785
vn -0.0000 -0.5722 0.8201
vn 0.2110 -0.5323 0.8199
vn 0.1761 -0.4460 0.8775
vn 0.3922 -0.4177 0.8196
vn 0.3289 -0.3502 0.8770
vn 0.5170 -0.2445 0.8203
vn 0.4329 -0.2043 0.8780
vn 0.5716 -0.0335 0.8198
vn 0.4792 -0.0271 0.8773
vn 0.5563 0.1987 0.8069
vn 0.5907 -0.0336 0.8062
vn 0.5364 -0.2530 0.8051
vn 0.4054 -0.4344 0.8043
vn 0.2188 -0.5519 0.8047
vn -0.0000 -0.5939 0.8046
vn -0.2190 -0.5519 0.8046
vn -0.4054 -0.4343 0.8044
vn -0.5364 -0.2531 0.8051
vn -0.5907 -0.0336 0.8062
vn -0.5563 0.1987 0.8069
vn -0.4528 0.1636 0.8765
vn -0.5367 0.1911 0.8218
vn -0.8910 0.3210 0.3210
vn -0.9468 -0.0542 0.3173
vn -0.8571 -0.4047 0.3187
vn -0.6489 -0.6912 0.3181
vn -0.3486 -0.8815 0.3185
vn -0.0000 -0.9474 0.3199
vn 0.0001 -0.9474 0.3199
vn 0.3486 -0.8815 0.3185
vn 0.6488 -0.6912 0.3182
vn 0.8570 -0.4051 0.3186
vn 0.9468 -0.0542 0.3173
vn 0.8910 0.3210 0.3210
vn 0.6912 0.6490 0.3180
vn 0.5368 0.1911 0.8218
vn 0.4528 0.1636 0.8765
vn 0.4343 0.4054 0.8044
vn -0.3961 -0.9182 -0.0000
vn -0.7302 -0.6832 -0.0000
vn -0.7302 -0.6833 -0.0000
vn -0.9413 -0.3377 -0.0000
vn -0.9984 0.0559 -0.0000
vn -0.9984 0.0562 -0.0000
vn -0.9042 0.4271 -0.0000
vn -0.6832 0.7302 -0.0000
vn -0.3683 0.9297 -0.0000
vn 0.3683 0.9297 -0.0000
vn 0.3684 0.9297 -0.0000
vn 0.6832 0.7302 -0.0000
vn 0.6833 0.7301 -0.0000
vn 0.9042 0.4271 -0.0000
vn 0.9984 0.0558 -0.0000
vn 0.9984 0.0562 -0.0000
vn 0.9413 -0.3377 -0.0000
vn 0.9411 -0.3381 -0.0000
vn 0.7302 -0.6833 -0.0000
vn 0.7301 -0.6833 -0.0000
vn -0.4344 0.4054 0.8043
vn -0.3502 0.3290 0.8770
vn -0.4135 0.3880 0.8237
vn -0.6912 0.6490 0.3181
vn -0.3961 0.9182 -0.0000
vn -0.7302 0.6832 -0.0000
vn -0.9412 0.3378 -0.0000
vn -0.9985 -0.0557 -0.0000
vn -0.9043 -0.4268 -0.0000
vn -0.6832 -0.7302 -0.0000
vn -0.3684 -0.9297 -0.0000
vn 0.3683 -0.9297 -0.0000
vn 0.6833 -0.7302 -0.0000
vn 0.9984 -0.0562 -0.0000
vn 0.9413 0.3376 -0.0000
vn 0.7302 0.6832 -0.0000
vn 0.3961 0.9182 -0.0000
vn 0.3767 0.8698 0.3186
vn 0.4135 0.3880 0.8237
vn 0.3502 0.3289 0.8770
vn 0.2357 0.5427 0.8062
vn 0.3961 -0.9182 -0.0000
vn -0.2357 0.5427 0.8062
vn -0.1921 0.4401 0.8772
vn -0.2275 0.5229 0.8215
vn -0.3767 0.8698 0.3186
vn -0.0000 0.9474 0.3200
vn -0.0000 0.9474 0.3199
vn 0.2276 0.5229 0.8214
vn 0.1921 0.4400 0.8772
vn -0.0000 0.5939 0.8046
vn -0.0000 0.4809 0.8768
vn -0.0000 0.5691 0.8223
vn -0.5716 -0.0334 0.8198
vn -0.4791 -0.0270 0.8773
vn -0.5170 -0.2446 0.8203
vn -0.1761 -0.4461 0.8775
vn -0.2109 -0.5322 0.8199
vn 0.5170 -0.2444 0.8203
vn 0.4791 -0.0270 0.8774
vn 0.4054 -0.4343 0.8044
vn -0.2189 -0.5519 0.8047
vn -0.5368 0.1911 0.8218
vn 0.6489 -0.6912 0.3181
vn 0.8569 -0.4052 0.3186
vn 0.5367 0.1911 0.8218
vn 0.3682 0.9298 -0.0000
vn 0.9042 0.4270 -0.0000
vn 0.7302 -0.6832 -0.0000
vn -0.4344 0.4054 0.8044
vn -0.3502 0.3289 0.8770
vn -0.4135 0.3881 0.8237
vn -0.6912 0.6490 0.3180
vn -0.7301 0.6833 -0.0000
vn -0.9985 -0.0555 -0.0000
vn -0.3682 -0.9297 -0.0000
vn 0.3682 -0.9297 -0.0000
vn 0.9041 -0.4274 -0.0000
vn 0.3502 0.3290 0.8770
vn -0.1920 0.4401 0.8772
vn -0.2276 0.5230 0.8214
vn -0.3767 0.8698 0.3185
vn 0.2276 0.5230 0.8214
vn 0.1919 0.4401 0.8772
vn -0.4792 -0.0271 0.8773
vn -0.5170 -0.2444 0.8203
vn -0.3921 -0.4177 0.8196
vn -0.2110 -0.5323 0.8199
vn 0.2110 -0.5322 0.8199
vn 0.1761 -0.4462 0.8775
vn 0.5172 -0.2440 0.8203
vn -0.0000 -0.5938 0.8046
vn -0.5908 -0.0336 0.8062
vn 0.3484 -0.8815 0.3187
vn -0.3684 0.9297 -0.0000
vn 0.0001 1.0000 -0.0001
vn 0.3682 0.9297 -0.0000
vn -0.4343 0.4054 0.8044
vn 0.0001 -1.0000 -0.0000
vn 0.6832 -0.7302 -0.0000
vn 0.3960 -0.9182 -0.0000
vn -0.2357 0.5426 0.8062
vn -0.4790 -0.0270 0.8774
vn 0.3921 -0.4177 0.8196
vn 0.4790 -0.0270 0.8774
vn 0.5364 -0.2531 0.8051
vn 0.2189 -0.5519 0.8047
vn -0.8569 -0.4051 0.3186
vn 0.6490 -0.6911 0.3180
vn 0.9468 -0.0542 0.3174
vn 0.4344 0.4054 0.8043
vn -0.6833 0.7302 -0.0000
vn -0.2276 0.5229 0.8214
vn 0.8220 -0.0334 -0.5685
vn 0.8203 -0.2444 -0.5170
vn 0.8773 -0.0271 -0.4792
vn 0.8780 -0.2043 -0.4328
vn 0.8786 -0.3496 -0.3253
vn 0.8195 -0.4177 -0.3922
vn 0.8775 -0.4460 -0.1761
vn 0.8199 -0.5322 -0.2109
vn 0.8785 -0.4777 -0.0000
vn 0.8201 -0.5722 -0.0000
vn 0.8199 -0.5322 0.2110
vn 0.8775 -0.4461 0.1761
vn 0.8196 -0.4177 0.3922
vn 0.8786 -0.3496 0.3253
vn 0.8203 -0.2445 0.5170
vn 0.8779 -0.2046 0.4330
vn 0.8220 -0.0334 0.5685
vn 0.3210 0.3210 0.8910
vn 0.3204 -0.0542 0.9457
vn 0.3186 -0.4052 0.8569
vn 0.3181 -0.6912 0.6489
vn 0.3185 -0.8815 0.3486
vn 0.3200 -0.9474 -0.0000
vn 0.3200 -0.9474 -0.0001
vn 0.3185 -0.8815 -0.3486
vn 0.3181 -0.6912 -0.6489
vn 0.3186 -0.4051 -0.8569
vn 0.3204 -0.0542 -0.9457
vn 0.3210 0.3210 -0.8910
vn 0.8218 0.1911 -0.5367
vn 0.8783 0.1634 -0.4494
vn 0.8045 0.1989 -0.5597
vn 0.8062 -0.0336 -0.5907
vn 0.8051 -0.2531 -0.5364
vn 0.8044 -0.4343 -0.4054
vn 0.8047 -0.5519 -0.2188
vn 0.8046 -0.5939 -0.0000
vn 0.8047 -0.5519 0.2188
vn 0.8044 -0.4343 0.4054
vn 0.8051 -0.2530 0.5364
vn 0.8039 -0.0336 0.5938
vn 0.8045 0.1988 0.5597
vn 0.8774 -0.0270 0.4791
vn 0.8218 0.1911 0.5367
vn 0.3216 0.6497 0.6888
vn -0.0000 0.9182 0.3960
vn -0.0000 0.6833 0.7302
vn -0.0000 0.3379 0.9412
vn -0.0000 -0.0562 0.9984
vn -0.0000 -0.4273 0.9041
vn -0.0000 -0.7302 0.6833
vn -0.0000 -0.9297 0.3684
vn -0.0000 -0.9297 -0.3683
vn -0.0000 -0.7302 -0.6833
vn -0.0000 -0.4273 -0.9041
vn -0.0000 -0.0559 -0.9984
vn -0.0000 0.3378 -0.9412
vn -0.0000 0.6833 -0.7302
vn -0.0000 0.9182 -0.3961
vn 0.3217 0.6497 -0.6887
vn 0.8216 0.3885 -0.4171
vn 0.8771 0.3287 -0.3502
vn 0.8044 0.4054 -0.4343
vn -0.0000 -0.6832 0.7302
vn -0.0000 -0.3380 0.9411
vn -0.0000 -0.3377 0.9413
vn -0.0000 0.0562 0.9984
vn -0.0000 0.4270 0.9042
vn -0.0000 0.4271 0.9042
vn -0.0000 0.7301 0.6833
vn -0.0000 0.9297 0.3684
vn -0.0000 1.0000 0.0001
vn -0.0000 0.9297 -0.3683
vn -0.0000 0.7301 -0.6833
vn -0.0000 0.7302 -0.6833
vn -0.0000 0.4272 -0.9041
vn -0.0000 0.4271 -0.9042
vn -0.0000 0.0559 -0.9984
vn -0.0000 0.0562 -0.9984
vn -0.0000 -0.3377 -0.9413
vn -0.0000 -0.6832 -0.7302
vn -0.0000 -0.9182 -0.3961
vn -0.0000 -0.6833 -0.7301
vn 0.8044 0.4054 0.4343
vn 0.8783 0.1634 0.4494
vn 0.8216 0.3885 0.4172
vn 0.3217 0.8700 0.3738
vn 0.3199 0.9474 -0.0000
vn 0.3216 0.8700 -0.3738
vn 0.8214 0.5230 -0.2276
vn 0.8772 0.4401 -0.1920
vn 0.8062 0.5427 -0.2357
vn -0.0000 -0.9182 0.3961
vn -0.0000 -1.0000 -0.0001
vn 0.8062 0.5427 0.2357
vn 0.8771 0.3288 0.3502
vn 0.8214 0.5229 0.2276
vn 0.8223 0.5691 -0.0000
vn 0.8768 0.4809 -0.0000
vn 0.8046 0.5939 -0.0000
vn 0.8772 0.4401 0.1920
vn -0.5716 -0.0334 -0.8198
vn -0.5170 -0.2444 -0.8203
vn -0.4792 -0.0271 -0.8773
vn -0.4328 -0.2043 -0.8780
vn -0.3289 -0.3502 -0.8770
vn -0.3922 -0.4177 -0.8196
vn -0.1761 -0.4461 -0.8775
vn -0.2110 -0.5323 -0.8199
vn -0.0000 -0.4777 -0.8785
vn -0.0000 -0.5722 -0.8201
vn 0.2109 -0.5322 -0.8199
vn 0.1761 -0.4461 -0.8775
vn 0.3921 -0.4177 -0.8196
vn 0.3289 -0.3502 -0.8770
vn 0.5170 -0.2445 -0.8203
vn 0.4330 -0.2046 -0.8779
vn 0.5716 -0.0335 -0.8198
vn 0.8911 0.3210 -0.3209
vn 0.9468 -0.0542 -0.3174
vn 0.8570 -0.4051 -0.3187
vn 0.6489 -0.6912 -0.3181
vn 0.3486 -0.8815 -0.3185
vn -0.0000 -0.9474 -0.3199
vn -0.0000 -0.9474 -0.3200
vn -0.3486 -0.8815 -0.3185
vn -0.6488 -0.6912 -0.3182
vn -0.8570 -0.4050 -0.3187
vn -0.9468 -0.0541 -0.3173
vn -0.8910 0.3210 -0.3210
vn -0.5368 0.1911 -0.8218
vn -0.4528 0.1636 -0.8765
vn -0.5563 0.1987 -0.8069
vn -0.5907 -0.0336 -0.8062
vn -0.5364 -0.2531 -0.8051
vn -0.4054 -0.4343 -0.8044
vn -0.2189 -0.5519 -0.8047
vn -0.0000 -0.5939 -0.8046
vn 0.2190 -0.5519 -0.8047
vn 0.4054 -0.4343 -0.8044
vn 0.5364 -0.2530 -0.8051
vn 0.5907 -0.0336 -0.8062
vn 0.5563 0.1987 -0.8069
vn 0.4791 -0.0270 -0.8773
vn 0.5367 0.1911 -0.8218
vn 0.6912 0.6490 -0.3180
vn 0.9412 0.3379 -0.0000
vn -0.9042 -0.4272 -0.0000
vn -0.6912 0.6490 -0.3180
vn -0.4135 0.3880 -0.8237
vn -0.3502 0.3290 -0.8770
vn -0.4344 0.4054 -0.8044
vn 0.9411 -0.3380 -0.0000
vn -0.9411 -0.3380 -0.0000
vn 0.4343 0.4054 -0.8044
vn 0.4528 0.1636 -0.8765
vn 0.4135 0.3880 -0.8237
vn 0.3767 0.8698 -0.3186
vn -0.0000 0.9474 -0.3200
vn -0.0000 0.9474 -0.3199
vn -0.3767 0.8698 -0.3186
vn -0.2276 0.5229 -0.8214
vn -0.1920 0.4401 -0.8772
vn -0.2357 0.5427 -0.8062
vn 0.2357 0.5427 -0.8062
vn 0.3502 0.3289 -0.8770
vn 0.2276 0.5229 -0.8214
vn -0.0000 0.5691 -0.8223
vn -0.0000 0.4809 -0.8768
vn -0.0000 0.5939 -0.8046
vn 0.1920 0.4401 -0.8772
vn -0.5716 -0.0335 -0.8198
vn -0.4330 -0.2046 -0.8779
vn -0.2110 -0.5322 -0.8199
vn 0.5170 -0.2444 -0.8203
vn 0.4329 -0.2043 -0.8780
vn 0.8910 0.3210 -0.3210
vn 0.9468 -0.0542 -0.3173
vn 0.8570 -0.4051 -0.3186
vn -0.6489 -0.6912 -0.3181
vn -0.9468 -0.0542 -0.3173
vn -0.8911 0.3210 -0.3209
vn -0.5367 0.1911 -0.8218
vn -0.2190 -0.5519 -0.8046
vn 0.5364 -0.2531 -0.8051
vn 0.9042 -0.4271 -0.0000
vn -0.9984 -0.0557 -0.0000
vn -0.3502 0.3289 -0.8770
vn -0.4344 0.4054 -0.8043
vn -0.7301 -0.6833 -0.0000
vn 0.4342 0.4054 -0.8044
vn -0.3767 0.8698 -0.3185
vn -0.2276 0.5230 -0.8214
vn 0.2276 0.5230 -0.8214
vn -0.5170 -0.2446 -0.8203
vn -0.4792 -0.0270 -0.8773
vn 0.2110 -0.5322 -0.8199
vn 0.3922 -0.4177 -0.8196
vn 0.4330 -0.2047 -0.8778
vn 0.8911 0.3210 -0.3210
vn 0.8570 -0.4050 -0.3186
vn 0.6488 -0.6912 -0.3181
vn 0.3484 -0.8815 -0.3187
vn -0.8571 -0.4047 -0.3187
vn -0.4528 0.1636 -0.8764
vn 0.2189 -0.5519 -0.8047
vn 0.1761 -0.4460 -0.8775
vn -0.8569 -0.4051 -0.3186
vn -0.2188 -0.5519 -0.8047
vn -0.0000 -0.5938 -0.8046
vn 0.4790 -0.0270 -0.8774
vn 0.5368 0.1911 -0.8218
vn -0.4343 0.4054 -0.8044
vn -0.9041 0.4272 -0.0000
vn 0.7738 -0.0000 0.6334
vn -0.7738 -0.0000 0.6334
vn 0.7739 -0.0000 0.6333
vn 0.6334 -0.7738 -0.0000
vn 0.6334 -0.0000 -0.7738
vn 0.6334 -0.0000 0.7738
vn -0.7738 -0.0000 -0.6334
vn 0.7738 -0.0000 -0.6334
vn 0.7739 -0.0000 -0.6333
vn 0.7058 0.7085 -0.0000
vn -0.7058 0.7084 -0.0000
vn -0.9951 -0.0985 -0.0000
vn -0.9807 -0.1956 -0.0000
vn -0.9951 -0.0984 -0.0000
vn -0.9807 -0.1957 -0.0000
vn -0.9806 -0.1958 -0.0000
vn 0.9951 -0.0984 -0.0000
vn 0.9806 -0.1959 -0.0000
vn 0.9807 -0.1957 -0.0000
vn 0.9951 -0.0985 -0.0000
vn 0.9390 -0.0934 -0.3309
vn 0.9806 -0.1958 -0.0000
vn 0.9250 -0.1834 -0.3327
vn 0.4071 -0.0792 -0.9099
vn 0.4135 -0.0400 -0.9096
vn 0.0059 0.0059 -1.0000
vn 0.3821 -0.1528 -0.9114
vn 0.0020 0.0059 -1.0000
vn -0.9569 0.2905 -0.0000
vn -0.9235 0.3837 -0.0000
vn 0.9235 -0.3836 -0.0000
vn 0.8705 -0.3586 -0.3372
vn 0.7821 -0.5214 -0.3411
vn 0.3390 -0.2288 -0.9125
vn -0.8308 0.5565 -0.0000
vn 0.8308 -0.5565 -0.0000
vn 0.8309 -0.5565 -0.0000
vn 0.7071 -0.7071 -0.0028
vn 0.6659 -0.6659 -0.3362
vn 0.2887 -0.2887 -0.9128
vn 0.5565 -0.8309 -0.0000
vn 0.5214 -0.7821 -0.3412
vn 0.2289 -0.3389 -0.9125
vn -0.5566 0.8308 -0.0000
vn -0.5565 0.8308 -0.0000
vn 0.5564 -0.8309 -0.0000
vn 0.3836 -0.9235 -0.0000
vn 0.3837 -0.9235 -0.0000
vn 0.3592 -0.8688 -0.3408
vn 0.1558 -0.3795 -0.9120
vn -0.3839 0.9234 -0.0000
vn 0.0001 -0.9309 -0.3653
vn -0.0000 -0.3531 -0.9356
vn 0.3840 0.9233 -0.0000
vn -0.3836 -0.9235 -0.0000
vn -0.0001 -1.0000 -0.0000
vn -0.3837 -0.9235 -0.0000
vn -0.3592 -0.8688 -0.3407
vn -0.0000 -0.9309 -0.3653
vn -0.1558 -0.3795 -0.9120
vn 0.5565 0.8308 -0.0000
vn -0.8308 -0.5566 -0.0000
vn -0.5565 -0.8308 -0.0000
vn -0.5214 -0.7821 -0.3412
vn -0.2289 -0.3390 -0.9125
vn 0.7084 0.7058 -0.0000
vn -0.9235 -0.3836 -0.0000
vn 0.0020 -0.0000 -1.0000
vn -0.6659 -0.6659 -0.3363
vn -0.2887 -0.2887 -0.9128
vn 0.8091 0.5876 -0.0000
vn 0.9807 -0.1958 -0.0000
vn -0.0000 0.0079 -1.0000
vn -0.0000 0.0800 -0.9968
vn -0.9127 -0.4086 -0.0000
vn -0.0001 -0.8949 -0.4462
vn -0.8529 -0.3829 -0.3548
vn -0.8311 -0.5561 -0.0000
vn -0.7796 -0.5251 -0.3414
vn -0.3396 -0.2322 -0.9115
vn 0.8431 0.5377 -0.0000
vn -0.0020 -0.0000 -1.0000
vn -0.0001 0.0079 -1.0000
vn -0.0001 0.0801 -0.9968
vn 0.0001 -0.8949 -0.4462
vn 0.9128 -0.4084 -0.0000
vn 0.8529 -0.3829 -0.3549
vn -0.0000 -0.3929 -0.9196
vn -0.0000 -0.1593 -0.9872
vn -0.8431 0.5377 -0.0000
vn -0.8091 0.5877 -0.0000
vn 0.8308 -0.5566 -0.0000
vn 0.7796 -0.5251 -0.3414
vn 0.3396 -0.2322 -0.9114
vn 0.0001 -0.1593 -0.9872
vn 0.7071 -0.7071 0.0028
vn 0.6659 -0.6659 -0.3363
vn 0.2289 -0.3389 -0.9126
vn 0.5568 -0.8306 -0.0000
vn 0.5565 -0.8308 -0.0000
vn 0.3592 -0.8688 -0.3407
vn -0.3840 0.9233 -0.0000
vn -0.0000 -0.9309 -0.3652
vn -0.3592 -0.8688 -0.3408
vn -0.0001 -0.9309 -0.3653
vn -0.1559 -0.3796 -0.9119
vn 0.3839 0.9234 -0.0000
vn -0.5564 -0.8309 -0.0000
vn -0.5565 -0.8309 -0.0000
vn -0.2288 -0.3390 -0.9125
vn 0.5566 0.8308 -0.0000
vn -0.8308 -0.5565 -0.0000
vn -0.7071 -0.7071 -0.0027
vn -0.9235 -0.3837 -0.0000
vn -0.8309 -0.5565 -0.0000
vn -0.8688 -0.3592 -0.3408
vn -0.7821 -0.5214 -0.3411
vn -0.3390 -0.2289 -0.9125
vn 0.8309 0.5565 -0.0000
vn 0.8310 0.5563 -0.0000
vn -0.9224 -0.1839 -0.3395
vn -0.4146 -0.1030 -0.9042
vn -0.3855 -0.1530 -0.9099
vn -0.0059 0.0120 -0.9999
vn 0.9247 0.3807 -0.0000
vn 0.9235 0.3836 -0.0000
vn -0.9368 -0.0937 -0.3372
vn -0.4102 -0.0400 -0.9111
vn -0.0000 -0.0961 -0.9954
vn 0.9569 0.2904 -0.0000
vn 0.9807 -0.1956 -0.0000
vn 0.9368 -0.0937 -0.3372
vn 0.9224 -0.1839 -0.3395
vn 0.4146 -0.1030 -0.9042
vn 0.4103 -0.0400 -0.9111
vn 0.3855 -0.1530 -0.9099
vn 0.0059 0.0120 -0.9999
vn -0.9247 0.3807 -0.0000
vn -0.9235 0.3836 -0.0000
vn 0.9234 -0.3837 -0.0000
vn 0.9235 -0.3837 -0.0000
vn 0.8688 -0.3592 -0.3408
vn 0.8309 -0.5564 -0.0000
vn 0.7071 -0.7071 0.0027
vn 0.2289 -0.3390 -0.9125
vn 0.3837 -0.9234 -0.0000
vn 0.1559 -0.3795 -0.9119
vn 0.0001 -0.9309 -0.3652
vn 0.5565 0.8309 -0.0000
vn -0.9236 -0.3834 -0.0000
vn -0.7071 -0.7071 -0.0028
vn -0.2887 -0.2887 -0.9129
vn 0.8091 0.5877 -0.0000
vn 0.0020 -0.0039 -1.0000
vn 0.0240 -0.8947 -0.4460
vn 0.0281 -0.9996 -0.0000
vn 0.8431 0.5378 -0.0000
vn 0.9236 -0.3834 -0.0000
vn 0.9234 -0.3839 -0.0000
vn 0.0282 -0.9996 -0.0000
vn 0.8751 -0.3629 -0.3202
vn 0.0241 -0.8947 -0.4460
vn 0.0314 -0.3884 -0.9210
vn 0.0315 -0.3883 -0.9210
vn 0.0131 -0.1140 -0.9934
vn -0.8819 0.4714 -0.0000
vn 0.7843 -0.5206 -0.3374
vn 0.3411 -0.2226 -0.9133
vn 0.0132 -0.1140 -0.9934
vn -0.7061 0.7081 -0.0000
vn 0.7087 -0.7055 -0.0000
vn -0.3837 -0.9234 -0.0000
vn -0.5566 -0.8308 -0.0000
vn -0.5214 -0.7821 -0.3411
vn -0.6659 -0.6659 -0.3362
vn -0.9234 -0.3839 -0.0000
vn -0.8688 -0.3592 -0.3407
vn -0.7821 -0.5215 -0.3411
vn -0.3390 -0.2288 -0.9126
vn 0.8308 0.5565 -0.0000
vn 0.8308 0.5566 -0.0000
vn -0.4155 -0.1060 -0.9034
vn -0.3855 -0.1531 -0.9099
vn -0.0060 0.0120 -0.9999
vn -0.4103 -0.0400 -0.9111
vn -0.0000 -0.1055 -0.9944
vn -0.0000 -0.0733 -0.9973
vn 0.9569 0.2905 -0.0000
vn 0.9367 -0.0937 -0.3372
vn 0.4154 -0.1060 -0.9034
vn 0.4102 -0.0400 -0.9111
vn 0.0059 0.0119 -0.9999
vn -0.9569 0.2904 -0.0000
vn 0.7821 -0.5214 -0.3412
vn 0.3389 -0.2289 -0.9125
vn -0.8309 0.5565 -0.0000
vn 0.8311 -0.5561 -0.0000
vn 0.6659 -0.6660 -0.3362
vn 0.1558 -0.3796 -0.9119
vn -0.3838 -0.9234 -0.0000
vn -0.2888 -0.2888 -0.9128
vn 0.8309 0.5564 -0.0000
vn -0.0000 0.0059 -1.0000
vn -0.0000 0.0666 -0.9978
vn -0.0000 -0.8965 -0.4430
vn -0.8767 -0.3622 -0.3166
vn -0.8309 -0.5564 -0.0000
vn -0.7842 -0.5207 -0.3374
vn -0.3411 -0.2227 -0.9133
vn 0.8819 0.4714 -0.0000
vn -0.0000 0.0667 -0.9978
vn -0.0000 -0.8965 -0.4431
vn 0.8767 -0.3622 -0.3166
vn -0.0001 -0.4148 -0.9099
vn 0.0001 -0.4148 -0.9099
vn -0.0000 -0.1695 -0.9855
vn -0.8308 0.5566 -0.0000
vn 0.7842 -0.5207 -0.3374
vn 0.3413 -0.2222 -0.9133
vn 0.2888 -0.2888 -0.9128
vn -0.2289 -0.3389 -0.9126
vn -0.6659 -0.6660 -0.3362
vn -0.9807 -0.1958 -0.0000
vn -0.9367 -0.0937 -0.3372
vn -0.4154 -0.1060 -0.9034
vn -0.4103 -0.0399 -0.9111
vn -0.0060 0.0119 -0.9999
vn 0.9248 0.3805 -0.0000
vn 0.4155 -0.1060 -0.9034
vn 0.3855 -0.1527 -0.9100
vn 0.7821 -0.5215 -0.3411
vn 0.3390 -0.2288 -0.9126
vn 0.0020 0.0039 -1.0000
vn -0.0241 -0.8947 -0.4461
vn -0.0282 -0.9996 -0.0000
vn -0.8751 -0.3629 -0.3202
vn -0.7843 -0.5206 -0.3374
vn -0.3411 -0.2226 -0.9133
vn 0.9127 -0.4086 -0.0000
vn -0.0281 -0.9996 -0.0000
vn 0.8529 -0.3829 -0.3548
vn -0.0240 -0.8947 -0.4461
vn -0.0315 -0.3883 -0.9210
vn -0.0314 -0.3883 -0.9210
vn -0.0132 -0.1140 -0.9934
vn -0.0131 -0.1140 -0.9934
vn -0.8431 0.5378 -0.0000
vn 0.1558 -0.3796 -0.9120
vn -0.2289 -0.3389 -0.9125
vn -0.7821 -0.5214 -0.3412
vn -0.3854 -0.1531 -0.9099
vn -0.4146 -0.1029 -0.9042
vn 0.0195 -0.0956 -0.9952
vn -0.0662 -0.0662 -0.9956
vn -0.8689 -0.3592 -0.3407
vn -0.9234 -0.3838 -0.0000
vn 0.9234 0.3837 -0.0000
vn -0.5568 -0.8306 -0.0000
vn 0.2288 -0.3390 -0.9125
vn -0.0019 0.0001 -1.0000
vn 0.3397 -0.2322 -0.9114
vn 0.8547 -0.3823 -0.3512
vn 0.9127 -0.4085 -0.0000
vn 0.0001 -0.8965 -0.4431
vn -0.0001 0.0344 -0.9994
vn -0.0000 0.0039 -1.0000
vn -0.0000 -0.2199 -0.9755
vn -0.0001 -0.4116 -0.9114
vn 0.0001 -0.4117 -0.9113
vn -0.8547 -0.3823 -0.3512
vn -0.9127 -0.4087 -0.0000
vn -0.0000 0.0344 -0.9994
vn 0.8092 0.5876 -0.0000
vn 0.8089 0.5880 -0.0000
vn -0.0001 -0.2199 -0.9755
vn -0.1558 -0.3796 -0.9120
vn 0.1559 -0.3796 -0.9119
vn 0.3856 -0.1529 -0.9099
vn 0.9235 0.3837 -0.0000
vn -0.9367 -0.0937 -0.3373
vn 0.0059 0.0059 1.0000
vn 0.4072 -0.0792 0.9099
vn 0.4135 -0.0400 0.9096
vn 0.9391 -0.0934 0.3308
vn 0.9250 -0.1834 0.3327
vn 0.0020 0.0059 1.0000
vn 0.3821 -0.1528 0.9114
vn 0.8705 -0.3586 0.3372
vn 0.3389 -0.2289 0.9125
vn 0.7821 -0.5215 0.3412
vn 0.2888 -0.2887 0.9128
vn 0.6659 -0.6659 0.3363
vn 0.2289 -0.3389 0.9125
vn 0.5214 -0.7821 0.3412
vn 0.1558 -0.3795 0.9120
vn 0.3592 -0.8688 0.3408
vn -0.0000 -0.3531 0.9356
vn -0.0000 -0.9309 0.3653
vn -0.1557 -0.3793 0.9121
vn -0.0001 -0.9309 0.3653
vn -0.3592 -0.8688 0.3408
vn -0.2288 -0.3390 0.9126
vn -0.5214 -0.7821 0.3411
vn -0.6659 -0.6659 0.3362
vn 0.0020 -0.0000 1.0000
vn -0.2887 -0.2887 0.9128
vn -0.3396 -0.2322 0.9115
vn -0.7795 -0.5251 0.3415
vn -0.8529 -0.3829 0.3548
vn -0.0001 -0.8949 0.4462
vn -0.0000 0.0801 0.9968
vn -0.0000 0.0079 1.0000
vn -0.0000 -0.1593 0.9872
vn -0.0000 -0.3930 0.9196
vn -0.0000 -0.3930 0.9195
vn 0.0001 -0.8949 0.4462
vn 0.8529 -0.3829 0.3549
vn 0.9128 -0.4085 -0.0000
vn -0.0001 0.0801 0.9968
vn -0.0001 0.0079 1.0000
vn -0.0020 -0.0000 1.0000
vn 0.3396 -0.2322 0.9115
vn 0.0001 -0.1593 0.9872
vn 0.7796 -0.5250 0.3415
vn 0.2887 -0.2887 0.9128
vn 0.6659 -0.6659 0.3362
vn 0.7071 -0.7071 -0.0027
vn -0.5565 0.8309 -0.0000
vn 0.1557 -0.3794 0.9120
vn 0.0001 -0.9309 0.3653
vn -0.1558 -0.3795 0.9120
vn -0.0000 -0.9309 0.3652
vn -0.2288 -0.3389 0.9126
vn -0.5215 -0.7821 0.3411
vn -0.2890 -0.2889 0.9127
vn -0.6659 -0.6659 0.3363
vn -0.3389 -0.2288 0.9126
vn -0.7821 -0.5215 0.3412
vn -0.8689 -0.3592 0.3406
vn -0.9224 -0.1840 0.3395
vn 0.9246 0.3808 -0.0000
vn -0.0059 0.0120 0.9999
vn -0.3855 -0.1531 0.9099
vn -0.4147 -0.1029 0.9041
vn -0.0000 -0.0961 0.9954
vn -0.4103 -0.0400 0.9111
vn -0.9367 -0.0936 0.3372
vn 0.4145 -0.1029 0.9042
vn 0.4102 -0.0400 0.9111
vn 0.9367 -0.0936 0.3373
vn 0.9224 -0.1840 0.3395
vn 0.0060 0.0119 0.9999
vn 0.3855 -0.1531 0.9099
vn 0.8688 -0.3592 0.3408
vn 0.9234 -0.3838 -0.0000
vn 0.3389 -0.2288 0.9126
vn 0.2889 -0.2890 0.9127
vn 0.2288 -0.3390 0.9125
vn -0.1557 -0.3794 0.9120
vn -0.2289 -0.3389 0.9125
vn -0.5214 -0.7821 0.3412
vn -0.3393 -0.2322 0.9116
vn -0.8529 -0.3829 0.3549
vn 0.0240 -0.8947 0.4461
vn 0.0020 -0.0039 1.0000
vn 0.0131 -0.1140 0.9934
vn 0.0315 -0.3883 0.9210
vn 0.0241 -0.8947 0.4461
vn 0.8751 -0.3629 0.3202
vn 0.3410 -0.2225 0.9133
vn 0.0132 -0.1140 0.9934
vn 0.7842 -0.5207 0.3375
vn -0.0000 1.0000 -0.0001
vn -0.1558 -0.3794 0.9120
vn -0.2288 -0.3390 0.9125
vn -0.3389 -0.2289 0.9125
vn -0.7821 -0.5214 0.3412
vn -0.8688 -0.3592 0.3408
vn -0.9224 -0.1839 0.3395
vn -0.4155 -0.1060 0.9034
vn -0.9367 -0.0937 0.3372
vn -0.0000 -0.0733 0.9973
vn 0.4155 -0.1060 0.9034
vn 0.9368 -0.0937 0.3372
vn 0.9224 -0.1839 0.3395
vn 0.0059 0.0119 0.9999
vn 0.3855 -0.1530 0.9099
vn 0.8689 -0.3592 0.3407
vn -0.8310 0.5563 -0.0000
vn 0.3390 -0.2288 0.9126
vn 0.7821 -0.5214 0.3412
vn 0.2888 -0.2888 0.9128
vn 0.5214 -0.7821 0.3411
vn -0.2888 -0.2887 0.9128
vn -0.3410 -0.2225 0.9134
vn -0.7843 -0.5206 0.3375
vn -0.8767 -0.3623 0.3166
vn -0.0000 -0.8965 0.4430
vn -0.0000 0.0667 0.9978
vn -0.0000 0.0059 1.0000
vn -0.0000 -0.1695 0.9855
vn 0.0001 -0.4148 0.9099
vn -0.0000 -0.4148 0.9099
vn 0.8767 -0.3622 0.3165
vn -0.0000 0.0666 0.9978
vn 0.0001 -0.1695 0.9855
vn 0.7843 -0.5206 0.3375
vn 0.2288 -0.3389 0.9126
vn 0.5215 -0.7821 0.3411
vn -0.2887 -0.2887 0.9129
vn -0.7821 -0.5215 0.3411
vn -0.8689 -0.3592 0.3407
vn -0.3390 -0.2288 0.9126
vn -0.9368 -0.0937 0.3372
vn 0.9248 0.3804 -0.0000
vn -0.0059 0.0119 0.9999
vn 0.4103 -0.0399 0.9111
vn 0.9367 -0.0937 0.3372
vn 0.0059 0.0120 0.9999
vn -0.2889 -0.2890 0.9127
vn -0.3410 -0.2225 0.9133
vn -0.7842 -0.5207 0.3375
vn -0.8751 -0.3629 0.3202
vn -0.0241 -0.8947 0.4460
vn 0.0020 0.0039 1.0000
vn -0.0132 -0.1140 0.9934
vn -0.0314 -0.3883 0.9210
vn -0.0315 -0.3883 0.9210
vn -0.0240 -0.8947 0.4460
vn 0.8529 -0.3829 0.3550
vn 0.3393 -0.2322 0.9116
vn -0.0131 -0.1140 0.9934
vn 0.7795 -0.5251 0.3415
vn -0.2886 -0.2887 0.9129
vn -0.0662 -0.0663 0.9956
vn 0.0196 -0.0956 0.9952
vn -0.4101 -0.0400 0.9111
vn -0.9367 -0.0936 0.3373
vn -0.9224 -0.1841 0.3395
vn -0.7821 -0.5217 0.3408
vn -0.2887 -0.2885 0.9129
vn 0.2885 -0.2886 0.9129
vn -0.0019 0.0001 1.0000
vn 0.8547 -0.3822 0.3513
vn -0.0000 0.0039 1.0000
vn -0.0001 0.0344 0.9994
vn -0.0000 -0.8965 0.4431
vn -0.0001 -0.8965 0.4431
vn -0.8547 -0.3823 0.3512
vn -0.0000 -0.4116 0.9114
vn -0.0000 -0.4116 0.9113
vn -0.0000 -0.2199 0.9755
vn -0.0000 0.0344 0.9994
vn -0.7796 -0.5251 0.3415
vn -0.0001 -0.2199 0.9755
vn 0.1558 -0.3794 0.9120
vn 0.2886 -0.2887 0.9129
vn 0.8310 -0.5563 -0.0000
vn 0.4146 -0.1029 0.9042
vn -0.4146 -0.1029 0.9042
vn -0.4102 -0.0400 0.9111
vn 0.2462 0.9374 0.2463
vn -0.2462 0.9374 0.2463
vn -0.2463 0.9374 0.2462
vn -0.2463 0.9374 -0.2462
vn -0.2462 0.9374 -0.2463
vn 0.2462 0.9374 -0.2463
vn 0.2463 0.9374 -0.2462
vn 0.2463 0.9374 0.2462
vt 0.494067 0.344299
vt 0.683096 0.533328
vt 0.988744 0.344299
vt 0.988744 0.533328
vt 0.011100 0.533328
vt 0.989700 0.533328
vt 0.011100 0.539541
vt 0.988744 0.539541
vt 0.689309 0.539541
vt 0.689309 0.549817
vt 0.988744 0.549817
vt 0.988744 0.338086
vt 0.487854 0.338086
vt 0.988744 0.782100
vt 0.487854 0.782100
vt 0.988744 0.751272
vt 0.487854 0.751272
vt 0.668757 0.570608
vt 0.988744 0.570608
vt 0.786572 0.570608
vt 0.786572 0.549817
vt 0.786572 0.539541
vt 0.786572 0.533328
vt 0.786572 0.344299
vt 0.786572 0.338086
vt 0.786572 0.782100
vt 0.786572 0.751272
vt 0.011100 0.782100
vt 0.011100 0.751272
vt 0.011100 0.570608
vt 0.011100 0.549817
vt 0.011100 0.344299
vt 0.011100 0.338086
vt 0.989700 0.338086
vt 0.989700 0.782100
vt 0.989700 0.751272
vt 0.989700 0.570608
vt 0.989700 0.549817
vt 0.989700 0.539541
vt 0.989700 0.344299
vt 0.821893 0.004589
vt 0.865630 0.004589
vt 0.821893 0.063881
vt 0.865630 0.063881
vt 0.821893 0.154285
vt 0.865630 0.154285
vt 0.865630 0.187876
vt 0.821893 0.187876
vt 0.821893 0.190582
vt 0.865630 0.190582
vt 0.061014 0.187876
vt 0.061014 0.154285
vt 0.147585 0.187876
vt 0.493870 0.206588
vt 0.493870 0.187876
vt 0.378442 0.206588
vt 0.263013 0.206588
vt 0.378442 0.187876
vt 0.493870 0.154285
vt 0.378442 0.154285
vt 0.493870 0.019694
vt 0.378442 0.019694
vt 0.378442 0.063881
vt 0.493870 0.063881
vt 0.493870 0.004589
vt 0.493870 0.216959
vt 0.493870 0.326300
vt 0.609073 0.216959
vt 0.609073 0.326300
vt 0.609073 0.004589
vt 0.609073 0.063881
vt 0.609073 0.019694
vt 0.609073 0.154285
vt 0.609073 0.187876
vt 0.609073 0.206588
vt 0.724501 0.206588
vt 0.724501 0.216959
vt 0.724501 0.326300
vt 0.724501 0.004589
vt 0.724501 0.063881
vt 0.724501 0.019694
vt 0.724501 0.154285
vt 0.724501 0.187876
vt 0.839929 0.187876
vt 0.839929 0.206588
vt 0.839929 0.216959
vt 0.839929 0.326300
vt 0.839929 0.004589
vt 0.839929 0.063881
vt 0.839929 0.019694
vt 0.839929 0.154285
vt 0.926500 0.154285
vt 0.926500 0.187876
vt 0.926500 0.206588
vt 0.926500 0.216959
vt 0.926500 0.326300
vt 0.926500 0.004589
vt 0.926500 0.063881
vt 0.926500 0.019694
vt 0.263013 0.187876
vt 0.378442 0.216959
vt 0.378442 0.326300
vt 0.378442 0.004589
vt 0.263013 0.154285
vt 0.147585 0.154285
vt 0.061014 0.019694
vt 0.003300 0.018792
vt 0.061014 0.063881
vt 0.003300 0.063881
vt 0.003300 0.019694
vt 0.003300 0.154285
vt 0.003300 0.187876
vt 0.003300 0.201854
vt 0.003300 0.205010
vt 0.061014 0.206814
vt 0.061014 0.203658
vt 0.147585 0.212901
vt 0.147585 0.206588
vt 0.263013 0.216959
vt 0.263013 0.326300
vt 0.263013 0.004589
vt 0.263013 0.063881
vt 0.263013 0.019694
vt 0.147585 0.019694
vt 0.147585 0.008873
vt 0.147585 0.063881
vt 0.061014 0.017439
vt 0.061014 0.014734
vt 0.003300 0.016312
vt 0.147585 0.215381
vt 0.155025 0.216959
vt 0.169003 0.216959
vt 0.169003 0.326300
vt 0.169003 0.004589
vt 0.155025 0.004589
vt 0.147585 0.006167
vt 0.155025 0.326300
vt 0.003300 0.015410
vt 0.003300 0.205912
vt 0.061014 0.207265
vt 0.147585 0.216508
vt 0.147585 0.005265
vt 0.061014 0.013832
vt 0.150291 0.216959
vt 0.150291 0.326300
vt 0.150291 0.004589
vt 0.124364 0.202530
vt 0.061014 0.195542
vt 0.763954 0.190582
vt 0.821893 0.206588
vt 0.763954 0.206588
vt 0.744565 0.206588
vt 0.147585 0.205010
vt 0.155927 0.206588
vt 0.003300 0.192836
vt 0.865630 0.206588
vt 0.880284 0.206588
vt 0.880284 0.190582
vt 0.880284 0.187876
vt 0.880284 0.154285
vt 0.880284 0.063881
vt 0.880284 0.004589
vt 0.880284 0.326300
vt 0.865630 0.326300
vt 0.880284 0.216959
vt 0.865630 0.216959
vt 0.821893 0.326300
vt 0.821893 0.216959
vt 0.763954 0.232064
vt 0.740507 0.226878
vt 0.763954 0.326300
vt 0.763954 0.004589
vt 0.763954 0.063881
vt 0.763954 0.154285
vt 0.763954 0.187876
vt 0.705789 0.190582
vt 0.705789 0.206588
vt 0.739380 0.206588
vt 0.699025 0.216959
vt 0.204623 0.216959
vt 0.195605 0.218988
vt 0.155476 0.227329
vt 0.705789 0.216959
vt 0.705789 0.326300
vt 0.705789 0.004589
vt 0.705789 0.063881
vt 0.705789 0.154285
vt 0.705789 0.187876
vt 0.647624 0.190582
vt 0.647624 0.206588
vt 0.647624 0.216959
vt 0.647624 0.326300
vt 0.647624 0.004589
vt 0.647624 0.063881
vt 0.647624 0.154285
vt 0.647624 0.187876
vt 0.589459 0.190582
vt 0.589459 0.206588
vt 0.589459 0.216959
vt 0.589459 0.326300
vt 0.589459 0.004589
vt 0.589459 0.063881
vt 0.589459 0.154285
vt 0.589459 0.187876
vt 0.531294 0.190582
vt 0.531294 0.206588
vt 0.531294 0.216959
vt 0.531294 0.326300
vt 0.531294 0.004589
vt 0.531294 0.063881
vt 0.531294 0.154285
vt 0.531294 0.187876
vt 0.473129 0.190582
vt 0.473129 0.206588
vt 0.473129 0.216959
vt 0.473129 0.326300
vt 0.473129 0.004589
vt 0.473129 0.063881
vt 0.473129 0.154285
vt 0.473129 0.187876
vt 0.414964 0.190582
vt 0.414964 0.206588
vt 0.414964 0.216959
vt 0.414964 0.326300
vt 0.414964 0.004589
vt 0.414964 0.063881
vt 0.414964 0.154285
vt 0.414964 0.187876
vt 0.356799 0.190582
vt 0.356799 0.206588
vt 0.356799 0.216959
vt 0.356799 0.326300
vt 0.356799 0.004589
vt 0.356799 0.063881
vt 0.356799 0.154285
vt 0.356799 0.187876
vt 0.298634 0.190582
vt 0.298634 0.206588
vt 0.298634 0.216959
vt 0.298634 0.326300
vt 0.298634 0.004589
vt 0.298634 0.063881
vt 0.298634 0.154285
vt 0.298634 0.187876
vt 0.240469 0.190582
vt 0.240469 0.206588
vt 0.240469 0.216959
vt 0.240469 0.326300
vt 0.240469 0.004589
vt 0.240469 0.063881
vt 0.240469 0.154285
vt 0.240469 0.187876
vt 0.182304 0.190582
vt 0.182304 0.206588
vt 0.182304 0.216959
vt 0.182304 0.326300
vt 0.182304 0.004589
vt 0.182304 0.063881
vt 0.182304 0.154285
vt 0.182304 0.187876
vt 0.124139 0.190582
vt 0.124139 0.206588
vt 0.124139 0.216959
vt 0.124139 0.326300
vt 0.124139 0.004589
vt 0.124139 0.063881
vt 0.124139 0.154285
vt 0.124139 0.187876
vt 0.065974 0.190582
vt 0.065974 0.206588
vt 0.065974 0.216959
vt 0.065974 0.326300
vt 0.065974 0.004589
vt 0.065974 0.063881
vt 0.065974 0.154285
vt 0.065974 0.187876
vt 0.003300 0.014734
vt 0.147585 0.014734
vt 0.263013 0.014734
vt 0.378442 0.014734
vt 0.493870 0.014734
vt 0.609073 0.014734
vt 0.724501 0.014734
vt 0.839929 0.014734
vt 0.926500 0.014734
vt 0.067101 0.190582
vt 0.067101 0.206588
vt 0.067101 0.216959
vt 0.067101 0.326300
vt 0.067101 0.004589
vt 0.067327 0.063881
vt 0.067327 0.154285
vt 0.067101 0.187876
vt 0.052293 0.004692
vt 0.056659 0.030402
vt 0.003300 0.030402
vt 0.003300 0.063872
vt 0.063450 0.063872
vt 0.063450 0.154339
vt 0.003300 0.154339
vt 0.056659 0.187810
vt 0.003300 0.187810
vt 0.003300 0.190478
vt 0.056659 0.190478
vt 0.053991 0.206728
vt 0.003300 0.206728
vt 0.052293 0.216915
vt 0.003300 0.216915
vt 0.052293 0.326300
vt 0.003300 0.326300
vt 0.003300 0.004692
vt 0.065390 0.030402
vt 0.065390 0.063872
vt 0.065390 0.154339
vt 0.065390 0.187810
vt 0.065390 0.190478
vt 0.065390 0.206728
vt 0.065390 0.216915
vt 0.065390 0.326300
vt 0.065390 0.004692
vt 0.127480 0.004692
vt 0.127480 0.030402
vt 0.127480 0.063872
vt 0.127480 0.154339
vt 0.127480 0.187810
vt 0.127480 0.190478
vt 0.127480 0.206728
vt 0.127480 0.216915
vt 0.127480 0.326300
vt 0.189570 0.216915
vt 0.189570 0.326300
vt 0.189570 0.004692
vt 0.189570 0.030402
vt 0.189570 0.063872
vt 0.189570 0.154339
vt 0.189570 0.187810
vt 0.189570 0.190478
vt 0.189570 0.206728
vt 0.251661 0.206728
vt 0.251661 0.216915
vt 0.251661 0.326300
vt 0.251661 0.004692
vt 0.251661 0.030402
vt 0.251661 0.063872
vt 0.251661 0.154339
vt 0.251661 0.187810
vt 0.251661 0.190478
vt 0.313751 0.190478
vt 0.313751 0.206728
vt 0.313751 0.216915
vt 0.313751 0.326300
vt 0.313751 0.004692
vt 0.313751 0.030402
vt 0.313751 0.063872
vt 0.313751 0.154339
vt 0.313751 0.187810
vt 0.375841 0.187810
vt 0.375841 0.190478
vt 0.375841 0.206728
vt 0.375841 0.216915
vt 0.375841 0.326300
vt 0.375841 0.004692
vt 0.375841 0.030402
vt 0.375841 0.063872
vt 0.375841 0.154339
vt 0.437931 0.154339
vt 0.437931 0.187810
vt 0.437931 0.190478
vt 0.437931 0.206728
vt 0.437931 0.216915
vt 0.437931 0.326300
vt 0.437931 0.004692
vt 0.437931 0.030402
vt 0.437931 0.063872
vt 0.500021 0.063872
vt 0.500021 0.154339
vt 0.500021 0.187810
vt 0.500021 0.190478
vt 0.500021 0.206728
vt 0.500021 0.216915
vt 0.500021 0.326300
vt 0.500021 0.004692
vt 0.500021 0.030402
vt 0.562111 0.030402
vt 0.562111 0.063872
vt 0.562111 0.154339
vt 0.562111 0.187810
vt 0.562111 0.190478
vt 0.562111 0.206728
vt 0.562111 0.216915
vt 0.562111 0.326300
vt 0.562111 0.004692
vt 0.624202 0.004692
vt 0.624202 0.030402
vt 0.624202 0.063872
vt 0.624202 0.154339
vt 0.624202 0.187810
vt 0.624202 0.190478
vt 0.624202 0.206728
vt 0.624202 0.216915
vt 0.624202 0.326300
vt 0.686292 0.216915
vt 0.686292 0.326300
vt 0.686292 0.004692
vt 0.686292 0.030402
vt 0.686292 0.063872
vt 0.686292 0.154339
vt 0.686292 0.187810
vt 0.686292 0.190478
vt 0.686292 0.206728
vt 0.748139 0.206728
vt 0.748139 0.216915
vt 0.810230 0.216915
vt 0.748139 0.326300
vt 0.748139 0.004692
vt 0.748139 0.030402
vt 0.748139 0.063872
vt 0.748139 0.154339
vt 0.748139 0.187810
vt 0.748139 0.190478
vt 0.810230 0.190478
vt 0.810230 0.206728
vt 0.872320 0.213277
vt 0.810230 0.004692
vt 0.810230 0.326300
vt 0.865286 0.216915
vt 0.810230 0.030402
vt 0.810230 0.063872
vt 0.810230 0.154339
vt 0.810230 0.187810
vt 0.872320 0.187810
vt 0.872320 0.190478
vt 0.872320 0.206728
vt 0.893906 0.206728
vt 0.865286 0.004692
vt 0.865286 0.326300
vt 0.872320 0.008330
vt 0.872320 0.030402
vt 0.872320 0.063872
vt 0.872320 0.154339
vt 0.934410 0.154339
vt 0.996500 0.154339
vt 0.934410 0.187810
vt 0.934410 0.190478
vt 0.934410 0.194601
vt 0.976854 0.190478
vt 0.934410 0.026521
vt 0.934410 0.030402
vt 0.934410 0.063872
vt 0.996500 0.063872
vt 0.936350 0.063872
vt 0.936350 0.154339
vt 0.942656 0.184899
vt 0.996500 0.186112
vt 0.976854 0.187810
vt 0.976854 0.030402
vt 0.996500 0.032099
vt 0.942656 0.033312
vt 0.499857 0.162024
vt 0.499857 0.187889
vt 0.614268 0.162024
vt 0.614268 0.187889
vt 0.728678 0.187889
vt 0.728678 0.162024
vt 0.843089 0.187889
vt 0.843089 0.162024
vt 0.957500 0.187889
vt 0.957500 0.162024
vt 0.375892 0.217016
vt 0.499857 0.217016
vt 0.614268 0.217016
vt 0.728678 0.217016
vt 0.843089 0.217016
vt 0.957500 0.217016
vt 0.375892 0.187889
vt 0.375892 0.162024
vt 0.375892 0.145014
vt 0.499857 0.145014
vt 0.614268 0.145014
vt 0.728678 0.145014
vt 0.843089 0.145014
vt 0.957500 0.145014
vt 0.251695 0.145014
vt 0.251695 0.217016
vt 0.127497 0.326300
vt 0.251695 0.326300
vt 0.375892 0.326300
vt 0.499857 0.326300
vt 0.614268 0.326300
vt 0.728678 0.326300
vt 0.843089 0.326300
vt 0.957500 0.326300
vt 0.251695 0.187889
vt 0.251695 0.162024
vt 0.127497 0.063691
vt 0.251695 0.063691
vt 0.375892 0.063691
vt 0.499857 0.063691
vt 0.614268 0.063691
vt 0.728678 0.063691
vt 0.843089 0.063691
vt 0.957500 0.063691
vt 0.003300 0.063691
vt 0.127497 0.145014
vt 0.127497 0.217016
vt 0.003300 0.217016
vt 0.127497 0.187889
vt 0.127497 0.162024
vt 0.003300 0.145014
vt 0.003300 0.187889
vt 0.003300 0.162024
vt 0.848689 0.154313
vt 0.848689 0.187793
vt 0.787822 0.154313
vt 0.754080 0.187793
vt 0.848689 0.206728
vt 0.738421 0.206728
vt 0.728200 0.216883
vt 0.848689 0.216883
vt 0.996500 0.063831
vt 0.996500 0.154313
vt 0.787822 0.063831
vt 0.848689 0.063831
vt 0.996500 0.187793
vt 0.996500 0.206728
vt 0.996500 0.216883
vt 0.996500 0.326300
vt 0.728200 0.326300
vt 0.848689 0.326300
vt 0.000839 0.055201
vt 0.119069 0.128391
vt 0.000839 0.128391
vt 0.000839 0.066461
vt 0.119069 0.066461
vt 0.000839 0.156541
vt 0.000839 0.184690
vt 0.119069 0.156541
vt 0.119069 0.004531
vt 0.000839 0.010161
vt 0.119069 0.184690
vt 0.000839 0.190320
vt 0.119069 0.190320
vt 0.119069 0.207210
vt 0.000839 0.207210
vt 0.119069 0.212840
vt 0.135959 0.218470
vt 0.237299 0.207210
vt 0.237299 0.218470
vt 0.135959 0.325440
vt 0.237299 0.325440
vt 0.135959 0.004531
vt 0.237299 0.004531
vt 0.237299 0.128391
vt 0.237299 0.066461
vt 0.237299 0.156541
vt 0.237299 0.184690
vt 0.237299 0.190320
vt 0.355529 0.190320
vt 0.355529 0.207210
vt 0.355529 0.218470
vt 0.355529 0.325440
vt 0.355529 0.004531
vt 0.355529 0.128391
vt 0.355529 0.066461
vt 0.355529 0.156541
vt 0.355529 0.184690
vt 0.473758 0.184690
vt 0.473758 0.190320
vt 0.473758 0.207210
vt 0.473758 0.218470
vt 0.473758 0.325440
vt 0.473758 0.004531
vt 0.473758 0.128391
vt 0.473758 0.066461
vt 0.473758 0.156541
vt 0.591988 0.156541
vt 0.591988 0.184690
vt 0.591988 0.190320
vt 0.591988 0.207210
vt 0.591988 0.218470
vt 0.591988 0.325440
vt 0.591988 0.004531
vt 0.591988 0.128391
vt 0.591988 0.066461
vt 0.710218 0.066461
vt 0.710218 0.156541
vt 0.710218 0.184690
vt 0.710218 0.190320
vt 0.710218 0.207210
vt 0.710218 0.218470
vt 0.710218 0.325440
vt 0.710218 0.004531
vt 0.710218 0.128391
vt 0.789038 0.004531
vt 0.743998 0.128391
vt 0.743998 0.066461
vt 0.743998 0.156541
vt 0.772148 0.184690
vt 0.772148 0.190320
vt 0.783408 0.207210
vt 0.789038 0.218470
vt 0.789038 0.325440
vt 0.119069 0.049571
vt 0.130329 0.184690
vt 0.130329 0.190320
vt 0.293599 0.325440
vt 0.293599 0.004531
vt 0.237299 0.015791
vt 0.248559 0.207210
vt 0.293599 0.218470
vt 0.000839 0.179060
vt 0.119069 0.055201
vt 0.135959 0.190320
vt 0.135959 0.184690
vt 0.254189 0.207210
vt 0.237299 0.201580
vt 20.195606 0.393000
vt 11.288965 0.393000
vt 20.229387 0.331070
vt 11.260816 0.331070
vt 11.227036 0.393000
vt 8.732951 0.393000
vt 8.699171 0.331070
vt 8.665391 0.393000
vt -0.235620 0.393000
vt -0.269400 0.331070
vt 22.751621 0.393000
vt 20.257536 0.393000
vt 22.785400 0.331070
vt 22.785400 0.286030
vt 20.229387 0.286030
vt 11.260816 0.286030
vt 8.699171 0.286030
vt -0.269400 0.286030
s 0
usemtl Archs.001
f 3/1/1 8/2/1 12/3/1
f 8/2/1 15/4/1 12/3/1
f 11/3/1 16/4/1 17/5/1
s 1
f 24/6/2 19/5/2 28/7/2
f 27/7/2 20/5/2 32/8/2
f 20/5/2 13/4/2 32/8/2
f 31/8/2 14/4/2 34/9/2
f 14/4/2 5/2/2 34/9/2
s 0
f 37/10/3 36/9/3 44/11/3
f 44/11/3 36/9/3 45/8/3
s 1
f 48/8/4 33/9/4 49/4/4
f 33/9/4 6/2/4 49/4/4
s 0
f 52/4/1 7/2/1 53/3/1
f 7/2/1 4/1/1 53/3/1
s 1
f 56/3/5 1/1/5 57/12/5
f 1/1/5 64/13/5 57/12/5
s 0
f 60/14/6 61/15/6 65/16/6
f 61/15/6 72/17/6 65/16/6
f 69/17/7 76/18/7 68/16/7
f 68/16/7 76/18/7 77/19/7
s 1
f 73/18/8 40/10/8 80/19/8
f 40/10/8 41/11/8 80/19/8
f 79/19/9 42/11/9 84/20/9
f 84/20/9 42/11/9 85/21/9
s 0
f 88/21/3 43/11/3 89/22/3
f 43/11/3 46/8/3 89/22/3
s 1
f 92/22/4 47/8/4 93/23/4
f 47/8/4 50/4/4 93/23/4
s 0
f 51/4/1 54/3/1 96/23/1
f 96/23/1 54/3/1 97/24/1
s 1
f 55/3/5 58/12/5 100/24/5
f 100/24/5 58/12/5 101/25/5
s 0
f 59/14/6 66/16/6 104/26/6
f 104/26/6 66/16/6 105/27/6
f 67/16/7 78/19/7 108/27/7
f 78/19/7 81/20/7 108/27/7
f 107/27/7 82/20/7 109/19/7
s 1
f 112/19/8 83/20/9 113/11/8
f 83/20/9 86/21/8 113/11/8
s 0
f 87/21/3 90/22/3 116/11/3
f 116/11/3 90/22/3 117/8/3
s 1
f 91/22/4 94/23/4 120/8/4
f 120/8/4 94/23/4 121/4/4
s 0
f 124/4/1 95/23/1 125/3/1
f 95/23/1 98/24/1 125/3/1
s 1
f 128/3/5 99/24/10 129/12/5
f 99/24/10 102/25/10 129/12/5
s 0
f 132/14/6 103/26/6 133/16/6
f 103/26/6 106/27/6 133/16/6
f 107/27/7 109/19/7 136/16/7
f 140/17/7 135/16/7 141/18/7
f 135/16/7 110/19/7 141/18/7
s 1
f 144/18/8 111/19/8 145/10/8
f 111/19/8 114/11/8 145/10/8
s 0
f 148/10/3 115/11/3 149/9/3
f 115/11/3 118/8/3 149/9/3
s 1
f 119/8/4 122/4/4 152/9/4
f 152/9/4 122/4/4 153/2/4
s 0
f 123/4/1 126/3/1 156/2/1
f 156/2/1 126/3/1 157/1/1
s 1
f 127/3/5 130/12/5 160/1/11
f 160/1/11 130/12/5 161/13/11
s 0
f 131/14/6 134/16/6 164/15/6
f 134/16/6 137/17/6 164/15/6
f 163/15/12 138/17/12 165/16/12
f 139/17/7 142/18/7 168/16/7
f 168/16/7 142/18/7 169/19/7
s 1
f 143/18/13 146/10/14 172/19/14
f 172/19/14 146/10/14 173/11/14
s 0
f 147/10/15 150/9/15 176/11/15
f 176/11/15 150/9/15 177/8/15
s 1
f 180/8/16 151/9/16 181/4/16
f 151/9/16 154/2/16 181/4/16
s 0
f 184/4/1 155/2/1 185/3/1
f 155/2/1 158/1/1 185/3/1
s 1
f 188/3/2 159/1/2 189/12/2
f 159/1/2 162/13/2 189/12/2
s 0
f 163/15/12 165/16/12 192/14/12
f 191/14/12 166/16/12 196/28/12
f 196/28/12 166/16/12 197/29/12
f 167/16/7 170/19/7 200/29/7
f 200/29/7 170/19/7 201/30/7
s 1
f 171/19/14 174/11/14 204/30/14
f 204/30/14 174/11/14 205/31/14
s 0
f 208/31/15 175/11/15 209/7/15
f 175/11/15 178/8/15 209/7/15
s 1
f 212/7/16 179/8/16 213/5/16
f 179/8/16 182/4/16 213/5/16
s 0
f 183/4/1 186/3/1 216/5/1
f 216/5/1 186/3/1 217/32/1
s 1
f 187/3/2 190/12/2 220/32/2
f 190/12/2 193/33/2 220/32/2
f 219/32/2 194/33/2 221/34/2
s 0
f 224/35/12 195/28/12 225/36/12
f 195/28/12 198/29/12 225/36/12
f 228/36/7 199/29/7 229/37/7
f 199/29/7 202/30/7 229/37/7
s 1
f 232/37/14 203/30/14 233/38/14
f 203/30/14 206/31/14 233/38/14
s 0
f 236/38/15 207/31/15 237/39/15
f 207/31/15 210/7/15 237/39/15
s 1
f 240/39/16 211/7/16 241/6/16
f 211/7/16 214/5/16 241/6/16
s 0
f 244/6/1 215/5/1 245/40/1
f 215/5/1 218/32/1 245/40/1
s 1
f 219/32/2 221/34/2 248/40/2
f 247/40/2 222/34/2 252/32/2
f 252/32/2 222/34/2 253/33/2
s 0
f 223/35/12 226/36/12 256/28/12
f 256/28/12 226/36/12 257/29/12
f 227/36/7 230/37/7 260/29/7
f 260/29/7 230/37/7 261/30/7
s 1
f 231/37/14 234/38/14 264/30/17
f 264/30/17 234/38/14 265/31/13
s 0
f 235/38/15 238/39/15 268/31/15
f 268/31/15 238/39/15 269/7/15
s 1
f 239/39/16 242/6/16 272/7/16
f 272/7/16 242/6/16 273/5/16
s 0
f 243/6/1 246/40/1 276/5/1
f 246/40/1 249/32/1 276/5/1
f 275/5/1 250/32/1 277/3/1
s 1
f 280/3/2 251/32/2 281/12/2
f 251/32/2 254/33/2 281/12/2
s 0
f 284/14/12 255/28/12 285/16/12
f 255/28/12 258/29/12 285/16/12
f 288/16/7 259/29/7 289/19/7
f 259/29/7 262/30/7 289/19/7
s 1
f 292/19/13 263/30/14 293/11/14
f 263/30/14 266/31/13 293/11/14
s 0
f 267/31/15 270/7/15 296/11/15
f 296/11/15 270/7/15 297/8/15
s 1
f 271/7/16 274/5/16 300/8/16
f 300/8/16 274/5/16 301/4/16
s 0
f 275/5/1 277/3/1 304/4/1
f 303/4/1 278/3/1 308/2/1
f 308/2/1 278/3/1 309/1/1
s 1
f 279/3/2 282/12/2 312/1/2
f 312/1/2 282/12/2 313/13/2
s 0
f 283/14/12 286/16/12 316/15/12
f 316/15/12 286/16/12 317/17/12
f 320/17/7 287/16/7 321/18/7
f 287/16/7 290/19/7 321/18/7
s 1
f 324/18/13 291/19/17 325/10/17
f 291/19/17 294/11/17 325/10/17
s 0
f 328/10/15 295/11/15 330/9/15
f 295/11/15 298/8/15 330/9/15
s 1
f 299/8/16 302/4/16 329/9/16
f 302/4/16 305/2/16 329/9/16
f 332/9/5 306/2/5 333/4/5
s 0
f 336/4/1 307/2/1 337/3/1
f 307/2/1 310/1/1 337/3/1
s 1
f 340/3/4 311/1/4 341/12/4
f 311/1/4 314/13/4 341/12/4
s 0
f 344/14/3 315/15/3 345/16/3
f 315/15/3 318/17/3 345/16/3
f 319/17/7 322/18/7 348/16/7
f 348/16/7 322/18/7 349/19/7
s 1
f 323/18/18 326/10/18 352/19/19
f 352/19/19 326/10/18 353/11/18
s 0
f 327/10/6 331/9/6 356/11/6
f 356/11/6 331/9/6 357/8/6
s 1
f 332/9/5 333/4/5 360/8/5
f 359/8/5 334/4/5 361/23/10
s 0
f 335/4/1 338/3/1 364/23/1
f 367/3/1 363/23/1 370/24/1
f 364/23/1 338/3/1 369/24/1
s 1
f 339/3/4 342/12/4 372/24/4
f 372/24/4 342/12/4 373/25/4
s 0
f 343/14/3 346/16/3 376/26/3
f 376/26/3 346/16/3 377/27/3
f 347/16/7 350/19/7 380/27/7
f 380/27/7 350/19/7 381/20/7
s 1
f 351/19/19 354/11/18 384/20/20
f 384/20/20 354/11/18 385/21/18
s 0
f 388/21/6 355/11/6 389/22/6
f 355/11/6 358/8/6 389/22/6
s 1
f 359/8/5 361/23/10 392/22/10
f 391/22/5 362/23/5 396/8/5
f 396/8/5 362/23/5 397/4/5
s 0
f 363/23/1 367/3/1 400/4/1
f 399/4/1 368/3/1 404/2/1
f 408/5/1 411/4/1 416/3/1
f 412/4/1 403/2/1 415/3/1
f 415/3/1 403/2/1 418/1/1
f 404/2/1 368/3/1 417/1/1
s 1
f 420/1/4 365/3/4 422/12/4
f 366/3/4 371/24/4 421/12/4
f 371/24/4 374/25/4 421/12/4
s 0
f 424/14/3 375/26/3 425/16/3
f 375/26/3 378/27/3 425/16/3
f 428/16/7 379/27/7 429/19/7
f 379/27/7 382/20/7 429/19/7
s 1
f 432/19/20 383/20/20 433/11/20
f 383/20/20 386/21/20 433/11/20
s 0
f 387/21/6 390/22/6 436/11/6
f 390/22/6 393/8/6 436/11/6
f 435/11/6 394/8/6 438/9/6
s 1
f 395/8/10 398/4/10 437/9/5
f 398/4/10 401/2/5 437/9/5
f 402/2/2 409/4/2 440/9/2
f 440/9/2 409/4/2 444/8/2
f 410/4/2 405/5/2 443/8/2
f 443/8/2 405/5/2 448/7/2
f 406/5/2 23/6/2 447/7/2
f 447/7/2 23/6/2 450/39/2
f 24/6/2 28/7/2 449/39/2
s 0
f 452/39/12 25/7/12 456/31/12
f 455/31/12 26/7/12 458/11/12
f 26/7/12 29/8/12 458/11/12
f 30/8/12 35/9/12 457/11/12
f 35/9/12 38/10/12 457/11/12
s 1
f 460/11/21 39/10/21 461/19/21
f 39/10/21 74/18/22 461/19/21
s 0
f 464/19/7 75/18/7 465/16/7
f 75/18/7 70/17/7 465/16/7
f 71/17/15 62/15/15 468/16/15
f 468/16/15 62/15/15 469/14/15
s 1
f 63/13/16 2/1/16 472/12/16
f 2/1/16 9/3/23 472/12/16
f 471/12/16 10/3/23 473/32/16
s 0
f 11/3/1 17/5/1 476/32/1
f 475/32/1 18/5/1 480/40/1
f 18/5/1 21/6/1 480/40/1
f 22/6/1 407/5/1 479/40/1
f 479/40/1 407/5/1 482/32/1
f 408/5/1 416/3/1 481/32/1
s 1
f 484/32/23 413/3/23 488/12/23
f 414/3/16 419/1/16 487/12/16
f 487/12/16 419/1/16 490/13/23
f 420/1/4 422/12/4 489/13/4
s 0
f 423/14/3 426/16/3 492/15/3
f 492/15/3 426/16/3 493/17/3
f 496/17/7 427/16/7 497/18/7
f 427/16/7 430/19/7 497/18/7
s 1
f 500/18/18 431/19/19 502/10/18
f 431/19/19 434/11/18 502/10/18
s 0
f 435/11/6 438/9/6 501/10/6
f 504/10/12 439/9/12 508/11/12
f 439/9/12 441/8/12 508/11/12
f 442/8/12 445/7/12 507/11/12
f 507/11/12 445/7/12 512/31/12
f 446/7/12 451/39/12 511/31/12
f 511/31/12 451/39/12 514/38/12
f 452/39/12 456/31/12 513/38/12
s 1
f 516/38/21 453/31/21 518/30/22
f 454/31/21 459/11/21 517/30/21
f 459/11/21 462/19/22 517/30/21
s 0
f 520/30/7 463/19/7 521/29/7
f 463/19/7 466/16/7 521/29/7
f 524/29/15 467/16/15 525/28/15
f 467/16/15 470/14/15 525/28/15
s 1
f 471/12/16 473/32/16 528/33/23
f 527/33/23 474/32/23 532/34/23
f 474/32/23 477/40/23 532/34/23
f 478/40/16 483/32/16 531/34/16
f 531/34/16 483/32/16 534/33/16
f 484/32/23 488/12/23 533/33/23
s 0
f 536/28/15 485/14/15 538/16/15
f 486/14/15 491/15/15 537/16/15
f 491/15/15 494/17/15 537/16/15
f 495/17/7 498/18/7 540/16/7
f 540/16/7 498/18/7 541/19/7
s 1
f 499/18/24 503/10/22 544/19/21
f 503/10/22 505/11/21 544/19/21
f 543/19/22 506/11/21 548/30/21
f 506/11/21 509/31/22 548/30/21
f 510/31/22 515/38/21 547/30/24
f 547/30/24 515/38/21 550/37/21
f 516/38/21 518/30/22 549/37/22
s 0
f 519/30/7 522/29/7 552/37/7
f 552/37/7 522/29/7 553/36/7
f 523/29/15 526/28/15 556/36/15
f 526/28/15 529/35/15 556/36/15
f 530/35/15 535/28/15 555/36/15
f 555/36/15 535/28/15 558/29/15
f 536/28/15 538/16/15 557/29/15
f 539/16/7 542/19/7 560/29/7
f 542/19/7 545/30/7 560/29/7
f 546/30/7 551/37/7 559/29/7
f 554/36/7 559/29/7 551/37/7
f 562/41/3 564/42/3 565/43/3
f 564/42/3 568/44/3 565/43/3
s 1
f 566/43/25 567/44/26 569/45/27
f 567/44/26 572/46/26 569/45/27
s 0
f 571/46/6 574/47/6 570/45/6
f 570/45/6 574/47/6 575/48/6
s 1
f 576/48/28 573/47/29 577/49/28
f 573/47/29 580/50/29 577/49/28
s 0
f 582/51/15 584/52/15 585/53/15
f 588/51/15 590/52/15 591/53/15
f 594/51/12 596/52/12 597/53/12
f 600/51/12 602/52/12 603/53/12
f 606/51/12 608/52/12 609/53/12
s 1
f 612/54/30 614/55/31 616/56/32
f 618/57/33 616/56/32 619/58/32
f 616/56/32 614/55/31 619/58/32
s 0
f 613/55/12 622/59/12 620/58/12
f 620/58/12 622/59/12 623/60/12
s 1
f 621/59/34 626/61/35 624/60/36
f 624/60/36 626/61/35 627/62/36
s 0
f 628/63/15 625/64/15 629/65/15
s 1
f 631/66/37 630/67/38 634/68/39
f 634/68/39 630/67/38 635/69/39
s 0
f 629/65/15 625/64/15 636/70/15
f 636/70/15 625/64/15 637/71/15
s 1
f 626/61/35 621/59/34 638/72/40
f 638/72/40 621/59/34 639/73/40
s 0
f 622/59/12 613/55/12 640/73/12
f 640/73/12 613/55/12 641/74/12
s 1
f 614/55/31 612/54/30 642/74/41
f 642/74/41 612/54/30 643/75/41
s 0
f 611/54/12 632/66/12 644/75/12
f 632/66/12 633/68/12 644/75/12
f 644/75/12 633/68/12 646/76/12
f 646/76/12 633/68/12 647/77/12
s 1
f 634/68/39 635/69/39 648/77/42
f 648/77/42 635/69/39 649/78/42
s 0
f 636/70/15 637/71/15 650/79/15
f 650/79/15 637/71/15 651/80/15
s 1
f 638/72/40 639/73/40 652/81/43
f 652/81/43 639/73/40 653/82/43
s 0
f 640/73/12 641/74/12 654/82/12
f 654/82/12 641/74/12 655/83/12
s 1
f 642/74/41 643/75/41 656/83/44
f 643/75/41 645/76/45 656/83/44
f 656/83/44 645/76/45 658/84/46
f 658/84/46 645/76/45 659/85/47
s 0
f 646/76/12 647/77/12 660/85/12
f 660/85/12 647/77/12 661/86/12
s 1
f 648/77/42 649/78/42 662/86/48
f 662/86/48 649/78/42 663/87/48
s 0
f 650/79/15 651/80/15 664/88/15
f 664/88/15 651/80/15 665/89/15
s 1
f 652/81/43 653/82/43 666/90/49
f 666/90/49 653/82/43 667/91/50
s 0
f 654/82/12 655/83/12 668/91/12
f 655/83/12 657/84/12 668/91/12
f 668/91/12 657/84/12 672/92/12
f 672/92/12 657/84/12 673/93/12
s 1
f 658/84/46 659/85/47 676/93/51
f 676/93/51 659/85/47 677/94/51
s 0
f 660/85/12 661/86/12 680/94/12
f 680/94/12 661/86/12 681/95/12
s 1
f 662/86/48 663/87/48 684/95/1
f 684/95/1 663/87/48 685/96/1
s 0
f 688/97/15 664/88/15 689/98/15
f 664/88/15 665/89/15 689/98/15
s 1
f 666/90/49 667/91/50 692/99/7
f 667/91/50 669/92/7 692/99/7
f 694/90/52 691/99/7 695/91/52
f 691/99/7 670/92/7 695/91/52
s 0
f 696/91/12 671/92/12 697/84/12
f 671/92/12 674/93/12 697/84/12
s 1
f 675/93/51 678/94/51 698/84/53
f 698/84/53 678/94/51 699/85/54
s 0
f 700/85/12 679/94/12 701/86/12
f 679/94/12 682/95/12 701/86/12
s 1
f 702/86/55 683/95/1 703/87/55
f 683/95/1 686/96/1 703/87/55
s 0
f 687/97/15 690/98/15 704/88/15
f 690/98/15 693/89/15 704/88/15
f 704/88/15 693/89/15 706/79/15
f 706/79/15 693/89/15 707/80/15
s 1
f 694/90/52 695/91/52 708/81/56
f 708/81/56 695/91/52 709/82/56
s 0
f 696/91/12 697/84/12 710/82/12
f 710/82/12 697/84/12 711/83/12
s 1
f 698/84/53 699/85/54 712/83/57
f 712/83/57 699/85/54 713/76/58
s 0
f 700/85/12 701/86/12 714/76/12
f 714/76/12 701/86/12 715/77/12
s 1
f 702/86/55 703/87/55 716/77/59
f 703/87/55 705/78/59 716/77/59
f 716/77/59 705/78/59 718/68/60
f 718/68/60 705/78/59 719/69/60
s 0
f 706/79/15 707/80/15 720/70/15
f 720/70/15 707/80/15 721/71/15
s 1
f 708/81/56 709/82/56 722/72/61
f 722/72/61 709/82/56 723/73/61
s 0
f 710/82/12 711/83/12 724/73/12
f 724/73/12 711/83/12 725/74/12
s 1
f 712/83/57 713/76/58 726/74/62
f 726/74/62 713/76/58 727/75/62
s 0
f 714/76/12 715/77/12 728/75/12
f 715/77/12 717/68/12 728/75/12
f 728/75/12 717/68/12 730/54/12
f 732/56/12 730/54/12 733/66/12
f 730/54/12 717/68/12 733/66/12
s 1
f 718/68/60 719/69/60 734/66/63
f 734/66/63 719/69/60 735/67/64
s 0
f 720/70/15 721/71/15 736/65/15
f 736/65/15 721/71/15 737/64/15
s 1
f 722/72/61 723/73/61 738/61/65
f 738/61/65 723/73/61 739/59/66
s 0
f 724/73/12 725/74/12 740/59/12
f 740/59/12 725/74/12 741/55/12
s 1
f 726/74/62 727/75/62 742/55/67
f 727/75/62 729/54/68 742/55/67
f 742/55/67 729/54/68 744/58/69
f 729/54/68 731/56/69 744/58/69
f 744/58/69 731/56/69 746/100/70
f 610/53/71 746/100/70 747/57/72
f 746/100/70 731/56/69 747/57/72
s 0
f 748/57/12 732/56/12 749/101/12
f 732/56/12 733/66/12 749/101/12
s 1
f 734/66/63 735/67/64 750/101/73
f 750/101/73 735/67/64 751/102/73
s 0
f 736/65/15 737/64/15 752/103/15
f 752/103/15 737/64/15 753/63/15
s 1
f 738/61/65 739/59/66 754/62/74
f 754/62/74 739/59/66 755/60/74
s 0
f 740/59/12 741/55/12 756/60/12
f 741/55/12 743/58/12 756/60/12
f 756/60/12 743/58/12 758/104/12
f 743/58/12 745/100/12 758/104/12
f 758/104/12 745/100/12 759/105/12
f 745/100/12 609/53/12 759/105/12
f 609/53/12 608/52/12 759/105/12
s 1
f 760/105/75 607/52/76 761/106/77
f 763/107/78 762/108/79 766/109/80
f 761/106/77 607/52/76 765/110/81
f 765/110/81 607/52/76 768/111/81
s 0
f 767/111/12 608/52/12 770/112/12
f 608/52/12 606/51/12 770/112/12
s 1
f 769/112/82 605/51/83 772/113/84
f 774/112/85 771/114/86 776/51/87
f 776/51/87 771/114/86 777/115/88
f 772/113/84 605/51/83 780/116/89
f 605/51/83 610/53/71 780/116/89
f 782/117/90 779/116/91 784/118/92
f 780/116/89 610/53/71 783/118/93
f 610/53/71 747/57/72 783/118/93
f 784/118/92 748/57/12 785/119/94
f 748/57/12 749/101/12 785/119/94
f 750/101/73 751/102/73 786/119/95
f 786/119/95 751/102/73 787/120/96
f 752/103/15 753/63/15 788/121/97
f 788/121/97 753/63/15 789/122/98
f 754/62/74 755/60/74 790/123/99
f 755/60/74 757/104/100 790/123/99
f 790/123/99 757/104/100 791/124/75
f 757/104/100 760/105/75 791/124/75
f 760/105/75 761/106/77 791/124/75
f 794/125/101 792/126/102 795/127/103
f 792/126/102 762/108/79 795/127/103
f 762/108/79 763/107/78 795/127/103
f 796/128/103 764/129/78 797/108/15
f 764/129/78 799/109/15 797/108/15
f 800/110/104 801/111/104 798/106/105
f 798/106/105 801/111/104 803/52/106
s 0
f 802/111/12 773/112/12 804/52/12
f 773/112/12 775/51/12 804/52/12
f 804/52/12 775/51/12 805/53/12
s 1
f 806/53/107 776/51/87 807/118/108
f 776/51/87 777/115/88 807/118/108
f 778/115/91 781/130/109 808/118/12
f 808/118/12 781/130/109 809/131/110
f 782/117/90 784/118/92 812/132/111
f 784/118/92 785/119/94 812/132/111
f 786/119/95 787/120/96 811/132/112
f 811/132/112 787/120/96 814/133/113
f 788/121/97 789/122/98 813/134/114
f 789/122/98 792/126/102 813/134/114
f 792/126/102 794/125/101 813/134/114
f 816/135/114 793/136/101 817/126/15
f 793/136/101 796/128/103 817/126/15
f 796/128/103 797/108/15 817/126/15
f 798/106/105 803/52/106 818/124/115
f 818/124/115 803/52/106 819/105/116
s 0
f 804/52/12 805/53/12 820/105/12
f 820/105/12 805/53/12 822/104/12
f 822/104/12 805/53/12 823/100/12
s 1
f 806/53/107 807/118/108 824/100/117
f 824/100/117 807/118/108 825/57/118
f 808/118/12 809/131/110 826/57/12
f 826/57/12 809/131/110 827/119/12
f 810/131/119 815/137/120 828/119/121
f 828/119/121 815/137/120 829/120/121
f 816/135/114 817/126/15 830/121/15
s 0
f 830/121/15 817/126/15 831/122/15
s 1
f 818/124/115 819/105/116 832/123/122
f 819/105/116 821/104/123 832/123/122
f 832/123/122 821/104/123 834/62/36
f 834/62/36 821/104/123 835/60/36
s 0
f 822/104/12 823/100/12 836/60/12
f 836/60/12 823/100/12 837/58/12
s 1
f 824/100/117 825/57/118 838/58/32
f 838/58/32 825/57/118 839/56/32
s 0
f 826/57/12 827/119/12 840/56/12
f 840/56/12 827/119/12 841/101/12
s 1
f 828/119/121 829/120/121 842/101/124
f 842/101/124 829/120/121 843/102/124
s 0
f 830/121/15 831/122/15 844/103/15
f 831/122/15 833/63/15 844/103/15
f 844/103/15 833/63/15 846/65/15
f 846/65/15 833/63/15 847/64/15
s 1
f 834/62/36 835/60/36 848/61/35
f 848/61/35 835/60/36 849/59/35
s 0
f 836/60/12 837/58/12 850/59/12
f 850/59/12 837/58/12 851/55/12
s 1
f 838/58/32 839/56/32 852/55/30
f 852/55/30 839/56/32 853/54/30
s 0
f 840/56/12 841/101/12 854/54/12
f 854/54/12 841/101/12 855/66/12
s 1
f 842/101/124 843/102/124 856/66/125
f 843/102/124 845/67/125 856/66/125
f 856/66/125 845/67/125 858/68/126
f 858/68/126 845/67/125 859/69/127
s 0
f 846/65/15 847/64/15 860/70/15
f 860/70/15 847/64/15 861/71/15
s 1
f 848/61/35 849/59/35 862/72/40
f 862/72/40 849/59/35 863/73/128
s 0
f 850/59/12 851/55/12 864/73/12
f 864/73/12 851/55/12 865/74/12
s 1
f 852/55/30 853/54/30 866/74/129
f 866/74/129 853/54/30 867/75/130
s 0
f 854/54/12 855/66/12 868/75/12
f 855/66/12 857/68/12 868/75/12
f 868/75/12 857/68/12 870/76/12
f 870/76/12 857/68/12 871/77/12
s 1
f 858/68/126 859/69/127 872/77/131
f 872/77/131 859/69/127 873/78/42
s 0
f 860/70/15 861/71/15 874/79/15
f 874/79/15 861/71/15 875/80/15
s 1
f 862/72/40 863/73/128 876/81/43
f 876/81/43 863/73/128 877/82/43
s 0
f 864/73/12 865/74/12 878/82/12
f 878/82/12 865/74/12 879/83/12
s 1
f 866/74/129 867/75/130 880/83/45
f 867/75/130 869/76/45 880/83/45
f 880/83/45 869/76/45 882/84/46
f 882/84/46 869/76/45 883/85/132
s 0
f 870/76/12 871/77/12 884/85/12
f 884/85/12 871/77/12 885/86/12
s 1
f 872/77/131 873/78/42 886/86/48
f 886/86/48 873/78/42 887/87/48
s 0
f 874/79/15 875/80/15 888/88/15
f 888/88/15 875/80/15 889/89/15
s 1
f 876/81/43 877/82/43 890/90/49
f 890/90/49 877/82/43 891/91/49
s 0
f 878/82/12 879/83/12 892/91/12
f 879/83/12 881/84/12 892/91/12
f 892/91/12 881/84/12 896/92/12
f 896/92/12 881/84/12 897/93/12
s 1
f 882/84/46 883/85/132 900/93/51
f 900/93/51 883/85/132 901/94/51
s 0
f 884/85/12 885/86/12 904/94/12
f 904/94/12 885/86/12 905/95/12
s 1
f 886/86/48 887/87/48 908/95/1
f 908/95/1 887/87/48 909/96/1
s 0
f 912/97/15 888/88/15 913/98/15
f 888/88/15 889/89/15 913/98/15
s 1
f 890/90/49 891/91/49 916/99/7
f 891/91/49 893/92/7 916/99/7
f 918/90/52 915/99/7 919/91/52
f 915/99/7 894/92/7 919/91/52
s 0
f 920/91/12 895/92/12 921/84/12
f 895/92/12 898/93/12 921/84/12
s 1
f 899/93/51 902/94/51 922/84/133
f 922/84/133 902/94/51 923/85/134
s 0
f 924/85/12 903/94/12 925/86/12
f 903/94/12 906/95/12 925/86/12
s 1
f 926/86/55 907/95/1 927/87/55
f 907/95/1 910/96/1 927/87/55
s 0
f 911/97/15 914/98/15 928/88/15
f 914/98/15 917/89/15 928/88/15
f 928/88/15 917/89/15 929/80/15
s 1
f 918/90/52 919/91/52 930/81/56
f 930/81/56 919/91/52 931/82/56
s 0
f 920/91/12 921/84/12 932/82/12
f 932/82/12 921/84/12 933/83/12
s 1
f 922/84/133 923/85/134 934/83/58
f 934/83/58 923/85/134 935/76/58
s 0
f 924/85/12 925/86/12 936/76/12
f 936/76/12 925/86/12 937/77/12
s 1
f 926/86/55 927/87/55 938/77/135
f 938/77/135 927/87/55 939/78/135
s 0
f 928/88/15 929/80/15 940/79/15
f 940/79/15 929/80/15 941/71/15
s 1
f 930/81/56 931/82/56 942/72/61
f 942/72/61 931/82/56 943/73/61
s 0
f 932/82/12 933/83/12 944/73/12
f 944/73/12 933/83/12 945/74/12
s 1
f 934/83/58 935/76/58 946/74/136
f 946/74/136 935/76/58 947/75/137
s 0
f 936/76/12 937/77/12 948/75/12
f 948/75/12 937/77/12 949/68/12
s 1
f 938/77/135 939/78/135 950/68/60
f 950/68/60 939/78/135 951/69/60
s 0
f 940/79/15 941/71/15 952/70/15
f 952/70/15 941/71/15 953/64/15
s 1
f 942/72/61 943/73/61 954/61/66
f 954/61/66 943/73/61 955/59/66
s 0
f 944/73/12 945/74/12 956/59/12
f 956/59/12 945/74/12 957/55/12
s 1
f 946/74/136 947/75/137 958/55/68
f 958/55/68 947/75/137 959/54/138
s 0
f 948/75/12 949/68/12 960/54/12
f 962/56/12 960/54/12 963/66/12
f 960/54/12 949/68/12 963/66/12
s 1
f 950/68/60 951/69/60 964/66/64
f 964/66/64 951/69/60 965/67/64
s 0
f 952/70/15 953/64/15 966/65/15
f 966/65/15 953/64/15 967/63/15
s 1
f 954/61/66 955/59/66 968/62/74
f 968/62/74 955/59/66 969/60/74
s 0
f 956/59/12 957/55/12 970/60/12
f 970/60/12 957/55/12 971/58/12
s 1
f 958/55/68 959/54/138 972/58/69
f 959/54/138 961/56/69 972/58/69
f 972/58/69 961/56/69 974/100/139
f 604/53/140 974/100/139 975/57/139
f 974/100/139 961/56/69 975/57/139
s 0
f 976/57/12 962/56/12 977/101/12
f 962/56/12 963/66/12 977/101/12
s 1
f 964/66/64 965/67/64 978/101/73
f 978/101/73 965/67/64 979/102/73
s 0
f 966/65/15 967/63/15 980/103/15
f 980/103/15 967/63/15 981/122/15
s 1
f 968/62/74 969/60/74 982/123/100
f 982/123/100 969/60/74 983/104/100
s 0
f 970/60/12 971/58/12 984/104/12
f 971/58/12 973/100/12 984/104/12
f 984/104/12 973/100/12 985/105/12
f 973/100/12 603/53/12 985/105/12
f 603/53/12 602/52/12 985/105/12
s 1
f 986/105/75 601/52/77 987/106/76
s 0
f 989/138/15 988/108/15 992/109/15
s 1
f 987/106/76 601/52/77 991/110/81
f 991/110/81 601/52/77 994/111/81
s 0
f 993/111/12 602/52/12 996/112/12
f 602/52/12 600/51/12 996/112/12
s 1
f 995/112/141 599/51/142 998/139/143
f 1000/112/144 997/139/143 1002/51/145
f 1002/51/145 997/139/143 1004/140/146
f 998/139/143 599/51/142 1003/140/147
s 0
f 1008/141/12 1006/140/12 1010/118/12
s 1
f 1003/140/147 599/51/142 1009/118/148
f 599/51/142 604/53/140 1009/118/148
f 604/53/140 975/57/139 1009/118/148
s 0
f 1010/118/12 976/57/12 1011/119/12
f 976/57/12 977/101/12 1011/119/12
s 1
f 978/101/73 979/102/73 1012/119/149
f 1012/119/149 979/102/73 1013/120/149
s 0
f 980/103/15 981/122/15 1014/121/15
f 1014/121/15 981/122/15 1016/126/15
s 1
f 982/123/100 983/104/100 1015/124/75
f 983/104/100 986/105/75 1015/124/75
f 986/105/75 987/106/76 1015/124/75
s 0
f 1018/142/15 1016/126/15 1019/143/15
f 1016/126/15 988/108/15 1019/143/15
f 988/108/15 989/138/15 1019/143/15
f 1020/143/15 990/138/15 1021/108/15
f 990/138/15 1023/109/15 1021/108/15
s 1
f 1022/106/106 1024/110/104 1025/52/105
f 1024/110/104 1027/111/104 1025/52/105
s 0
f 1028/111/12 999/112/12 1026/52/12
f 999/112/12 1001/51/12 1026/52/12
f 1026/52/12 1001/51/12 1029/53/12
s 1
f 1030/53/107 1002/51/145 1031/118/150
f 1002/51/145 1004/140/146 1031/118/150
s 0
f 1005/140/12 1007/141/12 1032/118/12
f 1032/118/12 1007/141/12 1034/144/12
f 1008/141/12 1010/118/12 1033/144/12
f 1010/118/12 1011/119/12 1033/144/12
s 1
f 1012/119/149 1013/120/149 1036/144/151
f 1036/144/151 1013/120/149 1037/145/151
s 0
f 1014/121/15 1016/126/15 1040/146/15
f 1016/126/15 1018/142/15 1040/146/15
f 1039/146/15 1017/142/15 1041/126/15
f 1017/142/15 1020/143/15 1041/126/15
f 1020/143/15 1021/108/15 1041/126/15
s 1
f 1042/124/115 1022/106/106 1043/105/115
f 1022/106/106 1025/52/105 1043/105/115
s 0
f 1026/52/12 1029/53/12 1044/105/12
f 1044/105/12 1029/53/12 1045/100/12
s 1
f 1046/100/33 1030/53/107 1047/57/152
f 1030/53/107 1031/118/150 1047/57/152
s 0
f 1048/57/12 1032/118/12 1049/119/12
f 1032/118/12 1034/144/12 1049/119/12
s 1
f 1050/119/153 1035/144/154 1051/120/153
f 1035/144/154 1038/145/154 1051/120/153
s 0
f 1052/121/15 1039/146/15 1053/122/15
f 1039/146/15 1041/126/15 1053/122/15
s 1
f 1054/123/123 1042/124/115 1055/104/122
f 1042/124/115 1043/105/115 1055/104/122
s 0
f 1044/105/12 1045/100/12 1056/104/12
f 1056/104/12 1045/100/12 1057/58/12
s 1
f 1058/58/32 1046/100/33 1059/56/32
f 1046/100/33 1047/57/152 1059/56/32
s 0
f 1060/56/12 1048/57/12 1061/101/12
f 1048/57/12 1049/119/12 1061/101/12
s 1
f 1062/101/124 1050/119/153 1063/102/124
f 1050/119/153 1051/120/153 1063/102/124
s 0
f 1064/103/15 1052/121/15 1065/63/15
f 1052/121/15 1053/122/15 1065/63/15
s 1
f 1066/62/155 1054/123/123 1067/60/36
f 1054/123/123 1055/104/122 1067/60/36
s 0
f 1056/104/12 1057/58/12 1068/60/12
f 1068/60/12 1057/58/12 1069/55/12
s 1
f 1070/55/30 1058/58/32 1071/54/156
f 1058/58/32 1059/56/32 1071/54/156
s 0
f 1072/54/12 1060/56/12 1073/66/12
f 1060/56/12 1061/101/12 1073/66/12
s 1
f 1074/66/125 1062/101/124 1075/67/125
f 1062/101/124 1063/102/124 1075/67/125
s 0
f 1076/65/15 1064/103/15 1077/64/15
f 1064/103/15 1065/63/15 1077/64/15
s 1
f 1078/61/35 1066/62/155 1079/59/35
f 1066/62/155 1067/60/36 1079/59/35
s 0
f 1068/60/12 1069/55/12 1080/59/12
f 1080/59/12 1069/55/12 1081/74/12
s 1
f 1082/74/157 1070/55/30 1083/75/158
f 1070/55/30 1071/54/156 1083/75/158
s 0
f 1084/75/12 1072/54/12 1085/68/12
f 1072/54/12 1073/66/12 1085/68/12
s 1
f 1086/68/126 1074/66/125 1087/69/126
f 1074/66/125 1075/67/125 1087/69/126
s 0
f 1088/70/15 1076/65/15 1089/71/15
f 1076/65/15 1077/64/15 1089/71/15
s 1
f 1090/72/128 1078/61/35 1091/73/40
f 1078/61/35 1079/59/35 1091/73/40
s 0
f 1080/59/12 1081/74/12 1092/73/12
f 1092/73/12 1081/74/12 1093/83/12
s 1
f 1094/83/45 1082/74/157 1095/76/45
f 1082/74/157 1083/75/158 1095/76/45
s 0
f 1096/76/12 1084/75/12 1097/77/12
f 1084/75/12 1085/68/12 1097/77/12
s 1
f 1098/77/159 1086/68/126 1099/78/159
f 1086/68/126 1087/69/126 1099/78/159
s 0
f 1100/79/15 1088/70/15 1101/80/15
f 1088/70/15 1089/71/15 1101/80/15
s 1
f 1102/81/43 1090/72/128 1103/82/43
f 1090/72/128 1091/73/40 1103/82/43
s 0
f 1092/73/12 1093/83/12 1104/82/12
f 1104/82/12 1093/83/12 1105/84/12
s 1
f 1106/84/46 1094/83/45 1107/85/132
f 1094/83/45 1095/76/45 1107/85/132
s 0
f 1108/85/12 1096/76/12 1109/86/12
f 1096/76/12 1097/77/12 1109/86/12
s 1
f 1110/86/48 1098/77/159 1111/87/48
f 1098/77/159 1099/78/159 1111/87/48
s 0
f 1112/88/15 1100/79/15 1113/89/15
f 1100/79/15 1101/80/15 1113/89/15
s 1
f 1114/90/49 1102/81/43 1115/91/49
f 1102/81/43 1103/82/43 1115/91/49
s 0
f 1104/82/12 1105/84/12 1116/91/12
f 1116/91/12 1105/84/12 1120/92/12
f 1120/92/12 1105/84/12 1121/93/12
s 1
f 1124/93/51 1106/84/46 1125/94/51
f 1106/84/46 1107/85/132 1125/94/51
s 0
f 1108/85/12 1109/86/12 1128/94/12
f 1128/94/12 1109/86/12 1129/95/12
s 1
f 1110/86/48 1111/87/48 1132/95/1
f 1132/95/1 1111/87/48 1133/96/1
s 0
f 1136/97/15 1112/88/15 1137/98/15
f 1112/88/15 1113/89/15 1137/98/15
s 1
f 1114/90/49 1115/91/49 1140/99/7
f 1115/91/49 1117/92/7 1140/99/7
f 1142/90/52 1139/99/7 1143/91/52
f 1139/99/7 1118/92/7 1143/91/52
s 0
f 1144/91/12 1119/92/12 1145/84/12
f 1119/92/12 1122/93/12 1145/84/12
s 1
f 1146/84/133 1123/93/51 1147/85/134
f 1123/93/51 1126/94/51 1147/85/134
s 0
f 1148/85/12 1127/94/12 1149/86/12
f 1127/94/12 1130/95/12 1149/86/12
s 1
f 1150/86/55 1131/95/1 1151/87/55
f 1131/95/1 1134/96/1 1151/87/55
s 0
f 1135/97/15 1138/98/15 1152/88/15
f 1138/98/15 1141/89/15 1152/88/15
f 1152/88/15 1141/89/15 1153/80/15
s 1
f 1154/81/160 1142/90/52 1155/82/56
f 1142/90/52 1143/91/52 1155/82/56
s 0
f 1156/82/12 1144/91/12 1157/83/12
f 1144/91/12 1145/84/12 1157/83/12
s 1
f 1158/83/58 1146/84/133 1159/76/58
f 1146/84/133 1147/85/134 1159/76/58
s 0
f 1160/76/12 1148/85/12 1161/77/12
f 1148/85/12 1149/86/12 1161/77/12
s 1
f 1162/77/59 1150/86/55 1163/78/161
f 1150/86/55 1151/87/55 1163/78/161
s 0
f 1152/88/15 1153/80/15 1164/79/15
f 1164/79/15 1153/80/15 1165/71/15
s 1
f 1166/72/162 1154/81/160 1167/73/61
f 1154/81/160 1155/82/56 1167/73/61
s 0
f 1168/73/12 1156/82/12 1169/74/12
f 1156/82/12 1157/83/12 1169/74/12
s 1
f 1170/74/62 1158/83/58 1171/75/163
f 1158/83/58 1159/76/58 1171/75/163
s 0
f 1172/75/12 1160/76/12 1173/68/12
f 1160/76/12 1161/77/12 1173/68/12
s 1
f 1174/68/60 1162/77/59 1175/69/164
f 1162/77/59 1163/78/161 1175/69/164
s 0
f 1164/79/15 1165/71/15 1176/70/15
f 1176/70/15 1165/71/15 1177/64/15
s 1
f 1180/60/74 1178/61/65 1181/59/165
f 1178/61/65 1166/72/162 1181/59/165
f 1166/72/162 1167/73/61 1181/59/165
s 0
f 1182/59/12 1168/73/12 1183/55/12
f 1168/73/12 1169/74/12 1183/55/12
s 1
f 1184/55/68 1170/74/62 1185/54/68
f 1170/74/62 1171/75/163 1185/54/68
s 0
f 1186/54/12 1172/75/12 1187/66/12
f 1172/75/12 1173/68/12 1187/66/12
s 1
f 1188/66/64 1174/68/60 1189/67/64
f 1174/68/60 1175/69/164 1189/67/64
s 0
f 1176/70/15 1177/64/15 1190/65/15
f 1190/65/15 1177/64/15 1191/63/15
s 1
f 1178/61/65 1180/60/74 1192/62/74
f 1192/62/74 1180/60/74 1193/104/99
s 0
f 1196/53/12 1194/104/12 1198/100/12
f 1194/104/12 1179/60/12 1198/100/12
f 1198/100/12 1179/60/12 1199/58/12
f 1179/60/12 1182/59/12 1199/58/12
f 1182/59/12 1183/55/12 1199/58/12
s 1
f 1200/58/69 1184/55/68 1201/56/69
f 1184/55/68 1185/54/68 1201/56/69
s 0
f 1202/56/12 1186/54/12 1203/101/12
f 1186/54/12 1187/66/12 1203/101/12
s 1
f 1204/101/73 1188/66/64 1205/102/73
f 1188/66/64 1189/67/64 1205/102/73
s 0
f 1190/65/15 1191/63/15 1206/103/15
f 1206/103/15 1191/63/15 1207/122/15
s 1
f 1192/62/74 1193/104/99 1208/123/100
f 1208/123/100 1193/104/99 1209/105/166
s 0
f 1194/104/12 1196/53/12 1210/105/12
f 1210/105/12 1196/53/12 1211/52/12
f 1196/53/12 1214/51/12 1211/52/12
f 1215/129/15 1218/108/15 1220/109/15
s 1
f 1219/110/81 1217/106/77 1222/111/81
f 1217/106/77 1212/52/76 1222/111/81
s 0
f 1221/111/12 1211/52/12 1224/112/12
f 1211/52/12 1214/51/12 1224/112/12
s 1
f 1223/112/82 1213/51/167 1226/114/168
f 1228/112/169 1225/114/170 1230/51/171
f 1230/51/171 1225/114/170 1232/115/172
f 1226/114/168 1213/51/167 1231/115/173
s 0
f 1236/130/12 1234/115/12 1237/118/12
s 1
f 1231/115/173 1213/51/167 1238/118/174
f 1213/51/167 1195/53/93 1238/118/174
f 1195/53/93 1197/100/72 1238/118/174
f 1238/118/174 1197/100/72 1239/57/72
f 1197/100/72 1200/58/69 1239/57/72
f 1200/58/69 1201/56/69 1239/57/72
s 0
f 1240/57/12 1202/56/12 1241/119/12
f 1202/56/12 1203/101/12 1241/119/12
s 1
f 1242/119/175 1204/101/73 1243/120/176
f 1204/101/73 1205/102/73 1243/120/176
s 0
f 1206/103/15 1207/122/15 1244/121/15
f 1244/121/15 1207/122/15 1246/126/15
s 1
f 1208/123/100 1209/105/166 1245/124/75
f 1209/105/166 1212/52/76 1245/124/75
f 1212/52/76 1217/106/77 1245/124/75
s 0
f 1248/136/15 1246/126/15 1249/128/15
f 1246/126/15 1218/108/15 1249/128/15
f 1218/108/15 1215/129/15 1249/128/15
f 1250/128/15 1216/129/15 1251/108/15
f 1216/129/15 1253/109/15 1251/108/15
s 1
f 1254/110/104 1255/111/104 1252/106/106
f 1252/106/106 1255/111/104 1257/52/105
s 0
f 1256/111/12 1227/112/12 1258/52/12
f 1227/112/12 1229/51/12 1258/52/12
f 1258/52/12 1229/51/12 1259/53/12
s 1
f 1260/53/107 1230/51/171 1261/118/108
f 1230/51/171 1232/115/172 1261/118/108
s 0
f 1233/115/12 1235/130/12 1262/118/12
f 1262/118/12 1235/130/12 1264/131/12
f 1236/130/12 1237/118/12 1263/131/12
f 1237/118/12 1240/57/12 1263/131/12
f 1240/57/12 1241/119/12 1263/131/12
s 1
f 1266/131/1 1242/119/175 1267/137/1
f 1242/119/175 1243/120/176 1267/137/1
s 0
f 1244/121/15 1246/126/15 1270/135/15
f 1246/126/15 1248/136/15 1270/135/15
f 1269/135/15 1247/136/15 1271/126/15
f 1247/136/15 1250/128/15 1271/126/15
f 1250/128/15 1251/108/15 1271/126/15
s 1
f 1252/106/106 1257/52/105 1272/124/116
f 1272/124/116 1257/52/105 1273/105/115
s 0
f 1258/52/12 1259/53/12 1274/105/12
f 1274/105/12 1259/53/12 1276/104/12
f 1276/104/12 1259/53/12 1277/100/12
s 1
f 1260/53/107 1261/118/108 1278/100/177
f 1278/100/177 1261/118/108 1279/57/33
s 0
f 1262/118/12 1264/131/12 1280/57/12
f 1280/57/12 1264/131/12 1281/119/12
s 1
f 1265/131/1 1268/137/1 1282/119/153
f 1282/119/153 1268/137/1 1283/120/153
s 0
f 1269/135/15 1271/126/15 1284/121/15
f 1284/121/15 1271/126/15 1285/122/15
s 1
f 1272/124/116 1273/105/115 1286/123/122
f 1273/105/115 1275/104/178 1286/123/122
f 1286/123/122 1275/104/178 1288/62/36
f 1288/62/36 1275/104/178 1289/60/36
s 0
f 1276/104/12 1277/100/12 1290/60/12
f 1290/60/12 1277/100/12 1291/58/12
s 1
f 1278/100/177 1279/57/33 1292/58/32
f 1292/58/32 1279/57/33 1293/56/32
s 0
f 1280/57/12 1281/119/12 1294/56/12
f 1294/56/12 1281/119/12 1295/101/12
s 1
f 1282/119/153 1283/120/153 1296/101/124
f 1296/101/124 1283/120/153 1297/102/124
s 0
f 1284/121/15 1285/122/15 1298/103/15
f 1285/122/15 1287/63/15 1298/103/15
f 1298/103/15 1287/63/15 1300/65/15
f 1300/65/15 1287/63/15 1301/64/15
s 1
f 1288/62/36 1289/60/36 1302/61/179
f 1302/61/179 1289/60/36 1303/59/35
s 0
f 1290/60/12 1291/58/12 1304/59/12
f 1304/59/12 1291/58/12 1305/55/12
s 1
f 1292/58/32 1293/56/32 1306/55/180
f 1306/55/180 1293/56/32 1307/54/31
s 0
f 1294/56/12 1295/101/12 1308/54/12
f 1308/54/12 1295/101/12 1309/66/12
s 1
f 1296/101/124 1297/102/124 1310/66/125
f 1297/102/124 1299/67/125 1310/66/125
f 1310/66/125 1299/67/125 1312/68/126
f 1312/68/126 1299/67/125 1313/69/126
s 0
f 1300/65/15 1301/64/15 1314/70/15
f 1314/70/15 1301/64/15 1315/71/15
s 1
f 1302/61/179 1303/59/35 1316/72/40
f 1316/72/40 1303/59/35 1317/73/128
s 0
f 1304/59/12 1305/55/12 1318/73/12
f 1318/73/12 1305/55/12 1319/74/12
s 1
f 1306/55/180 1307/54/31 1320/74/129
f 1320/74/129 1307/54/31 1321/75/41
s 0
f 1308/54/12 1309/66/12 1322/75/12
f 1309/66/12 1311/68/12 1322/75/12
f 1322/75/12 1311/68/12 1324/76/12
f 1324/76/12 1311/68/12 1325/77/12
s 1
f 1312/68/126 1313/69/126 1326/77/159
f 1326/77/159 1313/69/126 1327/78/159
s 0
f 1314/70/15 1315/71/15 1328/79/15
f 1328/79/15 1315/71/15 1329/80/15
s 1
f 1316/72/40 1317/73/128 1330/81/181
f 1330/81/181 1317/73/128 1331/82/43
s 0
f 1318/73/12 1319/74/12 1332/82/12
f 1332/82/12 1319/74/12 1333/83/12
s 1
f 1320/74/129 1321/75/41 1334/83/45
f 1321/75/41 1323/76/45 1334/83/45
f 1334/83/45 1323/76/45 1336/84/46
f 1336/84/46 1323/76/45 1337/85/182
s 0
f 1324/76/12 1325/77/12 1338/85/12
f 1338/85/12 1325/77/12 1339/86/12
s 1
f 1326/77/159 1327/78/159 1340/86/183
f 1340/86/183 1327/78/159 1341/87/183
s 0
f 1328/79/15 1329/80/15 1342/88/15
f 1342/88/15 1329/80/15 1343/89/15
s 1
f 1330/81/181 1331/82/43 1344/90/49
f 1344/90/49 1331/82/43 1345/91/49
s 0
f 1332/82/12 1333/83/12 1346/91/12
f 1333/83/12 1335/84/12 1346/91/12
f 1346/91/12 1335/84/12 1350/92/12
f 1350/92/12 1335/84/12 1351/93/12
s 1
f 1336/84/46 1337/85/182 1354/93/51
f 1354/93/51 1337/85/182 1355/94/51
s 0
f 1338/85/12 1339/86/12 1358/94/12
f 1358/94/12 1339/86/12 1359/95/12
s 1
f 1340/86/183 1341/87/183 1362/95/1
f 1362/95/1 1341/87/183 1363/96/1
s 0
f 1366/97/15 1342/88/15 1367/98/15
f 1342/88/15 1343/89/15 1367/98/15
s 1
f 1344/90/49 1345/91/49 1370/99/7
f 1345/91/49 1347/92/7 1370/99/7
f 1372/90/52 1369/99/7 1373/91/52
f 1369/99/7 1348/92/7 1373/91/52
s 0
f 1374/91/12 1349/92/12 1375/84/12
f 1349/92/12 1352/93/12 1375/84/12
s 1
f 1353/93/51 1356/94/51 1376/84/133
f 1376/84/133 1356/94/51 1377/85/184
s 0
f 1378/85/12 1357/94/12 1379/86/12
f 1357/94/12 1360/95/12 1379/86/12
s 1
f 1380/86/55 1361/95/1 1381/87/55
f 1361/95/1 1364/96/1 1381/87/55
s 0
f 1365/97/15 1368/98/15 1382/88/15
f 1368/98/15 1371/89/15 1382/88/15
f 1382/88/15 1371/89/15 1383/80/15
s 1
f 1372/90/52 1373/91/52 1384/81/56
f 1384/81/56 1373/91/52 1385/82/160
s 0
f 1374/91/12 1375/84/12 1386/82/12
f 1386/82/12 1375/84/12 1387/83/12
s 1
f 1376/84/133 1377/85/184 1388/83/58
f 1388/83/58 1377/85/184 1389/76/58
s 0
f 1378/85/12 1379/86/12 1390/76/12
f 1390/76/12 1379/86/12 1391/77/12
s 1
f 1380/86/55 1381/87/55 1392/77/135
f 1392/77/135 1381/87/55 1393/78/135
s 0
f 1382/88/15 1383/80/15 1394/79/15
f 1394/79/15 1383/80/15 1395/71/15
s 1
f 1384/81/56 1385/82/160 1396/72/61
f 1396/72/61 1385/82/160 1397/73/61
s 0
f 1386/82/12 1387/83/12 1398/73/12
f 1398/73/12 1387/83/12 1399/74/12
s 1
f 1388/83/58 1389/76/58 1400/74/185
f 1400/74/185 1389/76/58 1401/75/186
s 0
f 1390/76/12 1391/77/12 1402/75/12
f 1402/75/12 1391/77/12 1403/68/12
s 1
f 1392/77/135 1393/78/135 1404/68/60
f 1404/68/60 1393/78/135 1405/69/60
s 0
f 1394/79/15 1395/71/15 1406/70/15
f 1406/70/15 1395/71/15 1407/64/15
s 1
f 1396/72/61 1397/73/61 1408/61/65
f 1408/61/65 1397/73/61 1409/59/187
s 0
f 1398/73/12 1399/74/12 1410/59/12
f 1410/59/12 1399/74/12 1411/55/12
s 1
f 1400/74/185 1401/75/186 1412/55/188
f 1412/55/188 1401/75/186 1413/54/188
s 0
f 1402/75/12 1403/68/12 1414/54/12
f 1416/56/12 1414/54/12 1417/66/12
f 1414/54/12 1403/68/12 1417/66/12
s 1
f 1404/68/60 1405/69/60 1418/66/189
f 1418/66/189 1405/69/60 1419/67/64
s 0
f 1406/70/15 1407/64/15 1420/65/15
f 1420/65/15 1407/64/15 1421/63/15
s 1
f 1408/61/65 1409/59/187 1422/62/74
f 1422/62/74 1409/59/187 1423/60/74
s 0
f 1410/59/12 1411/55/12 1424/60/12
f 1424/60/12 1411/55/12 1425/58/12
s 1
f 1412/55/188 1413/54/188 1426/58/69
f 1413/54/188 1415/56/69 1426/58/69
f 1426/58/69 1415/56/69 1428/100/139
f 598/53/93 1428/100/139 1429/57/72
f 1428/100/139 1415/56/69 1429/57/72
s 0
f 1430/57/12 1416/56/12 1431/101/12
f 1416/56/12 1417/66/12 1431/101/12
s 1
f 1418/66/189 1419/67/64 1432/101/73
f 1432/101/73 1419/67/64 1433/102/73
s 0
f 1420/65/15 1421/63/15 1434/103/15
f 1434/103/15 1421/63/15 1435/122/15
s 1
f 1422/62/74 1423/60/74 1436/123/99
f 1436/123/99 1423/60/74 1437/104/100
s 0
f 1424/60/12 1425/58/12 1438/104/12
f 1425/58/12 1427/100/12 1438/104/12
f 1438/104/12 1427/100/12 1439/105/12
f 1427/100/12 597/53/12 1439/105/12
f 597/53/12 596/52/12 1439/105/12
s 1
f 1440/105/75 595/52/76 1441/106/76
s 0
f 1443/107/15 1442/108/15 1446/109/15
s 1
f 1441/106/76 595/52/76 1445/110/81
f 1445/110/81 595/52/76 1448/111/81
s 0
f 1447/111/12 596/52/12 1450/112/12
f 596/52/12 594/51/12 1450/112/12
s 1
f 1449/112/82 593/51/190 1452/113/168
f 1454/112/169 1451/113/170 1456/51/191
f 1456/51/191 1451/113/170 1458/116/192
f 1452/113/168 593/51/190 1457/116/193
f 593/51/190 598/53/93 1457/116/193
f 1462/117/194 1460/116/195 1464/118/196
f 1457/116/193 598/53/93 1463/118/93
f 598/53/93 1429/57/72 1463/118/93
f 1464/118/196 1430/57/12 1465/119/12
s 0
f 1430/57/12 1431/101/12 1465/119/12
s 1
f 1432/101/73 1433/102/73 1466/119/197
f 1466/119/197 1433/102/73 1467/120/197
s 0
f 1434/103/15 1435/122/15 1468/121/15
f 1468/121/15 1435/122/15 1470/126/15
s 1
f 1436/123/99 1437/104/100 1469/124/75
f 1437/104/100 1440/105/75 1469/124/75
f 1440/105/75 1441/106/76 1469/124/75
s 0
f 1472/125/15 1470/126/15 1473/127/15
f 1470/126/15 1442/108/15 1473/127/15
f 1442/108/15 1443/107/15 1473/127/15
f 1474/127/15 1444/107/15 1475/108/15
f 1444/107/15 1477/109/15 1475/108/15
s 1
f 1476/106/106 1478/110/104 1479/52/106
f 1478/110/104 1481/111/104 1479/52/106
s 0
f 1482/111/12 1453/112/12 1480/52/12
f 1453/112/12 1455/51/12 1480/52/12
f 1480/52/12 1455/51/12 1483/53/12
s 1
f 1456/51/191 1458/116/192 1484/53/107
f 1484/53/107 1458/116/192 1485/118/198
f 1459/116/195 1461/117/194 1486/118/199
f 1486/118/199 1461/117/194 1488/132/12
f 1462/117/194 1464/118/196 1487/132/12
f 1464/118/196 1465/119/12 1487/132/12
f 1466/119/197 1467/120/197 1490/132/151
f 1490/132/151 1467/120/197 1491/133/151
s 0
f 1468/121/15 1470/126/15 1494/134/15
f 1470/126/15 1472/125/15 1494/134/15
f 1493/134/15 1471/125/15 1495/126/15
f 1471/125/15 1474/127/15 1495/126/15
f 1474/127/15 1475/108/15 1495/126/15
s 1
f 1496/124/115 1476/106/106 1497/105/115
f 1476/106/106 1479/52/106 1497/105/115
s 0
f 1480/52/12 1483/53/12 1498/105/12
f 1498/105/12 1483/53/12 1499/100/12
s 1
f 1500/100/152 1484/53/107 1501/57/152
f 1484/53/107 1485/118/198 1501/57/152
f 1502/57/12 1486/118/199 1503/119/12
f 1486/118/199 1488/132/12 1503/119/12
f 1504/119/200 1489/132/1 1505/120/200
f 1489/132/1 1492/133/1 1505/120/200
s 0
f 1506/121/15 1493/134/15 1507/122/15
f 1493/134/15 1495/126/15 1507/122/15
s 1
f 1508/123/123 1496/124/115 1509/104/122
f 1496/124/115 1497/105/115 1509/104/122
s 0
f 1498/105/12 1499/100/12 1510/104/12
f 1510/104/12 1499/100/12 1511/58/12
s 1
f 1512/58/32 1500/100/152 1513/56/32
f 1500/100/152 1501/57/152 1513/56/32
s 0
f 1514/56/12 1502/57/12 1515/101/12
f 1502/57/12 1503/119/12 1515/101/12
s 1
f 1516/101/124 1504/119/200 1517/102/124
f 1504/119/200 1505/120/200 1517/102/124
s 0
f 1518/103/15 1506/121/15 1519/63/15
f 1506/121/15 1507/122/15 1519/63/15
s 1
f 1520/62/155 1508/123/123 1521/60/36
f 1508/123/123 1509/104/122 1521/60/36
s 0
f 1510/104/12 1511/58/12 1522/60/12
f 1522/60/12 1511/58/12 1523/55/12
s 1
f 1524/55/201 1512/58/32 1525/54/30
f 1512/58/32 1513/56/32 1525/54/30
s 0
f 1526/54/12 1514/56/12 1527/66/12
f 1514/56/12 1515/101/12 1527/66/12
s 1
f 1528/66/125 1516/101/124 1529/67/125
f 1516/101/124 1517/102/124 1529/67/125
s 0
f 1530/65/15 1518/103/15 1531/64/15
f 1518/103/15 1519/63/15 1531/64/15
s 1
f 1532/61/202 1520/62/155 1533/59/202
f 1520/62/155 1521/60/36 1533/59/202
s 0
f 1522/60/12 1523/55/12 1534/59/12
f 1534/59/12 1523/55/12 1535/74/12
s 1
f 1536/74/157 1524/55/201 1537/75/158
f 1524/55/201 1525/54/30 1537/75/158
s 0
f 1538/75/12 1526/54/12 1539/68/12
f 1526/54/12 1527/66/12 1539/68/12
s 1
f 1540/68/126 1528/66/125 1541/69/126
f 1528/66/125 1529/67/125 1541/69/126
s 0
f 1542/70/15 1530/65/15 1543/71/15
f 1530/65/15 1531/64/15 1543/71/15
s 1
f 1544/72/40 1532/61/202 1545/73/128
f 1532/61/202 1533/59/202 1545/73/128
s 0
f 1534/59/12 1535/74/12 1546/73/12
f 1546/73/12 1535/74/12 1547/83/12
s 1
f 1548/83/45 1536/74/157 1549/76/45
f 1536/74/157 1537/75/158 1549/76/45
s 0
f 1550/76/12 1538/75/12 1551/77/12
f 1538/75/12 1539/68/12 1551/77/12
s 1
f 1552/77/159 1540/68/126 1553/78/159
f 1540/68/126 1541/69/126 1553/78/159
s 0
f 1554/79/15 1542/70/15 1555/80/15
f 1542/70/15 1543/71/15 1555/80/15
s 1
f 1556/81/43 1544/72/40 1557/82/43
f 1544/72/40 1545/73/128 1557/82/43
s 0
f 1546/73/12 1547/83/12 1558/82/12
f 1558/82/12 1547/83/12 1559/84/12
s 1
f 1560/84/46 1548/83/45 1561/85/132
f 1548/83/45 1549/76/45 1561/85/132
s 0
f 1562/85/12 1550/76/12 1563/86/12
f 1550/76/12 1551/77/12 1563/86/12
s 1
f 1564/86/48 1552/77/159 1565/87/48
f 1552/77/159 1553/78/159 1565/87/48
s 0
f 1566/88/15 1554/79/15 1567/89/15
f 1554/79/15 1555/80/15 1567/89/15
s 1
f 1568/90/49 1556/81/43 1569/91/49
f 1556/81/43 1557/82/43 1569/91/49
s 0
f 1558/82/12 1559/84/12 1570/91/12
f 1570/91/12 1559/84/12 1574/92/12
f 1574/92/12 1559/84/12 1575/93/12
s 1
f 1578/93/51 1560/84/46 1579/94/51
f 1560/84/46 1561/85/132 1579/94/51
s 0
f 1562/85/12 1563/86/12 1582/94/12
f 1582/94/12 1563/86/12 1583/95/12
s 1
f 1564/86/48 1565/87/48 1586/95/1
f 1586/95/1 1565/87/48 1587/96/1
s 0
f 1590/97/15 1566/88/15 1591/98/15
f 1566/88/15 1567/89/15 1591/98/15
s 1
f 1568/90/49 1569/91/49 1594/99/7
f 1569/91/49 1571/92/7 1594/99/7
f 1596/90/52 1593/99/7 1597/91/52
f 1593/99/7 1572/92/7 1597/91/52
s 0
f 1598/91/12 1573/92/12 1599/84/12
f 1573/92/12 1576/93/12 1599/84/12
s 1
f 1600/84/133 1577/93/51 1601/85/134
f 1577/93/51 1580/94/51 1601/85/134
s 0
f 1602/85/12 1581/94/12 1603/86/12
f 1581/94/12 1584/95/12 1603/86/12
s 1
f 1604/86/55 1585/95/1 1605/87/55
f 1585/95/1 1588/96/1 1605/87/55
s 0
f 1589/97/15 1592/98/15 1606/88/15
f 1592/98/15 1595/89/15 1606/88/15
f 1606/88/15 1595/89/15 1607/80/15
s 1
f 1608/81/160 1596/90/52 1609/82/56
f 1596/90/52 1597/91/52 1609/82/56
s 0
f 1610/82/12 1598/91/12 1611/83/12
f 1598/91/12 1599/84/12 1611/83/12
s 1
f 1612/83/58 1600/84/133 1613/76/58
f 1600/84/133 1601/85/134 1613/76/58
s 0
f 1614/76/12 1602/85/12 1615/77/12
f 1602/85/12 1603/86/12 1615/77/12
s 1
f 1616/77/135 1604/86/55 1617/78/135
f 1604/86/55 1605/87/55 1617/78/135
s 0
f 1606/88/15 1607/80/15 1618/79/15
f 1618/79/15 1607/80/15 1619/71/15
s 1
f 1620/72/61 1608/81/160 1621/73/61
f 1608/81/160 1609/82/56 1621/73/61
s 0
f 1622/73/12 1610/82/12 1623/74/12
f 1610/82/12 1611/83/12 1623/74/12
s 1
f 1624/74/203 1612/83/58 1625/75/163
f 1612/83/58 1613/76/58 1625/75/163
s 0
f 1626/75/12 1614/76/12 1627/68/12
f 1614/76/12 1615/77/12 1627/68/12
s 1
f 1628/68/60 1616/77/135 1629/69/60
f 1616/77/135 1617/78/135 1629/69/60
s 0
f 1618/79/15 1619/71/15 1630/70/15
f 1630/70/15 1619/71/15 1631/64/15
s 1
f 1634/60/74 1632/61/204 1635/59/66
f 1632/61/204 1620/72/61 1635/59/66
f 1620/72/61 1621/73/61 1635/59/66
s 0
f 1636/59/12 1622/73/12 1637/55/12
f 1622/73/12 1623/74/12 1637/55/12
s 1
f 1638/55/68 1624/74/203 1639/54/68
f 1624/74/203 1625/75/163 1639/54/68
s 0
f 1640/54/12 1626/75/12 1641/66/12
f 1626/75/12 1627/68/12 1641/66/12
s 1
f 1642/66/64 1628/68/60 1643/67/64
f 1628/68/60 1629/69/60 1643/67/64
s 0
f 1630/70/15 1631/64/15 1644/65/15
f 1644/65/15 1631/64/15 1645/63/15
s 1
f 1632/61/204 1634/60/74 1646/62/74
f 1646/62/74 1634/60/74 1647/104/100
s 0
f 1650/105/12 1648/104/12 1652/53/12
f 1652/53/12 1648/104/12 1654/100/12
f 1648/104/12 1633/60/12 1654/100/12
f 1654/100/12 1633/60/12 1655/58/12
f 1633/60/12 1636/59/12 1655/58/12
f 1636/59/12 1637/55/12 1655/58/12
s 1
f 1656/58/69 1638/55/68 1657/56/69
f 1638/55/68 1639/54/68 1657/56/69
s 0
f 1658/56/12 1640/54/12 1659/101/12
f 1640/54/12 1641/66/12 1659/101/12
s 1
f 1660/101/73 1642/66/64 1661/102/73
f 1642/66/64 1643/67/64 1661/102/73
s 0
f 1644/65/15 1645/63/15 1662/103/15
f 1662/103/15 1645/63/15 1663/122/15
s 1
f 1646/62/74 1647/104/100 1664/123/100
f 1647/104/100 1649/105/166 1664/123/100
f 1664/123/100 1649/105/166 1666/124/75
f 1668/106/77 1666/124/75 1669/52/76
f 1666/124/75 1649/105/166 1669/52/76
s 0
f 1650/105/12 1652/53/12 1670/52/12
f 1670/52/12 1652/53/12 1671/51/12
s 1
f 1651/53/205 1674/147/206 1672/51/167
f 1672/51/167 1674/147/206 1675/148/207
f 1678/50/208 1680/49/209 1681/47/208
s 0
f 1684/41/6 1686/42/6 1687/43/6
f 1686/42/6 1690/44/6 1687/43/6
s 1
f 1688/43/210 1689/44/211 1691/45/210
f 1689/44/211 1694/46/211 1691/45/210
s 0
f 1693/46/3 1682/47/3 1692/45/3
f 1692/45/3 1682/47/3 1695/48/3
s 1
f 1681/47/208 1680/49/209 1696/48/209
f 1696/48/209 1680/49/209 1697/149/212
f 1679/49/213 1676/150/214 1698/149/215
f 1676/150/214 1673/151/206 1698/149/215
f 1698/149/215 1673/151/206 1699/152/216
f 1674/147/206 1651/53/205 1700/153/216
f 1651/53/205 1653/100/72 1700/153/216
f 1700/153/216 1653/100/72 1704/154/217
f 1704/154/217 1653/100/72 1705/57/72
f 1653/100/72 1656/58/69 1705/57/72
f 1656/58/69 1657/56/69 1705/57/72
f 1706/57/218 1658/56/12 1707/119/219
f 1658/56/12 1659/101/12 1707/119/219
f 1708/119/220 1660/101/73 1709/120/221
f 1660/101/73 1661/102/73 1709/120/221
s 0
f 1662/103/15 1663/122/15 1710/121/15
f 1663/122/15 1665/126/15 1710/121/15
f 1710/121/15 1665/126/15 1711/135/15
f 1711/135/15 1665/126/15 1713/136/15
f 1713/136/15 1665/126/15 1714/128/15
f 1665/126/15 1667/108/15 1714/128/15
f 1714/128/15 1667/108/15 1715/129/15
f 1715/129/15 1667/108/15 1717/109/15
s 1
f 1716/110/81 1668/106/77 1719/111/81
f 1668/106/77 1669/52/76 1719/111/81
s 0
f 1718/111/12 1670/52/12 1721/112/12
f 1670/52/12 1671/51/12 1721/112/12
s 1
f 1720/112/222 1672/51/167 1723/155/223
f 1672/51/167 1675/148/207 1723/155/223
f 1676/150/214 1679/49/213 1722/156/224
f 1679/49/213 1677/50/225 1722/156/224
f 1722/156/224 1677/50/225 1724/157/226
f 1724/157/226 1677/50/225 1726/158/227
f 1725/158/228 1678/50/208 1728/159/228
f 1678/50/208 1681/47/208 1728/159/228
s 0
f 1727/159/3 1682/47/3 1730/160/3
f 1682/47/3 1693/46/3 1730/160/3
s 1
f 1729/160/211 1694/46/211 1732/161/211
f 1694/46/211 1689/44/211 1732/161/211
s 0
f 1690/44/6 1686/42/6 1731/161/6
f 1731/161/6 1686/42/6 1734/162/6
s 1
f 1733/163/229 1685/164/229 1735/165/229
f 1735/165/229 1685/164/229 1736/166/229
f 1685/164/229 1683/167/230 1736/166/229
f 1736/166/229 1683/167/230 1737/168/231
f 1737/168/231 1683/167/230 1738/169/232
f 1740/170/233 1738/169/232 1741/171/234
f 1738/169/232 1683/167/230 1741/171/234
s 0
f 1742/172/6 1684/41/6 1743/173/6
f 1684/41/6 1687/43/6 1743/173/6
s 1
f 1744/173/235 1688/43/210 1745/174/235
f 1688/43/210 1691/45/210 1745/174/235
s 0
f 1692/45/3 1695/48/3 1746/174/3
f 1746/174/3 1695/48/3 1747/175/3
s 1
f 1696/48/209 1697/149/212 1748/175/212
f 1748/175/212 1697/149/212 1749/176/236
f 1698/149/215 1699/152/216 1750/176/237
f 1750/176/237 1699/152/216 1751/177/238
f 1699/152/216 1701/178/239 1751/177/238
f 1752/177/3 1702/178/240 1753/179/241
f 1703/154/241 1706/57/218 1756/180/241
f 1706/57/218 1707/119/219 1756/180/241
f 1755/180/242 1708/119/220 1757/181/243
f 1708/119/220 1709/120/221 1757/181/243
f 1709/120/221 1712/137/244 1757/181/243
f 1712/137/244 1739/182/245 1757/181/243
f 1758/183/246 1740/170/233 1759/184/247
f 1740/170/233 1741/171/234 1759/184/247
s 0
f 1760/185/6 1742/172/6 1761/186/6
f 1742/172/6 1743/173/6 1761/186/6
s 1
f 1762/186/248 1744/173/235 1763/187/248
f 1744/173/235 1745/174/235 1763/187/248
s 0
f 1746/174/3 1747/175/3 1764/187/3
f 1764/187/3 1747/175/3 1765/188/3
s 1
f 1748/175/212 1749/176/236 1766/188/236
f 1766/188/236 1749/176/236 1767/189/249
f 1750/176/237 1751/177/238 1768/189/250
f 1768/189/250 1751/177/238 1769/190/250
f 1752/177/3 1753/179/241 1770/190/3
f 1770/190/3 1753/179/241 1771/191/3
f 1754/179/251 1758/183/246 1772/191/252
f 1772/191/252 1758/183/246 1773/192/253
f 1758/183/246 1759/184/247 1773/192/253
s 0
f 1774/193/6 1760/185/6 1775/194/6
f 1760/185/6 1761/186/6 1775/194/6
s 1
f 1776/194/254 1762/186/248 1777/195/255
f 1762/186/248 1763/187/248 1777/195/255
s 0
f 1764/187/3 1765/188/3 1778/195/3
f 1778/195/3 1765/188/3 1779/196/3
s 1
f 1766/188/236 1767/189/249 1780/196/249
f 1780/196/249 1767/189/249 1781/197/256
f 1782/197/257 1768/189/250 1783/198/257
f 1768/189/250 1769/190/250 1783/198/257
s 0
f 1784/198/3 1770/190/3 1785/199/3
f 1770/190/3 1771/191/3 1785/199/3
s 1
f 1786/199/258 1772/191/252 1787/200/258
f 1772/191/252 1773/192/253 1787/200/258
s 0
f 1788/201/6 1774/193/6 1789/202/6
f 1774/193/6 1775/194/6 1789/202/6
s 1
f 1790/202/259 1776/194/254 1791/203/259
f 1776/194/254 1777/195/255 1791/203/259
s 0
f 1792/203/3 1778/195/3 1793/204/3
f 1778/195/3 1779/196/3 1793/204/3
s 1
f 1780/196/249 1781/197/256 1794/204/259
f 1794/204/259 1781/197/256 1795/205/22
f 1796/205/260 1782/197/257 1797/206/260
f 1782/197/257 1783/198/257 1797/206/260
s 0
f 1798/206/3 1784/198/3 1799/207/3
f 1784/198/3 1785/199/3 1799/207/3
s 1
f 1800/207/261 1786/199/258 1801/208/261
f 1786/199/258 1787/200/258 1801/208/261
s 0
f 1802/209/6 1788/201/6 1803/210/6
f 1788/201/6 1789/202/6 1803/210/6
s 1
f 1804/210/22 1790/202/259 1805/211/22
f 1790/202/259 1791/203/259 1805/211/22
s 0
f 1806/211/3 1792/203/3 1807/212/3
f 1792/203/3 1793/204/3 1807/212/3
s 1
f 1794/204/259 1795/205/22 1808/212/21
f 1808/212/21 1795/205/22 1809/213/262
f 1810/213/263 1796/205/260 1811/214/263
f 1796/205/260 1797/206/260 1811/214/263
s 0
f 1812/214/3 1798/206/3 1813/215/3
f 1798/206/3 1799/207/3 1813/215/3
s 1
f 1814/215/264 1800/207/261 1815/216/264
f 1800/207/261 1801/208/261 1815/216/264
s 0
f 1816/217/6 1802/209/6 1817/218/6
f 1802/209/6 1803/210/6 1817/218/6
s 1
f 1818/218/262 1804/210/22 1819/219/262
f 1804/210/22 1805/211/22 1819/219/262
s 0
f 1820/219/3 1806/211/3 1821/220/3
f 1806/211/3 1807/212/3 1821/220/3
s 1
f 1808/212/21 1809/213/262 1822/220/262
f 1822/220/262 1809/213/262 1823/221/265
f 1824/221/266 1810/213/263 1825/222/267
f 1810/213/263 1811/214/263 1825/222/267
s 0
f 1826/222/3 1812/214/3 1827/223/3
f 1812/214/3 1813/215/3 1827/223/3
s 1
f 1828/223/268 1814/215/264 1829/224/269
f 1814/215/264 1815/216/264 1829/224/269
s 0
f 1830/225/6 1816/217/6 1831/226/6
f 1816/217/6 1817/218/6 1831/226/6
s 1
f 1832/226/270 1818/218/262 1833/227/270
f 1818/218/262 1819/219/262 1833/227/270
s 0
f 1834/227/3 1820/219/3 1835/228/3
f 1820/219/3 1821/220/3 1835/228/3
s 1
f 1822/220/262 1823/221/265 1836/228/265
f 1836/228/265 1823/221/265 1837/229/271
f 1838/229/272 1824/221/266 1839/230/273
f 1824/221/266 1825/222/267 1839/230/273
s 0
f 1840/230/3 1826/222/3 1841/231/3
f 1826/222/3 1827/223/3 1841/231/3
s 1
f 1842/231/274 1828/223/268 1843/232/275
f 1828/223/268 1829/224/269 1843/232/275
s 0
f 1844/233/6 1830/225/6 1845/234/6
f 1830/225/6 1831/226/6 1845/234/6
s 1
f 1846/234/276 1832/226/270 1847/235/276
f 1832/226/270 1833/227/270 1847/235/276
s 0
f 1848/235/3 1834/227/3 1849/236/3
f 1834/227/3 1835/228/3 1849/236/3
s 1
f 1836/228/265 1837/229/271 1850/236/271
f 1850/236/271 1837/229/271 1851/237/277
f 1852/237/278 1838/229/272 1853/238/278
f 1838/229/272 1839/230/273 1853/238/278
s 0
f 1854/238/3 1840/230/3 1855/239/3
f 1840/230/3 1841/231/3 1855/239/3
s 1
f 1856/239/279 1842/231/274 1857/240/280
f 1842/231/274 1843/232/275 1857/240/280
s 0
f 1858/241/6 1844/233/6 1859/242/6
f 1844/233/6 1845/234/6 1859/242/6
s 1
f 1860/242/277 1846/234/276 1861/243/277
f 1846/234/276 1847/235/276 1861/243/277
s 0
f 1862/243/3 1848/235/3 1863/244/3
f 1848/235/3 1849/236/3 1863/244/3
s 1
f 1850/236/271 1851/237/277 1864/244/277
f 1864/244/277 1851/237/277 1865/245/281
f 1866/245/282 1852/237/278 1867/246/282
f 1852/237/278 1853/238/278 1867/246/282
s 0
f 1868/246/3 1854/238/3 1869/247/3
f 1854/238/3 1855/239/3 1869/247/3
s 1
f 1870/247/283 1856/239/279 1871/248/284
f 1856/239/279 1857/240/280 1871/248/284
s 0
f 1872/249/6 1858/241/6 1873/250/6
f 1858/241/6 1859/242/6 1873/250/6
s 1
f 1874/250/285 1860/242/277 1875/251/285
f 1860/242/277 1861/243/277 1875/251/285
s 0
f 1876/251/3 1862/243/3 1877/252/3
f 1862/243/3 1863/244/3 1877/252/3
s 1
f 1864/244/277 1865/245/281 1878/252/281
f 1878/252/281 1865/245/281 1879/253/286
f 1880/253/287 1866/245/282 1881/254/287
f 1866/245/282 1867/246/282 1881/254/287
s 0
f 1882/254/3 1868/246/3 1883/255/3
f 1868/246/3 1869/247/3 1883/255/3
s 1
f 1884/255/288 1870/247/283 1885/256/288
f 1870/247/283 1871/248/284 1885/256/288
s 0
f 1886/257/6 1872/249/6 1887/258/6
f 1872/249/6 1873/250/6 1887/258/6
s 1
f 1888/258/289 1874/250/285 1889/259/289
f 1874/250/285 1875/251/285 1889/259/289
s 0
f 1890/259/3 1876/251/3 1891/260/3
f 1876/251/3 1877/252/3 1891/260/3
s 1
f 1878/252/281 1879/253/286 1892/260/286
f 1892/260/286 1879/253/286 1893/261/290
f 1894/261/291 1880/253/287 1895/262/292
f 1880/253/287 1881/254/287 1895/262/292
s 0
f 1896/262/3 1882/254/3 1897/263/3
f 1882/254/3 1883/255/3 1897/263/3
s 1
f 1898/263/293 1884/255/288 1899/264/293
f 1884/255/288 1885/256/288 1899/264/293
s 0
f 1900/265/6 1886/257/6 1901/266/6
f 1886/257/6 1887/258/6 1901/266/6
s 1
f 1902/266/294 1888/258/289 1903/267/294
f 1888/258/289 1889/259/289 1903/267/294
s 0
f 1904/267/3 1890/259/3 1905/268/3
f 1890/259/3 1891/260/3 1905/268/3
s 1
f 1892/260/286 1893/261/290 1906/268/290
f 1906/268/290 1893/261/290 1907/269/7
f 1910/269/295 1894/261/291 1911/270/295
f 1894/261/291 1895/262/292 1911/270/295
s 0
f 1914/270/3 1896/262/3 1915/271/3
f 1896/262/3 1897/263/3 1915/271/3
s 1
f 1918/271/1 1898/263/293 1919/272/1
f 1898/263/293 1899/264/293 1919/272/1
s 0
f 1922/273/6 1900/265/6 1923/274/6
f 1900/265/6 1901/266/6 1923/274/6
s 1
f 1926/274/7 1902/266/294 1927/275/7
f 1902/266/294 1903/267/294 1927/275/7
s 0
f 1930/275/3 1904/267/3 1931/276/3
f 1904/267/3 1905/268/3 1931/276/3
s 1
f 1906/268/290 1907/269/7 1934/276/7
f 1933/276/7 1908/269/7 1936/268/296
f 1936/268/296 1908/269/7 1937/261/296
f 1909/269/295 1912/270/295 1938/261/297
f 1938/261/297 1912/270/295 1939/262/298
s 0
f 1913/270/3 1916/271/3 1940/262/3
f 1940/262/3 1916/271/3 1941/263/3
s 1
f 1917/271/1 1920/272/1 1942/263/299
f 1942/263/299 1920/272/1 1943/264/299
s 0
f 1921/273/6 1924/274/6 1944/265/6
f 1944/265/6 1924/274/6 1945/266/6
s 1
f 1925/274/7 1928/275/7 1946/266/300
f 1946/266/300 1928/275/7 1947/267/300
s 0
f 1929/275/3 1932/276/3 1948/267/3
f 1932/276/3 1935/268/3 1948/267/3
f 1948/267/3 1935/268/3 1950/259/3
f 1950/259/3 1935/268/3 1951/260/3
s 1
f 1936/268/296 1937/261/296 1952/260/301
f 1952/260/301 1937/261/296 1953/253/302
f 1938/261/297 1939/262/298 1954/253/303
f 1954/253/303 1939/262/298 1955/254/304
s 0
f 1940/262/3 1941/263/3 1956/254/3
f 1956/254/3 1941/263/3 1957/255/3
s 1
f 1942/263/299 1943/264/299 1958/255/305
f 1958/255/305 1943/264/299 1959/256/306
s 0
f 1944/265/6 1945/266/6 1960/257/6
f 1960/257/6 1945/266/6 1961/258/6
s 1
f 1946/266/300 1947/267/300 1962/258/301
f 1947/267/300 1949/259/301 1962/258/301
f 1962/258/301 1949/259/301 1964/250/307
f 1964/250/307 1949/259/301 1965/251/308
s 0
f 1950/259/3 1951/260/3 1966/251/3
f 1966/251/3 1951/260/3 1967/252/3
s 1
f 1952/260/301 1953/253/302 1968/252/309
f 1968/252/309 1953/253/302 1969/245/309
f 1954/253/303 1955/254/304 1970/245/310
f 1970/245/310 1955/254/304 1971/246/311
s 0
f 1956/254/3 1957/255/3 1972/246/3
f 1972/246/3 1957/255/3 1973/247/3
s 1
f 1958/255/305 1959/256/306 1974/247/312
f 1974/247/312 1959/256/306 1975/248/313
s 0
f 1960/257/6 1961/258/6 1976/249/6
f 1961/258/6 1963/250/6 1976/249/6
f 1976/249/6 1963/250/6 1978/241/6
f 1978/241/6 1963/250/6 1979/242/6
s 1
f 1964/250/307 1965/251/308 1980/242/314
f 1980/242/314 1965/251/308 1981/243/315
s 0
f 1966/251/3 1967/252/3 1982/243/3
f 1982/243/3 1967/252/3 1983/244/3
s 1
f 1968/252/309 1969/245/309 1984/244/314
f 1984/244/314 1969/245/309 1985/237/314
f 1970/245/310 1971/246/311 1986/237/316
f 1986/237/316 1971/246/311 1987/238/317
s 0
f 1972/246/3 1973/247/3 1988/238/3
f 1988/238/3 1973/247/3 1989/239/3
s 1
f 1974/247/312 1975/248/313 1990/239/318
f 1975/248/313 1977/240/318 1990/239/318
f 1990/239/318 1977/240/318 1992/231/319
f 1992/231/319 1977/240/318 1993/232/320
s 0
f 1978/241/6 1979/242/6 1994/233/6
f 1994/233/6 1979/242/6 1995/234/6
s 1
f 1980/242/314 1981/243/315 1996/234/321
f 1996/234/321 1981/243/315 1997/235/321
s 0
f 1982/243/3 1983/244/3 1998/235/3
f 1998/235/3 1983/244/3 1999/236/3
s 1
f 1984/244/314 1985/237/314 2000/236/322
f 2000/236/322 1985/237/314 2001/229/323
f 1986/237/316 1987/238/317 2002/229/324
f 2002/229/324 1987/238/317 2003/230/325
s 0
f 1988/238/3 1989/239/3 2004/230/3
f 1989/239/3 1991/231/3 2004/230/3
f 2004/230/3 1991/231/3 2006/222/3
f 2006/222/3 1991/231/3 2007/223/3
s 1
f 1992/231/319 1993/232/320 2008/223/326
f 2008/223/326 1993/232/320 2009/224/326
s 0
f 1994/233/6 1995/234/6 2010/225/6
f 2010/225/6 1995/234/6 2011/226/6
s 1
f 1996/234/321 1997/235/321 2012/226/327
f 2012/226/327 1997/235/321 2013/227/327
s 0
f 1998/235/3 1999/236/3 2014/227/3
f 2014/227/3 1999/236/3 2015/228/3
s 1
f 2000/236/322 2001/229/323 2016/228/328
f 2016/228/328 2001/229/323 2017/221/328
f 2002/229/324 2003/230/325 2018/221/329
f 2003/230/325 2005/222/329 2018/221/329
f 2018/221/329 2005/222/329 2020/213/330
f 2022/205/331 2020/213/330 2023/214/330
f 2020/213/330 2005/222/329 2023/214/330
s 0
f 2006/222/3 2007/223/3 2024/214/3
f 2024/214/3 2007/223/3 2025/215/3
s 1
f 2008/223/326 2009/224/326 2026/215/332
f 2026/215/332 2009/224/326 2027/216/332
s 0
f 2010/225/6 2011/226/6 2028/217/6
f 2028/217/6 2011/226/6 2029/218/6
s 1
f 2012/226/327 2013/227/327 2030/218/333
f 2030/218/333 2013/227/327 2031/219/334
s 0
f 2014/227/3 2015/228/3 2032/219/3
f 2032/219/3 2015/228/3 2033/220/3
s 1
f 2016/228/328 2017/221/328 2034/220/333
f 2017/221/328 2019/213/333 2034/220/333
f 2034/220/333 2019/213/333 2036/212/13
f 2019/213/333 2021/205/13 2036/212/13
f 2036/212/13 2021/205/13 2038/204/335
f 2040/196/336 2038/204/335 2041/197/335
f 2038/204/335 2021/205/13 2041/197/335
f 2042/197/337 2022/205/331 2043/206/338
f 2022/205/331 2023/214/330 2043/206/338
s 0
f 2024/214/3 2025/215/3 2044/206/3
f 2044/206/3 2025/215/3 2045/207/3
s 1
f 2026/215/332 2027/216/332 2046/207/339
f 2046/207/339 2027/216/332 2047/208/339
s 0
f 2028/217/6 2029/218/6 2048/209/6
f 2048/209/6 2029/218/6 2049/210/6
s 1
f 2030/218/333 2031/219/334 2050/210/17
f 2050/210/17 2031/219/334 2051/211/17
s 0
f 2032/219/3 2033/220/3 2052/211/3
f 2033/220/3 2035/212/3 2052/211/3
f 2052/211/3 2035/212/3 2054/203/3
f 2035/212/3 2037/204/3 2054/203/3
f 2054/203/3 2037/204/3 2056/195/3
f 2037/204/3 2039/196/3 2056/195/3
f 2058/174/3 2060/187/3 2062/175/3
f 2062/175/3 2060/187/3 2063/188/3
f 2060/187/3 2056/195/3 2063/188/3
f 2056/195/3 2039/196/3 2063/188/3
s 1
f 2064/188/340 2040/196/336 2065/189/336
f 2040/196/336 2041/197/335 2065/189/336
f 2066/189/341 2042/197/337 2067/198/342
f 2042/197/337 2043/206/338 2067/198/342
s 0
f 2044/206/3 2045/207/3 2068/198/3
f 2068/198/3 2045/207/3 2069/199/3
s 1
f 2046/207/339 2047/208/339 2070/199/343
f 2070/199/343 2047/208/339 2071/200/344
s 0
f 2048/209/6 2049/210/6 2072/201/6
f 2072/201/6 2049/210/6 2073/202/6
s 1
f 2050/210/17 2051/211/17 2074/202/335
f 2051/211/17 2053/203/345 2074/202/335
f 2074/202/335 2053/203/345 2076/194/346
f 2053/203/345 2055/195/346 2076/194/346
f 2076/194/346 2055/195/346 2078/186/347
f 2055/195/346 2059/187/347 2078/186/347
f 2078/186/347 2059/187/347 2080/173/348
f 2059/187/347 2057/174/348 2080/173/348
f 2080/173/348 2057/174/348 2082/43/27
f 2082/43/27 2057/174/348 2083/45/27
s 0
f 2084/45/3 2058/174/3 2085/48/3
f 2058/174/3 2062/175/3 2085/48/3
s 1
f 2086/48/349 2061/175/350 2088/149/350
f 2088/149/350 2061/175/350 2089/176/340
f 2061/175/350 2064/188/340 2089/176/340
f 2064/188/340 2065/189/336 2089/176/340
f 2090/176/351 2066/189/341 2092/177/352
f 2092/177/352 2066/189/341 2093/190/353
f 2066/189/341 2067/198/342 2093/190/353
s 0
f 2068/198/3 2069/199/3 2094/190/3
f 2094/190/3 2069/199/3 2095/191/3
s 1
f 2070/199/343 2071/200/344 2096/191/354
f 2096/191/354 2071/200/344 2097/192/355
s 0
f 2072/201/6 2073/202/6 2098/193/6
f 2073/202/6 2075/194/6 2098/193/6
f 2098/193/6 2075/194/6 2100/185/6
f 2075/194/6 2077/186/6 2100/185/6
f 2100/185/6 2077/186/6 2102/172/6
f 2077/186/6 2079/173/6 2102/172/6
f 2102/172/6 2079/173/6 2104/41/6
f 2079/173/6 2081/43/6 2104/41/6
f 2104/41/6 2081/43/6 2106/42/6
f 2106/42/6 2081/43/6 2107/44/6
s 1
f 2082/43/27 2083/45/27 2108/44/26
f 2108/44/26 2083/45/27 2109/46/26
s 0
f 2110/46/3 2084/45/3 2111/47/3
f 2084/45/3 2085/48/3 2111/47/3
s 1
f 2114/50/29 2112/47/29 2115/49/349
f 2112/47/29 2086/48/349 2115/49/349
f 2086/48/349 2088/149/350 2115/49/349
f 2116/49/356 2087/149/357 2117/150/358
f 2087/149/357 2120/151/359 2117/150/358
f 2118/148/358 2119/147/359 2121/51/360
s 0
f 2124/52/15 2122/51/15 2125/53/15
s 1
f 2121/51/360 2119/147/359 2126/53/361
f 2126/53/361 2119/147/359 2127/153/362
f 2120/151/359 2087/149/357 2128/152/362
f 2087/149/357 2090/176/351 2128/152/362
f 2090/176/351 2092/177/352 2128/152/362
f 2128/152/362 2092/177/352 2132/178/363
f 2131/178/364 2091/177/3 2136/179/365
f 2091/177/3 2094/190/3 2136/179/365
f 2094/190/3 2095/191/3 2136/179/365
f 2135/179/366 2096/191/354 2137/183/367
f 2096/191/354 2097/192/355 2137/183/367
f 2097/192/355 2099/184/368 2137/183/367
f 2168/137/369 2138/181/370 2140/182/245
f 2137/183/367 2099/184/368 2139/170/371
f 2099/184/368 2101/171/372 2139/170/371
f 2139/170/371 2101/171/372 2141/169/373
f 2101/171/372 2103/167/374 2141/169/373
f 2141/169/373 2103/167/374 2142/168/375
f 2142/168/375 2103/167/374 2143/166/376
f 2103/167/374 2105/164/376 2143/166/376
f 2143/166/376 2105/164/376 2144/165/377
f 2144/165/377 2105/164/376 2146/163/377
s 0
f 2145/162/6 2106/42/6 2148/161/6
f 2106/42/6 2107/44/6 2148/161/6
s 1
f 2108/44/26 2109/46/26 2147/161/26
f 2147/161/26 2109/46/26 2150/160/378
s 0
f 2110/46/3 2111/47/3 2149/160/3
f 2149/160/3 2111/47/3 2152/159/3
s 1
f 2112/47/29 2114/50/29 2151/159/29
f 2151/159/29 2114/50/29 2154/158/29
f 2153/158/379 2113/50/380 2155/157/381
f 2155/157/381 2113/50/380 2157/156/382
f 2113/50/380 2116/49/356 2157/156/382
f 2116/49/356 2117/150/358 2157/156/382
f 2118/148/358 2121/51/360 2156/155/382
f 2156/155/382 2121/51/360 2159/112/383
s 0
f 2122/51/15 2124/52/15 2158/112/15
f 2158/112/15 2124/52/15 2161/111/15
s 1
f 2123/52/76 2163/128/77 2160/111/81
f 2160/111/81 2163/128/77 2165/277/81
s 0
f 2164/109/12 2162/108/12 2166/129/12
f 2166/129/12 2162/108/12 2167/128/12
f 2169/135/12 2170/136/12 2171/126/12
f 2170/136/12 2167/128/12 2171/126/12
f 2167/128/12 2162/108/12 2171/126/12
s 1
f 2163/128/77 2123/52/76 2172/278/75
f 2172/278/75 2123/52/76 2173/105/166
s 0
f 2124/52/15 2125/53/15 2174/105/15
f 2174/105/15 2125/53/15 2176/104/15
f 2176/104/15 2125/53/15 2177/100/15
s 1
f 2126/53/361 2127/153/362 2178/100/384
f 2127/153/362 2129/154/385 2178/100/384
f 2178/100/384 2129/154/385 2179/57/386
f 2130/154/387 2133/180/365 2180/57/388
f 2180/57/388 2133/180/365 2181/119/389
f 2134/180/390 2138/181/370 2182/119/220
f 2182/119/220 2138/181/370 2183/120/391
f 2138/181/370 2168/137/369 2183/120/391
s 0
f 2169/135/12 2171/126/12 2184/121/12
f 2184/121/12 2171/126/12 2185/122/12
s 1
f 2172/278/75 2173/105/166 2186/279/100
f 2173/105/166 2175/104/100 2186/279/100
f 2186/279/100 2175/104/100 2188/280/74
f 2188/280/74 2175/104/100 2189/60/74
s 0
f 2176/104/15 2177/100/15 2190/60/15
f 2190/60/15 2177/100/15 2191/58/15
s 1
f 2178/100/384 2179/57/386 2192/58/392
f 2192/58/392 2179/57/386 2193/56/392
f 2180/57/388 2181/119/389 2194/56/15
f 2194/56/15 2181/119/389 2195/101/15
f 2182/119/220 2183/120/391 2196/101/73
f 2196/101/73 2183/120/391 2197/102/73
s 0
f 2184/121/12 2185/122/12 2198/103/12
f 2185/122/12 2187/63/12 2198/103/12
f 2198/103/12 2187/63/12 2200/65/12
f 2200/65/12 2187/63/12 2201/64/12
s 1
f 2188/280/74 2189/60/74 2202/281/66
f 2202/281/66 2189/60/74 2203/59/65
s 0
f 2190/60/15 2191/58/15 2204/59/15
f 2204/59/15 2191/58/15 2205/55/15
s 1
f 2192/58/392 2193/56/392 2206/55/393
f 2206/55/393 2193/56/392 2207/54/393
s 0
f 2194/56/15 2195/101/15 2208/54/15
f 2208/54/15 2195/101/15 2209/66/15
s 1
f 2196/101/73 2197/102/73 2210/66/394
f 2197/102/73 2199/67/64 2210/66/394
f 2210/66/394 2199/67/64 2212/68/60
f 2212/68/60 2199/67/64 2213/69/60
s 0
f 2200/65/12 2201/64/12 2214/70/12
f 2214/70/12 2201/64/12 2215/71/12
s 1
f 2202/281/66 2203/59/65 2216/282/61
f 2216/282/61 2203/59/65 2217/73/61
s 0
f 2204/59/15 2205/55/15 2218/73/15
f 2218/73/15 2205/55/15 2219/74/15
s 1
f 2206/55/393 2207/54/393 2220/74/395
f 2220/74/395 2207/54/393 2221/75/396
s 0
f 2208/54/15 2209/66/15 2222/75/15
f 2209/66/15 2211/68/15 2222/75/15
f 2222/75/15 2211/68/15 2224/76/15
f 2224/76/15 2211/68/15 2225/77/15
s 1
f 2212/68/60 2213/69/60 2226/77/135
f 2226/77/135 2213/69/60 2227/78/397
s 0
f 2214/70/12 2215/71/12 2228/79/12
f 2228/79/12 2215/71/12 2229/80/12
s 1
f 2216/282/61 2217/73/61 2230/283/56
f 2230/283/56 2217/73/61 2231/82/56
s 0
f 2218/73/15 2219/74/15 2232/82/15
f 2232/82/15 2219/74/15 2233/83/15
s 1
f 2220/74/395 2221/75/396 2234/83/398
f 2221/75/396 2223/76/399 2234/83/398
f 2234/83/398 2223/76/399 2236/84/400
f 2236/84/400 2223/76/399 2237/85/401
s 0
f 2224/76/15 2225/77/15 2238/85/15
f 2238/85/15 2225/77/15 2239/86/15
s 1
f 2226/77/135 2227/78/397 2240/86/55
f 2240/86/55 2227/78/397 2241/87/55
s 0
f 2228/79/12 2229/80/12 2242/88/12
f 2242/88/12 2229/80/12 2243/89/12
s 1
f 2230/283/56 2231/82/56 2244/284/52
f 2244/284/52 2231/82/56 2245/91/52
s 0
f 2232/82/15 2233/83/15 2246/91/15
f 2233/83/15 2235/84/15 2246/91/15
f 2246/91/15 2235/84/15 2250/92/15
f 2250/92/15 2235/84/15 2251/93/15
s 1
f 2236/84/400 2237/85/401 2254/93/402
f 2254/93/402 2237/85/401 2255/94/403
s 0
f 2238/85/15 2239/86/15 2258/94/15
f 2258/94/15 2239/86/15 2259/95/15
s 1
f 2240/86/55 2241/87/55 2262/95/1
f 2262/95/1 2241/87/55 2263/96/1
s 0
f 2266/97/12 2242/88/12 2267/98/12
f 2242/88/12 2243/89/12 2267/98/12
s 1
f 2244/284/52 2245/91/52 2270/285/7
f 2245/91/52 2247/92/7 2270/285/7
f 2272/284/404 2269/285/7 2273/91/49
f 2269/285/7 2248/92/7 2273/91/49
s 0
f 2274/91/15 2249/92/15 2275/84/15
f 2249/92/15 2252/93/15 2275/84/15
s 1
f 2253/93/403 2256/94/402 2276/84/405
f 2276/84/405 2256/94/402 2277/85/406
s 0
f 2278/85/15 2257/94/15 2279/86/15
f 2257/94/15 2260/95/15 2279/86/15
s 1
f 2280/86/48 2261/95/1 2281/87/48
f 2261/95/1 2264/96/1 2281/87/48
s 0
f 2265/97/12 2268/98/12 2282/88/12
f 2268/98/12 2271/89/12 2282/88/12
f 2282/88/12 2271/89/12 2284/79/12
f 2284/79/12 2271/89/12 2285/80/12
s 1
f 2272/284/404 2273/91/49 2286/283/43
f 2286/283/43 2273/91/49 2287/82/43
s 0
f 2274/91/15 2275/84/15 2288/82/15
f 2288/82/15 2275/84/15 2289/83/15
s 1
f 2276/84/405 2277/85/406 2290/83/407
f 2290/83/407 2277/85/406 2291/76/407
s 0
f 2278/85/15 2279/86/15 2292/76/15
f 2292/76/15 2279/86/15 2293/77/15
s 1
f 2280/86/48 2281/87/48 2294/77/159
f 2281/87/48 2283/78/159 2294/77/159
f 2294/77/159 2283/78/159 2296/68/126
f 2296/68/126 2283/78/159 2297/69/127
s 0
f 2284/79/12 2285/80/12 2298/70/12
f 2298/70/12 2285/80/12 2299/71/12
s 1
f 2286/283/43 2287/82/43 2300/282/40
f 2300/282/40 2287/82/43 2301/73/40
s 0
f 2288/82/15 2289/83/15 2302/73/15
f 2302/73/15 2289/83/15 2303/74/15
s 1
f 2290/83/407 2291/76/407 2304/74/408
f 2304/74/408 2291/76/407 2305/75/409
s 0
f 2292/76/15 2293/77/15 2306/75/15
f 2293/77/15 2295/68/15 2306/75/15
f 2306/75/15 2295/68/15 2308/54/15
f 2310/56/15 2308/54/15 2311/66/15
f 2308/54/15 2295/68/15 2311/66/15
s 1
f 2296/68/126 2297/69/127 2312/66/410
f 2312/66/410 2297/69/127 2313/67/125
s 0
f 2298/70/12 2299/71/12 2314/65/12
f 2314/65/12 2299/71/12 2315/64/12
s 1
f 2300/282/40 2301/73/40 2316/281/35
f 2316/281/35 2301/73/40 2317/59/34
s 0
f 2302/73/15 2303/74/15 2318/59/15
f 2318/59/15 2303/74/15 2319/55/15
s 1
f 2304/74/408 2305/75/409 2320/55/411
f 2305/75/409 2307/54/411 2320/55/411
f 2320/55/411 2307/54/411 2322/58/412
f 2307/54/411 2309/56/412 2322/58/412
f 2322/58/412 2309/56/412 2324/100/413
f 592/53/414 2324/100/413 2325/57/413
f 2324/100/413 2309/56/412 2325/57/413
s 0
f 2326/57/15 2310/56/15 2327/101/15
f 2310/56/15 2311/66/15 2327/101/15
s 1
f 2312/66/410 2313/67/125 2328/101/124
f 2328/101/124 2313/67/125 2329/102/124
s 0
f 2314/65/12 2315/64/12 2330/103/12
f 2330/103/12 2315/64/12 2331/63/12
s 1
f 2316/281/35 2317/59/34 2332/280/36
f 2332/280/36 2317/59/34 2333/60/36
s 0
f 2318/59/15 2319/55/15 2334/60/15
f 2319/55/15 2321/58/15 2334/60/15
f 2334/60/15 2321/58/15 2336/104/15
f 2321/58/15 2323/100/15 2336/104/15
f 2336/104/15 2323/100/15 2337/105/15
f 2323/100/15 591/53/15 2337/105/15
f 591/53/15 590/52/15 2337/105/15
s 1
f 2338/105/115 589/52/105 2339/128/106
s 0
f 2341/107/12 2340/108/12 2344/109/12
s 1
f 2339/128/106 589/52/105 2343/277/104
f 2343/277/104 589/52/105 2346/111/104
s 0
f 2345/111/15 590/52/15 2348/112/15
f 590/52/15 588/51/15 2348/112/15
s 1
f 2347/112/415 587/51/416 2350/113/417
f 2352/112/418 2349/113/419 2354/51/420
f 2354/51/420 2349/113/419 2356/116/421
f 2350/113/417 587/51/416 2355/116/422
f 587/51/416 592/53/414 2355/116/422
f 2360/117/423 2358/116/424 2362/118/425
f 2355/116/422 592/53/414 2361/118/426
f 592/53/414 2325/57/413 2361/118/426
f 2362/118/425 2326/57/15 2363/119/15
s 0
f 2326/57/15 2327/101/15 2363/119/15
s 1
f 2328/101/124 2329/102/124 2364/119/200
f 2364/119/200 2329/102/124 2365/120/200
s 0
f 2330/103/12 2331/63/12 2366/121/12
f 2366/121/12 2331/63/12 2367/122/12
s 1
f 2332/280/36 2333/60/36 2368/279/178
f 2333/60/36 2335/104/122 2368/279/178
f 2368/279/178 2335/104/122 2369/278/116
f 2335/104/122 2338/105/115 2369/278/116
f 2338/105/115 2339/128/106 2369/278/116
s 0
f 2372/125/12 2370/126/12 2373/127/12
f 2370/126/12 2340/108/12 2373/127/12
f 2340/108/12 2341/107/12 2373/127/12
f 2374/127/12 2342/107/12 2375/108/12
f 2342/107/12 2377/109/12 2375/108/12
s 1
f 2376/128/76 2378/277/81 2379/52/77
f 2378/277/81 2381/111/81 2379/52/77
s 0
f 2382/111/15 2351/112/15 2380/52/15
f 2351/112/15 2353/51/15 2380/52/15
f 2380/52/15 2353/51/15 2383/53/15
s 1
f 2354/51/420 2356/116/421 2384/53/427
f 2384/53/427 2356/116/421 2385/118/427
f 2357/116/424 2359/117/423 2386/118/428
f 2386/118/428 2359/117/423 2388/132/15
f 2360/117/423 2362/118/425 2387/132/15
f 2362/118/425 2363/119/15 2387/132/15
f 2364/119/200 2365/120/200 2390/132/1
f 2390/132/1 2365/120/200 2391/133/1
s 0
f 2366/121/12 2367/122/12 2394/134/12
f 2367/122/12 2370/126/12 2394/134/12
f 2370/126/12 2372/125/12 2394/134/12
f 2393/134/12 2371/125/12 2395/126/12
f 2371/125/12 2374/127/12 2395/126/12
f 2374/127/12 2375/108/12 2395/126/12
s 1
f 2396/278/166 2376/128/76 2397/105/75
f 2376/128/76 2379/52/77 2397/105/75
s 0
f 2380/52/15 2383/53/15 2398/105/15
f 2398/105/15 2383/53/15 2399/100/15
s 1
f 2400/100/386 2384/53/427 2401/57/386
f 2384/53/427 2385/118/427 2401/57/386
f 2402/57/15 2386/118/428 2403/119/15
f 2386/118/428 2388/132/15 2403/119/15
f 2404/119/197 2389/132/151 2405/120/197
f 2389/132/151 2392/133/151 2405/120/197
s 0
f 2393/134/12 2395/126/12 2406/121/12
f 2406/121/12 2395/126/12 2407/122/12
s 1
f 2408/279/99 2396/278/166 2409/104/100
f 2396/278/166 2397/105/75 2409/104/100
s 0
f 2398/105/15 2399/100/15 2410/104/15
f 2410/104/15 2399/100/15 2411/58/15
s 1
f 2412/58/429 2400/100/386 2413/56/392
f 2400/100/386 2401/57/386 2413/56/392
s 0
f 2414/56/15 2402/57/15 2415/101/15
f 2402/57/15 2403/119/15 2415/101/15
s 1
f 2416/101/73 2404/119/197 2417/102/73
f 2404/119/197 2405/120/197 2417/102/73
s 0
f 2406/121/12 2407/122/12 2418/103/12
f 2418/103/12 2407/122/12 2419/63/12
s 1
f 2420/280/74 2408/279/99 2421/60/74
f 2408/279/99 2409/104/100 2421/60/74
s 0
f 2410/104/15 2411/58/15 2422/60/15
f 2422/60/15 2411/58/15 2423/55/15
s 1
f 2424/55/430 2412/58/429 2425/54/431
f 2412/58/429 2413/56/392 2425/54/431
s 0
f 2426/54/15 2414/56/15 2427/66/15
f 2414/56/15 2415/101/15 2427/66/15
s 1
f 2428/66/189 2416/101/73 2429/67/64
f 2416/101/73 2417/102/73 2429/67/64
s 0
f 2418/103/12 2419/63/12 2430/65/12
f 2430/65/12 2419/63/12 2431/64/12
s 1
f 2432/281/187 2420/280/74 2433/59/187
f 2420/280/74 2421/60/74 2433/59/187
s 0
f 2422/60/15 2423/55/15 2434/59/15
f 2434/59/15 2423/55/15 2435/74/15
s 1
f 2436/74/432 2424/55/430 2437/75/433
f 2424/55/430 2425/54/431 2437/75/433
s 0
f 2438/75/15 2426/54/15 2439/68/15
f 2426/54/15 2427/66/15 2439/68/15
s 1
f 2440/68/60 2428/66/189 2441/69/60
f 2428/66/189 2429/67/64 2441/69/60
s 0
f 2430/65/12 2431/64/12 2442/70/12
f 2442/70/12 2431/64/12 2443/71/12
s 1
f 2444/282/162 2432/281/187 2445/73/162
f 2432/281/187 2433/59/187 2445/73/162
s 0
f 2434/59/15 2435/74/15 2446/73/15
f 2446/73/15 2435/74/15 2447/83/15
s 1
f 2448/83/398 2436/74/432 2449/76/398
f 2436/74/432 2437/75/433 2449/76/398
s 0
f 2450/76/15 2438/75/15 2451/77/15
f 2438/75/15 2439/68/15 2451/77/15
s 1
f 2452/77/135 2440/68/60 2453/78/135
f 2440/68/60 2441/69/60 2453/78/135
s 0
f 2442/70/12 2443/71/12 2454/79/12
f 2454/79/12 2443/71/12 2455/80/12
s 1
f 2456/283/56 2444/282/162 2457/82/160
f 2444/282/162 2445/73/162 2457/82/160
s 0
f 2446/73/15 2447/83/15 2458/82/15
f 2458/82/15 2447/83/15 2459/84/15
s 1
f 2460/84/400 2448/83/398 2461/85/434
f 2448/83/398 2449/76/398 2461/85/434
s 0
f 2462/85/15 2450/76/15 2463/86/15
f 2450/76/15 2451/77/15 2463/86/15
s 1
f 2464/86/55 2452/77/135 2465/87/55
f 2452/77/135 2453/78/135 2465/87/55
s 0
f 2454/79/12 2455/80/12 2466/88/12
f 2466/88/12 2455/80/12 2467/89/12
s 1
f 2468/284/435 2456/283/56 2469/91/52
f 2456/283/56 2457/82/160 2469/91/52
s 0
f 2458/82/15 2459/84/15 2470/91/15
f 2470/91/15 2459/84/15 2474/92/15
f 2474/92/15 2459/84/15 2475/93/15
s 1
f 2478/93/402 2460/84/400 2479/94/402
f 2460/84/400 2461/85/434 2479/94/402
s 0
f 2462/85/15 2463/86/15 2482/94/15
f 2482/94/15 2463/86/15 2483/95/15
s 1
f 2464/86/55 2465/87/55 2486/95/1
f 2486/95/1 2465/87/55 2487/96/1
s 0
f 2490/97/12 2466/88/12 2491/98/12
f 2466/88/12 2467/89/12 2491/98/12
s 1
f 2468/284/435 2469/91/52 2494/285/7
f 2469/91/52 2471/92/7 2494/285/7
f 2496/284/49 2493/285/7 2497/91/49
f 2493/285/7 2472/92/7 2497/91/49
s 0
f 2498/91/15 2473/92/15 2499/84/15
f 2473/92/15 2476/93/15 2499/84/15
s 1
f 2500/84/405 2477/93/402 2501/85/406
f 2477/93/402 2480/94/402 2501/85/406
s 0
f 2502/85/15 2481/94/15 2503/86/15
f 2481/94/15 2484/95/15 2503/86/15
s 1
f 2504/86/183 2485/95/1 2505/87/183
f 2485/95/1 2488/96/1 2505/87/183
s 0
f 2489/97/12 2492/98/12 2506/88/12
f 2492/98/12 2495/89/12 2506/88/12
f 2506/88/12 2495/89/12 2507/80/12
s 1
f 2508/283/43 2496/284/49 2509/82/43
f 2496/284/49 2497/91/49 2509/82/43
s 0
f 2510/82/15 2498/91/15 2511/83/15
f 2498/91/15 2499/84/15 2511/83/15
s 1
f 2512/83/436 2500/84/405 2513/76/407
f 2500/84/405 2501/85/406 2513/76/407
s 0
f 2514/76/15 2502/85/15 2515/77/15
f 2502/85/15 2503/86/15 2515/77/15
s 1
f 2516/77/159 2504/86/183 2517/78/159
f 2504/86/183 2505/87/183 2517/78/159
s 0
f 2506/88/12 2507/80/12 2518/79/12
f 2518/79/12 2507/80/12 2519/71/12
s 1
f 2520/282/128 2508/283/43 2521/73/40
f 2508/283/43 2509/82/43 2521/73/40
s 0
f 2522/73/15 2510/82/15 2523/74/15
f 2510/82/15 2511/83/15 2523/74/15
s 1
f 2524/74/437 2512/83/436 2525/75/438
f 2512/83/436 2513/76/407 2525/75/438
s 0
f 2526/75/15 2514/76/15 2527/68/15
f 2514/76/15 2515/77/15 2527/68/15
s 1
f 2528/68/126 2516/77/159 2529/69/126
f 2516/77/159 2517/78/159 2529/69/126
s 0
f 2518/79/12 2519/71/12 2530/70/12
f 2530/70/12 2519/71/12 2531/64/12
s 1
f 2534/60/36 2532/281/202 2535/59/34
f 2532/281/202 2520/282/128 2535/59/34
f 2520/282/128 2521/73/40 2535/59/34
s 0
f 2536/59/15 2522/73/15 2537/55/15
f 2522/73/15 2523/74/15 2537/55/15
s 1
f 2538/55/439 2524/74/437 2539/54/440
f 2524/74/437 2525/75/438 2539/54/440
s 0
f 2540/54/15 2526/75/15 2541/66/15
f 2526/75/15 2527/68/15 2541/66/15
s 1
f 2542/66/125 2528/68/126 2543/67/125
f 2528/68/126 2529/69/126 2543/67/125
s 0
f 2530/70/12 2531/64/12 2544/65/12
f 2544/65/12 2531/64/12 2545/63/12
s 1
f 2532/281/202 2534/60/36 2546/280/36
f 2546/280/36 2534/60/36 2547/104/122
s 0
f 2550/53/15 2548/104/15 2552/100/15
f 2548/104/15 2533/60/15 2552/100/15
f 2552/100/15 2533/60/15 2553/58/15
f 2533/60/15 2536/59/15 2553/58/15
f 2536/59/15 2537/55/15 2553/58/15
s 1
f 2554/58/412 2538/55/439 2555/56/412
f 2538/55/439 2539/54/440 2555/56/412
s 0
f 2556/56/15 2540/54/15 2557/101/15
f 2540/54/15 2541/66/15 2557/101/15
s 1
f 2558/101/441 2542/66/125 2559/102/441
f 2542/66/125 2543/67/125 2559/102/441
s 0
f 2544/65/12 2545/63/12 2560/103/12
f 2560/103/12 2545/63/12 2561/122/12
s 1
f 2546/280/36 2547/104/122 2562/279/122
f 2562/279/122 2547/104/122 2563/105/116
s 0
f 2548/104/15 2550/53/15 2564/105/15
f 2564/105/15 2550/53/15 2565/52/15
f 2550/53/15 2568/51/15 2565/52/15
f 2569/129/12 2572/108/12 2574/109/12
s 1
f 2573/277/104 2571/128/105 2576/111/104
f 2571/128/105 2566/52/105 2576/111/104
s 0
f 2575/111/15 2565/52/15 2578/112/15
f 2565/52/15 2568/51/15 2578/112/15
s 1
f 2577/112/415 2567/51/442 2580/114/417
f 2582/112/443 2579/114/419 2584/51/360
f 2584/51/360 2579/114/419 2586/115/444
f 2580/114/417 2567/51/442 2585/115/445
s 0
f 2590/130/15 2588/115/15 2591/118/15
s 1
f 2585/115/445 2567/51/442 2592/118/446
f 2567/51/442 2549/53/414 2592/118/446
f 2549/53/414 2551/100/447 2592/118/446
f 2592/118/446 2551/100/447 2593/57/447
f 2551/100/447 2554/58/412 2593/57/447
f 2554/58/412 2555/56/412 2593/57/447
s 0
f 2594/57/15 2556/56/15 2595/119/15
f 2556/56/15 2557/101/15 2595/119/15
s 1
f 2596/119/153 2558/101/441 2597/120/153
f 2558/101/441 2559/102/441 2597/120/153
s 0
f 2560/103/12 2561/122/12 2598/121/12
f 2598/121/12 2561/122/12 2600/126/12
s 1
f 2562/279/122 2563/105/116 2599/278/115
f 2563/105/116 2566/52/105 2599/278/115
f 2566/52/105 2571/128/105 2599/278/115
s 0
f 2602/136/12 2600/126/12 2603/128/12
f 2600/126/12 2572/108/12 2603/128/12
f 2572/108/12 2569/129/12 2603/128/12
f 2604/128/12 2570/129/12 2605/108/12
f 2570/129/12 2607/109/12 2605/108/12
s 1
f 2608/277/81 2609/111/81 2606/128/77
f 2606/128/77 2609/111/81 2611/52/76
s 0
f 2610/111/15 2581/112/15 2612/52/15
f 2581/112/15 2583/51/15 2612/52/15
f 2612/52/15 2583/51/15 2613/53/15
s 1
f 2614/53/427 2584/51/360 2615/118/448
f 2584/51/360 2586/115/444 2615/118/448
s 0
f 2587/115/15 2589/130/15 2616/118/15
f 2616/118/15 2589/130/15 2618/131/15
f 2590/130/15 2591/118/15 2617/131/15
f 2591/118/15 2594/57/15 2617/131/15
f 2594/57/15 2595/119/15 2617/131/15
s 1
f 2620/131/1 2596/119/153 2621/137/1
f 2596/119/153 2597/120/153 2621/137/1
s 0
f 2598/121/12 2600/126/12 2624/135/12
f 2600/126/12 2602/136/12 2624/135/12
f 2623/135/12 2601/136/12 2625/126/12
f 2601/136/12 2604/128/12 2625/126/12
f 2604/128/12 2605/108/12 2625/126/12
s 1
f 2606/128/77 2611/52/76 2626/278/75
f 2626/278/75 2611/52/76 2627/105/166
s 0
f 2612/52/15 2613/53/15 2628/105/15
f 2628/105/15 2613/53/15 2630/104/15
f 2630/104/15 2613/53/15 2631/100/15
s 1
f 2614/53/427 2615/118/448 2632/100/386
f 2632/100/386 2615/118/448 2633/57/386
s 0
f 2616/118/15 2618/131/15 2634/57/15
f 2634/57/15 2618/131/15 2635/119/15
s 1
f 2619/131/1 2622/137/1 2636/119/175
f 2636/119/175 2622/137/1 2637/120/175
s 0
f 2623/135/12 2625/126/12 2638/121/12
f 2638/121/12 2625/126/12 2639/122/12
s 1
f 2626/278/75 2627/105/166 2640/279/100
f 2627/105/166 2629/104/99 2640/279/100
f 2640/279/100 2629/104/99 2642/280/74
f 2642/280/74 2629/104/99 2643/60/449
s 0
f 2630/104/15 2631/100/15 2644/60/15
f 2644/60/15 2631/100/15 2645/58/15
s 1
f 2632/100/386 2633/57/386 2646/58/392
f 2646/58/392 2633/57/386 2647/56/392
s 0
f 2634/57/15 2635/119/15 2648/56/15
f 2648/56/15 2635/119/15 2649/101/15
s 1
f 2636/119/175 2637/120/175 2650/101/73
f 2650/101/73 2637/120/175 2651/102/73
s 0
f 2638/121/12 2639/122/12 2652/103/12
f 2639/122/12 2641/63/12 2652/103/12
f 2652/103/12 2641/63/12 2654/65/12
f 2654/65/12 2641/63/12 2655/64/12
s 1
f 2642/280/74 2643/60/449 2656/281/187
f 2656/281/187 2643/60/449 2657/59/165
s 0
f 2644/60/15 2645/58/15 2658/59/15
f 2658/59/15 2645/58/15 2659/55/15
s 1
f 2646/58/392 2647/56/392 2660/55/450
f 2660/55/450 2647/56/392 2661/54/393
s 0
f 2648/56/15 2649/101/15 2662/54/15
f 2662/54/15 2649/101/15 2663/66/15
s 1
f 2650/101/73 2651/102/73 2664/66/394
f 2651/102/73 2653/67/64 2664/66/394
f 2664/66/394 2653/67/64 2666/68/60
f 2666/68/60 2653/67/64 2667/69/60
s 0
f 2654/65/12 2655/64/12 2668/70/12
f 2668/70/12 2655/64/12 2669/71/12
s 1
f 2656/281/187 2657/59/165 2670/282/162
f 2670/282/162 2657/59/165 2671/73/162
s 0
f 2658/59/15 2659/55/15 2672/73/15
f 2672/73/15 2659/55/15 2673/74/15
s 1
f 2660/55/450 2661/54/393 2674/74/451
f 2674/74/451 2661/54/393 2675/75/451
s 0
f 2662/54/15 2663/66/15 2676/75/15
f 2663/66/15 2665/68/15 2676/75/15
f 2676/75/15 2665/68/15 2678/76/15
f 2678/76/15 2665/68/15 2679/77/15
s 1
f 2666/68/60 2667/69/60 2680/77/452
f 2680/77/452 2667/69/60 2681/78/59
s 0
f 2668/70/12 2669/71/12 2682/79/12
f 2682/79/12 2669/71/12 2683/80/12
s 1
f 2670/282/162 2671/73/162 2684/283/56
f 2684/283/56 2671/73/162 2685/82/56
s 0
f 2672/73/15 2673/74/15 2686/82/15
f 2686/82/15 2673/74/15 2687/83/15
s 1
f 2674/74/451 2675/75/451 2688/83/399
f 2675/75/451 2677/76/399 2688/83/399
f 2688/83/399 2677/76/399 2690/84/400
f 2690/84/400 2677/76/399 2691/85/401
s 0
f 2678/76/15 2679/77/15 2692/85/15
f 2692/85/15 2679/77/15 2693/86/15
s 1
f 2680/77/452 2681/78/59 2694/86/55
f 2694/86/55 2681/78/59 2695/87/55
s 0
f 2682/79/12 2683/80/12 2696/88/12
f 2696/88/12 2683/80/12 2697/89/12
s 1
f 2684/283/56 2685/82/56 2698/284/52
f 2698/284/52 2685/82/56 2699/91/52
s 0
f 2686/82/15 2687/83/15 2700/91/15
f 2687/83/15 2689/84/15 2700/91/15
f 2700/91/15 2689/84/15 2704/92/15
f 2704/92/15 2689/84/15 2705/93/15
s 1
f 2690/84/400 2691/85/401 2708/93/402
f 2708/93/402 2691/85/401 2709/94/402
s 0
f 2692/85/15 2693/86/15 2712/94/15
f 2712/94/15 2693/86/15 2713/95/15
s 1
f 2694/86/55 2695/87/55 2716/95/1
f 2716/95/1 2695/87/55 2717/96/1
s 0
f 2720/97/12 2696/88/12 2721/98/12
f 2696/88/12 2697/89/12 2721/98/12
s 1
f 2698/284/52 2699/91/52 2724/285/7
f 2699/91/52 2701/92/7 2724/285/7
f 2726/284/49 2723/285/7 2727/91/49
f 2723/285/7 2702/92/7 2727/91/49
s 0
f 2728/91/15 2703/92/15 2729/84/15
f 2703/92/15 2706/93/15 2729/84/15
s 1
f 2707/93/403 2710/94/403 2730/84/405
f 2730/84/405 2710/94/403 2731/85/406
s 0
f 2732/85/15 2711/94/15 2733/86/15
f 2711/94/15 2714/95/15 2733/86/15
s 1
f 2734/86/48 2715/95/1 2735/87/48
f 2715/95/1 2718/96/1 2735/87/48
s 0
f 2719/97/12 2722/98/12 2736/88/12
f 2722/98/12 2725/89/12 2736/88/12
f 2736/88/12 2725/89/12 2738/79/12
f 2738/79/12 2725/89/12 2739/80/12
s 1
f 2726/284/49 2727/91/49 2740/283/43
f 2740/283/43 2727/91/49 2741/82/43
s 0
f 2728/91/15 2729/84/15 2742/82/15
f 2742/82/15 2729/84/15 2743/83/15
s 1
f 2730/84/405 2731/85/406 2744/83/407
f 2744/83/407 2731/85/406 2745/76/407
s 0
f 2732/85/15 2733/86/15 2746/76/15
f 2746/76/15 2733/86/15 2747/77/15
s 1
f 2734/86/48 2735/87/48 2748/77/159
f 2735/87/48 2737/78/159 2748/77/159
f 2748/77/159 2737/78/159 2750/68/126
f 2750/68/126 2737/78/159 2751/69/127
s 0
f 2738/79/12 2739/80/12 2752/70/12
f 2752/70/12 2739/80/12 2753/71/12
s 1
f 2740/283/43 2741/82/43 2754/282/40
f 2754/282/40 2741/82/43 2755/73/128
s 0
f 2742/82/15 2743/83/15 2756/73/15
f 2756/73/15 2743/83/15 2757/74/15
s 1
f 2744/83/407 2745/76/407 2758/74/408
f 2758/74/408 2745/76/407 2759/75/453
s 0
f 2746/76/15 2747/77/15 2760/75/15
f 2747/77/15 2749/68/15 2760/75/15
f 2760/75/15 2749/68/15 2762/54/15
f 2764/56/15 2762/54/15 2765/66/15
f 2762/54/15 2749/68/15 2765/66/15
s 1
f 2750/68/126 2751/69/127 2766/66/410
f 2766/66/410 2751/69/127 2767/67/125
s 0
f 2752/70/12 2753/71/12 2768/65/12
f 2768/65/12 2753/71/12 2769/64/12
s 1
f 2754/282/40 2755/73/128 2770/281/202
f 2770/281/202 2755/73/128 2771/59/35
s 0
f 2756/73/15 2757/74/15 2772/59/15
f 2772/59/15 2757/74/15 2773/55/15
s 1
f 2758/74/408 2759/75/453 2774/55/411
f 2759/75/453 2761/54/439 2774/55/411
f 2774/55/411 2761/54/439 2776/58/412
f 2761/54/439 2763/56/412 2776/58/412
f 2776/58/412 2763/56/412 2778/100/413
f 586/53/414 2778/100/413 2779/57/413
f 2778/100/413 2763/56/412 2779/57/413
s 0
f 2780/57/15 2764/56/15 2781/101/15
f 2764/56/15 2765/66/15 2781/101/15
s 1
f 2766/66/410 2767/67/125 2782/101/124
f 2782/101/124 2767/67/125 2783/102/124
s 0
f 2768/65/12 2769/64/12 2784/103/12
f 2784/103/12 2769/64/12 2785/63/12
s 1
f 2770/281/202 2771/59/35 2786/280/36
f 2786/280/36 2771/59/35 2787/60/36
s 0
f 2772/59/15 2773/55/15 2788/60/15
f 2773/55/15 2775/58/15 2788/60/15
f 2788/60/15 2775/58/15 2790/104/15
f 2775/58/15 2777/100/15 2790/104/15
f 2790/104/15 2777/100/15 2791/105/15
f 2777/100/15 585/53/15 2791/105/15
f 585/53/15 584/52/15 2791/105/15
s 1
f 2792/105/115 583/52/106 2793/128/106
s 0
f 2795/138/12 2794/108/12 2798/109/12
s 1
f 2793/128/106 583/52/106 2797/277/104
f 2797/277/104 583/52/106 2800/111/104
s 0
f 2799/111/15 584/52/15 2802/112/15
f 584/52/15 582/51/15 2802/112/15
s 1
f 2801/112/454 581/51/455 2804/139/456
f 2806/112/418 2803/139/456 2808/51/457
f 2808/51/457 2803/139/456 2810/140/458
f 2804/139/456 581/51/455 2809/140/459
s 0
f 2814/141/15 2812/140/15 2816/118/15
s 1
f 2809/140/459 581/51/455 2815/118/460
f 581/51/455 586/53/414 2815/118/460
f 586/53/414 2779/57/413 2815/118/460
s 0
f 2816/118/15 2780/57/15 2817/119/15
f 2780/57/15 2781/101/15 2817/119/15
s 1
f 2782/101/124 2783/102/124 2818/119/153
f 2818/119/153 2783/102/124 2819/120/153
s 0
f 2784/103/12 2785/63/12 2820/121/12
f 2820/121/12 2785/63/12 2821/122/12
s 1
f 2786/280/36 2787/60/36 2822/279/123
f 2787/60/36 2789/104/122 2822/279/123
f 2822/279/123 2789/104/122 2823/278/115
f 2789/104/122 2792/105/115 2823/278/115
f 2792/105/115 2793/128/106 2823/278/115
s 0
f 2826/142/12 2824/126/12 2827/143/12
f 2824/126/12 2794/108/12 2827/143/12
f 2794/108/12 2795/138/12 2827/143/12
f 2828/143/12 2796/138/12 2829/108/12
f 2796/138/12 2831/109/12 2829/108/12
s 1
f 2830/128/76 2832/277/81 2833/52/76
f 2832/277/81 2835/111/81 2833/52/76
s 0
f 2836/111/15 2805/112/15 2834/52/15
f 2805/112/15 2807/51/15 2834/52/15
f 2834/52/15 2807/51/15 2837/53/15
s 1
f 2838/53/461 2808/51/457 2839/118/462
f 2808/51/457 2810/140/458 2839/118/462
s 0
f 2811/140/15 2813/141/15 2840/118/15
f 2840/118/15 2813/141/15 2842/144/15
f 2814/141/15 2816/118/15 2841/144/15
f 2816/118/15 2817/119/15 2841/144/15
s 1
f 2818/119/153 2819/120/153 2844/144/154
f 2844/144/154 2819/120/153 2845/145/154
s 0
f 2820/121/12 2821/122/12 2848/146/12
f 2821/122/12 2824/126/12 2848/146/12
f 2824/126/12 2826/142/12 2848/146/12
f 2847/146/12 2825/142/12 2849/126/12
f 2825/142/12 2828/143/12 2849/126/12
f 2828/143/12 2829/108/12 2849/126/12
s 1
f 2850/278/75 2830/128/76 2851/105/75
f 2830/128/76 2833/52/76 2851/105/75
s 0
f 2834/52/15 2837/53/15 2852/105/15
f 2852/105/15 2837/53/15 2853/100/15
s 1
f 2854/100/384 2838/53/461 2855/57/386
f 2838/53/461 2839/118/462 2855/57/386
s 0
f 2856/57/15 2840/118/15 2857/119/15
f 2840/118/15 2842/144/15 2857/119/15
s 1
f 2858/119/149 2843/144/151 2859/120/149
f 2843/144/151 2846/145/151 2859/120/149
s 0
f 2847/146/12 2849/126/12 2860/121/12
f 2860/121/12 2849/126/12 2861/122/12
s 1
f 2862/279/99 2850/278/75 2863/104/100
f 2850/278/75 2851/105/75 2863/104/100
s 0
f 2852/105/15 2853/100/15 2864/104/15
f 2864/104/15 2853/100/15 2865/58/15
s 1
f 2866/58/392 2854/100/384 2867/56/392
f 2854/100/384 2855/57/386 2867/56/392
s 0
f 2868/56/15 2856/57/15 2869/101/15
f 2856/57/15 2857/119/15 2869/101/15
s 1
f 2870/101/73 2858/119/149 2871/102/73
f 2858/119/149 2859/120/149 2871/102/73
s 0
f 2860/121/12 2861/122/12 2872/103/12
f 2872/103/12 2861/122/12 2873/63/12
s 1
f 2874/280/74 2862/279/99 2875/60/74
f 2862/279/99 2863/104/100 2875/60/74
s 0
f 2864/104/15 2865/58/15 2876/60/15
f 2876/60/15 2865/58/15 2877/55/15
s 1
f 2878/55/431 2866/58/392 2879/54/393
f 2866/58/392 2867/56/392 2879/54/393
s 0
f 2880/54/15 2868/56/15 2881/66/15
f 2868/56/15 2869/101/15 2881/66/15
s 1
f 2882/66/394 2870/101/73 2883/67/64
f 2870/101/73 2871/102/73 2883/67/64
s 0
f 2872/103/12 2873/63/12 2884/65/12
f 2884/65/12 2873/63/12 2885/64/12
s 1
f 2886/281/204 2874/280/74 2887/59/204
f 2874/280/74 2875/60/74 2887/59/204
s 0
f 2876/60/15 2877/55/15 2888/59/15
f 2888/59/15 2877/55/15 2889/74/15
s 1
f 2890/74/463 2878/55/431 2891/75/464
f 2878/55/431 2879/54/393 2891/75/464
s 0
f 2892/75/15 2880/54/15 2893/68/15
f 2880/54/15 2881/66/15 2893/68/15
s 1
f 2894/68/60 2882/66/394 2895/69/164
f 2882/66/394 2883/67/64 2895/69/164
s 0
f 2884/65/12 2885/64/12 2896/70/12
f 2896/70/12 2885/64/12 2897/71/12
s 1
f 2898/282/61 2886/281/204 2899/73/162
f 2886/281/204 2887/59/204 2899/73/162
s 0
f 2888/59/15 2889/74/15 2900/73/15
f 2900/73/15 2889/74/15 2901/83/15
s 1
f 2902/83/398 2890/74/463 2903/76/398
f 2890/74/463 2891/75/464 2903/76/398
s 0
f 2904/76/15 2892/75/15 2905/77/15
f 2892/75/15 2893/68/15 2905/77/15
s 1
f 2906/77/135 2894/68/60 2907/78/135
f 2894/68/60 2895/69/164 2907/78/135
s 0
f 2896/70/12 2897/71/12 2908/79/12
f 2908/79/12 2897/71/12 2909/80/12
s 1
f 2910/283/56 2898/282/61 2911/82/56
f 2898/282/61 2899/73/162 2911/82/56
s 0
f 2900/73/15 2901/83/15 2912/82/15
f 2912/82/15 2901/83/15 2913/84/15
s 1
f 2914/84/400 2902/83/398 2915/85/401
f 2902/83/398 2903/76/398 2915/85/401
s 0
f 2916/85/15 2904/76/15 2917/86/15
f 2904/76/15 2905/77/15 2917/86/15
s 1
f 2918/86/55 2906/77/135 2919/87/55
f 2906/77/135 2907/78/135 2919/87/55
s 0
f 2908/79/12 2909/80/12 2920/88/12
f 2920/88/12 2909/80/12 2921/89/12
s 1
f 2922/284/52 2910/283/56 2923/91/52
f 2910/283/56 2911/82/56 2923/91/52
s 0
f 2912/82/15 2913/84/15 2924/91/15
f 2924/91/15 2913/84/15 2928/92/15
f 2928/92/15 2913/84/15 2929/93/15
s 1
f 2932/93/402 2914/84/400 2933/94/402
f 2914/84/400 2915/85/401 2933/94/402
s 0
f 2916/85/15 2917/86/15 2936/94/15
f 2936/94/15 2917/86/15 2937/95/15
s 1
f 2918/86/55 2919/87/55 2940/95/1
f 2940/95/1 2919/87/55 2941/96/1
s 0
f 2944/97/12 2920/88/12 2945/98/12
f 2920/88/12 2921/89/12 2945/98/12
s 1
f 2922/284/52 2923/91/52 2948/285/7
f 2923/91/52 2925/92/7 2948/285/7
f 2950/284/49 2947/285/7 2951/91/49
f 2947/285/7 2926/92/7 2951/91/49
s 0
f 2952/91/15 2927/92/15 2953/84/15
f 2927/92/15 2930/93/15 2953/84/15
s 1
f 2954/84/405 2931/93/402 2955/85/406
f 2931/93/402 2934/94/402 2955/85/406
s 0
f 2956/85/15 2935/94/15 2957/86/15
f 2935/94/15 2938/95/15 2957/86/15
s 1
f 2958/86/48 2939/95/1 2959/87/48
f 2939/95/1 2942/96/1 2959/87/48
s 0
f 2943/97/12 2946/98/12 2960/88/12
f 2946/98/12 2949/89/12 2960/88/12
f 2960/88/12 2949/89/12 2961/80/12
s 1
f 2962/283/43 2950/284/49 2963/82/43
f 2950/284/49 2951/91/49 2963/82/43
s 0
f 2964/82/15 2952/91/15 2965/83/15
f 2952/91/15 2953/84/15 2965/83/15
s 1
f 2966/83/407 2954/84/405 2967/76/436
f 2954/84/405 2955/85/406 2967/76/436
s 0
f 2968/76/15 2956/85/15 2969/77/15
f 2956/85/15 2957/86/15 2969/77/15
s 1
f 2970/77/131 2958/86/48 2971/78/131
f 2958/86/48 2959/87/48 2971/78/131
s 0
f 2960/88/12 2961/80/12 2972/79/12
f 2972/79/12 2961/80/12 2973/71/12
s 1
f 2974/282/128 2962/283/43 2975/73/40
f 2962/283/43 2963/82/43 2975/73/40
s 0
f 2976/73/15 2964/82/15 2977/74/15
f 2964/82/15 2965/83/15 2977/74/15
s 1
f 2978/74/437 2966/83/407 2979/75/465
f 2966/83/407 2967/76/436 2979/75/465
s 0
f 2980/75/15 2968/76/15 2981/68/15
f 2968/76/15 2969/77/15 2981/68/15
s 1
f 2982/68/126 2970/77/131 2983/69/126
f 2970/77/131 2971/78/131 2983/69/126
s 0
f 2972/79/12 2973/71/12 2984/70/12
f 2984/70/12 2973/71/12 2985/64/12
s 1
f 2988/60/36 2986/281/202 2989/59/35
f 2986/281/202 2974/282/128 2989/59/35
f 2974/282/128 2975/73/40 2989/59/35
s 0
f 2990/59/15 2976/73/15 2991/55/15
f 2976/73/15 2977/74/15 2991/55/15
s 1
f 2992/55/411 2978/74/437 2993/54/411
f 2978/74/437 2979/75/465 2993/54/411
s 0
f 2994/54/15 2980/75/15 2995/66/15
f 2980/75/15 2981/68/15 2995/66/15
s 1
f 2996/66/125 2982/68/126 2997/67/125
f 2982/68/126 2983/69/126 2997/67/125
s 0
f 2984/70/12 2985/64/12 2998/65/12
f 2998/65/12 2985/64/12 2999/63/12
s 1
f 2986/281/202 2988/60/36 3000/280/36
f 3000/280/36 2988/60/36 3001/104/123
s 0
f 3004/53/15 3002/104/15 3006/100/15
f 3002/104/15 2987/60/15 3006/100/15
f 3006/100/15 2987/60/15 3007/58/15
f 2987/60/15 2990/59/15 3007/58/15
f 2990/59/15 2991/55/15 3007/58/15
s 1
f 3008/58/412 2992/55/411 3009/56/412
f 2992/55/411 2993/54/411 3009/56/412
s 0
f 3010/56/15 2994/54/15 3011/101/15
f 2994/54/15 2995/66/15 3011/101/15
s 1
f 3012/101/441 2996/66/125 3013/102/124
f 2996/66/125 2997/67/125 3013/102/124
s 0
f 2998/65/12 2999/63/12 3014/103/12
f 3014/103/12 2999/63/12 3015/122/12
s 1
f 3000/280/36 3001/104/123 3016/279/122
f 3016/279/122 3001/104/123 3017/105/115
s 0
f 3002/104/15 3004/53/15 3018/105/15
f 3018/105/15 3004/53/15 3019/52/15
f 3004/53/15 3022/51/15 3019/52/15
s 1
f 3023/129/466 3026/108/12 3028/109/12
f 3027/277/104 3025/128/105 3030/111/104
f 3025/128/105 3020/52/106 3030/111/104
s 0
f 3029/111/15 3019/52/15 3032/112/15
f 3019/52/15 3022/51/15 3032/112/15
s 1
f 3031/112/467 3021/51/442 3034/114/468
f 3036/112/443 3033/113/469 3038/51/470
f 3038/51/470 3033/113/469 3039/116/471
f 3034/114/468 3021/51/442 3042/115/472
f 3044/130/473 3041/115/474 3045/118/15
f 3042/115/472 3021/51/442 3046/118/446
f 3021/51/442 3003/53/414 3046/118/446
f 3003/53/414 3005/100/447 3046/118/446
f 3046/118/446 3005/100/447 3047/57/447
f 3005/100/447 3008/58/412 3047/57/447
f 3008/58/412 3009/56/412 3047/57/447
s 0
f 3048/57/15 3010/56/15 3049/119/15
f 3010/56/15 3011/101/15 3049/119/15
s 1
f 3050/119/121 3012/101/441 3051/120/121
f 3012/101/441 3013/102/124 3051/120/121
s 0
f 3014/103/12 3015/122/12 3052/121/12
f 3052/121/12 3015/122/12 3054/126/12
s 1
f 3016/279/122 3017/105/115 3053/278/115
f 3017/105/115 3020/52/106 3053/278/115
f 3020/52/106 3025/128/105 3053/278/115
f 3056/136/475 3054/126/12 3057/128/476
f 3054/126/12 3026/108/12 3057/128/476
f 3026/108/12 3023/129/466 3057/128/476
f 3058/127/476 3024/107/466 3059/108/477
f 3024/107/466 3061/109/478 3059/108/477
f 3060/128/76 3062/277/81 3063/52/76
f 3062/277/81 3065/111/81 3063/52/76
s 0
f 3066/111/15 3035/112/15 3064/52/15
f 3035/112/15 3037/51/15 3064/52/15
f 3064/52/15 3037/51/15 3067/53/15
s 1
f 3038/51/470 3039/116/471 3068/53/427
f 3068/53/427 3039/116/471 3069/118/461
f 3040/116/474 3043/117/479 3070/118/480
f 3070/118/480 3043/117/479 3071/132/481
f 3044/130/473 3045/118/15 3074/131/482
f 3045/118/15 3048/57/15 3074/131/482
f 3048/57/15 3049/119/15 3074/131/482
f 3073/131/119 3050/119/121 3076/137/120
f 3050/119/121 3051/120/121 3076/137/120
f 3052/121/12 3054/126/12 3075/135/483
f 3054/126/12 3056/136/475 3075/135/483
f 3078/134/483 3055/125/475 3079/126/484
f 3055/125/475 3058/127/476 3079/126/484
f 3058/127/476 3059/108/477 3079/126/484
f 3080/278/75 3060/128/76 3081/105/75
f 3060/128/76 3063/52/76 3081/105/75
s 0
f 3064/52/15 3067/53/15 3082/105/15
f 3082/105/15 3067/53/15 3083/100/15
s 1
f 3084/100/384 3068/53/427 3085/57/386
f 3068/53/427 3069/118/461 3085/57/386
f 3086/57/15 3070/118/480 3087/119/485
f 3070/118/480 3071/132/481 3087/119/485
f 3088/119/95 3072/132/112 3089/120/96
f 3072/132/112 3077/133/486 3089/120/96
f 3090/121/487 3078/134/483 3091/122/488
f 3078/134/483 3079/126/484 3091/122/488
f 3092/279/99 3080/278/75 3093/104/100
f 3080/278/75 3081/105/75 3093/104/100
s 0
f 3082/105/15 3083/100/15 3094/104/15
f 3094/104/15 3083/100/15 3095/58/15
s 1
f 3096/58/392 3084/100/384 3097/56/392
f 3084/100/384 3085/57/386 3097/56/392
s 0
f 3098/56/15 3086/57/15 3099/101/15
s 1
f 3086/57/15 3087/119/485 3099/101/15
f 3100/101/73 3088/119/95 3101/102/73
f 3088/119/95 3089/120/96 3101/102/73
f 3102/103/12 3090/121/487 3103/63/12
f 3090/121/487 3091/122/488 3103/63/12
f 3104/280/74 3092/279/99 3105/60/449
f 3092/279/99 3093/104/100 3105/60/449
s 0
f 3094/104/15 3095/58/15 3106/60/15
f 3106/60/15 3095/58/15 3107/55/15
s 1
f 3108/55/430 3096/58/392 3109/54/393
f 3096/58/392 3097/56/392 3109/54/393
s 0
f 3110/54/15 3098/56/15 3111/66/15
f 3098/56/15 3099/101/15 3111/66/15
s 1
f 3112/66/489 3100/101/73 3113/67/63
f 3100/101/73 3101/102/73 3113/67/63
s 0
f 3114/65/12 3102/103/12 3115/64/12
f 3102/103/12 3103/63/12 3115/64/12
s 1
f 3116/281/65 3104/280/74 3117/59/66
f 3104/280/74 3105/60/449 3117/59/66
s 0
f 3106/60/15 3107/55/15 3118/59/15
f 3118/59/15 3107/55/15 3119/74/15
s 1
f 3120/74/451 3108/55/430 3121/75/451
f 3108/55/430 3109/54/393 3121/75/451
s 0
f 3122/75/15 3110/54/15 3123/68/15
f 3110/54/15 3111/66/15 3123/68/15
s 1
f 3124/68/60 3112/66/489 3125/69/490
f 3112/66/489 3113/67/63 3125/69/490
s 0
f 3126/70/12 3114/65/12 3127/71/12
f 3114/65/12 3115/64/12 3127/71/12
s 1
f 3128/282/61 3116/281/65 3129/73/162
f 3116/281/65 3117/59/66 3129/73/162
s 0
f 3118/59/15 3119/74/15 3130/73/15
f 3130/73/15 3119/74/15 3131/83/15
s 1
f 3132/83/398 3120/74/451 3133/76/398
f 3120/74/451 3121/75/451 3133/76/398
s 0
f 3134/76/15 3122/75/15 3135/77/15
f 3122/75/15 3123/68/15 3135/77/15
s 1
f 3136/77/59 3124/68/60 3137/78/59
f 3124/68/60 3125/69/490 3137/78/59
s 0
f 3138/79/12 3126/70/12 3139/80/12
f 3126/70/12 3127/71/12 3139/80/12
s 1
f 3140/283/56 3128/282/61 3141/82/56
f 3128/282/61 3129/73/162 3141/82/56
s 0
f 3130/73/15 3131/83/15 3142/82/15
f 3142/82/15 3131/83/15 3143/84/15
s 1
f 3144/84/400 3132/83/398 3145/85/491
f 3132/83/398 3133/76/398 3145/85/491
s 0
f 3146/85/15 3134/76/15 3147/86/15
f 3134/76/15 3135/77/15 3147/86/15
s 1
f 3148/86/55 3136/77/59 3149/87/55
f 3136/77/59 3137/78/59 3149/87/55
s 0
f 3150/88/12 3138/79/12 3151/89/12
f 3138/79/12 3139/80/12 3151/89/12
s 1
f 3152/284/52 3140/283/56 3153/91/52
f 3140/283/56 3141/82/56 3153/91/52
s 0
f 3142/82/15 3143/84/15 3154/91/15
f 3154/91/15 3143/84/15 3158/92/15
f 3158/92/15 3143/84/15 3159/93/15
s 1
f 3162/93/492 3144/84/400 3163/94/402
f 3144/84/400 3145/85/491 3163/94/402
s 0
f 3146/85/15 3147/86/15 3166/94/15
f 3166/94/15 3147/86/15 3167/95/15
s 1
f 3148/86/55 3149/87/55 3170/95/1
f 3170/95/1 3149/87/55 3171/96/1
s 0
f 3174/97/12 3150/88/12 3175/98/12
f 3150/88/12 3151/89/12 3175/98/12
s 1
f 3152/284/52 3153/91/52 3178/285/7
f 3153/91/52 3155/92/7 3178/285/7
f 3180/284/49 3177/285/7 3181/91/49
f 3177/285/7 3156/92/7 3181/91/49
s 0
f 3182/91/15 3157/92/15 3183/84/15
f 3157/92/15 3160/93/15 3183/84/15
s 1
f 3184/84/405 3161/93/402 3185/85/493
f 3161/93/402 3164/94/494 3185/85/493
s 0
f 3186/85/15 3165/94/15 3187/86/15
f 3165/94/15 3168/95/15 3187/86/15
s 1
f 3188/86/183 3169/95/1 3189/87/495
f 3169/95/1 3172/96/1 3189/87/495
s 0
f 3173/97/12 3176/98/12 3190/88/12
f 3176/98/12 3179/89/12 3190/88/12
f 3190/88/12 3179/89/12 3191/80/12
s 1
f 3192/283/43 3180/284/49 3193/82/43
f 3180/284/49 3181/91/49 3193/82/43
s 0
f 3194/82/15 3182/91/15 3195/83/15
f 3182/91/15 3183/84/15 3195/83/15
s 1
f 3196/83/496 3184/84/405 3197/76/407
f 3184/84/405 3185/85/493 3197/76/407
s 0
f 3198/76/15 3186/85/15 3199/77/15
f 3186/85/15 3187/86/15 3199/77/15
s 1
f 3200/77/42 3188/86/183 3201/78/42
f 3188/86/183 3189/87/495 3201/78/42
s 0
f 3190/88/12 3191/80/12 3202/79/12
f 3202/79/12 3191/80/12 3203/71/12
s 1
f 3204/282/128 3192/283/43 3205/73/128
f 3192/283/43 3193/82/43 3205/73/128
s 0
f 3206/73/15 3194/82/15 3207/74/15
f 3194/82/15 3195/83/15 3207/74/15
s 1
f 3208/74/438 3196/83/496 3209/75/438
f 3196/83/496 3197/76/407 3209/75/438
s 0
f 3210/75/15 3198/76/15 3211/68/15
f 3198/76/15 3199/77/15 3211/68/15
s 1
f 3212/68/39 3200/77/42 3213/69/39
f 3200/77/42 3201/78/42 3213/69/39
s 0
f 3202/79/12 3203/71/12 3214/70/12
f 3214/70/12 3203/71/12 3215/64/12
s 1
f 3216/281/35 3204/282/128 3217/59/34
f 3204/282/128 3205/73/128 3217/59/34
s 0
f 3218/59/15 3206/73/15 3219/55/15
f 3206/73/15 3207/74/15 3219/55/15
s 1
f 3220/55/411 3208/74/438 3221/54/411
f 3208/74/438 3209/75/438 3221/54/411
s 0
f 3222/54/15 3210/75/15 3223/66/15
f 3210/75/15 3211/68/15 3223/66/15
s 1
f 3224/66/38 3212/68/39 3225/67/38
f 3212/68/39 3213/69/39 3225/67/38
s 0
f 3214/70/12 3215/64/12 3226/65/12
f 3226/65/12 3215/64/12 3227/63/12
s 1
f 3230/104/123 3228/280/36 3231/60/36
f 3228/280/36 3216/281/35 3231/60/36
f 3216/281/35 3217/59/34 3231/60/36
s 0
f 3232/60/15 3218/59/15 3233/58/15
f 3218/59/15 3219/55/15 3233/58/15
s 1
f 3234/58/412 3220/55/411 3235/56/412
f 3220/55/411 3221/54/411 3235/56/412
s 0
f 3236/56/15 3222/54/15 3237/101/15
f 3222/54/15 3223/66/15 3237/101/15
s 1
f 3238/101/124 3224/66/38 3239/102/124
f 3224/66/38 3225/67/38 3239/102/124
s 0
f 3226/65/12 3227/63/12 3240/103/12
f 3240/103/12 3227/63/12 3241/122/12
s 1
f 3228/280/36 3230/104/123 3242/279/122
f 3230/104/123 3244/105/115 3242/279/122
f 3242/279/122 3244/105/115 3246/278/115
f 3248/128/106 3246/278/115 3249/52/105
f 3246/278/115 3244/105/115 3249/52/105
f 3252/148/497 3254/51/442 3256/147/498
f 3256/147/498 3254/51/442 3257/53/499
s 0
f 3253/51/15 3250/52/15 3258/53/15
f 3250/52/15 3243/105/15 3258/53/15
f 3243/105/15 3229/104/15 3258/53/15
f 3258/53/15 3229/104/15 3259/100/15
f 3229/104/15 3232/60/15 3259/100/15
f 3232/60/15 3233/58/15 3259/100/15
s 1
f 3260/100/500 3234/58/412 3261/57/447
f 3234/58/412 3235/56/412 3261/57/447
f 3262/57/501 3236/56/15 3263/119/502
f 3236/56/15 3237/101/15 3263/119/502
f 3264/119/503 3238/101/124 3265/120/504
f 3238/101/124 3239/102/124 3265/120/504
s 0
f 3240/103/12 3241/122/12 3266/121/12
f 3241/122/12 3245/126/12 3266/121/12
f 3266/121/12 3245/126/12 3267/135/12
f 3267/135/12 3245/126/12 3269/136/12
f 3269/136/12 3245/126/12 3270/128/12
f 3245/126/12 3247/108/12 3270/128/12
f 3270/128/12 3247/108/12 3271/129/12
f 3271/129/12 3247/108/12 3273/109/12
s 1
f 3272/277/104 3248/128/106 3275/111/104
f 3248/128/106 3249/52/105 3275/111/104
s 0
f 3274/111/15 3250/52/15 3277/112/15
f 3250/52/15 3253/51/15 3277/112/15
s 1
f 3276/112/454 3254/51/442 3279/155/505
f 3254/51/442 3252/148/497 3279/155/505
f 3251/150/497 578/49/506 3278/156/507
f 578/49/506 579/50/508 3278/156/507
f 3278/156/507 579/50/508 3280/157/509
f 3280/157/509 579/50/508 3282/158/510
f 3281/158/29 580/50/29 3284/159/29
f 580/50/29 573/47/29 3284/159/29
s 0
f 3283/159/6 574/47/6 3286/160/6
f 574/47/6 571/46/6 3286/160/6
s 1
f 3285/160/26 572/46/26 3288/161/378
f 572/46/26 567/44/26 3288/161/378
s 0
f 568/44/3 564/42/3 3287/161/3
f 3287/161/3 564/42/3 3290/162/3
s 1
f 3289/163/377 563/164/377 3291/165/377
f 3291/165/377 563/164/377 3292/166/376
f 563/164/377 561/167/374 3292/166/376
f 3292/166/376 561/167/374 3293/168/511
f 3293/168/511 561/167/374 3294/169/373
f 3296/170/512 3294/169/373 3297/171/513
f 3294/169/373 561/167/374 3297/171/513
s 0
f 3298/172/3 562/41/3 3299/173/3
f 562/41/3 565/43/3 3299/173/3
s 1
f 3300/173/514 566/43/25 3301/174/514
f 566/43/25 569/45/27 3301/174/514
s 0
f 570/45/6 575/48/6 3302/174/6
f 3302/174/6 575/48/6 3303/175/6
s 1
f 3304/175/515 576/48/28 3305/149/350
f 576/48/28 577/49/28 3305/149/350
f 578/49/506 3251/150/497 3306/149/516
f 3251/150/497 3255/151/498 3306/149/516
f 3306/149/516 3255/151/498 3307/152/517
f 3256/147/498 3257/53/499 3308/153/517
f 3257/53/499 3260/100/500 3308/153/517
f 3308/153/517 3260/100/500 3312/154/518
f 3260/100/500 3261/57/447 3312/154/518
f 3311/154/519 3262/57/501 3316/180/519
f 3262/57/501 3263/119/502 3316/180/519
f 3315/180/520 3264/119/503 3317/181/521
f 3264/119/503 3265/120/504 3317/181/521
f 3265/120/504 3268/137/522 3317/181/521
f 3268/137/522 3295/182/523 3317/181/521
f 3318/183/524 3296/170/512 3319/184/525
f 3296/170/512 3297/171/513 3319/184/525
s 0
f 3320/185/3 3298/172/3 3321/186/3
f 3298/172/3 3299/173/3 3321/186/3
s 1
f 3322/186/526 3300/173/514 3323/187/526
f 3300/173/514 3301/174/514 3323/187/526
s 0
f 3302/174/6 3303/175/6 3324/187/6
f 3324/187/6 3303/175/6 3325/188/6
s 1
f 3326/188/527 3304/175/515 3327/176/527
f 3304/175/515 3305/149/350 3327/176/527
f 3306/149/516 3307/152/517 3328/176/528
f 3328/176/528 3307/152/517 3329/177/529
f 3307/152/517 3309/178/530 3329/177/529
f 3310/178/531 3313/179/531 3330/177/6
f 3330/177/6 3313/179/531 3332/190/6
f 3332/190/6 3313/179/531 3333/191/6
f 3314/179/532 3318/183/524 3334/191/533
f 3334/191/533 3318/183/524 3335/192/534
f 3318/183/524 3319/184/525 3335/192/534
s 0
f 3336/193/3 3320/185/3 3337/194/3
f 3320/185/3 3321/186/3 3337/194/3
s 1
f 3338/194/336 3322/186/526 3339/195/336
f 3322/186/526 3323/187/526 3339/195/336
s 0
f 3324/187/6 3325/188/6 3340/195/6
f 3340/195/6 3325/188/6 3341/196/6
s 1
f 3342/196/336 3326/188/527 3343/189/336
f 3326/188/527 3327/176/527 3343/189/336
f 3328/176/528 3329/177/529 3344/189/535
f 3329/177/529 3331/190/535 3344/189/535
f 3344/189/535 3331/190/535 3345/198/536
s 0
f 3346/198/6 3332/190/6 3347/199/6
f 3332/190/6 3333/191/6 3347/199/6
s 1
f 3348/199/537 3334/191/533 3349/200/537
f 3334/191/533 3335/192/534 3349/200/537
s 0
f 3350/201/3 3336/193/3 3351/202/3
f 3336/193/3 3337/194/3 3351/202/3
s 1
f 3352/202/345 3338/194/336 3353/203/538
f 3338/194/336 3339/195/336 3353/203/538
s 0
f 3354/203/6 3340/195/6 3355/204/6
f 3340/195/6 3341/196/6 3355/204/6
s 1
f 3356/204/335 3342/196/336 3357/197/335
f 3342/196/336 3343/189/336 3357/197/335
f 3344/189/535 3345/198/536 3358/197/536
f 3358/197/536 3345/198/536 3359/206/539
s 0
f 3360/206/6 3346/198/6 3361/207/6
f 3346/198/6 3347/199/6 3361/207/6
s 1
f 3362/207/540 3348/199/537 3363/208/540
f 3348/199/537 3349/200/537 3363/208/540
s 0
f 3364/209/3 3350/201/3 3365/210/3
f 3350/201/3 3351/202/3 3365/210/3
s 1
f 3366/210/13 3352/202/345 3367/211/13
f 3352/202/345 3353/203/538 3367/211/13
s 0
f 3368/211/6 3354/203/6 3369/212/6
f 3354/203/6 3355/204/6 3369/212/6
s 1
f 3370/212/13 3356/204/335 3371/205/13
f 3356/204/335 3357/197/335 3371/205/13
f 3358/197/536 3359/206/539 3372/205/539
f 3372/205/539 3359/206/539 3373/214/541
s 0
f 3374/214/6 3360/206/6 3375/215/6
f 3360/206/6 3361/207/6 3375/215/6
s 1
f 3376/215/542 3362/207/540 3377/216/542
f 3362/207/540 3363/208/540 3377/216/542
s 0
f 3378/217/3 3364/209/3 3379/218/3
f 3364/209/3 3365/210/3 3379/218/3
s 1
f 3380/218/543 3366/210/13 3381/219/544
f 3366/210/13 3367/211/13 3381/219/544
s 0
f 3382/219/6 3368/211/6 3383/220/6
f 3368/211/6 3369/212/6 3383/220/6
s 1
f 3384/220/545 3370/212/13 3385/213/546
f 3370/212/13 3371/205/13 3385/213/546
f 3372/205/539 3373/214/541 3386/213/541
f 3386/213/541 3373/214/541 3387/222/547
s 0
f 3388/222/6 3374/214/6 3389/223/6
f 3374/214/6 3375/215/6 3389/223/6
s 1
f 3390/223/548 3376/215/542 3391/224/548
f 3376/215/542 3377/216/542 3391/224/548
s 0
f 3392/225/3 3378/217/3 3393/226/3
f 3378/217/3 3379/218/3 3393/226/3
s 1
f 3394/226/549 3380/218/543 3395/227/549
f 3380/218/543 3381/219/544 3395/227/549
s 0
f 3396/227/6 3382/219/6 3397/228/6
f 3382/219/6 3383/220/6 3397/228/6
s 1
f 3398/228/328 3384/220/545 3399/221/328
f 3384/220/545 3385/213/546 3399/221/328
f 3386/213/541 3387/222/547 3400/221/547
f 3400/221/547 3387/222/547 3401/230/550
s 0
f 3402/230/6 3388/222/6 3403/231/6
f 3388/222/6 3389/223/6 3403/231/6
s 1
f 3404/231/320 3390/223/548 3405/232/320
f 3390/223/548 3391/224/548 3405/232/320
s 0
f 3406/233/3 3392/225/3 3407/234/3
f 3392/225/3 3393/226/3 3407/234/3
s 1
f 3408/234/321 3394/226/549 3409/235/321
f 3394/226/549 3395/227/549 3409/235/321
s 0
f 3410/235/6 3396/227/6 3411/236/6
f 3396/227/6 3397/228/6 3411/236/6
s 1
f 3412/236/321 3398/228/328 3413/229/321
f 3398/228/328 3399/221/328 3413/229/321
f 3400/221/547 3401/230/550 3414/229/550
f 3414/229/550 3401/230/550 3415/238/551
s 0
f 3416/238/6 3402/230/6 3417/239/6
f 3402/230/6 3403/231/6 3417/239/6
s 1
f 3418/239/552 3404/231/320 3419/240/552
f 3404/231/320 3405/232/320 3419/240/552
s 0
f 3420/241/3 3406/233/3 3421/242/3
f 3406/233/3 3407/234/3 3421/242/3
s 1
f 3422/242/314 3408/234/321 3423/243/314
f 3408/234/321 3409/235/321 3423/243/314
s 0
f 3424/243/6 3410/235/6 3425/244/6
f 3410/235/6 3411/236/6 3425/244/6
s 1
f 3426/244/314 3412/236/321 3427/237/315
f 3412/236/321 3413/229/321 3427/237/315
f 3414/229/550 3415/238/551 3428/237/553
f 3428/237/553 3415/238/551 3429/246/554
s 0
f 3430/246/6 3416/238/6 3431/247/6
f 3416/238/6 3417/239/6 3431/247/6
s 1
f 3432/247/312 3418/239/552 3433/248/312
f 3418/239/552 3419/240/552 3433/248/312
s 0
f 3434/249/3 3420/241/3 3435/250/3
f 3420/241/3 3421/242/3 3435/250/3
s 1
f 3436/250/308 3422/242/314 3437/251/308
f 3422/242/314 3423/243/314 3437/251/308
s 0
f 3438/251/6 3424/243/6 3439/252/6
f 3424/243/6 3425/244/6 3439/252/6
s 1
f 3440/252/555 3426/244/314 3441/245/555
f 3426/244/314 3427/237/315 3441/245/555
f 3428/237/553 3429/246/554 3442/245/554
f 3442/245/554 3429/246/554 3443/254/556
s 0
f 3444/254/6 3430/246/6 3445/255/6
f 3430/246/6 3431/247/6 3445/255/6
s 1
f 3446/255/557 3432/247/312 3447/256/305
f 3432/247/312 3433/248/312 3447/256/305
s 0
f 3448/257/3 3434/249/3 3449/258/3
f 3434/249/3 3435/250/3 3449/258/3
s 1
f 3450/258/302 3436/250/308 3451/259/302
f 3436/250/308 3437/251/308 3451/259/302
s 0
f 3452/259/6 3438/251/6 3453/260/6
f 3438/251/6 3439/252/6 3453/260/6
s 1
f 3454/260/558 3440/252/555 3455/253/301
f 3440/252/555 3441/245/555 3455/253/301
f 3442/245/554 3443/254/556 3456/253/559
f 3456/253/559 3443/254/556 3457/262/560
s 0
f 3458/262/6 3444/254/6 3459/263/6
f 3444/254/6 3445/255/6 3459/263/6
s 1
f 3460/263/561 3446/255/557 3461/264/562
f 3446/255/557 3447/256/305 3461/264/562
s 0
f 3462/265/3 3448/257/3 3463/266/3
f 3448/257/3 3449/258/3 3463/266/3
s 1
f 3464/266/563 3450/258/302 3465/267/563
f 3450/258/302 3451/259/302 3465/267/563
s 0
f 3466/267/6 3452/259/6 3467/268/6
f 3452/259/6 3453/260/6 3467/268/6
s 1
f 3468/268/563 3454/260/558 3469/261/563
f 3454/260/558 3455/253/301 3469/261/563
f 3456/253/559 3457/262/560 3470/261/560
f 3470/261/560 3457/262/560 3474/286/564
f 3474/286/564 3457/262/560 3475/287/564
s 0
f 3478/287/6 3458/262/6 3479/288/6
f 3458/262/6 3459/263/6 3479/288/6
s 1
f 3482/288/1 3460/263/561 3483/289/1
f 3460/263/561 3461/264/562 3483/289/1
s 0
f 3486/290/3 3462/265/3 3487/291/3
f 3462/265/3 3463/266/3 3487/291/3
s 1
f 3490/291/7 3464/266/563 3491/292/7
f 3464/266/563 3465/267/563 3491/292/7
s 0
f 3466/267/6 3467/268/6 3494/292/6
f 3494/292/6 3467/268/6 3495/293/6
s 1
f 3468/268/563 3469/261/563 3498/293/7
f 3469/261/563 3471/286/7 3498/293/7
f 3497/293/7 3472/286/7 3499/261/565
f 3500/261/566 3473/286/564 3501/262/566
f 3473/286/564 3476/287/564 3501/262/566
s 0
f 3477/287/6 3480/288/6 3502/262/6
f 3502/262/6 3480/288/6 3503/263/6
s 1
f 3481/288/1 3484/289/1 3504/263/567
f 3504/263/567 3484/289/1 3505/264/568
s 0
f 3485/290/3 3488/291/3 3506/265/3
f 3506/265/3 3488/291/3 3507/266/3
s 1
f 3489/291/7 3492/292/7 3508/266/565
f 3508/266/565 3492/292/7 3509/267/565
s 0
f 3510/267/6 3493/292/6 3511/268/6
f 3493/292/6 3496/293/6 3511/268/6
s 1
f 3497/293/7 3499/261/565 3512/268/565
f 3512/268/565 3499/261/565 3514/260/289
f 3514/260/289 3499/261/565 3515/253/289
f 3500/261/566 3501/262/566 3516/253/569
f 3516/253/569 3501/262/566 3517/254/569
s 0
f 3502/262/6 3503/263/6 3518/254/6
f 3518/254/6 3503/263/6 3519/255/6
s 1
f 3504/263/567 3505/264/568 3520/255/288
f 3520/255/288 3505/264/568 3521/256/288
s 0
f 3506/265/3 3507/266/3 3522/257/3
f 3522/257/3 3507/266/3 3523/258/3
s 1
f 3508/266/565 3509/267/565 3524/258/286
f 3524/258/286 3509/267/565 3525/259/286
s 0
f 3510/267/6 3511/268/6 3526/259/6
f 3511/268/6 3513/260/6 3526/259/6
f 3526/259/6 3513/260/6 3528/251/6
f 3528/251/6 3513/260/6 3529/252/6
s 1
f 3514/260/289 3515/253/289 3530/252/281
f 3530/252/281 3515/253/289 3531/245/281
f 3516/253/569 3517/254/569 3532/245/570
f 3532/245/570 3517/254/569 3533/246/570
s 0
f 3518/254/6 3519/255/6 3534/246/6
f 3534/246/6 3519/255/6 3535/247/6
s 1
f 3520/255/288 3521/256/288 3536/247/571
f 3536/247/571 3521/256/288 3537/248/572
s 0
f 3522/257/3 3523/258/3 3538/249/3
f 3538/249/3 3523/258/3 3539/250/3
s 1
f 3524/258/286 3525/259/286 3540/250/573
f 3525/259/286 3527/251/573 3540/250/573
f 3540/250/573 3527/251/573 3542/242/574
f 3542/242/574 3527/251/573 3543/243/574
s 0
f 3528/251/6 3529/252/6 3544/243/6
f 3544/243/6 3529/252/6 3545/244/6
s 1
f 3530/252/281 3531/245/281 3546/244/574
f 3546/244/574 3531/245/281 3547/237/574
f 3532/245/570 3533/246/570 3548/237/575
f 3548/237/575 3533/246/570 3549/238/575
s 0
f 3534/246/6 3535/247/6 3550/238/6
f 3550/238/6 3535/247/6 3551/239/6
s 1
f 3536/247/571 3537/248/572 3552/239/576
f 3552/239/576 3537/248/572 3553/240/577
s 0
f 3538/249/3 3539/250/3 3554/241/3
f 3539/250/3 3541/242/3 3554/241/3
f 3554/241/3 3541/242/3 3556/233/3
f 3556/233/3 3541/242/3 3557/234/3
s 1
f 3542/242/574 3543/243/574 3558/234/578
f 3558/234/578 3543/243/574 3559/235/578
s 0
f 3544/243/6 3545/244/6 3560/235/6
f 3560/235/6 3545/244/6 3561/236/6
s 1
f 3546/244/574 3547/237/574 3562/236/579
f 3562/236/579 3547/237/574 3563/229/579
f 3548/237/575 3549/238/575 3564/229/580
f 3564/229/580 3549/238/575 3565/230/581
s 0
f 3550/238/6 3551/239/6 3566/230/6
f 3566/230/6 3551/239/6 3567/231/6
s 1
f 3552/239/576 3553/240/577 3568/231/582
f 3553/240/577 3555/232/274 3568/231/582
f 3568/231/582 3555/232/274 3570/223/268
f 3570/223/268 3555/232/274 3571/224/269
s 0
f 3556/233/3 3557/234/3 3572/225/3
f 3572/225/3 3557/234/3 3573/226/3
s 1
f 3558/234/578 3559/235/578 3574/226/270
f 3574/226/270 3559/235/578 3575/227/270
s 0
f 3560/235/6 3561/236/6 3576/227/6
f 3576/227/6 3561/236/6 3577/228/6
s 1
f 3562/236/579 3563/229/579 3578/228/265
f 3578/228/265 3563/229/579 3579/221/265
f 3564/229/580 3565/230/581 3580/221/583
f 3580/221/583 3565/230/581 3581/222/583
s 0
f 3566/230/6 3567/231/6 3582/222/6
f 3567/231/6 3569/223/6 3582/222/6
f 3582/222/6 3569/223/6 3584/214/6
f 3586/206/6 3584/214/6 3587/215/6
f 3584/214/6 3569/223/6 3587/215/6
s 1
f 3570/223/268 3571/224/269 3588/215/584
f 3588/215/584 3571/224/269 3589/216/584
s 0
f 3572/225/3 3573/226/3 3590/217/3
f 3590/217/3 3573/226/3 3591/218/3
s 1
f 3574/226/270 3575/227/270 3592/218/262
f 3592/218/262 3575/227/270 3593/219/585
s 0
f 3576/227/6 3577/228/6 3594/219/6
f 3594/219/6 3577/228/6 3595/220/6
s 1
f 3578/228/265 3579/221/265 3596/220/262
f 3596/220/262 3579/221/265 3597/213/262
f 3580/221/583 3581/222/583 3598/213/586
f 3581/222/583 3583/214/587 3598/213/586
f 3598/213/586 3583/214/587 3600/205/588
f 3583/214/587 3585/206/588 3600/205/588
f 3600/205/588 3585/206/588 3602/197/589
f 3602/197/589 3585/206/588 3603/198/589
s 0
f 3604/198/6 3586/206/6 3605/207/6
f 3586/206/6 3587/215/6 3605/207/6
s 1
f 3588/215/584 3589/216/584 3606/207/261
f 3606/207/261 3589/216/584 3607/208/261
s 0
f 3590/217/3 3591/218/3 3608/209/3
f 3608/209/3 3591/218/3 3609/210/3
s 1
f 3592/218/262 3593/219/585 3610/210/22
f 3610/210/22 3593/219/585 3611/211/22
s 0
f 3594/219/6 3595/220/6 3612/211/6
f 3612/211/6 3595/220/6 3613/212/6
s 1
f 3596/220/262 3597/213/262 3614/212/22
f 3597/213/262 3599/205/22 3614/212/22
f 3614/212/22 3599/205/22 3616/204/259
f 3599/205/22 3601/197/259 3616/204/259
f 3616/204/259 3601/197/259 3618/196/590
f 3620/188/591 3618/196/590 3621/189/590
f 3618/196/590 3601/197/259 3621/189/590
f 3602/197/589 3603/198/589 3622/189/592
f 3624/177/593 3622/189/592 3625/190/592
f 3622/189/592 3603/198/589 3625/190/592
s 0
f 3626/190/6 3604/198/6 3627/199/6
f 3604/198/6 3605/207/6 3627/199/6
s 1
f 3606/207/261 3607/208/261 3628/199/594
f 3628/199/594 3607/208/261 3629/200/595
s 0
f 3608/209/3 3609/210/3 3630/201/3
f 3630/201/3 3609/210/3 3631/202/3
s 1
f 3610/210/22 3611/211/22 3632/202/259
f 3632/202/259 3611/211/22 3633/203/259
s 0
f 3612/211/6 3613/212/6 3634/203/6
f 3613/212/6 3615/204/6 3634/203/6
f 3634/203/6 3615/204/6 3636/195/6
f 3615/204/6 3617/196/6 3636/195/6
f 3617/196/6 3619/188/6 3636/195/6
f 3636/195/6 3619/188/6 3638/187/6
f 3640/174/6 3638/187/6 3641/175/6
f 3638/187/6 3619/188/6 3641/175/6
s 1
f 3642/175/212 3620/188/591 3643/176/591
f 3620/188/591 3621/189/590 3643/176/591
f 3622/189/592 3624/177/593 3644/176/596
f 3644/176/596 3624/177/593 3645/152/597
f 3624/177/593 3650/178/598 3645/152/597
f 3646/153/597 3647/154/598 3651/100/599
f 3647/154/598 618/57/33 3651/100/599
f 618/57/33 619/58/32 3651/100/599
s 0
f 620/58/12 623/60/12 3652/100/12
f 3652/100/12 623/60/12 3653/104/12
s 1
f 624/60/36 627/62/36 3654/104/123
f 3656/105/115 3654/104/123 3657/123/122
f 3654/104/123 627/62/36 3657/123/122
s 0
f 3658/122/15 628/63/15 3659/103/15
f 628/63/15 629/65/15 3659/103/15
s 1
f 630/67/38 631/66/37 3660/102/124
f 3660/102/124 631/66/37 3661/101/124
s 0
f 632/66/12 611/54/12 3662/101/12
f 611/54/12 615/56/12 3662/101/12
s 1
f 3662/101/12 615/56/12 3664/119/600
f 615/56/12 617/57/601 3664/119/600
f 3664/119/600 617/57/601 3665/180/602
f 617/57/601 3648/154/603 3665/180/602
f 3649/178/604 3623/177/6 3668/179/602
f 3623/177/6 3626/190/6 3668/179/602
f 3668/179/602 3626/190/6 3669/191/6
s 0
f 3626/190/6 3627/199/6 3669/191/6
s 1
f 3628/199/594 3629/200/595 3670/191/605
f 3670/191/605 3629/200/595 3671/192/606
s 0
f 3630/201/3 3631/202/3 3672/193/3
f 3672/193/3 3631/202/3 3673/194/3
s 1
f 3632/202/259 3633/203/259 3674/194/590
f 3633/203/259 3635/195/590 3674/194/590
f 3674/194/590 3635/195/590 3676/186/607
f 3635/195/590 3637/187/607 3676/186/607
f 3676/186/607 3637/187/607 3678/173/235
f 3637/187/607 3639/174/235 3678/173/235
f 3678/173/235 3639/174/235 3680/43/608
f 3680/43/608 3639/174/235 3681/45/608
s 0
f 3682/45/6 3640/174/6 3683/48/6
f 3640/174/6 3641/175/6 3683/48/6
s 1
f 3684/48/209 3642/175/212 3685/149/212
f 3642/175/212 3643/176/591 3685/149/212
f 3644/176/596 3645/152/597 3686/149/609
f 3686/149/609 3645/152/597 3687/151/610
f 3688/147/610 3646/153/597 3689/53/611
f 3646/153/597 3651/100/599 3689/53/611
s 0
f 3652/100/12 3653/104/12 3690/53/12
f 3653/104/12 3655/105/12 3690/53/12
f 3690/53/12 3655/105/12 3691/52/12
s 1
f 3694/106/106 3692/52/105 3695/124/115
f 3692/52/105 3656/105/115 3695/124/115
f 3656/105/115 3657/123/122 3695/124/115
s 0
f 3696/126/15 3658/122/15 3697/121/15
f 3658/122/15 3659/103/15 3697/121/15
s 1
f 3660/102/124 3661/101/124 3698/120/612
f 3661/101/124 3663/119/613 3698/120/612
f 3698/120/612 3663/119/613 3699/181/614
f 3663/119/613 3666/180/615 3699/181/614
f 3667/179/616 3670/191/605 3700/183/617
f 3670/191/605 3671/192/606 3700/183/617
f 3700/183/617 3671/192/606 3701/184/618
s 0
f 3672/193/3 3673/194/3 3702/185/3
f 3673/194/3 3675/186/3 3702/185/3
f 3702/185/3 3675/186/3 3704/172/3
f 3675/186/3 3677/173/3 3704/172/3
f 3704/172/3 3677/173/3 3706/41/3
f 3677/173/3 3679/43/3 3706/41/3
f 3706/41/3 3679/43/3 3708/42/3
f 3708/42/3 3679/43/3 3709/44/3
s 1
f 3680/43/608 3681/45/608 3710/44/211
f 3710/44/211 3681/45/608 3711/46/211
s 0
f 3712/46/6 3682/45/6 3713/47/6
f 3682/45/6 3683/48/6 3713/47/6
s 1
f 3716/50/228 3714/47/228 3717/49/619
f 3714/47/228 3684/48/209 3717/49/619
f 3684/48/209 3685/149/212 3717/49/619
f 3718/49/620 3686/149/609 3719/150/621
f 3686/149/609 3687/151/610 3719/150/621
f 3720/148/621 3688/147/610 3721/51/171
f 3688/147/610 3689/53/611 3721/51/171
s 0
f 3690/53/12 3691/52/12 3722/51/12
f 3722/51/12 3691/52/12 3723/112/12
f 3723/112/12 3691/52/12 3726/111/12
s 1
f 3692/52/105 3694/106/106 3725/111/104
f 3725/111/104 3694/106/106 3728/110/104
s 0
f 3727/109/15 3693/108/15 3729/129/15
f 3729/129/15 3693/108/15 3730/128/15
f 3693/108/15 3696/126/15 3730/128/15
f 3730/128/15 3696/126/15 3731/136/15
f 3731/136/15 3696/126/15 3733/135/15
f 3696/126/15 3697/121/15 3733/135/15
s 1
f 3698/120/612 3699/181/614 3732/137/622
f 3732/137/622 3699/181/614 3735/182/523
f 3700/183/617 3701/184/618 3734/170/623
f 3701/184/618 3703/171/624 3734/170/623
f 3734/170/623 3703/171/624 3736/169/234
f 3703/171/624 3705/167/230 3736/169/234
f 3736/169/234 3705/167/230 3737/168/231
f 3737/168/231 3705/167/230 3738/166/229
f 3705/167/230 3707/164/625 3738/166/229
f 3738/166/229 3707/164/625 3739/165/625
f 3739/165/625 3707/164/625 3741/163/229
s 0
f 3740/162/3 3708/42/3 3743/161/3
f 3708/42/3 3709/44/3 3743/161/3
s 1
f 3710/44/211 3711/46/211 3742/161/211
f 3742/161/211 3711/46/211 3745/160/211
s 0
f 3712/46/6 3713/47/6 3744/160/6
f 3744/160/6 3713/47/6 3747/159/6
s 1
f 3714/47/228 3716/50/228 3746/159/228
f 3746/159/228 3716/50/228 3749/158/228
f 3748/158/626 3715/50/627 3750/157/628
f 3750/157/628 3715/50/627 3752/156/629
f 3715/50/627 3718/49/620 3752/156/629
f 3718/49/620 3719/150/621 3752/156/629
f 3720/148/621 3721/51/171 3751/155/630
f 3721/51/171 3724/112/631 3751/155/630
s 0
f 3754/294/6 3755/295/6 3757/296/6
f 3757/296/6 3755/295/6 3758/297/6
f 3755/295/6 3762/298/6 3758/297/6
s 1
f 3763/298/632 3764/299/632 3761/297/633
f 3761/297/633 3764/299/632 3766/300/633
s 0
f 3765/299/3 3770/301/3 3769/300/3
f 3769/300/3 3770/301/3 3772/302/3
s 1
f 3775/302/634 3771/301/635 3776/303/634
f 3771/301/635 3780/304/635 3776/303/634
f 3781/304/636 3782/305/637 3779/303/638
f 3779/303/638 3782/305/637 3784/306/639
s 0
f 3783/305/3 3788/307/3 3787/306/3
f 3787/306/3 3788/307/3 3790/308/3
s 1
f 3789/307/640 3753/309/641 3793/308/642
f 3793/308/642 3753/309/641 3794/310/642
s 0
f 3754/294/6 3757/296/6 3797/311/6
f 3796/311/6 3756/296/6 3798/312/6
f 3756/296/6 3759/297/6 3798/312/6
f 3798/312/6 3759/297/6 3799/313/6
s 1
f 3760/297/170 3767/300/170 3800/313/643
f 3800/313/643 3767/300/170 3801/314/644
s 0
f 3768/300/3 3773/302/3 3802/314/3
f 3802/314/3 3773/302/3 3803/315/3
s 1
f 3774/302/634 3777/303/634 3804/315/645
f 3804/315/645 3777/303/634 3805/316/645
f 3806/316/646 3778/303/647 3807/317/648
f 3778/303/647 3785/306/649 3807/317/648
s 0
f 3786/306/3 3791/308/3 3808/317/3
f 3808/317/3 3791/308/3 3809/318/3
s 1
f 3792/308/642 3795/310/642 3810/318/650
f 3810/318/650 3795/310/642 3811/319/650
s 0
f 3796/311/6 3798/312/6 3812/320/6
f 3812/320/6 3798/312/6 3814/321/6
f 3814/321/6 3798/312/6 3815/322/6
f 3798/312/6 3799/313/6 3815/322/6
f 3815/322/6 3799/313/6 3816/323/6
s 1
f 3800/313/643 3801/314/644 3817/323/651
f 3817/323/651 3801/314/644 3818/324/652
s 0
f 3802/314/3 3803/315/3 3819/324/3
f 3819/324/3 3803/315/3 3820/325/3
s 1
f 3804/315/645 3805/316/645 3821/325/651
f 3821/325/651 3805/316/645 3822/326/651
f 3806/316/646 3807/317/648 3823/326/653
f 3823/326/653 3807/317/648 3824/327/654
s 0
f 3808/317/3 3809/318/3 3825/327/3
f 3825/327/3 3809/318/3 3826/328/3
s 1
f 3810/318/650 3811/319/650 3827/328/655
f 3811/319/650 3813/329/655 3827/328/655
f 3827/328/655 3813/329/655 3829/330/656
f 3829/330/656 3813/329/655 3830/331/656
s 0
f 3814/321/6 3815/322/6 3831/332/6
f 3831/332/6 3815/322/6 3832/333/6
f 3815/322/6 3816/323/6 3832/333/6
f 3832/333/6 3816/323/6 3833/334/6
s 1
f 3817/323/651 3818/324/652 3834/334/657
f 3834/334/657 3818/324/652 3835/335/658
s 0
f 3819/324/3 3820/325/3 3836/335/3
f 3836/335/3 3820/325/3 3837/336/3
s 1
f 3821/325/651 3822/326/651 3838/336/659
f 3838/336/659 3822/326/651 3839/337/658
f 3823/326/653 3824/327/654 3840/337/660
f 3840/337/660 3824/327/654 3841/338/660
s 0
f 3825/327/3 3826/328/3 3842/338/3
f 3826/328/3 3828/330/3 3842/338/3
f 3842/338/3 3828/330/3 3844/339/3
f 3844/339/3 3828/330/3 3845/340/3
s 1
f 3829/330/656 3830/331/656 3846/340/23
f 3846/340/23 3830/331/656 3847/341/23
s 0
f 3831/332/6 3832/333/6 3848/342/6
f 3848/342/6 3832/333/6 3849/343/6
f 3832/333/6 3833/334/6 3849/343/6
f 3849/343/6 3833/334/6 3850/344/6
s 1
f 3834/334/657 3835/335/658 3851/344/22
f 3851/344/22 3835/335/658 3852/345/22
s 0
f 3836/335/3 3837/336/3 3853/345/3
f 3853/345/3 3837/336/3 3854/346/3
s 1
f 3838/336/659 3839/337/658 3855/346/21
f 3855/346/21 3839/337/658 3856/347/24
f 3840/337/660 3841/338/660 3857/347/661
f 3841/338/660 3843/339/661 3857/347/661
f 3857/347/661 3843/339/661 3859/348/267
f 3859/348/267 3843/339/661 3860/349/267
s 0
f 3844/339/3 3845/340/3 3861/349/3
f 3861/349/3 3845/340/3 3862/350/3
s 1
f 3846/340/23 3847/341/23 3863/350/268
f 3863/350/268 3847/341/23 3864/351/268
s 0
f 3848/342/6 3849/343/6 3865/352/6
f 3865/352/6 3849/343/6 3866/353/6
f 3849/343/6 3850/344/6 3866/353/6
f 3866/353/6 3850/344/6 3867/354/6
s 1
f 3851/344/22 3852/345/22 3868/354/662
f 3868/354/662 3852/345/22 3869/355/662
s 0
f 3853/345/3 3854/346/3 3870/355/3
f 3870/355/3 3854/346/3 3871/356/3
s 1
f 3855/346/21 3856/347/24 3872/356/265
f 3856/347/24 3858/348/265 3872/356/265
f 3872/356/265 3858/348/265 3874/357/574
f 3874/357/574 3858/348/265 3875/358/277
f 3859/348/267 3860/349/267 3876/358/278
f 3876/358/278 3860/349/267 3877/359/278
s 0
f 3861/349/3 3862/350/3 3878/359/3
f 3878/359/3 3862/350/3 3879/360/3
s 1
f 3863/350/268 3864/351/268 3880/360/663
f 3880/360/663 3864/351/268 3881/361/663
s 0
f 3865/352/6 3866/353/6 3882/362/6
f 3882/362/6 3866/353/6 3883/363/6
f 3866/353/6 3867/354/6 3883/363/6
f 3883/363/6 3867/354/6 3884/364/6
s 1
f 3868/354/662 3869/355/662 3885/364/574
f 3885/364/574 3869/355/662 3886/365/574
s 0
f 3870/355/3 3871/356/3 3887/365/3
f 3871/356/3 3873/357/3 3887/365/3
f 3887/365/3 3873/357/3 3889/366/3
f 3889/366/3 3873/357/3 3890/367/3
s 1
f 3874/357/574 3875/358/277 3891/367/286
f 3891/367/286 3875/358/277 3892/368/286
f 3876/358/278 3877/359/278 3893/368/664
f 3893/368/664 3877/359/278 3894/369/665
s 0
f 3878/359/3 3879/360/3 3895/369/3
f 3895/369/3 3879/360/3 3896/370/3
s 1
f 3880/360/663 3881/361/663 3897/370/288
f 3897/370/288 3881/361/663 3898/371/288
s 0
f 3882/362/6 3883/363/6 3899/372/6
f 3899/372/6 3883/363/6 3900/373/6
f 3883/363/6 3884/364/6 3900/373/6
f 3900/373/6 3884/364/6 3901/374/6
s 1
f 3885/364/574 3886/365/574 3902/374/289
f 3886/365/574 3888/366/289 3902/374/289
f 3902/374/289 3888/366/289 3904/375/666
f 3904/375/666 3888/366/289 3905/376/666
s 0
f 3889/366/3 3890/367/3 3906/376/3
f 3906/376/3 3890/367/3 3907/377/3
s 1
f 3891/367/286 3892/368/286 3908/377/667
f 3908/377/667 3892/368/286 3909/378/666
f 3893/368/664 3894/369/665 3910/378/668
f 3910/378/668 3894/369/665 3911/379/669
s 0
f 3895/369/3 3896/370/3 3912/379/3
f 3912/379/3 3896/370/3 3913/380/3
s 1
f 3897/370/288 3898/371/288 3914/380/1
f 3914/380/1 3898/371/288 3915/381/1
s 0
f 3899/372/6 3900/373/6 3916/382/6
f 3916/382/6 3900/373/6 3917/383/6
f 3900/373/6 3901/374/6 3917/383/6
f 3901/374/6 3903/375/6 3917/383/6
f 3917/383/6 3903/375/6 3918/384/6
f 3918/384/6 3903/375/6 3919/385/6
s 1
f 3904/375/666 3905/376/666 3920/385/301
f 3920/385/301 3905/376/666 3921/386/301
s 0
f 3906/376/3 3907/377/3 3922/386/3
f 3922/386/3 3907/377/3 3923/387/3
s 1
f 3908/377/667 3909/378/666 3924/387/301
f 3924/387/301 3909/378/666 3925/388/302
f 3910/378/668 3911/379/669 3926/388/304
f 3926/388/304 3911/379/669 3927/389/670
s 0
f 3912/379/3 3913/380/3 3928/389/3
f 3928/389/3 3913/380/3 3929/390/3
s 1
f 3914/380/1 3915/381/1 3930/390/557
f 3930/390/557 3915/381/1 3931/391/557
s 0
f 3916/382/6 3917/383/6 3932/392/6
f 3917/383/6 3918/384/6 3932/392/6
f 3932/392/6 3918/384/6 3934/393/6
f 3934/393/6 3918/384/6 3935/394/6
f 3918/384/6 3919/385/6 3935/394/6
f 3935/394/6 3919/385/6 3936/395/6
s 1
f 3920/385/301 3921/386/301 3937/395/671
f 3937/395/671 3921/386/301 3938/396/314
s 0
f 3922/386/3 3923/387/3 3939/396/3
f 3939/396/3 3923/387/3 3940/397/3
s 1
f 3924/387/301 3925/388/302 3941/397/672
f 3941/397/672 3925/388/302 3942/398/672
f 3926/388/304 3927/389/670 3943/398/317
f 3943/398/317 3927/389/670 3944/399/317
s 0
f 3928/389/3 3929/390/3 3945/399/3
f 3945/399/3 3929/390/3 3946/400/3
s 1
f 3930/390/557 3931/391/557 3947/400/318
f 3931/391/557 3933/401/673 3947/400/318
f 3947/400/318 3933/401/673 3949/402/674
f 3949/402/674 3933/401/673 3950/403/548
s 0
f 3934/393/6 3935/394/6 3951/404/6
f 3951/404/6 3935/394/6 3952/405/6
f 3935/394/6 3936/395/6 3952/405/6
f 3952/405/6 3936/395/6 3953/406/6
s 1
f 3937/395/671 3938/396/314 3954/406/675
f 3954/406/675 3938/396/314 3955/407/675
s 0
f 3939/396/3 3940/397/3 3956/407/3
f 3956/407/3 3940/397/3 3957/408/3
s 1
f 3941/397/672 3942/398/672 3958/408/675
f 3958/408/675 3942/398/672 3959/409/675
f 3943/398/317 3944/399/317 3960/409/329
f 3960/409/329 3944/399/317 3961/410/329
s 0
f 3945/399/3 3946/400/3 3962/410/3
f 3946/400/3 3948/402/3 3962/410/3
f 3962/410/3 3948/402/3 3964/411/3
f 3964/411/3 3948/402/3 3965/412/3
s 1
f 3949/402/674 3950/403/548 3966/412/339
f 3968/413/676 3966/412/339 3969/414/339
f 3966/412/339 3950/403/548 3969/414/339
s 0
f 3951/404/6 3952/405/6 3970/415/6
f 3970/415/6 3952/405/6 3971/416/6
f 3952/405/6 3953/406/6 3971/416/6
f 3971/416/6 3953/406/6 3972/417/6
s 1
f 3954/406/675 3955/407/675 3973/417/13
f 3973/417/13 3955/407/675 3974/418/14
s 0
f 3956/407/3 3957/408/3 3975/418/3
f 3975/418/3 3957/408/3 3976/419/3
s 1
f 3958/408/675 3959/409/675 3977/419/17
f 3977/419/17 3959/409/675 3978/420/17
f 3960/409/329 3961/410/329 3979/420/331
f 3961/410/329 3963/411/331 3979/420/331
f 3979/420/331 3963/411/331 3981/421/677
f 3981/421/677 3963/411/331 3982/422/677
s 0
f 3964/411/3 3965/412/3 3983/422/3
f 3965/412/3 3967/413/3 3983/422/3
f 3983/422/3 3967/413/3 3984/423/3
f 3986/295/6 3987/294/6 3990/296/6
f 3990/296/6 3987/294/6 3991/311/6
s 1
f 3994/310/678 3988/309/679 3995/308/678
f 3988/309/679 3999/307/679 3995/308/678
s 0
f 3998/308/3 4000/307/3 4001/306/3
f 4000/307/3 4005/305/3 4001/306/3
s 1
f 4004/306/680 4006/305/681 4007/303/682
f 4006/305/681 4011/304/683 4007/303/682
f 4012/304/684 4013/301/684 4010/303/685
f 4010/303/685 4013/301/684 4015/302/685
s 0
f 4018/302/3 4014/301/3 4019/300/3
f 4014/301/3 4023/299/3 4019/300/3
s 1
f 4022/300/417 4024/299/686 4025/297/417
f 4024/299/686 4029/298/686 4025/297/417
s 0
f 4030/298/6 3986/295/6 4028/297/6
f 3986/295/6 3990/296/6 4028/297/6
f 4027/297/6 3989/296/6 4031/312/6
f 3989/296/6 3992/311/6 4031/312/6
f 4031/312/6 3992/311/6 4032/320/6
s 1
f 4033/319/687 3993/310/678 4034/318/687
f 3993/310/678 3996/308/678 4034/318/687
s 0
f 4035/318/3 3997/308/3 4036/317/3
f 3997/308/3 4002/306/3 4036/317/3
s 1
f 4003/306/680 4008/303/682 4037/317/688
f 4037/317/688 4008/303/682 4038/316/689
f 4039/316/690 4009/303/685 4040/315/691
f 4009/303/685 4016/302/685 4040/315/691
s 0
f 4041/315/3 4017/302/3 4042/314/3
f 4017/302/3 4020/300/3 4042/314/3
s 1
f 4043/314/692 4021/300/693 4044/313/692
f 4021/300/693 4026/297/693 4044/313/692
s 0
f 4027/297/6 4031/312/6 4045/313/6
f 4045/313/6 4031/312/6 4046/322/6
f 4046/322/6 4031/312/6 4047/321/6
f 4031/312/6 4032/320/6 4047/321/6
s 1
f 4048/329/694 4033/319/687 4049/328/694
f 4033/319/687 4034/318/687 4049/328/694
s 0
f 4050/328/3 4035/318/3 4051/327/3
f 4035/318/3 4036/317/3 4051/327/3
s 1
f 4052/327/695 4037/317/688 4053/326/695
f 4037/317/688 4038/316/689 4053/326/695
f 4054/326/696 4039/316/690 4055/325/696
f 4039/316/690 4040/315/691 4055/325/696
s 0
f 4056/325/3 4041/315/3 4057/324/3
f 4041/315/3 4042/314/3 4057/324/3
s 1
f 4058/324/696 4043/314/692 4059/323/696
f 4043/314/692 4044/313/692 4059/323/696
s 0
f 4045/313/6 4046/322/6 4060/323/6
f 4060/323/6 4046/322/6 4061/333/6
f 4061/333/6 4046/322/6 4062/332/6
f 4046/322/6 4047/321/6 4062/332/6
s 1
f 4063/331/697 4048/329/694 4064/330/697
f 4048/329/694 4049/328/694 4064/330/697
s 0
f 4065/330/3 4050/328/3 4066/338/3
f 4050/328/698 4051/327/698 4066/338/698
s 1
f 4067/338/677 4052/327/695 4068/337/677
f 4052/327/695 4053/326/695 4068/337/677
f 4069/337/699 4054/326/696 4070/336/700
f 4054/326/696 4055/325/696 4070/336/700
s 0
f 4071/336/3 4056/325/3 4072/335/3
f 4056/325/3 4057/324/3 4072/335/3
s 1
f 4073/335/701 4058/324/696 4074/334/701
f 4058/324/696 4059/323/696 4074/334/701
s 0
f 4060/323/6 4061/333/6 4075/334/6
f 4075/334/6 4061/333/6 4076/343/6
f 4076/343/6 4061/333/6 4077/342/6
f 4061/333/6 4062/332/6 4077/342/6
s 1
f 4078/341/339 4063/331/697 4079/340/339
f 4063/331/697 4064/330/697 4079/340/339
s 0
f 4080/340/3 4065/330/3 4081/339/3
f 4065/330/3 4066/338/3 4081/339/3
s 1
f 4082/339/331 4067/338/677 4083/347/331
f 4067/338/677 4068/337/677 4083/347/331
f 4084/347/14 4069/337/699 4085/346/14
f 4069/337/699 4070/336/700 4085/346/14
s 0
f 4086/346/3 4071/336/3 4087/345/3
f 4071/336/3 4072/335/3 4087/345/3
s 1
f 4088/345/13 4073/335/701 4089/344/13
f 4073/335/701 4074/334/701 4089/344/13
s 0
f 4075/334/6 4076/343/6 4090/344/6
f 4090/344/6 4076/343/6 4091/353/6
f 4091/353/6 4076/343/6 4092/352/6
f 4076/343/6 4077/342/6 4092/352/6
s 1
f 4093/351/326 4078/341/339 4094/350/326
f 4078/341/339 4079/340/339 4094/350/326
s 0
f 4095/350/3 4080/340/3 4096/349/3
f 4080/340/3 4081/339/3 4096/349/3
s 1
f 4097/349/329 4082/339/331 4098/348/702
f 4082/339/331 4083/347/331 4098/348/702
f 4099/348/328 4084/347/14 4100/356/328
f 4084/347/14 4085/346/14 4100/356/328
s 0
f 4101/356/3 4086/346/3 4102/355/3
f 4086/346/3 4087/345/3 4102/355/3
s 1
f 4103/355/703 4088/345/13 4104/354/703
f 4088/345/13 4089/344/13 4104/354/703
s 0
f 4090/344/6 4091/353/6 4105/354/6
f 4105/354/6 4091/353/6 4106/363/6
f 4106/363/6 4091/353/6 4107/362/6
f 4091/353/6 4092/352/6 4107/362/6
s 1
f 4108/361/704 4093/351/326 4109/360/704
f 4093/351/326 4094/350/326 4109/360/704
s 0
f 4110/360/3 4095/350/3 4111/359/3
f 4095/350/3 4096/349/3 4111/359/3
s 1
f 4112/359/317 4097/349/329 4113/358/317
f 4097/349/329 4098/348/702 4113/358/317
f 4114/358/315 4099/348/328 4115/357/314
f 4099/348/328 4100/356/328 4115/357/314
s 0
f 4116/357/3 4101/356/3 4117/365/3
f 4101/356/3 4102/355/3 4117/365/3
s 1
f 4118/365/315 4103/355/703 4119/364/315
f 4103/355/703 4104/354/703 4119/364/315
s 0
f 4105/354/6 4106/363/6 4120/364/6
f 4120/364/6 4106/363/6 4121/373/6
f 4121/373/6 4106/363/6 4122/372/6
f 4106/363/6 4107/362/6 4122/372/6
s 1
f 4123/371/557 4108/361/704 4124/370/557
f 4108/361/704 4109/360/704 4124/370/557
s 0
f 4125/370/3 4110/360/3 4126/369/3
f 4110/360/3 4111/359/3 4126/369/3
s 1
f 4127/369/303 4112/359/317 4128/368/670
f 4112/359/317 4113/358/317 4128/368/670
f 4129/368/705 4114/358/315 4130/367/705
f 4114/358/315 4115/357/314 4130/367/705
s 0
f 4131/367/3 4116/357/3 4132/366/3
f 4116/357/3 4117/365/3 4132/366/3
s 1
f 4133/366/301 4118/365/315 4134/374/302
f 4118/365/315 4119/364/315 4134/374/302
s 0
f 4120/364/6 4121/373/6 4135/374/6
f 4135/374/6 4121/373/6 4136/383/6
f 4136/383/6 4121/373/6 4137/382/6
f 4121/373/6 4122/372/6 4137/382/6
s 1
f 4138/381/1 4123/371/557 4139/380/1
f 4123/371/557 4124/370/557 4139/380/1
s 0
f 4140/380/3 4125/370/3 4141/379/3
f 4125/370/3 4126/369/3 4141/379/3
s 1
f 4142/379/295 4127/369/303 4143/378/706
f 4127/369/303 4128/368/670 4143/378/706
f 4144/378/7 4129/368/705 4145/377/7
f 4129/368/705 4130/367/705 4145/377/7
s 0
f 4146/377/3 4131/367/3 4147/376/3
f 4131/367/3 4132/366/3 4147/376/3
s 1
f 4148/376/7 4133/366/301 4149/375/7
f 4133/366/301 4134/374/302 4149/375/7
s 0
f 4135/374/6 4136/383/6 4150/375/6
f 4150/375/6 4136/383/6 4151/384/6
f 4151/384/6 4136/383/6 4152/392/6
f 4136/383/6 4137/382/6 4152/392/6
s 1
f 4153/391/288 4138/381/1 4154/390/288
f 4138/381/1 4139/380/1 4154/390/288
s 0
f 4155/390/3 4140/380/3 4156/389/3
f 4140/380/3 4141/379/3 4156/389/3
s 1
f 4157/389/664 4142/379/295 4158/388/665
f 4142/379/295 4143/378/706 4158/388/665
f 4159/388/707 4144/378/7 4160/387/286
f 4144/378/7 4145/377/7 4160/387/286
s 0
f 4161/387/3 4146/377/3 4162/386/3
f 4146/377/3 4147/376/3 4162/386/3
s 1
f 4163/386/286 4148/376/7 4164/385/289
f 4148/376/7 4149/375/7 4164/385/289
s 0
f 4150/375/6 4151/384/6 4165/385/6
f 4165/385/6 4151/384/6 4166/394/6
f 4168/404/6 4166/394/6 4169/393/6
f 4166/394/6 4151/384/6 4169/393/6
f 4151/384/6 4152/392/6 4169/393/6
s 1
f 4170/401/663 4153/391/288 4171/400/663
f 4153/391/288 4154/390/288 4171/400/663
s 0
f 4172/400/3 4155/390/3 4173/399/3
f 4155/390/3 4156/389/3 4173/399/3
s 1
f 4174/399/278 4157/389/664 4175/398/278
f 4157/389/664 4158/388/665 4175/398/278
f 4176/398/574 4159/388/707 4177/397/277
f 4159/388/707 4160/387/286 4177/397/277
s 0
f 4178/397/3 4161/387/3 4179/396/3
f 4161/387/3 4162/386/3 4179/396/3
s 1
f 4180/396/574 4163/386/286 4181/395/574
f 4163/386/286 4164/385/289 4181/395/574
s 0
f 4165/385/6 4166/394/6 4182/395/6
f 4182/395/6 4166/394/6 4183/405/6
f 4166/394/6 4168/404/6 4183/405/6
f 4183/405/6 4168/404/6 4184/415/6
s 1
f 4187/413/708 4185/414/23 4189/412/23
f 4185/414/23 4167/403/268 4189/412/23
f 4189/412/23 4167/403/268 4190/402/268
f 4167/403/268 4170/401/663 4190/402/268
f 4170/401/663 4171/400/663 4190/402/268
s 0
f 4191/402/3 4172/400/3 4192/410/3
f 4172/400/3 4173/399/3 4192/410/3
s 1
f 4193/410/709 4174/399/278 4194/409/267
f 4174/399/278 4175/398/278 4194/409/267
f 4195/409/710 4176/398/574 4196/408/710
f 4176/398/574 4177/397/277 4196/408/710
s 0
f 4197/408/3 4178/397/3 4198/407/3
f 4178/397/3 4179/396/3 4198/407/3
s 1
f 4199/407/662 4180/396/574 4200/406/662
f 4180/396/574 4181/395/574 4200/406/662
s 0
f 4182/395/6 4183/405/6 4201/406/6
f 4201/406/6 4183/405/6 4202/416/6
f 4183/405/6 4184/415/6 4202/416/6
f 4202/416/6 4184/415/6 4203/424/6
s 1
f 4185/414/23 4187/413/708 4204/425/711
f 4204/425/711 4187/413/708 4207/426/1
s 0
f 4186/413/3 3985/423/3 4206/426/3
f 3984/423/3 3967/413/3 4205/426/3
s 1
f 4208/426/1 3968/413/676 4209/425/712
f 3968/413/676 3969/414/339 4209/425/712
s 0
f 3970/415/6 3971/416/6 4210/424/6
f 4210/424/6 3971/416/6 4211/427/6
f 3971/416/6 3972/417/6 4211/427/6
f 4211/427/6 3972/417/6 4212/428/6
s 1
f 3973/417/13 3974/418/14 4213/428/701
f 4213/428/701 3974/418/14 4214/429/701
s 0
f 3975/418/3 3976/419/3 4215/429/3
f 4215/429/3 3976/419/3 4216/430/3
s 1
f 3977/419/17 3978/420/17 4217/430/713
f 3978/420/17 3980/421/713 4217/430/713
f 4217/430/713 3980/421/713 4219/431/714
f 4219/431/714 3980/421/713 4220/432/714
f 3981/421/677 3982/422/677 4221/432/695
f 4221/432/695 3982/422/677 4222/433/695
s 0
f 3983/422/3 3984/423/3 4223/433/3
f 4223/433/3 3984/423/3 4227/434/3
f 4226/434/3 3985/423/3 4229/433/3
f 4229/433/3 3985/423/3 4231/422/3
f 3985/423/3 4186/413/3 4231/422/3
f 4186/413/3 4188/412/3 4231/422/3
f 4231/422/3 4188/412/3 4232/411/3
f 4188/412/3 4191/402/3 4232/411/3
f 4191/402/3 4192/410/3 4232/411/3
s 1
f 4233/411/661 4193/410/709 4234/420/661
f 4193/410/709 4194/409/267 4234/420/661
f 4235/420/22 4195/409/710 4236/419/22
f 4195/409/710 4196/408/710 4236/419/22
s 0
f 4237/419/3 4197/408/3 4238/418/3
f 4197/408/3 4198/407/3 4238/418/3
s 1
f 4239/418/21 4199/407/662 4240/417/22
f 4199/407/662 4200/406/662 4240/417/22
s 0
f 4201/406/6 4202/416/6 4241/417/6
f 4241/417/6 4202/416/6 4242/427/6
f 4202/416/6 4203/424/6 4242/427/6
f 4242/427/6 4203/424/6 4245/435/6
s 1
f 4204/425/711 4207/426/1 4244/436/1
f 4208/426/1 4209/425/712 4243/436/1
s 0
f 4210/424/6 4211/427/6 4246/435/6
f 4248/437/6 4246/435/6 4249/438/6
f 4246/435/6 4211/427/6 4249/438/6
f 4211/427/6 4212/428/6 4249/438/6
f 4249/438/6 4212/428/6 4250/439/6
s 1
f 4213/428/701 4214/429/701 4251/439/696
f 4251/439/696 4214/429/701 4252/440/696
s 0
f 4215/429/3 4216/430/3 4253/440/3
f 4216/430/3 4218/431/3 4253/440/3
f 4253/440/3 4218/431/3 4255/441/3
f 4259/442/3 4255/441/3 4260/443/3
f 4255/441/3 4218/431/3 4260/443/3
s 1
f 4219/431/714 4220/432/714 4261/443/715
f 4261/443/715 4220/432/714 4262/444/715
f 4221/432/695 4222/433/695 4263/444/716
f 4222/433/695 4224/434/717 4263/444/716
f 4224/434/717 4265/445/718 4263/444/716
f 4263/444/716 4265/445/718 4269/446/719
f 4268/446/720 4264/445/721 4271/444/648
f 4264/445/721 4225/434/722 4271/444/648
f 4225/434/722 4228/433/654 4271/444/648
f 4271/444/648 4228/433/654 4273/432/654
f 4228/433/654 4230/422/660 4273/432/654
f 4273/432/654 4230/422/660 4274/421/723
f 4230/422/660 4233/411/661 4274/421/723
f 4233/411/661 4234/420/661 4274/421/723
f 4275/421/657 4235/420/22 4276/430/657
f 4235/420/22 4236/419/22 4276/430/657
s 0
f 4277/430/3 4237/419/3 4278/429/3
f 4237/419/3 4238/418/3 4278/429/3
s 1
f 4279/429/724 4239/418/21 4280/428/724
f 4239/418/21 4240/417/22 4280/428/724
s 0
f 4241/417/6 4242/427/6 4281/428/6
f 4281/428/6 4242/427/6 4282/438/6
f 4242/427/6 4245/435/6 4282/438/6
f 4245/435/6 4247/437/6 4282/438/6
f 4282/438/6 4247/437/6 4283/447/6
f 4248/437/6 4249/438/6 4284/447/6
f 4284/447/725 4249/438/725 4285/448/725
f 4249/438/6 4250/439/6 4285/448/6
f 4285/448/6 4250/439/6 4286/449/6
s 1
f 4251/439/696 4252/440/696 4287/449/692
f 4252/440/696 4254/441/692 4287/449/692
f 4254/441/692 4256/442/726 4287/449/692
f 4287/449/692 4256/442/726 4291/450/726
f 4290/450/727 4257/442/727 4292/451/728
f 4292/451/728 4257/442/727 4295/452/728
s 0
f 4297/452/3 4298/453/3 4301/454/3
f 4299/453/3 4294/452/3 4300/454/3
f 4294/452/3 4258/442/3 4300/454/3
f 4303/454/3 4259/442/3 4304/455/3
f 4259/442/3 4260/443/3 4304/455/3
s 1
f 4261/443/715 4262/444/715 4307/455/7
f 4262/444/715 4266/446/7 4307/455/7
f 4267/446/7 4270/444/729 4306/455/7
f 4306/455/7 4270/444/729 4309/443/729
f 4270/444/729 4272/432/652 4309/443/729
f 4309/443/729 4272/432/652 4310/431/652
f 4272/432/652 4275/421/657 4310/431/652
f 4275/421/657 4276/430/657 4310/431/652
s 0
f 4311/431/3 4277/430/3 4312/440/3
f 4277/430/3 4278/429/3 4312/440/3
s 1
f 4313/440/651 4279/429/724 4314/439/651
f 4279/429/724 4280/428/724 4314/439/651
s 0
f 4281/428/6 4282/438/6 4315/439/6
f 4315/439/6 4282/438/6 4316/448/6
f 4282/438/730 4283/447/730 4316/448/730
f 4316/448/730 4283/447/730 4317/456/730
f 4284/447/725 4285/448/725 4318/456/725
f 4285/448/6 4286/449/6 4318/456/6
f 4318/456/6 4286/449/6 4320/457/6
f 4286/449/6 4288/450/6 4320/457/6
f 4289/450/6 4293/451/6 4319/457/6
f 4293/451/6 4323/458/6 4319/457/6
f 4324/458/6 4325/451/6 4322/457/6
f 4322/457/6 4325/451/6 4327/450/6
s 1
f 4330/450/731 4326/451/732 4331/442/731
f 4326/451/732 4296/452/732 4331/442/731
s 0
f 4297/452/3 4301/454/3 4334/442/3
f 4302/454/3 4305/455/3 4333/442/3
f 4305/455/3 4308/443/3 4333/442/3
f 4333/442/3 4308/443/3 4335/441/3
f 4308/443/3 4311/431/3 4335/441/3
f 4311/431/3 4312/440/3 4335/441/3
s 1
f 4336/441/645 4313/440/651 4338/449/645
f 4313/440/651 4314/439/651 4338/449/645
s 0
f 4315/439/6 4316/448/6 4337/449/6
f 4316/448/6 4317/456/6 4337/449/6
f 4317/456/6 4321/457/6 4337/449/6
f 4321/457/6 4328/450/6 4337/449/6
s 1
f 4329/450/731 4332/442/731 4338/449/645
s 0
f 4340/301/6 4341/299/6 4343/300/6
s 1
f 4346/300/633 4342/299/632 4347/297/633
f 4342/299/632 4351/298/632 4347/297/633
s 0
f 4352/298/3 4353/295/3 4350/297/3
f 4350/297/3 4353/295/3 4355/296/3
f 4353/295/3 4356/294/3 4355/296/3
f 4355/296/3 4356/294/3 4358/311/3
s 1
f 4361/310/642 4357/309/641 4362/308/642
f 4357/309/641 4366/307/641 4362/308/642
s 0
f 4365/308/6 4367/307/6 4368/306/6
f 4367/307/6 4372/305/6 4368/306/6
s 1
f 4371/306/733 4373/305/734 4374/303/735
f 4373/305/734 4378/304/736 4374/303/735
f 4379/304/635 4339/301/635 4377/303/634
f 4377/303/634 4339/301/635 4380/302/634
s 0
f 4340/301/6 4343/300/6 4383/302/6
f 4382/302/6 4344/300/6 4384/314/6
s 1
f 4385/314/644 4345/300/170 4386/313/643
f 4345/300/170 4348/297/170 4386/313/643
s 0
f 4387/313/3 4349/297/3 4388/312/3
f 4349/297/3 4354/296/3 4388/312/3
f 4354/296/3 4359/311/3 4388/312/3
f 4388/312/3 4359/311/3 4389/320/3
s 1
f 4390/319/650 4360/310/642 4391/318/650
f 4360/310/642 4363/308/642 4391/318/650
s 0
f 4392/318/6 4364/308/6 4393/317/6
f 4364/308/6 4369/306/6 4393/317/6
s 1
f 4370/306/737 4375/303/735 4394/317/738
f 4394/317/738 4375/303/735 4395/316/739
f 4396/316/729 4376/303/634 4397/315/729
f 4376/303/634 4381/302/634 4397/315/729
s 0
f 4382/302/6 4384/314/6 4398/315/6
f 4398/315/6 4384/314/6 4399/324/6
s 1
f 4400/324/651 4385/314/644 4401/323/651
f 4385/314/644 4386/313/643 4401/323/651
s 0
f 4402/323/3 4387/313/3 4403/322/3
f 4387/313/3 4388/312/3 4403/322/3
f 4403/322/3 4388/312/3 4404/321/3
f 4388/312/3 4389/320/3 4404/321/3
s 1
f 4405/329/655 4390/319/650 4406/328/655
f 4390/319/650 4391/318/650 4406/328/655
s 0
f 4407/328/6 4392/318/6 4408/327/6
f 4392/318/6 4393/317/6 4408/327/6
s 1
f 4409/327/740 4394/317/738 4410/326/740
f 4394/317/738 4395/316/739 4410/326/740
f 4411/326/741 4396/316/729 4412/325/651
f 4396/316/729 4397/315/729 4412/325/651
s 0
f 4398/315/6 4399/324/6 4413/325/6
f 4413/325/6 4399/324/6 4414/335/6
s 1
f 4415/335/658 4400/324/651 4416/334/658
f 4400/324/651 4401/323/651 4416/334/658
s 0
f 4417/334/3 4402/323/3 4418/333/3
f 4402/323/3 4403/322/3 4418/333/3
f 4418/333/3 4403/322/3 4419/332/3
f 4403/322/3 4404/321/3 4419/332/3
s 1
f 4420/331/656 4405/329/655 4421/330/656
f 4405/329/655 4406/328/655 4421/330/656
s 0
f 4422/330/6 4407/328/6 4423/338/6
f 4407/328/6 4408/327/6 4423/338/6
s 1
f 4424/338/742 4409/327/740 4425/337/742
f 4409/327/740 4410/326/740 4425/337/742
f 4426/337/743 4411/326/741 4427/336/743
f 4411/326/741 4412/325/651 4427/336/743
s 0
f 4413/325/6 4414/335/6 4428/336/6
f 4428/336/6 4414/335/6 4429/345/6
s 1
f 4430/345/22 4415/335/658 4431/344/22
f 4415/335/658 4416/334/658 4431/344/22
s 0
f 4432/344/3 4417/334/3 4433/343/3
f 4417/334/3 4418/333/3 4433/343/3
f 4433/343/3 4418/333/3 4434/342/3
f 4418/333/3 4419/332/3 4434/342/3
s 1
f 4435/341/23 4420/331/656 4436/340/23
f 4420/331/656 4421/330/656 4436/340/23
s 0
f 4437/340/6 4422/330/6 4438/339/6
f 4422/330/6 4423/338/6 4438/339/6
s 1
f 4439/339/588 4424/338/742 4440/347/588
f 4424/338/742 4425/337/742 4440/347/588
f 4441/347/22 4426/337/743 4442/346/21
f 4426/337/743 4427/336/743 4442/346/21
s 0
f 4428/336/6 4429/345/6 4443/346/6
f 4443/346/6 4429/345/6 4444/355/6
s 1
f 4445/355/662 4430/345/22 4446/354/662
f 4430/345/22 4431/344/22 4446/354/662
s 0
f 4447/354/3 4432/344/3 4448/353/3
f 4432/344/3 4433/343/3 4448/353/3
f 4448/353/3 4433/343/3 4449/352/3
f 4433/343/3 4434/342/3 4449/352/3
s 1
f 4450/351/268 4435/341/23 4451/350/268
f 4435/341/23 4436/340/23 4451/350/268
s 0
f 4452/350/6 4437/340/6 4453/349/6
f 4437/340/6 4438/339/6 4453/349/6
s 1
f 4454/349/583 4439/339/588 4455/348/583
f 4439/339/588 4440/347/588 4455/348/583
f 4456/348/265 4441/347/22 4457/356/265
f 4441/347/22 4442/346/21 4457/356/265
s 0
f 4443/346/6 4444/355/6 4458/356/6
f 4458/356/6 4444/355/6 4459/365/6
s 1
f 4460/365/574 4445/355/662 4461/364/574
f 4445/355/662 4446/354/662 4461/364/574
s 0
f 4462/364/3 4447/354/3 4463/363/3
f 4447/354/3 4448/353/3 4463/363/3
f 4463/363/3 4448/353/3 4464/362/3
f 4448/353/3 4449/352/3 4464/362/3
s 1
f 4465/361/663 4450/351/268 4466/360/663
f 4450/351/268 4451/350/268 4466/360/663
s 0
f 4467/360/6 4452/350/6 4468/359/6
f 4452/350/6 4453/349/6 4468/359/6
s 1
f 4469/359/744 4454/349/583 4470/358/744
f 4454/349/583 4455/348/583 4470/358/744
f 4471/358/574 4456/348/265 4472/357/574
f 4456/348/265 4457/356/265 4472/357/574
s 0
f 4458/356/6 4459/365/6 4473/357/6
f 4473/357/6 4459/365/6 4474/366/6
s 1
f 4475/366/289 4460/365/574 4476/374/286
f 4460/365/574 4461/364/574 4476/374/286
s 0
f 4477/374/3 4462/364/3 4478/373/3
f 4462/364/3 4463/363/3 4478/373/3
f 4478/373/3 4463/363/3 4479/372/3
f 4463/363/3 4464/362/3 4479/372/3
s 1
f 4480/371/288 4465/361/663 4481/370/288
f 4465/361/663 4466/360/663 4481/370/288
s 0
f 4482/370/6 4467/360/6 4483/369/6
f 4467/360/6 4468/359/6 4483/369/6
s 1
f 4484/369/745 4469/359/744 4485/368/746
f 4469/359/744 4470/358/744 4485/368/746
f 4486/368/707 4471/358/574 4487/367/707
f 4471/358/574 4472/357/574 4487/367/707
s 0
f 4473/357/6 4474/366/6 4488/367/6
f 4488/367/6 4474/366/6 4489/376/6
s 1
f 4490/376/7 4475/366/289 4491/375/666
f 4475/366/289 4476/374/286 4491/375/666
s 0
f 4492/375/3 4477/374/3 4493/383/3
f 4477/374/3 4478/373/3 4493/383/3
f 4493/383/3 4478/373/3 4494/382/3
f 4478/373/3 4479/372/3 4494/382/3
s 1
f 4495/381/1 4480/371/288 4496/380/1
f 4480/371/288 4481/370/288 4496/380/1
s 0
f 4497/380/6 4482/370/6 4498/379/6
f 4482/370/6 4483/369/6 4498/379/6
s 1
f 4499/379/747 4484/369/745 4500/378/564
f 4484/369/745 4485/368/746 4500/378/564
f 4501/378/666 4486/368/707 4502/377/667
f 4486/368/707 4487/367/707 4502/377/667
s 0
f 4488/367/6 4489/376/6 4503/377/6
f 4503/377/6 4489/376/6 4504/386/6
s 1
f 4505/386/301 4490/376/7 4506/385/301
f 4490/376/7 4491/375/666 4506/385/301
s 0
f 4507/385/3 4492/375/3 4508/384/3
f 4492/375/3 4493/383/3 4508/384/3
f 4508/384/3 4493/383/3 4509/392/3
f 4493/383/3 4494/382/3 4509/392/3
s 1
f 4510/391/557 4495/381/1 4511/390/557
f 4495/381/1 4496/380/1 4511/390/557
s 0
f 4512/390/6 4497/380/6 4513/389/6
f 4497/380/6 4498/379/6 4513/389/6
s 1
f 4514/389/559 4499/379/747 4515/388/748
f 4499/379/747 4500/378/564 4515/388/748
f 4516/388/302 4501/378/666 4517/387/302
f 4501/378/666 4502/377/667 4517/387/302
s 0
f 4503/377/6 4504/386/6 4518/387/6
f 4518/387/6 4504/386/6 4519/396/6
s 1
f 4520/396/315 4505/386/301 4521/395/671
f 4505/386/301 4506/385/301 4521/395/671
s 0
f 4522/395/3 4507/385/3 4523/394/3
f 4507/385/3 4508/384/3 4523/394/3
f 4523/394/3 4508/384/3 4524/393/3
f 4508/384/3 4509/392/3 4524/393/3
s 1
f 4525/401/318 4510/391/557 4526/400/673
f 4510/391/557 4511/390/557 4526/400/673
s 0
f 4527/400/6 4512/390/6 4528/399/6
f 4512/390/6 4513/389/6 4528/399/6
s 1
f 4529/399/551 4514/389/559 4530/398/749
f 4514/389/559 4515/388/748 4530/398/749
f 4531/398/672 4516/388/302 4532/397/672
f 4516/388/302 4517/387/302 4532/397/672
s 0
f 4518/387/6 4519/396/6 4533/397/6
f 4533/397/6 4519/396/6 4534/407/6
s 1
f 4535/407/750 4520/396/315 4536/406/675
f 4520/396/315 4521/395/671 4536/406/675
s 0
f 4537/406/3 4522/395/3 4538/405/3
f 4522/395/3 4523/394/3 4538/405/3
f 4538/405/3 4523/394/3 4539/404/3
f 4523/394/3 4524/393/3 4539/404/3
s 1
f 4540/403/548 4525/401/318 4541/402/548
f 4525/401/318 4526/400/673 4541/402/548
s 0
f 4542/402/6 4527/400/6 4543/410/6
f 4527/400/6 4528/399/6 4543/410/6
s 1
f 4544/410/547 4529/399/551 4545/409/547
f 4529/399/551 4530/398/749 4545/409/547
f 4546/409/675 4531/398/672 4547/408/675
f 4531/398/672 4532/397/672 4547/408/675
s 0
f 4533/397/6 4534/407/6 4548/408/6
f 4548/408/6 4534/407/6 4549/418/6
s 1
f 4550/418/13 4535/407/750 4551/417/14
f 4535/407/750 4536/406/675 4551/417/14
s 0
f 4552/417/3 4537/406/3 4553/416/3
f 4537/406/3 4538/405/3 4553/416/3
f 4553/416/3 4538/405/3 4554/415/3
f 4538/405/3 4539/404/3 4554/415/3
s 1
f 4557/413/751 4555/414/339 4558/412/339
f 4555/414/339 4540/403/548 4558/412/339
f 4540/403/548 4541/402/548 4558/412/339
s 0
f 4559/412/6 4542/402/6 4560/411/6
f 4542/402/6 4543/410/6 4560/411/6
s 1
f 4561/411/539 4544/410/547 4562/420/539
f 4544/410/547 4545/409/547 4562/420/539
f 4563/420/13 4546/409/675 4564/419/17
f 4546/409/675 4547/408/675 4564/419/17
s 0
f 4548/408/6 4549/418/6 4565/419/6
f 4565/419/6 4549/418/6 4566/429/6
s 1
f 4567/429/701 4550/418/13 4568/428/701
f 4550/418/13 4551/417/14 4568/428/701
s 0
f 4569/428/3 4552/417/3 4570/427/3
f 4552/417/3 4553/416/3 4570/427/3
f 4570/427/3 4553/416/3 4571/424/3
f 4553/416/3 4554/415/3 4571/424/3
s 1
f 4555/414/339 4557/413/751 4572/425/751
f 4572/425/751 4557/413/751 4575/426/1
s 0
f 4578/299/6 4579/301/6 4584/300/6
f 4584/300/6 4579/301/6 4585/302/6
s 1
f 4588/302/685 4580/301/684 4589/303/685
f 4580/301/684 4593/304/684 4589/303/685
f 4594/304/752 4595/305/753 4592/303/754
f 4592/303/754 4595/305/753 4597/306/755
s 0
f 4596/305/6 4601/307/6 4600/306/6
f 4600/306/6 4601/307/6 4603/308/6
s 1
f 4602/307/679 4607/309/679 4606/308/678
f 4606/308/678 4607/309/679 4609/310/678
s 0
f 4612/311/3 4608/294/3 4614/296/3
f 4608/294/3 4615/295/3 4614/296/3
f 4614/296/3 4615/295/3 4616/297/3
f 4615/295/3 4620/298/3 4616/297/3
s 1
f 4621/298/686 4577/299/686 4619/297/417
f 4577/299/686 4581/300/417 4619/297/417
f 4618/297/693 4582/300/693 4623/313/692
f 4623/313/692 4582/300/693 4624/314/692
s 0
f 4583/300/6 4586/302/6 4625/314/6
f 4625/314/6 4586/302/6 4626/315/6
s 1
f 4587/302/685 4590/303/685 4627/315/690
f 4627/315/690 4590/303/685 4628/316/690
f 4629/316/756 4591/303/754 4630/317/757
f 4591/303/754 4598/306/755 4630/317/757
s 0
f 4599/306/6 4604/308/6 4631/317/6
f 4631/317/6 4604/308/6 4632/318/6
s 1
f 4605/308/678 4610/310/678 4633/318/687
f 4633/318/687 4610/310/678 4634/319/687
s 0
f 4635/320/3 4611/311/3 4636/312/3
f 4611/311/3 4613/296/3 4636/312/3
f 4613/296/3 4617/297/3 4636/312/3
f 4617/297/3 4622/313/3 4636/312/3
f 4636/312/3 4622/313/3 4637/322/3
f 4637/322/3 4622/313/3 4638/323/3
s 1
f 4623/313/692 4624/314/692 4639/323/696
f 4639/323/696 4624/314/692 4640/324/696
s 0
f 4625/314/6 4626/315/6 4641/324/6
f 4641/324/6 4626/315/6 4642/325/6
s 1
f 4627/315/690 4628/316/690 4643/325/696
f 4643/325/696 4628/316/690 4644/326/696
f 4629/316/756 4630/317/757 4645/326/758
f 4645/326/758 4630/317/757 4646/327/758
s 0
f 4631/317/6 4632/318/6 4647/327/6
f 4647/327/6 4632/318/6 4648/328/6
s 1
f 4633/318/687 4634/319/687 4649/328/694
f 4649/328/694 4634/319/687 4650/329/694
s 0
f 4635/320/3 4636/312/3 4651/321/3
f 4636/312/3 4637/322/3 4651/321/3
f 4651/321/3 4637/322/3 4653/332/3
f 4653/332/3 4637/322/3 4654/333/3
f 4637/322/3 4638/323/3 4654/333/3
f 4654/333/3 4638/323/3 4655/334/3
s 1
f 4639/323/696 4640/324/696 4656/334/701
f 4656/334/701 4640/324/696 4657/335/701
s 0
f 4641/324/6 4642/325/6 4658/335/6
f 4658/335/6 4642/325/6 4659/336/6
s 1
f 4643/325/696 4644/326/696 4660/336/699
f 4660/336/699 4644/326/696 4661/337/699
f 4645/326/758 4646/327/758 4662/337/759
f 4662/337/759 4646/327/758 4663/338/760
s 0
f 4647/327/6 4648/328/6 4664/338/6
f 4664/338/6 4648/328/6 4665/330/6
s 1
f 4649/328/694 4650/329/694 4666/330/697
f 4650/329/694 4652/331/697 4666/330/697
f 4666/330/697 4652/331/697 4668/340/339
f 4668/340/339 4652/331/697 4669/341/2
s 0
f 4653/332/3 4654/333/3 4670/342/3
f 4670/342/3 4654/333/3 4671/343/3
f 4654/333/3 4655/334/3 4671/343/3
f 4671/343/3 4655/334/3 4672/344/3
s 1
f 4656/334/701 4657/335/701 4673/344/14
f 4673/344/14 4657/335/701 4674/345/13
s 0
f 4658/335/6 4659/336/6 4675/345/6
f 4675/345/6 4659/336/6 4676/346/6
s 1
f 4660/336/699 4661/337/699 4677/346/14
f 4677/346/14 4661/337/699 4678/347/14
f 4662/337/759 4663/338/760 4679/347/539
f 4679/347/539 4663/338/760 4680/339/539
s 0
f 4664/338/6 4665/330/6 4681/339/6
f 4665/330/6 4667/340/6 4681/339/6
f 4681/339/6 4667/340/6 4683/349/6
f 4683/349/6 4667/340/6 4684/350/6
s 1
f 4668/340/339 4669/341/2 4685/350/326
f 4685/350/326 4669/341/2 4686/351/326
s 0
f 4670/342/3 4671/343/3 4687/352/3
f 4687/352/3 4671/343/3 4688/353/3
f 4671/343/3 4672/344/3 4688/353/3
f 4688/353/3 4672/344/3 4689/354/3
s 1
f 4673/344/14 4674/345/13 4690/354/703
f 4690/354/703 4674/345/13 4691/355/703
s 0
f 4675/345/6 4676/346/6 4692/355/6
f 4692/355/6 4676/346/6 4693/356/6
s 1
f 4677/346/14 4678/347/14 4694/356/328
f 4694/356/328 4678/347/14 4695/348/328
f 4679/347/539 4680/339/539 4696/348/547
f 4680/339/539 4682/349/547 4696/348/547
f 4696/348/547 4682/349/547 4698/358/551
f 4698/358/551 4682/349/547 4699/359/551
s 0
f 4683/349/6 4684/350/6 4700/359/6
f 4700/359/6 4684/350/6 4701/360/6
s 1
f 4685/350/326 4686/351/326 4702/360/704
f 4702/360/704 4686/351/326 4703/361/704
s 0
f 4687/352/3 4688/353/3 4704/362/3
f 4704/362/3 4688/353/3 4705/363/3
f 4688/353/3 4689/354/3 4705/363/3
f 4705/363/3 4689/354/3 4706/364/3
s 1
f 4690/354/703 4691/355/703 4707/364/315
f 4707/364/315 4691/355/703 4708/365/315
s 0
f 4692/355/6 4693/356/6 4709/365/6
f 4709/365/6 4693/356/6 4710/357/6
s 1
f 4694/356/328 4695/348/328 4711/357/314
f 4695/348/328 4697/358/314 4711/357/314
f 4711/357/314 4697/358/314 4713/367/705
f 4713/367/705 4697/358/314 4714/368/705
f 4698/358/551 4699/359/551 4715/368/559
f 4715/368/559 4699/359/551 4716/369/556
s 0
f 4700/359/6 4701/360/6 4717/369/6
f 4717/369/6 4701/360/6 4718/370/6
s 1
f 4702/360/704 4703/361/704 4719/370/557
f 4719/370/557 4703/361/704 4720/371/557
s 0
f 4704/362/3 4705/363/3 4721/372/3
f 4721/372/3 4705/363/3 4722/373/3
f 4705/363/3 4706/364/3 4722/373/3
f 4722/373/3 4706/364/3 4723/374/3
s 1
f 4707/364/315 4708/365/315 4724/374/302
f 4724/374/302 4708/365/315 4725/366/302
s 0
f 4709/365/6 4710/357/6 4726/366/6
f 4710/357/6 4712/367/6 4726/366/6
f 4726/366/6 4712/367/6 4728/376/6
f 4728/376/6 4712/367/6 4729/377/6
s 1
f 4713/367/705 4714/368/705 4730/377/7
f 4730/377/7 4714/368/705 4731/378/7
f 4715/368/559 4716/369/556 4732/378/761
f 4732/378/761 4716/369/556 4733/379/761
s 0
f 4717/369/6 4718/370/6 4734/379/6
f 4734/379/6 4718/370/6 4735/380/6
s 1
f 4719/370/557 4720/371/557 4736/380/1
f 4736/380/1 4720/371/557 4737/381/1
s 0
f 4721/372/3 4722/373/3 4738/382/3
f 4738/382/3 4722/373/3 4739/383/3
f 4722/373/3 4723/374/3 4739/383/3
f 4739/383/3 4723/374/3 4740/375/3
s 1
f 4724/374/302 4725/366/302 4741/375/7
f 4725/366/302 4727/376/7 4741/375/7
f 4741/375/7 4727/376/7 4743/385/289
f 4743/385/289 4727/376/7 4744/386/289
s 0
f 4728/376/6 4729/377/6 4745/386/6
f 4745/386/6 4729/377/6 4746/387/6
s 1
f 4730/377/7 4731/378/7 4747/387/707
f 4747/387/707 4731/378/7 4748/388/707
f 4732/378/761 4733/379/761 4749/388/745
f 4749/388/745 4733/379/761 4750/389/762
s 0
f 4734/379/6 4735/380/6 4751/389/6
f 4751/389/6 4735/380/6 4752/390/6
s 1
f 4736/380/1 4737/381/1 4753/390/288
f 4753/390/288 4737/381/1 4754/391/288
s 0
f 4738/382/3 4739/383/3 4755/392/3
f 4755/392/3 4739/383/3 4756/384/3
f 4739/383/3 4740/375/3 4756/384/3
f 4740/375/3 4742/385/3 4756/384/3
f 4756/384/3 4742/385/3 4757/394/3
f 4758/405/3 4757/394/3 4759/395/3
f 4757/394/3 4742/385/3 4759/395/3
s 1
f 4743/385/289 4744/386/289 4760/395/574
f 4760/395/574 4744/386/289 4761/396/574
s 0
f 4745/386/6 4746/387/6 4762/396/6
f 4762/396/6 4746/387/6 4763/397/6
s 1
f 4747/387/707 4748/388/707 4764/397/277
f 4764/397/277 4748/388/707 4765/398/574
f 4749/388/745 4750/389/762 4766/398/744
f 4766/398/744 4750/389/762 4767/399/744
s 0
f 4751/389/6 4752/390/6 4768/399/6
f 4768/399/6 4752/390/6 4769/400/6
s 1
f 4753/390/288 4754/391/288 4770/400/663
f 4770/400/663 4754/391/288 4771/401/663
s 0
f 4755/392/3 4756/384/3 4772/393/3
f 4756/384/3 4757/394/3 4772/393/3
f 4772/393/3 4757/394/3 4774/404/3
f 4757/394/3 4758/405/3 4774/404/3
f 4774/404/3 4758/405/3 4776/415/3
f 4778/424/3 4776/415/3 4779/416/3
f 4776/415/3 4758/405/3 4779/416/3
f 4779/416/3 4758/405/3 4780/406/3
f 4758/405/3 4759/395/3 4780/406/3
s 1
f 4760/395/574 4761/396/574 4781/406/662
f 4781/406/662 4761/396/574 4782/407/662
s 0
f 4762/396/6 4763/397/6 4783/407/6
f 4783/407/6 4763/397/6 4784/408/6
s 1
f 4764/397/277 4765/398/574 4785/408/710
f 4785/408/710 4765/398/574 4786/409/710
f 4766/398/744 4767/399/744 4787/409/583
f 4787/409/583 4767/399/744 4788/410/583
s 0
f 4768/399/6 4769/400/6 4789/410/6
f 4789/410/6 4769/400/6 4790/402/6
s 1
f 4770/400/663 4771/401/663 4791/402/268
f 4771/401/663 4773/403/268 4791/402/268
f 4791/402/268 4773/403/268 4793/412/23
f 4773/403/268 4775/414/23 4793/412/23
f 4793/412/23 4775/414/23 4794/413/763
f 4775/414/23 4777/425/763 4794/413/763
f 4777/425/763 4576/426/1 4794/413/763
s 0
f 4795/413/6 4573/426/6 4796/423/6
f 4574/426/6 4556/413/6 4797/423/6
f 4797/423/6 4556/413/6 4798/422/6
f 4556/413/6 4559/412/6 4798/422/6
f 4559/412/6 4560/411/6 4798/422/6
s 1
f 4799/422/759 4561/411/539 4800/421/759
f 4561/411/539 4562/420/539 4800/421/759
f 4801/421/700 4563/420/13 4802/430/700
f 4563/420/13 4564/419/17 4802/430/700
s 0
f 4565/419/6 4566/429/6 4803/430/6
f 4803/430/6 4566/429/6 4804/440/6
s 1
f 4805/440/696 4567/429/701 4806/439/696
f 4567/429/701 4568/428/701 4806/439/696
s 0
f 4807/439/3 4569/428/3 4808/438/3
f 4569/428/3 4570/427/3 4808/438/3
f 4810/437/3 4808/438/3 4813/435/3
f 4808/438/3 4570/427/3 4813/435/3
f 4570/427/3 4571/424/3 4813/435/3
s 1
f 4572/425/751 4575/426/1 4812/436/1
f 4576/426/1 4777/425/763 4811/436/1
s 0
f 4814/435/3 4778/424/3 4815/427/3
f 4778/424/3 4779/416/3 4815/427/3
f 4815/427/3 4779/416/3 4816/417/3
f 4779/416/3 4780/406/3 4816/417/3
s 1
f 4781/406/662 4782/407/662 4817/417/21
f 4817/417/21 4782/407/662 4818/418/22
s 0
f 4783/407/6 4784/408/6 4819/418/6
f 4819/418/6 4784/408/6 4820/419/6
s 1
f 4785/408/710 4786/409/710 4821/419/22
f 4821/419/22 4786/409/710 4822/420/22
f 4787/409/583 4788/410/583 4823/420/588
f 4823/420/588 4788/410/583 4824/411/588
s 0
f 4789/410/6 4790/402/6 4825/411/6
f 4790/402/6 4792/412/6 4825/411/6
f 4825/411/6 4792/412/6 4827/422/6
f 4792/412/6 4795/413/6 4827/422/6
f 4795/413/730 4796/423/730 4827/422/730
f 4827/422/6 4796/423/6 4829/433/6
f 4829/433/6 4796/423/6 4833/434/6
f 4832/434/6 4797/423/6 4834/433/6
f 4797/423/6 4798/422/6 4834/433/6
s 1
f 4835/433/758 4799/422/759 4836/432/758
f 4799/422/759 4800/421/759 4836/432/758
f 4837/432/714 4801/421/700 4838/431/714
f 4801/421/700 4802/430/700 4838/431/714
s 0
f 4803/430/6 4804/440/6 4839/431/6
f 4839/431/6 4804/440/6 4840/441/6
s 1
f 4841/441/692 4805/440/696 4842/449/692
f 4805/440/696 4806/439/696 4842/449/692
s 0
f 4843/449/3 4807/439/3 4844/448/3
f 4807/439/3 4808/438/3 4844/448/3
f 4844/448/3 4808/438/3 4845/447/3
f 4808/438/3 4810/437/3 4845/447/3
f 4846/447/3 4809/437/3 4847/438/3
f 4809/437/3 4814/435/3 4847/438/3
f 4814/435/3 4815/427/3 4847/438/3
f 4847/438/3 4815/427/3 4848/428/3
f 4815/427/3 4816/417/3 4848/428/3
s 1
f 4817/417/21 4818/418/22 4849/428/724
f 4849/428/724 4818/418/22 4850/429/724
s 0
f 4819/418/6 4820/419/6 4851/429/6
f 4851/429/6 4820/419/6 4852/430/6
s 1
f 4821/419/22 4822/420/22 4853/430/658
f 4853/430/658 4822/420/22 4854/421/657
f 4823/420/588 4824/411/588 4855/421/764
f 4824/411/588 4826/422/742 4855/421/764
f 4855/421/764 4826/422/742 4857/432/740
f 4826/422/742 4828/433/740 4857/432/740
f 4857/432/740 4828/433/740 4859/444/738
f 4828/433/740 4830/434/765 4859/444/738
f 4830/434/765 4861/445/766 4859/444/738
f 4859/444/738 4861/445/766 4865/446/767
f 4864/446/768 4860/445/769 4866/444/770
f 4860/445/769 4831/434/771 4866/444/770
f 4831/434/771 4835/433/758 4866/444/770
f 4835/433/758 4836/432/758 4866/444/770
f 4867/444/715 4837/432/714 4868/443/715
f 4837/432/714 4838/431/714 4868/443/715
s 0
f 4839/431/6 4840/441/6 4869/443/6
f 4869/443/6 4840/441/6 4870/442/6
s 1
f 4841/441/692 4842/449/692 4873/442/726
f 4873/442/726 4842/449/692 4874/450/726
s 0
f 4877/450/3 4843/449/3 4881/457/3
f 4881/457/3 4843/449/3 4882/456/3
f 4843/449/3 4844/448/3 4882/456/3
f 4844/448/3 4845/447/3 4882/456/3
f 4883/456/3 4846/447/3 4884/448/3
f 4846/447/3 4847/438/3 4884/448/3
f 4884/448/3 4847/438/3 4885/439/3
f 4847/438/3 4848/428/3 4885/439/3
s 1
f 4849/428/724 4850/429/724 4886/439/651
f 4886/439/651 4850/429/724 4887/440/651
s 0
f 4851/429/6 4852/430/6 4888/440/6
f 4888/440/6 4852/430/6 4889/431/6
s 1
f 4853/430/658 4854/421/657 4890/431/652
f 4854/421/657 4856/432/652 4890/431/652
f 4890/431/652 4856/432/652 4892/443/729
f 4856/432/652 4858/444/729 4892/443/729
f 4892/443/729 4858/444/729 4894/455/772
f 4858/444/729 4862/446/7 4894/455/772
f 4863/446/773 4867/444/715 4893/455/7
f 4867/444/715 4868/443/715 4893/455/7
s 0
f 4869/443/6 4870/442/6 4896/455/6
f 4896/455/6 4870/442/6 4898/454/6
f 4901/452/6 4900/454/6 4904/453/6
f 4903/453/6 4897/454/6 4906/452/6
f 4897/454/6 4871/442/6 4906/452/6
s 1
f 4905/452/728 4872/442/727 4908/451/728
f 4872/442/727 4875/450/727 4908/451/728
s 0
f 4876/450/3 4878/457/3 4907/451/3
f 4907/451/3 4878/457/3 4910/458/3
f 4909/458/3 4879/457/3 4912/451/3
f 4912/451/3 4879/457/3 4916/450/3
f 4915/450/3 4880/457/3 4917/449/3
f 4880/457/3 4883/456/3 4917/449/3
f 4883/456/3 4884/448/3 4917/449/3
f 4884/448/3 4885/439/3 4917/449/3
s 1
f 4886/439/651 4887/440/651 4918/449/645
f 4918/449/645 4887/440/651 4919/441/774
s 0
f 4888/440/6 4889/431/6 4920/441/6
f 4889/431/6 4891/443/6 4920/441/6
f 4920/441/6 4891/443/6 4922/442/6
f 4891/443/6 4895/455/6 4922/442/6
f 4895/455/6 4899/454/6 4922/442/6
f 4900/454/6 4901/452/6 4921/442/6
s 1
f 4902/452/732 4911/451/732 4924/442/731
f 4911/451/732 4913/450/731 4924/442/731
f 4914/450/731 4918/449/645 4923/442/731
f 4919/441/774 4923/442/731 4918/449/645
f 4336/441/645 4338/449/645 4332/442/731
f 4925/459/775 4926/460/776 4927/461/777
f 4926/460/776 4928/462/778 4927/461/777
f 4928/462/778 4929/463/779 4927/461/777
f 4927/461/777 4929/463/779 4930/464/780
f 4929/463/779 4931/465/781 4930/464/780
f 4930/464/780 4931/465/781 4932/466/782
f 4931/465/781 4934/467/783 4932/466/782
f 4932/466/782 4934/467/783 4935/468/784
f 4936/468/784 4933/467/783 4937/466/785
f 4933/467/783 4938/465/786 4937/466/785
f 4937/466/785 4938/465/786 4939/464/787
f 4938/465/786 4940/463/788 4939/464/787
f 4939/464/787 4940/463/788 4941/461/789
f 4940/463/788 4942/462/790 4941/461/789
f 4941/461/789 4942/462/790 4943/459/791
f 4943/459/791 4942/462/790 4944/460/792
f 4946/469/793 4944/460/792 4948/470/794
f 4944/460/792 4942/462/790 4948/470/794
f 4948/470/794 4942/462/790 4950/471/795
f 4942/462/790 4940/463/788 4950/471/795
f 4950/471/795 4940/463/788 4952/472/796
f 4940/463/788 4938/465/786 4952/472/796
f 4952/472/796 4938/465/786 4954/473/797
f 4938/465/786 4933/467/783 4954/473/797
f 4954/473/797 4933/467/783 4958/474/798
f 4957/474/798 4934/467/783 4960/473/799
f 4934/467/783 4931/465/781 4960/473/799
f 4931/465/781 4929/463/779 4960/473/799
f 4960/473/799 4929/463/779 4962/472/800
f 4929/463/779 4928/462/778 4962/472/800
f 4962/472/800 4928/462/778 4964/471/801
f 4928/462/778 4926/460/776 4964/471/801
f 4964/471/801 4926/460/776 4966/470/802
f 4966/470/802 4926/460/776 4968/469/803
f 4968/469/803 4926/460/776 4969/475/804
f 4969/475/804 4926/460/776 4970/476/805
f 4926/460/776 4925/459/775 4970/476/805
f 4971/477/806 4970/476/805 4972/478/807
f 4970/476/805 4925/459/775 4972/478/807
f 4972/478/807 4925/459/775 4973/479/808
f 4925/459/775 4927/461/777 4973/479/808
f 4973/479/808 4927/461/777 4974/480/809
f 4927/461/777 4930/464/780 4974/480/809
f 4974/480/809 4930/464/780 4975/481/810
f 4930/464/780 4932/466/782 4975/481/810
f 4975/481/810 4932/466/782 4976/482/811
f 4932/466/782 4935/468/784 4976/482/811
f 4977/482/812 4936/468/784 4978/481/813
f 4936/468/784 4937/466/785 4978/481/813
f 4978/481/813 4937/466/785 4979/480/814
f 4937/466/785 4939/464/787 4979/480/814
f 4979/480/814 4939/464/787 4980/479/815
f 4939/464/787 4941/461/789 4980/479/815
f 4980/479/815 4941/461/789 4981/478/816
f 4941/461/789 4943/459/791 4981/478/816
f 4981/478/816 4943/459/791 4982/477/817
f 4983/483/818 4982/477/817 4984/476/819
f 4982/477/817 4943/459/791 4984/476/819
f 4943/459/791 4944/460/792 4984/476/819
f 4984/476/819 4944/460/792 4985/475/820
f 4944/460/792 4946/469/793 4985/475/820
f 4985/475/820 4946/469/793 4986/484/821
f 4988/485/822 4987/484/823 4989/486/824
f 4987/484/823 4945/469/825 4989/486/824
f 4989/486/824 4945/469/825 4990/487/825
f 4945/469/825 4947/470/826 4990/487/825
f 4990/487/825 4947/470/826 4991/488/827
f 4947/470/826 4949/471/828 4991/488/827
f 4991/488/827 4949/471/828 4992/489/828
f 4949/471/828 4951/472/829 4992/489/828
f 4992/489/828 4951/472/829 4993/490/829
f 4951/472/829 4953/473/830 4993/490/829
f 4993/490/829 4953/473/830 4994/491/830
f 4953/473/830 4955/474/1 4994/491/830
f 4994/491/830 4955/474/1 4996/492/154
f 4995/492/151 4956/474/1 4997/491/831
f 4956/474/1 4959/473/832 4997/491/831
f 4959/473/832 4961/472/833 4997/491/831
f 4997/491/831 4961/472/833 4998/490/834
f 4961/472/833 4963/471/835 4998/490/834
f 4998/490/834 4963/471/835 4999/489/835
f 4963/471/835 4965/470/836 4999/489/835
f 4999/489/835 4965/470/836 5000/488/837
f 5000/488/837 4965/470/836 5001/487/838
f 4965/470/836 4967/469/839 5001/487/838
f 5002/486/840 5001/487/838 5003/484/841
f 5001/487/838 4967/469/839 5003/484/841
f 5004/484/842 4968/469/803 5005/493/843
f 4968/469/803 4969/475/804 5005/493/843
f 5005/493/843 4969/475/804 5006/494/844
f 4969/475/804 4970/476/805 5006/494/844
f 4970/476/805 4971/477/806 5006/494/844
f 5006/494/844 4971/477/806 5007/483/845
f 5008/495/846 5007/483/845 5009/496/847
f 5007/483/845 4971/477/806 5009/496/847
f 5009/496/847 4971/477/806 5010/497/848
f 5010/497/848 4971/477/806 5011/498/849
f 4971/477/806 4972/478/807 5011/498/849
f 4972/478/807 4973/479/808 5011/498/849
f 5011/498/849 4973/479/808 5012/499/850
f 4973/479/808 4974/480/809 5012/499/850
f 5012/499/850 4974/480/809 5013/500/851
f 4974/480/809 4975/481/810 5013/500/851
f 5013/500/851 4975/481/810 5014/501/852
f 5014/501/852 4975/481/810 5016/502/7
f 4975/481/810 4976/482/811 5016/502/7
f 5015/502/7 4977/482/812 5017/501/853
f 4977/482/812 4978/481/813 5017/501/853
f 5017/501/853 4978/481/813 5018/500/854
f 4978/481/813 4979/480/814 5018/500/854
f 5018/500/854 4979/480/814 5019/499/178
f 4979/480/814 4980/479/815 5019/499/178
f 5019/499/178 4980/479/815 5020/498/855
f 4980/479/815 4981/478/816 5020/498/855
f 5020/498/855 4981/478/816 5021/497/856
f 4981/478/816 4982/477/817 5021/497/856
f 5021/497/856 4982/477/817 5022/496/857
f 4982/477/817 4983/483/818 5022/496/857
f 5022/496/857 4983/483/818 5023/495/858
f 5025/503/151 5023/495/858 5026/504/859
f 5023/495/858 4983/483/818 5026/504/859
f 5026/504/859 4983/483/818 5027/494/860
f 4983/483/818 4984/476/819 5027/494/860
f 4984/476/819 4985/475/820 5027/494/860
f 5027/494/860 4985/475/820 5028/493/861
f 4985/475/820 4986/484/821 5028/493/861
f 5028/493/861 4986/484/821 5029/505/862
f 4987/484/823 4988/485/822 5030/505/822
f 4988/485/822 5031/310/7 5030/505/822
f 5030/505/822 5031/310/7 5036/506/7
f 5032/310/7 5037/485/863 5035/506/7
f 5035/506/7 5037/485/863 5038/505/863
f 5037/485/863 5002/486/840 5038/505/863
f 5002/486/840 5003/484/841 5038/505/863
f 5039/505/864 5004/484/842 5040/507/865
f 5004/484/842 5005/493/843 5040/507/865
f 5040/507/865 5005/493/843 5041/508/866
f 5005/493/843 5006/494/844 5041/508/866
f 5006/494/844 5007/483/845 5041/508/866
f 5041/508/866 5007/483/845 5042/504/867
f 5007/483/845 5008/495/846 5042/504/867
f 5008/495/846 5024/503/154 5042/504/867
f 5042/504/867 5024/503/154 5043/509/868
f 5025/503/151 5026/504/859 5044/509/869
f 5044/509/869 5026/504/859 5045/508/870
f 5026/504/859 5027/494/860 5045/508/870
f 5027/494/860 5028/493/861 5045/508/870
f 5045/508/870 5028/493/861 5046/507/871
f 5028/493/861 5029/505/862 5046/507/871
f 5029/505/862 5033/506/872 5046/507/871
f 5046/507/871 5033/506/872 5047/510/873
f 5034/506/872 5039/505/864 5048/510/873
f 5039/505/864 5040/507/865 5048/510/873
f 5040/507/865 5041/508/866 5048/510/873
f 5048/510/873 5041/508/866 5049/511/874
f 5041/508/866 5042/504/867 5049/511/874
f 5042/504/867 5043/509/868 5049/511/874
f 5044/509/869 5045/508/870 5050/511/874
f 5045/508/870 5046/507/871 5050/511/874
f 5047/510/873 5050/511/874 5046/507/871
f 5051/459/875 5052/460/876 5053/461/877
f 5052/460/876 5054/462/778 5053/461/877
f 5054/462/778 5055/463/779 5053/461/877
f 5053/461/877 5055/463/779 5056/464/780
f 5055/463/779 5057/465/878 5056/464/780
f 5056/464/780 5057/465/878 5058/466/879
f 5057/465/878 5060/467/783 5058/466/879
f 5058/466/879 5060/467/783 5061/468/784
f 5062/468/784 5059/467/783 5063/466/785
f 5059/467/783 5064/465/786 5063/466/785
f 5063/466/785 5064/465/786 5065/464/787
f 5064/465/786 5066/463/788 5065/464/787
f 5065/464/787 5066/463/788 5067/461/880
f 5066/463/788 5068/462/790 5067/461/880
f 5067/461/880 5068/462/790 5069/459/791
f 5069/459/791 5068/462/790 5070/460/881
f 5072/469/793 5070/460/881 5074/470/794
f 5070/460/881 5068/462/790 5074/470/794
f 5074/470/794 5068/462/790 5076/471/795
f 5068/462/790 5066/463/788 5076/471/795
f 5076/471/795 5066/463/788 5078/472/882
f 5066/463/788 5064/465/786 5078/472/882
f 5078/472/882 5064/465/786 5080/473/797
f 5064/465/786 5059/467/783 5080/473/797
f 5080/473/797 5059/467/783 5084/474/798
f 5083/474/798 5060/467/783 5086/473/883
f 5060/467/783 5057/465/878 5086/473/883
f 5057/465/878 5055/463/779 5086/473/883
f 5086/473/883 5055/463/779 5088/472/800
f 5055/463/779 5054/462/778 5088/472/800
f 5088/472/800 5054/462/778 5090/471/801
f 5054/462/778 5052/460/876 5090/471/801
f 5090/471/801 5052/460/876 5092/470/802
f 5092/470/802 5052/460/876 5094/469/803
f 5094/469/803 5052/460/876 5095/475/804
f 5095/475/804 5052/460/876 5096/476/884
f 5052/460/876 5051/459/875 5096/476/884
f 5097/477/806 5096/476/884 5098/478/807
f 5096/476/884 5051/459/875 5098/478/807
f 5098/478/807 5051/459/875 5099/479/808
f 5051/459/875 5053/461/877 5099/479/808
f 5099/479/808 5053/461/877 5100/480/809
f 5053/461/877 5056/464/780 5100/480/809
f 5100/480/809 5056/464/780 5101/481/810
f 5056/464/780 5058/466/879 5101/481/810
f 5101/481/810 5058/466/879 5102/482/811
f 5058/466/879 5061/468/784 5102/482/811
f 5103/482/811 5062/468/784 5104/481/813
f 5062/468/784 5063/466/785 5104/481/813
f 5104/481/813 5063/466/785 5105/480/885
f 5063/466/785 5065/464/787 5105/480/885
f 5105/480/885 5065/464/787 5106/479/886
f 5065/464/787 5067/461/880 5106/479/886
f 5106/479/886 5067/461/880 5107/478/816
f 5067/461/880 5069/459/791 5107/478/816
f 5107/478/816 5069/459/791 5108/477/817
f 5109/483/818 5108/477/817 5110/476/887
f 5108/477/817 5069/459/791 5110/476/887
f 5069/459/791 5070/460/881 5110/476/887
f 5110/476/887 5070/460/881 5111/475/820
f 5070/460/881 5072/469/793 5111/475/820
f 5111/475/820 5072/469/793 5112/484/821
f 5114/485/822 5113/484/823 5115/486/823
f 5113/484/823 5071/469/825 5115/486/823
f 5115/486/823 5071/469/825 5116/487/825
f 5071/469/825 5073/470/826 5116/487/825
f 5116/487/825 5073/470/826 5117/488/827
f 5073/470/826 5075/471/828 5117/488/827
f 5117/488/827 5075/471/828 5118/489/828
f 5075/471/828 5077/472/829 5118/489/828
f 5118/489/828 5077/472/829 5119/490/829
f 5077/472/829 5079/473/830 5119/490/829
f 5119/490/829 5079/473/830 5120/491/830
f 5079/473/830 5081/474/1 5120/491/830
f 5120/491/830 5081/474/1 5122/492/154
f 5121/492/151 5082/474/151 5123/491/831
f 5082/474/151 5085/473/888 5123/491/831
f 5085/473/888 5087/472/834 5123/491/831
f 5123/491/831 5087/472/834 5124/490/834
f 5087/472/834 5089/471/835 5124/490/834
f 5124/490/834 5089/471/835 5125/489/889
f 5089/471/835 5091/470/837 5125/489/889
f 5125/489/889 5091/470/837 5126/488/836
f 5126/488/836 5091/470/837 5127/487/838
f 5091/470/837 5093/469/838 5127/487/838
f 5128/486/890 5127/487/838 5129/484/840
f 5127/487/838 5093/469/838 5129/484/840
f 5130/484/891 5094/469/803 5131/493/892
f 5094/469/803 5095/475/804 5131/493/892
f 5131/493/892 5095/475/804 5132/494/893
f 5095/475/804 5096/476/884 5132/494/893
f 5096/476/884 5097/477/806 5132/494/893
f 5132/494/893 5097/477/806 5133/483/894
f 5134/495/846 5133/483/894 5135/496/895
f 5133/483/894 5097/477/806 5135/496/895
f 5135/496/895 5097/477/806 5136/497/848
f 5136/497/848 5097/477/806 5137/498/896
f 5097/477/806 5098/478/807 5137/498/896
f 5098/478/807 5099/479/808 5137/498/896
f 5137/498/896 5099/479/808 5138/499/850
f 5099/479/808 5100/480/809 5138/499/850
f 5138/499/850 5100/480/809 5139/500/851
f 5100/480/809 5101/481/810 5139/500/851
f 5139/500/851 5101/481/810 5140/501/897
f 5140/501/897 5101/481/810 5142/502/7
f 5101/481/810 5102/482/811 5142/502/7
f 5141/502/7 5103/482/811 5143/501/898
f 5103/482/811 5104/481/813 5143/501/898
f 5143/501/898 5104/481/813 5144/500/854
f 5104/481/813 5105/480/885 5144/500/854
f 5144/500/854 5105/480/885 5145/499/899
f 5105/480/885 5106/479/886 5145/499/899
f 5145/499/899 5106/479/886 5146/498/855
f 5106/479/886 5107/478/816 5146/498/855
f 5146/498/855 5107/478/816 5147/497/856
f 5107/478/816 5108/477/817 5147/497/856
f 5147/497/856 5108/477/817 5148/496/857
f 5108/477/817 5109/483/818 5148/496/857
f 5148/496/857 5109/483/818 5149/495/858
f 5151/503/151 5149/495/858 5152/504/859
f 5149/495/858 5109/483/818 5152/504/859
f 5152/504/859 5109/483/818 5153/494/860
f 5109/483/818 5110/476/887 5153/494/860
f 5110/476/887 5111/475/820 5153/494/860
f 5153/494/860 5111/475/820 5154/493/900
f 5111/475/820 5112/484/821 5154/493/900
f 5154/493/900 5112/484/821 5155/505/862
f 5113/484/823 5114/485/822 5156/505/822
f 5114/485/822 5157/310/7 5156/505/822
f 5156/505/822 5157/310/7 5162/506/7
f 5158/310/7 5163/485/863 5161/506/7
f 5161/506/7 5163/485/863 5164/505/863
f 5163/485/863 5128/486/890 5164/505/863
f 5128/486/890 5129/484/840 5164/505/863
f 5165/505/864 5130/484/891 5166/507/901
f 5130/484/891 5131/493/892 5166/507/901
f 5166/507/901 5131/493/892 5167/508/902
f 5131/493/892 5132/494/893 5167/508/902
f 5132/494/893 5133/483/894 5167/508/902
f 5167/508/902 5133/483/894 5168/504/903
f 5133/483/894 5134/495/846 5168/504/903
f 5134/495/846 5150/503/154 5168/504/903
f 5168/504/903 5150/503/154 5169/509/868
f 5151/503/151 5152/504/859 5170/509/869
f 5170/509/869 5152/504/859 5171/508/904
f 5152/504/859 5153/494/860 5171/508/904
f 5153/494/860 5154/493/900 5171/508/904
f 5171/508/904 5154/493/900 5172/507/905
f 5154/493/900 5155/505/862 5172/507/905
f 5155/505/862 5159/506/872 5172/507/905
f 5172/507/905 5159/506/872 5173/510/873
f 5160/506/872 5165/505/864 5174/510/873
f 5165/505/864 5166/507/901 5174/510/873
f 5166/507/901 5167/508/902 5174/510/873
f 5174/510/873 5167/508/902 5175/511/874
f 5167/508/902 5168/504/903 5175/511/874
f 5168/504/903 5169/509/868 5175/511/874
f 5170/509/869 5171/508/904 5176/511/874
f 5171/508/904 5172/507/905 5176/511/874
f 5173/510/873 5176/511/874 5172/507/905
f 5177/459/875 5178/460/906 5179/461/907
f 5178/460/906 5180/462/778 5179/461/907
f 5180/462/778 5181/463/779 5179/461/907
f 5179/461/907 5181/463/779 5182/464/908
f 5181/463/779 5183/465/878 5182/464/908
f 5182/464/908 5183/465/878 5184/466/909
f 5183/465/878 5186/467/783 5184/466/909
f 5184/466/909 5186/467/783 5187/468/784
f 5188/468/784 5185/467/783 5189/466/910
f 5185/467/783 5190/465/911 5189/466/910
f 5189/466/910 5190/465/911 5191/464/787
f 5190/465/911 5192/463/788 5191/464/787
f 5191/464/787 5192/463/788 5193/461/912
f 5192/463/788 5194/462/790 5193/461/912
f 5193/461/912 5194/462/790 5195/459/791
f 5195/459/791 5194/462/790 5196/460/881
f 5198/469/793 5196/460/881 5200/470/794
f 5196/460/881 5194/462/790 5200/470/794
f 5200/470/794 5194/462/790 5202/471/795
f 5194/462/790 5192/463/788 5202/471/795
f 5202/471/795 5192/463/788 5204/472/882
f 5192/463/788 5190/465/911 5204/472/882
f 5204/472/882 5190/465/911 5206/473/797
f 5190/465/911 5185/467/783 5206/473/797
f 5206/473/797 5185/467/783 5210/474/798
f 5209/474/913 5186/467/783 5212/473/883
f 5186/467/783 5183/465/878 5212/473/883
f 5183/465/878 5181/463/779 5212/473/883
f 5212/473/883 5181/463/779 5214/472/800
f 5181/463/779 5180/462/778 5214/472/800
f 5214/472/800 5180/462/778 5216/471/801
f 5180/462/778 5178/460/906 5216/471/801
f 5216/471/801 5178/460/906 5218/470/914
f 5218/470/914 5178/460/906 5220/469/803
f 5220/469/803 5178/460/906 5221/475/804
f 5221/475/804 5178/460/906 5222/476/884
f 5178/460/906 5177/459/875 5222/476/884
f 5223/477/806 5222/476/884 5224/478/807
f 5222/476/884 5177/459/875 5224/478/807
f 5224/478/807 5177/459/875 5225/479/808
f 5177/459/875 5179/461/907 5225/479/808
f 5225/479/808 5179/461/907 5226/480/809
f 5179/461/907 5182/464/908 5226/480/809
f 5226/480/809 5182/464/908 5227/481/810
f 5182/464/908 5184/466/909 5227/481/810
f 5227/481/810 5184/466/909 5228/482/811
f 5184/466/909 5187/468/784 5228/482/811
f 5229/482/811 5188/468/784 5230/481/915
f 5188/468/784 5189/466/910 5230/481/915
f 5230/481/915 5189/466/910 5231/480/885
f 5189/466/910 5191/464/787 5231/480/885
f 5231/480/885 5191/464/787 5232/479/886
f 5191/464/787 5193/461/912 5232/479/886
f 5232/479/886 5193/461/912 5233/478/816
f 5193/461/912 5195/459/791 5233/478/816
f 5233/478/816 5195/459/791 5234/477/817
f 5235/483/818 5234/477/817 5236/476/887
f 5234/477/817 5195/459/791 5236/476/887
f 5195/459/791 5196/460/881 5236/476/887
f 5236/476/887 5196/460/881 5237/475/820
f 5196/460/881 5198/469/793 5237/475/820
f 5237/475/820 5198/469/793 5238/484/821
f 5240/485/822 5239/484/823 5241/486/824
f 5239/484/823 5197/469/825 5241/486/824
f 5241/486/824 5197/469/825 5242/487/825
f 5197/469/825 5199/470/826 5242/487/825
f 5242/487/825 5199/470/826 5243/488/827
f 5199/470/826 5201/471/828 5243/488/827
f 5243/488/827 5201/471/828 5244/489/828
f 5201/471/828 5203/472/829 5244/489/828
f 5244/489/828 5203/472/829 5245/490/829
f 5203/472/829 5205/473/916 5245/490/829
f 5245/490/829 5205/473/916 5246/491/830
f 5205/473/916 5207/474/1 5246/491/830
f 5246/491/830 5207/474/1 5248/492/154
f 5247/492/151 5208/474/917 5249/491/918
f 5208/474/917 5211/473/888 5249/491/918
f 5211/473/888 5213/472/834 5249/491/918
f 5249/491/918 5213/472/834 5250/490/834
f 5213/472/834 5215/471/835 5250/490/834
f 5250/490/834 5215/471/835 5251/489/889
f 5215/471/835 5217/470/837 5251/489/889
f 5251/489/889 5217/470/837 5252/488/836
f 5252/488/836 5217/470/837 5253/487/838
f 5217/470/837 5219/469/838 5253/487/838
f 5254/486/890 5253/487/838 5255/484/840
f 5253/487/838 5219/469/838 5255/484/840
f 5256/484/919 5220/469/803 5257/493/892
f 5220/469/803 5221/475/804 5257/493/892
f 5257/493/892 5221/475/804 5258/494/844
f 5221/475/804 5222/476/884 5258/494/844
f 5222/476/884 5223/477/806 5258/494/844
f 5258/494/844 5223/477/806 5259/483/894
f 5260/495/846 5259/483/894 5261/496/847
f 5259/483/894 5223/477/806 5261/496/847
f 5261/496/847 5223/477/806 5262/497/848
f 5262/497/848 5223/477/806 5263/498/896
f 5223/477/806 5224/478/807 5263/498/896
f 5224/478/807 5225/479/808 5263/498/896
f 5263/498/896 5225/479/808 5264/499/850
f 5225/479/808 5226/480/809 5264/499/850
f 5264/499/850 5226/480/809 5265/500/851
f 5226/480/809 5227/481/810 5265/500/851
f 5265/500/851 5227/481/810 5266/501/897
f 5266/501/897 5227/481/810 5268/502/7
f 5227/481/810 5228/482/811 5268/502/7
f 5267/502/920 5229/482/811 5269/501/853
f 5229/482/811 5230/481/915 5269/501/853
f 5269/501/853 5230/481/915 5270/500/921
f 5230/481/915 5231/480/885 5270/500/921
f 5270/500/921 5231/480/885 5271/499/178
f 5231/480/885 5232/479/886 5271/499/178
f 5271/499/178 5232/479/886 5272/498/855
f 5232/479/886 5233/478/816 5272/498/855
f 5272/498/855 5233/478/816 5273/497/856
f 5233/478/816 5234/477/817 5273/497/856
f 5273/497/856 5234/477/817 5274/496/857
f 5234/477/817 5235/483/818 5274/496/857
f 5274/496/857 5235/483/818 5275/495/858
f 5277/503/151 5275/495/858 5278/504/859
f 5275/495/858 5235/483/818 5278/504/859
f 5278/504/859 5235/483/818 5279/494/860
f 5235/483/818 5236/476/887 5279/494/860
f 5236/476/887 5237/475/820 5279/494/860
f 5279/494/860 5237/475/820 5280/493/900
f 5237/475/820 5238/484/821 5280/493/900
f 5280/493/900 5238/484/821 5281/505/862
f 5239/484/823 5240/485/822 5282/505/822
f 5240/485/822 5283/310/7 5282/505/822
f 5282/505/822 5283/310/7 5288/506/7
f 5284/310/7 5289/485/863 5287/506/7
f 5287/506/7 5289/485/863 5290/505/922
f 5289/485/863 5254/486/890 5290/505/922
f 5254/486/890 5255/484/840 5290/505/922
f 5291/505/923 5256/484/919 5292/507/901
f 5256/484/919 5257/493/892 5292/507/901
f 5292/507/901 5257/493/892 5293/508/902
f 5257/493/892 5258/494/844 5293/508/902
f 5258/494/844 5259/483/894 5293/508/902
f 5293/508/902 5259/483/894 5294/504/867
f 5259/483/894 5260/495/846 5294/504/867
f 5260/495/846 5276/503/154 5294/504/867
f 5294/504/867 5276/503/154 5295/509/868
f 5277/503/151 5278/504/859 5296/509/869
f 5296/509/869 5278/504/859 5297/508/904
f 5278/504/859 5279/494/860 5297/508/904
f 5279/494/860 5280/493/900 5297/508/904
f 5297/508/904 5280/493/900 5298/507/905
f 5280/493/900 5281/505/862 5298/507/905
f 5281/505/862 5285/506/872 5298/507/905
f 5298/507/905 5285/506/872 5299/510/873
f 5286/506/872 5291/505/923 5300/510/873
f 5291/505/923 5292/507/901 5300/510/873
f 5292/507/901 5293/508/902 5300/510/873
f 5300/510/873 5293/508/902 5301/511/874
f 5293/508/902 5294/504/867 5301/511/874
f 5294/504/867 5295/509/868 5301/511/874
f 5296/509/869 5297/508/904 5302/511/874
f 5297/508/904 5298/507/905 5302/511/874
f 5299/510/873 5302/511/874 5298/507/905
f 5303/459/875 5304/460/924 5305/461/907
f 5304/460/924 5306/462/778 5305/461/907
f 5306/462/778 5307/463/779 5305/461/907
f 5305/461/907 5307/463/779 5308/464/780
f 5307/463/779 5309/465/781 5308/464/780
f 5308/464/780 5309/465/781 5310/466/909
f 5309/465/781 5312/467/783 5310/466/909
f 5310/466/909 5312/467/783 5313/468/784
f 5314/468/784 5311/467/783 5315/466/910
f 5311/467/783 5316/465/786 5315/466/910
f 5315/466/910 5316/465/786 5317/464/925
f 5316/465/786 5318/463/788 5317/464/925
f 5317/464/925 5318/463/788 5319/461/789
f 5318/463/788 5320/462/790 5319/461/789
f 5319/461/789 5320/462/790 5321/459/791
f 5321/459/791 5320/462/790 5322/460/926
f 5324/469/793 5322/460/926 5326/470/794
f 5322/460/926 5320/462/790 5326/470/794
f 5326/470/794 5320/462/790 5328/471/927
f 5320/462/790 5318/463/788 5328/471/927
f 5328/471/927 5318/463/788 5330/472/882
f 5318/463/788 5316/465/786 5330/472/882
f 5330/472/882 5316/465/786 5332/473/928
f 5316/465/786 5311/467/783 5332/473/928
f 5332/473/928 5311/467/783 5336/474/913
f 5335/474/798 5312/467/783 5338/473/799
f 5312/467/783 5309/465/781 5338/473/799
f 5309/465/781 5307/463/779 5338/473/799
f 5338/473/799 5307/463/779 5340/472/800
f 5307/463/779 5306/462/778 5340/472/800
f 5340/472/800 5306/462/778 5342/471/801
f 5306/462/778 5304/460/924 5342/471/801
f 5342/471/801 5304/460/924 5344/470/802
f 5344/470/802 5304/460/924 5346/469/803
f 5346/469/803 5304/460/924 5347/475/804
f 5347/475/804 5304/460/924 5348/476/884
f 5304/460/924 5303/459/875 5348/476/884
f 5349/477/806 5348/476/884 5350/478/807
f 5348/476/884 5303/459/875 5350/478/807
f 5350/478/807 5303/459/875 5351/479/929
f 5303/459/875 5305/461/907 5351/479/929
f 5351/479/929 5305/461/907 5352/480/809
f 5305/461/907 5308/464/780 5352/480/809
f 5352/480/809 5308/464/780 5353/481/810
f 5308/464/780 5310/466/909 5353/481/810
f 5353/481/810 5310/466/909 5354/482/811
f 5310/466/909 5313/468/784 5354/482/811
f 5355/482/811 5314/468/784 5356/481/915
f 5314/468/784 5315/466/910 5356/481/915
f 5356/481/915 5315/466/910 5357/480/930
f 5315/466/910 5317/464/925 5357/480/930
f 5357/480/930 5317/464/925 5358/479/815
f 5317/464/925 5319/461/789 5358/479/815
f 5358/479/815 5319/461/789 5359/478/931
f 5319/461/789 5321/459/791 5359/478/931
f 5359/478/931 5321/459/791 5360/477/817
f 5361/483/818 5360/477/817 5362/476/887
f 5360/477/817 5321/459/791 5362/476/887
f 5321/459/791 5322/460/926 5362/476/887
f 5362/476/887 5322/460/926 5363/475/820
f 5322/460/926 5324/469/793 5363/475/820
f 5363/475/820 5324/469/793 5364/484/932
f 5366/485/822 5365/484/824 5367/486/823
f 5365/484/824 5323/469/825 5367/486/823
f 5367/486/823 5323/469/825 5368/487/825
f 5323/469/825 5325/470/827 5368/487/825
f 5368/487/825 5325/470/827 5369/488/826
f 5325/470/827 5327/471/828 5369/488/826
f 5369/488/826 5327/471/828 5370/489/828
f 5327/471/828 5329/472/829 5370/489/828
f 5370/489/828 5329/472/829 5371/490/933
f 5329/472/829 5331/473/830 5371/490/933
f 5371/490/933 5331/473/830 5372/491/830
f 5331/473/830 5333/474/1 5372/491/830
f 5372/491/830 5333/474/1 5374/492/154
f 5373/492/151 5334/474/1 5375/491/831
f 5334/474/1 5337/473/832 5375/491/831
f 5337/473/832 5339/472/833 5375/491/831
f 5375/491/831 5339/472/833 5376/490/834
f 5339/472/833 5341/471/835 5376/490/834
f 5376/490/834 5341/471/835 5377/489/835
f 5341/471/835 5343/470/836 5377/489/835
f 5377/489/835 5343/470/836 5378/488/837
f 5378/488/837 5343/470/836 5379/487/838
f 5343/470/836 5345/469/839 5379/487/838
f 5380/486/890 5379/487/838 5381/484/840
f 5379/487/838 5345/469/839 5381/484/840
f 5382/484/842 5346/469/803 5383/493/892
f 5346/469/803 5347/475/804 5383/493/892
f 5383/493/892 5347/475/804 5384/494/844
f 5347/475/804 5348/476/884 5384/494/844
f 5348/476/884 5349/477/806 5384/494/844
f 5384/494/844 5349/477/806 5385/483/845
f 5386/495/846 5385/483/845 5387/496/847
f 5385/483/845 5349/477/806 5387/496/847
f 5387/496/847 5349/477/806 5388/497/848
f 5388/497/848 5349/477/806 5389/498/849
f 5349/477/806 5350/478/807 5389/498/849
f 5350/478/807 5351/479/929 5389/498/849
f 5389/498/849 5351/479/929 5390/499/850
f 5351/479/929 5352/480/809 5390/499/850
f 5390/499/850 5352/480/809 5391/500/851
f 5352/480/809 5353/481/810 5391/500/851
f 5391/500/851 5353/481/810 5392/501/852
f 5392/501/852 5353/481/810 5394/502/7
f 5353/481/810 5354/482/811 5394/502/7
f 5393/502/7 5355/482/811 5395/501/853
f 5355/482/811 5356/481/915 5395/501/853
f 5395/501/853 5356/481/915 5396/500/854
f 5356/481/915 5357/480/930 5396/500/854
f 5396/500/854 5357/480/930 5397/499/178
f 5357/480/930 5358/479/815 5397/499/178
f 5397/499/178 5358/479/815 5398/498/855
f 5358/479/815 5359/478/931 5398/498/855
f 5398/498/855 5359/478/931 5399/497/856
f 5359/478/931 5360/477/817 5399/497/856
f 5399/497/856 5360/477/817 5400/496/857
f 5360/477/817 5361/483/818 5400/496/857
f 5400/496/857 5361/483/818 5401/495/858
f 5403/503/151 5401/495/858 5404/504/859
f 5401/495/858 5361/483/818 5404/504/859
f 5404/504/859 5361/483/818 5405/494/860
f 5361/483/818 5362/476/887 5405/494/860
f 5362/476/887 5363/475/820 5405/494/860
f 5405/494/860 5363/475/820 5406/493/861
f 5363/475/820 5364/484/932 5406/493/861
f 5406/493/861 5364/484/932 5407/505/862
f 5365/484/824 5366/485/822 5408/505/822
f 5366/485/822 5409/310/7 5408/505/822
f 5408/505/822 5409/310/7 5414/506/7
f 5410/310/920 5415/485/863 5413/506/920
f 5413/506/920 5415/485/863 5416/505/863
f 5415/485/863 5380/486/890 5416/505/863
f 5380/486/890 5381/484/840 5416/505/863
f 5417/505/864 5382/484/842 5418/507/901
f 5382/484/842 5383/493/892 5418/507/901
f 5418/507/901 5383/493/892 5419/508/934
f 5383/493/892 5384/494/844 5419/508/934
f 5384/494/844 5385/483/845 5419/508/934
f 5419/508/934 5385/483/845 5420/504/867
f 5385/483/845 5386/495/846 5420/504/867
f 5386/495/846 5402/503/154 5420/504/867
f 5420/504/867 5402/503/154 5421/509/868
f 5403/503/151 5404/504/859 5422/509/869
f 5422/509/869 5404/504/859 5423/508/870
f 5404/504/859 5405/494/860 5423/508/870
f 5405/494/860 5406/493/861 5423/508/870
f 5423/508/870 5406/493/861 5424/507/905
f 5406/493/861 5407/505/862 5424/507/905
f 5407/505/862 5411/506/872 5424/507/905
f 5424/507/905 5411/506/872 5425/510/873
f 5412/506/872 5417/505/864 5426/510/873
f 5417/505/864 5418/507/901 5426/510/873
f 5418/507/901 5419/508/934 5426/510/873
f 5426/510/873 5419/508/934 5427/511/874
f 5419/508/934 5420/504/867 5427/511/874
f 5420/504/867 5421/509/868 5427/511/874
f 5422/509/869 5423/508/870 5428/511/874
f 5423/508/870 5424/507/905 5428/511/874
f 5425/510/873 5428/511/874 5424/507/905
f 5429/459/935 5430/461/936 5431/460/937
f 5431/460/937 5430/461/936 5432/462/938
f 5432/462/938 5430/461/936 5433/463/939
f 5430/461/936 5434/464/940 5433/463/939
f 5433/463/939 5434/464/940 5435/465/941
f 5434/464/940 5436/466/942 5435/465/941
f 5435/465/941 5436/466/942 5437/467/943
f 5436/466/942 5440/468/944 5437/467/943
f 5439/468/944 5441/466/945 5438/467/943
f 5438/467/943 5441/466/945 5442/465/946
f 5441/466/945 5443/464/947 5442/465/946
f 5442/465/946 5443/464/947 5444/463/948
f 5443/464/947 5445/461/949 5444/463/948
f 5444/463/948 5445/461/949 5446/462/950
f 5446/462/950 5445/461/949 5447/459/951
f 5448/477/952 5447/459/951 5449/478/953
f 5447/459/951 5445/461/949 5449/478/953
f 5449/478/953 5445/461/949 5450/479/954
f 5445/461/949 5443/464/947 5450/479/954
f 5450/479/954 5443/464/947 5451/480/955
f 5443/464/947 5441/466/945 5451/480/955
f 5451/480/955 5441/466/945 5452/481/956
f 5441/466/945 5439/468/944 5452/481/956
f 5452/481/956 5439/468/944 5453/482/957
f 5440/468/944 5436/466/942 5454/482/958
f 5454/482/958 5436/466/942 5455/481/959
f 5436/466/942 5434/464/940 5455/481/959
f 5455/481/959 5434/464/940 5456/480/960
f 5434/464/940 5430/461/936 5456/480/960
f 5456/480/960 5430/461/936 5457/479/961
f 5430/461/936 5429/459/935 5457/479/961
f 5457/479/961 5429/459/935 5458/478/962
f 5459/477/963 5458/478/962 5460/476/964
f 5458/478/962 5429/459/935 5460/476/964
f 5429/459/935 5431/460/937 5460/476/964
f 5460/476/964 5431/460/937 5461/475/965
f 5461/475/965 5431/460/937 5463/469/966
f 5463/469/966 5431/460/937 5465/470/967
f 5465/470/967 5431/460/937 5467/471/968
f 5431/460/937 5432/462/938 5467/471/968
f 5467/471/968 5432/462/938 5469/472/969
f 5432/462/938 5433/463/939 5469/472/969
f 5469/472/969 5433/463/939 5471/473/970
f 5433/463/939 5435/465/941 5471/473/970
f 5435/465/941 5437/467/943 5471/473/970
f 5471/473/970 5437/467/943 5475/474/971
f 5474/474/971 5438/467/943 5477/473/972
f 5438/467/943 5442/465/946 5477/473/972
f 5477/473/972 5442/465/946 5479/472/973
f 5442/465/946 5444/463/948 5479/472/973
f 5479/472/973 5444/463/948 5481/471/974
f 5444/463/948 5446/462/950 5481/471/974
f 5481/471/974 5446/462/950 5483/470/975
f 5485/469/976 5483/470/975 5486/460/977
f 5483/470/975 5446/462/950 5486/460/977
f 5446/462/950 5447/459/951 5486/460/977
f 5486/460/977 5447/459/951 5487/476/978
f 5447/459/951 5448/477/952 5487/476/978
f 5487/476/978 5448/477/952 5488/483/979
f 5489/495/980 5488/483/979 5490/496/981
f 5488/483/979 5448/477/952 5490/496/981
f 5490/496/981 5448/477/952 5491/497/982
f 5448/477/952 5449/478/953 5491/497/982
f 5491/497/982 5449/478/953 5492/498/983
f 5449/478/953 5450/479/954 5492/498/983
f 5492/498/983 5450/479/954 5493/499/984
f 5450/479/954 5451/480/955 5493/499/984
f 5493/499/984 5451/480/955 5494/500/985
f 5451/480/955 5452/481/956 5494/500/985
f 5494/500/985 5452/481/956 5495/501/986
f 5452/481/956 5453/482/957 5495/501/986
f 5495/501/986 5453/482/957 5497/502/7
f 5454/482/958 5455/481/959 5496/502/7
f 5496/502/7 5455/481/959 5498/501/987
f 5498/501/987 5455/481/959 5499/500/988
f 5455/481/959 5456/480/960 5499/500/988
f 5499/500/988 5456/480/960 5500/499/989
f 5456/480/960 5457/479/961 5500/499/989
f 5500/499/989 5457/479/961 5501/498/990
f 5457/479/961 5458/478/962 5501/498/990
f 5458/478/962 5459/477/963 5501/498/990
f 5501/498/990 5459/477/963 5502/497/991
f 5502/497/991 5459/477/963 5503/496/992
f 5504/495/993 5503/496/992 5505/483/994
f 5503/496/992 5459/477/963 5505/483/994
f 5505/483/994 5459/477/963 5506/494/995
f 5459/477/963 5460/476/964 5506/494/995
f 5460/476/964 5461/475/965 5506/494/995
f 5506/494/995 5461/475/965 5507/493/996
f 5461/475/965 5463/469/966 5507/493/996
f 5507/493/996 5463/469/966 5508/484/997
f 5510/486/998 5509/484/998 5511/487/999
f 5509/484/998 5462/469/1000 5511/487/999
f 5462/469/1000 5464/470/1001 5511/487/999
f 5511/487/999 5464/470/1001 5512/488/1001
f 5512/488/1001 5464/470/1001 5513/489/1002
f 5464/470/1001 5466/471/1003 5513/489/1002
f 5513/489/1002 5466/471/1003 5514/490/1004
f 5466/471/1003 5468/472/1004 5514/490/1004
f 5514/490/1004 5468/472/1004 5515/491/1005
f 5468/472/1004 5470/473/1005 5515/491/1005
f 5470/473/1005 5472/474/1006 5515/491/1005
f 5515/491/1005 5472/474/1006 5517/492/1006
f 5516/492/1 5473/474/1 5518/491/1007
f 5473/474/1 5476/473/1007 5518/491/1007
f 5518/491/1007 5476/473/1007 5519/490/1008
f 5476/473/1007 5478/472/1009 5519/490/1008
f 5519/490/1008 5478/472/1009 5520/489/1010
f 5478/472/1009 5480/471/1011 5520/489/1010
f 5520/489/1010 5480/471/1011 5521/488/1012
f 5480/471/1011 5482/470/1013 5521/488/1012
f 5521/488/1012 5482/470/1013 5522/487/1014
f 5482/470/1013 5484/469/1014 5522/487/1014
f 5522/487/1014 5484/469/1014 5523/486/1015
f 5524/485/1016 5523/486/1015 5525/484/1017
f 5523/486/1015 5484/469/1014 5525/484/1017
f 5526/484/1018 5485/469/976 5527/475/1019
f 5485/469/976 5486/460/977 5527/475/1019
f 5486/460/977 5487/476/978 5527/475/1019
f 5527/475/1019 5487/476/978 5528/494/1020
f 5487/476/978 5488/483/979 5528/494/1020
f 5528/494/1020 5488/483/979 5529/504/1021
f 5488/483/979 5489/495/980 5529/504/1021
f 5489/495/980 5530/503/1 5529/504/1021
f 5529/504/1021 5530/503/1 5532/509/1022
f 5533/509/1022 5531/503/1 5534/504/1023
f 5531/503/1 5504/495/993 5534/504/1023
f 5504/495/993 5505/483/994 5534/504/1023
f 5534/504/1023 5505/483/994 5535/508/1024
f 5505/483/994 5506/494/995 5535/508/1024
f 5506/494/995 5507/493/996 5535/508/1024
f 5535/508/1024 5507/493/996 5536/507/1025
f 5507/493/996 5508/484/997 5536/507/1025
f 5536/507/1025 5508/484/997 5537/505/1026
f 5509/484/998 5510/486/998 5538/505/1027
f 5510/486/998 5539/485/1027 5538/505/1027
f 5538/505/1027 5539/485/1027 5543/506/667
f 5539/485/1027 5544/310/667 5543/506/667
f 5542/506/1028 5545/310/1028 5546/505/1016
f 5545/310/1028 5524/485/1016 5546/505/1016
f 5524/485/1016 5525/484/1017 5546/505/1016
f 5547/505/1029 5526/484/1018 5548/493/1030
f 5526/484/1018 5527/475/1019 5548/493/1030
f 5527/475/1019 5528/494/1020 5548/493/1030
f 5548/493/1030 5528/494/1020 5549/508/1031
f 5528/494/1020 5529/504/1021 5549/508/1031
f 5529/504/1021 5532/509/1022 5549/508/1031
f 5549/508/1031 5532/509/1022 5550/511/1032
f 5533/509/1022 5534/504/1023 5551/511/1032
f 5534/504/1023 5535/508/1024 5551/511/1032
f 5551/511/1032 5535/508/1024 5552/510/1033
f 5535/508/1024 5536/507/1025 5552/510/1033
f 5536/507/1025 5537/505/1026 5552/510/1033
f 5537/505/1026 5540/506/1034 5552/510/1033
f 5553/510/1033 5541/506/1034 5554/507/1035
f 5541/506/1034 5547/505/1029 5554/507/1035
f 5547/505/1029 5548/493/1030 5554/507/1035
f 5548/493/1030 5549/508/1031 5554/507/1035
f 5549/508/1031 5550/511/1032 5554/507/1035
f 5553/510/1033 5554/507/1035 5550/511/1032
f 5555/459/1036 5556/461/1037 5557/460/1038
f 5557/460/1038 5556/461/1037 5558/462/1039
f 5558/462/1039 5556/461/1037 5559/463/1040
f 5556/461/1037 5560/464/1041 5559/463/1040
f 5559/463/1040 5560/464/1041 5561/465/1042
f 5560/464/1041 5562/466/1043 5561/465/1042
f 5561/465/1042 5562/466/1043 5563/467/1044
f 5562/466/1043 5566/468/1045 5563/467/1044
f 5565/468/1045 5567/466/1046 5564/467/1044
f 5564/467/1044 5567/466/1046 5568/465/1047
f 5567/466/1046 5569/464/1048 5568/465/1047
f 5568/465/1047 5569/464/1048 5570/463/1049
f 5569/464/1048 5571/461/1050 5570/463/1049
f 5570/463/1049 5571/461/1050 5572/462/1051
f 5572/462/1051 5571/461/1050 5573/459/1052
f 5574/477/1053 5573/459/1052 5575/478/1054
f 5573/459/1052 5571/461/1050 5575/478/1054
f 5575/478/1054 5571/461/1050 5576/479/1055
f 5571/461/1050 5569/464/1048 5576/479/1055
f 5576/479/1055 5569/464/1048 5577/480/1056
f 5569/464/1048 5567/466/1046 5577/480/1056
f 5577/480/1056 5567/466/1046 5578/481/1057
f 5567/466/1046 5565/468/1045 5578/481/1057
f 5578/481/1057 5565/468/1045 5579/482/1058
f 5566/468/1045 5562/466/1043 5580/482/1059
f 5580/482/1059 5562/466/1043 5581/481/1060
f 5562/466/1043 5560/464/1041 5581/481/1060
f 5581/481/1060 5560/464/1041 5582/480/1061
f 5560/464/1041 5556/461/1037 5582/480/1061
f 5582/480/1061 5556/461/1037 5583/479/1062
f 5556/461/1037 5555/459/1036 5583/479/1062
f 5583/479/1062 5555/459/1036 5584/478/1063
f 5585/477/1064 5584/478/1063 5586/476/1065
f 5584/478/1063 5555/459/1036 5586/476/1065
f 5555/459/1036 5557/460/1038 5586/476/1065
f 5586/476/1065 5557/460/1038 5587/475/1066
f 5587/475/1066 5557/460/1038 5589/469/1067
f 5589/469/1067 5557/460/1038 5591/470/1068
f 5591/470/1068 5557/460/1038 5593/471/1069
f 5557/460/1038 5558/462/1039 5593/471/1069
f 5593/471/1069 5558/462/1039 5595/472/1070
f 5558/462/1039 5559/463/1040 5595/472/1070
f 5595/472/1070 5559/463/1040 5597/473/1071
f 5559/463/1040 5561/465/1042 5597/473/1071
f 5561/465/1042 5563/467/1044 5597/473/1071
f 5597/473/1071 5563/467/1044 5601/474/1072
f 5600/474/1072 5564/467/1044 5603/473/1073
f 5564/467/1044 5568/465/1047 5603/473/1073
f 5603/473/1073 5568/465/1047 5605/472/1074
f 5568/465/1047 5570/463/1049 5605/472/1074
f 5605/472/1074 5570/463/1049 5607/471/1075
f 5570/463/1049 5572/462/1051 5607/471/1075
f 5607/471/1075 5572/462/1051 5609/470/1076
f 5611/469/1077 5609/470/1076 5612/460/1078
f 5609/470/1076 5572/462/1051 5612/460/1078
f 5572/462/1051 5573/459/1052 5612/460/1078
f 5612/460/1078 5573/459/1052 5613/476/1079
f 5573/459/1052 5574/477/1053 5613/476/1079
f 5613/476/1079 5574/477/1053 5614/483/1080
f 5615/495/858 5614/483/1080 5616/496/857
f 5614/483/1080 5574/477/1053 5616/496/857
f 5616/496/857 5574/477/1053 5617/497/1081
f 5574/477/1053 5575/478/1054 5617/497/1081
f 5617/497/1081 5575/478/1054 5618/498/855
f 5575/478/1054 5576/479/1055 5618/498/855
f 5618/498/855 5576/479/1055 5619/499/178
f 5576/479/1055 5577/480/1056 5619/499/178
f 5619/499/178 5577/480/1056 5620/500/921
f 5577/480/1056 5578/481/1057 5620/500/921
f 5620/500/921 5578/481/1057 5621/501/898
f 5578/481/1057 5579/482/1058 5621/501/898
f 5621/501/898 5579/482/1058 5623/502/7
f 5580/482/1059 5581/481/1060 5622/502/7
f 5622/502/7 5581/481/1060 5624/501/852
f 5624/501/852 5581/481/1060 5625/500/851
f 5581/481/1060 5582/480/1061 5625/500/851
f 5625/500/851 5582/480/1061 5626/499/1082
f 5582/480/1061 5583/479/1062 5626/499/1082
f 5626/499/1082 5583/479/1062 5627/498/849
f 5583/479/1062 5584/478/1063 5627/498/849
f 5584/478/1063 5585/477/1064 5627/498/849
f 5627/498/849 5585/477/1064 5628/497/848
f 5628/497/848 5585/477/1064 5629/496/847
f 5630/495/846 5629/496/847 5631/483/1083
f 5629/496/847 5585/477/1064 5631/483/1083
f 5631/483/1083 5585/477/1064 5632/494/1084
f 5585/477/1064 5586/476/1065 5632/494/1084
f 5586/476/1065 5587/475/1066 5632/494/1084
f 5632/494/1084 5587/475/1066 5633/493/1085
f 5587/475/1066 5589/469/1067 5633/493/1085
f 5633/493/1085 5589/469/1067 5634/484/1086
f 5636/486/840 5635/484/890 5637/487/1087
f 5635/484/890 5588/469/838 5637/487/1087
f 5588/469/838 5590/470/836 5637/487/1087
f 5637/487/1087 5590/470/836 5638/488/837
f 5638/488/837 5590/470/836 5639/489/835
f 5590/470/836 5592/471/835 5639/489/835
f 5639/489/835 5592/471/835 5640/490/834
f 5592/471/835 5594/472/833 5640/490/834
f 5640/490/834 5594/472/833 5641/491/831
f 5594/472/833 5596/473/832 5641/491/831
f 5596/473/832 5598/474/1 5641/491/831
f 5641/491/831 5598/474/1 5643/492/151
f 5642/492/154 5599/474/1 5644/491/830
f 5599/474/1 5602/473/830 5644/491/830
f 5644/491/830 5602/473/830 5645/490/829
f 5602/473/830 5604/472/829 5645/490/829
f 5645/490/829 5604/472/829 5646/489/828
f 5604/472/829 5606/471/828 5646/489/828
f 5646/489/828 5606/471/828 5647/488/827
f 5606/471/828 5608/470/826 5647/488/827
f 5647/488/827 5608/470/826 5648/487/825
f 5608/470/826 5610/469/1088 5648/487/825
f 5648/487/825 5610/469/1088 5649/486/823
f 5650/485/822 5649/486/823 5651/484/823
f 5649/486/823 5610/469/1088 5651/484/823
f 5652/484/1089 5611/469/1077 5653/475/1090
f 5611/469/1077 5612/460/1078 5653/475/1090
f 5612/460/1078 5613/476/1079 5653/475/1090
f 5653/475/1090 5613/476/1079 5654/494/1091
f 5613/476/1079 5614/483/1080 5654/494/1091
f 5654/494/1091 5614/483/1080 5655/504/1092
f 5614/483/1080 5615/495/858 5655/504/1092
f 5615/495/858 5656/503/151 5655/504/1092
f 5655/504/1092 5656/503/151 5658/509/1093
f 5659/509/1094 5657/503/154 5660/504/1095
f 5657/503/154 5630/495/846 5660/504/1095
f 5630/495/846 5631/483/1083 5660/504/1095
f 5660/504/1095 5631/483/1083 5661/508/1096
f 5631/483/1083 5632/494/1084 5661/508/1096
f 5632/494/1084 5633/493/1085 5661/508/1096
f 5661/508/1096 5633/493/1085 5662/507/1097
f 5633/493/1085 5634/484/1086 5662/507/1097
f 5662/507/1097 5634/484/1086 5663/505/1098
f 5635/484/890 5636/486/840 5664/505/922
f 5636/486/840 5665/485/922 5664/505/922
f 5664/505/922 5665/485/922 5669/506/7
f 5665/485/922 5670/310/7 5669/506/7
f 5668/506/7 5671/310/7 5672/505/822
f 5671/310/7 5650/485/822 5672/505/822
f 5650/485/822 5651/484/823 5672/505/822
f 5673/505/1099 5652/484/1089 5674/493/1100
f 5652/484/1089 5653/475/1090 5674/493/1100
f 5653/475/1090 5654/494/1091 5674/493/1100
f 5674/493/1100 5654/494/1091 5675/508/1101
f 5654/494/1091 5655/504/1092 5675/508/1101
f 5655/504/1092 5658/509/1093 5675/508/1101
f 5675/508/1101 5658/509/1093 5676/511/1102
f 5659/509/1094 5660/504/1095 5677/511/1102
f 5660/504/1095 5661/508/1096 5677/511/1102
f 5677/511/1102 5661/508/1096 5678/510/1103
f 5661/508/1096 5662/507/1097 5678/510/1103
f 5662/507/1097 5663/505/1098 5678/510/1103
f 5663/505/1098 5666/506/1104 5678/510/1103
f 5679/510/1103 5667/506/1104 5680/507/1105
f 5667/506/1104 5673/505/1099 5680/507/1105
f 5673/505/1099 5674/493/1100 5680/507/1105
f 5674/493/1100 5675/508/1101 5680/507/1105
f 5675/508/1101 5676/511/1102 5680/507/1105
f 5679/510/1103 5680/507/1105 5676/511/1102
f 5681/459/1106 5682/461/1037 5683/460/1038
f 5683/460/1038 5682/461/1037 5684/462/1107
f 5684/462/1107 5682/461/1037 5685/463/1040
f 5682/461/1037 5686/464/1041 5685/463/1040
f 5685/463/1040 5686/464/1041 5687/465/1042
f 5686/464/1041 5688/466/1108 5687/465/1042
f 5687/465/1042 5688/466/1108 5689/467/1044
f 5688/466/1108 5692/468/1045 5689/467/1044
f 5691/468/1045 5693/466/1046 5690/467/1044
f 5690/467/1044 5693/466/1046 5694/465/1047
f 5693/466/1046 5695/464/1048 5694/465/1047
f 5694/465/1047 5695/464/1048 5696/463/1049
f 5695/464/1048 5697/461/1109 5696/463/1049
f 5696/463/1049 5697/461/1109 5698/462/1110
f 5698/462/1110 5697/461/1109 5699/459/1052
f 5700/477/1111 5699/459/1052 5701/478/1112
f 5699/459/1052 5697/461/1109 5701/478/1112
f 5701/478/1112 5697/461/1109 5702/479/1113
f 5697/461/1109 5695/464/1048 5702/479/1113
f 5702/479/1113 5695/464/1048 5703/480/1056
f 5695/464/1048 5693/466/1046 5703/480/1056
f 5703/480/1056 5693/466/1046 5704/481/1057
f 5693/466/1046 5691/468/1045 5704/481/1057
f 5704/481/1057 5691/468/1045 5705/482/1058
f 5692/468/1045 5688/466/1108 5706/482/1059
f 5706/482/1059 5688/466/1108 5707/481/1060
f 5688/466/1108 5686/464/1041 5707/481/1060
f 5707/481/1060 5686/464/1041 5708/480/1114
f 5686/464/1041 5682/461/1037 5708/480/1114
f 5708/480/1114 5682/461/1037 5709/479/1062
f 5682/461/1037 5681/459/1106 5709/479/1062
f 5709/479/1062 5681/459/1106 5710/478/1115
f 5711/477/1116 5710/478/1115 5712/476/1117
f 5710/478/1115 5681/459/1106 5712/476/1117
f 5681/459/1106 5683/460/1038 5712/476/1117
f 5712/476/1117 5683/460/1038 5713/475/1066
f 5713/475/1066 5683/460/1038 5715/469/1067
f 5715/469/1067 5683/460/1038 5717/470/1068
f 5717/470/1068 5683/460/1038 5719/471/1069
f 5683/460/1038 5684/462/1107 5719/471/1069
f 5719/471/1069 5684/462/1107 5721/472/1070
f 5684/462/1107 5685/463/1040 5721/472/1070
f 5721/472/1070 5685/463/1040 5723/473/1118
f 5685/463/1040 5687/465/1042 5723/473/1118
f 5687/465/1042 5689/467/1044 5723/473/1118
f 5723/473/1118 5689/467/1044 5727/474/1072
f 5726/474/1072 5690/467/1044 5729/473/1073
f 5690/467/1044 5694/465/1047 5729/473/1073
f 5729/473/1073 5694/465/1047 5731/472/1074
f 5694/465/1047 5696/463/1049 5731/472/1074
f 5731/472/1074 5696/463/1049 5733/471/1119
f 5696/463/1049 5698/462/1110 5733/471/1119
f 5733/471/1119 5698/462/1110 5735/470/1076
f 5737/469/1077 5735/470/1076 5738/460/1078
f 5735/470/1076 5698/462/1110 5738/460/1078
f 5698/462/1110 5699/459/1052 5738/460/1078
f 5738/460/1078 5699/459/1052 5739/476/1079
f 5699/459/1052 5700/477/1111 5739/476/1079
f 5739/476/1079 5700/477/1111 5740/483/1080
f 5741/495/858 5740/483/1080 5742/496/857
f 5740/483/1080 5700/477/1111 5742/496/857
f 5742/496/857 5700/477/1111 5743/497/1081
f 5700/477/1111 5701/478/1112 5743/497/1081
f 5743/497/1081 5701/478/1112 5744/498/855
f 5701/478/1112 5702/479/1113 5744/498/855
f 5744/498/855 5702/479/1113 5745/499/1120
f 5702/479/1113 5703/480/1056 5745/499/1120
f 5745/499/1120 5703/480/1056 5746/500/854
f 5703/480/1056 5704/481/1057 5746/500/854
f 5746/500/854 5704/481/1057 5747/501/898
f 5704/481/1057 5705/482/1058 5747/501/898
f 5747/501/898 5705/482/1058 5749/502/7
f 5706/482/1059 5707/481/1060 5748/502/7
f 5748/502/7 5707/481/1060 5750/501/852
f 5750/501/852 5707/481/1060 5751/500/851
f 5707/481/1060 5708/480/1114 5751/500/851
f 5751/500/851 5708/480/1114 5752/499/850
f 5708/480/1114 5709/479/1062 5752/499/850
f 5752/499/850 5709/479/1062 5753/498/1121
f 5709/479/1062 5710/478/1115 5753/498/1121
f 5710/478/1115 5711/477/1116 5753/498/1121
f 5753/498/1121 5711/477/1116 5754/497/848
f 5754/497/848 5711/477/1116 5755/496/847
f 5756/495/846 5755/496/847 5757/483/1083
f 5755/496/847 5711/477/1116 5757/483/1083
f 5757/483/1083 5711/477/1116 5758/494/1084
f 5711/477/1116 5712/476/1117 5758/494/1084
f 5712/476/1117 5713/475/1066 5758/494/1084
f 5758/494/1084 5713/475/1066 5759/493/1122
f 5713/475/1066 5715/469/1067 5759/493/1122
f 5759/493/1122 5715/469/1067 5760/484/1123
f 5762/486/890 5761/484/841 5763/487/838
f 5761/484/841 5714/469/1087 5763/487/838
f 5714/469/1087 5716/470/837 5763/487/838
f 5763/487/838 5716/470/837 5764/488/836
f 5764/488/836 5716/470/837 5765/489/835
f 5716/470/837 5718/471/835 5765/489/835
f 5765/489/835 5718/471/835 5766/490/834
f 5718/471/835 5720/472/834 5766/490/834
f 5766/490/834 5720/472/834 5767/491/831
f 5720/472/834 5722/473/832 5767/491/831
f 5722/473/832 5724/474/151 5767/491/831
f 5767/491/831 5724/474/151 5769/492/151
f 5768/492/154 5725/474/1 5770/491/830
f 5725/474/1 5728/473/830 5770/491/830
f 5770/491/830 5728/473/830 5771/490/829
f 5728/473/830 5730/472/829 5771/490/829
f 5771/490/829 5730/472/829 5772/489/828
f 5730/472/829 5732/471/828 5772/489/828
f 5772/489/828 5732/471/828 5773/488/827
f 5732/471/828 5734/470/826 5773/488/827
f 5773/488/827 5734/470/826 5774/487/825
f 5734/470/826 5736/469/1088 5774/487/825
f 5774/487/825 5736/469/1088 5775/486/824
f 5776/485/822 5775/486/824 5777/484/1124
f 5775/486/824 5736/469/1088 5777/484/1124
f 5778/484/1125 5737/469/1077 5779/475/1090
f 5737/469/1077 5738/460/1078 5779/475/1090
f 5738/460/1078 5739/476/1079 5779/475/1090
f 5779/475/1090 5739/476/1079 5780/494/1091
f 5739/476/1079 5740/483/1080 5780/494/1091
f 5780/494/1091 5740/483/1080 5781/504/1092
f 5740/483/1080 5741/495/858 5781/504/1092
f 5741/495/858 5782/503/151 5781/504/1092
f 5781/504/1092 5782/503/151 5784/509/1093
f 5785/509/1094 5783/503/154 5786/504/1126
f 5783/503/154 5756/495/846 5786/504/1126
f 5756/495/846 5757/483/1083 5786/504/1126
f 5786/504/1126 5757/483/1083 5787/508/1127
f 5757/483/1083 5758/494/1084 5787/508/1127
f 5758/494/1084 5759/493/1122 5787/508/1127
f 5787/508/1127 5759/493/1122 5788/507/1097
f 5759/493/1122 5760/484/1123 5788/507/1097
f 5788/507/1097 5760/484/1123 5789/505/1098
f 5761/484/841 5762/486/890 5790/505/863
f 5762/486/890 5791/485/863 5790/505/863
f 5790/505/863 5791/485/863 5795/506/7
f 5791/485/863 5796/310/7 5795/506/7
f 5794/506/7 5797/310/7 5798/505/822
f 5797/310/7 5776/485/822 5798/505/822
f 5776/485/822 5777/484/1124 5798/505/822
f 5799/505/1099 5778/484/1125 5800/493/1100
f 5778/484/1125 5779/475/1090 5800/493/1100
f 5779/475/1090 5780/494/1091 5800/493/1100
f 5800/493/1100 5780/494/1091 5801/508/1128
f 5780/494/1091 5781/504/1092 5801/508/1128
f 5781/504/1092 5784/509/1093 5801/508/1128
f 5801/508/1128 5784/509/1093 5802/511/1102
f 5785/509/1094 5786/504/1126 5803/511/1102
f 5786/504/1126 5787/508/1127 5803/511/1102
f 5803/511/1102 5787/508/1127 5804/510/1103
f 5787/508/1127 5788/507/1097 5804/510/1103
f 5788/507/1097 5789/505/1098 5804/510/1103
f 5789/505/1098 5792/506/1104 5804/510/1103
f 5805/510/1103 5793/506/1104 5806/507/1105
f 5793/506/1104 5799/505/1099 5806/507/1105
f 5799/505/1099 5800/493/1100 5806/507/1105
f 5800/493/1100 5801/508/1128 5806/507/1105
f 5801/508/1128 5802/511/1102 5806/507/1105
f 5805/510/1103 5806/507/1105 5802/511/1102
f 5807/459/1106 5808/461/1129 5809/460/1130
f 5809/460/1130 5808/461/1129 5810/462/1107
f 5810/462/1107 5808/461/1129 5811/463/1040
f 5808/461/1129 5812/464/1041 5811/463/1040
f 5811/463/1040 5812/464/1041 5813/465/1042
f 5812/464/1041 5814/466/1043 5813/465/1042
f 5813/465/1042 5814/466/1043 5815/467/1044
f 5814/466/1043 5818/468/1045 5815/467/1044
f 5817/468/1045 5819/466/1131 5816/467/1044
f 5816/467/1044 5819/466/1131 5820/465/1047
f 5819/466/1131 5821/464/1132 5820/465/1047
f 5820/465/1047 5821/464/1132 5822/463/1049
f 5821/464/1132 5823/461/1050 5822/463/1049
f 5822/463/1049 5823/461/1050 5824/462/1133
f 5824/462/1133 5823/461/1050 5825/459/1052
f 5826/477/1134 5825/459/1052 5827/478/1112
f 5825/459/1052 5823/461/1050 5827/478/1112
f 5827/478/1112 5823/461/1050 5828/479/1135
f 5823/461/1050 5821/464/1132 5828/479/1135
f 5828/479/1135 5821/464/1132 5829/480/1136
f 5821/464/1132 5819/466/1131 5829/480/1136
f 5829/480/1136 5819/466/1131 5830/481/1137
f 5819/466/1131 5817/468/1045 5830/481/1137
f 5830/481/1137 5817/468/1045 5831/482/1058
f 5818/468/1045 5814/466/1043 5832/482/1059
f 5832/482/1059 5814/466/1043 5833/481/1060
f 5814/466/1043 5812/464/1041 5833/481/1060
f 5833/481/1060 5812/464/1041 5834/480/1114
f 5812/464/1041 5808/461/1129 5834/480/1114
f 5834/480/1114 5808/461/1129 5835/479/1138
f 5808/461/1129 5807/459/1106 5835/479/1138
f 5835/479/1138 5807/459/1106 5836/478/1115
f 5837/477/1116 5836/478/1115 5838/476/1065
f 5836/478/1115 5807/459/1106 5838/476/1065
f 5807/459/1106 5809/460/1130 5838/476/1065
f 5838/476/1065 5809/460/1130 5839/475/1139
f 5839/475/1139 5809/460/1130 5841/469/1067
f 5841/469/1067 5809/460/1130 5843/470/1068
f 5843/470/1068 5809/460/1130 5845/471/1069
f 5809/460/1130 5810/462/1107 5845/471/1069
f 5845/471/1069 5810/462/1107 5847/472/1070
f 5810/462/1107 5811/463/1040 5847/472/1070
f 5847/472/1070 5811/463/1040 5849/473/1118
f 5811/463/1040 5813/465/1042 5849/473/1118
f 5813/465/1042 5815/467/1044 5849/473/1118
f 5849/473/1118 5815/467/1044 5853/474/1072
f 5852/474/1072 5816/467/1044 5855/473/1140
f 5816/467/1044 5820/465/1047 5855/473/1140
f 5855/473/1140 5820/465/1047 5857/472/1074
f 5820/465/1047 5822/463/1049 5857/472/1074
f 5857/472/1074 5822/463/1049 5859/471/1075
f 5822/463/1049 5824/462/1133 5859/471/1075
f 5859/471/1075 5824/462/1133 5861/470/1076
f 5863/469/1077 5861/470/1076 5864/460/1078
f 5861/470/1076 5824/462/1133 5864/460/1078
f 5824/462/1133 5825/459/1052 5864/460/1078
f 5864/460/1078 5825/459/1052 5865/476/1079
f 5825/459/1052 5826/477/1134 5865/476/1079
f 5865/476/1079 5826/477/1134 5866/483/1080
f 5867/495/858 5866/483/1080 5868/496/857
f 5866/483/1080 5826/477/1134 5868/496/857
f 5868/496/857 5826/477/1134 5869/497/1081
f 5826/477/1134 5827/478/1112 5869/497/1081
f 5869/497/1081 5827/478/1112 5870/498/855
f 5827/478/1112 5828/479/1135 5870/498/855
f 5870/498/855 5828/479/1135 5871/499/178
f 5828/479/1135 5829/480/1136 5871/499/178
f 5871/499/178 5829/480/1136 5872/500/921
f 5829/480/1136 5830/481/1137 5872/500/921
f 5872/500/921 5830/481/1137 5873/501/853
f 5830/481/1137 5831/482/1058 5873/501/853
f 5873/501/853 5831/482/1058 5875/502/920
f 5832/482/1059 5833/481/1060 5874/502/7
f 5874/502/7 5833/481/1060 5876/501/897
f 5876/501/897 5833/481/1060 5877/500/851
f 5833/481/1060 5834/480/1114 5877/500/851
f 5877/500/851 5834/480/1114 5878/499/850
f 5834/480/1114 5835/479/1138 5878/499/850
f 5878/499/850 5835/479/1138 5879/498/1121
f 5835/479/1138 5836/478/1115 5879/498/1121
f 5836/478/1115 5837/477/1116 5879/498/1121
f 5879/498/1121 5837/477/1116 5880/497/848
f 5880/497/848 5837/477/1116 5881/496/847
f 5882/495/846 5881/496/847 5883/483/1083
f 5881/496/847 5837/477/1116 5883/483/1083
f 5883/483/1083 5837/477/1116 5884/494/1084
f 5837/477/1116 5838/476/1065 5884/494/1084
f 5838/476/1065 5839/475/1139 5884/494/1084
f 5884/494/1084 5839/475/1139 5885/493/1122
f 5839/475/1139 5841/469/1067 5885/493/1122
f 5885/493/1122 5841/469/1067 5886/484/1086
f 5888/486/890 5887/484/841 5889/487/838
f 5887/484/841 5840/469/1087 5889/487/838
f 5840/469/1087 5842/470/837 5889/487/838
f 5889/487/838 5842/470/837 5890/488/836
f 5890/488/836 5842/470/837 5891/489/835
f 5842/470/837 5844/471/835 5891/489/835
f 5891/489/835 5844/471/835 5892/490/834
f 5844/471/835 5846/472/834 5892/490/834
f 5892/490/834 5846/472/834 5893/491/918
f 5846/472/834 5848/473/832 5893/491/918
f 5848/473/832 5850/474/151 5893/491/918
f 5893/491/918 5850/474/151 5895/492/151
f 5894/492/154 5851/474/1 5896/491/830
f 5851/474/1 5854/473/916 5896/491/830
f 5896/491/830 5854/473/916 5897/490/829
f 5854/473/916 5856/472/829 5897/490/829
f 5897/490/829 5856/472/829 5898/489/828
f 5856/472/829 5858/471/828 5898/489/828
f 5898/489/828 5858/471/828 5899/488/827
f 5858/471/828 5860/470/826 5899/488/827
f 5899/488/827 5860/470/826 5900/487/825
f 5860/470/826 5862/469/1088 5900/487/825
f 5900/487/825 5862/469/1088 5901/486/823
f 5902/485/822 5901/486/823 5903/484/823
f 5901/486/823 5862/469/1088 5903/484/823
f 5904/484/1089 5863/469/1077 5905/475/1090
f 5863/469/1077 5864/460/1078 5905/475/1090
f 5864/460/1078 5865/476/1079 5905/475/1090
f 5905/475/1090 5865/476/1079 5906/494/1091
f 5865/476/1079 5866/483/1080 5906/494/1091
f 5906/494/1091 5866/483/1080 5907/504/1092
f 5866/483/1080 5867/495/858 5907/504/1092
f 5867/495/858 5908/503/151 5907/504/1092
f 5907/504/1092 5908/503/151 5910/509/1093
f 5911/509/1094 5909/503/154 5912/504/1095
f 5909/503/154 5882/495/846 5912/504/1095
f 5882/495/846 5883/483/1083 5912/504/1095
f 5912/504/1095 5883/483/1083 5913/508/1096
f 5883/483/1083 5884/494/1084 5913/508/1096
f 5884/494/1084 5885/493/1122 5913/508/1096
f 5913/508/1096 5885/493/1122 5914/507/1097
f 5885/493/1122 5886/484/1086 5914/507/1097
f 5914/507/1097 5886/484/1086 5915/505/1098
f 5887/484/841 5888/486/890 5916/505/922
f 5888/486/890 5917/485/922 5916/505/922
f 5916/505/922 5917/485/922 5921/506/7
f 5917/485/922 5922/310/7 5921/506/7
f 5920/506/7 5923/310/7 5924/505/822
f 5923/310/7 5902/485/822 5924/505/822
f 5902/485/822 5903/484/823 5924/505/822
f 5925/505/1099 5904/484/1089 5926/493/1100
f 5904/484/1089 5905/475/1090 5926/493/1100
f 5905/475/1090 5906/494/1091 5926/493/1100
f 5926/493/1100 5906/494/1091 5927/508/1101
f 5906/494/1091 5907/504/1092 5927/508/1101
f 5907/504/1092 5910/509/1093 5927/508/1101
f 5927/508/1101 5910/509/1093 5928/511/1102
f 5911/509/1094 5912/504/1095 5929/511/1102
f 5912/504/1095 5913/508/1096 5929/511/1102
f 5929/511/1102 5913/508/1096 5930/510/1103
f 5913/508/1096 5914/507/1097 5930/510/1103
f 5914/507/1097 5915/505/1098 5930/510/1103
f 5915/505/1098 5918/506/1104 5930/510/1103
f 5931/510/1103 5919/506/1104 5932/507/1105
f 5919/506/1104 5925/505/1099 5932/507/1105
f 5925/505/1099 5926/493/1100 5932/507/1105
f 5926/493/1100 5927/508/1101 5932/507/1105
f 5927/508/1101 5928/511/1102 5932/507/1105
f 5931/510/1103 5932/507/1105 5928/511/1102
f 5933/459/1106 5934/461/1037 5935/460/1130
f 5935/460/1130 5934/461/1037 5936/462/1039
f 5936/462/1039 5934/461/1037 5937/463/1040
f 5934/461/1037 5938/464/1041 5937/463/1040
f 5937/463/1040 5938/464/1041 5939/465/1042
f 5938/464/1041 5940/466/1043 5939/465/1042
f 5939/465/1042 5940/466/1043 5941/467/1044
f 5940/466/1043 5944/468/1045 5941/467/1044
f 5943/468/1045 5945/466/1131 5942/467/1044
f 5942/467/1044 5945/466/1131 5946/465/1141
f 5945/466/1131 5947/464/1048 5946/465/1141
f 5946/465/1141 5947/464/1048 5948/463/1049
f 5947/464/1048 5949/461/1050 5948/463/1049
f 5948/463/1049 5949/461/1050 5950/462/1110
f 5950/462/1110 5949/461/1050 5951/459/1052
f 5952/477/1111 5951/459/1052 5953/478/1112
f 5951/459/1052 5949/461/1050 5953/478/1112
f 5953/478/1112 5949/461/1050 5954/479/1113
f 5949/461/1050 5947/464/1048 5954/479/1113
f 5954/479/1113 5947/464/1048 5955/480/1136
f 5947/464/1048 5945/466/1131 5955/480/1136
f 5955/480/1136 5945/466/1131 5956/481/1137
f 5945/466/1131 5943/468/1045 5956/481/1137
f 5956/481/1137 5943/468/1045 5957/482/1058
f 5944/468/1045 5940/466/1043 5958/482/1059
f 5958/482/1059 5940/466/1043 5959/481/1060
f 5940/466/1043 5938/464/1041 5959/481/1060
f 5959/481/1060 5938/464/1041 5960/480/1114
f 5938/464/1041 5934/461/1037 5960/480/1114
f 5960/480/1114 5934/461/1037 5961/479/1142
f 5934/461/1037 5933/459/1106 5961/479/1142
f 5961/479/1142 5933/459/1106 5962/478/1115
f 5963/477/1064 5962/478/1115 5964/476/1065
f 5962/478/1115 5933/459/1106 5964/476/1065
f 5933/459/1106 5935/460/1130 5964/476/1065
f 5964/476/1065 5935/460/1130 5965/475/1066
f 5965/475/1066 5935/460/1130 5967/469/1067
f 5967/469/1067 5935/460/1130 5969/470/1068
f 5969/470/1068 5935/460/1130 5971/471/1069
f 5935/460/1130 5936/462/1039 5971/471/1069
f 5971/471/1069 5936/462/1039 5973/472/1070
f 5936/462/1039 5937/463/1040 5973/472/1070
f 5973/472/1070 5937/463/1040 5975/473/1143
f 5937/463/1040 5939/465/1042 5975/473/1143
f 5939/465/1042 5941/467/1044 5975/473/1143
f 5975/473/1143 5941/467/1044 5979/474/1072
f 5978/474/1144 5942/467/1044 5981/473/1073
f 5942/467/1044 5946/465/1141 5981/473/1073
f 5981/473/1073 5946/465/1141 5983/472/1074
f 5946/465/1141 5948/463/1049 5983/472/1074
f 5983/472/1074 5948/463/1049 5985/471/1119
f 5948/463/1049 5950/462/1110 5985/471/1119
f 5985/471/1119 5950/462/1110 5987/470/1076
f 5989/469/1077 5987/470/1076 5990/460/1145
f 5987/470/1076 5950/462/1110 5990/460/1145
f 5950/462/1110 5951/459/1052 5990/460/1145
f 5990/460/1145 5951/459/1052 5991/476/1146
f 5951/459/1052 5952/477/1111 5991/476/1146
f 5991/476/1146 5952/477/1111 5992/483/1080
f 5993/495/858 5992/483/1080 5994/496/857
f 5992/483/1080 5952/477/1111 5994/496/857
f 5994/496/857 5952/477/1111 5995/497/1081
f 5952/477/1111 5953/478/1112 5995/497/1081
f 5995/497/1081 5953/478/1112 5996/498/855
f 5953/478/1112 5954/479/1113 5996/498/855
f 5996/498/855 5954/479/1113 5997/499/178
f 5954/479/1113 5955/480/1136 5997/499/178
f 5997/499/178 5955/480/1136 5998/500/921
f 5955/480/1136 5956/481/1137 5998/500/921
f 5998/500/921 5956/481/1137 5999/501/853
f 5956/481/1137 5957/482/1058 5999/501/853
f 5999/501/853 5957/482/1058 6001/502/7
f 5958/482/1059 5959/481/1060 6000/502/7
f 6000/502/7 5959/481/1060 6002/501/852
f 6002/501/852 5959/481/1060 6003/500/851
f 5959/481/1060 5960/480/1114 6003/500/851
f 6003/500/851 5960/480/1114 6004/499/1082
f 5960/480/1114 5961/479/1142 6004/499/1082
f 6004/499/1082 5961/479/1142 6005/498/849
f 5961/479/1142 5962/478/1115 6005/498/849
f 5962/478/1115 5963/477/1064 6005/498/849
f 6005/498/849 5963/477/1064 6006/497/848
f 6006/497/848 5963/477/1064 6007/496/847
f 6008/495/846 6007/496/847 6009/483/1083
f 6007/496/847 5963/477/1064 6009/483/1083
f 6009/483/1083 5963/477/1064 6010/494/1084
f 5963/477/1064 5964/476/1065 6010/494/1084
f 5964/476/1065 5965/475/1066 6010/494/1084
f 6010/494/1084 5965/475/1066 6011/493/1122
f 5965/475/1066 5967/469/1067 6011/493/1122
f 6011/493/1122 5967/469/1067 6012/484/1147
f 6014/486/890 6013/484/890 6015/487/1087
f 6013/484/890 5966/469/838 6015/487/1087
f 5966/469/838 5968/470/836 6015/487/1087
f 6015/487/1087 5968/470/836 6016/488/837
f 6016/488/837 5968/470/836 6017/489/835
f 5968/470/836 5970/471/835 6017/489/835
f 6017/489/835 5970/471/835 6018/490/834
f 5970/471/835 5972/472/833 6018/490/834
f 6018/490/834 5972/472/833 6019/491/831
f 5972/472/833 5974/473/832 6019/491/831
f 5974/473/832 5976/474/1 6019/491/831
f 6019/491/831 5976/474/1 6021/492/151
f 6020/492/154 5977/474/1 6022/491/830
f 5977/474/1 5980/473/830 6022/491/830
f 6022/491/830 5980/473/830 6023/490/829
f 5980/473/830 5982/472/933 6023/490/829
f 6023/490/829 5982/472/933 6024/489/1148
f 5982/472/933 5984/471/828 6024/489/1148
f 6024/489/1148 5984/471/828 6025/488/826
f 5984/471/828 5986/470/826 6025/488/826
f 6025/488/826 5986/470/826 6026/487/1088
f 5986/470/826 5988/469/1088 6026/487/1088
f 6026/487/1088 5988/469/1088 6027/486/823
f 6028/485/822 6027/486/823 6029/484/823
f 6027/486/823 5988/469/1088 6029/484/823
f 6030/484/1089 5989/469/1077 6031/475/1090
f 5989/469/1077 5990/460/1145 6031/475/1090
f 5990/460/1145 5991/476/1146 6031/475/1090
f 6031/475/1090 5991/476/1146 6032/494/1091
f 5991/476/1146 5992/483/1080 6032/494/1091
f 6032/494/1091 5992/483/1080 6033/504/1092
f 5992/483/1080 5993/495/858 6033/504/1092
f 5993/495/858 6034/503/151 6033/504/1092
f 6033/504/1092 6034/503/151 6036/509/1093
f 6037/509/1094 6035/503/154 6038/504/1095
f 6035/503/154 6008/495/846 6038/504/1095
f 6008/495/846 6009/483/1083 6038/504/1095
f 6038/504/1095 6009/483/1083 6039/508/1096
f 6009/483/1083 6010/494/1084 6039/508/1096
f 6010/494/1084 6011/493/1122 6039/508/1096
f 6039/508/1096 6011/493/1122 6040/507/1097
f 6011/493/1122 6012/484/1147 6040/507/1097
f 6040/507/1097 6012/484/1147 6041/505/1098
f 6013/484/890 6014/486/890 6042/505/863
f 6014/486/890 6043/485/863 6042/505/863
f 6042/505/863 6043/485/863 6047/506/920
f 6043/485/863 6048/310/920 6047/506/920
f 6046/506/7 6049/310/7 6050/505/822
f 6049/310/7 6028/485/822 6050/505/822
f 6028/485/822 6029/484/823 6050/505/822
f 6051/505/1099 6030/484/1089 6052/493/1100
f 6030/484/1089 6031/475/1090 6052/493/1100
f 6031/475/1090 6032/494/1091 6052/493/1100
f 6052/493/1100 6032/494/1091 6053/508/1101
f 6032/494/1091 6033/504/1092 6053/508/1101
f 6033/504/1092 6036/509/1093 6053/508/1101
f 6053/508/1101 6036/509/1093 6054/511/1102
f 6037/509/1094 6038/504/1095 6055/511/1102
f 6038/504/1095 6039/508/1096 6055/511/1102
f 6055/511/1102 6039/508/1096 6056/510/1103
f 6039/508/1096 6040/507/1097 6056/510/1103
f 6040/507/1097 6041/505/1098 6056/510/1103
f 6041/505/1098 6044/506/1104 6056/510/1103
f 6057/510/1103 6045/506/1104 6058/507/1105
f 6045/506/1104 6051/505/1099 6058/507/1105
f 6051/505/1099 6052/493/1100 6058/507/1105
f 6052/493/1100 6053/508/1101 6058/507/1105
f 6053/508/1101 6054/511/1102 6058/507/1105
f 6057/510/1103 6058/507/1105 6054/511/1102
s 0
f 6061/512/15 6066/513/15 6070/514/15
f 6070/514/15 6066/513/15 6071/515/15
s 1
f 6063/513/333 6078/516/333 6074/515/333
f 6074/515/333 6078/516/333 6079/517/333
s 0
f 6085/518/15 6082/517/15 6090/519/15
f 6082/517/15 6075/516/15 6090/519/15
f 6094/518/15 6089/519/15 6095/517/15
f 6089/519/15 6076/516/15 6095/517/15
s 1
f 6098/517/333 6077/516/543 6099/515/333
f 6077/516/543 6064/513/543 6099/515/333
s 0
f 6102/515/15 6065/513/15 6104/514/15
f 6065/513/15 6062/512/15 6104/514/15
f 6107/520/3 6108/521/3 6111/522/3
f 6108/521/3 6106/514/3 6111/522/3
f 6103/514/7 6059/512/7 6110/522/7
f 6110/522/7 6059/512/7 6113/523/7
f 6112/523/7 6060/512/7 6115/522/7
f 6060/512/7 6067/514/7 6115/522/7
f 6116/520/6 6114/522/6 6118/521/6
f 6114/522/6 6068/514/6 6118/521/6
f 6117/521/15 6069/514/15 6120/524/15
f 6069/514/15 6072/515/15 6120/524/15
s 1
f 6119/524/1149 6073/515/1149 6122/525/1149
f 6073/515/1149 6080/517/1149 6122/525/1149
s 0
f 6121/525/15 6081/517/15 6124/526/15
f 6081/517/15 6086/518/15 6124/526/15
f 6125/527/3 6123/526/3 6127/528/3
f 6123/526/3 6083/518/3 6127/528/3
f 6126/528/1 6084/518/1 6129/529/1
f 6084/518/1 6087/519/1 6129/529/1
f 6088/519/1 6091/518/1 6128/529/1
f 6128/529/1 6091/518/1 6131/528/1
f 6132/527/6 6130/528/6 6134/526/6
f 6130/528/6 6092/518/6 6134/526/6
f 6093/518/15 6096/517/15 6133/526/15
f 6133/526/15 6096/517/15 6136/525/15
s 1
f 6097/517/1150 6100/515/1150 6135/525/1150
f 6135/525/1150 6100/515/1150 6138/524/1150
s 0
f 6101/515/15 6105/514/15 6137/524/15
f 6105/514/15 6109/521/15 6137/524/15
f 6141/512/15 6146/513/15 6150/514/15
f 6150/514/15 6146/513/15 6151/515/15
s 1
f 6143/513/543 6158/516/333 6154/515/333
f 6154/515/333 6158/516/333 6159/517/333
s 0
f 6165/518/15 6162/517/15 6170/519/15
f 6162/517/15 6155/516/15 6170/519/15
f 6174/518/15 6169/519/15 6175/517/15
f 6169/519/15 6156/516/15 6175/517/15
s 1
f 6178/517/333 6157/516/543 6179/515/333
f 6157/516/543 6144/513/543 6179/515/333
s 0
f 6182/515/15 6145/513/15 6184/514/15
f 6145/513/15 6142/512/15 6184/514/15
f 6187/520/3 6188/521/3 6191/522/3
f 6188/521/3 6186/514/3 6191/522/3
f 6183/514/7 6139/512/7 6190/522/7
f 6190/522/7 6139/512/7 6193/523/7
f 6192/523/7 6140/512/7 6195/522/7
f 6140/512/7 6147/514/7 6195/522/7
f 6196/520/6 6194/522/6 6198/521/6
f 6194/522/6 6148/514/6 6198/521/6
f 6197/521/15 6149/514/15 6200/524/15
f 6149/514/15 6152/515/15 6200/524/15
s 1
f 6199/524/1149 6153/515/1151 6202/525/1149
f 6153/515/1151 6160/517/1149 6202/525/1149
s 0
f 6201/525/15 6161/517/15 6204/526/15
f 6161/517/15 6166/518/15 6204/526/15
f 6205/527/3 6203/526/3 6207/528/3
f 6203/526/3 6163/518/3 6207/528/3
f 6206/528/1 6164/518/1 6209/529/1
f 6164/518/1 6167/519/1 6209/529/1
f 6168/519/1 6171/518/1 6208/529/1
f 6208/529/1 6171/518/1 6211/528/1
f 6212/527/6 6210/528/6 6214/526/6
f 6210/528/6 6172/518/6 6214/526/6
f 6173/518/15 6176/517/15 6213/526/15
f 6213/526/15 6176/517/15 6216/525/15
s 1
f 6177/517/1150 6180/515/1150 6215/525/1150
f 6215/525/1150 6180/515/1150 6218/524/1150
s 0
f 6181/515/15 6185/514/15 6217/524/15
f 6185/514/15 6189/521/15 6217/524/15
f 6221/512/15 6226/513/15 6230/514/15
f 6230/514/15 6226/513/15 6231/515/15
s 1
f 6223/513/543 6238/516/333 6234/515/543
f 6234/515/543 6238/516/333 6239/517/543
s 0
f 6245/518/15 6242/517/15 6250/519/15
f 6242/517/15 6235/516/15 6250/519/15
f 6254/518/15 6249/519/15 6255/517/15
f 6249/519/15 6236/516/15 6255/517/15
s 1
f 6258/517/543 6237/516/333 6259/515/333
f 6237/516/333 6224/513/333 6259/515/333
s 0
f 6262/515/15 6225/513/15 6264/514/15
f 6225/513/15 6222/512/15 6264/514/15
f 6267/520/3 6268/521/3 6271/522/3
f 6268/521/3 6266/514/3 6271/522/3
f 6263/514/7 6219/512/7 6270/522/7
f 6270/522/7 6219/512/7 6273/523/7
f 6272/523/7 6220/512/7 6275/522/7
f 6220/512/7 6227/514/7 6275/522/7
f 6276/520/6 6274/522/6 6278/521/6
f 6274/522/6 6228/514/6 6278/521/6
f 6277/521/15 6229/514/15 6280/524/15
f 6229/514/15 6232/515/15 6280/524/15
s 1
f 6279/524/1149 6233/515/1151 6282/525/1149
f 6233/515/1151 6240/517/1149 6282/525/1149
s 0
f 6281/525/15 6241/517/15 6284/526/15
f 6241/517/15 6246/518/15 6284/526/15
f 6285/527/3 6283/526/3 6287/528/3
f 6283/526/3 6243/518/3 6287/528/3
f 6286/528/1 6244/518/1 6289/529/1
f 6244/518/1 6247/519/1 6289/529/1
f 6248/519/1 6251/518/1 6288/529/1
f 6288/529/1 6251/518/1 6291/528/1
f 6292/527/6 6290/528/6 6294/526/6
f 6290/528/6 6252/518/6 6294/526/6
f 6253/518/15 6256/517/15 6293/526/15
f 6293/526/15 6256/517/15 6296/525/15
s 1
f 6257/517/1150 6260/515/1150 6295/525/1150
f 6295/525/1150 6260/515/1150 6298/524/1150
s 0
f 6261/515/15 6265/514/15 6297/524/15
f 6265/514/15 6269/521/15 6297/524/15
f 6301/512/15 6306/513/15 6310/514/15
f 6310/514/15 6306/513/15 6311/515/15
s 1
f 6303/513/333 6318/516/333 6314/515/543
f 6314/515/543 6318/516/333 6319/517/333
s 0
f 6325/518/15 6322/517/15 6330/519/15
f 6322/517/15 6315/516/15 6330/519/15
f 6334/518/15 6329/519/15 6335/517/15
f 6329/519/15 6316/516/15 6335/517/15
s 1
f 6338/517/333 6317/516/333 6339/515/543
f 6317/516/333 6304/513/333 6339/515/543
s 0
f 6342/515/15 6305/513/15 6344/514/15
f 6305/513/15 6302/512/15 6344/514/15
f 6347/520/3 6348/521/3 6351/522/3
f 6348/521/3 6346/514/3 6351/522/3
f 6343/514/7 6299/512/7 6350/522/7
f 6350/522/7 6299/512/7 6353/523/7
f 6352/523/7 6300/512/7 6355/522/7
f 6300/512/7 6307/514/7 6355/522/7
f 6356/520/6 6354/522/6 6358/521/6
f 6354/522/6 6308/514/6 6358/521/6
f 6357/521/15 6309/514/15 6360/524/15
f 6309/514/15 6312/515/15 6360/524/15
s 1
f 6359/524/1149 6313/515/1149 6362/525/1149
f 6313/515/1149 6320/517/1149 6362/525/1149
s 0
f 6361/525/15 6321/517/15 6364/526/15
f 6321/517/15 6326/518/15 6364/526/15
f 6365/527/3 6363/526/3 6367/528/3
f 6363/526/3 6323/518/3 6367/528/3
f 6366/528/1 6324/518/1 6369/529/1
f 6324/518/1 6327/519/1 6369/529/1
f 6328/519/1 6331/518/1 6368/529/1
f 6368/529/1 6331/518/1 6371/528/1
f 6372/527/6 6370/528/6 6374/526/6
f 6370/528/6 6332/518/6 6374/526/6
f 6333/518/15 6336/517/15 6373/526/15
f 6373/526/15 6336/517/15 6376/525/15
s 1
f 6337/517/1150 6340/515/1150 6375/525/1150
f 6375/525/1150 6340/515/1150 6378/524/1150
s 0
f 6341/515/15 6345/514/15 6377/524/15
f 6345/514/15 6349/521/15 6377/524/15
f 6381/512/15 6386/513/15 6390/514/15
f 6390/514/15 6386/513/15 6391/515/15
s 1
f 6383/513/333 6398/516/333 6394/515/333
f 6394/515/333 6398/516/333 6399/517/333
s 0
f 6405/518/15 6402/517/15 6410/519/15
f 6402/517/15 6395/516/15 6410/519/15
f 6414/518/15 6409/519/15 6415/517/15
f 6409/519/15 6396/516/15 6415/517/15
s 1
f 6418/517/333 6397/516/333 6419/515/333
f 6397/516/333 6384/513/543 6419/515/333
s 0
f 6422/515/15 6385/513/15 6424/514/15
f 6385/513/15 6382/512/15 6424/514/15
f 6427/520/3 6428/521/3 6431/522/3
f 6428/521/3 6426/514/3 6431/522/3
f 6423/514/7 6379/512/7 6430/522/7
f 6430/522/7 6379/512/7 6433/523/7
f 6432/523/7 6380/512/7 6435/522/7
f 6380/512/7 6387/514/7 6435/522/7
f 6436/520/6 6434/522/6 6438/521/6
f 6434/522/6 6388/514/6 6438/521/6
f 6437/521/15 6389/514/15 6440/524/15
f 6389/514/15 6392/515/15 6440/524/15
s 1
f 6439/524/1149 6393/515/1149 6442/525/1149
f 6393/515/1149 6400/517/1149 6442/525/1149
s 0
f 6441/525/15 6401/517/15 6444/526/15
f 6401/517/15 6406/518/15 6444/526/15
f 6445/527/3 6443/526/3 6447/528/3
f 6443/526/3 6403/518/3 6447/528/3
f 6446/528/1 6404/518/1 6449/529/1
f 6404/518/1 6407/519/1 6449/529/1
f 6408/519/1 6411/518/1 6448/529/1
f 6448/529/1 6411/518/1 6451/528/1
f 6452/527/6 6450/528/6 6454/526/6
f 6450/528/6 6412/518/6 6454/526/6
f 6413/518/15 6416/517/15 6453/526/15
f 6453/526/15 6416/517/15 6456/525/15
s 1
f 6417/517/1150 6420/515/1150 6455/525/1150
f 6455/525/1150 6420/515/1150 6458/524/1150
s 0
f 6421/515/15 6425/514/15 6457/524/15
f 6425/514/15 6429/521/15 6457/524/15
f 6462/514/6 6466/513/6 6467/515/6
s 1
f 6463/513/1152 6474/516/1152 6470/515/1152
f 6470/515/1152 6474/516/1152 6475/517/1152
s 0
f 6481/518/6 6478/517/6 6486/519/6
f 6478/517/6 6471/516/6 6486/519/6
f 6490/518/6 6485/519/6 6491/517/6
f 6485/519/6 6472/516/6 6491/517/6
s 1
f 6494/517/1152 6473/516/1152 6495/515/1152
f 6473/516/1152 6464/513/1152 6495/515/1152
s 0
f 6498/515/6 6465/513/6 6501/514/6
f 6501/514/6 6465/513/6 6504/512/6
f 6466/513/6 6462/514/6 6503/512/6
f 6506/512/7 6459/514/7 6508/522/7
f 6509/520/12 6507/522/12 6511/521/12
f 6507/522/12 6460/514/12 6511/521/12
f 6510/521/6 6461/514/6 6513/524/6
f 6461/514/6 6468/515/6 6513/524/6
s 1
f 6512/524/1153 6469/515/1153 6515/525/1153
f 6469/515/1153 6476/517/1153 6515/525/1153
s 0
f 6514/525/6 6477/517/6 6517/526/6
f 6477/517/6 6482/518/6 6517/526/6
f 6518/527/15 6516/526/15 6520/528/15
f 6516/526/15 6479/518/15 6520/528/15
f 6519/528/1 6480/518/1 6522/529/1
f 6480/518/1 6483/519/1 6522/529/1
f 6484/519/1 6487/518/1 6521/529/1
f 6521/529/1 6487/518/1 6524/528/1
f 6525/527/12 6523/528/12 6527/526/12
f 6523/528/12 6488/518/12 6527/526/12
f 6489/518/6 6492/517/6 6526/526/6
f 6526/526/6 6492/517/6 6529/525/6
s 1
f 6493/517/1154 6496/515/1154 6528/525/1154
f 6528/525/1154 6496/515/1154 6531/524/1154
s 0
f 6497/515/6 6502/514/6 6530/524/6
f 6530/524/6 6502/514/6 6533/521/6
f 6534/520/15 6532/521/15 6536/522/15
f 6532/521/15 6499/514/15 6536/522/15
f 6500/514/7 6505/512/7 6535/522/7
f 6535/522/7 6505/512/7 6538/523/7
f 6506/512/7 6508/522/7 6537/523/7
f 6542/514/12 6546/513/12 6547/515/12
s 1
f 6543/513/262 6554/516/262 6550/515/262
f 6550/515/262 6554/516/262 6555/517/262
s 0
f 6561/518/12 6558/517/12 6566/519/12
f 6558/517/12 6551/516/12 6566/519/12
f 6570/518/12 6565/519/12 6571/517/12
f 6565/519/12 6552/516/12 6571/517/12
s 1
f 6574/517/262 6553/516/262 6575/515/262
f 6553/516/262 6544/513/262 6575/515/262
s 0
f 6578/515/12 6545/513/12 6581/514/12
f 6581/514/12 6545/513/12 6584/512/12
f 6546/513/12 6542/514/12 6583/512/12
f 6586/512/7 6539/514/7 6588/522/7
f 6589/520/3 6587/522/3 6591/521/3
f 6587/522/3 6540/514/3 6591/521/3
f 6590/521/12 6541/514/12 6593/524/12
f 6541/514/12 6548/515/12 6593/524/12
s 1
f 6592/524/1155 6549/515/1155 6595/525/1155
f 6549/515/1155 6556/517/1155 6595/525/1155
s 0
f 6594/525/12 6557/517/12 6597/526/12
f 6557/517/12 6562/518/12 6597/526/12
f 6598/527/6 6596/526/6 6600/528/6
f 6596/526/6 6559/518/6 6600/528/6
f 6599/528/1 6560/518/1 6602/529/1
f 6560/518/1 6563/519/1 6602/529/1
f 6564/519/1 6567/518/1 6601/529/1
f 6601/529/1 6567/518/1 6604/528/1
f 6605/527/3 6603/528/3 6607/526/3
f 6603/528/3 6568/518/3 6607/526/3
f 6569/518/12 6572/517/12 6606/526/12
f 6606/526/12 6572/517/12 6609/525/12
s 1
f 6573/517/1156 6576/515/1156 6608/525/1156
f 6608/525/1156 6576/515/1156 6611/524/1156
s 0
f 6577/515/12 6582/514/12 6610/524/12
f 6610/524/12 6582/514/12 6613/521/12
f 6614/520/6 6612/521/6 6616/522/6
f 6612/521/6 6579/514/6 6616/522/6
f 6580/514/7 6585/512/7 6615/522/7
f 6615/522/7 6585/512/7 6618/523/7
f 6586/512/7 6588/522/7 6617/523/7
f 6622/514/12 6626/513/12 6627/515/12
s 1
f 6623/513/262 6634/516/262 6630/515/262
f 6630/515/262 6634/516/262 6635/517/262
s 0
f 6641/518/12 6638/517/12 6646/519/12
f 6638/517/12 6631/516/12 6646/519/12
f 6650/518/12 6645/519/12 6651/517/12
f 6645/519/12 6632/516/12 6651/517/12
s 1
f 6654/517/262 6633/516/262 6655/515/262
f 6633/516/262 6624/513/585 6655/515/262
s 0
f 6658/515/12 6625/513/12 6661/514/12
f 6661/514/12 6625/513/12 6664/512/12
f 6626/513/12 6622/514/12 6663/512/12
f 6666/512/7 6619/514/7 6668/522/7
f 6669/520/3 6667/522/3 6671/521/3
f 6667/522/3 6620/514/3 6671/521/3
f 6670/521/12 6621/514/12 6673/524/12
f 6621/514/12 6628/515/12 6673/524/12
s 1
f 6672/524/1155 6629/515/1155 6675/525/1155
f 6629/515/1155 6636/517/1155 6675/525/1155
s 0
f 6674/525/12 6637/517/12 6677/526/12
f 6637/517/12 6642/518/12 6677/526/12
f 6678/527/6 6676/526/6 6680/528/6
f 6676/526/6 6639/518/6 6680/528/6
f 6679/528/1 6640/518/1 6682/529/1
f 6640/518/1 6643/519/1 6682/529/1
f 6644/519/1 6647/518/1 6681/529/1
f 6681/529/1 6647/518/1 6684/528/1
f 6685/527/3 6683/528/3 6687/526/3
f 6683/528/3 6648/518/3 6687/526/3
f 6649/518/12 6652/517/12 6686/526/12
f 6686/526/12 6652/517/12 6689/525/12
s 1
f 6653/517/1156 6656/515/1157 6688/525/1156
f 6688/525/1156 6656/515/1157 6691/524/1156
s 0
f 6657/515/12 6662/514/12 6690/524/12
f 6690/524/12 6662/514/12 6693/521/12
f 6694/520/6 6692/521/6 6696/522/6
f 6692/521/6 6659/514/6 6696/522/6
f 6660/514/7 6665/512/7 6695/522/7
f 6695/522/7 6665/512/7 6698/523/7
f 6666/512/7 6668/522/7 6697/523/7
f 6702/514/12 6706/513/12 6707/515/12
s 1
f 6703/513/262 6714/516/262 6710/515/262
f 6710/515/262 6714/516/262 6715/517/262
s 0
f 6721/518/12 6718/517/12 6726/519/12
f 6718/517/12 6711/516/12 6726/519/12
f 6730/518/12 6725/519/12 6731/517/12
f 6725/519/12 6712/516/12 6731/517/12
s 1
f 6734/517/262 6713/516/262 6735/515/262
f 6713/516/262 6704/513/262 6735/515/262
s 0
f 6738/515/12 6705/513/12 6741/514/12
f 6741/514/12 6705/513/12 6744/512/12
f 6706/513/12 6702/514/12 6743/512/12
f 6746/512/7 6699/514/7 6748/522/7
f 6749/520/3 6747/522/3 6751/521/3
f 6747/522/3 6700/514/3 6751/521/3
f 6750/521/12 6701/514/12 6753/524/12
f 6701/514/12 6708/515/12 6753/524/12
s 1
f 6752/524/1155 6709/515/1155 6755/525/1155
f 6709/515/1155 6716/517/1155 6755/525/1155
s 0
f 6754/525/12 6717/517/12 6757/526/12
f 6717/517/12 6722/518/12 6757/526/12
f 6758/527/6 6756/526/6 6760/528/6
f 6756/526/6 6719/518/6 6760/528/6
f 6759/528/1 6720/518/1 6762/529/1
f 6720/518/1 6723/519/1 6762/529/1
f 6724/519/1 6727/518/1 6761/529/1
f 6761/529/1 6727/518/1 6764/528/1
f 6765/527/3 6763/528/3 6767/526/3
f 6763/528/3 6728/518/3 6767/526/3
f 6729/518/12 6732/517/12 6766/526/12
f 6766/526/12 6732/517/12 6769/525/12
s 1
f 6733/517/1156 6736/515/1156 6768/525/1156
f 6768/525/1156 6736/515/1156 6771/524/1156
s 0
f 6737/515/12 6742/514/12 6770/524/12
f 6770/524/12 6742/514/12 6773/521/12
f 6774/520/6 6772/521/6 6776/522/6
f 6772/521/6 6739/514/6 6776/522/6
f 6740/514/7 6745/512/7 6775/522/7
f 6775/522/7 6745/512/7 6778/523/7
f 6746/512/7 6748/522/7 6777/523/7
f 6782/514/12 6786/513/12 6787/515/12
s 1
f 6783/513/262 6794/516/262 6790/515/262
f 6790/515/262 6794/516/262 6795/517/262
s 0
f 6801/518/12 6798/517/12 6806/519/12
f 6798/517/12 6791/516/12 6806/519/12
f 6810/518/12 6805/519/12 6811/517/12
f 6805/519/12 6792/516/12 6811/517/12
s 1
f 6814/517/262 6793/516/262 6815/515/262
f 6793/516/262 6784/513/262 6815/515/262
s 0
f 6818/515/12 6785/513/12 6821/514/12
f 6821/514/12 6785/513/12 6824/512/12
f 6786/513/12 6782/514/12 6823/512/12
f 6826/512/7 6779/514/7 6828/522/7
f 6829/520/3 6827/522/3 6831/521/3
f 6827/522/3 6780/514/3 6831/521/3
f 6830/521/12 6781/514/12 6833/524/12
f 6781/514/12 6788/515/12 6833/524/12
s 1
f 6832/524/1155 6789/515/1155 6835/525/1155
f 6789/515/1155 6796/517/1155 6835/525/1155
s 0
f 6834/525/12 6797/517/12 6837/526/12
f 6797/517/12 6802/518/12 6837/526/12
f 6838/527/6 6836/526/6 6840/528/6
f 6836/526/6 6799/518/6 6840/528/6
f 6839/528/1 6800/518/1 6842/529/1
f 6800/518/1 6803/519/1 6842/529/1
f 6804/519/1 6807/518/1 6841/529/1
f 6841/529/1 6807/518/1 6844/528/1
f 6845/527/3 6843/528/3 6847/526/3
f 6843/528/3 6808/518/3 6847/526/3
f 6809/518/12 6812/517/12 6846/526/12
f 6846/526/12 6812/517/12 6849/525/12
s 1
f 6813/517/1156 6816/515/1156 6848/525/1156
f 6848/525/1156 6816/515/1156 6851/524/1156
s 0
f 6817/515/12 6822/514/12 6850/524/12
f 6850/524/12 6822/514/12 6853/521/12
f 6854/520/6 6852/521/6 6856/522/6
f 6852/521/6 6819/514/6 6856/522/6
f 6820/514/7 6825/512/7 6855/522/7
f 6855/522/7 6825/512/7 6858/523/7
f 6826/512/7 6828/522/7 6857/523/7
f 6862/514/12 6866/513/12 6867/515/12
s 1
f 6863/513/262 6874/516/262 6870/515/262
f 6870/515/262 6874/516/262 6875/517/262
s 0
f 6881/518/12 6878/517/12 6886/519/12
f 6878/517/12 6871/516/12 6886/519/12
f 6890/518/12 6885/519/12 6891/517/12
f 6885/519/12 6872/516/12 6891/517/12
s 1
f 6894/517/262 6873/516/262 6895/515/262
f 6873/516/262 6864/513/262 6895/515/262
s 0
f 6898/515/12 6865/513/12 6901/514/12
f 6901/514/12 6865/513/12 6904/512/12
f 6866/513/12 6862/514/12 6903/512/12
f 6906/512/7 6859/514/7 6908/522/7
f 6909/520/3 6907/522/3 6911/521/3
f 6907/522/3 6860/514/3 6911/521/3
f 6910/521/12 6861/514/12 6913/524/12
f 6861/514/12 6868/515/12 6913/524/12
s 1
f 6912/524/1155 6869/515/1155 6915/525/1155
f 6869/515/1155 6876/517/1155 6915/525/1155
s 0
f 6914/525/12 6877/517/12 6917/526/12
f 6877/517/12 6882/518/12 6917/526/12
f 6918/527/6 6916/526/6 6920/528/6
f 6916/526/6 6879/518/6 6920/528/6
f 6919/528/1 6880/518/1 6922/529/1
f 6880/518/1 6883/519/1 6922/529/1
f 6884/519/1 6887/518/1 6921/529/1
f 6921/529/1 6887/518/1 6924/528/1
f 6925/527/3 6923/528/3 6927/526/3
f 6923/528/3 6888/518/3 6927/526/3
f 6889/518/12 6892/517/12 6926/526/12
f 6926/526/12 6892/517/12 6929/525/12
s 1
f 6893/517/1156 6896/515/1156 6928/525/1156
f 6928/525/1156 6896/515/1156 6931/524/1156
s 0
f 6897/515/12 6902/514/12 6930/524/12
f 6930/524/12 6902/514/12 6933/521/12
f 6934/520/6 6932/521/6 6936/522/6
f 6932/521/6 6899/514/6 6936/522/6
f 6900/514/7 6905/512/7 6935/522/7
f 6935/522/7 6905/512/7 6938/523/7
f 6906/512/7 6908/522/7 6937/523/7
f 6941/1/1 6946/2/1 6950/3/1
f 6946/2/1 6953/4/1 6950/3/1
f 6949/3/1 6954/4/1 6955/5/1
s 1
f 6962/6/2 6957/5/2 6966/7/2
f 6965/7/2 6958/5/2 6970/8/2
f 6958/5/2 6951/4/2 6970/8/2
f 6969/8/2 6952/4/2 6972/9/2
f 6952/4/2 6943/2/2 6972/9/2
s 0
f 6975/10/3 6974/9/3 6982/11/3
f 6982/11/3 6974/9/3 6983/8/3
s 1
f 6986/8/4 6971/9/4 6987/4/4
f 6971/9/4 6944/2/4 6987/4/4
s 0
f 6990/4/1 6945/2/1 6991/3/1
f 6945/2/1 6942/1/1 6991/3/1
s 1
f 6994/3/5 6939/1/5 6995/12/5
f 6939/1/5 7002/13/5 6995/12/5
s 0
f 6998/14/6 6999/15/6 7003/16/6
f 6999/15/6 7010/17/6 7003/16/6
f 7007/17/7 7014/18/7 7006/16/7
f 7006/16/7 7014/18/7 7015/19/7
s 1
f 7011/18/8 6978/10/8 7018/19/8
f 6978/10/8 6979/11/8 7018/19/8
f 7017/19/8 6980/11/8 7022/20/8
f 7022/20/8 6980/11/8 7023/21/8
s 0
f 7026/21/3 6981/11/3 7027/22/3
f 6981/11/3 6984/8/3 7027/22/3
s 1
f 7030/22/4 6985/8/4 7031/23/4
f 6985/8/4 6988/4/4 7031/23/4
s 0
f 6989/4/1 6992/3/1 7034/23/1
f 7034/23/1 6992/3/1 7035/24/1
s 1
f 6993/3/10 6996/12/10 7038/24/5
f 7038/24/5 6996/12/10 7039/25/5
s 0
f 6997/14/6 7004/16/6 7042/26/6
f 7042/26/6 7004/16/6 7043/27/6
f 7005/16/7 7016/19/7 7046/27/7
f 7016/19/7 7019/20/7 7046/27/7
f 7045/27/7 7020/20/7 7047/19/7
s 1
f 7050/19/9 7021/20/9 7051/11/8
f 7021/20/9 7024/21/8 7051/11/8
s 0
f 7025/21/3 7028/22/3 7054/11/3
f 7054/11/3 7028/22/3 7055/8/3
s 1
f 7029/22/4 7032/23/4 7058/8/4
f 7058/8/4 7032/23/4 7059/4/4
s 0
f 7062/4/1 7033/23/1 7063/3/1
f 7033/23/1 7036/24/1 7063/3/1
s 1
f 7066/3/10 7037/24/5 7067/12/10
f 7037/24/5 7040/25/5 7067/12/10
s 0
f 7070/14/6 7041/26/6 7071/16/6
f 7041/26/6 7044/27/6 7071/16/6
f 7045/27/7 7047/19/7 7074/16/7
f 7078/17/7 7073/16/7 7079/18/7
f 7073/16/7 7048/19/7 7079/18/7
s 1
f 7082/18/8 7049/19/8 7083/10/8
f 7049/19/8 7052/11/8 7083/10/8
s 0
f 7086/10/3 7053/11/3 7087/9/3
f 7053/11/3 7056/8/3 7087/9/3
s 1
f 7057/8/4 7060/4/4 7090/9/4
f 7090/9/4 7060/4/4 7091/2/4
s 0
f 7061/4/1 7064/3/1 7094/2/1
f 7094/2/1 7064/3/1 7095/1/1
s 1
f 7065/3/10 7068/12/10 7098/1/1158
f 7098/1/1158 7068/12/10 7100/13/1158
s 0
f 7069/14/6 7072/16/6 7099/15/6
f 7072/16/6 7075/17/6 7099/15/6
f 7102/15/12 7076/17/12 7103/16/12
f 7077/17/7 7080/18/7 7106/16/7
f 7106/16/7 7080/18/7 7107/19/7
s 1
f 7081/18/14 7084/10/14 7110/19/17
f 7110/19/17 7084/10/14 7111/11/14
s 0
f 7085/10/15 7088/9/15 7114/11/15
f 7114/11/15 7088/9/15 7115/8/15
s 1
f 7118/8/16 7089/9/16 7119/4/16
f 7089/9/16 7092/2/16 7119/4/16
s 0
f 7122/4/1 7093/2/1 7123/3/1
f 7093/2/1 7096/1/1 7123/3/1
s 1
f 7126/3/2 7097/1/2 7127/12/2
f 7097/1/2 7101/13/2 7127/12/2
s 0
f 7102/15/12 7103/16/12 7130/14/12
f 7129/14/12 7104/16/12 7134/28/12
f 7134/28/12 7104/16/12 7135/29/12
f 7105/16/7 7108/19/7 7138/29/7
f 7138/29/7 7108/19/7 7139/30/7
s 1
f 7109/19/14 7112/11/13 7142/30/13
f 7142/30/13 7112/11/13 7143/31/14
s 0
f 7146/31/15 7113/11/15 7147/7/15
f 7113/11/15 7116/8/15 7147/7/15
s 1
f 7150/7/16 7117/8/16 7151/5/16
f 7117/8/16 7120/4/16 7151/5/16
s 0
f 7121/4/1 7124/3/1 7154/5/1
f 7154/5/1 7124/3/1 7155/32/1
s 1
f 7125/3/2 7128/12/2 7158/32/2
f 7128/12/2 7131/33/2 7158/32/2
f 7157/32/2 7132/33/2 7159/34/2
s 0
f 7162/35/12 7133/28/12 7163/36/12
f 7133/28/12 7136/29/12 7163/36/12
f 7166/36/7 7137/29/7 7167/37/7
f 7137/29/7 7140/30/7 7167/37/7
s 1
f 7170/37/14 7141/30/13 7171/38/14
f 7141/30/13 7144/31/14 7171/38/14
s 0
f 7174/38/15 7145/31/15 7175/39/15
f 7145/31/15 7148/7/15 7175/39/15
s 1
f 7178/39/16 7149/7/16 7179/6/16
f 7149/7/16 7152/5/16 7179/6/16
s 0
f 7182/6/1 7153/5/1 7183/40/1
f 7153/5/1 7156/32/1 7183/40/1
s 1
f 7157/32/2 7159/34/2 7186/40/2
f 7185/40/2 7160/34/2 7190/32/2
f 7190/32/2 7160/34/2 7191/33/2
s 0
f 7161/35/12 7164/36/12 7194/28/12
f 7194/28/12 7164/36/12 7195/29/12
f 7165/36/7 7168/37/7 7198/29/7
f 7198/29/7 7168/37/7 7199/30/7
s 1
f 7169/37/14 7172/38/14 7202/30/14
f 7202/30/14 7172/38/14 7203/31/14
s 0
f 7173/38/15 7176/39/15 7206/31/15
f 7206/31/15 7176/39/15 7207/7/15
s 1
f 7177/39/16 7180/6/16 7210/7/16
f 7210/7/16 7180/6/16 7211/5/16
s 0
f 7181/6/1 7184/40/1 7214/5/1
f 7184/40/1 7187/32/1 7214/5/1
f 7213/5/1 7188/32/1 7215/3/1
s 1
f 7218/3/2 7189/32/2 7219/12/2
f 7189/32/2 7192/33/2 7219/12/2
s 0
f 7222/14/12 7193/28/12 7223/16/12
f 7193/28/12 7196/29/12 7223/16/12
f 7226/16/7 7197/29/7 7227/19/7
f 7197/29/7 7200/30/7 7227/19/7
s 1
f 7230/19/13 7201/30/14 7231/11/14
f 7201/30/14 7204/31/14 7231/11/14
s 0
f 7205/31/15 7208/7/15 7234/11/15
f 7234/11/15 7208/7/15 7235/8/15
s 1
f 7209/7/16 7212/5/16 7238/8/16
f 7238/8/16 7212/5/16 7239/4/16
s 0
f 7213/5/1 7215/3/1 7242/4/1
f 7241/4/1 7216/3/1 7246/2/1
f 7246/2/1 7216/3/1 7247/1/1
s 1
f 7217/3/2 7220/12/2 7250/1/2
f 7250/1/2 7220/12/2 7251/13/2
s 0
f 7221/14/12 7224/16/12 7254/15/12
f 7254/15/12 7224/16/12 7255/17/12
f 7258/17/7 7225/16/7 7259/18/7
f 7225/16/7 7228/19/7 7259/18/7
s 1
f 7262/18/14 7229/19/14 7263/10/14
f 7229/19/14 7232/11/14 7263/10/14
s 0
f 7266/10/15 7233/11/15 7268/9/15
f 7233/11/15 7236/8/15 7268/9/15
s 1
f 7237/8/16 7240/4/16 7267/9/16
f 7240/4/16 7243/2/16 7267/9/16
f 7270/9/5 7244/2/5 7271/4/5
s 0
f 7274/4/1 7245/2/1 7275/3/1
f 7245/2/1 7248/1/1 7275/3/1
s 1
f 7278/3/4 7249/1/1159 7279/12/4
f 7249/1/1159 7252/13/1159 7279/12/4
s 0
f 7282/14/3 7253/15/3 7283/16/3
f 7253/15/3 7256/17/3 7283/16/3
f 7257/17/7 7260/18/7 7286/16/7
f 7286/16/7 7260/18/7 7287/19/7
s 1
f 7261/18/18 7264/10/18 7290/19/18
f 7290/19/18 7264/10/18 7291/11/18
s 0
f 7265/10/6 7269/9/6 7294/11/6
f 7294/11/6 7269/9/6 7295/8/6
s 1
f 7270/9/5 7271/4/5 7298/8/5
f 7297/8/10 7272/4/10 7299/23/5
s 0
f 7273/4/1 7276/3/1 7302/23/1
f 7305/3/1 7301/23/1 7308/24/1
f 7302/23/1 7276/3/1 7307/24/1
s 1
f 7277/3/4 7280/12/4 7310/24/4
f 7310/24/4 7280/12/4 7311/25/4
s 0
f 7281/14/3 7284/16/3 7314/26/3
f 7314/26/3 7284/16/3 7315/27/3
f 7285/16/7 7288/19/7 7318/27/7
f 7318/27/7 7288/19/7 7319/20/7
s 1
f 7289/19/20 7292/11/18 7322/20/18
f 7322/20/18 7292/11/18 7323/21/18
s 0
f 7326/21/6 7293/11/6 7327/22/6
f 7293/11/6 7296/8/6 7327/22/6
s 1
f 7297/8/10 7299/23/5 7330/22/5
f 7329/22/5 7300/23/5 7334/8/10
f 7334/8/10 7300/23/5 7335/4/10
s 0
f 7301/23/1 7305/3/1 7338/4/1
f 7337/4/1 7306/3/1 7342/2/1
f 7346/5/1 7349/4/1 7354/3/1
f 7350/4/1 7341/2/1 7353/3/1
f 7353/3/1 7341/2/1 7356/1/1
f 7342/2/1 7306/3/1 7355/1/1
s 1
f 7358/1/4 7303/3/4 7360/12/4
f 7304/3/4 7309/24/4 7359/12/4
f 7309/24/4 7312/25/4 7359/12/4
s 0
f 7362/14/3 7313/26/3 7363/16/3
f 7313/26/3 7316/27/3 7363/16/3
f 7366/16/7 7317/27/7 7367/19/7
f 7317/27/7 7320/20/7 7367/19/7
s 1
f 7370/19/18 7321/20/18 7371/11/18
f 7321/20/18 7324/21/18 7371/11/18
s 0
f 7325/21/6 7328/22/6 7374/11/6
f 7328/22/6 7331/8/6 7374/11/6
f 7373/11/6 7332/8/6 7376/9/6
s 1
f 7333/8/5 7336/4/5 7375/9/5
f 7336/4/5 7339/2/5 7375/9/5
f 7340/2/2 7347/4/2 7378/9/2
f 7378/9/2 7347/4/2 7382/8/2
f 7348/4/2 7343/5/2 7381/8/2
f 7381/8/2 7343/5/2 7386/7/2
f 7344/5/2 6961/6/2 7385/7/2
f 7385/7/2 6961/6/2 7388/39/2
f 6962/6/2 6966/7/2 7387/39/2
s 0
f 7390/39/12 6963/7/12 7394/31/12
f 7393/31/12 6964/7/12 7396/11/12
f 6964/7/12 6967/8/12 7396/11/12
f 6968/8/12 6973/9/12 7395/11/12
f 6973/9/12 6976/10/12 7395/11/12
s 1
f 7398/11/21 6977/10/21 7399/19/21
f 6977/10/21 7012/18/21 7399/19/21
s 0
f 7402/19/7 7013/18/7 7403/16/7
f 7013/18/7 7008/17/7 7403/16/7
f 7009/17/15 7000/15/15 7406/16/15
f 7406/16/15 7000/15/15 7407/14/15
s 1
f 7001/13/16 6940/1/16 7410/12/16
f 6940/1/16 6947/3/23 7410/12/16
f 7409/12/16 6948/3/23 7411/32/16
s 0
f 6949/3/1 6955/5/1 7414/32/1
f 7413/32/1 6956/5/1 7418/40/1
f 6956/5/1 6959/6/1 7418/40/1
f 6960/6/1 7345/5/1 7417/40/1
f 7417/40/1 7345/5/1 7420/32/1
f 7346/5/1 7354/3/1 7419/32/1
s 1
f 7422/32/23 7351/3/23 7426/12/23
f 7352/3/16 7357/1/16 7425/12/16
f 7425/12/16 7357/1/16 7428/13/23
f 7358/1/4 7360/12/4 7427/13/4
s 0
f 7361/14/3 7364/16/3 7430/15/3
f 7430/15/3 7364/16/3 7431/17/3
f 7434/17/7 7365/16/7 7435/18/7
f 7365/16/7 7368/19/7 7435/18/7
s 1
f 7438/18/18 7369/19/18 7440/10/18
f 7369/19/18 7372/11/20 7440/10/18
s 0
f 7373/11/6 7376/9/6 7439/10/6
f 7442/10/12 7377/9/12 7446/11/12
f 7377/9/12 7379/8/12 7446/11/12
f 7380/8/12 7383/7/12 7445/11/12
f 7445/11/12 7383/7/12 7450/31/12
f 7384/7/12 7389/39/12 7449/31/12
f 7449/31/12 7389/39/12 7452/38/12
f 7390/39/12 7394/31/12 7451/38/12
s 1
f 7454/38/21 7391/31/21 7456/30/21
f 7392/31/21 7397/11/22 7455/30/21
f 7397/11/22 7400/19/22 7455/30/21
s 0
f 7458/30/7 7401/19/7 7459/29/7
f 7401/19/7 7404/16/7 7459/29/7
f 7462/29/15 7405/16/15 7463/28/15
f 7405/16/15 7408/14/15 7463/28/15
s 1
f 7409/12/16 7411/32/16 7466/33/23
f 7465/33/23 7412/32/23 7470/34/23
f 7412/32/23 7415/40/23 7470/34/23
f 7416/40/16 7421/32/16 7469/34/16
f 7469/34/16 7421/32/16 7472/33/16
f 7422/32/23 7426/12/23 7471/33/23
s 0
f 7474/28/15 7423/14/15 7476/16/15
f 7424/14/15 7429/15/15 7475/16/15
f 7429/15/15 7432/17/15 7475/16/15
f 7433/17/7 7436/18/7 7478/16/7
f 7478/16/7 7436/18/7 7479/19/7
s 1
f 7437/18/22 7441/10/21 7482/19/21
f 7441/10/21 7443/11/21 7482/19/21
f 7481/19/22 7444/11/21 7486/30/22
f 7444/11/21 7447/31/22 7486/30/22
f 7448/31/21 7453/38/21 7485/30/21
f 7485/30/21 7453/38/21 7488/37/21
f 7454/38/21 7456/30/21 7487/37/21
s 0
f 7457/30/7 7460/29/7 7490/37/7
f 7490/37/7 7460/29/7 7491/36/7
f 7461/29/15 7464/28/15 7494/36/15
f 7464/28/15 7467/35/15 7494/36/15
f 7468/35/15 7473/28/15 7493/36/15
f 7493/36/15 7473/28/15 7496/29/15
f 7474/28/15 7476/16/15 7495/29/15
f 7477/16/7 7480/19/7 7498/29/7
f 7480/19/7 7483/30/7 7498/29/7
f 7484/30/7 7489/37/7 7497/29/7
f 7492/36/7 7497/29/7 7489/37/7
f 7499/530/15 7502/531/15 7504/532/15
s 1
f 7503/533/1160 7501/534/1161 7506/535/1162
s 0
f 7508/536/12 7505/535/12 7509/537/12
s 1
f 7506/535/1162 7501/534/1161 7510/537/1161
s 0
f 7511/530/15 7514/531/15 7516/532/15
s 1
f 7515/533/1160 7513/534/1163 7518/535/1160
s 0
f 7520/536/12 7517/535/12 7521/537/12
s 1
f 7518/535/1160 7513/534/1163 7522/537/1163
s 0
f 7523/530/15 7526/531/15 7528/532/15
s 1
f 7527/533/1160 7525/534/1161 7530/535/1162
s 0
f 7532/536/12 7529/535/12 7533/537/12
s 1
f 7530/535/1162 7525/534/1161 7534/537/1161
s 0
f 7535/530/15 7538/531/15 7540/532/15
s 1
f 7539/533/1160 7537/534/1164 7542/535/1162
s 0
f 7544/536/12 7541/535/12 7545/537/12
s 1
f 7542/535/1162 7537/534/1164 7546/537/1163
s 0
f 7547/538/15 7548/539/15 7549/531/15
f 7548/539/15 7551/532/15 7549/531/15
s 1
f 7552/533/1165 7553/535/1165 7550/534/1166
f 7550/534/1166 7553/535/1165 7555/537/1167
s 0
f 7554/535/12 7557/536/12 7556/537/12
f 7556/537/12 7557/536/12 7559/540/12
s 1
f 7558/536/1168 7561/541/1169 7560/540/1170
f 7560/540/1170 7561/541/1169 7562/542/1171
f 7562/542/1171 7561/541/1169 7563/543/1172
f 7561/541/1169 7564/544/1173 7563/543/1172
f 7564/544/1173 7565/544/12 7563/543/1172
f 7565/544/12 7566/545/12 7563/543/1172
f 7566/545/12 7567/546/1174 7563/543/1172
f 7563/543/1172 7567/546/1174 7569/547/1175
f 7569/547/1175 7567/546/1174 7570/548/1176
f 7568/546/1177 7572/549/1177 7571/548/1178
f 7571/548/1178 7572/549/1177 7574/550/1178
s 0
f 7573/551/15 7547/538/15 7575/552/15
f 7547/538/15 7549/531/15 7575/552/15
f 7575/552/15 7549/531/15 7576/553/15
s 1
f 7550/534/1166 7555/537/1167 7577/554/1179
f 7577/554/1179 7555/537/1167 7578/555/1179
s 0
f 7556/537/12 7559/540/12 7579/555/12
f 7579/555/12 7559/540/12 7580/556/12
s 1
f 7560/540/1170 7562/542/1171 7581/556/1179
f 7581/556/1179 7562/542/1171 7582/557/1180
f 7562/542/1171 7563/543/1172 7582/557/1180
f 7563/543/1172 7569/547/1175 7582/557/1180
f 7582/557/1180 7569/547/1175 7583/558/1181
f 7583/558/1181 7569/547/1175 7584/559/1182
f 7569/547/1175 7570/548/1176 7584/559/1182
f 7584/559/1182 7570/548/1176 7585/560/12
f 7571/548/1178 7574/550/1178 7586/560/1183
f 7586/560/1183 7574/550/1178 7587/561/1183
s 0
f 7575/552/15 7576/553/15 7588/562/15
f 7588/562/15 7576/553/15 7589/563/15
s 1
f 7577/554/1179 7578/555/1179 7590/564/1184
f 7590/564/1184 7578/555/1179 7591/565/1184
s 0
f 7579/555/12 7580/556/12 7592/565/12
f 7592/565/12 7580/556/12 7593/566/12
s 1
f 7581/556/1179 7582/557/1180 7594/566/1185
f 7582/557/1180 7583/558/1181 7594/566/1185
f 7594/566/1185 7583/558/1181 7596/567/1186
f 7596/567/1186 7583/558/1181 7597/568/1187
f 7583/558/1181 7584/559/1182 7597/568/1187
f 7597/568/1187 7584/559/1182 7598/569/1188
f 7584/559/1182 7585/560/12 7598/569/1188
f 7598/569/1188 7585/560/12 7599/570/12
f 7586/560/1183 7587/561/1183 7600/570/1159
f 7600/570/1159 7587/561/1183 7601/571/1159
s 0
f 7588/562/15 7589/563/15 7602/572/15
f 7602/572/15 7589/563/15 7603/573/15
s 1
f 7590/564/1184 7591/565/1184 7604/574/20
f 7604/574/20 7591/565/1184 7605/575/20
s 0
f 7592/565/12 7593/566/12 7606/575/12
f 7593/566/12 7595/567/12 7606/575/12
f 7606/575/12 7595/567/12 7608/576/12
f 7608/576/12 7595/567/12 7609/577/12
s 1
f 7596/567/1186 7597/568/1187 7610/577/1189
f 7610/577/1189 7597/568/1187 7611/578/1190
f 7597/568/1187 7598/569/1188 7611/578/1190
f 7611/578/1190 7598/569/1188 7612/579/1191
f 7598/569/1188 7599/570/12 7612/579/1191
f 7612/579/1191 7599/570/12 7613/580/12
f 7600/570/1159 7601/571/1159 7614/580/1192
f 7614/580/1192 7601/571/1159 7615/581/1193
s 0
f 7602/572/15 7603/573/15 7616/582/15
f 7616/582/15 7603/573/15 7617/583/15
s 1
f 7604/574/20 7605/575/20 7618/584/1194
f 7605/575/20 7607/576/1194 7618/584/1194
f 7618/584/1194 7607/576/1194 7620/585/1195
f 7620/585/1195 7607/576/1194 7621/586/1195
s 0
f 7608/576/12 7609/577/12 7622/586/12
f 7622/586/12 7609/577/12 7623/587/12
s 1
f 7610/577/1189 7611/578/1190 7624/587/1196
f 7624/587/1196 7611/578/1190 7625/588/1197
f 7611/578/1190 7612/579/1191 7625/588/1197
f 7625/588/1197 7612/579/1191 7626/589/1198
f 7612/579/1191 7613/580/12 7626/589/1198
f 7626/589/1198 7613/580/12 7627/590/12
f 7614/580/1192 7615/581/1193 7628/590/1199
f 7628/590/1199 7615/581/1193 7629/591/1199
s 0
f 7616/582/15 7617/583/15 7630/592/15
f 7617/583/15 7619/593/15 7630/592/15
f 7634/594/15 7630/592/15 7635/595/15
f 7630/592/15 7619/593/15 7635/595/15
s 1
f 7620/585/1195 7621/586/1195 7638/596/920
f 7638/596/920 7621/586/1195 7639/597/7
s 0
f 7622/586/12 7623/587/12 7642/597/12
f 7642/597/12 7623/587/12 7643/598/12
s 1
f 7624/587/1196 7625/588/1197 7646/598/7
f 7646/598/7 7625/588/1197 7648/599/1200
f 7625/588/1197 7626/589/1198 7648/599/1200
f 7648/599/1200 7626/589/1198 7650/600/1201
f 7626/589/1198 7627/590/12 7650/600/1201
f 7650/600/1201 7627/590/12 7651/601/12
f 7628/590/1199 7629/591/1199 7654/601/1
f 7629/591/1199 7631/602/1 7654/601/1
f 7653/601/1 7632/602/1 7655/591/1202
s 0
f 7633/594/15 7636/595/15 7656/592/15
f 7658/583/15 7656/592/15 7659/593/15
f 7656/592/15 7636/595/15 7659/593/15
s 1
f 7660/585/1203 7637/596/1204 7661/586/1205
f 7637/596/1204 7640/597/1204 7661/586/1205
s 0
f 7662/586/12 7641/597/12 7663/587/12
f 7641/597/12 7644/598/12 7663/587/12
s 1
f 7664/587/1205 7645/598/1204 7665/588/1206
f 7645/598/1204 7647/599/1207 7665/588/1206
f 7665/588/1206 7647/599/1207 7666/589/1208
f 7647/599/1207 7649/600/1201 7666/589/1208
f 7666/589/1208 7649/600/1201 7667/590/12
f 7649/600/1201 7652/601/12 7667/590/12
f 7653/601/1 7655/591/1202 7668/590/1202
f 7668/590/1202 7655/591/1202 7669/581/1209
s 0
f 7656/592/15 7658/583/15 7670/582/15
f 7670/582/15 7658/583/15 7671/573/15
s 1
f 7674/565/1210 7672/574/9 7676/575/8
f 7672/574/9 7657/584/1211 7676/575/8
f 7676/575/8 7657/584/1211 7677/576/1211
f 7657/584/1211 7660/585/1203 7677/576/1211
f 7660/585/1203 7661/586/1205 7677/576/1211
s 0
f 7678/576/12 7662/586/12 7679/577/12
f 7662/586/12 7663/587/12 7679/577/12
s 1
f 7680/577/1211 7664/587/1205 7681/578/1212
f 7664/587/1205 7665/588/1206 7681/578/1212
f 7681/578/1212 7665/588/1206 7682/579/1213
f 7665/588/1206 7666/589/1208 7682/579/1213
f 7682/579/1213 7666/589/1208 7683/580/12
f 7666/589/1208 7667/590/12 7683/580/12
f 7668/590/1202 7669/581/1209 7684/580/1209
f 7684/580/1209 7669/581/1209 7685/571/1214
s 0
f 7670/582/15 7671/573/15 7686/572/15
f 7686/572/15 7671/573/15 7687/563/15
s 1
f 7672/574/9 7674/565/1210 7688/564/1210
f 7688/564/1210 7674/565/1210 7689/555/1215
f 7690/555/12 7673/565/12 7692/556/1216
f 7692/556/1216 7673/565/12 7695/566/12
s 0
f 7673/565/12 7675/575/12 7695/566/12
f 7695/566/12 7675/575/12 7696/567/12
f 7675/575/12 7678/576/12 7696/567/12
f 7678/576/12 7679/577/12 7696/567/12
s 1
f 7697/567/9 7680/577/1211 7698/568/1217
f 7680/577/1211 7681/578/1212 7698/568/1217
f 7698/568/1217 7681/578/1212 7699/569/1218
f 7681/578/1212 7682/579/1213 7699/569/1218
f 7699/569/1218 7682/579/1213 7700/570/12
f 7682/579/1213 7683/580/12 7700/570/12
f 7684/580/1209 7685/571/1214 7701/570/1214
f 7701/570/1214 7685/571/1214 7702/561/1219
s 0
f 7686/572/15 7687/563/15 7703/562/15
f 7703/562/15 7687/563/15 7705/553/15
s 1
f 7688/564/1210 7689/555/1215 7704/554/1215
f 7689/555/1215 7546/537/1163 7704/554/1215
f 7546/537/1163 7537/534/1164 7704/554/1215
s 0
f 7705/553/15 7538/531/15 7706/603/15
f 7538/531/15 7535/530/15 7706/603/15
f 7707/603/15 7536/530/15 7708/531/15
f 7536/530/15 7710/532/15 7708/531/15
s 1
f 7711/533/1168 7712/535/1165 7709/534/1166
f 7709/534/1166 7712/535/1165 7714/537/1220
s 0
f 7713/535/12 7543/536/12 7715/537/12
s 1
f 7715/537/12 7543/536/12 7717/540/1221
f 7544/536/12 7545/537/12 7716/540/1221
f 7545/537/12 7690/555/12 7716/540/1221
f 7690/555/12 7692/556/1216 7716/540/1221
f 7719/540/1221 7693/556/1216 7720/604/1222
f 7723/604/1204 7691/556/1223 7725/605/1224
f 7725/605/1224 7691/556/1223 7726/557/1225
f 7691/556/1223 7694/566/1226 7726/557/1225
f 7726/557/1225 7694/566/1226 7727/558/1227
f 7694/566/1226 7697/567/9 7727/558/1227
f 7697/567/9 7698/568/1217 7727/558/1227
f 7727/558/1227 7698/568/1217 7728/559/1228
f 7698/568/1217 7699/569/1218 7728/559/1228
f 7728/559/1228 7699/569/1218 7729/560/12
f 7699/569/1218 7700/570/12 7729/560/12
f 7701/570/1214 7702/561/1219 7730/560/1219
f 7730/560/1219 7702/561/1219 7731/606/1229
s 0
f 7734/607/15 7703/562/15 7735/608/15
f 7703/562/15 7705/553/15 7735/608/15
f 7705/553/15 7706/603/15 7735/608/15
f 7736/608/15 7707/603/15 7737/553/15
f 7707/603/15 7708/531/15 7737/553/15
s 1
f 7709/534/1166 7714/537/1220 7738/554/1179
f 7738/554/1179 7714/537/1220 7739/555/1179
f 7715/537/12 7717/540/1221 7740/555/12
f 7740/555/12 7717/540/1221 7742/556/1230
f 7718/540/1231 7721/604/1232 7741/556/1230
f 7722/604/7 7724/605/1233 7743/556/1234
f 7743/556/1234 7724/605/1233 7744/557/1235
f 7744/557/1235 7724/605/1233 7745/547/1236
f 7725/605/1224 7726/557/1225 7746/547/607
f 7726/557/1225 7727/558/1227 7746/547/607
f 7727/558/1227 7728/559/1228 7746/547/607
f 7746/547/607 7728/559/1228 7748/609/1237
f 7748/609/1237 7728/559/1228 7750/610/12
f 7728/559/1228 7729/560/12 7750/610/12
f 7730/560/1219 7731/606/1229 7749/610/1229
f 7752/610/1238 7732/606/1238 7754/560/1239
f 7754/560/1239 7732/606/1238 7755/561/1239
s 0
f 7733/607/15 7736/608/15 7756/562/15
f 7736/608/15 7737/553/15 7756/562/15
f 7756/562/15 7737/553/15 7757/563/15
s 1
f 7738/554/1179 7739/555/1179 7758/564/1184
f 7758/564/1184 7739/555/1179 7759/565/1184
f 7740/555/12 7742/556/1230 7760/565/12
f 7760/565/12 7742/556/1230 7761/566/12
f 7743/556/1234 7744/557/1235 7762/566/1240
f 7762/566/1240 7744/557/1235 7763/558/1241
f 7744/557/1235 7745/547/1236 7763/558/1241
f 7763/558/1241 7745/547/1236 7764/559/1242
f 7745/547/1236 7747/609/1243 7764/559/1242
f 7747/609/1243 7751/610/12 7764/559/1242
f 7751/610/12 7753/560/12 7764/559/1242
f 7764/559/1242 7753/560/12 7765/569/1188
f 7765/569/1188 7753/560/12 7766/570/12
f 7754/560/1239 7755/561/1239 7767/570/1159
f 7767/570/1159 7755/561/1239 7768/571/1159
s 0
f 7756/562/15 7757/563/15 7769/572/15
f 7769/572/15 7757/563/15 7770/573/15
s 1
f 7758/564/1184 7759/565/1184 7771/574/20
f 7771/574/20 7759/565/1184 7772/575/20
s 0
f 7760/565/12 7761/566/12 7773/575/12
f 7773/575/12 7761/566/12 7774/567/12
s 1
f 7762/566/1240 7763/558/1241 7775/567/1244
f 7775/567/1244 7763/558/1241 7776/568/1245
f 7763/558/1241 7764/559/1242 7776/568/1245
f 7764/559/1242 7765/569/1188 7776/568/1245
f 7776/568/1245 7765/569/1188 7777/578/1190
f 7777/578/1190 7765/569/1188 7778/579/1246
f 7765/569/1188 7766/570/12 7778/579/1246
f 7778/579/1246 7766/570/12 7779/580/12
f 7767/570/1159 7768/571/1159 7780/580/1193
f 7780/580/1193 7768/571/1159 7781/581/1193
s 0
f 7769/572/15 7770/573/15 7782/582/15
f 7782/582/15 7770/573/15 7783/583/15
s 1
f 7771/574/20 7772/575/20 7784/584/1247
f 7784/584/1247 7772/575/20 7785/576/1247
s 0
f 7773/575/12 7774/567/12 7786/576/12
f 7786/576/12 7774/567/12 7787/577/12
s 1
f 7775/567/1244 7776/568/1245 7788/577/1248
f 7776/568/1245 7777/578/1190 7788/577/1248
f 7788/577/1248 7777/578/1190 7790/587/1196
f 7790/587/1196 7777/578/1190 7791/588/1249
f 7777/578/1190 7778/579/1246 7791/588/1249
f 7791/588/1249 7778/579/1246 7792/589/1198
f 7778/579/1246 7779/580/12 7792/589/1198
f 7792/589/1198 7779/580/12 7793/590/12
f 7780/580/1193 7781/581/1193 7794/590/1250
f 7794/590/1250 7781/581/1193 7795/591/1250
s 0
f 7782/582/15 7783/583/15 7796/592/15
f 7796/592/15 7783/583/15 7797/593/15
s 1
f 7784/584/1247 7785/576/1247 7798/585/1195
f 7798/585/1195 7785/576/1247 7799/586/1196
s 0
f 7786/576/12 7787/577/12 7800/586/12
f 7787/577/12 7789/587/12 7800/586/12
f 7800/586/12 7789/587/12 7804/597/12
f 7804/597/12 7789/587/12 7805/598/12
s 1
f 7790/587/1196 7791/588/1249 7808/598/920
f 7808/598/920 7791/588/1249 7810/599/1251
f 7791/588/1249 7792/589/1198 7810/599/1251
f 7810/599/1251 7792/589/1198 7812/600/1201
f 7792/589/1198 7793/590/12 7812/600/1201
f 7812/600/1201 7793/590/12 7813/601/12
f 7794/590/1250 7795/591/1250 7816/601/1
f 7816/601/1 7795/591/1250 7817/602/1
s 0
f 7820/594/15 7796/592/15 7821/595/15
f 7796/592/15 7797/593/15 7821/595/15
s 1
f 7798/585/1195 7799/586/1196 7824/596/920
f 7799/586/1196 7801/597/920 7824/596/920
f 7826/585/1203 7823/596/1204 7827/586/1203
f 7823/596/1204 7802/597/1204 7827/586/1203
s 0
f 7828/586/12 7803/597/12 7829/587/12
f 7803/597/12 7806/598/12 7829/587/12
s 1
f 7830/587/1205 7807/598/7 7831/588/1252
f 7807/598/7 7809/599/1253 7831/588/1252
f 7831/588/1252 7809/599/1253 7832/589/1254
f 7809/599/1253 7811/600/1201 7832/589/1254
f 7832/589/1254 7811/600/1201 7833/590/12
f 7811/600/1201 7814/601/12 7833/590/12
f 7834/590/1255 7815/601/1 7835/591/1255
f 7815/601/1 7818/602/1 7835/591/1255
s 0
f 7819/594/15 7822/595/15 7836/592/15
f 7822/595/15 7825/593/15 7836/592/15
f 7836/592/15 7825/593/15 7837/583/15
s 1
f 7840/575/8 7838/584/1256 7841/576/1256
f 7838/584/1256 7826/585/1203 7841/576/1256
f 7826/585/1203 7827/586/1203 7841/576/1256
s 0
f 7842/576/12 7828/586/12 7843/577/12
f 7828/586/12 7829/587/12 7843/577/12
s 1
f 7844/577/1257 7830/587/1205 7845/578/1212
f 7830/587/1205 7831/588/1252 7845/578/1212
f 7845/578/1212 7831/588/1252 7846/579/1258
f 7831/588/1252 7832/589/1254 7846/579/1258
f 7846/579/1258 7832/589/1254 7847/580/12
f 7832/589/1254 7833/590/12 7847/580/12
f 7848/580/1259 7834/590/1255 7849/581/1209
f 7834/590/1255 7835/591/1255 7849/581/1209
s 0
f 7836/592/15 7837/583/15 7850/582/15
f 7850/582/15 7837/583/15 7851/573/15
s 1
f 7838/584/1256 7840/575/8 7852/574/8
f 7852/574/8 7840/575/8 7853/565/1260
s 0
f 7854/565/12 7839/575/12 7856/566/12
f 7856/566/12 7839/575/12 7857/567/12
f 7839/575/12 7842/576/12 7857/567/12
f 7842/576/12 7843/577/12 7857/567/12
s 1
f 7858/567/1261 7844/577/1257 7859/568/1217
f 7844/577/1257 7845/578/1212 7859/568/1217
f 7859/568/1217 7845/578/1212 7860/569/1218
f 7845/578/1212 7846/579/1258 7860/569/1218
f 7860/569/1218 7846/579/1258 7861/570/12
f 7846/579/1258 7847/580/12 7861/570/12
f 7862/570/1214 7848/580/1259 7863/571/1214
f 7848/580/1259 7849/581/1209 7863/571/1214
s 0
f 7850/582/15 7851/573/15 7864/572/15
f 7864/572/15 7851/573/15 7865/563/15
s 1
f 7852/574/8 7853/565/1260 7866/564/1260
f 7866/564/1260 7853/565/1260 7867/555/1215
s 0
f 7868/555/12 7854/565/12 7869/556/12
f 7854/565/12 7856/566/12 7869/556/12
s 1
f 7870/556/1262 7855/566/1263 7871/557/1264
f 7871/557/1264 7855/566/1263 7872/558/1265
f 7855/566/1263 7858/567/1261 7872/558/1265
f 7858/567/1261 7859/568/1217 7872/558/1265
f 7872/558/1265 7859/568/1217 7873/559/1266
f 7859/568/1217 7860/569/1218 7873/559/1266
f 7873/559/1266 7860/569/1218 7874/560/12
f 7860/569/1218 7861/570/12 7874/560/12
f 7875/560/1267 7862/570/1214 7876/561/1268
f 7862/570/1214 7863/571/1214 7876/561/1268
s 0
f 7864/572/15 7865/563/15 7877/562/15
f 7877/562/15 7865/563/15 7878/553/15
s 1
f 7866/564/1260 7867/555/1215 7879/554/1215
f 7879/554/1215 7867/555/1215 7880/537/1163
s 0
f 7881/537/12 7868/555/12 7882/540/12
f 7868/555/12 7869/556/12 7882/540/12
s 1
f 7883/540/1163 7870/556/1262 7884/542/1269
f 7870/556/1262 7871/557/1264 7884/542/1269
f 7884/542/1269 7871/557/1264 7885/543/1270
f 7885/543/1270 7871/557/1264 7886/547/1271
f 7871/557/1264 7872/558/1265 7886/547/1271
f 7872/558/1265 7873/559/1266 7886/547/1271
f 7886/547/1271 7873/559/1266 7887/548/1272
f 7873/559/1266 7874/560/12 7887/548/1272
f 7888/548/1273 7875/560/1267 7889/550/1274
f 7875/560/1267 7876/561/1268 7889/550/1274
s 0
f 7877/562/15 7878/553/15 7890/552/15
f 7890/552/15 7878/553/15 7892/531/15
s 1
f 7879/554/1215 7880/537/1163 7891/534/1164
s 0
f 7893/539/15 7892/531/15 7896/532/15
s 1
f 7895/533/1160 7891/534/1164 7898/535/1162
f 7891/534/1164 7880/537/1163 7898/535/1162
s 0
f 7897/535/12 7881/537/12 7900/536/12
f 7881/537/12 7882/540/12 7900/536/12
s 1
f 7899/536/1160 7883/540/1163 7901/541/1275
f 7883/540/1163 7884/542/1269 7901/541/1275
f 7884/542/1269 7885/543/1270 7901/541/1275
f 7901/541/1275 7885/543/1270 7902/544/1276
f 7902/544/1276 7885/543/1270 7904/544/12
f 7904/544/12 7885/543/1270 7906/545/1277
f 7906/545/1277 7885/543/1270 7907/546/731
f 7885/543/1270 7886/547/1271 7907/546/731
f 7886/547/1271 7887/548/1272 7907/546/731
f 7910/546/1278 7888/548/1273 7911/549/1278
f 7888/548/1273 7889/550/1274 7911/549/1278
s 0
f 7914/551/15 7890/552/15 7915/538/15
f 7890/552/15 7892/531/15 7915/538/15
f 7892/531/15 7893/539/15 7915/538/15
f 7916/538/15 7894/539/15 7917/531/15
f 7894/539/15 7919/532/15 7917/531/15
s 1
f 7920/533/1168 7921/535/1165 7918/534/1279
f 7918/534/1279 7921/535/1165 7923/537/1279
s 0
f 7922/535/12 7925/536/12 7924/537/12
f 7924/537/12 7925/536/12 7927/540/12
s 1
f 7926/536/1168 7929/541/1280 7928/540/1170
f 7928/540/1170 7929/541/1280 7930/542/1281
f 7930/542/1281 7929/541/1280 7931/543/1282
f 7929/541/1280 7932/544/1283 7931/543/1282
f 7932/544/1283 7903/544/12 7931/543/1282
f 7903/544/12 7905/545/1277 7931/543/1282
f 7905/545/1277 7908/546/731 7931/543/1282
f 7931/543/1282 7908/546/731 7933/547/1284
f 7933/547/1284 7908/546/731 7934/548/1285
f 7909/546/1177 7912/549/1177 7935/548/1286
f 7935/548/1286 7912/549/1177 7936/550/1287
s 0
f 7913/551/15 7916/538/15 7937/552/15
f 7916/538/15 7917/531/15 7937/552/15
f 7937/552/15 7917/531/15 7938/553/15
s 1
f 7918/534/1279 7923/537/1279 7939/554/1288
f 7939/554/1288 7923/537/1279 7940/555/1289
s 0
f 7924/537/12 7927/540/12 7941/555/12
f 7941/555/12 7927/540/12 7942/556/12
s 1
f 7928/540/1170 7930/542/1281 7943/556/1289
f 7943/556/1289 7930/542/1281 7944/557/1290
f 7930/542/1281 7931/543/1282 7944/557/1290
f 7931/543/1282 7933/547/1284 7944/557/1290
f 7944/557/1290 7933/547/1284 7945/558/1181
f 7945/558/1181 7933/547/1284 7946/559/1182
f 7933/547/1284 7934/548/1285 7946/559/1182
f 7946/559/1182 7934/548/1285 7947/560/12
f 7935/548/1286 7936/550/1287 7948/560/1183
f 7948/560/1183 7936/550/1287 7949/561/1183
s 0
f 7937/552/15 7938/553/15 7950/562/15
f 7950/562/15 7938/553/15 7951/563/15
s 1
f 7939/554/1288 7940/555/1289 7952/564/1184
f 7952/564/1184 7940/555/1289 7953/565/1184
s 0
f 7941/555/12 7942/556/12 7954/565/12
f 7954/565/12 7942/556/12 7955/566/12
s 1
f 7943/556/1289 7944/557/1290 7956/566/1291
f 7944/557/1290 7945/558/1181 7956/566/1291
f 7956/566/1291 7945/558/1181 7958/567/1292
f 7958/567/1292 7945/558/1181 7959/568/1187
f 7945/558/1181 7946/559/1182 7959/568/1187
f 7959/568/1187 7946/559/1182 7960/569/1188
f 7946/559/1182 7947/560/12 7960/569/1188
f 7960/569/1188 7947/560/12 7961/570/12
f 7948/560/1183 7949/561/1183 7962/570/1159
f 7962/570/1159 7949/561/1183 7963/571/1159
s 0
f 7950/562/15 7951/563/15 7964/572/15
f 7964/572/15 7951/563/15 7965/573/15
s 1
f 7952/564/1184 7953/565/1184 7966/574/20
f 7966/574/20 7953/565/1184 7967/575/20
s 0
f 7954/565/12 7955/566/12 7968/575/12
f 7955/566/12 7957/567/12 7968/575/12
f 7968/575/12 7957/567/12 7970/576/12
f 7970/576/12 7957/567/12 7971/577/12
s 1
f 7958/567/1292 7959/568/1187 7972/577/1189
f 7972/577/1189 7959/568/1187 7973/578/1190
f 7959/568/1187 7960/569/1188 7973/578/1190
f 7973/578/1190 7960/569/1188 7974/579/1293
f 7960/569/1188 7961/570/12 7974/579/1293
f 7974/579/1293 7961/570/12 7975/580/12
f 7962/570/1159 7963/571/1159 7976/580/1193
f 7976/580/1193 7963/571/1159 7977/581/1193
s 0
f 7964/572/15 7965/573/15 7978/582/15
f 7978/582/15 7965/573/15 7979/583/15
s 1
f 7966/574/20 7967/575/20 7980/584/1248
f 7967/575/20 7969/576/1248 7980/584/1248
f 7980/584/1248 7969/576/1248 7982/585/1294
f 7982/585/1294 7969/576/1248 7983/586/1294
s 0
f 7970/576/12 7971/577/12 7984/586/12
f 7984/586/12 7971/577/12 7985/587/12
s 1
f 7972/577/1189 7973/578/1190 7986/587/1196
f 7986/587/1196 7973/578/1190 7987/588/1249
f 7973/578/1190 7974/579/1293 7987/588/1249
f 7987/588/1249 7974/579/1293 7988/589/1295
f 7974/579/1293 7975/580/12 7988/589/1295
f 7988/589/1295 7975/580/12 7989/590/12
f 7976/580/1193 7977/581/1193 7990/590/1199
f 7990/590/1199 7977/581/1193 7991/591/1199
s 0
f 7978/582/15 7979/583/15 7992/592/15
f 7979/583/15 7981/593/15 7992/592/15
f 7996/594/15 7992/592/15 7997/595/15
f 7992/592/15 7981/593/15 7997/595/15
s 1
f 7982/585/1294 7983/586/1294 8000/596/920
f 8000/596/920 7983/586/1294 8001/597/7
s 0
f 7984/586/12 7985/587/12 8004/597/12
f 8004/597/12 7985/587/12 8005/598/12
s 1
f 7986/587/1196 7987/588/1249 8008/598/7
f 8008/598/7 7987/588/1249 8010/599/1296
f 7987/588/1249 7988/589/1295 8010/599/1296
f 8010/599/1296 7988/589/1295 8012/600/1201
f 7988/589/1295 7989/590/12 8012/600/1201
f 8012/600/1201 7989/590/12 8013/601/12
f 7990/590/1199 7991/591/1199 8016/601/1
f 7991/591/1199 7993/602/1 8016/601/1
f 8015/601/1 7994/602/1 8017/591/1202
s 0
f 7995/594/15 7998/595/15 8018/592/15
f 8020/583/15 8018/592/15 8021/593/15
f 8018/592/15 7998/595/15 8021/593/15
s 1
f 8022/585/1205 7999/596/1204 8023/586/1205
f 7999/596/1204 8002/597/1204 8023/586/1205
s 0
f 8024/586/12 8003/597/12 8025/587/12
f 8003/597/12 8006/598/12 8025/587/12
s 1
f 8026/587/1205 8007/598/1204 8027/588/1252
f 8007/598/1204 8009/599/1207 8027/588/1252
f 8027/588/1252 8009/599/1207 8028/589/1208
f 8009/599/1207 8011/600/1201 8028/589/1208
f 8028/589/1208 8011/600/1201 8029/590/12
f 8011/600/1201 8014/601/12 8029/590/12
f 8015/601/1 8017/591/1202 8030/590/1202
f 8030/590/1202 8017/591/1202 8031/581/1297
s 0
f 8018/592/15 8020/583/15 8032/582/15
f 8032/582/15 8020/583/15 8033/573/15
s 1
f 8036/565/1260 8034/574/9 8038/575/8
f 8034/574/9 8019/584/1257 8038/575/8
f 8038/575/8 8019/584/1257 8039/576/1211
f 8019/584/1257 8022/585/1205 8039/576/1211
f 8022/585/1205 8023/586/1205 8039/576/1211
s 0
f 8040/576/12 8024/586/12 8041/577/12
f 8024/586/12 8025/587/12 8041/577/12
s 1
f 8042/577/1211 8026/587/1205 8043/578/1212
f 8026/587/1205 8027/588/1252 8043/578/1212
f 8043/578/1212 8027/588/1252 8044/579/1213
f 8027/588/1252 8028/589/1208 8044/579/1213
f 8044/579/1213 8028/589/1208 8045/580/12
f 8028/589/1208 8029/590/12 8045/580/12
f 8030/590/1202 8031/581/1297 8046/580/1209
f 8046/580/1209 8031/581/1297 8047/571/10
s 0
f 8032/582/15 8033/573/15 8048/572/15
f 8048/572/15 8033/573/15 8049/563/15
s 1
f 8034/574/9 8036/565/1260 8050/564/1263
f 8050/564/1263 8036/565/1260 8051/555/1298
s 0
f 8052/555/12 8035/565/12 8054/556/12
f 8054/556/12 8035/565/12 8057/566/12
f 8035/565/12 8037/575/12 8057/566/12
f 8057/566/12 8037/575/12 8058/567/12
f 8037/575/12 8040/576/12 8058/567/12
f 8040/576/12 8041/577/12 8058/567/12
s 1
f 8059/567/1299 8042/577/1211 8060/568/1217
f 8042/577/1211 8043/578/1212 8060/568/1217
f 8060/568/1217 8043/578/1212 8061/569/1300
f 8043/578/1212 8044/579/1213 8061/569/1300
f 8061/569/1300 8044/579/1213 8062/570/12
f 8044/579/1213 8045/580/12 8062/570/12
f 8046/580/1209 8047/571/10 8063/570/10
f 8063/570/10 8047/571/10 8064/561/1301
s 0
f 8048/572/15 8049/563/15 8065/562/15
f 8065/562/15 8049/563/15 8067/553/15
s 1
f 8050/564/1263 8051/555/1298 8066/554/1298
f 8051/555/1298 7534/537/1161 8066/554/1298
f 7534/537/1161 7525/534/1161 8066/554/1298
s 0
f 8067/553/15 7526/531/15 8068/603/15
f 7526/531/15 7523/530/15 8068/603/15
f 8069/603/15 7524/530/15 8070/531/15
f 7524/530/15 8072/532/15 8070/531/15
s 1
f 8073/533/1168 8074/535/1165 8071/534/1279
f 8071/534/1279 8074/535/1165 8076/537/1279
s 0
f 8075/535/12 7531/536/12 8077/537/12
f 8077/537/12 7531/536/12 8079/540/12
f 7532/536/12 7533/537/12 8078/540/12
f 7533/537/12 8052/555/12 8078/540/12
f 8052/555/12 8054/556/12 8078/540/12
s 1
f 8081/540/12 8055/556/12 8082/604/1302
f 8087/605/1303 8085/604/1304 8088/557/1225
f 8085/604/1304 8053/556/1223 8088/557/1225
f 8053/556/1223 8056/566/1226 8088/557/1225
f 8088/557/1225 8056/566/1226 8089/558/1227
f 8056/566/1226 8059/567/1299 8089/558/1227
f 8059/567/1299 8060/568/1217 8089/558/1227
f 8089/558/1227 8060/568/1217 8090/559/1228
f 8060/568/1217 8061/569/1300 8090/559/1228
f 8090/559/1228 8061/569/1300 8091/560/12
f 8061/569/1300 8062/570/12 8091/560/12
f 8063/570/10 8064/561/1301 8092/560/1301
f 8092/560/1301 8064/561/1301 8093/606/1305
s 0
f 8096/607/15 8065/562/15 8097/608/15
f 8065/562/15 8067/553/15 8097/608/15
f 8067/553/15 8068/603/15 8097/608/15
f 8098/608/15 8069/603/15 8099/553/15
f 8069/603/15 8070/531/15 8099/553/15
s 1
f 8071/534/1279 8076/537/1279 8100/554/1289
f 8100/554/1289 8076/537/1279 8101/555/1306
s 0
f 8077/537/12 8079/540/12 8102/555/12
f 8102/555/12 8079/540/12 8104/556/12
s 1
f 8080/540/12 8083/604/1302 8103/556/12
f 8105/556/1307 8084/604/1308 8106/557/1309
f 8084/604/1308 8086/605/1310 8106/557/1309
f 8106/557/1309 8086/605/1310 8107/547/1311
f 8087/605/1303 8088/557/1225 8108/547/1312
f 8088/557/1225 8089/558/1227 8108/547/1312
f 8089/558/1227 8090/559/1228 8108/547/1312
f 8108/547/1312 8090/559/1228 8110/609/1313
f 8110/609/1313 8090/559/1228 8112/610/12
f 8090/559/1228 8091/560/12 8112/610/12
f 8092/560/1301 8093/606/1305 8111/610/1305
f 8114/610/1314 8094/606/1314 8116/560/1183
f 8116/560/1183 8094/606/1314 8117/561/1183
s 0
f 8095/607/15 8098/608/15 8118/562/15
f 8098/608/15 8099/553/15 8118/562/15
f 8118/562/15 8099/553/15 8119/563/15
s 1
f 8100/554/1289 8101/555/1306 8120/564/1184
f 8120/564/1184 8101/555/1306 8121/565/1185
s 0
f 8102/555/12 8104/556/12 8122/565/12
f 8122/565/12 8104/556/12 8123/566/12
s 1
f 8105/556/1307 8106/557/1309 8124/566/1291
f 8124/566/1291 8106/557/1309 8125/558/1315
f 8106/557/1309 8107/547/1311 8125/558/1315
f 8125/558/1315 8107/547/1311 8126/559/1316
f 8107/547/1311 8109/609/1317 8126/559/1316
f 8109/609/1317 8113/610/12 8126/559/1316
f 8113/610/12 8115/560/12 8126/559/1316
f 8126/559/1316 8115/560/12 8127/569/1188
f 8127/569/1188 8115/560/12 8128/570/12
f 8116/560/1183 8117/561/1183 8129/570/1318
f 8129/570/1318 8117/561/1183 8130/571/1318
s 0
f 8118/562/15 8119/563/15 8131/572/15
f 8131/572/15 8119/563/15 8132/573/15
s 1
f 8120/564/1184 8121/565/1185 8133/574/1319
f 8133/574/1319 8121/565/1185 8134/575/1319
s 0
f 8122/565/12 8123/566/12 8135/575/12
f 8135/575/12 8123/566/12 8136/567/12
s 1
f 8124/566/1291 8125/558/1315 8137/567/1244
f 8137/567/1244 8125/558/1315 8138/568/1245
f 8125/558/1315 8126/559/1316 8138/568/1245
f 8126/559/1316 8127/569/1188 8138/568/1245
f 8138/568/1245 8127/569/1188 8139/578/1190
f 8139/578/1190 8127/569/1188 8140/579/1293
f 8127/569/1188 8128/570/12 8140/579/1293
f 8140/579/1293 8128/570/12 8141/580/12
f 8129/570/1318 8130/571/1318 8142/580/1193
f 8142/580/1193 8130/571/1318 8143/581/1193
s 0
f 8131/572/15 8132/573/15 8144/582/15
f 8144/582/15 8132/573/15 8145/583/15
s 1
f 8133/574/1319 8134/575/1319 8146/584/1248
f 8146/584/1248 8134/575/1319 8147/576/1248
s 0
f 8135/575/12 8136/567/12 8148/576/12
f 8148/576/12 8136/567/12 8149/577/12
s 1
f 8137/567/1244 8138/568/1245 8150/577/1248
f 8138/568/1245 8139/578/1190 8150/577/1248
f 8150/577/1248 8139/578/1190 8152/587/1196
f 8152/587/1196 8139/578/1190 8153/588/1249
f 8139/578/1190 8140/579/1293 8153/588/1249
f 8153/588/1249 8140/579/1293 8154/589/1198
f 8140/579/1293 8141/580/12 8154/589/1198
f 8154/589/1198 8141/580/12 8155/590/12
f 8142/580/1193 8143/581/1193 8156/590/1250
f 8156/590/1250 8143/581/1193 8157/591/1250
s 0
f 8144/582/15 8145/583/15 8158/592/15
f 8158/592/15 8145/583/15 8159/593/15
s 1
f 8146/584/1248 8147/576/1248 8160/585/1195
f 8160/585/1195 8147/576/1248 8161/586/1196
s 0
f 8148/576/12 8149/577/12 8162/586/12
f 8149/577/12 8151/587/12 8162/586/12
f 8162/586/12 8151/587/12 8166/597/12
f 8166/597/12 8151/587/12 8167/598/12
s 1
f 8152/587/1196 8153/588/1249 8170/598/920
f 8170/598/920 8153/588/1249 8172/599/1251
f 8153/588/1249 8154/589/1198 8172/599/1251
f 8172/599/1251 8154/589/1198 8174/600/1201
f 8154/589/1198 8155/590/12 8174/600/1201
f 8174/600/1201 8155/590/12 8175/601/12
f 8156/590/1250 8157/591/1250 8178/601/1
f 8178/601/1 8157/591/1250 8179/602/1
s 0
f 8182/594/15 8158/592/15 8183/595/15
f 8158/592/15 8159/593/15 8183/595/15
s 1
f 8160/585/1195 8161/586/1196 8186/596/920
f 8161/586/1196 8163/597/920 8186/596/920
f 8188/585/1320 8185/596/1204 8189/586/1320
f 8185/596/1204 8164/597/7 8189/586/1320
s 0
f 8190/586/12 8165/597/12 8191/587/12
f 8165/597/12 8168/598/12 8191/587/12
s 1
f 8192/587/1205 8169/598/7 8193/588/1252
f 8169/598/7 8171/599/1253 8193/588/1252
f 8193/588/1252 8171/599/1253 8194/589/1208
f 8171/599/1253 8173/600/1201 8194/589/1208
f 8194/589/1208 8173/600/1201 8195/590/12
f 8173/600/1201 8176/601/12 8195/590/12
f 8196/590/1255 8177/601/1 8197/591/1255
f 8177/601/1 8180/602/1 8197/591/1255
s 0
f 8181/594/15 8184/595/15 8198/592/15
f 8184/595/15 8187/593/15 8198/592/15
f 8198/592/15 8187/593/15 8199/583/15
s 1
f 8202/575/8 8200/584/1321 8203/576/1211
f 8200/584/1321 8188/585/1320 8203/576/1211
f 8188/585/1320 8189/586/1320 8203/576/1211
s 0
f 8204/576/12 8190/586/12 8205/577/12
f 8190/586/12 8191/587/12 8205/577/12
s 1
f 8206/577/1257 8192/587/1205 8207/578/1322
f 8192/587/1205 8193/588/1252 8207/578/1322
f 8207/578/1322 8193/588/1252 8208/579/1213
f 8193/588/1252 8194/589/1208 8208/579/1213
f 8208/579/1213 8194/589/1208 8209/580/12
f 8194/589/1208 8195/590/12 8209/580/12
f 8210/580/1209 8196/590/1255 8211/581/1209
f 8196/590/1255 8197/591/1255 8211/581/1209
s 0
f 8198/592/15 8199/583/15 8212/582/15
f 8212/582/15 8199/583/15 8213/573/15
s 1
f 8200/584/1321 8202/575/8 8214/574/9
f 8214/574/9 8202/575/8 8215/565/1260
s 0
f 8216/565/12 8201/575/12 8218/566/12
f 8218/566/12 8201/575/12 8219/567/12
f 8201/575/12 8204/576/12 8219/567/12
f 8204/576/12 8205/577/12 8219/567/12
s 1
f 8220/567/9 8206/577/1257 8221/568/1323
f 8206/577/1257 8207/578/1322 8221/568/1323
f 8221/568/1323 8207/578/1322 8222/569/1218
f 8207/578/1322 8208/579/1213 8222/569/1218
f 8222/569/1218 8208/579/1213 8223/570/12
f 8208/579/1213 8209/580/12 8223/570/12
f 8224/570/1214 8210/580/1209 8225/571/1214
f 8210/580/1209 8211/581/1209 8225/571/1214
s 0
f 8212/582/15 8213/573/15 8226/572/15
f 8226/572/15 8213/573/15 8227/563/15
s 1
f 8214/574/9 8215/565/1260 8228/564/1263
f 8228/564/1263 8215/565/1260 8229/555/1298
s 0
f 8230/555/12 8216/565/12 8231/556/12
f 8216/565/12 8218/566/12 8231/556/12
s 1
f 8232/556/1324 8217/566/1226 8233/557/1325
f 8233/557/1325 8217/566/1226 8234/558/1326
f 8217/566/1226 8220/567/9 8234/558/1326
f 8220/567/9 8221/568/1323 8234/558/1326
f 8234/558/1326 8221/568/1323 8235/559/1327
f 8221/568/1323 8222/569/1218 8235/559/1327
f 8235/559/1327 8222/569/1218 8236/560/12
f 8222/569/1218 8223/570/12 8236/560/12
f 8237/560/1328 8224/570/1214 8238/561/1329
f 8224/570/1214 8225/571/1214 8238/561/1329
s 0
f 8226/572/15 8227/563/15 8239/562/15
f 8239/562/15 8227/563/15 8240/553/15
s 1
f 8228/564/1263 8229/555/1298 8241/554/1298
f 8241/554/1298 8229/555/1298 8242/537/1161
s 0
f 8243/537/12 8230/555/12 8244/540/12
f 8230/555/12 8231/556/12 8244/540/12
s 1
f 8245/540/1161 8232/556/1324 8246/542/1269
f 8232/556/1324 8233/557/1325 8246/542/1269
f 8246/542/1269 8233/557/1325 8247/543/1330
f 8247/543/1330 8233/557/1325 8248/547/1331
f 8233/557/1325 8234/558/1326 8248/547/1331
f 8234/558/1326 8235/559/1327 8248/547/1331
f 8248/547/1331 8235/559/1327 8249/548/1332
f 8235/559/1327 8236/560/12 8249/548/1332
f 8250/548/1273 8237/560/1328 8251/550/1274
f 8237/560/1328 8238/561/1329 8251/550/1274
s 0
f 8239/562/15 8240/553/15 8252/552/15
f 8252/552/15 8240/553/15 8254/531/15
s 1
f 8241/554/1298 8242/537/1161 8253/534/1161
s 0
f 8255/539/15 8254/531/15 8258/532/15
s 1
f 8257/533/1160 8253/534/1161 8260/535/1162
f 8253/534/1161 8242/537/1161 8260/535/1162
s 0
f 8259/535/12 8243/537/12 8262/536/12
f 8243/537/12 8244/540/12 8262/536/12
s 1
f 8261/536/1160 8245/540/1161 8263/541/1275
f 8245/540/1161 8246/542/1269 8263/541/1275
f 8246/542/1269 8247/543/1330 8263/541/1275
f 8263/541/1275 8247/543/1330 8264/544/1333
f 8264/544/1333 8247/543/1330 8266/544/12
f 8266/544/12 8247/543/1330 8268/545/1334
f 8268/545/1334 8247/543/1330 8269/546/1335
f 8247/543/1330 8248/547/1331 8269/546/1335
f 8248/547/1331 8249/548/1332 8269/546/1335
f 8272/546/1336 8250/548/1273 8273/549/1336
f 8250/548/1273 8251/550/1274 8273/549/1336
s 0
f 8276/551/15 8252/552/15 8277/538/15
f 8252/552/15 8254/531/15 8277/538/15
f 8254/531/15 8255/539/15 8277/538/15
f 8278/538/15 8256/539/15 8279/531/15
f 8256/539/15 8281/532/15 8279/531/15
s 1
f 8282/533/1168 8283/535/1165 8280/534/1170
f 8280/534/1170 8283/535/1165 8285/537/1220
s 0
f 8284/535/12 8287/536/12 8286/537/12
f 8286/537/12 8287/536/12 8289/540/12
s 1
f 8288/536/1168 8291/541/1337 8290/540/1279
f 8290/540/1279 8291/541/1337 8292/542/1281
f 8292/542/1281 8291/541/1337 8293/543/1338
f 8291/541/1337 8294/544/1339 8293/543/1338
f 8294/544/1339 8265/544/12 8293/543/1338
f 8265/544/12 8267/545/1334 8293/543/1338
f 8267/545/1334 8270/546/1335 8293/543/1338
f 8293/543/1338 8270/546/1335 8295/547/1284
f 8295/547/1284 8270/546/1335 8296/548/1340
f 8271/546/1177 8274/549/1341 8297/548/1286
f 8297/548/1286 8274/549/1341 8298/550/1287
s 0
f 8275/551/15 8278/538/15 8299/552/15
f 8278/538/15 8279/531/15 8299/552/15
f 8299/552/15 8279/531/15 8300/553/15
s 1
f 8280/534/1170 8285/537/1220 8301/554/1179
f 8301/554/1179 8285/537/1220 8302/555/1179
s 0
f 8286/537/12 8289/540/12 8303/555/12
f 8303/555/12 8289/540/12 8304/556/12
s 1
f 8290/540/1279 8292/542/1281 8305/556/1289
f 8305/556/1289 8292/542/1281 8306/557/1290
f 8292/542/1281 8293/543/1338 8306/557/1290
f 8293/543/1338 8295/547/1284 8306/557/1290
f 8306/557/1290 8295/547/1284 8307/558/1342
f 8307/558/1342 8295/547/1284 8308/559/1343
f 8295/547/1284 8296/548/1340 8308/559/1343
f 8308/559/1343 8296/548/1340 8309/560/12
f 8297/548/1286 8298/550/1287 8310/560/1344
f 8310/560/1344 8298/550/1287 8311/561/1344
s 0
f 8299/552/15 8300/553/15 8312/562/15
f 8312/562/15 8300/553/15 8313/563/15
s 1
f 8301/554/1179 8302/555/1179 8314/564/1240
f 8314/564/1240 8302/555/1179 8315/565/1240
s 0
f 8303/555/12 8304/556/12 8316/565/12
f 8316/565/12 8304/556/12 8317/566/12
s 1
f 8305/556/1289 8306/557/1290 8318/566/1345
f 8306/557/1290 8307/558/1342 8318/566/1345
f 8318/566/1345 8307/558/1342 8320/567/20
f 8320/567/20 8307/558/1342 8321/568/1346
f 8307/558/1342 8308/559/1343 8321/568/1346
f 8321/568/1346 8308/559/1343 8322/569/1188
f 8308/559/1343 8309/560/12 8322/569/1188
f 8322/569/1188 8309/560/12 8323/570/12
f 8310/560/1344 8311/561/1344 8324/570/1159
f 8324/570/1159 8311/561/1344 8325/571/1159
s 0
f 8312/562/15 8313/563/15 8326/572/15
f 8326/572/15 8313/563/15 8327/573/15
s 1
f 8314/564/1240 8315/565/1240 8328/574/1319
f 8328/574/1319 8315/565/1240 8329/575/1319
s 0
f 8316/565/12 8317/566/12 8330/575/12
f 8317/566/12 8319/567/12 8330/575/12
f 8330/575/12 8319/567/12 8332/576/12
f 8332/576/12 8319/567/12 8333/577/12
s 1
f 8320/567/20 8321/568/1346 8334/577/1248
f 8334/577/1248 8321/568/1346 8335/578/1190
f 8321/568/1346 8322/569/1188 8335/578/1190
f 8335/578/1190 8322/569/1188 8336/579/1293
f 8322/569/1188 8323/570/12 8336/579/1293
f 8336/579/1293 8323/570/12 8337/580/12
f 8324/570/1159 8325/571/1159 8338/580/1193
f 8338/580/1193 8325/571/1159 8339/581/1193
s 0
f 8326/572/15 8327/573/15 8340/582/15
f 8340/582/15 8327/573/15 8341/583/15
s 1
f 8328/574/1319 8329/575/1319 8342/584/1189
f 8329/575/1319 8331/576/1248 8342/584/1189
f 8342/584/1189 8331/576/1248 8344/585/1196
f 8344/585/1196 8331/576/1248 8345/586/1196
s 0
f 8332/576/12 8333/577/12 8346/586/12
f 8346/586/12 8333/577/12 8347/587/12
s 1
f 8334/577/1248 8335/578/1190 8348/587/1196
f 8348/587/1196 8335/578/1190 8349/588/1249
f 8335/578/1190 8336/579/1293 8349/588/1249
f 8349/588/1249 8336/579/1293 8350/589/1347
f 8336/579/1293 8337/580/12 8350/589/1347
f 8350/589/1347 8337/580/12 8351/590/12
f 8338/580/1193 8339/581/1193 8352/590/1250
f 8352/590/1250 8339/581/1193 8353/591/1250
s 0
f 8340/582/15 8341/583/15 8354/592/15
f 8341/583/15 8343/593/15 8354/592/15
f 8358/594/15 8354/592/15 8359/595/15
f 8354/592/15 8343/593/15 8359/595/15
s 1
f 8344/585/1196 8345/586/1196 8362/596/920
f 8362/596/920 8345/586/1196 8363/597/920
s 0
f 8346/586/12 8347/587/12 8366/597/12
f 8366/597/12 8347/587/12 8367/598/12
s 1
f 8348/587/1196 8349/588/1249 8370/598/7
f 8370/598/7 8349/588/1249 8372/599/1251
f 8349/588/1249 8350/589/1347 8372/599/1251
f 8372/599/1251 8350/589/1347 8374/600/1201
f 8350/589/1347 8351/590/12 8374/600/1201
f 8374/600/1201 8351/590/12 8375/601/12
f 8352/590/1250 8353/591/1250 8378/601/1
f 8353/591/1250 8355/602/1 8378/601/1
f 8377/601/1 8356/602/1 8379/591/1255
s 0
f 8357/594/15 8360/595/15 8380/592/15
f 8382/583/15 8380/592/15 8383/593/15
f 8380/592/15 8360/595/15 8383/593/15
s 1
f 8384/585/1205 8361/596/1204 8385/586/1348
f 8361/596/1204 8364/597/7 8385/586/1348
s 0
f 8386/586/12 8365/597/12 8387/587/12
f 8365/597/12 8368/598/12 8387/587/12
s 1
f 8388/587/1205 8369/598/7 8389/588/1252
f 8369/598/7 8371/599/1253 8389/588/1252
f 8389/588/1252 8371/599/1253 8390/589/1208
f 8371/599/1253 8373/600/1201 8390/589/1208
f 8390/589/1208 8373/600/1201 8391/590/12
f 8373/600/1201 8376/601/12 8391/590/12
f 8377/601/1 8379/591/1255 8392/590/1255
f 8392/590/1255 8379/591/1255 8393/581/1209
s 0
f 8380/592/15 8382/583/15 8394/582/15
f 8394/582/15 8382/583/15 8395/573/15
s 1
f 8398/565/1260 8396/574/8 8400/575/8
f 8396/574/8 8381/584/1257 8400/575/8
f 8400/575/8 8381/584/1257 8401/576/1211
f 8381/584/1257 8384/585/1205 8401/576/1211
f 8384/585/1205 8385/586/1348 8401/576/1211
s 0
f 8402/576/12 8386/586/12 8403/577/12
f 8386/586/12 8387/587/12 8403/577/12
s 1
f 8404/577/1257 8388/587/1205 8405/578/1212
f 8388/587/1205 8389/588/1252 8405/578/1212
f 8405/578/1212 8389/588/1252 8406/579/1258
f 8389/588/1252 8390/589/1208 8406/579/1258
f 8406/579/1258 8390/589/1208 8407/580/12
f 8390/589/1208 8391/590/12 8407/580/12
f 8392/590/1255 8393/581/1209 8408/580/1209
f 8408/580/1209 8393/581/1209 8409/571/1214
s 0
f 8394/582/15 8395/573/15 8410/572/15
f 8410/572/15 8395/573/15 8411/563/15
s 1
f 8396/574/8 8398/565/1260 8412/564/1260
f 8412/564/1260 8398/565/1260 8413/555/1262
f 8414/555/12 8397/565/12 8416/556/1216
f 8416/556/1216 8397/565/12 8419/566/12
s 0
f 8397/565/12 8399/575/12 8419/566/12
f 8419/566/12 8399/575/12 8420/567/12
f 8399/575/12 8402/576/12 8420/567/12
f 8402/576/12 8403/577/12 8420/567/12
s 1
f 8421/567/9 8404/577/1257 8422/568/1323
f 8404/577/1257 8405/578/1212 8422/568/1323
f 8422/568/1323 8405/578/1212 8423/569/1349
f 8405/578/1212 8406/579/1258 8423/569/1349
f 8423/569/1349 8406/579/1258 8424/570/12
f 8406/579/1258 8407/580/12 8424/570/12
f 8408/580/1209 8409/571/1214 8425/570/1214
f 8425/570/1214 8409/571/1214 8426/561/1350
s 0
f 8410/572/15 8411/563/15 8427/562/15
f 8427/562/15 8411/563/15 8429/553/15
s 1
f 8412/564/1260 8413/555/1262 8428/554/1262
f 8413/555/1262 7522/537/1163 8428/554/1262
f 7522/537/1163 7513/534/1163 8428/554/1262
s 0
f 8429/553/15 7514/531/15 8430/603/15
f 7514/531/15 7511/530/15 8430/603/15
f 8431/603/15 7512/530/15 8432/531/15
f 7512/530/15 8434/532/15 8432/531/15
s 1
f 8435/533/1168 8436/535/1165 8433/534/1279
f 8433/534/1279 8436/535/1165 8438/537/1279
s 0
f 8437/535/12 7519/536/12 8439/537/12
s 1
f 8439/537/12 7519/536/12 8441/540/1351
f 7520/536/12 7521/537/12 8440/540/1351
f 7521/537/12 8414/555/12 8440/540/1351
f 8414/555/12 8416/556/1216 8440/540/1351
f 8443/540/1351 8417/556/1216 8444/604/1352
f 8447/604/7 8415/556/1262 8449/605/1353
f 8449/605/1353 8415/556/1262 8450/557/1354
f 8415/556/1262 8418/566/1355 8450/557/1354
f 8450/557/1354 8418/566/1355 8451/558/1356
f 8418/566/1355 8421/567/9 8451/558/1356
f 8421/567/9 8422/568/1323 8451/558/1356
f 8451/558/1356 8422/568/1323 8452/559/1357
f 8422/568/1323 8423/569/1349 8452/559/1357
f 8452/559/1357 8423/569/1349 8453/560/12
f 8423/569/1349 8424/570/12 8453/560/12
f 8425/570/1214 8426/561/1350 8454/560/1350
f 8454/560/1350 8426/561/1350 8455/606/1358
s 0
f 8458/607/15 8427/562/15 8459/608/15
f 8427/562/15 8429/553/15 8459/608/15
f 8429/553/15 8430/603/15 8459/608/15
f 8460/608/15 8431/603/15 8461/553/15
f 8431/603/15 8432/531/15 8461/553/15
s 1
f 8433/534/1279 8438/537/1279 8462/554/1289
f 8462/554/1289 8438/537/1279 8463/555/1289
f 8439/537/12 8441/540/1351 8464/555/12
f 8464/555/12 8441/540/1351 8466/556/1230
f 8442/540/1351 8445/604/1359 8465/556/1230
f 8446/604/7 8448/605/1360 8467/556/1289
f 8467/556/1289 8448/605/1360 8468/557/1361
f 8468/557/1361 8448/605/1360 8469/547/1362
f 8449/605/1353 8450/557/1354 8470/547/1363
f 8450/557/1354 8451/558/1356 8470/547/1363
f 8451/558/1356 8452/559/1357 8470/547/1363
f 8470/547/1363 8452/559/1357 8472/609/1364
f 8472/609/1364 8452/559/1357 8474/610/12
f 8452/559/1357 8453/560/12 8474/610/12
f 8454/560/1350 8455/606/1358 8473/610/1358
f 8476/610/1314 8456/606/1314 8478/560/1365
f 8478/560/1365 8456/606/1314 8479/561/1365
s 0
f 8457/607/15 8460/608/15 8480/562/15
f 8460/608/15 8461/553/15 8480/562/15
f 8480/562/15 8461/553/15 8481/563/15
s 1
f 8462/554/1289 8463/555/1289 8482/564/1184
f 8482/564/1184 8463/555/1289 8483/565/1184
f 8464/555/12 8466/556/1230 8484/565/12
f 8484/565/12 8466/556/1230 8485/566/12
f 8467/556/1289 8468/557/1361 8486/566/1291
f 8486/566/1291 8468/557/1361 8487/558/1366
f 8468/557/1361 8469/547/1362 8487/558/1366
f 8487/558/1366 8469/547/1362 8488/559/1367
f 8469/547/1362 8471/609/1364 8488/559/1367
f 8471/609/1364 8475/610/12 8488/559/1367
f 8475/610/12 8477/560/12 8488/559/1367
f 8488/559/1367 8477/560/12 8489/569/1368
f 8489/569/1368 8477/560/12 8490/570/12
f 8478/560/1365 8479/561/1365 8491/570/1159
f 8491/570/1159 8479/561/1365 8492/571/1159
s 0
f 8480/562/15 8481/563/15 8493/572/15
f 8493/572/15 8481/563/15 8494/573/15
s 1
f 8482/564/1184 8483/565/1184 8495/574/18
f 8495/574/18 8483/565/1184 8496/575/20
s 0
f 8484/565/12 8485/566/12 8497/575/12
f 8497/575/12 8485/566/12 8498/567/12
s 1
f 8486/566/1291 8487/558/1366 8499/567/20
f 8499/567/20 8487/558/1366 8500/568/1187
f 8487/558/1366 8488/559/1367 8500/568/1187
f 8488/559/1367 8489/569/1368 8500/568/1187
f 8500/568/1187 8489/569/1368 8501/578/1190
f 8501/578/1190 8489/569/1368 8502/579/1191
f 8489/569/1368 8490/570/12 8502/579/1191
f 8502/579/1191 8490/570/12 8503/580/12
f 8491/570/1159 8492/571/1159 8504/580/1192
f 8504/580/1192 8492/571/1159 8505/581/1193
s 0
f 8493/572/15 8494/573/15 8506/582/15
f 8506/582/15 8494/573/15 8507/583/15
s 1
f 8495/574/18 8496/575/20 8508/584/1189
f 8508/584/1189 8496/575/20 8509/576/1248
s 0
f 8497/575/12 8498/567/12 8510/576/12
f 8510/576/12 8498/567/12 8511/577/12
s 1
f 8499/567/20 8500/568/1187 8512/577/1189
f 8500/568/1187 8501/578/1190 8512/577/1189
f 8512/577/1189 8501/578/1190 8514/587/1196
f 8514/587/1196 8501/578/1190 8515/588/1197
f 8501/578/1190 8502/579/1191 8515/588/1197
f 8515/588/1197 8502/579/1191 8516/589/1198
f 8502/579/1191 8503/580/12 8516/589/1198
f 8516/589/1198 8503/580/12 8517/590/12
f 8504/580/1192 8505/581/1193 8518/590/1199
f 8518/590/1199 8505/581/1193 8519/591/1199
s 0
f 8506/582/15 8507/583/15 8520/592/15
f 8520/592/15 8507/583/15 8521/593/15
s 1
f 8508/584/1189 8509/576/1248 8522/585/1294
f 8522/585/1294 8509/576/1248 8523/586/1294
s 0
f 8510/576/12 8511/577/12 8524/586/12
f 8511/577/12 8513/587/12 8524/586/12
f 8524/586/12 8513/587/12 8528/597/12
f 8528/597/12 8513/587/12 8529/598/12
s 1
f 8514/587/1196 8515/588/1197 8532/598/7
f 8532/598/7 8515/588/1197 8534/599/1296
f 8515/588/1197 8516/589/1198 8534/599/1296
f 8534/599/1296 8516/589/1198 8536/600/1201
f 8516/589/1198 8517/590/12 8536/600/1201
f 8536/600/1201 8517/590/12 8537/601/12
f 8518/590/1199 8519/591/1199 8540/601/1
f 8540/601/1 8519/591/1199 8541/602/1
s 0
f 8544/594/15 8520/592/15 8545/595/15
f 8520/592/15 8521/593/15 8545/595/15
s 1
f 8522/585/1294 8523/586/1294 8548/596/920
f 8523/586/1294 8525/597/7 8548/596/920
f 8550/585/1205 8547/596/1204 8551/586/1205
f 8547/596/1204 8526/597/1204 8551/586/1205
s 0
f 8552/586/12 8527/597/12 8553/587/12
f 8527/597/12 8530/598/12 8553/587/12
s 1
f 8554/587/1205 8531/598/1204 8555/588/1252
f 8531/598/1204 8533/599/1207 8555/588/1252
f 8555/588/1252 8533/599/1207 8556/589/1208
f 8533/599/1207 8535/600/1201 8556/589/1208
f 8556/589/1208 8535/600/1201 8557/590/12
f 8535/600/1201 8538/601/12 8557/590/12
f 8558/590/1202 8539/601/1 8559/591/1202
f 8539/601/1 8542/602/1 8559/591/1202
s 0
f 8543/594/15 8546/595/15 8560/592/15
f 8546/595/15 8549/593/15 8560/592/15
f 8560/592/15 8549/593/15 8561/583/15
s 1
f 8564/575/8 8562/584/1257 8565/576/1211
f 8562/584/1257 8550/585/1205 8565/576/1211
f 8550/585/1205 8551/586/1205 8565/576/1211
s 0
f 8566/576/12 8552/586/12 8567/577/12
f 8552/586/12 8553/587/12 8567/577/12
s 1
f 8568/577/1211 8554/587/1205 8569/578/1212
f 8554/587/1205 8555/588/1252 8569/578/1212
f 8569/578/1212 8555/588/1252 8570/579/1369
f 8555/588/1252 8556/589/1208 8570/579/1369
f 8570/579/1369 8556/589/1208 8571/580/12
f 8556/589/1208 8557/590/12 8571/580/12
f 8572/580/1209 8558/590/1202 8573/581/1209
f 8558/590/1202 8559/591/1202 8573/581/1209
s 0
f 8560/592/15 8561/583/15 8574/582/15
f 8574/582/15 8561/583/15 8575/573/15
s 1
f 8562/584/1257 8564/575/8 8576/574/9
f 8576/574/9 8564/575/8 8577/565/1210
s 0
f 8580/556/12 8578/565/12 8582/566/12
f 8578/565/12 8563/575/12 8582/566/12
f 8582/566/12 8563/575/12 8583/567/12
f 8563/575/12 8566/576/12 8583/567/12
f 8566/576/12 8567/577/12 8583/567/12
s 1
f 8584/567/9 8568/577/1211 8585/568/1370
f 8568/577/1211 8569/578/1212 8585/568/1370
f 8585/568/1370 8569/578/1212 8586/569/1218
f 8569/578/1212 8570/579/1369 8586/569/1218
f 8586/569/1218 8570/579/1369 8587/570/12
f 8570/579/1369 8571/580/12 8587/570/12
f 8588/570/10 8572/580/1209 8589/571/10
f 8572/580/1209 8573/581/1209 8589/571/10
s 0
f 8574/582/15 8575/573/15 8590/572/15
f 8590/572/15 8575/573/15 8591/563/15
s 1
f 8576/574/9 8577/565/1210 8592/564/1210
f 8592/564/1210 8577/565/1210 8593/555/1215
s 0
f 8578/565/12 8580/556/12 8594/555/12
f 8596/537/12 8594/555/12 8597/540/12
f 8594/555/12 8580/556/12 8597/540/12
s 1
f 8598/540/1161 8579/556/1215 8599/542/1269
f 8599/542/1269 8579/556/1215 8600/557/1325
f 8579/556/1215 8581/566/1226 8600/557/1325
f 8600/557/1325 8581/566/1226 8601/558/1265
f 8581/566/1226 8584/567/9 8601/558/1265
f 8584/567/9 8585/568/1370 8601/558/1265
f 8601/558/1265 8585/568/1370 8602/559/1266
f 8585/568/1370 8586/569/1218 8602/559/1266
f 8602/559/1266 8586/569/1218 8603/560/12
f 8586/569/1218 8587/570/12 8603/560/12
f 8604/560/1328 8588/570/10 8605/561/1350
f 8588/570/10 8589/571/10 8605/561/1350
s 0
f 8590/572/15 8591/563/15 8606/562/15
f 8606/562/15 8591/563/15 8607/553/15
s 1
f 8592/564/1210 8593/555/1215 8608/554/1215
f 8593/555/1215 8595/537/1371 8608/554/1215
f 8608/554/1215 8595/537/1371 8609/534/1164
s 0
f 8611/539/15 8610/531/15 8614/532/15
s 1
f 8613/533/1160 8609/534/1164 8616/535/1162
f 8609/534/1164 8595/537/1371 8616/535/1162
s 0
f 8615/535/12 8596/537/12 8618/536/12
f 8596/537/12 8597/540/12 8618/536/12
s 1
f 8617/536/1160 8598/540/1161 8619/541/1372
f 8598/540/1161 8599/542/1269 8619/541/1372
f 8621/545/1334 8623/544/12 8624/543/1373
f 8623/544/12 8625/544/1374 8624/543/1373
f 8625/544/1374 8619/541/1372 8624/543/1373
f 8619/541/1372 8599/542/1269 8624/543/1373
f 8599/542/1269 8600/557/1325 8624/543/1373
f 8624/543/1373 8600/557/1325 8626/547/1331
f 8600/557/1325 8601/558/1265 8626/547/1331
f 8601/558/1265 8602/559/1266 8626/547/1331
f 8626/547/1331 8602/559/1266 8627/548/1375
f 8602/559/1266 8603/560/12 8627/548/1375
f 8628/548/1376 8604/560/1328 8629/550/1274
f 8604/560/1328 8605/561/1350 8629/550/1274
s 0
f 8606/562/15 8607/553/15 8630/552/15
f 8607/553/15 8610/531/15 8630/552/15
f 8630/552/15 8610/531/15 8631/538/15
f 8610/531/15 8611/539/15 8631/538/15
f 8632/538/15 8612/539/15 8633/531/15
f 8612/539/15 8635/532/15 8633/531/15
s 1
f 8636/533/1168 8637/535/1165 8634/534/1279
f 8634/534/1279 8637/535/1165 8639/537/1279
s 0
f 8638/535/12 8641/536/12 8640/537/12
f 8640/537/12 8641/536/12 8643/540/12
s 1
f 8642/536/1168 8645/541/1280 8644/540/1167
f 8644/540/1167 8645/541/1280 8646/542/1281
f 8646/542/1281 8645/541/1280 8647/543/1377
f 8645/541/1280 8648/544/1339 8647/543/1377
f 8648/544/1339 8622/544/12 8647/543/1377
f 8622/544/12 8620/545/1334 8647/543/1377
f 8647/543/1377 8620/545/1334 8650/546/1335
f 8621/545/1334 8624/543/1373 8649/546/1335
f 8624/543/1373 8626/547/1331 8649/546/1335
f 8626/547/1331 8627/548/1375 8649/546/1335
f 8652/546/1278 8628/548/1376 8653/549/1278
f 8628/548/1376 8629/550/1274 8653/549/1278
s 0
f 8630/552/15 8631/538/15 8656/551/15
f 8655/551/15 8632/538/15 8658/552/15
f 8632/538/15 8633/531/15 8658/552/15
f 8658/552/15 8633/531/15 8659/553/15
s 1
f 8634/534/1279 8639/537/1279 8660/554/1289
f 8660/554/1289 8639/537/1279 8661/555/1306
s 0
f 8640/537/12 8643/540/12 8662/555/12
f 8662/555/12 8643/540/12 8663/556/12
s 1
f 8644/540/1167 8646/542/1281 8664/556/1307
f 8664/556/1307 8646/542/1281 8665/557/1290
f 8646/542/1281 8647/543/1377 8665/557/1290
f 8665/557/1290 8647/543/1377 8666/547/1378
f 8647/543/1377 8650/546/1335 8666/547/1378
f 8666/547/1378 8650/546/1335 8667/548/1340
f 8651/546/1177 8654/549/1177 8668/548/1286
f 8654/549/1177 8657/550/1287 8668/548/1286
f 8668/548/1286 8657/550/1287 8670/560/1183
f 8670/560/1183 8657/550/1287 8671/561/1183
s 0
f 8658/552/15 8659/553/15 8672/562/15
f 8672/562/15 8659/553/15 8673/563/15
s 1
f 8660/554/1289 8661/555/1306 8674/564/1184
f 8674/564/1184 8661/555/1306 8675/565/1185
s 0
f 8662/555/12 8663/556/12 8676/565/12
f 8676/565/12 8663/556/12 8677/566/12
s 1
f 8664/556/1307 8665/557/1290 8678/566/1291
f 8678/566/1291 8665/557/1290 8679/558/1379
f 8665/557/1290 8666/547/1378 8679/558/1379
f 8679/558/1379 8666/547/1378 8680/559/1380
f 8666/547/1378 8667/548/1340 8680/559/1380
f 8667/548/1340 8669/560/12 8680/559/1380
f 8680/559/1380 8669/560/12 8681/569/1188
f 8681/569/1188 8669/560/12 8682/570/12
f 8670/560/1183 8671/561/1183 8683/570/1318
f 8683/570/1318 8671/561/1183 8684/571/1318
s 0
f 8672/562/15 8673/563/15 8685/572/15
f 8685/572/15 8673/563/15 8686/573/15
s 1
f 8674/564/1184 8675/565/1185 8687/574/1319
f 8687/574/1319 8675/565/1185 8688/575/1319
s 0
f 8676/565/12 8677/566/12 8689/575/12
f 8689/575/12 8677/566/12 8690/567/12
s 1
f 8678/566/1291 8679/558/1379 8691/567/20
f 8691/567/20 8679/558/1379 8692/568/1187
f 8679/558/1379 8680/559/1380 8692/568/1187
f 8680/559/1380 8681/569/1188 8692/568/1187
f 8692/568/1187 8681/569/1188 8693/578/1190
f 8693/578/1190 8681/569/1188 8694/579/1293
f 8681/569/1188 8682/570/12 8694/579/1293
f 8694/579/1293 8682/570/12 8695/580/12
f 8683/570/1318 8684/571/1318 8696/580/1193
f 8696/580/1193 8684/571/1318 8697/581/1193
s 0
f 8685/572/15 8686/573/15 8698/582/15
f 8698/582/15 8686/573/15 8699/583/15
s 1
f 8687/574/1319 8688/575/1319 8700/584/1189
f 8700/584/1189 8688/575/1319 8701/576/1248
s 0
f 8689/575/12 8690/567/12 8702/576/12
f 8702/576/12 8690/567/12 8703/577/12
s 1
f 8691/567/20 8692/568/1187 8704/577/1248
f 8692/568/1187 8693/578/1190 8704/577/1248
f 8704/577/1248 8693/578/1190 8706/587/1196
f 8706/587/1196 8693/578/1190 8707/588/1249
f 8693/578/1190 8694/579/1293 8707/588/1249
f 8707/588/1249 8694/579/1293 8708/589/1198
f 8694/579/1293 8695/580/12 8708/589/1198
f 8708/589/1198 8695/580/12 8709/590/12
f 8696/580/1193 8697/581/1193 8710/590/1250
f 8710/590/1250 8697/581/1193 8711/591/1250
s 0
f 8698/582/15 8699/583/15 8712/592/15
f 8712/592/15 8699/583/15 8713/593/15
s 1
f 8700/584/1189 8701/576/1248 8714/585/1196
f 8714/585/1196 8701/576/1248 8715/586/1196
s 0
f 8702/576/12 8703/577/12 8716/586/12
f 8703/577/12 8705/587/12 8716/586/12
f 8716/586/12 8705/587/12 8720/597/12
f 8720/597/12 8705/587/12 8721/598/12
s 1
f 8706/587/1196 8707/588/1249 8724/598/920
f 8724/598/920 8707/588/1249 8726/599/1251
f 8707/588/1249 8708/589/1198 8726/599/1251
f 8726/599/1251 8708/589/1198 8728/600/1201
f 8708/589/1198 8709/590/12 8728/600/1201
f 8728/600/1201 8709/590/12 8729/601/12
f 8710/590/1250 8711/591/1250 8732/601/1
f 8732/601/1 8711/591/1250 8733/602/1
s 0
f 8736/594/15 8712/592/15 8737/595/15
f 8712/592/15 8713/593/15 8737/595/15
s 1
f 8714/585/1196 8715/586/1196 8740/596/920
f 8715/586/1196 8717/597/920 8740/596/920
f 8742/585/1320 8739/596/1204 8743/586/1320
f 8739/596/1204 8718/597/7 8743/586/1320
s 0
f 8744/586/12 8719/597/12 8745/587/12
f 8719/597/12 8722/598/12 8745/587/12
s 1
f 8746/587/1205 8723/598/7 8747/588/1252
f 8723/598/7 8725/599/1253 8747/588/1252
f 8747/588/1252 8725/599/1253 8748/589/1208
f 8725/599/1253 8727/600/1201 8748/589/1208
f 8748/589/1208 8727/600/1201 8749/590/12
f 8727/600/1201 8730/601/12 8749/590/12
f 8750/590/1255 8731/601/1 8751/591/1255
f 8731/601/1 8734/602/1 8751/591/1255
s 0
f 8735/594/15 8738/595/15 8752/592/15
f 8738/595/15 8741/593/15 8752/592/15
f 8752/592/15 8741/593/15 8753/583/15
s 1
f 8756/575/8 8754/584/1257 8757/576/1211
f 8754/584/1257 8742/585/1320 8757/576/1211
f 8742/585/1320 8743/586/1320 8757/576/1211
s 0
f 8758/576/12 8744/586/12 8759/577/12
f 8744/586/12 8745/587/12 8759/577/12
s 1
f 8760/577/1257 8746/587/1205 8761/578/1322
f 8746/587/1205 8747/588/1252 8761/578/1322
f 8761/578/1322 8747/588/1252 8762/579/1213
f 8747/588/1252 8748/589/1208 8762/579/1213
f 8762/579/1213 8748/589/1208 8763/580/12
f 8748/589/1208 8749/590/12 8763/580/12
f 8764/580/1259 8750/590/1255 8765/581/1209
f 8750/590/1255 8751/591/1255 8765/581/1209
s 0
f 8752/592/15 8753/583/15 8766/582/15
f 8766/582/15 8753/583/15 8767/573/15
s 1
f 8754/584/1257 8756/575/8 8768/574/9
f 8768/574/9 8756/575/8 8769/565/1263
s 0
f 8772/555/12 8770/565/12 8774/556/12
f 8774/556/12 8770/565/12 8777/566/12
f 8770/565/12 8755/575/12 8777/566/12
f 8777/566/12 8755/575/12 8778/567/12
f 8755/575/12 8758/576/12 8778/567/12
f 8758/576/12 8759/577/12 8778/567/12
s 1
f 8779/567/8 8760/577/1257 8780/568/1323
f 8760/577/1257 8761/578/1322 8780/568/1323
f 8780/568/1323 8761/578/1322 8781/569/1218
f 8761/578/1322 8762/579/1213 8781/569/1218
f 8781/569/1218 8762/579/1213 8782/570/12
f 8762/579/1213 8763/580/12 8782/570/12
f 8783/570/1214 8764/580/1259 8784/571/1214
f 8764/580/1259 8765/581/1209 8784/571/1214
s 0
f 8766/582/15 8767/573/15 8785/572/15
f 8785/572/15 8767/573/15 8786/563/15
s 1
f 8768/574/9 8769/565/1263 8787/564/1260
f 8769/565/1263 8771/555/1298 8787/564/1260
f 8787/564/1260 8771/555/1298 8788/554/1262
f 8771/555/1298 7510/537/1161 8788/554/1262
f 7510/537/1161 7501/534/1161 8788/554/1262
s 0
f 8789/553/15 7502/531/15 8790/603/15
f 7502/531/15 7499/530/15 8790/603/15
f 8791/603/15 7500/530/15 8792/531/15
f 7500/530/15 8794/532/15 8792/531/15
s 1
f 8795/533/1168 8796/535/1165 8793/534/1170
f 8793/534/1170 8796/535/1165 8798/537/1220
s 0
f 8797/535/12 7507/536/12 8799/537/12
f 8799/537/12 7507/536/12 8801/540/12
f 7508/536/12 7509/537/12 8800/540/12
f 7509/537/12 8772/555/12 8800/540/12
f 8772/555/12 8774/556/12 8800/540/12
s 1
f 8803/540/12 8775/556/12 8804/604/1381
f 8809/605/1382 8807/604/1383 8810/557/1384
f 8807/604/1383 8773/556/1215 8810/557/1384
f 8773/556/1215 8776/566/1226 8810/557/1384
f 8810/557/1384 8776/566/1226 8811/558/1385
f 8776/566/1226 8779/567/8 8811/558/1385
f 8779/567/8 8780/568/1323 8811/558/1385
f 8811/558/1385 8780/568/1323 8812/559/1386
f 8780/568/1323 8781/569/1218 8812/559/1386
f 8812/559/1386 8781/569/1218 8813/560/12
f 8781/569/1218 8782/570/12 8813/560/12
f 8814/560/1328 8783/570/1214 8815/561/1328
f 8783/570/1214 8784/571/1214 8815/561/1328
s 0
f 8785/572/15 8786/563/15 8816/562/15
f 8786/563/15 8789/553/15 8816/562/15
f 8816/562/15 8789/553/15 8817/608/15
f 8789/553/15 8790/603/15 8817/608/15
f 8818/608/15 8791/603/15 8819/553/15
f 8791/603/15 8792/531/15 8819/553/15
s 1
f 8793/534/1170 8798/537/1220 8820/554/1179
f 8820/554/1179 8798/537/1220 8821/555/1179
s 0
f 8799/537/12 8801/540/12 8822/555/12
f 8822/555/12 8801/540/12 8824/556/12
s 1
f 8802/540/12 8805/604/1381 8823/556/12
f 8825/556/1387 8806/604/1388 8826/557/1389
f 8806/604/1388 8808/605/1390 8826/557/1389
f 8826/557/1389 8808/605/1390 8827/547/1391
f 8809/605/1382 8810/557/1384 8828/547/1392
f 8810/557/1384 8811/558/1385 8828/547/1392
f 8811/558/1385 8812/559/1386 8828/547/1392
f 8828/547/1392 8812/559/1386 8830/609/1393
f 8830/609/1393 8812/559/1386 8831/610/12
f 8812/559/1386 8813/560/12 8831/610/12
f 8834/610/1358 8814/560/1328 8835/606/1358
f 8814/560/1328 8815/561/1328 8835/606/1358
s 0
f 8816/562/15 8817/608/15 8838/607/15
f 8837/607/15 8818/608/15 8840/562/15
f 8818/608/15 8819/553/15 8840/562/15
f 8840/562/15 8819/553/15 8841/563/15
s 1
f 8820/554/1179 8821/555/1179 8842/564/1240
f 8842/564/1240 8821/555/1179 8843/565/1240
s 0
f 8822/555/12 8824/556/12 8844/565/12
f 8844/565/12 8824/556/12 8845/566/12
s 1
f 8825/556/1387 8826/557/1389 8846/566/1345
f 8846/566/1345 8826/557/1389 8847/558/1241
f 8826/557/1389 8827/547/1391 8847/558/1241
f 8847/558/1241 8827/547/1391 8848/559/1242
f 8827/547/1391 8829/609/1394 8848/559/1242
f 8829/609/1394 8832/610/12 8848/559/1242
f 8848/559/1242 8832/610/12 8849/560/12
f 8833/610/1395 8836/606/1395 8850/560/1239
f 8836/606/1395 8839/561/1239 8850/560/1239
f 8850/560/1239 8839/561/1239 8852/570/1159
f 8852/570/1159 8839/561/1239 8853/571/1159
s 0
f 8840/562/15 8841/563/15 8854/572/15
f 8854/572/15 8841/563/15 8855/573/15
s 1
f 8842/564/1240 8843/565/1240 8856/574/1319
f 8856/574/1319 8843/565/1240 8857/575/1319
s 0
f 8844/565/12 8845/566/12 8858/575/12
f 8858/575/12 8845/566/12 8859/567/12
s 1
f 8846/566/1345 8847/558/1241 8860/567/18
f 8860/567/18 8847/558/1241 8861/568/1187
f 8847/558/1241 8848/559/1242 8861/568/1187
f 8861/568/1187 8848/559/1242 8862/569/1188
f 8848/559/1242 8849/560/12 8862/569/1188
f 8849/560/12 8851/570/12 8862/569/1188
f 8862/569/1188 8851/570/12 8863/579/1246
f 8863/579/1246 8851/570/12 8864/580/12
f 8852/570/1159 8853/571/1159 8865/580/1193
f 8865/580/1193 8853/571/1159 8866/581/1193
s 0
f 8854/572/15 8855/573/15 8867/582/15
f 8867/582/15 8855/573/15 8868/583/15
s 1
f 8856/574/1319 8857/575/1319 8869/584/1189
f 8869/584/1189 8857/575/1319 8870/576/1248
s 0
f 8858/575/12 8859/567/12 8871/576/12
f 8871/576/12 8859/567/12 8872/577/12
s 1
f 8860/567/18 8861/568/1187 8873/577/1248
f 8873/577/1248 8861/568/1187 8874/578/1190
f 8861/568/1187 8862/569/1188 8874/578/1190
f 8862/569/1188 8863/579/1246 8874/578/1190
f 8874/578/1190 8863/579/1246 8875/588/1249
f 8875/588/1249 8863/579/1246 8876/589/1396
f 8863/579/1246 8864/580/12 8876/589/1396
f 8876/589/1396 8864/580/12 8877/590/12
f 8865/580/1193 8866/581/1193 8878/590/1250
f 8878/590/1250 8866/581/1193 8879/591/1250
s 0
f 8867/582/15 8868/583/15 8880/592/15
f 8880/592/15 8868/583/15 8881/593/15
s 1
f 8869/584/1189 8870/576/1248 8882/585/1196
f 8882/585/1196 8870/576/1248 8883/586/1196
s 0
f 8871/576/12 8872/577/12 8884/586/12
f 8884/586/12 8872/577/12 8885/587/12
s 1
f 8873/577/1248 8874/578/1190 8886/587/1196
f 8874/578/1190 8875/588/1249 8886/587/1196
f 8886/587/1196 8875/588/1249 8890/598/7
f 8890/598/7 8875/588/1249 8892/599/1251
f 8875/588/1249 8876/589/1396 8892/599/1251
f 8892/599/1251 8876/589/1396 8894/600/1201
f 8876/589/1396 8877/590/12 8894/600/1201
f 8894/600/1201 8877/590/12 8895/601/12
f 8878/590/1250 8879/591/1250 8898/601/1
f 8898/601/1 8879/591/1250 8899/602/1
s 0
f 8902/594/15 8880/592/15 8903/595/15
f 8880/592/15 8881/593/15 8903/595/15
s 1
f 8882/585/1196 8883/586/1196 8906/596/920
f 8906/596/920 8883/586/1196 8907/597/920
s 0
f 8884/586/12 8885/587/12 8910/597/12
f 8885/587/12 8887/598/12 8910/597/12
f 8909/597/12 8888/598/12 8911/587/12
s 1
f 8912/587/1205 8889/598/7 8913/588/1252
f 8889/598/7 8891/599/1253 8913/588/1252
f 8913/588/1252 8891/599/1253 8914/589/1208
f 8891/599/1253 8893/600/1201 8914/589/1208
f 8914/589/1208 8893/600/1201 8915/590/12
f 8893/600/1201 8896/601/12 8915/590/12
f 8916/590/1255 8897/601/1 8917/591/1255
f 8897/601/1 8900/602/1 8917/591/1255
s 0
f 8901/594/15 8904/595/15 8918/592/15
f 8918/592/15 8904/595/15 8919/593/15
s 1
f 8920/585/1320 8905/596/1204 8921/586/1320
f 8905/596/1204 8908/597/7 8921/586/1320
s 0
f 8909/597/12 8911/587/12 8922/586/12
f 8922/586/12 8911/587/12 8923/577/12
s 1
f 8924/577/1257 8912/587/1205 8925/578/1212
f 8912/587/1205 8913/588/1252 8925/578/1212
f 8925/578/1212 8913/588/1252 8926/579/1397
f 8913/588/1252 8914/589/1208 8926/579/1397
f 8926/579/1397 8914/589/1208 8927/580/12
f 8914/589/1208 8915/590/12 8927/580/12
f 8928/580/1259 8916/590/1255 8929/581/1209
f 8916/590/1255 8917/591/1255 8929/581/1209
s 0
f 8930/582/15 8918/592/15 8931/583/15
f 8918/592/15 8919/593/15 8931/583/15
s 1
f 8932/584/1257 8920/585/1320 8933/576/1211
f 8920/585/1320 8921/586/1320 8933/576/1211
s 0
f 8922/586/12 8923/577/12 8934/576/12
f 8934/576/12 8923/577/12 8935/567/12
s 1
f 8936/567/9 8924/577/1257 8937/568/1323
f 8924/577/1257 8925/578/1212 8937/568/1323
f 8937/568/1323 8925/578/1212 8938/569/1218
f 8925/578/1212 8926/579/1397 8938/569/1218
f 8938/569/1218 8926/579/1397 8939/570/12
f 8926/579/1397 8927/580/12 8939/570/12
f 8940/570/1214 8928/580/1259 8941/571/1214
f 8928/580/1259 8929/581/1209 8941/571/1214
s 0
f 8942/572/15 8930/582/15 8943/573/15
f 8930/582/15 8931/583/15 8943/573/15
s 1
f 8944/574/8 8932/584/1257 8945/575/8
f 8932/584/1257 8933/576/1211 8945/575/8
s 0
f 8934/576/12 8935/567/12 8946/575/12
f 8946/575/12 8935/567/12 8947/566/12
s 1
f 8948/566/1263 8936/567/9 8949/558/1398
f 8936/567/9 8937/568/1323 8949/558/1398
f 8949/558/1398 8937/568/1323 8950/559/1266
f 8937/568/1323 8938/569/1218 8950/559/1266
f 8952/548/1332 8950/559/1266 8953/560/12
f 8950/559/1266 8938/569/1218 8953/560/12
f 8938/569/1218 8939/570/12 8953/560/12
f 8954/560/1328 8940/570/1214 8955/561/1328
f 8940/570/1214 8941/571/1214 8955/561/1328
s 0
f 8956/562/15 8942/572/15 8957/563/15
f 8942/572/15 8943/573/15 8957/563/15
s 1
f 8958/564/1263 8944/574/8 8959/565/1260
f 8944/574/8 8945/575/8 8959/565/1260
s 0
f 8946/575/12 8947/566/12 8960/565/12
f 8960/565/12 8947/566/12 8961/556/12
s 1
f 8962/556/1262 8948/566/1263 8963/557/1325
f 8948/566/1263 8949/558/1398 8963/557/1325
f 8963/557/1325 8949/558/1398 8964/547/1399
f 8949/558/1398 8950/559/1266 8964/547/1399
f 8950/559/1266 8952/548/1332 8964/547/1399
f 8964/547/1399 8952/548/1332 8967/546/731
s 0
f 8969/538/15 8971/531/15 8972/539/15
f 8972/539/15 8971/531/15 8974/532/15
s 1
f 8973/533/1160 8970/534/1164 8976/535/1162
f 8970/534/1164 8978/537/1371 8976/535/1162
s 0
f 8975/535/12 8977/537/12 8980/536/12
f 8977/537/12 8982/540/12 8980/536/12
s 1
f 8979/536/1160 8981/540/1164 8983/541/1275
f 8981/540/1164 8984/542/1269 8983/541/1275
f 8984/542/1269 8985/543/1400 8983/541/1275
f 8983/541/1275 8985/543/1400 8986/544/1276
f 8986/544/1276 8985/543/1400 8987/544/12
f 8987/544/12 8985/543/1400 8988/545/1401
f 8988/545/1401 8985/543/1400 8990/546/1402
f 8992/549/1278 8989/546/1278 8993/548/1273
f 8994/548/1272 8990/546/1402 8995/547/1271
f 8990/546/1402 8985/543/1400 8995/547/1271
f 8995/547/1271 8985/543/1400 8996/557/1403
f 8985/543/1400 8984/542/1269 8996/557/1403
f 8996/557/1403 8984/542/1269 8997/556/1404
f 8984/542/1269 8981/540/1164 8997/556/1404
s 0
f 8998/556/12 8982/540/12 8999/555/12
f 8982/540/12 8977/537/12 8999/555/12
s 1
f 9000/555/1215 8978/537/1371 9001/554/1215
f 8978/537/1371 8970/534/1164 9001/554/1215
s 0
f 9002/553/15 8971/531/15 9003/552/15
f 8971/531/15 8969/538/15 9003/552/15
f 8969/538/15 8991/551/15 9003/552/15
s 1
f 8992/549/1278 8993/548/1273 9004/550/1405
f 9004/550/1405 8993/548/1273 9005/560/1267
f 9006/560/12 8994/548/1272 9007/559/1266
f 8994/548/1272 8995/547/1271 9007/559/1266
f 9007/559/1266 8995/547/1271 9008/558/1265
f 8995/547/1271 8996/557/1403 9008/558/1265
f 9008/558/1265 8996/557/1403 9009/566/1260
f 8996/557/1403 8997/556/1404 9009/566/1260
s 0
f 9010/566/12 8998/556/12 9011/565/12
f 8998/556/12 8999/555/12 9011/565/12
s 1
f 9012/565/1260 9000/555/1215 9013/564/1260
f 9000/555/1215 9001/554/1215 9013/564/1260
s 0
f 9014/563/15 9002/553/15 9015/562/15
f 9002/553/15 9003/552/15 9015/562/15
s 1
f 9004/550/1405 9005/560/1267 9016/561/1267
f 9016/561/1267 9005/560/1267 9017/570/1214
f 9018/570/12 9006/560/12 9019/569/1218
f 9006/560/12 9007/559/1266 9019/569/1218
f 9019/569/1218 9007/559/1266 9020/568/1217
f 9007/559/1266 9008/558/1265 9020/568/1217
f 9020/568/1217 9008/558/1265 9021/567/9
f 9008/558/1265 9009/566/1260 9021/567/9
s 0
f 9022/567/12 9010/566/12 9023/575/12
f 9010/566/12 9011/565/12 9023/575/12
s 1
f 9024/575/8 9012/565/1260 9025/574/8
f 9012/565/1260 9013/564/1260 9025/574/8
s 0
f 9026/573/15 9014/563/15 9027/572/15
f 9014/563/15 9015/562/15 9027/572/15
s 1
f 9016/561/1267 9017/570/1214 9028/571/1214
f 9028/571/1214 9017/570/1214 9029/580/1209
f 9030/580/12 9018/570/12 9031/579/1213
f 9018/570/12 9019/569/1218 9031/579/1213
f 9031/579/1213 9019/569/1218 9032/578/1212
f 9019/569/1218 9020/568/1217 9032/578/1212
f 9032/578/1212 9020/568/1217 9033/577/1211
f 9020/568/1217 9021/567/9 9033/577/1211
s 0
f 9034/577/12 9022/567/12 9035/576/12
f 9022/567/12 9023/575/12 9035/576/12
s 1
f 9036/576/1406 9024/575/8 9037/584/1406
f 9024/575/8 9025/574/8 9037/584/1406
s 0
f 9038/583/15 9026/573/15 9039/582/15
f 9026/573/15 9027/572/15 9039/582/15
s 1
f 9028/571/1214 9029/580/1209 9040/581/1209
f 9040/581/1209 9029/580/1209 9041/590/1202
f 9042/590/12 9030/580/12 9043/589/1208
f 9030/580/12 9031/579/1213 9043/589/1208
f 9043/589/1208 9031/579/1213 9044/588/1252
f 9031/579/1213 9032/578/1212 9044/588/1252
f 9044/588/1252 9032/578/1212 9045/587/1205
f 9032/578/1212 9033/577/1211 9045/587/1205
s 0
f 9046/587/12 9034/577/12 9047/586/12
f 9034/577/12 9035/576/12 9047/586/12
s 1
f 9048/586/1205 9036/576/1406 9049/585/1205
f 9036/576/1406 9037/584/1406 9049/585/1205
s 0
f 9050/593/15 9038/583/15 9051/592/15
f 9038/583/15 9039/582/15 9051/592/15
s 1
f 9040/581/1209 9041/590/1202 9052/591/1202
f 9056/602/1 9052/591/1202 9057/601/1
f 9052/591/1202 9041/590/1202 9057/601/1
f 9060/601/12 9042/590/12 9062/600/1201
f 9042/590/12 9043/589/1208 9062/600/1201
f 9062/600/1201 9043/589/1208 9064/599/1207
f 9043/589/1208 9044/588/1252 9064/599/1207
f 9064/599/1207 9044/588/1252 9065/598/1204
f 9044/588/1252 9045/587/1205 9065/598/1204
s 0
f 9068/598/12 9046/587/12 9069/597/12
f 9046/587/12 9047/586/12 9069/597/12
s 1
f 9072/597/1204 9048/586/1205 9073/596/1204
f 9048/586/1205 9049/585/1205 9073/596/1204
s 0
f 9050/593/15 9051/592/15 9076/595/15
f 9051/592/15 9053/594/15 9076/595/15
f 9075/595/15 9054/594/15 9077/592/15
s 1
f 9055/602/1 9058/601/1 9078/591/1199
f 9078/591/1199 9058/601/1 9079/590/1199
f 9059/601/12 9061/600/1201 9080/590/12
f 9080/590/12 9061/600/1201 9081/589/1198
f 9061/600/1201 9063/599/1296 9081/589/1198
f 9081/589/1198 9063/599/1296 9082/588/1197
f 9063/599/1296 9066/598/7 9082/588/1197
f 9082/588/1197 9066/598/7 9083/587/1196
s 0
f 9067/598/12 9070/597/12 9084/587/12
f 9084/587/12 9070/597/12 9085/586/12
s 1
f 9071/597/7 9074/596/920 9086/586/1195
f 9086/586/1195 9074/596/920 9087/585/1195
s 0
f 9075/595/15 9077/592/15 9088/593/15
f 9088/593/15 9077/592/15 9090/583/15
f 9092/573/15 9090/583/15 9093/582/15
f 9090/583/15 9077/592/15 9093/582/15
s 1
f 9078/591/1199 9079/590/1199 9094/581/1193
f 9094/581/1193 9079/590/1199 9095/580/1192
f 9080/590/12 9081/589/1198 9096/580/12
f 9096/580/12 9081/589/1198 9097/579/1407
f 9081/589/1198 9082/588/1197 9097/579/1407
f 9097/579/1407 9082/588/1197 9098/578/1190
f 9082/588/1197 9083/587/1196 9098/578/1190
f 9098/578/1190 9083/587/1196 9099/577/1189
s 0
f 9084/587/12 9085/586/12 9100/577/12
f 9100/577/12 9085/586/12 9101/576/12
s 1
f 9086/586/1195 9087/585/1195 9102/576/1194
f 9087/585/1195 9089/584/1194 9102/576/1194
f 9102/576/1194 9089/584/1194 9104/575/20
f 9089/584/1194 9091/574/20 9104/575/20
f 9104/575/20 9091/574/20 9106/565/1184
f 9106/565/1184 9091/574/20 9107/564/1184
s 0
f 9108/563/15 9092/573/15 9109/572/15
f 9092/573/15 9093/582/15 9109/572/15
s 1
f 9094/581/1193 9095/580/1192 9110/571/1159
f 9110/571/1159 9095/580/1192 9111/570/1159
f 9096/580/12 9097/579/1407 9112/570/12
f 9112/570/12 9097/579/1407 9113/569/1188
f 9097/579/1407 9098/578/1190 9113/569/1188
f 9113/569/1188 9098/578/1190 9114/568/1187
f 9098/578/1190 9099/577/1189 9114/568/1187
f 9114/568/1187 9099/577/1189 9115/567/20
s 0
f 9100/577/12 9101/576/12 9116/567/12
f 9101/576/12 9103/575/12 9116/567/12
f 9116/567/12 9103/575/12 9118/566/12
f 9103/575/12 9105/565/12 9118/566/12
s 1
f 9118/566/12 9105/565/12 9120/556/1408
f 9120/556/1408 9105/565/12 9121/555/12
f 9106/565/1184 9107/564/1184 9122/555/1179
s 0
f 9123/611/12 9126/537/12 9128/535/12
s 1
f 9125/537/1220 9130/534/1166 9127/535/1168
f 9127/535/1168 9130/534/1166 9132/533/1168
s 0
f 9131/532/15 9129/531/15 9134/530/15
s 1
f 9136/535/1162 9137/533/1160 9139/534/1164
s 0
f 9138/532/15 9133/530/15 9140/531/15
f 9140/531/15 9133/530/15 9141/612/15
f 9134/530/15 9129/531/15 9142/612/15
f 9142/612/15 9129/531/15 9144/553/15
s 1
f 9130/534/1166 9125/537/1220 9143/554/1179
f 9125/537/1220 9122/555/1179 9143/554/1179
f 9122/555/1179 9107/564/1184 9143/554/1179
s 0
f 9144/553/15 9108/563/15 9145/562/15
f 9108/563/15 9109/572/15 9145/562/15
s 1
f 9110/571/1159 9111/570/1159 9146/561/1239
f 9146/561/1239 9111/570/1159 9147/560/1239
f 9112/570/12 9113/569/1188 9148/560/12
f 9148/560/12 9113/569/1188 9149/559/1409
f 9113/569/1188 9114/568/1187 9149/559/1409
f 9149/559/1409 9114/568/1187 9150/558/1241
f 9114/568/1187 9115/567/20 9150/558/1241
f 9115/567/20 9117/566/1185 9150/558/1241
f 9150/558/1241 9117/566/1185 9151/557/1410
f 9117/566/1185 9119/556/1411 9151/557/1410
f 9153/613/1412 9151/557/1410 9154/614/7
f 9151/557/1410 9119/556/1411 9154/614/7
f 9157/614/1413 9120/556/1408 9158/540/1414
f 9120/556/1408 9121/555/12 9158/540/1414
f 9121/555/12 9126/537/12 9158/540/1414
f 9126/537/12 9123/611/12 9158/540/1414
f 9159/540/1414 9124/611/12 9160/537/12
s 0
f 9124/611/12 9135/535/12 9160/537/12
s 1
f 9136/535/1162 9139/534/1164 9161/537/1371
f 9161/537/1371 9139/534/1164 9162/554/1215
s 0
f 9140/531/15 9141/612/15 9163/553/15
f 9163/553/15 9141/612/15 9164/608/15
f 9142/612/15 9144/553/15 9165/608/15
f 9144/553/15 9145/562/15 9165/608/15
f 9165/608/15 9145/562/15 9166/607/15
s 1
f 9146/561/1239 9147/560/1239 9169/606/1238
f 9169/606/1238 9147/560/1239 9170/610/1238
f 9148/560/12 9149/559/1409 9173/610/12
f 9173/610/12 9149/559/1409 9175/615/1415
f 9175/615/1415 9149/559/1409 9176/616/1416
f 9149/559/1409 9150/558/1241 9176/616/1416
f 9150/558/1241 9151/557/1410 9176/616/1416
f 9151/557/1410 9153/613/1412 9176/616/1416
f 9177/616/1417 9152/613/1360 9178/557/1418
f 9152/613/1360 9155/614/7 9178/557/1418
f 9178/557/1418 9155/614/7 9179/556/1419
f 9156/614/1420 9159/540/1414 9180/556/1216
f 9180/556/1216 9159/540/1414 9181/555/12
f 9159/540/1414 9160/537/12 9181/555/12
f 9161/537/1371 9162/554/1215 9182/555/1215
f 9182/555/1215 9162/554/1215 9183/564/1260
s 0
f 9184/563/15 9163/553/15 9185/562/15
f 9163/553/15 9164/608/15 9185/562/15
f 9164/608/15 9167/607/15 9185/562/15
s 1
f 9186/561/1421 9168/606/1229 9187/560/1422
f 9168/606/1229 9171/610/1229 9187/560/1422
f 9188/560/12 9172/610/12 9189/559/1228
f 9172/610/12 9174/615/1423 9189/559/1228
f 9174/615/1423 9177/616/1417 9189/559/1228
f 9189/559/1228 9177/616/1417 9190/558/1227
f 9177/616/1417 9178/557/1418 9190/558/1227
f 9190/558/1227 9178/557/1418 9191/566/1260
f 9178/557/1418 9179/556/1419 9191/566/1260
f 9192/566/12 9180/556/1216 9193/565/12
f 9180/556/1216 9181/555/12 9193/565/12
f 9182/555/1215 9183/564/1260 9194/565/1260
f 9194/565/1260 9183/564/1260 9195/574/8
s 0
f 9196/573/15 9184/563/15 9197/572/15
f 9184/563/15 9185/562/15 9197/572/15
s 1
f 9198/571/1214 9186/561/1421 9199/570/1214
f 9186/561/1421 9187/560/1422 9199/570/1214
f 9200/570/12 9188/560/12 9201/569/1218
f 9188/560/12 9189/559/1228 9201/569/1218
f 9201/569/1218 9189/559/1228 9202/568/1217
f 9189/559/1228 9190/558/1227 9202/568/1217
f 9202/568/1217 9190/558/1227 9203/567/8
f 9190/558/1227 9191/566/1260 9203/567/8
s 0
f 9204/567/12 9192/566/12 9205/575/12
f 9192/566/12 9193/565/12 9205/575/12
s 1
f 9194/565/1260 9195/574/8 9206/575/8
f 9206/575/8 9195/574/8 9207/584/1406
s 0
f 9208/583/15 9196/573/15 9209/582/15
f 9196/573/15 9197/572/15 9209/582/15
s 1
f 9210/581/1209 9198/571/1214 9211/580/1297
f 9198/571/1214 9199/570/1214 9211/580/1297
f 9212/580/12 9200/570/12 9213/579/1369
f 9200/570/12 9201/569/1218 9213/579/1369
f 9213/579/1369 9201/569/1218 9214/578/1212
f 9201/569/1218 9202/568/1217 9214/578/1212
f 9214/578/1212 9202/568/1217 9215/577/1257
f 9202/568/1217 9203/567/8 9215/577/1257
s 0
f 9216/577/12 9204/567/12 9217/576/12
f 9204/567/12 9205/575/12 9217/576/12
s 1
f 9206/575/8 9207/584/1406 9218/576/1406
f 9218/576/1406 9207/584/1406 9219/585/1205
s 0
f 9220/593/15 9208/583/15 9221/592/15
f 9208/583/15 9209/582/15 9221/592/15
s 1
f 9222/591/1202 9210/581/1209 9223/590/1202
f 9210/581/1209 9211/580/1297 9223/590/1202
f 9224/590/12 9212/580/12 9225/589/1424
f 9212/580/12 9213/579/1369 9225/589/1424
f 9225/589/1424 9213/579/1369 9226/588/1206
f 9213/579/1369 9214/578/1212 9226/588/1206
f 9226/588/1206 9214/578/1212 9227/587/1205
f 9214/578/1212 9215/577/1257 9227/587/1205
s 0
f 9228/587/12 9216/577/12 9229/586/12
f 9216/577/12 9217/576/12 9229/586/12
s 1
f 9218/576/1406 9219/585/1205 9230/586/1205
f 9230/586/1205 9219/585/1205 9231/596/1204
s 0
f 9220/593/15 9221/592/15 9234/595/15
f 9234/595/15 9221/592/15 9235/594/15
s 1
f 9238/602/1 9222/591/1202 9239/601/1
f 9222/591/1202 9223/590/1202 9239/601/1
f 9242/601/12 9224/590/12 9244/600/1201
f 9224/590/12 9225/589/1424 9244/600/1201
f 9244/600/1201 9225/589/1424 9246/599/1207
f 9225/589/1424 9226/588/1206 9246/599/1207
f 9246/599/1207 9226/588/1206 9247/598/1204
f 9226/588/1206 9227/587/1205 9247/598/1204
s 0
f 9250/598/12 9228/587/12 9251/597/12
f 9228/587/12 9229/586/12 9251/597/12
s 1
f 9230/586/1205 9231/596/1204 9254/597/7
f 9253/597/920 9232/596/920 9256/586/1195
f 9256/586/1195 9232/596/920 9257/585/1195
s 0
f 9258/593/15 9233/595/15 9259/592/15
f 9233/595/15 9236/594/15 9259/592/15
s 1
f 9237/602/1 9240/601/1 9260/591/1199
f 9260/591/1199 9240/601/1 9261/590/1199
f 9241/601/12 9243/600/1201 9262/590/12
f 9262/590/12 9243/600/1201 9263/589/1425
f 9243/600/1201 9245/599/1296 9263/589/1425
f 9263/589/1425 9245/599/1296 9264/588/1197
f 9245/599/1296 9248/598/7 9264/588/1197
f 9264/588/1197 9248/598/7 9265/587/1196
s 0
f 9249/598/12 9252/597/12 9266/587/12
f 9252/597/12 9255/586/12 9266/587/12
f 9266/587/12 9255/586/12 9268/577/12
f 9268/577/12 9255/586/12 9269/576/12
s 1
f 9256/586/1195 9257/585/1195 9270/576/1194
f 9270/576/1194 9257/585/1195 9271/584/1194
s 0
f 9258/593/15 9259/592/15 9272/583/15
f 9272/583/15 9259/592/15 9273/582/15
s 1
f 9260/591/1199 9261/590/1199 9274/581/1193
f 9274/581/1193 9261/590/1199 9275/580/1193
f 9262/590/12 9263/589/1425 9276/580/12
f 9276/580/12 9263/589/1425 9277/579/1191
f 9263/589/1425 9264/588/1197 9277/579/1191
f 9277/579/1191 9264/588/1197 9278/578/1190
f 9264/588/1197 9265/587/1196 9278/578/1190
f 9265/587/1196 9267/577/1189 9278/578/1190
f 9278/578/1190 9267/577/1189 9279/568/1245
f 9279/568/1245 9267/577/1189 9280/567/20
s 0
f 9268/577/12 9269/576/12 9281/567/12
f 9281/567/12 9269/576/12 9282/575/12
s 1
f 9270/576/1194 9271/584/1194 9283/575/20
f 9283/575/20 9271/584/1194 9284/574/20
s 0
f 9272/583/15 9273/582/15 9285/573/15
f 9285/573/15 9273/582/15 9286/572/15
s 1
f 9274/581/1193 9275/580/1193 9287/571/1159
f 9287/571/1159 9275/580/1193 9288/570/1159
f 9276/580/12 9277/579/1191 9289/570/12
f 9289/570/12 9277/579/1191 9290/569/1188
f 9277/579/1191 9278/578/1190 9290/569/1188
f 9278/578/1190 9279/568/1245 9290/569/1188
f 9290/569/1188 9279/568/1245 9291/559/1182
f 9291/559/1182 9279/568/1245 9292/558/1181
f 9279/568/1245 9280/567/20 9292/558/1181
f 9292/558/1181 9280/567/20 9293/566/1185
s 0
f 9281/567/12 9282/575/12 9294/566/12
f 9294/566/12 9282/575/12 9295/565/12
s 1
f 9283/575/20 9284/574/20 9296/565/1184
f 9296/565/1184 9284/574/20 9297/564/1184
s 0
f 9285/573/15 9286/572/15 9298/563/15
f 9298/563/15 9286/572/15 9299/562/15
s 1
f 9287/571/1159 9288/570/1159 9300/561/1344
f 9300/561/1344 9288/570/1159 9301/560/1344
f 9289/570/12 9290/569/1188 9302/560/12
f 9290/569/1188 9291/559/1182 9302/560/12
f 9302/560/12 9291/559/1182 9304/548/1285
f 8968/546/731 9304/548/1285 9305/547/1426
f 9304/548/1285 9291/559/1182 9305/547/1426
f 9291/559/1182 9292/558/1181 9305/547/1426
f 9305/547/1426 9292/558/1181 9306/557/1290
f 9292/558/1181 9293/566/1185 9306/557/1290
f 9306/557/1290 9293/566/1185 9307/556/1289
s 0
f 9294/566/12 9295/565/12 9308/556/12
f 9308/556/12 9295/565/12 9309/555/12
s 1
f 9296/565/1184 9297/564/1184 9310/555/1179
f 9310/555/1179 9297/564/1184 9311/554/1179
s 0
f 9298/563/15 9299/562/15 9312/553/15
f 9312/553/15 9299/562/15 9313/552/15
s 1
f 9300/561/1344 9301/560/1344 9314/550/1287
f 9301/560/1344 9303/548/1286 9314/550/1287
f 9314/550/1287 9303/548/1286 9318/549/1341
f 9303/548/1286 8965/546/1341 9318/549/1341
f 8966/546/1336 8951/548/1273 9317/549/1336
f 9317/549/1336 8951/548/1273 9319/550/1427
f 8951/548/1273 8954/560/1328 9319/550/1427
f 8954/560/1328 8955/561/1328 9319/550/1427
s 0
f 9320/552/15 8956/562/15 9321/553/15
f 8956/562/15 8957/563/15 9321/553/15
s 1
f 9322/554/1262 8958/564/1263 9323/555/1262
f 8958/564/1263 8959/565/1260 9323/555/1262
s 0
f 8960/565/12 8961/556/12 9324/555/12
f 9324/555/12 8961/556/12 9325/540/12
s 1
f 9326/540/1163 8962/556/1262 9327/542/1269
f 8962/556/1262 8963/557/1325 9327/542/1269
f 9327/542/1269 8963/557/1325 9328/543/1270
f 8963/557/1325 8964/547/1399 9328/543/1270
f 8964/547/1399 8967/546/731 9328/543/1270
f 9328/543/1270 8967/546/731 9329/545/1277
f 9330/545/1277 8968/546/731 9331/543/1282
f 8968/546/731 9305/547/1426 9331/543/1282
f 9305/547/1426 9306/557/1290 9331/543/1282
f 9331/543/1282 9306/557/1290 9332/542/1281
f 9306/557/1290 9307/556/1289 9332/542/1281
f 9332/542/1281 9307/556/1289 9333/540/1167
s 0
f 9308/556/12 9309/555/12 9334/540/12
f 9334/540/12 9309/555/12 9335/537/12
s 1
f 9310/555/1179 9311/554/1179 9336/537/1220
f 9336/537/1220 9311/554/1179 9337/534/1170
s 0
f 9312/553/15 9313/552/15 9338/531/15
f 9338/531/15 9313/552/15 9339/538/15
f 9313/552/15 9315/551/15 9339/538/15
f 9316/551/15 9320/552/15 9340/538/15
f 9340/538/15 9320/552/15 9341/531/15
f 9320/552/15 9321/553/15 9341/531/15
s 1
f 9342/534/1163 9322/554/1262 9343/537/1371
f 9322/554/1262 9323/555/1262 9343/537/1371
s 0
f 9324/555/12 9325/540/12 9344/537/12
f 9344/537/12 9325/540/12 9346/536/12
s 1
f 9345/536/1160 9326/540/1163 9347/541/1428
f 9326/540/1163 9327/542/1269 9347/541/1428
f 9327/542/1269 9328/543/1270 9347/541/1428
f 9347/541/1428 9328/543/1270 9348/544/1276
f 9348/544/1276 9328/543/1270 9350/544/12
f 9328/543/1270 9329/545/1277 9350/544/12
f 9330/545/1277 9331/543/1282 9349/544/12
f 9349/544/12 9331/543/1282 9351/544/1339
f 9351/544/1339 9331/543/1282 9352/541/1280
f 9331/543/1282 9332/542/1281 9352/541/1280
f 9332/542/1281 9333/540/1167 9352/541/1280
f 9352/541/1280 9333/540/1167 9354/536/1168
s 0
f 9334/540/12 9335/537/12 9353/536/12
f 9353/536/12 9335/537/12 9356/535/12
s 1
f 9336/537/1220 9337/534/1170 9355/535/1165
f 9355/535/1165 9337/534/1170 9358/533/1168
s 0
f 9357/532/15 9338/531/15 9360/539/15
f 9338/531/15 9339/538/15 9360/539/15
f 9340/538/15 9341/531/15 9359/539/15
f 9359/539/15 9341/531/15 9362/532/15
s 1
f 9361/533/1160 9342/534/1163 9364/535/1160
f 9342/534/1163 9343/537/1371 9364/535/1160
s 0
f 9344/537/12 9346/536/12 9363/535/12
f 9366/530/12 9367/532/12 9369/531/12
s 1
f 9368/533/1162 9371/535/1162 9370/534/1161
f 9370/534/1161 9371/535/1162 9373/537/1161
s 0
f 9372/535/15 9375/536/15 9374/537/15
f 9378/530/12 9379/532/12 9381/531/12
s 1
f 9380/533/1160 9383/535/1160 9382/534/1371
f 9382/534/1371 9383/535/1160 9385/537/1371
s 0
f 9384/535/15 9387/536/15 9386/537/15
f 9390/530/12 9391/532/12 9393/531/12
s 1
f 9392/533/1162 9395/535/1162 9394/534/1161
f 9394/534/1161 9395/535/1162 9397/537/1161
s 0
f 9396/535/15 9399/536/15 9398/537/15
f 9402/530/12 9403/532/12 9405/531/12
s 1
f 9404/533/1162 9407/535/1162 9406/534/1164
f 9406/534/1164 9407/535/1162 9409/537/1371
s 0
f 9408/535/15 9411/536/15 9410/537/15
f 9413/538/12 9415/531/12 9416/539/12
f 9416/539/12 9415/531/12 9418/532/12
s 1
f 9417/533/1165 9414/534/1166 9420/535/1165
f 9422/546/1429 9423/545/15 9424/543/1430
f 9423/545/15 9425/544/15 9424/543/1430
f 9425/544/15 9426/544/1431 9424/543/1430
f 9426/544/1431 9427/541/1432 9424/543/1430
f 9424/543/1430 9427/541/1432 9428/542/1433
f 9428/542/1433 9427/541/1432 9429/540/1170
f 9427/541/1432 9431/536/1168 9429/540/1170
s 0
f 9430/540/15 9432/536/15 9433/537/15
f 9432/536/15 9419/535/15 9433/537/15
s 1
f 9420/535/1165 9414/534/1166 9434/537/1220
f 9434/537/1220 9414/534/1166 9435/554/1179
s 0
f 9436/553/12 9415/531/12 9437/552/12
f 9415/531/12 9413/538/12 9437/552/12
f 9413/538/12 9439/551/12 9437/552/12
s 1
f 9438/550/1178 9440/549/1177 9441/548/1287
f 9440/549/1177 9421/546/1177 9441/548/1287
f 9442/548/1434 9422/546/1429 9443/547/1435
f 9422/546/1429 9424/543/1430 9443/547/1435
f 9443/547/1435 9424/543/1430 9444/557/1436
f 9424/543/1430 9428/542/1433 9444/557/1436
f 9444/557/1436 9428/542/1433 9445/556/1289
f 9428/542/1433 9429/540/1170 9445/556/1289
s 0
f 9446/556/15 9430/540/15 9447/555/15
f 9430/540/15 9433/537/15 9447/555/15
s 1
f 9434/537/1220 9435/554/1179 9448/555/1307
f 9448/555/1307 9435/554/1179 9449/564/1184
s 0
f 9450/563/12 9436/553/12 9451/562/12
f 9436/553/12 9437/552/12 9451/562/12
s 1
f 9452/561/1183 9438/550/1178 9453/560/1183
f 9438/550/1178 9441/548/1287 9453/560/1183
f 9454/560/15 9442/548/1434 9455/559/1437
f 9442/548/1434 9443/547/1435 9455/559/1437
f 9455/559/1437 9443/547/1435 9456/558/1438
f 9443/547/1435 9444/557/1436 9456/558/1438
f 9456/558/1438 9444/557/1436 9457/566/1291
f 9444/557/1436 9445/556/1289 9457/566/1291
s 0
f 9458/566/15 9446/556/15 9459/565/15
f 9446/556/15 9447/555/15 9459/565/15
s 1
f 9448/555/1307 9449/564/1184 9460/565/1184
f 9460/565/1184 9449/564/1184 9461/574/20
s 0
f 9462/573/12 9450/563/12 9463/572/12
f 9450/563/12 9451/562/12 9463/572/12
s 1
f 9464/571/1159 9452/561/1183 9465/570/1159
f 9452/561/1183 9453/560/1183 9465/570/1159
f 9466/570/15 9454/560/15 9467/569/1439
f 9454/560/15 9455/559/1437 9467/569/1439
f 9467/569/1439 9455/559/1437 9468/568/1440
f 9455/559/1437 9456/558/1438 9468/568/1440
f 9468/568/1440 9456/558/1438 9469/567/1292
f 9456/558/1438 9457/566/1291 9469/567/1292
s 0
f 9470/567/15 9458/566/15 9471/575/15
f 9458/566/15 9459/565/15 9471/575/15
s 1
f 9460/565/1184 9461/574/20 9472/575/20
f 9472/575/20 9461/574/20 9473/584/1194
s 0
f 9474/583/12 9462/573/12 9475/582/12
f 9462/573/12 9463/572/12 9475/582/12
s 1
f 9476/581/1193 9464/571/1159 9477/580/1192
f 9464/571/1159 9465/570/1159 9477/580/1192
f 9478/580/15 9466/570/15 9479/579/1441
f 9466/570/15 9467/569/1439 9479/579/1441
f 9479/579/1441 9467/569/1439 9480/578/1442
f 9467/569/1439 9468/568/1440 9480/578/1442
f 9480/578/1442 9468/568/1440 9481/577/1189
f 9468/568/1440 9469/567/1292 9481/577/1189
s 0
f 9482/577/15 9470/567/15 9483/576/15
f 9470/567/15 9471/575/15 9483/576/15
s 1
f 9472/575/20 9473/584/1194 9484/576/1194
f 9484/576/1194 9473/584/1194 9485/585/1195
s 0
f 9486/593/12 9474/583/12 9487/592/12
f 9474/583/12 9475/582/12 9487/592/12
s 1
f 9488/591/1199 9476/581/1193 9489/590/1199
f 9476/581/1193 9477/580/1192 9489/590/1199
f 9490/590/15 9478/580/15 9491/589/1443
f 9478/580/15 9479/579/1441 9491/589/1443
f 9491/589/1443 9479/579/1441 9492/588/1444
f 9479/579/1441 9480/578/1442 9492/588/1444
f 9492/588/1444 9480/578/1442 9493/587/1196
f 9480/578/1442 9481/577/1189 9493/587/1196
s 0
f 9494/587/15 9482/577/15 9495/586/15
f 9482/577/15 9483/576/15 9495/586/15
s 1
f 9484/576/1194 9485/585/1195 9496/586/1195
f 9496/586/1195 9485/585/1195 9497/596/920
s 0
f 9486/593/12 9487/592/12 9500/595/12
f 9500/595/12 9487/592/12 9501/594/12
s 1
f 9504/602/1 9488/591/1199 9505/601/1
f 9488/591/1199 9489/590/1199 9505/601/1
f 9508/601/15 9490/590/15 9510/600/1445
f 9490/590/15 9491/589/1443 9510/600/1445
f 9510/600/1445 9491/589/1443 9512/599/1446
f 9491/589/1443 9492/588/1444 9512/599/1446
f 9512/599/1446 9492/588/1444 9513/598/7
f 9492/588/1444 9493/587/1196 9513/598/7
s 0
f 9516/598/15 9494/587/15 9517/597/15
f 9494/587/15 9495/586/15 9517/597/15
s 1
f 9496/586/1195 9497/596/920 9520/597/920
f 9519/597/1204 9498/596/1204 9522/586/1205
f 9522/586/1205 9498/596/1204 9523/585/1205
s 0
f 9526/583/12 9524/593/12 9527/592/12
f 9524/593/12 9499/595/12 9527/592/12
f 9499/595/12 9502/594/12 9527/592/12
s 1
f 9503/602/1 9506/601/1 9528/591/1202
f 9528/591/1202 9506/601/1 9529/590/1202
f 9507/601/15 9509/600/1445 9530/590/15
f 9530/590/15 9509/600/1445 9531/589/1447
f 9509/600/1445 9511/599/1448 9531/589/1447
f 9531/589/1447 9511/599/1448 9532/588/1449
f 9511/599/1448 9514/598/7 9532/588/1449
f 9532/588/1449 9514/598/7 9533/587/1205
s 0
f 9515/598/15 9518/597/15 9534/587/15
f 9518/597/15 9521/586/15 9534/587/15
f 9534/587/15 9521/586/15 9536/577/15
f 9536/577/15 9521/586/15 9537/576/15
s 1
f 9522/586/1205 9523/585/1205 9538/576/1211
f 9523/585/1205 9525/584/1211 9538/576/1211
f 9538/576/1211 9525/584/1211 9540/575/8
f 9542/565/1210 9540/575/8 9543/574/8
f 9540/575/8 9525/584/1211 9543/574/8
s 0
f 9544/573/12 9526/583/12 9545/582/12
f 9526/583/12 9527/592/12 9545/582/12
s 1
f 9528/591/1202 9529/590/1202 9546/581/1297
f 9546/581/1297 9529/590/1202 9547/580/1209
f 9530/590/15 9531/589/1447 9548/580/15
f 9548/580/15 9531/589/1447 9549/579/1450
f 9531/589/1447 9532/588/1449 9549/579/1450
f 9549/579/1450 9532/588/1449 9550/578/1451
f 9532/588/1449 9533/587/1205 9550/578/1451
f 9533/587/1205 9535/577/1257 9550/578/1451
f 9550/578/1451 9535/577/1257 9551/568/1452
f 9551/568/1452 9535/577/1257 9552/567/1261
s 0
f 9536/577/15 9537/576/15 9553/567/15
f 9537/576/15 9539/575/15 9553/567/15
f 9553/567/15 9539/575/15 9555/566/15
f 9539/575/15 9541/565/15 9555/566/15
s 1
f 9555/566/15 9541/565/15 9558/556/1453
f 9558/556/1453 9541/565/15 9559/555/15
f 9560/555/1215 9542/565/1210 9561/564/1210
f 9542/565/1210 9543/574/8 9561/564/1210
s 0
f 9562/563/12 9544/573/12 9563/572/12
f 9544/573/12 9545/582/12 9563/572/12
s 1
f 9546/581/1297 9547/580/1209 9564/571/1214
f 9564/571/1214 9547/580/1209 9565/570/1214
f 9548/580/15 9549/579/1450 9566/570/15
f 9566/570/15 9549/579/1450 9567/569/1454
f 9549/579/1450 9550/578/1451 9567/569/1454
f 9550/578/1451 9551/568/1452 9567/569/1454
f 9567/569/1454 9551/568/1452 9568/559/1455
f 9568/559/1455 9551/568/1452 9569/558/1456
f 9551/568/1452 9552/567/1261 9569/558/1456
f 9552/567/1261 9554/566/1355 9569/558/1456
f 9569/558/1456 9554/566/1355 9570/557/1457
f 9554/566/1355 9556/556/1223 9570/557/1457
f 9570/557/1457 9556/556/1223 9572/605/1458
f 9572/605/1458 9556/556/1223 9573/604/1204
f 9576/604/1459 9557/556/1453 9578/540/1460
f 9558/556/1453 9559/555/15 9577/540/1460
f 9559/555/15 9410/537/15 9577/540/1460
f 9410/537/15 9411/536/15 9577/540/1460
f 9580/540/1460 9412/536/15 9581/537/15
s 0
f 9412/536/15 9583/535/15 9581/537/15
s 1
f 9582/537/1220 9584/535/1165 9585/534/1166
f 9584/535/1165 9587/533/1165 9585/534/1166
s 0
f 9588/532/12 9401/530/12 9586/531/12
f 9586/531/12 9401/530/12 9589/603/12
f 9402/530/12 9405/531/12 9590/603/12
f 9590/603/12 9405/531/12 9592/553/12
s 1
f 9406/534/1164 9409/537/1371 9591/554/1215
f 9409/537/1371 9560/555/1215 9591/554/1215
f 9560/555/1215 9561/564/1210 9591/554/1215
s 0
f 9592/553/12 9562/563/12 9593/562/12
f 9562/563/12 9563/572/12 9593/562/12
s 1
f 9564/571/1214 9565/570/1214 9594/561/1219
f 9594/561/1219 9565/570/1214 9595/560/1301
f 9566/570/15 9567/569/1454 9596/560/15
f 9567/569/1454 9568/559/1455 9596/560/15
f 9596/560/15 9568/559/1455 9600/610/15
f 9600/610/15 9568/559/1455 9602/609/1461
f 9602/609/1461 9568/559/1455 9603/547/1462
f 9568/559/1455 9569/558/1456 9603/547/1462
f 9569/558/1456 9570/557/1457 9603/547/1462
f 9570/557/1457 9572/605/1458 9603/547/1462
f 9604/547/1463 9571/605/1464 9605/557/1465
f 9605/557/1465 9571/605/1464 9606/556/1466
f 9571/605/1464 9574/604/7 9606/556/1466
f 9575/604/1467 9579/540/1468 9608/556/1469
f 9607/556/1469 9580/540/1460 9609/555/15
f 9580/540/1460 9581/537/15 9609/555/15
f 9610/555/1179 9582/537/1220 9611/554/1179
f 9582/537/1220 9585/534/1166 9611/554/1179
s 0
f 9586/531/12 9589/603/12 9612/553/12
f 9612/553/12 9589/603/12 9613/608/12
f 9590/603/12 9592/553/12 9614/608/12
f 9592/553/12 9593/562/12 9614/608/12
f 9614/608/12 9593/562/12 9615/607/12
s 1
f 9594/561/1219 9595/560/1301 9618/606/1305
f 9595/560/1301 9597/610/1229 9618/606/1305
f 9617/606/1238 9598/610/1238 9619/560/1239
f 9620/560/15 9599/610/15 9621/559/1470
f 9599/610/15 9601/609/1471 9621/559/1470
f 9601/609/1471 9604/547/1463 9621/559/1470
f 9621/559/1470 9604/547/1463 9622/558/1472
f 9604/547/1463 9605/557/1465 9622/558/1472
f 9622/558/1472 9605/557/1465 9623/566/1184
f 9605/557/1465 9606/556/1466 9623/566/1184
f 9624/566/15 9607/556/1469 9625/565/15
f 9607/556/1469 9609/555/15 9625/565/15
f 9626/565/1240 9610/555/1179 9627/564/1240
f 9610/555/1179 9611/554/1179 9627/564/1240
s 0
f 9628/563/12 9612/553/12 9629/562/12
f 9612/553/12 9613/608/12 9629/562/12
f 9613/608/12 9616/607/12 9629/562/12
s 1
f 9617/606/1238 9619/560/1239 9630/561/1239
f 9630/561/1239 9619/560/1239 9631/570/1159
f 9632/570/15 9620/560/15 9633/569/1473
f 9620/560/15 9621/559/1470 9633/569/1473
f 9633/569/1473 9621/559/1470 9634/568/1474
f 9621/559/1470 9622/558/1472 9634/568/1474
f 9634/568/1474 9622/558/1472 9635/567/1475
f 9622/558/1472 9623/566/1184 9635/567/1475
s 0
f 9636/567/15 9624/566/15 9637/575/15
f 9624/566/15 9625/565/15 9637/575/15
s 1
f 9638/575/20 9626/565/1240 9639/574/20
f 9626/565/1240 9627/564/1240 9639/574/20
s 0
f 9640/573/12 9628/563/12 9641/572/12
f 9628/563/12 9629/562/12 9641/572/12
s 1
f 9630/561/1239 9631/570/1159 9642/571/1159
f 9642/571/1159 9631/570/1159 9643/580/1193
f 9644/580/15 9632/570/15 9645/579/1441
f 9632/570/15 9633/569/1473 9645/579/1441
f 9645/579/1441 9633/569/1473 9646/578/1442
f 9633/569/1473 9634/568/1474 9646/578/1442
f 9646/578/1442 9634/568/1474 9647/577/1248
f 9634/568/1474 9635/567/1475 9647/577/1248
s 0
f 9648/577/15 9636/567/15 9649/576/15
f 9636/567/15 9637/575/15 9649/576/15
s 1
f 9650/576/1247 9638/575/20 9651/584/1247
f 9638/575/20 9639/574/20 9651/584/1247
s 0
f 9652/583/12 9640/573/12 9653/582/12
f 9640/573/12 9641/572/12 9653/582/12
s 1
f 9642/571/1159 9643/580/1193 9654/581/1476
f 9654/581/1476 9643/580/1193 9655/590/1250
f 9656/590/15 9644/580/15 9657/589/1477
f 9644/580/15 9645/579/1441 9657/589/1477
f 9657/589/1477 9645/579/1441 9658/588/1444
f 9645/579/1441 9646/578/1442 9658/588/1444
f 9658/588/1444 9646/578/1442 9659/587/1196
f 9646/578/1442 9647/577/1248 9659/587/1196
s 0
f 9660/587/15 9648/577/15 9661/586/15
f 9648/577/15 9649/576/15 9661/586/15
s 1
f 9662/586/1196 9650/576/1247 9663/585/1196
f 9650/576/1247 9651/584/1247 9663/585/1196
s 0
f 9664/593/12 9652/583/12 9665/592/12
f 9652/583/12 9653/582/12 9665/592/12
s 1
f 9654/581/1476 9655/590/1250 9666/591/1250
f 9670/602/1 9666/591/1250 9671/601/1
f 9666/591/1250 9655/590/1250 9671/601/1
f 9674/601/15 9656/590/15 9676/600/1445
f 9656/590/15 9657/589/1477 9676/600/1445
f 9676/600/1445 9657/589/1477 9678/599/1478
f 9657/589/1477 9658/588/1444 9678/599/1478
f 9678/599/1478 9658/588/1444 9679/598/7
f 9658/588/1444 9659/587/1196 9679/598/7
s 0
f 9682/598/15 9660/587/15 9683/597/15
f 9660/587/15 9661/586/15 9683/597/15
s 1
f 9686/597/920 9662/586/1196 9687/596/920
f 9662/586/1196 9663/585/1196 9687/596/920
s 0
f 9664/593/12 9665/592/12 9690/595/12
f 9665/592/12 9667/594/12 9690/595/12
f 9689/595/12 9668/594/12 9691/592/12
s 1
f 9669/602/1 9672/601/1 9692/591/1255
f 9692/591/1255 9672/601/1 9693/590/1255
f 9673/601/15 9675/600/1445 9694/590/15
f 9694/590/15 9675/600/1445 9695/589/1479
f 9675/600/1445 9677/599/1480 9695/589/1479
f 9695/589/1479 9677/599/1480 9696/588/1449
f 9677/599/1480 9680/598/7 9696/588/1449
f 9696/588/1449 9680/598/7 9697/587/1205
s 0
f 9681/598/15 9684/597/15 9698/587/15
f 9698/587/15 9684/597/15 9699/586/15
s 1
f 9685/597/1204 9688/596/1204 9700/586/1203
f 9700/586/1203 9688/596/1204 9701/585/1203
s 0
f 9689/595/12 9691/592/12 9702/593/12
f 9702/593/12 9691/592/12 9704/583/12
f 9706/573/12 9704/583/12 9707/582/12
f 9704/583/12 9691/592/12 9707/582/12
s 1
f 9692/591/1255 9693/590/1255 9708/581/1209
f 9708/581/1209 9693/590/1255 9709/580/1259
f 9694/590/15 9695/589/1479 9710/580/15
f 9710/580/15 9695/589/1479 9711/579/1481
f 9695/589/1479 9696/588/1449 9711/579/1481
f 9711/579/1481 9696/588/1449 9712/578/1482
f 9696/588/1449 9697/587/1205 9712/578/1482
f 9712/578/1482 9697/587/1205 9713/577/1257
s 0
f 9698/587/15 9699/586/15 9714/577/15
f 9714/577/15 9699/586/15 9715/576/15
s 1
f 9700/586/1203 9701/585/1203 9716/576/1256
f 9701/585/1203 9703/584/1256 9716/576/1256
f 9716/576/1256 9703/584/1256 9718/575/8
f 9703/584/1256 9705/574/8 9718/575/8
f 9718/575/8 9705/574/8 9720/565/1210
f 9720/565/1210 9705/574/8 9721/564/1210
s 0
f 9722/563/12 9706/573/12 9723/572/12
f 9706/573/12 9707/582/12 9723/572/12
s 1
f 9708/581/1209 9709/580/1259 9724/571/1214
f 9724/571/1214 9709/580/1259 9725/570/1214
f 9710/580/15 9711/579/1481 9726/570/15
f 9726/570/15 9711/579/1481 9727/569/1483
f 9711/579/1481 9712/578/1482 9727/569/1483
f 9727/569/1483 9712/578/1482 9728/568/1484
f 9712/578/1482 9713/577/1257 9728/568/1484
f 9728/568/1484 9713/577/1257 9729/567/9
s 0
f 9714/577/15 9715/576/15 9730/567/15
f 9715/576/15 9717/575/15 9730/567/15
f 9730/567/15 9717/575/15 9732/566/15
f 9717/575/15 9719/565/15 9732/566/15
f 9732/566/15 9719/565/15 9734/556/15
f 9734/556/15 9719/565/15 9735/555/15
s 1
f 9720/565/1210 9721/564/1210 9736/555/1215
f 9736/555/1215 9721/564/1210 9737/554/1215
s 0
f 9738/553/12 9722/563/12 9739/562/12
f 9722/563/12 9723/572/12 9739/562/12
s 1
f 9724/571/1214 9725/570/1214 9740/561/1267
f 9740/561/1267 9725/570/1214 9741/560/1267
f 9726/570/15 9727/569/1483 9742/560/15
f 9742/560/15 9727/569/1483 9743/559/1485
f 9727/569/1483 9728/568/1484 9743/559/1485
f 9743/559/1485 9728/568/1484 9744/558/1486
f 9728/568/1484 9729/567/9 9744/558/1486
f 9729/567/9 9731/566/1355 9744/558/1486
f 9744/558/1486 9731/566/1355 9745/557/1487
f 9731/566/1355 9733/556/1262 9745/557/1487
f 9745/557/1487 9733/556/1262 9746/542/1488
f 9746/542/1488 9733/556/1262 9747/540/1163
s 0
f 9734/556/15 9735/555/15 9748/540/15
f 9748/540/15 9735/555/15 9749/537/15
s 1
f 9736/555/1215 9737/554/1215 9750/537/1371
f 9750/537/1371 9737/554/1215 9751/534/1164
s 0
f 9752/531/12 9738/553/12 9753/552/12
f 9738/553/12 9739/562/12 9753/552/12
s 1
f 9740/561/1267 9741/560/1267 9754/550/1427
f 9754/550/1427 9741/560/1267 9755/548/1489
f 9742/560/15 9743/559/1485 9756/548/1490
f 9756/548/1490 9743/559/1485 9757/547/1491
f 9743/559/1485 9744/558/1486 9757/547/1491
f 9744/558/1486 9745/557/1487 9757/547/1491
f 9757/547/1491 9745/557/1487 9758/543/1492
f 9745/557/1487 9746/542/1488 9758/543/1492
f 9760/545/1493 9758/543/1492 9761/544/15
f 9761/544/15 9758/543/1492 9763/544/1494
f 9763/544/1494 9758/543/1492 9764/541/1495
f 9758/543/1492 9746/542/1488 9764/541/1495
f 9746/542/1488 9747/540/1163 9764/541/1495
f 9764/541/1495 9747/540/1163 9766/536/1160
s 0
f 9748/540/15 9749/537/15 9765/536/15
f 9765/536/15 9749/537/15 9768/535/15
s 1
f 9750/537/1371 9751/534/1164 9767/535/1162
f 9767/535/1162 9751/534/1164 9770/533/1162
s 0
f 9769/532/12 9752/531/12 9772/539/12
s 1
f 9774/535/1165 9775/533/1165 9777/534/1279
s 0
f 9776/532/12 9771/539/12 9778/531/12
f 9778/531/12 9771/539/12 9779/538/12
f 9772/539/12 9752/531/12 9780/538/12
f 9752/531/12 9753/552/12 9780/538/12
f 9780/538/12 9753/552/12 9781/551/12
s 1
f 9754/550/1427 9755/548/1489 9784/549/1336
f 9784/549/1336 9755/548/1489 9785/546/1336
f 9756/548/1490 9757/547/1491 9788/546/727
f 9757/547/1491 9758/543/1492 9788/546/727
f 9758/543/1492 9760/545/1493 9788/546/727
f 9787/546/727 9759/545/1493 9789/543/1496
f 9759/545/1493 9762/544/15 9789/543/1496
f 9762/544/15 9790/544/1497 9789/543/1496
f 9790/544/1497 9791/541/1498 9789/543/1496
f 9789/543/1496 9791/541/1498 9792/542/1499
f 9792/542/1499 9791/541/1498 9793/540/1167
f 9791/541/1498 9795/536/1168 9793/540/1167
s 0
f 9794/540/15 9796/536/15 9797/537/15
f 9796/536/15 9773/535/15 9797/537/15
s 1
f 9774/535/1165 9777/534/1279 9798/537/1279
f 9798/537/1279 9777/534/1279 9799/554/1289
s 0
f 9800/553/12 9778/531/12 9801/552/12
f 9778/531/12 9779/538/12 9801/552/12
f 9779/538/12 9782/551/12 9801/552/12
s 1
f 9802/550/1287 9783/549/1177 9803/548/1286
f 9783/549/1177 9786/546/1177 9803/548/1286
f 9804/548/1500 9787/546/727 9805/547/1501
f 9787/546/727 9789/543/1496 9805/547/1501
f 9805/547/1501 9789/543/1496 9806/557/1502
f 9789/543/1496 9792/542/1499 9806/557/1502
f 9806/557/1502 9792/542/1499 9807/556/1503
f 9792/542/1499 9793/540/1167 9807/556/1503
s 0
f 9808/556/15 9794/540/15 9809/555/15
f 9794/540/15 9797/537/15 9809/555/15
s 1
f 9798/537/1279 9799/554/1289 9810/555/1289
f 9810/555/1289 9799/554/1289 9811/564/1184
s 0
f 9812/563/12 9800/553/12 9813/562/12
f 9800/553/12 9801/552/12 9813/562/12
s 1
f 9814/561/1183 9802/550/1287 9815/560/1183
f 9802/550/1287 9803/548/1286 9815/560/1183
f 9816/560/15 9804/548/1500 9817/559/1504
f 9804/548/1500 9805/547/1501 9817/559/1504
f 9817/559/1504 9805/547/1501 9818/558/1438
f 9805/547/1501 9806/557/1502 9818/558/1438
f 9818/558/1438 9806/557/1502 9819/566/1291
f 9806/557/1502 9807/556/1503 9819/566/1291
s 0
f 9820/566/15 9808/556/15 9821/565/15
f 9808/556/15 9809/555/15 9821/565/15
s 1
f 9810/555/1289 9811/564/1184 9822/565/1184
f 9822/565/1184 9811/564/1184 9823/574/20
s 0
f 9824/573/12 9812/563/12 9825/572/12
f 9812/563/12 9813/562/12 9825/572/12
s 1
f 9826/571/1159 9814/561/1183 9827/570/1159
f 9814/561/1183 9815/560/1183 9827/570/1159
f 9828/570/15 9816/560/15 9829/569/1505
f 9816/560/15 9817/559/1504 9829/569/1505
f 9829/569/1505 9817/559/1504 9830/568/1440
f 9817/559/1504 9818/558/1438 9830/568/1440
f 9830/568/1440 9818/558/1438 9831/567/1475
f 9818/558/1438 9819/566/1291 9831/567/1475
s 0
f 9832/567/15 9820/566/15 9833/575/15
f 9820/566/15 9821/565/15 9833/575/15
s 1
f 9822/565/1184 9823/574/20 9834/575/20
f 9834/575/20 9823/574/20 9835/584/1248
s 0
f 9836/583/12 9824/573/12 9837/582/12
f 9824/573/12 9825/572/12 9837/582/12
s 1
f 9838/581/1192 9826/571/1159 9839/580/1193
f 9826/571/1159 9827/570/1159 9839/580/1193
f 9840/580/15 9828/570/15 9841/579/1506
f 9828/570/15 9829/569/1505 9841/579/1506
f 9841/579/1506 9829/569/1505 9842/578/1442
f 9829/569/1505 9830/568/1440 9842/578/1442
f 9842/578/1442 9830/568/1440 9843/577/1189
f 9830/568/1440 9831/567/1475 9843/577/1189
s 0
f 9844/577/15 9832/567/15 9845/576/15
f 9832/567/15 9833/575/15 9845/576/15
s 1
f 9834/575/20 9835/584/1248 9846/576/1248
f 9846/576/1248 9835/584/1248 9847/585/1195
s 0
f 9848/593/12 9836/583/12 9849/592/12
f 9836/583/12 9837/582/12 9849/592/12
s 1
f 9850/591/1199 9838/581/1192 9851/590/1199
f 9838/581/1192 9839/580/1193 9851/590/1199
f 9852/590/15 9840/580/15 9853/589/1443
f 9840/580/15 9841/579/1506 9853/589/1443
f 9853/589/1443 9841/579/1506 9854/588/1444
f 9841/579/1506 9842/578/1442 9854/588/1444
f 9854/588/1444 9842/578/1442 9855/587/1196
f 9842/578/1442 9843/577/1189 9855/587/1196
s 0
f 9856/587/15 9844/577/15 9857/586/15
f 9844/577/15 9845/576/15 9857/586/15
s 1
f 9846/576/1248 9847/585/1195 9858/586/1294
f 9858/586/1294 9847/585/1195 9859/596/7
s 0
f 9848/593/12 9849/592/12 9862/595/12
f 9862/595/12 9849/592/12 9863/594/12
s 1
f 9866/602/1 9850/591/1199 9867/601/1
f 9850/591/1199 9851/590/1199 9867/601/1
f 9870/601/15 9852/590/15 9872/600/1445
f 9852/590/15 9853/589/1443 9872/600/1445
f 9872/600/1445 9853/589/1443 9874/599/1446
f 9853/589/1443 9854/588/1444 9874/599/1446
f 9874/599/1446 9854/588/1444 9875/598/7
f 9854/588/1444 9855/587/1196 9875/598/7
s 0
f 9878/598/15 9856/587/15 9879/597/15
f 9856/587/15 9857/586/15 9879/597/15
s 1
f 9858/586/1294 9859/596/7 9882/597/920
f 9881/597/1204 9860/596/1204 9884/586/1203
f 9884/586/1203 9860/596/1204 9885/585/1205
s 0
f 9888/583/12 9886/593/12 9889/592/12
f 9886/593/12 9861/595/12 9889/592/12
f 9861/595/12 9864/594/12 9889/592/12
s 1
f 9865/602/1 9868/601/1 9890/591/1202
f 9890/591/1202 9868/601/1 9891/590/1202
f 9869/601/15 9871/600/1445 9892/590/15
f 9892/590/15 9871/600/1445 9893/589/1507
f 9871/600/1445 9873/599/1448 9893/589/1507
f 9893/589/1507 9873/599/1448 9894/588/1449
f 9873/599/1448 9876/598/7 9894/588/1449
f 9894/588/1449 9876/598/7 9895/587/1205
s 0
f 9877/598/15 9880/597/15 9896/587/15
f 9880/597/15 9883/586/15 9896/587/15
f 9896/587/15 9883/586/15 9898/577/15
f 9898/577/15 9883/586/15 9899/576/15
s 1
f 9884/586/1203 9885/585/1205 9900/576/1211
f 9885/585/1205 9887/584/1211 9900/576/1211
f 9900/576/1211 9887/584/1211 9902/575/8
f 9904/565/1263 9902/575/8 9905/574/8
f 9902/575/8 9887/584/1211 9905/574/8
s 0
f 9906/573/12 9888/583/12 9907/582/12
f 9888/583/12 9889/592/12 9907/582/12
s 1
f 9890/591/1202 9891/590/1202 9908/581/1297
f 9908/581/1297 9891/590/1202 9909/580/1209
f 9892/590/15 9893/589/1507 9910/580/15
f 9910/580/15 9893/589/1507 9911/579/1508
f 9893/589/1507 9894/588/1449 9911/579/1508
f 9911/579/1508 9894/588/1449 9912/578/1509
f 9894/588/1449 9895/587/1205 9912/578/1509
f 9895/587/1205 9897/577/1211 9912/578/1509
f 9912/578/1509 9897/577/1211 9913/568/1452
f 9913/568/1452 9897/577/1211 9914/567/8
s 0
f 9898/577/15 9899/576/15 9915/567/15
f 9899/576/15 9901/575/15 9915/567/15
f 9915/567/15 9901/575/15 9917/566/15
f 9901/575/15 9903/565/15 9917/566/15
f 9917/566/15 9903/565/15 9920/556/15
f 9920/556/15 9903/565/15 9921/555/15
s 1
f 9922/555/1298 9904/565/1263 9923/564/1263
f 9904/565/1263 9905/574/8 9923/564/1263
s 0
f 9924/563/12 9906/573/12 9925/572/12
f 9906/573/12 9907/582/12 9925/572/12
s 1
f 9908/581/1297 9909/580/1209 9926/571/5
f 9926/571/5 9909/580/1209 9927/570/10
f 9910/580/15 9911/579/1508 9928/570/15
f 9928/570/15 9911/579/1508 9929/569/1454
f 9911/579/1508 9912/578/1509 9929/569/1454
f 9912/578/1509 9913/568/1452 9929/569/1454
f 9929/569/1454 9913/568/1452 9930/559/1510
f 9930/559/1510 9913/568/1452 9931/558/1456
f 9913/568/1452 9914/567/8 9931/558/1456
f 9914/567/8 9916/566/1355 9931/558/1456
f 9931/558/1456 9916/566/1355 9932/557/1511
f 9916/566/1355 9918/556/1223 9932/557/1511
f 9934/605/1512 9932/557/1511 9935/604/1304
f 9932/557/1511 9918/556/1223 9935/604/1304
f 9938/604/1513 9919/556/15 9940/540/15
s 0
f 9920/556/15 9921/555/15 9939/540/15
f 9921/555/15 9398/537/15 9939/540/15
f 9398/537/15 9399/536/15 9939/540/15
f 9942/540/15 9400/536/15 9943/537/15
f 9400/536/15 9945/535/15 9943/537/15
s 1
f 9944/537/1279 9946/535/1165 9947/534/1279
f 9946/535/1165 9949/533/1165 9947/534/1279
s 0
f 9950/532/12 9389/530/12 9948/531/12
f 9948/531/12 9389/530/12 9951/603/12
f 9390/530/12 9393/531/12 9952/603/12
f 9952/603/12 9393/531/12 9954/553/12
s 1
f 9394/534/1161 9397/537/1161 9953/554/1298
f 9397/537/1161 9922/555/1298 9953/554/1298
f 9922/555/1298 9923/564/1263 9953/554/1298
s 0
f 9954/553/12 9924/563/12 9955/562/12
f 9924/563/12 9925/572/12 9955/562/12
s 1
f 9926/571/5 9927/570/10 9956/561/1301
f 9956/561/1301 9927/570/10 9957/560/1301
f 9928/570/15 9929/569/1454 9958/560/15
f 9929/569/1454 9930/559/1510 9958/560/15
f 9958/560/15 9930/559/1510 9962/610/15
f 9962/610/15 9930/559/1510 9964/609/1514
f 9964/609/1514 9930/559/1510 9965/547/1515
f 9930/559/1510 9931/558/1456 9965/547/1515
f 9931/558/1456 9932/557/1511 9965/547/1515
f 9932/557/1511 9934/605/1512 9965/547/1515
f 9966/547/1515 9933/605/1516 9967/557/1517
f 9933/605/1516 9936/604/1308 9967/557/1517
f 9967/557/1517 9936/604/1308 9968/556/1307
f 9937/604/1513 9941/540/15 9970/556/15
s 0
f 9969/556/15 9942/540/15 9971/555/15
f 9942/540/15 9943/537/15 9971/555/15
s 1
f 9972/555/1306 9944/537/1279 9973/554/1306
f 9944/537/1279 9947/534/1279 9973/554/1306
s 0
f 9948/531/12 9951/603/12 9974/553/12
f 9974/553/12 9951/603/12 9975/608/12
f 9952/603/12 9954/553/12 9976/608/12
f 9954/553/12 9955/562/12 9976/608/12
f 9976/608/12 9955/562/12 9977/607/12
s 1
f 9956/561/1301 9957/560/1301 9980/606/1305
f 9957/560/1301 9959/610/1229 9980/606/1305
f 9979/606/1314 9960/610/1314 9981/560/1183
f 9982/560/15 9961/610/15 9983/559/1518
f 9961/610/15 9963/609/1519 9983/559/1518
f 9963/609/1519 9966/547/1515 9983/559/1518
f 9983/559/1518 9966/547/1515 9984/558/1520
f 9966/547/1515 9967/557/1517 9984/558/1520
f 9984/558/1520 9967/557/1517 9985/566/1345
f 9967/557/1517 9968/556/1307 9985/566/1345
s 0
f 9986/566/15 9969/556/15 9987/565/15
f 9969/556/15 9971/555/15 9987/565/15
s 1
f 9988/565/1185 9972/555/1306 9989/564/1185
f 9972/555/1306 9973/554/1306 9989/564/1185
s 0
f 9990/563/12 9974/553/12 9991/562/12
f 9974/553/12 9975/608/12 9991/562/12
f 9975/608/12 9978/607/12 9991/562/12
s 1
f 9979/606/1314 9981/560/1183 9992/561/1183
f 9992/561/1183 9981/560/1183 9993/570/1318
f 9994/570/15 9982/560/15 9995/569/1439
f 9982/560/15 9983/559/1518 9995/569/1439
f 9995/569/1439 9983/559/1518 9996/568/1474
f 9983/559/1518 9984/558/1520 9996/568/1474
f 9996/568/1474 9984/558/1520 9997/567/1475
f 9984/558/1520 9985/566/1345 9997/567/1475
s 0
f 9998/567/15 9986/566/15 9999/575/15
f 9986/566/15 9987/565/15 9999/575/15
s 1
f 10000/575/1319 9988/565/1185 10001/574/1319
f 9988/565/1185 9989/564/1185 10001/574/1319
s 0
f 10002/573/12 9990/563/12 10003/572/12
f 9990/563/12 9991/562/12 10003/572/12
s 1
f 9992/561/1183 9993/570/1318 10004/571/1318
f 10004/571/1318 9993/570/1318 10005/580/1192
f 10006/580/15 9994/570/15 10007/579/1441
f 9994/570/15 9995/569/1439 10007/579/1441
f 10007/579/1441 9995/569/1439 10008/578/1442
f 9995/569/1439 9996/568/1474 10008/578/1442
f 10008/578/1442 9996/568/1474 10009/577/1248
f 9996/568/1474 9997/567/1475 10009/577/1248
s 0
f 10010/577/15 9998/567/15 10011/576/15
f 9998/567/15 9999/575/15 10011/576/15
s 1
f 10012/576/1248 10000/575/1319 10013/584/1248
f 10000/575/1319 10001/574/1319 10013/584/1248
s 0
f 10014/583/12 10002/573/12 10015/582/12
f 10002/573/12 10003/572/12 10015/582/12
s 1
f 10004/571/1318 10005/580/1192 10016/581/1193
f 10016/581/1193 10005/580/1192 10017/590/1250
f 10018/590/15 10006/580/15 10019/589/1477
f 10006/580/15 10007/579/1441 10019/589/1477
f 10019/589/1477 10007/579/1441 10020/588/1444
f 10007/579/1441 10008/578/1442 10020/588/1444
f 10020/588/1444 10008/578/1442 10021/587/1196
f 10008/578/1442 10009/577/1248 10021/587/1196
s 0
f 10022/587/15 10010/577/15 10023/586/15
f 10010/577/15 10011/576/15 10023/586/15
s 1
f 10024/586/1196 10012/576/1248 10025/585/1196
f 10012/576/1248 10013/584/1248 10025/585/1196
s 0
f 10026/593/12 10014/583/12 10027/592/12
f 10014/583/12 10015/582/12 10027/592/12
s 1
f 10016/581/1193 10017/590/1250 10028/591/1250
f 10032/602/1 10028/591/1250 10033/601/1
f 10028/591/1250 10017/590/1250 10033/601/1
f 10036/601/15 10018/590/15 10038/600/1445
f 10018/590/15 10019/589/1477 10038/600/1445
f 10038/600/1445 10019/589/1477 10040/599/1478
f 10019/589/1477 10020/588/1444 10040/599/1478
f 10040/599/1478 10020/588/1444 10041/598/7
f 10020/588/1444 10021/587/1196 10041/598/7
s 0
f 10044/598/15 10022/587/15 10045/597/15
f 10022/587/15 10023/586/15 10045/597/15
s 1
f 10048/597/920 10024/586/1196 10049/596/920
f 10024/586/1196 10025/585/1196 10049/596/920
s 0
f 10026/593/12 10027/592/12 10052/595/12
f 10027/592/12 10029/594/12 10052/595/12
f 10051/595/12 10030/594/12 10053/592/12
s 1
f 10031/602/1 10034/601/1521 10054/591/1255
f 10054/591/1255 10034/601/1521 10055/590/1255
f 10035/601/15 10037/600/1445 10056/590/15
f 10056/590/15 10037/600/1445 10057/589/1522
f 10037/600/1445 10039/599/1480 10057/589/1522
f 10057/589/1522 10039/599/1480 10058/588/1449
f 10039/599/1480 10042/598/7 10058/588/1449
f 10058/588/1449 10042/598/7 10059/587/1205
s 0
f 10043/598/15 10046/597/15 10060/587/15
f 10060/587/15 10046/597/15 10061/586/15
s 1
f 10047/597/1204 10050/596/7 10062/586/1320
f 10062/586/1320 10050/596/7 10063/585/1203
s 0
f 10051/595/12 10053/592/12 10064/593/12
f 10064/593/12 10053/592/12 10066/583/12
f 10068/573/12 10066/583/12 10069/582/12
f 10066/583/12 10053/592/12 10069/582/12
s 1
f 10054/591/1255 10055/590/1255 10070/581/1209
f 10070/581/1209 10055/590/1255 10071/580/1209
f 10056/590/15 10057/589/1522 10072/580/15
f 10072/580/15 10057/589/1522 10073/579/1523
f 10057/589/1522 10058/588/1449 10073/579/1523
f 10073/579/1523 10058/588/1449 10074/578/1509
f 10058/588/1449 10059/587/1205 10074/578/1509
f 10074/578/1509 10059/587/1205 10075/577/1257
s 0
f 10060/587/15 10061/586/15 10076/577/15
f 10076/577/15 10061/586/15 10077/576/15
s 1
f 10062/586/1320 10063/585/1203 10078/576/1211
f 10063/585/1203 10065/584/1211 10078/576/1211
f 10078/576/1211 10065/584/1211 10080/575/9
f 10065/584/1211 10067/574/8 10080/575/9
f 10080/575/9 10067/574/8 10082/565/1263
f 10082/565/1263 10067/574/8 10083/564/1260
s 0
f 10084/563/12 10068/573/12 10085/572/12
f 10068/573/12 10069/582/12 10085/572/12
s 1
f 10070/581/1209 10071/580/1209 10086/571/1214
f 10086/571/1214 10071/580/1209 10087/570/1214
f 10072/580/15 10073/579/1523 10088/570/15
f 10088/570/15 10073/579/1523 10089/569/1454
f 10073/579/1523 10074/578/1509 10089/569/1454
f 10089/569/1454 10074/578/1509 10090/568/1452
f 10074/578/1509 10075/577/1257 10090/568/1452
f 10090/568/1452 10075/577/1257 10091/567/9
s 0
f 10076/577/15 10077/576/15 10092/567/15
f 10077/576/15 10079/575/15 10092/567/15
f 10092/567/15 10079/575/15 10094/566/15
f 10079/575/15 10081/565/15 10094/566/15
f 10094/566/15 10081/565/15 10096/556/15
f 10096/556/15 10081/565/15 10097/555/15
s 1
f 10082/565/1263 10083/564/1260 10098/555/1298
f 10098/555/1298 10083/564/1260 10099/554/1298
s 0
f 10100/553/12 10084/563/12 10101/562/12
f 10084/563/12 10085/572/12 10101/562/12
s 1
f 10086/571/1214 10087/570/1214 10102/561/1328
f 10102/561/1328 10087/570/1214 10103/560/1328
f 10088/570/15 10089/569/1454 10104/560/15
f 10104/560/15 10089/569/1454 10105/559/1524
f 10089/569/1454 10090/568/1452 10105/559/1524
f 10105/559/1524 10090/568/1452 10106/558/1525
f 10090/568/1452 10091/567/9 10106/558/1525
f 10091/567/9 10093/566/1355 10106/558/1525
f 10106/558/1525 10093/566/1355 10107/557/1526
f 10093/566/1355 10095/556/1324 10107/557/1526
f 10107/557/1526 10095/556/1324 10108/542/1527
f 10108/542/1527 10095/556/1324 10109/540/1161
s 0
f 10096/556/15 10097/555/15 10110/540/15
f 10110/540/15 10097/555/15 10111/537/15
s 1
f 10098/555/1298 10099/554/1298 10112/537/1161
f 10112/537/1161 10099/554/1298 10113/534/1161
s 0
f 10114/531/12 10100/553/12 10115/552/12
f 10100/553/12 10101/562/12 10115/552/12
s 1
f 10102/561/1328 10103/560/1328 10116/550/1274
f 10116/550/1274 10103/560/1328 10117/548/1273
f 10104/560/15 10105/559/1524 10118/548/1490
f 10118/548/1490 10105/559/1524 10119/547/1491
f 10105/559/1524 10106/558/1525 10119/547/1491
f 10106/558/1525 10107/557/1526 10119/547/1491
f 10119/547/1491 10107/557/1526 10120/543/1528
f 10107/557/1526 10108/542/1527 10120/543/1528
f 10122/545/445 10120/543/1528 10123/544/15
f 10123/544/15 10120/543/1528 10125/544/1494
f 10125/544/1494 10120/543/1528 10126/541/1529
f 10120/543/1528 10108/542/1527 10126/541/1529
f 10108/542/1527 10109/540/1161 10126/541/1529
f 10126/541/1529 10109/540/1161 10128/536/1162
s 0
f 10110/540/15 10111/537/15 10127/536/15
f 10127/536/15 10111/537/15 10130/535/15
s 1
f 10112/537/1161 10113/534/1161 10129/535/1162
f 10129/535/1162 10113/534/1161 10132/533/1162
s 0
f 10131/532/12 10114/531/12 10134/539/12
s 1
f 10136/535/1165 10137/533/1165 10139/534/1170
s 0
f 10138/532/12 10133/539/12 10140/531/12
f 10140/531/12 10133/539/12 10141/538/12
f 10134/539/12 10114/531/12 10142/538/12
f 10114/531/12 10115/552/12 10142/538/12
f 10142/538/12 10115/552/12 10143/551/12
s 1
f 10116/550/1274 10117/548/1273 10146/549/1336
f 10146/549/1336 10117/548/1273 10147/546/1336
f 10118/548/1490 10119/547/1491 10150/546/1530
f 10119/547/1491 10120/543/1528 10150/546/1530
f 10120/543/1528 10122/545/445 10150/546/1530
f 10149/546/1530 10121/545/445 10151/543/1531
f 10121/545/445 10124/544/15 10151/543/1531
f 10124/544/15 10152/544/1497 10151/543/1531
f 10152/544/1497 10153/541/1532 10151/543/1531
f 10151/543/1531 10153/541/1532 10154/542/1533
f 10154/542/1533 10153/541/1532 10155/540/1279
f 10153/541/1532 10157/536/1168 10155/540/1279
s 0
f 10156/540/15 10158/536/15 10159/537/15
f 10158/536/15 10135/535/15 10159/537/15
s 1
f 10136/535/1165 10139/534/1170 10160/537/1220
f 10160/537/1220 10139/534/1170 10161/554/1179
s 0
f 10162/553/12 10140/531/12 10163/552/12
f 10140/531/12 10141/538/12 10163/552/12
f 10141/538/12 10144/551/12 10163/552/12
s 1
f 10164/550/1287 10145/549/1177 10165/548/1286
f 10145/549/1177 10148/546/1341 10165/548/1286
f 10166/548/1534 10149/546/1530 10167/547/1535
f 10149/546/1530 10151/543/1531 10167/547/1535
f 10167/547/1535 10151/543/1531 10168/557/1536
f 10151/543/1531 10154/542/1533 10168/557/1536
f 10168/557/1536 10154/542/1533 10169/556/1179
f 10154/542/1533 10155/540/1279 10169/556/1179
s 0
f 10170/556/15 10156/540/15 10171/555/15
f 10156/540/15 10159/537/15 10171/555/15
s 1
f 10160/537/1220 10161/554/1179 10172/555/1307
f 10172/555/1307 10161/554/1179 10173/564/1240
s 0
f 10174/563/12 10162/553/12 10175/562/12
f 10162/553/12 10163/552/12 10175/562/12
s 1
f 10176/561/1344 10164/550/1287 10177/560/1537
f 10164/550/1287 10165/548/1286 10177/560/1537
f 10178/560/15 10166/548/1534 10179/559/1538
f 10166/548/1534 10167/547/1535 10179/559/1538
f 10179/559/1538 10167/547/1535 10180/558/1539
f 10167/547/1535 10168/557/1536 10180/558/1539
f 10180/558/1539 10168/557/1536 10181/566/1291
f 10168/557/1536 10169/556/1179 10181/566/1291
s 0
f 10182/566/15 10170/556/15 10183/565/15
f 10170/556/15 10171/555/15 10183/565/15
s 1
f 10172/555/1307 10173/564/1240 10184/565/1240
f 10184/565/1240 10173/564/1240 10185/574/1319
s 0
f 10186/573/12 10174/563/12 10187/572/12
f 10174/563/12 10175/562/12 10187/572/12
s 1
f 10188/571/1159 10176/561/1344 10189/570/4
f 10176/561/1344 10177/560/1537 10189/570/4
f 10190/570/15 10178/560/15 10191/569/1540
f 10178/560/15 10179/559/1538 10191/569/1540
f 10191/569/1540 10179/559/1538 10192/568/1474
f 10179/559/1538 10180/558/1539 10192/568/1474
f 10192/568/1474 10180/558/1539 10193/567/20
f 10180/558/1539 10181/566/1291 10193/567/20
s 0
f 10194/567/15 10182/566/15 10195/575/15
f 10182/566/15 10183/565/15 10195/575/15
s 1
f 10184/565/1240 10185/574/1319 10196/575/1319
f 10196/575/1319 10185/574/1319 10197/584/1248
s 0
f 10198/583/12 10186/573/12 10199/582/12
f 10186/573/12 10187/572/12 10199/582/12
s 1
f 10200/581/1193 10188/571/1159 10201/580/1193
f 10188/571/1159 10189/570/4 10201/580/1193
f 10202/580/15 10190/570/15 10203/579/1441
f 10190/570/15 10191/569/1540 10203/579/1441
f 10203/579/1441 10191/569/1540 10204/578/1541
f 10191/569/1540 10192/568/1474 10204/578/1541
f 10204/578/1541 10192/568/1474 10205/577/1189
f 10192/568/1474 10193/567/20 10205/577/1189
s 0
f 10206/577/15 10194/567/15 10207/576/15
f 10194/567/15 10195/575/15 10207/576/15
s 1
f 10196/575/1319 10197/584/1248 10208/576/1248
f 10208/576/1248 10197/584/1248 10209/585/1196
s 0
f 10210/593/12 10198/583/12 10211/592/12
f 10198/583/12 10199/582/12 10211/592/12
s 1
f 10212/591/1250 10200/581/1193 10213/590/1250
f 10200/581/1193 10201/580/1193 10213/590/1250
f 10214/590/15 10202/580/15 10215/589/1443
f 10202/580/15 10203/579/1441 10215/589/1443
f 10215/589/1443 10203/579/1441 10216/588/1444
f 10203/579/1441 10204/578/1541 10216/588/1444
f 10216/588/1444 10204/578/1541 10217/587/1196
f 10204/578/1541 10205/577/1189 10217/587/1196
s 0
f 10218/587/15 10206/577/15 10219/586/15
f 10206/577/15 10207/576/15 10219/586/15
s 1
f 10208/576/1248 10209/585/1196 10220/586/1196
f 10220/586/1196 10209/585/1196 10221/596/920
s 0
f 10210/593/12 10211/592/12 10224/595/12
f 10224/595/12 10211/592/12 10225/594/12
s 1
f 10228/602/1 10212/591/1250 10229/601/1
f 10212/591/1250 10213/590/1250 10229/601/1
f 10232/601/15 10214/590/15 10234/600/1445
f 10214/590/15 10215/589/1443 10234/600/1445
f 10234/600/1445 10215/589/1443 10236/599/1478
f 10215/589/1443 10216/588/1444 10236/599/1478
f 10236/599/1478 10216/588/1444 10237/598/7
f 10216/588/1444 10217/587/1196 10237/598/7
s 0
f 10240/598/15 10218/587/15 10241/597/15
f 10218/587/15 10219/586/15 10241/597/15
s 1
f 10220/586/1196 10221/596/920 10244/597/920
f 10243/597/1204 10222/596/7 10246/586/1320
f 10246/586/1320 10222/596/7 10247/585/1320
s 0
f 10250/583/12 10248/593/12 10251/592/12
f 10248/593/12 10223/595/12 10251/592/12
f 10223/595/12 10226/594/12 10251/592/12
s 1
f 10227/602/1 10230/601/1 10252/591/1255
f 10252/591/1255 10230/601/1 10253/590/1255
f 10231/601/15 10233/600/1445 10254/590/15
f 10254/590/15 10233/600/1445 10255/589/1479
f 10233/600/1445 10235/599/1480 10255/589/1479
f 10255/589/1479 10235/599/1480 10256/588/1449
f 10235/599/1480 10238/598/7 10256/588/1449
f 10256/588/1449 10238/598/7 10257/587/1205
s 0
f 10239/598/15 10242/597/15 10258/587/15
f 10242/597/15 10245/586/15 10258/587/15
f 10258/587/15 10245/586/15 10260/577/15
f 10260/577/15 10245/586/15 10261/576/15
s 1
f 10246/586/1320 10247/585/1320 10262/576/1211
f 10247/585/1320 10249/584/1211 10262/576/1211
f 10262/576/1211 10249/584/1211 10264/575/8
f 10266/565/1210 10264/575/8 10267/574/8
f 10264/575/8 10249/584/1211 10267/574/8
s 0
f 10268/573/12 10250/583/12 10269/582/12
f 10250/583/12 10251/592/12 10269/582/12
s 1
f 10252/591/1255 10253/590/1255 10270/581/1259
f 10270/581/1259 10253/590/1255 10271/580/1209
f 10254/590/15 10255/589/1479 10272/580/15
f 10272/580/15 10255/589/1479 10273/579/1523
f 10255/589/1479 10256/588/1449 10273/579/1523
f 10273/579/1523 10256/588/1449 10274/578/1509
f 10256/588/1449 10257/587/1205 10274/578/1509
f 10257/587/1205 10259/577/1257 10274/578/1509
f 10274/578/1509 10259/577/1257 10275/568/1484
f 10275/568/1484 10259/577/1257 10276/567/9
s 0
f 10260/577/15 10261/576/15 10277/567/15
f 10261/576/15 10263/575/15 10277/567/15
f 10277/567/15 10263/575/15 10279/566/15
f 10263/575/15 10265/565/15 10279/566/15
s 1
f 10279/566/15 10265/565/15 10282/556/1453
f 10282/556/1453 10265/565/15 10283/555/15
f 10284/555/1215 10266/565/1210 10285/564/1210
f 10266/565/1210 10267/574/8 10285/564/1210
s 0
f 10286/563/12 10268/573/12 10287/572/12
f 10268/573/12 10269/582/12 10287/572/12
s 1
f 10270/581/1259 10271/580/1209 10288/571/1214
f 10288/571/1214 10271/580/1209 10289/570/1214
f 10272/580/15 10273/579/1523 10290/570/15
f 10290/570/15 10273/579/1523 10291/569/1542
f 10273/579/1523 10274/578/1509 10291/569/1542
f 10274/578/1509 10275/568/1484 10291/569/1542
f 10291/569/1542 10275/568/1484 10292/559/1543
f 10292/559/1543 10275/568/1484 10293/558/1544
f 10275/568/1484 10276/567/9 10293/558/1544
f 10276/567/9 10278/566/1263 10293/558/1544
f 10293/558/1544 10278/566/1263 10294/557/1545
f 10278/566/1263 10280/556/1215 10294/557/1545
f 10294/557/1545 10280/556/1215 10296/605/1546
f 10296/605/1546 10280/556/1215 10297/604/7
f 10300/604/1547 10281/556/1453 10302/540/1548
f 10282/556/1453 10283/555/15 10301/540/1548
f 10283/555/15 9386/537/15 10301/540/1548
f 9386/537/15 9387/536/15 10301/540/1548
f 10304/540/1548 9388/536/15 10305/537/15
s 0
f 9388/536/15 10307/535/15 10305/537/15
s 1
f 10306/537/1279 10308/535/1165 10309/534/1279
f 10308/535/1165 10311/533/1165 10309/534/1279
s 0
f 10312/532/12 9377/530/12 10310/531/12
f 10310/531/12 9377/530/12 10313/603/12
f 9378/530/12 9381/531/12 10314/603/12
f 10314/603/12 9381/531/12 10316/553/12
s 1
f 9382/534/1371 9385/537/1371 10315/554/1262
f 9385/537/1371 10284/555/1215 10315/554/1262
f 10284/555/1215 10285/564/1210 10315/554/1262
s 0
f 10316/553/12 10286/563/12 10317/562/12
f 10286/563/12 10287/572/12 10317/562/12
s 1
f 10288/571/1214 10289/570/1214 10318/561/1350
f 10318/561/1350 10289/570/1214 10319/560/1350
f 10290/570/15 10291/569/1542 10320/560/15
f 10291/569/1542 10292/559/1543 10320/560/15
f 10320/560/15 10292/559/1543 10324/610/15
f 10324/610/15 10292/559/1543 10326/609/1549
f 10326/609/1549 10292/559/1543 10327/547/1550
f 10292/559/1543 10293/558/1544 10327/547/1550
f 10293/558/1544 10294/557/1545 10327/547/1550
f 10294/557/1545 10296/605/1546 10327/547/1550
f 10328/547/1551 10295/605/1546 10329/557/1552
f 10329/557/1552 10295/605/1546 10330/556/1289
f 10295/605/1546 10298/604/7 10330/556/1289
f 10299/604/1553 10303/540/1548 10332/556/1469
f 10331/556/1469 10304/540/1548 10333/555/15
f 10304/540/1548 10305/537/15 10333/555/15
f 10334/555/1179 10306/537/1279 10335/554/1289
f 10306/537/1279 10309/534/1279 10335/554/1289
s 0
f 10310/531/12 10313/603/12 10336/553/12
f 10336/553/12 10313/603/12 10337/608/12
f 10314/603/12 10316/553/12 10338/608/12
f 10316/553/12 10317/562/12 10338/608/12
f 10338/608/12 10317/562/12 10339/607/12
s 1
f 10318/561/1350 10319/560/1350 10342/606/1358
f 10319/560/1350 10321/610/1358 10342/606/1358
f 10341/606/1314 10322/610/1314 10343/560/1183
f 10344/560/15 10323/610/15 10345/559/1518
f 10323/610/15 10325/609/1554 10345/559/1518
f 10325/609/1554 10328/547/1551 10345/559/1518
f 10345/559/1518 10328/547/1551 10346/558/1555
f 10328/547/1551 10329/557/1552 10346/558/1555
f 10346/558/1555 10329/557/1552 10347/566/1291
f 10329/557/1552 10330/556/1289 10347/566/1291
f 10348/566/15 10331/556/1469 10349/565/15
f 10331/556/1469 10333/555/15 10349/565/15
f 10350/565/1240 10334/555/1179 10351/564/1240
f 10334/555/1179 10335/554/1289 10351/564/1240
s 0
f 10352/563/12 10336/553/12 10353/562/12
f 10336/553/12 10337/608/12 10353/562/12
f 10337/608/12 10340/607/12 10353/562/12
s 1
f 10341/606/1314 10343/560/1183 10354/561/1183
f 10354/561/1183 10343/560/1183 10355/570/1159
f 10356/570/15 10344/560/15 10357/569/1439
f 10344/560/15 10345/559/1518 10357/569/1439
f 10357/569/1439 10345/559/1518 10358/568/1440
f 10345/559/1518 10346/558/1555 10358/568/1440
f 10358/568/1440 10346/558/1555 10359/567/20
f 10346/558/1555 10347/566/1291 10359/567/20
s 0
f 10360/567/15 10348/566/15 10361/575/15
f 10348/566/15 10349/565/15 10361/575/15
s 1
f 10362/575/20 10350/565/1240 10363/574/20
f 10350/565/1240 10351/564/1240 10363/574/20
s 0
f 10364/573/12 10352/563/12 10365/572/12
f 10352/563/12 10353/562/12 10365/572/12
s 1
f 10354/561/1183 10355/570/1159 10366/571/1159
f 10366/571/1159 10355/570/1159 10367/580/1192
f 10368/580/15 10356/570/15 10369/579/1556
f 10356/570/15 10357/569/1439 10369/579/1556
f 10369/579/1556 10357/569/1439 10370/578/1557
f 10357/569/1439 10358/568/1440 10370/578/1557
f 10370/578/1557 10358/568/1440 10371/577/1189
f 10358/568/1440 10359/567/20 10371/577/1189
s 0
f 10372/577/15 10360/567/15 10373/576/15
f 10360/567/15 10361/575/15 10373/576/15
s 1
f 10374/576/1248 10362/575/20 10375/584/1248
f 10362/575/20 10363/574/20 10375/584/1248
s 0
f 10376/583/12 10364/573/12 10377/582/12
f 10364/573/12 10365/572/12 10377/582/12
s 1
f 10366/571/1159 10367/580/1192 10378/581/1192
f 10378/581/1192 10367/580/1192 10379/590/1199
f 10380/590/15 10368/580/15 10381/589/1443
f 10368/580/15 10369/579/1556 10381/589/1443
f 10381/589/1443 10369/579/1556 10382/588/1444
f 10369/579/1556 10370/578/1557 10382/588/1444
f 10382/588/1444 10370/578/1557 10383/587/1196
f 10370/578/1557 10371/577/1189 10383/587/1196
s 0
f 10384/587/15 10372/577/15 10385/586/15
f 10372/577/15 10373/576/15 10385/586/15
s 1
f 10386/586/1294 10374/576/1248 10387/585/1195
f 10374/576/1248 10375/584/1248 10387/585/1195
s 0
f 10388/593/12 10376/583/12 10389/592/12
f 10376/583/12 10377/582/12 10389/592/12
s 1
f 10378/581/1192 10379/590/1199 10390/591/1199
f 10394/602/1 10390/591/1199 10395/601/1
f 10390/591/1199 10379/590/1199 10395/601/1
f 10398/601/15 10380/590/15 10400/600/1445
f 10380/590/15 10381/589/1443 10400/600/1445
f 10400/600/1445 10381/589/1443 10402/599/1446
f 10381/589/1443 10382/588/1444 10402/599/1446
f 10402/599/1446 10382/588/1444 10403/598/7
f 10382/588/1444 10383/587/1196 10403/598/7
s 0
f 10406/598/15 10384/587/15 10407/597/15
f 10384/587/15 10385/586/15 10407/597/15
s 1
f 10410/597/920 10386/586/1294 10411/596/7
f 10386/586/1294 10387/585/1195 10411/596/7
s 0
f 10388/593/12 10389/592/12 10414/595/12
f 10389/592/12 10391/594/12 10414/595/12
f 10416/583/12 10418/593/12 10419/592/12
f 10418/593/12 10413/595/12 10419/592/12
f 10413/595/12 10392/594/12 10419/592/12
s 1
f 10393/602/1 10396/601/1 10420/591/1202
f 10420/591/1202 10396/601/1 10421/590/1202
f 10397/601/15 10399/600/1445 10422/590/15
f 10422/590/15 10399/600/1445 10423/589/1447
f 10399/600/1445 10401/599/1448 10423/589/1447
f 10423/589/1447 10401/599/1448 10424/588/1449
f 10401/599/1448 10404/598/7 10424/588/1449
f 10424/588/1449 10404/598/7 10425/587/1205
s 0
f 10405/598/15 10408/597/15 10426/587/15
f 10426/587/15 10408/597/15 10427/586/15
s 1
f 10409/597/1204 10412/596/1204 10428/586/1203
f 10412/596/1204 10417/585/1205 10428/586/1203
f 10428/586/1203 10417/585/1205 10430/576/1211
f 10417/585/1205 10415/584/1211 10430/576/1211
f 10430/576/1211 10415/584/1211 10432/575/8
f 10434/565/1210 10432/575/8 10435/574/8
f 10432/575/8 10415/584/1211 10435/574/8
s 0
f 10436/573/12 10416/583/12 10437/582/12
f 10416/583/12 10419/592/12 10437/582/12
s 1
f 10420/591/1202 10421/590/1202 10438/581/1209
f 10438/581/1209 10421/590/1202 10439/580/1209
f 10422/590/15 10423/589/1447 10440/580/15
f 10440/580/15 10423/589/1447 10441/579/1450
f 10423/589/1447 10424/588/1449 10441/579/1450
f 10441/579/1450 10424/588/1449 10442/578/1509
f 10424/588/1449 10425/587/1205 10442/578/1509
f 10442/578/1509 10425/587/1205 10443/577/1257
s 0
f 10426/587/15 10427/586/15 10444/577/15
f 10427/586/15 10429/576/15 10444/577/15
f 10444/577/15 10429/576/15 10446/567/15
f 10429/576/15 10431/575/15 10446/567/15
f 10446/567/15 10431/575/15 10448/566/15
f 10431/575/15 10433/565/15 10448/566/15
f 10448/566/15 10433/565/15 10450/556/15
f 10450/556/15 10433/565/15 10451/555/15
s 1
f 10452/555/1215 10434/565/1210 10453/564/1210
f 10434/565/1210 10435/574/8 10453/564/1210
s 0
f 10454/563/12 10436/573/12 10455/572/12
f 10436/573/12 10437/582/12 10455/572/12
s 1
f 10438/581/1209 10439/580/1209 10456/571/10
f 10456/571/10 10439/580/1209 10457/570/10
f 10440/580/15 10441/579/1450 10458/570/15
f 10458/570/15 10441/579/1450 10459/569/1558
f 10441/579/1450 10442/578/1509 10459/569/1558
f 10459/569/1558 10442/578/1509 10460/568/1452
f 10442/578/1509 10443/577/1257 10460/568/1452
f 10443/577/1257 10445/567/8 10460/568/1452
f 10460/568/1452 10445/567/8 10461/558/1559
f 10445/567/8 10447/566/1355 10461/558/1559
f 10461/558/1559 10447/566/1355 10462/557/1560
f 10447/566/1355 10449/556/1262 10462/557/1560
f 10462/557/1560 10449/556/1262 10463/542/1527
f 10463/542/1527 10449/556/1262 10464/540/1161
s 0
f 10450/556/15 10451/555/15 10465/540/15
f 10465/540/15 10451/555/15 10466/537/15
s 1
f 10467/537/1163 10452/555/1215 10468/554/1215
f 10452/555/1215 10453/564/1210 10468/554/1215
s 0
f 10469/553/12 10454/563/12 10470/562/12
f 10454/563/12 10455/572/12 10470/562/12
s 1
f 10456/571/10 10457/570/10 10471/561/1328
f 10471/561/1328 10457/570/10 10472/560/1328
f 10458/570/15 10459/569/1558 10473/560/15
f 10473/560/15 10459/569/1558 10474/559/1561
f 10459/569/1558 10460/568/1452 10474/559/1561
f 10460/568/1452 10461/558/1559 10474/559/1561
f 10474/559/1561 10461/558/1559 10475/547/1491
f 10461/558/1559 10462/557/1560 10475/547/1491
f 10475/547/1491 10462/557/1560 10476/543/1528
f 10462/557/1560 10463/542/1527 10476/543/1528
f 10478/545/445 10476/543/1528 10479/544/15
f 10479/544/15 10476/543/1528 10481/544/1494
f 10481/544/1494 10476/543/1528 10482/541/1562
f 10476/543/1528 10463/542/1527 10482/541/1562
f 10463/542/1527 10464/540/1161 10482/541/1562
f 10482/541/1562 10464/540/1161 10484/536/1160
s 0
f 10465/540/15 10466/537/15 10483/536/15
f 10483/536/15 10466/537/15 10486/535/15
f 10488/539/12 10489/532/12 10492/531/12
s 1
f 10490/533/1162 10485/535/1162 10491/534/1164
f 10485/535/1162 10467/537/1163 10491/534/1164
f 10467/537/1163 10468/554/1215 10491/534/1164
s 0
f 10492/531/12 10469/553/12 10493/552/12
f 10469/553/12 10470/562/12 10493/552/12
s 1
f 10471/561/1328 10472/560/1328 10494/550/1427
f 10494/550/1427 10472/560/1328 10495/548/1563
f 10473/560/15 10474/559/1561 10496/548/1564
f 10474/559/1561 10475/547/1491 10496/548/1564
f 10496/548/1564 10475/547/1491 10500/546/1530
f 10475/547/1491 10476/543/1528 10500/546/1530
f 10476/543/1528 10478/545/445 10500/546/1530
f 10499/546/1530 10477/545/445 10501/543/1531
f 10477/545/445 10480/544/15 10501/543/1531
f 10480/544/15 10502/544/1565 10501/543/1531
f 10502/544/1565 10503/541/1566 10501/543/1531
f 10501/543/1531 10503/541/1566 10504/542/1533
f 10504/542/1533 10503/541/1566 10505/540/1279
f 10503/541/1566 10507/536/1165 10505/540/1279
s 0
f 10506/540/15 10508/536/15 10509/537/15
f 10508/536/15 10511/535/15 10509/537/15
s 1
f 10510/537/1279 10512/535/1165 10513/534/1279
f 10512/535/1165 10515/533/1165 10513/534/1279
s 0
f 10516/532/12 10487/539/12 10514/531/12
f 10514/531/12 10487/539/12 10517/538/12
f 10488/539/12 10492/531/12 10518/538/12
f 10492/531/12 10493/552/12 10518/538/12
f 10518/538/12 10493/552/12 10519/551/12
s 1
f 10494/550/1427 10495/548/1563 10522/549/1278
f 10495/548/1563 10497/546/1336 10522/549/1278
f 10521/549/1177 10498/546/1177 10523/548/1286
f 10524/548/1567 10499/546/1530 10525/547/1501
f 10499/546/1530 10501/543/1531 10525/547/1501
f 10525/547/1501 10501/543/1531 10526/557/1502
f 10501/543/1531 10504/542/1533 10526/557/1502
f 10526/557/1502 10504/542/1533 10527/556/1307
f 10504/542/1533 10505/540/1279 10527/556/1307
s 0
f 10528/556/15 10506/540/15 10529/555/15
f 10506/540/15 10509/537/15 10529/555/15
s 1
f 10530/555/1306 10510/537/1279 10531/554/1306
f 10510/537/1279 10513/534/1279 10531/554/1306
s 0
f 10532/553/12 10514/531/12 10533/552/12
f 10514/531/12 10517/538/12 10533/552/12
f 10517/538/12 10520/551/12 10533/552/12
s 1
f 10521/549/1177 10523/548/1286 10534/550/1287
f 10534/550/1287 10523/548/1286 10535/560/1183
f 10536/560/15 10524/548/1567 10537/559/1437
f 10524/548/1567 10525/547/1501 10537/559/1437
f 10537/559/1437 10525/547/1501 10538/558/1539
f 10525/547/1501 10526/557/1502 10538/558/1539
f 10538/558/1539 10526/557/1502 10539/566/1345
f 10526/557/1502 10527/556/1307 10539/566/1345
s 0
f 10540/566/15 10528/556/15 10541/565/15
f 10528/556/15 10529/555/15 10541/565/15
s 1
f 10542/565/1185 10530/555/1306 10543/564/1185
f 10530/555/1306 10531/554/1306 10543/564/1185
s 0
f 10544/563/12 10532/553/12 10545/562/12
f 10532/553/12 10533/552/12 10545/562/12
s 1
f 10534/550/1287 10535/560/1183 10546/561/1183
f 10546/561/1183 10535/560/1183 10547/570/1318
f 10548/570/15 10536/560/15 10549/569/1473
f 10536/560/15 10537/559/1437 10549/569/1473
f 10549/569/1473 10537/559/1437 10550/568/1474
f 10537/559/1437 10538/558/1539 10550/568/1474
f 10550/568/1474 10538/558/1539 10551/567/20
f 10538/558/1539 10539/566/1345 10551/567/20
s 0
f 10552/567/15 10540/566/15 10553/575/15
f 10540/566/15 10541/565/15 10553/575/15
s 1
f 10554/575/1319 10542/565/1185 10555/574/1319
f 10542/565/1185 10543/564/1185 10555/574/1319
s 0
f 10556/573/12 10544/563/12 10557/572/12
f 10544/563/12 10545/562/12 10557/572/12
s 1
f 10546/561/1183 10547/570/1318 10558/571/1318
f 10558/571/1318 10547/570/1318 10559/580/1192
f 10560/580/15 10548/570/15 10561/579/1441
f 10548/570/15 10549/569/1473 10561/579/1441
f 10561/579/1441 10549/569/1473 10562/578/1442
f 10549/569/1473 10550/568/1474 10562/578/1442
f 10562/578/1442 10550/568/1474 10563/577/1248
f 10550/568/1474 10551/567/20 10563/577/1248
s 0
f 10564/577/15 10552/567/15 10565/576/15
f 10552/567/15 10553/575/15 10565/576/15
s 1
f 10566/576/1248 10554/575/1319 10567/584/1248
f 10554/575/1319 10555/574/1319 10567/584/1248
s 0
f 10568/583/12 10556/573/12 10569/582/12
f 10556/573/12 10557/572/12 10569/582/12
s 1
f 10558/571/1318 10559/580/1192 10570/581/1193
f 10570/581/1193 10559/580/1192 10571/590/1250
f 10572/590/15 10560/580/15 10573/589/1477
f 10560/580/15 10561/579/1441 10573/589/1477
f 10573/589/1477 10561/579/1441 10574/588/1444
f 10561/579/1441 10562/578/1442 10574/588/1444
f 10574/588/1444 10562/578/1442 10575/587/1196
f 10562/578/1442 10563/577/1248 10575/587/1196
s 0
f 10576/587/15 10564/577/15 10577/586/15
f 10564/577/15 10565/576/15 10577/586/15
s 1
f 10578/586/1195 10566/576/1248 10579/585/1196
f 10566/576/1248 10567/584/1248 10579/585/1196
s 0
f 10580/593/12 10568/583/12 10581/592/12
f 10568/583/12 10569/582/12 10581/592/12
s 1
f 10570/581/1193 10571/590/1250 10582/591/1250
f 10586/602/1 10582/591/1250 10587/601/1
f 10582/591/1250 10571/590/1250 10587/601/1
f 10590/601/15 10572/590/15 10592/600/1445
f 10572/590/15 10573/589/1477 10592/600/1445
f 10592/600/1445 10573/589/1477 10594/599/1478
f 10573/589/1477 10574/588/1444 10594/599/1478
f 10594/599/1478 10574/588/1444 10595/598/7
f 10574/588/1444 10575/587/1196 10595/598/7
s 0
f 10598/598/15 10576/587/15 10599/597/15
f 10576/587/15 10577/586/15 10599/597/15
s 1
f 10602/597/920 10578/586/1195 10603/596/920
f 10578/586/1195 10579/585/1196 10603/596/920
s 0
f 10580/593/12 10581/592/12 10606/595/12
f 10581/592/12 10583/594/12 10606/595/12
f 10605/595/12 10584/594/12 10607/592/12
s 1
f 10585/602/1 10588/601/1 10608/591/1255
f 10608/591/1255 10588/601/1 10609/590/1255
f 10589/601/15 10591/600/1445 10610/590/15
f 10610/590/15 10591/600/1445 10611/589/1522
f 10591/600/1445 10593/599/1480 10611/589/1522
f 10611/589/1522 10593/599/1480 10612/588/1449
f 10593/599/1480 10596/598/7 10612/588/1449
f 10612/588/1449 10596/598/7 10613/587/1205
s 0
f 10597/598/15 10600/597/15 10614/587/15
f 10614/587/15 10600/597/15 10615/586/15
s 1
f 10601/597/1204 10604/596/7 10616/586/1320
f 10616/586/1320 10604/596/7 10617/585/1203
s 0
f 10605/595/12 10607/592/12 10618/593/12
f 10618/593/12 10607/592/12 10620/583/12
f 10622/573/12 10620/583/12 10623/582/12
f 10620/583/12 10607/592/12 10623/582/12
s 1
f 10608/591/1255 10609/590/1255 10624/581/1209
f 10624/581/1209 10609/590/1255 10625/580/1259
f 10610/590/15 10611/589/1522 10626/580/15
f 10626/580/15 10611/589/1522 10627/579/1523
f 10611/589/1522 10612/588/1449 10627/579/1523
f 10627/579/1523 10612/588/1449 10628/578/1509
f 10612/588/1449 10613/587/1205 10628/578/1509
f 10628/578/1509 10613/587/1205 10629/577/1257
s 0
f 10614/587/15 10615/586/15 10630/577/15
f 10630/577/15 10615/586/15 10631/576/15
s 1
f 10616/586/1320 10617/585/1203 10632/576/1211
f 10617/585/1203 10619/584/1211 10632/576/1211
f 10632/576/1211 10619/584/1211 10634/575/8
f 10619/584/1211 10621/574/8 10634/575/8
f 10634/575/8 10621/574/8 10636/565/1263
f 10638/555/1298 10636/565/1263 10639/564/1263
f 10636/565/1263 10621/574/8 10639/564/1263
s 0
f 10640/563/12 10622/573/12 10641/572/12
f 10622/573/12 10623/582/12 10641/572/12
s 1
f 10624/581/1209 10625/580/1259 10642/571/1214
f 10642/571/1214 10625/580/1259 10643/570/5
f 10626/580/15 10627/579/1523 10644/570/15
f 10644/570/15 10627/579/1523 10645/569/1568
f 10627/579/1523 10628/578/1509 10645/569/1568
f 10645/569/1568 10628/578/1509 10646/568/1452
f 10628/578/1509 10629/577/1257 10646/568/1452
f 10646/568/1452 10629/577/1257 10647/567/8
s 0
f 10630/577/15 10631/576/15 10648/567/15
f 10631/576/15 10633/575/15 10648/567/15
f 10648/567/15 10633/575/15 10650/566/15
f 10633/575/15 10635/565/15 10650/566/15
f 10650/566/15 10635/565/15 10653/556/15
f 10635/565/15 10637/555/15 10653/556/15
f 10653/556/15 10637/555/15 10654/540/15
f 10637/555/15 9374/537/15 10654/540/15
f 9374/537/15 9375/536/15 10654/540/15
f 10657/540/15 9376/536/15 10658/537/15
f 9376/536/15 10660/535/15 10658/537/15
s 1
f 10659/537/1220 10661/535/1165 10662/534/1170
f 10661/535/1165 10664/533/1165 10662/534/1170
s 0
f 10665/532/12 9365/530/12 10663/531/12
f 10663/531/12 9365/530/12 10666/603/12
f 9366/530/12 9369/531/12 10667/603/12
f 10667/603/12 9369/531/12 10669/553/12
s 1
f 9370/534/1161 9373/537/1161 10668/554/1298
f 9373/537/1161 10638/555/1298 10668/554/1298
f 10638/555/1298 10639/564/1263 10668/554/1298
s 0
f 10669/553/12 10640/563/12 10670/562/12
f 10640/563/12 10641/572/12 10670/562/12
s 1
f 10642/571/1214 10643/570/5 10671/561/1328
f 10671/561/1328 10643/570/5 10672/560/1328
f 10644/570/15 10645/569/1568 10673/560/15
f 10673/560/15 10645/569/1568 10674/559/1569
f 10645/569/1568 10646/568/1452 10674/559/1569
f 10674/559/1569 10646/568/1452 10675/558/1570
f 10646/568/1452 10647/567/8 10675/558/1570
f 10647/567/8 10649/566/1226 10675/558/1570
f 10675/558/1570 10649/566/1226 10676/557/1571
f 10649/566/1226 10651/556/1215 10676/557/1571
f 10678/605/1572 10676/557/1571 10679/604/1383
f 10676/557/1571 10651/556/1215 10679/604/1383
f 10652/556/15 10655/540/15 10682/604/1573
f 10681/604/1573 10656/540/15 10685/556/15
s 0
f 10684/556/15 10657/540/15 10686/555/15
f 10657/540/15 10658/537/15 10686/555/15
s 1
f 10687/555/1307 10659/537/1220 10688/554/1179
f 10659/537/1220 10662/534/1170 10688/554/1179
s 0
f 10663/531/12 10666/603/12 10689/553/12
f 10689/553/12 10666/603/12 10690/608/12
f 10667/603/12 10669/553/12 10691/608/12
f 10669/553/12 10670/562/12 10691/608/12
f 10691/608/12 10670/562/12 10692/607/12
s 1
f 10671/561/1328 10672/560/1328 10695/606/1358
f 10695/606/1358 10672/560/1328 10696/610/1358
f 10673/560/15 10674/559/1569 10699/610/15
f 10699/610/15 10674/559/1569 10701/609/1574
f 10701/609/1574 10674/559/1569 10702/547/1575
f 10674/559/1569 10675/558/1570 10702/547/1575
f 10675/558/1570 10676/557/1571 10702/547/1575
f 10676/557/1571 10678/605/1572 10702/547/1575
f 10703/547/1576 10677/605/1577 10704/557/1578
f 10677/605/1577 10680/604/1388 10704/557/1578
f 10680/604/1388 10683/556/1387 10704/557/1578
f 10704/557/1578 10683/556/1387 10705/566/1345
s 0
f 10706/566/15 10684/556/15 10707/565/15
f 10684/556/15 10686/555/15 10707/565/15
s 1
f 10708/565/1240 10687/555/1307 10709/564/1240
f 10687/555/1307 10688/554/1179 10709/564/1240
s 0
f 10710/563/12 10689/553/12 10711/562/12
f 10689/553/12 10690/608/12 10711/562/12
f 10690/608/12 10693/607/12 10711/562/12
s 1
f 10712/561/1239 10694/606/1238 10713/560/1239
f 10694/606/1238 10697/610/1238 10713/560/1239
f 10714/560/15 10698/610/15 10715/559/1579
f 10698/610/15 10700/609/1580 10715/559/1579
f 10700/609/1580 10703/547/1576 10715/559/1579
f 10715/559/1579 10703/547/1576 10716/558/1581
f 10703/547/1576 10704/557/1578 10716/558/1581
f 10704/557/1578 10705/566/1345 10716/558/1581
f 10716/558/1581 10705/566/1345 10717/567/20
s 0
f 10718/567/15 10706/566/15 10719/575/15
f 10706/566/15 10707/565/15 10719/575/15
s 1
f 10720/575/1319 10708/565/1240 10721/574/1319
f 10708/565/1240 10709/564/1240 10721/574/1319
s 0
f 10722/573/12 10710/563/12 10723/572/12
f 10710/563/12 10711/562/12 10723/572/12
s 1
f 10724/571/1159 10712/561/1239 10725/570/1159
f 10712/561/1239 10713/560/1239 10725/570/1159
f 10726/570/15 10714/560/15 10727/569/1473
f 10714/560/15 10715/559/1579 10727/569/1473
f 10727/569/1473 10715/559/1579 10728/568/1474
f 10715/559/1579 10716/558/1581 10728/568/1474
f 10716/558/1581 10717/567/20 10728/568/1474
f 10728/568/1474 10717/567/20 10729/577/1248
s 0
f 10730/577/15 10718/567/15 10731/576/15
f 10718/567/15 10719/575/15 10731/576/15
s 1
f 10732/576/1248 10720/575/1319 10733/584/1248
f 10720/575/1319 10721/574/1319 10733/584/1248
s 0
f 10734/583/12 10722/573/12 10735/582/12
f 10722/573/12 10723/572/12 10735/582/12
s 1
f 10736/581/1193 10724/571/1159 10737/580/1193
f 10724/571/1159 10725/570/1159 10737/580/1193
f 10738/580/15 10726/570/15 10739/579/1441
f 10726/570/15 10727/569/1473 10739/579/1441
f 10739/579/1441 10727/569/1473 10740/578/1442
f 10727/569/1473 10728/568/1474 10740/578/1442
f 10728/568/1474 10729/577/1248 10740/578/1442
f 10740/578/1442 10729/577/1248 10741/587/1196
s 0
f 10742/587/15 10730/577/15 10743/586/15
f 10730/577/15 10731/576/15 10743/586/15
s 1
f 10744/586/1195 10732/576/1248 10745/585/1196
f 10732/576/1248 10733/584/1248 10745/585/1196
s 0
f 10746/593/12 10734/583/12 10747/592/12
f 10734/583/12 10735/582/12 10747/592/12
s 1
f 10748/591/1250 10736/581/1193 10749/590/1250
f 10736/581/1193 10737/580/1193 10749/590/1250
f 10750/590/15 10738/580/15 10751/589/1477
f 10738/580/15 10739/579/1441 10751/589/1477
f 10751/589/1477 10739/579/1441 10752/588/1444
f 10739/579/1441 10740/578/1442 10752/588/1444
f 10740/578/1442 10741/587/1196 10752/588/1444
f 10752/588/1444 10741/587/1196 10753/598/7
s 0
f 10756/598/15 10742/587/15 10757/597/15
f 10742/587/15 10743/586/15 10757/597/15
s 1
f 10760/597/920 10744/586/1195 10761/596/920
f 10744/586/1195 10745/585/1196 10761/596/920
s 0
f 10746/593/12 10747/592/12 10764/595/12
f 10764/595/12 10747/592/12 10765/594/12
s 1
f 10768/602/1 10748/591/1250 10769/601/1
f 10748/591/1250 10749/590/1250 10769/601/1
f 10772/601/15 10750/590/15 10774/600/1445
f 10750/590/15 10751/589/1477 10774/600/1445
f 10774/600/1445 10751/589/1477 10775/599/1478
f 10751/589/1477 10752/588/1444 10775/599/1478
f 10752/588/1444 10753/598/7 10775/599/1478
f 10776/599/1480 10754/598/7 10777/588/1449
f 10777/588/1449 10754/598/7 10778/587/1205
s 0
f 10755/598/15 10758/597/15 10779/587/15
f 10779/587/15 10758/597/15 10780/586/15
s 1
f 10759/597/1204 10762/596/7 10781/586/1320
f 10781/586/1320 10762/596/7 10782/585/1203
s 0
f 10783/593/12 10763/595/12 10784/592/12
f 10763/595/12 10766/594/12 10784/592/12
s 1
f 10767/602/1 10770/601/1 10785/591/1255
f 10785/591/1255 10770/601/1 10786/590/1255
f 10771/601/15 10773/600/1445 10787/590/15
f 10787/590/15 10773/600/1445 10788/589/1522
f 10773/600/1445 10776/599/1480 10788/589/1522
f 10776/599/1480 10777/588/1449 10788/589/1522
f 10788/589/1522 10777/588/1449 10789/579/1481
f 10789/579/1481 10777/588/1449 10790/578/1482
f 10777/588/1449 10778/587/1205 10790/578/1482
f 10790/578/1482 10778/587/1205 10791/577/1257
s 0
f 10779/587/15 10780/586/15 10792/577/15
f 10792/577/15 10780/586/15 10793/576/15
s 1
f 10781/586/1320 10782/585/1203 10794/576/1211
f 10794/576/1211 10782/585/1203 10795/584/1211
s 0
f 10783/593/12 10784/592/12 10796/583/12
f 10796/583/12 10784/592/12 10797/582/12
s 1
f 10785/591/1255 10786/590/1255 10798/581/1209
f 10798/581/1209 10786/590/1255 10799/580/1259
f 10787/590/15 10788/589/1522 10800/580/15
f 10788/589/1522 10789/579/1481 10800/580/15
f 10800/580/15 10789/579/1481 10802/570/15
f 10802/570/15 10789/579/1481 10803/569/1582
f 10789/579/1481 10790/578/1482 10803/569/1582
f 10803/569/1582 10790/578/1482 10804/568/1484
f 10790/578/1482 10791/577/1257 10804/568/1484
f 10804/568/1484 10791/577/1257 10805/567/9
s 0
f 10792/577/15 10793/576/15 10806/567/15
f 10806/567/15 10793/576/15 10807/575/15
s 1
f 10794/576/1211 10795/584/1211 10808/575/8
f 10808/575/8 10795/584/1211 10809/574/8
s 0
f 10796/583/12 10797/582/12 10810/573/12
f 10810/573/12 10797/582/12 10811/572/12
s 1
f 10798/581/1209 10799/580/1259 10812/571/1214
f 10799/580/1259 10801/570/5 10812/571/1214
f 10812/571/1214 10801/570/5 10814/561/1328
f 10814/561/1328 10801/570/5 10815/560/1328
f 10802/570/15 10803/569/1582 10816/560/15
f 10818/548/1490 10816/560/15 10819/559/1485
f 10816/560/15 10803/569/1582 10819/559/1485
f 10803/569/1582 10804/568/1484 10819/559/1485
f 10819/559/1485 10804/568/1484 10820/558/1559
f 10804/568/1484 10805/567/9 10820/558/1559
f 10820/558/1559 10805/567/9 10821/566/1355
s 0
f 10806/567/15 10807/575/15 10822/566/15
f 10822/566/15 10807/575/15 10823/565/15
s 1
f 10808/575/8 10809/574/8 10824/565/1260
f 10824/565/1260 10809/574/8 10825/564/1260
s 0
f 10810/573/12 10811/572/12 10826/563/12
f 10811/572/12 10813/562/12 10826/563/12
f 10826/563/12 10813/562/12 10828/553/12
f 10828/553/12 10813/562/12 10829/552/12
s 1
f 10814/561/1328 10815/560/1328 10830/550/1427
f 10815/560/1328 10817/548/1273 10830/550/1427
f 10830/550/1427 10817/548/1273 10834/549/1336
s 0
f 10835/530/12 10838/531/12 10840/532/12
s 1
f 10839/533/1168 10837/534/1166 10842/535/1168
s 0
f 10844/611/15 10841/535/15 10845/537/15
s 1
f 10842/535/1168 10837/534/1166 10846/537/1220
f 10847/546/1583 10849/543/1492 10850/545/1584
f 10850/545/1584 10849/543/1492 10851/544/15
f 10851/544/15 10849/543/1492 10852/544/1585
f 10852/544/1585 10849/543/1492 10853/541/1586
f 10849/543/1492 10854/542/1587 10853/541/1586
f 10854/542/1587 10856/540/1163 10853/541/1586
f 10853/541/1586 10856/540/1163 10858/536/1160
s 0
f 10855/540/15 10860/537/15 10857/536/15
f 10857/536/15 10860/537/15 10862/535/15
s 1
f 10859/537/1163 10864/534/1164 10861/535/1162
f 10861/535/1162 10864/534/1164 10866/533/1162
s 0
f 10865/532/12 10863/531/12 10867/539/12
f 10867/539/12 10863/531/12 10868/538/12
f 10870/551/12 10868/538/12 10872/552/12
f 10868/538/12 10863/531/12 10872/552/12
f 10872/552/12 10863/531/12 10873/553/12
s 1
f 10864/534/1164 10859/537/1163 10874/554/1215
f 10874/554/1215 10859/537/1163 10875/555/1215
s 0
f 10860/537/15 10855/540/15 10876/555/15
f 10876/555/15 10855/540/15 10877/556/15
s 1
f 10856/540/1163 10854/542/1587 10878/556/1262
f 10878/556/1262 10854/542/1587 10879/557/1526
f 10854/542/1587 10849/543/1492 10879/557/1526
f 10879/557/1526 10849/543/1492 10880/547/1491
f 10849/543/1492 10847/546/1583 10880/547/1491
f 10880/547/1491 10847/546/1583 10881/548/1490
f 10848/546/1278 10869/549/1336 10882/548/1273
f 10869/549/1336 10871/550/1427 10882/548/1273
f 10882/548/1273 10871/550/1427 10884/560/1267
f 10884/560/1267 10871/550/1427 10885/561/1350
s 0
f 10872/552/12 10873/553/12 10886/562/12
f 10886/562/12 10873/553/12 10887/563/12
s 1
f 10874/554/1215 10875/555/1215 10888/564/1260
f 10888/564/1260 10875/555/1215 10889/565/1260
s 0
f 10876/555/15 10877/556/15 10890/565/15
f 10890/565/15 10877/556/15 10891/566/15
s 1
f 10878/556/1262 10879/557/1526 10892/566/1260
f 10892/566/1260 10879/557/1526 10893/558/1588
f 10879/557/1526 10880/547/1491 10893/558/1588
f 10893/558/1588 10880/547/1491 10894/559/1561
f 10880/547/1491 10881/548/1490 10894/559/1561
f 10881/548/1490 10883/560/15 10894/559/1561
f 10894/559/1561 10883/560/15 10895/569/1589
f 10895/569/1589 10883/560/15 10896/570/15
f 10884/560/1267 10885/561/1350 10897/570/1214
f 10897/570/1214 10885/561/1350 10898/571/1214
s 0
f 10886/562/12 10887/563/12 10899/572/12
f 10899/572/12 10887/563/12 10900/573/12
s 1
f 10888/564/1260 10889/565/1260 10901/574/8
f 10901/574/8 10889/565/1260 10902/575/8
s 0
f 10890/565/15 10891/566/15 10903/575/15
f 10903/575/15 10891/566/15 10904/567/15
s 1
f 10892/566/1260 10893/558/1588 10905/567/9
f 10905/567/9 10893/558/1588 10906/568/1452
f 10893/558/1588 10894/559/1561 10906/568/1452
f 10894/559/1561 10895/569/1589 10906/568/1452
f 10906/568/1452 10895/569/1589 10907/578/1509
f 10907/578/1509 10895/569/1589 10908/579/1450
f 10895/569/1589 10896/570/15 10908/579/1450
f 10908/579/1450 10896/570/15 10909/580/15
f 10897/570/1214 10898/571/1214 10910/580/1209
f 10910/580/1209 10898/571/1214 10911/581/1209
s 0
f 10899/572/12 10900/573/12 10912/582/12
f 10912/582/12 10900/573/12 10913/583/12
s 1
f 10901/574/8 10902/575/8 10914/584/1406
f 10914/584/1406 10902/575/8 10915/576/1406
s 0
f 10903/575/15 10904/567/15 10916/576/15
f 10916/576/15 10904/567/15 10917/577/15
s 1
f 10905/567/9 10906/568/1452 10918/577/1257
f 10906/568/1452 10907/578/1509 10918/577/1257
f 10918/577/1257 10907/578/1509 10920/587/1205
f 10920/587/1205 10907/578/1509 10921/588/1449
f 10907/578/1509 10908/579/1450 10921/588/1449
f 10921/588/1449 10908/579/1450 10922/589/1447
f 10908/579/1450 10909/580/15 10922/589/1447
f 10922/589/1447 10909/580/15 10923/590/15
f 10910/580/1209 10911/581/1209 10924/590/1202
f 10924/590/1202 10911/581/1209 10925/591/1202
s 0
f 10912/582/12 10913/583/12 10926/592/12
f 10926/592/12 10913/583/12 10927/593/12
s 1
f 10914/584/1406 10915/576/1406 10928/585/1205
f 10928/585/1205 10915/576/1406 10929/586/1203
s 0
f 10916/576/15 10917/577/15 10930/586/15
f 10917/577/15 10919/587/15 10930/586/15
f 10930/586/15 10919/587/15 10934/597/15
f 10934/597/15 10919/587/15 10935/598/15
s 1
f 10920/587/1205 10921/588/1449 10938/598/7
f 10938/598/7 10921/588/1449 10940/599/1448
f 10921/588/1449 10922/589/1447 10940/599/1448
f 10940/599/1448 10922/589/1447 10942/600/1445
f 10922/589/1447 10923/590/15 10942/600/1445
f 10942/600/1445 10923/590/15 10943/601/15
f 10924/590/1202 10925/591/1202 10946/601/1
f 10946/601/1 10925/591/1202 10947/602/1
s 0
f 10950/594/12 10926/592/12 10951/595/12
f 10926/592/12 10927/593/12 10951/595/12
s 1
f 10928/585/1205 10929/586/1203 10954/596/1204
f 10929/586/1203 10931/597/1204 10954/596/1204
f 10956/585/1195 10953/596/920 10957/586/1195
f 10953/596/920 10932/597/920 10957/586/1195
s 0
f 10958/586/15 10933/597/15 10959/587/15
f 10933/597/15 10936/598/15 10959/587/15
s 1
f 10960/587/1196 10937/598/7 10961/588/1444
f 10937/598/7 10939/599/1446 10961/588/1444
f 10961/588/1444 10939/599/1446 10962/589/1443
f 10939/599/1446 10941/600/1445 10962/589/1443
f 10962/589/1443 10941/600/1445 10963/590/15
f 10941/600/1445 10944/601/15 10963/590/15
f 10964/590/1199 10945/601/1 10965/591/1199
f 10945/601/1 10948/602/1 10965/591/1199
s 0
f 10949/594/12 10952/595/12 10966/592/12
f 10952/595/12 10955/593/12 10966/592/12
f 10966/592/12 10955/593/12 10967/583/12
s 1
f 10970/575/20 10968/584/1194 10971/576/1194
f 10968/584/1194 10956/585/1195 10971/576/1194
f 10956/585/1195 10957/586/1195 10971/576/1194
s 0
f 10972/576/15 10958/586/15 10973/577/15
f 10958/586/15 10959/587/15 10973/577/15
s 1
f 10974/577/1189 10960/587/1196 10975/578/1442
f 10960/587/1196 10961/588/1444 10975/578/1442
f 10975/578/1442 10961/588/1444 10976/579/1556
f 10961/588/1444 10962/589/1443 10976/579/1556
f 10976/579/1556 10962/589/1443 10977/580/15
f 10962/589/1443 10963/590/15 10977/580/15
f 10978/580/1193 10964/590/1199 10979/581/1193
f 10964/590/1199 10965/591/1199 10979/581/1193
s 0
f 10966/592/12 10967/583/12 10980/582/12
f 10980/582/12 10967/583/12 10981/573/12
s 1
f 10968/584/1194 10970/575/20 10982/574/20
f 10982/574/20 10970/575/20 10983/565/1184
s 0
f 10984/565/15 10969/575/15 10986/566/15
f 10986/566/15 10969/575/15 10987/567/15
f 10969/575/15 10972/576/15 10987/567/15
f 10972/576/15 10973/577/15 10987/567/15
s 1
f 10988/567/20 10974/577/1189 10989/568/1440
f 10974/577/1189 10975/578/1442 10989/568/1440
f 10989/568/1440 10975/578/1442 10990/569/1590
f 10975/578/1442 10976/579/1556 10990/569/1590
f 10990/569/1590 10976/579/1556 10991/570/15
f 10976/579/1556 10977/580/15 10991/570/15
f 10992/570/1159 10978/580/1193 10993/571/1159
f 10978/580/1193 10979/581/1193 10993/571/1159
s 0
f 10980/582/12 10981/573/12 10994/572/12
f 10994/572/12 10981/573/12 10995/563/12
s 1
f 10982/574/20 10983/565/1184 10996/564/1184
f 10996/564/1184 10983/565/1184 10997/555/1307
f 10998/555/15 10984/565/15 10999/556/1591
f 10984/565/15 10986/566/15 10999/556/1591
f 11000/556/1411 10985/566/1291 11001/557/1592
f 11001/557/1592 10985/566/1291 11002/558/1472
f 10985/566/1291 10988/567/20 11002/558/1472
f 10988/567/20 10989/568/1440 11002/558/1472
f 11002/558/1472 10989/568/1440 11003/559/1470
f 10989/568/1440 10990/569/1590 11003/559/1470
f 11003/559/1470 10990/569/1590 11004/560/15
f 10990/569/1590 10991/570/15 11004/560/15
f 11005/560/1239 10992/570/1159 11006/561/1239
f 10992/570/1159 10993/571/1159 11006/561/1239
s 0
f 10994/572/12 10995/563/12 11007/562/12
f 11007/562/12 10995/563/12 11009/553/12
s 1
f 10996/564/1184 10997/555/1307 11008/554/1179
f 10997/555/1307 10846/537/1220 11008/554/1179
f 10846/537/1220 10837/534/1166 11008/554/1179
s 0
f 11009/553/12 10838/531/12 11010/612/12
f 10838/531/12 10835/530/12 11010/612/12
f 11011/612/12 10836/530/12 11012/531/12
f 10836/530/12 11014/532/12 11012/531/12
s 1
f 11015/533/1162 11016/535/1162 11013/534/1164
f 11013/534/1164 11016/535/1162 11018/537/1163
s 0
f 11017/535/15 10843/611/15 11019/537/15
s 1
f 11019/537/15 10843/611/15 11020/540/1593
f 10844/611/15 10845/537/15 11021/540/1593
f 10845/537/15 10998/555/15 11021/540/1593
f 10998/555/15 10999/556/1591 11021/540/1593
f 11021/540/1593 10999/556/1591 11022/614/1594
f 11000/556/1411 11001/557/1592 11025/614/7
f 11001/557/1592 11027/613/1595 11025/614/7
f 11024/614/7 11026/613/1596 11028/557/1597
f 11028/557/1597 11026/613/1596 11029/616/1598
f 11027/613/1595 11001/557/1592 11030/616/1599
f 11001/557/1592 11002/558/1472 11030/616/1599
f 11002/558/1472 11003/559/1470 11030/616/1599
f 11030/616/1599 11003/559/1470 11032/615/1600
f 11032/615/1600 11003/559/1470 11033/610/15
f 11003/559/1470 11004/560/15 11033/610/15
f 11036/610/1238 11005/560/1239 11037/606/1238
f 11005/560/1239 11006/561/1239 11037/606/1238
s 0
f 11040/607/12 11007/562/12 11041/608/12
f 11007/562/12 11009/553/12 11041/608/12
f 11009/553/12 11010/612/12 11041/608/12
f 11042/608/12 11011/612/12 11043/553/12
f 11011/612/12 11012/531/12 11043/553/12
s 1
f 11013/534/1164 11018/537/1163 11044/554/1215
f 11044/554/1215 11018/537/1163 11045/555/1215
f 11019/537/15 11020/540/1593 11046/555/15
f 11046/555/15 11020/540/1593 11047/556/1453
f 11020/540/1593 11023/614/1601 11047/556/1453
f 11024/614/7 11028/557/1597 11048/556/1419
f 11048/556/1419 11028/557/1597 11050/566/1260
f 11050/566/1260 11028/557/1597 11051/558/1602
f 11028/557/1597 11029/616/1598 11051/558/1602
f 11051/558/1602 11029/616/1598 11052/559/1455
f 11029/616/1598 11031/615/1603 11052/559/1455
f 11031/615/1603 11034/610/15 11052/559/1455
f 11052/559/1455 11034/610/15 11053/560/15
f 11035/610/1305 11038/606/1305 11054/560/1301
f 11054/560/1301 11038/606/1305 11055/561/1301
s 0
f 11039/607/12 11042/608/12 11056/562/12
f 11042/608/12 11043/553/12 11056/562/12
f 11056/562/12 11043/553/12 11057/563/12
s 1
f 11044/554/1215 11045/555/1215 11058/564/1260
f 11058/564/1260 11045/555/1215 11059/565/1260
f 11046/555/15 11047/556/1453 11060/565/15
f 11047/556/1453 11049/566/15 11060/565/15
s 0
f 11060/565/15 11049/566/15 11062/575/15
f 11062/575/15 11049/566/15 11063/567/15
s 1
f 11050/566/1260 11051/558/1602 11064/567/9
f 11064/567/9 11051/558/1602 11065/568/1452
f 11051/558/1602 11052/559/1455 11065/568/1452
f 11065/568/1452 11052/559/1455 11066/569/1558
f 11052/559/1455 11053/560/15 11066/569/1558
f 11066/569/1558 11053/560/15 11067/570/15
f 11054/560/1301 11055/561/1301 11068/570/1214
f 11068/570/1214 11055/561/1301 11069/571/1214
s 0
f 11056/562/12 11057/563/12 11070/572/12
f 11070/572/12 11057/563/12 11071/573/12
s 1
f 11058/564/1260 11059/565/1260 11072/574/8
f 11059/565/1260 11061/575/8 11072/574/8
f 11072/574/8 11061/575/8 11074/584/1406
f 11074/584/1406 11061/575/8 11075/576/1406
s 0
f 11062/575/15 11063/567/15 11076/576/15
f 11076/576/15 11063/567/15 11077/577/15
s 1
f 11064/567/9 11065/568/1452 11078/577/1257
f 11078/577/1257 11065/568/1452 11079/578/1509
f 11065/568/1452 11066/569/1558 11079/578/1509
f 11079/578/1509 11066/569/1558 11080/579/1450
f 11066/569/1558 11067/570/15 11080/579/1450
f 11080/579/1450 11067/570/15 11081/580/15
f 11068/570/1214 11069/571/1214 11082/580/1209
f 11082/580/1209 11069/571/1214 11083/581/1209
s 0
f 11070/572/12 11071/573/12 11084/582/12
f 11071/573/12 11073/583/12 11084/582/12
f 11084/582/12 11073/583/12 11086/592/12
f 11086/592/12 11073/583/12 11087/593/12
s 1
f 11074/584/1406 11075/576/1406 11088/585/1203
f 11088/585/1203 11075/576/1406 11089/586/1205
s 0
f 11076/576/15 11077/577/15 11090/586/15
f 11090/586/15 11077/577/15 11091/587/15
s 1
f 11078/577/1257 11079/578/1509 11092/587/1205
f 11092/587/1205 11079/578/1509 11093/588/1449
f 11079/578/1509 11080/579/1450 11093/588/1449
f 11093/588/1449 11080/579/1450 11094/589/1479
f 11080/579/1450 11081/580/15 11094/589/1479
f 11094/589/1479 11081/580/15 11095/590/15
f 11082/580/1209 11083/581/1209 11096/590/1202
f 11083/581/1209 11085/591/1202 11096/590/1202
f 11096/590/1202 11085/591/1202 11100/601/1
f 11100/601/1 11085/591/1202 11101/602/1
s 0
f 11104/594/12 11086/592/12 11105/595/12
f 11086/592/12 11087/593/12 11105/595/12
s 1
f 11088/585/1203 11089/586/1205 11108/596/1204
f 11108/596/1204 11089/586/1205 11109/597/1204
s 0
f 11090/586/15 11091/587/15 11112/597/15
f 11112/597/15 11091/587/15 11113/598/15
s 1
f 11092/587/1205 11093/588/1449 11116/598/7
f 11116/598/7 11093/588/1449 11118/599/1448
f 11093/588/1449 11094/589/1479 11118/599/1448
f 11118/599/1448 11094/589/1479 11119/600/1445
f 11094/589/1479 11095/590/15 11119/600/1445
f 11095/590/15 11097/601/15 11119/600/1445
f 11120/600/1445 11098/601/15 11121/590/15
f 11122/590/1199 11099/601/1 11123/591/1199
f 11099/601/1 11102/602/1 11123/591/1199
s 0
f 11103/594/12 11106/595/12 11124/592/12
f 11124/592/12 11106/595/12 11125/593/12
s 1
f 11126/585/1195 11107/596/920 11127/586/1195
f 11107/596/920 11110/597/920 11127/586/1195
s 0
f 11128/586/15 11111/597/15 11129/587/15
f 11111/597/15 11114/598/15 11129/587/15
s 1
f 11130/587/1196 11115/598/7 11131/588/1444
f 11115/598/7 11117/599/1446 11131/588/1444
f 11131/588/1444 11117/599/1446 11132/589/1604
f 11117/599/1446 11120/600/1445 11132/589/1604
f 11120/600/1445 11121/590/15 11132/589/1604
f 11132/589/1604 11121/590/15 11133/580/15
f 11134/580/1193 11122/590/1199 11135/581/1192
f 11122/590/1199 11123/591/1199 11135/581/1192
s 0
f 11136/582/12 11124/592/12 11137/583/12
f 11124/592/12 11125/593/12 11137/583/12
s 1
f 11138/584/1194 11126/585/1195 11139/576/1194
f 11126/585/1195 11127/586/1195 11139/576/1194
s 0
f 11140/576/15 11128/586/15 11141/577/15
f 11128/586/15 11129/587/15 11141/577/15
s 1
f 11142/577/1194 11130/587/1196 11143/578/1557
f 11130/587/1196 11131/588/1444 11143/578/1557
f 11143/578/1557 11131/588/1444 11144/579/1556
f 11131/588/1444 11132/589/1604 11144/579/1556
f 11132/589/1604 11133/580/15 11144/579/1556
f 11144/579/1556 11133/580/15 11145/570/15
f 11146/570/1159 11134/580/1193 11147/571/1159
f 11134/580/1193 11135/581/1192 11147/571/1159
s 0
f 11148/572/12 11136/582/12 11149/573/12
f 11136/582/12 11137/583/12 11149/573/12
s 1
f 11150/574/20 11138/584/1194 11151/575/20
f 11138/584/1194 11139/576/1194 11151/575/20
s 0
f 11152/575/15 11140/576/15 11153/567/15
f 11140/576/15 11141/577/15 11153/567/15
s 1
f 11154/567/20 11142/577/1194 11155/568/1474
f 11142/577/1194 11143/578/1557 11155/568/1474
f 11155/568/1474 11143/578/1557 11156/569/1605
f 11143/578/1557 11144/579/1556 11156/569/1605
f 11144/579/1556 11145/570/15 11156/569/1605
f 11156/569/1605 11145/570/15 11157/560/15
f 11158/560/1344 11146/570/1159 11159/561/1344
f 11146/570/1159 11147/571/1159 11159/561/1344
s 0
f 11160/562/12 11148/572/12 11161/563/12
f 11148/572/12 11149/573/12 11161/563/12
s 1
f 11162/564/1184 11150/574/20 11163/565/1184
f 11150/574/20 11151/575/20 11163/565/1184
s 0
f 11164/565/15 11152/575/15 11165/566/15
f 11152/575/15 11153/567/15 11165/566/15
s 1
f 11166/566/1606 11154/567/20 11167/558/1438
f 11154/567/20 11155/568/1474 11167/558/1438
f 11167/558/1438 11155/568/1474 11168/559/1504
f 11155/568/1474 11156/569/1605 11168/559/1504
f 11156/569/1605 11157/560/15 11168/559/1504
f 11168/559/1504 11157/560/15 11169/548/1567
f 10833/549/1341 11170/548/1286 11171/550/1287
f 11170/548/1286 11158/560/1344 11171/550/1287
f 11158/560/1344 11159/561/1344 11171/550/1287
s 0
f 11172/552/12 11160/562/12 11173/553/12
f 11160/562/12 11161/563/12 11173/553/12
s 1
f 11174/554/1179 11162/564/1184 11175/555/1307
f 11162/564/1184 11163/565/1184 11175/555/1307
s 0
f 11176/555/15 11164/565/15 11177/556/15
f 11164/565/15 11165/566/15 11177/556/15
s 1
f 11178/556/1179 11166/566/1606 11179/557/1536
f 11166/566/1606 11167/558/1438 11179/557/1536
f 11179/557/1536 11167/558/1438 11180/547/1501
f 11167/558/1438 11168/559/1504 11180/547/1501
f 11168/559/1504 11169/548/1567 11180/547/1501
f 11180/547/1501 11169/548/1567 11183/546/727
f 11170/548/1286 10833/549/1341 11182/546/1341
f 10834/549/1336 10817/548/1273 11181/546/1336
f 11184/546/727 10818/548/1490 11185/547/1491
f 10818/548/1490 10819/559/1485 11185/547/1491
f 10819/559/1485 10820/558/1559 11185/547/1491
f 11185/547/1491 10820/558/1559 11186/557/1487
f 10820/558/1559 10821/566/1355 11186/557/1487
f 11186/557/1487 10821/566/1355 11187/556/1215
s 0
f 10822/566/15 10823/565/15 11188/556/15
f 11188/556/15 10823/565/15 11189/555/15
s 1
f 10824/565/1260 10825/564/1260 11190/555/1262
f 10825/564/1260 10827/554/1262 11190/555/1262
f 11190/555/1262 10827/554/1262 11192/537/1371
f 11192/537/1371 10827/554/1262 11193/534/1163
s 0
f 10828/553/12 10829/552/12 11194/531/12
f 11194/531/12 10829/552/12 11195/538/12
f 10829/552/12 10831/551/12 11195/538/12
f 10832/551/12 11172/552/12 11196/538/12
f 11196/538/12 11172/552/12 11197/531/12
f 11172/552/12 11173/553/12 11197/531/12
s 1
f 11198/534/1170 11174/554/1179 11199/537/1220
f 11174/554/1179 11175/555/1307 11199/537/1220
s 0
f 11200/537/15 11176/555/15 11201/540/15
f 11176/555/15 11177/556/15 11201/540/15
s 1
f 11202/540/1170 11178/556/1179 11203/542/1499
f 11178/556/1179 11179/557/1536 11203/542/1499
f 11203/542/1499 11179/557/1536 11204/543/1607
f 11179/557/1536 11180/547/1501 11204/543/1607
f 11180/547/1501 11183/546/727 11204/543/1607
f 11204/543/1607 11183/546/727 11205/545/1493
f 11206/545/1493 11184/546/727 11207/543/1608
f 11184/546/727 11185/547/1491 11207/543/1608
f 11185/547/1491 11186/557/1487 11207/543/1608
f 11207/543/1608 11186/557/1487 11208/542/1587
f 11186/557/1487 11187/556/1215 11208/542/1587
f 11208/542/1587 11187/556/1215 11209/540/1164
s 0
f 11188/556/15 11189/555/15 11210/540/15
f 11189/555/15 11191/537/15 11210/540/15
f 11210/540/15 11191/537/15 11211/536/15
f 11211/536/15 11191/537/15 11214/535/15
s 1
f 11192/537/1371 11193/534/1163 11213/535/1160
f 11213/535/1160 11193/534/1163 11216/533/1160
s 0
f 11215/532/12 11194/531/12 11218/539/12
f 11194/531/12 11195/538/12 11218/539/12
f 11196/538/12 11197/531/12 11217/539/12
f 11217/539/12 11197/531/12 11220/532/12
s 1
f 11219/533/1165 11198/534/1170 11222/535/1165
f 11198/534/1170 11199/537/1220 11222/535/1165
s 0
f 11221/535/15 11200/537/15 11224/536/15
f 11200/537/15 11201/540/15 11224/536/15
s 1
f 11223/536/1168 11202/540/1170 11225/541/1532
f 11202/540/1170 11203/542/1499 11225/541/1532
f 11203/542/1499 11204/543/1607 11225/541/1532
f 11225/541/1532 11204/543/1607 11226/544/1497
f 11226/544/1497 11204/543/1607 11228/544/15
f 11204/543/1607 11205/545/1493 11228/544/15
f 11206/545/1493 11207/543/1608 11227/544/15
f 11227/544/15 11207/543/1608 11229/544/1609
f 11229/544/1609 11207/543/1608 11230/541/1562
f 11207/543/1608 11208/542/1587 11230/541/1562
f 11208/542/1587 11209/540/1164 11230/541/1562
f 11209/540/1164 11212/536/1160 11230/541/1562
f 11232/617/1610 11233/618/1611 11237/619/1610
f 11237/619/1610 11233/618/1611 11242/620/1611
f 11234/621/1612 11243/622/1613 11241/620/1612
f 11241/620/1612 11243/622/1613 11248/623/1613
f 11244/624/1614 11249/625/1615 11247/623/1614
f 11247/623/1614 11249/625/1615 11251/626/1615
f 11250/627/1616 11231/628/1617 11254/629/1616
f 11231/628/1617 11238/619/1617 11254/629/1616
s 0
f 11253/629/6 11235/619/6 11255/630/6
f 11255/630/6 11235/619/6 11258/631/6
f 11257/631/15 11236/619/15 11260/632/15
f 11236/619/15 11239/620/15 11260/632/15
f 11259/632/3 11240/620/3 11262/633/3
f 11240/620/3 11245/623/3 11262/633/3
f 11246/623/12 11252/626/12 11261/633/12
f 11252/626/12 11256/634/12 11261/633/12
