# Blender 5.2.0 Alpha
# www.blender.org
mtllib GroundFloorPillars.mtl
o GroundFloorPillars
v 4.320448 -0.019686 -1.711852
v 4.320448 -0.019686 -1.711852
v 4.491516 -0.019686 -1.711852
v 4.491516 -0.019686 -1.711852
v 4.491516 1.493240 -1.711852
v 4.491516 1.493240 -1.711852
v 4.491516 1.493240 -1.711852
v 4.612132 1.493240 -1.832469
v 4.612132 1.493240 -1.832469
v 4.612132 -0.019686 -1.832469
v 4.612132 1.493240 -2.003536
v 4.612132 1.493240 -2.003536
v 4.612132 -0.019686 -2.003536
v 4.491516 1.493240 -2.124152
v 4.491516 1.493240 -2.124152
v 4.491516 1.493240 -2.124152
v 4.491516 -0.019686 -2.124152
v 4.491516 -0.019686 -2.124152
v 4.320448 1.493240 -2.124152
v 4.320448 1.493240 -2.124152
v 4.320448 1.493240 -2.124152
v 4.320448 -0.019686 -2.124152
v 4.320448 -0.019686 -2.124152
v 4.199832 1.493240 -2.003536
v 4.199832 1.493240 -2.003536
v 4.199832 1.493240 -2.003536
v 4.199832 -0.019686 -2.003536
v 4.199832 1.493240 -1.832469
v 4.199832 1.493240 -1.832469
v 4.199832 -0.019686 -1.832469
v 4.320448 1.493240 -1.711852
v 4.320448 1.493240 -1.711852
v 4.320448 1.493240 -1.711852
v 4.312330 1.511796 -1.691556
v 4.312330 1.511796 -1.691556
v 4.499634 1.511796 -1.691556
v 4.499634 1.511796 -1.691556
v 4.632428 1.511796 -1.824350
v 4.632428 1.511796 -1.824350
v 4.632428 1.511796 -2.011654
v 4.632428 1.511796 -2.011654
v 4.499634 1.511796 -2.144448
v 4.499634 1.511796 -2.144448
v 4.312330 1.511796 -2.144448
v 4.312330 1.511796 -2.144448
v 4.179536 1.511796 -2.011654
v 4.179536 1.511796 -2.011654
v 4.179536 1.511796 -2.011654
v 4.179536 1.511796 -2.011654
v 4.179536 1.511796 -1.824350
v 4.179536 1.511796 -1.824350
v 4.199832 1.529773 -1.832469
v 4.199832 1.529773 -1.832469
v 4.320448 1.529773 -1.711852
v 4.320448 1.529773 -1.711852
v 4.491516 1.529773 -1.711852
v 4.491516 1.529773 -1.711852
v 4.612132 1.529773 -1.832469
v 4.612132 1.529773 -1.832469
v 4.612132 1.529773 -2.003536
v 4.612132 1.529773 -2.003536
v 4.491516 1.529773 -2.124152
v 4.491516 1.529773 -2.124152
v 4.320448 1.529773 -2.124152
v 4.320448 1.529773 -2.124152
v 4.199832 1.529773 -2.003536
v 4.199832 1.529773 -2.003536
v 4.199832 1.529773 -2.003536
v 4.199832 1.529773 -2.003536
v 4.187074 1.540211 -1.827250
v 4.187074 1.540211 -1.827250
v 4.315229 1.540211 -1.699095
v 4.315229 1.540211 -1.699095
v 4.496735 1.540211 -1.699095
v 4.496735 1.540211 -1.699095
v 4.624890 1.540211 -1.827250
v 4.624890 1.540211 -1.827250
v 4.624890 1.540211 -2.008754
v 4.624890 1.540211 -2.008754
v 4.496735 1.540211 -2.136909
v 4.496735 1.540211 -2.136909
v 4.315229 1.540211 -2.136909
v 4.315229 1.540211 -2.136909
v 4.187074 1.540211 -2.008754
v 4.187074 1.540211 -2.008754
v 4.187074 1.540211 -2.008754
v 4.187074 1.540211 -2.008754
v 4.194613 1.550069 -2.005855
v 4.194613 1.550069 -2.005855
v 4.194613 1.550069 -1.830729
v 4.318709 1.550069 -1.706633
v 4.493835 1.550069 -1.706633
v 4.617351 1.550069 -1.830729
v 4.617351 1.550069 -2.005855
v 4.493835 1.550069 -2.129371
v 4.318709 1.550069 -2.129371
v 4.319289 1.570365 -2.128211
v 4.195772 1.570365 -2.005275
v 4.195772 1.570365 -2.005275
v 4.195772 1.570365 -1.830729
v 4.319289 1.570365 -1.707793
v 4.493255 1.570365 -1.707793
v 4.616190 1.570365 -1.830729
v 4.616190 1.570365 -2.005275
v 4.493255 1.570365 -2.128211
v 4.312910 1.594140 -2.142128
v 4.312910 1.594140 -2.142128
v 4.181855 1.594140 -2.011074
v 4.181855 1.594140 -2.011074
v 4.181855 1.594140 -2.011074
v 4.181855 1.594140 -2.011074
v 4.181855 1.594140 -1.824930
v 4.181855 1.594140 -1.824930
v 4.181855 1.594140 -1.824930
v 4.312910 1.594140 -1.693876
v 4.312910 1.594140 -1.693876
v 4.499054 1.594140 -1.693876
v 4.499054 1.594140 -1.693876
v 4.630108 1.594140 -1.824930
v 4.630108 1.594140 -1.824930
v 4.630108 1.594140 -1.824930
v 4.630108 1.594140 -2.011074
v 4.630108 1.594140 -2.011074
v 4.630108 1.594140 -2.011074
v 4.499054 1.594140 -2.142128
v 4.499054 1.594140 -2.142128
v 4.162720 1.609217 -2.161844
v 4.162720 1.609217 -2.161844
v 4.162720 1.609217 -1.670100
v 4.162720 1.609217 -1.670100
v 4.653304 1.609217 -1.670100
v 4.653304 1.609217 -1.670100
v 4.653304 1.609217 -2.161844
v 4.653304 1.609217 -2.161844
v 4.697375 1.632413 -2.205916
v 4.697375 1.632413 -2.205916
v 4.118068 1.632413 -2.205916
v 4.118068 1.632413 -2.205916
v 4.118068 1.632413 -1.626029
v 4.118068 1.632413 -1.626029
v 4.697375 1.632413 -1.626029
v 4.697375 1.632413 -1.626029
v 4.714772 1.663147 -2.223313
v 4.100672 1.663147 -2.223313
v 4.100672 1.663147 -1.608632
v 4.714772 1.663147 -1.608632
v 4.714772 1.663147 -1.608632
v 4.714772 1.703739 -2.223313
v 4.714772 1.703739 -2.223313
v 4.100672 1.703739 -2.223313
v 4.100672 1.703739 -2.223313
v 4.100672 1.703739 -1.608632
v 4.100672 1.703739 -1.608632
v 4.714772 1.703739 -1.608632
v 4.714772 1.703739 -1.608632
v 4.714772 1.703739 -1.608632
v 4.714772 1.703739 -1.608632
v 4.707233 1.703739 -2.215774
v 4.707233 1.703739 -2.215774
v 4.707233 1.703739 -2.215774
v 4.108210 1.703739 -2.215774
v 4.108210 1.703739 -2.215774
v 4.108210 1.703739 -2.215774
v 4.108210 1.703739 -1.615591
v 4.108210 1.703739 -1.615591
v 4.108210 1.703739 -1.615591
v 4.707233 1.703739 -1.615591
v 4.707233 1.703739 -1.615591
v 4.707233 1.703739 -1.615591
v 4.707233 1.703739 -1.615591
v 4.707233 1.721715 -2.215774
v 4.707233 1.721715 -2.215774
v 4.707233 1.721715 -2.215774
v 4.707233 1.721715 -2.215774
v 4.108210 1.721715 -2.215774
v 4.108210 1.721715 -2.215774
v 4.108210 1.721715 -2.215774
v 4.108210 1.721715 -2.215774
v 4.108210 1.721715 -1.615591
v 4.108210 1.721715 -1.615591
v 4.108210 1.721715 -1.615591
v 4.108210 1.721715 -1.615591
v 4.707233 1.721715 -1.615591
v 4.707233 1.721715 -1.615591
v 4.707233 1.721715 -1.615591
v 4.707233 1.721715 -1.615591
v 4.714772 1.721715 -2.223313
v 4.714772 1.721715 -2.223313
v 4.714772 1.721715 -2.223313
v 4.714772 1.721715 -2.223313
v 4.100672 1.721715 -2.223313
v 4.100672 1.721715 -2.223313
v 4.100672 1.721715 -2.223313
v 4.100672 1.721715 -2.223313
v 4.100672 1.721715 -1.608632
v 4.100672 1.721715 -1.608632
v 4.100672 1.721715 -1.608632
v 4.100672 1.721715 -1.608632
v 4.714772 1.721715 -1.608632
v 4.714772 1.721715 -1.608632
v 4.714772 1.721715 -1.608632
v 4.714772 1.721715 -1.608632
v 4.714772 1.768106 -1.608632
v 4.714772 1.768106 -1.608632
v 4.714772 1.768106 -1.608632
v 4.714772 1.768106 -2.223313
v 4.714772 1.768106 -2.223313
v 4.714772 1.768106 -2.223313
v 4.100672 1.768106 -2.223313
v 4.100672 1.768106 -2.223313
v 4.100672 1.768106 -2.223313
v 4.100672 1.768106 -1.608632
v 4.100672 1.768106 -1.608632
v 4.100672 1.768106 -1.608632
v 1.248787 -0.019686 -1.831309
v 1.248787 -0.019686 -1.831309
v 1.369404 -0.019686 -1.710113
v 1.248787 1.493240 -1.831309
v 1.248787 1.493240 -1.831309
v 1.248787 1.493240 -1.831309
v 1.248787 1.493240 -1.831309
v 1.369404 1.493240 -1.710113
v 1.369404 1.493240 -1.710113
v 1.540470 -0.019686 -1.710113
v 1.540470 -0.019686 -1.710113
v 1.540470 1.493240 -1.710113
v 1.540470 1.493240 -1.710113
v 1.540470 1.493240 -1.710113
v 1.661087 -0.019686 -1.831309
v 1.661087 1.493240 -1.831309
v 1.661087 1.493240 -1.831309
v 1.661087 -0.019686 -2.001796
v 1.661087 1.493240 -2.001796
v 1.661087 1.493240 -2.001796
v 1.540470 -0.019686 -2.122992
v 1.540470 -0.019686 -2.122992
v 1.540470 1.493240 -2.122992
v 1.540470 1.493240 -2.122992
v 1.540470 1.493240 -2.122992
v 1.369404 -0.019686 -2.122992
v 1.369404 1.493240 -2.122992
v 1.369404 1.493240 -2.122992
v 1.248787 -0.019686 -2.001796
v 1.248787 -0.019686 -2.001796
v 1.248787 1.493240 -2.001796
v 1.248787 1.493240 -2.001796
v 1.248787 1.493240 -2.001796
v 1.228491 1.511796 -1.822611
v 1.228491 1.511796 -1.822611
v 1.228491 1.511796 -1.822611
v 1.228491 1.511796 -1.822611
v 1.361285 1.511796 -1.690396
v 1.361285 1.511796 -1.690396
v 1.548589 1.511796 -1.690396
v 1.548589 1.511796 -1.690396
v 1.681383 1.511796 -1.822611
v 1.681383 1.511796 -1.822611
v 1.681383 1.511796 -2.010494
v 1.681383 1.511796 -2.010494
v 1.548589 1.511796 -2.142708
v 1.548589 1.511796 -2.142708
v 1.361285 1.511796 -2.142708
v 1.361285 1.511796 -2.142708
v 1.228491 1.511796 -2.010494
v 1.228491 1.511796 -2.010494
v 1.248787 1.529773 -1.831309
v 1.248787 1.529773 -1.831309
v 1.248787 1.529773 -1.831309
v 1.248787 1.529773 -1.831309
v 1.369404 1.529773 -1.710113
v 1.369404 1.529773 -1.710113
v 1.540470 1.529773 -1.710113
v 1.540470 1.529773 -1.710113
v 1.661087 1.529773 -1.831309
v 1.661087 1.529773 -1.831309
v 1.661087 1.529773 -2.001796
v 1.661087 1.529773 -2.001796
v 1.540470 1.529773 -2.122992
v 1.540470 1.529773 -2.122992
v 1.369404 1.529773 -2.122992
v 1.369404 1.529773 -2.122992
v 1.248787 1.529773 -2.001796
v 1.248787 1.529773 -2.001796
v 1.236030 1.540211 -2.007015
v 1.236030 1.540211 -2.007015
v 1.236030 1.540211 -1.826090
v 1.236030 1.540211 -1.826090
v 1.236030 1.540211 -1.826090
v 1.236030 1.540211 -1.826090
v 1.364185 1.540211 -1.697355
v 1.364185 1.540211 -1.697355
v 1.545689 1.540211 -1.697355
v 1.545689 1.540211 -1.697355
v 1.673844 1.540211 -1.826090
v 1.673844 1.540211 -1.826090
v 1.673844 1.540211 -2.007015
v 1.673844 1.540211 -2.007015
v 1.545689 1.540211 -2.135170
v 1.545689 1.540211 -2.135170
v 1.364185 1.540211 -2.135170
v 1.364185 1.540211 -2.135170
v 1.243569 1.550069 -2.004115
v 1.243569 1.550069 -1.828989
v 1.243569 1.550069 -1.828989
v 1.367084 1.550069 -1.705473
v 1.542210 1.550069 -1.705473
v 1.666306 1.550069 -1.828989
v 1.666306 1.550069 -2.004115
v 1.542210 1.550069 -2.127631
v 1.367084 1.550069 -2.127631
v 1.244728 1.570365 -2.003536
v 1.244728 1.570365 -1.829569
v 1.244728 1.570365 -1.829569
v 1.367664 1.570365 -1.706633
v 1.542210 1.570365 -1.706633
v 1.665146 1.570365 -1.829569
v 1.665146 1.570365 -2.003536
v 1.542210 1.570365 -2.126472
v 1.367664 1.570365 -2.126472
v 1.361865 1.594140 -2.140969
v 1.361865 1.594140 -2.140969
v 1.230811 1.594140 -2.009334
v 1.230811 1.594140 -2.009334
v 1.230811 1.594140 -2.009334
v 1.230811 1.594140 -1.823771
v 1.230811 1.594140 -1.823771
v 1.230811 1.594140 -1.823771
v 1.230811 1.594140 -1.823771
v 1.361865 1.594140 -1.692136
v 1.361865 1.594140 -1.692136
v 1.548009 1.594140 -1.692136
v 1.548009 1.594140 -1.692136
v 1.679063 1.594140 -1.823771
v 1.679063 1.594140 -1.823771
v 1.679063 1.594140 -1.823771
v 1.679063 1.594140 -2.009334
v 1.679063 1.594140 -2.009334
v 1.679063 1.594140 -2.009334
v 1.548009 1.594140 -2.140969
v 1.548009 1.594140 -2.140969
v 1.211094 1.609217 -2.164164
v 1.211094 1.609217 -2.164164
v 1.211094 1.609217 -1.673000
v 1.211094 1.609217 -1.673000
v 1.701679 1.609217 -1.673000
v 1.701679 1.609217 -1.673000
v 1.701679 1.609217 -2.164164
v 1.701679 1.609217 -2.164164
v 1.167023 1.632413 -2.208816
v 1.167023 1.632413 -2.208816
v 1.167023 1.632413 -1.628928
v 1.167023 1.632413 -1.628928
v 1.746330 1.632413 -1.628928
v 1.746330 1.632413 -1.628928
v 1.746330 1.632413 -2.208816
v 1.746330 1.632413 -2.208816
v 1.763727 1.663147 -2.226212
v 1.763727 1.663147 -2.226212
v 1.149627 1.663147 -2.226212
v 1.149627 1.663147 -1.610952
v 1.763727 1.663147 -1.610952
v 1.763727 1.703739 -1.610952
v 1.763727 1.703739 -1.610952
v 1.763727 1.703739 -2.226212
v 1.763727 1.703739 -2.226212
v 1.763727 1.703739 -2.226212
v 1.763727 1.703739 -2.226212
v 1.149627 1.703739 -2.226212
v 1.149627 1.703739 -2.226212
v 1.149627 1.703739 -1.610952
v 1.149627 1.703739 -1.610952
v 1.157165 1.703739 -1.618490
v 1.157165 1.703739 -1.618490
v 1.157165 1.703739 -1.618490
v 1.756188 1.703739 -1.618490
v 1.756188 1.703739 -1.618490
v 1.756188 1.703739 -1.618490
v 1.756188 1.703739 -2.218673
v 1.756188 1.703739 -2.218673
v 1.756188 1.703739 -2.218673
v 1.756188 1.703739 -2.218673
v 1.157165 1.703739 -2.218673
v 1.157165 1.703739 -2.218673
v 1.157165 1.703739 -2.218673
v 1.157165 1.721715 -2.218673
v 1.157165 1.721715 -2.218673
v 1.157165 1.721715 -2.218673
v 1.157165 1.721715 -2.218673
v 1.157165 1.721715 -1.618490
v 1.157165 1.721715 -1.618490
v 1.157165 1.721715 -1.618490
v 1.157165 1.721715 -1.618490
v 1.756188 1.721715 -1.618490
v 1.756188 1.721715 -1.618490
v 1.756188 1.721715 -1.618490
v 1.756188 1.721715 -1.618490
v 1.756188 1.721715 -2.218673
v 1.756188 1.721715 -2.218673
v 1.756188 1.721715 -2.218673
v 1.756188 1.721715 -2.218673
v 1.763727 1.721715 -2.226212
v 1.763727 1.721715 -2.226212
v 1.763727 1.721715 -2.226212
v 1.763727 1.721715 -2.226212
v 1.149627 1.721715 -2.226212
v 1.149627 1.721715 -2.226212
v 1.149627 1.721715 -2.226212
v 1.149627 1.721715 -2.226212
v 1.149627 1.721715 -1.610952
v 1.149627 1.721715 -1.610952
v 1.149627 1.721715 -1.610952
v 1.149627 1.721715 -1.610952
v 1.763727 1.721715 -1.610952
v 1.763727 1.721715 -1.610952
v 1.763727 1.721715 -1.610952
v 1.763727 1.721715 -1.610952
v 1.763727 1.768106 -2.226212
v 1.763727 1.768106 -2.226212
v 1.763727 1.768106 -2.226212
v 1.149627 1.768106 -2.226212
v 1.149627 1.768106 -2.226212
v 1.149627 1.768106 -2.226212
v 1.149627 1.768106 -1.610952
v 1.149627 1.768106 -1.610952
v 1.149627 1.768106 -1.610952
v 1.763727 1.768106 -1.610952
v 1.763727 1.768106 -1.610952
v 1.763727 1.768106 -1.610952
v -1.690080 -0.019686 -2.003536
v -1.690080 -0.019686 -1.832469
v -1.690080 1.493240 -1.832469
v -1.690080 1.493240 -1.832469
v -1.569463 1.493240 -1.711272
v -1.569463 1.493240 -1.711272
v -1.569463 1.493240 -1.711272
v -1.569463 -0.019686 -1.711272
v -1.569463 -0.019686 -1.711272
v -1.398397 1.493240 -1.711272
v -1.398397 1.493240 -1.711272
v -1.398397 1.493240 -1.711272
v -1.398397 -0.019686 -1.711272
v -1.398397 -0.019686 -1.711272
v -1.277200 1.493240 -1.832469
v -1.277200 1.493240 -1.832469
v -1.277200 1.493240 -1.832469
v -1.277200 -0.019686 -1.832469
v -1.277200 -0.019686 -1.832469
v -1.277200 1.493240 -2.003536
v -1.277200 1.493240 -2.003536
v -1.277200 1.493240 -2.003536
v -1.277200 -0.019686 -2.003536
v -1.277200 -0.019686 -2.003536
v -1.398397 1.493240 -2.124152
v -1.398397 1.493240 -2.124152
v -1.398397 1.493240 -2.124152
v -1.398397 -0.019686 -2.124152
v -1.569463 1.493240 -2.124152
v -1.569463 1.493240 -2.124152
v -1.569463 -0.019686 -2.124152
v -1.690080 1.493240 -2.003536
v -1.690080 1.493240 -2.003536
v -1.709796 1.511796 -2.011654
v -1.709796 1.511796 -2.011654
v -1.709796 1.511796 -1.824350
v -1.709796 1.511796 -1.824350
v -1.577582 1.511796 -1.691556
v -1.577582 1.511796 -1.691556
v -1.390278 1.511796 -1.691556
v -1.390278 1.511796 -1.691556
v -1.257484 1.511796 -1.824350
v -1.257484 1.511796 -1.824350
v -1.257484 1.511796 -2.011654
v -1.257484 1.511796 -2.011654
v -1.390278 1.511796 -2.143868
v -1.390278 1.511796 -2.143868
v -1.390278 1.511796 -2.143868
v -1.390278 1.511796 -2.143868
v -1.577582 1.511796 -2.143868
v -1.577582 1.511796 -2.143868
v -1.569463 1.529773 -2.124152
v -1.569463 1.529773 -2.124152
v -1.690080 1.529773 -2.003536
v -1.690080 1.529773 -2.003536
v -1.690080 1.529773 -1.832469
v -1.690080 1.529773 -1.832469
v -1.569463 1.529773 -1.711272
v -1.569463 1.529773 -1.711272
v -1.398397 1.529773 -1.711272
v -1.398397 1.529773 -1.711272
v -1.277200 1.529773 -1.832469
v -1.277200 1.529773 -1.832469
v -1.277200 1.529773 -2.003536
v -1.277200 1.529773 -2.003536
v -1.398397 1.529773 -2.124152
v -1.398397 1.529773 -2.124152
v -1.398397 1.529773 -2.124152
v -1.398397 1.529773 -2.124152
v -1.574682 1.540211 -2.136909
v -1.574682 1.540211 -2.136909
v -1.702837 1.540211 -2.008754
v -1.702837 1.540211 -2.008754
v -1.702837 1.540211 -1.827250
v -1.702837 1.540211 -1.827250
v -1.574682 1.540211 -1.699095
v -1.574682 1.540211 -1.699095
v -1.393178 1.540211 -1.699095
v -1.393178 1.540211 -1.699095
v -1.265023 1.540211 -1.827250
v -1.265023 1.540211 -1.827250
v -1.265023 1.540211 -2.008754
v -1.265023 1.540211 -2.008754
v -1.393178 1.540211 -2.136909
v -1.393178 1.540211 -2.136909
v -1.393178 1.540211 -2.136909
v -1.393178 1.540211 -2.136909
v -1.396077 1.550069 -2.129371
v -1.396077 1.550069 -2.129371
v -1.571203 1.550069 -2.129371
v -1.695299 1.550069 -2.005275
v -1.695299 1.550069 -1.830149
v -1.571203 1.550069 -1.706633
v -1.396077 1.550069 -1.706633
v -1.272561 1.550069 -1.830149
v -1.272561 1.550069 -2.005275
v -1.273721 1.570365 -2.004695
v -1.396657 1.570365 -2.128211
v -1.396657 1.570365 -2.128211
v -1.570623 1.570365 -2.128211
v -1.694139 1.570365 -2.004695
v -1.694139 1.570365 -1.830729
v -1.570623 1.570365 -1.707793
v -1.396657 1.570365 -1.707793
v -1.273721 1.570365 -1.830729
v -1.259224 1.594140 -2.010494
v -1.259224 1.594140 -2.010494
v -1.390858 1.594140 -2.142128
v -1.390858 1.594140 -2.142128
v -1.390858 1.594140 -2.142128
v -1.390858 1.594140 -2.142128
v -1.576422 1.594140 -2.142128
v -1.576422 1.594140 -2.142128
v -1.576422 1.594140 -2.142128
v -1.708056 1.594140 -2.010494
v -1.708056 1.594140 -2.010494
v -1.708056 1.594140 -1.824930
v -1.708056 1.594140 -1.824930
v -1.576422 1.594140 -1.693876
v -1.576422 1.594140 -1.693876
v -1.576422 1.594140 -1.693876
v -1.390858 1.594140 -1.693876
v -1.390858 1.594140 -1.693876
v -1.390858 1.594140 -1.693876
v -1.259224 1.594140 -1.824930
v -1.259224 1.594140 -1.824930
v -1.240088 1.609217 -2.161265
v -1.240088 1.609217 -2.161265
v -1.731831 1.609217 -2.161265
v -1.731831 1.609217 -2.161265
v -1.731831 1.609217 -1.670680
v -1.731831 1.609217 -1.670680
v -1.240088 1.609217 -1.670680
v -1.240088 1.609217 -1.670680
v -1.196016 1.632413 -1.626609
v -1.196016 1.632413 -1.626609
v -1.196016 1.632413 -2.205916
v -1.196016 1.632413 -2.205916
v -1.775903 1.632413 -2.205916
v -1.775903 1.632413 -2.205916
v -1.775903 1.632413 -1.626609
v -1.775903 1.632413 -1.626609
v -1.178620 1.663147 -1.609212
v -1.178620 1.663147 -2.223313
v -1.793300 1.663147 -2.223313
v -1.793300 1.663147 -1.609212
v -1.793300 1.663147 -1.609212
v -1.178620 1.703739 -1.609212
v -1.178620 1.703739 -1.609212
v -1.178620 1.703739 -2.223313
v -1.178620 1.703739 -2.223313
v -1.793300 1.703739 -2.223313
v -1.793300 1.703739 -2.223313
v -1.793300 1.703739 -1.609212
v -1.793300 1.703739 -1.609212
v -1.793300 1.703739 -1.609212
v -1.793300 1.703739 -1.609212
v -1.185578 1.703739 -1.616751
v -1.185578 1.703739 -1.616751
v -1.185578 1.703739 -1.616751
v -1.185578 1.703739 -2.215774
v -1.185578 1.703739 -2.215774
v -1.185578 1.703739 -2.215774
v -1.785761 1.703739 -2.215774
v -1.785761 1.703739 -2.215774
v -1.785761 1.703739 -2.215774
v -1.785761 1.703739 -1.616751
v -1.785761 1.703739 -1.616751
v -1.785761 1.703739 -1.616751
v -1.785761 1.703739 -1.616751
v -1.185578 1.721715 -1.616751
v -1.185578 1.721715 -1.616751
v -1.185578 1.721715 -1.616751
v -1.185578 1.721715 -1.616751
v -1.185578 1.721715 -2.215774
v -1.185578 1.721715 -2.215774
v -1.185578 1.721715 -2.215774
v -1.185578 1.721715 -2.215774
v -1.785761 1.721715 -2.215774
v -1.785761 1.721715 -2.215774
v -1.785761 1.721715 -2.215774
v -1.785761 1.721715 -2.215774
v -1.785761 1.721715 -1.616751
v -1.785761 1.721715 -1.616751
v -1.785761 1.721715 -1.616751
v -1.785761 1.721715 -1.616751
v -1.178620 1.721715 -1.609212
v -1.178620 1.721715 -1.609212
v -1.178620 1.721715 -1.609212
v -1.178620 1.721715 -1.609212
v -1.178620 1.721715 -2.223313
v -1.178620 1.721715 -2.223313
v -1.178620 1.721715 -2.223313
v -1.178620 1.721715 -2.223313
v -1.793300 1.721715 -2.223313
v -1.793300 1.721715 -2.223313
v -1.793300 1.721715 -2.223313
v -1.793300 1.721715 -2.223313
v -1.793300 1.721715 -1.609212
v -1.793300 1.721715 -1.609212
v -1.793300 1.721715 -1.609212
v -1.793300 1.721715 -1.609212
v -1.793300 1.768106 -1.609212
v -1.793300 1.768106 -1.609212
v -1.793300 1.768106 -1.609212
v -1.178620 1.768106 -1.609212
v -1.178620 1.768106 -1.609212
v -1.178620 1.768106 -1.609212
v -1.178620 1.768106 -2.223313
v -1.178620 1.768106 -2.223313
v -1.178620 1.768106 -2.223313
v -1.793300 1.768106 -2.223313
v -1.793300 1.768106 -2.223313
v -1.793300 1.768106 -2.223313
v -4.271736 -0.019686 -1.831309
v -4.271736 -0.019686 -2.002376
v -4.271736 -0.019686 -2.002376
v -4.271736 1.493240 -2.002376
v -4.271736 1.493240 -2.002376
v -4.271736 1.493240 -2.002376
v -4.392932 1.493240 -2.122992
v -4.392932 1.493240 -2.122992
v -4.392932 -0.019686 -2.122992
v -4.563419 1.493240 -2.122992
v -4.563419 1.493240 -2.122992
v -4.563419 -0.019686 -2.122992
v -4.684616 1.493240 -2.002376
v -4.684616 1.493240 -2.002376
v -4.684616 1.493240 -2.002376
v -4.684616 -0.019686 -2.002376
v -4.684616 -0.019686 -2.002376
v -4.684616 1.493240 -1.831309
v -4.684616 1.493240 -1.831309
v -4.684616 -0.019686 -1.831309
v -4.563419 1.493240 -1.710113
v -4.563419 1.493240 -1.710113
v -4.563419 1.493240 -1.710113
v -4.563419 -0.019686 -1.710113
v -4.392932 1.493240 -1.710113
v -4.392932 1.493240 -1.710113
v -4.392932 1.493240 -1.710113
v -4.392932 -0.019686 -1.710113
v -4.392932 -0.019686 -1.710113
v -4.271736 1.493240 -1.831309
v -4.271736 1.493240 -1.831309
v -4.252020 1.511796 -1.823190
v -4.252020 1.511796 -1.823190
v -4.252020 1.511796 -2.010494
v -4.252020 1.511796 -2.010494
v -4.384234 1.511796 -2.142708
v -4.384234 1.511796 -2.142708
v -4.572118 1.511796 -2.142708
v -4.572118 1.511796 -2.142708
v -4.704332 1.511796 -2.010494
v -4.704332 1.511796 -2.010494
v -4.704332 1.511796 -1.823190
v -4.704332 1.511796 -1.823190
v -4.572118 1.511796 -1.690396
v -4.572118 1.511796 -1.690396
v -4.572118 1.511796 -1.690396
v -4.572118 1.511796 -1.690396
v -4.384234 1.511796 -1.690396
v -4.384234 1.511796 -1.690396
v -4.392932 1.529773 -1.710113
v -4.392932 1.529773 -1.710113
v -4.271736 1.529773 -1.831309
v -4.271736 1.529773 -1.831309
v -4.271736 1.529773 -2.002376
v -4.271736 1.529773 -2.002376
v -4.392932 1.529773 -2.122992
v -4.392932 1.529773 -2.122992
v -4.563419 1.529773 -2.122992
v -4.563419 1.529773 -2.122992
v -4.684616 1.529773 -2.002376
v -4.684616 1.529773 -2.002376
v -4.684616 1.529773 -1.831309
v -4.684616 1.529773 -1.831309
v -4.563419 1.529773 -1.710113
v -4.563419 1.529773 -1.710113
v -4.563419 1.529773 -1.710113
v -4.563419 1.529773 -1.710113
v -4.387714 1.540211 -1.697935
v -4.387714 1.540211 -1.697935
v -4.258979 1.540211 -1.826090
v -4.258979 1.540211 -1.826090
v -4.258979 1.540211 -2.007595
v -4.258979 1.540211 -2.007595
v -4.387714 1.540211 -2.135750
v -4.387714 1.540211 -2.135750
v -4.568638 1.540211 -2.135750
v -4.568638 1.540211 -2.135750
v -4.696794 1.540211 -2.007595
v -4.696794 1.540211 -2.007595
v -4.696794 1.540211 -1.826090
v -4.696794 1.540211 -1.826090
v -4.568638 1.540211 -1.697935
v -4.568638 1.540211 -1.697935
v -4.568638 1.540211 -1.697935
v -4.568638 1.540211 -1.697935
v -4.565739 1.550069 -1.705473
v -4.565739 1.550069 -1.705473
v -4.390613 1.550069 -1.705473
v -4.267097 1.550069 -1.828989
v -4.267097 1.550069 -2.004115
v -4.390613 1.550069 -2.128211
v -4.565739 1.550069 -2.128211
v -4.689255 1.550069 -2.004115
v -4.689255 1.550069 -1.828989
v -4.688095 1.570365 -1.829569
v -4.565159 1.570365 -1.706633
v -4.565159 1.570365 -1.706633
v -4.391193 1.570365 -1.706633
v -4.268257 1.570365 -1.829569
v -4.268257 1.570365 -2.003536
v -4.391193 1.570365 -2.127051
v -4.565159 1.570365 -2.127051
v -4.688095 1.570365 -2.003536
v -4.702592 1.594140 -1.823771
v -4.702592 1.594140 -1.823771
v -4.570958 1.594140 -1.692716
v -4.570958 1.594140 -1.692716
v -4.570958 1.594140 -1.692716
v -4.570958 1.594140 -1.692716
v -4.385394 1.594140 -1.692716
v -4.385394 1.594140 -1.692716
v -4.385394 1.594140 -1.692716
v -4.253760 1.594140 -1.823771
v -4.253760 1.594140 -1.823771
v -4.253760 1.594140 -2.009334
v -4.253760 1.594140 -2.009334
v -4.385394 1.594140 -2.140969
v -4.385394 1.594140 -2.140969
v -4.385394 1.594140 -2.140969
v -4.570958 1.594140 -2.140969
v -4.570958 1.594140 -2.140969
v -4.570958 1.594140 -2.140969
v -4.702592 1.594140 -2.009334
v -4.702592 1.594140 -2.009334
v -4.721728 1.609217 -1.673000
v -4.721728 1.609217 -1.673000
v -4.230564 1.609217 -1.673000
v -4.230564 1.609217 -1.673000
v -4.230564 1.609217 -2.163584
v -4.230564 1.609217 -2.163584
v -4.721728 1.609217 -2.163584
v -4.721728 1.609217 -2.163584
v -4.765800 1.632413 -2.207656
v -4.765800 1.632413 -2.207656
v -4.765800 1.632413 -1.628928
v -4.765800 1.632413 -1.628928
v -4.185913 1.632413 -1.628928
v -4.185913 1.632413 -1.628928
v -4.185913 1.632413 -2.207656
v -4.185913 1.632413 -2.207656
v -4.783776 1.663147 -2.225632
v -4.783776 1.663147 -1.611532
v -4.168517 1.663147 -1.611532
v -4.168517 1.663147 -2.225632
v -4.168517 1.663147 -2.225632
v -4.783776 1.703739 -2.225632
v -4.783776 1.703739 -2.225632
v -4.783776 1.703739 -1.611532
v -4.783776 1.703739 -1.611532
v -4.168517 1.703739 -1.611532
v -4.168517 1.703739 -1.611532
v -4.168517 1.703739 -2.225632
v -4.168517 1.703739 -2.225632
v -4.168517 1.703739 -2.225632
v -4.168517 1.703739 -2.225632
v -4.776237 1.703739 -2.218094
v -4.776237 1.703739 -2.218094
v -4.776237 1.703739 -2.218094
v -4.776237 1.703739 -1.619070
v -4.776237 1.703739 -1.619070
v -4.776237 1.703739 -1.619070
v -4.176055 1.703739 -1.619070
v -4.176055 1.703739 -1.619070
v -4.176055 1.703739 -1.619070
v -4.176055 1.703739 -2.218094
v -4.176055 1.703739 -2.218094
v -4.176055 1.703739 -2.218094
v -4.176055 1.703739 -2.218094
v -4.776237 1.721715 -2.218094
v -4.776237 1.721715 -2.218094
v -4.776237 1.721715 -2.218094
v -4.776237 1.721715 -2.218094
v -4.776237 1.721715 -1.619070
v -4.776237 1.721715 -1.619070
v -4.776237 1.721715 -1.619070
v -4.776237 1.721715 -1.619070
v -4.176055 1.721715 -1.619070
v -4.176055 1.721715 -1.619070
v -4.176055 1.721715 -1.619070
v -4.176055 1.721715 -1.619070
v -4.176055 1.721715 -2.218094
v -4.176055 1.721715 -2.218094
v -4.176055 1.721715 -2.218094
v -4.176055 1.721715 -2.218094
v -4.783776 1.721715 -2.225632
v -4.783776 1.721715 -2.225632
v -4.783776 1.721715 -2.225632
v -4.783776 1.721715 -2.225632
v -4.783776 1.721715 -1.611532
v -4.783776 1.721715 -1.611532
v -4.783776 1.721715 -1.611532
v -4.783776 1.721715 -1.611532
v -4.168517 1.721715 -1.611532
v -4.168517 1.721715 -1.611532
v -4.168517 1.721715 -1.611532
v -4.168517 1.721715 -1.611532
v -4.168517 1.721715 -2.225632
v -4.168517 1.721715 -2.225632
v -4.168517 1.721715 -2.225632
v -4.168517 1.721715 -2.225632
v -4.168517 1.768106 -2.225632
v -4.168517 1.768106 -2.225632
v -4.168517 1.768106 -2.225632
v -4.783776 1.768106 -2.225632
v -4.783776 1.768106 -2.225632
v -4.783776 1.768106 -2.225632
v -4.783776 1.768106 -1.611532
v -4.783776 1.768106 -1.611532
v -4.783776 1.768106 -1.611532
v -4.168517 1.768106 -1.611532
v -4.168517 1.768106 -1.611532
v -4.168517 1.768106 -1.611532
v 4.613291 -0.019686 1.870111
v 4.492675 -0.019686 1.749494
v 4.492675 -0.019686 1.749494
v 4.613291 1.493240 1.870111
v 4.613291 1.493240 1.870111
v 4.613291 1.493240 1.870111
v 4.492675 1.493240 1.749494
v 4.492675 1.493240 1.749494
v 4.492675 1.493240 1.749494
v 4.321608 -0.019686 1.749494
v 4.321608 -0.019686 1.749494
v 4.321608 1.493240 1.749494
v 4.321608 1.493240 1.749494
v 4.321608 1.493240 1.749494
v 4.200992 -0.019686 1.870111
v 4.200992 1.493240 1.870111
v 4.200992 1.493240 1.870111
v 4.200992 -0.019686 2.041177
v 4.200992 1.493240 2.041177
v 4.200992 1.493240 2.041177
v 4.321608 -0.019686 2.161794
v 4.321608 -0.019686 2.161794
v 4.321608 1.493240 2.161794
v 4.321608 1.493240 2.161794
v 4.321608 1.493240 2.161794
v 4.492675 -0.019686 2.161794
v 4.492675 -0.019686 2.161794
v 4.492675 1.493240 2.161794
v 4.492675 1.493240 2.161794
v 4.492675 1.493240 2.161794
v 4.613291 -0.019686 2.041177
v 4.613291 1.493240 2.041177
v 4.613291 1.493240 2.041177
v 4.633588 1.511796 1.861992
v 4.633588 1.511796 1.861992
v 4.633588 1.511796 1.861992
v 4.633588 1.511796 1.861992
v 4.500793 1.511796 1.729198
v 4.500793 1.511796 1.729198
v 4.313490 1.511796 1.729198
v 4.313490 1.511796 1.729198
v 4.180696 1.511796 1.861992
v 4.180696 1.511796 1.861992
v 4.180696 1.511796 2.049296
v 4.180696 1.511796 2.049296
v 4.313490 1.511796 2.182090
v 4.313490 1.511796 2.182090
v 4.500793 1.511796 2.182090
v 4.500793 1.511796 2.182090
v 4.633588 1.511796 2.049296
v 4.633588 1.511796 2.049296
v 4.613291 1.529773 1.870111
v 4.613291 1.529773 1.870111
v 4.613291 1.529773 1.870111
v 4.613291 1.529773 1.870111
v 4.492675 1.529773 1.749494
v 4.492675 1.529773 1.749494
v 4.321608 1.529773 1.749494
v 4.321608 1.529773 1.749494
v 4.200992 1.529773 1.870111
v 4.200992 1.529773 1.870111
v 4.200992 1.529773 2.041177
v 4.200992 1.529773 2.041177
v 4.321608 1.529773 2.161794
v 4.321608 1.529773 2.161794
v 4.492675 1.529773 2.161794
v 4.492675 1.529773 2.161794
v 4.613291 1.529773 2.041177
v 4.613291 1.529773 2.041177
v 4.626049 1.540211 2.046396
v 4.626049 1.540211 2.046396
v 4.626049 1.540211 1.864892
v 4.626049 1.540211 1.864892
v 4.626049 1.540211 1.864892
v 4.626049 1.540211 1.864892
v 4.497894 1.540211 1.736736
v 4.497894 1.540211 1.736736
v 4.316390 1.540211 1.736736
v 4.316390 1.540211 1.736736
v 4.188234 1.540211 1.864892
v 4.188234 1.540211 1.864892
v 4.188234 1.540211 2.046396
v 4.188234 1.540211 2.046396
v 4.316390 1.540211 2.174551
v 4.316390 1.540211 2.174551
v 4.497894 1.540211 2.174551
v 4.497894 1.540211 2.174551
v 4.618511 1.550069 2.042917
v 4.618511 1.550069 1.868371
v 4.618511 1.550069 1.868371
v 4.494994 1.550069 1.744275
v 4.319869 1.550069 1.744275
v 4.195772 1.550069 1.868371
v 4.195772 1.550069 2.042917
v 4.319869 1.550069 2.167012
v 4.494994 1.550069 2.167012
v 4.617351 1.570365 2.042917
v 4.617351 1.570365 1.868371
v 4.617351 1.570365 1.868371
v 4.494415 1.570365 1.745435
v 4.320448 1.570365 1.745435
v 4.196932 1.570365 1.868371
v 4.196932 1.570365 2.042917
v 4.320448 1.570365 2.165853
v 4.494415 1.570365 2.165853
v 4.500214 1.594140 2.179770
v 4.500214 1.594140 2.179770
v 4.631268 1.594140 2.048716
v 4.631268 1.594140 2.048716
v 4.631268 1.594140 2.048716
v 4.631268 1.594140 1.862572
v 4.631268 1.594140 1.862572
v 4.631268 1.594140 1.862572
v 4.631268 1.594140 1.862572
v 4.500214 1.594140 1.731517
v 4.500214 1.594140 1.731517
v 4.314069 1.594140 1.731517
v 4.314069 1.594140 1.731517
v 4.183015 1.594140 1.862572
v 4.183015 1.594140 1.862572
v 4.183015 1.594140 1.862572
v 4.183015 1.594140 2.048716
v 4.183015 1.594140 2.048716
v 4.183015 1.594140 2.048716
v 4.314069 1.594140 2.179770
v 4.314069 1.594140 2.179770
v 4.650984 1.609217 2.203546
v 4.650984 1.609217 2.203546
v 4.650984 1.609217 1.711801
v 4.650984 1.609217 1.711801
v 4.160399 1.609217 1.711801
v 4.160399 1.609217 1.711801
v 4.160399 1.609217 2.203546
v 4.160399 1.609217 2.203546
v 4.695055 1.632413 2.247617
v 4.695055 1.632413 2.247617
v 4.695055 1.632413 1.667730
v 4.695055 1.632413 1.667730
v 4.116328 1.632413 1.667730
v 4.116328 1.632413 1.667730
v 4.116328 1.632413 2.247617
v 4.116328 1.632413 2.247617
v 4.098351 1.663147 2.265013
v 4.098351 1.663147 2.265013
v 4.712452 1.663147 2.265013
v 4.712452 1.663147 1.650333
v 4.098351 1.663147 1.650333
v 4.098351 1.703739 1.650333
v 4.098351 1.703739 1.650333
v 4.098351 1.703739 2.265013
v 4.098351 1.703739 2.265013
v 4.098351 1.703739 2.265013
v 4.098351 1.703739 2.265013
v 4.712452 1.703739 2.265013
v 4.712452 1.703739 2.265013
v 4.712452 1.703739 1.650333
v 4.712452 1.703739 1.650333
v 4.704914 1.703739 1.657872
v 4.704914 1.703739 1.657872
v 4.704914 1.703739 1.657872
v 4.105891 1.703739 1.657872
v 4.105891 1.703739 1.657872
v 4.105891 1.703739 1.657872
v 4.105891 1.703739 2.258055
v 4.105891 1.703739 2.258055
v 4.105891 1.703739 2.258055
v 4.105891 1.703739 2.258055
v 4.704914 1.703739 2.258055
v 4.704914 1.703739 2.258055
v 4.704914 1.703739 2.258055
v 4.704914 1.721715 2.258055
v 4.704914 1.721715 2.258055
v 4.704914 1.721715 2.258055
v 4.704914 1.721715 2.258055
v 4.704914 1.721715 1.657872
v 4.704914 1.721715 1.657872
v 4.704914 1.721715 1.657872
v 4.704914 1.721715 1.657872
v 4.105891 1.721715 1.657872
v 4.105891 1.721715 1.657872
v 4.105891 1.721715 1.657872
v 4.105891 1.721715 1.657872
v 4.105891 1.721715 2.258055
v 4.105891 1.721715 2.258055
v 4.105891 1.721715 2.258055
v 4.105891 1.721715 2.258055
v 4.098351 1.721715 2.265013
v 4.098351 1.721715 2.265013
v 4.098351 1.721715 2.265013
v 4.098351 1.721715 2.265013
v 4.712452 1.721715 2.265013
v 4.712452 1.721715 2.265013
v 4.712452 1.721715 2.265013
v 4.712452 1.721715 2.265013
v 4.712452 1.721715 1.650333
v 4.712452 1.721715 1.650333
v 4.712452 1.721715 1.650333
v 4.712452 1.721715 1.650333
v 4.098351 1.721715 1.650333
v 4.098351 1.721715 1.650333
v 4.098351 1.721715 1.650333
v 4.098351 1.721715 1.650333
v 4.098351 1.768106 2.265013
v 4.098351 1.768106 2.265013
v 4.098351 1.768106 2.265013
v 4.712452 1.768106 2.265013
v 4.712452 1.768106 2.265013
v 4.712452 1.768106 2.265013
v 4.712452 1.768106 1.650333
v 4.712452 1.768106 1.650333
v 4.712452 1.768106 1.650333
v 4.098351 1.768106 1.650333
v 4.098351 1.768106 1.650333
v 4.098351 1.768106 1.650333
v 1.371143 -0.019686 1.749494
v 1.371143 -0.019686 1.749494
v 1.250527 -0.019686 1.870111
v 1.371143 1.493240 1.749494
v 1.371143 1.493240 1.749494
v 1.371143 1.493240 1.749494
v 1.371143 1.493240 1.749494
v 1.250527 1.493240 1.870111
v 1.250527 1.493240 1.870111
v 1.250527 -0.019686 2.041177
v 1.250527 -0.019686 2.041177
v 1.250527 1.493240 2.041177
v 1.250527 1.493240 2.041177
v 1.250527 1.493240 2.041177
v 1.371143 -0.019686 2.162373
v 1.371143 1.493240 2.162373
v 1.371143 1.493240 2.162373
v 1.542210 -0.019686 2.162373
v 1.542210 1.493240 2.162373
v 1.542210 1.493240 2.162373
v 1.663406 -0.019686 2.041177
v 1.663406 -0.019686 2.041177
v 1.663406 1.493240 2.041177
v 1.663406 1.493240 2.041177
v 1.663406 1.493240 2.041177
v 1.663406 -0.019686 1.870111
v 1.663406 1.493240 1.870111
v 1.663406 1.493240 1.870111
v 1.542210 -0.019686 1.749494
v 1.542210 -0.019686 1.749494
v 1.542210 1.493240 1.749494
v 1.542210 1.493240 1.749494
v 1.542210 1.493240 1.749494
v 1.363025 1.511796 1.729778
v 1.363025 1.511796 1.729778
v 1.363025 1.511796 1.729778
v 1.363025 1.511796 1.729778
v 1.230811 1.511796 1.861992
v 1.230811 1.511796 1.861992
v 1.230811 1.511796 2.049296
v 1.230811 1.511796 2.049296
v 1.363025 1.511796 2.182090
v 1.363025 1.511796 2.182090
v 1.550328 1.511796 2.182090
v 1.550328 1.511796 2.182090
v 1.683123 1.511796 2.049296
v 1.683123 1.511796 2.049296
v 1.683123 1.511796 1.861992
v 1.683123 1.511796 1.861992
v 1.550328 1.511796 1.729778
v 1.550328 1.511796 1.729778
v 1.371143 1.529773 1.749494
v 1.371143 1.529773 1.749494
v 1.371143 1.529773 1.749494
v 1.371143 1.529773 1.749494
v 1.250527 1.529773 1.870111
v 1.250527 1.529773 1.870111
v 1.250527 1.529773 2.041177
v 1.250527 1.529773 2.041177
v 1.371143 1.529773 2.162373
v 1.371143 1.529773 2.162373
v 1.542210 1.529773 2.162373
v 1.542210 1.529773 2.162373
v 1.663406 1.529773 2.041177
v 1.663406 1.529773 2.041177
v 1.663406 1.529773 1.870111
v 1.663406 1.529773 1.870111
v 1.542210 1.529773 1.749494
v 1.542210 1.529773 1.749494
v 1.547429 1.540211 1.736736
v 1.547429 1.540211 1.736736
v 1.365924 1.540211 1.736736
v 1.365924 1.540211 1.736736
v 1.365924 1.540211 1.736736
v 1.365924 1.540211 1.736736
v 1.237769 1.540211 1.864892
v 1.237769 1.540211 1.864892
v 1.237769 1.540211 2.046396
v 1.237769 1.540211 2.046396
v 1.365924 1.540211 2.174551
v 1.365924 1.540211 2.174551
v 1.547429 1.540211 2.174551
v 1.547429 1.540211 2.174551
v 1.675584 1.540211 2.046396
v 1.675584 1.540211 2.046396
v 1.675584 1.540211 1.864892
v 1.675584 1.540211 1.864892
v 1.544530 1.550069 1.744275
v 1.369404 1.550069 1.744275
v 1.369404 1.550069 1.744275
v 1.245308 1.550069 1.868371
v 1.245308 1.550069 2.043497
v 1.369404 1.550069 2.167012
v 1.544530 1.550069 2.167012
v 1.668046 1.550069 2.043497
v 1.668046 1.550069 1.868371
v 1.543950 1.570365 1.745435
v 1.369984 1.570365 1.745435
v 1.369984 1.570365 1.745435
v 1.246468 1.570365 1.868951
v 1.246468 1.570365 2.042917
v 1.369984 1.570365 2.165853
v 1.543950 1.570365 2.165853
v 1.666886 1.570365 2.042917
v 1.666886 1.570365 1.868951
v 1.681383 1.594140 1.863152
v 1.681383 1.594140 1.863152
v 1.549749 1.594140 1.731517
v 1.549749 1.594140 1.731517
v 1.549749 1.594140 1.731517
v 1.364185 1.594140 1.731517
v 1.364185 1.594140 1.731517
v 1.364185 1.594140 1.731517
v 1.364185 1.594140 1.731517
v 1.232551 1.594140 1.863152
v 1.232551 1.594140 1.863152
v 1.232551 1.594140 2.048716
v 1.232551 1.594140 2.048716
v 1.364185 1.594140 2.180350
v 1.364185 1.594140 2.180350
v 1.364185 1.594140 2.180350
v 1.549749 1.594140 2.180350
v 1.549749 1.594140 2.180350
v 1.549749 1.594140 2.180350
v 1.681383 1.594140 2.048716
v 1.681383 1.594140 2.048716
v 1.704578 1.609217 1.712381
v 1.704578 1.609217 1.712381
v 1.213414 1.609217 1.712381
v 1.213414 1.609217 1.712381
v 1.213414 1.609217 2.202965
v 1.213414 1.609217 2.202965
v 1.704578 1.609217 2.202965
v 1.704578 1.609217 2.202965
v 1.749230 1.632413 1.667730
v 1.749230 1.632413 1.667730
v 1.168763 1.632413 1.667730
v 1.168763 1.632413 1.667730
v 1.168763 1.632413 2.247037
v 1.168763 1.632413 2.247037
v 1.749230 1.632413 2.247037
v 1.749230 1.632413 2.247037
v 1.766626 1.663147 2.264433
v 1.766626 1.663147 2.264433
v 1.766626 1.663147 1.650333
v 1.151366 1.663147 1.650333
v 1.151366 1.663147 2.264433
v 1.151366 1.703739 2.264433
v 1.151366 1.703739 2.264433
v 1.766626 1.703739 2.264433
v 1.766626 1.703739 2.264433
v 1.766626 1.703739 2.264433
v 1.766626 1.703739 2.264433
v 1.766626 1.703739 1.650333
v 1.766626 1.703739 1.650333
v 1.151366 1.703739 1.650333
v 1.151366 1.703739 1.650333
v 1.158905 1.703739 1.657872
v 1.158905 1.703739 1.657872
v 1.158905 1.703739 1.657872
v 1.158905 1.703739 2.256895
v 1.158905 1.703739 2.256895
v 1.158905 1.703739 2.256895
v 1.759088 1.703739 2.256895
v 1.759088 1.703739 2.256895
v 1.759088 1.703739 2.256895
v 1.759088 1.703739 2.256895
v 1.759088 1.703739 1.657872
v 1.759088 1.703739 1.657872
v 1.759088 1.703739 1.657872
v 1.759088 1.721715 1.657872
v 1.759088 1.721715 1.657872
v 1.759088 1.721715 1.657872
v 1.759088 1.721715 1.657872
v 1.158905 1.721715 1.657872
v 1.158905 1.721715 1.657872
v 1.158905 1.721715 1.657872
v 1.158905 1.721715 1.657872
v 1.158905 1.721715 2.256895
v 1.158905 1.721715 2.256895
v 1.158905 1.721715 2.256895
v 1.158905 1.721715 2.256895
v 1.759088 1.721715 2.256895
v 1.759088 1.721715 2.256895
v 1.759088 1.721715 2.256895
v 1.759088 1.721715 2.256895
v 1.766626 1.721715 2.264433
v 1.766626 1.721715 2.264433
v 1.766626 1.721715 2.264433
v 1.766626 1.721715 2.264433
v 1.766626 1.721715 1.650333
v 1.766626 1.721715 1.650333
v 1.766626 1.721715 1.650333
v 1.766626 1.721715 1.650333
v 1.151366 1.721715 1.650333
v 1.151366 1.721715 1.650333
v 1.151366 1.721715 1.650333
v 1.151366 1.721715 1.650333
v 1.151366 1.721715 2.264433
v 1.151366 1.721715 2.264433
v 1.151366 1.721715 2.264433
v 1.151366 1.721715 2.264433
v 1.766626 1.768106 2.264433
v 1.766626 1.768106 2.264433
v 1.766626 1.768106 2.264433
v 1.766626 1.768106 1.650333
v 1.766626 1.768106 1.650333
v 1.766626 1.768106 1.650333
v 1.151366 1.768106 1.650333
v 1.151366 1.768106 1.650333
v 1.151366 1.768106 1.650333
v 1.151366 1.768106 2.264433
v 1.151366 1.768106 2.264433
v 1.151366 1.768106 2.264433
v -1.398397 -0.019686 2.163533
v -1.277200 -0.019686 2.042336
v -1.277200 -0.019686 2.042336
v -1.398397 1.493240 2.163533
v -1.398397 1.493240 2.163533
v -1.398397 1.493240 2.163533
v -1.277200 1.493240 2.042336
v -1.277200 1.493240 2.042336
v -1.277200 1.493240 2.042336
v -1.277200 -0.019686 1.871270
v -1.277200 -0.019686 1.871270
v -1.277200 1.493240 1.871270
v -1.277200 1.493240 1.871270
v -1.277200 1.493240 1.871270
v -1.398397 -0.019686 1.750654
v -1.398397 -0.019686 1.750654
v -1.398397 1.493240 1.750654
v -1.398397 1.493240 1.750654
v -1.398397 1.493240 1.750654
v -1.569463 -0.019686 1.750654
v -1.569463 -0.019686 1.750654
v -1.569463 1.493240 1.750654
v -1.569463 1.493240 1.750654
v -1.569463 1.493240 1.750654
v -1.690080 -0.019686 1.871270
v -1.690080 1.493240 1.871270
v -1.690080 1.493240 1.871270
v -1.690080 -0.019686 2.042336
v -1.690080 1.493240 2.042336
v -1.690080 1.493240 2.042336
v -1.569463 -0.019686 2.163533
v -1.569463 1.493240 2.163533
v -1.569463 1.493240 2.163533
v -1.390278 1.511796 2.183249
v -1.390278 1.511796 2.183249
v -1.390278 1.511796 2.183249
v -1.390278 1.511796 2.183249
v -1.257484 1.511796 2.050455
v -1.257484 1.511796 2.050455
v -1.257484 1.511796 1.863152
v -1.257484 1.511796 1.863152
v -1.390278 1.511796 1.730937
v -1.390278 1.511796 1.730937
v -1.577582 1.511796 1.730937
v -1.577582 1.511796 1.730937
v -1.709796 1.511796 1.863152
v -1.709796 1.511796 1.863152
v -1.709796 1.511796 2.050455
v -1.709796 1.511796 2.050455
v -1.577582 1.511796 2.183249
v -1.577582 1.511796 2.183249
v -1.398397 1.529773 2.163533
v -1.398397 1.529773 2.163533
v -1.398397 1.529773 2.163533
v -1.398397 1.529773 2.163533
v -1.277200 1.529773 2.042336
v -1.277200 1.529773 2.042336
v -1.277200 1.529773 1.871270
v -1.277200 1.529773 1.871270
v -1.398397 1.529773 1.750654
v -1.398397 1.529773 1.750654
v -1.569463 1.529773 1.750654
v -1.569463 1.529773 1.750654
v -1.690080 1.529773 1.871270
v -1.690080 1.529773 1.871270
v -1.690080 1.529773 2.042336
v -1.690080 1.529773 2.042336
v -1.569463 1.529773 2.163533
v -1.569463 1.529773 2.163533
v -1.574682 1.540211 2.175711
v -1.574682 1.540211 2.175711
v -1.393178 1.540211 2.175711
v -1.393178 1.540211 2.175711
v -1.393178 1.540211 2.175711
v -1.393178 1.540211 2.175711
v -1.265023 1.540211 2.047556
v -1.265023 1.540211 2.047556
v -1.265023 1.540211 1.866051
v -1.265023 1.540211 1.866051
v -1.393178 1.540211 1.737896
v -1.393178 1.540211 1.737896
v -1.574682 1.540211 1.737896
v -1.574682 1.540211 1.737896
v -1.702837 1.540211 1.866051
v -1.702837 1.540211 1.866051
v -1.702837 1.540211 2.047556
v -1.702837 1.540211 2.047556
v -1.571203 1.550069 2.168172
v -1.396077 1.550069 2.168172
v -1.396077 1.550069 2.168172
v -1.272561 1.550069 2.044657
v -1.272561 1.550069 1.869530
v -1.396077 1.550069 1.745435
v -1.571203 1.550069 1.745435
v -1.695299 1.550069 1.869530
v -1.695299 1.550069 2.044657
v -1.570623 1.570365 2.167012
v -1.396657 1.570365 2.167012
v -1.396657 1.570365 2.167012
v -1.273721 1.570365 2.044076
v -1.273721 1.570365 1.870111
v -1.396657 1.570365 1.746594
v -1.570623 1.570365 1.746594
v -1.694139 1.570365 1.870111
v -1.694139 1.570365 2.044076
v -1.708056 1.594140 2.049875
v -1.708056 1.594140 2.049875
v -1.576422 1.594140 2.181509
v -1.576422 1.594140 2.181509
v -1.576422 1.594140 2.181509
v -1.390858 1.594140 2.181509
v -1.390858 1.594140 2.181509
v -1.390858 1.594140 2.181509
v -1.390858 1.594140 2.181509
v -1.259224 1.594140 2.049875
v -1.259224 1.594140 2.049875
v -1.259224 1.594140 1.864311
v -1.259224 1.594140 1.864311
v -1.390858 1.594140 1.732677
v -1.390858 1.594140 1.732677
v -1.390858 1.594140 1.732677
v -1.576422 1.594140 1.732677
v -1.576422 1.594140 1.732677
v -1.576422 1.594140 1.732677
v -1.708056 1.594140 1.864311
v -1.708056 1.594140 1.864311
v -1.731831 1.609217 2.200646
v -1.731831 1.609217 2.200646
v -1.240088 1.609217 2.200646
v -1.240088 1.609217 2.200646
v -1.240088 1.609217 1.710062
v -1.240088 1.609217 1.710062
v -1.731831 1.609217 1.710062
v -1.731831 1.609217 1.710062
v -1.775903 1.632413 2.244718
v -1.775903 1.632413 2.244718
v -1.196016 1.632413 2.244718
v -1.196016 1.632413 2.244718
v -1.196016 1.632413 1.665990
v -1.196016 1.632413 1.665990
v -1.775903 1.632413 1.665990
v -1.775903 1.632413 1.665990
v -1.793300 1.663147 1.648013
v -1.793300 1.663147 1.648013
v -1.793300 1.663147 2.262114
v -1.178620 1.663147 2.262114
v -1.178620 1.663147 1.648013
v -1.178620 1.703739 1.648013
v -1.178620 1.703739 1.648013
v -1.793300 1.703739 1.648013
v -1.793300 1.703739 1.648013
v -1.793300 1.703739 1.648013
v -1.793300 1.703739 1.648013
v -1.793300 1.703739 2.262114
v -1.793300 1.703739 2.262114
v -1.178620 1.703739 2.262114
v -1.178620 1.703739 2.262114
v -1.185578 1.703739 2.255156
v -1.185578 1.703739 2.255156
v -1.185578 1.703739 2.255156
v -1.185578 1.703739 1.655552
v -1.185578 1.703739 1.655552
v -1.185578 1.703739 1.655552
v -1.785761 1.703739 1.655552
v -1.785761 1.703739 1.655552
v -1.785761 1.703739 1.655552
v -1.785761 1.703739 1.655552
v -1.785761 1.703739 2.255156
v -1.785761 1.703739 2.255156
v -1.785761 1.703739 2.255156
v -1.785761 1.721715 2.255156
v -1.785761 1.721715 2.255156
v -1.785761 1.721715 2.255156
v -1.785761 1.721715 2.255156
v -1.185578 1.721715 2.255156
v -1.185578 1.721715 2.255156
v -1.185578 1.721715 2.255156
v -1.185578 1.721715 2.255156
v -1.185578 1.721715 1.655552
v -1.185578 1.721715 1.655552
v -1.185578 1.721715 1.655552
v -1.185578 1.721715 1.655552
v -1.785761 1.721715 1.655552
v -1.785761 1.721715 1.655552
v -1.785761 1.721715 1.655552
v -1.785761 1.721715 1.655552
v -1.793300 1.721715 1.648013
v -1.793300 1.721715 1.648013
v -1.793300 1.721715 1.648013
v -1.793300 1.721715 1.648013
v -1.793300 1.721715 2.262114
v -1.793300 1.721715 2.262114
v -1.793300 1.721715 2.262114
v -1.793300 1.721715 2.262114
v -1.178620 1.721715 2.262114
v -1.178620 1.721715 2.262114
v -1.178620 1.721715 2.262114
v -1.178620 1.721715 2.262114
v -1.178620 1.721715 1.648013
v -1.178620 1.721715 1.648013
v -1.178620 1.721715 1.648013
v -1.178620 1.721715 1.648013
v -1.793300 1.768106 1.648013
v -1.793300 1.768106 1.648013
v -1.793300 1.768106 1.648013
v -1.793300 1.768106 2.262114
v -1.793300 1.768106 2.262114
v -1.793300 1.768106 2.262114
v -1.178620 1.768106 2.262114
v -1.178620 1.768106 2.262114
v -1.178620 1.768106 2.262114
v -1.178620 1.768106 1.648013
v -1.178620 1.768106 1.648013
v -1.178620 1.768106 1.648013
v -4.565739 -0.019686 2.161794
v -4.394672 -0.019686 2.161794
v -4.394672 -0.019686 2.161794
v -4.394672 1.493240 2.161794
v -4.394672 1.493240 2.161794
v -4.394672 1.493240 2.161794
v -4.274055 1.493240 2.041177
v -4.274055 1.493240 2.041177
v -4.274055 -0.019686 2.041177
v -4.274055 1.493240 1.870111
v -4.274055 1.493240 1.870111
v -4.274055 -0.019686 1.870111
v -4.394672 1.493240 1.749494
v -4.394672 1.493240 1.749494
v -4.394672 1.493240 1.749494
v -4.394672 -0.019686 1.749494
v -4.394672 -0.019686 1.749494
v -4.565739 1.493240 1.749494
v -4.565739 1.493240 1.749494
v -4.565739 -0.019686 1.749494
v -4.686356 1.493240 1.870111
v -4.686356 1.493240 1.870111
v -4.686356 1.493240 1.870111
v -4.686356 -0.019686 1.870111
v -4.686356 1.493240 2.041177
v -4.686356 1.493240 2.041177
v -4.686356 1.493240 2.041177
v -4.686356 -0.019686 2.041177
v -4.686356 -0.019686 2.041177
v -4.565739 1.493240 2.161794
v -4.565739 1.493240 2.161794
v -4.573857 1.511796 2.182090
v -4.573857 1.511796 2.182090
v -4.386554 1.511796 2.182090
v -4.386554 1.511796 2.182090
v -4.253760 1.511796 2.049296
v -4.253760 1.511796 2.049296
v -4.253760 1.511796 1.861992
v -4.253760 1.511796 1.861992
v -4.386554 1.511796 1.729198
v -4.386554 1.511796 1.729198
v -4.573857 1.511796 1.729198
v -4.573857 1.511796 1.729198
v -4.706651 1.511796 1.861992
v -4.706651 1.511796 1.861992
v -4.706651 1.511796 1.861992
v -4.706651 1.511796 1.861992
v -4.706651 1.511796 2.049296
v -4.706651 1.511796 2.049296
v -4.686356 1.529773 2.041177
v -4.686356 1.529773 2.041177
v -4.565739 1.529773 2.161794
v -4.565739 1.529773 2.161794
v -4.394672 1.529773 2.161794
v -4.394672 1.529773 2.161794
v -4.274055 1.529773 2.041177
v -4.274055 1.529773 2.041177
v -4.274055 1.529773 1.870111
v -4.274055 1.529773 1.870111
v -4.394672 1.529773 1.749494
v -4.394672 1.529773 1.749494
v -4.565739 1.529773 1.749494
v -4.565739 1.529773 1.749494
v -4.686356 1.529773 1.870111
v -4.686356 1.529773 1.870111
v -4.686356 1.529773 1.870111
v -4.686356 1.529773 1.870111
v -4.699113 1.540211 2.046396
v -4.699113 1.540211 2.046396
v -4.570958 1.540211 2.174551
v -4.570958 1.540211 2.174551
v -4.389453 1.540211 2.174551
v -4.389453 1.540211 2.174551
v -4.261298 1.540211 2.046396
v -4.261298 1.540211 2.046396
v -4.261298 1.540211 1.864892
v -4.261298 1.540211 1.864892
v -4.389453 1.540211 1.736736
v -4.389453 1.540211 1.736736
v -4.570958 1.540211 1.736736
v -4.570958 1.540211 1.736736
v -4.699113 1.540211 1.864892
v -4.699113 1.540211 1.864892
v -4.699113 1.540211 1.864892
v -4.699113 1.540211 1.864892
v -4.691574 1.550069 1.868371
v -4.691574 1.550069 1.868371
v -4.691574 1.550069 2.042917
v -4.567479 1.550069 2.167012
v -4.392932 1.550069 2.167012
v -4.268837 1.550069 2.042917
v -4.268837 1.550069 1.868371
v -4.392932 1.550069 1.744275
v -4.567479 1.550069 1.744275
v -4.567479 1.570365 1.745435
v -4.690414 1.570365 1.868371
v -4.690414 1.570365 1.868371
v -4.690414 1.570365 2.042917
v -4.567479 1.570365 2.165853
v -4.392932 1.570365 2.165853
v -4.269997 1.570365 2.042917
v -4.269997 1.570365 1.868371
v -4.392932 1.570365 1.745435
v -4.573277 1.594140 1.731517
v -4.573277 1.594140 1.731517
v -4.704332 1.594140 1.862572
v -4.704332 1.594140 1.862572
v -4.704332 1.594140 1.862572
v -4.704332 1.594140 1.862572
v -4.704332 1.594140 2.048716
v -4.704332 1.594140 2.048716
v -4.704332 1.594140 2.048716
v -4.573277 1.594140 2.179770
v -4.573277 1.594140 2.179770
v -4.387134 1.594140 2.179770
v -4.387134 1.594140 2.179770
v -4.256079 1.594140 2.048716
v -4.256079 1.594140 2.048716
v -4.256079 1.594140 2.048716
v -4.256079 1.594140 1.862572
v -4.256079 1.594140 1.862572
v -4.256079 1.594140 1.862572
v -4.387134 1.594140 1.731517
v -4.387134 1.594140 1.731517
v -4.724048 1.609217 1.711801
v -4.724048 1.609217 1.711801
v -4.724048 1.609217 2.203546
v -4.724048 1.609217 2.203546
v -4.233464 1.609217 2.203546
v -4.233464 1.609217 2.203546
v -4.233464 1.609217 1.711801
v -4.233464 1.609217 1.711801
v -4.188812 1.632413 1.667730
v -4.188812 1.632413 1.667730
v -4.768119 1.632413 1.667730
v -4.768119 1.632413 1.667730
v -4.768119 1.632413 2.247617
v -4.768119 1.632413 2.247617
v -4.188812 1.632413 2.247617
v -4.188812 1.632413 2.247617
v -4.171416 1.663147 1.650333
v -4.785516 1.663147 1.650333
v -4.785516 1.663147 2.265594
v -4.171416 1.663147 2.265594
v -4.171416 1.663147 2.265594
v -4.171416 1.703739 1.650333
v -4.171416 1.703739 1.650333
v -4.785516 1.703739 1.650333
v -4.785516 1.703739 1.650333
v -4.785516 1.703739 2.265594
v -4.785516 1.703739 2.265594
v -4.171416 1.703739 2.265594
v -4.171416 1.703739 2.265594
v -4.171416 1.703739 2.265594
v -4.171416 1.703739 2.265594
v -4.178955 1.703739 1.657872
v -4.178955 1.703739 1.657872
v -4.178955 1.703739 1.657872
v -4.777977 1.703739 1.657872
v -4.777977 1.703739 1.657872
v -4.777977 1.703739 1.657872
v -4.777977 1.703739 2.258055
v -4.777977 1.703739 2.258055
v -4.777977 1.703739 2.258055
v -4.178955 1.703739 2.258055
v -4.178955 1.703739 2.258055
v -4.178955 1.703739 2.258055
v -4.178955 1.703739 2.258055
v -4.178955 1.721715 1.657872
v -4.178955 1.721715 1.657872
v -4.178955 1.721715 1.657872
v -4.178955 1.721715 1.657872
v -4.777977 1.721715 1.657872
v -4.777977 1.721715 1.657872
v -4.777977 1.721715 1.657872
v -4.777977 1.721715 1.657872
v -4.777977 1.721715 2.258055
v -4.777977 1.721715 2.258055
v -4.777977 1.721715 2.258055
v -4.777977 1.721715 2.258055
v -4.178955 1.721715 2.258055
v -4.178955 1.721715 2.258055
v -4.178955 1.721715 2.258055
v -4.178955 1.721715 2.258055
v -4.171416 1.721715 1.650333
v -4.171416 1.721715 1.650333
v -4.171416 1.721715 1.650333
v -4.171416 1.721715 1.650333
v -4.785516 1.721715 1.650333
v -4.785516 1.721715 1.650333
v -4.785516 1.721715 1.650333
v -4.785516 1.721715 1.650333
v -4.785516 1.721715 2.265594
v -4.785516 1.721715 2.265594
v -4.785516 1.721715 2.265594
v -4.785516 1.721715 2.265594
v -4.171416 1.721715 2.265594
v -4.171416 1.721715 2.265594
v -4.171416 1.721715 2.265594
v -4.171416 1.721715 2.265594
v -4.171416 1.768106 2.265594
v -4.171416 1.768106 2.265594
v -4.171416 1.768106 2.265594
v -4.171416 1.768106 1.650333
v -4.171416 1.768106 1.650333
v -4.171416 1.768106 1.650333
v -4.785516 1.768106 1.650333
v -4.785516 1.768106 1.650333
v -4.785516 1.768106 1.650333
v -4.785516 1.768106 2.265594
v -4.785516 1.768106 2.265594
v -4.785516 1.768106 2.265594
v 7.372004 -0.019686 1.661252
v 7.372004 -0.019686 1.661252
v 7.372004 -0.019686 1.765821
v 7.372004 -0.019686 1.765821
v 7.372004 1.493666 1.765821
v 7.372004 1.493666 1.765821
v 7.372004 1.493666 1.765821
v 7.372004 1.493666 1.765821
v 7.267434 -0.019686 1.765821
v 7.267434 -0.019686 1.765821
v 7.267434 1.493666 1.765821
v 7.267434 1.493666 1.765821
v 7.267434 1.493666 1.765821
v 7.129945 -0.019686 1.886851
v 7.129945 -0.019686 1.886851
v 7.129945 1.493666 1.886851
v 7.129945 1.493666 1.886851
v 7.129945 1.493666 1.886851
v 7.129945 -0.019686 2.057260
v 7.129945 -0.019686 2.057260
v 7.129945 1.493666 2.057260
v 7.129945 1.493666 2.057260
v 7.129945 1.493666 2.057260
v 7.267434 -0.019686 2.178290
v 7.267434 -0.019686 2.178290
v 7.267434 1.493666 2.178290
v 7.267434 1.493666 2.178290
v 7.267434 1.493666 2.178290
v 7.459144 -0.019686 2.178290
v 7.459144 1.493666 2.178290
v 7.459144 1.493666 2.178290
v 7.459144 1.493666 2.178290
v 7.650855 1.493666 2.178290
v 7.650855 1.493666 2.178290
v 7.650855 1.493666 2.178290
v 7.650855 -0.019686 2.178290
v 7.650855 -0.019686 2.178290
v 7.722505 -0.019686 2.115354
v 7.722505 -0.019686 2.115354
v 7.722505 1.493666 2.115354
v 7.722505 1.493666 2.115354
v 7.722505 1.493666 2.115354
v 7.722505 1.493666 2.115354
v 7.784472 1.493666 2.044673
v 7.784472 1.493666 2.044673
v 7.784472 1.493666 2.044673
v 7.784472 -0.019686 2.044673
v 7.784472 -0.019686 2.044673
v 7.784472 -0.019686 1.852962
v 7.784472 1.493666 1.852962
v 7.784472 1.493666 1.852962
v 7.784472 1.493666 1.852962
v 7.784472 1.493666 1.661252
v 7.784472 1.493666 1.661252
v 7.784472 1.493666 1.661252
v 7.784472 -0.019686 1.661252
v 7.784472 -0.019686 1.661252
v 7.663442 1.493666 1.523763
v 7.663442 1.493666 1.523763
v 7.663442 1.493666 1.523763
v 7.663442 -0.019686 1.523763
v 7.663442 -0.019686 1.523763
v 7.493033 1.493666 1.523763
v 7.493033 1.493666 1.523763
v 7.493033 1.493666 1.523763
v 7.493033 -0.019686 1.523763
v 7.493033 -0.019686 1.523763
v 7.372004 1.493666 1.661252
v 7.372004 1.493666 1.661252
v 7.372004 1.493666 1.661252
v 7.351671 1.511094 1.745488
v 7.351671 1.511094 1.745488
v 7.351671 1.511094 1.745488
v 7.351671 1.511094 1.745488
v 7.257751 1.511094 1.745488
v 7.257751 1.511094 1.745488
v 7.107676 1.511094 1.878137
v 7.107676 1.511094 1.878137
v 7.107676 1.511094 2.065974
v 7.107676 1.511094 2.065974
v 7.257751 1.511094 2.198622
v 7.257751 1.511094 2.198622
v 7.459144 1.511094 2.198622
v 7.459144 1.511094 2.198622
v 7.459144 1.511094 2.198622
v 7.459144 1.511094 2.198622
v 7.660537 1.511094 2.198622
v 7.660537 1.511094 2.198622
v 7.737028 1.511094 2.130846
v 7.737028 1.511094 2.130846
v 7.737028 1.511094 2.130846
v 7.737028 1.511094 2.130846
v 7.804804 1.511094 2.054356
v 7.804804 1.511094 2.054356
v 7.804804 1.511094 1.852962
v 7.804804 1.511094 1.852962
v 7.804804 1.511094 1.852962
v 7.804804 1.511094 1.852962
v 7.804804 1.511094 1.651570
v 7.804804 1.511094 1.651570
v 7.672156 1.511094 1.501493
v 7.672156 1.511094 1.501493
v 7.484319 1.511094 1.501493
v 7.484319 1.511094 1.501493
v 7.351671 1.511094 1.651570
v 7.351671 1.511094 1.651570
v 7.372004 1.529491 1.661252
v 7.372004 1.529491 1.661252
v 7.372004 1.529491 1.765821
v 7.372004 1.529491 1.765821
v 7.372004 1.529491 1.765821
v 7.372004 1.529491 1.765821
v 7.267434 1.529491 1.765821
v 7.267434 1.529491 1.765821
v 7.129945 1.529491 1.886851
v 7.129945 1.529491 1.886851
v 7.129945 1.529491 2.057260
v 7.129945 1.529491 2.057260
v 7.267434 1.529491 2.178290
v 7.267434 1.529491 2.178290
v 7.459144 1.529491 2.178290
v 7.459144 1.529491 2.178290
v 7.459144 1.529491 2.178290
v 7.459144 1.529491 2.178290
v 7.650855 1.529491 2.178290
v 7.650855 1.529491 2.178290
v 7.722505 1.529491 2.115354
v 7.722505 1.529491 2.115354
v 7.722505 1.529491 2.115354
v 7.722505 1.529491 2.115354
v 7.784472 1.529491 2.044673
v 7.784472 1.529491 2.044673
v 7.784472 1.529491 1.852962
v 7.784472 1.529491 1.852962
v 7.784472 1.529491 1.852962
v 7.784472 1.529491 1.852962
v 7.784472 1.529491 1.661252
v 7.784472 1.529491 1.661252
v 7.663442 1.529491 1.523763
v 7.663442 1.529491 1.523763
v 7.493033 1.529491 1.523763
v 7.493033 1.529491 1.523763
v 7.359416 1.540141 1.655443
v 7.359416 1.540141 1.655443
v 7.359416 1.540141 1.753234
v 7.359416 1.540141 1.753234
v 7.359416 1.540141 1.753234
v 7.359416 1.540141 1.753234
v 7.261625 1.540141 1.753234
v 7.261625 1.540141 1.753234
v 7.116389 1.540141 1.881041
v 7.116389 1.540141 1.881041
v 7.116389 1.540141 2.063070
v 7.116389 1.540141 2.063070
v 7.261625 1.540141 2.190877
v 7.261625 1.540141 2.190877
v 7.459144 1.540141 2.190877
v 7.459144 1.540141 2.190877
v 7.459144 1.540141 2.190877
v 7.459144 1.540141 2.190877
v 7.657632 1.540141 2.190877
v 7.657632 1.540141 2.190877
v 7.732186 1.540141 2.125037
v 7.732186 1.540141 2.125037
v 7.732186 1.540141 2.125037
v 7.732186 1.540141 2.125037
v 7.797058 1.540141 2.050483
v 7.797058 1.540141 2.050483
v 7.797058 1.540141 1.852962
v 7.797058 1.540141 1.852962
v 7.797058 1.540141 1.852962
v 7.797058 1.540141 1.852962
v 7.797058 1.540141 1.655443
v 7.797058 1.540141 1.655443
v 7.669251 1.540141 1.509239
v 7.669251 1.540141 1.509239
v 7.488191 1.540141 1.509239
v 7.488191 1.540141 1.509239
v 7.491096 1.549824 1.517953
v 7.367162 1.549824 1.658347
v 7.367162 1.549824 1.760980
v 7.367162 1.549824 1.760980
v 7.265498 1.549824 1.760980
v 7.124135 1.549824 1.884914
v 7.124135 1.549824 2.059196
v 7.265498 1.549824 2.183131
v 7.459144 1.549824 2.183131
v 7.459144 1.549824 2.183131
v 7.653759 1.549824 2.183131
v 7.726377 1.549824 2.119227
v 7.726377 1.549824 2.119227
v 7.789312 1.549824 2.047578
v 7.789312 1.549824 1.852962
v 7.789312 1.549824 1.852962
v 7.789312 1.549824 1.658347
v 7.666347 1.549824 1.517953
v 7.665379 1.570156 1.519890
v 7.491096 1.570156 1.519890
v 7.368131 1.570156 1.659316
v 7.368131 1.570156 1.761948
v 7.368131 1.570156 1.761948
v 7.265498 1.570156 1.761948
v 7.126072 1.570156 1.884914
v 7.126072 1.570156 2.059196
v 7.265498 1.570156 2.182162
v 7.459144 1.570156 2.182162
v 7.459144 1.570156 2.182162
v 7.652792 1.570156 2.182162
v 7.725409 1.570156 2.119227
v 7.725409 1.570156 2.119227
v 7.736059 1.594362 2.128909
v 7.736059 1.594362 2.128909
v 7.736059 1.594362 2.128909
v 7.736059 1.594362 2.128909
v 7.788344 1.570156 2.046610
v 7.788344 1.570156 1.852962
v 7.788344 1.570156 1.852962
v 7.788344 1.570156 1.659316
v 7.802868 1.594362 1.652538
v 7.802868 1.594362 1.652538
v 7.671188 1.594362 1.503430
v 7.671188 1.594362 1.503430
v 7.671188 1.594362 1.503430
v 7.485287 1.594362 1.503430
v 7.485287 1.594362 1.503430
v 7.485287 1.594362 1.503430
v 7.354575 1.594362 1.652538
v 7.354575 1.594362 1.652538
v 7.354575 1.594362 1.747425
v 7.354575 1.594362 1.747425
v 7.354575 1.594362 1.747425
v 7.354575 1.594362 1.747425
v 7.258719 1.594362 1.747425
v 7.258719 1.594362 1.747425
v 7.109612 1.594362 1.879105
v 7.109612 1.594362 1.879105
v 7.109612 1.594362 1.879105
v 7.109612 1.594362 2.065006
v 7.109612 1.594362 2.065006
v 7.109612 1.594362 2.065006
v 7.258719 1.594362 2.196686
v 7.258719 1.594362 2.196686
v 7.459144 1.594362 2.196686
v 7.459144 1.594362 2.196686
v 7.459144 1.594362 2.196686
v 7.459144 1.594362 2.196686
v 7.659569 1.594362 2.196686
v 7.659569 1.594362 2.196686
v 7.825138 1.608886 2.218955
v 7.825138 1.608886 2.218955
v 7.802868 1.594362 2.053387
v 7.802868 1.594362 2.053387
v 7.802868 1.594362 1.852962
v 7.802868 1.594362 1.852962
v 7.802868 1.594362 1.852962
v 7.802868 1.594362 1.852962
v 7.826105 1.609854 1.852962
v 7.826105 1.609854 1.852962
v 7.826105 1.609854 1.477287
v 7.826105 1.609854 1.477287
v 7.335211 1.609854 1.477287
v 7.335211 1.609854 1.477287
v 7.335211 1.609854 1.728060
v 7.335211 1.609854 1.728060
v 7.084437 1.609854 1.728060
v 7.084437 1.609854 1.728060
v 7.084437 1.609854 2.219923
v 7.084437 1.609854 2.219923
v 7.459144 1.609854 2.219923
v 7.459144 1.609854 2.219923
v 7.826105 1.609854 2.219923
v 7.826105 1.609854 2.219923
v 7.870644 1.633092 1.852962
v 7.870644 1.633092 1.852962
v 7.870644 1.633092 1.427907
v 7.870644 1.633092 1.427907
v 7.290671 1.633092 1.427907
v 7.290671 1.633092 1.427907
v 7.290671 1.633092 1.684489
v 7.290671 1.633092 1.684489
v 7.034090 1.633092 1.684489
v 7.034090 1.633092 1.684489
v 7.034090 1.633092 2.264463
v 7.034090 1.633092 2.264463
v 7.459144 1.633092 2.264463
v 7.459144 1.633092 2.264463
v 7.870644 1.633092 2.264463
v 7.870644 1.633092 2.264463
v 7.888073 1.663107 1.852962
v 7.888073 1.663107 1.852962
v 7.888073 1.663107 1.407574
v 7.888073 1.663107 1.407574
v 7.273244 1.663107 1.407574
v 7.273244 1.663107 1.667061
v 7.273244 1.663107 1.667061
v 7.013756 1.663107 1.667061
v 7.013756 1.663107 2.281891
v 7.013756 1.663107 2.281891
v 7.459144 1.663107 2.281891
v 7.459144 1.663107 2.281891
v 7.888073 1.663107 2.281891
v 7.888073 1.663107 2.281891
v 7.888073 1.703773 2.281891
v 7.888073 1.703773 2.281891
v 7.888073 1.703773 2.281891
v 7.888073 1.703773 2.281891
v 7.888073 1.703773 1.852962
v 7.888073 1.703773 1.852962
v 7.888073 1.703773 1.852962
v 7.888073 1.703773 1.852962
v 7.888073 1.703773 1.407574
v 7.888073 1.703773 1.407574
v 7.888073 1.703773 1.407574
v 7.888073 1.703773 1.407574
v 7.273244 1.703773 1.407574
v 7.273244 1.703773 1.407574
v 7.273244 1.703773 1.667061
v 7.273244 1.703773 1.667061
v 7.273244 1.703773 1.667061
v 7.273244 1.703773 1.667061
v 7.013756 1.703773 1.667061
v 7.013756 1.703773 1.667061
v 7.013756 1.703773 2.281891
v 7.013756 1.703773 2.281891
v 7.013756 1.703773 2.281891
v 7.013756 1.703773 2.281891
v 7.459144 1.703773 2.281891
v 7.459144 1.703773 2.281891
v 7.459144 1.703773 2.281891
v 7.459144 1.703773 2.281891
v 7.880327 1.703773 2.274145
v 7.880327 1.703773 2.274145
v 7.880327 1.703773 2.274145
v 7.880327 1.703773 2.274145
v 7.880327 1.703773 1.852962
v 7.880327 1.703773 1.852962
v 7.880327 1.703773 1.852962
v 7.880327 1.703773 1.852962
v 7.880327 1.721201 1.852962
v 7.880327 1.721201 1.852962
v 7.880327 1.721201 1.852962
v 7.880327 1.721201 1.852962
v 7.880327 1.721201 1.416289
v 7.880327 1.721201 1.416289
v 7.880327 1.721201 1.416289
v 7.880327 1.721201 1.416289
v 7.880327 1.703773 1.416289
v 7.880327 1.703773 1.416289
v 7.880327 1.703773 1.416289
v 7.880327 1.703773 1.416289
v 7.280021 1.703773 1.416289
v 7.280021 1.703773 1.416289
v 7.280021 1.703773 1.416289
v 7.280021 1.703773 1.673839
v 7.280021 1.703773 1.673839
v 7.280021 1.703773 1.673839
v 7.280021 1.703773 1.673839
v 7.022470 1.703773 1.673839
v 7.022470 1.703773 1.673839
v 7.022470 1.703773 1.673839
v 7.022470 1.703773 2.274145
v 7.022470 1.703773 2.274145
v 7.022470 1.703773 2.274145
v 7.022470 1.703773 2.274145
v 7.459144 1.703773 2.274145
v 7.459144 1.703773 2.274145
v 7.459144 1.703773 2.274145
v 7.459144 1.703773 2.274145
v 7.459144 1.721201 2.274145
v 7.459144 1.721201 2.274145
v 7.459144 1.721201 2.274145
v 7.459144 1.721201 2.274145
v 7.880327 1.721201 2.274145
v 7.880327 1.721201 2.274145
v 7.880327 1.721201 2.274145
v 7.880327 1.721201 2.274145
v 7.888073 1.721201 2.281891
v 7.888073 1.721201 2.281891
v 7.888073 1.721201 2.281891
v 7.888073 1.721201 2.281891
v 7.888073 1.721201 1.852962
v 7.888073 1.721201 1.852962
v 7.888073 1.721201 1.852962
v 7.888073 1.721201 1.852962
v 7.888073 1.721201 1.407574
v 7.888073 1.721201 1.407574
v 7.888073 1.721201 1.407574
v 7.888073 1.721201 1.407574
v 7.888073 1.767676 1.407574
v 7.888073 1.767676 1.407574
v 7.888073 1.767676 1.407574
v 7.273244 1.721201 1.407574
v 7.273244 1.721201 1.407574
v 7.273244 1.721201 1.407574
v 7.273244 1.721201 1.407574
v 7.280021 1.721201 1.416289
v 7.280021 1.721201 1.416289
v 7.280021 1.721201 1.416289
v 7.280021 1.721201 1.416289
v 7.280021 1.721201 1.673839
v 7.280021 1.721201 1.673839
v 7.280021 1.721201 1.673839
v 7.280021 1.721201 1.673839
v 7.022470 1.721201 1.673839
v 7.022470 1.721201 1.673839
v 7.022470 1.721201 1.673839
v 7.022470 1.721201 1.673839
v 7.022470 1.721201 2.274145
v 7.022470 1.721201 2.274145
v 7.022470 1.721201 2.274145
v 7.022470 1.721201 2.274145
v 7.013756 1.721201 2.281891
v 7.013756 1.721201 2.281891
v 7.013756 1.721201 2.281891
v 7.013756 1.721201 2.281891
v 7.459144 1.721201 2.281891
v 7.459144 1.721201 2.281891
v 7.459144 1.721201 2.281891
v 7.459144 1.721201 2.281891
v 7.888073 1.767676 2.281891
v 7.888073 1.767676 2.281891
v 7.888073 1.767676 2.281891
v 7.888073 1.767676 2.281891
v 7.888073 1.767676 1.852962
v 7.888073 1.767676 1.852962
v 7.888073 1.767676 1.852962
v 7.888073 1.767676 1.852962
v 7.273244 1.767676 1.407574
v 7.273244 1.767676 1.407574
v 7.273244 1.767676 1.407574
v 7.273244 1.721201 1.667061
v 7.273244 1.721201 1.667061
v 7.273244 1.721201 1.667061
v 7.273244 1.721201 1.667061
v 7.013756 1.721201 1.667061
v 7.013756 1.721201 1.667061
v 7.013756 1.721201 1.667061
v 7.013756 1.721201 1.667061
v 7.013756 1.767676 2.281891
v 7.013756 1.767676 2.281891
v 7.013756 1.767676 2.281891
v 7.459144 1.767676 2.281891
v 7.459144 1.767676 2.281891
v 7.459144 1.767676 2.281891
v 7.459144 1.767676 2.281891
v 7.459144 1.767676 1.852962
v 7.459144 1.767676 1.852962
v 7.459144 1.767676 1.852962
v 7.459144 1.767676 1.852962
v 7.273244 1.767676 1.667061
v 7.273244 1.767676 1.667061
v 7.273244 1.767676 1.667061
v 7.273244 1.767676 1.667061
v 7.013756 1.767676 1.667061
v 7.013756 1.767676 1.667061
v 7.013756 1.767676 1.667061
v 7.267434 -0.019686 -1.710143
v 7.267434 -0.019686 -1.710143
v 7.372004 -0.019686 -1.710143
v 7.372004 -0.019686 -1.710143
v 7.372004 1.493666 -1.710143
v 7.372004 1.493666 -1.710143
v 7.372004 1.493666 -1.710143
v 7.372004 1.493666 -1.710143
v 7.372004 -0.019686 -1.605573
v 7.372004 -0.019686 -1.605573
v 7.372004 1.493666 -1.605573
v 7.372004 1.493666 -1.605573
v 7.372004 1.493666 -1.605573
v 7.493033 -0.019686 -1.468084
v 7.493033 -0.019686 -1.468084
v 7.493033 1.493666 -1.468084
v 7.493033 1.493666 -1.468084
v 7.493033 1.493666 -1.468084
v 7.663442 -0.019686 -1.468084
v 7.663442 -0.019686 -1.468084
v 7.663442 1.493666 -1.468084
v 7.663442 1.493666 -1.468084
v 7.663442 1.493666 -1.468084
v 7.784472 -0.019686 -1.605573
v 7.784472 -0.019686 -1.605573
v 7.784472 1.493666 -1.605573
v 7.784472 1.493666 -1.605573
v 7.784472 1.493666 -1.605573
v 7.784472 -0.019686 -1.797284
v 7.784472 1.493666 -1.797284
v 7.784472 1.493666 -1.797284
v 7.784472 1.493666 -1.797284
v 7.784472 1.493666 -1.988994
v 7.784472 1.493666 -1.988994
v 7.784472 1.493666 -1.988994
v 7.784472 -0.019686 -1.988994
v 7.784472 -0.019686 -1.988994
v 7.722505 -0.019686 -2.060644
v 7.722505 -0.019686 -2.060644
v 7.722505 1.493666 -2.060644
v 7.722505 1.493666 -2.060644
v 7.722505 1.493666 -2.060644
v 7.722505 1.493666 -2.060644
v 7.650855 1.493666 -2.122611
v 7.650855 1.493666 -2.122611
v 7.650855 1.493666 -2.122611
v 7.650855 -0.019686 -2.122611
v 7.650855 -0.019686 -2.122611
v 7.459144 -0.019686 -2.122611
v 7.459144 1.493666 -2.122611
v 7.459144 1.493666 -2.122611
v 7.459144 1.493666 -2.122611
v 7.267434 1.493666 -2.122611
v 7.267434 1.493666 -2.122611
v 7.267434 1.493666 -2.122611
v 7.267434 -0.019686 -2.122611
v 7.267434 -0.019686 -2.122611
v 7.129945 1.493666 -2.001582
v 7.129945 1.493666 -2.001582
v 7.129945 1.493666 -2.001582
v 7.129945 -0.019686 -2.001582
v 7.129945 -0.019686 -2.001582
v 7.129945 1.493666 -1.831172
v 7.129945 1.493666 -1.831172
v 7.129945 1.493666 -1.831172
v 7.129945 -0.019686 -1.831172
v 7.129945 -0.019686 -1.831172
v 7.267434 1.493666 -1.710143
v 7.267434 1.493666 -1.710143
v 7.267434 1.493666 -1.710143
v 7.351671 1.511094 -1.689810
v 7.351671 1.511094 -1.689810
v 7.351671 1.511094 -1.689810
v 7.351671 1.511094 -1.689810
v 7.351671 1.511094 -1.595891
v 7.351671 1.511094 -1.595891
v 7.484319 1.511094 -1.445815
v 7.484319 1.511094 -1.445815
v 7.672156 1.511094 -1.445815
v 7.672156 1.511094 -1.445815
v 7.804804 1.511094 -1.595891
v 7.804804 1.511094 -1.595891
v 7.804804 1.511094 -1.797284
v 7.804804 1.511094 -1.797284
v 7.804804 1.511094 -1.797284
v 7.804804 1.511094 -1.797284
v 7.804804 1.511094 -1.998677
v 7.804804 1.511094 -1.998677
v 7.737028 1.511094 -2.075167
v 7.737028 1.511094 -2.075167
v 7.737028 1.511094 -2.075167
v 7.737028 1.511094 -2.075167
v 7.660537 1.511094 -2.142944
v 7.660537 1.511094 -2.142944
v 7.459144 1.511094 -2.142944
v 7.459144 1.511094 -2.142944
v 7.459144 1.511094 -2.142944
v 7.459144 1.511094 -2.142944
v 7.257751 1.511094 -2.142944
v 7.257751 1.511094 -2.142944
v 7.107676 1.511094 -2.010296
v 7.107676 1.511094 -2.010296
v 7.107676 1.511094 -1.822458
v 7.107676 1.511094 -1.822458
v 7.257751 1.511094 -1.689810
v 7.257751 1.511094 -1.689810
v 7.267434 1.529491 -1.710143
v 7.267434 1.529491 -1.710143
v 7.372004 1.529491 -1.710143
v 7.372004 1.529491 -1.710143
v 7.372004 1.529491 -1.710143
v 7.372004 1.529491 -1.710143
v 7.372004 1.529491 -1.605573
v 7.372004 1.529491 -1.605573
v 7.493033 1.529491 -1.468084
v 7.493033 1.529491 -1.468084
v 7.663442 1.529491 -1.468084
v 7.663442 1.529491 -1.468084
v 7.784472 1.529491 -1.605573
v 7.784472 1.529491 -1.605573
v 7.784472 1.529491 -1.797284
v 7.784472 1.529491 -1.797284
v 7.784472 1.529491 -1.797284
v 7.784472 1.529491 -1.797284
v 7.784472 1.529491 -1.988994
v 7.784472 1.529491 -1.988994
v 7.722505 1.529491 -2.060644
v 7.722505 1.529491 -2.060644
v 7.722505 1.529491 -2.060644
v 7.722505 1.529491 -2.060644
v 7.650855 1.529491 -2.122611
v 7.650855 1.529491 -2.122611
v 7.459144 1.529491 -2.122611
v 7.459144 1.529491 -2.122611
v 7.459144 1.529491 -2.122611
v 7.459144 1.529491 -2.122611
v 7.267434 1.529491 -2.122611
v 7.267434 1.529491 -2.122611
v 7.129945 1.529491 -2.001582
v 7.129945 1.529491 -2.001582
v 7.129945 1.529491 -1.831172
v 7.129945 1.529491 -1.831172
v 7.261625 1.540141 -1.697556
v 7.261625 1.540141 -1.697556
v 7.359416 1.540141 -1.697556
v 7.359416 1.540141 -1.697556
v 7.359416 1.540141 -1.697556
v 7.359416 1.540141 -1.697556
v 7.359416 1.540141 -1.599764
v 7.359416 1.540141 -1.599764
v 7.488191 1.540141 -1.454529
v 7.488191 1.540141 -1.454529
v 7.669251 1.540141 -1.454529
v 7.669251 1.540141 -1.454529
v 7.797058 1.540141 -1.599764
v 7.797058 1.540141 -1.599764
v 7.797058 1.540141 -1.797284
v 7.797058 1.540141 -1.797284
v 7.797058 1.540141 -1.797284
v 7.797058 1.540141 -1.797284
v 7.797058 1.540141 -1.995772
v 7.797058 1.540141 -1.995772
v 7.732186 1.540141 -2.070326
v 7.732186 1.540141 -2.070326
v 7.732186 1.540141 -2.070326
v 7.732186 1.540141 -2.070326
v 7.657632 1.540141 -2.135198
v 7.657632 1.540141 -2.135198
v 7.459144 1.540141 -2.135198
v 7.459144 1.540141 -2.135198
v 7.459144 1.540141 -2.135198
v 7.459144 1.540141 -2.135198
v 7.261625 1.540141 -2.135198
v 7.261625 1.540141 -2.135198
v 7.116389 1.540141 -2.007391
v 7.116389 1.540141 -2.007391
v 7.116389 1.540141 -1.826331
v 7.116389 1.540141 -1.826331
v 7.124135 1.549824 -1.829236
v 7.265498 1.549824 -1.705302
v 7.367162 1.549824 -1.705302
v 7.367162 1.549824 -1.705302
v 7.367162 1.549824 -1.603637
v 7.491096 1.549824 -1.462275
v 7.666347 1.549824 -1.462275
v 7.789312 1.549824 -1.603637
v 7.789312 1.549824 -1.797284
v 7.789312 1.549824 -1.797284
v 7.789312 1.549824 -1.991899
v 7.726377 1.549824 -2.064517
v 7.726377 1.549824 -2.064517
v 7.653759 1.549824 -2.127452
v 7.459144 1.549824 -2.127452
v 7.459144 1.549824 -2.127452
v 7.265498 1.549824 -2.127452
v 7.124135 1.549824 -2.004486
v 7.126072 1.570156 -2.003518
v 7.126072 1.570156 -1.829236
v 7.265498 1.570156 -1.706270
v 7.368131 1.570156 -1.706270
v 7.368131 1.570156 -1.706270
v 7.368131 1.570156 -1.603637
v 7.491096 1.570156 -1.464211
v 7.665379 1.570156 -1.464211
v 7.788344 1.570156 -1.603637
v 7.788344 1.570156 -1.797284
v 7.788344 1.570156 -1.797284
v 7.788344 1.570156 -1.990931
v 7.725409 1.570156 -2.063548
v 7.725409 1.570156 -2.063548
v 7.736059 1.594362 -2.074199
v 7.736059 1.594362 -2.074199
v 7.736059 1.594362 -2.074199
v 7.736059 1.594362 -2.074199
v 7.652792 1.570156 -2.126484
v 7.459144 1.570156 -2.126484
v 7.459144 1.570156 -2.126484
v 7.265498 1.570156 -2.126484
v 7.258719 1.594362 -2.141007
v 7.258719 1.594362 -2.141007
v 7.109612 1.594362 -2.009327
v 7.109612 1.594362 -2.009327
v 7.109612 1.594362 -2.009327
v 7.109612 1.594362 -1.823426
v 7.109612 1.594362 -1.823426
v 7.109612 1.594362 -1.823426
v 7.258719 1.594362 -1.692715
v 7.258719 1.594362 -1.692715
v 7.354575 1.594362 -1.692715
v 7.354575 1.594362 -1.692715
v 7.354575 1.594362 -1.692715
v 7.354575 1.594362 -1.692715
v 7.354575 1.594362 -1.596859
v 7.354575 1.594362 -1.596859
v 7.485287 1.594362 -1.447751
v 7.485287 1.594362 -1.447751
v 7.485287 1.594362 -1.447751
v 7.671188 1.594362 -1.447751
v 7.671188 1.594362 -1.447751
v 7.671188 1.594362 -1.447751
v 7.802868 1.594362 -1.596859
v 7.802868 1.594362 -1.596859
v 7.802868 1.594362 -1.797284
v 7.802868 1.594362 -1.797284
v 7.802868 1.594362 -1.797284
v 7.802868 1.594362 -1.797284
v 7.802868 1.594362 -1.997709
v 7.802868 1.594362 -1.997709
v 7.825138 1.608886 -2.163277
v 7.825138 1.608886 -2.163277
v 7.659569 1.594362 -2.141007
v 7.659569 1.594362 -2.141007
v 7.459144 1.594362 -2.141007
v 7.459144 1.594362 -2.141007
v 7.459144 1.594362 -2.141007
v 7.459144 1.594362 -2.141007
v 7.459144 1.609854 -2.164245
v 7.459144 1.609854 -2.164245
v 7.084437 1.609854 -2.164245
v 7.084437 1.609854 -2.164245
v 7.084437 1.609854 -1.673350
v 7.084437 1.609854 -1.673350
v 7.335211 1.609854 -1.673350
v 7.335211 1.609854 -1.673350
v 7.335211 1.609854 -1.422577
v 7.335211 1.609854 -1.422577
v 7.826105 1.609854 -1.422577
v 7.826105 1.609854 -1.422577
v 7.826105 1.609854 -1.797284
v 7.826105 1.609854 -1.797284
v 7.826105 1.609854 -2.164245
v 7.826105 1.609854 -2.164245
v 7.459144 1.633092 -2.208784
v 7.459144 1.633092 -2.208784
v 7.034090 1.633092 -2.208784
v 7.034090 1.633092 -2.208784
v 7.034090 1.633092 -1.628811
v 7.034090 1.633092 -1.628811
v 7.290671 1.633092 -1.628811
v 7.290671 1.633092 -1.628811
v 7.290671 1.633092 -1.372229
v 7.290671 1.633092 -1.372229
v 7.870644 1.633092 -1.372229
v 7.870644 1.633092 -1.372229
v 7.870644 1.633092 -1.797284
v 7.870644 1.633092 -1.797284
v 7.870644 1.633092 -2.208784
v 7.870644 1.633092 -2.208784
v 7.459144 1.663107 -2.226212
v 7.459144 1.663107 -2.226212
v 7.013756 1.663107 -2.226212
v 7.013756 1.663107 -2.226212
v 7.013756 1.663107 -1.611383
v 7.273244 1.663107 -1.611383
v 7.273244 1.663107 -1.611383
v 7.273244 1.663107 -1.351896
v 7.888073 1.663107 -1.351896
v 7.888073 1.663107 -1.351896
v 7.888073 1.663107 -1.797284
v 7.888073 1.663107 -1.797284
v 7.888073 1.663107 -2.226212
v 7.888073 1.663107 -2.226212
v 7.888073 1.703773 -2.226212
v 7.888073 1.703773 -2.226212
v 7.888073 1.703773 -2.226212
v 7.888073 1.703773 -2.226212
v 7.459144 1.703773 -2.226212
v 7.459144 1.703773 -2.226212
v 7.459144 1.703773 -2.226212
v 7.459144 1.703773 -2.226212
v 7.013756 1.703773 -2.226212
v 7.013756 1.703773 -2.226212
v 7.013756 1.703773 -2.226212
v 7.013756 1.703773 -2.226212
v 7.013756 1.703773 -1.611383
v 7.013756 1.703773 -1.611383
v 7.273244 1.703773 -1.611383
v 7.273244 1.703773 -1.611383
v 7.273244 1.703773 -1.611383
v 7.273244 1.703773 -1.611383
v 7.273244 1.703773 -1.351896
v 7.273244 1.703773 -1.351896
v 7.888073 1.703773 -1.351896
v 7.888073 1.703773 -1.351896
v 7.888073 1.703773 -1.351896
v 7.888073 1.703773 -1.351896
v 7.888073 1.703773 -1.797284
v 7.888073 1.703773 -1.797284
v 7.888073 1.703773 -1.797284
v 7.888073 1.703773 -1.797284
v 7.880327 1.703773 -1.797284
v 7.880327 1.703773 -1.797284
v 7.880327 1.703773 -1.797284
v 7.880327 1.703773 -1.797284
v 7.880327 1.703773 -2.218466
v 7.880327 1.703773 -2.218466
v 7.880327 1.703773 -2.218466
v 7.880327 1.703773 -2.218466
v 7.459144 1.703773 -2.218466
v 7.459144 1.703773 -2.218466
v 7.459144 1.703773 -2.218466
v 7.459144 1.703773 -2.218466
v 7.022470 1.703773 -2.218466
v 7.022470 1.703773 -2.218466
v 7.022470 1.703773 -2.218466
v 7.022470 1.703773 -2.218466
v 7.022470 1.703773 -1.618160
v 7.022470 1.703773 -1.618160
v 7.022470 1.703773 -1.618160
v 7.280021 1.703773 -1.618160
v 7.280021 1.703773 -1.618160
v 7.280021 1.703773 -1.618160
v 7.280021 1.703773 -1.618160
v 7.280021 1.703773 -1.360610
v 7.280021 1.703773 -1.360610
v 7.280021 1.703773 -1.360610
v 7.880327 1.703773 -1.360610
v 7.880327 1.703773 -1.360610
v 7.880327 1.703773 -1.360610
v 7.880327 1.703773 -1.360610
v 7.880327 1.721201 -1.360610
v 7.880327 1.721201 -1.360610
v 7.880327 1.721201 -1.360610
v 7.880327 1.721201 -1.360610
v 7.880327 1.721201 -1.797284
v 7.880327 1.721201 -1.797284
v 7.880327 1.721201 -1.797284
v 7.880327 1.721201 -1.797284
v 7.880327 1.721201 -2.218466
v 7.880327 1.721201 -2.218466
v 7.880327 1.721201 -2.218466
v 7.880327 1.721201 -2.218466
v 7.459144 1.721201 -2.218466
v 7.459144 1.721201 -2.218466
v 7.459144 1.721201 -2.218466
v 7.459144 1.721201 -2.218466
v 7.022470 1.721201 -2.218466
v 7.022470 1.721201 -2.218466
v 7.022470 1.721201 -2.218466
v 7.022470 1.721201 -2.218466
v 7.022470 1.721201 -1.618160
v 7.022470 1.721201 -1.618160
v 7.022470 1.721201 -1.618160
v 7.022470 1.721201 -1.618160
v 7.280021 1.721201 -1.618160
v 7.280021 1.721201 -1.618160
v 7.280021 1.721201 -1.618160
v 7.280021 1.721201 -1.618160
v 7.280021 1.721201 -1.360610
v 7.280021 1.721201 -1.360610
v 7.280021 1.721201 -1.360610
v 7.280021 1.721201 -1.360610
v 7.273244 1.721201 -1.351896
v 7.273244 1.721201 -1.351896
v 7.273244 1.721201 -1.351896
v 7.273244 1.721201 -1.351896
v 7.888073 1.721201 -1.351896
v 7.888073 1.721201 -1.351896
v 7.888073 1.721201 -1.351896
v 7.888073 1.721201 -1.351896
v 7.888073 1.767676 -1.351896
v 7.888073 1.767676 -1.351896
v 7.888073 1.767676 -1.351896
v 7.888073 1.721201 -1.797284
v 7.888073 1.721201 -1.797284
v 7.888073 1.721201 -1.797284
v 7.888073 1.721201 -1.797284
v 7.888073 1.721201 -2.226212
v 7.888073 1.721201 -2.226212
v 7.888073 1.721201 -2.226212
v 7.888073 1.721201 -2.226212
v 7.459144 1.721201 -2.226212
v 7.459144 1.721201 -2.226212
v 7.459144 1.721201 -2.226212
v 7.459144 1.721201 -2.226212
v 7.013756 1.721201 -2.226212
v 7.013756 1.721201 -2.226212
v 7.013756 1.721201 -2.226212
v 7.013756 1.721201 -2.226212
v 7.013756 1.767676 -2.226212
v 7.013756 1.767676 -2.226212
v 7.013756 1.767676 -2.226212
v 7.013756 1.721201 -1.611383
v 7.013756 1.721201 -1.611383
v 7.013756 1.721201 -1.611383
v 7.013756 1.721201 -1.611383
v 7.273244 1.721201 -1.611383
v 7.273244 1.721201 -1.611383
v 7.273244 1.721201 -1.611383
v 7.273244 1.721201 -1.611383
v 7.273244 1.767676 -1.351896
v 7.273244 1.767676 -1.351896
v 7.273244 1.767676 -1.351896
v 7.888073 1.767676 -1.797284
v 7.888073 1.767676 -1.797284
v 7.888073 1.767676 -1.797284
v 7.888073 1.767676 -1.797284
v 7.888073 1.767676 -2.226212
v 7.888073 1.767676 -2.226212
v 7.888073 1.767676 -2.226212
v 7.888073 1.767676 -2.226212
v 7.459144 1.767676 -2.226212
v 7.459144 1.767676 -2.226212
v 7.459144 1.767676 -2.226212
v 7.459144 1.767676 -2.226212
v 7.013756 1.767676 -1.611383
v 7.013756 1.767676 -1.611383
v 7.013756 1.767676 -1.611383
v 7.273244 1.767676 -1.611383
v 7.273244 1.767676 -1.611383
v 7.273244 1.767676 -1.611383
v 7.273244 1.767676 -1.611383
v 7.459144 1.767676 -1.797284
v 7.459144 1.767676 -1.797284
v 7.459144 1.767676 -1.797284
v 7.459144 1.767676 -1.797284
v -7.458450 -0.019686 -1.605573
v -7.458450 -0.019686 -1.605573
v -7.458450 -0.019686 -1.710143
v -7.458450 -0.019686 -1.710143
v -7.458450 1.493666 -1.710143
v -7.458450 1.493666 -1.710143
v -7.458450 1.493666 -1.710143
v -7.458450 1.493666 -1.710143
v -7.353881 -0.019686 -1.710143
v -7.353881 -0.019686 -1.710143
v -7.353881 1.493666 -1.710143
v -7.353881 1.493666 -1.710143
v -7.353881 1.493666 -1.710143
v -7.216392 -0.019686 -1.831172
v -7.216392 -0.019686 -1.831172
v -7.216392 1.493666 -1.831172
v -7.216392 1.493666 -1.831172
v -7.216392 1.493666 -1.831172
v -7.216392 -0.019686 -2.001582
v -7.216392 -0.019686 -2.001582
v -7.216392 1.493666 -2.001582
v -7.216392 1.493666 -2.001582
v -7.216392 1.493666 -2.001582
v -7.353881 -0.019686 -2.122611
v -7.353881 -0.019686 -2.122611
v -7.353881 1.493666 -2.122611
v -7.353881 1.493666 -2.122611
v -7.353881 1.493666 -2.122611
v -7.545592 -0.019686 -2.122611
v -7.545592 1.493666 -2.122611
v -7.545592 1.493666 -2.122611
v -7.545592 1.493666 -2.122611
v -7.737301 1.493666 -2.122611
v -7.737301 1.493666 -2.122611
v -7.737301 1.493666 -2.122611
v -7.737301 -0.019686 -2.122611
v -7.737301 -0.019686 -2.122611
v -7.808951 -0.019686 -2.060644
v -7.808951 -0.019686 -2.060644
v -7.808951 1.493666 -2.060644
v -7.808951 1.493666 -2.060644
v -7.808951 1.493666 -2.060644
v -7.808951 1.493666 -2.060644
v -7.870918 1.493666 -1.988994
v -7.870918 1.493666 -1.988994
v -7.870918 1.493666 -1.988994
v -7.870918 -0.019686 -1.988994
v -7.870918 -0.019686 -1.988994
v -7.870918 -0.019686 -1.797284
v -7.870918 1.493666 -1.797284
v -7.870918 1.493666 -1.797284
v -7.870918 1.493666 -1.797284
v -7.870918 1.493666 -1.605573
v -7.870918 1.493666 -1.605573
v -7.870918 1.493666 -1.605573
v -7.870918 -0.019686 -1.605573
v -7.870918 -0.019686 -1.605573
v -7.749889 1.493666 -1.468084
v -7.749889 1.493666 -1.468084
v -7.749889 1.493666 -1.468084
v -7.749889 -0.019686 -1.468084
v -7.749889 -0.019686 -1.468084
v -7.579480 1.493666 -1.468084
v -7.579480 1.493666 -1.468084
v -7.579480 1.493666 -1.468084
v -7.579480 -0.019686 -1.468084
v -7.579480 -0.019686 -1.468084
v -7.458450 1.493666 -1.605573
v -7.458450 1.493666 -1.605573
v -7.458450 1.493666 -1.605573
v -7.438117 1.511094 -1.689810
v -7.438117 1.511094 -1.689810
v -7.438117 1.511094 -1.689810
v -7.438117 1.511094 -1.689810
v -7.344199 1.511094 -1.689810
v -7.344199 1.511094 -1.689810
v -7.194122 1.511094 -1.822458
v -7.194122 1.511094 -1.822458
v -7.194122 1.511094 -2.010296
v -7.194122 1.511094 -2.010296
v -7.344199 1.511094 -2.142944
v -7.344199 1.511094 -2.142944
v -7.545592 1.511094 -2.142944
v -7.545592 1.511094 -2.142944
v -7.545592 1.511094 -2.142944
v -7.545592 1.511094 -2.142944
v -7.746984 1.511094 -2.142944
v -7.746984 1.511094 -2.142944
v -7.823474 1.511094 -2.075167
v -7.823474 1.511094 -2.075167
v -7.823474 1.511094 -2.075167
v -7.823474 1.511094 -2.075167
v -7.891251 1.511094 -1.998677
v -7.891251 1.511094 -1.998677
v -7.891251 1.511094 -1.797284
v -7.891251 1.511094 -1.797284
v -7.891251 1.511094 -1.797284
v -7.891251 1.511094 -1.797284
v -7.891251 1.511094 -1.595891
v -7.891251 1.511094 -1.595891
v -7.758604 1.511094 -1.445815
v -7.758604 1.511094 -1.445815
v -7.570766 1.511094 -1.445815
v -7.570766 1.511094 -1.445815
v -7.438117 1.511094 -1.595891
v -7.438117 1.511094 -1.595891
v -7.458450 1.529491 -1.605573
v -7.458450 1.529491 -1.605573
v -7.458450 1.529491 -1.710143
v -7.458450 1.529491 -1.710143
v -7.458450 1.529491 -1.710143
v -7.458450 1.529491 -1.710143
v -7.353881 1.529491 -1.710143
v -7.353881 1.529491 -1.710143
v -7.216392 1.529491 -1.831172
v -7.216392 1.529491 -1.831172
v -7.216392 1.529491 -2.001582
v -7.216392 1.529491 -2.001582
v -7.353881 1.529491 -2.122611
v -7.353881 1.529491 -2.122611
v -7.545592 1.529491 -2.122611
v -7.545592 1.529491 -2.122611
v -7.545592 1.529491 -2.122611
v -7.545592 1.529491 -2.122611
v -7.737301 1.529491 -2.122611
v -7.737301 1.529491 -2.122611
v -7.808951 1.529491 -2.060644
v -7.808951 1.529491 -2.060644
v -7.808951 1.529491 -2.060644
v -7.808951 1.529491 -2.060644
v -7.870918 1.529491 -1.988994
v -7.870918 1.529491 -1.988994
v -7.870918 1.529491 -1.797284
v -7.870918 1.529491 -1.797284
v -7.870918 1.529491 -1.797284
v -7.870918 1.529491 -1.797284
v -7.870918 1.529491 -1.605573
v -7.870918 1.529491 -1.605573
v -7.749889 1.529491 -1.468084
v -7.749889 1.529491 -1.468084
v -7.579480 1.529491 -1.468084
v -7.579480 1.529491 -1.468084
v -7.445863 1.540141 -1.599764
v -7.445863 1.540141 -1.599764
v -7.445863 1.540141 -1.697556
v -7.445863 1.540141 -1.697556
v -7.445863 1.540141 -1.697556
v -7.445863 1.540141 -1.697556
v -7.348072 1.540141 -1.697556
v -7.348072 1.540141 -1.697556
v -7.202837 1.540141 -1.826331
v -7.202837 1.540141 -1.826331
v -7.202837 1.540141 -2.007391
v -7.202837 1.540141 -2.007391
v -7.348072 1.540141 -2.135198
v -7.348072 1.540141 -2.135198
v -7.545592 1.540141 -2.135198
v -7.545592 1.540141 -2.135198
v -7.545592 1.540141 -2.135198
v -7.545592 1.540141 -2.135198
v -7.744080 1.540141 -2.135198
v -7.744080 1.540141 -2.135198
v -7.818634 1.540141 -2.070326
v -7.818634 1.540141 -2.070326
v -7.818634 1.540141 -2.070326
v -7.818634 1.540141 -2.070326
v -7.883506 1.540141 -1.995772
v -7.883506 1.540141 -1.995772
v -7.883506 1.540141 -1.797284
v -7.883506 1.540141 -1.797284
v -7.883506 1.540141 -1.797284
v -7.883506 1.540141 -1.797284
v -7.883506 1.540141 -1.599764
v -7.883506 1.540141 -1.599764
v -7.755699 1.540141 -1.454529
v -7.755699 1.540141 -1.454529
v -7.574639 1.540141 -1.454529
v -7.574639 1.540141 -1.454529
v -7.577544 1.549824 -1.462275
v -7.453609 1.549824 -1.603637
v -7.453609 1.549824 -1.705302
v -7.453609 1.549824 -1.705302
v -7.351944 1.549824 -1.705302
v -7.210582 1.549824 -1.829236
v -7.210582 1.549824 -2.004486
v -7.351944 1.549824 -2.127452
v -7.545592 1.549824 -2.127452
v -7.545592 1.549824 -2.127452
v -7.740207 1.549824 -2.127452
v -7.812825 1.549824 -2.064517
v -7.812825 1.549824 -2.064517
v -7.875760 1.549824 -1.991899
v -7.875760 1.549824 -1.797284
v -7.875760 1.549824 -1.797284
v -7.875760 1.549824 -1.603637
v -7.752794 1.549824 -1.462275
v -7.751825 1.570156 -1.464211
v -7.577544 1.570156 -1.464211
v -7.454578 1.570156 -1.603637
v -7.454578 1.570156 -1.706270
v -7.454578 1.570156 -1.706270
v -7.351944 1.570156 -1.706270
v -7.212519 1.570156 -1.829236
v -7.212519 1.570156 -2.003518
v -7.351944 1.570156 -2.126484
v -7.545592 1.570156 -2.126484
v -7.545592 1.570156 -2.126484
v -7.739238 1.570156 -2.126484
v -7.811857 1.570156 -2.063548
v -7.811857 1.570156 -2.063548
v -7.822507 1.594362 -2.074199
v -7.822507 1.594362 -2.074199
v -7.822507 1.594362 -2.074199
v -7.822507 1.594362 -2.074199
v -7.874791 1.570156 -1.990931
v -7.874791 1.570156 -1.797284
v -7.874791 1.570156 -1.797284
v -7.874791 1.570156 -1.603637
v -7.889314 1.594362 -1.596859
v -7.889314 1.594362 -1.596859
v -7.757635 1.594362 -1.447751
v -7.757635 1.594362 -1.447751
v -7.757635 1.594362 -1.447751
v -7.571734 1.594362 -1.447751
v -7.571734 1.594362 -1.447751
v -7.571734 1.594362 -1.447751
v -7.441022 1.594362 -1.596859
v -7.441022 1.594362 -1.596859
v -7.441022 1.594362 -1.692715
v -7.441022 1.594362 -1.692715
v -7.441022 1.594362 -1.692715
v -7.441022 1.594362 -1.692715
v -7.345167 1.594362 -1.692715
v -7.345167 1.594362 -1.692715
v -7.196059 1.594362 -1.823426
v -7.196059 1.594362 -1.823426
v -7.196059 1.594362 -1.823426
v -7.196059 1.594362 -2.009327
v -7.196059 1.594362 -2.009327
v -7.196059 1.594362 -2.009327
v -7.345167 1.594362 -2.141007
v -7.345167 1.594362 -2.141007
v -7.545592 1.594362 -2.141007
v -7.545592 1.594362 -2.141007
v -7.545592 1.594362 -2.141007
v -7.545592 1.594362 -2.141007
v -7.746016 1.594362 -2.141007
v -7.746016 1.594362 -2.141007
v -7.911584 1.608886 -2.163277
v -7.911584 1.608886 -2.163277
v -7.889314 1.594362 -1.997709
v -7.889314 1.594362 -1.997709
v -7.889314 1.594362 -1.797284
v -7.889314 1.594362 -1.797284
v -7.889314 1.594362 -1.797284
v -7.889314 1.594362 -1.797284
v -7.912552 1.609854 -1.797284
v -7.912552 1.609854 -1.797284
v -7.912552 1.609854 -1.422577
v -7.912552 1.609854 -1.422577
v -7.421657 1.609854 -1.422577
v -7.421657 1.609854 -1.422577
v -7.421657 1.609854 -1.673350
v -7.421657 1.609854 -1.673350
v -7.170885 1.609854 -1.673350
v -7.170885 1.609854 -1.673350
v -7.170885 1.609854 -2.164245
v -7.170885 1.609854 -2.164245
v -7.545592 1.609854 -2.164245
v -7.545592 1.609854 -2.164245
v -7.912552 1.609854 -2.164245
v -7.912552 1.609854 -2.164245
v -7.957091 1.633092 -1.797284
v -7.957091 1.633092 -1.797284
v -7.957091 1.633092 -1.372229
v -7.957091 1.633092 -1.372229
v -7.377119 1.633092 -1.372229
v -7.377119 1.633092 -1.372229
v -7.377119 1.633092 -1.628811
v -7.377119 1.633092 -1.628811
v -7.120536 1.633092 -1.628811
v -7.120536 1.633092 -1.628811
v -7.120536 1.633092 -2.208784
v -7.120536 1.633092 -2.208784
v -7.545592 1.633092 -2.208784
v -7.545592 1.633092 -2.208784
v -7.957091 1.633092 -2.208784
v -7.957091 1.633092 -2.208784
v -7.974519 1.663107 -1.797284
v -7.974519 1.663107 -1.797284
v -7.974519 1.663107 -1.351896
v -7.974519 1.663107 -1.351896
v -7.359691 1.663107 -1.351896
v -7.359691 1.663107 -1.611383
v -7.359691 1.663107 -1.611383
v -7.100204 1.663107 -1.611383
v -7.100204 1.663107 -2.226212
v -7.100204 1.663107 -2.226212
v -7.545592 1.663107 -2.226212
v -7.545592 1.663107 -2.226212
v -7.974519 1.663107 -2.226212
v -7.974519 1.663107 -2.226212
v -7.974519 1.703773 -2.226212
v -7.974519 1.703773 -2.226212
v -7.974519 1.703773 -2.226212
v -7.974519 1.703773 -2.226212
v -7.974519 1.703773 -1.797284
v -7.974519 1.703773 -1.797284
v -7.974519 1.703773 -1.797284
v -7.974519 1.703773 -1.797284
v -7.974519 1.703773 -1.351896
v -7.974519 1.703773 -1.351896
v -7.974519 1.703773 -1.351896
v -7.974519 1.703773 -1.351896
v -7.359691 1.703773 -1.351896
v -7.359691 1.703773 -1.351896
v -7.359691 1.703773 -1.611383
v -7.359691 1.703773 -1.611383
v -7.359691 1.703773 -1.611383
v -7.359691 1.703773 -1.611383
v -7.100204 1.703773 -1.611383
v -7.100204 1.703773 -1.611383
v -7.100204 1.703773 -2.226212
v -7.100204 1.703773 -2.226212
v -7.100204 1.703773 -2.226212
v -7.100204 1.703773 -2.226212
v -7.545592 1.703773 -2.226212
v -7.545592 1.703773 -2.226212
v -7.545592 1.703773 -2.226212
v -7.545592 1.703773 -2.226212
v -7.966774 1.703773 -2.218466
v -7.966774 1.703773 -2.218466
v -7.966774 1.703773 -2.218466
v -7.966774 1.703773 -2.218466
v -7.966774 1.703773 -1.797284
v -7.966774 1.703773 -1.797284
v -7.966774 1.703773 -1.797284
v -7.966774 1.703773 -1.797284
v -7.966774 1.721201 -1.797284
v -7.966774 1.721201 -1.797284
v -7.966774 1.721201 -1.797284
v -7.966774 1.721201 -1.797284
v -7.966774 1.721201 -1.360610
v -7.966774 1.721201 -1.360610
v -7.966774 1.721201 -1.360610
v -7.966774 1.721201 -1.360610
v -7.966774 1.703773 -1.360610
v -7.966774 1.703773 -1.360610
v -7.966774 1.703773 -1.360610
v -7.966774 1.703773 -1.360610
v -7.366468 1.703773 -1.360610
v -7.366468 1.703773 -1.360610
v -7.366468 1.703773 -1.360610
v -7.366468 1.703773 -1.618160
v -7.366468 1.703773 -1.618160
v -7.366468 1.703773 -1.618160
v -7.366468 1.703773 -1.618160
v -7.108918 1.703773 -1.618160
v -7.108918 1.703773 -1.618160
v -7.108918 1.703773 -1.618160
v -7.108918 1.703773 -2.218466
v -7.108918 1.703773 -2.218466
v -7.108918 1.703773 -2.218466
v -7.108918 1.703773 -2.218466
v -7.545592 1.703773 -2.218466
v -7.545592 1.703773 -2.218466
v -7.545592 1.703773 -2.218466
v -7.545592 1.703773 -2.218466
v -7.545592 1.721201 -2.218466
v -7.545592 1.721201 -2.218466
v -7.545592 1.721201 -2.218466
v -7.545592 1.721201 -2.218466
v -7.966774 1.721201 -2.218466
v -7.966774 1.721201 -2.218466
v -7.966774 1.721201 -2.218466
v -7.966774 1.721201 -2.218466
v -7.974519 1.721201 -2.226212
v -7.974519 1.721201 -2.226212
v -7.974519 1.721201 -2.226212
v -7.974519 1.721201 -2.226212
v -7.974519 1.721201 -1.797284
v -7.974519 1.721201 -1.797284
v -7.974519 1.721201 -1.797284
v -7.974519 1.721201 -1.797284
v -7.974519 1.721201 -1.351896
v -7.974519 1.721201 -1.351896
v -7.974519 1.721201 -1.351896
v -7.974519 1.721201 -1.351896
v -7.974519 1.767676 -1.351896
v -7.974519 1.767676 -1.351896
v -7.974519 1.767676 -1.351896
v -7.359691 1.721201 -1.351896
v -7.359691 1.721201 -1.351896
v -7.359691 1.721201 -1.351896
v -7.359691 1.721201 -1.351896
v -7.366468 1.721201 -1.360610
v -7.366468 1.721201 -1.360610
v -7.366468 1.721201 -1.360610
v -7.366468 1.721201 -1.360610
v -7.366468 1.721201 -1.618160
v -7.366468 1.721201 -1.618160
v -7.366468 1.721201 -1.618160
v -7.366468 1.721201 -1.618160
v -7.108918 1.721201 -1.618160
v -7.108918 1.721201 -1.618160
v -7.108918 1.721201 -1.618160
v -7.108918 1.721201 -1.618160
v -7.108918 1.721201 -2.218466
v -7.108918 1.721201 -2.218466
v -7.108918 1.721201 -2.218466
v -7.108918 1.721201 -2.218466
v -7.100204 1.721201 -2.226212
v -7.100204 1.721201 -2.226212
v -7.100204 1.721201 -2.226212
v -7.100204 1.721201 -2.226212
v -7.545592 1.721201 -2.226212
v -7.545592 1.721201 -2.226212
v -7.545592 1.721201 -2.226212
v -7.545592 1.721201 -2.226212
v -7.974519 1.767676 -2.226212
v -7.974519 1.767676 -2.226212
v -7.974519 1.767676 -2.226212
v -7.974519 1.767676 -2.226212
v -7.974519 1.767676 -1.797284
v -7.974519 1.767676 -1.797284
v -7.974519 1.767676 -1.797284
v -7.974519 1.767676 -1.797284
v -7.359691 1.767676 -1.351896
v -7.359691 1.767676 -1.351896
v -7.359691 1.767676 -1.351896
v -7.359691 1.721201 -1.611383
v -7.359691 1.721201 -1.611383
v -7.359691 1.721201 -1.611383
v -7.359691 1.721201 -1.611383
v -7.100204 1.721201 -1.611383
v -7.100204 1.721201 -1.611383
v -7.100204 1.721201 -1.611383
v -7.100204 1.721201 -1.611383
v -7.100204 1.767676 -2.226212
v -7.100204 1.767676 -2.226212
v -7.100204 1.767676 -2.226212
v -7.545592 1.767676 -2.226212
v -7.545592 1.767676 -2.226212
v -7.545592 1.767676 -2.226212
v -7.545592 1.767676 -2.226212
v -7.545592 1.767676 -1.797284
v -7.545592 1.767676 -1.797284
v -7.545592 1.767676 -1.797284
v -7.545592 1.767676 -1.797284
v -7.359691 1.767676 -1.611383
v -7.359691 1.767676 -1.611383
v -7.359691 1.767676 -1.611383
v -7.359691 1.767676 -1.611383
v -7.100204 1.767676 -1.611383
v -7.100204 1.767676 -1.611383
v -7.100204 1.767676 -1.611383
v -7.353881 -0.019686 1.765821
v -7.353881 -0.019686 1.765821
v -7.458450 -0.019686 1.765821
v -7.458450 -0.019686 1.765821
v -7.458450 1.493666 1.765821
v -7.458450 1.493666 1.765821
v -7.458450 1.493666 1.765821
v -7.458450 1.493666 1.765821
v -7.458450 -0.019686 1.661252
v -7.458450 -0.019686 1.661252
v -7.458450 1.493666 1.661252
v -7.458450 1.493666 1.661252
v -7.458450 1.493666 1.661252
v -7.579480 -0.019686 1.523763
v -7.579480 -0.019686 1.523763
v -7.579480 1.493666 1.523763
v -7.579480 1.493666 1.523763
v -7.579480 1.493666 1.523763
v -7.749889 -0.019686 1.523763
v -7.749889 -0.019686 1.523763
v -7.749889 1.493666 1.523763
v -7.749889 1.493666 1.523763
v -7.749889 1.493666 1.523763
v -7.870918 -0.019686 1.661252
v -7.870918 -0.019686 1.661252
v -7.870918 1.493666 1.661252
v -7.870918 1.493666 1.661252
v -7.870918 1.493666 1.661252
v -7.870918 -0.019686 1.852962
v -7.870918 1.493666 1.852962
v -7.870918 1.493666 1.852962
v -7.870918 1.493666 1.852962
v -7.870918 1.493666 2.044673
v -7.870918 1.493666 2.044673
v -7.870918 1.493666 2.044673
v -7.870918 -0.019686 2.044673
v -7.870918 -0.019686 2.044673
v -7.808951 -0.019686 2.115354
v -7.808951 -0.019686 2.115354
v -7.808951 1.493666 2.115354
v -7.808951 1.493666 2.115354
v -7.808951 1.493666 2.115354
v -7.808951 1.493666 2.115354
v -7.737301 1.493666 2.178290
v -7.737301 1.493666 2.178290
v -7.737301 1.493666 2.178290
v -7.737301 -0.019686 2.178290
v -7.737301 -0.019686 2.178290
v -7.545592 -0.019686 2.178290
v -7.545592 1.493666 2.178290
v -7.545592 1.493666 2.178290
v -7.545592 1.493666 2.178290
v -7.353881 1.493666 2.178290
v -7.353881 1.493666 2.178290
v -7.353881 1.493666 2.178290
v -7.353881 -0.019686 2.178290
v -7.353881 -0.019686 2.178290
v -7.216392 1.493666 2.057260
v -7.216392 1.493666 2.057260
v -7.216392 1.493666 2.057260
v -7.216392 -0.019686 2.057260
v -7.216392 -0.019686 2.057260
v -7.216392 1.493666 1.886851
v -7.216392 1.493666 1.886851
v -7.216392 1.493666 1.886851
v -7.216392 -0.019686 1.886851
v -7.216392 -0.019686 1.886851
v -7.353881 1.493666 1.765821
v -7.353881 1.493666 1.765821
v -7.353881 1.493666 1.765821
v -7.438117 1.511094 1.745488
v -7.438117 1.511094 1.745488
v -7.438117 1.511094 1.745488
v -7.438117 1.511094 1.745488
v -7.438117 1.511094 1.651570
v -7.438117 1.511094 1.651570
v -7.570766 1.511094 1.501493
v -7.570766 1.511094 1.501493
v -7.758604 1.511094 1.501493
v -7.758604 1.511094 1.501493
v -7.891251 1.511094 1.651570
v -7.891251 1.511094 1.651570
v -7.891251 1.511094 1.852962
v -7.891251 1.511094 1.852962
v -7.891251 1.511094 1.852962
v -7.891251 1.511094 1.852962
v -7.891251 1.511094 2.054356
v -7.891251 1.511094 2.054356
v -7.823474 1.511094 2.130846
v -7.823474 1.511094 2.130846
v -7.823474 1.511094 2.130846
v -7.823474 1.511094 2.130846
v -7.746984 1.511094 2.198622
v -7.746984 1.511094 2.198622
v -7.545592 1.511094 2.198622
v -7.545592 1.511094 2.198622
v -7.545592 1.511094 2.198622
v -7.545592 1.511094 2.198622
v -7.344199 1.511094 2.198622
v -7.344199 1.511094 2.198622
v -7.194122 1.511094 2.065974
v -7.194122 1.511094 2.065974
v -7.194122 1.511094 1.878137
v -7.194122 1.511094 1.878137
v -7.344199 1.511094 1.745488
v -7.344199 1.511094 1.745488
v -7.353881 1.529491 1.765821
v -7.353881 1.529491 1.765821
v -7.458450 1.529491 1.765821
v -7.458450 1.529491 1.765821
v -7.458450 1.529491 1.765821
v -7.458450 1.529491 1.765821
v -7.458450 1.529491 1.661252
v -7.458450 1.529491 1.661252
v -7.579480 1.529491 1.523763
v -7.579480 1.529491 1.523763
v -7.749889 1.529491 1.523763
v -7.749889 1.529491 1.523763
v -7.870918 1.529491 1.661252
v -7.870918 1.529491 1.661252
v -7.870918 1.529491 1.852962
v -7.870918 1.529491 1.852962
v -7.870918 1.529491 1.852962
v -7.870918 1.529491 1.852962
v -7.870918 1.529491 2.044673
v -7.870918 1.529491 2.044673
v -7.808951 1.529491 2.115354
v -7.808951 1.529491 2.115354
v -7.808951 1.529491 2.115354
v -7.808951 1.529491 2.115354
v -7.737301 1.529491 2.178290
v -7.737301 1.529491 2.178290
v -7.545592 1.529491 2.178290
v -7.545592 1.529491 2.178290
v -7.545592 1.529491 2.178290
v -7.545592 1.529491 2.178290
v -7.353881 1.529491 2.178290
v -7.353881 1.529491 2.178290
v -7.216392 1.529491 2.057260
v -7.216392 1.529491 2.057260
v -7.216392 1.529491 1.886851
v -7.216392 1.529491 1.886851
v -7.348072 1.540141 1.753234
v -7.348072 1.540141 1.753234
v -7.445863 1.540141 1.753234
v -7.445863 1.540141 1.753234
v -7.445863 1.540141 1.753234
v -7.445863 1.540141 1.753234
v -7.445863 1.540141 1.655443
v -7.445863 1.540141 1.655443
v -7.574639 1.540141 1.509239
v -7.574639 1.540141 1.509239
v -7.755699 1.540141 1.509239
v -7.755699 1.540141 1.509239
v -7.883506 1.540141 1.655443
v -7.883506 1.540141 1.655443
v -7.883506 1.540141 1.852962
v -7.883506 1.540141 1.852962
v -7.883506 1.540141 1.852962
v -7.883506 1.540141 1.852962
v -7.883506 1.540141 2.050483
v -7.883506 1.540141 2.050483
v -7.818634 1.540141 2.125037
v -7.818634 1.540141 2.125037
v -7.818634 1.540141 2.125037
v -7.818634 1.540141 2.125037
v -7.744080 1.540141 2.190877
v -7.744080 1.540141 2.190877
v -7.545592 1.540141 2.190877
v -7.545592 1.540141 2.190877
v -7.545592 1.540141 2.190877
v -7.545592 1.540141 2.190877
v -7.348072 1.540141 2.190877
v -7.348072 1.540141 2.190877
v -7.202837 1.540141 2.063070
v -7.202837 1.540141 2.063070
v -7.202837 1.540141 1.881041
v -7.202837 1.540141 1.881041
v -7.210582 1.549824 1.884914
v -7.351944 1.549824 1.760980
v -7.453609 1.549824 1.760980
v -7.453609 1.549824 1.760980
v -7.453609 1.549824 1.658347
v -7.577544 1.549824 1.517953
v -7.752794 1.549824 1.517953
v -7.875760 1.549824 1.658347
v -7.875760 1.549824 1.852962
v -7.875760 1.549824 1.852962
v -7.875760 1.549824 2.047578
v -7.812825 1.549824 2.119227
v -7.812825 1.549824 2.119227
v -7.740207 1.549824 2.183131
v -7.545592 1.549824 2.183131
v -7.545592 1.549824 2.183131
v -7.351944 1.549824 2.183131
v -7.210582 1.549824 2.059196
v -7.212519 1.570156 2.059196
v -7.212519 1.570156 1.884914
v -7.351944 1.570156 1.761948
v -7.454578 1.570156 1.761948
v -7.454578 1.570156 1.761948
v -7.454578 1.570156 1.659316
v -7.577544 1.570156 1.519890
v -7.751825 1.570156 1.519890
v -7.874791 1.570156 1.659316
v -7.874791 1.570156 1.852962
v -7.874791 1.570156 1.852962
v -7.874791 1.570156 2.046610
v -7.811857 1.570156 2.119227
v -7.811857 1.570156 2.119227
v -7.822507 1.594362 2.128909
v -7.822507 1.594362 2.128909
v -7.822507 1.594362 2.128909
v -7.822507 1.594362 2.128909
v -7.739238 1.570156 2.182162
v -7.545592 1.570156 2.182162
v -7.545592 1.570156 2.182162
v -7.351944 1.570156 2.182162
v -7.345167 1.594362 2.196686
v -7.345167 1.594362 2.196686
v -7.196059 1.594362 2.065006
v -7.196059 1.594362 2.065006
v -7.196059 1.594362 2.065006
v -7.196059 1.594362 1.879105
v -7.196059 1.594362 1.879105
v -7.196059 1.594362 1.879105
v -7.345167 1.594362 1.747425
v -7.345167 1.594362 1.747425
v -7.441022 1.594362 1.747425
v -7.441022 1.594362 1.747425
v -7.441022 1.594362 1.747425
v -7.441022 1.594362 1.747425
v -7.441022 1.594362 1.652538
v -7.441022 1.594362 1.652538
v -7.571734 1.594362 1.503430
v -7.571734 1.594362 1.503430
v -7.571734 1.594362 1.503430
v -7.757635 1.594362 1.503430
v -7.757635 1.594362 1.503430
v -7.757635 1.594362 1.503430
v -7.889314 1.594362 1.652538
v -7.889314 1.594362 1.652538
v -7.889314 1.594362 1.852962
v -7.889314 1.594362 1.852962
v -7.889314 1.594362 1.852962
v -7.889314 1.594362 1.852962
v -7.889314 1.594362 2.053387
v -7.889314 1.594362 2.053387
v -7.911584 1.608886 2.218955
v -7.911584 1.608886 2.218955
v -7.746016 1.594362 2.196686
v -7.746016 1.594362 2.196686
v -7.545592 1.594362 2.196686
v -7.545592 1.594362 2.196686
v -7.545592 1.594362 2.196686
v -7.545592 1.594362 2.196686
v -7.545592 1.609854 2.219923
v -7.545592 1.609854 2.219923
v -7.170885 1.609854 2.219923
v -7.170885 1.609854 2.219923
v -7.170885 1.609854 1.728060
v -7.170885 1.609854 1.728060
v -7.421657 1.609854 1.728060
v -7.421657 1.609854 1.728060
v -7.421657 1.609854 1.477287
v -7.421657 1.609854 1.477287
v -7.912552 1.609854 1.477287
v -7.912552 1.609854 1.477287
v -7.912552 1.609854 1.852962
v -7.912552 1.609854 1.852962
v -7.912552 1.609854 2.219923
v -7.912552 1.609854 2.219923
v -7.545592 1.633092 2.264463
v -7.545592 1.633092 2.264463
v -7.120536 1.633092 2.264463
v -7.120536 1.633092 2.264463
v -7.120536 1.633092 1.684489
v -7.120536 1.633092 1.684489
v -7.377119 1.633092 1.684489
v -7.377119 1.633092 1.684489
v -7.377119 1.633092 1.427907
v -7.377119 1.633092 1.427907
v -7.957091 1.633092 1.427907
v -7.957091 1.633092 1.427907
v -7.957091 1.633092 1.852962
v -7.957091 1.633092 1.852962
v -7.957091 1.633092 2.264463
v -7.957091 1.633092 2.264463
v -7.545592 1.663107 2.281891
v -7.545592 1.663107 2.281891
v -7.100204 1.663107 2.281891
v -7.100204 1.663107 2.281891
v -7.100204 1.663107 1.667061
v -7.359691 1.663107 1.667061
v -7.359691 1.663107 1.667061
v -7.359691 1.663107 1.407574
v -7.974519 1.663107 1.407574
v -7.974519 1.663107 1.407574
v -7.974519 1.663107 1.852962
v -7.974519 1.663107 1.852962
v -7.974519 1.663107 2.281891
v -7.974519 1.663107 2.281891
v -7.974519 1.703773 2.281891
v -7.974519 1.703773 2.281891
v -7.974519 1.703773 2.281891
v -7.974519 1.703773 2.281891
v -7.545592 1.703773 2.281891
v -7.545592 1.703773 2.281891
v -7.545592 1.703773 2.281891
v -7.545592 1.703773 2.281891
v -7.100204 1.703773 2.281891
v -7.100204 1.703773 2.281891
v -7.100204 1.703773 2.281891
v -7.100204 1.703773 2.281891
v -7.100204 1.703773 1.667061
v -7.100204 1.703773 1.667061
v -7.359691 1.703773 1.667061
v -7.359691 1.703773 1.667061
v -7.359691 1.703773 1.667061
v -7.359691 1.703773 1.667061
v -7.359691 1.703773 1.407574
v -7.359691 1.703773 1.407574
v -7.974519 1.703773 1.407574
v -7.974519 1.703773 1.407574
v -7.974519 1.703773 1.407574
v -7.974519 1.703773 1.407574
v -7.974519 1.703773 1.852962
v -7.974519 1.703773 1.852962
v -7.974519 1.703773 1.852962
v -7.974519 1.703773 1.852962
v -7.966774 1.703773 1.852962
v -7.966774 1.703773 1.852962
v -7.966774 1.703773 1.852962
v -7.966774 1.703773 1.852962
v -7.966774 1.703773 2.274145
v -7.966774 1.703773 2.274145
v -7.966774 1.703773 2.274145
v -7.966774 1.703773 2.274145
v -7.545592 1.703773 2.274145
v -7.545592 1.703773 2.274145
v -7.545592 1.703773 2.274145
v -7.545592 1.703773 2.274145
v -7.108918 1.703773 2.274145
v -7.108918 1.703773 2.274145
v -7.108918 1.703773 2.274145
v -7.108918 1.703773 2.274145
v -7.108918 1.703773 1.673839
v -7.108918 1.703773 1.673839
v -7.108918 1.703773 1.673839
v -7.366468 1.703773 1.673839
v -7.366468 1.703773 1.673839
v -7.366468 1.703773 1.673839
v -7.366468 1.703773 1.673839
v -7.366468 1.703773 1.416289
v -7.366468 1.703773 1.416289
v -7.366468 1.703773 1.416289
v -7.966774 1.703773 1.416289
v -7.966774 1.703773 1.416289
v -7.966774 1.703773 1.416289
v -7.966774 1.703773 1.416289
v -7.966774 1.721201 1.416289
v -7.966774 1.721201 1.416289
v -7.966774 1.721201 1.416289
v -7.966774 1.721201 1.416289
v -7.966774 1.721201 1.852962
v -7.966774 1.721201 1.852962
v -7.966774 1.721201 1.852962
v -7.966774 1.721201 1.852962
v -7.966774 1.721201 2.274145
v -7.966774 1.721201 2.274145
v -7.966774 1.721201 2.274145
v -7.966774 1.721201 2.274145
v -7.545592 1.721201 2.274145
v -7.545592 1.721201 2.274145
v -7.545592 1.721201 2.274145
v -7.545592 1.721201 2.274145
v -7.108918 1.721201 2.274145
v -7.108918 1.721201 2.274145
v -7.108918 1.721201 2.274145
v -7.108918 1.721201 2.274145
v -7.108918 1.721201 1.673839
v -7.108918 1.721201 1.673839
v -7.108918 1.721201 1.673839
v -7.108918 1.721201 1.673839
v -7.366468 1.721201 1.673839
v -7.366468 1.721201 1.673839
v -7.366468 1.721201 1.673839
v -7.366468 1.721201 1.673839
v -7.366468 1.721201 1.416289
v -7.366468 1.721201 1.416289
v -7.366468 1.721201 1.416289
v -7.366468 1.721201 1.416289
v -7.359691 1.721201 1.407574
v -7.359691 1.721201 1.407574
v -7.359691 1.721201 1.407574
v -7.359691 1.721201 1.407574
v -7.974519 1.721201 1.407574
v -7.974519 1.721201 1.407574
v -7.974519 1.721201 1.407574
v -7.974519 1.721201 1.407574
v -7.974519 1.767676 1.407574
v -7.974519 1.767676 1.407574
v -7.974519 1.767676 1.407574
v -7.974519 1.721201 1.852962
v -7.974519 1.721201 1.852962
v -7.974519 1.721201 1.852962
v -7.974519 1.721201 1.852962
v -7.974519 1.721201 2.281891
v -7.974519 1.721201 2.281891
v -7.974519 1.721201 2.281891
v -7.974519 1.721201 2.281891
v -7.545592 1.721201 2.281891
v -7.545592 1.721201 2.281891
v -7.545592 1.721201 2.281891
v -7.545592 1.721201 2.281891
v -7.100204 1.721201 2.281891
v -7.100204 1.721201 2.281891
v -7.100204 1.721201 2.281891
v -7.100204 1.721201 2.281891
v -7.100204 1.767676 2.281891
v -7.100204 1.767676 2.281891
v -7.100204 1.767676 2.281891
v -7.100204 1.721201 1.667061
v -7.100204 1.721201 1.667061
v -7.100204 1.721201 1.667061
v -7.100204 1.721201 1.667061
v -7.359691 1.721201 1.667061
v -7.359691 1.721201 1.667061
v -7.359691 1.721201 1.667061
v -7.359691 1.721201 1.667061
v -7.359691 1.767676 1.407574
v -7.359691 1.767676 1.407574
v -7.359691 1.767676 1.407574
v -7.974519 1.767676 1.852962
v -7.974519 1.767676 1.852962
v -7.974519 1.767676 1.852962
v -7.974519 1.767676 1.852962
v -7.974519 1.767676 2.281891
v -7.974519 1.767676 2.281891
v -7.974519 1.767676 2.281891
v -7.974519 1.767676 2.281891
v -7.545592 1.767676 2.281891
v -7.545592 1.767676 2.281891
v -7.545592 1.767676 2.281891
v -7.545592 1.767676 2.281891
v -7.100204 1.767676 1.667061
v -7.100204 1.767676 1.667061
v -7.100204 1.767676 1.667061
v -7.359691 1.767676 1.667061
v -7.359691 1.767676 1.667061
v -7.359691 1.767676 1.667061
v -7.359691 1.767676 1.667061
v -7.545592 1.767676 1.852962
v -7.545592 1.767676 1.852962
v -7.545592 1.767676 1.852962
v -7.545592 1.767676 1.852962
vn -0.0000 -0.0000 1.0000
vn 0.7085 -0.0000 0.7057
vn 0.9235 -0.0000 0.3836
vn 0.9235 -0.0000 -0.3836
vn 0.9235 -0.0000 -0.3837
vn 0.7085 -0.0000 -0.7057
vn -0.0000 -0.0000 -1.0000
vn -0.7058 -0.0000 -0.7085
vn -0.7057 -0.0000 -0.7085
vn -0.9235 -0.0000 -0.3837
vn -0.9235 -0.0000 -0.3836
vn -0.9235 -0.0000 0.3836
vn -0.7057 -0.0000 0.7085
vn -0.2486 -0.7646 0.5947
vn 0.2486 -0.7646 0.5947
vn 0.5972 -0.7637 0.2452
vn 0.5972 -0.7637 0.2451
vn 0.5972 -0.7637 -0.2452
vn 0.2486 -0.7646 -0.5947
vn -0.2486 -0.7646 -0.5947
vn -0.2485 -0.7646 -0.5947
vn -0.5971 -0.7637 -0.2452
vn -0.5972 -0.7637 -0.2452
vn -0.5972 -0.7637 -0.2451
vn -0.5972 -0.7637 0.2452
vn -0.5972 0.7637 0.2451
vn -0.2486 0.7646 0.5947
vn -0.5971 0.7638 0.2452
vn 0.2486 0.7646 0.5947
vn 0.5972 0.7637 0.2452
vn 0.5972 0.7637 -0.2452
vn 0.5971 0.7637 -0.2452
vn 0.2486 0.7646 -0.5947
vn -0.2486 0.7646 -0.5947
vn -0.5971 0.7637 -0.2452
vn -0.5971 0.7638 -0.2452
vn -0.5972 0.7637 -0.2451
vn -0.5972 0.7638 -0.2451
vn -0.5539 -0.8014 -0.2258
vn -0.5539 -0.8014 0.2259
vn -0.2292 -0.8022 0.5513
vn -0.2294 -0.7997 0.5549
vn 0.2292 -0.8022 0.5513
vn 0.2294 -0.7997 0.5549
vn 0.5539 -0.8014 0.2259
vn 0.5539 -0.8014 -0.2259
vn 0.2292 -0.8022 -0.5513
vn 0.2294 -0.7997 -0.5549
vn -0.2292 -0.8022 -0.5513
vn -0.5538 -0.8014 -0.2259
vn -0.7183 0.6280 -0.2995
vn -0.7182 0.6280 0.2995
vn -0.8510 0.3896 -0.3522
vn -0.8510 0.3896 0.3522
vn -0.2959 0.6272 0.7204
vn -0.3522 0.3896 0.8510
vn 0.2959 0.6272 0.7205
vn 0.3522 0.3897 0.8509
vn 0.7182 0.6281 0.2995
vn 0.8509 0.3896 0.3522
vn 0.7182 0.6281 -0.2995
vn 0.8510 0.3896 -0.3522
vn 0.2959 0.6272 -0.7204
vn 0.3522 0.3896 -0.8510
vn -0.2959 0.6272 -0.7205
vn -0.3522 0.3896 -0.8510
vn -0.7182 0.6280 -0.2996
vn -0.8509 0.3896 -0.3523
vn -0.3688 -0.2759 -0.8876
vn -0.8876 -0.2759 -0.3689
vn -0.8876 -0.2759 -0.3688
vn -0.8876 -0.2759 0.3688
vn -0.3688 -0.2759 0.8876
vn 0.3688 -0.2759 0.8876
vn 0.8876 -0.2759 0.3689
vn 0.8876 -0.2759 -0.3688
vn 0.3688 -0.2759 -0.8876
vn -0.1479 -0.7543 -0.6397
vn -0.6364 -0.7571 -0.1478
vn -0.6364 -0.7570 -0.1478
vn -0.6385 -0.7559 0.1446
vn -0.1471 -0.7862 0.6002
vn 0.1470 -0.7862 0.6002
vn 0.6069 -0.7811 0.1472
vn 0.6069 -0.7811 -0.1472
vn 0.1479 -0.7543 -0.6397
vn 0.1478 -0.7543 -0.6396
vn -0.1478 -0.7544 -0.6396
vn -0.2173 -0.9510 -0.2201
vn -0.6385 -0.7559 0.1445
vn -0.2174 -0.9510 -0.2200
vn -0.2170 -0.9518 0.2169
vn -0.1470 -0.7862 0.6002
vn -0.2169 -0.9518 0.2169
vn 0.2169 -0.9518 0.2169
vn 0.2170 -0.9518 0.2169
vn 0.6068 -0.7811 0.1472
vn 0.2170 -0.9518 -0.2169
vn 0.6068 -0.7811 -0.1472
vn 0.2169 -0.9518 -0.2169
vn 0.4639 -0.7567 -0.4606
vn -0.4639 -0.7567 -0.4606
vn -0.4639 -0.7567 0.4606
vn 0.4639 -0.7567 0.4606
vn 0.4639 -0.7567 -0.4607
vn 0.6769 -0.2965 -0.6737
vn -0.6769 -0.2966 -0.6737
vn -0.6769 -0.2965 0.6737
vn 0.6769 -0.2966 0.6737
vn 0.6769 -0.2965 0.6737
vn -0.7058 -0.0000 0.7085
vn 0.7084 -0.0000 0.7058
vn -0.0000 1.0000 -0.0000
vn 1.0000 -0.0000 -0.0000
vn -1.0000 -0.0000 -0.0000
vn -0.0000 -1.0000 -0.0000
vn 0.0001 -1.0000 -0.0000
vn -0.3838 -0.0000 0.9234
vn 0.7086 -0.0000 0.7056
vn 0.9235 -0.0000 0.3837
vn 0.7086 -0.0000 -0.7056
vn 0.7088 -0.0000 -0.7054
vn -0.3838 -0.0000 -0.9234
vn -0.5971 -0.7638 -0.2451
vn -0.5972 -0.7637 0.2451
vn -0.5971 -0.7637 0.2452
vn 0.5971 -0.7638 0.2451
vn 0.5971 -0.7638 -0.2452
vn -0.5971 -0.7638 -0.2452
vn -0.5971 0.7638 -0.2451
vn -0.5972 0.7638 0.2451
vn -0.5971 0.7637 0.2452
vn -0.2485 0.7646 0.5947
vn 0.2485 0.7646 0.5947
vn 0.5971 0.7638 0.2451
vn 0.2485 0.7646 -0.5947
vn -0.2485 0.7646 -0.5947
vn -0.5972 0.7637 -0.2452
vn -0.5539 -0.8014 -0.2259
vn -0.5539 -0.8014 0.2258
vn 0.5538 -0.8014 0.2259
vn -0.7182 0.6280 -0.2995
vn -0.7182 0.6281 0.2995
vn -0.8509 0.3896 0.3522
vn -0.7182 0.6280 0.2996
vn -0.2959 0.6272 0.7205
vn 0.3522 0.3896 0.8510
vn 0.2959 0.6272 0.7204
vn 0.8510 0.3896 0.3522
vn 0.2959 0.6272 -0.7205
vn -0.8876 -0.2758 0.3689
vn 0.8876 -0.2758 0.3688
vn -0.1471 -0.7862 -0.6002
vn -0.6385 -0.7559 -0.1446
vn -0.6365 -0.7570 0.1478
vn -0.6364 -0.7570 0.1478
vn -0.1479 -0.7543 0.6397
vn 0.1479 -0.7543 0.6397
vn 0.6069 -0.7810 0.1473
vn 0.6069 -0.7810 -0.1472
vn 0.1471 -0.7862 -0.6002
vn 0.1470 -0.7863 -0.6002
vn -0.1470 -0.7863 -0.6002
vn -0.2169 -0.9518 -0.2170
vn -0.2170 -0.9518 -0.2169
vn -0.6385 -0.7560 -0.1445
vn -0.2174 -0.9510 0.2200
vn -0.6364 -0.7571 0.1478
vn -0.1478 -0.7543 0.6396
vn -0.2173 -0.9510 0.2201
vn 0.1478 -0.7543 0.6396
vn -0.4640 -0.7567 -0.4606
vn -0.4639 -0.7567 0.4607
vn 0.6769 -0.2966 -0.6736
vn -0.6769 -0.2965 -0.6737
vn -0.6769 -0.2966 0.6737
vn 0.7084 -0.0000 -0.7058
vn -0.9235 -0.0000 0.3837
vn 0.9234 -0.0000 0.3837
vn 0.3837 -0.0000 -0.9235
vn -0.3836 -0.0000 -0.9235
vn 0.5971 -0.7638 -0.2451
vn 0.2485 -0.7646 -0.5947
vn 0.5971 0.7638 0.2452
vn 0.5971 0.7638 -0.2452
vn 0.2291 -0.8022 -0.5514
vn 0.2293 -0.8022 -0.5513
vn -0.7182 0.6281 -0.2995
vn 0.2960 0.6272 -0.7204
vn 0.3523 0.3896 -0.8509
vn 0.3689 -0.2759 -0.8876
vn 0.8876 -0.2759 0.3688
vn 0.6397 -0.7543 -0.1479
vn 0.1478 -0.7571 -0.6364
vn -0.1478 -0.7570 -0.6364
vn -0.6002 -0.7862 -0.1471
vn -0.6002 -0.7862 0.1470
vn -0.1472 -0.7811 0.6069
vn 0.1472 -0.7810 0.6069
vn 0.6397 -0.7543 0.1479
vn 0.6396 -0.7543 0.1478
vn 0.6396 -0.7543 -0.1478
vn 0.2174 -0.9510 -0.2200
vn 0.1478 -0.7570 -0.6364
vn -0.1478 -0.7571 -0.6364
vn 0.2173 -0.9510 -0.2201
vn -0.6001 -0.7863 -0.1470
vn -0.6001 -0.7863 0.1470
vn -0.1472 -0.7811 0.6068
vn 0.2169 -0.9518 0.2170
vn 0.1472 -0.7811 0.6068
vn 0.1472 -0.7811 0.6069
vn 0.7085 -0.0000 0.7058
vn -0.7058 -0.0000 0.7084
vn -0.3837 -0.0000 -0.9235
vn -0.7054 -0.0000 -0.7088
vn -0.9235 -0.0000 0.3835
vn -0.3836 -0.0000 0.9235
vn -0.2485 -0.7646 0.5947
vn -0.5538 -0.8014 0.2259
vn 0.3522 0.3896 0.8509
vn 0.8509 0.3897 -0.3522
vn -0.2959 0.6272 -0.7204
vn -0.3522 0.3897 -0.8509
vn -0.3523 0.3896 0.8509
vn -0.8876 -0.2760 0.3688
vn -0.3689 -0.2759 0.8876
vn -0.6397 -0.7543 0.1479
vn -0.1478 -0.7571 0.6364
vn 0.1478 -0.7570 0.6364
vn 0.6002 -0.7862 0.1471
vn 0.6002 -0.7862 -0.1471
vn 0.1472 -0.7811 -0.6068
vn -0.1472 -0.7810 -0.6069
vn -0.6397 -0.7543 -0.1479
vn -0.6396 -0.7543 -0.1478
vn -0.6396 -0.7543 0.1478
vn -0.2174 -0.9510 0.2201
vn -0.1479 -0.7570 0.6364
vn 0.1478 -0.7571 0.6364
vn 0.6002 -0.7863 0.1470
vn 0.6001 -0.7863 -0.1470
vn 0.2169 -0.9518 -0.2170
vn -0.1472 -0.7811 -0.6068
vn -0.1472 -0.7811 -0.6069
vn -0.2169 -0.9518 -0.2169
vn -0.7058 -0.0000 -0.7084
vn 0.5972 -0.7637 -0.2451
vn 0.5971 -0.7637 -0.2452
vn -0.5972 -0.7638 -0.2451
vn 0.5972 0.7637 -0.2451
vn -0.5971 0.7638 0.2451
vn 0.5539 -0.8014 -0.2258
vn -0.2294 -0.7997 -0.5549
vn 0.8509 0.3897 -0.3523
vn 0.7182 0.6280 -0.2996
vn 0.3522 0.3896 -0.8509
vn 0.8876 -0.2759 -0.3689
vn -0.8876 -0.2759 0.3689
vn 0.1471 -0.7862 0.6002
vn 0.6385 -0.7559 0.1446
vn 0.6364 -0.7570 -0.1478
vn 0.6364 -0.7571 -0.1478
vn -0.6069 -0.7810 -0.1473
vn -0.6069 -0.7811 0.1472
vn -0.1470 -0.7863 0.6002
vn 0.1470 -0.7863 0.6001
vn 0.6385 -0.7560 0.1445
vn -0.1478 -0.7543 -0.6396
vn -0.6069 -0.7811 -0.1472
vn -0.6068 -0.7811 -0.1472
vn -0.6068 -0.7811 0.1472
vn -0.2169 -0.9518 0.2170
vn 0.6769 -0.2966 -0.6737
vn 0.7085 -0.0000 -0.7058
vn 0.0001 1.0000 -0.0000
vn 0.3836 -0.0000 0.9235
vn 0.9234 -0.0000 -0.3838
vn -0.2486 0.7646 -0.5946
vn 0.5971 0.7637 0.2452
vn -0.2291 -0.8022 -0.5513
vn -0.5549 -0.7997 0.2294
vn 0.5549 -0.7997 0.2294
vn 0.5538 -0.8014 -0.2259
vn 0.7182 0.6280 -0.2995
vn 0.7182 0.6280 0.2995
vn 0.3688 -0.2758 -0.8876
vn -0.3689 -0.2759 -0.8876
vn 0.3688 -0.2760 0.8876
vn 0.6002 -0.7862 -0.1470
vn 0.6001 -0.7863 0.1470
vn -0.2174 -0.9510 -0.2201
vn 0.9234 -0.0000 -0.3837
vn 0.2485 -0.7646 0.5947
vn 0.2486 0.7646 0.5946
vn -0.5972 0.7637 0.2452
vn -0.2484 0.7646 0.5947
vn 0.2293 -0.8022 0.5513
vn -0.8509 0.3897 -0.3522
vn 0.3689 -0.2759 0.8876
vn -0.8876 -0.2758 0.3688
vn -0.6002 -0.7862 0.1471
vn 0.1472 -0.7811 -0.6069
vn -0.6002 -0.7862 -0.1470
vn 0.2174 -0.9510 0.2201
vn 0.2174 -0.9510 0.2200
vn -0.7182 0.6281 -0.2996
vn -0.8876 -0.2758 -0.3688
vn -0.6365 -0.7570 -0.1478
vn 0.6069 -0.7810 0.1472
vn -0.6364 -0.7570 -0.1479
vn -0.6385 -0.7560 0.1445
vn -0.1470 -0.7863 0.6001
vn 0.1470 -0.7863 0.6002
vn 0.6770 -0.2965 0.6736
vn -0.6602 -0.0000 -0.7511
vn -0.6601 -0.0000 -0.7512
vn -0.6601 -0.0000 0.7512
vn -0.6602 -0.0000 0.7511
vn 0.6599 -0.0000 0.7513
vn 0.7513 -0.0000 0.6599
vn 0.7512 -0.0000 0.6600
vn 0.7512 -0.0000 -0.6601
vn -0.7512 -0.0000 -0.6601
vn -0.6029 -0.7676 -0.2175
vn -0.3837 -0.8399 -0.3837
vn -0.3838 -0.8399 -0.3838
vn -0.2142 -0.7667 -0.6053
vn -0.2312 -0.7685 -0.5967
vn -0.5466 -0.7948 -0.2639
vn -0.5552 -0.7954 -0.2433
vn -0.5552 -0.7953 0.2433
vn -0.5466 -0.7948 0.2639
vn -0.2312 -0.7685 0.5967
vn -0.2142 -0.7667 0.6053
vn -0.0000 -0.7382 0.6746
vn 0.2142 -0.7667 0.6053
vn 0.2312 -0.7685 0.5967
vn 0.4606 -0.7567 0.4639
vn 0.6029 -0.7676 0.2175
vn 0.5967 -0.7685 0.2312
vn 0.6746 -0.7382 -0.0000
vn 0.6029 -0.7676 -0.2175
vn 0.5967 -0.7685 -0.2312
vn 0.2639 -0.7948 -0.5466
vn 0.2433 -0.7953 -0.5552
vn -0.2605 -0.7940 -0.5492
vn -0.2433 -0.7954 -0.5552
vn -0.5967 -0.7685 -0.2312
vn -0.5967 0.7685 -0.2312
vn -0.3838 0.8399 -0.3838
vn -0.6029 0.7676 -0.2175
vn -0.2142 0.7667 -0.6052
vn -0.2312 0.7685 -0.5967
vn -0.5466 0.7947 -0.2638
vn -0.5552 0.7953 -0.2433
vn -0.5466 0.7947 0.2639
vn -0.5552 0.7953 0.2433
vn -0.2312 0.7685 0.5966
vn -0.2142 0.7667 0.6053
vn -0.0000 0.7382 0.6746
vn 0.2142 0.7667 0.6053
vn 0.2312 0.7685 0.5967
vn 0.4606 0.7567 0.4639
vn 0.6029 0.7676 0.2175
vn 0.5967 0.7685 0.2312
vn 0.6746 0.7382 -0.0000
vn 0.6029 0.7676 -0.2175
vn 0.5966 0.7685 -0.2312
vn 0.2605 0.7940 -0.5492
vn 0.2433 0.7953 -0.5552
vn -0.2433 0.7953 -0.5552
vn -0.2605 0.7940 -0.5492
vn -0.2436 -0.8295 -0.5026
vn -0.5598 -0.8045 -0.1988
vn -0.5509 -0.8063 -0.2154
vn -0.3506 -0.8672 -0.3536
vn -0.3505 -0.8672 -0.3537
vn -0.1988 -0.8045 -0.5597
vn -0.2154 -0.8063 -0.5509
vn -0.5026 -0.8295 -0.2436
vn -0.5113 -0.8298 -0.2235
vn -0.5026 -0.8295 0.2436
vn -0.5114 -0.8298 0.2235
vn -0.2154 -0.8063 0.5509
vn -0.1988 -0.8044 0.5598
vn -0.0000 -0.7763 0.6304
vn 0.1988 -0.8045 0.5597
vn 0.2154 -0.8063 0.5509
vn 0.4268 -0.7955 0.4301
vn 0.4269 -0.7955 0.4301
vn 0.5598 -0.8044 0.1988
vn 0.5509 -0.8063 0.2154
vn 0.6304 -0.7763 -0.0000
vn 0.5598 -0.8044 -0.1988
vn 0.5509 -0.8063 -0.2154
vn 0.2436 -0.8295 -0.5026
vn 0.2235 -0.8298 -0.5114
vn -0.2235 -0.8298 -0.5113
vn -0.3001 0.6680 -0.6809
vn -0.7195 0.6364 -0.2782
vn -0.3783 0.4228 -0.8234
vn -0.8627 0.3913 -0.3204
vn -0.4854 0.7249 -0.4888
vn -0.6535 0.3763 -0.6568
vn -0.4855 0.7248 -0.4888
vn -0.3204 0.3913 -0.8627
vn -0.2782 0.6364 -0.7195
vn -0.8234 0.4229 -0.3783
vn -0.6809 0.6680 -0.3001
vn -0.8234 0.4228 0.3784
vn -0.6809 0.6680 0.3001
vn -0.2782 0.6364 0.7195
vn -0.3204 0.3913 0.8627
vn -0.0000 0.5969 0.8023
vn -0.0000 0.3409 0.9401
vn -0.0000 0.3410 0.9401
vn 0.3204 0.3913 0.8627
vn 0.2782 0.6363 0.7195
vn 0.5549 0.6227 0.5516
vn 0.6609 0.3617 0.6576
vn 0.5550 0.6227 0.5516
vn 0.8627 0.3913 0.3204
vn 0.7195 0.6363 0.2782
vn 0.8023 0.5969 -0.0000
vn 0.9401 0.3409 -0.0000
vn 0.8627 0.3913 -0.3204
vn 0.7195 0.6363 -0.2782
vn 0.3783 0.4229 -0.8234
vn 0.3001 0.6680 -0.6809
vn 0.3989 -0.3037 -0.8652
vn -0.3989 -0.3038 -0.8652
vn -0.9003 -0.2784 -0.3346
vn -0.6828 -0.2680 -0.6797
vn -0.6829 -0.2680 -0.6796
vn -0.3346 -0.2784 -0.9003
vn -0.8652 -0.3038 -0.3989
vn -0.8652 -0.3037 0.3989
vn -0.3346 -0.2784 0.9003
vn -0.0000 -0.2392 0.9710
vn 0.3346 -0.2784 0.9003
vn 0.6823 -0.2539 0.6855
vn 0.3663 -0.8567 0.3632
vn 0.6824 -0.2539 0.6855
vn 0.9003 -0.2784 0.3346
vn 0.9710 -0.2392 -0.0000
vn 0.9003 -0.2784 -0.3346
vn 0.6079 -0.7815 -0.1408
vn 0.1459 -0.8157 -0.5597
vn -0.1459 -0.8157 -0.5597
vn -0.6458 -0.7509 -0.1382
vn -0.4809 -0.7331 -0.4810
vn -0.4810 -0.7331 -0.4809
vn -0.1382 -0.7509 -0.6458
vn -0.5597 -0.8157 -0.1459
vn -0.5598 -0.8157 0.1459
vn -0.1376 -0.7804 0.6100
vn -0.0000 -0.6945 0.7195
vn 0.1376 -0.7804 0.6100
vn 0.1375 -0.7804 0.6099
vn 0.2495 -0.9364 0.2469
vn 0.2496 -0.9364 0.2466
vn 0.3662 -0.8567 0.3631
vn 0.6078 -0.7815 0.1407
vn 0.6078 -0.7815 0.1408
vn 0.7195 -0.6945 -0.0000
vn 0.7194 -0.6946 -0.0000
vn 0.6078 -0.7815 -0.1407
vn 0.5062 -0.8624 -0.0000
vn 0.2192 -0.9570 -0.1898
vn 0.1459 -0.8158 -0.5597
vn -0.2196 -0.9563 -0.1929
vn -0.1459 -0.8158 -0.5597
vn -0.6458 -0.7509 -0.1381
vn -0.2197 -0.9563 -0.1929
vn -0.3175 -0.8925 -0.3204
vn -0.3175 -0.8925 -0.3205
vn -0.1928 -0.9563 -0.2197
vn -0.5597 -0.8158 -0.1459
vn -0.5597 -0.8158 -0.1458
vn -0.5597 -0.8158 0.1458
vn -0.1929 -0.9563 -0.2196
vn -0.1925 -0.9571 0.2165
vn -0.5597 -0.8158 0.1459
vn -0.1375 -0.7804 0.6099
vn -0.1924 -0.9571 0.2166
vn -0.0000 -0.8624 0.5062
vn -0.0000 -0.6946 0.7194
vn 0.2609 -0.9302 0.2582
vn 0.2609 -0.9302 0.2580
vn 0.6945 -0.7194 -0.0000
vn 0.4611 -0.7716 -0.4382
vn 0.4610 -0.7717 -0.4382
vn -0.4611 -0.7716 -0.4382
vn -0.4610 -0.7716 -0.4382
vn -0.3422 -0.8739 -0.3453
vn -0.4382 -0.7717 -0.4610
vn -0.4381 -0.7717 -0.4610
vn -0.4381 -0.7717 0.4611
vn -0.4382 -0.7717 0.4610
vn -0.0000 -0.7194 0.6946
vn -0.0000 -0.7195 0.6945
vn 0.9659 -0.2589 -0.0000
vn 0.6696 -0.3073 -0.6761
vn 0.6697 -0.3073 -0.6761
vn -0.6696 -0.3073 -0.6761
vn -0.6497 -0.3945 -0.6498
vn -0.6498 -0.3945 -0.6497
vn -0.6761 -0.3073 -0.6696
vn -0.6761 -0.3074 0.6697
vn -0.6761 -0.3073 0.6696
vn -0.0000 -0.2589 0.9659
vn 0.6770 -0.2965 0.6737
vn -0.7511 -0.0000 0.6602
vn -0.7512 -0.0000 0.6601
vn 0.7511 -0.0000 0.6602
vn 0.7512 -0.0000 0.6601
vn 0.7512 -0.0000 -0.6600
vn 0.6600 -0.0000 -0.7512
vn 0.6601 -0.0000 -0.7512
vn -0.3837 -0.8399 0.3837
vn -0.3838 -0.8399 0.3838
vn -0.6029 -0.7676 0.2175
vn -0.5967 -0.7685 0.2312
vn -0.2605 -0.7940 0.5492
vn -0.2433 -0.7954 0.5552
vn 0.2433 -0.7953 0.5552
vn 0.2639 -0.7948 0.5466
vn 0.4606 -0.7567 -0.4639
vn 0.2142 -0.7667 -0.6053
vn 0.2312 -0.7685 -0.5967
vn -0.0000 -0.7382 -0.6746
vn -0.5552 -0.7953 -0.2433
vn -0.5466 -0.7947 0.2639
vn -0.2312 0.7685 0.5967
vn -0.3838 0.8399 0.3838
vn -0.2142 0.7667 0.6052
vn -0.6029 0.7676 0.2175
vn -0.5967 0.7685 0.2312
vn -0.2605 0.7940 0.5492
vn -0.2433 0.7953 0.5552
vn 0.2605 0.7940 0.5492
vn 0.2433 0.7953 0.5552
vn 0.5966 0.7685 0.2312
vn 0.5967 0.7685 -0.2312
vn 0.4606 0.7567 -0.4639
vn 0.2142 0.7667 -0.6052
vn 0.2312 0.7685 -0.5967
vn -0.0000 0.7382 -0.6746
vn -0.5466 0.7947 -0.2639
vn -0.5466 0.7947 0.2638
vn -0.1988 -0.8045 0.5597
vn -0.3506 -0.8672 0.3536
vn -0.3506 -0.8672 0.3537
vn -0.5598 -0.8045 0.1988
vn -0.5509 -0.8063 0.2154
vn -0.2436 -0.8295 0.5026
vn -0.2235 -0.8298 0.5114
vn 0.2436 -0.8295 0.5026
vn 0.2235 -0.8298 0.5114
vn 0.6304 -0.7762 -0.0000
vn 0.5597 -0.8045 -0.1988
vn 0.4269 -0.7955 -0.4301
vn 0.1988 -0.8045 -0.5597
vn 0.2154 -0.8063 -0.5509
vn -0.0000 -0.7763 -0.6304
vn -0.1988 -0.8044 -0.5598
vn -0.5114 -0.8298 -0.2235
vn -0.6809 0.6681 0.3001
vn -0.8234 0.4229 0.3783
vn -0.4855 0.7249 0.4888
vn -0.6535 0.3763 0.6568
vn -0.6535 0.3762 0.6568
vn -0.4854 0.7249 0.4888
vn -0.8627 0.3913 0.3204
vn -0.7195 0.6363 0.2782
vn -0.3783 0.4229 0.8234
vn -0.3001 0.6680 0.6809
vn 0.3784 0.4229 0.8234
vn 0.3001 0.6680 0.6809
vn 0.7195 0.6364 0.2782
vn 0.9401 0.3410 -0.0000
vn 0.5550 0.6227 -0.5516
vn 0.6609 0.3617 -0.6576
vn 0.3204 0.3913 -0.8627
vn 0.2782 0.6364 -0.7195
vn -0.0000 0.5970 -0.8023
vn -0.0000 0.3410 -0.9401
vn -0.0000 0.5969 -0.8023
vn -0.2782 0.6363 -0.7195
vn -0.8652 -0.3037 -0.3989
vn -0.3346 -0.2783 0.9003
vn -0.6829 -0.2680 0.6796
vn -0.6828 -0.2680 0.6797
vn -0.9003 -0.2784 0.3346
vn -0.3989 -0.3037 0.8652
vn 0.3989 -0.3037 0.8652
vn 0.6824 -0.2539 -0.6855
vn 0.3663 -0.8567 -0.3632
vn 0.6823 -0.2539 -0.6855
vn 0.3346 -0.2784 -0.9003
vn -0.0000 -0.2392 -0.9710
vn -0.1375 -0.7804 -0.6100
vn -0.5598 -0.8157 -0.1459
vn -0.5597 -0.8157 0.1459
vn -0.1382 -0.7509 0.6458
vn -0.4810 -0.7331 0.4809
vn -0.4809 -0.7331 0.4810
vn -0.6458 -0.7509 0.1382
vn -0.1459 -0.8157 0.5597
vn 0.1459 -0.8157 0.5597
vn 0.6079 -0.7815 0.1408
vn 0.6079 -0.7815 -0.1407
vn 0.3697 -0.8567 -0.3598
vn 0.2498 -0.9364 -0.2466
vn 0.2496 -0.9364 -0.2466
vn 0.3662 -0.8567 -0.3632
vn 0.1375 -0.7804 -0.6099
vn 0.1376 -0.7804 -0.6100
vn -0.0000 -0.6945 -0.7195
vn -0.0000 -0.6946 -0.7194
vn -0.1375 -0.7804 -0.6099
vn -0.0000 -0.8624 -0.5062
vn -0.1924 -0.9571 -0.2166
vn -0.1925 -0.9571 -0.2165
vn -0.1929 -0.9563 0.2196
vn -0.1381 -0.7509 0.6458
vn -0.1929 -0.9563 0.2197
vn -0.3174 -0.8925 0.3204
vn -0.4809 -0.7331 0.4809
vn -0.6458 -0.7509 0.1381
vn -0.3175 -0.8925 0.3205
vn -0.2197 -0.9563 0.1929
vn -0.1458 -0.8158 0.5597
vn 0.1458 -0.8158 0.5597
vn -0.2196 -0.9563 0.1929
vn 0.2192 -0.9570 0.1898
vn 0.1459 -0.8158 0.5597
vn 0.2610 -0.9302 -0.2580
vn 0.2609 -0.9302 -0.2581
vn -0.0000 -0.7194 -0.6946
vn -0.0000 -0.7195 -0.6945
vn -0.4381 -0.7717 -0.4611
vn -0.4381 -0.7717 0.4610
vn -0.3422 -0.8739 0.3453
vn -0.3422 -0.8739 0.3452
vn -0.4610 -0.7717 0.4382
vn -0.4610 -0.7717 0.4381
vn 0.4611 -0.7717 0.4381
vn 0.4610 -0.7717 0.4381
vn -0.0000 -0.2588 -0.9659
vn -0.0000 -0.2589 -0.9659
vn -0.6761 -0.3073 -0.6697
vn -0.6498 -0.3945 0.6497
vn -0.6497 -0.3945 0.6498
vn -0.6696 -0.3073 0.6761
vn 0.6697 -0.3074 0.6761
vn 0.6696 -0.3073 0.6762
vn 0.9659 -0.2588 -0.0000
vn 0.6770 -0.2965 -0.6736
vn 0.6601 -0.0000 0.7512
vn -0.6600 -0.0000 -0.7512
vn -0.7512 -0.0000 -0.6600
vn 0.3837 -0.8399 0.3837
vn 0.3838 -0.8399 0.3838
vn 0.5466 -0.7947 0.2639
vn 0.5552 -0.7953 0.2433
vn 0.5552 -0.7953 -0.2433
vn 0.5466 -0.7947 -0.2639
vn -0.4606 -0.7567 -0.4639
vn -0.5966 -0.7685 -0.2312
vn -0.6746 -0.7382 -0.0000
vn -0.2639 -0.7948 0.5466
vn 0.2605 -0.7940 0.5492
vn 0.2433 -0.7954 0.5552
vn 0.3838 0.8399 0.3838
vn 0.2142 0.7667 0.6052
vn 0.2312 0.7685 0.5966
vn 0.5466 0.7947 0.2638
vn 0.5552 0.7953 0.2433
vn 0.5466 0.7947 -0.2639
vn 0.5552 0.7953 -0.2433
vn 0.2312 0.7685 -0.5966
vn 0.2142 0.7667 -0.6053
vn -0.4606 0.7567 -0.4639
vn -0.5966 0.7685 -0.2312
vn -0.6746 0.7382 -0.0000
vn 0.5598 -0.8045 0.1988
vn 0.3506 -0.8672 0.3536
vn 0.3505 -0.8672 0.3536
vn 0.5026 -0.8295 0.2436
vn 0.5114 -0.8298 0.2235
vn 0.5026 -0.8295 -0.2436
vn 0.5113 -0.8298 -0.2235
vn 0.1988 -0.8044 -0.5598
vn -0.4269 -0.7955 -0.4301
vn -0.5597 -0.8045 -0.1988
vn -0.6304 -0.7763 -0.0000
vn -0.5597 -0.8045 0.1988
vn 0.3783 0.4229 0.8234
vn 0.4854 0.7249 0.4888
vn 0.6535 0.3763 0.6568
vn 0.6535 0.3762 0.6568
vn 0.4855 0.7249 0.4888
vn 0.2782 0.6364 0.7195
vn 0.8235 0.4228 0.3783
vn 0.6809 0.6680 0.3001
vn 0.8234 0.4229 -0.3783
vn 0.6809 0.6680 -0.3001
vn -0.5550 0.6226 -0.5516
vn -0.6609 0.3617 -0.6576
vn -0.5550 0.6227 -0.5516
vn -0.8023 0.5970 -0.0000
vn -0.9401 0.3410 -0.0000
vn -0.7195 0.6364 0.2782
vn 0.6828 -0.2680 0.6797
vn 0.6828 -0.2680 0.6796
vn 0.3346 -0.2783 0.9003
vn 0.8652 -0.3037 0.3989
vn 0.8652 -0.3037 -0.3989
vn -0.6823 -0.2539 -0.6855
vn -0.3663 -0.8567 -0.3632
vn -0.6824 -0.2539 -0.6855
vn -0.9710 -0.2392 -0.0000
vn -0.9003 -0.2784 0.3347
vn -0.6079 -0.7815 0.1408
vn 0.6458 -0.7509 0.1382
vn 0.4809 -0.7331 0.4810
vn 0.4810 -0.7331 0.4809
vn 0.1382 -0.7509 0.6458
vn 0.5597 -0.8157 0.1459
vn 0.5598 -0.8157 -0.1459
vn -0.1376 -0.7804 -0.6100
vn -0.3662 -0.8567 -0.3632
vn -0.2496 -0.9364 -0.2466
vn -0.2500 -0.9363 -0.2466
vn -0.6078 -0.7815 -0.1407
vn -0.6079 -0.7815 -0.1408
vn -0.7195 -0.6945 -0.0000
vn -0.7194 -0.6946 -0.0000
vn -0.6078 -0.7815 0.1407
vn -0.5062 -0.8624 -0.0000
vn -0.2192 -0.9570 0.1898
vn -0.1459 -0.8158 0.5597
vn -0.2192 -0.9570 0.1899
vn 0.2196 -0.9563 0.1929
vn 0.6458 -0.7509 0.1381
vn 0.2197 -0.9563 0.1929
vn 0.3175 -0.8925 0.3204
vn 0.4809 -0.7331 0.4809
vn 0.1381 -0.7509 0.6458
vn 0.3175 -0.8925 0.3205
vn 0.1929 -0.9563 0.2197
vn 0.5597 -0.8158 0.1459
vn 0.5597 -0.8158 0.1458
vn 0.5597 -0.8158 -0.1458
vn 0.1929 -0.9563 0.2196
vn 0.1925 -0.9571 -0.2165
vn 0.5597 -0.8158 -0.1459
vn 0.1924 -0.9571 -0.2166
vn -0.2610 -0.9302 -0.2581
vn -0.2611 -0.9302 -0.2580
vn -0.6946 -0.7194 -0.0000
vn -0.4611 -0.7717 0.4381
vn 0.3422 -0.8739 0.3453
vn 0.4382 -0.7717 0.4610
vn 0.4381 -0.7717 0.4610
vn 0.4381 -0.7717 -0.4611
vn 0.4382 -0.7717 -0.4610
vn -0.9659 -0.2588 -0.0000
vn -0.9659 -0.2589 -0.0000
vn -0.6697 -0.3073 0.6761
vn 0.6696 -0.3073 0.6761
vn 0.6497 -0.3945 0.6498
vn 0.6498 -0.3945 0.6497
vn 0.6761 -0.3073 0.6696
vn 0.6761 -0.3073 -0.6697
vn 0.6761 -0.3073 -0.6696
vn -0.6770 -0.2965 -0.6737
vn -0.7512 -0.0000 0.6600
vn -0.7513 -0.0000 0.6600
vn -0.6599 -0.0000 0.7513
vn 0.6602 -0.0000 0.7511
vn 0.2142 -0.7667 -0.6052
vn 0.3837 -0.8399 -0.3837
vn 0.3838 -0.8399 -0.3838
vn 0.3837 -0.8399 -0.3838
vn 0.2605 -0.7940 -0.5492
vn 0.2433 -0.7954 -0.5552
vn -0.2639 -0.7948 -0.5466
vn -0.5966 -0.7685 0.2312
vn -0.4606 -0.7567 0.4639
vn 0.5466 -0.7948 0.2639
vn 0.5466 -0.7948 -0.2639
vn 0.5552 -0.7954 -0.2433
vn 0.3838 0.8399 -0.3838
vn -0.5966 0.7685 0.2312
vn -0.4606 0.7567 0.4639
vn 0.5466 0.7947 0.2639
vn 0.3506 -0.8672 -0.3536
vn 0.3506 -0.8672 -0.3537
vn 0.5598 -0.8045 -0.1988
vn -0.2235 -0.8298 -0.5114
vn -0.5598 -0.8044 -0.1988
vn -0.4269 -0.7955 0.4301
vn -0.4268 -0.7955 0.4301
vn 0.1988 -0.8044 0.5598
vn 0.5114 -0.8298 -0.2235
vn 0.4855 0.7249 -0.4888
vn 0.6535 0.3763 -0.6568
vn 0.6535 0.3762 -0.6568
vn 0.4854 0.7249 -0.4888
vn 0.7195 0.6364 -0.2782
vn -0.3783 0.4229 -0.8234
vn -0.8626 0.3913 -0.3204
vn -0.5550 0.6227 0.5516
vn -0.6609 0.3617 0.6576
vn -0.2782 0.6363 0.7195
vn 0.8234 0.4229 0.3783
vn 0.8652 -0.3038 -0.3989
vn 0.6829 -0.2680 -0.6796
vn 0.6828 -0.2680 -0.6797
vn -0.3989 -0.3037 -0.8652
vn -0.6824 -0.2539 0.6855
vn -0.3663 -0.8567 0.3631
vn -0.3663 -0.8567 0.3632
vn -0.6823 -0.2539 0.6856
vn 0.5598 -0.8157 0.1459
vn 0.5597 -0.8157 -0.1459
vn 0.1382 -0.7509 -0.6458
vn 0.4810 -0.7331 -0.4809
vn 0.4809 -0.7331 -0.4810
vn 0.6458 -0.7509 -0.1382
vn -0.6079 -0.7815 0.1407
vn -0.3676 -0.8567 0.3618
vn -0.2498 -0.9364 0.2465
vn -0.2496 -0.9364 0.2467
vn 0.1924 -0.9571 0.2166
vn 0.1925 -0.9571 0.2165
vn 0.1929 -0.9563 -0.2196
vn 0.1381 -0.7509 -0.6458
vn 0.1928 -0.9563 -0.2197
vn 0.3174 -0.8925 -0.3204
vn 0.4809 -0.7331 -0.4809
vn 0.6458 -0.7509 -0.1381
vn 0.3175 -0.8925 -0.3204
vn 0.2197 -0.9563 -0.1928
vn 0.2196 -0.9563 -0.1929
vn -0.2192 -0.9570 -0.1898
vn -0.2192 -0.9570 -0.1897
vn -0.2610 -0.9302 0.2580
vn -0.2610 -0.9302 0.2582
vn 0.4381 -0.7717 0.4611
vn 0.3422 -0.8739 -0.3453
vn -0.4611 -0.7717 -0.4382
vn -0.0000 -0.2588 0.9659
vn 0.6761 -0.3073 0.6697
vn 0.6498 -0.3945 -0.6497
vn 0.6497 -0.3945 -0.6498
vn -0.6697 -0.3073 -0.6761
vn -0.6770 -0.2965 0.6737
vt 0.649589 0.008506
vt 0.548779 0.008506
vt 0.548779 0.900360
vt 0.477392 0.900360
vt 0.477392 0.008506
vt 0.376823 0.900360
vt 0.376823 0.008506
vt 0.305677 0.900360
vt 0.305677 0.008506
vt 0.993500 0.900360
vt 0.993500 0.008506
vt 0.892690 0.900360
vt 0.892690 0.008506
vt 0.821544 0.900360
vt 0.821544 0.008506
vt 0.720734 0.900360
vt 0.720734 0.008506
vt 0.649589 0.900360
vt 0.778616 0.913384
vt 0.671535 0.913384
vt 0.778616 0.927372
vt 0.671535 0.927372
vt 0.564214 0.913384
vt 0.564214 0.927372
vt 0.457133 0.913384
vt 0.457133 0.927372
vt 0.350053 0.913384
vt 0.350053 0.927372
vt 0.242731 0.913384
vt 0.242731 0.927372
vt 0.135651 0.913384
vt 0.135651 0.927372
vt 0.993018 0.913384
vt 0.885937 0.913384
vt 0.993018 0.927372
vt 0.885937 0.927372
vt 0.885937 0.941360
vt 0.778616 0.941360
vt 0.671535 0.941360
vt 0.564214 0.941360
vt 0.457133 0.941360
vt 0.350053 0.941360
vt 0.242731 0.941360
vt 0.135651 0.941360
vt 0.993018 0.941360
vt 0.885937 0.949318
vt 0.778616 0.949318
vt 0.671535 0.949318
vt 0.564214 0.949318
vt 0.457133 0.949318
vt 0.350053 0.949318
vt 0.242731 0.949318
vt 0.135651 0.949318
vt 0.993018 0.949318
vt 0.993018 0.957036
vt 0.885937 0.957036
vt 0.778616 0.957036
vt 0.671535 0.957036
vt 0.564214 0.957036
vt 0.457133 0.957036
vt 0.350053 0.957036
vt 0.242731 0.957036
vt 0.135651 0.957036
vt 0.242731 0.972712
vt 0.135651 0.972712
vt 0.993018 0.972712
vt 0.885937 0.972712
vt 0.778616 0.972712
vt 0.671535 0.972712
vt 0.564214 0.972712
vt 0.457133 0.972712
vt 0.350053 0.972712
vt 0.242731 0.990800
vt 0.135651 0.990800
vt 0.993018 0.990800
vt 0.885937 0.990800
vt 0.778616 0.990800
vt 0.671535 0.990800
vt 0.564214 0.990800
vt 0.457133 0.990800
vt 0.350053 0.990800
vt 0.094169 0.648818
vt 0.094169 0.576707
vt 0.086693 0.518344
vt 0.145056 0.525820
vt 0.094169 0.411987
vt 0.094169 0.340118
vt 0.086693 0.470351
vt 0.086693 0.279824
vt 0.147950 0.224114
vt 0.096340 0.172503
vt 0.087175 0.231590
vt 0.096340 0.099669
vt 0.087175 0.039135
vt 0.147950 0.048058
vt 0.087175 0.949801
vt 0.096098 0.888784
vt 0.087175 0.756863
vt 0.096098 0.815950
vt 0.145056 0.699705
vt 0.086693 0.708629
vt 0.069328 0.725752
vt 0.069328 0.501221
vt 0.069328 0.487715
vt 0.069328 0.262701
vt 0.069811 0.249196
vt 0.069811 0.021770
vt 0.069811 0.967165
vt 0.069811 0.739499
vt 0.057752 0.732505
vt 0.057752 0.494468
vt 0.057993 0.255948
vt 0.057993 0.015018
vt 0.057993 0.973918
vt 0.041835 0.732505
vt 0.041835 0.494468
vt 0.041835 0.255948
vt 0.041835 0.015018
vt 0.041835 0.973918
vt 0.038941 0.732505
vt 0.038941 0.494468
vt 0.038941 0.255948
vt 0.038941 0.017912
vt 0.038941 0.971024
vt 0.031705 0.732505
vt 0.031705 0.494468
vt 0.031705 0.255948
vt 0.031705 0.017912
vt 0.031705 0.971024
vt 0.027123 0.491574
vt 0.027123 0.253054
vt 0.024229 0.250160
vt 0.027123 0.247025
vt 0.024229 0.006094
vt 0.027123 0.008988
vt 0.024229 0.982841
vt 0.027123 0.979947
vt 0.024229 0.738534
vt 0.027123 0.741428
vt 0.027123 0.735399
vt 0.024229 0.494468
vt 0.027123 0.497362
vt 0.005900 0.494468
vt 0.005900 0.250160
vt 0.005900 0.006094
vt 0.005900 0.982841
vt 0.005900 0.738534
vt 0.105263 0.904943
vt 0.296995 0.904943
vt 0.105263 0.713693
vt 0.296995 0.713693
vt 0.379907 0.009183
vt 0.338996 0.009183
vt 0.338996 0.900506
vt 0.356184 0.009183
vt 0.317694 0.009183
vt 0.356184 0.900506
vt 0.317694 0.900506
vt 0.996716 0.009183
vt 0.892865 0.009183
vt 0.996716 0.900506
vt 0.892865 0.900506
vt 0.804750 0.009183
vt 0.804750 0.900506
vt 0.718329 0.009183
vt 0.649095 0.009183
vt 0.718329 0.900506
vt 0.649095 0.900506
vt 0.475043 0.009183
vt 0.475043 0.900506
vt 0.369740 0.900506
vt 0.369740 0.009183
vt 0.315999 0.009183
vt 0.315999 0.900506
vt 0.997200 0.900506
vt 0.997200 0.009183
vt 0.893107 0.900506
vt 0.893107 0.009183
vt 0.743263 0.009183
vt 0.743263 0.900506
vt 0.646674 0.900506
vt 0.646674 0.009183
vt 0.547181 0.900506
vt 0.547181 0.009183
vt 0.479884 0.900506
vt 0.479884 0.009183
vt 0.379907 0.900506
vt 0.349890 0.913336
vt 0.292276 0.913336
vt 0.302685 0.927376
vt 0.349890 0.927376
vt 0.457129 0.913336
vt 0.457129 0.927376
vt 0.564369 0.927376
vt 0.564369 0.913336
vt 0.671608 0.927376
vt 0.671608 0.913336
vt 0.772796 0.927376
vt 0.777395 0.913336
vt 0.616899 0.927376
vt 0.616173 0.913336
vt 0.349890 0.941417
vt 0.292276 0.941417
vt 0.457129 0.941417
vt 0.564369 0.941417
vt 0.671608 0.941417
vt 0.777395 0.941417
vt 0.616173 0.941417
vt 0.349890 0.949405
vt 0.299054 0.949405
vt 0.457129 0.949405
vt 0.564369 0.949405
vt 0.671608 0.949405
vt 0.774490 0.949405
vt 0.616657 0.949405
vt 0.457129 0.957152
vt 0.349890 0.957152
vt 0.295180 0.957152
vt 0.564369 0.957152
vt 0.671608 0.957152
vt 0.776185 0.957152
vt 0.616415 0.957152
vt 0.564369 0.972644
vt 0.457129 0.972644
vt 0.349890 0.972644
vt 0.294454 0.972644
vt 0.671608 0.972644
vt 0.776427 0.972644
vt 0.616415 0.972644
vt 0.616899 0.990800
vt 0.671608 0.990800
vt 0.564369 0.990800
vt 0.457129 0.990800
vt 0.349890 0.990800
vt 0.301717 0.990800
vt 0.773280 0.990800
vt 0.096436 0.099719
vt 0.122580 0.073333
vt 0.087722 0.042590
vt 0.096436 0.168711
vt 0.087237 0.168711
vt 0.087237 0.039200
vt 0.147998 0.047915
vt 0.086995 0.949647
vt 0.096194 0.888886
vt 0.086995 0.756713
vt 0.096194 0.815779
vt 0.145094 0.699825
vt 0.094016 0.648747
vt 0.086511 0.708540
vt 0.086511 0.623087
vt 0.094016 0.616309
vt 0.087237 0.042105
vt 0.069808 0.168711
vt 0.069808 0.021771
vt 0.069808 0.967077
vt 0.069808 0.739283
vt 0.069324 0.725727
vt 0.069324 0.638096
vt 0.069808 0.026613
vt 0.057946 0.168711
vt 0.057946 0.014993
vt 0.057946 0.974097
vt 0.057704 0.732505
vt 0.057704 0.644148
vt 0.057946 0.020803
vt 0.041969 0.020803
vt 0.041969 0.168711
vt 0.041969 0.014993
vt 0.041969 0.974097
vt 0.041969 0.732505
vt 0.041969 0.644148
vt 0.038822 0.023223
vt 0.038822 0.170648
vt 0.031802 0.170648
vt 0.031802 0.017898
vt 0.038822 0.017898
vt 0.038822 0.970950
vt 0.038822 0.732505
vt 0.038822 0.642211
vt 0.031802 0.023223
vt 0.024298 0.500355
vt 0.027203 0.503018
vt 0.024298 0.650200
vt 0.027203 0.650200
vt 0.027203 0.497450
vt 0.024298 0.494545
vt 0.005900 0.494545
vt 0.024298 0.250048
vt 0.027203 0.491398
vt 0.027203 0.252953
vt 0.031802 0.970950
vt 0.031802 0.732505
vt 0.031802 0.642211
vt 0.005900 0.500355
vt 0.005900 0.650200
vt 0.105151 0.782857
vt 0.105151 0.905105
vt 0.296875 0.905105
vt 0.005900 0.250048
vt 0.024298 0.159512
vt 0.027203 0.247144
vt 0.027203 0.156849
vt 0.105151 0.900506
vt 0.238777 0.782857
vt 0.296875 0.833935
vt 0.005900 0.159512
vt 0.337302 0.009183
vt 0.337302 0.900506
vt 0.331492 0.009183
vt 0.331492 0.900506
s 0
usemtl GroundFloorPillars.001
f 2/1/1 3/2/1 7/3/1
s 1
f 6/3/2 4/2/2 9/4/3
f 4/2/2 10/5/3 9/4/3
f 9/4/3 10/5/3 12/6/4
f 10/5/3 13/7/5 12/6/4
f 12/6/4 13/7/5 14/8/6
f 13/7/5 17/9/6 14/8/6
s 0
f 16/10/7 18/11/7 21/12/7
f 18/11/7 22/13/7 21/12/7
s 1
f 20/12/8 23/13/9 26/14/10
f 23/13/9 27/15/11 26/14/10
f 26/14/10 27/15/11 29/16/12
f 27/15/11 30/17/12 29/16/12
f 29/16/12 30/17/12 32/18/13
f 30/17/12 1/1/13 32/18/13
s 0
f 2/1/1 7/3/1 31/18/1
s 1
f 33/19/14 5/20/15 35/21/14
f 35/21/14 5/20/15 37/22/15
f 5/20/15 8/23/16 37/22/15
f 37/22/15 8/23/16 39/24/17
f 8/23/16 11/25/18 39/24/17
f 39/24/17 11/25/18 41/26/18
f 11/25/18 15/27/19 41/26/18
f 41/26/18 15/27/19 43/28/19
f 15/27/19 19/29/20 43/28/19
f 43/28/19 19/29/20 45/30/21
f 19/29/20 24/31/22 45/30/21
f 45/30/21 24/31/22 46/32/23
f 25/33/24 28/34/25 49/35/24
f 49/35/24 28/34/25 50/36/25
f 28/34/25 33/19/14 50/36/25
f 33/19/14 35/21/14 50/36/25
f 51/36/26 34/21/27 53/37/28
f 53/37/28 34/21/27 55/38/27
f 34/21/27 36/22/29 55/38/27
f 55/38/27 36/22/29 57/39/29
f 36/22/29 38/24/30 57/39/29
f 57/39/29 38/24/30 59/40/30
f 38/24/30 40/26/31 59/40/30
f 59/40/30 40/26/31 61/41/32
f 40/26/31 42/28/33 61/41/32
f 61/41/32 42/28/33 63/42/33
f 42/28/33 44/30/34 63/42/33
f 63/42/33 44/30/34 65/43/34
f 44/30/34 47/32/35 65/43/34
f 65/43/34 47/32/35 66/44/36
f 48/35/37 51/36/26 69/45/38
f 51/36/26 53/37/28 69/45/38
f 68/45/39 52/37/40 71/46/40
f 71/46/40 52/37/40 73/47/41
f 52/37/40 54/38/42 73/47/41
f 73/47/41 54/38/42 75/48/43
f 54/38/42 56/39/44 75/48/43
f 75/48/43 56/39/44 77/49/45
f 56/39/44 58/40/45 77/49/45
f 77/49/45 58/40/45 79/50/46
f 58/40/45 60/41/46 79/50/46
f 79/50/46 60/41/46 81/51/47
f 60/41/46 62/42/48 81/51/47
f 81/51/47 62/42/48 83/52/49
f 62/42/48 64/43/49 83/52/49
f 83/52/49 64/43/49 84/53/50
f 64/43/49 67/44/50 84/53/50
f 68/45/39 71/46/40 87/54/39
f 86/54/51 70/46/52 89/55/53
f 89/55/53 70/46/52 90/56/54
f 70/46/52 72/47/55 90/56/54
f 90/56/54 72/47/55 91/57/56
f 72/47/55 74/48/57 91/57/56
f 91/57/56 74/48/57 92/58/58
f 74/48/57 76/49/59 92/58/58
f 92/58/58 76/49/59 93/59/60
f 76/49/59 78/50/61 93/59/60
f 93/59/60 78/50/61 94/60/62
f 78/50/61 80/51/63 94/60/62
f 94/60/62 80/51/63 95/61/64
f 80/51/63 82/52/65 95/61/64
f 95/61/64 82/52/65 96/62/66
f 82/52/65 85/53/67 96/62/66
f 85/53/67 88/63/68 96/62/66
f 96/62/66 88/63/68 97/64/69
f 97/64/69 88/63/68 98/65/70
f 89/55/53 90/56/54 99/66/71
f 99/66/71 90/56/54 100/67/72
f 90/56/54 91/57/56 100/67/72
f 100/67/72 91/57/56 101/68/73
f 91/57/56 92/58/58 101/68/73
f 101/68/73 92/58/58 102/69/74
f 92/58/58 93/59/60 102/69/74
f 102/69/74 93/59/60 103/70/75
f 93/59/60 94/60/62 103/70/75
f 103/70/75 94/60/62 104/71/76
f 94/60/62 95/61/64 104/71/76
f 104/71/76 95/61/64 105/72/77
f 95/61/64 96/62/66 105/72/77
f 96/62/66 97/64/69 105/72/77
f 105/72/77 97/64/69 107/73/78
f 107/73/78 97/64/69 108/74/79
f 97/64/69 98/65/70 108/74/79
f 111/75/80 99/66/71 114/76/81
f 99/66/71 100/67/72 114/76/81
f 114/76/81 100/67/72 116/77/82
f 100/67/72 101/68/73 116/77/82
f 116/77/82 101/68/73 118/78/83
f 101/68/73 102/69/74 118/78/83
f 118/78/83 102/69/74 121/79/84
f 102/69/74 103/70/75 121/79/84
f 121/79/84 103/70/75 124/80/85
f 103/70/75 104/71/76 124/80/85
f 124/80/85 104/71/76 125/81/86
f 104/71/76 105/72/77 125/81/86
f 105/72/77 107/73/78 125/81/86
f 126/82/87 106/83/88 127/84/89
f 106/83/88 109/85/80 127/84/89
f 110/86/79 112/87/90 128/88/91
f 128/88/91 112/87/90 129/89/92
f 113/90/81 115/91/93 130/92/94
f 115/91/93 117/93/83 130/92/94
f 130/92/94 117/93/83 131/94/95
f 117/93/83 119/95/84 131/94/95
f 132/96/96 120/97/97 133/98/98
f 120/97/97 122/99/99 133/98/98
f 123/100/99 126/82/87 134/101/100
f 126/82/87 127/84/89 134/101/100
f 134/101/100 127/84/89 136/102/101
f 136/102/101 127/84/89 137/103/102
f 128/88/91 129/89/92 138/104/102
f 138/104/102 129/89/92 139/105/103
f 130/92/94 131/94/95 140/106/103
f 140/106/103 131/94/95 141/107/104
f 132/96/96 133/98/98 142/108/104
f 133/98/98 135/109/105 142/108/104
f 142/108/104 135/109/105 143/110/106
f 143/110/106 136/102/101 144/111/107
f 136/102/101 137/103/102 144/111/107
f 144/111/107 138/104/102 145/112/108
f 138/104/102 139/105/103 145/112/108
f 145/112/108 140/106/103 146/113/109
f 140/106/103 141/107/104 146/113/109
f 142/108/104 143/110/106 147/114/110
f 147/114/110 143/110/106 149/115/6
f 149/115/6 143/110/106 151/116/9
f 143/110/106 144/111/107 151/116/9
f 151/116/9 144/111/107 153/117/111
f 144/111/107 145/112/108 153/117/111
f 153/117/111 145/112/108 154/118/2
f 145/112/108 146/113/109 154/118/2
f 147/114/110 149/115/6 157/119/112
s 0
f 156/119/113 148/115/113 160/120/113
f 160/120/113 148/115/113 163/121/113
f 148/115/113 150/116/113 163/121/113
f 163/121/113 150/116/113 166/122/113
f 150/116/113 152/117/113 166/122/113
f 166/122/113 152/117/113 167/123/113
f 152/117/113 155/118/113 167/123/113
f 156/119/113 160/120/113 170/124/113
f 169/124/114 158/120/114 174/125/114
f 173/125/7 159/120/7 178/126/7
f 159/120/7 161/121/7 178/126/7
f 177/126/115 162/121/115 182/127/115
f 162/121/115 164/122/115 182/127/115
f 181/127/1 165/122/1 184/128/1
f 165/122/1 168/123/1 184/128/1
f 169/124/114 174/125/114 183/129/114
f 186/130/116 171/131/116 190/132/116
f 189/132/116 172/133/116 191/134/116
f 172/133/116 175/135/116 191/134/116
f 194/136/117 176/137/117 198/138/117
f 176/137/116 179/139/116 198/138/116
f 197/138/116 180/140/116 200/141/116
f 180/140/116 185/142/116 200/141/116
f 186/130/116 190/132/116 199/141/116
f 202/141/114 187/132/114 204/143/114
f 204/143/114 187/132/114 208/144/114
f 188/132/7 192/134/7 207/144/7
f 207/144/7 192/134/7 209/145/7
f 193/136/115 195/138/115 211/146/115
f 211/146/115 195/138/115 213/147/115
f 196/138/1 201/141/1 212/147/1
f 201/141/1 205/143/1 212/147/1
f 203/148/113 206/149/113 214/150/113
s 1
f 216/15/13 217/13/118 220/14/13
f 220/14/13 217/13/118 223/12/118
f 217/13/118 224/11/1 223/12/118
f 223/12/118 224/11/1 226/10/1
f 225/9/119 229/7/120 228/8/119
f 228/8/119 229/7/120 231/6/120
f 229/7/120 232/5/5 231/6/120
f 231/6/120 232/5/5 234/4/5
f 232/5/5 235/2/121 234/4/5
f 234/4/5 235/2/121 239/3/122
f 236/2/7 240/1/123 238/3/7
f 238/3/7 240/1/123 242/18/123
f 240/1/123 243/17/9 242/18/123
f 242/18/123 243/17/9 246/16/9
s 0
f 244/17/115 215/15/115 245/16/115
f 215/15/115 221/14/115 245/16/115
s 1
f 247/34/124 218/33/125 248/35/125
f 251/32/126 219/31/25 253/30/14
f 219/31/25 222/29/14 253/30/14
f 253/30/14 222/29/14 255/28/15
f 222/29/14 227/27/15 255/28/15
f 255/28/15 227/27/15 257/26/16
f 227/27/15 230/25/127 257/26/16
f 257/26/16 230/25/127 259/24/18
f 230/25/127 233/23/128 259/24/18
f 259/24/18 233/23/128 261/22/19
f 233/23/128 237/20/19 261/22/19
f 261/22/19 237/20/19 263/21/20
f 237/20/19 241/19/20 263/21/20
f 263/21/20 241/19/20 264/36/129
f 241/19/20 247/34/124 264/36/129
f 247/34/124 248/35/125 264/36/129
f 265/36/130 249/35/131 266/45/26
f 269/44/28 250/32/132 271/43/133
f 250/32/132 252/30/133 271/43/133
f 271/43/133 252/30/133 273/42/134
f 252/30/133 254/28/134 273/42/134
f 273/42/134 254/28/134 275/41/135
f 254/28/134 256/26/135 275/41/135
f 275/41/135 256/26/135 277/40/31
f 256/26/135 258/24/31 277/40/31
f 277/40/31 258/24/31 279/39/136
f 258/24/31 260/22/136 279/39/136
f 279/39/136 260/22/136 281/38/137
f 260/22/136 262/21/34 281/38/137
f 281/38/137 262/21/34 282/37/138
f 262/21/34 265/36/130 282/37/138
f 265/36/130 266/45/26 282/37/138
f 283/37/139 267/45/140 285/46/139
f 285/46/139 267/45/140 286/54/140
f 268/44/40 270/43/41 289/53/40
f 289/53/40 270/43/41 291/52/41
f 270/43/41 272/42/44 291/52/41
f 291/52/41 272/42/44 293/51/43
f 272/42/44 274/41/45 293/51/43
f 293/51/43 274/41/45 295/50/141
f 274/41/45 276/40/46 295/50/141
f 295/50/141 276/40/46 297/49/46
f 276/40/46 278/39/48 297/49/46
f 297/49/46 278/39/48 299/48/47
f 278/39/48 280/38/49 299/48/47
f 299/48/47 280/38/49 300/47/49
f 280/38/49 283/37/139 300/47/49
f 283/37/139 285/46/139 300/47/49
f 301/47/65 284/46/142 302/56/53
f 302/56/53 284/46/142 303/55/54
f 284/46/142 287/54/143 303/55/54
f 304/63/144 288/53/145 305/62/56
f 288/53/145 290/52/146 305/62/56
f 305/62/56 290/52/146 306/61/147
f 290/52/146 292/51/148 306/61/147
f 306/61/147 292/51/148 307/60/149
f 292/51/148 294/50/59 307/60/149
f 307/60/149 294/50/59 308/59/62
f 294/50/59 296/49/61 308/59/62
f 308/59/62 296/49/61 309/58/64
f 296/49/61 298/48/150 309/58/64
f 309/58/64 298/48/150 310/57/66
f 298/48/150 301/47/65 310/57/66
f 301/47/65 302/56/53 310/57/66
f 310/57/66 302/56/53 311/67/71
f 311/67/71 302/56/53 312/66/72
f 302/56/53 303/55/54 312/66/72
f 313/65/151 304/63/144 314/64/73
f 304/63/144 305/62/56 314/64/73
f 314/64/73 305/62/56 315/72/74
f 305/62/56 306/61/147 315/72/74
f 315/72/74 306/61/147 316/71/152
f 306/61/147 307/60/149 316/71/152
f 316/71/152 307/60/149 317/70/76
f 307/60/149 308/59/62 317/70/76
f 317/70/76 308/59/62 318/69/77
f 308/59/62 309/58/64 318/69/77
f 318/69/77 309/58/64 319/68/69
f 309/58/64 310/57/66 319/68/69
f 310/57/66 311/67/71 319/68/69
f 319/68/69 311/67/71 321/77/153
f 321/77/153 311/67/71 324/76/154
f 311/67/71 312/66/72 324/76/154
f 324/76/154 312/66/72 325/75/155
f 313/65/151 314/64/73 328/74/156
f 328/74/156 314/64/73 330/73/157
f 314/64/73 315/72/74 330/73/157
f 330/73/157 315/72/74 332/81/158
f 315/72/74 316/71/152 332/81/158
f 332/81/158 316/71/152 335/80/159
f 316/71/152 317/70/76 335/80/159
f 335/80/159 317/70/76 338/79/160
f 317/70/76 318/69/77 338/79/160
f 338/79/160 318/69/77 339/78/161
f 318/69/77 319/68/69 339/78/161
f 319/68/69 321/77/153 339/78/161
f 340/93/162 320/91/163 341/92/164
f 320/91/163 322/90/154 341/92/164
f 342/89/165 323/87/166 343/88/167
f 323/87/166 326/86/168 343/88/167
f 327/85/156 329/83/169 344/84/170
f 329/83/169 331/82/171 344/84/170
f 344/84/170 331/82/171 345/101/95
f 331/82/171 333/100/97 345/101/95
f 334/99/97 336/97/99 346/98/95
f 346/98/95 336/97/99 347/96/98
f 337/95/85 340/93/162 348/94/100
f 340/93/162 341/92/164 348/94/100
f 348/94/100 341/92/164 349/106/172
f 350/105/102 342/89/165 351/104/173
f 342/89/165 343/88/167 351/104/173
f 352/103/103 344/84/170 353/102/104
f 344/84/170 345/101/95 353/102/104
f 354/109/104 346/98/95 355/108/101
f 346/98/95 347/96/98 355/108/101
f 348/94/100 349/106/172 356/107/101
f 356/107/101 349/106/172 358/113/174
f 358/113/174 349/106/172 359/112/175
f 350/105/102 351/104/173 359/112/175
f 359/112/175 351/104/173 360/111/176
f 352/103/103 353/102/104 360/111/176
f 360/111/176 353/102/104 361/110/110
f 354/109/104 355/108/101 361/110/110
f 355/108/101 357/114/106 361/110/110
f 361/110/110 357/114/106 363/115/112
f 363/115/112 357/114/106 364/119/177
f 358/113/174 359/112/175 367/118/6
f 367/118/6 359/112/175 369/117/8
f 359/112/175 360/111/176 369/117/8
f 369/117/8 360/111/176 370/116/13
f 360/111/176 361/110/110 370/116/13
f 361/110/110 363/115/112 370/116/13
s 0
f 371/116/113 362/115/113 374/121/113
f 374/121/113 362/115/113 377/120/113
f 362/115/113 365/119/113 377/120/113
f 377/120/113 365/119/113 378/124/113
f 366/118/113 368/117/113 381/123/113
f 381/123/113 368/117/113 382/122/113
f 368/117/113 371/116/113 382/122/113
f 371/116/113 374/121/113 382/122/113
f 384/122/115 372/121/115 387/127/115
f 387/127/115 372/121/115 392/126/115
f 373/121/1 375/120/1 391/126/1
f 391/126/1 375/120/1 396/125/1
f 376/120/114 379/124/114 395/125/114
f 395/125/114 379/124/114 398/129/114
f 380/123/7 383/122/7 397/128/7
f 383/122/7 388/127/7 397/128/7
f 400/142/116 385/140/116 403/141/116
f 403/141/116 385/140/116 408/138/116
f 386/139/116 389/137/116 407/138/116
f 407/138/116 389/137/116 409/136/116
f 390/135/116 393/133/116 412/134/116
f 412/134/116 393/133/116 414/132/116
f 394/131/116 399/130/116 413/132/116
f 399/130/116 404/141/116 413/132/116
f 416/132/114 401/141/114 419/143/114
f 418/143/7 402/141/7 422/147/7
f 402/141/7 405/138/7 422/147/7
f 421/147/115 406/138/115 423/146/115
f 406/138/115 410/136/115 423/146/115
f 425/145/1 411/134/1 427/144/1
f 411/134/1 415/132/1 427/144/1
f 416/132/114 419/143/114 426/144/114
f 417/148/113 420/150/113 428/149/113
s 1
f 429/1/11 430/2/12 432/3/178
f 432/3/178 430/2/12 435/4/13
f 430/2/12 436/5/13 435/4/13
s 0
f 434/4/1 437/5/1 440/6/1
f 437/5/1 441/7/1 440/6/1
s 1
f 439/6/2 442/7/2 443/8/179
f 442/7/2 446/9/179 443/8/179
f 445/10/120 447/11/120 450/12/114
f 447/11/120 451/13/114 450/12/114
f 449/12/6 452/13/6 455/14/180
f 452/13/6 456/15/180 455/14/180
f 455/14/180 456/15/180 458/16/181
f 456/15/180 459/17/181 458/16/181
f 458/16/181 459/17/181 460/18/11
f 459/17/181 429/1/11 460/18/11
f 429/1/11 432/3/178 460/18/11
f 461/19/23 431/20/25 463/21/23
f 463/21/23 431/20/25 465/22/25
f 431/20/25 433/23/14 465/22/25
f 465/22/25 433/23/14 467/24/14
f 433/23/14 438/25/15 467/24/14
f 467/24/14 438/25/15 469/26/15
f 438/25/15 444/27/16 469/26/15
f 469/26/15 444/27/16 471/28/16
f 444/27/16 448/29/182 471/28/16
f 471/28/16 448/29/182 473/30/18
f 448/29/182 453/31/19 473/30/18
f 473/30/18 453/31/19 474/32/19
f 454/33/183 457/34/20 477/35/183
f 477/35/183 457/34/20 478/36/20
f 457/34/20 461/19/23 478/36/20
f 461/19/23 463/21/23 478/36/20
f 479/36/137 462/21/138 481/37/137
f 481/37/137 462/21/138 483/38/37
f 462/21/138 464/22/28 483/38/37
f 483/38/37 464/22/28 485/39/28
f 464/22/28 466/24/27 485/39/28
f 485/39/28 466/24/27 487/40/133
f 466/24/27 468/26/134 487/40/133
f 487/40/133 468/26/134 489/41/134
f 468/26/134 470/28/184 489/41/134
f 489/41/134 470/28/184 491/42/30
f 470/28/184 472/30/185 491/42/30
f 491/42/30 472/30/185 493/43/31
f 472/30/185 475/32/33 493/43/31
f 493/43/31 475/32/33 494/44/33
f 476/35/136 479/36/137 497/45/136
f 479/36/137 481/37/137 497/45/136
f 496/45/186 480/37/49 499/46/49
f 499/46/49 480/37/49 501/47/139
f 480/37/49 482/38/139 501/47/139
f 501/47/139 482/38/139 503/48/40
f 482/38/139 484/39/40 503/48/40
f 503/48/40 484/39/40 505/49/41
f 484/39/40 486/40/42 505/49/41
f 505/49/41 486/40/42 507/50/43
f 486/40/42 488/41/43 507/50/43
f 507/50/43 488/41/43 509/51/45
f 488/41/43 490/42/45 509/51/45
f 509/51/45 490/42/45 511/52/46
f 490/42/45 492/43/46 511/52/46
f 511/52/46 492/43/46 512/53/187
f 492/43/46 495/44/187 512/53/187
f 496/45/186 499/46/49 515/54/186
f 514/54/150 498/46/65 517/55/64
f 517/55/64 498/46/65 518/56/66
f 498/46/65 500/47/188 518/56/66
f 518/56/66 500/47/188 519/57/53
f 500/47/188 502/48/143 519/57/53
f 519/57/53 502/48/143 520/58/54
f 502/48/143 504/49/146 520/58/54
f 520/58/54 504/49/146 521/59/56
f 504/49/146 506/50/57 521/59/56
f 521/59/56 506/50/57 522/60/58
f 506/50/57 508/51/59 522/60/58
f 522/60/58 508/51/59 523/61/60
f 508/51/59 510/52/61 523/61/60
f 523/61/60 510/52/61 524/62/62
f 510/52/61 513/53/189 524/62/62
f 513/53/189 516/63/190 524/62/62
f 524/62/62 516/63/190 525/64/76
f 525/64/76 516/63/190 526/65/191
f 517/55/64 518/56/66 527/66/77
f 527/66/77 518/56/66 528/67/69
f 518/56/66 519/57/53 528/67/69
f 528/67/69 519/57/53 529/68/71
f 519/57/53 520/58/54 529/68/71
f 529/68/71 520/58/54 530/69/72
f 520/58/54 521/59/56 530/69/72
f 530/69/72 521/59/56 531/70/73
f 521/59/56 522/60/58 531/70/73
f 531/70/73 522/60/58 532/71/74
f 522/60/58 523/61/60 532/71/74
f 532/71/74 523/61/60 533/72/192
f 523/61/60 524/62/62 533/72/192
f 524/62/62 525/64/76 533/72/192
f 533/72/192 525/64/76 535/73/193
f 535/73/193 525/64/76 536/74/194
f 525/64/76 526/65/191 536/74/194
f 539/75/194 527/66/77 542/76/195
f 527/66/77 528/67/69 542/76/195
f 542/76/195 528/67/69 544/77/196
f 528/67/69 529/68/71 544/77/196
f 544/77/196 529/68/71 546/78/197
f 529/68/71 530/69/72 546/78/197
f 546/78/197 530/69/72 549/79/198
f 530/69/72 531/70/73 549/79/198
f 549/79/198 531/70/73 552/80/199
f 531/70/73 532/71/74 552/80/199
f 552/80/199 532/71/74 553/81/200
f 532/71/74 533/72/192 553/81/200
f 533/72/192 535/73/193 553/81/200
f 554/82/201 534/83/202 555/84/203
f 534/83/202 537/85/204 555/84/203
f 538/86/194 540/87/205 556/88/206
f 556/88/206 540/87/205 557/89/164
f 541/90/205 543/91/207 558/92/165
f 543/91/207 545/93/208 558/92/165
f 558/92/165 545/93/208 559/94/92
f 545/93/208 547/95/209 559/94/92
f 560/96/94 548/97/209 561/98/210
f 548/97/209 550/99/211 561/98/210
f 551/100/212 554/82/201 562/101/95
f 554/82/201 555/84/203 562/101/95
f 562/101/95 555/84/203 564/102/104
f 564/102/104 555/84/203 565/103/101
f 556/88/206 557/89/164 566/104/101
f 566/104/101 557/89/164 567/105/102
f 558/92/165 559/94/92 568/106/102
f 568/106/102 559/94/92 569/107/173
f 560/96/94 561/98/210 570/108/103
f 561/98/210 563/109/104 570/108/103
f 570/108/103 563/109/104 571/110/110
f 571/110/110 564/102/104 572/111/106
f 564/102/104 565/103/101 572/111/106
f 572/111/106 566/104/101 573/112/107
f 566/104/101 567/105/102 573/112/107
f 573/112/107 568/106/102 574/113/108
f 568/106/102 569/107/173 574/113/108
f 570/108/103 571/110/110 575/114/176
f 575/114/176 571/110/110 577/115/213
f 577/115/213 571/110/110 579/116/177
f 571/110/110 572/111/106 579/116/177
f 579/116/177 572/111/106 581/117/9
f 572/111/106 573/112/107 581/117/9
f 581/117/9 573/112/107 582/118/13
f 573/112/107 574/113/108 582/118/13
f 575/114/176 577/115/213 585/119/214
s 0
f 584/119/113 576/115/113 588/120/113
f 588/120/113 576/115/113 591/121/113
f 576/115/113 578/116/113 591/121/113
f 591/121/113 578/116/113 594/122/113
f 578/116/113 580/117/113 594/122/113
f 594/122/113 580/117/113 595/123/113
f 580/117/113 583/118/113 595/123/113
f 584/119/113 588/120/113 598/124/113
f 597/124/1 586/120/1 602/125/1
f 601/125/114 587/120/114 606/126/114
f 587/120/114 589/121/114 606/126/114
f 605/126/7 590/121/7 610/127/7
f 590/121/7 592/122/7 610/127/7
f 609/127/115 593/122/115 612/128/115
f 593/122/115 596/123/115 612/128/115
f 597/124/1 602/125/1 611/129/1
f 614/130/116 599/131/116 618/132/116
f 617/132/116 600/133/116 619/134/116
f 600/133/116 603/135/116 619/134/116
f 622/136/116 604/137/116 626/138/116
f 604/137/116 607/139/116 626/138/116
f 625/138/116 608/140/116 628/141/116
f 608/140/116 613/142/116 628/141/116
f 614/130/116 618/132/116 627/141/116
f 630/141/1 615/132/1 632/143/1
f 632/143/1 615/132/1 636/144/1
f 616/132/114 620/134/114 635/144/114
f 635/144/114 620/134/114 637/145/114
f 621/136/7 623/138/7 639/146/7
f 639/146/7 623/138/7 641/147/7
f 624/138/115 629/141/115 640/147/115
f 629/141/115 633/143/115 640/147/115
f 631/148/113 634/149/113 642/150/113
s 1
f 643/1/3 644/2/114 648/3/114
f 647/3/6 645/2/6 650/4/180
f 645/2/6 651/5/180 650/4/180
f 650/4/180 651/5/180 653/6/215
f 651/5/180 654/7/215 653/6/215
f 653/6/215 654/7/215 655/8/9
f 654/7/215 658/9/216 655/8/9
f 657/10/115 659/11/115 661/12/12
f 659/11/115 662/13/217 661/12/12
f 661/12/12 662/13/217 665/14/218
f 662/13/217 666/15/218 665/14/218
f 665/14/218 666/15/218 669/16/1
f 666/15/218 670/17/1 669/16/1
f 668/16/112 671/17/2 672/18/3
f 671/17/2 643/1/3 672/18/3
f 643/1/3 648/3/114 672/18/3
f 673/19/16 646/20/18 675/21/16
f 675/21/16 646/20/18 677/22/18
f 646/20/18 649/23/19 677/22/18
f 677/22/18 649/23/19 679/24/19
f 649/23/19 652/25/20 679/24/19
f 679/24/19 652/25/20 681/26/20
f 652/25/20 656/27/23 681/26/20
f 681/26/20 656/27/23 683/28/23
f 656/27/23 660/29/25 683/28/23
f 683/28/23 660/29/25 685/30/25
f 660/29/25 663/31/14 685/30/25
f 685/30/25 663/31/14 686/32/14
f 664/33/219 667/34/15 689/35/219
f 689/35/219 667/34/15 690/36/15
f 667/34/15 673/19/16 690/36/15
f 673/19/16 675/21/16 690/36/15
f 691/36/29 674/21/184 693/37/29
f 693/37/29 674/21/184 695/38/184
f 674/21/184 676/22/32 695/38/184
f 695/38/184 676/22/32 697/39/31
f 676/22/32 678/24/33 697/39/31
f 697/39/31 678/24/33 699/40/33
f 678/24/33 680/26/34 699/40/33
f 699/40/33 680/26/34 701/41/34
f 680/26/34 682/28/35 701/41/34
f 701/41/34 682/28/35 703/42/35
f 682/28/35 684/30/28 703/42/35
f 703/42/35 684/30/28 705/43/28
f 684/30/28 687/32/27 705/43/28
f 705/43/28 687/32/27 706/44/27
f 688/35/133 691/36/29 709/45/133
f 691/36/29 693/37/29 709/45/133
f 708/45/41 692/37/43 711/46/43
f 711/46/43 692/37/43 713/47/45
f 692/37/43 694/38/45 713/47/45
f 713/47/45 694/38/45 715/48/46
f 694/38/45 696/39/46 715/48/46
f 715/48/46 696/39/46 717/49/47
f 696/39/46 698/40/48 717/49/47
f 717/49/47 698/40/48 719/50/49
f 698/40/48 700/41/49 719/50/49
f 719/50/49 700/41/49 721/51/139
f 700/41/49 702/42/139 721/51/139
f 721/51/139 702/42/139 723/52/40
f 702/42/139 704/43/220 723/52/40
f 723/52/40 704/43/220 724/53/41
f 704/43/220 707/44/41 724/53/41
f 708/45/41 711/46/43 727/54/41
f 726/54/146 710/46/57 729/55/56
f 729/55/56 710/46/57 730/56/221
f 710/46/57 712/47/59 730/56/221
f 730/56/221 712/47/59 731/57/149
f 712/47/59 714/48/61 731/57/149
f 731/57/149 714/48/61 732/58/222
f 714/48/61 716/49/150 732/58/222
f 732/58/222 716/49/150 733/59/64
f 716/49/150 718/50/223 733/59/64
f 733/59/64 718/50/223 734/60/224
f 718/50/223 720/51/188 734/60/224
f 734/60/224 720/51/188 735/61/53
f 720/51/188 722/52/143 735/61/53
f 735/61/53 722/52/143 736/62/54
f 722/52/143 725/53/146 736/62/54
f 725/53/146 728/63/225 736/62/54
f 736/62/54 728/63/225 737/64/226
f 737/64/226 728/63/225 738/65/227
f 729/55/56 730/56/221 739/66/73
f 739/66/73 730/56/221 740/67/74
f 730/56/221 731/57/149 740/67/74
f 740/67/74 731/57/149 741/68/192
f 731/57/149 732/58/222 741/68/192
f 741/68/192 732/58/222 742/69/76
f 732/58/222 733/59/64 742/69/76
f 742/69/76 733/59/64 743/70/77
f 733/59/64 734/60/224 743/70/77
f 743/70/77 734/60/224 744/71/69
f 734/60/224 735/61/53 744/71/69
f 744/71/69 735/61/53 745/72/71
f 735/61/53 736/62/54 745/72/71
f 736/62/54 737/64/226 745/72/71
f 745/72/71 737/64/226 747/73/228
f 747/73/228 737/64/226 748/74/229
f 737/64/226 738/65/227 748/74/229
f 751/75/229 739/66/73 754/76/230
f 739/66/73 740/67/74 754/76/230
f 754/76/230 740/67/74 756/77/231
f 740/67/74 741/68/192 756/77/231
f 756/77/231 741/68/192 758/78/232
f 741/68/192 742/69/76 758/78/232
f 758/78/232 742/69/76 761/79/233
f 742/69/76 743/70/77 761/79/233
f 761/79/233 743/70/77 764/80/234
f 743/70/77 744/71/69 764/80/234
f 764/80/234 744/71/69 765/81/235
f 744/71/69 745/72/71 765/81/235
f 745/72/71 747/73/228 765/81/235
f 766/82/236 746/83/237 767/84/238
f 746/83/237 749/85/239 767/84/238
f 750/86/229 752/87/240 768/88/170
f 768/88/170 752/87/240 769/89/210
f 753/90/240 755/91/241 770/92/96
f 755/91/241 757/93/242 770/92/96
f 770/92/96 757/93/242 771/94/100
f 757/93/242 759/95/233 771/94/100
f 772/96/243 760/97/233 773/98/164
f 760/97/233 762/99/244 773/98/164
f 763/100/245 766/82/236 774/101/246
f 766/82/236 767/84/238 774/101/246
f 774/101/246 767/84/238 776/102/102
f 776/102/102 767/84/238 777/103/103
f 768/88/170 769/89/210 778/104/103
f 778/104/103 769/89/210 779/105/104
f 770/92/96 771/94/100 780/106/104
f 780/106/104 771/94/100 781/107/101
f 772/96/243 773/98/164 782/108/101
f 773/98/164 775/109/102 782/108/101
f 782/108/101 775/109/102 783/110/107
f 783/110/107 776/102/102 784/111/108
f 776/102/102 777/103/103 784/111/108
f 784/111/108 778/104/103 785/112/110
f 778/104/103 779/105/104 785/112/110
f 785/112/110 780/106/104 786/113/106
f 780/106/104 781/107/101 786/113/106
f 782/108/101 783/110/107 787/114/106
f 787/114/106 783/110/107 789/115/9
f 789/115/9 783/110/107 791/116/111
f 783/110/107 784/111/108 791/116/111
f 791/116/111 784/111/108 793/117/213
f 784/111/108 785/112/110 793/117/213
f 793/117/213 785/112/110 794/118/177
f 785/112/110 786/113/106 794/118/177
f 787/114/106 789/115/9 797/119/6
s 0
f 796/119/113 788/115/113 800/120/113
f 800/120/113 788/115/113 803/121/113
f 788/115/113 790/116/113 803/121/113
f 803/121/113 790/116/113 806/122/113
f 790/116/113 792/117/113 806/122/113
f 806/122/113 792/117/113 807/123/113
f 792/117/113 795/118/113 807/123/113
f 796/119/113 800/120/113 810/124/113
f 809/124/7 798/120/7 814/125/7
f 813/125/115 799/120/115 818/126/115
f 799/120/115 801/121/115 818/126/115
f 817/126/1 802/121/1 822/127/1
f 802/121/1 804/122/1 822/127/1
f 821/127/114 805/122/114 824/128/114
f 805/122/114 808/123/114 824/128/114
f 809/124/7 814/125/7 823/129/7
f 826/130/116 811/131/116 830/132/116
f 829/132/116 812/133/116 831/134/116
f 812/133/116 815/135/116 831/134/116
f 834/136/116 816/137/116 838/138/116
f 816/137/116 819/139/116 838/138/116
f 837/138/116 820/140/116 840/141/116
f 820/140/116 825/142/116 840/141/116
f 826/130/116 830/132/116 839/141/116
f 842/141/7 827/132/7 844/143/7
f 844/143/7 827/132/7 848/144/7
f 828/132/115 832/134/115 847/144/115
f 847/144/115 832/134/115 849/145/115
f 833/136/1 835/138/1 851/146/1
f 851/146/1 835/138/1 853/147/1
f 836/138/114 841/141/114 852/147/114
f 841/141/114 845/143/114 852/147/114
f 843/148/113 846/149/113 854/150/113
s 1
f 855/15/5 856/13/6 860/14/5
f 860/14/5 856/13/6 863/12/6
s 0
f 857/13/7 864/11/7 862/12/7
f 862/12/7 864/11/7 866/10/7
s 1
f 865/9/9 869/7/10 868/8/247
f 868/8/247 869/7/10 871/6/10
f 869/7/10 872/5/12 871/6/10
f 871/6/10 872/5/12 874/4/178
f 872/5/12 875/2/111 874/4/178
f 874/4/178 875/2/111 879/3/13
s 0
f 876/2/1 880/1/1 878/3/1
f 878/3/1 880/1/1 884/18/1
s 1
f 881/1/2 885/17/120 883/18/112
f 883/18/112 885/17/120 886/16/3
f 885/17/120 855/15/5 886/16/3
f 855/15/5 860/14/5 886/16/3
f 887/34/17 858/33/248 888/35/248
f 891/32/18 859/31/249 893/30/183
f 859/31/249 861/29/19 893/30/183
f 893/30/183 861/29/19 895/28/20
f 861/29/19 867/27/20 895/28/20
f 895/28/20 867/27/20 897/26/250
f 867/27/20 870/25/23 897/26/250
f 897/26/250 870/25/23 899/24/125
f 870/25/23 873/23/25 899/24/125
f 899/24/125 873/23/25 901/22/14
f 873/23/25 877/20/14 901/22/14
f 901/22/14 877/20/14 903/21/15
f 877/20/14 882/19/15 903/21/15
f 903/21/15 882/19/15 904/36/16
f 882/19/15 887/34/17 904/36/16
f 887/34/17 888/35/248 904/36/16
f 905/36/135 889/35/251 906/45/251
f 909/44/32 890/32/32 911/43/33
f 890/32/32 892/30/33 911/43/33
f 911/43/33 892/30/33 913/42/34
f 892/30/33 894/28/34 913/42/34
f 913/42/34 894/28/34 915/41/130
f 894/28/34 896/26/37 915/41/130
f 915/41/130 896/26/37 917/40/252
f 896/26/37 898/24/26 917/40/252
f 917/40/252 898/24/26 919/39/27
f 898/24/26 900/22/27 919/39/27
f 919/39/27 900/22/27 921/38/29
f 900/22/27 902/21/29 921/38/29
f 921/38/29 902/21/29 922/37/30
f 902/21/29 905/36/135 922/37/30
f 905/36/135 906/45/251 922/37/30
f 923/37/45 907/45/253 925/46/45
f 925/46/45 907/45/253 926/54/253
f 908/44/46 910/43/47 929/53/46
f 929/53/46 910/43/47 931/52/47
f 910/43/47 912/42/254 931/52/47
f 931/52/47 912/42/254 933/51/49
f 912/42/254 914/41/139 933/51/49
f 933/51/49 914/41/139 935/50/139
f 914/41/139 916/40/40 935/50/139
f 935/50/139 916/40/40 937/49/40
f 916/40/40 918/39/42 937/49/40
f 937/49/40 918/39/42 939/48/41
f 918/39/42 920/38/44 939/48/41
f 939/48/41 920/38/44 940/47/43
f 920/38/44 923/37/45 940/47/43
f 923/37/45 925/46/45 940/47/43
f 941/47/57 924/46/59 942/56/149
f 942/56/149 924/46/59 943/55/62
f 924/46/59 927/54/61 943/55/62
f 944/63/255 928/53/256 945/62/257
f 928/53/256 930/52/150 945/62/257
f 945/62/257 930/52/150 946/61/66
f 930/52/150 932/51/65 946/61/66
f 946/61/66 932/51/65 947/60/53
f 932/51/65 934/50/142 947/60/53
f 947/60/53 934/50/142 948/59/54
f 934/50/142 936/49/52 948/59/54
f 948/59/54 936/49/52 949/58/56
f 936/49/52 938/48/146 949/58/56
f 949/58/56 938/48/146 950/57/147
f 938/48/146 941/47/57 950/57/147
f 941/47/57 942/56/149 950/57/147
f 950/57/147 942/56/149 951/67/192
f 951/67/192 942/56/149 952/66/76
f 942/56/149 943/55/62 952/66/76
f 953/65/258 944/63/255 954/64/77
f 944/63/255 945/62/257 954/64/77
f 954/64/77 945/62/257 955/72/69
f 945/62/257 946/61/66 955/72/69
f 955/72/69 946/61/66 956/71/70
f 946/61/66 947/60/53 956/71/70
f 956/71/70 947/60/53 957/70/259
f 947/60/53 948/59/54 957/70/259
f 957/70/259 948/59/54 958/69/73
f 948/59/54 949/58/56 958/69/73
f 958/69/73 949/58/56 959/68/74
f 949/58/56 950/57/147 959/68/74
f 950/57/147 951/67/192 959/68/74
f 959/68/74 951/67/192 961/77/260
f 961/77/260 951/67/192 964/76/261
f 951/67/192 952/66/76 964/76/261
f 964/76/261 952/66/76 965/75/262
f 953/65/258 954/64/77 968/74/263
f 968/74/263 954/64/77 970/73/86
f 954/64/77 955/72/69 970/73/86
f 970/73/86 955/72/69 972/81/78
f 955/72/69 956/71/70 972/81/78
f 972/81/78 956/71/70 975/80/264
f 956/71/70 957/70/259 975/80/264
f 975/80/264 957/70/259 978/79/265
f 957/70/259 958/69/73 978/79/265
f 978/79/265 958/69/73 979/78/82
f 958/69/73 959/68/74 979/78/82
f 959/68/74 961/77/260 979/78/82
f 980/93/266 960/91/267 981/92/210
f 960/91/267 962/90/261 981/92/210
f 982/89/96 963/87/268 983/88/203
f 963/87/268 966/86/263 983/88/203
f 967/85/262 969/83/87 984/84/206
f 969/83/87 971/82/269 984/84/206
f 984/84/206 971/82/269 985/101/164
f 971/82/269 973/100/270 985/101/164
f 974/99/271 976/97/272 986/98/165
f 986/98/165 976/97/272 987/96/92
f 977/95/272 980/93/266 988/94/273
f 980/93/266 981/92/210 988/94/273
f 988/94/273 981/92/210 989/106/104
f 990/105/104 982/89/96 991/104/101
f 982/89/96 983/88/203 991/104/101
f 992/103/101 984/84/206 993/102/102
f 984/84/206 985/101/164 993/102/102
f 994/109/102 986/98/165 995/108/173
f 986/98/165 987/96/92 995/108/173
f 988/94/273 989/106/104 996/107/103
f 996/107/103 989/106/104 998/113/108
f 998/113/108 989/106/104 999/112/110
f 990/105/104 991/104/101 999/112/110
f 999/112/110 991/104/101 1000/111/274
f 992/103/101 993/102/102 1000/111/274
f 1000/111/274 993/102/102 1001/110/175
f 994/109/102 995/108/173 1001/110/175
f 995/108/173 997/114/176 1001/110/175
f 1001/110/175 997/114/176 1003/115/8
f 1003/115/8 997/114/176 1004/119/13
f 998/113/108 999/112/110 1007/118/214
f 1007/118/214 999/112/110 1009/117/2
f 999/112/110 1000/111/274 1009/117/2
f 1009/117/2 1000/111/274 1010/116/275
f 1000/111/274 1001/110/175 1010/116/275
f 1001/110/175 1003/115/8 1010/116/275
s 0
f 1011/116/113 1002/115/113 1014/121/113
f 1014/121/113 1002/115/113 1017/120/113
f 1002/115/113 1005/119/113 1017/120/113
f 1017/120/113 1005/119/113 1018/124/113
f 1006/118/113 1008/117/113 1021/123/113
f 1021/123/113 1008/117/113 1022/122/113
f 1008/117/276 1011/116/276 1022/122/276
f 1011/116/113 1014/121/113 1022/122/113
f 1024/122/114 1012/121/114 1027/127/114
f 1027/127/114 1012/121/114 1032/126/114
f 1013/121/7 1015/120/7 1031/126/7
f 1031/126/7 1015/120/7 1036/125/7
f 1016/120/115 1019/124/115 1035/125/115
f 1035/125/115 1019/124/115 1038/129/115
f 1020/123/1 1023/122/1 1037/128/1
f 1023/122/1 1028/127/1 1037/128/1
f 1040/142/116 1025/140/116 1043/141/116
f 1043/141/116 1025/140/116 1048/138/116
f 1026/139/116 1029/137/116 1047/138/116
f 1047/138/116 1029/137/116 1049/136/116
f 1030/135/116 1033/133/116 1052/134/116
f 1052/134/116 1033/133/116 1054/132/116
f 1034/131/117 1039/130/117 1053/132/117
f 1039/130/116 1044/141/116 1053/132/116
f 1056/132/115 1041/141/115 1059/143/115
f 1058/143/1 1042/141/1 1062/147/1
f 1042/141/1 1045/138/1 1062/147/1
f 1061/147/114 1046/138/114 1063/146/114
f 1046/138/114 1050/136/114 1063/146/114
f 1065/145/7 1051/134/7 1067/144/7
f 1051/134/7 1055/132/7 1067/144/7
f 1056/132/115 1059/143/115 1066/144/115
f 1057/148/113 1060/150/113 1068/149/113
s 1
f 1070/15/9 1071/13/11 1074/14/9
f 1074/14/9 1071/13/11 1077/12/10
f 1071/13/11 1078/11/115 1077/12/10
f 1077/12/10 1078/11/115 1080/10/115
f 1079/9/13 1083/7/118 1082/8/13
f 1082/8/13 1083/7/118 1085/6/118
f 1083/7/118 1086/5/277 1085/6/118
f 1085/6/118 1086/5/277 1088/4/277
f 1086/5/277 1089/2/2 1088/4/277
f 1088/4/277 1089/2/2 1093/3/112
f 1090/2/114 1094/1/278 1092/3/114
f 1092/3/114 1094/1/278 1096/18/278
f 1094/1/278 1097/17/6 1096/18/278
f 1096/18/278 1097/17/6 1100/16/6
s 0
f 1098/17/7 1069/15/7 1099/16/7
f 1069/15/7 1075/14/7 1099/16/7
s 1
f 1101/34/19 1072/33/21 1102/35/21
f 1105/32/20 1073/31/20 1107/30/23
f 1073/31/20 1076/29/23 1107/30/23
f 1107/30/23 1076/29/23 1109/28/25
f 1076/29/23 1081/27/25 1109/28/25
f 1109/28/25 1081/27/25 1111/26/14
f 1081/27/25 1084/25/14 1111/26/14
f 1111/26/14 1084/25/14 1113/24/15
f 1084/25/14 1087/23/15 1113/24/15
f 1113/24/15 1087/23/15 1115/22/16
f 1087/23/15 1091/20/16 1115/22/16
f 1115/22/16 1091/20/16 1117/21/18
f 1091/20/16 1095/19/18 1117/21/18
f 1117/21/18 1095/19/18 1118/36/19
f 1095/19/18 1101/34/19 1118/36/19
f 1101/34/19 1102/35/21 1118/36/19
f 1119/36/136 1103/35/137 1120/45/137
f 1123/44/34 1104/32/279 1125/43/37
f 1104/32/279 1106/30/35 1125/43/37
f 1125/43/37 1106/30/35 1127/42/28
f 1106/30/35 1108/28/28 1127/42/28
f 1127/42/28 1108/28/28 1129/41/133
f 1108/28/28 1110/26/27 1129/41/133
f 1129/41/133 1110/26/27 1131/40/134
f 1110/26/27 1112/24/29 1131/40/134
f 1131/40/134 1112/24/29 1133/39/184
f 1112/24/29 1114/22/280 1133/39/184
f 1133/39/184 1114/22/280 1135/38/32
f 1114/22/280 1116/21/31 1135/38/32
f 1135/38/32 1116/21/31 1136/37/33
f 1116/21/31 1119/36/136 1136/37/33
f 1119/36/136 1120/45/137 1136/37/33
f 1137/37/47 1121/45/281 1139/46/47
f 1139/46/47 1121/45/281 1140/54/281
f 1122/44/49 1124/43/139 1143/53/49
f 1143/53/49 1124/43/139 1145/52/139
f 1124/43/139 1126/42/282 1145/52/139
f 1145/52/139 1126/42/282 1147/51/40
f 1126/42/282 1128/41/41 1147/51/40
f 1147/51/40 1128/41/41 1149/50/41
f 1128/41/41 1130/40/43 1149/50/41
f 1149/50/41 1130/40/43 1151/49/43
f 1130/40/43 1132/39/283 1151/49/43
f 1151/49/43 1132/39/283 1153/48/45
f 1132/39/283 1134/38/284 1153/48/45
f 1153/48/45 1134/38/284 1154/47/284
f 1134/38/284 1137/37/47 1154/47/284
f 1137/37/47 1139/46/47 1154/47/284
f 1155/47/285 1138/46/150 1156/56/257
f 1156/56/257 1138/46/150 1157/55/66
f 1138/46/150 1141/54/65 1157/55/66
f 1158/63/224 1142/53/65 1159/62/53
f 1142/53/65 1144/52/142 1159/62/53
f 1159/62/53 1144/52/142 1160/61/54
f 1144/52/142 1146/51/143 1160/61/54
f 1160/61/54 1146/51/143 1161/60/56
f 1146/51/143 1148/50/146 1161/60/56
f 1161/60/56 1148/50/146 1162/59/147
f 1148/50/146 1150/49/148 1162/59/147
f 1162/59/147 1150/49/148 1163/58/149
f 1150/49/148 1152/48/286 1163/58/149
f 1163/58/149 1152/48/286 1164/57/62
f 1152/48/286 1155/47/285 1164/57/62
f 1155/47/285 1156/56/257 1164/57/62
f 1164/57/62 1156/56/257 1165/67/287
f 1165/67/287 1156/56/257 1166/66/69
f 1156/56/257 1157/55/66 1166/66/69
f 1167/65/288 1158/63/224 1168/64/71
f 1158/63/224 1159/62/53 1168/64/71
f 1168/64/71 1159/62/53 1169/72/72
f 1159/62/53 1160/61/54 1169/72/72
f 1169/72/72 1160/61/54 1170/71/73
f 1160/61/54 1161/60/56 1170/71/73
f 1170/71/73 1161/60/56 1171/70/289
f 1161/60/56 1162/59/147 1171/70/289
f 1171/70/289 1162/59/147 1172/69/192
f 1162/59/147 1163/58/149 1172/69/192
f 1172/69/192 1163/58/149 1173/68/76
f 1163/58/149 1164/57/62 1173/68/76
f 1164/57/62 1165/67/287 1173/68/76
f 1173/68/76 1165/67/287 1175/77/290
f 1175/77/290 1165/67/287 1178/76/194
f 1165/67/287 1166/66/69 1178/76/194
f 1178/76/194 1166/66/69 1179/75/205
f 1167/65/288 1168/64/71 1182/74/205
f 1182/74/205 1168/64/71 1184/73/235
f 1168/64/71 1169/72/72 1184/73/235
f 1184/73/235 1169/72/72 1186/81/228
f 1169/72/72 1170/71/73 1186/81/228
f 1186/81/228 1170/71/73 1189/80/209
f 1170/71/73 1171/70/289 1189/80/209
f 1189/80/209 1171/70/289 1192/79/199
f 1171/70/289 1172/69/192 1192/79/199
f 1192/79/199 1172/69/192 1193/78/231
f 1172/69/192 1173/68/76 1193/78/231
f 1173/68/76 1175/77/290 1193/78/231
f 1194/93/291 1174/91/242 1195/92/98
f 1174/91/242 1176/90/204 1195/92/98
f 1196/89/243 1177/87/194 1197/88/292
f 1177/87/194 1180/86/205 1197/88/292
f 1181/85/195 1183/83/236 1198/84/91
f 1183/83/236 1185/82/237 1198/84/91
f 1198/84/91 1185/82/237 1199/101/94
f 1185/82/237 1187/100/198 1199/101/94
f 1188/99/209 1190/97/211 1200/98/273
f 1200/98/273 1190/97/211 1201/96/95
f 1191/95/211 1194/93/291 1202/94/96
f 1194/93/291 1195/92/98 1202/94/96
f 1202/94/96 1195/92/98 1203/106/101
f 1204/105/101 1196/89/243 1205/104/102
f 1196/89/243 1197/88/292 1205/104/102
f 1206/103/102 1198/84/91 1207/102/103
f 1198/84/91 1199/101/94 1207/102/103
f 1208/109/103 1200/98/273 1209/108/104
f 1200/98/273 1201/96/95 1209/108/104
f 1202/94/96 1203/106/101 1210/107/104
f 1210/107/104 1203/106/101 1212/113/110
f 1212/113/110 1203/106/101 1213/112/106
f 1204/105/101 1205/104/102 1213/112/106
f 1213/112/106 1205/104/102 1214/111/175
f 1206/103/102 1207/102/103 1214/111/175
f 1214/111/175 1207/102/103 1215/110/108
f 1208/109/103 1209/108/104 1215/110/108
f 1209/108/104 1211/114/109 1215/110/108
f 1215/110/108 1211/114/109 1217/115/214
f 1217/115/214 1211/114/109 1218/119/2
f 1212/113/110 1213/112/106 1221/118/112
f 1221/118/112 1213/112/106 1223/117/275
f 1213/112/106 1214/111/175 1223/117/275
f 1223/117/275 1214/111/175 1224/116/8
f 1214/111/175 1215/110/108 1224/116/8
f 1215/110/108 1217/115/214 1224/116/8
s 0
f 1225/116/113 1216/115/113 1228/121/113
f 1228/121/113 1216/115/113 1231/120/113
f 1216/115/113 1219/119/113 1231/120/113
f 1231/120/113 1219/119/113 1232/124/113
f 1220/118/113 1222/117/113 1235/123/113
f 1235/123/113 1222/117/113 1236/122/113
f 1222/117/113 1225/116/113 1236/122/113
f 1225/116/113 1228/121/113 1236/122/113
f 1238/122/7 1226/121/7 1241/127/7
f 1241/127/7 1226/121/7 1246/126/7
f 1227/121/115 1229/120/115 1245/126/115
f 1245/126/115 1229/120/115 1250/125/115
f 1230/120/1 1233/124/1 1249/125/1
f 1249/125/1 1233/124/1 1252/129/1
f 1234/123/114 1237/122/114 1251/128/114
f 1237/122/114 1242/127/114 1251/128/114
f 1254/142/116 1239/140/116 1257/141/116
f 1257/141/116 1239/140/116 1262/138/116
f 1240/139/116 1243/137/116 1261/138/116
f 1261/138/116 1243/137/116 1263/136/116
f 1244/135/116 1247/133/116 1266/134/116
f 1266/134/116 1247/133/116 1268/132/116
f 1248/131/116 1253/130/116 1267/132/116
f 1253/130/116 1258/141/116 1267/132/116
f 1270/132/1 1255/141/1 1273/143/1
f 1272/143/114 1256/141/114 1276/147/114
f 1256/141/114 1259/138/114 1276/147/114
f 1275/147/7 1260/138/7 1277/146/7
f 1260/138/7 1264/136/7 1277/146/7
f 1279/145/115 1265/134/115 1281/144/115
f 1265/134/115 1269/132/115 1281/144/115
f 1270/132/1 1273/143/1 1280/144/1
f 1271/148/113 1274/150/113 1282/149/113
s 1
f 1283/15/277 1284/13/112 1288/14/277
f 1288/14/277 1284/13/112 1291/12/2
f 1285/13/114 1292/11/5 1290/12/114
f 1290/12/114 1292/11/5 1294/10/5
f 1293/9/293 1297/7/6 1296/8/293
f 1296/8/293 1297/7/6 1301/6/6
s 0
f 1298/7/7 1302/5/7 1300/6/7
f 1300/6/7 1302/5/7 1306/4/7
s 1
f 1303/5/9 1307/2/10 1305/4/9
f 1305/4/9 1307/2/10 1309/3/11
f 1307/2/10 1310/1/178 1309/3/11
f 1309/3/11 1310/1/178 1312/18/178
f 1310/1/178 1313/17/118 1312/18/178
f 1312/18/178 1313/17/118 1314/16/118
f 1313/17/118 1283/15/277 1314/16/118
f 1283/15/277 1288/14/277 1314/16/118
f 1315/34/14 1286/33/294 1316/35/294
f 1319/32/15 1287/31/15 1321/30/16
f 1287/31/15 1289/29/17 1321/30/16
f 1321/30/16 1289/29/17 1323/28/18
f 1289/29/17 1295/27/18 1323/28/18
f 1323/28/18 1295/27/18 1325/26/19
f 1295/27/18 1299/25/19 1325/26/19
f 1325/26/19 1299/25/19 1327/24/20
f 1299/25/19 1304/23/20 1327/24/20
f 1327/24/20 1304/23/20 1329/22/23
f 1304/23/20 1308/20/23 1329/22/23
f 1329/22/23 1308/20/23 1331/21/25
f 1308/20/23 1311/19/25 1331/21/25
f 1331/21/25 1311/19/25 1332/36/14
f 1311/19/25 1315/34/14 1332/36/14
f 1315/34/14 1316/35/294 1332/36/14
f 1333/36/133 1317/35/134 1334/45/134
f 1337/44/29 1318/32/295 1339/43/184
f 1318/32/295 1320/30/280 1339/43/184
f 1339/43/184 1320/30/280 1341/42/185
f 1320/30/280 1322/28/31 1341/42/185
f 1341/42/185 1322/28/31 1343/41/33
f 1322/28/31 1324/26/136 1343/41/33
f 1343/41/33 1324/26/136 1345/40/137
f 1324/26/136 1326/24/137 1345/40/137
f 1345/40/137 1326/24/137 1347/39/37
f 1326/24/137 1328/22/35 1347/39/37
f 1347/39/37 1328/22/35 1349/38/28
f 1328/22/35 1330/21/296 1349/38/28
f 1349/38/28 1330/21/296 1350/37/297
f 1330/21/296 1333/36/133 1350/37/297
f 1333/36/133 1334/45/134 1350/37/297
f 1351/37/41 1335/45/43 1353/46/41
f 1353/46/41 1335/45/43 1354/54/43
f 1336/44/298 1338/43/45 1357/53/298
f 1357/53/298 1338/43/45 1359/52/45
f 1338/43/45 1340/42/46 1359/52/45
f 1359/52/45 1340/42/46 1361/51/284
f 1340/42/46 1342/41/47 1361/51/284
f 1361/51/284 1342/41/47 1363/50/47
f 1342/41/47 1344/40/49 1363/50/47
f 1363/50/47 1344/40/49 1365/49/49
f 1344/40/49 1346/39/139 1365/49/49
f 1365/49/49 1346/39/139 1367/48/139
f 1346/39/139 1348/38/40 1367/48/139
f 1367/48/139 1348/38/40 1368/47/40
f 1348/38/40 1351/37/41 1368/47/40
f 1351/37/41 1353/46/41 1368/47/40
f 1369/47/52 1352/46/146 1370/56/56
f 1370/56/56 1352/46/146 1371/55/147
f 1352/46/146 1355/54/57 1371/55/147
f 1372/63/221 1356/53/57 1373/62/149
f 1356/53/57 1358/52/59 1373/62/149
f 1373/62/149 1358/52/59 1374/61/62
f 1358/52/59 1360/51/285 1374/61/62
f 1374/61/62 1360/51/285 1375/60/64
f 1360/51/285 1362/50/150 1375/60/64
f 1375/60/64 1362/50/150 1376/59/66
f 1362/50/150 1364/49/65 1376/59/66
f 1376/59/66 1364/49/65 1377/58/299
f 1364/49/65 1366/48/188 1377/58/299
f 1377/58/299 1366/48/188 1378/57/54
f 1366/48/188 1369/47/52 1378/57/54
f 1369/47/52 1370/56/56 1378/57/54
f 1378/57/54 1370/56/56 1379/67/73
f 1379/67/73 1370/56/56 1380/66/74
f 1370/56/56 1371/55/147 1380/66/74
f 1381/65/300 1372/63/221 1382/64/192
f 1372/63/221 1373/62/149 1382/64/192
f 1382/64/192 1373/62/149 1383/72/76
f 1373/62/149 1374/61/62 1383/72/76
f 1383/72/76 1374/61/62 1384/71/77
f 1374/61/62 1375/60/64 1384/71/77
f 1384/71/77 1375/60/64 1385/70/69
f 1375/60/64 1376/59/66 1385/70/69
f 1385/70/69 1376/59/66 1386/69/71
f 1376/59/66 1377/58/299 1386/69/71
f 1386/69/71 1377/58/299 1387/68/301
f 1377/58/299 1378/57/54 1387/68/301
f 1378/57/54 1379/67/73 1387/68/301
f 1387/68/301 1379/67/73 1389/77/302
f 1389/77/302 1379/67/73 1392/76/229
f 1379/67/73 1380/66/74 1392/76/229
f 1392/76/229 1380/66/74 1393/75/230
f 1381/65/300 1382/64/192 1396/74/240
f 1396/74/240 1382/64/192 1398/73/200
f 1382/64/192 1383/72/76 1398/73/200
f 1398/73/200 1383/72/76 1400/81/193
f 1383/72/76 1384/71/77 1400/81/193
f 1400/81/193 1384/71/77 1403/80/303
f 1384/71/77 1385/70/69 1403/80/303
f 1403/80/303 1385/70/69 1406/79/234
f 1385/70/69 1386/69/71 1406/79/234
f 1406/79/234 1386/69/71 1407/78/196
f 1386/69/71 1387/68/301 1407/78/196
f 1387/68/301 1389/77/302 1407/78/196
f 1408/93/304 1388/91/208 1409/92/94
f 1388/91/208 1390/90/229 1409/92/94
f 1410/89/273 1391/87/229 1411/88/305
f 1391/87/229 1394/86/240 1411/88/305
f 1395/85/230 1397/83/201 1412/84/306
f 1397/83/201 1399/82/202 1412/84/306
f 1412/84/306 1399/82/202 1413/101/100
f 1399/82/202 1401/100/303 1413/101/100
f 1402/99/233 1404/97/244 1414/98/243
f 1414/98/243 1404/97/244 1415/96/164
f 1405/95/245 1408/93/304 1416/94/246
f 1408/93/304 1409/92/94 1416/94/246
f 1416/94/246 1409/92/94 1417/106/173
f 1418/105/103 1410/89/273 1419/104/104
f 1410/89/273 1411/88/305 1419/104/104
f 1420/103/104 1412/84/306 1421/102/105
f 1412/84/306 1413/101/100 1421/102/105
f 1422/109/101 1414/98/243 1423/108/102
f 1414/98/243 1415/96/164 1423/108/102
f 1416/94/246 1417/106/173 1424/107/102
f 1424/107/102 1417/106/173 1426/113/175
f 1426/113/175 1417/106/173 1427/112/176
f 1418/105/103 1419/104/104 1427/112/176
f 1427/112/176 1419/104/104 1428/111/110
f 1420/103/104 1421/102/105 1428/111/110
f 1428/111/110 1421/102/105 1429/110/274
f 1422/109/101 1423/108/102 1429/110/274
f 1423/108/102 1425/114/175 1429/110/274
f 1429/110/274 1425/114/175 1431/115/275
f 1431/115/275 1425/114/175 1432/119/247
f 1426/113/175 1427/112/176 1435/118/9
f 1435/118/9 1427/112/176 1437/117/13
f 1427/112/176 1428/111/110 1437/117/13
f 1437/117/13 1428/111/110 1438/116/112
f 1428/111/110 1429/110/274 1438/116/112
f 1429/110/274 1431/115/275 1438/116/112
s 0
f 1439/116/113 1430/115/113 1442/121/113
f 1442/121/113 1430/115/113 1445/120/113
f 1430/115/113 1433/119/113 1445/120/113
f 1445/120/113 1433/119/113 1446/124/113
f 1434/118/276 1436/117/276 1449/123/276
f 1449/123/113 1436/117/113 1450/122/113
f 1436/117/113 1439/116/113 1450/122/113
f 1439/116/113 1442/121/113 1450/122/113
f 1452/122/1 1440/121/1 1455/127/1
f 1455/127/1 1440/121/1 1460/126/1
f 1441/121/114 1443/120/114 1459/126/114
f 1459/126/114 1443/120/114 1464/125/114
f 1444/120/7 1447/124/7 1463/125/7
f 1463/125/7 1447/124/7 1466/129/7
f 1448/123/115 1451/122/115 1465/128/115
f 1451/122/115 1456/127/115 1465/128/115
f 1468/142/116 1453/140/116 1471/141/116
f 1471/141/116 1453/140/116 1476/138/116
f 1454/139/116 1457/137/116 1475/138/116
f 1475/138/116 1457/137/116 1477/136/116
f 1458/135/116 1461/133/116 1480/134/116
f 1480/134/116 1461/133/116 1482/132/116
f 1462/131/116 1467/130/116 1481/132/116
f 1467/130/116 1472/141/116 1481/132/116
f 1484/132/7 1469/141/7 1487/143/7
f 1486/143/115 1470/141/115 1490/147/115
f 1470/141/115 1473/138/115 1490/147/115
f 1489/147/1 1474/138/1 1491/146/1
f 1474/138/1 1478/136/1 1491/146/1
f 1493/145/114 1479/134/114 1495/144/114
f 1479/134/114 1483/132/114 1495/144/114
f 1484/132/7 1487/143/7 1494/144/7
f 1485/148/113 1488/150/113 1496/149/113
s 1
f 1497/1/218 1498/2/1 1502/3/1
f 1501/3/2 1499/2/2 1504/4/3
f 1499/2/2 1505/5/3 1504/4/3
f 1504/4/3 1505/5/3 1507/6/4
f 1505/5/3 1508/7/4 1507/6/4
f 1507/6/4 1508/7/4 1509/8/6
f 1508/7/4 1512/9/6 1509/8/6
f 1511/10/7 1513/11/7 1515/12/181
f 1513/11/7 1516/13/181 1515/12/181
f 1515/12/181 1516/13/181 1519/14/11
f 1516/13/181 1520/15/10 1519/14/11
f 1519/14/11 1520/15/10 1523/16/115
f 1520/15/10 1524/17/115 1523/16/115
f 1522/16/13 1525/17/13 1526/18/218
f 1525/17/13 1497/1/218 1526/18/218
f 1497/1/218 1502/3/1 1526/18/218
f 1527/19/14 1500/20/15 1529/21/14
f 1529/21/14 1500/20/15 1531/22/15
f 1500/20/15 1503/23/16 1531/22/15
f 1531/22/15 1503/23/16 1533/24/16
f 1503/23/16 1506/25/18 1533/24/16
f 1533/24/16 1506/25/18 1535/26/18
f 1506/25/18 1510/27/19 1535/26/18
f 1535/26/18 1510/27/19 1537/28/19
f 1510/27/19 1514/29/20 1537/28/19
f 1537/28/19 1514/29/20 1539/30/20
f 1514/29/20 1517/31/22 1539/30/20
f 1539/30/20 1517/31/22 1540/32/23
f 1518/33/24 1521/34/25 1543/35/24
f 1543/35/24 1521/34/25 1544/36/25
f 1521/34/25 1527/19/14 1544/36/25
f 1527/19/14 1529/21/14 1544/36/25
f 1545/36/26 1528/21/27 1547/37/252
f 1547/37/252 1528/21/27 1549/38/27
f 1528/21/27 1530/22/29 1549/38/27
f 1549/38/27 1530/22/29 1551/39/29
f 1530/22/29 1532/24/30 1551/39/29
f 1551/39/29 1532/24/30 1553/40/30
f 1532/24/30 1534/26/31 1553/40/30
f 1553/40/30 1534/26/31 1555/41/31
f 1534/26/31 1536/28/33 1555/41/31
f 1555/41/31 1536/28/33 1557/42/33
f 1536/28/33 1538/30/34 1557/42/33
f 1557/42/33 1538/30/34 1559/43/34
f 1538/30/34 1541/32/35 1559/43/34
f 1559/43/34 1541/32/35 1560/44/138
f 1542/35/37 1545/36/26 1563/45/37
f 1545/36/26 1547/37/252 1563/45/37
f 1562/45/39 1546/37/40 1565/46/220
f 1565/46/220 1546/37/40 1567/47/41
f 1546/37/40 1548/38/41 1567/47/41
f 1567/47/41 1548/38/41 1569/48/43
f 1548/38/41 1550/39/43 1569/48/43
f 1569/48/43 1550/39/43 1571/49/141
f 1550/39/43 1552/40/45 1571/49/141
f 1571/49/141 1552/40/45 1573/50/46
f 1552/40/45 1554/41/46 1573/50/46
f 1573/50/46 1554/41/46 1575/51/47
f 1554/41/46 1556/42/47 1575/51/47
f 1575/51/47 1556/42/47 1577/52/49
f 1556/42/47 1558/43/49 1577/52/49
f 1577/52/49 1558/43/49 1578/53/139
f 1558/43/49 1561/44/50 1578/53/139
f 1562/45/39 1565/46/220 1581/54/39
f 1580/54/142 1564/46/143 1583/55/53
f 1583/55/53 1564/46/143 1584/56/54
f 1564/46/143 1566/47/55 1584/56/54
f 1584/56/54 1566/47/55 1585/57/56
f 1566/47/55 1568/48/57 1585/57/56
f 1585/57/56 1568/48/57 1586/58/147
f 1568/48/57 1570/49/59 1586/58/147
f 1586/58/147 1570/49/59 1587/59/60
f 1570/49/59 1572/50/285 1587/59/60
f 1587/59/60 1572/50/285 1588/60/62
f 1572/50/285 1574/51/150 1588/60/62
f 1588/60/62 1574/51/150 1589/61/64
f 1574/51/150 1576/52/65 1589/61/64
f 1589/61/64 1576/52/65 1590/62/66
f 1576/52/65 1579/53/307 1590/62/66
f 1579/53/307 1582/63/68 1590/62/66
f 1590/62/66 1582/63/68 1591/64/288
f 1591/64/288 1582/63/68 1592/65/70
f 1583/55/53 1584/56/54 1593/66/308
f 1593/66/308 1584/56/54 1594/67/72
f 1584/56/54 1585/57/56 1594/67/72
f 1594/67/72 1585/57/56 1595/68/73
f 1585/57/56 1586/58/147 1595/68/73
f 1595/68/73 1586/58/147 1596/69/300
f 1586/58/147 1587/59/60 1596/69/300
f 1596/69/300 1587/59/60 1597/70/75
f 1587/59/60 1588/60/62 1597/70/75
f 1597/70/75 1588/60/62 1598/71/258
f 1588/60/62 1589/61/64 1598/71/258
f 1598/71/258 1589/61/64 1599/72/191
f 1589/61/64 1590/62/66 1599/72/191
f 1590/62/66 1591/64/288 1599/72/191
f 1599/72/191 1591/64/288 1601/73/78
f 1601/73/78 1591/64/288 1602/74/79
f 1591/64/288 1592/65/70 1602/74/79
f 1605/75/309 1593/66/308 1608/76/81
f 1593/66/308 1594/67/72 1608/76/81
f 1608/76/81 1594/67/72 1610/77/82
f 1594/67/72 1595/68/73 1610/77/82
f 1610/77/82 1595/68/73 1612/78/83
f 1595/68/73 1596/69/300 1612/78/83
f 1612/78/83 1596/69/300 1615/79/310
f 1596/69/300 1597/70/75 1615/79/310
f 1615/79/310 1597/70/75 1618/80/160
f 1597/70/75 1598/71/258 1618/80/160
f 1618/80/160 1598/71/258 1619/81/86
f 1598/71/258 1599/72/191 1619/81/86
f 1599/72/191 1601/73/78 1619/81/86
f 1620/82/87 1600/83/269 1621/84/89
f 1600/83/269 1603/85/311 1621/84/89
f 1604/86/79 1606/87/312 1622/88/292
f 1622/88/292 1606/87/312 1623/89/92
f 1607/90/81 1609/91/313 1624/92/273
f 1609/91/313 1611/93/314 1624/92/273
f 1624/92/273 1611/93/314 1625/94/95
f 1611/93/314 1613/95/97 1625/94/95
f 1626/96/96 1614/97/97 1627/98/98
f 1614/97/97 1616/99/99 1627/98/98
f 1617/100/85 1620/82/87 1628/101/243
f 1620/82/87 1621/84/89 1628/101/243
f 1628/101/243 1621/84/89 1630/102/101
f 1630/102/101 1621/84/89 1631/103/102
f 1622/88/292 1623/89/92 1632/104/102
f 1632/104/102 1623/89/92 1633/105/103
f 1624/92/273 1625/94/95 1634/106/103
f 1634/106/103 1625/94/95 1635/107/104
f 1626/96/96 1627/98/98 1636/108/104
f 1627/98/98 1629/109/101 1636/108/104
f 1636/108/104 1629/109/101 1637/110/106
f 1637/110/106 1630/102/101 1638/111/107
f 1630/102/101 1631/103/102 1638/111/107
f 1638/111/107 1632/104/102 1639/112/108
f 1632/104/102 1633/105/103 1639/112/108
f 1639/112/108 1634/106/103 1640/113/315
f 1634/106/103 1635/107/104 1640/113/315
f 1636/108/104 1637/110/106 1641/114/110
f 1641/114/110 1637/110/106 1643/115/6
f 1643/115/6 1637/110/106 1645/116/247
f 1637/110/106 1638/111/107 1645/116/247
f 1645/116/247 1638/111/107 1647/117/111
f 1638/111/107 1639/112/108 1647/117/111
f 1647/117/111 1639/112/108 1648/118/2
f 1639/112/108 1640/113/315 1648/118/2
f 1641/114/110 1643/115/6 1651/119/112
s 0
f 1650/119/113 1642/115/113 1654/120/113
f 1654/120/113 1642/115/113 1657/121/113
f 1642/115/113 1644/116/113 1657/121/113
f 1657/121/113 1644/116/113 1660/122/113
f 1644/116/113 1646/117/113 1660/122/113
f 1660/122/113 1646/117/113 1661/123/113
f 1646/117/113 1649/118/113 1661/123/113
f 1650/119/113 1654/120/113 1664/124/113
f 1663/124/114 1652/120/114 1668/125/114
f 1667/125/7 1653/120/7 1672/126/7
f 1653/120/7 1655/121/7 1672/126/7
f 1671/126/115 1656/121/115 1676/127/115
f 1656/121/115 1658/122/115 1676/127/115
f 1675/127/1 1659/122/1 1678/128/1
f 1659/122/1 1662/123/1 1678/128/1
f 1663/124/114 1668/125/114 1677/129/114
f 1680/130/116 1665/131/116 1684/132/116
f 1683/132/116 1666/133/116 1685/134/116
f 1666/133/116 1669/135/116 1685/134/116
f 1688/136/116 1670/137/116 1692/138/116
f 1670/137/116 1673/139/116 1692/138/116
f 1691/138/116 1674/140/116 1694/141/116
f 1674/140/116 1679/142/116 1694/141/116
f 1680/130/116 1684/132/116 1693/141/116
f 1696/141/114 1681/132/114 1698/143/114
f 1698/143/114 1681/132/114 1702/144/114
f 1682/132/7 1686/134/7 1701/144/7
f 1701/144/7 1686/134/7 1703/145/7
f 1687/136/115 1689/138/115 1705/146/115
f 1705/146/115 1689/138/115 1707/147/115
f 1690/138/1 1695/141/1 1706/147/1
f 1695/141/1 1699/143/1 1706/147/1
f 1697/148/113 1700/149/113 1708/150/113
f 1704/151/113 1708/150/113 1700/149/113
f 1492/151/113 1496/149/113 1488/150/113
f 1278/151/113 1282/149/113 1274/150/113
f 1064/151/113 1068/149/113 1060/150/113
f 850/151/113 854/150/113 846/149/113
f 638/151/113 642/150/113 634/149/113
f 424/151/113 428/149/113 420/150/113
f 210/151/113 214/150/113 206/149/113
f 1710/152/115 1711/153/115 1713/154/115
f 1712/155/7 1717/156/7 1716/157/7
f 1716/157/7 1717/156/7 1719/158/7
s 1
f 1718/159/316 1722/160/317 1721/161/317
f 1721/161/317 1722/160/317 1726/162/317
s 0
f 1723/160/115 1727/163/115 1725/162/115
f 1725/162/115 1727/163/115 1729/164/115
s 1
f 1728/165/318 1732/166/319 1731/167/319
f 1731/167/319 1732/166/319 1736/168/318
s 0
f 1733/166/1 1737/169/1 1735/168/1
f 1735/168/1 1737/169/1 1740/170/1
f 1740/170/1 1737/169/1 1743/171/1
f 1737/169/1 1744/172/1 1743/171/1
s 1
f 1745/172/320 1746/173/2 1742/171/320
f 1742/171/320 1746/173/2 1748/174/2
f 1751/175/2 1747/176/2 1754/177/321
f 1747/176/2 1755/178/322 1754/177/321
s 0
f 1756/178/114 1757/179/114 1753/177/114
f 1753/177/114 1757/179/114 1760/180/114
f 1760/180/114 1757/179/114 1763/181/114
f 1757/179/114 1764/182/114 1763/181/114
s 1
f 1762/181/323 1765/182/323 1768/183/323
f 1765/182/323 1769/184/323 1768/183/323
s 0
f 1767/183/7 1770/184/7 1773/185/7
f 1770/184/7 1774/186/7 1773/185/7
s 1
f 1772/185/324 1775/186/324 1777/187/324
f 1775/186/324 1709/152/324 1777/187/324
s 0
f 1710/152/115 1713/154/115 1776/187/115
s 1
f 1778/188/325 1714/189/326 1782/190/327
f 1715/189/327 1720/188/328 1781/190/327
f 1781/190/327 1720/188/328 1784/191/329
f 1720/188/328 1724/192/330 1784/191/329
f 1784/191/329 1724/192/330 1786/193/331
f 1786/193/331 1724/192/330 1788/194/332
f 1724/192/330 1730/195/333 1788/194/332
f 1788/194/332 1730/195/333 1790/196/334
f 1730/195/333 1734/197/335 1790/196/334
f 1790/196/334 1734/197/335 1794/198/336
f 1734/197/335 1738/199/336 1794/198/336
f 1739/199/336 1741/197/337 1793/198/336
f 1793/198/336 1741/197/337 1796/196/338
f 1796/196/338 1741/197/337 1800/200/339
f 1741/197/337 1749/201/339 1800/200/339
f 1750/201/339 1752/197/340 1799/200/339
f 1799/200/339 1752/197/340 1802/196/341
f 1802/196/341 1752/197/340 1806/198/342
f 1752/197/340 1758/199/342 1806/198/342
f 1759/199/342 1761/197/343 1805/198/342
f 1805/198/342 1761/197/343 1808/196/344
f 1761/197/343 1766/195/345 1808/196/344
f 1808/196/344 1766/195/345 1810/194/346
f 1766/195/345 1771/192/347 1810/194/346
f 1810/194/346 1771/192/347 1812/193/348
f 1812/193/348 1771/192/347 1813/191/349
f 1771/192/347 1778/188/325 1813/191/349
f 1778/188/325 1782/190/327 1813/191/349
f 1814/191/350 1779/190/351 1816/202/352
f 1816/202/352 1779/190/351 1820/203/351
f 1819/203/351 1780/190/351 1822/202/353
f 1780/190/351 1783/191/354 1822/202/353
f 1822/202/353 1783/191/354 1824/204/355
f 1783/191/354 1785/193/356 1824/204/355
f 1824/204/355 1785/193/356 1826/205/357
f 1785/193/356 1787/194/358 1826/205/357
f 1787/194/358 1789/196/359 1826/205/357
f 1826/205/357 1789/196/359 1828/206/360
f 1789/196/359 1791/198/361 1828/206/360
f 1828/206/360 1791/198/361 1832/207/361
f 1831/207/361 1792/198/361 1834/206/362
f 1792/198/361 1795/196/363 1834/206/362
f 1795/196/363 1797/200/364 1834/206/362
f 1834/206/362 1797/200/364 1838/208/364
f 1837/208/364 1798/200/364 1840/206/365
f 1798/200/364 1801/196/366 1840/206/365
f 1801/196/366 1803/198/367 1840/206/365
f 1840/206/365 1803/198/367 1844/207/367
f 1843/207/367 1804/198/367 1846/206/368
f 1804/198/367 1807/196/369 1846/206/368
f 1846/206/368 1807/196/369 1848/205/370
f 1807/196/369 1809/194/371 1848/205/370
f 1809/194/371 1811/193/372 1848/205/370
f 1848/205/370 1811/193/372 1849/204/373
f 1811/193/372 1814/191/350 1849/204/373
f 1814/191/350 1816/202/352 1849/204/373
f 1850/204/374 1815/202/375 1852/209/376
f 1852/209/376 1815/202/375 1856/210/377
f 1815/202/375 1817/203/377 1856/210/377
f 1818/203/378 1821/202/379 1855/210/377
f 1855/210/377 1821/202/379 1858/209/380
f 1821/202/379 1823/204/381 1858/209/380
f 1858/209/380 1823/204/381 1860/211/382
f 1823/204/381 1825/205/383 1860/211/382
f 1860/211/382 1825/205/383 1862/212/384
f 1862/212/384 1825/205/383 1864/213/385
f 1825/205/383 1827/206/386 1864/213/385
f 1864/213/385 1827/206/386 1868/214/387
f 1827/206/386 1829/207/387 1868/214/387
f 1830/207/387 1833/206/388 1867/214/387
f 1867/214/387 1833/206/388 1870/213/389
f 1870/213/389 1833/206/388 1874/215/390
f 1833/206/388 1835/208/390 1874/215/390
f 1836/208/391 1839/206/392 1873/215/391
f 1873/215/391 1839/206/392 1876/213/393
f 1876/213/393 1839/206/392 1880/214/394
f 1839/206/392 1841/207/394 1880/214/394
f 1842/207/394 1845/206/395 1879/214/394
f 1879/214/394 1845/206/395 1882/213/396
f 1845/206/395 1847/205/397 1882/213/396
f 1882/213/396 1847/205/397 1884/212/398
f 1884/212/398 1847/205/397 1885/211/399
f 1847/205/397 1850/204/374 1885/211/399
f 1850/204/374 1852/209/376 1885/211/399
f 1886/211/400 1851/209/401 1887/216/402
f 1887/216/402 1851/209/401 1888/217/403
f 1851/209/401 1853/210/404 1888/217/403
f 1888/217/403 1853/210/404 1889/218/405
f 1890/218/405 1854/210/406 1891/217/407
f 1854/210/406 1857/209/408 1891/217/407
f 1891/217/407 1857/209/408 1892/216/409
f 1857/209/408 1859/211/410 1892/216/409
f 1892/216/409 1859/211/410 1893/219/411
f 1859/211/410 1861/212/412 1893/219/411
f 1861/212/412 1863/213/413 1893/219/411
f 1893/219/411 1863/213/413 1894/220/414
f 1863/213/413 1865/214/415 1894/220/414
f 1894/220/414 1865/214/415 1895/221/416
f 1896/221/417 1866/214/415 1897/220/418
f 1866/214/415 1869/213/419 1897/220/418
f 1869/213/419 1871/215/420 1897/220/418
f 1897/220/418 1871/215/420 1898/222/421
f 1899/222/421 1872/215/422 1900/220/423
f 1872/215/422 1875/213/424 1900/220/423
f 1875/213/424 1877/214/425 1900/220/423
f 1900/220/423 1877/214/425 1901/221/426
f 1902/221/426 1878/214/425 1903/220/427
f 1878/214/425 1881/213/428 1903/220/427
f 1903/220/427 1881/213/428 1904/219/429
f 1881/213/428 1883/212/430 1904/219/429
f 1883/212/430 1886/211/400 1904/219/429
f 1886/211/400 1887/216/402 1904/219/429
f 1904/219/429 1887/216/402 1905/223/431
f 1905/223/431 1887/216/402 1906/224/432
f 1887/216/402 1888/217/403 1906/224/432
f 1906/224/432 1888/217/403 1907/225/433
f 1888/217/403 1889/218/405 1907/225/433
f 1907/225/433 1889/218/405 1908/226/434
f 1909/226/435 1890/218/405 1910/225/436
f 1890/218/405 1891/217/407 1910/225/436
f 1910/225/436 1891/217/407 1911/224/437
f 1891/217/407 1892/216/409 1911/224/437
f 1911/224/437 1892/216/409 1912/223/438
f 1892/216/409 1893/219/411 1912/223/438
f 1912/223/438 1893/219/411 1913/227/439
f 1893/219/411 1894/220/414 1913/227/439
f 1894/220/414 1895/221/416 1913/227/439
f 1913/227/439 1895/221/416 1914/228/440
f 1915/228/440 1896/221/417 1916/227/441
f 1896/221/417 1897/220/418 1916/227/441
f 1897/220/418 1898/222/421 1916/227/441
f 1898/222/421 1918/229/442 1916/227/441
f 1916/227/441 1918/229/442 1922/230/443
f 1921/230/443 1917/229/444 1923/227/445
f 1917/229/444 1899/222/421 1923/227/445
f 1899/222/421 1900/220/423 1923/227/445
f 1900/220/423 1901/221/426 1923/227/445
f 1923/227/445 1901/221/426 1924/228/446
f 1925/228/446 1902/221/426 1926/227/447
f 1902/221/426 1903/220/427 1926/227/447
f 1903/220/427 1904/219/429 1926/227/447
f 1904/219/429 1905/223/431 1926/227/447
f 1926/227/447 1905/223/431 1928/231/448
f 1928/231/448 1905/223/431 1931/232/449
f 1931/232/449 1905/223/431 1934/233/450
f 1905/223/431 1906/224/432 1934/233/450
f 1934/233/450 1906/224/432 1936/234/451
f 1906/224/432 1907/225/433 1936/234/451
f 1936/234/451 1907/225/433 1940/235/452
f 1907/225/433 1908/226/434 1940/235/452
f 1909/226/435 1910/225/436 1939/235/453
f 1939/235/453 1910/225/436 1942/234/454
f 1910/225/436 1911/224/437 1942/234/454
f 1942/234/454 1911/224/437 1945/233/455
f 1911/224/437 1912/223/438 1945/233/455
f 1945/233/455 1912/223/438 1948/232/456
f 1948/232/456 1912/223/438 1950/231/457
f 1912/223/438 1913/227/439 1950/231/457
f 1950/231/457 1913/227/439 1954/236/458
f 1913/227/439 1914/228/440 1954/236/458
f 1915/228/440 1916/227/441 1953/236/458
f 1953/236/458 1916/227/441 1955/231/459
f 1916/227/441 1922/230/443 1955/231/459
f 1956/237/460 1919/238/443 1957/239/461
f 1958/239/462 1920/238/463 1959/237/464
f 1921/230/443 1923/227/445 1960/231/465
f 1960/231/465 1923/227/445 1962/236/466
f 1923/227/445 1924/228/446 1962/236/466
f 1925/228/446 1926/227/447 1961/236/466
f 1926/227/447 1928/231/448 1961/236/466
f 1964/240/467 1927/237/468 1966/241/469
f 1966/241/469 1927/237/468 1967/242/470
f 1927/237/468 1929/243/449 1967/242/470
f 1968/244/470 1930/245/471 1969/246/472
f 1930/245/471 1932/247/473 1969/246/472
f 1933/248/473 1935/249/474 1970/250/475
f 1970/250/475 1935/249/474 1971/251/476
f 1935/249/474 1937/252/453 1971/251/476
f 1938/252/452 1941/249/454 1972/251/477
f 1972/251/477 1941/249/454 1973/250/478
f 1941/249/454 1943/248/479 1973/250/478
f 1944/247/480 1946/245/481 1974/246/482
f 1974/246/482 1946/245/481 1975/244/483
f 1947/243/484 1949/237/485 1976/242/486
f 1976/242/486 1949/237/485 1977/241/487
f 1949/237/485 1951/240/488 1977/241/487
f 1978/241/487 1952/240/488 1979/253/489
f 1952/240/488 1956/237/460 1979/253/489
f 1956/237/460 1957/239/461 1979/253/489
f 1958/239/462 1959/237/464 1980/253/490
f 1959/237/464 1963/240/467 1980/253/490
f 1963/240/467 1965/241/469 1980/253/490
f 1980/253/490 1965/241/469 1981/254/491
f 1966/241/469 1967/242/470 1982/254/491
f 1982/254/491 1967/242/470 1983/255/492
f 1968/244/470 1969/246/472 1984/256/493
f 1984/256/493 1969/246/472 1985/257/494
f 1986/258/495 1970/250/475 1987/259/496
f 1970/250/475 1971/251/476 1987/259/496
f 1972/251/477 1973/250/478 1988/259/496
f 1988/259/496 1973/250/478 1989/258/497
f 1990/257/498 1974/246/482 1991/256/499
f 1974/246/482 1975/244/483 1991/256/499
f 1992/255/500 1976/242/486 1993/254/501
f 1976/242/486 1977/241/487 1993/254/501
f 1978/241/487 1979/253/489 1994/254/502
f 1994/254/502 1979/253/489 1995/260/104
f 1980/253/490 1981/254/491 1996/260/104
f 1996/260/104 1981/254/491 1997/261/503
f 1982/254/491 1983/255/492 1998/261/503
f 1998/261/503 1983/255/492 1999/262/504
f 2000/263/505 1984/256/493 2001/264/506
f 1984/256/493 1985/257/494 2001/264/506
f 2001/264/506 1986/258/495 2002/265/507
f 1986/258/495 1987/259/496 2002/265/507
f 1988/259/496 1989/258/497 2003/265/508
f 2003/265/508 1989/258/497 2004/264/509
f 1990/257/498 1991/256/499 2004/264/509
f 2004/264/509 1991/256/499 2005/263/510
f 2006/262/511 1992/255/500 2007/261/512
f 1992/255/500 1993/254/501 2007/261/512
f 1994/254/502 1995/260/104 2008/261/512
f 2008/261/512 1995/260/104 2009/266/513
f 1996/260/104 1997/261/503 2010/266/110
f 2013/267/112 2010/266/110 2018/268/114
f 2010/266/110 1997/261/503 2018/268/114
f 2017/268/114 1998/261/503 2019/269/177
f 1998/261/503 1999/262/504 2019/269/177
f 2022/270/6 2000/263/505 2024/271/247
f 2000/263/505 2001/264/506 2024/271/247
f 2024/271/247 2001/264/506 2028/272/9
f 2001/264/506 2002/265/507 2028/272/9
f 2003/265/508 2004/264/509 2027/272/247
f 2027/272/247 2004/264/509 2030/271/8
f 2004/264/509 2005/263/510 2030/271/8
f 2030/271/8 2005/263/510 2031/270/13
f 2006/262/511 2007/261/512 2034/269/214
f 2034/269/214 2007/261/512 2036/268/1
f 2008/261/512 2009/266/513 2035/268/1
f 2009/266/513 2014/267/2 2035/268/1
s 0
f 2038/268/113 2011/267/113 2040/273/113
f 2012/267/113 2015/268/113 2039/273/113
f 2015/268/113 2046/274/113 2039/273/113
f 2042/273/114 2043/274/114 2050/275/114
f 2049/275/114 2044/274/114 2054/276/114
f 2054/276/114 2044/274/114 2056/277/114
f 2045/274/113 2016/268/113 2055/277/113
f 2016/268/113 2020/269/113 2055/277/113
f 2058/278/113 2021/270/113 2061/279/113
f 2021/270/113 2023/271/113 2061/279/113
f 2023/271/113 2025/272/113 2061/279/113
f 2061/279/113 2025/272/113 2065/280/113
f 2064/280/113 2026/272/113 2068/279/113
f 2026/272/113 2029/271/113 2068/279/113
f 2029/271/113 2032/270/113 2068/279/113
f 2068/279/113 2032/270/113 2069/278/113
f 2033/269/113 2037/268/113 2072/277/113
f 2072/277/113 2037/268/113 2074/274/113
f 2038/268/113 2040/273/113 2073/274/113
f 2076/274/1 2041/273/1 2079/275/1
f 2079/275/1 2041/273/1 2082/281/1
f 2042/273/114 2050/275/114 2081/281/114
f 2087/282/116 2084/283/116 2090/284/116
f 2084/283/116 2047/285/116 2090/284/116
f 2048/285/116 2051/286/116 2089/284/116
f 2051/286/116 2096/287/116 2089/284/116
f 2092/284/114 2093/287/114 2099/288/114
f 2098/288/7 2094/287/7 2100/289/7
f 2095/287/116 2052/290/116 2103/289/116
f 2103/289/116 2052/290/116 2104/291/116
f 2053/292/7 2057/278/7 2107/293/7
f 2057/278/7 2059/279/7 2107/293/7
f 2106/293/115 2060/279/115 2111/294/115
f 2060/279/115 2062/280/115 2111/294/115
f 2063/280/7 2066/279/7 2110/294/7
f 2110/294/7 2066/279/7 2115/293/7
f 2067/279/115 2070/278/115 2114/293/115
f 2114/293/115 2070/278/115 2117/292/115
f 2071/277/1 2075/274/1 2116/276/1
f 2075/274/1 2080/275/1 2116/276/1
f 2122/287/116 2119/286/116 2125/284/116
f 2119/286/116 2077/285/116 2125/284/116
f 2078/285/116 2083/283/116 2124/284/116
f 2083/283/116 2088/282/116 2124/284/116
f 2127/284/1 2085/282/1 2131/295/1
f 2086/282/114 2091/284/114 2130/295/114
f 2130/295/114 2091/284/114 2133/296/114
f 2092/284/114 2099/288/114 2132/296/114
f 2135/297/113 2097/298/113 2136/299/113
f 2098/288/7 2100/289/7 2138/300/7
f 2137/300/115 2101/289/115 2139/301/115
f 2102/289/116 2105/302/116 2142/301/116
f 2105/302/116 2108/303/116 2142/301/116
f 2109/303/116 2112/302/116 2141/301/116
f 2141/301/116 2112/302/116 2144/289/116
f 2113/291/116 2118/290/116 2143/289/116
f 2118/290/116 2123/287/116 2143/289/116
f 2146/289/115 2120/287/115 2149/288/115
f 2121/287/1 2126/284/1 2148/288/1
f 2148/288/1 2126/284/1 2151/296/1
f 2127/284/1 2131/295/1 2150/296/1
f 2153/297/113 2128/304/113 2155/305/113
f 2129/304/113 2134/297/113 2154/305/113
f 2135/297/113 2136/299/113 2157/305/113
f 2157/305/113 2136/299/113 2158/306/113
f 2137/300/115 2139/301/115 2161/307/115
f 2160/307/7 2140/301/7 2163/300/7
f 2140/301/7 2145/289/7 2163/300/7
f 2146/289/115 2149/288/115 2162/300/115
f 2147/298/113 2152/297/113 2164/299/113
f 2152/297/113 2156/305/113 2164/299/113
f 2166/156/1 2167/155/1 2169/157/1
f 2168/153/115 2173/152/115 2172/154/115
f 2172/154/115 2173/152/115 2177/187/115
s 1
f 2174/152/514 2178/186/515 2176/187/515
f 2176/187/515 2178/186/515 2182/185/515
s 0
f 2179/186/1 2183/184/1 2181/185/1
f 2181/185/1 2183/184/1 2187/183/1
s 1
f 2184/184/516 2188/182/517 2186/183/517
f 2186/183/517 2188/182/517 2192/181/517
s 0
f 2189/182/114 2193/179/114 2191/181/114
f 2191/181/114 2193/179/114 2196/180/114
f 2196/180/114 2193/179/114 2199/177/114
f 2193/179/114 2200/178/114 2199/177/114
s 1
f 2201/178/518 2202/176/6 2198/177/323
f 2198/177/323 2202/176/6 2204/175/6
f 2207/174/275 2203/173/6 2210/171/519
f 2203/173/6 2211/172/520 2210/171/519
s 0
f 2212/172/7 2213/169/7 2209/171/7
f 2209/171/7 2213/169/7 2216/170/7
f 2216/170/7 2213/169/7 2219/168/7
f 2213/169/7 2220/166/7 2219/168/7
s 1
f 2218/168/317 2221/166/316 2222/167/317
f 2221/166/316 2225/165/317 2222/167/317
s 0
f 2224/164/115 2226/163/115 2229/162/115
f 2226/163/115 2230/160/115 2229/162/115
s 1
f 2228/162/318 2231/160/318 2233/161/318
f 2231/160/318 2165/159/319 2233/161/318
s 0
f 2166/156/1 2169/157/1 2232/158/1
s 1
f 2234/188/335 2170/189/521 2238/190/522
f 2171/189/522 2175/188/523 2237/190/522
f 2237/190/522 2175/188/523 2240/191/524
f 2175/188/523 2180/192/525 2240/191/524
f 2240/191/524 2180/192/525 2242/193/526
f 2242/193/526 2180/192/525 2244/194/527
f 2180/192/525 2185/195/528 2244/194/527
f 2244/194/527 2185/195/528 2246/196/341
f 2185/195/528 2190/197/340 2246/196/341
f 2246/196/341 2190/197/340 2250/198/342
f 2190/197/340 2194/199/342 2250/198/342
f 2195/199/342 2197/197/343 2249/198/342
f 2249/198/342 2197/197/343 2252/196/344
f 2252/196/344 2197/197/343 2256/200/529
f 2197/197/343 2205/201/529 2256/200/529
f 2206/201/529 2208/197/530 2255/200/529
f 2255/200/529 2208/197/530 2258/196/531
f 2258/196/531 2208/197/530 2262/198/532
f 2208/197/530 2214/199/532 2262/198/532
f 2215/199/532 2217/197/328 2261/198/532
f 2261/198/532 2217/197/328 2264/196/329
f 2217/197/328 2223/195/330 2264/196/329
f 2264/196/329 2223/195/330 2266/194/533
f 2223/195/330 2227/192/534 2266/194/533
f 2266/194/533 2227/192/534 2268/193/332
f 2268/193/332 2227/192/534 2269/191/334
f 2227/192/534 2234/188/335 2269/191/334
f 2234/188/335 2238/190/522 2269/191/334
f 2270/191/535 2235/190/536 2272/202/537
f 2272/202/537 2235/190/536 2276/203/536
f 2275/203/536 2236/190/536 2278/202/538
f 2236/190/536 2239/191/539 2278/202/538
f 2278/202/538 2239/191/539 2280/204/540
f 2239/191/539 2241/193/541 2280/204/540
f 2280/204/540 2241/193/541 2282/205/542
f 2241/193/541 2243/194/543 2282/205/542
f 2243/194/543 2245/196/544 2282/205/542
f 2282/205/542 2245/196/544 2284/206/365
f 2245/196/544 2247/198/367 2284/206/365
f 2284/206/365 2247/198/367 2288/207/367
f 2287/207/367 2248/198/367 2290/206/368
f 2248/198/367 2251/196/545 2290/206/368
f 2251/196/545 2253/200/546 2290/206/368
f 2290/206/368 2253/200/546 2294/208/546
f 2293/208/546 2254/200/546 2296/206/547
f 2254/200/546 2257/196/548 2296/206/547
f 2257/196/548 2259/198/549 2296/206/547
f 2296/206/547 2259/198/549 2300/207/549
f 2299/207/549 2260/198/549 2302/206/353
f 2260/198/549 2263/196/354 2302/206/353
f 2302/206/353 2263/196/354 2304/205/550
f 2263/196/354 2265/194/356 2304/205/550
f 2265/194/356 2267/193/358 2304/205/550
f 2304/205/550 2267/193/358 2305/204/551
f 2267/193/358 2270/191/535 2305/204/551
f 2270/191/535 2272/202/537 2305/204/551
f 2306/204/383 2271/202/552 2308/209/385
f 2308/209/385 2271/202/552 2312/210/553
f 2271/202/552 2273/203/554 2312/210/553
f 2274/203/553 2277/202/555 2311/210/553
f 2311/210/553 2277/202/555 2314/209/556
f 2277/202/555 2279/204/557 2314/209/556
f 2314/209/556 2279/204/557 2316/211/558
f 2279/204/557 2281/205/559 2316/211/558
f 2316/211/558 2281/205/559 2318/212/560
f 2318/212/560 2281/205/559 2320/213/393
f 2281/205/559 2283/206/392 2320/213/393
f 2320/213/393 2283/206/392 2324/214/561
f 2283/206/392 2285/207/561 2324/214/561
f 2286/207/394 2289/206/562 2323/214/394
f 2323/214/394 2289/206/562 2326/213/396
f 2326/213/396 2289/206/562 2330/215/563
f 2289/206/562 2291/208/563 2330/215/563
f 2292/208/563 2295/206/564 2329/215/563
f 2329/215/563 2295/206/564 2332/213/565
f 2332/213/565 2295/206/564 2336/214/566
f 2295/206/564 2297/207/566 2336/214/566
f 2298/207/566 2301/206/567 2335/214/566
f 2335/214/566 2301/206/567 2338/213/380
f 2301/206/567 2303/205/381 2338/213/380
f 2338/213/380 2303/205/381 2340/212/568
f 2340/212/568 2303/205/381 2341/211/384
f 2303/205/381 2306/204/383 2341/211/384
f 2306/204/383 2308/209/385 2341/211/384
f 2342/211/569 2307/209/413 2343/216/570
f 2343/216/570 2307/209/413 2344/217/414
f 2307/209/413 2309/210/571 2344/217/414
f 2344/217/414 2309/210/571 2345/218/572
f 2346/218/573 2310/210/574 2347/217/575
f 2310/210/574 2313/209/576 2347/217/575
f 2347/217/575 2313/209/576 2348/216/577
f 2313/209/576 2315/211/578 2348/216/577
f 2348/216/577 2315/211/578 2349/219/579
f 2315/211/578 2317/212/580 2349/219/579
f 2317/212/580 2319/213/581 2349/219/579
f 2349/219/579 2319/213/581 2350/220/423
f 2319/213/581 2321/214/425 2350/220/423
f 2350/220/423 2321/214/425 2351/221/582
f 2352/221/582 2322/214/425 2353/220/427
f 2322/214/425 2325/213/428 2353/220/427
f 2325/213/428 2327/215/583 2353/220/427
f 2353/220/427 2327/215/583 2354/222/584
f 2355/222/584 2328/215/583 2356/220/585
f 2328/215/583 2331/213/586 2356/220/585
f 2331/213/586 2333/214/587 2356/220/585
f 2356/220/585 2333/214/587 2357/221/588
f 2358/221/588 2334/214/589 2359/220/407
f 2334/214/589 2337/213/590 2359/220/407
f 2359/220/407 2337/213/590 2360/219/409
f 2337/213/590 2339/212/410 2360/219/409
f 2339/212/410 2342/211/569 2360/219/409
f 2342/211/569 2343/216/570 2360/219/409
f 2360/219/409 2343/216/570 2361/223/591
f 2361/223/591 2343/216/570 2362/224/438
f 2343/216/570 2344/217/414 2362/224/438
f 2362/224/438 2344/217/414 2363/225/592
f 2344/217/414 2345/218/572 2363/225/592
f 2363/225/592 2345/218/572 2364/226/593
f 2365/226/594 2346/218/573 2366/225/595
f 2346/218/573 2347/217/575 2366/225/595
f 2366/225/595 2347/217/575 2367/224/596
f 2347/217/575 2348/216/577 2367/224/596
f 2367/224/596 2348/216/577 2368/223/597
f 2348/216/577 2349/219/579 2368/223/597
f 2368/223/597 2349/219/579 2369/227/445
f 2349/219/579 2350/220/423 2369/227/445
f 2350/220/423 2351/221/582 2369/227/445
f 2369/227/445 2351/221/582 2370/228/446
f 2371/228/446 2352/221/582 2372/227/447
f 2352/221/582 2353/220/427 2372/227/447
f 2353/220/427 2354/222/584 2372/227/447
f 2354/222/584 2374/229/598 2372/227/447
f 2372/227/447 2374/229/598 2378/230/599
f 2377/230/599 2373/229/600 2379/227/601
f 2373/229/600 2355/222/584 2379/227/601
f 2355/222/584 2356/220/585 2379/227/601
f 2356/220/585 2357/221/588 2379/227/601
f 2379/227/601 2357/221/588 2380/228/602
f 2381/228/602 2358/221/588 2382/227/436
f 2358/221/588 2359/220/407 2382/227/436
f 2359/220/407 2360/219/409 2382/227/436
f 2360/219/409 2361/223/591 2382/227/436
f 2382/227/436 2361/223/591 2384/231/603
f 2384/231/603 2361/223/591 2387/232/604
f 2387/232/604 2361/223/591 2390/233/605
f 2361/223/591 2362/224/438 2390/233/605
f 2390/233/605 2362/224/438 2392/234/606
f 2362/224/438 2363/225/592 2392/234/606
f 2392/234/606 2363/225/592 2396/235/607
f 2363/225/592 2364/226/593 2396/235/607
f 2365/226/594 2366/225/595 2395/235/608
f 2395/235/608 2366/225/595 2398/234/609
f 2366/225/595 2367/224/596 2398/234/609
f 2398/234/609 2367/224/596 2401/233/610
f 2367/224/596 2368/223/597 2401/233/610
f 2401/233/610 2368/223/597 2404/232/611
f 2404/232/611 2368/223/597 2406/231/612
f 2368/223/597 2369/227/445 2406/231/612
f 2406/231/612 2369/227/445 2410/236/466
f 2369/227/445 2370/228/446 2410/236/466
f 2371/228/446 2372/227/447 2409/236/466
f 2409/236/466 2372/227/447 2411/231/613
f 2372/227/447 2378/230/599 2411/231/613
f 2412/237/468 2375/238/614 2413/239/615
f 2414/239/616 2376/238/617 2415/237/618
f 2377/230/599 2379/227/601 2416/231/619
f 2416/231/619 2379/227/601 2418/236/620
f 2379/227/601 2380/228/602 2418/236/620
f 2381/228/602 2382/227/436 2417/236/620
f 2382/227/436 2384/231/603 2417/236/620
f 2420/240/621 2383/237/622 2422/241/623
f 2422/241/623 2383/237/622 2423/242/624
f 2383/237/622 2385/243/479 2423/242/624
f 2424/244/625 2386/245/480 2425/246/626
f 2386/245/480 2388/247/481 2425/246/626
f 2389/248/605 2391/249/627 2426/250/628
f 2426/250/628 2391/249/627 2427/251/629
f 2391/249/627 2393/252/630 2427/251/629
f 2394/252/607 2397/249/631 2428/251/632
f 2428/251/632 2397/249/631 2429/250/633
f 2397/249/631 2399/248/610 2429/250/633
f 2400/247/634 2402/245/635 2430/246/636
f 2430/246/636 2402/245/635 2431/244/637
f 2403/243/638 2405/237/464 2432/242/637
f 2432/242/637 2405/237/464 2433/241/469
f 2405/237/464 2407/240/467 2433/241/469
f 2434/241/469 2408/240/467 2435/253/639
f 2408/240/467 2412/237/468 2435/253/639
f 2412/237/468 2413/239/615 2435/253/639
f 2414/239/616 2415/237/618 2436/253/640
f 2415/237/618 2419/240/621 2436/253/640
f 2419/240/621 2421/241/623 2436/253/640
f 2436/253/640 2421/241/623 2437/254/641
f 2422/241/623 2423/242/624 2438/254/642
f 2438/254/642 2423/242/624 2439/255/497
f 2424/244/625 2425/246/626 2440/256/643
f 2440/256/643 2425/246/626 2441/257/499
f 2442/258/644 2426/250/628 2443/259/645
f 2426/250/628 2427/251/629 2443/259/645
f 2428/251/632 2429/250/633 2444/259/646
f 2444/259/646 2429/250/633 2445/258/647
f 2446/257/648 2430/246/636 2447/256/649
f 2430/246/636 2431/244/637 2447/256/649
f 2448/255/650 2432/242/637 2449/254/491
f 2432/242/637 2433/241/469 2449/254/491
f 2434/241/469 2435/253/639 2450/254/491
f 2450/254/491 2435/253/639 2451/260/101
f 2436/253/640 2437/254/641 2452/260/101
f 2452/260/101 2437/254/641 2453/261/651
f 2438/254/642 2439/255/497 2454/261/652
f 2454/261/652 2439/255/497 2455/262/509
f 2456/263/653 2440/256/643 2457/264/511
f 2440/256/643 2441/257/499 2457/264/511
f 2457/264/511 2442/258/644 2458/265/654
f 2442/258/644 2443/259/645 2458/265/654
f 2444/259/646 2445/258/647 2459/265/655
f 2459/265/655 2445/258/647 2460/264/656
f 2446/257/648 2447/256/649 2460/264/656
f 2460/264/656 2447/256/649 2461/263/657
f 2462/262/658 2448/255/650 2463/261/503
f 2448/255/650 2449/254/491 2463/261/503
f 2450/254/491 2451/260/101 2464/261/659
f 2464/261/659 2451/260/101 2465/266/106
f 2452/260/101 2453/261/651 2466/266/660
f 2469/267/6 2466/266/660 2474/268/7
f 2466/266/660 2453/261/651 2474/268/7
f 2473/268/7 2454/261/652 2475/269/247
f 2454/261/652 2455/262/509 2475/269/247
f 2478/270/9 2456/263/653 2480/271/111
f 2456/263/653 2457/264/511 2480/271/111
f 2480/271/111 2457/264/511 2484/272/214
f 2457/264/511 2458/265/654 2484/272/214
f 2459/265/655 2460/264/656 2483/272/13
f 2483/272/13 2460/264/656 2486/271/214
f 2460/264/656 2461/263/657 2486/271/214
f 2486/271/214 2461/263/657 2487/270/2
f 2462/262/658 2463/261/503 2490/269/112
f 2490/269/112 2463/261/503 2492/268/114
f 2464/261/659 2465/266/106 2491/268/114
f 2465/266/106 2470/267/177 2491/268/114
s 0
f 2497/274/113 2494/268/113 2502/273/113
f 2494/268/113 2467/267/113 2502/273/113
f 2468/267/113 2471/268/113 2501/273/113
f 2501/273/113 2471/268/113 2506/274/113
f 2505/274/113 2472/268/113 2507/277/113
f 2472/268/113 2476/269/113 2507/277/113
f 2510/278/113 2477/270/113 2513/279/113
f 2477/270/113 2479/271/113 2513/279/113
f 2479/271/113 2481/272/113 2513/279/113
f 2513/279/113 2481/272/113 2517/280/113
f 2516/280/113 2482/272/113 2520/279/113
f 2482/272/113 2485/271/113 2520/279/113
f 2485/271/113 2488/270/113 2520/279/113
f 2520/279/113 2488/270/113 2521/278/113
f 2489/269/113 2493/268/113 2524/277/113
f 2493/268/113 2498/274/113 2524/277/113
f 2523/277/114 2495/274/114 2528/276/114
f 2528/276/114 2495/274/114 2532/275/114
f 2496/274/114 2499/273/114 2531/275/114
f 2531/275/114 2499/273/114 2536/281/114
f 2535/281/7 2500/273/7 2540/275/7
f 2500/273/7 2503/274/7 2540/275/7
f 2539/275/7 2504/274/7 2541/276/7
f 2504/274/7 2508/277/7 2541/276/7
f 2544/292/115 2509/278/115 2548/293/115
f 2509/278/115 2511/279/115 2548/293/115
f 2547/293/1 2512/279/1 2552/294/1
f 2512/279/1 2514/280/1 2552/294/1
f 2515/280/115 2518/279/115 2551/294/115
f 2551/294/115 2518/279/115 2554/293/115
f 2519/279/1 2522/278/1 2553/293/1
f 2522/278/1 2525/292/1 2553/293/1
f 2556/291/116 2526/290/116 2557/289/116
f 2526/290/116 2564/287/116 2557/289/116
f 2560/289/1 2561/287/1 2567/288/1
f 2566/288/114 2562/287/114 2568/284/114
f 2563/287/116 2527/286/116 2571/284/116
f 2527/286/116 2529/285/116 2571/284/116
f 2530/285/116 2533/283/116 2570/284/116
f 2570/284/116 2533/283/116 2575/282/116
f 2574/282/116 2534/283/116 2577/284/116
f 2534/283/116 2537/285/116 2577/284/116
f 2538/285/116 2542/286/116 2576/284/116
f 2542/286/116 2583/287/116 2576/284/116
f 2579/284/7 2580/287/7 2586/288/7
f 2585/288/115 2581/287/115 2587/289/115
f 2582/287/116 2543/290/116 2590/289/116
f 2543/290/116 2545/291/116 2590/289/116
f 2589/289/116 2546/302/116 2592/301/116
f 2546/302/116 2549/303/116 2592/301/116
f 2550/303/116 2555/302/116 2591/301/116
f 2555/302/116 2558/289/116 2591/301/116
f 2594/301/115 2559/289/115 2596/300/115
f 2560/289/1 2567/288/1 2595/300/1
f 2597/299/113 2565/298/113 2598/297/113
f 2566/288/114 2568/284/114 2601/296/114
f 2600/296/114 2569/284/114 2605/295/114
f 2569/284/114 2572/282/114 2605/295/114
f 2573/282/7 2578/284/7 2604/295/7
f 2604/295/7 2578/284/7 2607/296/7
f 2579/284/7 2586/288/7 2606/296/7
f 2609/297/113 2584/298/113 2610/299/113
f 2585/288/115 2587/289/115 2612/300/115
f 2588/289/1 2593/301/1 2611/300/1
f 2611/300/1 2593/301/1 2614/307/1
f 2594/301/115 2596/300/115 2613/307/115
f 2616/306/113 2597/299/113 2619/305/113
f 2597/299/113 2598/297/113 2619/305/113
f 2599/297/113 2602/304/113 2618/305/113
f 2603/304/113 2608/297/113 2617/305/113
f 2609/297/113 2610/299/113 2620/305/113
f 2622/152/114 2623/308/114 2628/309/114
f 2624/308/1 2629/156/1 2627/309/1
f 2627/309/1 2629/156/1 2631/158/1
s 1
f 2630/159/661 2634/160/661 2633/161/661
f 2633/161/661 2634/160/661 2638/162/661
s 0
f 2635/160/114 2639/163/114 2637/162/114
f 2637/162/114 2639/163/114 2641/164/114
s 1
f 2640/165/520 2644/166/520 2643/167/520
f 2643/167/520 2644/166/520 2648/168/520
s 0
f 2645/166/7 2649/169/7 2647/168/7
f 2647/168/7 2649/169/7 2652/170/7
f 2652/170/7 2649/169/7 2655/171/7
f 2649/169/7 2656/172/7 2655/171/7
s 1
f 2657/172/317 2658/173/9 2654/171/662
f 2654/171/662 2658/173/9 2660/174/9
f 2663/175/9 2659/176/8 2666/177/324
f 2659/176/8 2667/178/663 2666/177/324
s 0
f 2668/178/115 2669/179/115 2665/177/115
f 2665/177/115 2669/179/115 2672/180/115
f 2672/180/115 2669/179/115 2675/181/115
f 2669/179/115 2676/182/115 2675/181/115
s 1
f 2674/181/515 2677/182/515 2680/183/515
f 2677/182/515 2681/184/514 2680/183/515
s 0
f 2679/183/1 2682/184/1 2685/185/1
f 2682/184/1 2686/186/1 2685/185/1
s 1
f 2684/185/517 2687/186/517 2689/187/517
f 2687/186/517 2621/152/516 2689/187/517
s 0
f 2622/152/114 2628/309/114 2688/187/114
s 1
f 2690/188/340 2625/189/664 2694/190/665
f 2626/189/665 2632/188/337 2693/190/665
f 2693/190/665 2632/188/337 2696/191/338
f 2632/188/337 2636/192/666 2696/191/338
f 2696/191/338 2636/192/666 2698/193/667
f 2698/193/667 2636/192/666 2700/194/668
f 2636/192/666 2642/195/669 2700/194/668
f 2700/194/668 2642/195/669 2702/196/531
f 2642/195/669 2646/197/530 2702/196/531
f 2702/196/531 2646/197/530 2706/198/532
f 2646/197/530 2650/199/532 2706/198/532
f 2651/199/532 2653/197/328 2705/198/532
f 2705/198/532 2653/197/328 2708/196/329
f 2708/196/329 2653/197/328 2712/200/670
f 2653/197/328 2661/201/670 2712/200/670
f 2662/201/670 2664/197/325 2711/200/670
f 2711/200/670 2664/197/325 2714/196/671
f 2714/196/671 2664/197/325 2718/198/672
f 2664/197/325 2670/199/672 2718/198/672
f 2671/199/672 2673/197/523 2717/198/672
f 2717/198/672 2673/197/523 2720/196/524
f 2673/197/523 2678/195/673 2720/196/524
f 2720/196/524 2678/195/673 2722/194/526
f 2678/195/673 2683/192/674 2722/194/526
f 2722/194/526 2683/192/674 2724/193/675
f 2724/193/675 2683/192/674 2725/191/341
f 2683/192/674 2690/188/340 2725/191/341
f 2690/188/340 2694/190/665 2725/191/341
f 2726/191/366 2691/190/676 2728/202/365
f 2728/202/365 2691/190/676 2732/203/676
f 2731/203/676 2692/190/676 2734/202/677
f 2692/190/676 2695/191/678 2734/202/677
f 2734/202/677 2695/191/678 2736/204/679
f 2695/191/678 2697/193/680 2736/204/679
f 2736/204/679 2697/193/680 2738/205/681
f 2697/193/680 2699/194/682 2738/205/681
f 2699/194/682 2701/196/683 2738/205/681
f 2738/205/681 2701/196/683 2740/206/684
f 2701/196/683 2703/198/549 2740/206/684
f 2740/206/684 2703/198/549 2744/207/549
f 2743/207/549 2704/198/549 2746/206/353
f 2704/198/549 2707/196/354 2746/206/353
f 2707/196/354 2709/200/685 2746/206/353
f 2746/206/353 2709/200/685 2750/208/685
f 2749/208/685 2710/200/685 2752/206/352
f 2710/200/685 2713/196/686 2752/206/352
f 2713/196/686 2715/198/687 2752/206/352
f 2752/206/352 2715/198/687 2756/207/687
f 2755/207/687 2716/198/687 2758/206/538
f 2716/198/687 2719/196/539 2758/206/538
f 2758/206/538 2719/196/539 2760/205/540
f 2719/196/539 2721/194/541 2760/205/540
f 2721/194/541 2723/193/543 2760/205/540
f 2760/205/540 2723/193/543 2761/204/542
f 2723/193/543 2726/191/366 2761/204/542
f 2726/191/366 2728/202/365 2761/204/542
f 2762/204/559 2727/202/688 2764/209/393
f 2764/209/393 2727/202/688 2768/210/689
f 2727/202/688 2729/203/689 2768/210/689
f 2730/203/690 2733/202/388 2767/210/689
f 2767/210/689 2733/202/388 2770/209/389
f 2733/202/388 2735/204/691 2770/209/389
f 2770/209/389 2735/204/691 2772/211/692
f 2735/204/691 2737/205/693 2772/211/692
f 2772/211/692 2737/205/693 2774/212/694
f 2774/212/694 2737/205/693 2776/213/565
f 2737/205/693 2739/206/695 2776/213/565
f 2776/213/565 2739/206/695 2780/214/566
f 2739/206/695 2741/207/566 2780/214/566
f 2742/207/566 2745/206/379 2779/214/566
f 2779/214/566 2745/206/379 2782/213/380
f 2782/213/380 2745/206/379 2786/215/696
f 2745/206/379 2747/208/696 2786/215/696
f 2748/208/696 2751/206/697 2785/215/696
f 2785/215/696 2751/206/697 2788/213/376
f 2788/213/376 2751/206/697 2792/214/698
f 2751/206/697 2753/207/698 2792/214/698
f 2754/207/698 2757/206/699 2791/214/698
f 2791/214/698 2757/206/699 2794/213/556
f 2757/206/699 2759/205/557 2794/213/556
f 2794/213/556 2759/205/557 2796/212/558
f 2796/212/558 2759/205/557 2797/211/560
f 2759/205/557 2762/204/559 2797/211/560
f 2762/204/559 2764/209/393 2797/211/560
f 2798/211/580 2763/209/424 2799/216/700
f 2799/216/700 2763/209/424 2800/217/423
f 2763/209/424 2765/210/701 2800/217/423
f 2800/217/423 2765/210/701 2801/218/702
f 2802/218/703 2766/210/704 2803/217/418
f 2766/210/704 2769/209/705 2803/217/418
f 2803/217/418 2769/209/705 2804/216/706
f 2769/209/705 2771/211/707 2804/216/706
f 2804/216/706 2771/211/707 2805/219/708
f 2771/211/707 2773/212/709 2805/219/708
f 2773/212/709 2775/213/586 2805/219/708
f 2805/219/708 2775/213/586 2806/220/585
f 2775/213/586 2777/214/587 2806/220/585
f 2806/220/585 2777/214/587 2807/221/588
f 2808/221/588 2778/214/587 2809/220/407
f 2778/214/587 2781/213/408 2809/220/407
f 2781/213/408 2783/215/710 2809/220/407
f 2809/220/407 2783/215/710 2810/222/711
f 2811/222/711 2784/215/712 2812/220/403
f 2784/215/712 2787/213/401 2812/220/403
f 2787/213/401 2789/214/713 2812/220/403
f 2812/220/403 2789/214/713 2813/221/714
f 2814/221/714 2790/214/713 2815/220/575
f 2790/214/713 2793/213/715 2815/220/575
f 2815/220/575 2793/213/715 2816/219/577
f 2793/213/715 2795/212/578 2816/219/577
f 2795/212/578 2798/211/580 2816/219/577
f 2798/211/580 2799/216/700 2816/219/577
f 2816/219/577 2799/216/700 2817/223/596
f 2817/223/596 2799/216/700 2818/224/597
f 2799/216/700 2800/217/423 2818/224/597
f 2818/224/597 2800/217/423 2819/225/445
f 2800/217/423 2801/218/702 2819/225/445
f 2819/225/445 2801/218/702 2820/226/716
f 2821/226/717 2802/218/703 2822/225/718
f 2802/218/703 2803/217/418 2822/225/718
f 2822/225/718 2803/217/418 2823/224/719
f 2803/217/418 2804/216/706 2823/224/719
f 2823/224/719 2804/216/706 2824/223/720
f 2804/216/706 2805/219/708 2824/223/720
f 2824/223/720 2805/219/708 2825/227/601
f 2805/219/708 2806/220/585 2825/227/601
f 2806/220/585 2807/221/588 2825/227/601
f 2825/227/601 2807/221/588 2826/228/602
f 2827/228/602 2808/221/588 2828/227/436
f 2808/221/588 2809/220/407 2828/227/436
f 2809/220/407 2810/222/711 2828/227/436
f 2810/222/711 2830/229/721 2828/227/436
f 2828/227/436 2830/229/721 2834/230/722
f 2833/230/722 2829/229/723 2835/227/433
f 2829/229/723 2811/222/711 2835/227/433
f 2811/222/711 2812/220/403 2835/227/433
f 2812/220/403 2813/221/714 2835/227/433
f 2835/227/433 2813/221/714 2836/228/724
f 2837/228/724 2814/221/714 2838/227/725
f 2814/221/714 2815/220/575 2838/227/725
f 2815/220/575 2816/219/577 2838/227/725
f 2816/219/577 2817/223/596 2838/227/725
f 2838/227/725 2817/223/596 2840/231/726
f 2840/231/726 2817/223/596 2843/232/610
f 2843/232/610 2817/223/596 2846/233/611
f 2817/223/596 2818/224/597 2846/233/611
f 2846/233/611 2818/224/597 2848/234/727
f 2818/224/597 2819/225/445 2848/234/727
f 2848/234/727 2819/225/445 2852/235/728
f 2819/225/445 2820/226/716 2852/235/728
f 2821/226/717 2822/225/718 2851/235/729
f 2851/235/729 2822/225/718 2854/234/730
f 2822/225/718 2823/224/719 2854/234/730
f 2854/234/730 2823/224/719 2857/233/731
f 2823/224/719 2824/223/720 2857/233/731
f 2857/233/731 2824/223/720 2860/232/732
f 2860/232/732 2824/223/720 2862/231/619
f 2824/223/720 2825/227/601 2862/231/619
f 2862/231/619 2825/227/601 2866/236/620
f 2825/227/601 2826/228/602 2866/236/620
f 2827/228/602 2828/227/436 2865/236/620
f 2865/236/620 2828/227/436 2867/231/733
f 2828/227/436 2834/230/722 2867/231/733
f 2868/237/622 2831/238/734 2869/239/735
f 2870/239/736 2832/238/722 2871/237/737
f 2833/230/722 2835/227/433 2872/231/738
f 2872/231/738 2835/227/433 2874/236/739
f 2835/227/433 2836/228/724 2874/236/739
f 2837/228/724 2838/227/725 2873/236/739
f 2838/227/725 2840/231/726 2873/236/739
f 2876/240/740 2839/237/741 2878/241/742
f 2878/241/742 2839/237/741 2879/242/743
f 2839/237/741 2841/243/744 2879/242/743
f 2880/244/745 2842/245/634 2881/246/746
f 2842/245/634 2844/247/635 2881/246/746
f 2845/248/611 2847/249/747 2882/250/748
f 2882/250/748 2847/249/747 2883/251/749
f 2847/249/747 2849/252/750 2883/251/749
f 2850/252/750 2853/249/751 2884/251/752
f 2884/251/752 2853/249/751 2885/250/753
f 2853/249/751 2855/248/754 2885/250/753
f 2856/247/755 2858/245/756 2886/246/757
f 2886/246/757 2858/245/756 2887/244/758
f 2859/243/759 2861/237/618 2888/242/760
f 2888/242/760 2861/237/618 2889/241/623
f 2861/237/618 2863/240/621 2889/241/623
f 2890/241/623 2864/240/621 2891/253/761
f 2864/240/621 2868/237/622 2891/253/761
f 2868/237/622 2869/239/735 2891/253/761
f 2870/239/736 2871/237/737 2892/253/762
f 2871/237/737 2875/240/740 2892/253/762
f 2875/240/740 2877/241/742 2892/253/762
f 2892/253/762 2877/241/742 2893/254/763
f 2878/241/742 2879/242/743 2894/254/763
f 2894/254/763 2879/242/743 2895/255/647
f 2880/244/745 2881/246/746 2896/256/764
f 2896/256/764 2881/246/746 2897/257/649
f 2898/258/650 2882/250/748 2899/259/765
f 2882/250/748 2883/251/749 2899/259/765
f 2884/251/752 2885/250/753 2900/259/765
f 2900/259/765 2885/250/753 2901/258/766
f 2902/257/767 2886/246/757 2903/256/768
f 2886/246/757 2887/244/758 2903/256/768
f 2904/255/769 2888/242/760 2905/254/642
f 2888/242/760 2889/241/623 2905/254/642
f 2890/241/623 2891/253/761 2906/254/641
f 2906/254/641 2891/253/761 2907/260/102
f 2892/253/762 2893/254/763 2908/260/102
f 2908/260/102 2893/254/763 2909/261/770
f 2894/254/763 2895/255/647 2910/261/771
f 2910/261/771 2895/255/647 2911/262/656
f 2912/263/772 2896/256/764 2913/264/773
f 2896/256/764 2897/257/649 2913/264/773
f 2913/264/773 2898/258/650 2914/265/774
f 2898/258/650 2899/259/765 2914/265/774
f 2900/259/765 2901/258/766 2915/265/775
f 2915/265/775 2901/258/766 2916/264/776
f 2902/257/767 2903/256/768 2916/264/776
f 2916/264/776 2903/256/768 2917/263/777
f 2918/262/778 2904/255/769 2919/261/651
f 2904/255/769 2905/254/642 2919/261/651
f 2906/254/641 2907/260/102 2920/261/652
f 2920/261/652 2907/260/102 2921/266/779
f 2908/260/102 2909/261/770 2922/266/175
f 2925/267/9 2922/266/175 2930/268/115
f 2922/266/175 2909/261/770 2930/268/115
f 2929/268/115 2910/261/771 2931/269/13
f 2910/261/771 2911/262/656 2931/269/13
f 2934/270/214 2912/263/772 2936/271/213
f 2912/263/772 2913/264/773 2936/271/213
f 2936/271/213 2913/264/773 2940/272/112
f 2913/264/773 2914/265/774 2940/272/112
f 2915/265/775 2916/264/776 2939/272/2
f 2939/272/2 2916/264/776 2942/271/112
f 2916/264/776 2917/263/777 2942/271/112
f 2942/271/112 2917/263/777 2943/270/177
f 2918/262/778 2919/261/651 2946/269/6
f 2946/269/6 2919/261/651 2948/268/7
f 2920/261/652 2921/266/779 2947/268/7
f 2921/266/779 2926/267/247 2947/268/7
s 0
f 2950/268/113 2923/267/113 2952/273/113
f 2924/267/113 2927/268/113 2951/273/113
f 2927/268/113 2958/274/113 2951/273/113
f 2954/273/115 2955/274/115 2962/275/115
f 2961/275/115 2956/274/115 2966/276/115
f 2966/276/115 2956/274/115 2968/277/115
f 2957/274/113 2928/268/113 2967/277/113
f 2928/268/113 2932/269/113 2967/277/113
f 2970/278/113 2933/270/113 2973/279/113
f 2933/270/113 2935/271/113 2973/279/113
f 2935/271/113 2937/272/113 2973/279/113
f 2973/279/113 2937/272/113 2977/280/113
f 2976/280/113 2938/272/113 2980/279/113
f 2938/272/113 2941/271/113 2980/279/113
f 2941/271/113 2944/270/113 2980/279/113
f 2980/279/113 2944/270/113 2981/278/113
f 2945/269/113 2949/268/113 2984/277/113
f 2984/277/113 2949/268/113 2986/274/113
f 2950/268/113 2952/273/113 2985/274/113
f 2988/274/7 2953/273/7 2991/275/7
f 2991/275/7 2953/273/7 2994/281/7
f 2954/273/115 2962/275/115 2993/281/115
f 2999/282/116 2996/283/116 3002/284/116
f 2996/283/116 2959/285/116 3002/284/116
f 2960/285/116 2963/286/116 3001/284/116
f 2963/286/116 3008/287/116 3001/284/116
f 3004/284/115 3005/287/115 3011/288/115
f 3010/288/1 3006/287/1 3012/289/1
f 3007/287/116 2964/290/116 3015/289/116
f 3015/289/116 2964/290/116 3016/291/116
f 2965/292/1 2969/278/1 3019/293/1
f 2969/278/1 2971/279/1 3019/293/1
f 3018/293/114 2972/279/114 3023/294/114
f 2972/279/114 2974/280/114 3023/294/114
f 2975/280/1 2978/279/1 3022/294/1
f 3022/294/1 2978/279/1 3027/293/1
f 2979/279/114 2982/278/114 3026/293/114
f 3026/293/114 2982/278/114 3029/292/114
f 2983/277/7 2987/274/7 3028/276/7
f 2987/274/7 2992/275/7 3028/276/7
f 3034/287/116 3031/286/116 3037/284/116
f 3031/286/116 2989/285/116 3037/284/116
f 2990/285/116 2995/283/116 3036/284/116
f 2995/283/116 3000/282/116 3036/284/116
f 3039/284/7 2997/282/7 3043/295/7
f 2998/282/115 3003/284/115 3042/295/115
f 3042/295/115 3003/284/115 3045/296/115
f 3004/284/115 3011/288/115 3044/296/115
f 3047/297/113 3009/298/113 3048/299/113
f 3010/288/1 3012/289/1 3050/300/1
f 3049/300/114 3013/289/114 3051/301/114
f 3014/289/116 3017/302/116 3054/301/116
f 3017/302/116 3020/303/116 3054/301/116
f 3021/303/116 3024/302/116 3053/301/116
f 3053/301/116 3024/302/116 3056/289/116
f 3025/291/116 3030/290/116 3055/289/116
f 3030/290/116 3035/287/116 3055/289/116
f 3058/289/114 3032/287/114 3061/288/114
f 3033/287/7 3038/284/7 3060/288/7
f 3060/288/7 3038/284/7 3063/296/7
f 3039/284/7 3043/295/7 3062/296/7
f 3065/297/113 3040/304/113 3067/305/113
f 3041/304/113 3046/297/113 3066/305/113
f 3047/297/113 3048/299/113 3069/305/113
f 3069/305/113 3048/299/113 3070/306/113
f 3049/300/114 3051/301/114 3073/307/114
f 3072/307/1 3052/301/1 3075/300/1
f 3052/301/1 3057/289/1 3075/300/1
f 3058/289/114 3061/288/114 3074/300/114
f 3059/298/113 3064/297/113 3076/299/113
f 3064/297/113 3068/305/113 3076/299/113
f 3078/156/7 3079/155/7 3081/157/7
f 3080/310/114 3085/152/114 3084/311/114
f 3084/311/114 3085/152/114 3089/187/114
s 1
f 3086/152/323 3090/186/323 3088/187/323
f 3088/187/323 3090/186/323 3094/185/323
s 0
f 3091/186/7 3095/184/7 3093/185/7
f 3093/185/7 3095/184/7 3099/183/7
s 1
f 3096/184/324 3100/182/324 3098/183/324
f 3098/183/324 3100/182/324 3104/181/324
s 0
f 3101/182/115 3105/179/115 3103/181/115
f 3103/181/115 3105/179/115 3108/180/115
f 3108/180/115 3105/179/115 3111/177/115
f 3105/179/115 3112/178/115 3111/177/115
s 1
f 3113/178/780 3114/176/13 3110/177/781
f 3110/177/781 3114/176/13 3116/175/13
f 3119/174/13 3115/173/13 3122/171/782
f 3115/173/13 3123/172/782 3122/171/782
s 0
f 3124/172/1 3125/169/1 3121/171/1
f 3121/171/1 3125/169/1 3128/170/1
f 3128/170/1 3125/169/1 3131/168/1
f 3125/169/1 3132/166/1 3131/168/1
s 1
f 3130/168/661 3133/166/783 3134/167/783
f 3133/166/783 3137/165/661 3134/167/783
s 0
f 3136/164/114 3138/163/114 3141/162/114
f 3138/163/114 3142/160/114 3141/162/114
s 1
f 3140/162/520 3143/160/520 3145/161/520
f 3143/160/520 3077/159/520 3145/161/520
s 0
f 3078/156/7 3081/157/7 3144/158/7
s 1
f 3146/188/784 3082/189/785 3150/190/786
f 3083/189/787 3087/188/343 3149/190/786
f 3149/190/786 3087/188/343 3152/191/344
f 3087/188/343 3092/192/788 3152/191/344
f 3152/191/344 3092/192/788 3154/193/789
f 3154/193/789 3092/192/788 3156/194/348
f 3092/192/788 3097/195/790 3156/194/348
f 3156/194/348 3097/195/790 3158/196/349
f 3097/195/790 3102/197/325 3158/196/349
f 3158/196/349 3102/197/325 3162/198/672
f 3102/197/325 3106/199/672 3162/198/672
f 3107/199/672 3109/197/523 3161/198/672
f 3161/198/672 3109/197/523 3164/196/791
f 3164/196/791 3109/197/523 3168/200/792
f 3109/197/523 3117/201/792 3168/200/792
f 3118/201/792 3120/197/335 3167/200/792
f 3167/200/792 3120/197/335 3170/196/334
f 3170/196/334 3120/197/335 3174/198/336
f 3120/197/335 3126/199/336 3174/198/336
f 3127/199/336 3129/197/337 3173/198/336
f 3173/198/336 3129/197/337 3176/196/338
f 3129/197/337 3135/195/793 3176/196/338
f 3176/196/338 3135/195/793 3178/194/667
f 3135/195/793 3139/192/794 3178/194/667
f 3178/194/667 3139/192/794 3180/193/795
f 3180/193/795 3139/192/794 3181/191/531
f 3139/192/794 3146/188/784 3181/191/531
f 3146/188/784 3150/190/786 3181/191/531
f 3182/191/683 3147/190/796 3184/202/684
f 3184/202/684 3147/190/796 3188/203/796
f 3187/203/796 3148/190/796 3190/202/368
f 3148/190/796 3151/191/369 3190/202/368
f 3190/202/368 3151/191/369 3192/204/370
f 3151/191/369 3153/193/371 3192/204/370
f 3192/204/370 3153/193/371 3194/205/373
f 3153/193/371 3155/194/372 3194/205/373
f 3155/194/372 3157/196/686 3194/205/373
f 3194/205/373 3157/196/686 3196/206/352
f 3157/196/686 3159/198/687 3196/206/352
f 3196/206/352 3159/198/687 3200/207/687
f 3199/207/687 3160/198/687 3202/206/538
f 3160/198/687 3163/196/797 3202/206/538
f 3163/196/797 3165/200/798 3202/206/538
f 3202/206/538 3165/200/798 3206/208/798
f 3205/208/798 3166/200/798 3208/206/360
f 3166/200/798 3169/196/535 3208/206/360
f 3169/196/535 3171/198/361 3208/206/360
f 3208/206/360 3171/198/361 3212/207/361
f 3211/207/361 3172/198/361 3214/206/362
f 3172/198/361 3175/196/678 3214/206/362
f 3214/206/362 3175/196/678 3216/205/799
f 3175/196/678 3177/194/680 3216/205/799
f 3177/194/680 3179/193/682 3216/205/799
f 3216/205/799 3179/193/682 3217/204/681
f 3179/193/682 3182/191/683 3217/204/681
f 3182/191/683 3184/202/684 3217/204/681
f 3218/204/693 3183/202/564 3220/209/565
f 3220/209/565 3183/202/564 3224/210/800
f 3183/202/564 3185/203/801 3224/210/800
f 3186/203/800 3189/202/802 3223/210/800
f 3223/210/800 3189/202/802 3226/209/396
f 3189/202/802 3191/204/397 3226/209/396
f 3226/209/396 3191/204/397 3228/211/398
f 3191/204/397 3193/205/374 3228/211/398
f 3228/211/398 3193/205/374 3230/212/803
f 3230/212/803 3193/205/374 3232/213/376
f 3193/205/374 3195/206/804 3232/213/376
f 3232/213/376 3195/206/804 3236/214/698
f 3195/206/804 3197/207/698 3236/214/698
f 3198/207/698 3201/206/555 3235/214/698
f 3235/214/698 3201/206/555 3238/213/556
f 3238/213/556 3201/206/555 3242/215/805
f 3201/206/555 3203/208/805 3242/215/805
f 3204/208/806 3207/206/552 3241/215/806
f 3241/215/806 3207/206/552 3244/213/385
f 3244/213/385 3207/206/552 3248/214/387
f 3207/206/552 3209/207/387 3248/214/387
f 3210/207/387 3213/206/807 3247/214/387
f 3247/214/387 3213/206/807 3250/213/389
f 3213/206/807 3215/205/691 3250/213/389
f 3250/213/389 3215/205/691 3252/212/692
f 3252/212/692 3215/205/691 3253/211/808
f 3215/205/691 3218/204/693 3253/211/808
f 3218/204/693 3220/209/565 3253/211/808
f 3254/211/709 3219/209/586 3255/216/708
f 3255/216/708 3219/209/586 3256/217/585
f 3219/209/586 3221/210/809 3256/217/585
f 3256/217/585 3221/210/809 3257/218/810
f 3258/218/811 3222/210/812 3259/217/427
f 3222/210/812 3225/209/813 3259/217/427
f 3259/217/427 3225/209/813 3260/216/429
f 3225/209/813 3227/211/430 3260/216/429
f 3260/216/429 3227/211/430 3261/219/814
f 3227/211/430 3229/212/400 3261/219/814
f 3229/212/400 3231/213/401 3261/219/814
f 3261/219/814 3231/213/401 3262/220/815
f 3231/213/401 3233/214/713 3262/220/815
f 3262/220/815 3233/214/713 3263/221/714
f 3264/221/714 3234/214/713 3265/220/575
f 3234/214/713 3237/213/715 3265/220/575
f 3237/213/715 3239/215/816 3265/220/575
f 3265/220/575 3239/215/816 3266/222/817
f 3267/222/817 3240/215/816 3268/220/414
f 3240/215/816 3243/213/818 3268/220/414
f 3243/213/818 3245/214/415 3268/220/414
f 3268/220/414 3245/214/415 3269/221/416
f 3270/221/416 3246/214/415 3271/220/418
f 3246/214/415 3249/213/419 3271/220/418
f 3271/220/418 3249/213/419 3272/219/819
f 3249/213/419 3251/212/707 3272/219/819
f 3251/212/707 3254/211/709 3272/219/819
f 3254/211/709 3255/216/708 3272/219/819
f 3272/219/819 3255/216/708 3273/223/719
f 3273/223/719 3255/216/708 3274/224/820
f 3255/216/708 3256/217/585 3274/224/820
f 3274/224/820 3256/217/585 3275/225/601
f 3256/217/585 3257/218/810 3275/225/601
f 3275/225/601 3257/218/810 3276/226/821
f 3277/226/822 3258/218/811 3278/225/447
f 3258/218/811 3259/217/427 3278/225/447
f 3278/225/447 3259/217/427 3279/224/431
f 3259/217/427 3260/216/429 3279/224/431
f 3279/224/431 3260/216/429 3280/223/823
f 3260/216/429 3261/219/814 3280/223/823
f 3280/223/823 3261/219/814 3281/227/433
f 3261/219/814 3262/220/815 3281/227/433
f 3262/220/815 3263/221/714 3281/227/433
f 3281/227/433 3263/221/714 3282/228/724
f 3283/228/724 3264/221/714 3284/227/595
f 3264/221/714 3265/220/575 3284/227/595
f 3265/220/575 3266/222/817 3284/227/595
f 3266/222/817 3286/229/824 3284/227/595
f 3284/227/595 3286/229/824 3290/230/825
f 3289/230/826 3285/229/827 3291/227/439
f 3285/229/827 3267/222/817 3291/227/439
f 3267/222/817 3268/220/414 3291/227/439
f 3268/220/414 3269/221/416 3291/227/439
f 3291/227/439 3269/221/416 3292/228/440
f 3293/228/440 3270/221/416 3294/227/441
f 3270/221/416 3271/220/418 3294/227/441
f 3271/220/418 3272/219/819 3294/227/441
f 3272/219/819 3273/223/719 3294/227/441
f 3294/227/441 3273/223/719 3296/231/459
f 3296/231/459 3273/223/719 3299/232/828
f 3299/232/828 3273/223/719 3302/233/829
f 3273/223/719 3274/224/820 3302/233/829
f 3302/233/829 3274/224/820 3304/234/830
f 3274/224/820 3275/225/601 3304/234/830
f 3304/234/830 3275/225/601 3308/235/831
f 3275/225/601 3276/226/821 3308/235/831
f 3277/226/822 3278/225/447 3307/235/832
f 3307/235/832 3278/225/447 3310/234/833
f 3278/225/447 3279/224/431 3310/234/833
f 3310/234/833 3279/224/431 3313/233/449
f 3279/224/431 3280/223/823 3313/233/449
f 3313/233/449 3280/223/823 3316/232/450
f 3316/232/450 3280/223/823 3318/231/738
f 3280/223/823 3281/227/433 3318/231/738
f 3318/231/738 3281/227/433 3322/236/739
f 3281/227/433 3282/228/724 3322/236/739
f 3283/228/724 3284/227/595 3321/236/739
f 3321/236/739 3284/227/595 3323/231/834
f 3284/227/595 3290/230/825 3323/231/834
f 3324/237/741 3287/238/835 3325/239/836
f 3326/239/837 3288/238/826 3327/237/485
f 3289/230/826 3291/227/439 3328/231/457
f 3328/231/457 3291/227/439 3330/236/458
f 3291/227/439 3292/228/440 3330/236/458
f 3293/228/440 3294/227/441 3329/236/458
f 3294/227/441 3296/231/459 3329/236/458
f 3332/240/488 3295/237/460 3334/241/487
f 3334/241/487 3295/237/460 3335/242/838
f 3295/237/460 3297/243/754 3335/242/838
f 3336/244/839 3298/245/755 3337/246/840
f 3298/245/755 3300/247/756 3337/246/840
f 3301/248/759 3303/249/841 3338/250/842
f 3338/250/842 3303/249/841 3339/251/843
f 3303/249/841 3305/252/844 3339/251/843
f 3306/252/831 3309/249/845 3340/251/846
f 3340/251/846 3309/249/845 3341/250/847
f 3309/249/845 3311/248/471 3341/250/847
f 3312/247/471 3314/245/473 3342/246/848
f 3342/246/848 3314/245/473 3343/244/849
f 3315/243/473 3317/237/737 3344/242/850
f 3344/242/850 3317/237/737 3345/241/742
f 3317/237/737 3319/240/740 3345/241/742
f 3346/241/742 3320/240/740 3347/253/851
f 3320/240/740 3324/237/741 3347/253/851
f 3324/237/741 3325/239/836 3347/253/851
f 3326/239/837 3327/237/485 3348/253/852
f 3327/237/485 3331/240/488 3348/253/852
f 3331/240/488 3333/241/487 3348/253/852
f 3348/253/852 3333/241/487 3349/254/501
f 3334/241/487 3335/242/838 3350/254/502
f 3350/254/502 3335/242/838 3351/255/766
f 3336/244/839 3337/246/840 3352/256/853
f 3352/256/853 3337/246/840 3353/257/769
f 3354/258/769 3338/250/842 3355/259/854
f 3338/250/842 3339/251/843 3355/259/854
f 3340/251/846 3341/250/847 3356/259/854
f 3356/259/854 3341/250/847 3357/258/492
f 3358/257/493 3342/246/848 3359/256/494
f 3342/246/848 3343/244/849 3359/256/494
f 3360/255/855 3344/242/850 3361/254/763
f 3344/242/850 3345/241/742 3361/254/763
f 3346/241/742 3347/253/851 3362/254/763
f 3362/254/763 3347/253/851 3363/260/103
f 3348/253/852 3349/254/501 3364/260/103
f 3364/260/103 3349/254/501 3365/261/856
f 3350/254/502 3351/255/766 3366/261/512
f 3366/261/512 3351/255/766 3367/262/776
f 3368/263/857 3352/256/853 3369/264/778
f 3352/256/853 3353/257/769 3369/264/778
f 3369/264/778 3354/258/769 3370/265/858
f 3354/258/769 3355/259/854 3370/265/858
f 3356/259/854 3357/258/492 3371/265/859
f 3371/265/859 3357/258/492 3372/264/504
f 3358/257/493 3359/256/494 3372/264/504
f 3372/264/504 3359/256/494 3373/263/860
f 3374/262/506 3360/255/855 3375/261/771
f 3360/255/855 3361/254/763 3375/261/771
f 3362/254/763 3363/260/103 3376/261/771
f 3376/261/771 3363/260/103 3377/266/108
f 3364/260/103 3365/261/856 3378/266/861
f 3381/267/214 3378/266/861 3386/268/1
f 3378/266/861 3365/261/856 3386/268/1
f 3385/268/1 3366/261/512 3387/269/2
f 3366/261/512 3367/262/776 3387/269/2
f 3390/270/112 3368/263/857 3392/271/6
f 3368/263/857 3369/264/778 3392/271/6
f 3392/271/6 3369/264/778 3396/272/6
f 3369/264/778 3370/265/858 3396/272/6
f 3371/265/859 3372/264/504 3395/272/177
f 3395/272/177 3372/264/504 3398/271/275
f 3372/264/504 3373/263/860 3398/271/275
f 3398/271/275 3373/263/860 3399/270/247
f 3374/262/506 3375/261/771 3402/269/9
f 3402/269/9 3375/261/771 3404/268/115
f 3376/261/771 3377/266/108 3403/268/115
f 3377/266/108 3382/267/13 3403/268/115
s 0
f 3409/274/113 3406/268/113 3414/273/113
f 3406/268/113 3379/267/113 3414/273/113
f 3380/267/113 3383/268/113 3413/273/113
f 3413/273/113 3383/268/113 3418/274/113
f 3417/274/113 3384/268/113 3419/277/113
f 3384/268/113 3388/269/113 3419/277/113
f 3422/278/113 3389/270/113 3425/279/113
f 3389/270/113 3391/271/113 3425/279/113
f 3391/271/113 3393/272/113 3425/279/113
f 3425/279/113 3393/272/113 3429/280/113
f 3428/280/113 3394/272/113 3432/279/113
f 3394/272/113 3397/271/113 3432/279/113
f 3397/271/113 3400/270/113 3432/279/113
f 3432/279/113 3400/270/113 3433/278/113
f 3401/269/113 3405/268/113 3436/277/113
f 3405/268/113 3410/274/113 3436/277/113
f 3435/277/115 3407/274/115 3440/276/115
f 3440/276/115 3407/274/115 3444/275/115
f 3408/274/115 3411/273/115 3443/275/115
f 3443/275/115 3411/273/115 3448/281/115
f 3447/281/1 3412/273/1 3452/275/1
f 3412/273/1 3415/274/1 3452/275/1
f 3451/275/1 3416/274/1 3453/276/1
f 3416/274/1 3420/277/1 3453/276/1
f 3456/292/114 3421/278/114 3460/293/114
f 3421/278/114 3423/279/114 3460/293/114
f 3459/293/7 3424/279/7 3464/294/7
f 3424/279/7 3426/280/7 3464/294/7
f 3427/280/114 3430/279/114 3463/294/114
f 3463/294/114 3430/279/114 3466/293/114
f 3431/279/7 3434/278/7 3465/293/7
f 3434/278/7 3437/292/7 3465/293/7
f 3468/291/116 3438/290/116 3469/289/116
f 3438/290/116 3476/287/116 3469/289/116
f 3472/289/7 3473/287/7 3479/288/7
f 3478/288/115 3474/287/115 3480/284/115
f 3475/287/116 3439/286/116 3483/284/116
f 3439/286/116 3441/285/116 3483/284/116
f 3442/285/116 3445/283/116 3482/284/116
f 3482/284/116 3445/283/116 3487/282/116
f 3486/282/116 3446/283/116 3489/284/116
f 3446/283/116 3449/285/116 3489/284/116
f 3450/285/116 3454/286/116 3488/284/116
f 3454/286/116 3495/287/116 3488/284/116
f 3491/284/1 3492/287/1 3498/288/1
f 3497/288/114 3493/287/114 3499/289/114
f 3494/287/116 3455/290/116 3502/289/116
f 3455/290/116 3457/291/116 3502/289/116
f 3501/289/116 3458/302/116 3504/301/116
f 3458/302/116 3461/303/116 3504/301/116
f 3462/303/116 3467/302/116 3503/301/116
f 3467/302/116 3470/289/116 3503/301/116
f 3506/301/114 3471/289/114 3508/300/114
f 3472/289/7 3479/288/7 3507/300/7
f 3509/299/113 3477/298/113 3510/297/113
f 3478/288/115 3480/284/115 3513/296/115
f 3512/296/115 3481/284/115 3517/295/115
f 3481/284/115 3484/282/115 3517/295/115
f 3485/282/1 3490/284/1 3516/295/1
f 3516/295/1 3490/284/1 3519/296/1
f 3491/284/1 3498/288/1 3518/296/1
f 3521/297/113 3496/298/113 3522/299/113
f 3497/288/114 3499/289/114 3524/300/114
f 3500/289/7 3505/301/7 3523/300/7
f 3523/300/7 3505/301/7 3526/307/7
f 3506/301/114 3508/300/114 3525/307/114
f 3528/306/113 3509/299/113 3531/305/113
f 3509/299/113 3510/297/113 3531/305/113
f 3511/297/113 3514/304/113 3530/305/113
f 3515/304/113 3520/297/113 3529/305/113
f 3521/297/113 3522/299/113 3532/305/113
f 3527/306/113 3532/305/113 3522/299/113
f 3071/306/113 3076/299/113 3068/305/113
f 2615/306/113 2620/305/113 2610/299/113
f 2159/306/113 2164/299/113 2156/305/113
