# Blender 4.3.2
# www.blender.org
o Trashcan_Enemy
v -0.000000 0.000000 -0.333611
v -0.085627 0.000000 -0.322243
v -0.166087 0.000000 -0.288915
v -0.235180 0.000000 -0.235898
v -0.288197 0.000000 -0.166805
v -0.321525 0.000000 -0.086345
v -0.332893 0.000000 -0.000000
v -0.321525 0.000000 0.086345
v -0.288197 0.000000 0.166805
v -0.235180 0.000000 0.235898
v -0.166087 0.000000 0.288915
v -0.085627 0.000000 0.322243
v 0.000000 0.000000 0.333611
v -0.000000 0.889628 -0.365888
v -0.093981 0.889628 -0.353420
v -0.182226 0.889628 -0.316868
v -0.258003 0.889628 -0.258722
v -0.316150 0.889628 -0.182944
v -0.352702 0.889628 -0.094699
v -0.365169 0.889628 -0.000000
v -0.352702 0.889628 0.094699
v -0.316150 0.889628 0.182944
v -0.258004 0.889628 0.258721
v -0.182226 0.889628 0.316868
v -0.093981 0.889628 0.353420
v 0.000000 0.889628 0.365888
v -0.000000 0.000000 -0.000000
v -0.000000 0.888656 -0.377262
v -0.000000 0.888410 -0.370846
v -0.096729 0.888164 -0.364443
v -0.095067 0.887926 -0.358245
v -0.187536 0.886722 -0.326857
v -0.184325 0.886508 -0.321301
v -0.265513 0.884427 -0.267067
v -0.260973 0.884252 -0.262530
v -0.325347 0.881436 -0.189147
v -0.319786 0.881313 -0.185939
v -0.362960 0.877953 -0.098408
v -0.356758 0.877889 -0.096747
v -0.375789 0.874215 -0.001032
v -0.369368 0.874215 -0.001032
v -0.362960 0.870478 0.096344
v -0.356758 0.870542 0.094683
v -0.325347 0.866995 0.187083
v -0.319786 0.867118 0.183875
v -0.265513 0.864004 0.265003
v -0.260973 0.864178 0.260466
v -0.187536 0.861709 0.324793
v -0.184325 0.861923 0.319237
v -0.096729 0.860267 0.362379
v -0.095067 0.860505 0.356181
v 0.000000 0.859775 0.375198
v 0.000000 0.860021 0.368782
v -0.000000 0.937627 -0.371772
v -0.095795 0.937140 -0.359075
v -0.185732 0.935711 -0.321850
v -0.262962 0.933438 -0.262633
v -0.322222 0.930476 -0.185460
v -0.359475 0.927026 -0.095590
v -0.372181 0.923324 0.000853
v -0.359475 0.919623 0.097295
v -0.322222 0.916173 0.187165
v -0.262962 0.913211 0.264339
v -0.185732 0.910938 0.323556
v -0.095795 0.909509 0.360781
v 0.000000 0.909022 0.373478
v -0.000000 0.973902 -0.168600
v -0.043609 0.973678 -0.162769
v -0.084916 0.973022 -0.145672
v -0.120387 0.971978 -0.118474
v -0.147605 0.970618 -0.083029
v -0.164715 0.969033 -0.041753
v -0.170550 0.967333 0.002542
v -0.164715 0.965633 0.046837
v -0.147605 0.964049 0.088113
v -0.120387 0.962688 0.123558
v -0.084916 0.961644 0.150756
v -0.043610 0.960988 0.167853
v 0.000000 0.960764 0.173685
v -0.000000 0.975975 -0.106237
v -0.027501 0.975833 -0.102525
v -0.053797 0.975415 -0.091641
v -0.076378 0.974750 -0.074326
v -0.093705 0.973884 -0.051762
v -0.104598 0.972876 -0.025485
v -0.108313 0.971793 0.002713
v -0.104598 0.970711 0.030912
v -0.093705 0.969702 0.057189
v -0.076378 0.968836 0.079753
v -0.053797 0.968172 0.097067
v -0.027501 0.967754 0.107952
v 0.000000 0.967611 0.111664
v 0.000000 0.971645 0.002708
v -0.000000 0.927496 -0.369346
v -0.095067 0.927013 -0.356745
v -0.184325 0.925595 -0.319800
v -0.260973 0.923339 -0.261030
v -0.319786 0.920399 -0.184439
v -0.356758 0.916976 -0.095247
v -0.369368 0.913302 0.000468
v -0.356758 0.909628 0.096183
v -0.319786 0.906205 0.185375
v -0.260973 0.903265 0.261966
v -0.184325 0.901009 0.320737
v -0.095067 0.899591 0.357681
v 0.000000 0.899107 0.370283
v -0.000000 0.956247 -0.187052
v -0.048206 0.956001 -0.180616
v -0.093797 0.955276 -0.161745
v -0.132946 0.954124 -0.131727
v -0.162986 0.952622 -0.092607
v -0.181870 0.950874 -0.047050
v -0.188311 0.948997 0.001838
v -0.181870 0.947121 0.050727
v -0.162986 0.945372 0.096284
v -0.132946 0.943871 0.135404
v -0.093797 0.942718 0.165422
v -0.048206 0.941994 0.184292
v 0.000000 0.941747 0.190729
v 0.000000 0.948998 0.001838
v -0.096535 0.970741 -0.011238
v -0.063011 0.970725 -0.011238
v -0.049557 0.998300 -0.010180
v -0.096535 0.969675 0.016543
v -0.063011 0.969659 0.016542
v -0.049557 0.997234 0.017601
v -0.096435 0.976078 -0.011033
v -0.068866 0.975830 -0.011042
v -0.055455 1.004043 -0.009959
v -0.096435 0.975012 0.016748
v -0.068866 0.974764 0.016738
v -0.055455 1.002977 0.017821
v -0.063011 0.814548 0.354096
v -0.049557 0.814548 0.381691
v -0.049557 0.786747 0.381691
v -0.063011 0.786747 0.354096
v -0.068866 0.786747 0.359204
v -0.068866 0.814548 0.359204
v -0.096435 0.814548 0.353119
v -0.096435 0.786747 0.353119
v -0.055455 0.786747 0.387438
v -0.055455 0.814548 0.387438
v -0.096535 0.814548 0.347778
v -0.096535 0.786747 0.347778
v -0.049557 0.814548 -0.381089
v -0.049557 0.786747 -0.381089
v -0.055455 0.814548 -0.386837
v -0.055455 0.786747 -0.386837
v -0.063011 0.814548 -0.353494
v -0.063011 0.786747 -0.353494
v -0.068867 0.814548 -0.358603
v -0.068867 0.786747 -0.358603
v -0.096435 0.786747 -0.354063
v -0.096435 0.814548 -0.354063
v -0.096535 0.814548 -0.348722
v -0.096535 0.786747 -0.348722
v 0.000755 0.265604 -0.346600
v -0.000000 0.773048 -0.365852
v -0.088240 0.265604 -0.334884
v -0.093811 0.773048 -0.353479
v -0.171169 0.265604 -0.300533
v -0.181384 0.773048 -0.317205
v -0.242382 0.265604 -0.245889
v -0.256584 0.773048 -0.259502
v -0.297026 0.265604 -0.174676
v -0.314287 0.773048 -0.184302
v -0.331377 0.265604 -0.091747
v -0.350561 0.773048 -0.096729
v -0.343093 0.265604 -0.002752
v -0.362933 0.773048 -0.002752
v -0.331377 0.265604 0.086242
v -0.350561 0.773048 0.091225
v -0.297026 0.265604 0.169171
v -0.314287 0.773048 0.178798
v -0.242383 0.265604 0.240385
v -0.256584 0.773048 0.253999
v -0.171169 0.265604 0.295028
v -0.165135 0.761998 0.317624
v -0.088240 0.265604 0.329379
v -0.109558 0.761998 0.341348
v 0.000754 0.265604 0.341095
v 0.000000 0.773048 0.360348
v -0.093085 0.695731 -0.350770
v -0.000000 0.695731 -0.363047
v -0.360128 0.695731 -0.002752
v 0.000000 0.695731 0.357543
v -0.311858 0.695731 0.177396
v -0.046892 0.666171 0.354007
v -0.347852 0.695731 -0.096003
v -0.311858 0.695731 -0.182899
v -0.179981 0.695731 -0.314776
v -0.347852 0.695731 0.090499
v -0.254600 0.695731 -0.257519
v -0.254601 0.695731 0.252015
v -0.164361 0.706781 0.315850
v -0.091651 0.543002 -0.345417
v -0.000000 0.543002 -0.357505
v -0.354587 0.543002 -0.002752
v 0.000000 0.552637 0.352115
v -0.307059 0.543002 0.174625
v -0.046892 0.572117 0.350578
v -0.342499 0.543002 -0.094569
v -0.307059 0.543002 -0.180129
v -0.177210 0.543002 -0.309977
v -0.342499 0.543002 0.089065
v -0.250682 0.543002 -0.253600
v -0.250682 0.543002 0.248097
v -0.177210 0.543002 0.304474
v -0.178578 0.618415 0.306843
v -0.252617 0.618415 0.250031
v -0.252617 0.618415 -0.255535
v -0.345142 0.618415 0.089773
v -0.178578 0.618415 -0.312347
v -0.309429 0.618415 -0.181497
v -0.345142 0.618415 -0.095277
v -0.066385 0.619144 0.352293
v -0.309429 0.618415 0.175993
v -0.357323 0.618415 -0.002752
v -0.000000 0.618415 -0.360241
v -0.092359 0.618415 -0.348060
v -0.092359 0.618415 0.342557
v -0.109207 0.706781 0.339394
v 0.000000 0.685651 0.357089
v 0.000000 0.543002 0.352002
v -0.091651 0.543002 0.339914
v -0.046892 0.666171 0.283615
v 0.000000 0.552637 0.283615
v -0.046892 0.572117 0.283615
v -0.066385 0.619144 0.283615
v 0.000000 0.685651 0.283615
v -0.042186 0.661460 0.283615
v 0.000000 0.559280 0.283615
v -0.042186 0.576811 0.283615
v -0.059730 0.619136 0.283615
v -0.044251 0.619109 0.455435
v 0.000000 0.678992 0.283615
v -0.044251 0.619109 0.283615
v -0.031236 0.650498 0.283615
v 0.000000 0.663493 0.283615
v 0.000000 0.574729 0.283615
v -0.031246 0.587755 0.283615
v -0.031236 0.650498 0.455435
v 0.000000 0.663493 0.455435
v 0.000000 0.574729 0.455435
v -0.031246 0.587755 0.455435
v -0.059730 0.619136 0.455435
v -0.042186 0.661460 0.455435
v 0.000000 0.678992 0.455435
v 0.000000 0.559280 0.455435
v -0.042186 0.576811 0.455435
v -0.174584 0.734406 0.312539
v -0.255592 0.734389 0.253007
v -0.255592 0.734389 -0.258510
v -0.349206 0.734389 0.090862
v -0.180682 0.734389 -0.315991
v -0.313073 0.734389 -0.183600
v -0.349206 0.734389 -0.096366
v -0.099546 0.734406 0.344571
v -0.313073 0.734389 0.178097
v 0.000000 0.734389 0.358946
v -0.361531 0.734389 -0.002752
v -0.000000 0.734389 -0.364449
v -0.093448 0.734389 -0.352125
v -0.138103 0.889628 0.335144
v -0.125857 0.000000 0.305579
v -0.129705 0.265604 0.312204
v -0.137520 0.771807 0.329821
v -0.136610 0.696971 0.327288
v -0.134431 0.543002 0.322194
v -0.135469 0.618415 0.324700
v -0.137597 0.773048 0.329839
v -0.181384 0.773048 0.311702
v -0.180682 0.734389 0.310487
v -0.093448 0.734389 0.346621
v -0.093811 0.773048 0.347976
v -0.136533 0.695731 0.327269
v -0.179981 0.695731 0.309273
v -0.093085 0.695731 0.345266
v -0.137065 0.734389 0.278009
v -0.174584 0.734406 0.278009
v -0.099546 0.734406 0.278009
v -0.136610 0.696971 0.278009
v -0.137520 0.771807 0.278009
v -0.165135 0.761998 0.278009
v -0.109558 0.761998 0.278009
v -0.164361 0.706781 0.278009
v -0.109207 0.706781 0.278009
v 0.000000 0.997234 0.017601
v -0.000000 0.998300 -0.010180
v -0.000000 1.004043 -0.009959
v 0.000000 1.002977 0.017821
v 0.000000 0.814548 0.381691
v 0.000000 0.786747 0.381691
v 0.000000 0.814548 0.387438
v 0.000000 0.786747 0.387438
v -0.000000 0.814548 -0.381089
v -0.000000 0.786747 -0.381089
v -0.000000 0.814548 -0.386837
v -0.000000 0.786747 -0.386837
v -0.134855 0.741437 0.333569
v -0.136044 0.746969 0.336293
v -0.136044 0.741104 0.333569
v -0.138376 0.746314 0.336293
v -0.137140 0.740561 0.333569
v -0.140526 0.745251 0.336293
v -0.138100 0.739832 0.333569
v -0.142410 0.743820 0.336293
v -0.138888 0.738943 0.333569
v -0.143956 0.742077 0.336293
v -0.133618 0.735685 0.332649
v -0.139474 0.737929 0.333569
v -0.145105 0.740088 0.336293
v -0.139835 0.736829 0.333569
v -0.145813 0.737929 0.336293
v -0.139957 0.735685 0.333569
v -0.146051 0.735685 0.336293
v -0.139835 0.734541 0.333569
v -0.145813 0.733440 0.336293
v -0.139474 0.733440 0.333569
v -0.145105 0.731282 0.336293
v -0.138888 0.732426 0.333569
v -0.143956 0.729293 0.336293
v -0.138100 0.731538 0.333569
v -0.142410 0.727550 0.336293
v -0.137140 0.730808 0.333569
v -0.140526 0.726119 0.336293
v -0.136044 0.730266 0.333569
v -0.138376 0.725056 0.336293
v -0.134855 0.729932 0.333569
v -0.136044 0.724401 0.336293
v -0.133618 0.729820 0.333569
v -0.133618 0.724180 0.336293
v -0.132382 0.729932 0.333569
v -0.131193 0.724401 0.336293
v -0.131193 0.730266 0.333569
v -0.128860 0.725056 0.336293
v -0.130097 0.730808 0.333569
v -0.126711 0.726119 0.336293
v -0.129136 0.731538 0.333569
v -0.124827 0.727550 0.336293
v -0.128348 0.732426 0.333569
v -0.123280 0.729293 0.336293
v -0.127762 0.733440 0.333569
v -0.122132 0.731282 0.336293
v -0.127402 0.734541 0.333569
v -0.121424 0.733440 0.336293
v -0.127280 0.735685 0.333569
v -0.121185 0.735685 0.336293
v -0.127402 0.736829 0.333569
v -0.121424 0.737929 0.336293
v -0.127762 0.737929 0.333569
v -0.122132 0.740088 0.336293
v -0.128348 0.738943 0.333569
v -0.123280 0.742077 0.336293
v -0.129136 0.739832 0.333569
v -0.124827 0.743820 0.336293
v -0.130097 0.740561 0.333569
v -0.126711 0.745251 0.336293
v -0.131193 0.741104 0.333569
v -0.128860 0.746314 0.336293
v -0.132382 0.741437 0.333569
v -0.131193 0.746969 0.336293
v -0.133618 0.741550 0.333569
v -0.133618 0.747190 0.336293
v -0.133618 0.767939 0.325614
v -0.126818 0.767320 0.325614
v -0.120279 0.765484 0.325614
v -0.114253 0.762504 0.325614
v -0.108971 0.758492 0.325614
v -0.104636 0.753605 0.325614
v -0.101414 0.748028 0.325614
v -0.099431 0.741977 0.325614
v -0.098761 0.735685 0.325614
v -0.099431 0.729392 0.325614
v -0.101414 0.723342 0.325614
v -0.104636 0.717765 0.325614
v -0.108971 0.712877 0.325614
v -0.114253 0.708866 0.325614
v -0.120279 0.705886 0.325614
v -0.126818 0.704050 0.325614
v -0.133618 0.703430 0.325614
v -0.140419 0.704050 0.325614
v -0.146958 0.705886 0.325614
v -0.152984 0.708866 0.325614
v -0.158266 0.712877 0.325614
v -0.162601 0.717765 0.325614
v -0.165822 0.723342 0.325614
v -0.167806 0.729392 0.325614
v -0.168476 0.735685 0.325614
v -0.167806 0.741977 0.325614
v -0.165822 0.748028 0.325614
v -0.162601 0.753605 0.325614
v -0.158266 0.758492 0.325614
v -0.152984 0.762504 0.325614
v -0.146958 0.765484 0.325614
v -0.140419 0.767320 0.325614
v -0.133618 0.775407 0.298962
v -0.125243 0.774644 0.298962
v -0.117190 0.772384 0.298962
v -0.109769 0.768713 0.298962
v -0.103264 0.763773 0.298962
v -0.097925 0.757754 0.298962
v -0.093958 0.750886 0.298962
v -0.091515 0.743434 0.298962
v -0.090690 0.735685 0.298962
v -0.091515 0.727935 0.298962
v -0.093958 0.720484 0.298962
v -0.097925 0.713616 0.298962
v -0.103264 0.707597 0.298962
v -0.109769 0.702657 0.298962
v -0.117190 0.698986 0.298962
v -0.125243 0.696725 0.298962
v -0.133618 0.695962 0.298962
v -0.141993 0.696725 0.298962
v -0.150046 0.698986 0.298962
v -0.157468 0.702657 0.298962
v -0.163973 0.707597 0.298962
v -0.169312 0.713616 0.298962
v -0.173279 0.720484 0.298962
v -0.175721 0.727935 0.298962
v -0.176546 0.735685 0.298962
v -0.175721 0.743434 0.298962
v -0.173279 0.750886 0.298962
v -0.169312 0.757754 0.298962
v -0.163973 0.763773 0.298962
v -0.157468 0.768713 0.298962
v -0.150046 0.772384 0.298962
v -0.141993 0.774644 0.298962
v -0.141246 0.771168 0.313874
v -0.148580 0.769110 0.313874
v -0.155340 0.765766 0.313874
v -0.161265 0.761267 0.313874
v -0.166127 0.755785 0.313874
v -0.169740 0.749530 0.313874
v -0.171965 0.742743 0.313874
v -0.172716 0.735685 0.313874
v -0.171965 0.728627 0.313874
v -0.169740 0.721840 0.313874
v -0.166127 0.715585 0.313874
v -0.161265 0.710103 0.313874
v -0.155340 0.705603 0.313874
v -0.148580 0.702260 0.313874
v -0.141246 0.700201 0.313874
v -0.133618 0.699506 0.313874
v -0.125991 0.700201 0.313874
v -0.118656 0.702260 0.313874
v -0.111897 0.705603 0.313874
v -0.105972 0.710103 0.313874
v -0.101109 0.715585 0.313874
v -0.097496 0.721840 0.313874
v -0.095271 0.728627 0.313874
v -0.094520 0.735685 0.313874
v -0.095271 0.742743 0.313874
v -0.097496 0.749530 0.313874
v -0.101109 0.755785 0.313874
v -0.105972 0.761267 0.313874
v -0.111897 0.765766 0.313874
v -0.118656 0.769110 0.313874
v -0.125991 0.771168 0.313874
v -0.133618 0.771864 0.313874
v -0.138918 0.760338 0.330953
v -0.138918 0.711032 0.330953
v -0.158715 0.745304 0.330953
v -0.158715 0.726066 0.330953
v -0.114410 0.753458 0.330953
v -0.118527 0.714785 0.330953
v -0.106976 0.730781 0.330953
v -0.144014 0.712462 0.330953
v -0.133618 0.760821 0.330953
v -0.156204 0.749649 0.330953
v -0.111032 0.749649 0.330953
v -0.123223 0.712462 0.330953
v -0.160260 0.730781 0.330953
v -0.128319 0.760338 0.330953
v -0.108522 0.726066 0.330953
v -0.148710 0.714785 0.330953
v -0.108522 0.745304 0.330953
v -0.152826 0.753458 0.330953
v -0.128319 0.711032 0.330953
v -0.133618 0.710549 0.330953
v -0.160782 0.735685 0.330953
v -0.160260 0.740589 0.330953
v -0.152826 0.717911 0.330953
v -0.156204 0.721720 0.330953
v -0.123223 0.758907 0.330953
v -0.118527 0.756584 0.330953
v -0.111032 0.721720 0.330953
v -0.114410 0.717911 0.330953
v -0.148710 0.756584 0.330953
v -0.144014 0.758907 0.330953
v -0.106976 0.740589 0.330953
v -0.106454 0.735685 0.330953
v 0.085627 0.000000 -0.322243
v 0.166087 0.000000 -0.288915
v 0.235180 0.000000 -0.235898
v 0.288197 0.000000 -0.166805
v 0.321525 0.000000 -0.086345
v 0.332893 0.000000 -0.000000
v 0.321525 0.000000 0.086345
v 0.288197 0.000000 0.166805
v 0.235180 0.000000 0.235898
v 0.166087 0.000000 0.288915
v 0.085627 0.000000 0.322243
v 0.093980 0.889628 -0.353420
v 0.182226 0.889628 -0.316868
v 0.258003 0.889628 -0.258722
v 0.316150 0.889628 -0.182944
v 0.352702 0.889628 -0.094699
v 0.365169 0.889628 -0.000000
v 0.352702 0.889628 0.094698
v 0.316150 0.889628 0.182944
v 0.258004 0.889628 0.258721
v 0.182226 0.889628 0.316868
v 0.093981 0.889628 0.353420
v 0.096729 0.888164 -0.364443
v 0.095067 0.887926 -0.358245
v 0.187535 0.886722 -0.326857
v 0.184325 0.886508 -0.321301
v 0.265513 0.884427 -0.267067
v 0.260973 0.884252 -0.262530
v 0.325347 0.881436 -0.189147
v 0.319786 0.881313 -0.185939
v 0.362960 0.877953 -0.098408
v 0.356758 0.877889 -0.096747
v 0.375789 0.874215 -0.001032
v 0.369368 0.874215 -0.001032
v 0.362960 0.870478 0.096343
v 0.356758 0.870542 0.094683
v 0.325347 0.866995 0.187083
v 0.319786 0.867118 0.183875
v 0.265513 0.864004 0.265003
v 0.260973 0.864178 0.260466
v 0.187536 0.861709 0.324793
v 0.184325 0.861923 0.319236
v 0.096729 0.860267 0.362379
v 0.095068 0.860505 0.356181
v 0.095795 0.937140 -0.359075
v 0.185732 0.935711 -0.321850
v 0.262962 0.933438 -0.262633
v 0.322222 0.930476 -0.185460
v 0.359475 0.927026 -0.095590
v 0.372181 0.923324 0.000853
v 0.359475 0.919623 0.097295
v 0.322223 0.916173 0.187165
v 0.262962 0.913211 0.264339
v 0.185732 0.910938 0.323556
v 0.095796 0.909509 0.360781
v 0.043609 0.973678 -0.162769
v 0.084916 0.973022 -0.145672
v 0.120387 0.971978 -0.118474
v 0.147605 0.970618 -0.083029
v 0.164715 0.969033 -0.041753
v 0.170550 0.967333 0.002542
v 0.164715 0.965633 0.046837
v 0.147605 0.964049 0.088113
v 0.120387 0.962688 0.123558
v 0.084916 0.961644 0.150756
v 0.043610 0.960988 0.167853
v 0.027501 0.975833 -0.102525
v 0.053797 0.975415 -0.091641
v 0.076378 0.974750 -0.074326
v 0.093705 0.973884 -0.051762
v 0.104598 0.972876 -0.025485
v 0.108313 0.971793 0.002713
v 0.104598 0.970711 0.030912
v 0.093706 0.969702 0.057189
v 0.076378 0.968836 0.079753
v 0.053797 0.968172 0.097067
v 0.027501 0.967754 0.107952
v 0.095067 0.927013 -0.356745
v 0.184325 0.925595 -0.319800
v 0.260973 0.923339 -0.261030
v 0.319786 0.920399 -0.184439
v 0.356758 0.916976 -0.095247
v 0.369368 0.913302 0.000468
v 0.356758 0.909628 0.096183
v 0.319786 0.906205 0.185375
v 0.260973 0.903265 0.261966
v 0.184325 0.901009 0.320737
v 0.095068 0.899591 0.357681
v 0.048206 0.956001 -0.180616
v 0.093797 0.955276 -0.161746
v 0.132946 0.954124 -0.131727
v 0.162986 0.952622 -0.092607
v 0.181870 0.950874 -0.047050
v 0.188311 0.948997 0.001838
v 0.181870 0.947121 0.050727
v 0.162986 0.945372 0.096283
v 0.132946 0.943871 0.135404
v 0.093797 0.942718 0.165422
v 0.048206 0.941994 0.184292
v 0.096535 0.970741 -0.011238
v 0.063011 0.970725 -0.011238
v 0.049557 0.998300 -0.010180
v 0.096535 0.969675 0.016543
v 0.063011 0.969659 0.016542
v 0.049557 0.997234 0.017600
v 0.096435 0.976078 -0.011033
v 0.068866 0.975830 -0.011042
v 0.055455 1.004043 -0.009959
v 0.096435 0.975012 0.016748
v 0.068866 0.974764 0.016738
v 0.055455 1.002977 0.017821
v 0.063011 0.814548 0.354096
v 0.049557 0.814548 0.381691
v 0.049557 0.786747 0.381691
v 0.063011 0.786747 0.354096
v 0.068867 0.786747 0.359204
v 0.068867 0.814548 0.359204
v 0.096435 0.814548 0.353119
v 0.096435 0.786747 0.353119
v 0.055455 0.786747 0.387438
v 0.055455 0.814548 0.387438
v 0.096535 0.814548 0.347778
v 0.096535 0.786747 0.347778
v 0.049557 0.814548 -0.381089
v 0.049557 0.786747 -0.381089
v 0.055455 0.814548 -0.386837
v 0.055455 0.786747 -0.386837
v 0.063011 0.814548 -0.353494
v 0.063011 0.786747 -0.353494
v 0.068866 0.814548 -0.358603
v 0.068866 0.786747 -0.358603
v 0.096435 0.786747 -0.354063
v 0.096435 0.814548 -0.354063
v 0.096535 0.814548 -0.348722
v 0.096535 0.786747 -0.348722
v -0.000755 0.265604 -0.346600
v 0.088240 0.265604 -0.334884
v 0.093811 0.773048 -0.353479
v 0.171169 0.265604 -0.300533
v 0.181383 0.773048 -0.317206
v 0.242382 0.265604 -0.245889
v 0.256584 0.773048 -0.259502
v 0.297026 0.265604 -0.174676
v 0.314287 0.773048 -0.184302
v 0.331377 0.265604 -0.091747
v 0.350561 0.773048 -0.096729
v 0.343093 0.265604 -0.002753
v 0.362933 0.773048 -0.002752
v 0.331377 0.265604 0.086242
v 0.350561 0.773048 0.091225
v 0.297026 0.265604 0.169171
v 0.314287 0.773048 0.178798
v 0.242383 0.265604 0.240384
v 0.256584 0.773048 0.253998
v 0.171169 0.265604 0.295028
v 0.165135 0.761998 0.317624
v 0.088240 0.265604 0.329379
v 0.109558 0.761998 0.341348
v -0.000754 0.265604 0.341095
v 0.093085 0.695731 -0.350770
v 0.360128 0.695731 -0.002752
v 0.311858 0.695731 0.177395
v 0.046892 0.666171 0.354007
v 0.347852 0.695731 -0.096003
v 0.311858 0.695731 -0.182899
v 0.179981 0.695731 -0.314776
v 0.347852 0.695731 0.090499
v 0.254600 0.695731 -0.257519
v 0.254601 0.695731 0.252015
v 0.164361 0.706781 0.315850
v 0.091650 0.543002 -0.345417
v 0.354587 0.543002 -0.002752
v 0.307059 0.543002 0.174625
v 0.046892 0.572117 0.350578
v 0.342499 0.543002 -0.094569
v 0.307059 0.543002 -0.180129
v 0.177210 0.543002 -0.309977
v 0.342499 0.543002 0.089065
v 0.250682 0.543002 -0.253601
v 0.250682 0.543002 0.248097
v 0.177211 0.543002 0.304474
v 0.178579 0.618415 0.306843
v 0.252617 0.618415 0.250031
v 0.252617 0.618415 -0.255535
v 0.345142 0.618415 0.089773
v 0.178578 0.618415 -0.312347
v 0.309429 0.618415 -0.181497
v 0.345142 0.618415 -0.095277
v 0.066385 0.619144 0.352293
v 0.309429 0.618415 0.175993
v 0.357323 0.618415 -0.002752
v 0.092359 0.618415 -0.348060
v 0.092359 0.618415 0.342557
v 0.109207 0.706781 0.339394
v 0.091651 0.543002 0.339914
v 0.046892 0.666171 0.283615
v 0.046892 0.572117 0.283615
v 0.066385 0.619144 0.283615
v 0.042187 0.661460 0.283615
v 0.042187 0.576811 0.283615
v 0.059730 0.619136 0.283615
v 0.044251 0.619109 0.455435
v 0.044251 0.619109 0.283615
v 0.031236 0.650498 0.283615
v 0.031246 0.587755 0.283615
v 0.031236 0.650498 0.455435
v 0.031246 0.587755 0.455435
v 0.059730 0.619136 0.455435
v 0.042187 0.661460 0.455435
v 0.042187 0.576811 0.455435
v 0.174584 0.734406 0.312539
v 0.255592 0.734389 0.253007
v 0.255592 0.734389 -0.258510
v 0.349206 0.734389 0.090862
v 0.180682 0.734389 -0.315991
v 0.313073 0.734389 -0.183601
v 0.349206 0.734389 -0.096366
v 0.099546 0.734406 0.344571
v 0.313073 0.734389 0.178097
v 0.361531 0.734389 -0.002752
v 0.093448 0.734389 -0.352125
v 0.138103 0.889628 0.335144
v 0.125857 0.000000 0.305579
v 0.129705 0.265604 0.312204
v 0.137521 0.771807 0.329821
v 0.136610 0.696971 0.327288
v 0.134431 0.543002 0.322194
v 0.135469 0.618415 0.324700
v 0.137597 0.773048 0.329839
v 0.181384 0.773048 0.311702
v 0.180682 0.734389 0.310487
v 0.093448 0.734389 0.346621
v 0.093811 0.773048 0.347976
v 0.136533 0.695731 0.327269
v 0.179981 0.695731 0.309273
v 0.093085 0.695731 0.345266
v 0.137065 0.734389 0.278009
v 0.174584 0.734406 0.278009
v 0.099546 0.734406 0.278009
v 0.136610 0.696971 0.278009
v 0.137521 0.771807 0.278009
v 0.165135 0.761998 0.278009
v 0.109558 0.761998 0.278009
v 0.164361 0.706781 0.278009
v 0.109207 0.706781 0.278009
v 0.134855 0.741437 0.333569
v 0.136044 0.746969 0.336293
v 0.136044 0.741104 0.333569
v 0.138376 0.746314 0.336293
v 0.137140 0.740561 0.333569
v 0.140526 0.745251 0.336293
v 0.138100 0.739832 0.333569
v 0.142410 0.743820 0.336293
v 0.138889 0.738943 0.333569
v 0.143956 0.742077 0.336293
v 0.133618 0.735685 0.332649
v 0.139474 0.737929 0.333569
v 0.145105 0.740088 0.336293
v 0.139835 0.736829 0.333569
v 0.145813 0.737929 0.336293
v 0.139957 0.735685 0.333569
v 0.146052 0.735685 0.336293
v 0.139835 0.734541 0.333569
v 0.145813 0.733440 0.336293
v 0.139474 0.733440 0.333569
v 0.145105 0.731282 0.336293
v 0.138889 0.732426 0.333569
v 0.143956 0.729293 0.336293
v 0.138100 0.731538 0.333569
v 0.142410 0.727550 0.336293
v 0.137140 0.730808 0.333569
v 0.140526 0.726119 0.336293
v 0.136044 0.730266 0.333569
v 0.138376 0.725056 0.336293
v 0.134855 0.729932 0.333569
v 0.136044 0.724401 0.336293
v 0.133618 0.729820 0.333569
v 0.133618 0.724180 0.336293
v 0.132382 0.729932 0.333569
v 0.131193 0.724401 0.336293
v 0.131193 0.730266 0.333569
v 0.128860 0.725056 0.336293
v 0.130097 0.730808 0.333569
v 0.126711 0.726119 0.336293
v 0.129136 0.731538 0.333569
v 0.124827 0.727550 0.336293
v 0.128348 0.732426 0.333569
v 0.123281 0.729293 0.336293
v 0.127762 0.733440 0.333569
v 0.122132 0.731282 0.336293
v 0.127402 0.734541 0.333569
v 0.121424 0.733440 0.336293
v 0.127280 0.735685 0.333569
v 0.121185 0.735685 0.336293
v 0.127402 0.736829 0.333569
v 0.121424 0.737929 0.336293
v 0.127762 0.737929 0.333569
v 0.122132 0.740088 0.336293
v 0.128348 0.738943 0.333569
v 0.123281 0.742077 0.336293
v 0.129136 0.739832 0.333569
v 0.124827 0.743820 0.336293
v 0.130097 0.740561 0.333569
v 0.126711 0.745251 0.336293
v 0.131193 0.741104 0.333569
v 0.128860 0.746314 0.336293
v 0.132382 0.741437 0.333569
v 0.131193 0.746969 0.336293
v 0.133618 0.741550 0.333569
v 0.133618 0.747190 0.336293
v 0.133618 0.767939 0.325614
v 0.126818 0.767320 0.325614
v 0.120279 0.765484 0.325614
v 0.114253 0.762504 0.325614
v 0.108971 0.758492 0.325614
v 0.104636 0.753605 0.325614
v 0.101414 0.748028 0.325614
v 0.099431 0.741977 0.325614
v 0.098761 0.735685 0.325614
v 0.099431 0.729392 0.325614
v 0.101414 0.723342 0.325614
v 0.104636 0.717765 0.325614
v 0.108971 0.712877 0.325614
v 0.114253 0.708866 0.325614
v 0.120279 0.705886 0.325614
v 0.126818 0.704050 0.325614
v 0.133618 0.703430 0.325614
v 0.140419 0.704050 0.325614
v 0.146958 0.705886 0.325614
v 0.152984 0.708866 0.325614
v 0.158266 0.712877 0.325614
v 0.162601 0.717765 0.325614
v 0.165822 0.723342 0.325614
v 0.167806 0.729392 0.325614
v 0.168476 0.735685 0.325614
v 0.167806 0.741977 0.325614
v 0.165822 0.748028 0.325614
v 0.162601 0.753605 0.325614
v 0.158266 0.758492 0.325614
v 0.152984 0.762504 0.325614
v 0.146958 0.765484 0.325614
v 0.140419 0.767320 0.325614
v 0.133618 0.775407 0.298962
v 0.125244 0.774644 0.298962
v 0.117191 0.772384 0.298962
v 0.109769 0.768713 0.298962
v 0.103264 0.763773 0.298962
v 0.097925 0.757754 0.298962
v 0.093958 0.750886 0.298962
v 0.091515 0.743434 0.298962
v 0.090690 0.735685 0.298962
v 0.091515 0.727935 0.298962
v 0.093958 0.720484 0.298962
v 0.097925 0.713616 0.298962
v 0.103264 0.707597 0.298962
v 0.109769 0.702657 0.298962
v 0.117191 0.698986 0.298962
v 0.125244 0.696725 0.298962
v 0.133618 0.695962 0.298962
v 0.141993 0.696725 0.298962
v 0.150046 0.698986 0.298962
v 0.157468 0.702657 0.298962
v 0.163973 0.707597 0.298962
v 0.169312 0.713616 0.298962
v 0.173279 0.720484 0.298962
v 0.175721 0.727935 0.298962
v 0.176546 0.735685 0.298962
v 0.175721 0.743434 0.298962
v 0.173279 0.750886 0.298962
v 0.169312 0.757754 0.298962
v 0.163973 0.763773 0.298962
v 0.157468 0.768713 0.298962
v 0.150046 0.772384 0.298962
v 0.141993 0.774644 0.298962
v 0.141246 0.771168 0.313874
v 0.148581 0.769110 0.313874
v 0.155340 0.765766 0.313874
v 0.161265 0.761267 0.313874
v 0.166127 0.755785 0.313874
v 0.169740 0.749530 0.313874
v 0.171965 0.742743 0.313874
v 0.172717 0.735685 0.313874
v 0.171965 0.728627 0.313874
v 0.169740 0.721840 0.313874
v 0.166127 0.715585 0.313874
v 0.161265 0.710103 0.313874
v 0.155340 0.705603 0.313874
v 0.148581 0.702260 0.313874
v 0.141246 0.700201 0.313874
v 0.133618 0.699506 0.313874
v 0.125991 0.700201 0.313874
v 0.118656 0.702260 0.313874
v 0.111897 0.705603 0.313874
v 0.105972 0.710103 0.313874
v 0.101109 0.715585 0.313874
v 0.097496 0.721840 0.313874
v 0.095272 0.728627 0.313874
v 0.094520 0.735685 0.313874
v 0.095272 0.742743 0.313874
v 0.097496 0.749530 0.313874
v 0.101109 0.755785 0.313874
v 0.105972 0.761267 0.313874
v 0.111897 0.765766 0.313874
v 0.118656 0.769110 0.313874
v 0.125991 0.771168 0.313874
v 0.133618 0.771864 0.313874
v 0.138918 0.760338 0.330953
v 0.138918 0.711032 0.330953
v 0.158715 0.745304 0.330953
v 0.158715 0.726066 0.330953
v 0.114410 0.753458 0.330953
v 0.118527 0.714785 0.330953
v 0.106976 0.730781 0.330953
v 0.144014 0.712462 0.330953
v 0.133618 0.760821 0.330953
v 0.156204 0.749649 0.330953
v 0.111032 0.749649 0.330953
v 0.123223 0.712462 0.330953
v 0.160260 0.730781 0.330953
v 0.128319 0.760338 0.330953
v 0.108522 0.726066 0.330953
v 0.148710 0.714785 0.330953
v 0.108522 0.745304 0.330953
v 0.152826 0.753458 0.330953
v 0.128319 0.711032 0.330953
v 0.133618 0.710549 0.330953
v 0.160782 0.735685 0.330953
v 0.160260 0.740589 0.330953
v 0.152826 0.717911 0.330953
v 0.156204 0.721720 0.330953
v 0.123223 0.758907 0.330953
v 0.118527 0.756584 0.330953
v 0.111032 0.721720 0.330953
v 0.114410 0.717911 0.330953
v 0.148710 0.756584 0.330953
v 0.144014 0.758907 0.330953
v 0.106976 0.740589 0.330953
v 0.106454 0.735685 0.330953
v 0.000000 0.681239 0.477676
v -0.043730 0.663046 0.477676
v -0.061952 0.619102 0.477676
v 0.000000 0.556970 0.477676
v -0.043744 0.575206 0.477676
v -0.083621 0.619139 0.477676
v -0.059061 0.678394 0.477676
v 0.000000 0.702938 0.477676
v 0.000000 0.535341 0.477676
v -0.059061 0.559885 0.477676
v 0.043730 0.663046 0.477676
v 0.061952 0.619102 0.477676
v 0.043744 0.575206 0.477676
v 0.083621 0.619139 0.477676
v 0.059061 0.678394 0.477676
v 0.059061 0.559885 0.477676
v 0.000000 0.681239 0.499917
v -0.043730 0.663046 0.499917
v -0.061952 0.619102 0.499917
v 0.000000 0.556970 0.499917
v -0.043744 0.575206 0.499917
v -0.083621 0.619139 0.499917
v -0.059061 0.678394 0.499917
v 0.000000 0.702938 0.499917
v 0.000000 0.535341 0.499917
v -0.059061 0.559885 0.499917
v 0.043730 0.663046 0.499917
v 0.061952 0.619102 0.499917
v 0.043744 0.575206 0.499917
v 0.083621 0.619139 0.499917
v 0.059061 0.678394 0.499917
v 0.059061 0.559885 0.499917
vn -0.7072 -0.0367 0.7060
vn -0.4960 -0.0428 0.8673
vn -0.3740 0.6618 0.6497
vn -0.5270 0.6654 0.5287
vn -0.8654 -0.0221 -0.5005
vn -0.9654 -0.0247 -0.2596
vn -0.7058 0.6831 -0.1878
vn -0.6299 0.6869 -0.3625
vn -0.2585 -0.0441 -0.9650
vn -0.1861 -0.6965 -0.6930
vn -0.3593 -0.6961 -0.6216
vn -0.4993 -0.0439 -0.8653
vn -0.9996 -0.0277 -0.0010
vn -0.7344 0.6787 0.0014
vn -0.9992 -0.0399 -0.0004
vn -0.7211 -0.6928 0.0006
vn -0.6973 -0.6918 0.1875
vn -0.9653 -0.0385 0.2583
vn -0.7066 -0.0200 -0.7074
vn -0.5124 0.6899 -0.5113
vn -0.3827 -0.0413 0.9230
vn -0.2550 -0.0376 0.9662
vn -0.1943 0.6590 0.7266
vn -0.2972 0.6298 0.7176
vn -0.6258 -0.6909 0.3619
vn -0.8656 -0.0372 0.4994
vn -0.0005 -0.0441 -0.9990
vn -0.0004 -0.6257 -0.7801
vn -0.5114 -0.6902 0.5120
vn -0.7068 -0.0360 0.7065
vn -0.5084 -0.6955 -0.5078
vn -0.7062 -0.0432 -0.7067
vn 0.3376 -0.7147 -0.6125
vn 0.1751 -0.7120 -0.6800
vn -0.1966 -0.6794 0.7069
vn -0.3792 -0.6764 0.6314
vn 0.3376 -0.7596 0.5560
vn -0.3792 -0.6261 -0.6813
vn -0.1966 -0.6233 -0.7569
vn 0.1751 -0.7620 0.6234
vn -0.7066 -0.0363 0.7066
vn -0.4869 -0.0362 0.8727
vn 0.0004 -0.6169 0.7871
vn -0.1875 -0.6893 0.6998
vn -0.0000 -1.0000 -0.0000
vn -0.2667 -0.7171 0.6439
vn -0.3618 -0.6896 0.6273
vn -0.6958 -0.6938 -0.1858
vn -0.6232 -0.6947 -0.3592
vn -0.7326 -0.6588 0.1712
vn -0.7584 -0.6513 -0.0250
vn 0.6751 -0.7372 -0.0283
vn 0.6521 -0.7304 -0.2029
vn -0.6568 -0.6367 -0.4039
vn -0.5363 -0.6307 -0.5609
vn 0.4774 -0.7555 0.4487
vn 0.5847 -0.7501 0.3090
vn -0.9650 -0.0412 -0.2590
vn -0.7326 -0.6437 -0.2212
vn 0.6521 -0.7439 0.1463
vn 0.4774 -0.7188 -0.5053
vn -0.5363 -0.6718 0.5109
vn -0.1870 0.6926 -0.6967
vn -0.2589 -0.0181 -0.9657
vn -0.4996 -0.0187 -0.8660
vn -0.3614 0.6919 -0.6250
vn -0.8654 -0.0387 -0.4996
vn -0.9652 -0.0388 -0.2586
vn -0.9653 -0.0363 -0.2586
vn -0.8655 -0.0363 -0.4997
vn 0.5847 -0.7242 -0.3656
vn -0.6568 -0.6658 0.3539
vn -0.2588 -0.0363 -0.9653
vn -0.4997 -0.0363 -0.8655
vn -0.8650 -0.0423 -0.4999
vn -0.0000 -0.6938 -0.7201
vn 0.0808 -0.7659 0.6379
vn -0.2588 -0.0380 -0.9652
vn -0.4997 -0.0383 -0.8654
vn -0.4998 -0.0349 0.8654
vn -0.0001 -0.6521 -0.7581
vn -0.0951 -0.6831 0.7241
vn -0.2010 0.6025 0.7724
vn -0.0985 0.6049 0.7902
vn -0.5482 0.6101 0.5720
vn -0.6714 0.6163 0.4116
vn -0.7489 0.6389 -0.1763
vn -0.7753 0.6312 0.0242
vn -0.5482 0.6522 -0.5236
vn -0.6714 0.6460 -0.3631
vn -0.3876 0.6054 0.6951
vn -0.7489 0.6235 0.2247
vn -0.2010 0.6599 -0.7239
vn -0.0000 0.5833 -0.8122
vn -0.3876 0.6569 -0.6467
vn -0.1051 0.9841 0.1430
vn -0.1287 0.9853 0.1122
vn -0.1051 0.9922 -0.0671
vn -0.0743 0.9931 -0.0907
vn -0.0386 0.9937 -0.1055
vn -0.1436 0.9867 0.0764
vn -0.1287 0.9910 -0.0363
vn -0.0743 0.9832 0.1666
vn -0.0000 0.9915 -0.1301
vn -0.0386 0.9827 0.1814
vn -0.0194 0.9827 0.1840
vn -0.1487 0.9882 0.0379
vn -0.1436 0.9896 -0.0005
vn -0.0330 0.9978 0.0574
vn -0.0368 0.9982 0.0482
vn -0.0270 0.9975 0.0653
vn -0.0381 0.9985 0.0383
vn -0.0191 0.9998 0.0053
vn -0.0099 0.9999 0.0016
vn -0.0000 1.0000 -0.0049
vn -0.0099 0.9971 0.0751
vn -0.0191 0.9973 0.0713
vn -0.0270 0.9996 0.0114
vn -0.0330 0.9993 0.0193
vn -0.0368 0.9989 0.0285
vn -0.0049 0.9971 0.0758
vn -0.0000 0.9992 0.0388
vn 0.5602 -0.6313 0.5364
vn 0.3961 -0.6361 0.6622
vn -0.4257 0.6962 -0.5780
vn -0.2792 0.4784 -0.8325
vn -0.2792 0.4132 0.8668
vn -0.4257 0.6498 0.6297
vn 0.2054 -0.6392 0.7411
vn 0.7652 -0.6019 -0.2283
vn 0.6861 -0.5946 -0.4192
vn 0.2054 -0.5805 -0.7879
vn 0.3961 -0.5835 -0.7090
vn -0.0000 -0.4869 -0.8735
vn 0.7922 -0.6098 -0.0234
vn -0.4257 -0.6043 -0.6735
vn -0.3375 -0.8277 -0.4483
vn -0.3375 0.8277 -0.4483
vn -0.4257 0.6043 -0.6735
vn 0.2811 -0.4169 -0.8644
vn 0.2811 -0.4819 0.8299
vn 0.5511 -0.2988 0.7791
vn 0.5511 -0.2382 -0.7997
vn -0.5690 0.6068 -0.5550
vn -0.7111 0.0403 -0.7019
vn -0.7111 -0.0136 0.7029
vn -0.5690 0.5625 0.5999
vn 0.6861 -0.6250 0.3724
vn 0.7652 -0.6177 0.1815
vn 0.5277 0.8095 0.2573
vn 0.5277 -0.8095 0.2573
vn 0.2811 -0.8478 0.4497
vn 0.2811 0.8478 0.4497
vn 0.5602 -0.5883 -0.5832
vn -0.0000 0.0940 0.9956
vn -0.0000 0.6959 0.7182
vn -0.0000 -0.7200 0.6940
vn 0.0138 -0.9978 0.0653
vn 0.0273 -0.9976 0.0634
vn 0.0744 -0.9966 0.0362
vn 0.0912 -0.9957 0.0144
vn 0.0526 -0.9902 -0.1292
vn 0.0273 -0.9898 -0.1397
vn 0.1017 -0.9948 -0.0109
vn 0.1017 -0.9927 -0.0654
vn 0.0912 -0.9917 -0.0907
vn 0.1053 -0.9937 -0.0381
vn 0.0526 -0.9972 0.0529
vn 0.0744 -0.9909 -0.1125
vn -0.0000 -0.9876 -0.1572
vn -0.0000 -0.9993 -0.0384
vn -0.9992 -0.0388 -0.0000
vn -0.9652 -0.0388 0.2586
vn -0.0000 0.7290 -0.6845
vn -0.1352 -0.0183 -0.9907
vn -0.0000 -0.6795 -0.7337
vn -0.0000 -0.7337 0.6795
vn -0.0000 0.6795 0.7337
vn -0.0000 0.7337 -0.6795
vn -0.7131 0.6741 0.1926
vn -0.9657 -0.0308 0.2577
vn -0.8660 -0.0339 0.4989
vn -0.6426 0.6696 0.3725
vn -0.7545 -0.6561 0.0141
vn 0.5206 -0.8152 -0.2538
vn -0.3559 -0.8206 0.4472
vn -0.6242 -0.5908 0.5112
vn 0.0004 -0.1718 -0.9851
vn -0.6120 -0.5875 -0.5294
vn -0.6120 0.5875 -0.5294
vn 0.2811 -0.8478 -0.4497
vn 0.5206 0.8152 -0.2538
vn 0.2811 0.8478 -0.4497
vn -0.0000 -0.7071 -0.7071
vn -0.0000 0.7071 -0.7071
vn -0.6242 0.5908 0.5112
vn -0.3559 0.8206 0.4472
vn -0.0005 -0.0338 0.9994
vn -0.2588 -0.0341 0.9653
vn -0.8655 -0.0363 0.4997
vn -0.4257 -0.6043 0.6735
vn -0.4257 0.6043 0.6735
vn -0.2446 -0.0362 0.9690
vn -0.0000 0.0995 0.9950
vn -0.3825 -0.0342 0.9233
vn -0.0000 -0.7071 0.7071
vn -0.0000 0.7071 0.7071
vn -0.7439 -0.6681 -0.0139
vn -0.7439 0.6681 -0.0139
vn -0.8654 -0.0387 0.4996
vn -0.7066 -0.0385 0.7065
vn -0.7545 0.6561 0.0141
vn -0.7066 -0.0385 -0.7065
vn -0.7066 -0.0363 -0.7066
vn -0.0844 -0.9964 -0.0000
vn 0.6517 -0.7584 -0.0000
vn 0.5573 -0.5510 0.6211
vn 0.0015 -0.7690 0.6393
vn -0.0000 -0.1714 -0.9852
vn -0.1356 -0.0366 -0.9901
vn -0.9993 -0.0363 -0.0000
vn -0.9653 -0.0363 0.2586
vn -0.4997 -0.0383 0.8654
vn -0.0003 -0.2147 0.9767
vn -0.2759 -0.0538 0.9597
vn -0.3824 -0.0379 0.9232
vn -0.3824 -0.0359 0.9233
vn -0.3156 -0.0365 0.9482
vn -0.2715 -0.0242 0.9621
vn -0.3827 -0.0375 0.9231
vn -0.4997 -0.0363 0.8655
vn -0.4959 -0.0329 0.8678
vn -0.2472 -0.0354 0.9683
vn -0.1759 0.0398 0.9836
vn -0.0000 -0.0553 0.9985
vn -0.1291 0.0167 0.9915
vn -0.0000 -0.0177 0.9998
vn -0.1753 -0.1108 0.9783
vn 1.0000 -0.0089 -0.0000
vn 0.7077 0.7065 -0.0000
vn 0.7074 0.7068 -0.0000
vn 1.0000 -0.0000 -0.0000
vn -0.0000 0.9471 0.3209
vn -0.0000 -0.9471 0.3210
vn 0.6986 -0.7155 -0.0000
vn 0.7074 -0.7068 -0.0000
vn -0.0000 -0.9471 -0.3209
vn -0.7816 -0.0002 0.6238
vn -0.5544 0.5546 0.6205
vn -0.5534 0.5503 0.6252
vn -0.7834 0.0002 0.6216
vn 0.7816 -0.0002 0.6238
vn 0.5542 -0.5550 0.6204
vn 0.5533 -0.5504 0.6252
vn 0.7834 0.0002 0.6216
vn -0.6814 -0.0000 -0.7319
vn -0.4822 -0.4812 -0.7321
vn -0.4818 -0.4816 -0.7321
vn -0.0005 0.9454 0.3258
vn 0.0007 0.5270 0.8499
vn -0.0000 0.9470 0.3212
vn 0.7067 0.7075 -0.0029
vn 0.7088 0.7055 0.0029
vn 0.0006 0.9470 0.3212
vn -0.7074 -0.7068 -0.0000
vn -0.0000 -0.8970 -0.4421
vn -0.0000 -0.8970 0.4421
vn 1.0000 -0.0001 0.0014
vn 1.0000 0.0002 -0.0014
vn 0.7064 -0.7078 -0.0030
vn 0.7086 -0.7056 0.0030
vn -1.0000 -0.0000 -0.0000
vn -0.7074 0.7068 -0.0000
vn 0.0005 -0.9472 -0.3207
vn -0.0000 -0.9472 -0.3207
vn -0.0000 0.8970 -0.4421
vn -0.0000 0.8970 0.4421
vn -0.0000 -0.0000 1.0000
vn -0.9999 -0.0140 -0.0000
vn -0.7572 -0.6532 -0.0000
vn -0.5506 -0.5565 0.6222
vn -0.7694 -0.0045 0.6388
vn 1.0000 0.0059 -0.0000
vn 0.6531 0.7573 -0.0000
vn 0.5491 0.5572 0.6229
vn 0.7693 0.0094 0.6388
vn -0.3701 -0.0552 0.9273
vn -0.3831 -0.0373 0.9230
vn -0.3552 -0.0356 0.9341
vn -0.3714 -0.0190 0.9283
vn -0.3552 -0.0359 0.9341
vn -0.0015 0.7693 0.6389
vn -0.5558 0.5518 0.6218
vn -0.0876 0.9962 -0.0000
vn -0.7719 0.6358 -0.0000
vn -0.0000 0.0152 -0.9999
vn -0.0000 0.3058 -0.9521
vn -0.0550 0.3002 -0.9523
vn -0.0034 0.0146 -0.9999
vn -0.0000 -0.0000 -1.0000
vn -0.1082 0.2833 -0.9529
vn -0.0064 0.0131 -0.9999
vn -0.1575 0.2556 -0.9539
vn -0.0087 0.0109 -0.9999
vn -0.2011 0.2181 -0.9550
vn -0.0102 0.0083 -0.9999
vn -0.2373 0.1720 -0.9561
vn -0.0110 0.0057 -0.9999
vn -0.2644 0.1188 -0.9571
vn -0.0111 0.0035 -0.9999
vn -0.2813 0.0607 -0.9577
vn -0.0111 0.0016 -0.9999
vn -0.2870 -0.0000 -0.9579
vn -0.0110 -0.0000 -0.9999
vn -0.2813 -0.0607 -0.9577
vn -0.0111 -0.0016 -0.9999
vn -0.2644 -0.1188 -0.9571
vn -0.0111 -0.0035 -0.9999
vn -0.2373 -0.1720 -0.9561
vn -0.0110 -0.0058 -0.9999
vn -0.2011 -0.2181 -0.9550
vn -0.0102 -0.0083 -0.9999
vn -0.1575 -0.2556 -0.9539
vn -0.0087 -0.0109 -0.9999
vn -0.1082 -0.2832 -0.9529
vn -0.0064 -0.0131 -0.9999
vn -0.0550 -0.3002 -0.9523
vn -0.0034 -0.0146 -0.9999
vn -0.0000 -0.3058 -0.9521
vn -0.0000 -0.0152 -0.9999
vn 0.0550 -0.3002 -0.9523
vn 0.0034 -0.0146 -0.9999
vn 0.1082 -0.2833 -0.9529
vn 0.0064 -0.0131 -0.9999
vn 0.1575 -0.2556 -0.9539
vn 0.0087 -0.0109 -0.9999
vn 0.2011 -0.2181 -0.9550
vn 0.0102 -0.0083 -0.9999
vn 0.2373 -0.1720 -0.9561
vn 0.0110 -0.0058 -0.9999
vn 0.2644 -0.1188 -0.9571
vn 0.0111 -0.0035 -0.9999
vn 0.2813 -0.0607 -0.9577
vn 0.0111 -0.0016 -0.9999
vn 0.2870 -0.0000 -0.9579
vn 0.0110 -0.0000 -0.9999
vn 0.2813 0.0607 -0.9577
vn 0.0111 0.0016 -0.9999
vn 0.2644 0.1188 -0.9571
vn 0.0111 0.0035 -0.9999
vn 0.2373 0.1720 -0.9561
vn 0.0110 0.0057 -0.9999
vn 0.2011 0.2181 -0.9550
vn 0.0102 0.0083 -0.9999
vn 0.1575 0.2556 -0.9539
vn 0.0087 0.0109 -0.9999
vn 0.1082 0.2833 -0.9529
vn 0.0064 0.0131 -0.9999
vn 0.0550 0.3002 -0.9523
vn 0.0034 0.0146 -0.9999
vn 0.0889 0.4837 -0.8707
vn -0.0000 0.4927 -0.8702
vn -0.0000 0.8167 -0.5770
vn 0.1480 0.8026 -0.5778
vn 0.4291 -0.1923 -0.8825
vn 0.4568 -0.0983 -0.8841
vn 0.7831 -0.1680 -0.5988
vn 0.7330 -0.3274 -0.5962
vn -0.3257 -0.3524 -0.8773
vn -0.2548 -0.4125 -0.8746
vn -0.4276 -0.6902 -0.5838
vn -0.5499 -0.5931 -0.5881
vn -0.2548 0.4125 -0.8746
vn -0.3257 0.3524 -0.8773
vn -0.5499 0.5931 -0.5881
vn -0.4276 0.6902 -0.5838
vn 0.4291 0.1923 -0.8825
vn 0.3847 0.2781 -0.8801
vn 0.6536 0.4710 -0.5924
vn 0.7330 0.3274 -0.5962
vn -0.0000 -0.4927 -0.8702
vn 0.0889 -0.4837 -0.8707
vn 0.1480 -0.8026 -0.5778
vn -0.0000 -0.8167 -0.5770
vn 0.1749 -0.4567 -0.8723
vn 0.2920 -0.7603 -0.5802
vn -0.4568 0.0983 -0.8841
vn -0.4662 -0.0000 -0.8847
vn -0.8002 -0.0000 -0.5997
vn -0.7831 0.1680 -0.5988
vn 0.1749 0.4567 -0.8723
vn 0.2920 0.7603 -0.5802
vn 0.3847 -0.2781 -0.8801
vn 0.6536 -0.4710 -0.5924
vn 0.4568 0.0983 -0.8841
vn 0.7831 0.1680 -0.5988
vn -0.3847 -0.2781 -0.8801
vn -0.6536 -0.4710 -0.5924
vn -0.1749 0.4567 -0.8723
vn -0.2920 0.7603 -0.5802
vn -0.4291 0.1923 -0.8825
vn -0.7330 0.3274 -0.5962
vn 0.2548 0.4125 -0.8746
vn 0.4276 0.6902 -0.5838
vn -0.0889 -0.4837 -0.8707
vn -0.1480 -0.8026 -0.5778
vn 0.3257 -0.3524 -0.8773
vn 0.5500 -0.5931 -0.5881
vn -0.4292 -0.1923 -0.8825
vn -0.7330 -0.3274 -0.5962
vn -0.0889 0.4837 -0.8707
vn -0.1480 0.8026 -0.5778
vn 0.4662 -0.0000 -0.8847
vn 0.8002 -0.0000 -0.5997
vn -0.1749 -0.4567 -0.8723
vn -0.2920 -0.7603 -0.5802
vn -0.3847 0.2781 -0.8801
vn -0.6536 0.4710 -0.5924
vn 0.3257 0.3524 -0.8773
vn 0.5499 0.5931 -0.5881
vn -0.4568 -0.0983 -0.8841
vn -0.7831 -0.1680 -0.5988
vn 0.2548 -0.4125 -0.8746
vn 0.4276 -0.6902 -0.5838
vn 0.7771 0.5601 -0.2871
vn 0.6520 0.7034 -0.2832
vn 0.6607 0.7114 -0.2395
vn 0.7875 0.5665 -0.2429
vn -0.9559 -0.0000 -0.2937
vn -0.9349 -0.2006 -0.2929
vn -0.9473 -0.2028 -0.2480
vn -0.9686 -0.0000 -0.2488
vn 0.8736 0.3904 -0.2905
vn 0.8853 0.3947 -0.2459
vn -0.9349 0.2006 -0.2929
vn -0.9473 0.2028 -0.2480
vn 0.9349 0.2006 -0.2929
vn 0.9473 0.2028 -0.2480
vn -0.8736 0.3904 -0.2905
vn -0.8853 0.3947 -0.2460
vn 0.9559 -0.0000 -0.2937
vn 0.9686 -0.0000 -0.2488
vn -0.7771 0.5601 -0.2871
vn -0.7875 0.5665 -0.2429
vn 0.9349 -0.2006 -0.2929
vn 0.9473 -0.2028 -0.2480
vn -0.6520 0.7034 -0.2832
vn -0.6607 0.7114 -0.2395
vn 0.8736 -0.3904 -0.2905
vn 0.8853 -0.3947 -0.2459
vn -0.5056 0.8163 -0.2795
vn -0.5124 0.8256 -0.2362
vn -0.0000 -0.9618 -0.2737
vn 0.1743 -0.9457 -0.2744
vn 0.1767 -0.9566 -0.2318
vn -0.0000 -0.9729 -0.2312
vn 0.7771 -0.5601 -0.2871
vn 0.7875 -0.5665 -0.2429
vn -0.3445 0.8972 -0.2764
vn -0.3491 0.9075 -0.2336
vn -0.1744 -0.9457 -0.2744
vn -0.1767 -0.9566 -0.2318
vn 0.6520 -0.7034 -0.2832
vn 0.6607 -0.7114 -0.2395
vn -0.1744 0.9457 -0.2744
vn -0.1767 0.9566 -0.2318
vn -0.3445 -0.8972 -0.2764
vn -0.3491 -0.9075 -0.2336
vn 0.5056 -0.8163 -0.2795
vn 0.5124 -0.8256 -0.2362
vn -0.0000 0.9618 -0.2737
vn -0.0000 0.9729 -0.2312
vn -0.5056 -0.8163 -0.2795
vn -0.5124 -0.8256 -0.2362
vn 0.3445 -0.8972 -0.2764
vn 0.3491 -0.9075 -0.2336
vn 0.1744 0.9457 -0.2744
vn 0.1767 0.9566 -0.2318
vn -0.6520 -0.7034 -0.2832
vn -0.6607 -0.7114 -0.2395
vn 0.3445 0.8972 -0.2764
vn 0.3491 0.9075 -0.2336
vn -0.7771 -0.5601 -0.2871
vn -0.7875 -0.5665 -0.2429
vn 0.5056 0.8163 -0.2795
vn 0.5124 0.8256 -0.2362
vn -0.8736 -0.3904 -0.2905
vn -0.8853 -0.3947 -0.2459
vn 0.7072 -0.0367 0.7060
vn 0.5270 0.6654 0.5287
vn 0.3740 0.6619 0.6496
vn 0.4960 -0.0428 0.8673
vn 0.8654 -0.0221 -0.5005
vn 0.6299 0.6870 -0.3624
vn 0.7057 0.6831 -0.1878
vn 0.9654 -0.0247 -0.2596
vn 0.2585 -0.0441 -0.9650
vn 0.4993 -0.0439 -0.8653
vn 0.3593 -0.6961 -0.6216
vn 0.1861 -0.6965 -0.6930
vn 0.7343 0.6788 0.0014
vn 0.9996 -0.0277 -0.0010
vn 0.9992 -0.0399 -0.0004
vn 0.9653 -0.0385 0.2583
vn 0.6973 -0.6918 0.1875
vn 0.7211 -0.6928 0.0006
vn 0.7066 -0.0200 -0.7074
vn 0.5124 0.6900 -0.5113
vn 0.3827 -0.0413 0.9230
vn 0.2972 0.6299 0.7176
vn 0.1943 0.6590 0.7266
vn 0.2550 -0.0376 0.9662
vn 0.8656 -0.0372 0.4994
vn 0.6258 -0.6909 0.3619
vn 0.0005 -0.0441 -0.9990
vn 0.7068 -0.0360 0.7065
vn 0.5114 -0.6902 0.5120
vn 0.7062 -0.0432 -0.7067
vn 0.5084 -0.6955 -0.5078
vn -0.3376 -0.7147 -0.6125
vn 0.3792 -0.6764 0.6314
vn 0.1966 -0.6794 0.7069
vn -0.1751 -0.7120 -0.6800
vn -0.3376 -0.7596 0.5560
vn -0.1751 -0.7620 0.6234
vn 0.1966 -0.6233 -0.7569
vn 0.3792 -0.6261 -0.6813
vn 0.7066 -0.0363 0.7066
vn 0.4869 -0.0362 0.8727
vn 0.1875 -0.6893 0.6998
vn 0.3618 -0.6896 0.6273
vn 0.2667 -0.7171 0.6439
vn 0.6958 -0.6938 -0.1858
vn 0.6232 -0.6947 -0.3592
vn 0.7326 -0.6588 0.1712
vn -0.6521 -0.7304 -0.2029
vn -0.6751 -0.7372 -0.0283
vn 0.7584 -0.6513 -0.0250
vn 0.6568 -0.6367 -0.4039
vn -0.5847 -0.7501 0.3090
vn -0.4774 -0.7555 0.4487
vn 0.5363 -0.6307 -0.5609
vn 0.9650 -0.0412 -0.2590
vn -0.6521 -0.7439 0.1463
vn 0.7326 -0.6437 -0.2212
vn -0.4774 -0.7188 -0.5053
vn 0.5363 -0.6718 0.5109
vn 0.1870 0.6926 -0.6966
vn 0.3612 0.6920 -0.6250
vn 0.4996 -0.0187 -0.8660
vn 0.2589 -0.0181 -0.9657
vn 0.8654 -0.0387 -0.4996
vn 0.8655 -0.0363 -0.4997
vn 0.9653 -0.0363 -0.2586
vn 0.9652 -0.0388 -0.2586
vn -0.5847 -0.7242 -0.3656
vn 0.6568 -0.6658 0.3539
vn 0.2588 -0.0363 -0.9653
vn 0.4997 -0.0363 -0.8655
vn 0.8650 -0.0423 -0.4999
vn 0.2588 -0.0380 -0.9652
vn 0.4997 -0.0383 -0.8654
vn 0.4998 -0.0349 0.8654
vn 0.2010 0.6025 0.7724
vn 0.6714 0.6163 0.4116
vn 0.5482 0.6101 0.5720
vn 0.7489 0.6389 -0.1763
vn 0.7753 0.6312 0.0242
vn 0.5482 0.6522 -0.5236
vn 0.6714 0.6460 -0.3631
vn 0.3876 0.6054 0.6951
vn 0.7489 0.6235 0.2247
vn 0.2010 0.6599 -0.7239
vn 0.3876 0.6569 -0.6467
vn 0.1287 0.9853 0.1122
vn 0.1051 0.9841 0.1430
vn 0.0743 0.9931 -0.0907
vn 0.1051 0.9922 -0.0671
vn 0.0386 0.9937 -0.1055
vn 0.1436 0.9867 0.0764
vn 0.1287 0.9910 -0.0364
vn 0.0743 0.9832 0.1666
vn 0.0386 0.9827 0.1814
vn 0.1487 0.9882 0.0379
vn 0.1436 0.9896 -0.0005
vn 0.0368 0.9982 0.0482
vn 0.0330 0.9978 0.0574
vn 0.0270 0.9975 0.0653
vn 0.0381 0.9985 0.0383
vn 0.0099 0.9999 0.0016
vn 0.0191 0.9998 0.0053
vn 0.0191 0.9973 0.0713
vn 0.0099 0.9971 0.0751
vn 0.0270 0.9996 0.0114
vn 0.0330 0.9993 0.0193
vn 0.0368 0.9989 0.0285
vn -0.5602 -0.6313 0.5364
vn -0.3961 -0.6361 0.6622
vn 0.4257 0.6962 -0.5780
vn 0.4257 0.6498 0.6297
vn 0.2792 0.4132 0.8668
vn 0.2792 0.4784 -0.8325
vn -0.2054 -0.6392 0.7411
vn -0.6861 -0.5946 -0.4192
vn -0.7652 -0.6019 -0.2283
vn -0.2054 -0.5805 -0.7879
vn -0.3961 -0.5835 -0.7090
vn -0.7922 -0.6098 -0.0234
vn 0.4257 -0.6043 -0.6735
vn 0.4257 0.6043 -0.6735
vn 0.3375 0.8277 -0.4483
vn 0.3375 -0.8277 -0.4483
vn -0.2811 -0.4169 -0.8644
vn -0.5511 -0.2382 -0.7997
vn -0.5511 -0.2988 0.7791
vn -0.2811 -0.4819 0.8299
vn 0.5690 0.6068 -0.5550
vn 0.5690 0.5625 0.5999
vn 0.7111 -0.0136 0.7029
vn 0.7111 0.0403 -0.7019
vn -0.7652 -0.6177 0.1815
vn -0.6861 -0.6250 0.3724
vn -0.5277 0.8095 0.2573
vn -0.2811 0.8478 0.4497
vn -0.2811 -0.8478 0.4497
vn -0.5277 -0.8095 0.2573
vn -0.5602 -0.5883 -0.5832
vn -0.0273 -0.9976 0.0634
vn -0.0744 -0.9966 0.0362
vn -0.0912 -0.9957 0.0144
vn -0.0526 -0.9902 -0.1292
vn -0.0273 -0.9898 -0.1397
vn -0.1017 -0.9948 -0.0109
vn -0.0912 -0.9917 -0.0907
vn -0.1017 -0.9927 -0.0654
vn -0.1053 -0.9937 -0.0381
vn -0.0526 -0.9972 0.0529
vn -0.0744 -0.9909 -0.1125
vn 0.9992 -0.0388 -0.0000
vn 0.9652 -0.0388 0.2586
vn 0.7130 0.6742 0.1926
vn 0.6426 0.6696 0.3725
vn 0.8660 -0.0339 0.4989
vn 0.9657 -0.0308 0.2577
vn 0.7545 -0.6561 0.0142
vn 0.6242 -0.5908 0.5112
vn 0.3559 -0.8206 0.4472
vn -0.5206 -0.8152 -0.2538
vn 0.6120 0.5875 -0.5294
vn 0.6120 -0.5875 -0.5294
vn -0.2811 -0.8478 -0.4497
vn -0.2811 0.8478 -0.4497
vn -0.5206 0.8152 -0.2538
vn 0.6242 0.5908 0.5112
vn 0.3559 0.8206 0.4472
vn 0.2588 -0.0341 0.9653
vn 0.0005 -0.0338 0.9994
vn 0.8655 -0.0363 0.4997
vn 0.4257 0.6043 0.6735
vn 0.4257 -0.6043 0.6735
vn 0.2446 -0.0362 0.9690
vn 0.3825 -0.0342 0.9233
vn 0.7439 0.6681 -0.0139
vn 0.7439 -0.6681 -0.0139
vn 0.8654 -0.0387 0.4996
vn 0.7066 -0.0385 0.7065
vn 0.7545 0.6561 0.0142
vn 0.7066 -0.0385 -0.7065
vn 0.7066 -0.0363 -0.7066
vn 0.0844 -0.9964 -0.0000
vn -0.0015 -0.7690 0.6393
vn -0.5573 -0.5510 0.6211
vn -0.6517 -0.7584 -0.0000
vn 0.9993 -0.0363 -0.0000
vn 0.9653 -0.0363 0.2586
vn 0.4997 -0.0383 0.8654
vn 0.2759 -0.0538 0.9597
vn 0.3824 -0.0379 0.9232
vn 0.3824 -0.0359 0.9233
vn 0.3827 -0.0375 0.9231
vn 0.2715 -0.0242 0.9621
vn 0.3156 -0.0365 0.9482
vn 0.4959 -0.0329 0.8678
vn 0.4997 -0.0363 0.8655
vn 0.2472 -0.0354 0.9683
vn 0.1759 0.0398 0.9836
vn 0.1753 -0.1108 0.9783
vn -1.0000 -0.0089 -0.0000
vn -0.7077 0.7065 -0.0000
vn -0.6986 -0.7155 -0.0000
vn -0.0000 -0.5278 0.8494
vn -0.0000 -0.9453 0.3261
vn -0.0000 -0.3073 -0.9516
vn -0.0000 -0.9265 -0.3763
vn -0.5542 -0.5550 0.6204
vn -0.5534 -0.5504 0.6252
vn -0.0000 0.3071 -0.9517
vn -0.4821 0.4812 -0.7321
vn -0.4817 0.4816 -0.7321
vn -0.0000 0.9264 -0.3765
vn -0.7088 0.7055 0.0029
vn -0.7067 0.7075 -0.0029
vn -1.0000 0.0002 -0.0014
vn -1.0000 -0.0001 0.0014
vn -0.7086 -0.7056 0.0030
vn -0.7064 -0.7078 -0.0030
vn 0.9999 -0.0140 -0.0000
vn 0.7694 -0.0045 0.6388
vn 0.5506 -0.5565 0.6222
vn 0.7572 -0.6532 -0.0000
vn -1.0000 0.0059 -0.0000
vn -0.7693 0.0094 0.6388
vn -0.5491 0.5572 0.6229
vn -0.6531 0.7573 -0.0000
vn 0.3701 -0.0552 0.9273
vn 0.3831 -0.0373 0.9230
vn 0.3552 -0.0356 0.9341
vn 0.3714 -0.0190 0.9283
vn 0.3552 -0.0359 0.9341
vn 0.0015 0.7693 0.6389
vn 0.5558 0.5518 0.6218
vn 0.0876 0.9962 -0.0000
vn 0.7719 0.6358 -0.0000
vn -0.4291 -0.1923 -0.8825
vn 0.5499 -0.5931 -0.5881
vn 0.4292 -0.1923 -0.8825
vn -0.8853 0.3947 -0.2459
vn 0.8853 0.3947 -0.2460
vn 0.7875 0.5665 -0.2430
vn 0.5124 0.8256 -0.2363
vn -0.1743 -0.9457 -0.2744
vn 0.1743 0.9457 -0.2744
vn -0.1743 0.9457 -0.2744
vn 0.8736 -0.3903 -0.2905
vn -0.0000 -0.9472 0.3207
vn 0.7088 0.7054 0.0029
vn 0.6814 -0.0000 -0.7319
vn 0.4821 0.4812 -0.7321
vn 0.4817 0.4816 -0.7321
vn 0.5544 0.5546 0.6205
vn 0.5534 0.5503 0.6252
vn 0.4822 -0.4812 -0.7321
vn 0.4818 -0.4816 -0.7321
vn 0.0017 -0.0037 1.0000
vn -0.0000 -0.0022 1.0000
vn -0.0017 -0.0002 1.0000
vn -0.0000 0.0024 1.0000
vn 0.0016 0.0035 1.0000
vn -0.0017 -0.0037 1.0000
vn 0.0017 -0.0002 1.0000
vn -0.0016 0.0035 1.0000
vn -0.0006 0.9470 -0.3212
vn -0.7088 0.7054 0.0029
vt 0.791802 0.344311
vt 0.762743 0.343782
vt 0.763068 0.298698
vt 0.792350 0.299230
vt 0.470143 0.635393
vt 0.435337 0.635269
vt 0.434522 0.590214
vt 0.469595 0.590339
vt 0.658554 0.892991
vt 0.659564 0.995627
vt 0.628472 0.995629
vt 0.626508 0.892993
vt 0.398764 0.635227
vt 0.397669 0.590172
vt 0.399214 0.831375
vt 0.398384 0.934042
vt 0.365447 0.934081
vt 0.365267 0.831415
vt 0.500809 0.635591
vt 0.500497 0.590538
vt 0.745823 0.343616
vt 0.728903 0.343450
vt 0.728968 0.298363
vt 0.746018 0.298530
vt 0.335421 0.934195
vt 0.334320 0.831533
vt 0.692943 0.892990
vt 0.692652 0.995627
vt 0.310352 0.934376
vt 0.308481 0.831720
vt 0.601773 0.995632
vt 0.598989 0.892996
vt 0.016489 0.203263
vt 0.035153 0.235594
vt 0.033185 0.237104
vt 0.014197 0.204212
vt 0.167261 0.006839
vt 0.167584 0.004380
vt 0.204266 0.014220
vt 0.203317 0.016511
vt 0.791419 0.359254
vt 0.762472 0.358727
vt 0.644039 0.233864
vt 0.620480 0.210220
vt 0.722457 0.131878
vt 0.612073 0.195650
vt 0.603666 0.181080
vt 0.594963 0.148598
vt 0.594963 0.114988
vt 0.603666 0.082540
vt 0.620480 0.053467
vt 0.644259 0.029749
vt 0.673381 0.013002
vt 0.705863 0.004368
vt 0.739491 0.004435
vt 0.771973 0.013198
vt 0.800876 0.029892
vt 0.014197 0.092881
vt 0.033185 0.060002
vt 0.035153 0.061513
vt 0.016489 0.093831
vt 0.092926 0.014184
vt 0.129608 0.004368
vt 0.129932 0.006827
vt 0.093875 0.016476
vt 0.431986 0.934081
vt 0.433848 0.831415
vt 0.060038 0.033160
vt 0.061548 0.035128
vt 0.006827 0.167207
vt 0.004368 0.167530
vt 0.656335 0.651852
vt 0.656401 0.696902
vt 0.622561 0.696904
vt 0.622236 0.651854
vt 0.468687 0.724310
vt 0.434681 0.724188
vt 0.434896 0.695039
vt 0.469164 0.695161
vt 0.006827 0.129882
vt 0.004368 0.129557
vt 0.656682 0.726779
vt 0.656962 0.756656
vt 0.623645 0.756658
vt 0.623103 0.726781
vt 0.463965 0.934195
vt 0.466808 0.831533
vt 0.236935 0.033048
vt 0.235424 0.035015
vt 0.657236 0.785797
vt 0.624174 0.785799
vt 0.783531 0.643116
vt 0.756832 0.642630
vt 0.758796 0.539968
vt 0.786314 0.540468
vt 0.061328 0.261827
vt 0.059818 0.263794
vt 0.273304 0.366792
vt 0.292312 0.366432
vt 0.292385 0.403810
vt 0.273376 0.403810
vt 0.232502 0.692012
vt 0.232774 0.720315
vt 0.213796 0.719241
vt 0.213526 0.691209
vt 0.213357 0.583263
vt 0.232331 0.583022
vt 0.232272 0.620944
vt 0.213299 0.620822
vt 0.213796 0.516037
vt 0.232774 0.515145
vt 0.232502 0.546936
vt 0.213526 0.547523
vt 0.272757 0.302195
vt 0.291761 0.301210
vt 0.292099 0.331342
vt 0.273093 0.332039
vt 0.232331 0.658119
vt 0.213357 0.657641
vt 0.214940 0.403810
vt 0.214749 0.366432
vt 0.233674 0.366792
vt 0.233863 0.403810
vt 0.214190 0.331342
vt 0.213299 0.301210
vt 0.232238 0.302195
vt 0.233120 0.332039
vt 0.425097 0.004368
vt 0.435866 0.080762
vt 0.419189 0.085201
vt 0.388785 0.014033
vt 0.301120 0.165662
vt 0.378925 0.154843
vt 0.383394 0.171521
vt 0.310850 0.201975
vt 0.392027 0.186481
vt 0.329646 0.234548
vt 0.404236 0.093806
vt 0.356229 0.032768
vt 0.301120 0.128086
vt 0.378925 0.137584
vt 0.462690 0.004430
vt 0.453132 0.080790
vt 0.404016 0.198536
vt 0.356009 0.260993
vt 0.469810 0.085285
vt 0.499002 0.014215
vt 0.531339 0.032888
vt 0.484543 0.093770
vt 0.392027 0.105989
vt 0.329646 0.059295
vt 0.310850 0.091806
vt 0.383394 0.120921
vt 0.428448 0.107332
vt 0.418929 0.112810
vt 0.439065 0.104506
vt 0.411156 0.120566
vt 0.405660 0.162284
vt 0.411156 0.171808
vt 0.418709 0.179420
vt 0.460674 0.107385
vt 0.450057 0.104524
vt 0.402816 0.151667
vt 0.402816 0.140680
vt 0.405660 0.130072
vt 0.469973 0.112725
vt 0.444339 0.146075
vt 0.816199 0.499940
vt 0.801086 0.499940
vt 0.801419 0.470322
vt 0.816532 0.470322
vt 0.649184 0.268181
vt 0.649184 0.279037
vt 0.638479 0.279433
vt 0.638479 0.268577
vt 0.801628 0.435831
vt 0.816741 0.435831
vt 0.242953 0.688796
vt 0.242689 0.654694
vt 0.257801 0.654701
vt 0.258066 0.688804
vt 0.274182 0.652728
vt 0.289286 0.652728
vt 0.288736 0.687219
vt 0.273632 0.687219
vt 0.274370 0.615992
vt 0.289474 0.615992
vt 0.242598 0.617821
vt 0.257711 0.617829
vt 0.619001 0.279433
vt 0.619001 0.268161
vt 0.629744 0.268124
vt 0.629744 0.279396
vt 0.755262 0.268410
vt 0.766001 0.268541
vt 0.766001 0.279300
vt 0.755262 0.279168
vt 0.576148 0.741561
vt 0.578212 0.741566
vt 0.578212 0.752278
vt 0.576148 0.752273
vt 0.242689 0.580692
vt 0.242953 0.545836
vt 0.258066 0.545843
vt 0.257801 0.580699
vt 0.746527 0.279203
vt 0.735787 0.279299
vt 0.735787 0.268505
vt 0.746527 0.268410
vt 0.287861 0.716838
vt 0.272757 0.716838
vt 0.278506 0.861625
vt 0.278506 0.850901
vt 0.289160 0.850906
vt 0.289160 0.861631
vt 0.692652 0.343336
vt 0.692652 0.298249
vt 0.329446 0.352669
vt 0.355621 0.326437
vt 0.397990 0.381635
vt 0.384728 0.394951
vt 0.370260 0.429881
vt 0.370260 0.448946
vt 0.301120 0.458382
vt 0.301120 0.421057
vt 0.452205 0.511793
vt 0.470622 0.506852
vt 0.497610 0.571752
vt 0.461553 0.581424
vt 0.375195 0.467360
vt 0.310781 0.494432
vt 0.388168 0.571787
vt 0.355841 0.553135
vt 0.398210 0.497343
vt 0.414722 0.506870
vt 0.329446 0.526751
vt 0.384728 0.483867
vt 0.375195 0.411465
vt 0.310781 0.385000
vt 0.424225 0.581436
vt 0.433139 0.511799
vt 0.486913 0.497484
vt 0.529717 0.553248
vt 0.442452 0.439559
vt 0.801699 0.399094
vt 0.816813 0.399094
vt 0.835449 0.783010
vt 0.837415 0.793702
vt 0.835353 0.793663
vt 0.837421 0.780748
vt 0.520453 0.766650
vt 0.520357 0.755997
vt 0.522421 0.755958
vt 0.522427 0.768912
vt 0.511765 0.774112
vt 0.509544 0.771833
vt 0.398949 0.724147
vt 0.363925 0.724188
vt 0.692652 0.651851
vt 0.692652 0.696901
vt 0.856896 0.719095
vt 0.856896 0.738245
vt 0.846156 0.738245
vt 0.846156 0.719095
vt 0.825548 0.374510
vt 0.825548 0.353081
vt 0.836273 0.353081
vt 0.836273 0.374510
vt 0.258487 0.717813
vt 0.243374 0.717806
vt 0.243374 0.515629
vt 0.258487 0.515636
vt 0.824547 0.777828
vt 0.826766 0.775549
vt 0.361546 0.590214
vt 0.362916 0.635269
vt 0.330236 0.635394
vt 0.328615 0.590339
vt 0.228593 0.729050
vt 0.226157 0.742005
vt 0.224187 0.739742
vt 0.226534 0.729089
vt 0.692652 0.785796
vt 0.843641 0.279153
vt 0.832988 0.279153
vt 0.832988 0.268410
vt 0.843641 0.268410
vt 0.014894 0.864365
vt 0.004368 0.864472
vt 0.004368 0.853731
vt 0.014894 0.853625
vt 0.541905 0.826701
vt 0.541905 0.845851
vt 0.531162 0.845851
vt 0.531162 0.826701
vt 0.804865 0.268466
vt 0.804865 0.279205
vt 0.794211 0.279150
vt 0.794211 0.268410
vt 0.725740 0.642325
vt 0.692652 0.642221
vt 0.692360 0.539545
vt 0.726750 0.539653
vt 0.330828 0.665277
vt 0.331419 0.695161
vt 0.304556 0.695356
vt 0.303753 0.665473
vt 0.302951 0.635591
vt 0.301120 0.590538
vt 0.219524 0.854269
vt 0.219524 0.865012
vt 0.209038 0.865065
vt 0.209038 0.854322
vt 0.215516 0.747204
vt 0.213299 0.744925
vt 0.728762 0.358396
vt 0.692652 0.358283
vt 0.741286 0.642478
vt 0.742773 0.539810
vt 0.213299 0.766354
vt 0.215516 0.766354
vt 0.813591 0.756398
vt 0.815811 0.756398
vt 0.815811 0.777827
vt 0.813591 0.775548
vt 0.578207 0.732825
vt 0.576146 0.732826
vt 0.576146 0.722084
vt 0.578207 0.722082
vt 0.331996 0.724310
vt 0.305338 0.724503
vt 0.562995 0.727567
vt 0.564968 0.725304
vt 0.567409 0.738259
vt 0.565346 0.738220
vt 0.593502 0.696907
vt 0.592953 0.651858
vt 0.554307 0.720105
vt 0.552086 0.722384
vt 0.492140 0.934376
vt 0.495848 0.831720
vt 0.802930 0.780748
vt 0.804903 0.783010
vt 0.595782 0.785803
vt 0.552086 0.700955
vt 0.554307 0.700955
vt 0.106710 0.788252
vt 0.106710 0.809681
vt 0.095970 0.809681
vt 0.095970 0.788252
vt 0.289474 0.725573
vt 0.289474 0.736315
vt 0.287419 0.736317
vt 0.287419 0.725575
vt 0.801086 0.793702
vt 0.803149 0.793663
vt 0.554146 0.747033
vt 0.555897 0.757686
vt 0.552086 0.746994
vt 0.553927 0.759948
vt 0.541905 0.777387
vt 0.541905 0.798816
vt 0.531162 0.798816
vt 0.531162 0.777387
vt 0.566785 0.762869
vt 0.564568 0.765148
vt 0.500446 0.650532
vt 0.469898 0.650335
vt 0.595035 0.756661
vt 0.594268 0.726784
vt 0.836219 0.318229
vt 0.825548 0.313768
vt 0.825548 0.298492
vt 0.836219 0.298249
vt 0.692652 0.726778
vt 0.692652 0.756655
vt 0.398826 0.665112
vt 0.398888 0.694997
vt 0.363594 0.695039
vt 0.363255 0.665154
vt 0.435227 0.650212
vt 0.398795 0.650170
vt 0.499356 0.695356
vt 0.469653 0.665277
vt 0.500082 0.665473
vt 0.363086 0.650212
vt 0.435117 0.665154
vt 0.330532 0.650335
vt 0.498648 0.724503
vt 0.761130 0.432718
vt 0.789521 0.433235
vt 0.692652 0.432283
vt 0.728068 0.432393
vt 0.744599 0.432556
vt 0.745000 0.403400
vt 0.728341 0.403236
vt 0.728622 0.373343
vt 0.745411 0.373508
vt 0.692652 0.711840
vt 0.656541 0.711840
vt 0.622832 0.711842
vt 0.593885 0.711846
vt 0.303352 0.650532
vt 0.790269 0.404084
vt 0.761659 0.403563
vt 0.762201 0.373673
vt 0.791035 0.374197
vt 0.718304 0.402865
vt 0.710772 0.384682
vt 0.692652 0.377129
vt 0.692652 0.373230
vt 0.692652 0.428559
vt 0.710772 0.421048
vt 0.852151 0.526992
vt 0.851295 0.545014
vt 0.825428 0.545027
vt 0.825621 0.527005
vt 0.825871 0.590003
vt 0.825428 0.571883
vt 0.851892 0.571883
vt 0.851741 0.590003
vt 0.058901 0.806372
vt 0.059607 0.788252
vt 0.086752 0.788252
vt 0.087235 0.806372
vt 0.852620 0.508676
vt 0.825428 0.508689
vt 0.182424 0.720837
vt 0.194495 0.721226
vt 0.199387 0.729433
vt 0.182487 0.728888
vt 0.139751 0.671991
vt 0.127526 0.672114
vt 0.122772 0.663396
vt 0.139888 0.663224
vt 0.027276 0.672472
vt 0.010862 0.672986
vt 0.004373 0.663922
vt 0.027353 0.663203
vt 0.538522 0.680740
vt 0.526448 0.680841
vt 0.526448 0.672386
vt 0.543351 0.672244
vt 0.526448 0.747223
vt 0.514373 0.747122
vt 0.514373 0.680740
vt 0.122772 0.747235
vt 0.139074 0.747670
vt 0.139074 0.813928
vt 0.122772 0.813493
vt 0.151767 0.738500
vt 0.139751 0.738365
vt 0.151767 0.672126
vt 0.127526 0.738488
vt 0.027321 0.738676
vt 0.010907 0.739190
vt 0.043616 0.739190
vt 0.043571 0.672986
vt 0.247427 0.726870
vt 0.259497 0.726548
vt 0.259497 0.792807
vt 0.247427 0.793129
vt 0.020669 0.814308
vt 0.004368 0.814443
vt 0.004368 0.748061
vt 0.020669 0.747926
vt 0.084554 0.779517
vt 0.084554 0.776950
vt 0.100856 0.770178
vt 0.102674 0.771991
vt 0.107635 0.753827
vt 0.110207 0.753824
vt 0.100856 0.737477
vt 0.102674 0.735657
vt 0.084554 0.730704
vt 0.084554 0.728131
vt 0.836124 0.658934
vt 0.825428 0.657978
vt 0.825428 0.633573
vt 0.836124 0.633287
vt 0.608399 0.278857
vt 0.609581 0.289452
vt 0.594963 0.289465
vt 0.595060 0.278869
vt 0.847024 0.322917
vt 0.847024 0.298492
vt 0.756464 0.347996
vt 0.745793 0.344095
vt 0.760115 0.358702
vt 0.734987 0.347779
vt 0.731119 0.358409
vt 0.745441 0.373029
vt 0.756165 0.369344
vt 0.734852 0.369128
vt 0.179031 0.835788
vt 0.174238 0.849471
vt 0.165454 0.842300
vt 0.165445 0.830850
vt 0.192618 0.840727
vt 0.185544 0.849471
vt 0.192581 0.829354
vt 0.183812 0.822101
vt 0.172545 0.822028
vt 0.836272 0.387999
vt 0.846861 0.383246
vt 0.846861 0.406962
vt 0.836272 0.407038
vt 0.846765 0.657230
vt 0.846765 0.633577
vt 0.825548 0.392342
vt 0.825548 0.406962
vt 0.610266 0.268124
vt 0.594963 0.268137
vt 0.509544 0.793262
vt 0.511765 0.793262
vt 0.824547 0.756398
vt 0.826766 0.756398
vt 0.564568 0.784298
vt 0.566785 0.784298
vt 0.855748 0.331652
vt 0.855748 0.350802
vt 0.845008 0.350802
vt 0.845008 0.331652
vt 0.139612 0.835674
vt 0.137442 0.835872
vt 0.137355 0.835400
vt 0.139442 0.834748
vt 0.135185 0.836077
vt 0.137185 0.834954
vt 0.139108 0.833874
vt 0.136938 0.834551
vt 0.138623 0.833084
vt 0.136623 0.834207
vt 0.138007 0.832409
vt 0.136254 0.833935
vt 0.137281 0.831875
vt 0.135843 0.833745
vt 0.136476 0.831503
vt 0.135407 0.833645
vt 0.135620 0.831306
vt 0.134962 0.833638
vt 0.134748 0.831293
vt 0.134526 0.833725
vt 0.133893 0.831463
vt 0.134115 0.833903
vt 0.133087 0.831811
vt 0.133746 0.834164
vt 0.132362 0.832323
vt 0.133431 0.834498
vt 0.131745 0.832980
vt 0.133184 0.834893
vt 0.131261 0.833755
vt 0.133014 0.835334
vt 0.130927 0.834619
vt 0.132927 0.835803
vt 0.130757 0.835540
vt 0.132927 0.836283
vt 0.130757 0.836481
vt 0.133014 0.836755
vt 0.130927 0.837407
vt 0.133184 0.837201
vt 0.131261 0.838281
vt 0.133431 0.837604
vt 0.131745 0.839071
vt 0.133746 0.837948
vt 0.132362 0.839746
vt 0.134115 0.838220
vt 0.133087 0.840280
vt 0.134526 0.838410
vt 0.133893 0.840652
vt 0.134962 0.838510
vt 0.134748 0.840849
vt 0.135407 0.838517
vt 0.135620 0.840862
vt 0.135843 0.838430
vt 0.136476 0.840691
vt 0.136254 0.838252
vt 0.137281 0.840343
vt 0.136623 0.837991
vt 0.138007 0.839832
vt 0.136938 0.837657
vt 0.138623 0.839175
vt 0.137185 0.837261
vt 0.139108 0.838400
vt 0.137355 0.836821
vt 0.139442 0.837536
vt 0.137442 0.836352
vt 0.139612 0.836615
vt 0.125512 0.834903
vt 0.125512 0.836959
vt 0.122772 0.837209
vt 0.122772 0.834570
vt 0.138006 0.826082
vt 0.136137 0.825653
vt 0.136407 0.822700
vt 0.138805 0.823251
vt 0.142698 0.842846
vt 0.143757 0.841152
vt 0.146185 0.842589
vt 0.144826 0.844763
vt 0.127671 0.842618
vt 0.129019 0.844093
vt 0.127273 0.846362
vt 0.125544 0.844470
vt 0.130603 0.826757
vt 0.129018 0.827875
vt 0.127272 0.825553
vt 0.129305 0.824117
vt 0.144858 0.835196
vt 0.144486 0.833173
vt 0.147120 0.832351
vt 0.147597 0.834946
vt 0.143757 0.831262
vt 0.146185 0.829899
vt 0.134232 0.846502
vt 0.136137 0.846531
vt 0.136408 0.849491
vt 0.133962 0.849454
vt 0.125883 0.832892
vt 0.123249 0.831989
vt 0.139766 0.826896
vt 0.141064 0.824295
vt 0.132363 0.825997
vt 0.131564 0.823142
vt 0.141351 0.844279
vt 0.143097 0.846602
vt 0.126613 0.840892
vt 0.124185 0.842256
vt 0.132363 0.846073
vt 0.131564 0.848903
vt 0.126613 0.831003
vt 0.124185 0.829566
vt 0.144858 0.837252
vt 0.147597 0.837585
vt 0.141351 0.828062
vt 0.143097 0.825792
vt 0.139767 0.845398
vt 0.141064 0.848037
vt 0.125883 0.838981
vt 0.123249 0.839804
vt 0.134232 0.825624
vt 0.133962 0.822663
vt 0.144486 0.839263
vt 0.147120 0.840165
vt 0.130603 0.845259
vt 0.129305 0.847859
vt 0.127671 0.829309
vt 0.125543 0.827392
vt 0.138006 0.846158
vt 0.138806 0.849013
vt 0.142698 0.829537
vt 0.144826 0.827684
vt 0.102152 0.858476
vt 0.102103 0.860557
vt 0.096370 0.861549
vt 0.096423 0.859263
vt 0.514491 0.850187
vt 0.514469 0.847457
vt 0.520325 0.847199
vt 0.520349 0.850196
vt 0.102187 0.856086
vt 0.096462 0.856640
vt 0.514469 0.852912
vt 0.520325 0.853188
vt 0.102209 0.853481
vt 0.096486 0.853779
vt 0.514403 0.855527
vt 0.520253 0.856059
vt 0.102217 0.850760
vt 0.096494 0.850792
vt 0.514298 0.857932
vt 0.520137 0.858699
vt 0.102209 0.848027
vt 0.096486 0.847791
vt 0.514155 0.860033
vt 0.519980 0.861007
vt 0.102187 0.845388
vt 0.096462 0.844894
vt 0.850748 0.769466
vt 0.850713 0.767177
vt 0.856494 0.766130
vt 0.856532 0.768644
vt 0.033221 0.834908
vt 0.033203 0.831961
vt 0.039040 0.831672
vt 0.039059 0.834908
vt 0.102152 0.842945
vt 0.096423 0.842211
vt 0.850774 0.772078
vt 0.856561 0.771512
vt 0.033203 0.837856
vt 0.039040 0.838144
vt 0.102103 0.840790
vt 0.096370 0.839845
vt 0.850790 0.774912
vt 0.856578 0.774624
vt 0.033152 0.840690
vt 0.038984 0.841256
vt 0.033069 0.826514
vt 0.032958 0.824225
vt 0.038771 0.823179
vt 0.038893 0.825692
vt 0.850796 0.777860
vt 0.856584 0.777860
vt 0.033069 0.843302
vt 0.038893 0.844124
vt 0.033152 0.829127
vt 0.038984 0.828560
vt 0.850790 0.780807
vt 0.856578 0.781096
vt 0.032958 0.845592
vt 0.038771 0.846638
vt 0.850774 0.783642
vt 0.856561 0.784208
vt 0.514298 0.842398
vt 0.514155 0.840263
vt 0.519980 0.839300
vt 0.520137 0.841644
vt 0.850748 0.786254
vt 0.856532 0.787076
vt 0.514403 0.844827
vt 0.520253 0.844311
vt 0.850713 0.788543
vt 0.856494 0.789590
vt 0.509671 0.857080
vt 0.509765 0.854936
vt 0.106710 0.850726
vt 0.106703 0.853152
vt 0.509823 0.852605
vt 0.106683 0.855474
vt 0.509843 0.850176
vt 0.106652 0.857605
vt 0.509823 0.847742
vt 0.106609 0.859460
vt 0.509765 0.845397
vt 0.846156 0.787384
vt 0.846188 0.785343
vt 0.509671 0.843232
vt 0.846211 0.783015
vt 0.509544 0.841328
vt 0.846225 0.780488
vt 0.028581 0.832280
vt 0.028535 0.829754
vt 0.028362 0.844433
vt 0.028461 0.842392
vt 0.846230 0.777860
vt 0.028461 0.827425
vt 0.028535 0.840063
vt 0.846225 0.775232
vt 0.028362 0.825384
vt 0.028581 0.837536
vt 0.846211 0.772705
vt 0.106609 0.841837
vt 0.106652 0.843758
vt 0.028596 0.834908
vt 0.846188 0.770377
vt 0.106683 0.845937
vt 0.846156 0.768335
vt 0.106703 0.848289
vt 0.509544 0.858954
vt 0.593502 0.344311
vt 0.592953 0.299230
vt 0.622236 0.298698
vt 0.622561 0.343782
vt 0.032846 0.346634
vt 0.033374 0.301579
vt 0.067101 0.301304
vt 0.066316 0.346361
vt 0.726750 0.892991
vt 0.758796 0.892993
vt 0.756832 0.995629
vt 0.725740 0.995627
vt 0.103560 0.301210
vt 0.102496 0.346268
vt 0.102594 0.542468
vt 0.137089 0.542556
vt 0.137174 0.645247
vt 0.103707 0.645161
vt 0.004368 0.347070
vt 0.004678 0.302018
vt 0.639481 0.343616
vt 0.639286 0.298530
vt 0.656335 0.298363
vt 0.656401 0.343450
vt 0.169464 0.542815
vt 0.168586 0.645498
vt 0.692360 0.892990
vt 0.197515 0.543227
vt 0.195802 0.645898
vt 0.786314 0.892996
vt 0.783531 0.995632
vt 0.129492 0.290003
vt 0.129168 0.292462
vt 0.092486 0.282622
vt 0.093435 0.280331
vt 0.280264 0.093579
vt 0.261599 0.061248
vt 0.263568 0.059738
vt 0.282556 0.092630
vt 0.593885 0.359254
vt 0.622832 0.358727
vt 0.672941 0.250558
vt 0.705423 0.259322
vt 0.689182 0.254940
vt 0.739051 0.259389
vt 0.771533 0.250755
vt 0.800656 0.234008
vt 0.824434 0.210289
vt 0.841248 0.181216
vt 0.849952 0.148769
vt 0.849952 0.115159
vt 0.841248 0.082677
vt 0.824434 0.053536
vt 0.236715 0.263682
vt 0.235204 0.261714
vt 0.261600 0.235329
vt 0.263568 0.236840
vt 0.292385 0.167285
vt 0.289925 0.166960
vt 0.289925 0.129635
vt 0.292385 0.129312
vt 0.070465 0.645247
vt 0.068332 0.542556
vt 0.280264 0.203011
vt 0.282556 0.203961
vt 0.166820 0.290015
vt 0.167144 0.292474
vt 0.728968 0.651852
vt 0.763068 0.651854
vt 0.762743 0.696904
vt 0.728902 0.696902
vt 0.034485 0.435567
vt 0.033948 0.406413
vt 0.066900 0.406144
vt 0.067186 0.435300
vt 0.202877 0.280366
vt 0.203826 0.282658
vt 0.728622 0.726779
vt 0.762201 0.726781
vt 0.761659 0.756658
vt 0.728341 0.756656
vt 0.039714 0.645498
vt 0.036637 0.542815
vt 0.728068 0.785797
vt 0.761130 0.785799
vt 0.601773 0.643116
vt 0.598990 0.540468
vt 0.626508 0.539968
vt 0.628472 0.642630
vt 0.273304 0.440828
vt 0.292312 0.441188
vt 0.243027 0.476163
vt 0.261992 0.475507
vt 0.261568 0.505944
vt 0.242598 0.506894
vt 0.262258 0.365822
vt 0.262349 0.402975
vt 0.243388 0.402929
vt 0.243296 0.365416
vt 0.261568 0.302230
vt 0.261992 0.331460
vt 0.243027 0.330722
vt 0.242598 0.301210
vt 0.272757 0.505425
vt 0.273093 0.475581
vt 0.292099 0.476278
vt 0.291761 0.506410
vt 0.243296 0.440702
vt 0.262258 0.440386
vt 0.233674 0.440828
vt 0.214749 0.441188
vt 0.214190 0.476278
vt 0.233120 0.475581
vt 0.232238 0.505424
vt 0.213299 0.506410
vt 0.586228 0.128219
vt 0.586228 0.165795
vt 0.509634 0.154721
vt 0.509634 0.137462
vt 0.462250 0.289513
vt 0.424657 0.289451
vt 0.435426 0.211515
vt 0.452692 0.211543
vt 0.388345 0.279666
vt 0.418749 0.207021
vt 0.576498 0.202075
vt 0.505165 0.171384
vt 0.469370 0.207104
vt 0.498563 0.279848
vt 0.576498 0.091906
vt 0.505165 0.120785
vt 0.496532 0.105824
vt 0.557701 0.059333
vt 0.557701 0.234586
vt 0.496532 0.186316
vt 0.484323 0.198499
vt 0.531119 0.261113
vt 0.483021 0.162074
vt 0.485866 0.151466
vt 0.485866 0.140479
vt 0.477525 0.171580
vt 0.428008 0.184760
vt 0.438625 0.187621
vt 0.483021 0.129862
vt 0.477525 0.120338
vt 0.449617 0.187640
vt 0.460234 0.184813
vt 0.469753 0.179336
vt 0.816199 0.298249
vt 0.816532 0.327867
vt 0.801419 0.327867
vt 0.801086 0.298249
vt 0.716313 0.268551
vt 0.727051 0.268410
vt 0.727051 0.279223
vt 0.716313 0.279364
vt 0.816741 0.362358
vt 0.801628 0.362358
vt 0.816467 0.679112
vt 0.801353 0.679098
vt 0.801521 0.643628
vt 0.816635 0.643641
vt 0.274182 0.579255
vt 0.273632 0.544764
vt 0.288736 0.544764
vt 0.289286 0.579255
vt 0.801578 0.606352
vt 0.816692 0.606365
vt 0.785476 0.279290
vt 0.774736 0.279184
vt 0.774736 0.268410
vt 0.785476 0.268516
vt 0.688100 0.268682
vt 0.688100 0.279412
vt 0.677395 0.279030
vt 0.677395 0.268300
vt 0.578209 0.702608
vt 0.578209 0.713347
vt 0.576146 0.713345
vt 0.576146 0.702606
vt 0.816635 0.569825
vt 0.801521 0.569811
vt 0.801353 0.536496
vt 0.816467 0.536509
vt 0.855073 0.832929
vt 0.865311 0.832876
vt 0.865311 0.843619
vt 0.855073 0.843672
vt 0.272757 0.515146
vt 0.287861 0.515146
vt 0.863030 0.279147
vt 0.852376 0.279153
vt 0.852376 0.268428
vt 0.863030 0.268423
vt 0.387728 0.307933
vt 0.414282 0.372266
vt 0.451765 0.367320
vt 0.461113 0.298249
vt 0.497170 0.307897
vt 0.470181 0.372248
vt 0.509708 0.467654
vt 0.574557 0.494685
vt 0.555892 0.527016
vt 0.500175 0.484168
vt 0.529497 0.326550
vt 0.486693 0.381775
vt 0.584218 0.421303
vt 0.514643 0.430173
vt 0.509708 0.411759
vt 0.574557 0.385253
vt 0.500175 0.395252
vt 0.555892 0.352934
vt 0.432698 0.367326
vt 0.423785 0.298261
vt 0.584218 0.458628
vt 0.514643 0.449237
vt 0.835449 0.729787
vt 0.835353 0.719134
vt 0.837415 0.719095
vt 0.837421 0.732049
vt 0.520453 0.819873
vt 0.522421 0.830565
vt 0.520357 0.830526
vt 0.522427 0.817611
vt 0.511765 0.812412
vt 0.509544 0.814691
vt 0.102534 0.435208
vt 0.138123 0.435300
vt 0.856896 0.757395
vt 0.846156 0.757395
vt 0.825548 0.331652
vt 0.836273 0.331652
vt 0.801086 0.710346
vt 0.816200 0.710360
vt 0.801086 0.508676
vt 0.816200 0.508689
vt 0.826766 0.737248
vt 0.824547 0.734969
vt 0.140265 0.301304
vt 0.174716 0.301579
vt 0.173110 0.346634
vt 0.138922 0.346361
vt 0.228593 0.803657
vt 0.226534 0.803619
vt 0.224187 0.792965
vt 0.226157 0.790703
vt 0.801086 0.858259
vt 0.801086 0.847516
vt 0.811739 0.847516
vt 0.811739 0.858259
vt 0.696836 0.268337
vt 0.707578 0.268300
vt 0.707578 0.279326
vt 0.696836 0.279364
vt 0.531162 0.807551
vt 0.541905 0.807551
vt 0.813600 0.268466
vt 0.824253 0.268410
vt 0.824253 0.279150
vt 0.813600 0.279205
vt 0.659564 0.642325
vt 0.658554 0.539653
vt 0.692943 0.539545
vt 0.172577 0.376524
vt 0.201970 0.376956
vt 0.201208 0.406842
vt 0.172045 0.406413
vt 0.204564 0.302018
vt 0.202731 0.347070
vt 0.668660 0.268300
vt 0.668660 0.279340
vt 0.657919 0.279433
vt 0.657919 0.268393
vt 0.215516 0.785504
vt 0.213299 0.787783
vt 0.656541 0.358396
vt 0.644018 0.642478
vt 0.642531 0.539810
vt 0.813591 0.737248
vt 0.815811 0.734969
vt 0.576144 0.693871
vt 0.576144 0.683130
vt 0.578207 0.683128
vt 0.578207 0.693869
vt 0.171525 0.435567
vt 0.200465 0.435992
vt 0.562995 0.674344
vt 0.565346 0.663691
vt 0.567409 0.663652
vt 0.564968 0.676606
vt 0.792350 0.651858
vt 0.791802 0.696907
vt 0.554307 0.681805
vt 0.552087 0.679526
vt 0.013548 0.645898
vt 0.009669 0.543227
vt 0.802930 0.732049
vt 0.804903 0.729787
vt 0.789521 0.785803
vt 0.106710 0.831110
vt 0.095970 0.831110
vt 0.576144 0.663652
vt 0.578209 0.663652
vt 0.578209 0.674393
vt 0.576144 0.674393
vt 0.801086 0.719095
vt 0.803149 0.719134
vt 0.554146 0.821562
vt 0.552086 0.821601
vt 0.555897 0.810909
vt 0.553927 0.808647
vt 0.531162 0.755958
vt 0.541905 0.755958
vt 0.564568 0.803448
vt 0.566785 0.805727
vt 0.004753 0.362013
vt 0.033121 0.361579
vt 0.791035 0.726784
vt 0.790269 0.756661
vt 0.836233 0.687649
vt 0.836233 0.667669
vt 0.846904 0.667912
vt 0.846904 0.683189
vt 0.102509 0.376160
vt 0.138653 0.376252
vt 0.138385 0.406144
vt 0.102522 0.406052
vt 0.066462 0.361307
vt 0.102503 0.361214
vt 0.005909 0.406842
vt 0.005139 0.376956
vt 0.033397 0.376524
vt 0.138787 0.361307
vt 0.066608 0.376252
vt 0.172844 0.361579
vt 0.006661 0.435992
vt 0.595782 0.433235
vt 0.624174 0.432718
vt 0.657236 0.432393
vt 0.640705 0.432556
vt 0.640304 0.403400
vt 0.639892 0.373508
vt 0.656682 0.373343
vt 0.656962 0.403236
vt 0.728762 0.711840
vt 0.762472 0.711842
vt 0.791419 0.711846
vt 0.202350 0.362013
vt 0.595035 0.404084
vt 0.594268 0.374197
vt 0.623103 0.373673
vt 0.623645 0.403563
vt 0.666999 0.402865
vt 0.674532 0.384682
vt 0.674532 0.421048
vt 0.802305 0.820676
vt 0.828767 0.820676
vt 0.828184 0.838781
vt 0.802382 0.838781
vt 0.825871 0.553762
vt 0.851741 0.553762
vt 0.086752 0.824492
vt 0.059607 0.824492
vt 0.801086 0.802437
vt 0.828209 0.802437
vt 0.259497 0.800943
vt 0.242598 0.801394
vt 0.065422 0.703370
vt 0.081724 0.710144
vt 0.081724 0.719396
vt 0.058901 0.709912
vt 0.170251 0.721210
vt 0.165445 0.729411
vt 0.081724 0.663885
vt 0.065422 0.670659
vt 0.058901 0.664117
vt 0.081724 0.654633
vt 0.538522 0.747122
vt 0.155376 0.747235
vt 0.155376 0.813493
vt 0.194495 0.655022
vt 0.182424 0.654633
vt 0.170251 0.655006
vt 0.181664 0.813293
vt 0.181664 0.746920
vt 0.198149 0.746754
vt 0.198149 0.813128
vt 0.165445 0.813111
vt 0.165445 0.746738
vt 0.271567 0.726870
vt 0.271567 0.793129
vt 0.036971 0.748061
vt 0.036971 0.814443
vt 0.066434 0.771991
vt 0.068252 0.770178
vt 0.058901 0.753824
vt 0.061473 0.753827
vt 0.066434 0.735657
vt 0.068252 0.737477
vt 0.836163 0.598738
vt 0.836163 0.624451
vt 0.825428 0.624545
vt 0.825428 0.600077
vt 0.006326 0.833925
vt 0.019627 0.834261
vt 0.019052 0.844889
vt 0.004476 0.844522
vt 0.825428 0.692338
vt 0.825428 0.667912
vt 0.628840 0.347996
vt 0.639511 0.344095
vt 0.625188 0.358702
vt 0.650316 0.347779
vt 0.654185 0.358409
vt 0.639863 0.373029
vt 0.629139 0.369344
vt 0.650452 0.369128
vt 0.256185 0.832466
vt 0.269771 0.827527
vt 0.269762 0.838978
vt 0.260978 0.846149
vt 0.242598 0.837405
vt 0.249672 0.846149
vt 0.242635 0.826031
vt 0.251404 0.818779
vt 0.262671 0.818706
vt 0.836137 0.420526
vt 0.836137 0.439565
vt 0.825548 0.439489
vt 0.825548 0.415773
vt 0.846763 0.600839
vt 0.846763 0.624552
vt 0.846861 0.424869
vt 0.846861 0.439489
vt 0.004368 0.823178
vt 0.019627 0.823563
vt 0.855748 0.369952
vt 0.845008 0.369952
vt 0.217024 0.831717
vt 0.217194 0.830791
vt 0.219281 0.831443
vt 0.219194 0.831915
vt 0.221451 0.832120
vt 0.219451 0.830997
vt 0.217528 0.829916
vt 0.219698 0.830594
vt 0.218012 0.829127
vt 0.218629 0.828452
vt 0.220012 0.830250
vt 0.220382 0.829978
vt 0.219354 0.827918
vt 0.220160 0.827545
vt 0.220793 0.829788
vt 0.221229 0.829688
vt 0.221015 0.827349
vt 0.221673 0.829681
vt 0.221887 0.827336
vt 0.222110 0.829768
vt 0.222743 0.827506
vt 0.222520 0.829945
vt 0.223548 0.827854
vt 0.222890 0.830206
vt 0.224274 0.828366
vt 0.223204 0.830541
vt 0.224890 0.829022
vt 0.223451 0.830936
vt 0.225375 0.829798
vt 0.223621 0.831377
vt 0.225709 0.830662
vt 0.223708 0.831846
vt 0.225879 0.831583
vt 0.223708 0.832326
vt 0.225879 0.832524
vt 0.225709 0.833449
vt 0.223621 0.832798
vt 0.223451 0.833244
vt 0.225375 0.834324
vt 0.223204 0.833646
vt 0.224890 0.835114
vt 0.222890 0.833991
vt 0.224274 0.835789
vt 0.222520 0.834263
vt 0.223548 0.836323
vt 0.222109 0.834453
vt 0.222743 0.836695
vt 0.221673 0.834553
vt 0.221887 0.836892
vt 0.221229 0.834559
vt 0.221015 0.836905
vt 0.220793 0.834472
vt 0.220160 0.836734
vt 0.220382 0.834295
vt 0.219354 0.836386
vt 0.220012 0.834034
vt 0.218629 0.835874
vt 0.218012 0.835218
vt 0.219698 0.833700
vt 0.219451 0.833304
vt 0.217528 0.834443
vt 0.217194 0.833578
vt 0.219281 0.832864
vt 0.219194 0.832394
vt 0.217024 0.832658
vt 0.231124 0.830946
vt 0.233863 0.830613
vt 0.233863 0.833252
vt 0.231124 0.833002
vt 0.218630 0.822125
vt 0.217830 0.819294
vt 0.220228 0.818743
vt 0.220498 0.821696
vt 0.213937 0.838889
vt 0.211809 0.840805
vt 0.210451 0.838632
vt 0.212879 0.837195
vt 0.228964 0.838661
vt 0.231092 0.840513
vt 0.229363 0.842405
vt 0.227617 0.840135
vt 0.226033 0.822800
vt 0.227330 0.820160
vt 0.229363 0.821595
vt 0.227617 0.823918
vt 0.211778 0.831239
vt 0.209038 0.830989
vt 0.209515 0.828394
vt 0.212150 0.829216
vt 0.210451 0.825942
vt 0.212879 0.827305
vt 0.222404 0.842545
vt 0.222673 0.845497
vt 0.220228 0.845534
vt 0.220498 0.842574
vt 0.230752 0.828934
vt 0.233386 0.828032
vt 0.216869 0.822939
vt 0.215571 0.820338
vt 0.224273 0.822040
vt 0.225071 0.819185
vt 0.215285 0.840322
vt 0.213538 0.842645
vt 0.230023 0.836935
vt 0.232450 0.838299
vt 0.224272 0.842115
vt 0.225071 0.844946
vt 0.230023 0.827046
vt 0.232451 0.825608
vt 0.211778 0.833295
vt 0.209038 0.833628
vt 0.215285 0.824105
vt 0.213538 0.821835
vt 0.216869 0.841441
vt 0.215571 0.844080
vt 0.230752 0.835024
vt 0.233386 0.835847
vt 0.222404 0.821667
vt 0.222673 0.818706
vt 0.212150 0.835306
vt 0.209515 0.836208
vt 0.226033 0.841302
vt 0.227330 0.843902
vt 0.228965 0.825352
vt 0.231092 0.823435
vt 0.218629 0.842201
vt 0.217830 0.845056
vt 0.213938 0.825580
vt 0.211809 0.823727
vt 0.063655 0.851859
vt 0.069494 0.852627
vt 0.069338 0.854935
vt 0.063513 0.853961
vt 0.860920 0.813352
vt 0.855197 0.813384
vt 0.855189 0.810384
vt 0.860912 0.810619
vt 0.063761 0.849454
vt 0.069610 0.849986
vt 0.860912 0.816073
vt 0.855189 0.816372
vt 0.063826 0.846839
vt 0.069682 0.847115
vt 0.860890 0.818679
vt 0.855165 0.819232
vt 0.063848 0.844115
vt 0.069706 0.844124
vt 0.860854 0.821068
vt 0.855125 0.821856
vt 0.063826 0.841385
vt 0.069682 0.841127
vt 0.860806 0.823149
vt 0.855073 0.824141
vt 0.063761 0.838755
vt 0.069610 0.838239
vt 0.560949 0.850460
vt 0.566733 0.851282
vt 0.566694 0.853796
vt 0.560914 0.852749
vt 0.283365 0.830436
vt 0.289204 0.830436
vt 0.289185 0.833672
vt 0.283348 0.833383
vt 0.063655 0.836325
vt 0.069494 0.835572
vt 0.560974 0.847848
vt 0.566761 0.848414
vt 0.283348 0.827488
vt 0.289185 0.827200
vt 0.063513 0.834190
vt 0.069338 0.833228
vt 0.560990 0.845013
vt 0.566779 0.845302
vt 0.283297 0.824654
vt 0.289129 0.824088
vt 0.283214 0.838830
vt 0.289038 0.839652
vt 0.288915 0.842166
vt 0.283102 0.841119
vt 0.560996 0.842066
vt 0.566785 0.842066
vt 0.283214 0.822042
vt 0.289037 0.821220
vt 0.283297 0.836218
vt 0.289129 0.836784
vt 0.560990 0.839118
vt 0.566779 0.838830
vt 0.283102 0.819753
vt 0.288915 0.818706
vt 0.560974 0.836284
vt 0.566761 0.835718
vt 0.860854 0.805537
vt 0.855125 0.804803
vt 0.855073 0.802437
vt 0.860806 0.803382
vt 0.560949 0.833672
vt 0.566733 0.832850
vt 0.860890 0.807981
vt 0.855165 0.807486
vt 0.560914 0.831383
vt 0.566694 0.830336
vt 0.865354 0.820197
vt 0.865386 0.818067
vt 0.059200 0.844103
vt 0.059181 0.846532
vt 0.865406 0.815744
vt 0.059123 0.848864
vt 0.865413 0.813318
vt 0.059028 0.851008
vt 0.865406 0.810882
vt 0.058901 0.852881
vt 0.865386 0.808529
vt 0.556357 0.832541
vt 0.556388 0.834583
vt 0.865354 0.806350
vt 0.556411 0.836911
vt 0.865311 0.804429
vt 0.556425 0.839438
vt 0.278725 0.833064
vt 0.278680 0.835590
vt 0.278506 0.820911
vt 0.278606 0.822952
vt 0.556430 0.842066
vt 0.278606 0.837919
vt 0.278680 0.825281
vt 0.556425 0.844694
vt 0.278506 0.839960
vt 0.278725 0.827808
vt 0.556411 0.847221
vt 0.058901 0.835256
vt 0.059028 0.837159
vt 0.278741 0.830436
vt 0.556388 0.849549
vt 0.059123 0.839325
vt 0.556357 0.851590
vt 0.059181 0.841669
vt 0.865311 0.822052
vt 0.834733 0.448300
vt 0.834125 0.471123
vt 0.825548 0.471123
vt 0.826157 0.448300
vt 0.276395 0.801394
vt 0.276395 0.809971
vt 0.259497 0.809520
vt 0.837746 0.848227
vt 0.837503 0.825149
vt 0.846094 0.825145
vt 0.846337 0.848223
vt 0.852061 0.471122
vt 0.852251 0.493945
vt 0.843659 0.493945
vt 0.843468 0.471122
vt 0.834733 0.493945
vt 0.826157 0.493945
vt 0.050166 0.663922
vt 0.027348 0.654633
vt 0.050160 0.655353
vt 0.852251 0.448300
vt 0.843659 0.448300
vt 0.156709 0.663413
vt 0.139888 0.654633
vt 0.156709 0.654822
vt 0.104805 0.687015
vt 0.098026 0.670659
vt 0.104547 0.664117
vt 0.114037 0.687015
vt 0.509544 0.672244
vt 0.098026 0.703370
vt 0.104547 0.709912
vt 0.558756 0.605582
vt 0.541857 0.598554
vt 0.541857 0.590172
vt 0.564680 0.599653
vt 0.565797 0.622559
vt 0.574170 0.622544
vt 0.541857 0.646561
vt 0.558761 0.639516
vt 0.564680 0.645435
vt 0.541857 0.654917
vt 0.524959 0.605582
vt 0.519035 0.599653
vt 0.517918 0.622559
vt 0.509544 0.622544
vt 0.519035 0.645435
vt 0.524953 0.639516
vt 0.182487 0.737458
vt 0.165445 0.737980
vt 0.004368 0.655353
vt 0.242598 0.809971
vt 0.526448 0.663793
vt 0.543351 0.663652
vt 0.122772 0.654805
vt 0.199387 0.738003
vt 0.509544 0.663652
vt 0.837746 0.802441
vt 0.846337 0.802437
s 1
f 176/1/1 272/2/2 24/3/3 23/4/4
f 166/5/5 168/6/6 19/7/7 18/8/8
f 159/9/9 2/10/10 3/11/11 161/12/12
f 168/6/6 170/13/13 20/14/14 19/7/7
f 169/15/15 7/16/16 8/17/17 171/18/18
f 164/19/19 166/5/5 18/8/8 17/20/20
f 271/21/21 275/22/22 25/23/23 264/24/24
f 171/18/18 8/17/17 9/25/25 173/26/26
f 157/27/27 1/28/28 2/10/10 159/9/9
f 173/26/26 9/25/25 10/29/29 175/30/30
f 161/12/12 3/11/11 4/31/31 163/32/32
f 49/33/33 51/34/34 50/35/35 48/36/36
f 33/37/37 32/38/38 30/39/39 31/40/40
f 252/41/41 273/42/42 272/2/2 176/1/1
f 13/43/43 12/44/44 27/45/45
f 12/44/44 265/46/46 11/47/47 27/45/45
f 11/47/47 10/48/29 27/45/45
f 10/48/29 9/49/25 27/45/45
f 9/49/25 8/50/17 27/45/45
f 8/50/17 7/51/16 27/45/45
f 7/51/16 6/52/48 27/45/45
f 6/52/48 5/53/49 27/45/45
f 5/53/49 4/54/31 27/45/45
f 4/54/31 3/55/11 27/45/45
f 3/55/11 2/56/10 27/45/45
f 2/56/10 1/57/28 27/45/45
f 42/58/50 40/59/51 41/60/52 43/61/53
f 36/62/54 34/63/55 35/64/56 37/65/57
f 6/66/48 7/16/16 169/15/15 167/67/58
f 35/64/56 34/63/55 32/38/38 33/37/37
f 40/59/51 38/68/59 39/69/60 41/60/52
f 47/70/61 49/33/33 48/36/36 46/71/62
f 15/72/63 160/73/64 162/74/65 16/75/66
f 203/76/67 202/77/68 215/78/69 214/79/70
f 45/80/71 47/70/61 46/71/62 44/81/72
f 38/68/59 36/62/54 37/65/57 39/69/60
f 183/82/73 220/83/73 213/84/74 191/85/74
f 5/86/49 6/66/48 167/67/58 165/87/75
f 31/40/40 30/39/39 28/88/76 29/89/77
f 44/81/72 42/58/50 43/61/53 45/80/71
f 196/90/78 159/9/9 161/12/12 204/91/79
f 10/92/29 11/93/47 177/94/80 175/95/30
f 51/34/34 53/96/81 52/97/82 50/35/35
f 65/98/83 50/99/35 52/100/82 66/101/84
f 44/102/72 46/103/62 63/104/85 62/105/86
f 59/106/87 38/107/59 40/108/51 60/109/88
f 57/110/89 34/111/55 36/112/54 58/113/90
f 63/114/85 46/115/62 48/116/36 64/117/91
f 58/113/90 36/112/54 38/107/59 59/106/87
f 64/117/91 48/116/36 50/99/35 65/98/83
f 42/118/50 44/102/72 62/105/86 61/119/92
f 28/120/76 30/121/39 55/122/93 54/123/94
f 32/124/38 34/125/55 57/126/89 56/127/95
f 40/108/51 42/118/50 61/119/92 60/109/88
f 30/121/39 32/124/38 56/127/95 55/122/93
f 63/128/85 76/129/96 75/130/97 62/131/86
f 57/132/89 70/133/98 69/134/99 56/135/95
f 56/135/95 69/134/99 68/136/100 55/137/93
f 62/131/86 75/130/97 74/138/101 61/139/92
f 70/133/98 57/132/89 58/140/90 71/141/102
f 64/142/91 77/143/103 76/129/96 63/128/85
f 55/137/93 68/136/100 67/144/104 54/145/94
f 78/146/105 65/147/83 66/148/84 79/149/106
f 61/139/92 74/138/101 73/150/107 60/151/88
f 65/147/83 78/146/105 77/143/103 64/142/91
f 71/141/102 58/140/90 59/152/87 72/153/108
f 60/151/88 73/150/107 72/153/108 59/152/87
f 75/130/97 88/154/109 87/155/110 74/138/101
f 76/129/96 89/156/111 88/154/109 75/130/97
f 74/138/101 87/155/110 86/157/112 73/150/107
f 69/134/99 82/158/113 81/159/114 68/136/100
f 68/136/100 81/159/114 80/160/115 67/144/104
f 78/146/105 91/161/116 90/162/117 77/143/103
f 70/133/98 83/163/118 82/158/113 69/134/99
f 84/164/119 71/141/102 72/153/108 85/165/120
f 91/161/116 78/146/105 79/149/106 92/166/121
f 83/163/118 70/133/98 71/141/102 84/164/119
f 77/143/103 90/162/117 89/156/111 76/129/96
f 80/160/115 81/159/114 93/167/122
f 81/159/114 82/158/113 93/167/122
f 82/158/113 83/163/118 93/167/122
f 83/163/118 84/164/119 93/167/122
f 84/164/119 85/165/120 93/167/122
f 85/165/120 86/157/112 93/167/122
f 86/157/112 87/155/110 93/167/122
f 87/155/110 88/154/109 93/167/122
f 88/154/109 89/156/111 93/167/122
f 89/156/111 90/162/117 93/167/122
f 90/162/117 91/161/116 93/167/122
f 91/161/116 92/166/121 93/167/122
f 97/168/123 35/169/56 33/170/37 96/171/124
f 129/172/125 128/173/126 131/174/127 132/175/128
f 96/171/124 33/170/37 31/176/40 95/177/129
f 45/178/71 43/179/53 101/180/130 102/181/131
f 105/182/132 51/183/34 49/184/33 104/185/133
f 106/186/134 53/187/81 51/183/34 105/182/132
f 43/179/53 41/188/52 100/189/135 101/180/130
f 148/190/136 152/191/137 151/192/138 147/193/139
f 123/194/140 126/195/141 125/196/142 122/197/143
f 127/198/144 121/199/145 124/200/146 130/201/147
f 39/202/60 37/203/57 98/204/148 99/205/149
f 149/206/150 150/207/151 146/208/152 145/209/153
f 104/185/133 49/184/33 47/210/61 103/211/154
f 127/212/144 130/213/147 131/214/127 128/215/126
f 275/22/22 182/216/155 26/217/156 25/23/23
f 41/188/52 39/202/60 99/205/149 100/189/135
f 95/218/129 94/219/157 107/220/158 108/221/159
f 110/222/160 111/223/161 98/224/148 97/225/123
f 117/226/162 118/227/163 105/228/132 104/229/133
f 111/223/161 112/230/164 99/231/149 98/224/148
f 102/232/131 101/233/130 114/234/165 115/235/166
f 114/234/165 101/233/130 100/236/135 113/237/167
f 109/238/168 110/222/160 97/225/123 96/239/124
f 113/237/167 100/236/135 99/231/149 112/230/164
f 103/240/154 102/232/131 115/235/166 116/241/169
f 118/227/163 119/242/170 106/243/134 105/228/132
f 116/241/169 117/226/162 104/229/133 103/240/154
f 108/221/159 109/238/168 96/239/124 95/218/129
f 85/165/120 72/153/108 73/150/107 86/157/112
f 108/221/159 107/220/158 120/244/171
f 109/238/168 108/221/159 120/244/171
f 110/222/160 109/238/168 120/244/171
f 111/223/161 110/222/160 120/244/171
f 112/230/164 111/223/161 120/244/171
f 113/237/167 112/230/164 120/244/171
f 114/234/165 113/237/167 120/244/171
f 115/235/166 114/234/165 120/244/171
f 116/241/169 115/235/166 120/244/171
f 117/226/162 116/241/169 120/244/171
f 118/227/163 117/226/162 120/244/171
f 119/242/170 118/227/163 120/244/171
f 95/177/129 31/176/40 29/245/77 94/246/157
f 128/247/126 121/248/145 127/249/144
f 121/248/145 128/247/126 122/250/143
f 131/251/127 130/252/147 124/253/146
f 124/253/146 125/254/142 131/251/127
f 126/255/141 132/256/128 131/251/127 125/254/142
f 198/257/172 169/15/15 171/18/18 205/258/173
f 14/259/174 158/260/175 160/73/64 15/72/63
f 123/261/140 289/262/176 288/263/177 126/264/141
f 132/265/128 291/266/178 290/267/179 129/268/125
f 103/269/154 47/270/61 45/178/71 102/181/131
f 98/204/148 37/203/57 35/271/56 97/272/123
f 128/247/126 129/273/125 123/274/140 122/250/143
f 21/275/180 172/276/181 174/277/182 22/278/183
f 144/279/184 136/280/185 137/281/186 140/282/187
f 197/283/188 157/27/27 159/9/9 196/90/78
f 152/284/137 153/285/189 154/286/190 151/287/138
f 135/288/191 136/289/185 133/290/192 134/291/193
f 293/292/194 135/293/191 134/294/193 292/295/195
f 139/296/196 140/297/187 137/298/186 138/299/197
f 12/300/44 13/301/43 181/302/198 179/303/199
f 187/304/200 217/305/200 210/306/41 194/307/41
f 22/278/183 174/277/182 176/308/1 23/309/4
f 138/310/197 137/311/186 141/312/201 142/313/202
f 135/314/191 141/315/201 137/281/186 136/280/185
f 274/316/203 260/317/204 182/216/155 275/22/22
f 265/318/46 12/300/44 179/303/199 266/319/205
f 295/320/206 141/315/201 135/314/191 293/321/194
f 296/322/207 298/323/195 147/324/139 145/325/153
f 153/326/189 156/327/208 155/328/209 154/329/190
f 200/330/210 173/26/26 175/30/30 207/331/211
f 138/332/197 133/333/192 143/334/212 139/335/196
f 16/75/66 162/74/65 164/336/19 17/337/20
f 134/338/193 133/333/192 138/332/197 142/339/202
f 4/340/31 5/86/49 165/87/75 163/341/32
f 149/342/150 145/325/153 147/324/139 151/343/138
f 204/91/79 161/12/12 163/32/32 206/344/213
f 20/14/14 170/13/13 172/276/181 21/275/180
f 142/339/202 294/345/207 292/346/195 134/338/193
f 141/347/201 295/348/206 294/349/207 142/350/202
f 143/351/212 144/352/184 140/353/187 139/354/196
f 155/355/209 151/343/138 154/356/190
f 151/343/138 155/355/209 149/342/150
f 153/357/189 152/358/137 156/359/208
f 150/360/151 156/359/208 152/358/137
f 299/361/194 148/362/136 147/363/139 298/364/195
f 152/358/137 148/365/136 146/366/152 150/360/151
f 253/367/214 256/368/70 166/5/5 164/19/19
f 191/85/74 213/84/74 211/369/214 193/370/214
f 267/371/215 178/372/216 284/373/217 283/374/218
f 184/375/219 219/376/220 220/83/73 183/82/73
f 185/377/221 218/378/221 212/379/222 192/380/222
f 257/381/69 261/382/221 170/13/13 168/6/6
f 211/383/214 214/79/70 190/384/70 193/385/214
f 261/382/221 185/377/221 192/380/222 254/386/222
f 215/78/69 218/378/221 185/377/221 189/387/69
f 256/368/70 257/381/69 168/6/6 166/5/5
f 214/79/70 215/78/69 189/387/69 190/384/70
f 254/386/222 192/380/222 187/304/200 259/388/200
f 165/87/75 167/67/58 202/77/68 203/76/67
f 163/341/32 165/87/75 203/76/67 206/389/213
f 220/83/73 196/90/78 204/91/79 213/84/74
f 218/378/221 198/257/172 205/258/173 212/379/222
f 219/376/220 197/283/188 196/90/78 220/83/73
f 217/305/200 200/330/210 207/331/211 210/306/41
f 213/84/74 204/91/79 206/344/213 211/369/214
f 167/67/58 169/15/15 198/257/172 202/77/68
f 175/95/30 177/94/80 208/390/223 207/391/211
f 179/303/199 181/302/198 224/392/224 225/393/225
f 266/319/205 179/303/199 225/393/225 269/394/226
f 202/77/68 198/257/172 218/378/221 215/78/69
f 270/395/227 221/396/228 278/397/229 276/398/230
f 262/399/219 184/375/219 183/82/73 263/400/73
f 255/401/74 191/85/74 193/370/214 253/402/214
f 259/388/200 187/304/200 194/307/41 252/403/41
f 263/400/73 183/82/73 191/85/74 255/401/74
f 210/404/41 209/405/231 277/406/232 194/407/41
f 207/391/211 208/390/223 209/405/231 210/404/41
f 212/379/222 205/258/173 200/330/210 217/305/200
f 269/394/226 225/393/225 221/396/228 270/395/227
f 206/389/213 203/76/67 214/79/70 211/383/214
f 205/258/173 171/18/18 173/26/26 200/330/210
f 192/380/222 212/379/222 217/305/200 187/304/200
f 216/408/233 188/409/234 278/397/229 221/396/228
f 188/409/234 223/410/235 186/411/236 278/397/229
f 199/412/237 201/413/238 225/393/225 224/392/224
f 201/413/238 216/408/233 221/396/228 225/393/225
f 216/414/239 201/415/240 228/416/241 229/417/242
f 201/418/240 199/419/243 227/420/243 228/421/241
f 223/422/244 188/423/245 226/424/246 230/425/247
f 188/426/245 216/414/239 229/417/242 226/427/246
f 694/428/248 699/429/249 943/430/250 942/431/251
f 235/432/252 242/433/253 932/434/254 933/435/255
f 246/436/256 250/437/257 940/438/258 936/439/256
f 699/440/249 244/441/259 934/442/260 943/443/250
f 240/444/261 241/445/262 245/446/263 244/441/264
f 233/447/265 232/448/266 249/449/267 250/450/265
f 241/451/262 237/452/268 235/432/269 245/453/263
f 237/452/268 238/454/270 242/433/271 235/432/269
f 234/455/272 233/456/265 250/437/265 246/436/272
f 231/457/273 234/455/272 246/436/272 247/458/273
f 238/459/270 239/460/274 243/461/275 242/462/271
f 236/463/276 231/464/273 247/465/273 248/466/277
f 227/467/278 232/468/278 233/469/278 228/470/278
f 228/470/278 233/469/278 234/471/278 229/472/278
f 229/472/278 234/471/278 231/473/278 226/474/278
f 226/474/278 231/473/278 236/475/278 230/476/278
f 160/73/64 263/400/73 255/401/74 162/74/65
f 174/277/182 259/388/200 252/403/41 176/308/1
f 162/74/65 255/401/74 253/402/214 164/336/19
f 158/260/175 262/399/219 263/400/73 160/73/64
f 172/276/181 254/386/222 259/388/200 174/277/182
f 190/384/70 189/387/69 257/381/69 256/368/70
f 170/13/13 261/382/221 254/386/222 172/276/181
f 189/387/69 185/377/221 261/382/221 257/381/69
f 258/477/279 180/478/280 285/479/281 281/480/282
f 193/385/214 190/384/70 256/368/70 253/367/214
f 278/397/229 186/411/236 260/317/204 274/316/203
f 194/407/41 277/406/232 273/42/42 252/41/41
f 251/481/283 195/482/284 286/483/285 280/484/286
f 208/390/223 269/394/226 270/395/227 209/405/231
f 209/405/231 270/395/227 276/398/230 277/406/232
f 177/94/80 266/319/205 269/394/226 208/390/223
f 180/485/280 267/371/215 283/374/218 285/486/281
f 11/93/47 265/318/46 266/319/205 177/94/80
f 272/2/2 271/21/21 264/24/24 24/3/3
f 178/487/287 267/488/288 271/21/21 272/2/2
f 251/489/289 178/487/287 272/2/2 273/42/42
f 180/490/290 258/491/291 274/316/203 275/22/22
f 268/492/288 195/493/290 277/406/232 276/398/230
f 195/493/290 251/489/289 273/42/42 277/406/232
f 258/491/291 222/494/287 278/397/229 274/316/203
f 267/488/288 180/490/290 275/22/22 271/21/21
f 222/494/287 268/492/288 276/398/230 278/397/229
f 279/495/278 281/496/282 285/497/281 283/498/218
f 282/499/292 287/500/293 281/496/282 279/495/278
f 286/501/285 282/499/292 279/495/278 280/502/286
f 280/502/286 279/495/278 283/498/218 284/503/217
f 268/504/294 222/505/295 287/506/293 282/507/292
f 222/508/295 258/477/279 281/480/282 287/509/293
f 195/510/284 268/504/294 282/507/292 286/511/285
f 178/512/216 251/481/283 280/484/286 284/513/217
f 291/514/178 132/256/128 126/255/141 288/515/177
f 129/273/125 290/516/179 289/517/176 123/274/140
f 297/518/206 146/366/152 148/365/136 299/519/194
f 146/520/152 297/521/206 296/522/207 145/523/153
f 364/524/296 363/525/297 300/526/298 301/527/299
f 363/525/297 310/528/300 300/526/298
f 300/526/298 310/528/300 302/529/301
f 301/527/299 300/526/298 302/529/301 303/530/302
f 302/529/301 310/528/300 304/531/303
f 303/530/302 302/529/301 304/531/303 305/532/304
f 305/532/304 304/531/303 306/533/305 307/534/306
f 304/531/303 310/528/300 306/533/305
f 306/533/305 310/528/300 308/535/307
f 307/534/306 306/533/305 308/535/307 309/536/308
f 309/536/308 308/535/307 311/537/309 312/538/310
f 308/535/307 310/528/300 311/537/309
f 311/537/309 310/528/300 313/539/311
f 312/538/310 311/537/309 313/539/311 314/540/312
f 313/539/311 310/528/300 315/541/313
f 314/540/312 313/539/311 315/541/313 316/542/314
f 315/541/313 310/528/300 317/543/315
f 316/542/314 315/541/313 317/543/315 318/544/316
f 317/543/315 310/528/300 319/545/317
f 318/544/316 317/543/315 319/545/317 320/546/318
f 319/545/317 310/528/300 321/547/319
f 320/546/318 319/545/317 321/547/319 322/548/320
f 321/547/319 310/528/300 323/549/321
f 322/548/320 321/547/319 323/549/321 324/550/322
f 323/549/321 310/528/300 325/551/323
f 324/550/322 323/549/321 325/551/323 326/552/324
f 325/551/323 310/528/300 327/553/325
f 326/552/324 325/551/323 327/553/325 328/554/326
f 327/553/325 310/528/300 329/555/327
f 328/554/326 327/553/325 329/555/327 330/556/328
f 329/555/327 310/528/300 331/557/329
f 330/556/328 329/555/327 331/557/329 332/558/330
f 332/558/330 331/557/329 333/559/331 334/560/332
f 331/557/329 310/528/300 333/559/331
f 333/559/331 310/528/300 335/561/333
f 334/560/332 333/559/331 335/561/333 336/562/334
f 335/561/333 310/528/300 337/563/335
f 336/562/334 335/561/333 337/563/335 338/564/336
f 337/563/335 310/528/300 339/565/337
f 338/564/336 337/563/335 339/565/337 340/566/338
f 339/565/337 310/528/300 341/567/339
f 340/566/338 339/565/337 341/567/339 342/568/340
f 341/567/339 310/528/300 343/569/341
f 342/568/340 341/567/339 343/569/341 344/570/342
f 343/569/341 310/528/300 345/571/343
f 344/570/342 343/569/341 345/571/343 346/572/344
f 345/571/343 310/528/300 347/573/345
f 346/572/344 345/571/343 347/573/345 348/574/346
f 347/573/345 310/528/300 349/575/347
f 348/574/346 347/573/345 349/575/347 350/576/348
f 349/575/347 310/528/300 351/577/349
f 350/576/348 349/575/347 351/577/349 352/578/350
f 351/577/349 310/528/300 353/579/351
f 352/578/350 351/577/349 353/579/351 354/580/352
f 354/580/352 353/579/351 355/581/353 356/582/354
f 353/579/351 310/528/300 355/581/353
f 355/581/353 310/528/300 357/583/355
f 356/582/354 355/581/353 357/583/355 358/584/356
f 358/584/356 357/583/355 359/585/357 360/586/358
f 357/583/355 310/528/300 359/585/357
f 359/585/357 310/528/300 361/587/359
f 360/586/358 359/585/357 361/587/359 362/588/360
f 361/587/359 310/528/300 363/525/297
f 362/588/360 361/587/359 363/525/297 364/524/296
f 462/589/361 480/590/362 381/591/363 382/592/364
f 463/593/365 482/594/366 390/595/367 391/596/368
f 465/597/369 486/598/370 368/599/371 369/600/372
f 466/601/373 488/602/374 377/603/375 378/604/376
f 464/605/377 484/606/378 386/607/379 387/608/380
f 469/609/381 461/610/382 396/611/383 365/612/384
f 461/610/382 490/613/385 395/614/386 396/611/383
f 467/615/387 492/616/388 373/617/389 374/618/390
f 468/619/391 462/589/361 382/592/364 383/620/392
f 470/621/393 463/593/365 391/596/368 392/622/394
f 473/623/395 464/605/377 387/608/380 388/624/396
f 471/625/397 465/597/369 369/600/372 370/626/398
f 472/627/399 466/601/373 378/604/376 379/628/400
f 475/629/401 467/615/387 374/618/390 375/630/402
f 476/631/403 468/619/391 383/620/392 384/632/404
f 474/633/405 469/609/381 365/612/384 366/634/406
f 478/635/407 470/621/393 392/622/394 393/636/408
f 477/637/409 471/625/397 370/626/398 371/638/410
f 479/639/411 472/627/399 379/628/400 380/640/412
f 481/641/413 473/623/395 388/624/396 389/642/414
f 485/643/415 474/633/405 366/634/406 367/644/416
f 487/645/417 475/629/401 375/630/402 376/646/418
f 483/647/419 476/631/403 384/632/404 385/648/420
f 491/649/421 477/637/409 371/638/410 372/650/422
f 489/651/423 478/635/407 393/636/408 394/652/424
f 480/590/362 479/639/411 380/640/412 381/591/363
f 482/594/366 481/641/413 389/642/414 390/595/367
f 484/606/378 483/647/419 385/648/420 386/607/379
f 486/598/370 485/643/415 367/644/416 368/599/371
f 488/602/374 487/645/417 376/646/418 377/603/375
f 490/613/385 489/651/423 394/652/424 395/614/386
f 492/616/388 491/649/421 372/650/422 373/617/389
f 439/653/425 440/654/426 417/655/427 418/656/428
f 452/657/429 453/658/430 404/659/431 405/660/432
f 438/661/433 439/653/425 418/656/428 419/662/434
f 451/663/435 452/657/429 405/660/432 406/664/436
f 437/665/437 438/661/433 419/662/434 420/666/438
f 450/667/439 451/663/435 406/664/436 407/668/440
f 436/669/441 437/665/437 420/666/438 421/670/442
f 449/671/443 450/667/439 407/668/440 408/672/444
f 435/673/445 436/669/441 421/670/442 422/674/446
f 448/675/447 449/671/443 408/672/444 409/676/448
f 434/677/449 435/673/445 422/674/446 423/678/450
f 447/679/451 448/680/447 409/681/448 410/682/452
f 460/683/453 429/684/454 428/685/455 397/686/456
f 433/687/457 434/677/449 423/678/450 424/688/458
f 446/689/459 447/679/451 410/682/452 411/690/460
f 459/691/461 460/683/453 397/686/456 398/692/462
f 432/693/463 433/687/457 424/688/458 425/694/464
f 445/695/465 446/689/459 411/690/460 412/696/466
f 458/697/467 459/691/461 398/692/462 399/698/468
f 431/699/469 432/700/463 425/701/464 426/702/470
f 444/703/471 445/695/465 412/696/466 413/704/472
f 457/705/473 458/697/467 399/698/468 400/706/474
f 430/707/475 431/699/469 426/702/470 427/708/476
f 443/709/477 444/703/471 413/704/472 414/710/478
f 456/711/479 457/705/473 400/706/474 401/712/480
f 429/684/454 430/707/475 427/708/476 428/685/455
f 442/713/481 443/709/477 414/710/478 415/714/482
f 455/715/483 456/716/479 401/717/480 402/718/484
f 441/719/485 442/713/481 415/714/482 416/720/486
f 454/721/487 455/715/483 402/718/484 403/722/488
f 440/723/426 441/719/485 416/720/486 417/724/427
f 453/658/430 454/721/487 403/722/488 404/659/431
f 376/725/418 375/726/402 450/667/439 449/671/443
f 389/727/414 388/728/396 437/665/437 436/669/441
f 375/726/402 374/729/390 451/663/435 450/667/439
f 388/728/396 387/730/380 438/661/433 437/665/437
f 374/729/390 373/731/389 452/657/429 451/663/435
f 387/730/380 386/732/379 439/653/425 438/661/433
f 373/731/389 372/733/422 453/658/430 452/657/429
f 386/732/379 385/734/420 440/654/426 439/653/425
f 372/733/422 371/735/410 454/721/487 453/658/430
f 385/736/420 384/737/404 441/719/485 440/723/426
f 371/735/410 370/738/398 455/715/483 454/721/487
f 384/737/404 383/739/392 442/713/481 441/719/485
f 370/738/398 369/740/372 456/716/479 455/715/483
f 383/739/392 382/741/364 443/709/477 442/713/481
f 396/742/383 395/743/386 430/707/475 429/684/454
f 369/744/372 368/745/371 457/705/473 456/711/479
f 382/741/364 381/746/363 444/703/471 443/709/477
f 395/743/386 394/747/424 431/699/469 430/707/475
f 368/745/371 367/748/416 458/697/467 457/705/473
f 381/746/363 380/749/412 445/695/465 444/703/471
f 394/747/424 393/750/408 432/700/463 431/699/469
f 367/748/416 366/751/406 459/691/461 458/697/467
f 380/749/412 379/752/400 446/689/459 445/695/465
f 393/753/408 392/754/394 433/687/457 432/693/463
f 366/751/406 365/755/384 460/683/453 459/691/461
f 379/752/400 378/756/376 447/679/451 446/689/459
f 392/754/394 391/757/368 434/677/449 433/687/457
f 365/755/384 396/742/383 429/684/454 460/683/453
f 378/756/376 377/758/375 448/680/447 447/679/451
f 391/757/368 390/759/367 435/673/445 434/677/449
f 377/760/375 376/725/418 449/671/443 448/675/447
f 390/759/367 389/727/414 436/669/441 435/673/445
f 348/574/346 350/576/348 491/649/421 492/616/388
f 303/530/302 305/532/304 489/651/423 490/613/385
f 340/566/338 342/568/340 487/645/417 488/602/374
f 358/584/356 360/586/358 485/643/415 486/598/370
f 322/548/320 324/550/322 483/647/419 484/606/378
f 314/540/312 316/542/314 481/641/413 482/594/366
f 332/558/330 334/560/332 479/639/411 480/590/362
f 305/532/304 307/534/306 478/635/407 489/651/423
f 350/576/348 352/578/350 477/637/409 491/649/421
f 324/550/322 326/552/324 476/631/403 483/647/419
f 342/568/340 344/570/342 475/629/401 487/645/417
f 360/586/358 362/588/360 474/633/405 485/643/415
f 316/542/314 318/544/316 473/623/395 481/641/413
f 334/560/332 336/562/334 472/627/399 479/639/411
f 352/578/350 354/580/352 471/625/397 477/637/409
f 307/534/306 309/536/308 470/621/393 478/635/407
f 362/588/360 364/524/296 469/609/381 474/633/405
f 326/552/324 328/554/326 468/619/391 476/631/403
f 344/570/342 346/572/344 467/615/387 475/629/401
f 336/562/334 338/564/336 466/601/373 472/627/399
f 354/580/352 356/582/354 465/597/369 471/625/397
f 318/544/316 320/546/318 464/605/377 473/623/395
f 309/536/308 312/538/310 463/593/365 470/621/393
f 328/554/326 330/556/328 462/589/361 468/619/391
f 346/572/344 348/574/346 492/616/388 467/615/387
f 301/527/299 303/530/302 490/613/385 461/610/382
f 364/524/296 301/527/299 461/610/382 469/609/381
f 320/546/318 322/548/320 484/606/378 464/605/377
f 338/564/336 340/566/338 488/602/374 466/601/373
f 356/582/354 358/584/356 486/598/370 465/597/369
f 312/538/310 314/540/312 482/594/366 463/593/365
f 330/556/328 332/558/330 480/590/362 462/589/361
f 646/761/489 512/762/490 513/763/491 722/764/492
f 636/765/493 507/766/494 508/767/495 638/768/496
f 629/769/497 631/770/498 494/771/499 493/772/500
f 638/768/496 508/767/495 509/773/501 640/774/502
f 639/775/503 641/776/504 499/777/505 498/778/506
f 634/779/507 506/780/508 507/766/494 636/765/493
f 721/781/509 714/782/510 514/783/511 725/784/512
f 641/776/504 643/785/513 500/786/514 499/777/505
f 628/787/515 629/769/497 493/772/500 1/28/28
f 643/785/513 645/788/516 501/789/517 500/786/514
f 631/770/498 633/790/518 495/791/519 494/771/499
f 534/792/520 533/793/521 535/794/522 536/795/523
f 518/796/524 516/797/525 515/798/526 517/799/527
f 704/800/528 646/761/489 722/764/492 723/801/529
f 13/43/43 27/45/45 503/802/530
f 503/802/530 27/45/45 502/803/531 715/804/532
f 502/803/531 27/45/45 501/805/517
f 501/805/517 27/45/45 500/806/514
f 500/806/514 27/45/45 499/807/505
f 499/807/505 27/45/45 498/808/506
f 498/808/506 27/45/45 497/809/533
f 497/809/533 27/45/45 496/810/534
f 496/810/534 27/45/45 495/811/519
f 495/811/519 27/45/45 494/812/499
f 494/812/499 27/45/45 493/813/500
f 493/813/500 27/45/45 1/57/28
f 527/814/535 528/815/536 526/816/537 525/817/538
f 521/818/539 522/819/540 520/820/541 519/821/542
f 497/822/533 637/823/543 639/775/503 498/778/506
f 520/820/541 518/796/524 517/799/527 519/821/542
f 525/817/538 526/816/537 524/824/544 523/825/545
f 532/826/546 531/827/547 533/793/521 534/792/520
f 504/828/548 505/829/549 632/830/550 630/831/551
f 668/832/552 679/833/553 680/834/554 667/835/555
f 530/836/556 529/837/557 531/827/547 532/826/546
f 523/825/545 524/824/544 522/819/540 521/818/539
f 652/838/558 658/839/559 678/840/559 684/841/558
f 496/842/534 635/843/560 637/823/543 497/822/533
f 516/797/525 29/89/77 28/88/76 515/798/526
f 529/837/557 530/836/556 528/815/536 527/814/535
f 663/844/561 669/845/562 631/770/498 629/769/497
f 501/846/517 645/847/516 647/848/563 502/849/531
f 536/795/523 535/794/522 52/97/82 53/96/81
f 547/850/564 66/101/84 52/100/82 535/851/522
f 529/852/557 544/853/565 545/854/566 531/855/547
f 541/856/567 542/857/568 525/858/538 523/859/545
f 539/860/569 540/861/570 521/862/539 519/863/542
f 545/864/566 546/865/571 533/866/521 531/867/547
f 540/861/570 541/856/567 523/859/545 521/862/539
f 546/865/571 547/850/564 535/851/522 533/866/521
f 527/868/535 543/869/572 544/853/565 529/852/557
f 28/120/76 54/123/94 537/870/573 515/871/526
f 517/872/527 538/873/574 539/874/569 519/875/542
f 525/858/538 542/857/568 543/869/572 527/868/535
f 515/871/526 537/870/573 538/873/574 517/872/527
f 545/876/566 544/877/565 555/878/575 556/879/576
f 539/880/569 538/881/574 549/882/577 550/883/578
f 538/881/574 537/884/573 548/885/579 549/882/577
f 544/877/565 543/886/572 554/887/580 555/878/575
f 550/883/578 551/888/581 540/889/570 539/880/569
f 546/890/571 545/876/566 556/879/576 557/891/582
f 537/884/573 54/145/94 67/144/104 548/885/579
f 558/892/583 79/149/106 66/148/84 547/893/564
f 543/886/572 542/894/568 553/895/584 554/887/580
f 547/893/564 546/890/571 557/891/582 558/892/583
f 551/888/581 552/896/585 541/897/567 540/889/570
f 542/894/568 541/897/567 552/896/585 553/895/584
f 555/878/575 554/887/580 565/898/586 566/899/587
f 556/879/576 555/878/575 566/899/587 567/900/588
f 554/887/580 553/895/584 564/901/589 565/898/586
f 549/882/577 548/885/579 559/902/590 560/903/591
f 548/885/579 67/144/104 80/160/115 559/902/590
f 558/892/583 557/891/582 568/904/592 569/905/593
f 550/883/578 549/882/577 560/903/591 561/906/594
f 562/907/595 563/908/596 552/896/585 551/888/581
f 569/905/593 92/166/121 79/149/106 558/892/583
f 561/906/594 562/907/595 551/888/581 550/883/578
f 557/891/582 556/879/576 567/900/588 568/904/592
f 80/160/115 93/167/122 559/902/590
f 559/902/590 93/167/122 560/903/591
f 560/903/591 93/167/122 561/906/594
f 561/906/594 93/167/122 562/907/595
f 562/907/595 93/167/122 563/908/596
f 563/908/596 93/167/122 564/901/589
f 564/901/589 93/167/122 565/898/586
f 565/898/586 93/167/122 566/899/587
f 566/899/587 93/167/122 567/900/588
f 567/900/588 93/167/122 568/904/592
f 568/904/592 93/167/122 569/905/593
f 569/905/593 93/167/122 92/166/121
f 572/909/597 571/910/598 518/911/524 520/912/541
f 600/913/599 603/914/600 602/915/601 599/916/602
f 571/910/598 570/917/603 516/918/525 518/911/524
f 530/919/556 577/920/604 576/921/605 528/922/536
f 580/923/606 579/924/607 534/925/520 536/926/523
f 106/186/134 580/923/606 536/926/523 53/187/81
f 528/922/536 576/921/605 575/927/608 526/928/537
f 619/929/609 618/930/610 622/931/611 623/932/612
f 594/933/613 593/934/614 596/935/615 597/936/616
f 598/937/617 601/938/618 595/939/619 592/940/620
f 524/941/544 574/942/621 573/943/622 522/944/540
f 620/945/623 616/946/624 617/947/625 621/948/626
f 579/924/607 578/949/627 532/950/546 534/925/520
f 598/951/617 599/952/602 602/953/601 601/954/618
f 725/784/512 514/783/511 26/217/156 182/216/155
f 526/928/537 575/927/608 574/942/621 524/941/544
f 570/955/603 581/956/628 107/220/158 94/219/157
f 583/957/629 572/958/597 573/959/622 584/960/630
f 590/961/631 579/962/607 580/963/606 591/964/632
f 584/960/630 573/959/622 574/965/621 585/966/633
f 577/967/604 588/968/634 587/969/635 576/970/605
f 587/969/635 586/971/636 575/972/608 576/970/605
f 582/973/637 571/974/598 572/958/597 583/957/629
f 586/971/636 585/966/633 574/965/621 575/972/608
f 578/975/627 589/976/638 588/968/634 577/967/604
f 591/964/632 580/963/606 106/243/134 119/242/170
f 589/976/638 578/975/627 579/962/607 590/961/631
f 581/956/628 570/955/603 571/974/598 582/973/637
f 563/908/596 564/901/589 553/895/584 552/896/585
f 581/956/628 120/244/171 107/220/158
f 582/973/637 120/244/171 581/956/628
f 583/957/629 120/244/171 582/973/637
f 584/960/630 120/244/171 583/957/629
f 585/966/633 120/244/171 584/960/630
f 586/971/636 120/244/171 585/966/633
f 587/969/635 120/244/171 586/971/636
f 588/968/634 120/244/171 587/969/635
f 589/976/638 120/244/171 588/968/634
f 590/961/631 120/244/171 589/976/638
f 591/964/632 120/244/171 590/961/631
f 119/242/170 120/244/171 591/964/632
f 570/917/603 94/246/157 29/245/77 516/918/525
f 599/977/602 598/978/617 592/979/620
f 592/979/620 593/980/614 599/977/602
f 602/981/601 595/982/619 601/983/618
f 595/982/619 602/981/601 596/984/615
f 597/985/616 596/984/615 602/981/601 603/986/600
f 664/987/639 670/988/640 641/776/504 639/775/503
f 14/259/174 504/828/548 630/831/551 158/260/175
f 594/989/613 597/990/616 288/263/177 289/262/176
f 603/991/600 600/992/599 290/267/179 291/266/178
f 578/993/627 577/920/604 530/919/556 532/994/546
f 573/943/622 572/995/597 520/996/541 522/944/540
f 599/977/602 593/980/614 594/997/613 600/998/599
f 510/999/641 511/1000/642 644/1001/643 642/1002/644
f 615/1003/645 611/1004/646 608/1005/647 607/1006/648
f 197/283/188 663/844/561 629/769/497 628/787/515
f 623/1007/612 622/1008/611 625/1009/649 624/1010/650
f 606/1011/651 605/1012/652 604/1013/653 607/1014/648
f 293/292/194 292/295/195 605/1015/652 606/1016/651
f 610/1017/654 609/1018/655 608/1019/647 611/1020/646
f 503/1021/530 649/1022/656 651/1023/657 13/301/43
f 654/1024/658 661/1025/528 675/1026/528 682/1027/658
f 511/1000/642 512/1028/490 646/1029/489 644/1001/643
f 609/1030/655 613/1031/659 612/1032/660 608/1033/647
f 606/1034/651 607/1006/648 608/1005/647 612/1035/660
f 724/1036/661 725/784/512 182/216/155 260/317/204
f 715/1037/532 716/1038/662 649/1022/656 503/1021/530
f 295/320/206 293/321/194 606/1034/651 612/1035/660
f 296/322/207 616/1039/624 618/1040/610 298/323/195
f 624/1041/650 625/1042/649 626/1043/663 627/1044/664
f 665/1045/665 672/1046/666 645/788/516 643/785/513
f 609/1047/655 610/1048/654 614/1049/667 604/1050/653
f 505/829/549 506/1051/508 634/1052/507 632/830/550
f 605/1053/652 613/1054/659 609/1047/655 604/1050/653
f 495/1055/519 633/1056/518 635/843/560 496/842/534
f 620/1057/623 622/1058/611 618/1040/610 616/1039/624
f 669/845/562 671/1059/668 633/790/518 631/770/498
f 509/773/501 510/999/641 642/1002/644 640/774/502
f 613/1054/659 605/1053/652 292/346/195 294/345/207
f 612/1060/660 613/1061/659 294/349/207 295/348/206
f 614/1062/667 610/1063/654 611/1064/646 615/1065/645
f 626/1066/663 625/1067/649 622/1058/611
f 622/1058/611 620/1057/623 626/1066/663
f 624/1068/650 627/1069/664 623/1070/612
f 621/1071/626 623/1070/612 627/1069/664
f 299/361/194 298/364/195 618/1072/610 619/1073/609
f 623/1070/612 621/1071/626 617/1074/625 619/1075/609
f 705/1076/669 634/779/507 636/765/493 708/1077/553
f 658/839/559 660/1078/669 676/1079/669 678/840/559
f 717/1080/670 733/1081/671 734/1082/672 648/1083/673
f 184/375/219 652/838/558 684/841/558 219/376/220
f 653/1084/674 659/1085/675 677/1086/675 683/1087/674
f 709/1088/554 638/768/496 640/774/502 712/1089/674
f 676/1090/669 660/1091/669 657/1092/553 679/833/553
f 712/1089/674 706/1093/675 659/1085/675 653/1084/674
f 680/834/554 656/1094/554 653/1084/674 683/1087/674
f 708/1077/553 636/765/493 638/768/496 709/1088/554
f 679/833/553 657/1092/553 656/1094/554 680/834/554
f 706/1093/675 711/1095/658 654/1024/658 659/1085/675
f 635/843/560 668/832/552 667/835/555 637/823/543
f 633/1056/518 671/1096/668 668/832/552 635/843/560
f 684/841/558 678/840/559 669/845/562 663/844/561
f 683/1087/674 677/1086/675 670/988/640 664/987/639
f 219/376/220 684/841/558 663/844/561 197/283/188
f 682/1027/658 675/1026/528 672/1046/666 665/1045/665
f 678/840/559 676/1079/669 671/1059/668 669/845/562
f 637/823/543 667/835/555 664/987/639 639/775/503
f 645/847/516 672/1097/666 673/1098/676 647/848/563
f 649/1022/656 687/1099/677 224/392/224 651/1023/657
f 716/1038/662 719/1100/678 687/1099/677 649/1022/656
f 667/835/555 680/834/554 683/1087/674 664/987/639
f 720/1101/679 726/1102/680 728/1103/681 685/1104/682
f 262/399/219 713/1105/558 652/838/558 184/375/219
f 707/1106/559 705/1107/669 660/1078/669 658/839/559
f 711/1095/658 704/1108/528 661/1025/528 654/1024/658
f 713/1105/558 707/1106/559 658/839/559 652/838/558
f 675/1109/528 661/1110/528 727/1111/683 674/1112/684
f 672/1097/666 675/1109/528 674/1112/684 673/1098/676
f 677/1086/675 682/1027/658 665/1045/665 670/988/640
f 719/1100/678 720/1101/679 685/1104/682 687/1099/677
f 671/1096/668 676/1090/669 679/833/553 668/832/552
f 670/988/640 665/1045/665 643/785/513 641/776/504
f 659/1085/675 654/1024/658 682/1027/658 677/1086/675
f 681/1113/685 685/1104/682 728/1103/681 655/1114/686
f 655/1114/686 728/1103/681 186/411/236 223/410/235
f 199/412/237 224/392/224 687/1099/677 666/1115/687
f 666/1115/687 687/1099/677 685/1104/682 681/1113/685
f 681/1116/688 690/1117/272 689/1118/273 666/1119/689
f 666/1120/689 689/1121/273 227/420/243 199/419/243
f 223/422/244 230/425/247 688/1122/265 655/1123/690
f 655/1124/690 688/1125/265 690/1117/272 681/1116/688
f 242/462/253 243/461/691 931/1126/692 932/1127/254
f 250/1128/257 249/1129/693 939/1130/694 940/1131/258
f 698/1132/695 694/428/248 942/431/251 941/1133/696
f 248/1134/697 247/1135/698 937/1136/699 938/1137/700
f 240/444/261 244/441/264 699/440/701 697/1138/702
f 692/1139/246 702/1140/246 249/449/267 232/448/266
f 697/1141/702 699/429/701 694/428/703 695/1142/704
f 695/1142/704 694/428/703 698/1132/705 696/1143/706
f 693/1144/242 700/1145/242 702/1146/246 692/1147/246
f 691/1148/241 701/1149/241 700/1145/242 693/1144/242
f 696/1150/706 698/1151/705 243/461/275 239/460/274
f 236/463/276 248/466/277 701/1152/241 691/1153/241
f 227/467/278 689/1154/278 692/1155/278 232/468/278
f 689/1154/278 690/1156/278 693/1157/278 692/1155/278
f 690/1156/278 688/1158/278 691/1159/278 693/1157/278
f 688/1158/278 230/476/278 236/475/278 691/1159/278
f 630/831/551 632/830/550 707/1106/559 713/1105/558
f 644/1001/643 646/1029/489 704/1108/528 711/1095/658
f 632/830/550 634/1052/507 705/1107/669 707/1106/559
f 158/260/175 630/831/551 713/1105/558 262/399/219
f 642/1002/644 644/1001/643 711/1095/658 706/1093/675
f 657/1092/553 708/1077/553 709/1088/554 656/1094/554
f 640/774/502 642/1002/644 706/1093/675 712/1089/674
f 656/1094/554 709/1088/554 712/1089/674 653/1084/674
f 710/1160/707 731/1161/708 735/1162/709 650/1163/710
f 660/1091/669 705/1076/669 708/1077/553 657/1092/553
f 728/1103/681 724/1036/661 260/317/204 186/411/236
f 661/1110/528 704/800/528 723/801/529 727/1111/683
f 703/1164/711 730/1165/712 736/1166/713 662/1167/714
f 673/1098/676 674/1112/684 720/1101/679 719/1100/678
f 674/1112/684 727/1111/683 726/1102/680 720/1101/679
f 647/848/563 673/1098/676 719/1100/678 716/1038/662
f 650/1168/710 735/1169/709 733/1081/671 717/1080/670
f 502/849/531 647/848/563 716/1038/662 715/1037/532
f 722/764/492 513/763/491 714/782/510 721/781/509
f 648/1170/715 722/764/492 721/781/509 717/1171/716
f 703/1172/717 723/801/529 722/764/492 648/1170/715
f 650/1173/718 725/784/512 724/1036/661 710/1174/719
f 718/1175/716 726/1102/680 727/1111/683 662/1176/718
f 662/1176/718 727/1111/683 723/801/529 703/1172/717
f 710/1174/719 724/1036/661 728/1103/681 686/1177/715
f 717/1171/716 721/781/509 725/784/512 650/1173/718
f 686/1177/715 728/1103/681 726/1102/680 718/1175/716
f 729/1178/278 733/1179/671 735/1180/709 731/1181/708
f 732/1182/720 729/1178/278 731/1181/708 737/1183/721
f 736/1184/713 730/1185/712 729/1178/278 732/1182/720
f 730/1185/712 734/1186/672 733/1179/671 729/1178/278
f 718/1187/722 732/1188/720 737/1189/721 686/1190/723
f 686/1191/723 737/1192/721 731/1161/708 710/1160/707
f 662/1193/714 736/1194/713 732/1188/720 718/1187/722
f 648/1195/673 734/1196/672 730/1165/712 703/1164/711
f 291/514/178 288/515/177 597/985/616 603/986/600
f 600/998/599 594/997/613 289/517/176 290/516/179
f 297/518/206 299/519/194 619/1075/609 617/1074/625
f 617/1197/625 616/1198/624 296/522/207 297/521/206
f 802/1199/296 739/1200/360 738/1201/359 801/1202/297
f 801/1202/297 738/1201/359 748/1203/300
f 738/1201/359 740/1204/357 748/1203/300
f 739/1200/360 741/1205/358 740/1204/357 738/1201/359
f 740/1204/357 742/1206/355 748/1203/300
f 741/1205/358 743/1207/356 742/1206/355 740/1204/357
f 743/1207/356 745/1208/354 744/1209/353 742/1206/355
f 742/1206/355 744/1209/353 748/1203/300
f 744/1209/353 746/1210/351 748/1203/300
f 745/1208/354 747/1211/352 746/1210/351 744/1209/353
f 747/1211/352 750/1212/350 749/1213/349 746/1210/351
f 746/1210/351 749/1213/349 748/1203/300
f 749/1213/349 751/1214/347 748/1203/300
f 750/1212/350 752/1215/348 751/1214/347 749/1213/349
f 751/1214/347 753/1216/345 748/1203/300
f 752/1215/348 754/1217/346 753/1216/345 751/1214/347
f 753/1216/345 755/1218/343 748/1203/300
f 754/1217/346 756/1219/344 755/1218/343 753/1216/345
f 755/1218/343 757/1220/341 748/1203/300
f 756/1219/344 758/1221/342 757/1220/341 755/1218/343
f 757/1220/341 759/1222/339 748/1203/300
f 758/1221/342 760/1223/340 759/1222/339 757/1220/341
f 759/1222/339 761/1224/337 748/1203/300
f 760/1223/340 762/1225/338 761/1224/337 759/1222/339
f 761/1224/337 763/1226/335 748/1203/300
f 762/1225/338 764/1227/336 763/1226/335 761/1224/337
f 763/1226/335 765/1228/333 748/1203/300
f 764/1227/336 766/1229/334 765/1228/333 763/1226/335
f 765/1228/333 767/1230/331 748/1203/300
f 766/1229/334 768/1231/332 767/1230/331 765/1228/333
f 767/1230/331 769/1232/329 748/1203/300
f 768/1231/332 770/1233/330 769/1232/329 767/1230/331
f 770/1233/330 772/1234/328 771/1235/327 769/1232/329
f 769/1232/329 771/1235/327 748/1203/300
f 771/1235/327 773/1236/325 748/1203/300
f 772/1234/328 774/1237/326 773/1236/325 771/1235/327
f 773/1236/325 775/1238/323 748/1203/300
f 774/1237/326 776/1239/324 775/1238/323 773/1236/325
f 775/1238/323 777/1240/321 748/1203/300
f 776/1239/324 778/1241/322 777/1240/321 775/1238/323
f 777/1240/321 779/1242/319 748/1203/300
f 778/1241/322 780/1243/320 779/1242/319 777/1240/321
f 779/1242/319 781/1244/317 748/1203/300
f 780/1243/320 782/1245/318 781/1244/317 779/1242/319
f 781/1244/317 783/1246/315 748/1203/300
f 782/1245/318 784/1247/316 783/1246/315 781/1244/317
f 783/1246/315 785/1248/313 748/1203/300
f 784/1247/316 786/1249/314 785/1248/313 783/1246/315
f 785/1248/313 787/1250/311 748/1203/300
f 786/1249/314 788/1251/312 787/1250/311 785/1248/313
f 787/1250/311 789/1252/309 748/1203/300
f 788/1251/312 790/1253/310 789/1252/309 787/1250/311
f 789/1252/309 791/1254/307 748/1203/300
f 790/1253/310 792/1255/308 791/1254/307 789/1252/309
f 792/1255/308 794/1256/306 793/1257/305 791/1254/307
f 791/1254/307 793/1257/305 748/1203/300
f 793/1257/305 795/1258/303 748/1203/300
f 794/1256/306 796/1259/304 795/1258/303 793/1257/305
f 796/1259/304 798/1260/302 797/1261/301 795/1258/303
f 795/1258/303 797/1261/301 748/1203/300
f 797/1261/301 799/1262/298 748/1203/300
f 798/1260/302 800/1263/299 799/1262/298 797/1261/301
f 799/1262/298 801/1202/297 748/1203/300
f 800/1263/299 802/1199/296 801/1202/297 799/1262/298
f 900/1264/411 820/1265/412 819/1266/363 918/1267/362
f 901/1268/724 829/1269/410 828/1270/422 920/1271/421
f 903/1272/407 807/1273/725 806/1274/424 924/1275/423
f 904/1276/403 816/1277/404 815/1278/420 926/1279/419
f 902/1280/401 825/1281/402 824/1282/418 922/1283/417
f 907/1284/381 803/1285/384 834/1286/406 899/1287/405
f 899/1287/405 834/1286/406 833/1288/416 928/1289/415
f 905/1290/395 812/1291/396 811/1292/414 930/1293/413
f 906/1294/399 821/1295/400 820/1265/412 900/1264/411
f 908/1296/397 830/1297/398 829/1269/410 901/1268/724
f 911/1298/387 826/1299/390 825/1281/402 902/1280/401
f 909/1300/393 808/1301/394 807/1273/725 903/1272/407
f 910/1302/391 817/1303/392 816/1277/404 904/1276/403
f 913/1304/377 813/1305/380 812/1291/396 905/1290/395
f 914/1306/373 822/1307/376 821/1295/400 906/1294/399
f 912/1308/382 804/1309/383 803/1285/384 907/1284/381
f 916/1310/369 831/1311/372 830/1297/398 908/1296/397
f 915/1312/726 809/1313/368 808/1301/394 909/1300/393
f 917/1314/361 818/1315/364 817/1303/392 910/1302/391
f 919/1316/388 827/1317/389 826/1299/390 911/1298/387
f 923/1318/385 805/1319/386 804/1309/383 912/1308/382
f 925/1320/378 814/1321/379 813/1305/380 913/1304/377
f 921/1322/374 823/1323/375 822/1307/376 914/1306/373
f 929/1324/366 810/1325/367 809/1313/368 915/1312/726
f 927/1326/370 832/1327/371 831/1311/372 916/1310/369
f 918/1267/362 819/1266/363 818/1315/364 917/1314/361
f 920/1271/421 828/1270/422 827/1317/389 919/1316/388
f 922/1283/417 824/1282/418 823/1323/375 921/1322/374
f 924/1275/423 806/1274/424 805/1319/386 923/1318/385
f 926/1279/419 815/1278/420 814/1321/379 925/1320/378
f 928/1289/415 833/1288/416 832/1327/371 927/1326/370
f 930/1293/413 811/1292/414 810/1325/367 929/1324/366
f 877/1328/443 856/1329/444 855/1330/448 878/1331/447
f 890/1332/441 843/1333/442 842/1334/446 891/1335/445
f 876/1336/439 857/1337/727 856/1329/444 877/1328/443
f 889/1338/437 844/1339/438 843/1333/442 890/1332/441
f 875/1340/435 858/1341/436 857/1337/727 876/1336/439
f 888/1342/433 845/1343/728 844/1339/438 889/1338/437
f 874/1344/429 859/1345/432 858/1341/436 875/1340/435
f 887/1346/425 846/1347/729 845/1343/728 888/1342/433
f 873/1348/430 860/1349/431 859/1345/432 874/1344/429
f 886/1350/426 847/1351/427 846/1347/729 887/1346/425
f 872/1352/487 861/1353/488 860/1349/431 873/1348/430
f 885/1354/485 848/1355/730 847/1356/427 886/1357/426
f 898/1358/453 835/1359/456 866/1360/462 867/1361/731
f 871/1362/483 862/1363/484 861/1353/488 872/1352/487
f 884/1364/481 849/1365/482 848/1355/730 885/1354/485
f 897/1366/454 836/1367/455 835/1359/456 898/1358/453
f 870/1368/479 863/1369/480 862/1363/484 871/1362/483
f 883/1370/732 850/1371/478 849/1365/482 884/1364/481
f 896/1372/475 837/1373/476 836/1367/455 897/1366/454
f 869/1374/473 864/1375/474 863/1376/480 870/1377/479
f 882/1378/471 851/1379/472 850/1371/478 883/1370/732
f 895/1380/469 838/1381/470 837/1373/476 896/1372/475
f 868/1382/467 865/1383/468 864/1375/474 869/1374/473
f 881/1384/733 852/1385/466 851/1379/472 882/1378/471
f 894/1386/463 839/1387/464 838/1381/470 895/1380/469
f 867/1361/731 866/1360/462 865/1383/468 868/1382/467
f 880/1388/459 853/1389/460 852/1385/466 881/1384/733
f 893/1390/457 840/1391/458 839/1392/464 894/1393/463
f 879/1394/451 854/1395/452 853/1389/460 880/1388/459
f 892/1396/734 841/1397/450 840/1391/458 893/1390/457
f 878/1398/447 855/1399/448 854/1395/452 879/1394/451
f 891/1335/445 842/1334/446 841/1397/450 892/1396/734
f 814/1400/379 887/1346/425 888/1342/433 813/1401/380
f 827/1402/389 874/1344/429 875/1340/435 826/1403/390
f 813/1401/380 888/1342/433 889/1338/437 812/1404/396
f 826/1403/390 875/1340/435 876/1336/439 825/1405/402
f 812/1404/396 889/1338/437 890/1332/441 811/1406/414
f 825/1405/402 876/1336/439 877/1328/443 824/1407/418
f 811/1406/414 890/1332/441 891/1335/445 810/1408/367
f 824/1407/418 877/1328/443 878/1331/447 823/1409/375
f 810/1408/367 891/1335/445 892/1396/734 809/1410/368
f 823/1411/375 878/1398/447 879/1394/451 822/1412/376
f 809/1410/368 892/1396/734 893/1390/457 808/1413/394
f 822/1412/376 879/1394/451 880/1388/459 821/1414/400
f 808/1413/394 893/1390/457 894/1393/463 807/1415/725
f 821/1414/400 880/1388/459 881/1384/733 820/1416/412
f 834/1417/406 867/1361/731 868/1382/467 833/1418/416
f 807/1419/725 894/1386/463 895/1380/469 806/1420/424
f 820/1416/412 881/1384/733 882/1378/471 819/1421/363
f 833/1418/416 868/1382/467 869/1374/473 832/1422/371
f 806/1420/424 895/1380/469 896/1372/475 805/1423/386
f 819/1421/363 882/1378/471 883/1370/732 818/1424/364
f 832/1422/371 869/1374/473 870/1377/479 831/1425/372
f 805/1423/386 896/1372/475 897/1366/454 804/1426/383
f 818/1424/364 883/1370/732 884/1364/481 817/1427/392
f 831/1428/372 870/1368/479 871/1362/483 830/1429/398
f 804/1426/383 897/1366/454 898/1358/453 803/1430/384
f 817/1427/392 884/1364/481 885/1354/485 816/1431/404
f 830/1429/398 871/1362/483 872/1352/487 829/1432/410
f 803/1430/384 898/1358/453 867/1361/731 834/1417/406
f 816/1431/404 885/1354/485 886/1357/426 815/1433/420
f 829/1432/410 872/1352/487 873/1348/430 828/1434/422
f 815/1435/420 886/1350/426 887/1346/425 814/1400/379
f 828/1434/422 873/1348/430 874/1344/429 827/1402/389
f 786/1249/314 930/1293/413 929/1324/366 788/1251/312
f 741/1205/358 928/1289/415 927/1326/370 743/1207/356
f 778/1241/322 926/1279/419 925/1320/378 780/1243/320
f 796/1259/304 924/1275/423 923/1318/385 798/1260/302
f 760/1223/340 922/1283/417 921/1322/374 762/1225/338
f 752/1215/348 920/1271/421 919/1316/388 754/1217/346
f 770/1233/330 918/1267/362 917/1314/361 772/1234/328
f 743/1207/356 927/1326/370 916/1310/369 745/1208/354
f 788/1251/312 929/1324/366 915/1312/726 790/1253/310
f 762/1225/338 921/1322/374 914/1306/373 764/1227/336
f 780/1243/320 925/1320/378 913/1304/377 782/1245/318
f 798/1260/302 923/1318/385 912/1308/382 800/1263/299
f 754/1217/346 919/1316/388 911/1298/387 756/1219/344
f 772/1234/328 917/1314/361 910/1302/391 774/1237/326
f 790/1253/310 915/1312/726 909/1300/393 792/1255/308
f 745/1208/354 916/1310/369 908/1296/397 747/1211/352
f 800/1263/299 912/1308/382 907/1284/381 802/1199/296
f 764/1227/336 914/1306/373 906/1294/399 766/1229/334
f 782/1245/318 913/1304/377 905/1290/395 784/1247/316
f 774/1237/326 910/1302/391 904/1276/403 776/1239/324
f 792/1255/308 909/1300/393 903/1272/407 794/1256/306
f 756/1219/344 911/1298/387 902/1280/401 758/1221/342
f 747/1211/352 908/1296/397 901/1268/724 750/1212/350
f 766/1229/334 906/1294/399 900/1264/411 768/1231/332
f 784/1247/316 905/1290/395 930/1293/413 786/1249/314
f 739/1200/360 899/1287/405 928/1289/415 741/1205/358
f 802/1199/296 907/1284/381 899/1287/405 739/1200/360
f 758/1221/342 902/1280/401 922/1283/417 760/1223/340
f 776/1239/324 904/1276/403 926/1279/419 778/1241/322
f 794/1256/306 903/1272/407 924/1275/423 796/1259/304
f 750/1212/350 901/1268/724 920/1271/421 752/1215/348
f 768/1231/332 900/1264/411 918/1267/362 770/1233/330
f 940/1436/265 939/1437/266 955/1438/267 956/1439/265
f 931/1126/735 941/1440/706 957/1441/705 947/1442/275
f 946/1443/246 944/1444/242 960/1445/242 962/1446/246
f 938/1447/276 937/1448/273 953/1449/273 954/1450/277
f 939/1437/266 946/1451/246 962/1452/246 955/1438/267
f 937/1453/273 936/439/272 952/1454/272 953/1455/273
f 945/1456/241 938/1447/276 954/1450/277 961/1457/241
f 935/1458/262 933/435/268 949/1459/269 951/1460/736
f 700/1461/737 701/1462/738 945/1463/739 944/1464/737
f 244/441/259 245/446/740 935/1465/741 934/442/260
f 701/1462/738 248/1134/697 938/1137/700 945/1463/739
f 245/453/740 235/432/252 933/435/255 935/1458/741
f 249/1129/693 702/1466/742 946/1467/743 939/1130/694
f 247/458/698 246/436/256 936/439/256 937/1453/699
f 243/461/691 698/1151/695 941/1440/696 931/1126/692
f 702/1466/742 700/1461/737 944/1464/737 946/1467/743
f 948/1468/744 947/1469/745 954/1470/278 953/1471/278
f 949/1472/746 948/1468/744 953/1471/278 952/1473/278
f 950/1474/747 951/1475/748 956/1476/278 955/1477/278
f 951/1475/748 949/1472/746 952/1473/278 956/1476/278
f 957/1478/749 961/1479/278 954/1470/278 947/1469/745
f 958/1480/750 960/1481/278 961/1479/278 957/1478/749
f 950/1474/747 955/1477/278 962/1482/278 959/1483/751
f 959/1483/751 962/1482/278 960/1481/278 958/1480/750
f 941/1133/706 942/431/704 958/1484/703 957/1485/705
f 936/439/272 940/438/265 956/1486/265 952/1454/272
f 932/1127/270 931/1126/735 947/1442/275 948/1487/271
f 943/443/702 934/442/752 950/1488/264 959/1489/753
f 933/435/268 932/434/270 948/1490/271 949/1459/269
f 942/431/704 943/430/702 959/1491/753 958/1484/703
f 934/442/752 935/1465/262 951/1492/736 950/1488/264
f 944/1444/242 945/1493/241 961/1494/241 960/1445/242
